Job started at Tue Sep 22 04:30:49 PM UTC 2026
source/physical/large_scale_fading.py
source/physical/channel.py
source/physical/antenna_pattern.py
source/physical/antenna_pattern.py
source/physical/large_scale_fading.py
source/physical/channel.py
source/physical/spatial_correlation.py
source/channel_estimation.py
source/physical/antenna_pattern.py
source/physical/antenna_pattern.py
source/geometry/coordinates.py
source/geometry/coordinates.py
source/geometry/sectorization.py
source/geometry/sectorization.py
source/beamforming.py
source/beamforming.py
Iteration number 1
TpsAltruisticFromLsfGain + IndividualEstimated_INR + -10.0
None
ls_gain_coeffs:
[-128.60159145 -117.96472557 -152.50315103 -135.07623585 -144.84604903
 -134.2214841  -135.47741318 -129.93932747 -146.08316293 -141.30775906
 -145.06472682 -145.21314658 -149.69805742 -144.82638709 -129.97934703]
inrs_hat:  [-17.61189141  -6.97502553 -41.51345099 -24.08653581 -33.85634899
 -23.23178406 -24.48771314 -18.94962742 -35.09346289 -30.31805902
 -34.07502678 -34.22344654 -38.70835738 -33.83668704 -18.98964698]
scheduled_ues:  [ 0  2  3  4  5  6  7  8  9 10 11 12 13 14]
(1, 15, 1, 4, 1, 1)
caused INR: -18.159398050594802
TpsAltruisticFromLsfGain + IndividualEstimated_INR + -12.5
None
ls_gain_coeffs:
[-128.60159145 -117.96472557 -152.50315103 -135.07623585 -144.84604903
 -134.2214841  -135.47741318 -129.93932747 -146.08316293 -141.30775906
 -145.06472682 -145.21314658 -149.69805742 -144.82638709 -129.97934703]
inrs_hat:  [-17.61189141  -6.97502553 -41.51345099 -24.08653581 -33.85634899
 -23.23178406 -24.48771314 -18.94962742 -35.09346289 -30.31805902
 -34.07502678 -34.22344654 -38.70835738 -33.83668704 -18.98964698]
scheduled_ues:  [ 0  2  3  4  5  6  7  8  9 10 11 12 13 14]
(1, 15, 1, 4, 1, 1)
caused INR: -18.159398050594802
TpsAltruisticFromLsfGain + IndividualEstimated_INR + -15.0
None
ls_gain_coeffs:
[-128.60159145 -117.96472557 -152.50315103 -135.07623585 -144.84604903
 -134.2214841  -135.47741318 -129.93932747 -146.08316293 -141.30775906
 -145.06472682 -145.21314658 -149.69805742 -144.82638709 -129.97934703]
inrs_hat:  [-17.61189141  -6.97502553 -41.51345099 -24.08653581 -33.85634899
 -23.23178406 -24.48771314 -18.94962742 -35.09346289 -30.31805902
 -34.07502678 -34.22344654 -38.70835738 -33.83668704 -18.98964698]
scheduled_ues:  [ 0  2  3  4  5  6  7  8  9 10 11 12 13 14]
(1, 15, 1, 4, 1, 1)
caused INR: -18.159398050594802
TpsAltruisticFromLsfGain + CumulativeIndividualEstimated_INR + -10.0
None
(1, 15, 1, 4, 1, 1)
caused INR: -18.159398050594802
TpsAltruisticFromLsfGain + CumulativeIndividualEstimated_INR + -12.5
None
(1, 15, 1, 4, 1, 1)
caused INR: -14.815842915559244
TpsAltruisticFromLsfGain + CumulativeIndividualEstimated_INR + -15.0
None
(1, 15, 1, 4, 1, 1)
caused INR: -29.356187273142854
TpsRandomic + IndividualEstimated_INR + -10.0
None
ls_gain_coeffs:
[-110.883295   -117.96472557 -136.68955697 -135.07623585 -128.25697407
 -120.49420033 -135.47741318 -119.2572143  -133.98826132 -141.30775906
 -145.06472682 -145.21314658 -149.69805742 -131.70828339 -129.97934703]
inrs_hat:  [  0.10640504  -6.97502553 -25.69985692 -24.08653581 -17.26727403
  -9.50450028 -24.48771314  -8.26751426 -22.99856127 -30.31805902
 -34.07502678 -34.22344654 -38.70835738 -20.71858335 -18.98964698]
scheduled_ues:  [ 2  3  4  6  8  9 10 11 12 13 14]
(1, 15, 1, 4, 1, 1)
caused INR: -18.03182186460419
TpsRandomic + IndividualEstimated_INR + -12.5
None
ls_gain_coeffs:
[-128.60159145 -108.88059961 -147.44515993 -117.99619684 -131.88412102
 -121.13704222 -122.87097234 -119.2572143  -146.08316293 -141.30775906
 -145.06472682 -145.21314658 -135.82542049 -144.82638709 -116.84616508]
inrs_hat:  [-17.61189141   2.10910044 -36.45545989  -7.0064968  -20.89442098
 -10.14734217 -11.88127229  -8.26751426 -35.09346289 -30.31805902
 -34.07502678 -34.22344654 -24.83572045 -33.83668704  -5.85646503]
scheduled_ues:  [ 0  2  4  8  9 10 11 12 13]
(1, 15, 1, 4, 1, 1)
caused INR: -19.23143014076203
TpsRandomic + IndividualEstimated_INR + -15.0
None
ls_gain_coeffs:
[-119.45223191 -100.38254589 -138.375554   -122.40608754 -131.88412102
 -132.29295844 -135.47741318 -119.2572143  -146.08316293 -129.53155051
 -133.080825   -138.10495523 -133.53035221 -137.18624979 -116.84616508]
inrs_hat:  [ -8.46253187  10.60715415 -27.38585396 -11.4163875  -20.89442098
 -21.30325839 -24.48771314  -8.26751426 -35.09346289 -18.54185047
 -22.09112496 -27.11525519 -22.54065217 -26.19654975  -5.85646503]
scheduled_ues:  [ 2  4  5  6  8  9 10 11 12 13]
(1, 15, 1, 4, 1, 1)
caused INR: -6.539022965797755
TpsRandomic + CumulativeIndividualEstimated_INR + -10.0
None
(1, 15, 1, 4, 1, 1)
caused INR: -25.695742308457817
TpsRandomic + CumulativeIndividualEstimated_INR + -12.5
None
(1, 15, 1, 4, 1, 1)
caused INR: -16.180247339804236
TpsRandomic + CumulativeIndividualEstimated_INR + -15.0
None
(1, 15, 1, 4, 1, 1)
caused INR: -14.091449050715052
Iteration number 2
TpsAltruisticFromLsfGain + IndividualEstimated_INR + -10.0
None
ls_gain_coeffs:
[-137.32415015 -138.37537756 -145.75788676 -137.96716659 -141.25570629
 -130.75393846 -144.10853368 -125.04874701 -129.92340347 -129.01956997
 -143.51646916 -139.30706939 -123.50991222 -143.89467748 -130.99379498]
inrs_hat:  [-26.3344501  -27.38567752 -34.76818671 -26.97746654 -30.26600625
 -19.76423842 -33.11883364 -14.05904697 -18.93370342 -18.02986993
 -32.52676912 -28.31736935 -12.52021217 -32.90497743 -20.00409494]
scheduled_ues:  [ 0  1  2  3  4  5  6  7  8  9 10 11 12 13 14]
(1, 15, 1, 4, 1, 1)
caused INR: -12.987868923518453
TpsAltruisticFromLsfGain + IndividualEstimated_INR + -12.5
None
ls_gain_coeffs:
[-137.32415015 -138.37537756 -145.75788676 -137.96716659 -141.25570629
 -130.75393846 -144.10853368 -125.04874701 -129.92340347 -129.01956997
 -143.51646916 -139.30706939 -123.50991222 -143.89467748 -130.99379498]
inrs_hat:  [-26.3344501  -27.38567752 -34.76818671 -26.97746654 -30.26600625
 -19.76423842 -33.11883364 -14.05904697 -18.93370342 -18.02986993
 -32.52676912 -28.31736935 -12.52021217 -32.90497743 -20.00409494]
scheduled_ues:  [ 0  1  2  3  4  5  6  7  8  9 10 11 12 13 14]
(1, 15, 1, 4, 1, 1)
caused INR: -12.987868923518453
TpsAltruisticFromLsfGain + IndividualEstimated_INR + -15.0
None
ls_gain_coeffs:
[-137.32415015 -138.37537756 -145.75788676 -137.96716659 -141.25570629
 -130.75393846 -144.10853368 -125.04874701 -129.92340347 -129.01956997
 -143.51646916 -139.30706939 -123.50991222 -143.89467748 -130.99379498]
inrs_hat:  [-26.3344501  -27.38567752 -34.76818671 -26.97746654 -30.26600625
 -19.76423842 -33.11883364 -14.05904697 -18.93370342 -18.02986993
 -32.52676912 -28.31736935 -12.52021217 -32.90497743 -20.00409494]
scheduled_ues:  [ 0  1  2  3  4  5  6  8  9 10 11 13 14]
(1, 15, 1, 4, 1, 1)
caused INR: -13.030900120711504
TpsAltruisticFromLsfGain + CumulativeIndividualEstimated_INR + -10.0
None
(1, 15, 1, 4, 1, 1)
caused INR: -10.090598389581446
TpsAltruisticFromLsfGain + CumulativeIndividualEstimated_INR + -12.5
None
(1, 15, 1, 4, 1, 1)
caused INR: -15.213331631579068
TpsAltruisticFromLsfGain + CumulativeIndividualEstimated_INR + -15.0
None
(1, 15, 1, 4, 1, 1)
caused INR: -18.486138749892504
TpsRandomic + IndividualEstimated_INR + -10.0
None
ls_gain_coeffs:
[-126.01924721 -121.64471907 -137.62259459 -125.21208433 -127.2948196
 -114.35623884 -132.16673079 -124.31550286 -129.92340347 -114.20720992
 -143.51646916 -136.52509979 -106.65355584 -129.72392324 -115.57342641]
inrs_hat:  [-15.02954717 -10.65501902 -26.63289454 -14.22238429 -16.30511956
  -3.36653879 -21.17703075 -13.32580282 -18.93370342  -3.21750988
 -32.52676912 -25.53539975   4.3361442  -18.7342232   -4.58372637]
scheduled_ues:  [ 0  1  2  3  4  6  7  8 10 11 13]
(1, 15, 1, 4, 1, 1)
caused INR: -1.6807019263303546
TpsRandomic + IndividualEstimated_INR + -12.5
None
ls_gain_coeffs:
[-126.01924721 -126.87474797 -133.14948068 -137.96716659 -127.2948196
 -124.12192308 -127.1143958  -124.31550286 -129.92340347 -120.58705552
 -126.75691336 -139.30706939 -110.0842032  -127.97560199 -115.57342641]
inrs_hat:  [-15.02954717 -15.88504793 -22.15978063 -26.97746654 -16.30511956
 -13.13222303 -16.12469576 -13.32580282 -18.93370342  -9.59735548
 -15.76721332 -28.31736935   0.90549684 -16.98590194  -4.58372637]
scheduled_ues:  [ 0  1  2  3  4  5  6  7  8 10 11 13]
(1, 15, 1, 4, 1, 1)
caused INR: -7.590446649648492
TpsRandomic + IndividualEstimated_INR + -15.0
None
ls_gain_coeffs:
[-137.32415015 -121.64471907 -137.62259459 -124.89860208 -128.05446294
 -130.75393846 -134.50366081 -112.11831758 -129.92340347 -111.17633272
 -134.77821139 -139.30706939 -115.66450848 -129.72392324 -126.52564213]
inrs_hat:  [-26.3344501  -10.65501902 -26.63289454 -13.90890203 -17.0647629
 -19.76423842 -23.51396076  -1.12861754 -18.93370342  -0.18663268
 -23.78851134 -28.31736935  -4.67480843 -18.7342232  -15.53594208]
scheduled_ues:  [ 0  2  4  5  6  8 10 11 13 14]
(1, 15, 1, 4, 1, 1)
caused INR: -8.06055584935463
TpsRandomic + CumulativeIndividualEstimated_INR + -10.0
None
(1, 15, 1, 4, 1, 1)
caused INR: -8.906152706016021
TpsRandomic + CumulativeIndividualEstimated_INR + -12.5
None
(1, 15, 1, 4, 1, 1)
caused INR: -11.90440941126338
TpsRandomic + CumulativeIndividualEstimated_INR + -15.0
None
(1, 15, 1, 4, 1, 1)
caused INR: -19.729119295993613
Iteration number 3
TpsAltruisticFromLsfGain + IndividualEstimated_INR + -10.0
None
ls_gain_coeffs:
[-127.61679914 -132.55577962 -124.08965511 -136.39805601 -146.29526055
 -131.30399162 -136.59445466 -149.27743268 -112.75856231 -148.63298932
 -129.72482145 -141.15507574 -147.98267007 -146.8938265  -131.67039559]
inrs_hat:  [-16.62709909 -21.56607957 -13.09995506 -25.40835597 -35.30556051
 -20.31429158 -25.60475462 -38.28773264  -1.76886226 -37.64328927
 -18.73512141 -30.1653757  -36.99297003 -35.90412645 -20.68069555]
scheduled_ues:  [ 0  1  2  3  4  5  6  7  9 10 11 12 13 14]
(1, 15, 1, 4, 1, 1)
caused INR: -8.76687561384194
TpsAltruisticFromLsfGain + IndividualEstimated_INR + -12.5
None
ls_gain_coeffs:
[-127.61679914 -132.55577962 -124.08965511 -136.39805601 -146.29526055
 -131.30399162 -136.59445466 -149.27743268 -112.75856231 -148.63298932
 -129.72482145 -141.15507574 -147.98267007 -146.8938265  -131.67039559]
inrs_hat:  [-16.62709909 -21.56607957 -13.09995506 -25.40835597 -35.30556051
 -20.31429158 -25.60475462 -38.28773264  -1.76886226 -37.64328927
 -18.73512141 -30.1653757  -36.99297003 -35.90412645 -20.68069555]
scheduled_ues:  [ 0  1  2  3  4  5  6  7  9 10 11 12 13 14]
(1, 15, 1, 4, 1, 1)
caused INR: -8.76687561384194
TpsAltruisticFromLsfGain + IndividualEstimated_INR + -15.0
None
ls_gain_coeffs:
[-127.61679914 -132.55577962 -124.08965511 -136.39805601 -146.29526055
 -131.30399162 -136.59445466 -149.27743268 -112.75856231 -148.63298932
 -129.72482145 -141.15507574 -147.98267007 -146.8938265  -131.67039559]
inrs_hat:  [-16.62709909 -21.56607957 -13.09995506 -25.40835597 -35.30556051
 -20.31429158 -25.60475462 -38.28773264  -1.76886226 -37.64328927
 -18.73512141 -30.1653757  -36.99297003 -35.90412645 -20.68069555]
scheduled_ues:  [ 0  1  3  4  5  6  7  9 10 11 12 13 14]
(1, 15, 1, 4, 1, 1)
caused INR: -11.027107044680438
TpsAltruisticFromLsfGain + CumulativeIndividualEstimated_INR + -10.0
None
(1, 15, 1, 4, 1, 1)
caused INR: -11.027107044680438
TpsAltruisticFromLsfGain + CumulativeIndividualEstimated_INR + -12.5
None
(1, 15, 1, 4, 1, 1)
caused INR: -17.86468054221927
TpsAltruisticFromLsfGain + CumulativeIndividualEstimated_INR + -15.0
None
(1, 15, 1, 4, 1, 1)
caused INR: -15.86483231620059
TpsRandomic + IndividualEstimated_INR + -10.0
None
ls_gain_coeffs:
[-123.1043915  -115.0835124  -110.38604272 -119.4331083  -146.29526055
 -118.19966193 -136.59445466 -138.56402969  -95.96936119 -148.63298932
 -129.72482145 -134.0201508  -139.58026554 -130.40478226 -118.7545195 ]
inrs_hat:  [-12.11469146  -4.09381236   0.60365732  -8.44340826 -35.30556051
  -7.20996188 -25.60475462 -27.57432964  15.02033886 -37.64328927
 -18.73512141 -23.03045076 -28.5905655  -19.41508221  -7.76481946]
scheduled_ues:  [ 0  4  6  7  9 10 11 12 13]
(1, 15, 1, 4, 1, 1)
caused INR: -16.308386463313017
TpsRandomic + IndividualEstimated_INR + -12.5
None
ls_gain_coeffs:
[-113.67106326 -115.0835124  -124.08965511 -119.4331083  -129.47333169
 -118.19966193 -136.59445466 -138.56402969  -91.62176007 -134.75250485
 -129.72482145 -134.0201508  -147.98267007 -133.89267337 -115.03191092]
inrs_hat:  [ -2.68136322  -4.09381236 -13.09995506  -8.44340826 -18.48363165
  -7.20996188 -25.60475462 -27.57432964  19.36793997 -23.7628048
 -18.73512141 -23.03045076 -36.99297003 -22.90297332  -4.04221088]
scheduled_ues:  [ 2  4  6  7  9 10 11 12 13]
(1, 15, 1, 4, 1, 1)
caused INR: -16.249771346629046
TpsRandomic + IndividualEstimated_INR + -15.0
None
ls_gain_coeffs:
[-123.1043915  -122.09348284 -110.38604272 -123.22240855 -129.47333169
 -123.83268185 -123.91021351 -132.55242567 -112.75856231 -134.75250485
 -111.99323952 -127.95247785 -131.34342561 -130.40478226 -131.67039559]
inrs_hat:  [-12.11469146 -11.1037828    0.60365732 -12.23270851 -18.48363165
 -12.84298181 -12.92051347 -21.56272563  -1.76886226 -23.7628048
  -1.00353948 -16.9627778  -20.35372556 -19.41508221 -20.68069555]
scheduled_ues:  [ 4  7  9 11 12 13 14]
(1, 15, 1, 4, 1, 1)
caused INR: -13.224704085369483
TpsRandomic + CumulativeIndividualEstimated_INR + -10.0
None
(1, 15, 1, 4, 1, 1)
caused INR: -16.99301861574241
TpsRandomic + CumulativeIndividualEstimated_INR + -12.5
None
(1, 15, 1, 4, 1, 1)
caused INR: -13.808178252964542
TpsRandomic + CumulativeIndividualEstimated_INR + -15.0
None
(1, 15, 1, 4, 1, 1)
caused INR: -14.219591908243816
Iteration number 4
TpsAltruisticFromLsfGain + IndividualEstimated_INR + -10.0
None
ls_gain_coeffs:
[-151.51493375 -131.51170243 -131.59625427 -122.88203255 -140.31380227
 -149.97691568 -152.81164343 -148.89717878 -146.19799272 -143.20340913
 -129.55197895 -138.03112815 -124.60926989 -131.22142286 -137.67129866]
inrs_hat:  [-40.5252337  -20.52200239 -20.60655423 -11.89233251 -29.32410223
 -38.98721564 -41.82194339 -37.90747874 -35.20829267 -32.21370909
 -18.56227891 -27.0414281  -13.61956984 -20.23172281 -26.68159862]
scheduled_ues:  [ 0  1  2  3  4  5  6  7  8  9 10 11 12 13 14]
(1, 15, 1, 4, 1, 1)
caused INR: -10.053014881498104
TpsAltruisticFromLsfGain + IndividualEstimated_INR + -12.5
None
ls_gain_coeffs:
[-151.51493375 -131.51170243 -131.59625427 -122.88203255 -140.31380227
 -149.97691568 -152.81164343 -148.89717878 -146.19799272 -143.20340913
 -129.55197895 -138.03112815 -124.60926989 -131.22142286 -137.67129866]
inrs_hat:  [-40.5252337  -20.52200239 -20.60655423 -11.89233251 -29.32410223
 -38.98721564 -41.82194339 -37.90747874 -35.20829267 -32.21370909
 -18.56227891 -27.0414281  -13.61956984 -20.23172281 -26.68159862]
scheduled_ues:  [ 0  1  2  4  5  6  7  8  9 10 11 12 13 14]
(1, 15, 1, 4, 1, 1)
caused INR: -16.432608504062735
TpsAltruisticFromLsfGain + IndividualEstimated_INR + -15.0
None
ls_gain_coeffs:
[-151.51493375 -131.51170243 -131.59625427 -122.88203255 -140.31380227
 -149.97691568 -152.81164343 -148.89717878 -146.19799272 -143.20340913
 -129.55197895 -138.03112815 -124.60926989 -131.22142286 -137.67129866]
inrs_hat:  [-40.5252337  -20.52200239 -20.60655423 -11.89233251 -29.32410223
 -38.98721564 -41.82194339 -37.90747874 -35.20829267 -32.21370909
 -18.56227891 -27.0414281  -13.61956984 -20.23172281 -26.68159862]
scheduled_ues:  [ 0  1  2  4  5  6  7  8  9 10 11 13 14]
(1, 15, 1, 4, 1, 1)
caused INR: -19.415703444284762
TpsAltruisticFromLsfGain + CumulativeIndividualEstimated_INR + -10.0
None
(1, 15, 1, 4, 1, 1)
caused INR: -16.432608504062735
TpsAltruisticFromLsfGain + CumulativeIndividualEstimated_INR + -12.5
None
(1, 15, 1, 4, 1, 1)
caused INR: -19.415703444284762
TpsAltruisticFromLsfGain + CumulativeIndividualEstimated_INR + -15.0
None
(1, 15, 1, 4, 1, 1)
caused INR: -11.576058233938763
TpsRandomic + IndividualEstimated_INR + -10.0
None
ls_gain_coeffs:
[-147.3010415  -114.87389214 -114.20573841 -114.29617683 -128.63097391
 -149.97691568 -136.80006955 -133.3208231  -134.00030293 -126.51556903
 -126.61115288 -124.14168243 -124.60926989 -126.48387258 -136.98343439]
inrs_hat:  [-36.31134146  -3.8841921   -3.21603837  -3.30647679 -17.64127386
 -38.98721564 -25.8103695  -22.33112305 -23.01060289 -15.52586899
 -15.62145283 -13.15198239 -13.61956984 -15.49417254 -25.99373434]
scheduled_ues:  [ 0  4  5  6  7  8  9 10 11 12 13 14]
(1, 15, 1, 4, 1, 1)
caused INR: -11.79325849339644
TpsRandomic + IndividualEstimated_INR + -12.5
None
ls_gain_coeffs:
[-147.3010415  -123.51189402 -131.59625427 -105.44448291 -130.46479097
 -142.98530485 -152.81164343 -148.89717878 -129.38697183 -130.9172527
 -116.13010359 -124.14168243 -124.60926989 -115.62145601 -125.00041057]
inrs_hat:  [-36.31134146 -12.52219398 -20.60655423   5.54521713 -19.47509093
 -31.99560481 -41.82194339 -37.90747874 -18.39727178 -19.92755266
  -5.14040355 -13.15198239 -13.61956984  -4.63175596 -14.01071052]
scheduled_ues:  [ 0  1  2  4  5  6  7  8  9 11 12 14]
(1, 15, 1, 4, 1, 1)
caused INR: -12.217939350661487
TpsRandomic + IndividualEstimated_INR + -15.0
None
ls_gain_coeffs:
[-151.51493375 -118.67749026 -122.50408313 -109.03438899 -130.46479097
 -142.98530485 -136.80006955 -134.88820094 -129.38697183 -134.55548536
 -116.13010359 -121.66504585 -110.19404043 -115.62145601 -136.98343439]
inrs_hat:  [-40.5252337   -7.68779022 -11.51438309   1.95531105 -19.47509093
 -31.99560481 -25.8103695  -23.8985009  -18.39727178 -23.56578532
  -5.14040355 -10.67534581   0.79565962  -4.63175596 -25.99373434]
scheduled_ues:  [ 0  4  5  6  7  8  9 14]
(1, 15, 1, 4, 1, 1)
caused INR: -19.15324005389774
TpsRandomic + CumulativeIndividualEstimated_INR + -10.0
None
(1, 15, 1, 4, 1, 1)
caused INR: -7.607827342075186
TpsRandomic + CumulativeIndividualEstimated_INR + -12.5
None
(1, 15, 1, 4, 1, 1)
caused INR: -19.03121785648314
TpsRandomic + CumulativeIndividualEstimated_INR + -15.0
None
(1, 15, 1, 4, 1, 1)
caused INR: -17.06931059800383
Iteration number 5
TpsAltruisticFromLsfGain + IndividualEstimated_INR + -10.0
None
ls_gain_coeffs:
[-143.10877851 -143.61498621 -124.17659103 -139.76820561 -122.99484027
 -142.64680211 -146.38963725 -133.60520257 -136.67975378 -149.19815066
 -144.34976571 -147.64558601 -147.14714838 -141.38713107 -131.30437983]
inrs_hat:  [-32.11907846 -32.62528617 -13.18689099 -28.77850556 -12.00514023
 -31.65710206 -35.39993721 -22.61550253 -25.69005374 -38.20845062
 -33.36006567 -36.65588597 -36.15744833 -30.39743103 -20.31467979]
scheduled_ues:  [ 0  1  2  3  4  5  6  7  8  9 10 11 12 13 14]
(1, 15, 1, 4, 1, 1)
caused INR: -37.45925809523155
TpsAltruisticFromLsfGain + IndividualEstimated_INR + -12.5
None
ls_gain_coeffs:
[-143.10877851 -143.61498621 -124.17659103 -139.76820561 -122.99484027
 -142.64680211 -146.38963725 -133.60520257 -136.67975378 -149.19815066
 -144.34976571 -147.64558601 -147.14714838 -141.38713107 -131.30437983]
inrs_hat:  [-32.11907846 -32.62528617 -13.18689099 -28.77850556 -12.00514023
 -31.65710206 -35.39993721 -22.61550253 -25.69005374 -38.20845062
 -33.36006567 -36.65588597 -36.15744833 -30.39743103 -20.31467979]
scheduled_ues:  [ 0  1  2  3  5  6  7  8  9 10 11 12 13 14]
(1, 15, 1, 4, 1, 1)
caused INR: -17.981336411626533
TpsAltruisticFromLsfGain + IndividualEstimated_INR + -15.0
None
ls_gain_coeffs:
[-143.10877851 -143.61498621 -124.17659103 -139.76820561 -122.99484027
 -142.64680211 -146.38963725 -133.60520257 -136.67975378 -149.19815066
 -144.34976571 -147.64558601 -147.14714838 -141.38713107 -131.30437983]
inrs_hat:  [-32.11907846 -32.62528617 -13.18689099 -28.77850556 -12.00514023
 -31.65710206 -35.39993721 -22.61550253 -25.69005374 -38.20845062
 -33.36006567 -36.65588597 -36.15744833 -30.39743103 -20.31467979]
scheduled_ues:  [ 0  1  3  5  6  7  8  9 10 11 12 13 14]
(1, 15, 1, 4, 1, 1)
caused INR: -15.516908035065477
TpsAltruisticFromLsfGain + CumulativeIndividualEstimated_INR + -10.0
None
(1, 15, 1, 4, 1, 1)
caused INR: -17.981336411626533
TpsAltruisticFromLsfGain + CumulativeIndividualEstimated_INR + -12.5
None
(1, 15, 1, 4, 1, 1)
caused INR: -15.516908035065477
TpsAltruisticFromLsfGain + CumulativeIndividualEstimated_INR + -15.0
None
(1, 15, 1, 4, 1, 1)
caused INR: -15.516908035065477
TpsRandomic + IndividualEstimated_INR + -10.0
None
ls_gain_coeffs:
[-132.18572336 -143.61498621 -124.17659103 -139.32876727 -110.35454876
 -135.99277292 -132.98276999 -123.09864409 -136.67975378 -143.40381195
 -127.73632823 -137.09918753 -133.65724274 -132.20285466 -116.86060764]
inrs_hat:  [-21.19602332 -32.62528617 -13.18689099 -28.33906722   0.63515129
 -25.00307288 -21.99306994 -12.10894404 -25.69005374 -32.41411191
 -16.74662819 -26.10948749 -22.66754269 -21.21315462  -5.87090759]
scheduled_ues:  [ 0  1  2  3  5  6  7  8  9 10 11 12 13]
(1, 15, 1, 4, 1, 1)
caused INR: -11.01700015540649
TpsRandomic + IndividualEstimated_INR + -12.5
None
ls_gain_coeffs:
[-126.01992295 -140.32139158 -112.83689042 -139.32876727 -113.70830308
 -126.24426272 -129.92596217 -133.60520257 -136.67975378 -143.40381195
 -144.34976571 -136.87987145 -133.65724274 -124.47639723 -131.30437983]
inrs_hat:  [-15.03022291 -29.33169153  -1.84719037 -28.33906722  -2.71860304
 -15.25456268 -18.93626213 -22.61550253 -25.69005374 -32.41411191
 -33.36006567 -25.8901714  -22.66754269 -13.48669719 -20.31467979]
scheduled_ues:  [ 0  1  3  5  6  7  8  9 10 11 12 13 14]
(1, 15, 1, 4, 1, 1)
caused INR: -15.174062235896539
TpsRandomic + IndividualEstimated_INR + -15.0
None
ls_gain_coeffs:
[-126.01992295 -130.07552133 -106.94259723 -127.18012616 -122.99484027
 -128.93735252 -139.31075435 -133.60520257 -123.37751839 -133.11596494
 -144.34976571 -137.09918753 -133.65724274 -141.38713107 -131.30437983]
inrs_hat:  [-15.03022291 -19.08582129   4.04710281 -16.19042612 -12.00514023
 -17.94765248 -28.32105431 -22.61550253 -12.38781835 -22.12626489
 -33.36006567 -26.10948749 -22.66754269 -30.39743103 -20.31467979]
scheduled_ues:  [ 0  1  3  5  6  7  9 10 11 12 13 14]
(1, 15, 1, 4, 1, 1)
caused INR: -7.41966685085859
TpsRandomic + CumulativeIndividualEstimated_INR + -10.0
None
(1, 15, 1, 4, 1, 1)
caused INR: -10.137750466990026
TpsRandomic + CumulativeIndividualEstimated_INR + -12.5
None
(1, 15, 1, 4, 1, 1)
caused INR: -9.584682911372127
TpsRandomic + CumulativeIndividualEstimated_INR + -15.0
None
(1, 15, 1, 4, 1, 1)
caused INR: -18.60271245514952
Iteration number 6
TpsAltruisticFromLsfGain + IndividualEstimated_INR + -10.0
None
ls_gain_coeffs:
[-139.1132156  -128.5917028  -134.34209136 -145.69180935 -142.4430407
 -147.87676859 -131.018802   -139.58041925 -135.66172914 -135.50599892
 -148.88797684 -130.71149083 -147.37044466 -146.29110414 -147.23226441]
inrs_hat:  [-28.12351555 -17.60200275 -23.35239131 -34.70210931 -31.45334065
 -36.88706854 -20.02910195 -28.59071921 -24.6720291  -24.51629887
 -37.8982768  -19.72179078 -36.38074461 -35.3014041  -36.24256437]
scheduled_ues:  [ 0  1  2  3  4  5  6  7  8  9 10 11 12 13 14]
(1, 15, 1, 4, 1, 1)
caused INR: -10.971094259165374
TpsAltruisticFromLsfGain + IndividualEstimated_INR + -12.5
None
ls_gain_coeffs:
[-139.1132156  -128.5917028  -134.34209136 -145.69180935 -142.4430407
 -147.87676859 -131.018802   -139.58041925 -135.66172914 -135.50599892
 -148.88797684 -130.71149083 -147.37044466 -146.29110414 -147.23226441]
inrs_hat:  [-28.12351555 -17.60200275 -23.35239131 -34.70210931 -31.45334065
 -36.88706854 -20.02910195 -28.59071921 -24.6720291  -24.51629887
 -37.8982768  -19.72179078 -36.38074461 -35.3014041  -36.24256437]
scheduled_ues:  [ 0  1  2  3  4  5  6  7  8  9 10 11 12 13 14]
(1, 15, 1, 4, 1, 1)
caused INR: -10.971094259165374
TpsAltruisticFromLsfGain + IndividualEstimated_INR + -15.0
None
ls_gain_coeffs:
[-139.1132156  -128.5917028  -134.34209136 -145.69180935 -142.4430407
 -147.87676859 -131.018802   -139.58041925 -135.66172914 -135.50599892
 -148.88797684 -130.71149083 -147.37044466 -146.29110414 -147.23226441]
inrs_hat:  [-28.12351555 -17.60200275 -23.35239131 -34.70210931 -31.45334065
 -36.88706854 -20.02910195 -28.59071921 -24.6720291  -24.51629887
 -37.8982768  -19.72179078 -36.38074461 -35.3014041  -36.24256437]
scheduled_ues:  [ 0  1  2  3  4  5  6  7  8  9 10 11 12 13 14]
(1, 15, 1, 4, 1, 1)
caused INR: -10.971094259165374
TpsAltruisticFromLsfGain + CumulativeIndividualEstimated_INR + -10.0
None
(1, 15, 1, 4, 1, 1)
caused INR: -10.971094259165374
TpsAltruisticFromLsfGain + CumulativeIndividualEstimated_INR + -12.5
None
(1, 15, 1, 4, 1, 1)
caused INR: -10.971094259165374
TpsAltruisticFromLsfGain + CumulativeIndividualEstimated_INR + -15.0
None
(1, 15, 1, 4, 1, 1)
caused INR: -16.153418303388335
TpsRandomic + IndividualEstimated_INR + -10.0
None
ls_gain_coeffs:
[-122.75451253 -128.5917028  -121.6017415  -145.69180935 -125.45785082
 -139.34614824 -117.22419356 -128.81532904 -135.66172914 -119.15641414
 -132.08692922 -114.87179887 -147.37044466 -135.48774468 -147.23226441]
inrs_hat:  [-11.76481248 -17.60200275 -10.61204145 -34.70210931 -14.46815077
 -28.35644819  -6.23449352 -17.82562899 -24.6720291   -8.1667141
 -21.09722918  -3.88209883 -36.38074461 -24.49804463 -36.24256437]
scheduled_ues:  [ 0  1  2  3  4  5  7  8 10 12 13 14]
(1, 15, 1, 4, 1, 1)
caused INR: -3.861913080777443
TpsRandomic + IndividualEstimated_INR + -12.5
None
ls_gain_coeffs:
[-122.75451253 -110.51296622 -121.30299163 -128.88124195 -125.45785082
 -147.87676859 -117.22419356 -139.58041925 -135.66172914 -135.50599892
 -132.08692922 -114.87179887 -138.23501355 -146.29110414 -147.23226441]
inrs_hat:  [-11.76481248   0.47673382 -10.31329159 -17.89154191 -14.46815077
 -36.88706854  -6.23449352 -28.59071921 -24.6720291  -24.51629887
 -21.09722918  -3.88209883 -27.24531351 -35.3014041  -36.24256437]
scheduled_ues:  [ 3  4  5  7  8  9 10 12 13 14]
(1, 15, 1, 4, 1, 1)
caused INR: -4.934266573731487
TpsRandomic + IndividualEstimated_INR + -15.0
None
ls_gain_coeffs:
[-133.08862199 -118.26292744 -121.6017415  -133.63662603 -129.61236247
 -139.34614824 -126.95977669 -139.58041925 -118.64456984 -128.52531087
 -138.68659169 -130.71149083 -135.35943492 -135.48774468 -142.02081056]
inrs_hat:  [-22.09892194  -7.2732274  -10.61204145 -22.64692599 -18.62266242
 -28.35644819 -15.97007665 -28.59071921  -7.65486979 -17.53561082
 -27.69689165 -19.72179078 -24.36973488 -24.49804463 -31.03111052]
scheduled_ues:  [ 0  3  4  5  6  7  9 10 11 12 13 14]
(1, 15, 1, 4, 1, 1)
caused INR: -10.299684994214864
TpsRandomic + CumulativeIndividualEstimated_INR + -10.0
None
(1, 15, 1, 4, 1, 1)
caused INR: -8.969798040785781
TpsRandomic + CumulativeIndividualEstimated_INR + -12.5
None
(1, 15, 1, 4, 1, 1)
caused INR: -40.77522673409555
TpsRandomic + CumulativeIndividualEstimated_INR + -15.0
None
(1, 15, 1, 4, 1, 1)
caused INR: -25.267820105417023
Iteration number 7
TpsAltruisticFromLsfGain + IndividualEstimated_INR + -10.0
None
ls_gain_coeffs:
[-146.33976581 -121.42057163 -104.66366402 -134.17491054 -138.95992844
 -128.85052138 -146.84976744 -126.74755151 -146.3882708  -120.99041405
 -133.44143076 -137.77716365 -121.04076321 -139.9031577  -122.67695621]
inrs_hat:  [-35.35006577 -10.43087158   6.32603603 -23.1852105  -27.9702284
 -17.86082134 -35.8600674  -15.75785146 -35.39857076 -10.000714
 -22.45173072 -26.78746361 -10.05106317 -28.91345765 -11.68725617]
scheduled_ues:  [ 0  1  3  4  5  6  7  8  9 10 11 12 13 14]
(1, 15, 1, 4, 1, 1)
caused INR: -7.694461130389393
TpsAltruisticFromLsfGain + IndividualEstimated_INR + -12.5
None
ls_gain_coeffs:
[-146.33976581 -121.42057163 -104.66366402 -134.17491054 -138.95992844
 -128.85052138 -146.84976744 -126.74755151 -146.3882708  -120.99041405
 -133.44143076 -137.77716365 -121.04076321 -139.9031577  -122.67695621]
inrs_hat:  [-35.35006577 -10.43087158   6.32603603 -23.1852105  -27.9702284
 -17.86082134 -35.8600674  -15.75785146 -35.39857076 -10.000714
 -22.45173072 -26.78746361 -10.05106317 -28.91345765 -11.68725617]
scheduled_ues:  [ 0  3  4  5  6  7  8 10 11 13]
(1, 15, 1, 4, 1, 1)
caused INR: -12.494141454293572
TpsAltruisticFromLsfGain + IndividualEstimated_INR + -15.0
None
ls_gain_coeffs:
[-146.33976581 -121.42057163 -104.66366402 -134.17491054 -138.95992844
 -128.85052138 -146.84976744 -126.74755151 -146.3882708  -120.99041405
 -133.44143076 -137.77716365 -121.04076321 -139.9031577  -122.67695621]
inrs_hat:  [-35.35006577 -10.43087158   6.32603603 -23.1852105  -27.9702284
 -17.86082134 -35.8600674  -15.75785146 -35.39857076 -10.000714
 -22.45173072 -26.78746361 -10.05106317 -28.91345765 -11.68725617]
scheduled_ues:  [ 0  3  4  5  6  7  8 10 11 13]
(1, 15, 1, 4, 1, 1)
caused INR: -12.494141454293572
TpsAltruisticFromLsfGain + CumulativeIndividualEstimated_INR + -10.0
None
(1, 15, 1, 4, 1, 1)
caused INR: -12.494141454293572
TpsAltruisticFromLsfGain + CumulativeIndividualEstimated_INR + -12.5
None
(1, 15, 1, 4, 1, 1)
caused INR: -11.831618558367897
TpsAltruisticFromLsfGain + CumulativeIndividualEstimated_INR + -15.0
None
(1, 15, 1, 4, 1, 1)
caused INR: -18.462173463450032
TpsRandomic + IndividualEstimated_INR + -10.0
None
ls_gain_coeffs:
[-130.16536059 -107.69912588  -89.68721538 -117.15076767 -138.692737
 -111.04642909 -133.00646397 -110.3341484  -139.8097099  -101.23646563
 -116.9841205  -121.01950032 -112.34153791 -127.71367309 -105.35626501]
inrs_hat:  [-19.17566055   3.29057416  21.30248467  -6.16106763 -27.70303696
  -0.05672904 -22.01676392   0.65555164 -28.82000986   9.75323441
  -5.99442046 -10.02980028  -1.35183787 -16.72397305   5.63343504]
scheduled_ues:  [ 0  4  6  8 11 13]
(1, 15, 1, 4, 1, 1)
caused INR: -14.001908920634456
TpsRandomic + IndividualEstimated_INR + -12.5
None
ls_gain_coeffs:
[-130.16536059 -121.42057163  -89.68721538 -126.85627206 -126.34020081
 -115.04657156 -140.62561267 -110.3341484  -146.3882708  -105.56411919
 -133.44143076 -127.13196015 -103.63244774 -127.71367309 -122.67695621]
inrs_hat:  [-19.17566055 -10.43087158  21.30248467 -15.86657201 -15.35050077
  -4.05687152 -29.63591263   0.65555164 -35.39857076   5.42558085
 -22.45173072 -16.14226011   7.3572523  -16.72397305 -11.68725617]
scheduled_ues:  [ 0  3  4  6  8 10 11 13]
(1, 15, 1, 4, 1, 1)
caused INR: -14.564759931380557
TpsRandomic + IndividualEstimated_INR + -15.0
None
ls_gain_coeffs:
[-140.42733715 -117.58103439 -104.66366402 -126.85627206 -138.692737
 -115.04657156 -133.00646397 -126.74755151 -129.96508121 -105.56411919
 -116.9841205  -127.34864049 -103.63244774 -139.9031577  -122.67695621]
inrs_hat:  [-29.4376371   -6.59133435   6.32603603 -15.86657201 -27.70303696
  -4.05687152 -22.01676392 -15.75785146 -18.97538116   5.42558085
  -5.99442046 -16.35894045   7.3572523  -28.91345765 -11.68725617]
scheduled_ues:  [ 0  3  4  6  7  8 11 13]
(1, 15, 1, 4, 1, 1)
caused INR: -10.030673185429515
TpsRandomic + CumulativeIndividualEstimated_INR + -10.0
None
(1, 15, 1, 4, 1, 1)
caused INR: -17.598779710332984
TpsRandomic + CumulativeIndividualEstimated_INR + -12.5
None
(1, 15, 1, 4, 1, 1)
caused INR: -15.9255150083977
TpsRandomic + CumulativeIndividualEstimated_INR + -15.0
None
(1, 15, 1, 4, 1, 1)
caused INR: -23.69781445160854
Iteration number 8
TpsAltruisticFromLsfGain + IndividualEstimated_INR + -10.0
None
ls_gain_coeffs:
[-142.86918075 -148.9619441  -147.23783897 -142.39107101 -130.98227315
 -128.29545438 -132.39603659 -126.38141252 -137.44340757 -140.45106721
 -142.57814862 -130.95073234 -144.99476686 -146.05436096 -135.12294239]
inrs_hat:  [-31.8794807  -37.97224405 -36.24813893 -31.40137097 -19.99257311
 -17.30575434 -21.40633655 -15.39171248 -26.45370753 -29.46136717
 -31.58844857 -19.96103229 -34.00506682 -35.06466091 -24.13324235]
scheduled_ues:  [ 0  1  2  3  4  5  6  7  8  9 10 11 12 13 14]
(1, 15, 1, 4, 1, 1)
caused INR: -10.8725994666663
TpsAltruisticFromLsfGain + IndividualEstimated_INR + -12.5
None
ls_gain_coeffs:
[-142.86918075 -148.9619441  -147.23783897 -142.39107101 -130.98227315
 -128.29545438 -132.39603659 -126.38141252 -137.44340757 -140.45106721
 -142.57814862 -130.95073234 -144.99476686 -146.05436096 -135.12294239]
inrs_hat:  [-31.8794807  -37.97224405 -36.24813893 -31.40137097 -19.99257311
 -17.30575434 -21.40633655 -15.39171248 -26.45370753 -29.46136717
 -31.58844857 -19.96103229 -34.00506682 -35.06466091 -24.13324235]
scheduled_ues:  [ 0  1  2  3  4  5  6  7  8  9 10 11 12 13 14]
(1, 15, 1, 4, 1, 1)
caused INR: -10.8725994666663
TpsAltruisticFromLsfGain + IndividualEstimated_INR + -15.0
None
ls_gain_coeffs:
[-142.86918075 -148.9619441  -147.23783897 -142.39107101 -130.98227315
 -128.29545438 -132.39603659 -126.38141252 -137.44340757 -140.45106721
 -142.57814862 -130.95073234 -144.99476686 -146.05436096 -135.12294239]
inrs_hat:  [-31.8794807  -37.97224405 -36.24813893 -31.40137097 -19.99257311
 -17.30575434 -21.40633655 -15.39171248 -26.45370753 -29.46136717
 -31.58844857 -19.96103229 -34.00506682 -35.06466091 -24.13324235]
scheduled_ues:  [ 0  1  2  3  4  5  6  7  8  9 10 11 12 13 14]
(1, 15, 1, 4, 1, 1)
caused INR: -10.8725994666663
TpsAltruisticFromLsfGain + CumulativeIndividualEstimated_INR + -10.0
None
(1, 15, 1, 4, 1, 1)
caused INR: -10.8725994666663
TpsAltruisticFromLsfGain + CumulativeIndividualEstimated_INR + -12.5
None
(1, 15, 1, 4, 1, 1)
caused INR: -15.102835479089372
TpsAltruisticFromLsfGain + CumulativeIndividualEstimated_INR + -15.0
None
(1, 15, 1, 4, 1, 1)
caused INR: -16.41168481110489
TpsRandomic + IndividualEstimated_INR + -10.0
None
ls_gain_coeffs:
[-127.95134216 -148.9619441  -130.92439691 -126.05817179 -116.93553623
 -121.36304337 -118.73251413 -126.38141252 -120.20994544 -129.34466724
 -142.57814862 -116.96777995 -128.45798931 -138.52168971 -135.12294239]
inrs_hat:  [-16.96164211 -37.97224405 -19.93469687 -15.06847174  -5.94583619
 -10.37334332  -7.74281409 -15.39171248  -9.2202454  -18.3549672
 -31.58844857  -5.9780799  -17.46828927 -27.53198967 -24.13324235]
scheduled_ues:  [ 0  1  2  3  5  7  9 10 12 13 14]
(1, 15, 1, 4, 1, 1)
caused INR: -10.264301531428295
TpsRandomic + IndividualEstimated_INR + -12.5
None
ls_gain_coeffs:
[-127.95134216 -134.69368097 -140.56065124 -126.05817179 -126.16686238
 -114.63836662 -116.01572325 -118.09853098 -126.69722321 -129.34466724
 -131.6352236  -124.9910566  -144.99476686 -138.52168971 -135.12294239]
inrs_hat:  [-16.96164211 -23.70398093 -29.5709512  -15.06847174 -15.17716234
  -3.64866658  -5.02602321  -7.10883094 -15.70752317 -18.3549672
 -20.64552356 -14.00135655 -34.00506682 -27.53198967 -24.13324235]
scheduled_ues:  [ 0  1  2  3  4  8  9 10 11 12 13 14]
(1, 15, 1, 4, 1, 1)
caused INR: -6.870956432217476
TpsRandomic + IndividualEstimated_INR + -15.0
None
ls_gain_coeffs:
[-139.15482286 -146.22194941 -133.72974258 -128.04134566 -130.98227315
 -111.779905   -132.39603659 -126.38141252 -126.69722321 -130.56564708
 -142.57814862 -116.96777995 -131.80971706 -133.0183811  -120.38332479]
inrs_hat:  [-28.16512282 -35.23224937 -22.74004254 -17.05164561 -19.99257311
  -0.79020495 -21.40633655 -15.39171248 -15.70752317 -19.57594703
 -31.58844857  -5.9780799  -20.82001701 -22.02868106  -9.39362475]
scheduled_ues:  [ 0  1  2  3  4  6  7  8  9 10 12 13]
(1, 15, 1, 4, 1, 1)
caused INR: -19.993459480043143
TpsRandomic + CumulativeIndividualEstimated_INR + -10.0
None
(1, 15, 1, 4, 1, 1)
caused INR: -17.59823531243959
TpsRandomic + CumulativeIndividualEstimated_INR + -12.5
None
(1, 15, 1, 4, 1, 1)
caused INR: -28.889269888689505
TpsRandomic + CumulativeIndividualEstimated_INR + -15.0
None
(1, 15, 1, 4, 1, 1)
caused INR: -14.347610635364735
Iteration number 9
TpsAltruisticFromLsfGain + IndividualEstimated_INR + -10.0
None
ls_gain_coeffs:
[-136.94440855 -139.0907661  -138.73858128 -149.15857963 -147.34235872
 -141.61274546 -138.38773932 -149.04162529 -139.5837452  -131.85091454
 -131.42092873 -133.61839452 -148.92040644 -125.62059716 -146.62699886]
inrs_hat:  [-25.9547085  -28.10106606 -27.74888123 -38.16887959 -36.35265867
 -30.62304542 -27.39803927 -38.05192525 -28.59404516 -20.86121449
 -20.43122868 -22.62869448 -37.9307064  -14.63089712 -35.63729882]
scheduled_ues:  [ 0  1  2  3  4  5  6  7  8  9 10 11 12 13 14]
(1, 15, 1, 4, 1, 1)
caused INR: -15.954835342448135
TpsAltruisticFromLsfGain + IndividualEstimated_INR + -12.5
None
ls_gain_coeffs:
[-136.94440855 -139.0907661  -138.73858128 -149.15857963 -147.34235872
 -141.61274546 -138.38773932 -149.04162529 -139.5837452  -131.85091454
 -131.42092873 -133.61839452 -148.92040644 -125.62059716 -146.62699886]
inrs_hat:  [-25.9547085  -28.10106606 -27.74888123 -38.16887959 -36.35265867
 -30.62304542 -27.39803927 -38.05192525 -28.59404516 -20.86121449
 -20.43122868 -22.62869448 -37.9307064  -14.63089712 -35.63729882]
scheduled_ues:  [ 0  1  2  3  4  5  6  7  8  9 10 11 12 13 14]
(1, 15, 1, 4, 1, 1)
caused INR: -15.954835342448135
TpsAltruisticFromLsfGain + IndividualEstimated_INR + -15.0
None
ls_gain_coeffs:
[-136.94440855 -139.0907661  -138.73858128 -149.15857963 -147.34235872
 -141.61274546 -138.38773932 -149.04162529 -139.5837452  -131.85091454
 -131.42092873 -133.61839452 -148.92040644 -125.62059716 -146.62699886]
inrs_hat:  [-25.9547085  -28.10106606 -27.74888123 -38.16887959 -36.35265867
 -30.62304542 -27.39803927 -38.05192525 -28.59404516 -20.86121449
 -20.43122868 -22.62869448 -37.9307064  -14.63089712 -35.63729882]
scheduled_ues:  [ 0  1  2  3  4  5  6  7  8  9 10 11 12 14]
(1, 15, 1, 4, 1, 1)
caused INR: -19.240600609690656
TpsAltruisticFromLsfGain + CumulativeIndividualEstimated_INR + -10.0
None
(1, 15, 1, 4, 1, 1)
caused INR: -15.954835342448135
TpsAltruisticFromLsfGain + CumulativeIndividualEstimated_INR + -12.5
None
(1, 15, 1, 4, 1, 1)
caused INR: -19.240600609690656
TpsAltruisticFromLsfGain + CumulativeIndividualEstimated_INR + -15.0
None
(1, 15, 1, 4, 1, 1)
caused INR: -21.56087809840121
TpsRandomic + IndividualEstimated_INR + -10.0
None
ls_gain_coeffs:
[-136.94440855 -122.55030831 -138.73858128 -139.44908439 -130.99515936
 -124.9508954  -138.38773932 -135.83769867 -134.06542805 -115.15650399
 -120.84637059 -117.35234907 -148.92040644 -125.62059716 -136.54610446]
inrs_hat:  [-25.9547085  -11.56060827 -27.74888123 -28.45938435 -20.00545932
 -13.96119535 -27.39803927 -24.84799862 -23.07572801  -4.16680395
  -9.85667055  -6.36264902 -37.9307064  -14.63089712 -25.55640442]
scheduled_ues:  [ 0  1  2  3  4  5  6  7  8 12 13 14]
(1, 15, 1, 4, 1, 1)
caused INR: -12.985732439004858
TpsRandomic + IndividualEstimated_INR + -12.5
None
ls_gain_coeffs:
[-130.80720839 -131.08218108 -138.73858128 -139.44908439 -133.99773356
 -133.79203755 -138.38773932 -135.07537204 -123.4632671  -131.85091454
 -113.45044992 -117.35234907 -148.92040644 -108.36393995 -136.54610446]
inrs_hat:  [-19.81750834 -20.09248104 -27.74888123 -28.45938435 -23.00803351
 -22.80233751 -27.39803927 -24.085672   -12.47356706 -20.86121449
  -2.46074988  -6.36264902 -37.9307064    2.62576009 -25.55640442]
scheduled_ues:  [ 0  1  2  3  4  5  6  7  9 12 14]
(1, 15, 1, 4, 1, 1)
caused INR: -11.309939274154972
TpsRandomic + IndividualEstimated_INR + -15.0
None
ls_gain_coeffs:
[-130.80720839 -139.0907661  -138.73858128 -149.15857963 -130.99515936
 -124.9508954  -122.2535502  -135.07537204 -139.5837452  -115.15650399
 -118.49612925 -133.61839452 -136.39563895 -114.89214298 -129.7796791 ]
inrs_hat:  [-19.81750834 -28.10106606 -27.74888123 -38.16887959 -20.00545932
 -13.96119535 -11.26385015 -24.085672   -28.59404516  -4.16680395
  -7.5064292  -22.62869448 -25.4059389   -3.90244293 -18.78997905]
scheduled_ues:  [ 0  1  2  3  4  7  8 11 12 14]
(1, 15, 1, 4, 1, 1)
caused INR: -11.59830422645587
TpsRandomic + CumulativeIndividualEstimated_INR + -10.0
None
(1, 15, 1, 4, 1, 1)
caused INR: -8.968205702698961
TpsRandomic + CumulativeIndividualEstimated_INR + -12.5
None
(1, 15, 1, 4, 1, 1)
caused INR: -8.993960646905915
TpsRandomic + CumulativeIndividualEstimated_INR + -15.0
None
(1, 15, 1, 4, 1, 1)
caused INR: -22.924797166710434
Iteration number 10
TpsAltruisticFromLsfGain + IndividualEstimated_INR + -10.0
None
ls_gain_coeffs:
[-149.90740669 -131.22322658 -128.20035063 -131.9432402  -121.24122063
 -124.10493083 -142.43888877 -130.75859229 -141.71257462 -125.8107641
 -142.1673872  -146.2538556  -126.76209125 -143.98699913 -142.00779644]
inrs_hat:  [-38.91770665 -20.23352653 -17.21065058 -20.95354016 -10.25152059
 -13.11523079 -31.44918873 -19.76889225 -30.72287457 -14.82106406
 -31.17768716 -35.26415556 -15.7723912  -32.99729909 -31.01809639]
scheduled_ues:  [ 0  1  2  3  4  5  6  7  8  9 10 11 12 13 14]
(1, 15, 1, 4, 1, 1)
caused INR: -5.817315586291717
TpsAltruisticFromLsfGain + IndividualEstimated_INR + -12.5
None
ls_gain_coeffs:
[-149.90740669 -131.22322658 -128.20035063 -131.9432402  -121.24122063
 -124.10493083 -142.43888877 -130.75859229 -141.71257462 -125.8107641
 -142.1673872  -146.2538556  -126.76209125 -143.98699913 -142.00779644]
inrs_hat:  [-38.91770665 -20.23352653 -17.21065058 -20.95354016 -10.25152059
 -13.11523079 -31.44918873 -19.76889225 -30.72287457 -14.82106406
 -31.17768716 -35.26415556 -15.7723912  -32.99729909 -31.01809639]
scheduled_ues:  [ 0  1  2  3  5  6  7  8  9 10 11 12 13 14]
(1, 15, 1, 4, 1, 1)
caused INR: -7.047180410979745
TpsAltruisticFromLsfGain + IndividualEstimated_INR + -15.0
None
ls_gain_coeffs:
[-149.90740669 -131.22322658 -128.20035063 -131.9432402  -121.24122063
 -124.10493083 -142.43888877 -130.75859229 -141.71257462 -125.8107641
 -142.1673872  -146.2538556  -126.76209125 -143.98699913 -142.00779644]
inrs_hat:  [-38.91770665 -20.23352653 -17.21065058 -20.95354016 -10.25152059
 -13.11523079 -31.44918873 -19.76889225 -30.72287457 -14.82106406
 -31.17768716 -35.26415556 -15.7723912  -32.99729909 -31.01809639]
scheduled_ues:  [ 0  1  2  3  6  7  8 10 11 12 13 14]
(1, 15, 1, 4, 1, 1)
caused INR: -12.97960765278441
TpsAltruisticFromLsfGain + CumulativeIndividualEstimated_INR + -10.0
None
(1, 15, 1, 4, 1, 1)
caused INR: -12.97960765278441
TpsAltruisticFromLsfGain + CumulativeIndividualEstimated_INR + -12.5
None
(1, 15, 1, 4, 1, 1)
caused INR: -21.315764666897632
TpsAltruisticFromLsfGain + CumulativeIndividualEstimated_INR + -15.0
None
(1, 15, 1, 4, 1, 1)
caused INR: -16.678546304181218
TpsRandomic + IndividualEstimated_INR + -10.0
None
ls_gain_coeffs:
[-137.65048167 -117.79155608 -110.04833648 -117.59378823 -112.55931452
 -124.10493083 -135.86636281 -112.98626031 -125.07122127 -125.8107641
 -126.34818418 -137.63639449 -115.36108409 -142.37835164 -133.06360802]
inrs_hat:  [-26.66078162  -6.80185604   0.94136357  -6.60408818  -1.56961447
 -13.11523079 -24.87666276  -1.99656027 -14.08152122 -14.82106406
 -15.35848414 -26.64669445  -4.37138405 -31.38865159 -22.07390797]
scheduled_ues:  [ 0  5  6  8  9 10 11 13 14]
(1, 15, 1, 4, 1, 1)
caused INR: -21.331358775282393
TpsRandomic + IndividualEstimated_INR + -12.5
None
ls_gain_coeffs:
[-141.02205769 -117.79155608 -114.0073863  -117.59378823 -121.24122063
 -117.36119219 -135.86636281 -118.66653236 -141.71257462 -108.58360015
 -137.10098267 -129.53372543 -113.98604678 -130.47296747 -142.00779644]
inrs_hat:  [-30.03235765  -6.80185604  -3.01768626  -6.60408818 -10.25152059
  -6.37149214 -24.87666276  -7.67683232 -30.72287457   2.40609989
 -26.11128263 -18.54402538  -2.99634674 -19.48326743 -31.01809639]
scheduled_ues:  [ 0  6  8 10 11 13 14]
(1, 15, 1, 4, 1, 1)
caused INR: -20.46325329457528
TpsRandomic + IndividualEstimated_INR + -15.0
None
ls_gain_coeffs:
[-137.65048167 -117.79155608 -128.20035063 -131.9432402  -112.55931452
 -110.12990121 -125.93181144 -118.66653236 -129.07225102 -108.58360015
 -137.10098267 -133.87265636 -108.45276544 -143.98699913 -142.00779644]
inrs_hat:  [-26.66078162  -6.80185604 -17.21065058 -20.95354016  -1.56961447
   0.85979883 -14.9421114   -7.67683232 -18.08255098   2.40609989
 -26.11128263 -22.88295632   2.53693461 -32.99729909 -31.01809639]
scheduled_ues:  [ 0  2  3  8 10 11 13 14]
(1, 15, 1, 4, 1, 1)
caused INR: -12.551575386206826
TpsRandomic + CumulativeIndividualEstimated_INR + -10.0
None
(1, 15, 1, 4, 1, 1)
caused INR: -12.282351212614245
TpsRandomic + CumulativeIndividualEstimated_INR + -12.5
None
(1, 15, 1, 4, 1, 1)
caused INR: -16.538929772700428
TpsRandomic + CumulativeIndividualEstimated_INR + -15.0
None
(1, 15, 1, 4, 1, 1)
caused INR: -18.738338309992788
Iteration number 11
TpsAltruisticFromLsfGain + IndividualEstimated_INR + -10.0
None
ls_gain_coeffs:
[-136.70831272 -123.40553316 -150.25478441 -147.49377576 -148.88661647
 -131.07921857 -134.01418554 -148.62801145 -124.73196164 -139.8707267
 -148.21716374 -140.70982217 -151.52726912 -134.24944377 -134.02914436]
inrs_hat:  [-25.71861267 -12.41583311 -39.26508436 -36.50407572 -37.89691642
 -20.08951853 -23.02448549 -37.63831141 -13.7422616  -28.88102665
 -37.2274637  -29.72012213 -40.53756907 -23.25974372 -23.03944431]
scheduled_ues:  [ 0  1  2  3  4  5  6  7  8  9 10 11 12 13 14]
(1, 15, 1, 4, 1, 1)
caused INR: -12.672789341670468
TpsAltruisticFromLsfGain + IndividualEstimated_INR + -12.5
None
ls_gain_coeffs:
[-136.70831272 -123.40553316 -150.25478441 -147.49377576 -148.88661647
 -131.07921857 -134.01418554 -148.62801145 -124.73196164 -139.8707267
 -148.21716374 -140.70982217 -151.52726912 -134.24944377 -134.02914436]
inrs_hat:  [-25.71861267 -12.41583311 -39.26508436 -36.50407572 -37.89691642
 -20.08951853 -23.02448549 -37.63831141 -13.7422616  -28.88102665
 -37.2274637  -29.72012213 -40.53756907 -23.25974372 -23.03944431]
scheduled_ues:  [ 0  2  3  4  5  6  7  8  9 10 11 12 13 14]
(1, 15, 1, 4, 1, 1)
caused INR: -9.289150951494015
TpsAltruisticFromLsfGain + IndividualEstimated_INR + -15.0
None
ls_gain_coeffs:
[-136.70831272 -123.40553316 -150.25478441 -147.49377576 -148.88661647
 -131.07921857 -134.01418554 -148.62801145 -124.73196164 -139.8707267
 -148.21716374 -140.70982217 -151.52726912 -134.24944377 -134.02914436]
inrs_hat:  [-25.71861267 -12.41583311 -39.26508436 -36.50407572 -37.89691642
 -20.08951853 -23.02448549 -37.63831141 -13.7422616  -28.88102665
 -37.2274637  -29.72012213 -40.53756907 -23.25974372 -23.03944431]
scheduled_ues:  [ 0  2  3  4  5  6  7  9 10 11 12 13 14]
(1, 15, 1, 4, 1, 1)
caused INR: -14.922871642497007
TpsAltruisticFromLsfGain + CumulativeIndividualEstimated_INR + -10.0
None
(1, 15, 1, 4, 1, 1)
caused INR: -9.289150951494015
TpsAltruisticFromLsfGain + CumulativeIndividualEstimated_INR + -12.5
None
(1, 15, 1, 4, 1, 1)
caused INR: -14.922871642497007
TpsAltruisticFromLsfGain + CumulativeIndividualEstimated_INR + -15.0
None
(1, 15, 1, 4, 1, 1)
caused INR: -14.922871642497007
TpsRandomic + IndividualEstimated_INR + -10.0
None
ls_gain_coeffs:
[-136.70831272 -109.78728416 -136.09664698 -147.49377576 -134.75609827
 -131.07921857 -129.18781011 -134.70429234 -123.2009265  -137.76304822
 -143.07938987 -140.4204565  -138.09275897 -117.01592005 -120.63741095]
inrs_hat:  [-25.71861267   1.20241588 -25.10694694 -36.50407572 -23.76639822
 -20.08951853 -18.19811007 -23.71459229 -12.21122646 -26.77334818
 -32.08968982 -29.43075646 -27.10305893  -6.02622001  -9.64771091]
scheduled_ues:  [ 0  2  3  4  5  6  7  8  9 10 11 12]
(1, 15, 1, 4, 1, 1)
caused INR: -9.260865914542656
TpsRandomic + IndividualEstimated_INR + -12.5
None
ls_gain_coeffs:
[-136.70831272 -109.78728416 -145.05226021 -136.5775708  -148.88661647
 -116.72409177 -118.35500192 -148.62801145 -111.26967155 -139.8707267
 -132.35038116 -140.70982217 -138.09275897 -117.01592005 -120.63741095]
inrs_hat:  [-25.71861267   1.20241588 -34.06256016 -25.58787075 -37.89691642
  -5.73439173  -7.36530188 -37.63831141  -0.2799715  -28.88102665
 -21.36068111 -29.72012213 -27.10305893  -6.02622001  -9.64771091]
scheduled_ues:  [ 0  2  3  4  7  9 10 11 12]
(1, 15, 1, 4, 1, 1)
caused INR: -25.40541601819306
TpsRandomic + IndividualEstimated_INR + -15.0
None
ls_gain_coeffs:
[-132.67597855 -109.78728416 -145.05226021 -147.49377576 -143.72195146
 -123.87019469 -129.18781011 -142.70510401 -123.2009265  -126.72656721
 -148.21716374 -140.70982217 -148.54853867 -124.77762519 -116.90904704]
inrs_hat:  [-21.68627851   1.20241588 -34.06256016 -36.50407572 -32.73225141
 -12.88049465 -18.19811007 -31.71540396 -12.21122646 -15.73686716
 -37.2274637  -29.72012213 -37.55883863 -13.78792515  -5.919347  ]
scheduled_ues:  [ 0  2  3  4  6  7  9 10 11 12]
(1, 15, 1, 4, 1, 1)
caused INR: -13.901295095218202
TpsRandomic + CumulativeIndividualEstimated_INR + -10.0
None
(1, 15, 1, 4, 1, 1)
caused INR: -19.756326782730724
TpsRandomic + CumulativeIndividualEstimated_INR + -12.5
None
(1, 15, 1, 4, 1, 1)
caused INR: -14.68589227655224
TpsRandomic + CumulativeIndividualEstimated_INR + -15.0
None
(1, 15, 1, 4, 1, 1)
caused INR: -19.09292159480859
Iteration number 12
TpsAltruisticFromLsfGain + IndividualEstimated_INR + -10.0
None
ls_gain_coeffs:
[-132.17910693 -145.60731276 -125.11283407 -129.56875187 -135.53424564
 -139.71725461 -145.40901815 -143.24273833 -123.182294   -141.02699637
 -139.70988777 -143.83622644 -140.88058769 -143.49402046 -146.70387075]
inrs_hat:  [-21.18940689 -34.61761271 -14.12313403 -18.57905183 -24.54454559
 -28.72755457 -34.41931811 -32.25303829 -12.19259396 -30.03729633
 -28.72018772 -32.84652639 -29.89088765 -32.50432041 -35.71417071]
scheduled_ues:  [ 0  1  2  3  4  5  6  7  8  9 10 11 12 13 14]
(1, 15, 1, 4, 1, 1)
caused INR: -14.20888211803587
TpsAltruisticFromLsfGain + IndividualEstimated_INR + -12.5
None
ls_gain_coeffs:
[-132.17910693 -145.60731276 -125.11283407 -129.56875187 -135.53424564
 -139.71725461 -145.40901815 -143.24273833 -123.182294   -141.02699637
 -139.70988777 -143.83622644 -140.88058769 -143.49402046 -146.70387075]
inrs_hat:  [-21.18940689 -34.61761271 -14.12313403 -18.57905183 -24.54454559
 -28.72755457 -34.41931811 -32.25303829 -12.19259396 -30.03729633
 -28.72018772 -32.84652639 -29.89088765 -32.50432041 -35.71417071]
scheduled_ues:  [ 0  1  2  3  4  5  6  7  9 10 11 12 13 14]
(1, 15, 1, 4, 1, 1)
caused INR: -11.34819216236201
TpsAltruisticFromLsfGain + IndividualEstimated_INR + -15.0
None
ls_gain_coeffs:
[-132.17910693 -145.60731276 -125.11283407 -129.56875187 -135.53424564
 -139.71725461 -145.40901815 -143.24273833 -123.182294   -141.02699637
 -139.70988777 -143.83622644 -140.88058769 -143.49402046 -146.70387075]
inrs_hat:  [-21.18940689 -34.61761271 -14.12313403 -18.57905183 -24.54454559
 -28.72755457 -34.41931811 -32.25303829 -12.19259396 -30.03729633
 -28.72018772 -32.84652639 -29.89088765 -32.50432041 -35.71417071]
scheduled_ues:  [ 0  1  3  4  5  6  7  9 10 11 12 13 14]
(1, 15, 1, 4, 1, 1)
caused INR: -13.445483836099179
TpsAltruisticFromLsfGain + CumulativeIndividualEstimated_INR + -10.0
None
(1, 15, 1, 4, 1, 1)
caused INR: -11.34819216236201
TpsAltruisticFromLsfGain + CumulativeIndividualEstimated_INR + -12.5
None
(1, 15, 1, 4, 1, 1)
caused INR: -13.445483836099179
TpsAltruisticFromLsfGain + CumulativeIndividualEstimated_INR + -15.0
None
(1, 15, 1, 4, 1, 1)
caused INR: -16.867969766364286
TpsRandomic + IndividualEstimated_INR + -10.0
None
ls_gain_coeffs:
[-127.22087226 -140.94811436 -125.11283407 -115.22152948 -131.55591478
 -122.61544559 -132.88978322 -143.24273833 -112.34230187 -141.02699637
 -130.26167343 -133.32851088 -140.88058769 -139.73166418 -146.70387075]
inrs_hat:  [-16.23117222 -29.95841431 -14.12313403  -4.23182943 -20.56621474
 -11.62574555 -21.90008317 -32.25303829  -1.35260182 -30.03729633
 -19.27197339 -22.33881084 -29.89088765 -28.74196414 -35.71417071]
scheduled_ues:  [ 0  1  2  4  5  6  7  9 10 11 12 13 14]
(1, 15, 1, 4, 1, 1)
caused INR: -13.87375816398144
TpsRandomic + IndividualEstimated_INR + -12.5
None
ls_gain_coeffs:
[-132.17910693 -145.60731276 -125.11283407 -121.66519771 -121.76653535
 -139.71725461 -128.68969424 -143.24273833 -112.34230187 -127.88964801
 -130.26167343 -143.83622644 -133.30581572 -129.7983017  -137.75339498]
inrs_hat:  [-21.18940689 -34.61761271 -14.12313403 -10.67549767 -10.77683531
 -28.72755457 -17.6999942  -32.25303829  -1.35260182 -16.89994797
 -19.27197339 -32.84652639 -22.31611568 -18.80860165 -26.76369494]
scheduled_ues:  [ 0  1  2  5  6  7  9 10 11 12 13 14]
(1, 15, 1, 4, 1, 1)
caused INR: -7.545584053835892
TpsRandomic + IndividualEstimated_INR + -15.0
None
ls_gain_coeffs:
[-127.22087226 -131.61264662 -111.50030164 -112.22256359 -121.76653535
 -122.61544559 -136.93120526 -126.75697951 -123.182294   -141.02699637
 -127.33901144 -143.83622644 -128.11626389 -129.7983017  -130.00567967]
inrs_hat:  [-16.23117222 -20.62294658  -0.51060159  -1.23286355 -10.77683531
 -11.62574555 -25.94150522 -15.76727946 -12.19259396 -30.03729633
 -16.3493114  -32.84652639 -17.12656384 -18.80860165 -19.01597962]
scheduled_ues:  [ 0  1  6  7  9 10 11 12 13 14]
(1, 15, 1, 4, 1, 1)
caused INR: -21.200968889480446
TpsRandomic + CumulativeIndividualEstimated_INR + -10.0
None
(1, 15, 1, 4, 1, 1)
caused INR: -11.62603706442409
TpsRandomic + CumulativeIndividualEstimated_INR + -12.5
None
(1, 15, 1, 4, 1, 1)
caused INR: -12.463196302386216
TpsRandomic + CumulativeIndividualEstimated_INR + -15.0
None
(1, 15, 1, 4, 1, 1)
caused INR: -10.002286778039103
Iteration number 13
TpsAltruisticFromLsfGain + IndividualEstimated_INR + -10.0
None
ls_gain_coeffs:
[-131.00182872 -124.88690695 -117.75164874 -145.01825944 -145.40690839
 -144.29455823 -121.96791675 -149.86622569 -137.61292001 -131.0005576
 -130.74024837 -121.29191674 -149.40508876 -128.16672988 -134.83433971]
inrs_hat:  [-20.01212868 -13.89720691  -6.7619487  -34.02855939 -34.41720835
 -33.30485819 -10.9782167  -38.87652565 -26.62321996 -20.01085756
 -19.75054833 -10.3022167  -38.41538871 -17.17702984 -23.84463966]
scheduled_ues:  [ 0  1  3  4  5  6  7  8  9 10 11 12 13 14]
(1, 15, 1, 4, 1, 1)
caused INR: -4.259607274733029
TpsAltruisticFromLsfGain + IndividualEstimated_INR + -12.5
None
ls_gain_coeffs:
[-131.00182872 -124.88690695 -117.75164874 -145.01825944 -145.40690839
 -144.29455823 -121.96791675 -149.86622569 -137.61292001 -131.0005576
 -130.74024837 -121.29191674 -149.40508876 -128.16672988 -134.83433971]
inrs_hat:  [-20.01212868 -13.89720691  -6.7619487  -34.02855939 -34.41720835
 -33.30485819 -10.9782167  -38.87652565 -26.62321996 -20.01085756
 -19.75054833 -10.3022167  -38.41538871 -17.17702984 -23.84463966]
scheduled_ues:  [ 0  1  3  4  5  7  8  9 10 12 13 14]
(1, 15, 1, 4, 1, 1)
caused INR: -9.339965549282677
TpsAltruisticFromLsfGain + IndividualEstimated_INR + -15.0
None
ls_gain_coeffs:
[-131.00182872 -124.88690695 -117.75164874 -145.01825944 -145.40690839
 -144.29455823 -121.96791675 -149.86622569 -137.61292001 -131.0005576
 -130.74024837 -121.29191674 -149.40508876 -128.16672988 -134.83433971]
inrs_hat:  [-20.01212868 -13.89720691  -6.7619487  -34.02855939 -34.41720835
 -33.30485819 -10.9782167  -38.87652565 -26.62321996 -20.01085756
 -19.75054833 -10.3022167  -38.41538871 -17.17702984 -23.84463966]
scheduled_ues:  [ 0  3  4  5  7  8  9 10 12 13 14]
(1, 15, 1, 4, 1, 1)
caused INR: -15.63950406912067
TpsAltruisticFromLsfGain + CumulativeIndividualEstimated_INR + -10.0
None
(1, 15, 1, 4, 1, 1)
caused INR: -9.339965549282677
TpsAltruisticFromLsfGain + CumulativeIndividualEstimated_INR + -12.5
None
(1, 15, 1, 4, 1, 1)
caused INR: -11.480543184531744
TpsAltruisticFromLsfGain + CumulativeIndividualEstimated_INR + -15.0
None
(1, 15, 1, 4, 1, 1)
caused INR: -9.775733421729543
TpsRandomic + IndividualEstimated_INR + -10.0
None
ls_gain_coeffs:
[-118.06410301 -120.15601948 -117.75164874 -132.26402687 -128.5797792
 -132.96503768 -108.2321948  -136.00325468 -124.04604927 -131.0005576
 -130.74024837 -110.68540449 -132.67239437 -128.16672988 -134.83433971]
inrs_hat:  [ -7.07440296  -9.16631944  -6.7619487  -21.27432683 -17.59007916
 -21.97533764   2.75750525 -25.01355463 -13.05634923 -20.01085756
 -19.75054833   0.30429556 -21.68269433 -17.17702984 -23.84463966]
scheduled_ues:  [ 3  4  5  7  8  9 10 12 13 14]
(1, 15, 1, 4, 1, 1)
caused INR: -12.327405847014024
TpsRandomic + IndividualEstimated_INR + -12.5
None
ls_gain_coeffs:
[-129.51345158 -120.15601948 -100.14610434 -144.08036174 -133.39049089
 -144.29455823 -118.0855509  -145.60211265 -137.61292001 -114.02289114
 -117.05474909 -109.29474436 -132.67239437 -113.55125446 -134.83433971]
inrs_hat:  [-18.52375153  -9.16631944  10.8435957  -33.0906617  -22.40079085
 -33.30485819  -7.09585085 -34.6124126  -26.62321996  -3.0331911
  -6.06504905   1.69495569 -21.68269433  -2.56155442 -23.84463966]
scheduled_ues:  [ 0  3  4  5  7  8 12 14]
(1, 15, 1, 4, 1, 1)
caused INR: -13.30071226502721
TpsRandomic + IndividualEstimated_INR + -15.0
None
ls_gain_coeffs:
[-117.56797729 -109.29138197 -100.14610434 -131.95139431 -128.5797792
 -134.15985538 -118.0855509  -134.58188366 -122.92077853 -114.02289114
 -130.74024837 -110.68540449 -149.40508876 -113.55125446 -123.87116546]
inrs_hat:  [ -6.57827725   1.69831807  10.8435957  -20.96169426 -17.59007916
 -23.17015534  -7.09585085 -23.59218362 -11.93107849  -3.0331911
 -19.75054833   0.30429556 -38.41538871  -2.56155442 -12.88146542]
scheduled_ues:  [ 3  4  5  7 10 12]
(1, 15, 1, 4, 1, 1)
caused INR: -11.571325431703826
TpsRandomic + CumulativeIndividualEstimated_INR + -10.0
None
(1, 15, 1, 4, 1, 1)
caused INR: -12.08983202167586
TpsRandomic + CumulativeIndividualEstimated_INR + -12.5
None
(1, 15, 1, 4, 1, 1)
caused INR: -11.455980956268231
TpsRandomic + CumulativeIndividualEstimated_INR + -15.0
None
(1, 15, 1, 4, 1, 1)
caused INR: -17.4258219867449
Iteration number 14
TpsAltruisticFromLsfGain + IndividualEstimated_INR + -10.0
None
ls_gain_coeffs:
[-133.69015808 -121.90502575 -133.85514943 -136.57157518 -140.06997728
 -148.60908576 -141.29246381 -137.04696065 -142.85441514 -121.45016113
 -131.15173734 -134.45150294 -144.79701119 -119.28047713 -140.52525142]
inrs_hat:  [-22.70045804 -10.91532571 -22.86544938 -25.58187513 -29.08027724
 -37.61938571 -30.30276377 -26.05726061 -31.86471509 -10.46046109
 -20.1620373  -23.4618029  -33.80731115  -8.29077708 -29.53555138]
scheduled_ues:  [ 0  1  2  3  4  5  6  7  8  9 10 11 12 14]
(1, 15, 1, 4, 1, 1)
caused INR: -5.648978503460544
TpsAltruisticFromLsfGain + IndividualEstimated_INR + -12.5
None
ls_gain_coeffs:
[-133.69015808 -121.90502575 -133.85514943 -136.57157518 -140.06997728
 -148.60908576 -141.29246381 -137.04696065 -142.85441514 -121.45016113
 -131.15173734 -134.45150294 -144.79701119 -119.28047713 -140.52525142]
inrs_hat:  [-22.70045804 -10.91532571 -22.86544938 -25.58187513 -29.08027724
 -37.61938571 -30.30276377 -26.05726061 -31.86471509 -10.46046109
 -20.1620373  -23.4618029  -33.80731115  -8.29077708 -29.53555138]
scheduled_ues:  [ 0  2  3  4  5  6  7  8 10 11 12 14]
(1, 15, 1, 4, 1, 1)
caused INR: -18.599173976999644
TpsAltruisticFromLsfGain + IndividualEstimated_INR + -15.0
None
ls_gain_coeffs:
[-133.69015808 -121.90502575 -133.85514943 -136.57157518 -140.06997728
 -148.60908576 -141.29246381 -137.04696065 -142.85441514 -121.45016113
 -131.15173734 -134.45150294 -144.79701119 -119.28047713 -140.52525142]
inrs_hat:  [-22.70045804 -10.91532571 -22.86544938 -25.58187513 -29.08027724
 -37.61938571 -30.30276377 -26.05726061 -31.86471509 -10.46046109
 -20.1620373  -23.4618029  -33.80731115  -8.29077708 -29.53555138]
scheduled_ues:  [ 0  2  3  4  5  6  7  8 10 11 12 14]
(1, 15, 1, 4, 1, 1)
caused INR: -18.599173976999644
TpsAltruisticFromLsfGain + CumulativeIndividualEstimated_INR + -10.0
None
(1, 15, 1, 4, 1, 1)
caused INR: -18.599173976999644
TpsAltruisticFromLsfGain + CumulativeIndividualEstimated_INR + -12.5
None
(1, 15, 1, 4, 1, 1)
caused INR: -18.599173976999644
TpsAltruisticFromLsfGain + CumulativeIndividualEstimated_INR + -15.0
None
(1, 15, 1, 4, 1, 1)
caused INR: -23.34096757742039
TpsRandomic + IndividualEstimated_INR + -10.0
None
ls_gain_coeffs:
[-122.98987114 -115.42659466 -120.26327947 -136.57157518 -125.82449672
 -134.76343796 -141.29246381 -123.5674654  -133.26276052 -107.9633525
 -127.72208974 -117.84398819 -144.79701119 -111.28247015 -128.97070929]
inrs_hat:  [-12.0001711   -4.43689462  -9.27357943 -25.58187513 -14.83479668
 -23.77373791 -30.30276377 -12.57776536 -22.27306048   3.02634755
 -16.7323897   -6.85428814 -33.80731115  -0.2927701  -17.98100925]
scheduled_ues:  [ 0  3  4  5  6  7  8 10 12 14]
(1, 15, 1, 4, 1, 1)
caused INR: -16.321216911080125
TpsRandomic + IndividualEstimated_INR + -12.5
None
ls_gain_coeffs:
[-133.69015808 -121.90502575 -120.26327947 -136.57157518 -124.02061616
 -144.39694236 -141.29246381 -123.5674654  -131.05336101 -107.9633525
 -116.42370561 -126.70340046 -128.28553191 -104.68490563 -130.7474984 ]
inrs_hat:  [-22.70045804 -10.91532571  -9.27357943 -25.58187513 -13.03091612
 -33.40724231 -30.30276377 -12.57776536 -20.06366097   3.02634755
  -5.43400557 -15.71370042 -17.29583186   6.30479441 -19.75779836]
scheduled_ues:  [ 0  3  4  5  6  7  8 11 12 14]
(1, 15, 1, 4, 1, 1)
caused INR: -11.351702936471838
TpsRandomic + IndividualEstimated_INR + -15.0
None
ls_gain_coeffs:
[-116.2155998  -107.5751944  -125.21439189 -136.57157518 -140.06997728
 -134.76343796 -127.73840443 -123.5674654  -125.93726077 -107.9633525
 -116.42370561 -134.45150294 -137.28259785 -101.76288789 -128.97070929]
inrs_hat:  [ -5.22589975   3.41450564 -14.22469185 -25.58187513 -29.08027724
 -23.77373791 -16.74870438 -12.57776536 -14.94756072   3.02634755
  -5.43400557 -23.4618029  -26.29289781   9.22681215 -17.98100925]
scheduled_ues:  [ 3  4  5  6 11 12 14]
(1, 15, 1, 4, 1, 1)
caused INR: -22.920350276967056
TpsRandomic + CumulativeIndividualEstimated_INR + -10.0
None
(1, 15, 1, 4, 1, 1)
caused INR: -18.06022953629341
TpsRandomic + CumulativeIndividualEstimated_INR + -12.5
None
(1, 15, 1, 4, 1, 1)
caused INR: -20.181656989682104
TpsRandomic + CumulativeIndividualEstimated_INR + -15.0
None
(1, 15, 1, 4, 1, 1)
caused INR: -19.722092849038773
Iteration number 15
TpsAltruisticFromLsfGain + IndividualEstimated_INR + -10.0
None
ls_gain_coeffs:
[-135.19260541 -145.0284395  -132.11589614 -142.48253262 -146.8981414
 -126.79579739 -144.08761904 -137.15641351 -141.6596274  -134.57705964
 -139.80764497 -136.71203067 -139.88260142 -134.95143237 -146.4126435 ]
inrs_hat:  [-24.20290537 -34.03873946 -21.12619609 -31.49283258 -35.90844136
 -15.80609735 -33.097919   -26.16671347 -30.66992736 -23.58735959
 -28.81794492 -25.72233063 -28.89290138 -23.96173233 -35.42294346]
scheduled_ues:  [ 0  1  2  3  4  5  6  7  8  9 10 11 12 13 14]
(1, 15, 1, 4, 1, 1)
caused INR: -17.344221770565163
TpsAltruisticFromLsfGain + IndividualEstimated_INR + -12.5
None
ls_gain_coeffs:
[-135.19260541 -145.0284395  -132.11589614 -142.48253262 -146.8981414
 -126.79579739 -144.08761904 -137.15641351 -141.6596274  -134.57705964
 -139.80764497 -136.71203067 -139.88260142 -134.95143237 -146.4126435 ]
inrs_hat:  [-24.20290537 -34.03873946 -21.12619609 -31.49283258 -35.90844136
 -15.80609735 -33.097919   -26.16671347 -30.66992736 -23.58735959
 -28.81794492 -25.72233063 -28.89290138 -23.96173233 -35.42294346]
scheduled_ues:  [ 0  1  2  3  4  5  6  7  8  9 10 11 12 13 14]
(1, 15, 1, 4, 1, 1)
caused INR: -17.344221770565163
TpsAltruisticFromLsfGain + IndividualEstimated_INR + -15.0
None
ls_gain_coeffs:
[-135.19260541 -145.0284395  -132.11589614 -142.48253262 -146.8981414
 -126.79579739 -144.08761904 -137.15641351 -141.6596274  -134.57705964
 -139.80764497 -136.71203067 -139.88260142 -134.95143237 -146.4126435 ]
inrs_hat:  [-24.20290537 -34.03873946 -21.12619609 -31.49283258 -35.90844136
 -15.80609735 -33.097919   -26.16671347 -30.66992736 -23.58735959
 -28.81794492 -25.72233063 -28.89290138 -23.96173233 -35.42294346]
scheduled_ues:  [ 0  1  2  3  4  5  6  7  8  9 10 11 12 13 14]
(1, 15, 1, 4, 1, 1)
caused INR: -17.344221770565163
TpsAltruisticFromLsfGain + CumulativeIndividualEstimated_INR + -10.0
None
(1, 15, 1, 4, 1, 1)
caused INR: -17.344221770565163
TpsAltruisticFromLsfGain + CumulativeIndividualEstimated_INR + -12.5
None
(1, 15, 1, 4, 1, 1)
caused INR: -20.373136045035302
TpsAltruisticFromLsfGain + CumulativeIndividualEstimated_INR + -15.0
None
(1, 15, 1, 4, 1, 1)
caused INR: -20.373136045035302
TpsRandomic + IndividualEstimated_INR + -10.0
None
ls_gain_coeffs:
[-135.19260541 -131.81794188 -132.11589614 -125.68474571 -136.94122779
 -114.06165667 -127.2909741  -126.9564457  -128.48812931 -117.97279644
 -122.84342574 -136.71203067 -129.50434686 -120.65290446 -130.2504107 ]
inrs_hat:  [-24.20290537 -20.82824184 -21.12619609 -14.69504567 -25.95152774
  -3.07195663 -16.30127405 -15.96674565 -17.49842927  -6.9830964
 -11.8537257  -25.72233063 -18.51464681  -9.66320442 -19.26071066]
scheduled_ues:  [ 0  1  2  3  4  6  7  8 10 11 12 14]
(1, 15, 1, 4, 1, 1)
caused INR: -6.836882247971356
TpsRandomic + IndividualEstimated_INR + -12.5
None
ls_gain_coeffs:
[-135.19260541 -131.81794188 -121.74184705 -125.68474571 -136.94122779
 -126.79579739 -132.11892587 -125.63946189 -141.6596274  -134.57705964
 -122.84342574 -120.01678964 -129.50434686 -134.95143237 -146.4126435 ]
inrs_hat:  [-24.20290537 -20.82824184 -10.75214701 -14.69504567 -25.95152774
 -15.80609735 -21.12922583 -14.64976185 -30.66992736 -23.58735959
 -11.8537257   -9.0270896  -18.51464681 -23.96173233 -35.42294346]
scheduled_ues:  [ 0  1  3  4  5  6  7  8  9 12 13 14]
(1, 15, 1, 4, 1, 1)
caused INR: -14.283210723517595
TpsRandomic + IndividualEstimated_INR + -15.0
None
ls_gain_coeffs:
[-120.88232925 -145.0284395  -120.97071955 -125.68474571 -136.94122779
 -125.91817524 -132.11892587 -120.0771538  -128.48812931 -134.57705964
 -128.69913162 -124.46586712 -139.88260142 -132.1660405  -146.4126435 ]
inrs_hat:  [ -9.89262921 -34.03873946  -9.98101951 -14.69504567 -25.95152774
 -14.92847519 -21.12922583  -9.08745375 -17.49842927 -23.58735959
 -17.70943158 -13.47616708 -28.89290138 -21.17634046 -35.42294346]
scheduled_ues:  [ 1  4  6  8  9 10 12 13 14]
(1, 15, 1, 4, 1, 1)
caused INR: -20.064006193555315
TpsRandomic + CumulativeIndividualEstimated_INR + -10.0
None
(1, 15, 1, 4, 1, 1)
caused INR: -8.973285969732332
TpsRandomic + CumulativeIndividualEstimated_INR + -12.5
None
(1, 15, 1, 4, 1, 1)
caused INR: -15.022681618472786
TpsRandomic + CumulativeIndividualEstimated_INR + -15.0
None
(1, 15, 1, 4, 1, 1)
caused INR: -16.25692723300674
Iteration number 16
TpsAltruisticFromLsfGain + IndividualEstimated_INR + -10.0
None
ls_gain_coeffs:
[-136.17320659 -127.53159505 -136.79073381 -130.19334041 -136.3990363
 -124.60633599 -117.99482612 -143.32345284 -135.8246212  -117.48178206
 -139.98123856 -129.55813932 -133.78815546 -128.03434661 -128.83792575]
inrs_hat:  [-25.18350655 -16.541895   -25.80103377 -19.20364037 -25.40933626
 -13.61663595  -7.00512608 -32.33375279 -24.83492116  -6.49208201
 -28.99153852 -18.56843928 -22.79845541 -17.04464657 -17.84822571]
scheduled_ues:  [ 0  1  2  3  4  5  7  8 10 11 12 13 14]
(1, 15, 1, 4, 1, 1)
caused INR: -10.387015214346844
TpsAltruisticFromLsfGain + IndividualEstimated_INR + -12.5
None
ls_gain_coeffs:
[-136.17320659 -127.53159505 -136.79073381 -130.19334041 -136.3990363
 -124.60633599 -117.99482612 -143.32345284 -135.8246212  -117.48178206
 -139.98123856 -129.55813932 -133.78815546 -128.03434661 -128.83792575]
inrs_hat:  [-25.18350655 -16.541895   -25.80103377 -19.20364037 -25.40933626
 -13.61663595  -7.00512608 -32.33375279 -24.83492116  -6.49208201
 -28.99153852 -18.56843928 -22.79845541 -17.04464657 -17.84822571]
scheduled_ues:  [ 0  1  2  3  4  5  7  8 10 11 12 13 14]
(1, 15, 1, 4, 1, 1)
caused INR: -10.387015214346844
TpsAltruisticFromLsfGain + IndividualEstimated_INR + -15.0
None
ls_gain_coeffs:
[-136.17320659 -127.53159505 -136.79073381 -130.19334041 -136.3990363
 -124.60633599 -117.99482612 -143.32345284 -135.8246212  -117.48178206
 -139.98123856 -129.55813932 -133.78815546 -128.03434661 -128.83792575]
inrs_hat:  [-25.18350655 -16.541895   -25.80103377 -19.20364037 -25.40933626
 -13.61663595  -7.00512608 -32.33375279 -24.83492116  -6.49208201
 -28.99153852 -18.56843928 -22.79845541 -17.04464657 -17.84822571]
scheduled_ues:  [ 0  1  2  3  4  7  8 10 11 12 13 14]
(1, 15, 1, 4, 1, 1)
caused INR: -16.351553332639487
TpsAltruisticFromLsfGain + CumulativeIndividualEstimated_INR + -10.0
None
(1, 15, 1, 4, 1, 1)
caused INR: -13.200513316452609
TpsAltruisticFromLsfGain + CumulativeIndividualEstimated_INR + -12.5
None
(1, 15, 1, 4, 1, 1)
caused INR: -11.687185930092953
TpsAltruisticFromLsfGain + CumulativeIndividualEstimated_INR + -15.0
None
(1, 15, 1, 4, 1, 1)
caused INR: -15.124633596325573
TpsRandomic + IndividualEstimated_INR + -10.0
None
ls_gain_coeffs:
[-127.74522855 -117.78930431 -135.8286609  -116.38528177 -133.26366166
 -124.60633599 -103.12533474 -143.32345284 -135.8246212  -104.34787059
 -130.60862929 -115.29807805 -122.92099453 -115.7815925  -117.19767789]
inrs_hat:  [-16.75552851  -6.79960427 -24.83896085  -5.39558173 -22.27396162
 -13.61663595   7.8643653  -32.33375279 -24.83492116   6.64182946
 -19.61892924  -4.30837801 -11.93129448  -4.79189246  -6.20797785]
scheduled_ues:  [ 0  2  4  5  7  8 10 12]
(1, 15, 1, 4, 1, 1)
caused INR: -9.133187698001716
TpsRandomic + IndividualEstimated_INR + -12.5
None
ls_gain_coeffs:
[-123.05707241 -114.11665157 -123.70775187 -126.0939645  -121.86718654
 -105.93864505  -97.44603641 -126.38917386 -123.31507473 -117.48178206
 -130.60862929 -111.64917849 -116.46239635 -115.59649333 -119.1484794 ]
inrs_hat:  [-12.06737237  -3.12695152 -12.71805182 -15.10426445 -10.8774865
   5.05105499  13.54366364 -15.39947382 -12.32537469  -6.49208201
 -19.61892924  -0.65947845  -5.4726963   -4.60679329  -8.15877935]
scheduled_ues:  [ 2  3  7 10]
(1, 15, 1, 4, 1, 1)
caused INR: -5.330719536247842
TpsRandomic + IndividualEstimated_INR + -15.0
None
ls_gain_coeffs:
[-123.05707241 -109.73217794 -123.70775187 -130.19334041 -133.26366166
 -115.22368415 -117.99482612 -143.32345284 -125.76168117 -104.34787059
 -130.60862929 -120.44187893 -122.92099453 -115.7815925  -117.19767789]
inrs_hat:  [-12.06737237   1.2575221  -12.71805182 -19.20364037 -22.27396162
  -4.2339841   -7.00512608 -32.33375279 -14.77198113   6.64182946
 -19.61892924  -9.45217889 -11.93129448  -4.79189246  -6.20797785]
scheduled_ues:  [ 3  4  7 10]
(1, 15, 1, 4, 1, 1)
caused INR: -11.945182822974694
TpsRandomic + CumulativeIndividualEstimated_INR + -10.0
None
(1, 15, 1, 4, 1, 1)
caused INR: -13.11980938671666
TpsRandomic + CumulativeIndividualEstimated_INR + -12.5
None
(1, 15, 1, 4, 1, 1)
caused INR: -13.454637855553147
TpsRandomic + CumulativeIndividualEstimated_INR + -15.0
None
(1, 15, 1, 4, 1, 1)
caused INR: -15.310653190156618
Iteration number 17
TpsAltruisticFromLsfGain + IndividualEstimated_INR + -10.0
None
ls_gain_coeffs:
[-140.0297494  -136.82108583 -148.04981706 -144.73282559 -138.57341078
 -131.70816086 -147.16249131 -123.79595404 -146.91082115 -129.73312209
 -142.53297716 -141.18158516 -143.10763726 -146.06123417 -127.14822823]
inrs_hat:  [-29.04004936 -25.83138579 -37.06011702 -33.74312555 -27.58371074
 -20.71846082 -36.17279127 -12.80625399 -35.9211211  -18.74342204
 -31.54327712 -30.19188512 -32.11793721 -35.07153413 -16.15852818]
scheduled_ues:  [ 0  1  2  3  4  5  6  7  8  9 10 11 12 13 14]
(1, 15, 1, 4, 1, 1)
caused INR: -12.842783471163536
TpsAltruisticFromLsfGain + IndividualEstimated_INR + -12.5
None
ls_gain_coeffs:
[-140.0297494  -136.82108583 -148.04981706 -144.73282559 -138.57341078
 -131.70816086 -147.16249131 -123.79595404 -146.91082115 -129.73312209
 -142.53297716 -141.18158516 -143.10763726 -146.06123417 -127.14822823]
inrs_hat:  [-29.04004936 -25.83138579 -37.06011702 -33.74312555 -27.58371074
 -20.71846082 -36.17279127 -12.80625399 -35.9211211  -18.74342204
 -31.54327712 -30.19188512 -32.11793721 -35.07153413 -16.15852818]
scheduled_ues:  [ 0  1  2  3  4  5  6  7  8  9 10 11 12 13 14]
(1, 15, 1, 4, 1, 1)
caused INR: -12.842783471163536
TpsAltruisticFromLsfGain + IndividualEstimated_INR + -15.0
None
ls_gain_coeffs:
[-140.0297494  -136.82108583 -148.04981706 -144.73282559 -138.57341078
 -131.70816086 -147.16249131 -123.79595404 -146.91082115 -129.73312209
 -142.53297716 -141.18158516 -143.10763726 -146.06123417 -127.14822823]
inrs_hat:  [-29.04004936 -25.83138579 -37.06011702 -33.74312555 -27.58371074
 -20.71846082 -36.17279127 -12.80625399 -35.9211211  -18.74342204
 -31.54327712 -30.19188512 -32.11793721 -35.07153413 -16.15852818]
scheduled_ues:  [ 0  1  2  3  4  5  6  8  9 10 11 12 13 14]
(1, 15, 1, 4, 1, 1)
caused INR: -21.935308693316852
TpsAltruisticFromLsfGain + CumulativeIndividualEstimated_INR + -10.0
None
(1, 15, 1, 4, 1, 1)
caused INR: -21.935308693316852
TpsAltruisticFromLsfGain + CumulativeIndividualEstimated_INR + -12.5
None
(1, 15, 1, 4, 1, 1)
caused INR: -21.935308693316852
TpsAltruisticFromLsfGain + CumulativeIndividualEstimated_INR + -15.0
None
(1, 15, 1, 4, 1, 1)
caused INR: -15.390546427543306
TpsRandomic + IndividualEstimated_INR + -10.0
None
ls_gain_coeffs:
[-131.95186419 -124.7166712  -134.05898362 -144.73282559 -130.11390627
 -120.17620975 -139.32161966 -123.79595404 -141.06171603 -116.97433789
 -126.18860039 -130.78097925 -129.9321988  -139.69518595 -121.23160238]
inrs_hat:  [-20.96216415 -13.72697115 -23.06928358 -33.74312555 -19.12420622
  -9.1865097  -28.33191961 -12.80625399 -30.07201598  -5.98463785
 -15.19890035 -19.79127921 -18.94249875 -28.7054859  -10.24190234]
scheduled_ues:  [ 0  1  2  3  4  6  7  8 10 11 12 13 14]
(1, 15, 1, 4, 1, 1)
caused INR: -3.7222953290571548
TpsRandomic + IndividualEstimated_INR + -12.5
None
ls_gain_coeffs:
[-126.99151269 -128.09887718 -142.34411886 -144.73282559 -130.11390627
 -114.83868771 -134.26674431 -110.92023479 -141.06171603 -116.65715369
 -136.44464225 -130.78097925 -129.9321988  -129.77108752 -112.86194178]
inrs_hat:  [-16.00181265 -17.10917714 -31.35441881 -33.74312555 -19.12420622
  -3.84898767 -23.27704427   0.06946525 -30.07201598  -5.66745365
 -25.4549422  -19.79127921 -18.94249875 -18.78138748  -1.87224174]
scheduled_ues:  [ 0  1  2  3  4  6  8 10 11 12 13]
(1, 15, 1, 4, 1, 1)
caused INR: -14.495090573289623
TpsRandomic + IndividualEstimated_INR + -15.0
None
ls_gain_coeffs:
[-140.0297494  -124.7166712  -148.04981706 -128.06703368 -121.98487546
 -121.94276568 -147.16249131 -110.48611555 -132.91927144 -116.97433789
 -126.18860039 -130.19845616 -130.29911803 -129.77108752 -127.14822823]
inrs_hat:  [-29.04004936 -13.72697115 -37.06011702 -17.07733364 -10.99517542
 -10.95306563 -36.17279127   0.50358449 -21.92957139  -5.98463785
 -15.19890035 -19.20875611 -19.30941798 -18.78138748 -16.15852818]
scheduled_ues:  [ 0  2  3  6  8 10 11 12 13 14]
(1, 15, 1, 4, 1, 1)
caused INR: -7.286387604686047
TpsRandomic + CumulativeIndividualEstimated_INR + -10.0
None
(1, 15, 1, 4, 1, 1)
caused INR: -13.104183650949356
TpsRandomic + CumulativeIndividualEstimated_INR + -12.5
None
(1, 15, 1, 4, 1, 1)
caused INR: -10.893791179691544
TpsRandomic + CumulativeIndividualEstimated_INR + -15.0
None
(1, 15, 1, 4, 1, 1)
caused INR: -18.82772402223872
Iteration number 18
TpsAltruisticFromLsfGain + IndividualEstimated_INR + -10.0
None
ls_gain_coeffs:
[-137.88690815 -139.15940252 -137.90838346 -143.87372064 -147.27738701
 -133.10154402 -152.78956439 -117.46884528 -132.66518261 -148.32004656
 -136.77898383 -145.71584798 -145.89666728 -143.01035235 -134.36074997]
inrs_hat:  [-26.8972081  -28.16970248 -26.91868342 -32.8840206  -36.28768696
 -22.11184398 -41.79986434  -6.47914523 -21.67548257 -37.33034651
 -25.78928379 -34.72614794 -34.90696723 -32.0206523  -23.37104993]
scheduled_ues:  [ 0  1  2  3  4  5  6  8  9 10 11 12 13 14]
(1, 15, 1, 4, 1, 1)
caused INR: -19.63476369738516
TpsAltruisticFromLsfGain + IndividualEstimated_INR + -12.5
None
ls_gain_coeffs:
[-137.88690815 -139.15940252 -137.90838346 -143.87372064 -147.27738701
 -133.10154402 -152.78956439 -117.46884528 -132.66518261 -148.32004656
 -136.77898383 -145.71584798 -145.89666728 -143.01035235 -134.36074997]
inrs_hat:  [-26.8972081  -28.16970248 -26.91868342 -32.8840206  -36.28768696
 -22.11184398 -41.79986434  -6.47914523 -21.67548257 -37.33034651
 -25.78928379 -34.72614794 -34.90696723 -32.0206523  -23.37104993]
scheduled_ues:  [ 0  1  2  3  4  5  6  8  9 10 11 12 13 14]
(1, 15, 1, 4, 1, 1)
caused INR: -19.63476369738516
TpsAltruisticFromLsfGain + IndividualEstimated_INR + -15.0
None
ls_gain_coeffs:
[-137.88690815 -139.15940252 -137.90838346 -143.87372064 -147.27738701
 -133.10154402 -152.78956439 -117.46884528 -132.66518261 -148.32004656
 -136.77898383 -145.71584798 -145.89666728 -143.01035235 -134.36074997]
inrs_hat:  [-26.8972081  -28.16970248 -26.91868342 -32.8840206  -36.28768696
 -22.11184398 -41.79986434  -6.47914523 -21.67548257 -37.33034651
 -25.78928379 -34.72614794 -34.90696723 -32.0206523  -23.37104993]
scheduled_ues:  [ 0  1  2  3  4  5  6  8  9 10 11 12 13 14]
(1, 15, 1, 4, 1, 1)
caused INR: -19.63476369738516
TpsAltruisticFromLsfGain + CumulativeIndividualEstimated_INR + -10.0
None
(1, 15, 1, 4, 1, 1)
caused INR: -19.63476369738516
TpsAltruisticFromLsfGain + CumulativeIndividualEstimated_INR + -12.5
None
(1, 15, 1, 4, 1, 1)
caused INR: -19.63476369738516
TpsAltruisticFromLsfGain + CumulativeIndividualEstimated_INR + -15.0
None
(1, 15, 1, 4, 1, 1)
caused INR: -19.63476369738516
TpsRandomic + IndividualEstimated_INR + -10.0
None
ls_gain_coeffs:
[-123.01450138 -139.15940252 -137.28485629 -132.3472622  -141.00976432
 -133.10154402 -136.17313285 -117.46884528 -118.57262117 -140.12442907
 -125.37372451 -135.9569628  -140.42081845 -143.01035235 -134.36074997]
inrs_hat:  [-12.02480134 -28.16970248 -26.29515625 -21.35756215 -30.02006428
 -22.11184398 -25.18343281  -6.47914523  -7.58292112 -29.13472902
 -14.38402447 -24.96726276 -29.4311184  -32.0206523  -23.37104993]
scheduled_ues:  [ 0  1  2  3  4  5  6  9 10 11 12 13 14]
(1, 15, 1, 4, 1, 1)
caused INR: -3.615646675973247
TpsRandomic + IndividualEstimated_INR + -12.5
None
ls_gain_coeffs:
[-134.240698   -128.07261131 -125.25894107 -143.87372064 -141.00976432
 -130.56508447 -136.17313285 -117.46884528 -118.57262117 -148.32004656
 -136.77898383 -134.12203988 -145.89666728 -131.20320791 -134.36074997]
inrs_hat:  [-23.25099796 -17.08291127 -14.26924103 -32.8840206  -30.02006428
 -19.57538443 -25.18343281  -6.47914523  -7.58292112 -37.33034651
 -25.78928379 -23.13233984 -34.90696723 -20.21350786 -23.37104993]
scheduled_ues:  [ 0  1  2  3  4  5  6  9 10 11 12 13 14]
(1, 15, 1, 4, 1, 1)
caused INR: -8.209224931545782
TpsRandomic + IndividualEstimated_INR + -15.0
None
ls_gain_coeffs:
[-123.01450138 -122.11499319 -125.05109868 -132.3472622  -131.09346967
 -130.56508447 -140.63011074 -102.6024805  -125.21660624 -131.76133338
 -119.98458608 -145.71584798 -129.87151299 -131.20320791 -117.96663915]
inrs_hat:  [-12.02480134 -11.12529314 -14.06139864 -21.35756215 -20.10376963
 -19.57538443 -29.6404107    8.38721954 -14.22690619 -20.77163333
  -8.99488603 -34.72614794 -18.88181295 -20.21350786  -6.97693911]
scheduled_ues:  [ 3  4  5  6  9 11 12 13]
(1, 15, 1, 4, 1, 1)
caused INR: -10.428082958677997
TpsRandomic + CumulativeIndividualEstimated_INR + -10.0
None
(1, 15, 1, 4, 1, 1)
caused INR: -10.717974257048368
TpsRandomic + CumulativeIndividualEstimated_INR + -12.5
None
(1, 15, 1, 4, 1, 1)
caused INR: -12.915336651296144
TpsRandomic + CumulativeIndividualEstimated_INR + -15.0
None
(1, 15, 1, 4, 1, 1)
caused INR: -13.193820177696733
Iteration number 19
TpsAltruisticFromLsfGain + IndividualEstimated_INR + -10.0
None
ls_gain_coeffs:
[-130.69628966 -135.49993248 -136.39059221 -133.86282487 -117.38556561
 -144.08498022 -134.13865726 -135.77996586 -146.30595583 -137.46785655
 -125.26107022 -146.14641607 -132.10586555 -141.89755704 -132.17936989]
inrs_hat:  [-19.70658962 -24.51023244 -25.40089217 -22.87312483  -6.39586556
 -33.09528018 -23.14895722 -24.79026581 -35.31625579 -26.47815651
 -14.27137018 -35.15671603 -21.1161655  -30.907857   -21.18966984]
scheduled_ues:  [ 0  1  2  3  5  6  7  8  9 10 11 12 13 14]
(1, 15, 1, 4, 1, 1)
caused INR: -12.647814804042525
TpsAltruisticFromLsfGain + IndividualEstimated_INR + -12.5
None
ls_gain_coeffs:
[-130.69628966 -135.49993248 -136.39059221 -133.86282487 -117.38556561
 -144.08498022 -134.13865726 -135.77996586 -146.30595583 -137.46785655
 -125.26107022 -146.14641607 -132.10586555 -141.89755704 -132.17936989]
inrs_hat:  [-19.70658962 -24.51023244 -25.40089217 -22.87312483  -6.39586556
 -33.09528018 -23.14895722 -24.79026581 -35.31625579 -26.47815651
 -14.27137018 -35.15671603 -21.1161655  -30.907857   -21.18966984]
scheduled_ues:  [ 0  1  2  3  5  6  7  8  9 10 11 12 13 14]
(1, 15, 1, 4, 1, 1)
caused INR: -12.647814804042525
TpsAltruisticFromLsfGain + IndividualEstimated_INR + -15.0
None
ls_gain_coeffs:
[-130.69628966 -135.49993248 -136.39059221 -133.86282487 -117.38556561
 -144.08498022 -134.13865726 -135.77996586 -146.30595583 -137.46785655
 -125.26107022 -146.14641607 -132.10586555 -141.89755704 -132.17936989]
inrs_hat:  [-19.70658962 -24.51023244 -25.40089217 -22.87312483  -6.39586556
 -33.09528018 -23.14895722 -24.79026581 -35.31625579 -26.47815651
 -14.27137018 -35.15671603 -21.1161655  -30.907857   -21.18966984]
scheduled_ues:  [ 0  1  2  3  5  6  7  8  9 11 12 13 14]
(1, 15, 1, 4, 1, 1)
caused INR: -14.813486077986022
TpsAltruisticFromLsfGain + CumulativeIndividualEstimated_INR + -10.0
None
(1, 15, 1, 4, 1, 1)
caused INR: -12.647814804042525
TpsAltruisticFromLsfGain + CumulativeIndividualEstimated_INR + -12.5
None
(1, 15, 1, 4, 1, 1)
caused INR: -14.813486077986022
TpsAltruisticFromLsfGain + CumulativeIndividualEstimated_INR + -15.0
None
(1, 15, 1, 4, 1, 1)
caused INR: -12.553976452406811
TpsRandomic + IndividualEstimated_INR + -10.0
None
ls_gain_coeffs:
[-130.69628966 -122.99242235 -136.39059221 -133.86282487 -104.6300193
 -130.41894836 -134.13865726 -122.77403858 -129.53451135 -137.46785655
 -111.52373689 -133.44073216 -118.43161469 -125.50117109 -123.5443835 ]
inrs_hat:  [-19.70658962 -12.00272231 -25.40089217 -22.87312483   6.35968074
 -19.42924832 -23.14895722 -11.78433854 -18.54481131 -26.47815651
  -0.53403685 -22.45103211  -7.44191465 -14.51147104 -12.55468346]
scheduled_ues:  [ 0  1  2  3  5  6  7  8  9 11 13 14]
(1, 15, 1, 4, 1, 1)
caused INR: 0.21655880789411996
TpsRandomic + IndividualEstimated_INR + -12.5
None
ls_gain_coeffs:
[-124.68176812 -135.3022021  -122.25161774 -133.86282487 -104.6300193
 -127.81136359 -122.42604006 -118.79069704 -134.52063073 -121.78463141
 -108.43085158 -129.58041087 -118.43161469 -135.68782834 -123.5443835 ]
inrs_hat:  [-13.69206808 -24.31250205 -11.2619177  -22.87312483   6.35968074
 -16.82166355 -11.43634002  -7.80099699 -23.53093069 -10.79493137
   2.55884846 -18.59071083  -7.44191465 -24.6981283  -12.55468346]
scheduled_ues:  [ 0  1  3  5  8 11 13 14]
(1, 15, 1, 4, 1, 1)
caused INR: -16.02327334132682
TpsRandomic + IndividualEstimated_INR + -15.0
None
ls_gain_coeffs:
[-116.24984915 -135.49993248 -120.55424327 -120.37222746 -117.38556561
 -144.08498022 -124.21174828 -122.77403858 -134.52063073 -123.40544398
 -125.26107022 -129.58041087 -125.2270198  -135.68782834 -132.17936989]
inrs_hat:  [ -5.26014911 -24.51023244  -9.56454323  -9.38252742  -6.39586556
 -33.09528018 -13.22204824 -11.78433854 -23.53093069 -12.41574394
 -14.27137018 -18.59071083 -14.23731976 -24.6981283  -21.18966984]
scheduled_ues:  [ 1  5  8 11 13 14]
(1, 15, 1, 4, 1, 1)
caused INR: -25.516638449814927
TpsRandomic + CumulativeIndividualEstimated_INR + -10.0
None
(1, 15, 1, 4, 1, 1)
caused INR: -10.273284051263328
TpsRandomic + CumulativeIndividualEstimated_INR + -12.5
None
(1, 15, 1, 4, 1, 1)
caused INR: -12.905268916432851
TpsRandomic + CumulativeIndividualEstimated_INR + -15.0
None
(1, 15, 1, 4, 1, 1)
caused INR: -9.685922137461976
Iteration number 20
TpsAltruisticFromLsfGain + IndividualEstimated_INR + -10.0
None
ls_gain_coeffs:
[-113.01351594 -148.60827491 -130.07624238 -130.8440813  -131.91145358
 -147.94705742 -143.87614168 -147.83942438 -136.45333679 -137.68831999
 -143.89522128 -134.8051007  -145.1962563  -133.64095259 -136.4569262 ]
inrs_hat:  [ -2.02381589 -37.61857486 -19.08654234 -19.85438126 -20.92175354
 -36.95735737 -32.88644164 -36.84972434 -25.46363675 -26.69861995
 -32.90552124 -23.81540066 -34.20655626 -22.65125255 -25.46722616]
scheduled_ues:  [ 1  2  3  4  5  6  7  8  9 10 11 12 13 14]
(1, 15, 1, 4, 1, 1)
caused INR: -18.47594839633073
TpsAltruisticFromLsfGain + IndividualEstimated_INR + -12.5
None
ls_gain_coeffs:
[-113.01351594 -148.60827491 -130.07624238 -130.8440813  -131.91145358
 -147.94705742 -143.87614168 -147.83942438 -136.45333679 -137.68831999
 -143.89522128 -134.8051007  -145.1962563  -133.64095259 -136.4569262 ]
inrs_hat:  [ -2.02381589 -37.61857486 -19.08654234 -19.85438126 -20.92175354
 -36.95735737 -32.88644164 -36.84972434 -25.46363675 -26.69861995
 -32.90552124 -23.81540066 -34.20655626 -22.65125255 -25.46722616]
scheduled_ues:  [ 1  2  3  4  5  6  7  8  9 10 11 12 13 14]
(1, 15, 1, 4, 1, 1)
caused INR: -18.47594839633073
TpsAltruisticFromLsfGain + IndividualEstimated_INR + -15.0
None
ls_gain_coeffs:
[-113.01351594 -148.60827491 -130.07624238 -130.8440813  -131.91145358
 -147.94705742 -143.87614168 -147.83942438 -136.45333679 -137.68831999
 -143.89522128 -134.8051007  -145.1962563  -133.64095259 -136.4569262 ]
inrs_hat:  [ -2.02381589 -37.61857486 -19.08654234 -19.85438126 -20.92175354
 -36.95735737 -32.88644164 -36.84972434 -25.46363675 -26.69861995
 -32.90552124 -23.81540066 -34.20655626 -22.65125255 -25.46722616]
scheduled_ues:  [ 1  2  3  4  5  6  7  8  9 10 11 12 13 14]
(1, 15, 1, 4, 1, 1)
caused INR: -18.47594839633073
TpsAltruisticFromLsfGain + CumulativeIndividualEstimated_INR + -10.0
None
(1, 15, 1, 4, 1, 1)
caused INR: -18.47594839633073
TpsAltruisticFromLsfGain + CumulativeIndividualEstimated_INR + -12.5
None
(1, 15, 1, 4, 1, 1)
caused INR: -18.47594839633073
TpsAltruisticFromLsfGain + CumulativeIndividualEstimated_INR + -15.0
None
(1, 15, 1, 4, 1, 1)
caused INR: -19.92550555493976
TpsRandomic + IndividualEstimated_INR + -10.0
None
ls_gain_coeffs:
[-100.23677636 -148.60827491 -113.3854791  -130.8440813  -131.91145358
 -147.94705742 -142.63954187 -131.06533013 -120.35490904 -137.68831999
 -141.17591825 -134.8051007  -145.1962563  -133.64095259 -122.9151284 ]
inrs_hat:  [ 10.75292368 -37.61857486  -2.39577906 -19.85438126 -20.92175354
 -36.95735737 -31.64984183 -20.07563009  -9.36520899 -26.69861995
 -30.1862182  -23.81540066 -34.20655626 -22.65125255 -11.92542836]
scheduled_ues:  [ 1  3  4  5  6  7  9 10 11 12 13 14]
(1, 15, 1, 4, 1, 1)
caused INR: -17.78579217128435
TpsRandomic + IndividualEstimated_INR + -12.5
None
ls_gain_coeffs:
[-112.0080972  -147.8820799  -113.3854791  -114.20629124 -118.31278283
 -136.28568101 -130.61014181 -147.83942438 -122.1979305  -127.69958648
 -129.64075259 -134.8051007  -128.48220788 -119.77923285 -136.4569262 ]
inrs_hat:  [ -1.01839716 -36.89237986  -2.39577906  -3.2165912   -7.32308279
 -25.29598096 -19.62044176 -36.84972434 -11.20823045 -16.70988644
 -18.65105255 -23.81540066 -17.49250784  -8.78953281 -25.46722616]
scheduled_ues:  [ 1  5  6  7  9 10 11 12 14]
(1, 15, 1, 4, 1, 1)
caused INR: -7.870628696767864
TpsRandomic + IndividualEstimated_INR + -15.0
None
ls_gain_coeffs:
[-113.01351594 -135.92460991 -113.3854791  -122.99257574 -125.1153216
 -131.21723054 -131.02234174 -131.06533013 -122.1979305  -120.65824832
 -130.54718694 -122.07076473 -128.48220788 -119.77923285 -122.9151284 ]
inrs_hat:  [ -2.02381589 -24.93490986  -2.39577906 -12.0028757  -14.12562156
 -20.2275305  -20.0326417  -20.07563009 -11.20823045  -9.66854828
 -19.5574869  -11.08106469 -17.49250784  -8.78953281 -11.92542836]
scheduled_ues:  [ 1  5  6  7 10 12]
(1, 15, 1, 4, 1, 1)
caused INR: -9.458874011601905
TpsRandomic + CumulativeIndividualEstimated_INR + -10.0
None
(1, 15, 1, 4, 1, 1)
caused INR: -10.311128858569647
TpsRandomic + CumulativeIndividualEstimated_INR + -12.5
None
(1, 15, 1, 4, 1, 1)
caused INR: -12.143134101690709
TpsRandomic + CumulativeIndividualEstimated_INR + -15.0
None
(1, 15, 1, 4, 1, 1)
caused INR: -11.206554640252344
Iteration number 21
TpsAltruisticFromLsfGain + IndividualEstimated_INR + -10.0
None
ls_gain_coeffs:
[-144.59277874 -132.97018985 -127.55790146 -131.59675946 -125.10762482
 -146.79546229 -147.35830278 -130.4570261  -138.69147412 -140.50357078
 -150.11279782 -126.08938473 -141.66418262 -117.23777471 -131.7685204 ]
inrs_hat:  [-33.6030787  -21.9804898  -16.56820142 -20.60705942 -14.11792478
 -35.80576225 -36.36860273 -19.46732606 -27.70177408 -29.51387074
 -39.12309778 -15.09968468 -30.67448258  -6.24807467 -20.77882036]
scheduled_ues:  [ 0  1  2  3  4  5  6  7  8  9 10 11 12 14]
(1, 15, 1, 4, 1, 1)
caused INR: -36.94439014248539
TpsAltruisticFromLsfGain + IndividualEstimated_INR + -12.5
None
ls_gain_coeffs:
[-144.59277874 -132.97018985 -127.55790146 -131.59675946 -125.10762482
 -146.79546229 -147.35830278 -130.4570261  -138.69147412 -140.50357078
 -150.11279782 -126.08938473 -141.66418262 -117.23777471 -131.7685204 ]
inrs_hat:  [-33.6030787  -21.9804898  -16.56820142 -20.60705942 -14.11792478
 -35.80576225 -36.36860273 -19.46732606 -27.70177408 -29.51387074
 -39.12309778 -15.09968468 -30.67448258  -6.24807467 -20.77882036]
scheduled_ues:  [ 0  1  2  3  4  5  6  7  8  9 10 11 12 14]
(1, 15, 1, 4, 1, 1)
caused INR: -36.94439014248539
TpsAltruisticFromLsfGain + IndividualEstimated_INR + -15.0
None
ls_gain_coeffs:
[-144.59277874 -132.97018985 -127.55790146 -131.59675946 -125.10762482
 -146.79546229 -147.35830278 -130.4570261  -138.69147412 -140.50357078
 -150.11279782 -126.08938473 -141.66418262 -117.23777471 -131.7685204 ]
inrs_hat:  [-33.6030787  -21.9804898  -16.56820142 -20.60705942 -14.11792478
 -35.80576225 -36.36860273 -19.46732606 -27.70177408 -29.51387074
 -39.12309778 -15.09968468 -30.67448258  -6.24807467 -20.77882036]
scheduled_ues:  [ 0  1  2  3  5  6  7  8  9 10 11 12 14]
(1, 15, 1, 4, 1, 1)
caused INR: -21.716561272801712
TpsAltruisticFromLsfGain + CumulativeIndividualEstimated_INR + -10.0
None
(1, 15, 1, 4, 1, 1)
caused INR: -21.716561272801712
TpsAltruisticFromLsfGain + CumulativeIndividualEstimated_INR + -12.5
None
(1, 15, 1, 4, 1, 1)
caused INR: -17.489240149025353
TpsAltruisticFromLsfGain + CumulativeIndividualEstimated_INR + -15.0
None
(1, 15, 1, 4, 1, 1)
caused INR: -23.699262272670467
TpsRandomic + IndividualEstimated_INR + -10.0
None
ls_gain_coeffs:
[-144.59277874 -125.55328908 -116.23562892 -115.42041344 -112.40086182
 -130.16529715 -130.57606519 -130.4570261  -128.60769844 -130.87395481
 -150.11279782 -122.00329323 -125.11094424  -99.24432334 -117.92673308]
inrs_hat:  [-33.6030787  -14.56358903  -5.24592888  -4.4307134   -1.41116178
 -19.17559711 -19.58636514 -19.46732606 -17.61799839 -19.88425477
 -39.12309778 -11.01359319 -14.1212442   11.74537671  -6.93703304]
scheduled_ues:  [ 0  1  5  6  7  8  9 10 11 12]
(1, 15, 1, 4, 1, 1)
caused INR: -5.617195793279539
TpsRandomic + IndividualEstimated_INR + -12.5
None
ls_gain_coeffs:
[-132.15080878 -132.97018985 -117.45445691 -131.59675946 -112.13569882
 -133.90668897 -135.82146975 -118.55159725 -121.79243562 -123.68273764
 -137.27129449 -122.00329323 -141.66418262 -117.23777471 -127.56795844]
inrs_hat:  [-21.16110873 -21.9804898   -6.46475687 -20.60705942  -1.14599878
 -22.91698893 -24.8317697   -7.5618972  -10.80273558 -12.6930376
 -26.28159445 -11.01359319 -30.67448258  -6.24807467 -16.5782584 ]
scheduled_ues:  [ 0  1  3  5  6  9 10 12 14]
(1, 15, 1, 4, 1, 1)
caused INR: -13.209092526619203
TpsRandomic + IndividualEstimated_INR + -15.0
None
ls_gain_coeffs:
[-144.59277874 -116.11248661 -127.55790146 -115.42041344 -112.13569882
 -138.86550533 -147.35830278 -119.23199573 -121.79243562 -130.87395481
 -142.34045297 -110.92372373 -127.96694084 -103.71476405 -116.52654576]
inrs_hat:  [-33.6030787   -5.12278657 -16.56820142  -4.4307134   -1.14599878
 -27.87580529 -36.36860273  -8.24229569 -10.80273558 -19.88425477
 -31.35075293   0.06597632 -16.9772408    7.274936    -5.53684572]
scheduled_ues:  [ 0  2  5  6  9 10 12]
(1, 15, 1, 4, 1, 1)
caused INR: -10.418517980871036
TpsRandomic + CumulativeIndividualEstimated_INR + -10.0
None
(1, 15, 1, 4, 1, 1)
caused INR: -17.090747615435657
TpsRandomic + CumulativeIndividualEstimated_INR + -12.5
None
(1, 15, 1, 4, 1, 1)
caused INR: -10.573211652029496
TpsRandomic + CumulativeIndividualEstimated_INR + -15.0
None
(1, 15, 1, 4, 1, 1)
caused INR: -10.782583737931379
Iteration number 22
TpsAltruisticFromLsfGain + IndividualEstimated_INR + -10.0
None
ls_gain_coeffs:
[-147.009768   -137.64498936 -123.00802515 -146.81773567 -131.05283393
 -124.70701669 -133.42356314 -148.65668048 -131.37140931 -143.02216299
 -144.30674442 -143.22019576 -140.9076614  -146.64930621 -107.02773094]
inrs_hat:  [-36.02006796 -26.65528931 -12.0183251  -35.82803563 -20.06313388
 -13.71731665 -22.4338631  -37.66698044 -20.38170926 -32.03246295
 -33.31704438 -32.23049572 -29.91796136 -35.65960616   3.96196911]
scheduled_ues:  [ 0  1  2  3  4  5  6  7  8  9 10 11 12 13]
(1, 15, 1, 4, 1, 1)
caused INR: -12.085784685185876
TpsAltruisticFromLsfGain + IndividualEstimated_INR + -12.5
None
ls_gain_coeffs:
[-147.009768   -137.64498936 -123.00802515 -146.81773567 -131.05283393
 -124.70701669 -133.42356314 -148.65668048 -131.37140931 -143.02216299
 -144.30674442 -143.22019576 -140.9076614  -146.64930621 -107.02773094]
inrs_hat:  [-36.02006796 -26.65528931 -12.0183251  -35.82803563 -20.06313388
 -13.71731665 -22.4338631  -37.66698044 -20.38170926 -32.03246295
 -33.31704438 -32.23049572 -29.91796136 -35.65960616   3.96196911]
scheduled_ues:  [ 0  1  3  4  5  6  7  8  9 10 11 12 13]
(1, 15, 1, 4, 1, 1)
caused INR: -13.951121325305348
TpsAltruisticFromLsfGain + IndividualEstimated_INR + -15.0
None
ls_gain_coeffs:
[-147.009768   -137.64498936 -123.00802515 -146.81773567 -131.05283393
 -124.70701669 -133.42356314 -148.65668048 -131.37140931 -143.02216299
 -144.30674442 -143.22019576 -140.9076614  -146.64930621 -107.02773094]
inrs_hat:  [-36.02006796 -26.65528931 -12.0183251  -35.82803563 -20.06313388
 -13.71731665 -22.4338631  -37.66698044 -20.38170926 -32.03246295
 -33.31704438 -32.23049572 -29.91796136 -35.65960616   3.96196911]
scheduled_ues:  [ 0  1  3  4  6  7  8  9 10 11 12 13]
(1, 15, 1, 4, 1, 1)
caused INR: -22.727397857948123
TpsAltruisticFromLsfGain + CumulativeIndividualEstimated_INR + -10.0
None
(1, 15, 1, 4, 1, 1)
caused INR: -13.951121325305348
TpsAltruisticFromLsfGain + CumulativeIndividualEstimated_INR + -12.5
None
(1, 15, 1, 4, 1, 1)
caused INR: -22.727397857948123
TpsAltruisticFromLsfGain + CumulativeIndividualEstimated_INR + -15.0
None
(1, 15, 1, 4, 1, 1)
caused INR: -22.727397857948123
TpsRandomic + IndividualEstimated_INR + -10.0
None
ls_gain_coeffs:
[-146.49380394 -137.02035078 -114.37255368 -140.61669154 -114.21997318
 -110.7751824  -126.9050528  -148.65668048 -118.00569313 -133.24537391
 -140.88439454 -133.83691231 -132.50540244 -131.12517036  -94.80845972]
inrs_hat:  [-35.50410389 -26.03065074  -3.38285364 -29.6269915   -3.23027314
   0.21451764 -15.91535275 -37.66698044  -7.01599308 -22.25567386
 -29.8946945  -22.84721227 -21.5157024  -20.13547032  16.18124033]
scheduled_ues:  [ 0  1  3  6  7  9 10 11 12 13]
(1, 15, 1, 4, 1, 1)
caused INR: -11.384907822443848
TpsRandomic + IndividualEstimated_INR + -12.5
None
ls_gain_coeffs:
[-134.22419196 -137.64498936 -114.37255368 -132.93596856 -131.05283393
 -110.7751824  -126.9050528  -148.65668048 -131.37140931 -133.24537391
 -130.72436113 -131.22411825 -124.09122946 -132.66643829  -94.80845972]
inrs_hat:  [-23.23449191 -26.65528931  -3.38285364 -21.94626851 -20.06313388
   0.21451764 -15.91535275 -37.66698044 -20.38170926 -22.25567386
 -19.73466109 -20.23441821 -13.10152941 -21.67673824  16.18124033]
scheduled_ues:  [ 0  1  3  4  6  7  8  9 10 11 12 13]
(1, 15, 1, 4, 1, 1)
caused INR: -8.413723896236682
TpsRandomic + IndividualEstimated_INR + -15.0
None
ls_gain_coeffs:
[-134.39617998 -137.02035078 -114.37255368 -146.81773567 -119.062076
 -120.23631382 -117.07703086 -138.83798102 -118.00569313 -143.02216299
 -130.72436113 -131.22411825 -140.9076614  -131.12517036  -86.75927493]
inrs_hat:  [-23.40647994 -26.03065074  -3.38285364 -35.82803563  -8.07237596
  -9.24661377  -6.08733082 -27.84828098  -7.01599308 -32.03246295
 -19.73466109 -20.23441821 -29.91796136 -20.13547032  24.23042512]
scheduled_ues:  [ 0  1  3  7  9 10 11 12 13]
(1, 15, 1, 4, 1, 1)
caused INR: -13.605366712838936
TpsRandomic + CumulativeIndividualEstimated_INR + -10.0
None
(1, 15, 1, 4, 1, 1)
caused INR: -27.98650912082302
TpsRandomic + CumulativeIndividualEstimated_INR + -12.5
None
(1, 15, 1, 4, 1, 1)
caused INR: -6.815693631659201
TpsRandomic + CumulativeIndividualEstimated_INR + -15.0
None
(1, 15, 1, 4, 1, 1)
caused INR: -17.837261217842364
Iteration number 23
TpsAltruisticFromLsfGain + IndividualEstimated_INR + -10.0
None
ls_gain_coeffs:
[-130.21599101 -118.66676263 -147.16881216 -143.35797797 -142.90444469
 -144.28181993 -132.04799484 -128.21978014 -129.62612413 -130.05562932
 -132.62305552 -140.35405464 -148.67933506 -126.52176385 -143.17858182]
inrs_hat:  [-19.22629097  -7.67706259 -36.17911212 -32.36827792 -31.91474465
 -33.29211989 -21.0582948  -17.23008009 -18.63642409 -19.06592928
 -21.63335548 -29.3643546  -37.68963502 -15.53206381 -32.18888177]
scheduled_ues:  [ 0  2  3  4  5  6  7  8  9 10 11 12 13 14]
(1, 15, 1, 4, 1, 1)
caused INR: -18.679625657215457
TpsAltruisticFromLsfGain + IndividualEstimated_INR + -12.5
None
ls_gain_coeffs:
[-130.21599101 -118.66676263 -147.16881216 -143.35797797 -142.90444469
 -144.28181993 -132.04799484 -128.21978014 -129.62612413 -130.05562932
 -132.62305552 -140.35405464 -148.67933506 -126.52176385 -143.17858182]
inrs_hat:  [-19.22629097  -7.67706259 -36.17911212 -32.36827792 -31.91474465
 -33.29211989 -21.0582948  -17.23008009 -18.63642409 -19.06592928
 -21.63335548 -29.3643546  -37.68963502 -15.53206381 -32.18888177]
scheduled_ues:  [ 0  2  3  4  5  6  7  8  9 10 11 12 13 14]
(1, 15, 1, 4, 1, 1)
caused INR: -18.679625657215457
TpsAltruisticFromLsfGain + IndividualEstimated_INR + -15.0
None
ls_gain_coeffs:
[-130.21599101 -118.66676263 -147.16881216 -143.35797797 -142.90444469
 -144.28181993 -132.04799484 -128.21978014 -129.62612413 -130.05562932
 -132.62305552 -140.35405464 -148.67933506 -126.52176385 -143.17858182]
inrs_hat:  [-19.22629097  -7.67706259 -36.17911212 -32.36827792 -31.91474465
 -33.29211989 -21.0582948  -17.23008009 -18.63642409 -19.06592928
 -21.63335548 -29.3643546  -37.68963502 -15.53206381 -32.18888177]
scheduled_ues:  [ 0  2  3  4  5  6  7  8  9 10 11 12 13 14]
(1, 15, 1, 4, 1, 1)
caused INR: -18.679625657215457
TpsAltruisticFromLsfGain + CumulativeIndividualEstimated_INR + -10.0
None
(1, 15, 1, 4, 1, 1)
caused INR: -24.340513722474462
TpsAltruisticFromLsfGain + CumulativeIndividualEstimated_INR + -12.5
None
(1, 15, 1, 4, 1, 1)
caused INR: -19.545259239938982
TpsAltruisticFromLsfGain + CumulativeIndividualEstimated_INR + -15.0
None
(1, 15, 1, 4, 1, 1)
caused INR: -19.117110875227755
TpsRandomic + IndividualEstimated_INR + -10.0
None
ls_gain_coeffs:
[-116.52945747 -118.66676263 -133.16072935 -128.27088999 -142.90444469
 -134.46593558 -132.04799484 -119.41638723 -121.3884811  -130.05562932
 -124.373198   -133.4810674  -140.35626677 -109.51937146 -143.17858182]
inrs_hat:  [ -5.53975743  -7.67706259 -22.17102931 -17.28118995 -31.91474465
 -23.47623554 -21.0582948   -8.42668718 -10.39878106 -19.06592928
 -13.38349795 -22.49136735 -29.36656672   1.47032859 -32.18888177]
scheduled_ues:  [ 2  3  4  5  6  8  9 10 11 12 14]
(1, 15, 1, 4, 1, 1)
caused INR: -8.00777796685231
TpsRandomic + IndividualEstimated_INR + -12.5
None
ls_gain_coeffs:
[-126.48119039 -101.58992808 -131.07642421 -143.35797797 -126.58487242
 -127.48539473 -121.38206869 -119.41638723 -121.3884811  -130.05562932
 -118.5448878  -140.35405464 -136.41639093 -109.51937146 -141.29655842]
inrs_hat:  [-15.49149035   9.39977196 -20.08672417 -32.36827792 -15.59517238
 -16.49569469 -10.39236864  -8.42668718 -10.39878106 -19.06592928
  -7.55518776 -29.3643546  -25.42669089   1.47032859 -30.30685837]
scheduled_ues:  [ 0  2  3  4  5  9 11 12 14]
(1, 15, 1, 4, 1, 1)
caused INR: -15.880309998807892
TpsRandomic + IndividualEstimated_INR + -15.0
None
ls_gain_coeffs:
[-116.52945747 -104.0221485  -131.07642421 -129.59363398 -126.58487242
 -127.48539473 -119.93844495 -114.25235896 -121.3884811  -126.17843203
 -132.62305552 -127.15147702 -148.67933506 -117.19666546 -141.29655842]
inrs_hat:  [ -5.53975743   6.96755154 -20.08672417 -18.60393394 -15.59517238
 -16.49569469  -8.94874491  -3.26265892 -10.39878106 -15.18873199
 -21.63335548 -16.16177698 -37.68963502  -6.20696541 -30.30685837]
scheduled_ues:  [ 2  3  4  5  9 10 11 12 14]
(1, 15, 1, 4, 1, 1)
caused INR: -12.443606602701983
TpsRandomic + CumulativeIndividualEstimated_INR + -10.0
None
(1, 15, 1, 4, 1, 1)
caused INR: -24.24543138939095
TpsRandomic + CumulativeIndividualEstimated_INR + -12.5
None
(1, 15, 1, 4, 1, 1)
caused INR: -10.126579537745716
TpsRandomic + CumulativeIndividualEstimated_INR + -15.0
None
(1, 15, 1, 4, 1, 1)
caused INR: -13.181218905562888
Iteration number 24
TpsAltruisticFromLsfGain + IndividualEstimated_INR + -10.0
None
ls_gain_coeffs:
[-146.4165757  -125.43730504 -145.83248451 -134.11482077 -135.33053026
 -145.02137654 -139.1526191  -132.38987122 -133.67979409 -143.1427072
 -146.33595565 -143.39432886 -124.19867893 -145.3057419  -127.40680715]
inrs_hat:  [-35.42687565 -14.447605   -34.84278446 -23.12512073 -24.34083021
 -34.0316765  -28.16291905 -21.40017118 -22.69009405 -32.15300715
 -35.34625561 -32.40462882 -13.20897889 -34.31604186 -16.4171071 ]
scheduled_ues:  [ 0  1  2  3  4  5  6  7  8  9 10 11 12 13 14]
(1, 15, 1, 4, 1, 1)
caused INR: -9.363360716683841
TpsAltruisticFromLsfGain + IndividualEstimated_INR + -12.5
None
ls_gain_coeffs:
[-146.4165757  -125.43730504 -145.83248451 -134.11482077 -135.33053026
 -145.02137654 -139.1526191  -132.38987122 -133.67979409 -143.1427072
 -146.33595565 -143.39432886 -124.19867893 -145.3057419  -127.40680715]
inrs_hat:  [-35.42687565 -14.447605   -34.84278446 -23.12512073 -24.34083021
 -34.0316765  -28.16291905 -21.40017118 -22.69009405 -32.15300715
 -35.34625561 -32.40462882 -13.20897889 -34.31604186 -16.4171071 ]
scheduled_ues:  [ 0  1  2  3  4  5  6  7  8  9 10 11 12 13 14]
(1, 15, 1, 4, 1, 1)
caused INR: -9.363360716683841
TpsAltruisticFromLsfGain + IndividualEstimated_INR + -15.0
None
ls_gain_coeffs:
[-146.4165757  -125.43730504 -145.83248451 -134.11482077 -135.33053026
 -145.02137654 -139.1526191  -132.38987122 -133.67979409 -143.1427072
 -146.33595565 -143.39432886 -124.19867893 -145.3057419  -127.40680715]
inrs_hat:  [-35.42687565 -14.447605   -34.84278446 -23.12512073 -24.34083021
 -34.0316765  -28.16291905 -21.40017118 -22.69009405 -32.15300715
 -35.34625561 -32.40462882 -13.20897889 -34.31604186 -16.4171071 ]
scheduled_ues:  [ 0  2  3  4  5  6  7  8  9 10 11 13 14]
(1, 15, 1, 4, 1, 1)
caused INR: -12.499425178102692
TpsAltruisticFromLsfGain + CumulativeIndividualEstimated_INR + -10.0
None
(1, 15, 1, 4, 1, 1)
caused INR: -8.810546901839833
TpsAltruisticFromLsfGain + CumulativeIndividualEstimated_INR + -12.5
None
(1, 15, 1, 4, 1, 1)
caused INR: -12.499425178102692
TpsAltruisticFromLsfGain + CumulativeIndividualEstimated_INR + -15.0
None
(1, 15, 1, 4, 1, 1)
caused INR: -17.076960779486253
TpsRandomic + IndividualEstimated_INR + -10.0
None
ls_gain_coeffs:
[-133.74718021 -125.43730504 -139.60916621 -134.11482077 -121.22939835
 -145.02137654 -139.1526191  -118.07422659 -133.67979409 -126.4829318
 -146.33595565 -130.52144945 -107.45819721 -145.3057419  -114.51852999]
inrs_hat:  [-22.75748017 -14.447605   -28.61946617 -23.12512073 -10.23969831
 -34.0316765  -28.16291905  -7.08452655 -22.69009405 -15.49323175
 -35.34625561 -19.5317494    3.53150284 -34.31604186  -3.52882995]
scheduled_ues:  [ 0  1  2  3  4  5  6  8  9 10 11 13]
(1, 15, 1, 4, 1, 1)
caused INR: -2.079102664435058
TpsRandomic + IndividualEstimated_INR + -12.5
None
ls_gain_coeffs:
[-133.74718021 -125.43730504 -129.58076536 -127.77401798 -135.33053026
 -131.40363974 -127.17905969 -129.57880428 -124.13500089 -143.1427072
 -129.88594364 -134.81694737 -117.5051092  -128.53399518 -127.40680715]
inrs_hat:  [-22.75748017 -14.447605   -18.59106532 -16.78431794 -24.34083021
 -20.4139397  -16.18935964 -18.58910423 -13.14530085 -32.15300715
 -18.8962436  -23.82724733  -6.51540916 -17.54429514 -16.4171071 ]
scheduled_ues:  [ 0  1  2  3  4  5  6  7  8  9 10 11 13 14]
(1, 15, 1, 4, 1, 1)
caused INR: -10.624229356297139
TpsRandomic + IndividualEstimated_INR + -15.0
None
ls_gain_coeffs:
[-133.51938473 -112.67238185 -139.60916621 -134.11482077 -121.22939835
 -145.02137654 -127.17905969 -132.38987122 -124.13500089 -134.324128
 -133.0836343  -126.44839841 -124.19867893 -145.3057419  -127.40680715]
inrs_hat:  [-22.52968469  -1.6826818  -28.61946617 -23.12512073 -10.23969831
 -34.0316765  -16.18935964 -21.40017118 -13.14530085 -23.33442796
 -22.09393426 -15.45869837 -13.20897889 -34.31604186 -16.4171071 ]
scheduled_ues:  [ 0  2  3  5  6  7  9 10 11 13 14]
(1, 15, 1, 4, 1, 1)
caused INR: -8.67875604479124
TpsRandomic + CumulativeIndividualEstimated_INR + -10.0
None
(1, 15, 1, 4, 1, 1)
caused INR: -12.819695346602343
TpsRandomic + CumulativeIndividualEstimated_INR + -12.5
None
(1, 15, 1, 4, 1, 1)
caused INR: -13.328335924531494
TpsRandomic + CumulativeIndividualEstimated_INR + -15.0
None
(1, 15, 1, 4, 1, 1)
caused INR: -15.6238355465477
Iteration number 25
TpsAltruisticFromLsfGain + IndividualEstimated_INR + -10.0
None
ls_gain_coeffs:
[-139.32441638 -148.25812816 -129.46604976 -127.10251309 -132.42808881
 -126.26426697 -127.65325053 -148.39418363 -139.97511744 -144.81751734
 -132.44093275 -144.94591941 -141.48257301 -136.97441102 -133.36844   ]
inrs_hat:  [-28.33471633 -37.26842811 -18.47634972 -16.11281305 -21.43838877
 -15.27456693 -16.66355049 -37.40448359 -28.98541739 -33.82781729
 -21.4512327  -33.95621937 -30.49287297 -25.98471098 -22.37873996]
scheduled_ues:  [ 0  1  2  3  4  5  6  7  8  9 10 11 12 13 14]
(1, 15, 1, 4, 1, 1)
caused INR: -3.3403050820855853
TpsAltruisticFromLsfGain + IndividualEstimated_INR + -12.5
None
ls_gain_coeffs:
[-139.32441638 -148.25812816 -129.46604976 -127.10251309 -132.42808881
 -126.26426697 -127.65325053 -148.39418363 -139.97511744 -144.81751734
 -132.44093275 -144.94591941 -141.48257301 -136.97441102 -133.36844   ]
inrs_hat:  [-28.33471633 -37.26842811 -18.47634972 -16.11281305 -21.43838877
 -15.27456693 -16.66355049 -37.40448359 -28.98541739 -33.82781729
 -21.4512327  -33.95621937 -30.49287297 -25.98471098 -22.37873996]
scheduled_ues:  [ 0  1  2  3  4  5  6  7  8  9 10 11 12 13 14]
(1, 15, 1, 4, 1, 1)
caused INR: -3.3403050820855853
TpsAltruisticFromLsfGain + IndividualEstimated_INR + -15.0
None
ls_gain_coeffs:
[-139.32441638 -148.25812816 -129.46604976 -127.10251309 -132.42808881
 -126.26426697 -127.65325053 -148.39418363 -139.97511744 -144.81751734
 -132.44093275 -144.94591941 -141.48257301 -136.97441102 -133.36844   ]
inrs_hat:  [-28.33471633 -37.26842811 -18.47634972 -16.11281305 -21.43838877
 -15.27456693 -16.66355049 -37.40448359 -28.98541739 -33.82781729
 -21.4512327  -33.95621937 -30.49287297 -25.98471098 -22.37873996]
scheduled_ues:  [ 0  1  2  3  4  5  6  7  8  9 10 11 12 13 14]
(1, 15, 1, 4, 1, 1)
caused INR: -3.3403050820855853
TpsAltruisticFromLsfGain + CumulativeIndividualEstimated_INR + -10.0
None
(1, 15, 1, 4, 1, 1)
caused INR: -6.345116965780062
TpsAltruisticFromLsfGain + CumulativeIndividualEstimated_INR + -12.5
None
(1, 15, 1, 4, 1, 1)
caused INR: -12.597687657906532
TpsAltruisticFromLsfGain + CumulativeIndividualEstimated_INR + -15.0
None
(1, 15, 1, 4, 1, 1)
caused INR: -10.172739650606244
TpsRandomic + IndividualEstimated_INR + -10.0
None
ls_gain_coeffs:
[-139.32441638 -141.166648   -112.68616803 -110.09546097 -122.82338497
 -114.85766485 -127.65325053 -137.46552991 -135.45003076 -131.15400352
 -119.96032302 -131.36462919 -129.60754794 -120.96332047 -133.36844   ]
inrs_hat:  [-28.33471633 -30.17694796  -1.69646799   0.89423907 -11.83368492
  -3.86796481 -16.66355049 -26.47582986 -24.46033072 -20.16430347
  -8.97062298 -20.37492915 -18.61784789  -9.97362042 -22.37873996]
scheduled_ues:  [ 0  1  4  6  7  8  9 11 12 14]
(1, 15, 1, 4, 1, 1)
caused INR: -4.81999602444027
TpsRandomic + IndividualEstimated_INR + -12.5
None
ls_gain_coeffs:
[-139.32441638 -135.03477384 -121.1636756  -115.94818915 -132.42808881
 -116.14175003 -115.66894185 -137.46552991 -139.97511744 -128.33133955
 -132.44093275 -128.61571765 -141.48257301 -120.96332047 -116.04089452]
inrs_hat:  [-28.33471633 -24.0450738  -10.17397555  -4.95848911 -21.43838877
  -5.15204998  -4.67924181 -26.47582986 -28.98541739 -17.34163951
 -21.4512327  -17.62601761 -30.49287297  -9.97362042  -5.05119447]
scheduled_ues:  [ 0  1  4  7  8  9 10 11 12]
(1, 15, 1, 4, 1, 1)
caused INR: -9.833054016292579
TpsRandomic + IndividualEstimated_INR + -15.0
None
ls_gain_coeffs:
[-139.32441638 -135.03477384 -112.68616803 -115.94818915 -115.22226563
 -126.26426697 -127.65325053 -137.46552991 -124.51679299 -131.15400352
 -119.9213133  -128.61571765 -132.00040174 -131.54661637 -119.50257461]
inrs_hat:  [-28.33471633 -24.0450738   -1.69646799  -4.95848911  -4.23256559
 -15.27456693 -16.66355049 -26.47582986 -13.52709294 -20.16430347
  -8.93161326 -17.62601761 -21.0107017  -20.55691633  -8.51287457]
scheduled_ues:  [ 0  1  5  6  7  9 11 12 13]
(1, 15, 1, 4, 1, 1)
caused INR: -22.32499737249522
TpsRandomic + CumulativeIndividualEstimated_INR + -10.0
None
(1, 15, 1, 4, 1, 1)
caused INR: -11.74084334833915
TpsRandomic + CumulativeIndividualEstimated_INR + -12.5
None
(1, 15, 1, 4, 1, 1)
caused INR: -9.834536684131088
TpsRandomic + CumulativeIndividualEstimated_INR + -15.0
None
(1, 15, 1, 4, 1, 1)
caused INR: -10.410124052212755
Iteration number 26
TpsAltruisticFromLsfGain + IndividualEstimated_INR + -10.0
None
ls_gain_coeffs:
[-125.13362255 -127.57811086 -149.98406735 -136.19505231 -130.34050426
 -125.25948765 -151.57295655 -119.74404476 -117.09890645 -140.59869585
 -145.59301711 -122.7470243  -132.4346272  -144.40661825 -128.21162877]
inrs_hat:  [-14.14392251 -16.58841081 -38.9943673  -25.20535227 -19.35080422
 -14.2697876  -40.5832565   -8.75434471  -6.10920641 -29.6089958
 -34.60331707 -11.75732425 -21.44492716 -33.41691821 -17.22192873]
scheduled_ues:  [ 0  1  2  3  4  5  6  9 10 11 12 13 14]
(1, 15, 1, 4, 1, 1)
caused INR: -9.055107971913746
TpsAltruisticFromLsfGain + IndividualEstimated_INR + -12.5
None
ls_gain_coeffs:
[-125.13362255 -127.57811086 -149.98406735 -136.19505231 -130.34050426
 -125.25948765 -151.57295655 -119.74404476 -117.09890645 -140.59869585
 -145.59301711 -122.7470243  -132.4346272  -144.40661825 -128.21162877]
inrs_hat:  [-14.14392251 -16.58841081 -38.9943673  -25.20535227 -19.35080422
 -14.2697876  -40.5832565   -8.75434471  -6.10920641 -29.6089958
 -34.60331707 -11.75732425 -21.44492716 -33.41691821 -17.22192873]
scheduled_ues:  [ 0  1  2  3  4  5  6  9 10 12 13 14]
(1, 15, 1, 4, 1, 1)
caused INR: -17.110531901291285
TpsAltruisticFromLsfGain + IndividualEstimated_INR + -15.0
None
ls_gain_coeffs:
[-125.13362255 -127.57811086 -149.98406735 -136.19505231 -130.34050426
 -125.25948765 -151.57295655 -119.74404476 -117.09890645 -140.59869585
 -145.59301711 -122.7470243  -132.4346272  -144.40661825 -128.21162877]
inrs_hat:  [-14.14392251 -16.58841081 -38.9943673  -25.20535227 -19.35080422
 -14.2697876  -40.5832565   -8.75434471  -6.10920641 -29.6089958
 -34.60331707 -11.75732425 -21.44492716 -33.41691821 -17.22192873]
scheduled_ues:  [ 1  2  3  4  6  9 10 12 13 14]
(1, 15, 1, 4, 1, 1)
caused INR: -18.05564870804149
TpsAltruisticFromLsfGain + CumulativeIndividualEstimated_INR + -10.0
None
(1, 15, 1, 4, 1, 1)
caused INR: -18.05564870804149
TpsAltruisticFromLsfGain + CumulativeIndividualEstimated_INR + -12.5
None
(1, 15, 1, 4, 1, 1)
caused INR: -17.01839135936528
TpsAltruisticFromLsfGain + CumulativeIndividualEstimated_INR + -15.0
None
(1, 15, 1, 4, 1, 1)
caused INR: -19.016196817741164
TpsRandomic + IndividualEstimated_INR + -10.0
None
ls_gain_coeffs:
[-110.23679725 -127.57811086 -142.05308289 -123.35155985 -117.25688449
 -111.05467544 -134.84549125 -110.1764634  -115.81033329 -130.19759806
 -132.64029705 -118.76630718 -124.09314292 -130.18297209 -123.14282205]
inrs_hat:  [  0.75290279 -16.58841081 -31.06338285 -12.36185981  -6.26718445
  -0.06497539 -23.8557912    0.81323664  -4.82063325 -19.20789801
 -21.650597    -7.77660714 -13.10344288 -19.19327204 -12.153122  ]
scheduled_ues:  [ 1  2  3  6  9 10 12 13 14]
(1, 15, 1, 4, 1, 1)
caused INR: -12.294545820443615
TpsRandomic + IndividualEstimated_INR + -12.5
None
ls_gain_coeffs:
[-121.45078461 -127.57811086 -142.05308289 -123.35155985 -117.57789438
 -119.96985102 -151.57295655 -119.74404476 -115.81033329 -123.56175973
 -137.63340263 -118.76630718 -124.09314292 -144.40661825 -114.08042653]
inrs_hat:  [-10.46108456 -16.58841081 -31.06338285 -12.36185981  -6.58819434
  -8.98015097 -40.5832565   -8.75434471  -4.82063325 -12.57205969
 -26.64370259  -7.77660714 -13.10344288 -33.41691821  -3.09072648]
scheduled_ues:  [ 1  2  6  9 10 12 13]
(1, 15, 1, 4, 1, 1)
caused INR: -20.656000022189538
TpsRandomic + IndividualEstimated_INR + -15.0
None
ls_gain_coeffs:
[-110.23679725 -114.87993309 -133.4099959  -119.68576745 -117.25688449
 -125.25948765 -140.96830564 -119.74404476 -103.79825768 -123.56175973
 -128.91604984 -108.97851859 -124.09314292 -144.40661825 -128.21162877]
inrs_hat:  [  0.75290279  -3.89023305 -22.42029586  -8.69606741  -6.26718445
 -14.2697876  -29.9786056   -8.75434471   7.19144236 -12.57205969
 -17.9263498    2.01118145 -13.10344288 -33.41691821 -17.22192873]
scheduled_ues:  [ 2  6 10 13 14]
(1, 15, 1, 4, 1, 1)
caused INR: -15.651979724862464
TpsRandomic + CumulativeIndividualEstimated_INR + -10.0
None
(1, 15, 1, 4, 1, 1)
caused INR: -13.594129602404614
TpsRandomic + CumulativeIndividualEstimated_INR + -12.5
None
(1, 15, 1, 4, 1, 1)
caused INR: -25.80594605218532
TpsRandomic + CumulativeIndividualEstimated_INR + -15.0
None
(1, 15, 1, 4, 1, 1)
caused INR: -13.823962206643545
Iteration number 27
TpsAltruisticFromLsfGain + IndividualEstimated_INR + -10.0
None
ls_gain_coeffs:
[-149.3959956  -109.13336695 -129.5125877  -141.69120065 -149.92393433
 -137.00155808 -139.76404561 -145.6045045  -150.43703043 -137.07466665
 -149.24315897 -120.91588899 -122.53467806 -144.05776756 -142.14808441]
inrs_hat:  [-38.40629555   1.85633309 -18.52288765 -30.70150061 -38.93423428
 -26.01185804 -28.77434557 -34.61480446 -39.44733039 -26.08496661
 -38.25345893  -9.92618895 -11.54497801 -33.06806751 -31.15838437]
scheduled_ues:  [ 0  2  3  4  5  6  7  8  9 10 12 13 14]
(1, 15, 1, 4, 1, 1)
caused INR: -11.337190252696441
TpsAltruisticFromLsfGain + IndividualEstimated_INR + -12.5
None
ls_gain_coeffs:
[-149.3959956  -109.13336695 -129.5125877  -141.69120065 -149.92393433
 -137.00155808 -139.76404561 -145.6045045  -150.43703043 -137.07466665
 -149.24315897 -120.91588899 -122.53467806 -144.05776756 -142.14808441]
inrs_hat:  [-38.40629555   1.85633309 -18.52288765 -30.70150061 -38.93423428
 -26.01185804 -28.77434557 -34.61480446 -39.44733039 -26.08496661
 -38.25345893  -9.92618895 -11.54497801 -33.06806751 -31.15838437]
scheduled_ues:  [ 0  2  3  4  5  6  7  8  9 10 13 14]
(1, 15, 1, 4, 1, 1)
caused INR: -25.148865654513255
TpsAltruisticFromLsfGain + IndividualEstimated_INR + -15.0
None
ls_gain_coeffs:
[-149.3959956  -109.13336695 -129.5125877  -141.69120065 -149.92393433
 -137.00155808 -139.76404561 -145.6045045  -150.43703043 -137.07466665
 -149.24315897 -120.91588899 -122.53467806 -144.05776756 -142.14808441]
inrs_hat:  [-38.40629555   1.85633309 -18.52288765 -30.70150061 -38.93423428
 -26.01185804 -28.77434557 -34.61480446 -39.44733039 -26.08496661
 -38.25345893  -9.92618895 -11.54497801 -33.06806751 -31.15838437]
scheduled_ues:  [ 0  2  3  4  5  6  7  8  9 10 13 14]
(1, 15, 1, 4, 1, 1)
caused INR: -25.148865654513255
TpsAltruisticFromLsfGain + CumulativeIndividualEstimated_INR + -10.0
None
(1, 15, 1, 4, 1, 1)
caused INR: -11.337190252696441
TpsAltruisticFromLsfGain + CumulativeIndividualEstimated_INR + -12.5
None
(1, 15, 1, 4, 1, 1)
caused INR: -25.148865654513255
TpsAltruisticFromLsfGain + CumulativeIndividualEstimated_INR + -15.0
None
(1, 15, 1, 4, 1, 1)
caused INR: -25.148865654513255
TpsRandomic + IndividualEstimated_INR + -10.0
None
ls_gain_coeffs:
[-149.3959956   -94.65355176 -120.63950927 -129.75885299 -140.70898422
 -136.28524212 -127.10373337 -133.01309324 -140.58159616 -119.9381519
 -149.24315897 -120.91588899 -115.29652818 -137.74715355 -135.06287527]
inrs_hat:  [-38.40629555  16.33614828  -9.64980923 -18.76915295 -29.71928418
 -25.29554208 -16.11403333 -22.02339319 -29.59189612  -8.94845185
 -38.25345893  -9.92618895  -4.30682814 -26.75745351 -24.07317523]
scheduled_ues:  [ 0  3  4  5  6  7  8 10 13 14]
(1, 15, 1, 4, 1, 1)
caused INR: -10.837625614557648
TpsRandomic + IndividualEstimated_INR + -12.5
None
ls_gain_coeffs:
[-142.28436768  -92.61533656 -117.1823931  -129.75885299 -138.15463016
 -124.08241411 -127.10373337 -145.6045045  -150.43703043 -119.9381519
 -143.41486385 -120.91588899 -105.46151617 -127.784257   -125.67669   ]
inrs_hat:  [-31.29466764  18.37436348  -6.19269306 -18.76915295 -27.16493012
 -13.09271406 -16.11403333 -34.61480446 -39.44733039  -8.94845185
 -32.42516381  -9.92618895   5.52818387 -16.79455695 -14.68698995]
scheduled_ues:  [ 0  3  4  5  6  7  8 10 13 14]
(1, 15, 1, 4, 1, 1)
caused INR: -4.6307900642905135
TpsRandomic + IndividualEstimated_INR + -15.0
None
ls_gain_coeffs:
[-142.28436768  -92.61533656 -129.5125877  -141.69120065 -133.21100719
 -124.08241411 -131.86001939 -145.15507071 -139.09510407 -125.93208452
 -135.32641495 -120.91588899 -108.06810415 -127.784257   -125.67669   ]
inrs_hat:  [-31.29466764  18.37436348 -18.52288765 -30.70150061 -22.22130715
 -13.09271406 -20.87031935 -34.16537066 -28.10540403 -14.94238448
 -24.33671491  -9.92618895   2.92159589 -16.79455695 -14.68698995]
scheduled_ues:  [ 0  2  3  4  6  7  8 10 13]
(1, 15, 1, 4, 1, 1)
caused INR: -9.685428503789401
TpsRandomic + CumulativeIndividualEstimated_INR + -10.0
None
(1, 15, 1, 4, 1, 1)
caused INR: -9.885990465804214
TpsRandomic + CumulativeIndividualEstimated_INR + -12.5
None
(1, 15, 1, 4, 1, 1)
caused INR: -21.632630301754663
TpsRandomic + CumulativeIndividualEstimated_INR + -15.0
None
(1, 15, 1, 4, 1, 1)
caused INR: -21.770452210621944
Iteration number 28
TpsAltruisticFromLsfGain + IndividualEstimated_INR + -10.0
None
ls_gain_coeffs:
[-146.78390335 -138.92059027 -132.67047034 -136.52390306 -137.19193261
 -128.28841506 -145.35937064 -134.08346482 -143.10860915 -145.37600372
 -135.17268873 -135.3259688  -141.1359404  -119.29516169 -128.83574748]
inrs_hat:  [-35.79420331 -27.93089023 -21.6807703  -25.53420301 -26.20223257
 -17.29871501 -34.3696706  -23.09376478 -32.11890911 -34.38630368
 -24.18298869 -24.33626876 -30.14624036  -8.30546165 -17.84604744]
scheduled_ues:  [ 0  1  2  3  4  5  6  7  8  9 10 11 12 14]
(1, 15, 1, 4, 1, 1)
caused INR: -15.232235142484193
TpsAltruisticFromLsfGain + IndividualEstimated_INR + -12.5
None
ls_gain_coeffs:
[-146.78390335 -138.92059027 -132.67047034 -136.52390306 -137.19193261
 -128.28841506 -145.35937064 -134.08346482 -143.10860915 -145.37600372
 -135.17268873 -135.3259688  -141.1359404  -119.29516169 -128.83574748]
inrs_hat:  [-35.79420331 -27.93089023 -21.6807703  -25.53420301 -26.20223257
 -17.29871501 -34.3696706  -23.09376478 -32.11890911 -34.38630368
 -24.18298869 -24.33626876 -30.14624036  -8.30546165 -17.84604744]
scheduled_ues:  [ 0  1  2  3  4  5  6  7  8  9 10 11 12 14]
(1, 15, 1, 4, 1, 1)
caused INR: -15.232235142484193
TpsAltruisticFromLsfGain + IndividualEstimated_INR + -15.0
None
ls_gain_coeffs:
[-146.78390335 -138.92059027 -132.67047034 -136.52390306 -137.19193261
 -128.28841506 -145.35937064 -134.08346482 -143.10860915 -145.37600372
 -135.17268873 -135.3259688  -141.1359404  -119.29516169 -128.83574748]
inrs_hat:  [-35.79420331 -27.93089023 -21.6807703  -25.53420301 -26.20223257
 -17.29871501 -34.3696706  -23.09376478 -32.11890911 -34.38630368
 -24.18298869 -24.33626876 -30.14624036  -8.30546165 -17.84604744]
scheduled_ues:  [ 0  1  2  3  4  5  6  7  8  9 10 11 12 14]
(1, 15, 1, 4, 1, 1)
caused INR: -15.232235142484193
TpsAltruisticFromLsfGain + CumulativeIndividualEstimated_INR + -10.0
None
(1, 15, 1, 4, 1, 1)
caused INR: -15.232235142484193
TpsAltruisticFromLsfGain + CumulativeIndividualEstimated_INR + -12.5
None
(1, 15, 1, 4, 1, 1)
caused INR: -16.229634387364115
TpsAltruisticFromLsfGain + CumulativeIndividualEstimated_INR + -15.0
None
(1, 15, 1, 4, 1, 1)
caused INR: -20.2916708104891
TpsRandomic + IndividualEstimated_INR + -10.0
None
ls_gain_coeffs:
[-138.49917329 -130.15402977 -123.29420495 -136.52390306 -121.21382956
 -114.47766896 -145.35937064 -120.74574156 -130.18189778 -128.78931385
 -118.54933188 -125.03551905 -141.1359404  -119.29516169 -128.83574748]
inrs_hat:  [-27.50947325 -19.16432973 -12.3045049  -25.53420301 -10.22412952
  -3.48796891 -34.3696706   -9.75604152 -19.19219774 -17.7996138
  -7.55963183 -14.045819   -30.14624036  -8.30546165 -17.84604744]
scheduled_ues:  [ 0  1  2  3  4  6  8  9 11 12 14]
(1, 15, 1, 4, 1, 1)
caused INR: -0.29059919541728496
TpsRandomic + IndividualEstimated_INR + -12.5
None
ls_gain_coeffs:
[-138.49917329 -130.15402977 -115.25459772 -136.52390306 -123.05504077
 -110.20842018 -130.85239794 -131.39509504 -126.36858026 -145.37600372
 -135.17268873 -117.96178543 -124.34925613 -111.97324357 -111.9435149 ]
inrs_hat:  [-27.50947325 -19.16432973  -4.26489768 -25.53420301 -12.06534072
   0.78127986 -19.8626979  -20.405395   -15.37888021 -34.38630368
 -24.18298869  -6.97208539 -13.35955609  -0.98354353  -0.95381486]
scheduled_ues:  [ 0  1  3  6  7  8  9 10 12]
(1, 15, 1, 4, 1, 1)
caused INR: -8.07975948621699
TpsRandomic + IndividualEstimated_INR + -15.0
None
ls_gain_coeffs:
[-146.78390335 -122.19866779 -132.67047034 -130.00533258 -131.81421836
 -110.20842018 -131.88508429 -131.39509504 -126.36858026 -132.51600212
 -135.17268873 -125.03551905 -128.39285269 -111.97324357 -119.26099618]
inrs_hat:  [-35.79420331 -11.20896774 -21.6807703  -19.01563253 -20.82451832
   0.78127986 -20.89538425 -20.405395   -15.37888021 -21.52630208
 -24.18298869 -14.045819   -17.40315265  -0.98354353  -8.27129614]
scheduled_ues:  [ 0  2  3  4  6  7  8  9 10 12]
(1, 15, 1, 4, 1, 1)
caused INR: -9.474383918028018
TpsRandomic + CumulativeIndividualEstimated_INR + -10.0
None
(1, 15, 1, 4, 1, 1)
caused INR: -11.762258128021584
TpsRandomic + CumulativeIndividualEstimated_INR + -12.5
None
(1, 15, 1, 4, 1, 1)
caused INR: -12.165599023759643
TpsRandomic + CumulativeIndividualEstimated_INR + -15.0
None
(1, 15, 1, 4, 1, 1)
caused INR: -21.29877267610498
Iteration number 29
TpsAltruisticFromLsfGain + IndividualEstimated_INR + -10.0
None
ls_gain_coeffs:
[-140.32764708 -127.48575028 -133.74744128 -134.358437   -134.44494868
 -145.68174696 -124.38012895 -137.19321369 -131.72662899 -131.64232923
 -149.47640384 -128.46907522 -149.48872061 -133.0257886  -144.68588147]
inrs_hat:  [-29.33794703 -16.49605023 -22.75774124 -23.36873696 -23.45524864
 -34.69204692 -13.39042891 -26.20351365 -20.73692894 -20.65262919
 -38.4867038  -17.47937518 -38.49902057 -22.03608856 -33.69618143]
scheduled_ues:  [ 0  1  2  3  4  5  6  7  8  9 10 11 12 13 14]
(1, 15, 1, 4, 1, 1)
caused INR: -12.313214702568487
TpsAltruisticFromLsfGain + IndividualEstimated_INR + -12.5
None
ls_gain_coeffs:
[-140.32764708 -127.48575028 -133.74744128 -134.358437   -134.44494868
 -145.68174696 -124.38012895 -137.19321369 -131.72662899 -131.64232923
 -149.47640384 -128.46907522 -149.48872061 -133.0257886  -144.68588147]
inrs_hat:  [-29.33794703 -16.49605023 -22.75774124 -23.36873696 -23.45524864
 -34.69204692 -13.39042891 -26.20351365 -20.73692894 -20.65262919
 -38.4867038  -17.47937518 -38.49902057 -22.03608856 -33.69618143]
scheduled_ues:  [ 0  1  2  3  4  5  6  7  8  9 10 11 12 13 14]
(1, 15, 1, 4, 1, 1)
caused INR: -12.313214702568487
TpsAltruisticFromLsfGain + IndividualEstimated_INR + -15.0
None
ls_gain_coeffs:
[-140.32764708 -127.48575028 -133.74744128 -134.358437   -134.44494868
 -145.68174696 -124.38012895 -137.19321369 -131.72662899 -131.64232923
 -149.47640384 -128.46907522 -149.48872061 -133.0257886  -144.68588147]
inrs_hat:  [-29.33794703 -16.49605023 -22.75774124 -23.36873696 -23.45524864
 -34.69204692 -13.39042891 -26.20351365 -20.73692894 -20.65262919
 -38.4867038  -17.47937518 -38.49902057 -22.03608856 -33.69618143]
scheduled_ues:  [ 0  1  2  3  4  5  7  8  9 10 11 12 13 14]
(1, 15, 1, 4, 1, 1)
caused INR: -14.25940065992947
TpsAltruisticFromLsfGain + CumulativeIndividualEstimated_INR + -10.0
None
(1, 15, 1, 4, 1, 1)
caused INR: -14.25940065992947
TpsAltruisticFromLsfGain + CumulativeIndividualEstimated_INR + -12.5
None
(1, 15, 1, 4, 1, 1)
caused INR: -27.249611944659268
TpsAltruisticFromLsfGain + CumulativeIndividualEstimated_INR + -15.0
None
(1, 15, 1, 4, 1, 1)
caused INR: -21.953218778694055
TpsRandomic + IndividualEstimated_INR + -10.0
None
ls_gain_coeffs:
[-131.62998076 -115.76212054 -129.14549254 -117.87466747 -117.17488225
 -128.80124455 -113.86967264 -123.2006614  -114.90195901 -129.06023359
 -149.47640384 -114.14323938 -137.65686729 -119.44638656 -130.6357706 ]
inrs_hat:  [-20.64028072  -4.77242049 -18.15579249  -6.88496743  -6.18518221
 -17.8115445   -2.8799726  -12.21096135  -3.91225897 -18.07053355
 -38.4867038   -3.15353934 -26.66716725  -8.45668651 -19.64607056]
scheduled_ues:  [ 0  2  5  7  9 10 12 14]
(1, 15, 1, 4, 1, 1)
caused INR: -2.1172530473020066
TpsRandomic + IndividualEstimated_INR + -12.5
None
ls_gain_coeffs:
[-131.62998076 -115.76212054 -118.23787545 -117.87466747 -121.66319146
 -136.01658695 -124.38012895 -137.19321369 -114.90195901 -131.64232923
 -149.47640384 -114.14323938 -149.48872061 -125.30701545 -142.27311517]
inrs_hat:  [-20.64028072  -4.77242049  -7.24817541  -6.88496743 -10.67349141
 -25.02688691 -13.39042891 -26.20351365  -3.91225897 -20.65262919
 -38.4867038   -3.15353934 -38.49902057 -14.31731541 -31.28341513]
scheduled_ues:  [ 0  5  6  7  9 10 12 13 14]
(1, 15, 1, 4, 1, 1)
caused INR: -9.897463433908515
TpsRandomic + IndividualEstimated_INR + -15.0
None
ls_gain_coeffs:
[-140.32764708 -115.76212054 -133.74744128 -117.87466747 -117.17488225
 -128.80124455 -124.38012895 -132.54035681 -114.90195901 -129.06023359
 -132.8089596  -125.64272146 -137.65686729 -119.44638656 -142.27311517]
inrs_hat:  [-29.33794703  -4.77242049 -22.75774124  -6.88496743  -6.18518221
 -17.8115445  -13.39042891 -21.55065676  -3.91225897 -18.07053355
 -21.81925955 -14.65302142 -26.66716725  -8.45668651 -31.28341513]
scheduled_ues:  [ 0  2  5  7  9 10 12 14]
(1, 15, 1, 4, 1, 1)
caused INR: -18.14839915635528
TpsRandomic + CumulativeIndividualEstimated_INR + -10.0
None
(1, 15, 1, 4, 1, 1)
caused INR: -10.952422912278157
TpsRandomic + CumulativeIndividualEstimated_INR + -12.5
None
(1, 15, 1, 4, 1, 1)
caused INR: -17.956282796215323
TpsRandomic + CumulativeIndividualEstimated_INR + -15.0
None
(1, 15, 1, 4, 1, 1)
caused INR: -18.69403926553503
Iteration number 30
TpsAltruisticFromLsfGain + IndividualEstimated_INR + -10.0
None
ls_gain_coeffs:
[-149.57497307 -145.21583155 -140.23540024 -144.29106233 -140.44399341
 -121.44420227 -125.45072883 -119.34184308 -132.77388803 -147.9248064
 -141.33777438 -141.88168949 -143.65732052 -128.19912904 -147.72520431]
inrs_hat:  [-38.58527302 -34.2261315  -29.2457002  -33.30136228 -29.45429337
 -10.45450223 -14.46102878  -8.35214303 -21.78418798 -36.93510635
 -30.34807433 -30.89198945 -32.66762047 -17.209429   -36.73550426]
scheduled_ues:  [ 0  1  2  3  4  5  6  8  9 10 11 12 13 14]
(1, 15, 1, 4, 1, 1)
caused INR: -12.508557002154765
TpsAltruisticFromLsfGain + IndividualEstimated_INR + -12.5
None
ls_gain_coeffs:
[-149.57497307 -145.21583155 -140.23540024 -144.29106233 -140.44399341
 -121.44420227 -125.45072883 -119.34184308 -132.77388803 -147.9248064
 -141.33777438 -141.88168949 -143.65732052 -128.19912904 -147.72520431]
inrs_hat:  [-38.58527302 -34.2261315  -29.2457002  -33.30136228 -29.45429337
 -10.45450223 -14.46102878  -8.35214303 -21.78418798 -36.93510635
 -30.34807433 -30.89198945 -32.66762047 -17.209429   -36.73550426]
scheduled_ues:  [ 0  1  2  3  4  6  8  9 10 11 12 13 14]
(1, 15, 1, 4, 1, 1)
caused INR: -15.493927946954368
TpsAltruisticFromLsfGain + IndividualEstimated_INR + -15.0
None
ls_gain_coeffs:
[-149.57497307 -145.21583155 -140.23540024 -144.29106233 -140.44399341
 -121.44420227 -125.45072883 -119.34184308 -132.77388803 -147.9248064
 -141.33777438 -141.88168949 -143.65732052 -128.19912904 -147.72520431]
inrs_hat:  [-38.58527302 -34.2261315  -29.2457002  -33.30136228 -29.45429337
 -10.45450223 -14.46102878  -8.35214303 -21.78418798 -36.93510635
 -30.34807433 -30.89198945 -32.66762047 -17.209429   -36.73550426]
scheduled_ues:  [ 0  1  2  3  4  8  9 10 11 12 13 14]
(1, 15, 1, 4, 1, 1)
caused INR: -29.272269451803584
TpsAltruisticFromLsfGain + CumulativeIndividualEstimated_INR + -10.0
None
(1, 15, 1, 4, 1, 1)
caused INR: -15.493927946954368
TpsAltruisticFromLsfGain + CumulativeIndividualEstimated_INR + -12.5
None
(1, 15, 1, 4, 1, 1)
caused INR: -29.272269451803584
TpsAltruisticFromLsfGain + CumulativeIndividualEstimated_INR + -15.0
None
(1, 15, 1, 4, 1, 1)
caused INR: -25.437510225152952
TpsRandomic + IndividualEstimated_INR + -10.0
None
ls_gain_coeffs:
[-140.65888099 -137.46691095 -126.7506449  -144.29106233 -140.44399341
 -107.10019782 -114.32153229 -101.39150434 -122.14289359 -137.34204913
 -141.33777438 -128.84400476 -136.19899372 -110.223848   -139.26519216]
inrs_hat:  [-29.66918095 -26.47721091 -15.76094486 -33.30136228 -29.45429337
   3.88950222  -3.33183224   9.5981957  -11.15319354 -26.35234909
 -30.34807433 -17.85430472 -25.20929368   0.76585205 -28.27549211]
scheduled_ues:  [ 0  1  2  3  4  8  9 10 11 12 14]
(1, 15, 1, 4, 1, 1)
caused INR: -18.402134593289635
TpsRandomic + IndividualEstimated_INR + -12.5
None
ls_gain_coeffs:
[-137.70389396 -145.21583155 -132.42694112 -134.27132301 -128.64954395
 -121.44420227 -125.45072883 -101.39150434 -132.77388803 -137.4051185
 -128.96168004 -128.84400476 -130.48780891 -110.223848   -131.08818999]
inrs_hat:  [-26.71419392 -34.2261315  -21.43724108 -23.28162296 -17.65984391
 -10.45450223 -14.46102878   9.5981957  -21.78418798 -26.41541846
 -17.97197999 -17.85430472 -19.49810887   0.76585205 -20.09848995]
scheduled_ues:  [ 0  1  2  3  4  6  8  9 10 11 12 14]
(1, 15, 1, 4, 1, 1)
caused INR: -9.166636302830602
TpsRandomic + IndividualEstimated_INR + -15.0
None
ls_gain_coeffs:
[-149.57497307 -132.30557418 -132.42694112 -144.29106233 -140.44399341
 -114.77012572 -114.32153229 -107.6617002  -132.77388803 -147.9248064
 -141.33777438 -134.26800402 -127.12260132 -128.19912904 -139.26519216]
inrs_hat:  [-38.58527302 -21.31587414 -21.43724108 -33.30136228 -29.45429337
  -3.78042567  -3.33183224   3.32799984 -21.78418798 -36.93510635
 -30.34807433 -23.27830397 -16.13290127 -17.209429   -28.27549211]
scheduled_ues:  [ 0  1  2  3  4  8  9 10 11 12 13 14]
(1, 15, 1, 4, 1, 1)
caused INR: -22.011235509562717
TpsRandomic + CumulativeIndividualEstimated_INR + -10.0
None
(1, 15, 1, 4, 1, 1)
caused INR: -12.954555164359999
TpsRandomic + CumulativeIndividualEstimated_INR + -12.5
None
(1, 15, 1, 4, 1, 1)
caused INR: -25.72409944988372
TpsRandomic + CumulativeIndividualEstimated_INR + -15.0
None
(1, 15, 1, 4, 1, 1)
caused INR: -18.367849796414188
Iteration number 31
TpsAltruisticFromLsfGain + IndividualEstimated_INR + -10.0
None
ls_gain_coeffs:
[-123.72278867 -139.29668631 -132.93261253 -140.05115736 -145.35947919
 -132.90738537 -148.80995332 -144.76582775 -130.5754248  -132.11775653
 -131.17133489 -143.72942306 -145.98623084 -149.11719514 -142.002696  ]
inrs_hat:  [-12.73308862 -28.30698626 -21.94291249 -29.06145732 -34.36977915
 -21.91768533 -37.82025328 -33.77612771 -19.58572476 -21.12805649
 -20.18163485 -32.73972301 -34.9965308  -38.1274951  -31.01299595]
scheduled_ues:  [ 0  1  2  3  4  5  6  7  8  9 10 11 12 13 14]
(1, 15, 1, 4, 1, 1)
caused INR: -15.995929230603373
TpsAltruisticFromLsfGain + IndividualEstimated_INR + -12.5
None
ls_gain_coeffs:
[-123.72278867 -139.29668631 -132.93261253 -140.05115736 -145.35947919
 -132.90738537 -148.80995332 -144.76582775 -130.5754248  -132.11775653
 -131.17133489 -143.72942306 -145.98623084 -149.11719514 -142.002696  ]
inrs_hat:  [-12.73308862 -28.30698626 -21.94291249 -29.06145732 -34.36977915
 -21.91768533 -37.82025328 -33.77612771 -19.58572476 -21.12805649
 -20.18163485 -32.73972301 -34.9965308  -38.1274951  -31.01299595]
scheduled_ues:  [ 0  1  2  3  4  5  6  7  8  9 10 11 12 13 14]
(1, 15, 1, 4, 1, 1)
caused INR: -15.995929230603373
TpsAltruisticFromLsfGain + IndividualEstimated_INR + -15.0
None
ls_gain_coeffs:
[-123.72278867 -139.29668631 -132.93261253 -140.05115736 -145.35947919
 -132.90738537 -148.80995332 -144.76582775 -130.5754248  -132.11775653
 -131.17133489 -143.72942306 -145.98623084 -149.11719514 -142.002696  ]
inrs_hat:  [-12.73308862 -28.30698626 -21.94291249 -29.06145732 -34.36977915
 -21.91768533 -37.82025328 -33.77612771 -19.58572476 -21.12805649
 -20.18163485 -32.73972301 -34.9965308  -38.1274951  -31.01299595]
scheduled_ues:  [ 1  2  3  4  5  6  7  8  9 10 11 12 13 14]
(1, 15, 1, 4, 1, 1)
caused INR: -13.62202957756519
TpsAltruisticFromLsfGain + CumulativeIndividualEstimated_INR + -10.0
None
(1, 15, 1, 4, 1, 1)
caused INR: -15.995929230603373
TpsAltruisticFromLsfGain + CumulativeIndividualEstimated_INR + -12.5
None
(1, 15, 1, 4, 1, 1)
caused INR: -13.62202957756519
TpsAltruisticFromLsfGain + CumulativeIndividualEstimated_INR + -15.0
None
(1, 15, 1, 4, 1, 1)
caused INR: -18.741166796620497
TpsRandomic + IndividualEstimated_INR + -10.0
None
ls_gain_coeffs:
[-106.57031251 -122.34450172 -118.91368558 -123.61575911 -145.35947919
 -120.12719476 -148.80995332 -129.8212222  -112.8925952  -122.09408782
 -116.69595354 -130.51699762 -138.87492188 -141.94393697 -131.25317789]
inrs_hat:  [  4.41938753 -11.35480168  -7.92398554 -12.62605907 -34.36977915
  -9.13749471 -37.82025328 -18.83152216  -1.90289515 -11.10438777
  -5.7062535  -19.52729758 -27.88522183 -30.95423693 -20.26347785]
scheduled_ues:  [ 1  3  4  6  7  9 11 12 13 14]
(1, 15, 1, 4, 1, 1)
caused INR: -13.154837469104265
TpsRandomic + IndividualEstimated_INR + -12.5
None
ls_gain_coeffs:
[-123.72278867 -122.34450172 -128.20063168 -133.36465601 -128.55271388
 -132.90738537 -148.80995332 -131.07272498 -120.4887618  -132.11775653
 -116.69595354 -129.74617218 -129.49621658 -141.94393697 -130.98960759]
inrs_hat:  [-12.73308862 -11.35480168 -17.21093164 -22.37495596 -17.56301383
 -21.91768533 -37.82025328 -20.08302493  -9.49906176 -21.12805649
  -5.7062535  -18.75647214 -18.50651653 -30.95423693 -19.99990754]
scheduled_ues:  [ 0  2  3  4  5  6  7  9 11 12 13 14]
(1, 15, 1, 4, 1, 1)
caused INR: -11.763122489446133
TpsRandomic + IndividualEstimated_INR + -15.0
None
ls_gain_coeffs:
[-110.85793737 -139.29668631 -117.33635863 -133.36465601 -134.08903469
 -132.90738537 -135.4303171  -144.76582775 -112.8925952  -132.11775653
 -125.06999084 -130.51699762 -138.87492188 -132.71074288 -124.90059274]
inrs_hat:  [  0.13176268 -28.30698626  -6.34665859 -22.37495596 -23.09933465
 -21.91768533 -24.44061706 -33.77612771  -1.90289515 -21.12805649
 -14.0802908  -19.52729758 -27.88522183 -21.72104284 -13.9108927 ]
scheduled_ues:  [ 1  3  4  5  6  7  9 11 12 13]
(1, 15, 1, 4, 1, 1)
caused INR: -14.961854315234191
TpsRandomic + CumulativeIndividualEstimated_INR + -10.0
None
(1, 15, 1, 4, 1, 1)
caused INR: -18.84703421470996
TpsRandomic + CumulativeIndividualEstimated_INR + -12.5
None
(1, 15, 1, 4, 1, 1)
caused INR: -7.749705965391197
TpsRandomic + CumulativeIndividualEstimated_INR + -15.0
None
(1, 15, 1, 4, 1, 1)
caused INR: -13.455626973402108
Iteration number 32
TpsAltruisticFromLsfGain + IndividualEstimated_INR + -10.0
None
ls_gain_coeffs:
[-133.45023324 -145.45698195 -132.2880373  -141.685248   -145.58491472
 -137.03764764 -143.28314908 -146.4893441  -147.83888613 -143.90867577
 -143.36424985 -130.46864705 -130.56146927 -143.6963237  -131.59588017]
inrs_hat:  [-22.4605332  -34.46728191 -21.29833726 -30.69554796 -34.59521467
 -26.0479476  -32.29344904 -35.49964406 -36.84918608 -32.91897573
 -32.37454981 -19.47894701 -19.57176923 -32.70662365 -20.60618012]
scheduled_ues:  [ 0  1  2  3  4  5  6  7  8  9 10 11 12 13 14]
(1, 15, 1, 4, 1, 1)
caused INR: -10.046664019754045
TpsAltruisticFromLsfGain + IndividualEstimated_INR + -12.5
None
ls_gain_coeffs:
[-133.45023324 -145.45698195 -132.2880373  -141.685248   -145.58491472
 -137.03764764 -143.28314908 -146.4893441  -147.83888613 -143.90867577
 -143.36424985 -130.46864705 -130.56146927 -143.6963237  -131.59588017]
inrs_hat:  [-22.4605332  -34.46728191 -21.29833726 -30.69554796 -34.59521467
 -26.0479476  -32.29344904 -35.49964406 -36.84918608 -32.91897573
 -32.37454981 -19.47894701 -19.57176923 -32.70662365 -20.60618012]
scheduled_ues:  [ 0  1  2  3  4  5  6  7  8  9 10 11 12 13 14]
(1, 15, 1, 4, 1, 1)
caused INR: -10.046664019754045
TpsAltruisticFromLsfGain + IndividualEstimated_INR + -15.0
None
ls_gain_coeffs:
[-133.45023324 -145.45698195 -132.2880373  -141.685248   -145.58491472
 -137.03764764 -143.28314908 -146.4893441  -147.83888613 -143.90867577
 -143.36424985 -130.46864705 -130.56146927 -143.6963237  -131.59588017]
inrs_hat:  [-22.4605332  -34.46728191 -21.29833726 -30.69554796 -34.59521467
 -26.0479476  -32.29344904 -35.49964406 -36.84918608 -32.91897573
 -32.37454981 -19.47894701 -19.57176923 -32.70662365 -20.60618012]
scheduled_ues:  [ 0  1  2  3  4  5  6  7  8  9 10 11 12 13 14]
(1, 15, 1, 4, 1, 1)
caused INR: -10.046664019754045
TpsAltruisticFromLsfGain + CumulativeIndividualEstimated_INR + -10.0
None
(1, 15, 1, 4, 1, 1)
caused INR: -10.046664019754045
TpsAltruisticFromLsfGain + CumulativeIndividualEstimated_INR + -12.5
None
(1, 15, 1, 4, 1, 1)
caused INR: -10.046664019754045
TpsAltruisticFromLsfGain + CumulativeIndividualEstimated_INR + -15.0
None
(1, 15, 1, 4, 1, 1)
caused INR: -11.095150976591395
TpsRandomic + IndividualEstimated_INR + -10.0
None
ls_gain_coeffs:
[-120.68888824 -142.79770245 -131.76297359 -129.0851647  -135.50602993
 -137.03764764 -137.4863052  -130.43935433 -147.83888613 -135.23047902
 -130.20872718 -125.15499219 -126.07428254 -133.49014525 -121.93853452]
inrs_hat:  [ -9.6991882  -31.8080024  -20.77327355 -18.09546466 -24.51632989
 -26.0479476  -26.49660515 -19.44965429 -36.84918608 -24.24077897
 -19.21902713 -14.16529215 -15.08458249 -22.50044521 -10.94883447]
scheduled_ues:  [ 1  2  3  4  5  6  7  8  9 10 11 12 13 14]
(1, 15, 1, 4, 1, 1)
caused INR: -14.483845581751245
TpsRandomic + IndividualEstimated_INR + -12.5
None
ls_gain_coeffs:
[-133.45023324 -131.24252895 -119.67141606 -141.685248   -128.74389156
 -120.04160362 -127.04215332 -146.4893441  -132.80410505 -131.50505555
 -136.0535106  -116.25582876 -130.56146927 -133.49014525 -119.99377328]
inrs_hat:  [-22.4605332  -20.25282891  -8.68171602 -30.69554796 -17.75419152
  -9.05190358 -16.05245328 -35.49964406 -21.814405   -20.51535551
 -25.06381056  -5.26612872 -19.57176923 -22.50044521  -9.00407324]
scheduled_ues:  [ 0  1  3  4  6  7  8  9 10 12 13]
(1, 15, 1, 4, 1, 1)
caused INR: -11.216263494242863
TpsRandomic + IndividualEstimated_INR + -15.0
None
ls_gain_coeffs:
[-133.45023324 -132.12895545 -131.76297359 -141.20979811 -135.50602993
 -137.03764764 -127.04215332 -130.43935433 -134.10069559 -131.50505555
 -130.20872718 -116.25582876 -130.56146927 -132.57280322 -121.93853452]
inrs_hat:  [-22.4605332  -21.13925541 -20.77327355 -30.22009806 -24.51632989
 -26.0479476  -16.05245328 -19.44965429 -23.11099554 -20.51535551
 -19.21902713  -5.26612872 -19.57176923 -21.58310318 -10.94883447]
scheduled_ues:  [ 0  1  2  3  4  5  6  7  8  9 10 12 13]
(1, 15, 1, 4, 1, 1)
caused INR: -9.576150593127096
TpsRandomic + CumulativeIndividualEstimated_INR + -10.0
None
(1, 15, 1, 4, 1, 1)
caused INR: -13.762286005046171
TpsRandomic + CumulativeIndividualEstimated_INR + -12.5
None
(1, 15, 1, 4, 1, 1)
caused INR: -19.156002846131763
TpsRandomic + CumulativeIndividualEstimated_INR + -15.0
None
(1, 15, 1, 4, 1, 1)
caused INR: -9.879020117180806
Iteration number 33
TpsAltruisticFromLsfGain + IndividualEstimated_INR + -10.0
None
ls_gain_coeffs:
[-136.9273766  -145.13785773 -135.60364848 -134.32807981 -131.34814389
 -142.23397043 -142.62004672 -123.1380313  -148.70965607 -141.22942207
 -151.50364783 -140.93704076 -143.32482105 -139.16622556 -147.77981145]
inrs_hat:  [-25.93767656 -34.14815768 -24.61394844 -23.33837976 -20.35844384
 -31.24427038 -31.63034668 -12.14833126 -37.71995602 -30.23972203
 -40.51394778 -29.94734071 -32.33512101 -28.17652552 -36.7901114 ]
scheduled_ues:  [ 0  1  2  3  4  5  6  7  8  9 10 11 12 13 14]
(1, 15, 1, 4, 1, 1)
caused INR: -18.33275562718005
TpsAltruisticFromLsfGain + IndividualEstimated_INR + -12.5
None
ls_gain_coeffs:
[-136.9273766  -145.13785773 -135.60364848 -134.32807981 -131.34814389
 -142.23397043 -142.62004672 -123.1380313  -148.70965607 -141.22942207
 -151.50364783 -140.93704076 -143.32482105 -139.16622556 -147.77981145]
inrs_hat:  [-25.93767656 -34.14815768 -24.61394844 -23.33837976 -20.35844384
 -31.24427038 -31.63034668 -12.14833126 -37.71995602 -30.23972203
 -40.51394778 -29.94734071 -32.33512101 -28.17652552 -36.7901114 ]
scheduled_ues:  [ 0  1  2  3  4  5  6  8  9 10 11 12 13 14]
(1, 15, 1, 4, 1, 1)
caused INR: -10.47477519626308
TpsAltruisticFromLsfGain + IndividualEstimated_INR + -15.0
None
ls_gain_coeffs:
[-136.9273766  -145.13785773 -135.60364848 -134.32807981 -131.34814389
 -142.23397043 -142.62004672 -123.1380313  -148.70965607 -141.22942207
 -151.50364783 -140.93704076 -143.32482105 -139.16622556 -147.77981145]
inrs_hat:  [-25.93767656 -34.14815768 -24.61394844 -23.33837976 -20.35844384
 -31.24427038 -31.63034668 -12.14833126 -37.71995602 -30.23972203
 -40.51394778 -29.94734071 -32.33512101 -28.17652552 -36.7901114 ]
scheduled_ues:  [ 0  1  2  3  4  5  6  8  9 10 11 12 13 14]
(1, 15, 1, 4, 1, 1)
caused INR: -10.47477519626308
TpsAltruisticFromLsfGain + CumulativeIndividualEstimated_INR + -10.0
None
(1, 15, 1, 4, 1, 1)
caused INR: -18.33275562718005
TpsAltruisticFromLsfGain + CumulativeIndividualEstimated_INR + -12.5
None
(1, 15, 1, 4, 1, 1)
caused INR: -10.47477519626308
TpsAltruisticFromLsfGain + CumulativeIndividualEstimated_INR + -15.0
None
(1, 15, 1, 4, 1, 1)
caused INR: -10.47477519626308
TpsRandomic + IndividualEstimated_INR + -10.0
None
ls_gain_coeffs:
[-131.04658686 -131.64250793 -130.72128786 -134.32807981 -131.34814389
 -129.56142985 -125.61276408 -113.29247778 -140.32372285 -136.58030692
 -139.71790409 -127.29789431 -126.93866961 -125.07767261 -138.72793874]
inrs_hat:  [-20.05688682 -20.65280789 -19.73158782 -23.33837976 -20.35844384
 -18.57172981 -14.62306404  -2.30277773 -29.33402281 -25.59060688
 -28.72820405 -16.30819426 -15.94896957 -14.08797257 -27.7382387 ]
scheduled_ues:  [ 0  1  2  3  4  5  6  8  9 10 11 12 13 14]
(1, 15, 1, 4, 1, 1)
caused INR: -3.9464949102666447
TpsRandomic + IndividualEstimated_INR + -12.5
None
ls_gain_coeffs:
[-120.76306084 -130.58875813 -119.9071414  -117.23284978 -126.67105859
 -129.56142985 -125.61276408 -113.29247778 -140.32372285 -125.68841197
 -151.50364783 -140.93704076 -126.93866961 -125.07767261 -131.0621366 ]
inrs_hat:  [ -9.7733608  -19.59905809  -8.91744136  -6.24314974 -15.68135855
 -18.57172981 -14.62306404  -2.30277773 -29.33402281 -14.69871193
 -40.51394778 -29.94734071 -15.94896957 -14.08797257 -20.07243655]
scheduled_ues:  [ 1  4  5  6  8  9 10 11 12 13 14]
(1, 15, 1, 4, 1, 1)
caused INR: -7.226690415973476
TpsRandomic + IndividualEstimated_INR + -15.0
None
ls_gain_coeffs:
[-122.92113482 -145.13785773 -130.72128786 -123.96064826 -115.78848702
 -133.84811078 -131.91393411 -123.1380313  -136.33275782 -136.58030692
 -142.34836066 -127.29789431 -136.71428842 -139.16622556 -131.0621366 ]
inrs_hat:  [-11.93143478 -34.14815768 -19.73158782 -12.97094822  -4.79878698
 -22.85841074 -20.92423407 -12.14833126 -25.34305778 -25.59060688
 -31.35866062 -16.30819426 -25.72458837 -28.17652552 -20.07243655]
scheduled_ues:  [ 1  2  5  6  8  9 10 11 12 13 14]
(1, 15, 1, 4, 1, 1)
caused INR: -3.9786577693313934
TpsRandomic + CumulativeIndividualEstimated_INR + -10.0
None
(1, 15, 1, 4, 1, 1)
caused INR: -9.13195975717941
TpsRandomic + CumulativeIndividualEstimated_INR + -12.5
None
(1, 15, 1, 4, 1, 1)
caused INR: -18.914305915194692
TpsRandomic + CumulativeIndividualEstimated_INR + -15.0
None
(1, 15, 1, 4, 1, 1)
caused INR: -10.629497785103482
Iteration number 34
TpsAltruisticFromLsfGain + IndividualEstimated_INR + -10.0
None
ls_gain_coeffs:
[-144.20017314 -132.13063716 -127.34064993 -140.91880717 -123.37694512
 -142.9845176  -140.25157992 -126.76323155 -130.66380661 -144.22672692
 -117.85239035 -136.76297244 -146.80403871 -122.92956353 -135.55849489]
inrs_hat:  [-33.2104731  -21.14093712 -16.35094989 -29.92910713 -12.38724508
 -31.99481756 -29.26187988 -15.77353151 -19.67410656 -33.23702688
  -6.8626903  -25.77327239 -35.81433867 -11.93986349 -24.56879484]
scheduled_ues:  [ 0  1  2  3  4  5  6  7  8  9 11 12 13 14]
(1, 15, 1, 4, 1, 1)
caused INR: -5.885132023365474
TpsAltruisticFromLsfGain + IndividualEstimated_INR + -12.5
None
ls_gain_coeffs:
[-144.20017314 -132.13063716 -127.34064993 -140.91880717 -123.37694512
 -142.9845176  -140.25157992 -126.76323155 -130.66380661 -144.22672692
 -117.85239035 -136.76297244 -146.80403871 -122.92956353 -135.55849489]
inrs_hat:  [-33.2104731  -21.14093712 -16.35094989 -29.92910713 -12.38724508
 -31.99481756 -29.26187988 -15.77353151 -19.67410656 -33.23702688
  -6.8626903  -25.77327239 -35.81433867 -11.93986349 -24.56879484]
scheduled_ues:  [ 0  1  2  3  5  6  7  8  9 11 12 14]
(1, 15, 1, 4, 1, 1)
caused INR: -14.65269282254621
TpsAltruisticFromLsfGain + IndividualEstimated_INR + -15.0
None
ls_gain_coeffs:
[-144.20017314 -132.13063716 -127.34064993 -140.91880717 -123.37694512
 -142.9845176  -140.25157992 -126.76323155 -130.66380661 -144.22672692
 -117.85239035 -136.76297244 -146.80403871 -122.92956353 -135.55849489]
inrs_hat:  [-33.2104731  -21.14093712 -16.35094989 -29.92910713 -12.38724508
 -31.99481756 -29.26187988 -15.77353151 -19.67410656 -33.23702688
  -6.8626903  -25.77327239 -35.81433867 -11.93986349 -24.56879484]
scheduled_ues:  [ 0  1  2  3  5  6  7  8  9 11 12 14]
(1, 15, 1, 4, 1, 1)
caused INR: -14.65269282254621
TpsAltruisticFromLsfGain + CumulativeIndividualEstimated_INR + -10.0
None
(1, 15, 1, 4, 1, 1)
caused INR: -14.65269282254621
TpsAltruisticFromLsfGain + CumulativeIndividualEstimated_INR + -12.5
None
(1, 15, 1, 4, 1, 1)
caused INR: -13.470538514745039
TpsAltruisticFromLsfGain + CumulativeIndividualEstimated_INR + -15.0
None
(1, 15, 1, 4, 1, 1)
caused INR: -17.25668216132131
TpsRandomic + IndividualEstimated_INR + -10.0
None
ls_gain_coeffs:
[-137.03731761 -117.93294814 -113.86983694 -127.06750798 -106.50504822
 -130.38624239 -130.31715044 -126.76323155 -117.22807545 -144.22672692
 -100.97219159 -128.88466422 -146.80403871 -107.53765918 -122.94281207]
inrs_hat:  [-26.04761756  -6.9432481   -2.8801369  -16.07780793   4.48465182
 -19.39654235 -19.32745039 -15.77353151  -6.23837541 -33.23702688
  10.01750845 -17.89496417 -35.81433867   3.45204086 -11.95311202]
scheduled_ues:  [ 0  3  5  6  7  9 11 12 14]
(1, 15, 1, 4, 1, 1)
caused INR: -8.414721465546616
TpsRandomic + IndividualEstimated_INR + -12.5
None
ls_gain_coeffs:
[-127.71487438 -117.93294814 -113.86983694 -127.06750798 -106.50504822
 -142.9845176  -140.25157992 -126.69448658 -114.10869807 -132.6299209
  -96.53359284 -119.80686851 -139.6538402  -122.92956353 -122.94281207]
inrs_hat:  [-16.72517434  -6.9432481   -2.8801369  -16.07780793   4.48465182
 -31.99481756 -29.26187988 -15.70478654  -3.11899802 -21.64022085
  14.4561072   -8.81716846 -28.66414016 -11.93986349 -11.95311202]
scheduled_ues:  [ 0  3  5  6  7  9 12]
(1, 15, 1, 4, 1, 1)
caused INR: -4.335053182263429
TpsRandomic + IndividualEstimated_INR + -15.0
None
ls_gain_coeffs:
[-127.71487438 -116.17685911 -127.34064993 -134.69169419 -123.37694512
 -126.37876298 -128.94944447 -114.27580157 -123.43092068 -134.85939852
 -100.97219159 -123.1706728  -133.51165273 -118.504107   -126.1587842 ]
inrs_hat:  [-16.72517434  -5.18715907 -16.35094989 -23.70199415 -12.38724508
 -15.38906294 -17.95974442  -3.28610153 -12.44122064 -23.86969847
  10.01750845 -12.18097275 -22.52195269  -7.51440696 -15.16908416]
scheduled_ues:  [ 0  2  3  5  6  9 12 14]
(1, 15, 1, 4, 1, 1)
caused INR: -14.469017317843667
TpsRandomic + CumulativeIndividualEstimated_INR + -10.0
None
(1, 15, 1, 4, 1, 1)
caused INR: -5.725648872207958
TpsRandomic + CumulativeIndividualEstimated_INR + -12.5
None
(1, 15, 1, 4, 1, 1)
caused INR: -16.451226275205922
TpsRandomic + CumulativeIndividualEstimated_INR + -15.0
None
(1, 15, 1, 4, 1, 1)
caused INR: -53.405384158605955
Iteration number 35
TpsAltruisticFromLsfGain + IndividualEstimated_INR + -10.0
None
ls_gain_coeffs:
[-146.22057296 -129.72734756 -129.81721033 -139.3984978  -146.46474541
 -140.00040858 -144.31326538 -108.88983989 -146.64410529 -129.92266384
 -142.76194588 -130.08517991 -135.27933514 -138.32456158 -138.42888338]
inrs_hat:  [-35.23087291 -18.73764752 -18.82751029 -28.40879776 -35.47504537
 -29.01070853 -33.32356534   2.09986015 -35.65440525 -18.9329638
 -31.77224584 -19.09547986 -24.28963509 -27.33486153 -27.43918333]
scheduled_ues:  [ 0  1  2  3  4  5  6  8  9 10 11 12 13 14]
(1, 15, 1, 4, 1, 1)
caused INR: -13.904499398913515
TpsAltruisticFromLsfGain + IndividualEstimated_INR + -12.5
None
ls_gain_coeffs:
[-146.22057296 -129.72734756 -129.81721033 -139.3984978  -146.46474541
 -140.00040858 -144.31326538 -108.88983989 -146.64410529 -129.92266384
 -142.76194588 -130.08517991 -135.27933514 -138.32456158 -138.42888338]
inrs_hat:  [-35.23087291 -18.73764752 -18.82751029 -28.40879776 -35.47504537
 -29.01070853 -33.32356534   2.09986015 -35.65440525 -18.9329638
 -31.77224584 -19.09547986 -24.28963509 -27.33486153 -27.43918333]
scheduled_ues:  [ 0  1  2  3  4  5  6  8  9 10 11 12 13 14]
(1, 15, 1, 4, 1, 1)
caused INR: -13.904499398913515
TpsAltruisticFromLsfGain + IndividualEstimated_INR + -15.0
None
ls_gain_coeffs:
[-146.22057296 -129.72734756 -129.81721033 -139.3984978  -146.46474541
 -140.00040858 -144.31326538 -108.88983989 -146.64410529 -129.92266384
 -142.76194588 -130.08517991 -135.27933514 -138.32456158 -138.42888338]
inrs_hat:  [-35.23087291 -18.73764752 -18.82751029 -28.40879776 -35.47504537
 -29.01070853 -33.32356534   2.09986015 -35.65440525 -18.9329638
 -31.77224584 -19.09547986 -24.28963509 -27.33486153 -27.43918333]
scheduled_ues:  [ 0  1  2  3  4  5  6  8  9 10 11 12 13 14]
(1, 15, 1, 4, 1, 1)
caused INR: -13.904499398913515
TpsAltruisticFromLsfGain + CumulativeIndividualEstimated_INR + -10.0
None
(1, 15, 1, 4, 1, 1)
caused INR: -13.904499398913515
TpsAltruisticFromLsfGain + CumulativeIndividualEstimated_INR + -12.5
None
(1, 15, 1, 4, 1, 1)
caused INR: -17.148709635629892
TpsAltruisticFromLsfGain + CumulativeIndividualEstimated_INR + -15.0
None
(1, 15, 1, 4, 1, 1)
caused INR: -19.26690728753738
TpsRandomic + IndividualEstimated_INR + -10.0
None
ls_gain_coeffs:
[-146.22057296 -115.7724325  -116.29801949 -139.3984978  -129.97305897
 -127.71304087 -140.23327442  -89.47594779 -146.64410529 -125.3141118
 -125.86057264 -117.49000902 -122.73095783 -124.99938413 -124.08906865]
inrs_hat:  [-35.23087291  -4.78273246  -5.30831945 -28.40879776 -18.98335893
 -16.72334083 -29.24357438  21.51375226 -35.65440525 -14.32441176
 -14.8708726   -6.50030898 -11.74125779 -14.00968409 -13.0993686 ]
scheduled_ues:  [ 0  3  4  5  6  8  9 10 12 13 14]
(1, 15, 1, 4, 1, 1)
caused INR: -14.685616687106267
TpsRandomic + IndividualEstimated_INR + -12.5
None
ls_gain_coeffs:
[-146.22057296 -125.18740239 -115.22042864 -122.40216364 -146.46474541
 -130.80726459 -140.23327442  -89.47594779 -136.54864946 -114.40869581
 -142.76194588 -130.08517991 -122.73095783 -124.99938413 -131.95045294]
inrs_hat:  [-35.23087291 -14.19770235  -4.2307286  -11.4124636  -35.47504537
 -19.81756455 -29.24357438  21.51375226 -25.55894941  -3.41899577
 -31.77224584 -19.09547986 -11.74125779 -14.00968409 -20.9607529 ]
scheduled_ues:  [ 0  1  4  5  6  8 10 11 13 14]
(1, 15, 1, 4, 1, 1)
caused INR: -21.07285015236259
TpsRandomic + IndividualEstimated_INR + -15.0
None
ls_gain_coeffs:
[-132.18926437 -129.72734756 -116.29801949 -122.40216364 -133.35168374
 -127.71304087 -129.15167141  -98.43140173 -146.64410529 -114.40869581
 -130.63441696 -130.08517991 -122.62418053 -130.3116166  -124.08906865]
inrs_hat:  [-21.19956432 -18.73764752  -5.30831945 -11.4124636  -22.3619837
 -16.72334083 -18.16197137  12.55829831 -35.65440525  -3.41899577
 -19.64471692 -19.09547986 -11.63448048 -19.32191655 -13.0993686 ]
scheduled_ues:  [ 0  1  4  5  6  8 10 11 13]
(1, 15, 1, 4, 1, 1)
caused INR: -7.0533863570594
TpsRandomic + CumulativeIndividualEstimated_INR + -10.0
None
(1, 15, 1, 4, 1, 1)
caused INR: -11.03432799538546
TpsRandomic + CumulativeIndividualEstimated_INR + -12.5
None
(1, 15, 1, 4, 1, 1)
caused INR: -11.795866908561809
TpsRandomic + CumulativeIndividualEstimated_INR + -15.0
None
(1, 15, 1, 4, 1, 1)
caused INR: -20.59754026819785
Iteration number 36
TpsAltruisticFromLsfGain + IndividualEstimated_INR + -10.0
None
ls_gain_coeffs:
[-142.53651742 -125.72753326 -139.59894223 -141.70073166 -147.93318536
 -144.5374658  -143.53363135 -131.12825775 -122.69310731 -132.80611606
 -144.69079956 -143.73491592 -128.20646459 -124.6146895  -125.87025411]
inrs_hat:  [-31.54681738 -14.73783322 -28.60924219 -30.71103162 -36.94348532
 -33.54776576 -32.5439313  -20.13855771 -11.70340727 -21.81641601
 -33.70109952 -32.74521588 -17.21676455 -13.62498946 -14.88055407]
scheduled_ues:  [ 0  1  2  3  4  5  6  7  8  9 10 11 12 13 14]
(1, 15, 1, 4, 1, 1)
caused INR: -12.1582091728827
TpsAltruisticFromLsfGain + IndividualEstimated_INR + -12.5
None
ls_gain_coeffs:
[-142.53651742 -125.72753326 -139.59894223 -141.70073166 -147.93318536
 -144.5374658  -143.53363135 -131.12825775 -122.69310731 -132.80611606
 -144.69079956 -143.73491592 -128.20646459 -124.6146895  -125.87025411]
inrs_hat:  [-31.54681738 -14.73783322 -28.60924219 -30.71103162 -36.94348532
 -33.54776576 -32.5439313  -20.13855771 -11.70340727 -21.81641601
 -33.70109952 -32.74521588 -17.21676455 -13.62498946 -14.88055407]
scheduled_ues:  [ 0  1  2  3  4  5  6  7  9 10 11 12 13 14]
(1, 15, 1, 4, 1, 1)
caused INR: -11.957495087684851
TpsAltruisticFromLsfGain + IndividualEstimated_INR + -15.0
None
ls_gain_coeffs:
[-142.53651742 -125.72753326 -139.59894223 -141.70073166 -147.93318536
 -144.5374658  -143.53363135 -131.12825775 -122.69310731 -132.80611606
 -144.69079956 -143.73491592 -128.20646459 -124.6146895  -125.87025411]
inrs_hat:  [-31.54681738 -14.73783322 -28.60924219 -30.71103162 -36.94348532
 -33.54776576 -32.5439313  -20.13855771 -11.70340727 -21.81641601
 -33.70109952 -32.74521588 -17.21676455 -13.62498946 -14.88055407]
scheduled_ues:  [ 0  2  3  4  5  6  7  9 10 11 12]
(1, 15, 1, 4, 1, 1)
caused INR: -18.58818881485751
TpsAltruisticFromLsfGain + CumulativeIndividualEstimated_INR + -10.0
None
(1, 15, 1, 4, 1, 1)
caused INR: -30.66600779654805
TpsAltruisticFromLsfGain + CumulativeIndividualEstimated_INR + -12.5
None
(1, 15, 1, 4, 1, 1)
caused INR: -18.58818881485751
TpsAltruisticFromLsfGain + CumulativeIndividualEstimated_INR + -15.0
None
(1, 15, 1, 4, 1, 1)
caused INR: -17.036715752764692
TpsRandomic + IndividualEstimated_INR + -10.0
None
ls_gain_coeffs:
[-129.84360382 -125.72753326 -123.05972449 -127.30983892 -133.88675554
 -144.5374658  -134.93326492 -131.12825775 -113.32098244 -119.18134756
 -132.19778039 -143.73491592 -113.68427967 -110.12073902 -111.28746646]
inrs_hat:  [-18.85390377 -14.73783322 -12.07002445 -16.32013888 -22.89705549
 -33.54776576 -23.94356488 -20.13855771  -2.3312824   -8.19164751
 -21.20808035 -32.74521588  -2.69457963   0.86896102  -0.29776642]
scheduled_ues:  [ 0  1  2  3  4  5  6  7 10 11]
(1, 15, 1, 4, 1, 1)
caused INR: -4.908092271254422
TpsRandomic + IndividualEstimated_INR + -12.5
None
ls_gain_coeffs:
[-129.59229021 -107.99019457 -133.0706369  -141.70073166 -142.2351475
 -136.01393026 -143.53363135 -131.12825775 -113.32098244 -119.18134756
 -132.19778039 -126.71071428 -121.96470983 -118.20428769 -125.87025411]
inrs_hat:  [-18.60259017   2.99950547 -22.08093686 -30.71103162 -31.24544745
 -25.02423022 -32.5439313  -20.13855771  -2.3312824   -8.19164751
 -21.20808035 -15.72101423 -10.97500978  -7.21458764 -14.88055407]
scheduled_ues:  [ 0  2  3  4  5  6  7 10 11 14]
(1, 15, 1, 4, 1, 1)
caused INR: -6.961661384724599
TpsRandomic + IndividualEstimated_INR + -15.0
None
ls_gain_coeffs:
[-129.59229021 -107.99019457 -139.59894223 -127.30983892 -133.88675554
 -132.07952203 -134.93326492 -131.12825775 -105.42341865 -126.15435937
 -132.14636122 -126.71071428 -113.68427967 -118.20428769 -111.28746646]
inrs_hat:  [-18.60259017   2.99950547 -28.60924219 -16.32013888 -22.89705549
 -21.08982199 -23.94356488 -20.13855771   5.56628139 -15.16465933
 -21.15666117 -15.72101423  -2.69457963  -7.21458764  -0.29776642]
scheduled_ues:  [ 0  2  3  4  5  6  7  9 10 11]
(1, 15, 1, 4, 1, 1)
caused INR: -8.875547360163253
TpsRandomic + CumulativeIndividualEstimated_INR + -10.0
None
(1, 15, 1, 4, 1, 1)
caused INR: -9.947844772373955
TpsRandomic + CumulativeIndividualEstimated_INR + -12.5
None
(1, 15, 1, 4, 1, 1)
caused INR: -15.990814010071832
TpsRandomic + CumulativeIndividualEstimated_INR + -15.0
None
(1, 15, 1, 4, 1, 1)
caused INR: -27.646494940036188
Iteration number 37
TpsAltruisticFromLsfGain + IndividualEstimated_INR + -10.0
None
ls_gain_coeffs:
[-139.82984891 -131.45170573 -149.08899037 -129.53475393 -139.42607433
 -138.4937618  -146.71093965 -142.01645451 -146.72280429 -145.3603343
 -138.35035568 -149.77101278 -141.47109131 -118.9480023  -128.04897062]
inrs_hat:  [-28.84014887 -20.46200569 -38.09929033 -18.54505389 -28.43637428
 -27.50406175 -35.7212396  -31.02675447 -35.73310425 -34.37063425
 -27.36065564 -38.78131274 -30.48139126  -7.95830226 -17.05927058]
scheduled_ues:  [ 0  1  2  3  4  5  6  7  8  9 10 11 12 14]
(1, 15, 1, 4, 1, 1)
caused INR: -11.934296878785355
TpsAltruisticFromLsfGain + IndividualEstimated_INR + -12.5
None
ls_gain_coeffs:
[-139.82984891 -131.45170573 -149.08899037 -129.53475393 -139.42607433
 -138.4937618  -146.71093965 -142.01645451 -146.72280429 -145.3603343
 -138.35035568 -149.77101278 -141.47109131 -118.9480023  -128.04897062]
inrs_hat:  [-28.84014887 -20.46200569 -38.09929033 -18.54505389 -28.43637428
 -27.50406175 -35.7212396  -31.02675447 -35.73310425 -34.37063425
 -27.36065564 -38.78131274 -30.48139126  -7.95830226 -17.05927058]
scheduled_ues:  [ 0  1  2  3  4  5  6  7  8  9 10 11 12 14]
(1, 15, 1, 4, 1, 1)
caused INR: -11.934296878785355
TpsAltruisticFromLsfGain + IndividualEstimated_INR + -15.0
None
ls_gain_coeffs:
[-139.82984891 -131.45170573 -149.08899037 -129.53475393 -139.42607433
 -138.4937618  -146.71093965 -142.01645451 -146.72280429 -145.3603343
 -138.35035568 -149.77101278 -141.47109131 -118.9480023  -128.04897062]
inrs_hat:  [-28.84014887 -20.46200569 -38.09929033 -18.54505389 -28.43637428
 -27.50406175 -35.7212396  -31.02675447 -35.73310425 -34.37063425
 -27.36065564 -38.78131274 -30.48139126  -7.95830226 -17.05927058]
scheduled_ues:  [ 0  1  2  3  4  5  6  7  8  9 10 11 12 14]
(1, 15, 1, 4, 1, 1)
caused INR: -11.934296878785355
TpsAltruisticFromLsfGain + CumulativeIndividualEstimated_INR + -10.0
None
(1, 15, 1, 4, 1, 1)
caused INR: -11.934296878785355
TpsAltruisticFromLsfGain + CumulativeIndividualEstimated_INR + -12.5
None
(1, 15, 1, 4, 1, 1)
caused INR: -11.934296878785355
TpsAltruisticFromLsfGain + CumulativeIndividualEstimated_INR + -15.0
None
(1, 15, 1, 4, 1, 1)
caused INR: -17.143915485425364
TpsRandomic + IndividualEstimated_INR + -10.0
None
ls_gain_coeffs:
[-130.46506081 -113.99021632 -149.08899037 -119.7032628  -125.3893634
 -121.4408139  -146.71093965 -135.18190996 -130.46796172 -128.51079676
 -124.9906062  -133.04683033 -128.45938447 -101.57364505 -118.4379139 ]
inrs_hat:  [-19.47536077  -3.00051627 -38.09929033  -8.71356275 -14.39966335
 -10.45111386 -35.7212396  -24.19220992 -19.47826167 -17.52109672
 -14.00090616 -22.05713029 -17.46968443   9.41605499  -7.44821386]
scheduled_ues:  [ 0  2  4  5  6  7  8  9 10 11 12]
(1, 15, 1, 4, 1, 1)
caused INR: -13.312731836477468
TpsRandomic + IndividualEstimated_INR + -12.5
None
ls_gain_coeffs:
[-127.47663321 -113.99021632 -142.35707786 -111.96612571 -139.42607433
 -138.4937618  -130.02846154 -135.18190996 -146.72280429 -145.3603343
 -124.07245672 -149.77101278 -128.45938447 -118.9480023  -128.04897062]
inrs_hat:  [-16.48693317  -3.00051627 -31.36737782  -0.97642567 -28.43637428
 -27.50406175 -19.03876149 -24.19220992 -35.73310425 -34.37063425
 -13.08275668 -38.78131274 -17.46968443  -7.95830226 -17.05927058]
scheduled_ues:  [ 0  2  4  5  6  7  8  9 10 11 12 14]
(1, 15, 1, 4, 1, 1)
caused INR: -14.381750608032899
TpsRandomic + IndividualEstimated_INR + -15.0
None
ls_gain_coeffs:
[-127.47663321 -117.91547753 -149.08899037 -116.67058863 -122.99908976
 -121.4408139  -134.62373366 -125.43036357 -140.44262765 -145.3603343
 -124.07245672 -138.42434254 -128.45938447 -111.2078541  -110.81118869]
inrs_hat:  [-16.48693317  -6.92577749 -38.09929033  -5.68088859 -12.00938972
 -10.45111386 -23.63403361 -14.44066353 -29.45292761 -34.37063425
 -13.08275668 -27.4346425  -17.46968443  -0.21815406   0.17851136]
scheduled_ues:  [ 0  2  6  8  9 11 12]
(1, 15, 1, 4, 1, 1)
caused INR: -19.683912693473737
TpsRandomic + CumulativeIndividualEstimated_INR + -10.0
None
(1, 15, 1, 4, 1, 1)
caused INR: -11.350014181538675
TpsRandomic + CumulativeIndividualEstimated_INR + -12.5
None
(1, 15, 1, 4, 1, 1)
caused INR: -19.040838896043425
TpsRandomic + CumulativeIndividualEstimated_INR + -15.0
None
(1, 15, 1, 4, 1, 1)
caused INR: -19.255474990565034
Iteration number 38
TpsAltruisticFromLsfGain + IndividualEstimated_INR + -10.0
None
ls_gain_coeffs:
[-133.04849046 -148.01357744 -149.94872266 -149.27869755 -145.31927042
 -142.43433246 -148.1588549  -122.01524842 -149.1064763  -132.33735895
 -149.27587867 -140.57039847 -137.78269465 -127.76403161 -150.9022407 ]
inrs_hat:  [-22.05879041 -37.0238774  -38.95902262 -38.2889975  -34.32957038
 -31.44463242 -37.16915486 -11.02554838 -38.11677625 -21.3476589
 -38.28617863 -29.58069843 -26.7929946  -16.77433157 -39.91254066]
scheduled_ues:  [ 0  1  2  3  4  5  6  7  8  9 10 11 12 13 14]
(1, 15, 1, 4, 1, 1)
caused INR: -13.834795267987811
TpsAltruisticFromLsfGain + IndividualEstimated_INR + -12.5
None
ls_gain_coeffs:
[-133.04849046 -148.01357744 -149.94872266 -149.27869755 -145.31927042
 -142.43433246 -148.1588549  -122.01524842 -149.1064763  -132.33735895
 -149.27587867 -140.57039847 -137.78269465 -127.76403161 -150.9022407 ]
inrs_hat:  [-22.05879041 -37.0238774  -38.95902262 -38.2889975  -34.32957038
 -31.44463242 -37.16915486 -11.02554838 -38.11677625 -21.3476589
 -38.28617863 -29.58069843 -26.7929946  -16.77433157 -39.91254066]
scheduled_ues:  [ 0  1  2  3  4  5  6  8  9 10 11 12 13 14]
(1, 15, 1, 4, 1, 1)
caused INR: -26.821800946254083
TpsAltruisticFromLsfGain + IndividualEstimated_INR + -15.0
None
ls_gain_coeffs:
[-133.04849046 -148.01357744 -149.94872266 -149.27869755 -145.31927042
 -142.43433246 -148.1588549  -122.01524842 -149.1064763  -132.33735895
 -149.27587867 -140.57039847 -137.78269465 -127.76403161 -150.9022407 ]
inrs_hat:  [-22.05879041 -37.0238774  -38.95902262 -38.2889975  -34.32957038
 -31.44463242 -37.16915486 -11.02554838 -38.11677625 -21.3476589
 -38.28617863 -29.58069843 -26.7929946  -16.77433157 -39.91254066]
scheduled_ues:  [ 0  1  2  3  4  5  6  8  9 10 11 12 13 14]
(1, 15, 1, 4, 1, 1)
caused INR: -26.821800946254083
TpsAltruisticFromLsfGain + CumulativeIndividualEstimated_INR + -10.0
None
(1, 15, 1, 4, 1, 1)
caused INR: -26.821800946254083
TpsAltruisticFromLsfGain + CumulativeIndividualEstimated_INR + -12.5
None
(1, 15, 1, 4, 1, 1)
caused INR: -26.821800946254083
TpsAltruisticFromLsfGain + CumulativeIndividualEstimated_INR + -15.0
None
(1, 15, 1, 4, 1, 1)
caused INR: -23.112911506853607
TpsRandomic + IndividualEstimated_INR + -10.0
None
ls_gain_coeffs:
[-116.14782515 -133.98994204 -146.46933195 -133.01158502 -145.31927042
 -142.43433246 -135.34175678 -115.89756276 -135.61509411 -118.7212208
 -142.07033995 -128.77739108 -121.12421557 -127.76403161 -134.69907392]
inrs_hat:  [ -5.15812511 -23.000242   -35.4796319  -22.02188497 -34.32957038
 -31.44463242 -24.35205674  -4.90786271 -24.62539407  -7.73152076
 -31.08063991 -17.78769103 -10.13451552 -16.77433157 -23.70937388]
scheduled_ues:  [ 1  2  3  4  5  6  8 10 11 12 13 14]
(1, 15, 1, 4, 1, 1)
caused INR: -7.789587871975023
TpsRandomic + IndividualEstimated_INR + -12.5
None
ls_gain_coeffs:
[-116.14782515 -131.92908031 -149.94872266 -149.27869755 -128.56455729
 -129.50274976 -135.34175678 -107.53441987 -149.1064763  -118.7212208
 -142.07033995 -130.56155108 -121.12421557 -112.46413555 -150.9022407 ]
inrs_hat:  [ -5.15812511 -20.93938027 -38.95902262 -38.2889975  -17.57485725
 -18.51304972 -24.35205674   3.45528018 -38.11677625  -7.73152076
 -31.08063991 -19.57185104 -10.13451552  -1.47443551 -39.91254066]
scheduled_ues:  [ 1  2  3  4  5  6  8 10 11 14]
(1, 15, 1, 4, 1, 1)
caused INR: -11.506087731538289
TpsRandomic + IndividualEstimated_INR + -15.0
None
ls_gain_coeffs:
[-122.76851862 -148.01357744 -135.18752885 -149.27869755 -145.31927042
 -129.01276706 -148.1588549  -107.53441987 -145.95712974 -128.81374452
 -149.27587867 -130.56155108 -121.12421557 -127.76403161 -137.52006037]
inrs_hat:  [-11.77881858 -37.0238774  -24.19782881 -38.2889975  -34.32957038
 -18.02306702 -37.16915486   3.45528018 -34.9674297  -17.82404448
 -38.28617863 -19.57185104 -10.13451552 -16.77433157 -26.53036032]
scheduled_ues:  [ 1  2  3  4  5  6  8  9 10 11 13 14]
(1, 15, 1, 4, 1, 1)
caused INR: -13.462736499780297
TpsRandomic + CumulativeIndividualEstimated_INR + -10.0
None
(1, 15, 1, 4, 1, 1)
caused INR: -10.779009477325221
TpsRandomic + CumulativeIndividualEstimated_INR + -12.5
None
(1, 15, 1, 4, 1, 1)
caused INR: -12.539799129796698
TpsRandomic + CumulativeIndividualEstimated_INR + -15.0
None
(1, 15, 1, 4, 1, 1)
caused INR: -17.112695073013576
Iteration number 39
TpsAltruisticFromLsfGain + IndividualEstimated_INR + -10.0
None
ls_gain_coeffs:
[-141.74805289 -135.63250165 -136.36565154 -148.64883881 -145.36502845
 -129.49673132 -130.4065332  -139.8786666  -142.83394658 -141.5194241
 -131.32999676 -147.28259481 -135.92234254 -143.23544907 -130.81303505]
inrs_hat:  [-30.75835284 -24.6428016  -25.3759515  -37.65913877 -34.37532841
 -18.50703128 -19.41683315 -28.88896656 -31.84424653 -30.52972406
 -20.34029672 -36.29289476 -24.93264249 -32.24574903 -19.823335  ]
scheduled_ues:  [ 0  1  2  3  4  5  6  7  8  9 10 11 12 13 14]
(1, 15, 1, 4, 1, 1)
caused INR: -15.760235367021425
TpsAltruisticFromLsfGain + IndividualEstimated_INR + -12.5
None
ls_gain_coeffs:
[-141.74805289 -135.63250165 -136.36565154 -148.64883881 -145.36502845
 -129.49673132 -130.4065332  -139.8786666  -142.83394658 -141.5194241
 -131.32999676 -147.28259481 -135.92234254 -143.23544907 -130.81303505]
inrs_hat:  [-30.75835284 -24.6428016  -25.3759515  -37.65913877 -34.37532841
 -18.50703128 -19.41683315 -28.88896656 -31.84424653 -30.52972406
 -20.34029672 -36.29289476 -24.93264249 -32.24574903 -19.823335  ]
scheduled_ues:  [ 0  1  2  3  4  5  6  7  8  9 10 11 12 13 14]
(1, 15, 1, 4, 1, 1)
caused INR: -15.760235367021425
TpsAltruisticFromLsfGain + IndividualEstimated_INR + -15.0
None
ls_gain_coeffs:
[-141.74805289 -135.63250165 -136.36565154 -148.64883881 -145.36502845
 -129.49673132 -130.4065332  -139.8786666  -142.83394658 -141.5194241
 -131.32999676 -147.28259481 -135.92234254 -143.23544907 -130.81303505]
inrs_hat:  [-30.75835284 -24.6428016  -25.3759515  -37.65913877 -34.37532841
 -18.50703128 -19.41683315 -28.88896656 -31.84424653 -30.52972406
 -20.34029672 -36.29289476 -24.93264249 -32.24574903 -19.823335  ]
scheduled_ues:  [ 0  1  2  3  4  5  6  7  8  9 10 11 12 13 14]
(1, 15, 1, 4, 1, 1)
caused INR: -15.760235367021425
TpsAltruisticFromLsfGain + CumulativeIndividualEstimated_INR + -10.0
None
(1, 15, 1, 4, 1, 1)
caused INR: -15.760235367021425
TpsAltruisticFromLsfGain + CumulativeIndividualEstimated_INR + -12.5
None
(1, 15, 1, 4, 1, 1)
caused INR: -16.662613518532968
TpsAltruisticFromLsfGain + CumulativeIndividualEstimated_INR + -15.0
None
(1, 15, 1, 4, 1, 1)
caused INR: -20.432699948901426
TpsRandomic + IndividualEstimated_INR + -10.0
None
ls_gain_coeffs:
[-133.6543278  -135.63250165 -123.89776242 -134.76674675 -145.36502845
 -124.76107585 -130.4065332  -139.86353006 -135.23949637 -127.32954073
 -123.66300825 -143.44079469 -134.09390738 -129.85051514 -117.24711522]
inrs_hat:  [-22.66462776 -24.6428016  -12.90806237 -23.77704671 -34.37532841
 -13.77137581 -19.41683315 -28.87383002 -24.24979632 -16.33984068
 -12.67330821 -32.45109464 -23.10420733 -18.8608151   -6.25741517]
scheduled_ues:  [ 0  1  2  3  4  5  6  7  8  9 10 11 12 13]
(1, 15, 1, 4, 1, 1)
caused INR: -14.85317064615649
TpsRandomic + IndividualEstimated_INR + -12.5
None
ls_gain_coeffs:
[-141.74805289 -135.63250165 -136.32621786 -148.64883881 -145.36502845
 -129.49673132 -116.96849047 -139.8786666  -126.2632423  -141.5194241
 -123.66300825 -132.27979473 -135.92234254 -140.40544727 -117.24711522]
inrs_hat:  [-30.75835284 -24.6428016  -25.33651781 -37.65913877 -34.37532841
 -18.50703128  -5.97879042 -28.88896656 -15.27354226 -30.52972406
 -12.67330821 -21.29009468 -24.93264249 -29.41574723  -6.25741517]
scheduled_ues:  [ 0  1  2  3  4  5  7  8  9 10 11 12 13]
(1, 15, 1, 4, 1, 1)
caused INR: -5.561257337356638
TpsRandomic + IndividualEstimated_INR + -15.0
None
ls_gain_coeffs:
[-141.74805289 -121.55107787 -123.91090698 -132.54033254 -140.10128947
 -129.49673132 -116.96849047 -127.43202109 -129.72858824 -135.57408715
 -114.64781626 -143.44079469 -135.92234254 -143.23544907 -117.24711522]
inrs_hat:  [-30.75835284 -10.56137783 -12.92120694 -21.5506325  -29.11158943
 -18.50703128  -5.97879042 -16.44232104 -18.7388882  -24.5843871
  -3.65811622 -32.45109464 -24.93264249 -32.24574903  -6.25741517]
scheduled_ues:  [ 0  3  4  5  7  8  9 11 12 13]
(1, 15, 1, 4, 1, 1)
caused INR: -12.777738906050779
TpsRandomic + CumulativeIndividualEstimated_INR + -10.0
None
(1, 15, 1, 4, 1, 1)
caused INR: -12.100808225371672
TpsRandomic + CumulativeIndividualEstimated_INR + -12.5
None
(1, 15, 1, 4, 1, 1)
caused INR: -22.696465786213487
TpsRandomic + CumulativeIndividualEstimated_INR + -15.0
None
(1, 15, 1, 4, 1, 1)
caused INR: -11.26234896536376
Iteration number 40
TpsAltruisticFromLsfGain + IndividualEstimated_INR + -10.0
None
ls_gain_coeffs:
[-112.08822528 -134.35499649 -128.39779716 -138.7236493  -126.88390572
 -137.1659826  -146.80991467 -136.30828088 -144.70757895 -129.36364613
 -149.03610652 -135.2119432  -148.82418659 -121.55265276 -145.77777898]
inrs_hat:  [ -1.09852524 -23.36529644 -17.40809712 -27.73394925 -15.89420567
 -26.17628255 -35.82021463 -25.31858083 -33.7178789  -18.37394609
 -38.04640648 -24.22224316 -37.83448654 -10.56295272 -34.78807894]
scheduled_ues:  [ 1  2  3  4  5  6  7  8  9 10 11 12 13 14]
(1, 15, 1, 4, 1, 1)
caused INR: -22.25367654475488
TpsAltruisticFromLsfGain + IndividualEstimated_INR + -12.5
None
ls_gain_coeffs:
[-112.08822528 -134.35499649 -128.39779716 -138.7236493  -126.88390572
 -137.1659826  -146.80991467 -136.30828088 -144.70757895 -129.36364613
 -149.03610652 -135.2119432  -148.82418659 -121.55265276 -145.77777898]
inrs_hat:  [ -1.09852524 -23.36529644 -17.40809712 -27.73394925 -15.89420567
 -26.17628255 -35.82021463 -25.31858083 -33.7178789  -18.37394609
 -38.04640648 -24.22224316 -37.83448654 -10.56295272 -34.78807894]
scheduled_ues:  [ 1  2  3  4  5  6  7  8  9 10 11 12 14]
(1, 15, 1, 4, 1, 1)
caused INR: -13.527286478850979
TpsAltruisticFromLsfGain + IndividualEstimated_INR + -15.0
None
ls_gain_coeffs:
[-112.08822528 -134.35499649 -128.39779716 -138.7236493  -126.88390572
 -137.1659826  -146.80991467 -136.30828088 -144.70757895 -129.36364613
 -149.03610652 -135.2119432  -148.82418659 -121.55265276 -145.77777898]
inrs_hat:  [ -1.09852524 -23.36529644 -17.40809712 -27.73394925 -15.89420567
 -26.17628255 -35.82021463 -25.31858083 -33.7178789  -18.37394609
 -38.04640648 -24.22224316 -37.83448654 -10.56295272 -34.78807894]
scheduled_ues:  [ 1  2  3  4  5  6  7  8  9 10 11 12 14]
(1, 15, 1, 4, 1, 1)
caused INR: -13.527286478850979
TpsAltruisticFromLsfGain + CumulativeIndividualEstimated_INR + -10.0
None
(1, 15, 1, 4, 1, 1)
caused INR: -13.527286478850979
TpsAltruisticFromLsfGain + CumulativeIndividualEstimated_INR + -12.5
None
(1, 15, 1, 4, 1, 1)
caused INR: -10.50201072616305
TpsAltruisticFromLsfGain + CumulativeIndividualEstimated_INR + -15.0
None
(1, 15, 1, 4, 1, 1)
caused INR: -15.437962388098347
TpsRandomic + IndividualEstimated_INR + -10.0
None
ls_gain_coeffs:
[ -99.22032971 -121.82352457 -122.64703648 -131.04108509 -118.71937826
 -137.1659826  -146.80991467 -136.30828088 -144.70757895 -129.36364613
 -132.31076974 -117.98752044 -132.24309141 -112.8713205  -128.94824261]
inrs_hat:  [ 11.76937034 -10.83382452 -11.65733644 -20.05138505  -7.72967821
 -26.17628255 -35.82021463 -25.31858083 -33.7178789  -18.37394609
 -21.32106969  -6.9978204  -21.25339137  -1.88162046 -17.95854257]
scheduled_ues:  [ 1  2  3  5  6  7  8  9 10 12 14]
(1, 15, 1, 4, 1, 1)
caused INR: -9.91126843746648
TpsRandomic + IndividualEstimated_INR + -12.5
None
ls_gain_coeffs:
[ -98.79403413 -121.73365265 -122.64703648 -131.04108509 -113.6332196
 -123.63900734 -146.80991467 -119.02418561 -141.12662716 -115.19172638
 -149.03610652 -123.27485298 -136.65429714 -121.55265276 -128.94824261]
inrs_hat:  [ 12.19566591 -10.7439526  -11.65733644 -20.05138505  -2.64351956
 -12.6493073  -35.82021463  -8.03448557 -30.13692712  -4.20202634
 -38.04640648 -12.28515294 -25.6645971  -10.56295272 -17.95854257]
scheduled_ues:  [ 3  5  6  8 10 12 14]
(1, 15, 1, 4, 1, 1)
caused INR: -8.423767783241885
TpsRandomic + IndividualEstimated_INR + -15.0
None
ls_gain_coeffs:
[-110.80933856 -121.73365265 -112.14015493 -131.04108509 -113.6332196
 -137.1659826  -146.80991467 -119.02418561 -141.12662716 -115.19172638
 -139.15078475 -123.27485298 -136.65429714 -104.41189545 -128.94824261]
inrs_hat:  [  0.18036149 -10.7439526   -1.15045488 -20.05138505  -2.64351956
 -26.17628255 -35.82021463  -8.03448557 -30.13692712  -4.20202634
 -28.1610847  -12.28515294 -25.6645971    6.57780459 -17.95854257]
scheduled_ues:  [ 3  5  6  8 10 12 14]
(1, 15, 1, 4, 1, 1)
caused INR: -9.07434822979408
TpsRandomic + CumulativeIndividualEstimated_INR + -10.0
None
(1, 15, 1, 4, 1, 1)
caused INR: -10.152009315118276
TpsRandomic + CumulativeIndividualEstimated_INR + -12.5
None
(1, 15, 1, 4, 1, 1)
caused INR: -19.3743244244814
TpsRandomic + CumulativeIndividualEstimated_INR + -15.0
None
(1, 15, 1, 4, 1, 1)
caused INR: -14.868604826151994
Iteration number 41
TpsAltruisticFromLsfGain + IndividualEstimated_INR + -10.0
None
ls_gain_coeffs:
[-141.7066063  -128.7141172  -123.67177971 -140.86306133 -139.69097183
 -142.25209423 -136.9473531  -145.43840994 -145.01695942 -131.87634865
 -134.41253587 -150.08480717 -120.45382631 -135.00918447 -147.66399686]
inrs_hat:  [-30.71690625 -17.72441715 -12.68207967 -29.87336129 -28.70127179
 -31.26239418 -25.95765306 -34.4487099  -34.02725937 -20.8866486
 -23.42283583 -39.09510713  -9.46412627 -24.01948442 -36.67429682]
scheduled_ues:  [ 0  1  2  3  4  5  6  7  8  9 10 11 13 14]
(1, 15, 1, 4, 1, 1)
caused INR: -7.2784975936838245
TpsAltruisticFromLsfGain + IndividualEstimated_INR + -12.5
None
ls_gain_coeffs:
[-141.7066063  -128.7141172  -123.67177971 -140.86306133 -139.69097183
 -142.25209423 -136.9473531  -145.43840994 -145.01695942 -131.87634865
 -134.41253587 -150.08480717 -120.45382631 -135.00918447 -147.66399686]
inrs_hat:  [-30.71690625 -17.72441715 -12.68207967 -29.87336129 -28.70127179
 -31.26239418 -25.95765306 -34.4487099  -34.02725937 -20.8866486
 -23.42283583 -39.09510713  -9.46412627 -24.01948442 -36.67429682]
scheduled_ues:  [ 0  1  2  3  4  5  6  7  8  9 10 11 13 14]
(1, 15, 1, 4, 1, 1)
caused INR: -7.2784975936838245
TpsAltruisticFromLsfGain + IndividualEstimated_INR + -15.0
None
ls_gain_coeffs:
[-141.7066063  -128.7141172  -123.67177971 -140.86306133 -139.69097183
 -142.25209423 -136.9473531  -145.43840994 -145.01695942 -131.87634865
 -134.41253587 -150.08480717 -120.45382631 -135.00918447 -147.66399686]
inrs_hat:  [-30.71690625 -17.72441715 -12.68207967 -29.87336129 -28.70127179
 -31.26239418 -25.95765306 -34.4487099  -34.02725937 -20.8866486
 -23.42283583 -39.09510713  -9.46412627 -24.01948442 -36.67429682]
scheduled_ues:  [ 0  1  3  4  5  6  7  8  9 10 11 13 14]
(1, 15, 1, 4, 1, 1)
caused INR: -14.725872650988208
TpsAltruisticFromLsfGain + CumulativeIndividualEstimated_INR + -10.0
None
(1, 15, 1, 4, 1, 1)
caused INR: -7.2784975936838245
TpsAltruisticFromLsfGain + CumulativeIndividualEstimated_INR + -12.5
None
(1, 15, 1, 4, 1, 1)
caused INR: -14.725872650988208
TpsAltruisticFromLsfGain + CumulativeIndividualEstimated_INR + -15.0
None
(1, 15, 1, 4, 1, 1)
caused INR: -24.031868969201117
TpsRandomic + IndividualEstimated_INR + -10.0
None
ls_gain_coeffs:
[-127.0889201  -115.73278333 -123.67177971 -134.48818555 -122.92986978
 -125.6174928  -133.07794409 -129.11291951 -128.77252102 -127.06799599
 -134.41253587 -142.69945171 -106.74788704 -129.77285175 -139.8020343 ]
inrs_hat:  [-16.09922006  -4.74308329 -12.68207967 -23.4984855  -11.94016974
 -14.62779276 -22.08824404 -18.12321947 -17.78282098 -16.07829595
 -23.42283583 -31.70975167   4.24181301 -18.7831517  -28.81233426]
scheduled_ues:  [ 0  2  3  4  5  6  7  8  9 10 11 13 14]
(1, 15, 1, 4, 1, 1)
caused INR: -1.6157453938396307
TpsRandomic + IndividualEstimated_INR + -12.5
None
ls_gain_coeffs:
[-128.1769632  -115.73278333 -110.59920425 -140.86306133 -130.88250626
 -129.36259873 -123.2159501  -129.11291951 -131.47375345 -131.87634865
 -120.25385017 -150.08480717 -120.45382631 -129.77285175 -147.66399686]
inrs_hat:  [-17.18726316  -4.74308329   0.3904958  -29.87336129 -19.89280622
 -18.37289869 -12.22625005 -18.12321947 -20.4840534  -20.8866486
  -9.26415013 -39.09510713  -9.46412627 -18.7831517  -36.67429682]
scheduled_ues:  [ 0  3  4  5  7  8  9 11 13 14]
(1, 15, 1, 4, 1, 1)
caused INR: -22.969800187959862
TpsRandomic + IndividualEstimated_INR + -15.0
None
ls_gain_coeffs:
[-141.7066063  -128.7141172  -115.0006453  -140.86306133 -127.41883329
 -129.36259873 -133.07794409 -138.78658697 -145.01695942 -131.87634865
 -134.41253587 -150.08480717 -112.45870211 -119.07669599 -139.8020343 ]
inrs_hat:  [-30.71690625 -17.72441715  -4.01094526 -29.87336129 -16.42913325
 -18.37289869 -22.08824404 -27.79688692 -34.02725937 -20.8866486
 -23.42283583 -39.09510713  -1.46900207  -8.08699594 -28.81233426]
scheduled_ues:  [ 0  1  3  4  5  6  7  8  9 10 11 14]
(1, 15, 1, 4, 1, 1)
caused INR: -9.019281850721939
TpsRandomic + CumulativeIndividualEstimated_INR + -10.0
None
(1, 15, 1, 4, 1, 1)
caused INR: -8.490913427546117
TpsRandomic + CumulativeIndividualEstimated_INR + -12.5
None
(1, 15, 1, 4, 1, 1)
caused INR: -14.777723070308294
TpsRandomic + CumulativeIndividualEstimated_INR + -15.0
None
(1, 15, 1, 4, 1, 1)
caused INR: -10.26321738216678
Iteration number 42
TpsAltruisticFromLsfGain + IndividualEstimated_INR + -10.0
None
ls_gain_coeffs:
[-140.3624239  -139.37004056 -124.87157662 -116.88289733 -138.77937841
 -149.34758952 -150.05501404 -129.69174087 -144.82097409 -147.67595511
 -136.46698515 -130.47373129 -127.53280271 -146.73236676 -145.89121064]
inrs_hat:  [-29.37272385 -28.38034052 -13.88187658  -5.89319728 -27.78967837
 -38.35788948 -39.065314   -18.70204082 -33.83127405 -36.68625507
 -25.4772851  -19.48403125 -16.54310267 -35.74266672 -34.9015106 ]
scheduled_ues:  [ 0  1  2  4  5  6  7  8  9 10 11 12 13 14]
(1, 15, 1, 4, 1, 1)
caused INR: -12.776753764987932
TpsAltruisticFromLsfGain + IndividualEstimated_INR + -12.5
None
ls_gain_coeffs:
[-140.3624239  -139.37004056 -124.87157662 -116.88289733 -138.77937841
 -149.34758952 -150.05501404 -129.69174087 -144.82097409 -147.67595511
 -136.46698515 -130.47373129 -127.53280271 -146.73236676 -145.89121064]
inrs_hat:  [-29.37272385 -28.38034052 -13.88187658  -5.89319728 -27.78967837
 -38.35788948 -39.065314   -18.70204082 -33.83127405 -36.68625507
 -25.4772851  -19.48403125 -16.54310267 -35.74266672 -34.9015106 ]
scheduled_ues:  [ 0  1  2  4  5  6  7  8  9 10 11 12 13 14]
(1, 15, 1, 4, 1, 1)
caused INR: -12.776753764987932
TpsAltruisticFromLsfGain + IndividualEstimated_INR + -15.0
None
ls_gain_coeffs:
[-140.3624239  -139.37004056 -124.87157662 -116.88289733 -138.77937841
 -149.34758952 -150.05501404 -129.69174087 -144.82097409 -147.67595511
 -136.46698515 -130.47373129 -127.53280271 -146.73236676 -145.89121064]
inrs_hat:  [-29.37272385 -28.38034052 -13.88187658  -5.89319728 -27.78967837
 -38.35788948 -39.065314   -18.70204082 -33.83127405 -36.68625507
 -25.4772851  -19.48403125 -16.54310267 -35.74266672 -34.9015106 ]
scheduled_ues:  [ 0  1  4  5  6  7  8  9 10 11 12 13 14]
(1, 15, 1, 4, 1, 1)
caused INR: -17.68080229438244
TpsAltruisticFromLsfGain + CumulativeIndividualEstimated_INR + -10.0
None
(1, 15, 1, 4, 1, 1)
caused INR: -12.776753764987932
TpsAltruisticFromLsfGain + CumulativeIndividualEstimated_INR + -12.5
None
(1, 15, 1, 4, 1, 1)
caused INR: -17.68080229438244
TpsAltruisticFromLsfGain + CumulativeIndividualEstimated_INR + -15.0
None
(1, 15, 1, 4, 1, 1)
caused INR: -26.667625044406797
TpsRandomic + IndividualEstimated_INR + -10.0
None
ls_gain_coeffs:
[-126.29920974 -139.37004056 -117.43160883 -116.88289733 -126.43940178
 -149.34758952 -133.28572557 -115.65263676 -127.92142752 -139.76506473
 -122.01983464 -122.4403383  -121.25013076 -143.54442021 -132.91388796]
inrs_hat:  [-15.3095097  -28.38034052  -6.44190878  -5.89319728 -15.44970173
 -38.35788948 -22.29602553  -4.66293672 -16.93172748 -28.77536469
 -11.0301346  -11.45063826 -10.26043071 -32.55472016 -21.92418792]
scheduled_ues:  [ 0  1  4  5  6  8  9 10 11 12 13 14]
(1, 15, 1, 4, 1, 1)
caused INR: -5.898299707281294
TpsRandomic + IndividualEstimated_INR + -12.5
None
ls_gain_coeffs:
[-135.49758144 -139.37004056 -117.43160883 -104.04926898 -129.6300876
 -149.34758952 -138.6625802  -113.35430339 -127.92142752 -134.88148832
 -136.46698515 -130.47373129 -110.90275474 -143.54442021 -132.91388796]
inrs_hat:  [-24.50788139 -28.38034052  -6.44190878   6.94043106 -18.64038755
 -38.35788948 -27.67288016  -2.36460334 -16.93172748 -23.89178827
 -25.4772851  -19.48403125   0.0869453  -32.55472016 -21.92418792]
scheduled_ues:  [ 0  1  4  5  6  8  9 10 11 13 14]
(1, 15, 1, 4, 1, 1)
caused INR: -22.7490124779496
TpsRandomic + IndividualEstimated_INR + -15.0
None
ls_gain_coeffs:
[-140.3624239  -125.80669562 -117.43160883 -116.88289733 -126.43940178
 -133.1852688  -150.05501404 -129.69174087 -144.82097409 -134.88148832
 -119.86842485 -130.47373129 -121.25013076 -132.16546906 -144.28404261]
inrs_hat:  [-29.37272385 -14.81699558  -6.44190878  -5.89319728 -15.44970173
 -22.19556876 -39.065314   -18.70204082 -33.83127405 -23.89178827
  -8.8787248  -19.48403125 -10.26043071 -21.17576902 -33.29434257]
scheduled_ues:  [ 0  4  5  6  7  8  9 11 13 14]
(1, 15, 1, 4, 1, 1)
caused INR: -12.567391851732024
TpsRandomic + CumulativeIndividualEstimated_INR + -10.0
None
(1, 15, 1, 4, 1, 1)
caused INR: -18.547502366339295
TpsRandomic + CumulativeIndividualEstimated_INR + -12.5
None
(1, 15, 1, 4, 1, 1)
caused INR: -31.081015174680626
TpsRandomic + CumulativeIndividualEstimated_INR + -15.0
None
(1, 15, 1, 4, 1, 1)
caused INR: -33.44202478402268
Iteration number 43
TpsAltruisticFromLsfGain + IndividualEstimated_INR + -10.0
None
ls_gain_coeffs:
[-140.46297816 -119.27671619 -141.22999704 -131.65250493 -131.93198681
 -131.40249525 -141.2117125  -139.14874961 -147.79798487 -147.47014747
 -132.66097747 -135.05177297 -123.04950056 -130.20834026 -143.08348932]
inrs_hat:  [-29.47327811  -8.28701615 -30.24029699 -20.66280488 -20.94228677
 -20.41279521 -30.22201245 -28.15904956 -36.80828483 -36.48044742
 -21.67127742 -24.06207293 -12.05980052 -19.21864022 -32.09378928]
scheduled_ues:  [ 0  2  3  4  5  6  7  8  9 10 11 12 13 14]
(1, 15, 1, 4, 1, 1)
caused INR: -6.001882394020028
TpsAltruisticFromLsfGain + IndividualEstimated_INR + -12.5
None
ls_gain_coeffs:
[-140.46297816 -119.27671619 -141.22999704 -131.65250493 -131.93198681
 -131.40249525 -141.2117125  -139.14874961 -147.79798487 -147.47014747
 -132.66097747 -135.05177297 -123.04950056 -130.20834026 -143.08348932]
inrs_hat:  [-29.47327811  -8.28701615 -30.24029699 -20.66280488 -20.94228677
 -20.41279521 -30.22201245 -28.15904956 -36.80828483 -36.48044742
 -21.67127742 -24.06207293 -12.05980052 -19.21864022 -32.09378928]
scheduled_ues:  [ 0  2  3  4  5  6  7  8  9 10 11 13 14]
(1, 15, 1, 4, 1, 1)
caused INR: -19.787736349941433
TpsAltruisticFromLsfGain + IndividualEstimated_INR + -15.0
None
ls_gain_coeffs:
[-140.46297816 -119.27671619 -141.22999704 -131.65250493 -131.93198681
 -131.40249525 -141.2117125  -139.14874961 -147.79798487 -147.47014747
 -132.66097747 -135.05177297 -123.04950056 -130.20834026 -143.08348932]
inrs_hat:  [-29.47327811  -8.28701615 -30.24029699 -20.66280488 -20.94228677
 -20.41279521 -30.22201245 -28.15904956 -36.80828483 -36.48044742
 -21.67127742 -24.06207293 -12.05980052 -19.21864022 -32.09378928]
scheduled_ues:  [ 0  2  3  4  5  6  7  8  9 10 11 13 14]
(1, 15, 1, 4, 1, 1)
caused INR: -19.787736349941433
TpsAltruisticFromLsfGain + CumulativeIndividualEstimated_INR + -10.0
None
(1, 15, 1, 4, 1, 1)
caused INR: -19.787736349941433
TpsAltruisticFromLsfGain + CumulativeIndividualEstimated_INR + -12.5
None
(1, 15, 1, 4, 1, 1)
caused INR: -19.787736349941433
TpsAltruisticFromLsfGain + CumulativeIndividualEstimated_INR + -15.0
None
(1, 15, 1, 4, 1, 1)
caused INR: -17.850897895712453
TpsRandomic + IndividualEstimated_INR + -10.0
None
ls_gain_coeffs:
[-140.46297816 -119.27671619 -141.22999704 -114.0810459  -127.75680916
 -131.40249525 -132.62449292 -122.09117202 -138.25086675 -133.50343609
 -115.77291123 -134.27488808 -109.1374985  -130.20834026 -128.3553003 ]
inrs_hat:  [-29.47327811  -8.28701615 -30.24029699  -3.09134586 -16.76710912
 -20.41279521 -21.63479287 -11.10147198 -27.26116671 -22.51373605
  -4.78321119 -23.28518804   1.85220155 -19.21864022 -17.36560026]
scheduled_ues:  [ 0  2  4  5  6  7  8  9 11 13 14]
(1, 15, 1, 4, 1, 1)
caused INR: -9.336492377375649
TpsRandomic + IndividualEstimated_INR + -12.5
None
ls_gain_coeffs:
[-131.99112092 -105.85951329 -141.22999704 -131.65250493 -118.09866093
 -114.93454485 -128.54952346 -126.59577766 -138.25086675 -141.75639155
 -125.87739945 -122.09224971 -109.1374985  -130.20834026 -128.3553003 ]
inrs_hat:  [-21.00142088   5.13018675 -30.24029699 -20.66280488  -7.10896088
  -3.9448448  -17.55982342 -15.60607762 -27.26116671 -30.76669151
 -14.88769941 -11.10254967   1.85220155 -19.21864022 -17.36560026]
scheduled_ues:  [ 0  2  3  6  7  8  9 10 13 14]
(1, 15, 1, 4, 1, 1)
caused INR: -9.381330428834
TpsRandomic + IndividualEstimated_INR + -15.0
None
ls_gain_coeffs:
[-140.46297816 -104.91627422 -141.22999704 -131.65250493 -127.75680916
 -131.40249525 -124.36620819 -130.02816638 -136.14434429 -133.50343609
 -125.87739945 -122.09224971 -105.86267334 -113.52689094 -128.3553003 ]
inrs_hat:  [-29.47327811   6.07342582 -30.24029699 -20.66280488 -16.76710912
 -20.41279521 -13.37650815 -19.03846633 -25.15464424 -22.51373605
 -14.88769941 -11.10254967   5.1270267   -2.5371909  -17.36560026]
scheduled_ues:  [ 0  2  3  4  5  7  8  9 14]
(1, 15, 1, 4, 1, 1)
caused INR: -19.93132419465871
TpsRandomic + CumulativeIndividualEstimated_INR + -10.0
None
(1, 15, 1, 4, 1, 1)
caused INR: -13.973566384483824
TpsRandomic + CumulativeIndividualEstimated_INR + -12.5
None
(1, 15, 1, 4, 1, 1)
caused INR: -21.560859479481806
TpsRandomic + CumulativeIndividualEstimated_INR + -15.0
None
(1, 15, 1, 4, 1, 1)
caused INR: -45.824447503565324
Iteration number 44
TpsAltruisticFromLsfGain + IndividualEstimated_INR + -10.0
None
ls_gain_coeffs:
[-146.62287781 -130.56245066 -138.31564334 -140.16514175 -145.67721202
 -133.70884723 -132.93059378 -145.62439921 -147.18148557 -145.89092754
 -137.23381329 -134.37980882 -145.53932046 -141.81726772 -131.23784036]
inrs_hat:  [-35.63317777 -19.57275062 -27.32594329 -29.1754417  -34.68751198
 -22.71914719 -21.94089374 -34.63469917 -36.19178552 -34.9012275
 -26.24411324 -23.39010878 -34.54962042 -30.82756768 -20.24814031]
scheduled_ues:  [ 0  1  2  3  4  5  6  7  8  9 10 11 12 13 14]
(1, 15, 1, 4, 1, 1)
caused INR: -24.00389829246214
TpsAltruisticFromLsfGain + IndividualEstimated_INR + -12.5
None
ls_gain_coeffs:
[-146.62287781 -130.56245066 -138.31564334 -140.16514175 -145.67721202
 -133.70884723 -132.93059378 -145.62439921 -147.18148557 -145.89092754
 -137.23381329 -134.37980882 -145.53932046 -141.81726772 -131.23784036]
inrs_hat:  [-35.63317777 -19.57275062 -27.32594329 -29.1754417  -34.68751198
 -22.71914719 -21.94089374 -34.63469917 -36.19178552 -34.9012275
 -26.24411324 -23.39010878 -34.54962042 -30.82756768 -20.24814031]
scheduled_ues:  [ 0  1  2  3  4  5  6  7  8  9 10 11 12 13 14]
(1, 15, 1, 4, 1, 1)
caused INR: -24.00389829246214
TpsAltruisticFromLsfGain + IndividualEstimated_INR + -15.0
None
ls_gain_coeffs:
[-146.62287781 -130.56245066 -138.31564334 -140.16514175 -145.67721202
 -133.70884723 -132.93059378 -145.62439921 -147.18148557 -145.89092754
 -137.23381329 -134.37980882 -145.53932046 -141.81726772 -131.23784036]
inrs_hat:  [-35.63317777 -19.57275062 -27.32594329 -29.1754417  -34.68751198
 -22.71914719 -21.94089374 -34.63469917 -36.19178552 -34.9012275
 -26.24411324 -23.39010878 -34.54962042 -30.82756768 -20.24814031]
scheduled_ues:  [ 0  1  2  3  4  5  6  7  8  9 10 11 12 13 14]
(1, 15, 1, 4, 1, 1)
caused INR: -24.00389829246214
TpsAltruisticFromLsfGain + CumulativeIndividualEstimated_INR + -10.0
None
(1, 15, 1, 4, 1, 1)
caused INR: -24.00389829246214
TpsAltruisticFromLsfGain + CumulativeIndividualEstimated_INR + -12.5
None
(1, 15, 1, 4, 1, 1)
caused INR: -24.00389829246214
TpsAltruisticFromLsfGain + CumulativeIndividualEstimated_INR + -15.0
None
(1, 15, 1, 4, 1, 1)
caused INR: -15.846495766887411
TpsRandomic + IndividualEstimated_INR + -10.0
None
ls_gain_coeffs:
[-142.2438227  -114.27528302 -121.6578557  -140.16514175 -133.70724172
 -133.70884723 -132.93059378 -140.77855923 -147.02877576 -132.68077877
 -125.67775622 -117.6489685  -138.94673669 -138.51926833 -131.23784036]
inrs_hat:  [-31.25412266  -3.28558297 -10.66815566 -29.1754417  -22.71754167
 -22.71914719 -21.94089374 -29.78885919 -36.03907572 -21.69107872
 -14.68805617  -6.65926846 -27.95703665 -27.52956829 -20.24814031]
scheduled_ues:  [ 0  2  3  4  5  6  7  8  9 10 12 13 14]
(1, 15, 1, 4, 1, 1)
caused INR: -8.513243928970256
TpsRandomic + IndividualEstimated_INR + -12.5
None
ls_gain_coeffs:
[-142.2438227  -114.27528302 -121.6578557  -123.2273512  -133.70724172
 -121.02914473 -132.93059378 -131.56751922 -147.18148557 -132.68077877
 -137.23381329 -127.82497222 -138.94673669 -138.51926833 -122.97548201]
inrs_hat:  [-31.25412266  -3.28558297 -10.66815566 -12.23765116 -22.71754167
 -10.03944469 -21.94089374 -20.57781917 -36.19178552 -21.69107872
 -26.24411324 -16.83527217 -27.95703665 -27.52956829 -11.98578197]
scheduled_ues:  [ 0  4  6  7  8  9 10 11 12 13]
(1, 15, 1, 4, 1, 1)
caused INR: -9.18549211047995
TpsRandomic + IndividualEstimated_INR + -15.0
None
ls_gain_coeffs:
[-142.2438227  -116.24688239 -121.6578557  -123.2273512  -133.70724172
 -133.70884723 -122.62158286 -140.77855923 -134.63807903 -145.89092754
 -125.67775622 -119.91456478 -131.96252739 -141.81726772 -131.23784036]
inrs_hat:  [-31.25412266  -5.25718234 -10.66815566 -12.23765116 -22.71754167
 -22.71914719 -11.63188281 -29.78885919 -23.64837899 -34.9012275
 -14.68805617  -8.92486474 -20.97282735 -30.82756768 -20.24814031]
scheduled_ues:  [ 0  4  5  7  8  9 12 13 14]
(1, 15, 1, 4, 1, 1)
caused INR: -22.137074917503252
TpsRandomic + CumulativeIndividualEstimated_INR + -10.0
None
(1, 15, 1, 4, 1, 1)
caused INR: -12.074739550309273
TpsRandomic + CumulativeIndividualEstimated_INR + -12.5
None
(1, 15, 1, 4, 1, 1)
caused INR: -13.576503746649527
TpsRandomic + CumulativeIndividualEstimated_INR + -15.0
None
(1, 15, 1, 4, 1, 1)
caused INR: -17.09031087825479
Iteration number 45
TpsAltruisticFromLsfGain + IndividualEstimated_INR + -10.0
None
ls_gain_coeffs:
[-128.04492624 -143.59298715 -130.2283592  -130.12168045 -141.89806617
 -123.25447169 -151.75846725 -135.03545585 -143.55667459 -140.78096703
 -150.7806548  -129.09121084 -143.74774852 -136.29921406 -143.54685703]
inrs_hat:  [-17.0552262  -32.60328711 -19.23865916 -19.1319804  -30.90836612
 -12.26477165 -40.7687672  -24.0457558  -32.56697455 -29.79126698
 -39.79095476 -18.10151079 -32.75804847 -25.30951401 -32.55715699]
scheduled_ues:  [ 0  1  2  3  4  5  6  7  8  9 10 11 12 13 14]
(1, 15, 1, 4, 1, 1)
caused INR: -27.946671164668793
TpsAltruisticFromLsfGain + IndividualEstimated_INR + -12.5
None
ls_gain_coeffs:
[-128.04492624 -143.59298715 -130.2283592  -130.12168045 -141.89806617
 -123.25447169 -151.75846725 -135.03545585 -143.55667459 -140.78096703
 -150.7806548  -129.09121084 -143.74774852 -136.29921406 -143.54685703]
inrs_hat:  [-17.0552262  -32.60328711 -19.23865916 -19.1319804  -30.90836612
 -12.26477165 -40.7687672  -24.0457558  -32.56697455 -29.79126698
 -39.79095476 -18.10151079 -32.75804847 -25.30951401 -32.55715699]
scheduled_ues:  [ 0  1  2  3  4  6  7  8  9 10 11 12 13 14]
(1, 15, 1, 4, 1, 1)
caused INR: -17.45079962820604
TpsAltruisticFromLsfGain + IndividualEstimated_INR + -15.0
None
ls_gain_coeffs:
[-128.04492624 -143.59298715 -130.2283592  -130.12168045 -141.89806617
 -123.25447169 -151.75846725 -135.03545585 -143.55667459 -140.78096703
 -150.7806548  -129.09121084 -143.74774852 -136.29921406 -143.54685703]
inrs_hat:  [-17.0552262  -32.60328711 -19.23865916 -19.1319804  -30.90836612
 -12.26477165 -40.7687672  -24.0457558  -32.56697455 -29.79126698
 -39.79095476 -18.10151079 -32.75804847 -25.30951401 -32.55715699]
scheduled_ues:  [ 0  1  2  3  4  6  7  8  9 10 11 12 13 14]
(1, 15, 1, 4, 1, 1)
caused INR: -17.45079962820604
TpsAltruisticFromLsfGain + CumulativeIndividualEstimated_INR + -10.0
None
(1, 15, 1, 4, 1, 1)
caused INR: -17.45079962820604
TpsAltruisticFromLsfGain + CumulativeIndividualEstimated_INR + -12.5
None
(1, 15, 1, 4, 1, 1)
caused INR: -23.00604673271531
TpsAltruisticFromLsfGain + CumulativeIndividualEstimated_INR + -15.0
None
(1, 15, 1, 4, 1, 1)
caused INR: -17.224761846130104
TpsRandomic + IndividualEstimated_INR + -10.0
None
ls_gain_coeffs:
[-128.04492624 -138.52755435 -117.03020659 -120.82580339 -125.15107654
 -110.74019376 -144.26635382 -117.8477483  -130.18201798 -140.78096703
 -138.44949274 -118.8633494  -131.21314822 -136.29921406 -126.53959308]
inrs_hat:  [-17.0552262  -27.53785431  -6.04050655  -9.83610334 -14.1613765
   0.24950628 -33.27665377  -6.85804826 -19.19231794 -29.79126698
 -27.4597927   -7.87364935 -20.22344817 -25.30951401 -15.54989304]
scheduled_ues:  [ 0  1  4  6  8  9 10 12 13 14]
(1, 15, 1, 4, 1, 1)
caused INR: -5.69318146354715
TpsRandomic + IndividualEstimated_INR + -12.5
None
ls_gain_coeffs:
[-110.19724205 -143.59298715 -116.27365398 -130.12168045 -125.15107654
 -110.74019376 -151.75846725 -122.93929569 -129.24896137 -140.78096703
 -138.44949274 -129.09121084 -126.90200939 -124.29543919 -143.54685703]
inrs_hat:  [  0.792458   -32.60328711  -5.28395393 -19.1319804  -14.1613765
   0.24950628 -40.7687672  -11.94959565 -18.25926133 -29.79126698
 -27.4597927  -18.10151079 -15.91230934 -13.30573914 -32.55715699]
scheduled_ues:  [ 1  3  4  6  8  9 10 11 12 13 14]
(1, 15, 1, 4, 1, 1)
caused INR: -7.405955493634582
TpsRandomic + IndividualEstimated_INR + -15.0
None
ls_gain_coeffs:
[-128.04492624 -127.77443195 -130.2283592  -116.93917535 -141.89806617
 -123.25447169 -151.75846725 -122.93929569 -143.55667459 -128.13731382
 -150.7806548  -129.09121084 -126.90200939 -136.29921406 -126.53959308]
inrs_hat:  [-17.0552262  -16.78473191 -19.23865916  -5.94947531 -30.90836612
 -12.26477165 -40.7687672  -11.94959565 -32.56697455 -17.14761378
 -39.79095476 -18.10151079 -15.91230934 -25.30951401 -15.54989304]
scheduled_ues:  [ 0  1  2  4  6  8  9 10 11 12 13 14]
(1, 15, 1, 4, 1, 1)
caused INR: -4.744541398135588
TpsRandomic + CumulativeIndividualEstimated_INR + -10.0
None
(1, 15, 1, 4, 1, 1)
caused INR: -19.769664932557255
TpsRandomic + CumulativeIndividualEstimated_INR + -12.5
None
(1, 15, 1, 4, 1, 1)
caused INR: -21.66102212416266
TpsRandomic + CumulativeIndividualEstimated_INR + -15.0
None
(1, 15, 1, 4, 1, 1)
caused INR: -22.081683293024387
Iteration number 46
TpsAltruisticFromLsfGain + IndividualEstimated_INR + -10.0
None
ls_gain_coeffs:
[-140.83433066 -149.47183622 -145.59856456 -128.18363246 -145.98837037
 -140.29725655 -143.44754112 -117.03620452 -116.7153052  -109.87463388
 -135.06945895 -133.15934764 -138.15614861 -130.88903369 -137.5684782 ]
inrs_hat:  [-29.84463062 -38.48213618 -34.60886452 -17.19393242 -34.99867033
 -29.3075565  -32.45784107  -6.04650447  -5.72560516   1.11506616
 -24.0797589  -22.1696476  -27.16644857 -19.89933365 -26.57877815]
scheduled_ues:  [ 0  1  2  3  4  5  6 10 11 12 13 14]
(1, 15, 1, 4, 1, 1)
caused INR: -8.983851108159465
TpsAltruisticFromLsfGain + IndividualEstimated_INR + -12.5
None
ls_gain_coeffs:
[-140.83433066 -149.47183622 -145.59856456 -128.18363246 -145.98837037
 -140.29725655 -143.44754112 -117.03620452 -116.7153052  -109.87463388
 -135.06945895 -133.15934764 -138.15614861 -130.88903369 -137.5684782 ]
inrs_hat:  [-29.84463062 -38.48213618 -34.60886452 -17.19393242 -34.99867033
 -29.3075565  -32.45784107  -6.04650447  -5.72560516   1.11506616
 -24.0797589  -22.1696476  -27.16644857 -19.89933365 -26.57877815]
scheduled_ues:  [ 0  1  2  3  4  5  6 10 11 12 13 14]
(1, 15, 1, 4, 1, 1)
caused INR: -8.983851108159465
TpsAltruisticFromLsfGain + IndividualEstimated_INR + -15.0
None
ls_gain_coeffs:
[-140.83433066 -149.47183622 -145.59856456 -128.18363246 -145.98837037
 -140.29725655 -143.44754112 -117.03620452 -116.7153052  -109.87463388
 -135.06945895 -133.15934764 -138.15614861 -130.88903369 -137.5684782 ]
inrs_hat:  [-29.84463062 -38.48213618 -34.60886452 -17.19393242 -34.99867033
 -29.3075565  -32.45784107  -6.04650447  -5.72560516   1.11506616
 -24.0797589  -22.1696476  -27.16644857 -19.89933365 -26.57877815]
scheduled_ues:  [ 0  1  2  3  4  5  6 10 11 12 13 14]
(1, 15, 1, 4, 1, 1)
caused INR: -8.983851108159465
TpsAltruisticFromLsfGain + CumulativeIndividualEstimated_INR + -10.0
None
(1, 15, 1, 4, 1, 1)
caused INR: -8.983851108159465
TpsAltruisticFromLsfGain + CumulativeIndividualEstimated_INR + -12.5
None
(1, 15, 1, 4, 1, 1)
caused INR: -8.983851108159465
TpsAltruisticFromLsfGain + CumulativeIndividualEstimated_INR + -15.0
None
(1, 15, 1, 4, 1, 1)
caused INR: -12.447259804682043
TpsRandomic + IndividualEstimated_INR + -10.0
None
ls_gain_coeffs:
[-136.19593898 -133.25742794 -128.67757035 -128.18363246 -129.57317619
 -140.29725655 -132.88656584 -113.27128575 -102.82872006 -109.87463388
 -120.58550691 -122.81501839 -125.90337718 -120.39658082 -123.92956617]
inrs_hat:  [-25.20623893 -22.26772789 -17.6878703  -17.19393242 -18.58347615
 -29.3075565  -21.8968658   -2.2815857    8.16097999   1.11506616
  -9.59580686 -11.82531835 -14.91367713  -9.40688077 -12.93986613]
scheduled_ues:  [ 0  1  2  3  4  5  6 11 12 14]
(1, 15, 1, 4, 1, 1)
caused INR: -9.581139746904721
TpsRandomic + IndividualEstimated_INR + -12.5
None
ls_gain_coeffs:
[-136.19593898 -135.74882736 -133.28935163 -110.36595125 -145.98837037
 -140.29725655 -143.44754112 -113.27128575 -112.38034977  -96.78923921
 -118.27061484 -120.66934955 -121.53501015 -118.27860429 -133.97654212]
inrs_hat:  [-25.20623893 -24.75912732 -22.29965159   0.6237488  -34.99867033
 -29.3075565  -32.45784107  -2.2815857   -1.39064972  14.20046084
  -7.2809148   -9.67964951 -10.54531011  -7.28890424 -22.98684208]
scheduled_ues:  [ 0  1  2  4  5  6 14]
(1, 15, 1, 4, 1, 1)
caused INR: -14.115089458931582
TpsRandomic + IndividualEstimated_INR + -15.0
None
ls_gain_coeffs:
[-125.30046954 -135.74882736 -133.28935163 -119.36390346 -145.98837037
 -123.61176619 -143.44754112 -102.08465867 -116.7153052   -97.11113654
 -120.58550691 -122.81501839 -121.53501015 -130.88903369 -122.73225415]
inrs_hat:  [-14.31076949 -24.75912732 -22.29965159  -8.37420341 -34.99867033
 -12.62206614 -32.45784107   8.90504137  -5.72560516  13.8785635
  -9.59580686 -11.82531835 -10.54531011 -19.89933365 -11.7425541 ]
scheduled_ues:  [ 1  2  4  6 13]
(1, 15, 1, 4, 1, 1)
caused INR: -13.240011458982007
TpsRandomic + CumulativeIndividualEstimated_INR + -10.0
None
(1, 15, 1, 4, 1, 1)
caused INR: -10.156112095695999
TpsRandomic + CumulativeIndividualEstimated_INR + -12.5
None
(1, 15, 1, 4, 1, 1)
caused INR: -12.208967058456683
TpsRandomic + CumulativeIndividualEstimated_INR + -15.0
None
(1, 15, 1, 4, 1, 1)
caused INR: -23.20455664902063
Iteration number 47
TpsAltruisticFromLsfGain + IndividualEstimated_INR + -10.0
None
ls_gain_coeffs:
[-135.2949437  -136.427093   -150.43336807 -148.58959188 -143.51499608
 -149.24651832 -138.40919957 -150.07733423 -150.18159968 -131.48252191
 -147.70643294 -140.13455388 -125.90947436 -152.74297049 -132.23261536]
inrs_hat:  [-24.30524366 -25.43739296 -39.44366802 -37.59989184 -32.52529604
 -38.25681827 -27.41949953 -39.08763418 -39.19189964 -20.49282186
 -36.7167329  -29.14485384 -14.91977431 -41.75327044 -21.24291532]
scheduled_ues:  [ 0  1  2  3  4  5  6  7  8  9 10 11 12 13 14]
(1, 15, 1, 4, 1, 1)
caused INR: -9.854257609667929
TpsAltruisticFromLsfGain + IndividualEstimated_INR + -12.5
None
ls_gain_coeffs:
[-135.2949437  -136.427093   -150.43336807 -148.58959188 -143.51499608
 -149.24651832 -138.40919957 -150.07733423 -150.18159968 -131.48252191
 -147.70643294 -140.13455388 -125.90947436 -152.74297049 -132.23261536]
inrs_hat:  [-24.30524366 -25.43739296 -39.44366802 -37.59989184 -32.52529604
 -38.25681827 -27.41949953 -39.08763418 -39.19189964 -20.49282186
 -36.7167329  -29.14485384 -14.91977431 -41.75327044 -21.24291532]
scheduled_ues:  [ 0  1  2  3  4  5  6  7  8  9 10 11 12 13 14]
(1, 15, 1, 4, 1, 1)
caused INR: -9.854257609667929
TpsAltruisticFromLsfGain + IndividualEstimated_INR + -15.0
None
ls_gain_coeffs:
[-135.2949437  -136.427093   -150.43336807 -148.58959188 -143.51499608
 -149.24651832 -138.40919957 -150.07733423 -150.18159968 -131.48252191
 -147.70643294 -140.13455388 -125.90947436 -152.74297049 -132.23261536]
inrs_hat:  [-24.30524366 -25.43739296 -39.44366802 -37.59989184 -32.52529604
 -38.25681827 -27.41949953 -39.08763418 -39.19189964 -20.49282186
 -36.7167329  -29.14485384 -14.91977431 -41.75327044 -21.24291532]
scheduled_ues:  [ 0  1  2  3  4  5  6  7  8  9 10 11 13 14]
(1, 15, 1, 4, 1, 1)
caused INR: -9.0419797350347
TpsAltruisticFromLsfGain + CumulativeIndividualEstimated_INR + -10.0
None
(1, 15, 1, 4, 1, 1)
caused INR: -9.854257609667929
TpsAltruisticFromLsfGain + CumulativeIndividualEstimated_INR + -12.5
None
(1, 15, 1, 4, 1, 1)
caused INR: -9.0419797350347
TpsAltruisticFromLsfGain + CumulativeIndividualEstimated_INR + -15.0
None
(1, 15, 1, 4, 1, 1)
caused INR: -9.0419797350347
TpsRandomic + IndividualEstimated_INR + -10.0
None
ls_gain_coeffs:
[-118.5840691  -136.3999693  -134.00995037 -134.56413833 -126.82757651
 -135.29707114 -138.40919957 -141.91010587 -150.18159968 -121.84464122
 -131.56886333 -123.17365222 -111.48284535 -141.11587533 -123.22560633]
inrs_hat:  [ -7.59436905 -25.41026925 -23.02025033 -23.57443829 -15.83787647
 -24.30737109 -27.41949953 -30.92040583 -39.19189964 -10.85494118
 -20.57916329 -12.18395218  -0.4931453  -30.12617529 -12.23590629]
scheduled_ues:  [ 1  2  3  4  5  6  7  8  9 10 11 13 14]
(1, 15, 1, 4, 1, 1)
caused INR: -10.486609534881598
TpsRandomic + IndividualEstimated_INR + -12.5
None
ls_gain_coeffs:
[-128.10772545 -136.3999693  -142.89605785 -132.53964285 -131.72228327
 -135.29707114 -124.76602561 -133.51286752 -134.9052028  -131.48252191
 -141.73223126 -128.27116908 -122.93193084 -136.12266776 -118.97745216]
inrs_hat:  [-17.1180254  -25.41026925 -31.90635781 -21.54994281 -20.73258323
 -24.30737109 -13.77632557 -22.52316748 -23.91550276 -20.49282186
 -30.74253122 -17.28146904 -11.9422308  -25.13296772  -7.98775211]
scheduled_ues:  [ 0  1  2  3  4  5  6  7  8  9 10 11 13]
(1, 15, 1, 4, 1, 1)
caused INR: -11.915016780759572
TpsRandomic + IndividualEstimated_INR + -15.0
None
ls_gain_coeffs:
[-121.50201275 -136.3999693  -137.56544289 -134.56413833 -126.82757651
 -143.43072527 -121.55281978 -141.91010587 -134.9052028  -121.84464122
 -147.70643294 -123.17365222 -112.47535985 -141.11587533 -118.97745216]
inrs_hat:  [-10.5123127  -25.41026925 -26.57574285 -23.57443829 -15.83787647
 -32.44102523 -10.56311974 -30.92040583 -23.91550276 -10.85494118
 -36.7167329  -12.18395218  -1.48565981 -30.12617529  -7.98775211]
scheduled_ues:  [ 1  2  3  4  5  7  8 10 13]
(1, 15, 1, 4, 1, 1)
caused INR: -13.1165106691682
TpsRandomic + CumulativeIndividualEstimated_INR + -10.0
None
(1, 15, 1, 4, 1, 1)
caused INR: -22.577621203548077
TpsRandomic + CumulativeIndividualEstimated_INR + -12.5
None
(1, 15, 1, 4, 1, 1)
caused INR: -13.838704974773734
TpsRandomic + CumulativeIndividualEstimated_INR + -15.0
None
(1, 15, 1, 4, 1, 1)
caused INR: -17.630985787641173
Iteration number 48
TpsAltruisticFromLsfGain + IndividualEstimated_INR + -10.0
None
ls_gain_coeffs:
[-139.89467183 -131.94440015 -143.62129964 -143.63363917 -140.08347793
 -139.64939358 -151.72302103 -149.41170204 -148.55718356 -151.18304227
 -137.00374579 -124.42976632 -125.42837333 -134.28569342 -126.03851658]
inrs_hat:  [-28.90497179 -20.95470011 -32.6315996  -32.64393913 -29.09377789
 -28.65969354 -40.73332099 -38.422002   -37.56748351 -40.19334222
 -26.01404575 -13.44006628 -14.43867328 -23.29599338 -15.04881654]
scheduled_ues:  [ 0  1  2  3  4  5  6  7  8  9 10 11 12 13 14]
(1, 15, 1, 4, 1, 1)
caused INR: -10.702307415088708
TpsAltruisticFromLsfGain + IndividualEstimated_INR + -12.5
None
ls_gain_coeffs:
[-139.89467183 -131.94440015 -143.62129964 -143.63363917 -140.08347793
 -139.64939358 -151.72302103 -149.41170204 -148.55718356 -151.18304227
 -137.00374579 -124.42976632 -125.42837333 -134.28569342 -126.03851658]
inrs_hat:  [-28.90497179 -20.95470011 -32.6315996  -32.64393913 -29.09377789
 -28.65969354 -40.73332099 -38.422002   -37.56748351 -40.19334222
 -26.01404575 -13.44006628 -14.43867328 -23.29599338 -15.04881654]
scheduled_ues:  [ 0  1  2  3  4  5  6  7  8  9 10 11 12 13 14]
(1, 15, 1, 4, 1, 1)
caused INR: -10.702307415088708
TpsAltruisticFromLsfGain + IndividualEstimated_INR + -15.0
None
ls_gain_coeffs:
[-139.89467183 -131.94440015 -143.62129964 -143.63363917 -140.08347793
 -139.64939358 -151.72302103 -149.41170204 -148.55718356 -151.18304227
 -137.00374579 -124.42976632 -125.42837333 -134.28569342 -126.03851658]
inrs_hat:  [-28.90497179 -20.95470011 -32.6315996  -32.64393913 -29.09377789
 -28.65969354 -40.73332099 -38.422002   -37.56748351 -40.19334222
 -26.01404575 -13.44006628 -14.43867328 -23.29599338 -15.04881654]
scheduled_ues:  [ 0  1  2  3  4  5  6  7  8  9 10 13 14]
(1, 15, 1, 4, 1, 1)
caused INR: -16.94581154385654
TpsAltruisticFromLsfGain + CumulativeIndividualEstimated_INR + -10.0
None
(1, 15, 1, 4, 1, 1)
caused INR: -20.17853466028333
TpsAltruisticFromLsfGain + CumulativeIndividualEstimated_INR + -12.5
None
(1, 15, 1, 4, 1, 1)
caused INR: -16.94581154385654
TpsAltruisticFromLsfGain + CumulativeIndividualEstimated_INR + -15.0
None
(1, 15, 1, 4, 1, 1)
caused INR: -20.160657517890467
TpsRandomic + IndividualEstimated_INR + -10.0
None
ls_gain_coeffs:
[-128.40643793 -115.45342723 -134.61212513 -134.15234786 -129.56523999
 -132.20261993 -138.97700861 -137.00764406 -132.13116531 -151.18304227
 -122.96410705 -115.31083353 -125.42837333 -134.28569342 -126.03851658]
inrs_hat:  [-17.41673788  -4.46372718 -23.62242508 -23.16264781 -18.57553994
 -21.21291989 -27.98730857 -26.01794402 -21.14146527 -40.19334222
 -11.974407    -4.32113348 -14.43867328 -23.29599338 -15.04881654]
scheduled_ues:  [ 0  2  3  4  5  6  7  8  9 10 12 13 14]
(1, 15, 1, 4, 1, 1)
caused INR: -13.247162844173035
TpsRandomic + IndividualEstimated_INR + -12.5
None
ls_gain_coeffs:
[-122.98460378 -131.94440015 -134.61212513 -126.80691244 -122.9842541
 -123.03432564 -138.97700861 -132.84665889 -148.55718356 -138.27106505
 -137.00374579 -111.93928586 -116.51477945 -134.28569342 -109.18684584]
inrs_hat:  [-11.99490373 -20.95470011 -23.62242508 -15.8172124  -11.99455406
 -12.0446256  -27.98730857 -21.85695885 -37.56748351 -27.28136501
 -26.01404575  -0.94958582  -5.5250794  -23.29599338   1.8028542 ]
scheduled_ues:  [ 1  2  3  6  7  8  9 10 13]
(1, 15, 1, 4, 1, 1)
caused INR: -15.141033029824694
TpsRandomic + IndividualEstimated_INR + -15.0
None
ls_gain_coeffs:
[-130.00436963 -115.45342723 -143.62129964 -131.90307703 -128.84486821
 -132.20261993 -150.80978377 -141.12727372 -148.55718356 -151.18304227
 -137.00374579 -124.42976632 -112.91260142 -117.52092513 -126.03851658]
inrs_hat:  [-19.01466958  -4.46372718 -32.6315996  -20.91337699 -17.85516817
 -21.21291989 -39.82008373 -30.13757368 -37.56748351 -40.19334222
 -26.01404575 -13.44006628  -1.92290138  -6.53122509 -15.04881654]
scheduled_ues:  [ 0  2  3  4  5  6  7  8  9 10 14]
(1, 15, 1, 4, 1, 1)
caused INR: -17.776792098567924
TpsRandomic + CumulativeIndividualEstimated_INR + -10.0
None
(1, 15, 1, 4, 1, 1)
caused INR: -17.541797361329593
TpsRandomic + CumulativeIndividualEstimated_INR + -12.5
None
(1, 15, 1, 4, 1, 1)
caused INR: -19.832774973624524
TpsRandomic + CumulativeIndividualEstimated_INR + -15.0
None
(1, 15, 1, 4, 1, 1)
caused INR: -17.59747335249198
Iteration number 49
TpsAltruisticFromLsfGain + IndividualEstimated_INR + -10.0
None
ls_gain_coeffs:
[-127.10725113 -148.59506025 -144.72826952 -138.71348052 -126.34420192
 -127.05266897 -138.48352991 -138.4410277  -133.30651464 -135.1532138
 -138.53513157 -144.4532289  -105.08034309 -133.99455858 -132.97902593]
inrs_hat:  [-16.11755109 -37.60536021 -33.73856947 -27.72378047 -15.35450188
 -16.06296893 -27.49382986 -27.45132765 -22.3168146  -24.16351376
 -27.54543153 -33.46352886   5.90935696 -23.00485854 -21.98932588]
scheduled_ues:  [ 0  1  2  3  4  5  6  7  8  9 10 11 13 14]
(1, 15, 1, 4, 1, 1)
caused INR: -7.89798010953268
TpsAltruisticFromLsfGain + IndividualEstimated_INR + -12.5
None
ls_gain_coeffs:
[-127.10725113 -148.59506025 -144.72826952 -138.71348052 -126.34420192
 -127.05266897 -138.48352991 -138.4410277  -133.30651464 -135.1532138
 -138.53513157 -144.4532289  -105.08034309 -133.99455858 -132.97902593]
inrs_hat:  [-16.11755109 -37.60536021 -33.73856947 -27.72378047 -15.35450188
 -16.06296893 -27.49382986 -27.45132765 -22.3168146  -24.16351376
 -27.54543153 -33.46352886   5.90935696 -23.00485854 -21.98932588]
scheduled_ues:  [ 0  1  2  3  4  5  6  7  8  9 10 11 13 14]
(1, 15, 1, 4, 1, 1)
caused INR: -7.89798010953268
TpsAltruisticFromLsfGain + IndividualEstimated_INR + -15.0
None
ls_gain_coeffs:
[-127.10725113 -148.59506025 -144.72826952 -138.71348052 -126.34420192
 -127.05266897 -138.48352991 -138.4410277  -133.30651464 -135.1532138
 -138.53513157 -144.4532289  -105.08034309 -133.99455858 -132.97902593]
inrs_hat:  [-16.11755109 -37.60536021 -33.73856947 -27.72378047 -15.35450188
 -16.06296893 -27.49382986 -27.45132765 -22.3168146  -24.16351376
 -27.54543153 -33.46352886   5.90935696 -23.00485854 -21.98932588]
scheduled_ues:  [ 0  1  2  3  4  5  6  7  8  9 10 11 13 14]
(1, 15, 1, 4, 1, 1)
caused INR: -7.89798010953268
TpsAltruisticFromLsfGain + CumulativeIndividualEstimated_INR + -10.0
None
(1, 15, 1, 4, 1, 1)
caused INR: -10.664688818957808
TpsAltruisticFromLsfGain + CumulativeIndividualEstimated_INR + -12.5
None
(1, 15, 1, 4, 1, 1)
caused INR: -13.778087071706043
TpsAltruisticFromLsfGain + CumulativeIndividualEstimated_INR + -15.0
None
(1, 15, 1, 4, 1, 1)
caused INR: -25.91196812879584
TpsRandomic + IndividualEstimated_INR + -10.0
None
ls_gain_coeffs:
[-114.30615108 -148.59506025 -144.72826952 -124.34532301 -126.34420192
 -114.7573915  -131.94594463 -138.4410277  -133.30651464 -124.30613282
 -125.86358368 -131.4406267   -90.79808365 -120.3954781  -119.83752743]
inrs_hat:  [ -3.31645104 -37.60536021 -33.73856947 -13.35562296 -15.35450188
  -3.76769145 -20.95624459 -27.45132765 -22.3168146  -13.31643278
 -14.87388364 -20.45092666  20.19161639  -9.40577806  -8.84782738]
scheduled_ues:  [ 1  2  3  4  6  7  8  9 10 11]
(1, 15, 1, 4, 1, 1)
caused INR: -7.554141083621708
TpsRandomic + IndividualEstimated_INR + -12.5
None
ls_gain_coeffs:
[-113.94665103 -144.39195222 -144.72826952 -124.34532301 -109.3324773
 -127.05266897 -138.48352991 -131.92407496 -117.55740373 -118.08172123
 -122.09520984 -144.4532289   -90.79808365 -130.52211714 -119.83752743]
inrs_hat:  [ -2.95695098 -33.40225218 -33.73856947 -13.35562296   1.65722275
 -16.06296893 -27.49382986 -20.93437492  -6.56770368  -7.09202119
 -11.10550979 -33.46352886  20.19161639 -19.5324171   -8.84782738]
scheduled_ues:  [ 1  2  3  5  6  7 11 13]
(1, 15, 1, 4, 1, 1)
caused INR: -14.861868158884095
TpsRandomic + IndividualEstimated_INR + -15.0
None
ls_gain_coeffs:
[-127.10725113 -133.35138823 -144.72826952 -131.92414544 -115.25979896
 -118.00406981 -131.94594463 -124.17707685 -133.30651464 -135.1532138
 -130.76843599 -142.74022229  -88.95742422 -130.52211714 -123.6807209 ]
inrs_hat:  [-16.11755109 -22.36168819 -33.73856947 -20.9344454   -4.27009892
  -7.01436976 -20.95624459 -13.1873768  -22.3168146  -24.16351376
 -19.77873594 -31.75052225  22.03227583 -19.5324171  -12.69102085]
scheduled_ues:  [ 0  1  2  3  6  8  9 10 11 13]
(1, 15, 1, 4, 1, 1)
caused INR: -14.169197433883253
TpsRandomic + CumulativeIndividualEstimated_INR + -10.0
None
(1, 15, 1, 4, 1, 1)
caused INR: -19.419157121792978
TpsRandomic + CumulativeIndividualEstimated_INR + -12.5
None
(1, 15, 1, 4, 1, 1)
caused INR: -10.947219766554852
TpsRandomic + CumulativeIndividualEstimated_INR + -15.0
None
(1, 15, 1, 4, 1, 1)
caused INR: -17.952817141923635
Iteration number 50
TpsAltruisticFromLsfGain + IndividualEstimated_INR + -10.0
None
ls_gain_coeffs:
[-149.70163255 -146.79570733 -137.02081392 -142.34559594 -143.22875361
 -137.31471952 -139.86603104 -149.23759799 -141.07940664 -146.05109888
 -150.15017892 -143.86458497 -131.15546185 -134.648459   -142.71356292]
inrs_hat:  [-38.71193251 -35.80600728 -26.03111387 -31.35589589 -32.23905357
 -26.32501947 -28.876331   -38.24789795 -30.0897066  -35.06139884
 -39.16047887 -32.87488493 -20.1657618  -23.65875896 -31.72386287]
scheduled_ues:  [ 0  1  2  3  4  5  6  7  8  9 10 11 12 13 14]
(1, 15, 1, 4, 1, 1)
caused INR: -13.08662823985372
TpsAltruisticFromLsfGain + IndividualEstimated_INR + -12.5
None
ls_gain_coeffs:
[-149.70163255 -146.79570733 -137.02081392 -142.34559594 -143.22875361
 -137.31471952 -139.86603104 -149.23759799 -141.07940664 -146.05109888
 -150.15017892 -143.86458497 -131.15546185 -134.648459   -142.71356292]
inrs_hat:  [-38.71193251 -35.80600728 -26.03111387 -31.35589589 -32.23905357
 -26.32501947 -28.876331   -38.24789795 -30.0897066  -35.06139884
 -39.16047887 -32.87488493 -20.1657618  -23.65875896 -31.72386287]
scheduled_ues:  [ 0  1  2  3  4  5  6  7  8  9 10 11 12 13 14]
(1, 15, 1, 4, 1, 1)
caused INR: -13.08662823985372
TpsAltruisticFromLsfGain + IndividualEstimated_INR + -15.0
None
ls_gain_coeffs:
[-149.70163255 -146.79570733 -137.02081392 -142.34559594 -143.22875361
 -137.31471952 -139.86603104 -149.23759799 -141.07940664 -146.05109888
 -150.15017892 -143.86458497 -131.15546185 -134.648459   -142.71356292]
inrs_hat:  [-38.71193251 -35.80600728 -26.03111387 -31.35589589 -32.23905357
 -26.32501947 -28.876331   -38.24789795 -30.0897066  -35.06139884
 -39.16047887 -32.87488493 -20.1657618  -23.65875896 -31.72386287]
scheduled_ues:  [ 0  1  2  3  4  5  6  7  8  9 10 11 12 13 14]
(1, 15, 1, 4, 1, 1)
caused INR: -13.08662823985372
TpsAltruisticFromLsfGain + CumulativeIndividualEstimated_INR + -10.0
None
(1, 15, 1, 4, 1, 1)
caused INR: -13.08662823985372
TpsAltruisticFromLsfGain + CumulativeIndividualEstimated_INR + -12.5
None
(1, 15, 1, 4, 1, 1)
caused INR: -13.08662823985372
TpsAltruisticFromLsfGain + CumulativeIndividualEstimated_INR + -15.0
None
(1, 15, 1, 4, 1, 1)
caused INR: -13.08662823985372
TpsRandomic + IndividualEstimated_INR + -10.0
None
ls_gain_coeffs:
[-133.48147695 -130.1568099  -123.42231922 -126.01064149 -126.39559998
 -120.02581231 -132.85840013 -149.23759799 -128.4110436  -135.57289161
 -135.34128812 -143.86458497 -131.15546185 -118.06709092 -132.86841467]
inrs_hat:  [-22.49177691 -19.16710986 -12.43261918 -15.02094145 -15.40589994
  -9.03611227 -21.86870009 -38.24789795 -17.42134356 -24.58319156
 -24.35158808 -32.87488493 -20.1657618   -7.07739087 -21.87871462]
scheduled_ues:  [ 0  1  2  3  4  6  7  8  9 10 11 12 14]
(1, 15, 1, 4, 1, 1)
caused INR: -15.661914479045574
TpsRandomic + IndividualEstimated_INR + -12.5
None
ls_gain_coeffs:
[-149.70163255 -130.1568099  -122.26542452 -128.04153655 -133.03349907
 -126.94050538 -132.85840013 -133.25460816 -128.52442512 -135.57289161
 -146.59924272 -143.86458497 -114.2658121  -120.29052773 -132.86841467]
inrs_hat:  [-38.71193251 -19.16710986 -11.27572448 -17.05183651 -22.04379902
 -15.95080534 -21.86870009 -22.26490811 -17.53472508 -24.58319156
 -35.60954268 -32.87488493  -3.27611206  -9.30082769 -21.87871462]
scheduled_ues:  [ 0  1  3  4  5  6  7  8  9 10 11 14]
(1, 15, 1, 4, 1, 1)
caused INR: -5.057872812853526
TpsRandomic + IndividualEstimated_INR + -15.0
None
ls_gain_coeffs:
[-135.90996613 -146.79570733 -133.55012983 -142.34559594 -133.03349907
 -137.31471952 -123.38714414 -133.25460816 -141.07940664 -146.05109888
 -135.34128812 -126.97100343 -120.39131336 -118.06709092 -125.81285023]
inrs_hat:  [-24.92026608 -35.80600728 -22.56042978 -31.35589589 -22.04379902
 -26.32501947 -12.3974441  -22.26490811 -30.0897066  -35.06139884
 -24.35158808 -15.98130338  -9.40161332  -7.07739087 -14.82315018]
scheduled_ues:  [ 0  1  2  3  4  5  7  8  9 10 11]
(1, 15, 1, 4, 1, 1)
caused INR: -16.561073832890038
TpsRandomic + CumulativeIndividualEstimated_INR + -10.0
None
(1, 15, 1, 4, 1, 1)
caused INR: -12.351793766183292
TpsRandomic + CumulativeIndividualEstimated_INR + -12.5
None
(1, 15, 1, 4, 1, 1)
caused INR: -9.831760648654846
TpsRandomic + CumulativeIndividualEstimated_INR + -15.0
None
(1, 15, 1, 4, 1, 1)
caused INR: -13.34292785454279
Iteration number 51
TpsAltruisticFromLsfGain + IndividualEstimated_INR + -10.0
None
ls_gain_coeffs:
[-122.76828856 -146.53132167 -121.00364456 -143.95097168 -132.07920767
 -141.30202348 -131.72930297 -129.04556017 -136.89048372 -136.64397976
 -141.01053306 -141.18658164 -131.52748033 -134.74122055 -142.77304856]
inrs_hat:  [-11.77858852 -35.54162162 -10.01394452 -32.96127164 -21.08950763
 -30.31232344 -20.73960293 -18.05586013 -25.90078368 -25.65427972
 -30.02083302 -30.19688159 -20.53778028 -23.75152051 -31.78334851]
scheduled_ues:  [ 0  1  2  3  4  5  6  7  8  9 10 11 12 13 14]
(1, 15, 1, 4, 1, 1)
caused INR: -16.707142126361198
TpsAltruisticFromLsfGain + IndividualEstimated_INR + -12.5
None
ls_gain_coeffs:
[-122.76828856 -146.53132167 -121.00364456 -143.95097168 -132.07920767
 -141.30202348 -131.72930297 -129.04556017 -136.89048372 -136.64397976
 -141.01053306 -141.18658164 -131.52748033 -134.74122055 -142.77304856]
inrs_hat:  [-11.77858852 -35.54162162 -10.01394452 -32.96127164 -21.08950763
 -30.31232344 -20.73960293 -18.05586013 -25.90078368 -25.65427972
 -30.02083302 -30.19688159 -20.53778028 -23.75152051 -31.78334851]
scheduled_ues:  [ 1  3  4  5  6  7  8  9 10 11 12 13 14]
(1, 15, 1, 4, 1, 1)
caused INR: -15.235814288892257
TpsAltruisticFromLsfGain + IndividualEstimated_INR + -15.0
None
ls_gain_coeffs:
[-122.76828856 -146.53132167 -121.00364456 -143.95097168 -132.07920767
 -141.30202348 -131.72930297 -129.04556017 -136.89048372 -136.64397976
 -141.01053306 -141.18658164 -131.52748033 -134.74122055 -142.77304856]
inrs_hat:  [-11.77858852 -35.54162162 -10.01394452 -32.96127164 -21.08950763
 -30.31232344 -20.73960293 -18.05586013 -25.90078368 -25.65427972
 -30.02083302 -30.19688159 -20.53778028 -23.75152051 -31.78334851]
scheduled_ues:  [ 1  3  4  5  6  7  8  9 10 11 12 13 14]
(1, 15, 1, 4, 1, 1)
caused INR: -15.235814288892257
TpsAltruisticFromLsfGain + CumulativeIndividualEstimated_INR + -10.0
None
(1, 15, 1, 4, 1, 1)
caused INR: -15.235814288892257
TpsAltruisticFromLsfGain + CumulativeIndividualEstimated_INR + -12.5
None
(1, 15, 1, 4, 1, 1)
caused INR: -15.235814288892257
TpsAltruisticFromLsfGain + CumulativeIndividualEstimated_INR + -15.0
None
(1, 15, 1, 4, 1, 1)
caused INR: -14.28130545832666
TpsRandomic + IndividualEstimated_INR + -10.0
None
ls_gain_coeffs:
[-105.14412538 -129.81709597 -108.54523703 -130.37911469 -131.90205724
 -141.30202348 -131.72930297 -117.72849048 -122.57668619 -136.64397976
 -141.01053306 -134.49198917 -113.24849355 -117.18865174 -126.09566501]
inrs_hat:  [  5.84557467 -18.82739593   2.44446301 -19.38941464 -20.9123572
 -30.31232344 -20.73960293  -6.73879044 -11.58698614 -25.65427972
 -30.02083302 -23.50228913  -2.25879351  -6.1989517  -15.10596497]
scheduled_ues:  [ 1  3  4  5  6  8  9 10 11 14]
(1, 15, 1, 4, 1, 1)
caused INR: -15.82557736514608
TpsRandomic + IndividualEstimated_INR + -12.5
None
ls_gain_coeffs:
[-105.14412538 -137.86319473 -121.00364456 -127.4941633  -131.90205724
 -135.90775091 -131.72930297 -117.72849048 -123.51278496 -136.64397976
 -132.9302417  -127.40014144 -131.52748033 -123.70864772 -135.07494002]
inrs_hat:  [  5.84557467 -26.87349469 -10.01394452 -16.50446326 -20.9123572
 -24.91805087 -20.73960293  -6.73879044 -12.52308491 -25.65427972
 -21.94054166 -16.41044139 -20.53778028 -12.71894768 -24.08523998]
scheduled_ues:  [ 1  3  4  5  6  8  9 10 11 12 13 14]
(1, 15, 1, 4, 1, 1)
caused INR: -15.620961953415177
TpsRandomic + IndividualEstimated_INR + -15.0
None
ls_gain_coeffs:
[-107.73540697 -146.53132167 -111.20499282 -130.37911469 -119.57855753
 -141.30202348 -115.37947136 -111.7998378  -122.57668619 -120.25924018
 -132.9302417  -141.18658164 -131.52748033 -123.11025576 -129.55799   ]
inrs_hat:  [  3.25429307 -35.54162162  -0.21529278 -19.38941464  -8.58885748
 -30.31232344  -4.38977132  -0.81013776 -11.58698614  -9.26954014
 -21.94054166 -30.19688159 -20.53778028 -12.12055572 -18.56828996]
scheduled_ues:  [ 1  3  5 10 11 12 14]
(1, 15, 1, 4, 1, 1)
caused INR: -16.313761795542817
TpsRandomic + CumulativeIndividualEstimated_INR + -10.0
None
(1, 15, 1, 4, 1, 1)
caused INR: -12.580966799597974
TpsRandomic + CumulativeIndividualEstimated_INR + -12.5
None
(1, 15, 1, 4, 1, 1)
caused INR: -13.4655939270938
TpsRandomic + CumulativeIndividualEstimated_INR + -15.0
None
(1, 15, 1, 4, 1, 1)
caused INR: -15.245890508967278
Iteration number 52
TpsAltruisticFromLsfGain + IndividualEstimated_INR + -10.0
None
ls_gain_coeffs:
[-128.66639912 -134.99871516 -131.93977508 -144.43796919 -126.21265636
 -130.53102873 -132.43025211 -142.88549364 -132.84065689 -138.84766846
 -143.04575172 -127.95345647 -144.46117648 -108.41927779 -148.83168484]
inrs_hat:  [-17.67669907 -24.00901512 -20.95007503 -33.44826915 -15.22295632
 -19.54132868 -21.44055207 -31.8957936  -21.85095685 -27.85796842
 -32.05605168 -16.96375643 -33.47147644   2.57042225 -37.84198479]
scheduled_ues:  [ 0  1  2  3  4  5  6  7  8  9 10 11 12 14]
(1, 15, 1, 4, 1, 1)
caused INR: -8.464147413398793
TpsAltruisticFromLsfGain + IndividualEstimated_INR + -12.5
None
ls_gain_coeffs:
[-128.66639912 -134.99871516 -131.93977508 -144.43796919 -126.21265636
 -130.53102873 -132.43025211 -142.88549364 -132.84065689 -138.84766846
 -143.04575172 -127.95345647 -144.46117648 -108.41927779 -148.83168484]
inrs_hat:  [-17.67669907 -24.00901512 -20.95007503 -33.44826915 -15.22295632
 -19.54132868 -21.44055207 -31.8957936  -21.85095685 -27.85796842
 -32.05605168 -16.96375643 -33.47147644   2.57042225 -37.84198479]
scheduled_ues:  [ 0  1  2  3  4  5  6  7  8  9 10 11 12 14]
(1, 15, 1, 4, 1, 1)
caused INR: -8.464147413398793
TpsAltruisticFromLsfGain + IndividualEstimated_INR + -15.0
None
ls_gain_coeffs:
[-128.66639912 -134.99871516 -131.93977508 -144.43796919 -126.21265636
 -130.53102873 -132.43025211 -142.88549364 -132.84065689 -138.84766846
 -143.04575172 -127.95345647 -144.46117648 -108.41927779 -148.83168484]
inrs_hat:  [-17.67669907 -24.00901512 -20.95007503 -33.44826915 -15.22295632
 -19.54132868 -21.44055207 -31.8957936  -21.85095685 -27.85796842
 -32.05605168 -16.96375643 -33.47147644   2.57042225 -37.84198479]
scheduled_ues:  [ 0  1  2  3  4  5  6  7  8  9 10 11 12 14]
(1, 15, 1, 4, 1, 1)
caused INR: -8.464147413398793
TpsAltruisticFromLsfGain + CumulativeIndividualEstimated_INR + -10.0
None
(1, 15, 1, 4, 1, 1)
caused INR: -17.325627987079102
TpsAltruisticFromLsfGain + CumulativeIndividualEstimated_INR + -12.5
None
(1, 15, 1, 4, 1, 1)
caused INR: -17.52042155792825
TpsAltruisticFromLsfGain + CumulativeIndividualEstimated_INR + -15.0
None
(1, 15, 1, 4, 1, 1)
caused INR: -21.88832033941931
TpsRandomic + IndividualEstimated_INR + -10.0
None
ls_gain_coeffs:
[-122.86550115 -117.72907186 -118.71937967 -144.43796919 -126.21265636
 -130.53102873 -121.78512658 -129.35622413 -116.13083578 -122.66553601
 -130.19731724 -111.77960218 -130.61690567  -93.97072142 -132.77216179]
inrs_hat:  [-11.87580111  -6.73937182  -7.72967962 -33.44826915 -15.22295632
 -19.54132868 -10.79542653 -18.36652409  -5.14113573 -11.67583597
 -19.20761719  -0.78990214 -19.62720563  17.01897862 -21.78246174]
scheduled_ues:  [ 0  3  4  5  6  7  9 10 12 14]
(1, 15, 1, 4, 1, 1)
caused INR: -3.6708266714510573
TpsRandomic + IndividualEstimated_INR + -12.5
None
ls_gain_coeffs:
[-122.86550115 -122.82482094 -131.93977508 -130.86203408 -112.81434137
 -117.17782606 -115.58867411 -129.35622413 -118.4012825  -122.66553601
 -142.4355     -111.77960218 -138.24530011 -108.41927779 -143.31981305]
inrs_hat:  [-11.87580111 -11.8351209  -20.95007503 -19.87233403  -1.82464132
  -6.18812602  -4.59897407 -18.36652409  -7.41158246 -11.67583597
 -31.44579995  -0.78990214 -27.25560007   2.57042225 -32.33011301]
scheduled_ues:  [ 2  3  7 10 12 14]
(1, 15, 1, 4, 1, 1)
caused INR: -19.589186639969796
TpsRandomic + IndividualEstimated_INR + -15.0
None
ls_gain_coeffs:
[-128.66639912 -134.99871516 -129.60338885 -137.4558946  -109.25350148
 -112.37606577 -121.78512658 -135.83792231 -132.84065689 -132.43772818
 -130.19731724 -127.95345647 -138.24530011  -95.99031603 -148.83168484]
inrs_hat:  [-17.67669907 -24.00901512 -18.61368881 -26.46619456   1.73619856
  -1.38636572 -10.79542653 -24.84822227 -21.85095685 -21.44802813
 -19.20761719 -16.96375643 -27.25560007  14.99938401 -37.84198479]
scheduled_ues:  [ 0  1  2  3  7  8  9 10 11 12 14]
(1, 15, 1, 4, 1, 1)
caused INR: -9.365955174521924
TpsRandomic + CumulativeIndividualEstimated_INR + -10.0
None
(1, 15, 1, 4, 1, 1)
caused INR: -12.484868889464327
TpsRandomic + CumulativeIndividualEstimated_INR + -12.5
None
(1, 15, 1, 4, 1, 1)
caused INR: -22.564053407566075
TpsRandomic + CumulativeIndividualEstimated_INR + -15.0
None
(1, 15, 1, 4, 1, 1)
caused INR: -17.326048720465508
Iteration number 53
TpsAltruisticFromLsfGain + IndividualEstimated_INR + -10.0
None
ls_gain_coeffs:
[-141.58030469 -133.1682481  -144.53534882 -142.13804952 -145.01949072
 -136.32730122 -142.08920781 -143.52560777 -119.78382347 -133.11503669
 -142.90122636 -134.28054846 -135.7191593  -131.12338288 -136.34958991]
inrs_hat:  [-30.59060465 -22.17854805 -33.54564878 -31.14834947 -34.02979068
 -25.33760118 -31.09950777 -32.53590772  -8.79412342 -22.12533665
 -31.91152632 -23.29084842 -24.72945925 -20.13368283 -25.35988986]
scheduled_ues:  [ 0  1  2  3  4  5  6  7  9 10 11 12 13 14]
(1, 15, 1, 4, 1, 1)
caused INR: -12.63793483713499
TpsAltruisticFromLsfGain + IndividualEstimated_INR + -12.5
None
ls_gain_coeffs:
[-141.58030469 -133.1682481  -144.53534882 -142.13804952 -145.01949072
 -136.32730122 -142.08920781 -143.52560777 -119.78382347 -133.11503669
 -142.90122636 -134.28054846 -135.7191593  -131.12338288 -136.34958991]
inrs_hat:  [-30.59060465 -22.17854805 -33.54564878 -31.14834947 -34.02979068
 -25.33760118 -31.09950777 -32.53590772  -8.79412342 -22.12533665
 -31.91152632 -23.29084842 -24.72945925 -20.13368283 -25.35988986]
scheduled_ues:  [ 0  1  2  3  4  5  6  7  9 10 11 12 13 14]
(1, 15, 1, 4, 1, 1)
caused INR: -12.63793483713499
TpsAltruisticFromLsfGain + IndividualEstimated_INR + -15.0
None
ls_gain_coeffs:
[-141.58030469 -133.1682481  -144.53534882 -142.13804952 -145.01949072
 -136.32730122 -142.08920781 -143.52560777 -119.78382347 -133.11503669
 -142.90122636 -134.28054846 -135.7191593  -131.12338288 -136.34958991]
inrs_hat:  [-30.59060465 -22.17854805 -33.54564878 -31.14834947 -34.02979068
 -25.33760118 -31.09950777 -32.53590772  -8.79412342 -22.12533665
 -31.91152632 -23.29084842 -24.72945925 -20.13368283 -25.35988986]
scheduled_ues:  [ 0  1  2  3  4  5  6  7  9 10 11 12 13 14]
(1, 15, 1, 4, 1, 1)
caused INR: -12.63793483713499
TpsAltruisticFromLsfGain + CumulativeIndividualEstimated_INR + -10.0
None
(1, 15, 1, 4, 1, 1)
caused INR: -12.63793483713499
TpsAltruisticFromLsfGain + CumulativeIndividualEstimated_INR + -12.5
None
(1, 15, 1, 4, 1, 1)
caused INR: -12.63793483713499
TpsAltruisticFromLsfGain + CumulativeIndividualEstimated_INR + -15.0
None
(1, 15, 1, 4, 1, 1)
caused INR: -13.191409041550969
TpsRandomic + IndividualEstimated_INR + -10.0
None
ls_gain_coeffs:
[-141.58030469 -119.9610323  -131.48395042 -142.13804952 -145.01949072
 -119.90152492 -125.49892323 -133.14553381 -102.34132218 -133.11503669
 -129.53754587 -121.12176181 -135.7191593  -116.97248027 -119.09749782]
inrs_hat:  [-30.59060465  -8.97133226 -20.49425038 -31.14834947 -34.02979068
  -8.91182487 -14.50922318 -22.15583377   8.64837786 -22.12533665
 -18.54784583 -10.13206177 -24.72945925  -5.98278023  -8.10779778]
scheduled_ues:  [ 0  2  3  4  6  7  9 10 11 12]
(1, 15, 1, 4, 1, 1)
caused INR: -7.825665324993243
TpsRandomic + IndividualEstimated_INR + -12.5
None
ls_gain_coeffs:
[-127.977179   -120.3438402  -127.86942601 -142.13804952 -128.12111299
 -136.32730122 -128.63956722 -126.7614635  -102.34132218 -116.40581907
 -142.90122636 -121.12176181 -119.45818393 -116.97248027 -123.70303912]
inrs_hat:  [-16.98747896  -9.35414016 -16.87972597 -31.14834947 -17.13141295
 -25.33760118 -17.64986718 -15.77176345   8.64837786  -5.41611903
 -31.91152632 -10.13206177  -8.46848389  -5.98278023 -12.71333907]
scheduled_ues:  [ 0  2  3  4  5  6  7 10 14]
(1, 15, 1, 4, 1, 1)
caused INR: -16.566982797672118
TpsRandomic + IndividualEstimated_INR + -15.0
None
ls_gain_coeffs:
[-141.58030469 -133.1682481  -127.86942601 -142.13804952 -128.12111299
 -122.35546863 -128.63956722 -143.52560777 -119.78382347 -116.40581907
 -142.90122636 -121.12176181 -135.7191593  -131.12338288 -123.70303912]
inrs_hat:  [-30.59060465 -22.17854805 -16.87972597 -31.14834947 -17.13141295
 -11.36576859 -17.64986718 -32.53590772  -8.79412342  -5.41611903
 -31.91152632 -10.13206177 -24.72945925 -20.13368283 -12.71333907]
scheduled_ues:  [ 0  1  2  3  4  6  7 10 12 13]
(1, 15, 1, 4, 1, 1)
caused INR: -35.64203702832193
TpsRandomic + CumulativeIndividualEstimated_INR + -10.0
None
(1, 15, 1, 4, 1, 1)
caused INR: -10.503357081828693
TpsRandomic + CumulativeIndividualEstimated_INR + -12.5
None
(1, 15, 1, 4, 1, 1)
caused INR: -10.649629377205718
TpsRandomic + CumulativeIndividualEstimated_INR + -15.0
None
(1, 15, 1, 4, 1, 1)
caused INR: -9.859130487190642
Iteration number 54
TpsAltruisticFromLsfGain + IndividualEstimated_INR + -10.0
None
ls_gain_coeffs:
[-130.6895972  -146.75776058 -146.78977007 -127.06903405 -120.78162115
 -132.61047264 -132.66866599 -138.50662715 -138.81033231 -125.17872901
 -132.76073058 -137.47137669 -119.13597314 -138.46199831 -135.62737137]
inrs_hat:  [-19.69989716 -35.76806054 -35.80007003 -16.079334    -9.79192111
 -21.62077259 -21.67896594 -27.5169271  -27.82063227 -14.18902897
 -21.77103054 -26.48167664  -8.1462731  -27.47229827 -24.63767133]
scheduled_ues:  [ 0  1  2  3  5  6  7  8  9 10 11 13 14]
(1, 15, 1, 4, 1, 1)
caused INR: -14.423095545769257
TpsAltruisticFromLsfGain + IndividualEstimated_INR + -12.5
None
ls_gain_coeffs:
[-130.6895972  -146.75776058 -146.78977007 -127.06903405 -120.78162115
 -132.61047264 -132.66866599 -138.50662715 -138.81033231 -125.17872901
 -132.76073058 -137.47137669 -119.13597314 -138.46199831 -135.62737137]
inrs_hat:  [-19.69989716 -35.76806054 -35.80007003 -16.079334    -9.79192111
 -21.62077259 -21.67896594 -27.5169271  -27.82063227 -14.18902897
 -21.77103054 -26.48167664  -8.1462731  -27.47229827 -24.63767133]
scheduled_ues:  [ 0  1  2  3  5  6  7  8  9 10 11 13 14]
(1, 15, 1, 4, 1, 1)
caused INR: -14.423095545769257
TpsAltruisticFromLsfGain + IndividualEstimated_INR + -15.0
None
ls_gain_coeffs:
[-130.6895972  -146.75776058 -146.78977007 -127.06903405 -120.78162115
 -132.61047264 -132.66866599 -138.50662715 -138.81033231 -125.17872901
 -132.76073058 -137.47137669 -119.13597314 -138.46199831 -135.62737137]
inrs_hat:  [-19.69989716 -35.76806054 -35.80007003 -16.079334    -9.79192111
 -21.62077259 -21.67896594 -27.5169271  -27.82063227 -14.18902897
 -21.77103054 -26.48167664  -8.1462731  -27.47229827 -24.63767133]
scheduled_ues:  [ 0  1  2  3  5  6  7  8 10 11 13 14]
(1, 15, 1, 4, 1, 1)
caused INR: -18.40086450873858
TpsAltruisticFromLsfGain + CumulativeIndividualEstimated_INR + -10.0
None
(1, 15, 1, 4, 1, 1)
caused INR: -18.40086450873858
TpsAltruisticFromLsfGain + CumulativeIndividualEstimated_INR + -12.5
None
(1, 15, 1, 4, 1, 1)
caused INR: -15.117836559921294
TpsAltruisticFromLsfGain + CumulativeIndividualEstimated_INR + -15.0
None
(1, 15, 1, 4, 1, 1)
caused INR: -18.248999071442217
TpsRandomic + IndividualEstimated_INR + -10.0
None
ls_gain_coeffs:
[-128.17429071 -134.6111284  -135.54966001 -118.36170002 -106.71702272
 -132.61047264 -132.66866599 -129.67465428 -124.7764498  -116.42276942
 -120.08218666 -127.10714293 -106.63977871 -131.7737501  -121.50742849]
inrs_hat:  [-17.18459067 -23.62142836 -24.55995997  -7.37199998   4.27267732
 -21.62077259 -21.67896594 -18.68495423 -13.78674976  -5.43306937
  -9.09248662 -16.11744289   4.34992133 -20.78405006 -10.51772845]
scheduled_ues:  [ 0  1  2  5  6  7  8 11 13 14]
(1, 15, 1, 4, 1, 1)
caused INR: -3.420934210715716
TpsRandomic + IndividualEstimated_INR + -12.5
None
ls_gain_coeffs:
[-130.6895972  -134.6111284  -146.78977007 -114.57803169 -106.71702272
 -119.40276208 -120.02596069 -121.59409671 -134.03348478 -108.14553085
 -120.08218666 -127.10714293 -105.00689215 -125.11247313 -133.10985705]
inrs_hat:  [-19.69989716 -23.62142836 -35.80007003  -3.58833165   4.27267732
  -8.41306203  -9.03626064 -10.60439666 -23.04378474   2.8441692
  -9.09248662 -16.11744289   5.9828079  -14.12277309 -22.12015701]
scheduled_ues:  [ 0  1  2  8 11 13 14]
(1, 15, 1, 4, 1, 1)
caused INR: -11.26990493765662
TpsRandomic + IndividualEstimated_INR + -15.0
None
ls_gain_coeffs:
[-117.40956171 -134.6111284  -146.78977007 -114.57803169 -115.91262585
 -132.61047264 -132.66866599 -138.50662715 -138.81033231 -116.42276942
 -132.76073058 -137.47137669 -119.13597314 -138.46199831 -122.34659993]
inrs_hat:  [ -6.41986166 -23.62142836 -35.80007003  -3.58833165  -4.92292581
 -21.62077259 -21.67896594 -27.5169271  -27.82063227  -5.43306937
 -21.77103054 -26.48167664  -8.1462731  -27.47229827 -11.35689989]
scheduled_ues:  [ 1  2  5  6  7  8 10 11 13]
(1, 15, 1, 4, 1, 1)
caused INR: -21.570595752578456
TpsRandomic + CumulativeIndividualEstimated_INR + -10.0
None
(1, 15, 1, 4, 1, 1)
caused INR: -10.402804546468708
TpsRandomic + CumulativeIndividualEstimated_INR + -12.5
None
(1, 15, 1, 4, 1, 1)
caused INR: -13.517417544262804
TpsRandomic + CumulativeIndividualEstimated_INR + -15.0
None
(1, 15, 1, 4, 1, 1)
caused INR: -16.576614476119534
Iteration number 55
TpsAltruisticFromLsfGain + IndividualEstimated_INR + -10.0
None
ls_gain_coeffs:
[-143.22839365 -126.77659938 -147.81738985 -143.28058758 -133.21193159
 -129.62853814 -126.45671867 -146.85752346 -135.14829828 -134.4624748
 -148.79061103 -143.09068267 -129.93572928 -137.00450502 -143.01775163]
inrs_hat:  [-32.23869361 -15.78689934 -36.8276898  -32.29088754 -22.22223155
 -18.6388381  -15.46701863 -35.86782342 -24.15859824 -23.47277476
 -37.80091099 -32.10098263 -18.94602924 -26.01480498 -32.02805159]
scheduled_ues:  [ 0  1  2  3  4  5  6  7  8  9 10 11 12 13 14]
(1, 15, 1, 4, 1, 1)
caused INR: -11.657173847554363
TpsAltruisticFromLsfGain + IndividualEstimated_INR + -12.5
None
ls_gain_coeffs:
[-143.22839365 -126.77659938 -147.81738985 -143.28058758 -133.21193159
 -129.62853814 -126.45671867 -146.85752346 -135.14829828 -134.4624748
 -148.79061103 -143.09068267 -129.93572928 -137.00450502 -143.01775163]
inrs_hat:  [-32.23869361 -15.78689934 -36.8276898  -32.29088754 -22.22223155
 -18.6388381  -15.46701863 -35.86782342 -24.15859824 -23.47277476
 -37.80091099 -32.10098263 -18.94602924 -26.01480498 -32.02805159]
scheduled_ues:  [ 0  1  2  3  4  5  6  7  8  9 10 11 12 13 14]
(1, 15, 1, 4, 1, 1)
caused INR: -11.657173847554363
TpsAltruisticFromLsfGain + IndividualEstimated_INR + -15.0
None
ls_gain_coeffs:
[-143.22839365 -126.77659938 -147.81738985 -143.28058758 -133.21193159
 -129.62853814 -126.45671867 -146.85752346 -135.14829828 -134.4624748
 -148.79061103 -143.09068267 -129.93572928 -137.00450502 -143.01775163]
inrs_hat:  [-32.23869361 -15.78689934 -36.8276898  -32.29088754 -22.22223155
 -18.6388381  -15.46701863 -35.86782342 -24.15859824 -23.47277476
 -37.80091099 -32.10098263 -18.94602924 -26.01480498 -32.02805159]
scheduled_ues:  [ 0  1  2  3  4  5  6  7  8  9 10 11 12 13 14]
(1, 15, 1, 4, 1, 1)
caused INR: -11.657173847554363
TpsAltruisticFromLsfGain + CumulativeIndividualEstimated_INR + -10.0
None
(1, 15, 1, 4, 1, 1)
caused INR: -18.03414974333655
TpsAltruisticFromLsfGain + CumulativeIndividualEstimated_INR + -12.5
None
(1, 15, 1, 4, 1, 1)
caused INR: -12.291003449280849
TpsAltruisticFromLsfGain + CumulativeIndividualEstimated_INR + -15.0
None
(1, 15, 1, 4, 1, 1)
caused INR: -16.998901260664244
TpsRandomic + IndividualEstimated_INR + -10.0
None
ls_gain_coeffs:
[-143.22839365 -109.83965739 -131.09482481 -129.79392676 -132.63166793
 -123.37091039 -126.45671867 -146.85752346 -122.61061305 -123.37306279
 -131.98991422 -137.84382903 -112.48233384 -137.00450502 -136.08783998]
inrs_hat:  [-32.23869361   1.15004266 -20.10512477 -18.80422672 -21.64196789
 -12.38121034 -15.46701863 -35.86782342 -11.62091301 -12.38336275
 -21.00021418 -26.85412899  -1.49263379 -26.01480498 -25.09813994]
scheduled_ues:  [ 0  2  3  4  5  6  7  8  9 10 11 13 14]
(1, 15, 1, 4, 1, 1)
caused INR: -3.7861424362826224
TpsRandomic + IndividualEstimated_INR + -12.5
None
ls_gain_coeffs:
[-143.22839365 -109.83965739 -137.70502184 -129.79392676 -132.63166793
 -113.28350076 -112.16840197 -134.97132408 -122.51452782 -123.37306279
 -131.98991422 -143.09068267 -117.75286612 -124.13468832 -143.01775163]
inrs_hat:  [-32.23869361   1.15004266 -26.7153218  -18.80422672 -21.64196789
  -2.29380071  -1.17870193 -23.98162403 -11.52482778 -12.38336275
 -21.00021418 -32.10098263  -6.76316608 -13.14498828 -32.02805159]
scheduled_ues:  [ 0  2  3  4  7 10 11 13 14]
(1, 15, 1, 4, 1, 1)
caused INR: -14.793727358782638
TpsRandomic + IndividualEstimated_INR + -15.0
None
ls_gain_coeffs:
[-131.14978924 -126.77659938 -137.70502184 -129.79392676 -133.21193159
 -115.63769113 -126.45671867 -130.02130057 -134.86004259 -134.4624748
 -139.25936447 -137.84382903 -117.75286612 -137.00450502 -126.46733784]
inrs_hat:  [-20.16008919 -15.78689934 -26.7153218  -18.80422672 -22.22223155
  -4.64799108 -15.46701863 -19.03160052 -23.87034255 -23.47277476
 -28.26966443 -26.85412899  -6.76316608 -26.01480498 -15.4776378 ]
scheduled_ues:  [ 0  1  2  3  4  6  7  8  9 10 11 13 14]
(1, 15, 1, 4, 1, 1)
caused INR: -10.390522907118049
TpsRandomic + CumulativeIndividualEstimated_INR + -10.0
None
(1, 15, 1, 4, 1, 1)
caused INR: -19.15154094693805
TpsRandomic + CumulativeIndividualEstimated_INR + -12.5
None
(1, 15, 1, 4, 1, 1)
caused INR: -16.733704187970826
TpsRandomic + CumulativeIndividualEstimated_INR + -15.0
None
(1, 15, 1, 4, 1, 1)
caused INR: -21.272010065520583
Iteration number 56
TpsAltruisticFromLsfGain + IndividualEstimated_INR + -10.0
None
ls_gain_coeffs:
[-139.31541368 -134.00641544 -117.26844143 -138.76300597 -135.14417246
 -138.70923003 -140.80164423 -132.99927384 -142.60399806 -145.61558516
 -144.71144496 -146.02693319 -148.19756194 -152.51436802 -129.97910354]
inrs_hat:  [-28.32571364 -23.0167154   -6.27874139 -27.77330592 -24.15447242
 -27.71952999 -29.81194419 -22.0095738  -31.61429801 -34.62588512
 -33.72174492 -35.03723315 -37.2078619  -41.52466797 -18.9894035 ]
scheduled_ues:  [ 0  1  3  4  5  6  7  8  9 10 11 12 13 14]
(1, 15, 1, 4, 1, 1)
caused INR: -12.82354206655275
TpsAltruisticFromLsfGain + IndividualEstimated_INR + -12.5
None
ls_gain_coeffs:
[-139.31541368 -134.00641544 -117.26844143 -138.76300597 -135.14417246
 -138.70923003 -140.80164423 -132.99927384 -142.60399806 -145.61558516
 -144.71144496 -146.02693319 -148.19756194 -152.51436802 -129.97910354]
inrs_hat:  [-28.32571364 -23.0167154   -6.27874139 -27.77330592 -24.15447242
 -27.71952999 -29.81194419 -22.0095738  -31.61429801 -34.62588512
 -33.72174492 -35.03723315 -37.2078619  -41.52466797 -18.9894035 ]
scheduled_ues:  [ 0  1  3  4  5  6  7  8  9 10 11 12 13 14]
(1, 15, 1, 4, 1, 1)
caused INR: -12.82354206655275
TpsAltruisticFromLsfGain + IndividualEstimated_INR + -15.0
None
ls_gain_coeffs:
[-139.31541368 -134.00641544 -117.26844143 -138.76300597 -135.14417246
 -138.70923003 -140.80164423 -132.99927384 -142.60399806 -145.61558516
 -144.71144496 -146.02693319 -148.19756194 -152.51436802 -129.97910354]
inrs_hat:  [-28.32571364 -23.0167154   -6.27874139 -27.77330592 -24.15447242
 -27.71952999 -29.81194419 -22.0095738  -31.61429801 -34.62588512
 -33.72174492 -35.03723315 -37.2078619  -41.52466797 -18.9894035 ]
scheduled_ues:  [ 0  1  3  4  5  6  7  8  9 10 11 12 13 14]
(1, 15, 1, 4, 1, 1)
caused INR: -12.82354206655275
TpsAltruisticFromLsfGain + CumulativeIndividualEstimated_INR + -10.0
None
(1, 15, 1, 4, 1, 1)
caused INR: -12.82354206655275
TpsAltruisticFromLsfGain + CumulativeIndividualEstimated_INR + -12.5
None
(1, 15, 1, 4, 1, 1)
caused INR: -12.82354206655275
TpsAltruisticFromLsfGain + CumulativeIndividualEstimated_INR + -15.0
None
(1, 15, 1, 4, 1, 1)
caused INR: -23.2165575825959
TpsRandomic + IndividualEstimated_INR + -10.0
None
ls_gain_coeffs:
[-128.34992434 -117.62624599 -117.26844143 -138.76300597 -129.53053096
 -121.73456144 -123.96281138 -121.39835578 -126.21944997 -128.93600354
 -137.47251771 -132.29376385 -148.19756194 -138.84682465 -116.92206882]
inrs_hat:  [-17.36022429  -6.63654595  -6.27874139 -27.77330592 -18.54083092
 -10.74486139 -12.97311133 -10.40865573 -15.22974993 -17.9463035
 -26.48281767 -21.30406381 -37.2078619  -27.85712461  -5.93236877]
scheduled_ues:  [ 0  3  4  5  6  7  8  9 10 11 12 13]
(1, 15, 1, 4, 1, 1)
caused INR: -4.389557121824925
TpsRandomic + IndividualEstimated_INR + -12.5
None
ls_gain_coeffs:
[-128.34992434 -117.62624599 -104.64419994 -129.05216857 -120.91015743
 -138.70923003 -123.96281138 -121.39835578 -128.57715312 -136.88944272
 -137.47251771 -142.15222517 -131.7126145  -138.84682465 -128.13279937]
inrs_hat:  [-17.36022429  -6.63654595   6.3455001  -18.06246852  -9.92045738
 -27.71952999 -12.97311133 -10.40865573 -17.58745308 -25.89974268
 -26.48281767 -31.16252512 -20.72291446 -27.85712461 -17.14309932]
scheduled_ues:  [ 0  3  5  6  8  9 10 11 12 13 14]
(1, 15, 1, 4, 1, 1)
caused INR: -15.064081330426678
TpsRandomic + IndividualEstimated_INR + -15.0
None
ls_gain_coeffs:
[-139.31541368 -120.72895066 -116.72051697 -126.86210681 -129.53053096
 -138.70923003 -123.96281138 -132.99927384 -142.60399806 -145.61558516
 -137.47251771 -146.02693319 -131.7126145  -138.84682465 -116.92206882]
inrs_hat:  [-28.32571364  -9.73925062  -5.73081693 -15.87240677 -18.54083092
 -27.71952999 -12.97311133 -22.0095738  -31.61429801 -34.62588512
 -26.48281767 -35.03723315 -20.72291446 -27.85712461  -5.93236877]
scheduled_ues:  [ 0  3  4  5  7  8  9 10 11 12 13]
(1, 15, 1, 4, 1, 1)
caused INR: -25.18328046539036
TpsRandomic + CumulativeIndividualEstimated_INR + -10.0
None
(1, 15, 1, 4, 1, 1)
caused INR: -26.276603669601005
TpsRandomic + CumulativeIndividualEstimated_INR + -12.5
None
(1, 15, 1, 4, 1, 1)
caused INR: -10.165539955348276
TpsRandomic + CumulativeIndividualEstimated_INR + -15.0
None
(1, 15, 1, 4, 1, 1)
caused INR: -12.233032625475769
Iteration number 57
TpsAltruisticFromLsfGain + IndividualEstimated_INR + -10.0
None
ls_gain_coeffs:
[-124.26034942 -148.34552637 -146.15596891 -116.92828306 -152.07581924
 -146.05191126 -144.67227605 -115.03338037 -144.82038387 -108.25728591
 -137.81631695 -115.70237377 -122.72270451 -141.25180138 -143.00976033]
inrs_hat:  [-13.27064938 -37.35582633 -35.16626886  -5.93858302 -41.0861192
 -35.06221121 -33.68257601  -4.04368032 -33.83068382   2.73241413
 -26.82661691  -4.71267372 -11.73300447 -30.26210134 -32.02006029]
scheduled_ues:  [ 0  1  2  4  5  6  8 10 12 13 14]
(1, 15, 1, 4, 1, 1)
caused INR: -11.179706283972395
TpsAltruisticFromLsfGain + IndividualEstimated_INR + -12.5
None
ls_gain_coeffs:
[-124.26034942 -148.34552637 -146.15596891 -116.92828306 -152.07581924
 -146.05191126 -144.67227605 -115.03338037 -144.82038387 -108.25728591
 -137.81631695 -115.70237377 -122.72270451 -141.25180138 -143.00976033]
inrs_hat:  [-13.27064938 -37.35582633 -35.16626886  -5.93858302 -41.0861192
 -35.06221121 -33.68257601  -4.04368032 -33.83068382   2.73241413
 -26.82661691  -4.71267372 -11.73300447 -30.26210134 -32.02006029]
scheduled_ues:  [ 0  1  2  4  5  6  8 10 13 14]
(1, 15, 1, 4, 1, 1)
caused INR: -16.763311016325236
TpsAltruisticFromLsfGain + IndividualEstimated_INR + -15.0
None
ls_gain_coeffs:
[-124.26034942 -148.34552637 -146.15596891 -116.92828306 -152.07581924
 -146.05191126 -144.67227605 -115.03338037 -144.82038387 -108.25728591
 -137.81631695 -115.70237377 -122.72270451 -141.25180138 -143.00976033]
inrs_hat:  [-13.27064938 -37.35582633 -35.16626886  -5.93858302 -41.0861192
 -35.06221121 -33.68257601  -4.04368032 -33.83068382   2.73241413
 -26.82661691  -4.71267372 -11.73300447 -30.26210134 -32.02006029]
scheduled_ues:  [ 1  2  4  5  6  8 10 13 14]
(1, 15, 1, 4, 1, 1)
caused INR: -23.686266607091593
TpsAltruisticFromLsfGain + CumulativeIndividualEstimated_INR + -10.0
None
(1, 15, 1, 4, 1, 1)
caused INR: -16.763311016325236
TpsAltruisticFromLsfGain + CumulativeIndividualEstimated_INR + -12.5
None
(1, 15, 1, 4, 1, 1)
caused INR: -16.763311016325236
TpsAltruisticFromLsfGain + CumulativeIndividualEstimated_INR + -15.0
None
(1, 15, 1, 4, 1, 1)
caused INR: -23.686266607091593
TpsRandomic + IndividualEstimated_INR + -10.0
None
ls_gain_coeffs:
[-124.26034942 -131.71794448 -146.15596891  -96.69583386 -139.59573883
 -146.05191126 -144.67227605 -110.22095229 -127.85904302 -108.25728591
 -137.81631695 -111.02652796 -105.52863956 -136.80230087 -143.00976033]
inrs_hat:  [-13.27064938 -20.72824444 -35.16626886  14.29386618 -28.60603879
 -35.06221121 -33.68257601   0.76874775 -16.86934298   2.73241413
 -26.82661691  -0.03682792   5.46106048 -25.81260083 -32.02006029]
scheduled_ues:  [ 0  1  2  4  5  6  8 10 13 14]
(1, 15, 1, 4, 1, 1)
caused INR: -8.906285461346624
TpsRandomic + IndividualEstimated_INR + -12.5
None
ls_gain_coeffs:
[-124.15745884 -139.82940217 -142.87805207  -96.69583386 -152.07581924
 -132.69585379 -129.25821957  -99.38349498 -134.03637949  -88.51915591
 -120.97228651 -101.7021585  -112.54558509 -125.84386771 -143.00976033]
inrs_hat:  [-13.1677588  -28.83970213 -31.88835203  14.29386618 -41.0861192
 -21.70615375 -18.26851952  11.60620506 -23.04667945  22.47054413
  -9.98258647   9.28754155  -1.55588505 -14.85416767 -32.02006029]
scheduled_ues:  [ 0  1  2  4  5  6  8 13 14]
(1, 15, 1, 4, 1, 1)
caused INR: -12.59474007205675
TpsRandomic + IndividualEstimated_INR + -15.0
None
ls_gain_coeffs:
[-124.15745884 -148.34552637 -132.62172996 -116.92828306 -152.07581924
 -138.76410873 -144.67227605 -115.03338037 -134.03637949  -95.3796821
 -130.23956005 -115.70237377 -105.52863956 -127.32703454 -132.71977898]
inrs_hat:  [-13.1677588  -37.35582633 -21.63202992  -5.93858302 -41.0861192
 -27.77440869 -33.68257601  -4.04368032 -23.04667945  15.61001795
 -19.24986001  -4.71267372   5.46106048 -16.3373345  -21.73007894]
scheduled_ues:  [ 1  2  4  5  6  8 10 13 14]
(1, 15, 1, 4, 1, 1)
caused INR: -10.98746931159152
TpsRandomic + CumulativeIndividualEstimated_INR + -10.0
None
(1, 15, 1, 4, 1, 1)
caused INR: -14.656389347625998
TpsRandomic + CumulativeIndividualEstimated_INR + -12.5
None
(1, 15, 1, 4, 1, 1)
caused INR: -9.386569517857028
TpsRandomic + CumulativeIndividualEstimated_INR + -15.0
None
(1, 15, 1, 4, 1, 1)
caused INR: -15.168094141567629
Iteration number 58
TpsAltruisticFromLsfGain + IndividualEstimated_INR + -10.0
None
ls_gain_coeffs:
[-137.3754642  -151.05737559 -132.07784033 -134.05339588 -140.90847803
 -143.71454357 -149.05141712 -144.41099704 -135.25797171 -122.84629704
 -134.80802492 -145.82206531 -146.70724771 -134.00835919 -154.91791291]
inrs_hat:  [-26.38576416 -40.06767555 -21.08814029 -23.06369584 -29.91877799
 -32.72484353 -38.06171708 -33.421297   -24.26827167 -11.856597
 -23.81832488 -34.83236527 -35.71754767 -23.01865914 -43.92821286]
scheduled_ues:  [ 0  1  2  3  4  5  6  7  8  9 10 11 12 13 14]
(1, 15, 1, 4, 1, 1)
caused INR: -7.131463531002971
TpsAltruisticFromLsfGain + IndividualEstimated_INR + -12.5
None
ls_gain_coeffs:
[-137.3754642  -151.05737559 -132.07784033 -134.05339588 -140.90847803
 -143.71454357 -149.05141712 -144.41099704 -135.25797171 -122.84629704
 -134.80802492 -145.82206531 -146.70724771 -134.00835919 -154.91791291]
inrs_hat:  [-26.38576416 -40.06767555 -21.08814029 -23.06369584 -29.91877799
 -32.72484353 -38.06171708 -33.421297   -24.26827167 -11.856597
 -23.81832488 -34.83236527 -35.71754767 -23.01865914 -43.92821286]
scheduled_ues:  [ 0  1  2  3  4  5  6  7  8 10 11 12 13 14]
(1, 15, 1, 4, 1, 1)
caused INR: -14.291086297080017
TpsAltruisticFromLsfGain + IndividualEstimated_INR + -15.0
None
ls_gain_coeffs:
[-137.3754642  -151.05737559 -132.07784033 -134.05339588 -140.90847803
 -143.71454357 -149.05141712 -144.41099704 -135.25797171 -122.84629704
 -134.80802492 -145.82206531 -146.70724771 -134.00835919 -154.91791291]
inrs_hat:  [-26.38576416 -40.06767555 -21.08814029 -23.06369584 -29.91877799
 -32.72484353 -38.06171708 -33.421297   -24.26827167 -11.856597
 -23.81832488 -34.83236527 -35.71754767 -23.01865914 -43.92821286]
scheduled_ues:  [ 0  1  2  3  4  5  6  7  8 10 11 12 13 14]
(1, 15, 1, 4, 1, 1)
caused INR: -14.291086297080017
TpsAltruisticFromLsfGain + CumulativeIndividualEstimated_INR + -10.0
None
(1, 15, 1, 4, 1, 1)
caused INR: -7.131463531002971
TpsAltruisticFromLsfGain + CumulativeIndividualEstimated_INR + -12.5
None
(1, 15, 1, 4, 1, 1)
caused INR: -14.291086297080017
TpsAltruisticFromLsfGain + CumulativeIndividualEstimated_INR + -15.0
None
(1, 15, 1, 4, 1, 1)
caused INR: -14.291086297080017
TpsRandomic + IndividualEstimated_INR + -10.0
None
ls_gain_coeffs:
[-121.11746065 -135.45380645 -132.07784033 -134.05339588 -126.96838331
 -127.2073734  -132.53190143 -144.41099704 -118.40867003 -116.08936986
 -128.85207221 -133.29812223 -135.60394191 -134.00835919 -142.69225967]
inrs_hat:  [-10.1277606  -24.4641064  -21.08814029 -23.06369584 -15.97868326
 -16.21767335 -21.54220139 -33.421297    -7.41896998  -5.09966981
 -17.86237217 -22.30842219 -24.61424187 -23.01865914 -31.70255963]
scheduled_ues:  [ 0  1  2  3  4  5  6  7 10 11 12 13 14]
(1, 15, 1, 4, 1, 1)
caused INR: -7.362706177516226
TpsRandomic + IndividualEstimated_INR + -12.5
None
ls_gain_coeffs:
[-123.72322784 -137.03479102 -132.07784033 -117.74740573 -136.41299385
 -135.9492427  -136.59144684 -134.2497076  -135.25797171 -116.08936986
 -120.97094562 -129.24764045 -129.9819821  -125.26396584 -146.51703099]
inrs_hat:  [-12.7335278  -26.04509098 -21.08814029  -6.75770569 -25.42329381
 -24.95954265 -25.6017468  -23.26000756 -24.26827167  -5.09966981
  -9.98124558 -18.2579404  -18.99228206 -14.2742658  -35.52733095]
scheduled_ues:  [ 0  1  2  4  5  6  7  8 11 12 13 14]
(1, 15, 1, 4, 1, 1)
caused INR: -10.611802753091297
TpsRandomic + IndividualEstimated_INR + -15.0
None
ls_gain_coeffs:
[-137.3754642  -151.05737559 -132.07784033 -120.44291255 -126.96838331
 -143.71454357 -149.05141712 -127.53056456 -124.54178043 -108.4974564
 -118.69070892 -133.29812223 -136.8016223  -117.2587383  -138.38384533]
inrs_hat:  [-26.38576416 -40.06767555 -21.08814029  -9.4532125  -15.97868326
 -32.72484353 -38.06171708 -16.54086452 -13.55208039   2.49224364
  -7.70100887 -22.30842219 -25.81192225  -6.26903826 -27.39414529]
scheduled_ues:  [ 0  1  2  4  5  6  7 11 12 14]
(1, 15, 1, 4, 1, 1)
caused INR: -17.477346153762387
TpsRandomic + CumulativeIndividualEstimated_INR + -10.0
None
(1, 15, 1, 4, 1, 1)
caused INR: -14.655463205371749
TpsRandomic + CumulativeIndividualEstimated_INR + -12.5
None
(1, 15, 1, 4, 1, 1)
caused INR: -14.161334102119449
TpsRandomic + CumulativeIndividualEstimated_INR + -15.0
None
(1, 15, 1, 4, 1, 1)
caused INR: -21.405720471619812
Iteration number 59
TpsAltruisticFromLsfGain + IndividualEstimated_INR + -10.0
None
ls_gain_coeffs:
[-138.25956417 -125.12091456 -131.32953834 -152.50160893 -139.44747438
 -130.67895875 -137.03652508 -124.35366535 -143.91768136 -135.97271199
 -139.42865988 -126.03388496 -134.58895306 -129.91078682 -152.93733045]
inrs_hat:  [-27.26986413 -14.13121452 -20.3398383  -41.51190889 -28.45777433
 -19.6892587  -26.04682503 -13.36396531 -32.92798131 -24.98301194
 -28.43895984 -15.04418492 -23.59925301 -18.92108677 -41.9476304 ]
scheduled_ues:  [ 0  1  2  3  4  5  6  7  8  9 10 11 12 13 14]
(1, 15, 1, 4, 1, 1)
caused INR: -12.313577020336606
TpsAltruisticFromLsfGain + IndividualEstimated_INR + -12.5
None
ls_gain_coeffs:
[-138.25956417 -125.12091456 -131.32953834 -152.50160893 -139.44747438
 -130.67895875 -137.03652508 -124.35366535 -143.91768136 -135.97271199
 -139.42865988 -126.03388496 -134.58895306 -129.91078682 -152.93733045]
inrs_hat:  [-27.26986413 -14.13121452 -20.3398383  -41.51190889 -28.45777433
 -19.6892587  -26.04682503 -13.36396531 -32.92798131 -24.98301194
 -28.43895984 -15.04418492 -23.59925301 -18.92108677 -41.9476304 ]
scheduled_ues:  [ 0  1  2  3  4  5  6  7  8  9 10 11 12 13 14]
(1, 15, 1, 4, 1, 1)
caused INR: -12.313577020336606
TpsAltruisticFromLsfGain + IndividualEstimated_INR + -15.0
None
ls_gain_coeffs:
[-138.25956417 -125.12091456 -131.32953834 -152.50160893 -139.44747438
 -130.67895875 -137.03652508 -124.35366535 -143.91768136 -135.97271199
 -139.42865988 -126.03388496 -134.58895306 -129.91078682 -152.93733045]
inrs_hat:  [-27.26986413 -14.13121452 -20.3398383  -41.51190889 -28.45777433
 -19.6892587  -26.04682503 -13.36396531 -32.92798131 -24.98301194
 -28.43895984 -15.04418492 -23.59925301 -18.92108677 -41.9476304 ]
scheduled_ues:  [ 0  2  3  4  5  6  8  9 10 11 12 13 14]
(1, 15, 1, 4, 1, 1)
caused INR: -6.564755512846213
TpsAltruisticFromLsfGain + CumulativeIndividualEstimated_INR + -10.0
None
(1, 15, 1, 4, 1, 1)
caused INR: -6.564755512846213
TpsAltruisticFromLsfGain + CumulativeIndividualEstimated_INR + -12.5
None
(1, 15, 1, 4, 1, 1)
caused INR: -8.498305737389272
TpsAltruisticFromLsfGain + CumulativeIndividualEstimated_INR + -15.0
None
(1, 15, 1, 4, 1, 1)
caused INR: -13.96485061435433
TpsRandomic + IndividualEstimated_INR + -10.0
None
ls_gain_coeffs:
[-121.21601656 -114.69017011 -114.30339044 -141.01122377 -139.44747438
 -123.23314994 -137.03652508 -115.92471029 -143.91768136 -119.02386132
 -122.93227951 -116.93512186 -134.58895306 -116.66869111 -142.23527896]
inrs_hat:  [-10.22631652  -3.70047006  -3.3136904  -30.02152373 -28.45777433
 -12.24344989 -26.04682503  -4.93501025 -32.92798131  -8.03416127
 -11.94257946  -5.94542182 -23.59925301  -5.67899106 -31.24557892]
scheduled_ues:  [ 0  3  4  5  6  8 10 12 14]
(1, 15, 1, 4, 1, 1)
caused INR: -15.088276881876862
TpsRandomic + IndividualEstimated_INR + -12.5
None
ls_gain_coeffs:
[-138.25956417 -106.52143681 -131.32953834 -152.50160893 -133.64995846
 -117.40450569 -120.05128936 -107.18809309 -143.91768136 -122.38584699
 -139.42865988 -107.91639445 -134.58895306 -129.91078682 -136.08827238]
inrs_hat:  [-27.26986413   4.46826323 -20.3398383  -41.51190889 -22.66025841
  -6.41480564  -9.06158932   3.80160696 -32.92798131 -11.39614695
 -28.43895984   3.07330559 -23.59925301 -18.92108677 -25.09857234]
scheduled_ues:  [ 0  2  3  4  8 10 12 13 14]
(1, 15, 1, 4, 1, 1)
caused INR: -12.39332599583765
TpsRandomic + IndividualEstimated_INR + -15.0
None
ls_gain_coeffs:
[-138.25956417 -106.52143681 -120.75753288 -143.08964083 -133.64995846
 -117.40450569 -126.8711949  -107.18809309 -128.61496086 -128.10347564
 -122.93227951 -126.03388496 -134.58895306 -129.91078682 -142.3828658 ]
inrs_hat:  [-27.26986413   4.46826323  -9.76783284 -32.09994079 -22.66025841
  -6.41480564 -15.88149485   3.80160696 -17.62526082 -17.1137756
 -11.94257946 -15.04418492 -23.59925301 -18.92108677 -31.39316576]
scheduled_ues:  [ 0  3  4  6  8  9 11 12 13 14]
(1, 15, 1, 4, 1, 1)
caused INR: -15.94348394290259
TpsRandomic + CumulativeIndividualEstimated_INR + -10.0
None
(1, 15, 1, 4, 1, 1)
caused INR: -12.128596963844267
TpsRandomic + CumulativeIndividualEstimated_INR + -12.5
None
(1, 15, 1, 4, 1, 1)
caused INR: -12.425517872326848
TpsRandomic + CumulativeIndividualEstimated_INR + -15.0
None
(1, 15, 1, 4, 1, 1)
caused INR: -19.931113541684255
Iteration number 60
TpsAltruisticFromLsfGain + IndividualEstimated_INR + -10.0
None
ls_gain_coeffs:
[-139.9801792  -137.7438213  -113.95255698 -143.11459214 -129.54786917
 -123.72393709 -124.07696312 -138.53690376 -145.30421558 -131.91088489
 -130.96255508 -122.11170516 -126.98055498 -149.53284571 -135.10795351]
inrs_hat:  [-28.99047915 -26.75412126  -2.96285693 -32.12489209 -18.55816913
 -12.73423705 -13.08726307 -27.54720372 -34.31451553 -20.92118484
 -19.97285503 -11.12200511 -15.99085494 -38.54314566 -24.11825347]
scheduled_ues:  [ 0  1  3  4  5  6  7  8  9 10 11 12 13 14]
(1, 15, 1, 4, 1, 1)
caused INR: -6.992329035978516
TpsAltruisticFromLsfGain + IndividualEstimated_INR + -12.5
None
ls_gain_coeffs:
[-139.9801792  -137.7438213  -113.95255698 -143.11459214 -129.54786917
 -123.72393709 -124.07696312 -138.53690376 -145.30421558 -131.91088489
 -130.96255508 -122.11170516 -126.98055498 -149.53284571 -135.10795351]
inrs_hat:  [-28.99047915 -26.75412126  -2.96285693 -32.12489209 -18.55816913
 -12.73423705 -13.08726307 -27.54720372 -34.31451553 -20.92118484
 -19.97285503 -11.12200511 -15.99085494 -38.54314566 -24.11825347]
scheduled_ues:  [ 0  1  3  4  5  6  7  8  9 10 12 13 14]
(1, 15, 1, 4, 1, 1)
caused INR: -14.690810874912197
TpsAltruisticFromLsfGain + IndividualEstimated_INR + -15.0
None
ls_gain_coeffs:
[-139.9801792  -137.7438213  -113.95255698 -143.11459214 -129.54786917
 -123.72393709 -124.07696312 -138.53690376 -145.30421558 -131.91088489
 -130.96255508 -122.11170516 -126.98055498 -149.53284571 -135.10795351]
inrs_hat:  [-28.99047915 -26.75412126  -2.96285693 -32.12489209 -18.55816913
 -12.73423705 -13.08726307 -27.54720372 -34.31451553 -20.92118484
 -19.97285503 -11.12200511 -15.99085494 -38.54314566 -24.11825347]
scheduled_ues:  [ 0  1  3  4  7  8  9 10 12 13 14]
(1, 15, 1, 4, 1, 1)
caused INR: -19.488317865358237
TpsAltruisticFromLsfGain + CumulativeIndividualEstimated_INR + -10.0
None
(1, 15, 1, 4, 1, 1)
caused INR: -19.488317865358237
TpsAltruisticFromLsfGain + CumulativeIndividualEstimated_INR + -12.5
None
(1, 15, 1, 4, 1, 1)
caused INR: -21.59229343107445
TpsAltruisticFromLsfGain + CumulativeIndividualEstimated_INR + -15.0
None
(1, 15, 1, 4, 1, 1)
caused INR: -17.250287019671067
TpsRandomic + IndividualEstimated_INR + -10.0
None
ls_gain_coeffs:
[-130.81600151 -137.7438213  -105.07440078 -126.50264737 -129.54786917
 -114.23536893 -110.20388168 -138.53690376 -134.28432105 -131.91088489
 -118.21513283 -105.87826427 -126.98055498 -137.00361932 -122.4795723 ]
inrs_hat:  [-19.82630146 -26.75412126   5.91529926 -15.51294733 -18.55816913
  -3.24566888   0.78581837 -27.54720372 -23.29462101 -20.92118484
  -7.22543279   5.11143577 -15.99085494 -26.01391927 -11.48987226]
scheduled_ues:  [ 0  1  3  4  7  8  9 12 13 14]
(1, 15, 1, 4, 1, 1)
caused INR: -24.882613281829865
TpsRandomic + IndividualEstimated_INR + -12.5
None
ls_gain_coeffs:
[-127.71274942 -123.56012648 -113.95255698 -135.46830855 -120.59278227
 -114.23536893 -124.07696312 -134.90529688 -135.07278432 -116.26370353
 -118.21513283 -116.42394382 -126.98055498 -132.87718035 -134.54760988]
inrs_hat:  [-16.72304937 -12.57042644  -2.96285693 -24.47860851  -9.60308222
  -3.24566888 -13.08726307 -23.91559683 -24.08308427  -5.27400349
  -7.22543279  -5.43424378 -15.99085494 -21.88748031 -23.55790984]
scheduled_ues:  [ 0  1  3  6  7  8 12 13 14]
(1, 15, 1, 4, 1, 1)
caused INR: -18.812318348381222
TpsRandomic + IndividualEstimated_INR + -15.0
None
ls_gain_coeffs:
[-139.9801792  -124.43117389  -98.80934874 -135.46830855 -129.54786917
 -106.47552155 -110.9196224  -124.88476813 -134.28432105 -127.10251286
 -122.6738261  -105.87826427 -114.89092507 -137.00361932 -122.29279109]
inrs_hat:  [-28.99047915 -13.44147385  12.18035131 -24.47860851 -18.55816913
   4.51417849   0.07007765 -13.89506809 -23.29462101 -16.11281281
 -11.68412606   5.11143577  -3.90122503 -26.01391927 -11.30309105]
scheduled_ues:  [ 0  3  4  8  9 13]
(1, 15, 1, 4, 1, 1)
caused INR: -13.322222570825195
TpsRandomic + CumulativeIndividualEstimated_INR + -10.0
None
(1, 15, 1, 4, 1, 1)
caused INR: -9.04769467504914
TpsRandomic + CumulativeIndividualEstimated_INR + -12.5
None
(1, 15, 1, 4, 1, 1)
caused INR: -21.535173490170358
TpsRandomic + CumulativeIndividualEstimated_INR + -15.0
None
(1, 15, 1, 4, 1, 1)
caused INR: -24.101021915270845
Iteration number 61
TpsAltruisticFromLsfGain + IndividualEstimated_INR + -10.0
None
ls_gain_coeffs:
[-132.22495734 -137.2262441  -139.12727019 -142.32902254 -123.4147231
 -146.54152264 -128.97109517 -134.4974098  -142.63627494 -138.52961578
 -144.95840309 -133.89817204 -139.85033243 -140.18723519 -130.08801947]
inrs_hat:  [-21.2352573  -26.23654406 -28.13757014 -31.3393225  -12.42502305
 -35.5518226  -17.98139513 -23.50770976 -31.64657489 -27.53991573
 -33.96870305 -22.908472   -28.86063238 -29.19753515 -19.09831943]
scheduled_ues:  [ 0  1  2  3  4  5  6  7  8  9 10 11 12 13 14]
(1, 15, 1, 4, 1, 1)
caused INR: -7.42387200597372
TpsAltruisticFromLsfGain + IndividualEstimated_INR + -12.5
None
ls_gain_coeffs:
[-132.22495734 -137.2262441  -139.12727019 -142.32902254 -123.4147231
 -146.54152264 -128.97109517 -134.4974098  -142.63627494 -138.52961578
 -144.95840309 -133.89817204 -139.85033243 -140.18723519 -130.08801947]
inrs_hat:  [-21.2352573  -26.23654406 -28.13757014 -31.3393225  -12.42502305
 -35.5518226  -17.98139513 -23.50770976 -31.64657489 -27.53991573
 -33.96870305 -22.908472   -28.86063238 -29.19753515 -19.09831943]
scheduled_ues:  [ 0  1  2  3  5  6  7  8  9 10 11 12 13 14]
(1, 15, 1, 4, 1, 1)
caused INR: -10.956100110485655
TpsAltruisticFromLsfGain + IndividualEstimated_INR + -15.0
None
ls_gain_coeffs:
[-132.22495734 -137.2262441  -139.12727019 -142.32902254 -123.4147231
 -146.54152264 -128.97109517 -134.4974098  -142.63627494 -138.52961578
 -144.95840309 -133.89817204 -139.85033243 -140.18723519 -130.08801947]
inrs_hat:  [-21.2352573  -26.23654406 -28.13757014 -31.3393225  -12.42502305
 -35.5518226  -17.98139513 -23.50770976 -31.64657489 -27.53991573
 -33.96870305 -22.908472   -28.86063238 -29.19753515 -19.09831943]
scheduled_ues:  [ 0  1  2  3  5  6  7  8  9 10 11 12 13 14]
(1, 15, 1, 4, 1, 1)
caused INR: -10.956100110485655
TpsAltruisticFromLsfGain + CumulativeIndividualEstimated_INR + -10.0
None
(1, 15, 1, 4, 1, 1)
caused INR: -10.956100110485655
TpsAltruisticFromLsfGain + CumulativeIndividualEstimated_INR + -12.5
None
(1, 15, 1, 4, 1, 1)
caused INR: -10.956100110485655
TpsAltruisticFromLsfGain + CumulativeIndividualEstimated_INR + -15.0
None
(1, 15, 1, 4, 1, 1)
caused INR: -19.620972292927174
TpsRandomic + IndividualEstimated_INR + -10.0
None
ls_gain_coeffs:
[-132.22495734 -137.2262441  -139.12727019 -142.32902254 -117.24345773
 -146.54152264 -128.97109517 -134.4974098  -128.84074735 -138.52961578
 -138.2835399  -128.52171367 -123.68257047 -126.85053026 -127.60940497]
inrs_hat:  [-21.2352573  -26.23654406 -28.13757014 -31.3393225   -6.25375768
 -35.5518226  -17.98139513 -23.50770976 -17.85104731 -27.53991573
 -27.29383986 -17.53201362 -12.69287043 -15.86083022 -16.61970493]
scheduled_ues:  [ 0  1  2  3  5  6  7  8  9 10 11 12 13 14]
(1, 15, 1, 4, 1, 1)
caused INR: -14.667333266305667
TpsRandomic + IndividualEstimated_INR + -12.5
None
ls_gain_coeffs:
[-130.26096026 -120.71587062 -128.21824328 -129.03372266 -109.09234522
 -146.54152264 -128.97109517 -120.98062931 -127.48681977 -124.96030307
 -131.47471659 -128.52171367 -125.54565145 -132.20224147 -115.9940098 ]
inrs_hat:  [-19.27126021  -9.72617058 -17.22854324 -18.04402261   1.89735483
 -35.5518226  -17.98139513  -9.99092926 -16.49711972 -13.97060302
 -20.48501655 -17.53201362 -14.5559514  -21.21254142  -5.00430976]
scheduled_ues:  [ 0  2  3  5  6  8  9 10 11 12 13]
(1, 15, 1, 4, 1, 1)
caused INR: -10.94352824795321
TpsRandomic + IndividualEstimated_INR + -15.0
None
ls_gain_coeffs:
[-118.47402595 -124.58635285 -128.21824328 -128.18002277 -123.4147231
 -130.22384165 -115.77189403 -120.98062931 -128.84074735 -122.30642271
 -128.65832825 -119.66441925 -125.54565145 -132.20224147 -127.60940497]
inrs_hat:  [ -7.48432591 -13.59665281 -17.22854324 -17.19032272 -12.42502305
 -19.23414161  -4.78219398  -9.99092926 -17.85104731 -11.31672266
 -17.6686282   -8.67471921 -14.5559514  -21.21254142 -16.61970493]
scheduled_ues:  [ 2  3  5  8 10 13 14]
(1, 15, 1, 4, 1, 1)
caused INR: -8.835400174141078
TpsRandomic + CumulativeIndividualEstimated_INR + -10.0
None
(1, 15, 1, 4, 1, 1)
caused INR: -5.182197937048873
TpsRandomic + CumulativeIndividualEstimated_INR + -12.5
None
(1, 15, 1, 4, 1, 1)
caused INR: -13.789472408172607
TpsRandomic + CumulativeIndividualEstimated_INR + -15.0
None
(1, 15, 1, 4, 1, 1)
caused INR: -22.043435673789766
Iteration number 62
TpsAltruisticFromLsfGain + IndividualEstimated_INR + -10.0
None
ls_gain_coeffs:
[-140.19826373 -142.97126094 -145.41896489 -143.46001772 -125.16839259
 -131.23354314 -131.63841917 -138.70459273 -136.80312654 -141.23862365
 -138.43605849 -144.33444924 -124.98183028 -142.49839981 -138.37726312]
inrs_hat:  [-29.20856368 -31.9815609  -34.42926484 -32.47031768 -14.17869254
 -20.24384309 -20.64871913 -27.71489269 -25.8134265  -30.2489236
 -27.44635845 -33.34474919 -13.99213023 -31.50869976 -27.38756307]
scheduled_ues:  [ 0  1  2  3  4  5  6  7  8  9 10 11 12 13 14]
(1, 15, 1, 4, 1, 1)
caused INR: -14.910849775059937
TpsAltruisticFromLsfGain + IndividualEstimated_INR + -12.5
None
ls_gain_coeffs:
[-140.19826373 -142.97126094 -145.41896489 -143.46001772 -125.16839259
 -131.23354314 -131.63841917 -138.70459273 -136.80312654 -141.23862365
 -138.43605849 -144.33444924 -124.98183028 -142.49839981 -138.37726312]
inrs_hat:  [-29.20856368 -31.9815609  -34.42926484 -32.47031768 -14.17869254
 -20.24384309 -20.64871913 -27.71489269 -25.8134265  -30.2489236
 -27.44635845 -33.34474919 -13.99213023 -31.50869976 -27.38756307]
scheduled_ues:  [ 0  1  2  3  4  5  6  7  8  9 10 11 12 13 14]
(1, 15, 1, 4, 1, 1)
caused INR: -14.910849775059937
TpsAltruisticFromLsfGain + IndividualEstimated_INR + -15.0
None
ls_gain_coeffs:
[-140.19826373 -142.97126094 -145.41896489 -143.46001772 -125.16839259
 -131.23354314 -131.63841917 -138.70459273 -136.80312654 -141.23862365
 -138.43605849 -144.33444924 -124.98183028 -142.49839981 -138.37726312]
inrs_hat:  [-29.20856368 -31.9815609  -34.42926484 -32.47031768 -14.17869254
 -20.24384309 -20.64871913 -27.71489269 -25.8134265  -30.2489236
 -27.44635845 -33.34474919 -13.99213023 -31.50869976 -27.38756307]
scheduled_ues:  [ 0  1  2  3  5  6  7  8  9 10 11 13 14]
(1, 15, 1, 4, 1, 1)
caused INR: -27.407467371613038
TpsAltruisticFromLsfGain + CumulativeIndividualEstimated_INR + -10.0
None
(1, 15, 1, 4, 1, 1)
caused INR: -17.49019752376422
TpsAltruisticFromLsfGain + CumulativeIndividualEstimated_INR + -12.5
None
(1, 15, 1, 4, 1, 1)
caused INR: -27.407467371613038
TpsAltruisticFromLsfGain + CumulativeIndividualEstimated_INR + -15.0
None
(1, 15, 1, 4, 1, 1)
caused INR: -27.407467371613038
TpsRandomic + IndividualEstimated_INR + -10.0
None
ls_gain_coeffs:
[-140.19826373 -142.97126094 -142.19281393 -141.45482718 -125.16839259
 -114.56242893 -131.63841917 -125.12829456 -120.1636883  -131.29106375
 -121.38424638 -144.33444924 -112.44131625 -128.98721717 -138.37726312]
inrs_hat:  [-29.20856368 -31.9815609  -31.20311389 -30.46512714 -14.17869254
  -3.57272889 -20.64871913 -14.13859452  -9.17398826 -20.30136371
 -10.39454633 -33.34474919  -1.4516162  -17.99751712 -27.38756307]
scheduled_ues:  [ 0  1  2  3  4  6  7  9 10 11 13 14]
(1, 15, 1, 4, 1, 1)
caused INR: -9.273124378596755
TpsRandomic + IndividualEstimated_INR + -12.5
None
ls_gain_coeffs:
[-124.60502322 -142.97126094 -145.41896489 -141.45482718 -110.07277012
 -123.59326397 -131.11321989 -132.33023755 -120.1636883  -131.29106375
 -129.01297101 -128.04423483 -124.83345923 -140.89402585 -122.89385706]
inrs_hat:  [-13.61532317 -31.9815609  -34.42926484 -30.46512714   0.91692992
 -12.60356393 -20.12351985 -21.34053751  -9.17398826 -20.30136371
 -18.02327097 -17.05453479 -13.84375919 -29.9043258  -11.90415702]
scheduled_ues:  [ 0  1  2  3  5  6  7  9 10 11 12 13]
(1, 15, 1, 4, 1, 1)
caused INR: -9.133046877434815
TpsRandomic + IndividualEstimated_INR + -15.0
None
ls_gain_coeffs:
[-124.60502322 -135.25968243 -130.82659758 -141.45482718 -125.16839259
 -117.97319389 -119.02175275 -122.50846606 -136.80312654 -141.23862365
 -126.19712174 -137.92114713 -124.83345923 -142.49839981 -138.37726312]
inrs_hat:  [-13.61532317 -24.26998239 -19.83689754 -30.46512714 -14.17869254
  -6.98349384  -8.0320527  -11.51876601 -25.8134265  -30.2489236
 -15.2074217  -26.93144709 -13.84375919 -31.50869976 -27.38756307]
scheduled_ues:  [ 1  2  3  8  9 10 11 13 14]
(1, 15, 1, 4, 1, 1)
caused INR: -15.833073041772971
TpsRandomic + CumulativeIndividualEstimated_INR + -10.0
None
(1, 15, 1, 4, 1, 1)
caused INR: -21.812553777905194
TpsRandomic + CumulativeIndividualEstimated_INR + -12.5
None
(1, 15, 1, 4, 1, 1)
caused INR: -21.308637100747653
TpsRandomic + CumulativeIndividualEstimated_INR + -15.0
None
(1, 15, 1, 4, 1, 1)
caused INR: -17.592937027878985
Iteration number 63
TpsAltruisticFromLsfGain + IndividualEstimated_INR + -10.0
None
ls_gain_coeffs:
[-123.66513079 -129.65814849 -146.83582483 -135.51071315 -117.44083282
 -148.8439158  -122.91525158 -136.16559892 -127.72325934 -126.71976861
 -137.25712464 -144.16840707 -148.62558102 -131.45889053 -140.05734754]
inrs_hat:  [-12.67543075 -18.66844845 -35.84612479 -24.5210131   -6.45113278
 -37.85421575 -11.92555153 -25.17589888 -16.7335593  -15.73006856
 -26.2674246  -33.17870703 -37.63588098 -20.46919049 -29.0676475 ]
scheduled_ues:  [ 0  1  2  3  5  6  7  8  9 10 11 12 13 14]
(1, 15, 1, 4, 1, 1)
caused INR: -5.44974868780968
TpsAltruisticFromLsfGain + IndividualEstimated_INR + -12.5
None
ls_gain_coeffs:
[-123.66513079 -129.65814849 -146.83582483 -135.51071315 -117.44083282
 -148.8439158  -122.91525158 -136.16559892 -127.72325934 -126.71976861
 -137.25712464 -144.16840707 -148.62558102 -131.45889053 -140.05734754]
inrs_hat:  [-12.67543075 -18.66844845 -35.84612479 -24.5210131   -6.45113278
 -37.85421575 -11.92555153 -25.17589888 -16.7335593  -15.73006856
 -26.2674246  -33.17870703 -37.63588098 -20.46919049 -29.0676475 ]
scheduled_ues:  [ 0  1  2  3  5  7  8  9 10 11 12 13 14]
(1, 15, 1, 4, 1, 1)
caused INR: -4.491455230478118
TpsAltruisticFromLsfGain + IndividualEstimated_INR + -15.0
None
ls_gain_coeffs:
[-123.66513079 -129.65814849 -146.83582483 -135.51071315 -117.44083282
 -148.8439158  -122.91525158 -136.16559892 -127.72325934 -126.71976861
 -137.25712464 -144.16840707 -148.62558102 -131.45889053 -140.05734754]
inrs_hat:  [-12.67543075 -18.66844845 -35.84612479 -24.5210131   -6.45113278
 -37.85421575 -11.92555153 -25.17589888 -16.7335593  -15.73006856
 -26.2674246  -33.17870703 -37.63588098 -20.46919049 -29.0676475 ]
scheduled_ues:  [ 1  2  3  5  7  8  9 10 11 12 13 14]
(1, 15, 1, 4, 1, 1)
caused INR: -9.144368814386652
TpsAltruisticFromLsfGain + CumulativeIndividualEstimated_INR + -10.0
None
(1, 15, 1, 4, 1, 1)
caused INR: -9.144368814386652
TpsAltruisticFromLsfGain + CumulativeIndividualEstimated_INR + -12.5
None
(1, 15, 1, 4, 1, 1)
caused INR: -8.063137003291805
TpsAltruisticFromLsfGain + CumulativeIndividualEstimated_INR + -15.0
None
(1, 15, 1, 4, 1, 1)
caused INR: -13.270380464890634
TpsRandomic + IndividualEstimated_INR + -10.0
None
ls_gain_coeffs:
[-106.08918501 -116.52704652 -146.83582483 -118.67447302  -95.86029658
 -132.81180909 -122.91525158 -124.13111168 -111.32545888 -125.07889993
 -123.26228805 -131.67575827 -139.77512877 -117.77706492 -132.53001898]
inrs_hat:  [  4.90051504  -5.53734648 -35.84612479  -7.68477298  15.12940346
 -21.82210905 -11.92555153 -13.14141164  -0.33575884 -14.08919988
 -12.27258801 -20.68605823 -28.78542873  -6.78736488 -21.54031894]
scheduled_ues:  [ 2  5  6  7  9 10 11 12 14]
(1, 15, 1, 4, 1, 1)
caused INR: -9.549274798905095
TpsRandomic + IndividualEstimated_INR + -12.5
None
ls_gain_coeffs:
[-112.72024775 -116.52704652 -146.83582483 -122.71027856 -103.73242846
 -143.28005503 -107.12851634 -124.13111168 -127.72325934 -113.73121238
 -123.26228805 -131.70128267 -139.77512877 -129.59855211 -132.53001898]
inrs_hat:  [ -1.7305477   -5.53734648 -35.84612479 -11.72057851   7.25727159
 -32.29035499   3.8611837  -13.14141164 -16.7335593   -2.74151234
 -12.27258801 -20.71158263 -28.78542873 -18.60885207 -21.54031894]
scheduled_ues:  [ 2  5  7  8 11 12 13 14]
(1, 15, 1, 4, 1, 1)
caused INR: -7.789093082991018
TpsRandomic + IndividualEstimated_INR + -15.0
None
ls_gain_coeffs:
[-112.72024775 -116.52704652 -136.53983014 -135.51071315 -100.4297647
 -143.28005503 -108.80108396 -127.43839369 -127.72325934 -113.73121238
 -123.26228805 -131.70128267 -148.62558102 -129.59855211 -123.3424497 ]
inrs_hat:  [ -1.7305477   -5.53734648 -25.5501301  -24.5210131   10.55993534
 -32.29035499   2.18861609 -16.44869365 -16.7335593   -2.74151234
 -12.27258801 -20.71158263 -37.63588098 -18.60885207 -12.35274966]
scheduled_ues:  [ 2  3  5  7  8 11 12 13]
(1, 15, 1, 4, 1, 1)
caused INR: -13.74593245212893
TpsRandomic + CumulativeIndividualEstimated_INR + -10.0
None
(1, 15, 1, 4, 1, 1)
caused INR: -5.5686187420343884
TpsRandomic + CumulativeIndividualEstimated_INR + -12.5
None
(1, 15, 1, 4, 1, 1)
caused INR: -14.300278335182313
TpsRandomic + CumulativeIndividualEstimated_INR + -15.0
None
(1, 15, 1, 4, 1, 1)
caused INR: -19.54751719750949
Iteration number 64
TpsAltruisticFromLsfGain + IndividualEstimated_INR + -10.0
None
ls_gain_coeffs:
[-144.45228755 -149.31072552 -122.78295717 -132.93181969 -151.87864694
 -128.11357852 -145.06859789 -138.89584698 -151.57437969 -141.61644896
 -146.79686125 -135.91335771 -131.65882802 -139.88318398 -111.40552208]
inrs_hat:  [-33.46258751 -38.32102547 -11.79325713 -21.94211965 -40.8889469
 -17.12387848 -34.07889785 -27.90614693 -40.58467965 -30.62674892
 -35.8071612  -24.92365767 -20.66912797 -28.89348394  -0.41582204]
scheduled_ues:  [ 0  1  2  3  4  5  6  7  8  9 10 11 12 13]
(1, 15, 1, 4, 1, 1)
caused INR: -6.734796705912622
TpsAltruisticFromLsfGain + IndividualEstimated_INR + -12.5
None
ls_gain_coeffs:
[-144.45228755 -149.31072552 -122.78295717 -132.93181969 -151.87864694
 -128.11357852 -145.06859789 -138.89584698 -151.57437969 -141.61644896
 -146.79686125 -135.91335771 -131.65882802 -139.88318398 -111.40552208]
inrs_hat:  [-33.46258751 -38.32102547 -11.79325713 -21.94211965 -40.8889469
 -17.12387848 -34.07889785 -27.90614693 -40.58467965 -30.62674892
 -35.8071612  -24.92365767 -20.66912797 -28.89348394  -0.41582204]
scheduled_ues:  [ 0  1  3  4  5  6  7  8  9 10 11 12 13]
(1, 15, 1, 4, 1, 1)
caused INR: -9.305498802265417
TpsAltruisticFromLsfGain + IndividualEstimated_INR + -15.0
None
ls_gain_coeffs:
[-144.45228755 -149.31072552 -122.78295717 -132.93181969 -151.87864694
 -128.11357852 -145.06859789 -138.89584698 -151.57437969 -141.61644896
 -146.79686125 -135.91335771 -131.65882802 -139.88318398 -111.40552208]
inrs_hat:  [-33.46258751 -38.32102547 -11.79325713 -21.94211965 -40.8889469
 -17.12387848 -34.07889785 -27.90614693 -40.58467965 -30.62674892
 -35.8071612  -24.92365767 -20.66912797 -28.89348394  -0.41582204]
scheduled_ues:  [ 0  1  3  4  5  6  7  8  9 10 11 12 13]
(1, 15, 1, 4, 1, 1)
caused INR: -9.305498802265417
TpsAltruisticFromLsfGain + CumulativeIndividualEstimated_INR + -10.0
None
(1, 15, 1, 4, 1, 1)
caused INR: -9.305498802265417
TpsAltruisticFromLsfGain + CumulativeIndividualEstimated_INR + -12.5
None
(1, 15, 1, 4, 1, 1)
caused INR: -9.305498802265417
TpsAltruisticFromLsfGain + CumulativeIndividualEstimated_INR + -15.0
None
(1, 15, 1, 4, 1, 1)
caused INR: -16.75258591058849
TpsRandomic + IndividualEstimated_INR + -10.0
None
ls_gain_coeffs:
[-130.63701989 -136.42363235 -122.78295717 -117.10441838 -145.18635768
 -115.22191885 -138.58204248 -122.44273651 -136.4463098  -141.61644896
 -136.01580295 -122.26730266 -124.93243735 -122.97879991 -110.29518037]
inrs_hat:  [-19.64731985 -25.4339323  -11.79325713  -6.11471833 -34.19665764
  -4.2322188  -27.59234244 -11.45303647 -25.45660975 -30.62674892
 -25.02610291 -11.27760261 -13.94273731 -11.98909987   0.69451967]
scheduled_ues:  [ 0  1  2  4  6  7  8  9 10 11 12 13]
(1, 15, 1, 4, 1, 1)
caused INR: -3.2064959921945624
TpsRandomic + IndividualEstimated_INR + -12.5
None
ls_gain_coeffs:
[-128.21674216 -149.31072552 -106.98198516 -127.85311772 -138.3357367
 -114.77185917 -138.58204248 -122.44273651 -147.54467485 -126.70344436
 -136.17565264 -134.10667513 -131.65882802 -122.97879991 -110.29518037]
inrs_hat:  [-17.22704212 -38.32102547   4.00771489 -16.86341768 -27.34603666
  -3.78215913 -27.59234244 -11.45303647 -36.55497481 -15.71374432
 -25.18595259 -23.11697509 -20.66912797 -11.98909987   0.69451967]
scheduled_ues:  [ 0  1  3  4  6  8  9 10 11 12]
(1, 15, 1, 4, 1, 1)
caused INR: -15.631977288640647
TpsRandomic + IndividualEstimated_INR + -15.0
None
ls_gain_coeffs:
[-128.21674216 -136.42363235 -106.98198516 -117.10441838 -135.54024719
 -128.11357852 -145.06859789 -138.89584698 -136.4463098  -141.61644896
 -136.01580295 -135.91335771 -117.76967551 -139.88318398 -111.40552208]
inrs_hat:  [-17.22704212 -25.4339323    4.00771489  -6.11471833 -24.55054715
 -17.12387848 -34.07889785 -27.90614693 -25.45660975 -30.62674892
 -25.02610291 -24.92365767  -6.77997547 -28.89348394  -0.41582204]
scheduled_ues:  [ 0  1  4  5  6  7  8  9 10 11 13]
(1, 15, 1, 4, 1, 1)
caused INR: -20.42695720226597
TpsRandomic + CumulativeIndividualEstimated_INR + -10.0
None
(1, 15, 1, 4, 1, 1)
caused INR: -27.168168173565043
TpsRandomic + CumulativeIndividualEstimated_INR + -12.5
None
(1, 15, 1, 4, 1, 1)
caused INR: -15.866958001047408
TpsRandomic + CumulativeIndividualEstimated_INR + -15.0
None
(1, 15, 1, 4, 1, 1)
caused INR: -16.086872848018462
Iteration number 65
TpsAltruisticFromLsfGain + IndividualEstimated_INR + -10.0
None
ls_gain_coeffs:
[-137.32982683 -122.63912106 -147.19887852 -144.39216812 -140.90335121
 -147.80586501 -141.66574297 -138.67160361 -141.13290029 -153.57833723
 -130.76390324 -136.78277531 -140.87757942 -142.06597078 -134.59131274]
inrs_hat:  [-26.34012679 -11.64942102 -36.20917848 -33.40246808 -29.91365117
 -36.81616496 -30.67604293 -27.68190357 -30.14320024 -42.58863719
 -19.7742032  -25.79307527 -29.88787938 -31.07627074 -23.6016127 ]
scheduled_ues:  [ 0  1  2  3  4  5  6  7  8  9 10 11 12 13 14]
(1, 15, 1, 4, 1, 1)
caused INR: -11.059343939424366
TpsAltruisticFromLsfGain + IndividualEstimated_INR + -12.5
None
ls_gain_coeffs:
[-137.32982683 -122.63912106 -147.19887852 -144.39216812 -140.90335121
 -147.80586501 -141.66574297 -138.67160361 -141.13290029 -153.57833723
 -130.76390324 -136.78277531 -140.87757942 -142.06597078 -134.59131274]
inrs_hat:  [-26.34012679 -11.64942102 -36.20917848 -33.40246808 -29.91365117
 -36.81616496 -30.67604293 -27.68190357 -30.14320024 -42.58863719
 -19.7742032  -25.79307527 -29.88787938 -31.07627074 -23.6016127 ]
scheduled_ues:  [ 0  2  3  4  5  6  7  8  9 10 11 12 13 14]
(1, 15, 1, 4, 1, 1)
caused INR: -24.58008821299773
TpsAltruisticFromLsfGain + IndividualEstimated_INR + -15.0
None
ls_gain_coeffs:
[-137.32982683 -122.63912106 -147.19887852 -144.39216812 -140.90335121
 -147.80586501 -141.66574297 -138.67160361 -141.13290029 -153.57833723
 -130.76390324 -136.78277531 -140.87757942 -142.06597078 -134.59131274]
inrs_hat:  [-26.34012679 -11.64942102 -36.20917848 -33.40246808 -29.91365117
 -36.81616496 -30.67604293 -27.68190357 -30.14320024 -42.58863719
 -19.7742032  -25.79307527 -29.88787938 -31.07627074 -23.6016127 ]
scheduled_ues:  [ 0  2  3  4  5  6  7  8  9 10 11 12 13 14]
(1, 15, 1, 4, 1, 1)
caused INR: -24.58008821299773
TpsAltruisticFromLsfGain + CumulativeIndividualEstimated_INR + -10.0
None
(1, 15, 1, 4, 1, 1)
caused INR: -11.059343939424366
TpsAltruisticFromLsfGain + CumulativeIndividualEstimated_INR + -12.5
None
(1, 15, 1, 4, 1, 1)
caused INR: -24.58008821299773
TpsAltruisticFromLsfGain + CumulativeIndividualEstimated_INR + -15.0
None
(1, 15, 1, 4, 1, 1)
caused INR: -24.58008821299773
TpsRandomic + IndividualEstimated_INR + -10.0
None
ls_gain_coeffs:
[-125.08141256 -104.48669322 -131.34462452 -144.39216812 -129.27041514
 -134.1005194  -141.66574297 -125.4168066  -130.34967029 -136.98189776
 -130.76390324 -124.44442251 -130.28652063 -139.35032341 -123.68940133]
inrs_hat:  [-14.09171252   6.50300682 -20.35492448 -33.40246808 -18.2807151
 -23.11081936 -30.67604293 -14.42710656 -19.35997024 -25.99219772
 -19.7742032  -13.45472247 -19.29682059 -28.36062337 -12.69970128]
scheduled_ues:  [ 0  2  3  4  5  6  7  8  9 10 11 12 13 14]
(1, 15, 1, 4, 1, 1)
caused INR: -2.3349789269797254
TpsRandomic + IndividualEstimated_INR + -12.5
None
ls_gain_coeffs:
[-137.32982683 -104.48669322 -133.05095152 -131.20566409 -131.03812732
 -131.42471664 -124.79220365 -124.60360959 -141.13290029 -142.01323503
 -117.11839115 -127.33456382 -129.95736655 -139.35032341 -134.59131274]
inrs_hat:  [-26.34012679   6.50300682 -22.06125148 -20.21596404 -20.04842727
 -20.43501659 -13.8025036  -13.61390955 -30.14320024 -31.02353498
  -6.12869111 -16.34486378 -18.96766651 -28.36062337 -23.6016127 ]
scheduled_ues:  [ 0  2  3  4  5  6  7  8  9 11 12 13 14]
(1, 15, 1, 4, 1, 1)
caused INR: -10.101756440705445
TpsRandomic + IndividualEstimated_INR + -15.0
None
ls_gain_coeffs:
[-125.08141256 -111.6390962  -131.34462452 -136.61159233 -123.93347123
 -147.80586501 -131.54440986 -138.67160361 -130.34967029 -142.01323503
 -117.11839115 -124.44442251 -130.28652063 -127.8139392  -124.25657198]
inrs_hat:  [-14.09171252  -0.64939616 -20.35492448 -25.62189229 -12.94377119
 -36.81616496 -20.55470981 -27.68190357 -19.35997024 -31.02353498
  -6.12869111 -13.45472247 -19.29682059 -16.82423916 -13.26687193]
scheduled_ues:  [ 2  3  5  6  7  8  9 12 13]
(1, 15, 1, 4, 1, 1)
caused INR: -9.636464264316404
TpsRandomic + CumulativeIndividualEstimated_INR + -10.0
None
(1, 15, 1, 4, 1, 1)
caused INR: -8.255921242564895
TpsRandomic + CumulativeIndividualEstimated_INR + -12.5
None
(1, 15, 1, 4, 1, 1)
caused INR: -17.793030402811866
TpsRandomic + CumulativeIndividualEstimated_INR + -15.0
None
(1, 15, 1, 4, 1, 1)
caused INR: -20.57564156045382
Iteration number 66
TpsAltruisticFromLsfGain + IndividualEstimated_INR + -10.0
None
ls_gain_coeffs:
[-145.40566867 -120.9850434  -141.19585134 -145.80065128 -136.24962531
 -132.02882854 -149.95982666 -134.23533532 -130.04420562 -150.6236118
 -116.23038155 -150.01820858 -141.3895924  -141.47602551 -147.04339607]
inrs_hat:  [-34.41596863  -9.99534336 -30.2061513  -34.81095123 -25.25992527
 -21.0391285  -38.97012662 -23.24563528 -19.05450558 -39.63391176
  -5.24068151 -39.02850854 -30.39989236 -30.48632546 -36.05369603]
scheduled_ues:  [ 0  2  3  4  5  6  7  8  9 11 12 13 14]
(1, 15, 1, 4, 1, 1)
caused INR: -27.272616128504232
TpsAltruisticFromLsfGain + IndividualEstimated_INR + -12.5
None
ls_gain_coeffs:
[-145.40566867 -120.9850434  -141.19585134 -145.80065128 -136.24962531
 -132.02882854 -149.95982666 -134.23533532 -130.04420562 -150.6236118
 -116.23038155 -150.01820858 -141.3895924  -141.47602551 -147.04339607]
inrs_hat:  [-34.41596863  -9.99534336 -30.2061513  -34.81095123 -25.25992527
 -21.0391285  -38.97012662 -23.24563528 -19.05450558 -39.63391176
  -5.24068151 -39.02850854 -30.39989236 -30.48632546 -36.05369603]
scheduled_ues:  [ 0  2  3  4  5  6  7  8  9 11 12 13 14]
(1, 15, 1, 4, 1, 1)
caused INR: -27.272616128504232
TpsAltruisticFromLsfGain + IndividualEstimated_INR + -15.0
None
ls_gain_coeffs:
[-145.40566867 -120.9850434  -141.19585134 -145.80065128 -136.24962531
 -132.02882854 -149.95982666 -134.23533532 -130.04420562 -150.6236118
 -116.23038155 -150.01820858 -141.3895924  -141.47602551 -147.04339607]
inrs_hat:  [-34.41596863  -9.99534336 -30.2061513  -34.81095123 -25.25992527
 -21.0391285  -38.97012662 -23.24563528 -19.05450558 -39.63391176
  -5.24068151 -39.02850854 -30.39989236 -30.48632546 -36.05369603]
scheduled_ues:  [ 0  2  3  4  5  6  7  8  9 11 12 13 14]
(1, 15, 1, 4, 1, 1)
caused INR: -27.272616128504232
TpsAltruisticFromLsfGain + CumulativeIndividualEstimated_INR + -10.0
None
(1, 15, 1, 4, 1, 1)
caused INR: -27.272616128504232
TpsAltruisticFromLsfGain + CumulativeIndividualEstimated_INR + -12.5
None
(1, 15, 1, 4, 1, 1)
caused INR: -27.272616128504232
TpsAltruisticFromLsfGain + CumulativeIndividualEstimated_INR + -15.0
None
(1, 15, 1, 4, 1, 1)
caused INR: -21.88745619343493
TpsRandomic + IndividualEstimated_INR + -10.0
None
ls_gain_coeffs:
[-132.48560632 -111.70138832 -133.63289321 -129.04887471 -136.24962531
 -124.70179654 -149.95982666 -116.22514551 -130.04420562 -145.28737372
 -111.17689741 -138.34612687 -128.80442598 -128.04847644 -144.8370546 ]
inrs_hat:  [-21.49590628  -0.71168827 -22.64319316 -18.05917466 -25.25992527
 -13.71209649 -38.97012662  -5.23544547 -19.05450558 -34.29767367
  -0.18719737 -27.35642682 -17.81472594 -17.05877639 -33.84735456]
scheduled_ues:  [ 0  2  3  4  5  6  8  9 11 12 13 14]
(1, 15, 1, 4, 1, 1)
caused INR: -15.795136284863991
TpsRandomic + IndividualEstimated_INR + -12.5
None
ls_gain_coeffs:
[-132.48560632 -120.9850434  -133.63289321 -136.92498401 -125.95063825
 -115.53138031 -135.89791163 -121.98316978 -116.28676695 -136.53830126
 -111.17689741 -150.01820858 -128.80442598 -134.51207485 -144.8370546 ]
inrs_hat:  [-21.49590628  -9.99534336 -22.64319316 -25.93528397 -14.9609382
  -4.54168027 -24.90821158 -10.99346974  -5.2970669  -25.54860122
  -0.18719737 -39.02850854 -17.81472594 -23.52237481 -33.84735456]
scheduled_ues:  [ 0  2  3  4  6  9 11 12 13 14]
(1, 15, 1, 4, 1, 1)
caused INR: -7.917051149213106
TpsRandomic + IndividualEstimated_INR + -15.0
None
ls_gain_coeffs:
[-145.40566867 -111.70138832 -127.87770188 -133.6143654  -125.52315888
 -115.53138031 -149.95982666 -116.22514551 -130.04420562 -150.6236118
 -116.23038155 -150.01820858 -124.70909538 -125.05947564 -144.8370546 ]
inrs_hat:  [-34.41596863  -0.71168827 -16.88800184 -22.62466535 -14.53345884
  -4.54168027 -38.97012662  -5.23544547 -19.05450558 -39.63391176
  -5.24068151 -39.02850854 -13.71939533 -14.0697756  -33.84735456]
scheduled_ues:  [ 0  2  3  6  8  9 11 14]
(1, 15, 1, 4, 1, 1)
caused INR: -19.10608695972111
TpsRandomic + CumulativeIndividualEstimated_INR + -10.0
None
(1, 15, 1, 4, 1, 1)
caused INR: -23.147065239948024
TpsRandomic + CumulativeIndividualEstimated_INR + -12.5
None
(1, 15, 1, 4, 1, 1)
caused INR: -12.834596369172118
TpsRandomic + CumulativeIndividualEstimated_INR + -15.0
None
(1, 15, 1, 4, 1, 1)
caused INR: -14.491477834021824
Iteration number 67
TpsAltruisticFromLsfGain + IndividualEstimated_INR + -10.0
None
ls_gain_coeffs:
[-136.22922501 -129.63162024 -149.58250919 -130.70604777 -150.1438522
 -145.27960795 -145.64093296 -137.58167319 -137.00742133 -143.27983893
 -141.25310809 -121.56102401 -132.32320824 -148.15915815 -133.86882589]
inrs_hat:  [-25.23952496 -18.6419202  -38.59280914 -19.71634773 -39.15415216
 -34.2899079  -34.65123292 -26.59197315 -26.01772129 -32.29013889
 -30.26340804 -10.57132397 -21.3335082  -37.1694581  -22.87912585]
scheduled_ues:  [ 0  1  2  3  4  5  6  7  8  9 10 11 12 13 14]
(1, 15, 1, 4, 1, 1)
caused INR: -8.271825239819357
TpsAltruisticFromLsfGain + IndividualEstimated_INR + -12.5
None
ls_gain_coeffs:
[-136.22922501 -129.63162024 -149.58250919 -130.70604777 -150.1438522
 -145.27960795 -145.64093296 -137.58167319 -137.00742133 -143.27983893
 -141.25310809 -121.56102401 -132.32320824 -148.15915815 -133.86882589]
inrs_hat:  [-25.23952496 -18.6419202  -38.59280914 -19.71634773 -39.15415216
 -34.2899079  -34.65123292 -26.59197315 -26.01772129 -32.29013889
 -30.26340804 -10.57132397 -21.3335082  -37.1694581  -22.87912585]
scheduled_ues:  [ 0  1  2  3  4  5  6  7  8  9 10 12 13 14]
(1, 15, 1, 4, 1, 1)
caused INR: -14.50418711054143
TpsAltruisticFromLsfGain + IndividualEstimated_INR + -15.0
None
ls_gain_coeffs:
[-136.22922501 -129.63162024 -149.58250919 -130.70604777 -150.1438522
 -145.27960795 -145.64093296 -137.58167319 -137.00742133 -143.27983893
 -141.25310809 -121.56102401 -132.32320824 -148.15915815 -133.86882589]
inrs_hat:  [-25.23952496 -18.6419202  -38.59280914 -19.71634773 -39.15415216
 -34.2899079  -34.65123292 -26.59197315 -26.01772129 -32.29013889
 -30.26340804 -10.57132397 -21.3335082  -37.1694581  -22.87912585]
scheduled_ues:  [ 0  1  2  3  4  5  6  7  8  9 10 12 13 14]
(1, 15, 1, 4, 1, 1)
caused INR: -14.50418711054143
TpsAltruisticFromLsfGain + CumulativeIndividualEstimated_INR + -10.0
None
(1, 15, 1, 4, 1, 1)
caused INR: -14.50418711054143
TpsAltruisticFromLsfGain + CumulativeIndividualEstimated_INR + -12.5
None
(1, 15, 1, 4, 1, 1)
caused INR: -14.50418711054143
TpsAltruisticFromLsfGain + CumulativeIndividualEstimated_INR + -15.0
None
(1, 15, 1, 4, 1, 1)
caused INR: -24.858363181846634
TpsRandomic + IndividualEstimated_INR + -10.0
None
ls_gain_coeffs:
[-124.38945395 -125.97878409 -149.58250919 -117.63236138 -136.23497073
 -137.2044955  -145.64093296 -127.21263174 -122.95786008 -134.65954672
 -124.39913159 -108.38224841 -119.3396297  -144.56690386 -120.44177812]
inrs_hat:  [-13.39975391 -14.98908405 -38.59280914  -6.64266134 -25.24527068
 -26.21479546 -34.65123292 -16.2229317  -11.96816004 -23.66984668
 -13.40943155   2.60745163  -8.34992966 -33.57720382  -9.45207808]
scheduled_ues:  [ 0  1  2  4  5  6  7  8  9 10 13]
(1, 15, 1, 4, 1, 1)
caused INR: -3.976692143791079
TpsRandomic + IndividualEstimated_INR + -12.5
None
ls_gain_coeffs:
[-126.97656638 -125.97878409 -137.06601115 -128.80978861 -150.1438522
 -137.2044955  -133.17119107 -126.82615742 -137.00742133 -134.65954672
 -133.06644142 -103.80567153 -130.69727263 -144.56690386 -132.39065424]
inrs_hat:  [-15.98686634 -14.98908405 -26.0763111  -17.82008857 -39.15415216
 -26.21479546 -22.18149103 -15.83645738 -26.01772129 -23.66984668
 -22.07674137   7.18402852 -19.70757258 -33.57720382 -21.40095419]
scheduled_ues:  [ 0  1  2  3  4  5  6  7  8  9 10 12 13 14]
(1, 15, 1, 4, 1, 1)
caused INR: -13.523784730153395
TpsRandomic + IndividualEstimated_INR + -15.0
None
ls_gain_coeffs:
[-124.38945395 -115.97240819 -149.35781507 -117.000275   -150.1438522
 -128.59833934 -128.76925857 -137.58167319 -122.95786008 -130.97273727
 -124.39913159 -108.38224841 -132.32320824 -133.32272196 -133.86882589]
inrs_hat:  [-13.39975391  -4.98270815 -38.36811502  -6.01057496 -39.15415216
 -17.6086393  -17.77955853 -26.59197315 -11.96816004 -19.98303722
 -13.40943155   2.60745163 -21.3335082  -22.33302191 -22.87912585]
scheduled_ues:  [ 2  4  5  6  7  9 12 13 14]
(1, 15, 1, 4, 1, 1)
caused INR: -7.705722725184405
TpsRandomic + CumulativeIndividualEstimated_INR + -10.0
None
(1, 15, 1, 4, 1, 1)
caused INR: -8.00190723860333
TpsRandomic + CumulativeIndividualEstimated_INR + -12.5
None
(1, 15, 1, 4, 1, 1)
caused INR: -15.16694365383248
TpsRandomic + CumulativeIndividualEstimated_INR + -15.0
None
(1, 15, 1, 4, 1, 1)
caused INR: -24.67103178828989
Iteration number 68
TpsAltruisticFromLsfGain + IndividualEstimated_INR + -10.0
None
ls_gain_coeffs:
[-121.43390716 -150.35713754 -126.73628899 -133.08278065 -133.20525391
 -135.99313739 -141.41031053 -118.85644976 -148.36307682 -139.59893064
 -135.33068534 -147.13884707 -136.07220838 -125.00463093 -148.1071031 ]
inrs_hat:  [-10.44420711 -39.36743749 -15.74658895 -22.09308061 -22.21555387
 -25.00343735 -30.42061049  -7.86674972 -37.37337678 -28.6092306
 -24.3409853  -36.14914703 -25.08250834 -14.01493089 -37.11740305]
scheduled_ues:  [ 0  1  2  3  4  5  6  8  9 10 11 12 13 14]
(1, 15, 1, 4, 1, 1)
caused INR: -4.236893610175157
TpsAltruisticFromLsfGain + IndividualEstimated_INR + -12.5
None
ls_gain_coeffs:
[-121.43390716 -150.35713754 -126.73628899 -133.08278065 -133.20525391
 -135.99313739 -141.41031053 -118.85644976 -148.36307682 -139.59893064
 -135.33068534 -147.13884707 -136.07220838 -125.00463093 -148.1071031 ]
inrs_hat:  [-10.44420711 -39.36743749 -15.74658895 -22.09308061 -22.21555387
 -25.00343735 -30.42061049  -7.86674972 -37.37337678 -28.6092306
 -24.3409853  -36.14914703 -25.08250834 -14.01493089 -37.11740305]
scheduled_ues:  [ 1  2  3  4  5  6  8  9 10 11 12 13 14]
(1, 15, 1, 4, 1, 1)
caused INR: -8.613880732850427
TpsAltruisticFromLsfGain + IndividualEstimated_INR + -15.0
None
ls_gain_coeffs:
[-121.43390716 -150.35713754 -126.73628899 -133.08278065 -133.20525391
 -135.99313739 -141.41031053 -118.85644976 -148.36307682 -139.59893064
 -135.33068534 -147.13884707 -136.07220838 -125.00463093 -148.1071031 ]
inrs_hat:  [-10.44420711 -39.36743749 -15.74658895 -22.09308061 -22.21555387
 -25.00343735 -30.42061049  -7.86674972 -37.37337678 -28.6092306
 -24.3409853  -36.14914703 -25.08250834 -14.01493089 -37.11740305]
scheduled_ues:  [ 1  2  3  4  5  6  8  9 10 11 12 14]
(1, 15, 1, 4, 1, 1)
caused INR: -12.299035759461109
TpsAltruisticFromLsfGain + CumulativeIndividualEstimated_INR + -10.0
None
(1, 15, 1, 4, 1, 1)
caused INR: -8.613880732850427
TpsAltruisticFromLsfGain + CumulativeIndividualEstimated_INR + -12.5
None
(1, 15, 1, 4, 1, 1)
caused INR: -12.299035759461109
TpsAltruisticFromLsfGain + CumulativeIndividualEstimated_INR + -15.0
None
(1, 15, 1, 4, 1, 1)
caused INR: -15.030475537768604
TpsRandomic + IndividualEstimated_INR + -10.0
None
ls_gain_coeffs:
[-111.5139517  -142.00841362 -111.99638225 -119.76623038 -119.02040516
 -126.77456368 -124.50531934 -116.43741439 -132.10835293 -139.59893064
 -121.27654666 -136.36608655 -119.4793111  -125.00463093 -148.1071031 ]
inrs_hat:  [ -0.52425166 -31.01871358  -1.0066822   -8.77653034  -8.03070512
 -15.78486364 -13.5156193   -5.44771435 -21.11865288 -28.6092306
 -10.28684662 -25.37638651  -8.48961105 -14.01493089 -37.11740305]
scheduled_ues:  [ 1  5  6  8  9 10 11 13 14]
(1, 15, 1, 4, 1, 1)
caused INR: -10.072849055640942
TpsRandomic + IndividualEstimated_INR + -12.5
None
ls_gain_coeffs:
[-111.5139517  -138.11604385 -109.6980755  -123.55155628 -119.02040516
 -123.82089462 -124.50531934 -105.60850464 -148.36307682 -138.58967276
 -129.74414544 -147.13884707 -127.81376963 -110.82191067 -135.21944057]
inrs_hat:  [ -0.52425166 -27.1263438    1.29162454 -12.56185623  -8.03070512
 -12.83119458 -13.5156193    5.3811954  -37.37337678 -27.59997272
 -18.7544454  -36.14914703 -16.82406959   0.16778938 -24.22974053]
scheduled_ues:  [ 1  3  5  6  8  9 10 11 12 14]
(1, 15, 1, 4, 1, 1)
caused INR: -13.849111480468741
TpsRandomic + IndividualEstimated_INR + -15.0
None
ls_gain_coeffs:
[-111.5139517  -138.11604385 -126.73628899 -115.43809333 -117.27715641
 -119.07692915 -130.00438038 -105.60850464 -141.91567865 -126.48449206
 -129.74414544 -136.36608655 -127.81376963 -110.82191067 -135.44247183]
inrs_hat:  [ -0.52425166 -27.1263438  -15.74658895  -4.44839329  -6.28745637
  -8.08722911 -19.01468033   5.3811954  -30.9259786  -15.49479201
 -18.7544454  -25.37638651 -16.82406959   0.16778938 -24.45277179]
scheduled_ues:  [ 1  2  6  8  9 10 11 12 14]
(1, 15, 1, 4, 1, 1)
caused INR: -13.851154085756347
TpsRandomic + CumulativeIndividualEstimated_INR + -10.0
None
(1, 15, 1, 4, 1, 1)
caused INR: -38.65930793810175
TpsRandomic + CumulativeIndividualEstimated_INR + -12.5
None
(1, 15, 1, 4, 1, 1)
caused INR: -13.9147520955233
TpsRandomic + CumulativeIndividualEstimated_INR + -15.0
None
(1, 15, 1, 4, 1, 1)
caused INR: -33.383738189328234
Iteration number 69
TpsAltruisticFromLsfGain + IndividualEstimated_INR + -10.0
None
ls_gain_coeffs:
[-150.61442289 -144.48454561 -130.07656646 -128.38500967 -147.756971
 -142.92316952 -125.46938545 -145.28636151 -145.72177185 -128.69322324
 -128.73651238 -143.43710006 -140.97967867 -138.91461193 -139.97480535]
inrs_hat:  [-39.62472285 -33.49484557 -19.08686642 -17.39530963 -36.76727096
 -31.93346948 -14.4796854  -34.29666146 -34.7320718  -17.7035232
 -17.74681234 -32.44740002 -29.98997863 -27.92491188 -28.98510531]
scheduled_ues:  [ 0  1  2  3  4  5  6  7  8  9 10 11 12 13 14]
(1, 15, 1, 4, 1, 1)
caused INR: -7.834621492747917
TpsAltruisticFromLsfGain + IndividualEstimated_INR + -12.5
None
ls_gain_coeffs:
[-150.61442289 -144.48454561 -130.07656646 -128.38500967 -147.756971
 -142.92316952 -125.46938545 -145.28636151 -145.72177185 -128.69322324
 -128.73651238 -143.43710006 -140.97967867 -138.91461193 -139.97480535]
inrs_hat:  [-39.62472285 -33.49484557 -19.08686642 -17.39530963 -36.76727096
 -31.93346948 -14.4796854  -34.29666146 -34.7320718  -17.7035232
 -17.74681234 -32.44740002 -29.98997863 -27.92491188 -28.98510531]
scheduled_ues:  [ 0  1  2  3  4  5  6  7  8  9 10 11 12 13 14]
(1, 15, 1, 4, 1, 1)
caused INR: -7.834621492747917
TpsAltruisticFromLsfGain + IndividualEstimated_INR + -15.0
None
ls_gain_coeffs:
[-150.61442289 -144.48454561 -130.07656646 -128.38500967 -147.756971
 -142.92316952 -125.46938545 -145.28636151 -145.72177185 -128.69322324
 -128.73651238 -143.43710006 -140.97967867 -138.91461193 -139.97480535]
inrs_hat:  [-39.62472285 -33.49484557 -19.08686642 -17.39530963 -36.76727096
 -31.93346948 -14.4796854  -34.29666146 -34.7320718  -17.7035232
 -17.74681234 -32.44740002 -29.98997863 -27.92491188 -28.98510531]
scheduled_ues:  [ 0  1  2  3  4  5  7  8  9 10 11 12 13 14]
(1, 15, 1, 4, 1, 1)
caused INR: -14.493632978322582
TpsAltruisticFromLsfGain + CumulativeIndividualEstimated_INR + -10.0
None
(1, 15, 1, 4, 1, 1)
caused INR: -14.493632978322582
TpsAltruisticFromLsfGain + CumulativeIndividualEstimated_INR + -12.5
None
(1, 15, 1, 4, 1, 1)
caused INR: -19.90214020672249
TpsAltruisticFromLsfGain + CumulativeIndividualEstimated_INR + -15.0
None
(1, 15, 1, 4, 1, 1)
caused INR: -18.157198775401017
TpsRandomic + IndividualEstimated_INR + -10.0
None
ls_gain_coeffs:
[-150.61442289 -144.48454561 -130.07656646 -114.34736821 -147.756971
 -142.92316952 -125.46938545 -145.28636151 -131.79894563 -128.69322324
 -111.79532428 -127.15178022 -129.57529938 -131.80031476 -139.97480535]
inrs_hat:  [-39.62472285 -33.49484557 -19.08686642  -3.35766816 -36.76727096
 -31.93346948 -14.4796854  -34.29666146 -20.80924558 -17.7035232
  -0.80562424 -16.16208017 -18.58559933 -20.81061471 -28.98510531]
scheduled_ues:  [ 0  1  2  4  5  6  7  8  9 11 12 13 14]
(1, 15, 1, 4, 1, 1)
caused INR: -7.612708129473084
TpsRandomic + IndividualEstimated_INR + -12.5
None
ls_gain_coeffs:
[-133.91188282 -132.56361843 -112.04413576 -112.75132674 -131.07555603
 -142.92316952 -110.38825508 -131.99031228 -131.79894563 -126.09722443
 -119.16966765 -127.15178022 -130.82446949 -122.33867996 -123.21914363]
inrs_hat:  [-22.92218277 -21.57391839  -1.05443572  -1.7616267  -20.08585599
 -31.93346948   0.60144496 -21.00061224 -20.80924558 -15.10752439
  -8.17996761 -16.16208017 -19.83476945 -11.34897991 -12.22944358]
scheduled_ues:  [ 0  1  4  5  7  8  9 11 12]
(1, 15, 1, 4, 1, 1)
caused INR: -13.926395905848704
TpsRandomic + IndividualEstimated_INR + -15.0
None
ls_gain_coeffs:
[-150.61442289 -132.56361843 -120.39511671 -123.59688527 -139.75928729
 -130.62822654 -125.46938545 -131.99031228 -145.72177185 -114.52095737
 -116.86258092 -137.23243357 -123.97908443 -131.80031476 -127.58964009]
inrs_hat:  [-39.62472285 -21.57391839  -9.40541666 -12.60718523 -28.76958724
 -19.6385265  -14.4796854  -21.00061224 -34.7320718   -3.53125733
  -5.87288087 -26.24273353 -12.98938439 -20.81061471 -16.59994004]
scheduled_ues:  [ 0  1  4  5  7  8 11 13 14]
(1, 15, 1, 4, 1, 1)
caused INR: -27.41445931847004
TpsRandomic + CumulativeIndividualEstimated_INR + -10.0
None
(1, 15, 1, 4, 1, 1)
caused INR: -19.30933683062132
TpsRandomic + CumulativeIndividualEstimated_INR + -12.5
None
(1, 15, 1, 4, 1, 1)
caused INR: -11.955514628730533
TpsRandomic + CumulativeIndividualEstimated_INR + -15.0
None
(1, 15, 1, 4, 1, 1)
caused INR: -14.155867878885857
Iteration number 70
TpsAltruisticFromLsfGain + IndividualEstimated_INR + -10.0
None
ls_gain_coeffs:
[-137.63955589 -135.92236344 -128.39002529 -137.2088436  -127.91977567
 -154.32771791 -140.92702281 -137.28916465 -131.46938772 -122.42939718
 -129.6113942  -147.59189536 -147.72614108 -117.58155929 -123.86038977]
inrs_hat:  [-26.64985585 -24.9326634  -17.40032524 -26.21914356 -16.93007563
 -43.33801786 -29.93732277 -26.29946461 -20.47968767 -11.43969713
 -18.62169415 -36.60219531 -36.73644104  -6.59185924 -12.87068973]
scheduled_ues:  [ 0  1  2  3  4  5  6  7  8  9 10 11 12 14]
(1, 15, 1, 4, 1, 1)
caused INR: -16.109679277326748
TpsAltruisticFromLsfGain + IndividualEstimated_INR + -12.5
None
ls_gain_coeffs:
[-137.63955589 -135.92236344 -128.39002529 -137.2088436  -127.91977567
 -154.32771791 -140.92702281 -137.28916465 -131.46938772 -122.42939718
 -129.6113942  -147.59189536 -147.72614108 -117.58155929 -123.86038977]
inrs_hat:  [-26.64985585 -24.9326634  -17.40032524 -26.21914356 -16.93007563
 -43.33801786 -29.93732277 -26.29946461 -20.47968767 -11.43969713
 -18.62169415 -36.60219531 -36.73644104  -6.59185924 -12.87068973]
scheduled_ues:  [ 0  1  2  3  4  5  6  7  8 10 11 12 14]
(1, 15, 1, 4, 1, 1)
caused INR: -23.49407818276106
TpsAltruisticFromLsfGain + IndividualEstimated_INR + -15.0
None
ls_gain_coeffs:
[-137.63955589 -135.92236344 -128.39002529 -137.2088436  -127.91977567
 -154.32771791 -140.92702281 -137.28916465 -131.46938772 -122.42939718
 -129.6113942  -147.59189536 -147.72614108 -117.58155929 -123.86038977]
inrs_hat:  [-26.64985585 -24.9326634  -17.40032524 -26.21914356 -16.93007563
 -43.33801786 -29.93732277 -26.29946461 -20.47968767 -11.43969713
 -18.62169415 -36.60219531 -36.73644104  -6.59185924 -12.87068973]
scheduled_ues:  [ 0  1  2  3  4  5  6  7  8 10 11 12]
(1, 15, 1, 4, 1, 1)
caused INR: -14.689450856548529
TpsAltruisticFromLsfGain + CumulativeIndividualEstimated_INR + -10.0
None
(1, 15, 1, 4, 1, 1)
caused INR: -14.689450856548529
TpsAltruisticFromLsfGain + CumulativeIndividualEstimated_INR + -12.5
None
(1, 15, 1, 4, 1, 1)
caused INR: -15.95272779448205
TpsAltruisticFromLsfGain + CumulativeIndividualEstimated_INR + -15.0
None
(1, 15, 1, 4, 1, 1)
caused INR: -12.690396793288476
TpsRandomic + IndividualEstimated_INR + -10.0
None
ls_gain_coeffs:
[-137.63955589 -125.0398109  -114.49673897 -124.22699699 -113.48063351
 -154.32771791 -129.36215745 -121.11745717 -131.46938772 -118.10018338
 -119.39831627 -147.59189536 -137.02917346 -103.40491452 -111.60008591]
inrs_hat:  [-26.64985585 -14.05011086  -3.50703893 -13.23729694  -2.49093347
 -43.33801786 -18.3724574  -10.12775712 -20.47968767  -7.11048333
  -8.40861622 -36.60219531 -26.03947341   7.58478553  -0.61038587]
scheduled_ues:  [ 0  1  3  5  6  7  8 11 12]
(1, 15, 1, 4, 1, 1)
caused INR: -9.522211150395583
TpsRandomic + IndividualEstimated_INR + -12.5
None
ls_gain_coeffs:
[-130.24903301 -118.85297534 -128.39002529 -129.83214266 -113.48063351
 -138.35709642 -140.92702281 -123.38274938 -117.84956168 -118.10018338
 -118.3108392  -130.85591981 -137.02917346 -104.2724369  -104.56597026]
inrs_hat:  [-19.25933297  -7.86327529 -17.40032524 -18.84244262  -2.49093347
 -27.36739637 -29.93732277 -12.39304933  -6.85986164  -7.11048333
  -7.32113915 -19.86621977 -26.03947341   6.71726314   6.42372978]
scheduled_ues:  [ 0  2  3  5  6 11 12]
(1, 15, 1, 4, 1, 1)
caused INR: -12.067201399941169
TpsRandomic + IndividualEstimated_INR + -15.0
None
ls_gain_coeffs:
[-137.63955589 -118.85297534 -114.49673897 -120.80876983 -114.47940459
 -138.35709642 -131.31651417 -121.11745717 -131.46938772 -122.42939718
 -119.39831627 -136.66714804 -137.23031292 -103.40491452 -123.86038977]
inrs_hat:  [-26.64985585  -7.86327529  -3.50703893  -9.81906978  -3.48970455
 -27.36739637 -20.32681412 -10.12775712 -20.47968767 -11.43969713
  -8.40861622 -25.677448   -26.24061288   7.58478553 -12.87068973]
scheduled_ues:  [ 0  5  6  8 11 12]
(1, 15, 1, 4, 1, 1)
caused INR: -14.60200563716719
TpsRandomic + CumulativeIndividualEstimated_INR + -10.0
None
(1, 15, 1, 4, 1, 1)
caused INR: -18.793234831988734
TpsRandomic + CumulativeIndividualEstimated_INR + -12.5
None
(1, 15, 1, 4, 1, 1)
caused INR: -10.813869444800357
TpsRandomic + CumulativeIndividualEstimated_INR + -15.0
None
(1, 15, 1, 4, 1, 1)
caused INR: -19.22638077926316
Iteration number 71
TpsAltruisticFromLsfGain + IndividualEstimated_INR + -10.0
None
ls_gain_coeffs:
[-126.23424597 -134.72760439 -128.66105678 -120.68888403 -153.70126271
 -149.13927661 -112.13402314 -144.45328166 -145.9473489  -128.841835
 -139.87816523 -145.42550824 -137.62682015 -142.69938526 -146.16092812]
inrs_hat:  [-15.24454593 -23.73790434 -17.67135674  -9.69918398 -42.71156267
 -38.14957656  -1.1443231  -33.46358162 -34.95764886 -17.85213496
 -28.88846518 -34.4358082  -26.63712011 -31.70968522 -35.17122808]
scheduled_ues:  [ 0  1  2  4  5  7  8  9 10 11 12 13 14]
(1, 15, 1, 4, 1, 1)
caused INR: -11.333317513689746
TpsAltruisticFromLsfGain + IndividualEstimated_INR + -12.5
None
ls_gain_coeffs:
[-126.23424597 -134.72760439 -128.66105678 -120.68888403 -153.70126271
 -149.13927661 -112.13402314 -144.45328166 -145.9473489  -128.841835
 -139.87816523 -145.42550824 -137.62682015 -142.69938526 -146.16092812]
inrs_hat:  [-15.24454593 -23.73790434 -17.67135674  -9.69918398 -42.71156267
 -38.14957656  -1.1443231  -33.46358162 -34.95764886 -17.85213496
 -28.88846518 -34.4358082  -26.63712011 -31.70968522 -35.17122808]
scheduled_ues:  [ 0  1  2  4  5  7  8  9 10 11 12 13 14]
(1, 15, 1, 4, 1, 1)
caused INR: -11.333317513689746
TpsAltruisticFromLsfGain + IndividualEstimated_INR + -15.0
None
ls_gain_coeffs:
[-126.23424597 -134.72760439 -128.66105678 -120.68888403 -153.70126271
 -149.13927661 -112.13402314 -144.45328166 -145.9473489  -128.841835
 -139.87816523 -145.42550824 -137.62682015 -142.69938526 -146.16092812]
inrs_hat:  [-15.24454593 -23.73790434 -17.67135674  -9.69918398 -42.71156267
 -38.14957656  -1.1443231  -33.46358162 -34.95764886 -17.85213496
 -28.88846518 -34.4358082  -26.63712011 -31.70968522 -35.17122808]
scheduled_ues:  [ 0  1  2  4  5  7  8  9 10 11 12 13 14]
(1, 15, 1, 4, 1, 1)
caused INR: -11.333317513689746
TpsAltruisticFromLsfGain + CumulativeIndividualEstimated_INR + -10.0
None
(1, 15, 1, 4, 1, 1)
caused INR: -11.333317513689746
TpsAltruisticFromLsfGain + CumulativeIndividualEstimated_INR + -12.5
None
(1, 15, 1, 4, 1, 1)
caused INR: -15.89189784814457
TpsAltruisticFromLsfGain + CumulativeIndividualEstimated_INR + -15.0
None
(1, 15, 1, 4, 1, 1)
caused INR: -20.7204664445537
TpsRandomic + IndividualEstimated_INR + -10.0
None
ls_gain_coeffs:
[-115.03871196 -119.46124443 -115.38464459 -103.57426155 -139.80265279
 -141.31267643 -101.51499627 -138.38812487 -132.91038592 -112.38572154
 -123.40479057 -128.75558468 -121.21364283 -139.11112838 -139.94757142]
inrs_hat:  [ -4.04901191  -8.47154439  -4.39494455   7.41543849 -28.81295275
 -30.32297638   9.47470378 -27.39842482 -21.92068587  -1.3960215
 -12.41509053 -17.76588463 -10.22394279 -28.12142834 -28.95787138]
scheduled_ues:  [ 4  5  7  8 10 11 12 13 14]
(1, 15, 1, 4, 1, 1)
caused INR: -4.400971058759776
TpsRandomic + IndividualEstimated_INR + -12.5
None
ls_gain_coeffs:
[-126.23424597 -119.46124443 -112.09173364 -120.68888403 -139.80265279
 -141.31267643  -97.18658662 -128.24673573 -132.91038592 -121.88816932
 -139.87816523 -132.11321283 -137.62682015 -129.06169964 -146.16092812]
inrs_hat:  [-15.24454593  -8.47154439  -1.10203359  -9.69918398 -28.81295275
 -30.32297638  13.80311342 -17.25703569 -21.92068587 -10.89846928
 -28.88846518 -21.12351278 -26.63712011 -18.07199959 -35.17122808]
scheduled_ues:  [ 0  4  5  7  8 10 11 12 13 14]
(1, 15, 1, 4, 1, 1)
caused INR: -15.844715904401138
TpsRandomic + IndividualEstimated_INR + -15.0
None
ls_gain_coeffs:
[-126.23424597 -134.72760439 -121.24042268 -103.57426155 -140.53115775
 -149.13927661  -97.18658662 -138.38812487 -132.91038592 -115.32487376
 -123.40479057 -137.83955652 -123.19943149 -139.11112838 -132.41522969]
inrs_hat:  [-15.24454593 -23.73790434 -10.25072264   7.41543849 -29.54145771
 -38.14957656  13.80311342 -27.39842482 -21.92068587  -4.33517372
 -12.41509053 -26.84985648 -12.20973145 -28.12142834 -21.42552965]
scheduled_ues:  [ 0  1  4  5  7  8 11 13 14]
(1, 15, 1, 4, 1, 1)
caused INR: -18.82227250148134
TpsRandomic + CumulativeIndividualEstimated_INR + -10.0
None
(1, 15, 1, 4, 1, 1)
caused INR: -21.174126816572254
TpsRandomic + CumulativeIndividualEstimated_INR + -12.5
None
(1, 15, 1, 4, 1, 1)
caused INR: -11.731471063618248
TpsRandomic + CumulativeIndividualEstimated_INR + -15.0
None
(1, 15, 1, 4, 1, 1)
caused INR: -19.038004454277377
Iteration number 72
TpsAltruisticFromLsfGain + IndividualEstimated_INR + -10.0
None
ls_gain_coeffs:
[-146.20276828 -139.39106096 -127.75998108 -147.07224847 -132.58026205
 -144.42729321 -139.30476404 -125.36024695 -147.75158211 -131.67324076
 -132.09053574 -153.16064526 -149.03523755 -129.43454415 -135.90660723]
inrs_hat:  [-35.21306824 -28.40136091 -16.77028104 -36.08254842 -21.590562
 -33.43759317 -28.315064   -14.37054691 -36.76188207 -20.68354072
 -21.1008357  -42.17094521 -38.04553751 -18.44484411 -24.91690719]
scheduled_ues:  [ 0  1  2  3  4  5  6  7  8  9 10 11 12 13 14]
(1, 15, 1, 4, 1, 1)
caused INR: -6.89781856240494
TpsAltruisticFromLsfGain + IndividualEstimated_INR + -12.5
None
ls_gain_coeffs:
[-146.20276828 -139.39106096 -127.75998108 -147.07224847 -132.58026205
 -144.42729321 -139.30476404 -125.36024695 -147.75158211 -131.67324076
 -132.09053574 -153.16064526 -149.03523755 -129.43454415 -135.90660723]
inrs_hat:  [-35.21306824 -28.40136091 -16.77028104 -36.08254842 -21.590562
 -33.43759317 -28.315064   -14.37054691 -36.76188207 -20.68354072
 -21.1008357  -42.17094521 -38.04553751 -18.44484411 -24.91690719]
scheduled_ues:  [ 0  1  2  3  4  5  6  7  8  9 10 11 12 13 14]
(1, 15, 1, 4, 1, 1)
caused INR: -6.89781856240494
TpsAltruisticFromLsfGain + IndividualEstimated_INR + -15.0
None
ls_gain_coeffs:
[-146.20276828 -139.39106096 -127.75998108 -147.07224847 -132.58026205
 -144.42729321 -139.30476404 -125.36024695 -147.75158211 -131.67324076
 -132.09053574 -153.16064526 -149.03523755 -129.43454415 -135.90660723]
inrs_hat:  [-35.21306824 -28.40136091 -16.77028104 -36.08254842 -21.590562
 -33.43759317 -28.315064   -14.37054691 -36.76188207 -20.68354072
 -21.1008357  -42.17094521 -38.04553751 -18.44484411 -24.91690719]
scheduled_ues:  [ 0  1  2  3  4  5  6  8  9 10 11 12 13 14]
(1, 15, 1, 4, 1, 1)
caused INR: -12.734913604174004
TpsAltruisticFromLsfGain + CumulativeIndividualEstimated_INR + -10.0
None
(1, 15, 1, 4, 1, 1)
caused INR: -12.734913604174004
TpsAltruisticFromLsfGain + CumulativeIndividualEstimated_INR + -12.5
None
(1, 15, 1, 4, 1, 1)
caused INR: -18.407029135123715
TpsAltruisticFromLsfGain + CumulativeIndividualEstimated_INR + -15.0
None
(1, 15, 1, 4, 1, 1)
caused INR: -26.711909696654132
TpsRandomic + IndividualEstimated_INR + -10.0
None
ls_gain_coeffs:
[-132.56687073 -123.64616704 -127.75998108 -133.88960619 -118.44352504
 -144.42729321 -122.40965522 -108.91255509 -146.39875527 -119.73483829
 -132.09053574 -138.16890631 -132.30797412 -115.72980366 -119.19497359]
inrs_hat:  [-21.57717069 -12.65646699 -16.77028104 -22.89990614  -7.453825
 -33.43759317 -11.41995517   2.07714495 -35.40905523  -8.74513825
 -21.1008357  -27.17920627 -21.31827408  -4.74010362  -8.20527355]
scheduled_ues:  [ 0  1  2  3  5  6  8 10 11 12]
(1, 15, 1, 4, 1, 1)
caused INR: -6.099084882044252
TpsRandomic + IndividualEstimated_INR + -12.5
None
ls_gain_coeffs:
[-144.41132195 -139.39106096 -118.95830046 -139.82771259 -118.44352504
 -133.0586579  -122.40965522 -108.91255509 -134.40809755 -119.73483829
 -123.27160571 -139.44397578 -138.90227235 -114.46666317 -135.90660723]
inrs_hat:  [-33.42162191 -28.40136091  -7.96860042 -28.83801254  -7.453825
 -22.06895786 -11.41995517   2.07714495 -23.41839751  -8.74513825
 -12.28190567 -28.45427574 -27.9125723   -3.47696313 -24.91690719]
scheduled_ues:  [ 0  1  3  5  8 11 12 14]
(1, 15, 1, 4, 1, 1)
caused INR: -13.565284934548432
TpsRandomic + IndividualEstimated_INR + -15.0
None
ls_gain_coeffs:
[-146.20276828 -134.43612008 -118.95830046 -139.82771259 -119.29109354
 -144.42729321 -122.40965522 -125.36024695 -134.40809755 -122.10119214
 -114.71977578 -139.44397578 -138.90227235 -125.64512268 -121.78590792]
inrs_hat:  [-35.21306824 -23.44642003  -7.96860042 -28.83801254  -8.3013935
 -33.43759317 -11.41995517 -14.37054691 -23.41839751 -11.11149209
  -3.73007574 -28.45427574 -27.9125723  -14.65542264 -10.79620787]
scheduled_ues:  [ 0  1  3  5  8 11 12]
(1, 15, 1, 4, 1, 1)
caused INR: -19.843544633667676
TpsRandomic + CumulativeIndividualEstimated_INR + -10.0
None
(1, 15, 1, 4, 1, 1)
caused INR: -29.295396382334076
TpsRandomic + CumulativeIndividualEstimated_INR + -12.5
None
(1, 15, 1, 4, 1, 1)
caused INR: -16.427124813194208
TpsRandomic + CumulativeIndividualEstimated_INR + -15.0
None
(1, 15, 1, 4, 1, 1)
caused INR: -15.931731819723026
Iteration number 73
TpsAltruisticFromLsfGain + IndividualEstimated_INR + -10.0
None
ls_gain_coeffs:
[-123.35835397 -142.33438407 -141.64567769 -136.21753389 -137.44897069
 -116.42077763 -146.03691104 -148.90113432 -138.06822383 -147.85823268
 -133.74736742 -146.28451209 -131.05418208 -126.8229389  -133.23158795]
inrs_hat:  [-12.36865392 -31.34468403 -30.65597765 -25.22783384 -26.45927065
  -5.43107758 -35.04721099 -37.91143428 -27.07852379 -36.86853264
 -22.75766737 -35.29481205 -20.06448204 -15.83323885 -22.24188791]
scheduled_ues:  [ 0  1  2  3  4  6  7  8  9 10 11 12 13 14]
(1, 15, 1, 4, 1, 1)
caused INR: -10.68727809265479
TpsAltruisticFromLsfGain + IndividualEstimated_INR + -12.5
None
ls_gain_coeffs:
[-123.35835397 -142.33438407 -141.64567769 -136.21753389 -137.44897069
 -116.42077763 -146.03691104 -148.90113432 -138.06822383 -147.85823268
 -133.74736742 -146.28451209 -131.05418208 -126.8229389  -133.23158795]
inrs_hat:  [-12.36865392 -31.34468403 -30.65597765 -25.22783384 -26.45927065
  -5.43107758 -35.04721099 -37.91143428 -27.07852379 -36.86853264
 -22.75766737 -35.29481205 -20.06448204 -15.83323885 -22.24188791]
scheduled_ues:  [ 1  2  3  4  6  7  8  9 10 11 12 13 14]
(1, 15, 1, 4, 1, 1)
caused INR: -17.064396417948227
TpsAltruisticFromLsfGain + IndividualEstimated_INR + -15.0
None
ls_gain_coeffs:
[-123.35835397 -142.33438407 -141.64567769 -136.21753389 -137.44897069
 -116.42077763 -146.03691104 -148.90113432 -138.06822383 -147.85823268
 -133.74736742 -146.28451209 -131.05418208 -126.8229389  -133.23158795]
inrs_hat:  [-12.36865392 -31.34468403 -30.65597765 -25.22783384 -26.45927065
  -5.43107758 -35.04721099 -37.91143428 -27.07852379 -36.86853264
 -22.75766737 -35.29481205 -20.06448204 -15.83323885 -22.24188791]
scheduled_ues:  [ 1  2  3  4  6  7  8  9 10 11 12 13 14]
(1, 15, 1, 4, 1, 1)
caused INR: -17.064396417948227
TpsAltruisticFromLsfGain + CumulativeIndividualEstimated_INR + -10.0
None
(1, 15, 1, 4, 1, 1)
caused INR: -17.064396417948227
TpsAltruisticFromLsfGain + CumulativeIndividualEstimated_INR + -12.5
None
(1, 15, 1, 4, 1, 1)
caused INR: -22.120828146448126
TpsAltruisticFromLsfGain + CumulativeIndividualEstimated_INR + -15.0
None
(1, 15, 1, 4, 1, 1)
caused INR: -22.120828146448126
TpsRandomic + IndividualEstimated_INR + -10.0
None
ls_gain_coeffs:
[-120.58377655 -125.46244524 -141.64567769 -136.21753389 -120.9381994
 -104.615457   -146.03691104 -132.27538958 -125.60630857 -134.40008809
 -117.27795803 -142.6719463  -113.91564575 -113.00889227 -127.03548622]
inrs_hat:  [ -9.5940765  -14.4727452  -30.65597765 -25.22783384  -9.94849936
   6.37424305 -35.04721099 -21.28568954 -14.61660853 -23.41038805
  -6.28825798 -31.68224625  -2.9259457   -2.01919222 -16.04578617]
scheduled_ues:  [ 1  2  3  6  7  8  9 11 14]
(1, 15, 1, 4, 1, 1)
caused INR: -20.53483506507061
TpsRandomic + IndividualEstimated_INR + -12.5
None
ls_gain_coeffs:
[-109.06703569 -142.33438407 -124.81742816 -125.70693464 -130.48548088
 -102.99246767 -133.0476525  -132.27538958 -125.6164662  -147.85823268
 -133.74736742 -131.43453489 -122.40406362 -108.87632648 -133.23158795]
inrs_hat:  [  1.92266436 -31.34468403 -13.82772811 -14.71723459 -19.49578083
   7.99723238 -22.05795246 -21.28568954 -14.62676616 -36.86853264
 -22.75766737 -20.44483485 -11.41436358   2.11337357 -22.24188791]
scheduled_ues:  [ 1  2  3  4  6  7  8  9 10 11 14]
(1, 15, 1, 4, 1, 1)
caused INR: -8.600379087945992
TpsRandomic + IndividualEstimated_INR + -15.0
None
ls_gain_coeffs:
[-109.06703569 -142.33438407 -124.81742816 -125.70693464 -130.48548088
  -97.58316233 -132.49999397 -140.13330938 -125.6164662  -144.80859891
 -120.2005088  -132.63872349 -117.86882787 -113.00889227 -118.72462071]
inrs_hat:  [  1.92266436 -31.34468403 -13.82772811 -14.71723459 -19.49578083
  13.40653771 -21.51029392 -29.14360934 -14.62676616 -33.81889887
  -9.21080876 -21.64902345  -6.87912783  -2.01919222  -7.73492066]
scheduled_ues:  [ 1  4  6  7  9 11]
(1, 15, 1, 4, 1, 1)
caused INR: -14.284485557011365
TpsRandomic + CumulativeIndividualEstimated_INR + -10.0
None
(1, 15, 1, 4, 1, 1)
caused INR: -38.057412477955125
TpsRandomic + CumulativeIndividualEstimated_INR + -12.5
None
(1, 15, 1, 4, 1, 1)
caused INR: -32.90314399728599
TpsRandomic + CumulativeIndividualEstimated_INR + -15.0
None
(1, 15, 1, 4, 1, 1)
caused INR: -17.773316880390666
Iteration number 74
TpsAltruisticFromLsfGain + IndividualEstimated_INR + -10.0
None
ls_gain_coeffs:
[-151.7110301  -148.35003276 -132.55728357 -126.19250891 -131.97059066
 -130.64888676 -141.43009336 -134.97001972 -131.11525108 -142.8033752
 -134.70110678 -142.42665367 -146.58829856 -135.95522789 -126.27415263]
inrs_hat:  [-40.72133005 -37.36033272 -21.56758352 -15.20280887 -20.98089062
 -19.65918672 -30.44039332 -23.98031968 -20.12555103 -31.81367515
 -23.71140674 -31.43695363 -35.59859851 -24.96552785 -15.28445259]
scheduled_ues:  [ 0  1  2  3  4  5  6  7  8  9 10 11 12 13 14]
(1, 15, 1, 4, 1, 1)
caused INR: -19.713820192212353
TpsAltruisticFromLsfGain + IndividualEstimated_INR + -12.5
None
ls_gain_coeffs:
[-151.7110301  -148.35003276 -132.55728357 -126.19250891 -131.97059066
 -130.64888676 -141.43009336 -134.97001972 -131.11525108 -142.8033752
 -134.70110678 -142.42665367 -146.58829856 -135.95522789 -126.27415263]
inrs_hat:  [-40.72133005 -37.36033272 -21.56758352 -15.20280887 -20.98089062
 -19.65918672 -30.44039332 -23.98031968 -20.12555103 -31.81367515
 -23.71140674 -31.43695363 -35.59859851 -24.96552785 -15.28445259]
scheduled_ues:  [ 0  1  2  3  4  5  6  7  8  9 10 11 12 13 14]
(1, 15, 1, 4, 1, 1)
caused INR: -19.713820192212353
TpsAltruisticFromLsfGain + IndividualEstimated_INR + -15.0
None
ls_gain_coeffs:
[-151.7110301  -148.35003276 -132.55728357 -126.19250891 -131.97059066
 -130.64888676 -141.43009336 -134.97001972 -131.11525108 -142.8033752
 -134.70110678 -142.42665367 -146.58829856 -135.95522789 -126.27415263]
inrs_hat:  [-40.72133005 -37.36033272 -21.56758352 -15.20280887 -20.98089062
 -19.65918672 -30.44039332 -23.98031968 -20.12555103 -31.81367515
 -23.71140674 -31.43695363 -35.59859851 -24.96552785 -15.28445259]
scheduled_ues:  [ 0  1  2  3  4  5  6  7  8  9 10 11 12 13 14]
(1, 15, 1, 4, 1, 1)
caused INR: -19.713820192212353
TpsAltruisticFromLsfGain + CumulativeIndividualEstimated_INR + -10.0
None
(1, 15, 1, 4, 1, 1)
caused INR: -13.174032935162517
TpsAltruisticFromLsfGain + CumulativeIndividualEstimated_INR + -12.5
None
(1, 15, 1, 4, 1, 1)
caused INR: -23.974586075848453
TpsAltruisticFromLsfGain + CumulativeIndividualEstimated_INR + -15.0
None
(1, 15, 1, 4, 1, 1)
caused INR: -35.30626084929989
TpsRandomic + IndividualEstimated_INR + -10.0
None
ls_gain_coeffs:
[-141.29562752 -132.67389532 -118.64217641 -112.98901339 -118.50130534
 -130.64888676 -140.79402501 -122.04095379 -124.3087556  -130.05349979
 -134.70110678 -142.42665367 -146.15320429 -127.87013738 -113.37079253]
inrs_hat:  [-30.30592747 -21.68419528  -7.65247636  -1.99931334  -7.51160529
 -19.65918672 -29.80432497 -11.05125375 -13.31905555 -19.06379974
 -23.71140674 -31.43695363 -35.16350424 -16.88043734  -2.38109249]
scheduled_ues:  [ 0  1  5  6  7  8  9 10 11 12 13]
(1, 15, 1, 4, 1, 1)
caused INR: -13.945093250822127
TpsRandomic + IndividualEstimated_INR + -12.5
None
ls_gain_coeffs:
[-141.29562752 -132.67389532 -117.16866925 -118.05274052 -118.50130534
 -117.34197655 -128.5644478  -134.97001972 -117.19958596 -142.8033752
 -121.3120811  -125.51540272 -146.15320429 -123.38305518 -108.06365177]
inrs_hat:  [-30.30592747 -21.68419528  -6.1789692   -7.06304048  -7.51160529
  -6.35227651 -17.57474775 -23.98031968  -6.20988591 -31.81367515
 -10.32238106 -14.52570267 -35.16350424 -12.39335514   2.92604828]
scheduled_ues:  [ 0  1  6  7  9 11 12]
(1, 15, 1, 4, 1, 1)
caused INR: -25.580134239962298
TpsRandomic + IndividualEstimated_INR + -15.0
None
ls_gain_coeffs:
[-141.29562752 -132.67389532 -128.13676209 -118.05274052 -118.50130534
 -116.47666635 -128.77647058 -118.350901   -131.11525108 -130.05349979
 -133.27996826 -134.02533297 -134.00166713 -123.38305518 -108.06365177]
inrs_hat:  [-30.30592747 -21.68419528 -17.14706204  -7.06304048  -7.51160529
  -5.4869663  -17.78677054  -7.36120096 -20.12555103 -19.06379974
 -22.29026822 -23.03563293 -23.01196709 -12.39335514   2.92604828]
scheduled_ues:  [ 0  1  2  6  8  9 10 11 12]
(1, 15, 1, 4, 1, 1)
caused INR: -6.085612229986365
TpsRandomic + CumulativeIndividualEstimated_INR + -10.0
None
(1, 15, 1, 4, 1, 1)
caused INR: -6.694028209349802
TpsRandomic + CumulativeIndividualEstimated_INR + -12.5
None
(1, 15, 1, 4, 1, 1)
caused INR: -14.473211371713738
TpsRandomic + CumulativeIndividualEstimated_INR + -15.0
None
(1, 15, 1, 4, 1, 1)
caused INR: -23.065511669953413
Iteration number 75
TpsAltruisticFromLsfGain + IndividualEstimated_INR + -10.0
None
ls_gain_coeffs:
[-147.80885782 -138.88602227 -136.3128706  -147.32596324 -121.67682509
 -142.76426157 -110.36318656 -141.74325288 -136.92815865 -146.3434162
 -139.70487438 -136.1703825  -145.16255751 -136.82649637 -121.12451771]
inrs_hat:  [-36.81915778 -27.89632223 -25.32317056 -36.3362632  -10.68712505
 -31.77456153   0.62651348 -30.75355283 -25.93845861 -35.35371616
 -28.71517433 -25.18068246 -34.17285747 -25.83679632 -10.13481766]
scheduled_ues:  [ 0  1  2  3  4  5  7  8  9 10 11 12 13 14]
(1, 15, 1, 4, 1, 1)
caused INR: -14.052111595371667
TpsAltruisticFromLsfGain + IndividualEstimated_INR + -12.5
None
ls_gain_coeffs:
[-147.80885782 -138.88602227 -136.3128706  -147.32596324 -121.67682509
 -142.76426157 -110.36318656 -141.74325288 -136.92815865 -146.3434162
 -139.70487438 -136.1703825  -145.16255751 -136.82649637 -121.12451771]
inrs_hat:  [-36.81915778 -27.89632223 -25.32317056 -36.3362632  -10.68712505
 -31.77456153   0.62651348 -30.75355283 -25.93845861 -35.35371616
 -28.71517433 -25.18068246 -34.17285747 -25.83679632 -10.13481766]
scheduled_ues:  [ 0  1  2  3  5  7  8  9 10 11 12 13]
(1, 15, 1, 4, 1, 1)
caused INR: -28.873706605363868
TpsAltruisticFromLsfGain + IndividualEstimated_INR + -15.0
None
ls_gain_coeffs:
[-147.80885782 -138.88602227 -136.3128706  -147.32596324 -121.67682509
 -142.76426157 -110.36318656 -141.74325288 -136.92815865 -146.3434162
 -139.70487438 -136.1703825  -145.16255751 -136.82649637 -121.12451771]
inrs_hat:  [-36.81915778 -27.89632223 -25.32317056 -36.3362632  -10.68712505
 -31.77456153   0.62651348 -30.75355283 -25.93845861 -35.35371616
 -28.71517433 -25.18068246 -34.17285747 -25.83679632 -10.13481766]
scheduled_ues:  [ 0  1  2  3  5  7  8  9 10 11 12 13]
(1, 15, 1, 4, 1, 1)
caused INR: -28.873706605363868
TpsAltruisticFromLsfGain + CumulativeIndividualEstimated_INR + -10.0
None
(1, 15, 1, 4, 1, 1)
caused INR: -28.873706605363868
TpsAltruisticFromLsfGain + CumulativeIndividualEstimated_INR + -12.5
None
(1, 15, 1, 4, 1, 1)
caused INR: -28.873706605363868
TpsAltruisticFromLsfGain + CumulativeIndividualEstimated_INR + -15.0
None
(1, 15, 1, 4, 1, 1)
caused INR: -28.873706605363868
TpsRandomic + IndividualEstimated_INR + -10.0
None
ls_gain_coeffs:
[-134.89319093 -124.61762826 -120.74188922 -147.32596324 -104.43124145
 -130.65161317  -94.63102848 -132.8252495  -136.84228408 -146.3434162
 -136.54517602 -119.20831705 -131.70004027 -136.82649637 -121.12451771]
inrs_hat:  [-23.90349089 -13.62792822  -9.75218917 -36.3362632    6.55845859
 -19.66191312  16.35867157 -21.83554946 -25.85258403 -35.35371616
 -25.55547598  -8.21861701 -20.71034023 -25.83679632 -10.13481766]
scheduled_ues:  [ 0  1  3  5  7  8  9 10 12 13 14]
(1, 15, 1, 4, 1, 1)
caused INR: -6.271412908522539
TpsRandomic + IndividualEstimated_INR + -12.5
None
ls_gain_coeffs:
[-135.13022438 -132.63023307 -131.61879853 -136.64166281 -110.61294077
 -130.65161317  -96.27630752 -141.74325288 -136.84228408 -138.16044131
 -125.15680881 -127.50029689 -131.70004027 -136.82649637 -108.25682348]
inrs_hat:  [-24.14052433 -21.64053302 -20.62909848 -25.65196277   0.37675927
 -19.66191312  14.71339252 -30.75355283 -25.85258403 -27.17074127
 -14.16710876 -16.51059684 -20.71034023 -25.83679632   2.73287656]
scheduled_ues:  [ 0  1  2  3  5  7  8  9 10 11 12 13]
(1, 15, 1, 4, 1, 1)
caused INR: -8.805165559648906
TpsRandomic + IndividualEstimated_INR + -15.0
None
ls_gain_coeffs:
[-134.89319093 -122.40313066 -136.3128706  -136.82560941 -110.69114213
 -142.76426157 -110.36318656 -129.31336298 -124.42930893 -138.16044131
 -126.21004159 -119.20831705 -138.37981596 -131.5081152  -108.25682348]
inrs_hat:  [-23.90349089 -11.41343062 -25.32317056 -25.83590936   0.29855792
 -31.77456153   0.62651348 -18.32366293 -13.43960889 -27.17074127
 -15.22034155  -8.21861701 -27.39011591 -20.51841516   2.73287656]
scheduled_ues:  [ 0  2  3  5  7  9 10 12 13]
(1, 15, 1, 4, 1, 1)
caused INR: -13.02424950645693
TpsRandomic + CumulativeIndividualEstimated_INR + -10.0
None
(1, 15, 1, 4, 1, 1)
caused INR: -11.459430928271582
TpsRandomic + CumulativeIndividualEstimated_INR + -12.5
None
(1, 15, 1, 4, 1, 1)
caused INR: -19.877718902802666
TpsRandomic + CumulativeIndividualEstimated_INR + -15.0
None
(1, 15, 1, 4, 1, 1)
caused INR: -27.199208544290705
Iteration number 76
TpsAltruisticFromLsfGain + IndividualEstimated_INR + -10.0
None
ls_gain_coeffs:
[-140.014105   -145.36917858 -152.19116035 -132.60167812 -149.72389124
 -132.7749124  -139.55319336 -122.01590326 -130.8645945  -141.22244318
 -124.72100201 -141.13611529 -119.79905571 -144.31087934 -143.03258823]
inrs_hat:  [-29.02440496 -34.37947854 -41.20146031 -21.61197808 -38.7341912
 -21.78521236 -28.56349332 -11.02620322 -19.87489446 -30.23274313
 -13.73130197 -30.14641525  -8.80935567 -33.3211793  -32.04288819]
scheduled_ues:  [ 0  1  2  3  4  5  6  7  8  9 10 11 13 14]
(1, 15, 1, 4, 1, 1)
caused INR: -14.723305739218539
TpsAltruisticFromLsfGain + IndividualEstimated_INR + -12.5
None
ls_gain_coeffs:
[-140.014105   -145.36917858 -152.19116035 -132.60167812 -149.72389124
 -132.7749124  -139.55319336 -122.01590326 -130.8645945  -141.22244318
 -124.72100201 -141.13611529 -119.79905571 -144.31087934 -143.03258823]
inrs_hat:  [-29.02440496 -34.37947854 -41.20146031 -21.61197808 -38.7341912
 -21.78521236 -28.56349332 -11.02620322 -19.87489446 -30.23274313
 -13.73130197 -30.14641525  -8.80935567 -33.3211793  -32.04288819]
scheduled_ues:  [ 0  1  2  3  4  5  6  8  9 10 11 13 14]
(1, 15, 1, 4, 1, 1)
caused INR: -16.01977311911646
TpsAltruisticFromLsfGain + IndividualEstimated_INR + -15.0
None
ls_gain_coeffs:
[-140.014105   -145.36917858 -152.19116035 -132.60167812 -149.72389124
 -132.7749124  -139.55319336 -122.01590326 -130.8645945  -141.22244318
 -124.72100201 -141.13611529 -119.79905571 -144.31087934 -143.03258823]
inrs_hat:  [-29.02440496 -34.37947854 -41.20146031 -21.61197808 -38.7341912
 -21.78521236 -28.56349332 -11.02620322 -19.87489446 -30.23274313
 -13.73130197 -30.14641525  -8.80935567 -33.3211793  -32.04288819]
scheduled_ues:  [ 0  1  2  3  4  5  6  8  9 11 13 14]
(1, 15, 1, 4, 1, 1)
caused INR: -16.274809018880898
TpsAltruisticFromLsfGain + CumulativeIndividualEstimated_INR + -10.0
None
(1, 15, 1, 4, 1, 1)
caused INR: -16.01977311911646
TpsAltruisticFromLsfGain + CumulativeIndividualEstimated_INR + -12.5
None
(1, 15, 1, 4, 1, 1)
caused INR: -16.274809018880898
TpsAltruisticFromLsfGain + CumulativeIndividualEstimated_INR + -15.0
None
(1, 15, 1, 4, 1, 1)
caused INR: -16.274809018880898
TpsRandomic + IndividualEstimated_INR + -10.0
None
ls_gain_coeffs:
[-128.62653509 -131.57188041 -152.19116035 -127.42828805 -148.80051095
 -119.35676019 -122.68413497 -110.93296824 -120.86510014 -129.41048034
 -107.67585903 -127.94978755 -119.79905571 -133.8632219  -134.52728091]
inrs_hat:  [-17.63683504 -20.58218037 -41.20146031 -16.43858801 -37.8108109
  -8.36706015 -11.69443493   0.0567318   -9.87540009 -18.4207803
   3.31384102 -16.96008751  -8.80935567 -22.87352185 -23.53758087]
scheduled_ues:  [ 0  1  2  3  4  6  9 11 13 14]
(1, 15, 1, 4, 1, 1)
caused INR: -12.59560151402346
TpsRandomic + IndividualEstimated_INR + -12.5
None
ls_gain_coeffs:
[-128.62653509 -129.14075521 -152.19116035 -118.43561477 -149.72389124
 -115.82489124 -122.68413497 -107.19679879 -120.86510014 -141.22244318
 -112.75996095 -127.94978755 -119.79905571 -133.8632219  -143.03258823]
inrs_hat:  [-17.63683504 -18.15105517 -41.20146031  -7.44591472 -38.7341912
  -4.8351912  -11.69443493   3.79290125  -9.87540009 -30.23274313
  -1.7702609  -16.96008751  -8.80935567 -22.87352185 -32.04288819]
scheduled_ues:  [ 0  1  2  4  9 11 13 14]
(1, 15, 1, 4, 1, 1)
caused INR: -15.847024140003224
TpsRandomic + IndividualEstimated_INR + -15.0
None
ls_gain_coeffs:
[-122.92972451 -131.57188041 -152.19116035 -118.43561477 -149.72389124
 -124.73462228 -130.44487029 -107.19679879 -114.0034357  -141.22244318
 -115.03335711 -128.32215142 -106.38749675 -133.8632219  -126.24994352]
inrs_hat:  [-11.94002446 -20.58218037 -41.20146031  -7.44591472 -38.7341912
 -13.74492224 -19.45517025   3.79290125  -3.01373566 -30.23274313
  -4.04365706 -17.33245138   4.60220329 -22.87352185 -15.26024348]
scheduled_ues:  [ 1  2  4  6  9 11 13 14]
(1, 15, 1, 4, 1, 1)
caused INR: -13.149971162349182
TpsRandomic + CumulativeIndividualEstimated_INR + -10.0
None
(1, 15, 1, 4, 1, 1)
caused INR: -25.080195078644522
TpsRandomic + CumulativeIndividualEstimated_INR + -12.5
None
(1, 15, 1, 4, 1, 1)
caused INR: -9.46478865990644
TpsRandomic + CumulativeIndividualEstimated_INR + -15.0
None
(1, 15, 1, 4, 1, 1)
caused INR: -20.837994173627635
Iteration number 77
TpsAltruisticFromLsfGain + IndividualEstimated_INR + -10.0
None
ls_gain_coeffs:
[-147.78676402 -113.27026548 -128.87749408 -137.92444897 -145.22753106
 -153.97699686 -144.37318186 -145.01500926 -146.91041088 -132.15954851
 -149.00230049 -142.06748879 -142.76235857 -144.88896883 -145.16411832]
inrs_hat:  [-36.79706398  -2.28056544 -17.88779404 -26.93474892 -34.23783102
 -42.98729682 -33.38348181 -34.02530921 -35.92071084 -21.16984846
 -38.01260045 -31.07778875 -31.77265853 -33.89926878 -34.17441828]
scheduled_ues:  [ 0  2  3  4  5  6  7  8  9 10 11 12 13 14]
(1, 15, 1, 4, 1, 1)
caused INR: -19.749247453934636
TpsAltruisticFromLsfGain + IndividualEstimated_INR + -12.5
None
ls_gain_coeffs:
[-147.78676402 -113.27026548 -128.87749408 -137.92444897 -145.22753106
 -153.97699686 -144.37318186 -145.01500926 -146.91041088 -132.15954851
 -149.00230049 -142.06748879 -142.76235857 -144.88896883 -145.16411832]
inrs_hat:  [-36.79706398  -2.28056544 -17.88779404 -26.93474892 -34.23783102
 -42.98729682 -33.38348181 -34.02530921 -35.92071084 -21.16984846
 -38.01260045 -31.07778875 -31.77265853 -33.89926878 -34.17441828]
scheduled_ues:  [ 0  2  3  4  5  6  7  8  9 10 11 12 13 14]
(1, 15, 1, 4, 1, 1)
caused INR: -19.749247453934636
TpsAltruisticFromLsfGain + IndividualEstimated_INR + -15.0
None
ls_gain_coeffs:
[-147.78676402 -113.27026548 -128.87749408 -137.92444897 -145.22753106
 -153.97699686 -144.37318186 -145.01500926 -146.91041088 -132.15954851
 -149.00230049 -142.06748879 -142.76235857 -144.88896883 -145.16411832]
inrs_hat:  [-36.79706398  -2.28056544 -17.88779404 -26.93474892 -34.23783102
 -42.98729682 -33.38348181 -34.02530921 -35.92071084 -21.16984846
 -38.01260045 -31.07778875 -31.77265853 -33.89926878 -34.17441828]
scheduled_ues:  [ 0  2  3  4  5  6  7  8  9 10 11 12 13 14]
(1, 15, 1, 4, 1, 1)
caused INR: -19.749247453934636
TpsAltruisticFromLsfGain + CumulativeIndividualEstimated_INR + -10.0
None
(1, 15, 1, 4, 1, 1)
caused INR: -19.749247453934636
TpsAltruisticFromLsfGain + CumulativeIndividualEstimated_INR + -12.5
None
(1, 15, 1, 4, 1, 1)
caused INR: -19.749247453934636
TpsAltruisticFromLsfGain + CumulativeIndividualEstimated_INR + -15.0
None
(1, 15, 1, 4, 1, 1)
caused INR: -19.749247453934636
TpsRandomic + IndividualEstimated_INR + -10.0
None
ls_gain_coeffs:
[-133.68878563 -105.59827238 -111.26750983 -121.05919117 -131.50264132
 -149.66638273 -144.37318186 -145.01500926 -133.62188984 -132.15954851
 -149.00230049 -134.71165124 -125.83334624 -144.88896883 -131.57224584]
inrs_hat:  [-22.69908559   5.39142767  -0.27780979 -10.06949112 -20.51294128
 -38.67668268 -33.38348181 -34.02530921 -22.6321898  -21.16984846
 -38.01260045 -23.72195119 -14.8436462  -33.89926878 -20.5825458 ]
scheduled_ues:  [ 0  3  4  5  6  7  8  9 10 11 12 13 14]
(1, 15, 1, 4, 1, 1)
caused INR: -5.673222198499919
TpsRandomic + IndividualEstimated_INR + -12.5
None
ls_gain_coeffs:
[-142.0836514  -113.27026548 -111.26750983 -125.06178832 -138.40464373
 -140.09852549 -136.55030938 -128.13408845 -146.91041088 -115.93680218
 -138.46698104 -128.84569624 -142.76235857 -144.88896883 -141.71330088]
inrs_hat:  [-31.09395136  -2.28056544  -0.27780979 -14.07208828 -27.41494369
 -29.10882544 -25.56060934 -17.14438841 -35.92071084  -4.94710214
 -27.47728099 -17.8559962  -31.77265853 -33.89926878 -30.72360084]
scheduled_ues:  [ 0  3  4  5  6  7  8 10 11 12 13 14]
(1, 15, 1, 4, 1, 1)
caused INR: -9.552279978812843
TpsRandomic + IndividualEstimated_INR + -15.0
None
ls_gain_coeffs:
[-131.66541852  -95.71400341 -111.26750983 -129.49819401 -145.22753106
 -140.09852549 -144.37318186 -128.13408845 -133.62188984 -118.29006102
 -138.46698104 -125.55787374 -125.83334624 -128.07687294 -130.42197336]
inrs_hat:  [-20.67571847  15.27569663  -0.27780979 -18.50849397 -34.23783102
 -29.10882544 -33.38348181 -17.14438841 -22.6321898   -7.30036097
 -27.47728099 -14.5681737  -14.8436462  -17.0871729  -19.43227332]
scheduled_ues:  [ 0  3  4  5  6  7  8 10 13 14]
(1, 15, 1, 4, 1, 1)
caused INR: -14.364565070888027
TpsRandomic + CumulativeIndividualEstimated_INR + -10.0
None
(1, 15, 1, 4, 1, 1)
caused INR: -18.612264071220427
TpsRandomic + CumulativeIndividualEstimated_INR + -12.5
None
(1, 15, 1, 4, 1, 1)
caused INR: -14.755427703791433
TpsRandomic + CumulativeIndividualEstimated_INR + -15.0
None
(1, 15, 1, 4, 1, 1)
caused INR: -13.664797451576883
Iteration number 78
TpsAltruisticFromLsfGain + IndividualEstimated_INR + -10.0
None
ls_gain_coeffs:
[-142.01220784 -129.47321688 -148.43170595 -149.59653167 -129.32715738
 -148.36343573 -144.13410427 -150.98424129 -141.8265479  -109.97814017
 -138.22966437 -131.39365242 -129.40413453 -130.93978693 -130.0132683 ]
inrs_hat:  [-31.0225078  -18.48351684 -37.4420059  -38.60683162 -18.33745733
 -37.37373569 -33.14440423 -39.99454125 -30.83684786   1.01155988
 -27.23996433 -20.40395237 -18.41443449 -19.95008688 -19.02356825]
scheduled_ues:  [ 0  1  2  3  4  5  6  7  8 10 11 12 13 14]
(1, 15, 1, 4, 1, 1)
caused INR: -15.569510112449368
TpsAltruisticFromLsfGain + IndividualEstimated_INR + -12.5
None
ls_gain_coeffs:
[-142.01220784 -129.47321688 -148.43170595 -149.59653167 -129.32715738
 -148.36343573 -144.13410427 -150.98424129 -141.8265479  -109.97814017
 -138.22966437 -131.39365242 -129.40413453 -130.93978693 -130.0132683 ]
inrs_hat:  [-31.0225078  -18.48351684 -37.4420059  -38.60683162 -18.33745733
 -37.37373569 -33.14440423 -39.99454125 -30.83684786   1.01155988
 -27.23996433 -20.40395237 -18.41443449 -19.95008688 -19.02356825]
scheduled_ues:  [ 0  1  2  3  4  5  6  7  8 10 11 12 13 14]
(1, 15, 1, 4, 1, 1)
caused INR: -15.569510112449368
TpsAltruisticFromLsfGain + IndividualEstimated_INR + -15.0
None
ls_gain_coeffs:
[-142.01220784 -129.47321688 -148.43170595 -149.59653167 -129.32715738
 -148.36343573 -144.13410427 -150.98424129 -141.8265479  -109.97814017
 -138.22966437 -131.39365242 -129.40413453 -130.93978693 -130.0132683 ]
inrs_hat:  [-31.0225078  -18.48351684 -37.4420059  -38.60683162 -18.33745733
 -37.37373569 -33.14440423 -39.99454125 -30.83684786   1.01155988
 -27.23996433 -20.40395237 -18.41443449 -19.95008688 -19.02356825]
scheduled_ues:  [ 0  1  2  3  4  5  6  7  8 10 11 12 13 14]
(1, 15, 1, 4, 1, 1)
caused INR: -15.569510112449368
TpsAltruisticFromLsfGain + CumulativeIndividualEstimated_INR + -10.0
None
(1, 15, 1, 4, 1, 1)
caused INR: -15.569510112449368
TpsAltruisticFromLsfGain + CumulativeIndividualEstimated_INR + -12.5
None
(1, 15, 1, 4, 1, 1)
caused INR: -14.975776295758013
TpsAltruisticFromLsfGain + CumulativeIndividualEstimated_INR + -15.0
None
(1, 15, 1, 4, 1, 1)
caused INR: -16.534091791888564
TpsRandomic + IndividualEstimated_INR + -10.0
None
ls_gain_coeffs:
[-133.49128055 -121.83527612 -143.86698183 -143.06772805 -129.32715738
 -148.36343573 -142.5514928  -134.57738041 -141.8265479   -97.51761335
 -138.22966437 -118.13209409 -129.40413453 -121.4928475  -130.0132683 ]
inrs_hat:  [-22.50158051 -10.84557608 -32.87728179 -32.078028   -18.33745733
 -37.37373569 -31.56179276 -23.58768036 -30.83684786  13.47208669
 -27.23996433  -7.14239404 -18.41443449 -10.50314746 -19.02356825]
scheduled_ues:  [ 0  1  2  3  4  5  6  7  8 10 12 13 14]
(1, 15, 1, 4, 1, 1)
caused INR: -6.598703341761112
TpsRandomic + IndividualEstimated_INR + -12.5
None
ls_gain_coeffs:
[-133.49128055 -114.64295215 -132.94695654 -143.06772805 -112.73171518
 -135.9198733  -144.13410427 -150.98424129 -124.76955495  -97.51761335
 -125.13290508 -118.13209409 -118.9529701  -119.19999134 -119.92008603]
inrs_hat:  [-22.50158051  -3.6532521  -21.95725649 -32.078028    -1.74201514
 -24.93017326 -33.14440423 -39.99454125 -13.7798549   13.47208669
 -14.14320504  -7.14239404  -7.96327006  -8.2102913   -8.93038599]
scheduled_ues:  [ 0  2  3  5  6  7  8 10]
(1, 15, 1, 4, 1, 1)
caused INR: -8.069082183788353
TpsRandomic + IndividualEstimated_INR + -15.0
None
ls_gain_coeffs:
[-133.49128055 -121.83527612 -148.43170595 -143.06772805 -129.32715738
 -139.90918221 -131.16496712 -143.39230138 -132.68228382 -109.97814017
 -121.25597588 -131.39365242 -112.30348793 -130.93978693 -130.0132683 ]
inrs_hat:  [-22.50158051 -10.84557608 -37.4420059  -32.078028   -18.33745733
 -28.91948216 -20.17526707 -32.40260134 -21.69258378   1.01155988
 -10.26627583 -20.40395237  -1.31378788 -19.95008688 -19.02356825]
scheduled_ues:  [ 0  2  3  4  5  6  7  8 11 13 14]
(1, 15, 1, 4, 1, 1)
caused INR: -18.664329069112828
TpsRandomic + CumulativeIndividualEstimated_INR + -10.0
None
(1, 15, 1, 4, 1, 1)
caused INR: -13.299644722717714
TpsRandomic + CumulativeIndividualEstimated_INR + -12.5
None
(1, 15, 1, 4, 1, 1)
caused INR: -19.566743385128532
TpsRandomic + CumulativeIndividualEstimated_INR + -15.0
None
(1, 15, 1, 4, 1, 1)
caused INR: -16.90465858226195
Iteration number 79
TpsAltruisticFromLsfGain + IndividualEstimated_INR + -10.0
None
ls_gain_coeffs:
[-145.7979681  -148.43682514 -147.75102585 -143.81157748 -148.21098897
 -138.27239121 -138.70401222 -130.89344367 -134.84819522 -121.03800797
 -147.01282633 -146.91406236 -129.4296021  -143.95592554 -132.02044279]
inrs_hat:  [-34.80826806 -37.4471251  -36.76132581 -32.82187743 -37.22128893
 -27.28269116 -27.71431218 -19.90374362 -23.85849518 -10.04830793
 -36.02312628 -35.92436232 -18.43990206 -32.96622549 -21.03074275]
scheduled_ues:  [ 0  1  2  3  4  5  6  7  8  9 10 11 12 13 14]
(1, 15, 1, 4, 1, 1)
caused INR: -15.789818655830812
TpsAltruisticFromLsfGain + IndividualEstimated_INR + -12.5
None
ls_gain_coeffs:
[-145.7979681  -148.43682514 -147.75102585 -143.81157748 -148.21098897
 -138.27239121 -138.70401222 -130.89344367 -134.84819522 -121.03800797
 -147.01282633 -146.91406236 -129.4296021  -143.95592554 -132.02044279]
inrs_hat:  [-34.80826806 -37.4471251  -36.76132581 -32.82187743 -37.22128893
 -27.28269116 -27.71431218 -19.90374362 -23.85849518 -10.04830793
 -36.02312628 -35.92436232 -18.43990206 -32.96622549 -21.03074275]
scheduled_ues:  [ 0  1  2  3  4  5  6  7  8 10 11 12 13 14]
(1, 15, 1, 4, 1, 1)
caused INR: -12.318025297541729
TpsAltruisticFromLsfGain + IndividualEstimated_INR + -15.0
None
ls_gain_coeffs:
[-145.7979681  -148.43682514 -147.75102585 -143.81157748 -148.21098897
 -138.27239121 -138.70401222 -130.89344367 -134.84819522 -121.03800797
 -147.01282633 -146.91406236 -129.4296021  -143.95592554 -132.02044279]
inrs_hat:  [-34.80826806 -37.4471251  -36.76132581 -32.82187743 -37.22128893
 -27.28269116 -27.71431218 -19.90374362 -23.85849518 -10.04830793
 -36.02312628 -35.92436232 -18.43990206 -32.96622549 -21.03074275]
scheduled_ues:  [ 0  1  2  3  4  5  6  7  8 10 11 12 13 14]
(1, 15, 1, 4, 1, 1)
caused INR: -12.318025297541729
TpsAltruisticFromLsfGain + CumulativeIndividualEstimated_INR + -10.0
None
(1, 15, 1, 4, 1, 1)
caused INR: -12.318025297541729
TpsAltruisticFromLsfGain + CumulativeIndividualEstimated_INR + -12.5
None
(1, 15, 1, 4, 1, 1)
caused INR: -12.318025297541729
TpsAltruisticFromLsfGain + CumulativeIndividualEstimated_INR + -15.0
None
(1, 15, 1, 4, 1, 1)
caused INR: -19.938631121929888
TpsRandomic + IndividualEstimated_INR + -10.0
None
ls_gain_coeffs:
[-145.7979681  -148.43682514 -134.72506239 -131.29419369 -148.21098897
 -138.27239121 -138.70401222 -114.06359695 -117.7865473  -114.38006321
 -144.87997342 -146.91406236 -112.38927678 -130.72856028 -132.02044279]
inrs_hat:  [-34.80826806 -37.4471251  -23.73536235 -20.30449365 -37.22128893
 -27.28269116 -27.71431218  -3.0738969   -6.79684726  -3.39036317
 -33.89027338 -35.92436232  -1.39957674 -19.73886024 -21.03074275]
scheduled_ues:  [ 0  1  2  3  4  5  6 10 11 13 14]
(1, 15, 1, 4, 1, 1)
caused INR: -26.196428693024604
TpsRandomic + IndividualEstimated_INR + -12.5
None
ls_gain_coeffs:
[-128.94222173 -138.3709844  -147.75102585 -131.29419369 -142.38810201
 -125.52562155 -138.08383022 -130.89344367 -134.84819522 -106.422598
 -144.87997342 -144.35833804 -120.01494434 -141.59862977 -115.10485519]
inrs_hat:  [-17.95252168 -27.38128436 -36.76132581 -20.30449365 -31.39840196
 -14.53592151 -27.09413017 -19.90374362 -23.85849518   4.56710204
 -33.89027338 -33.368638    -9.0252443  -30.60892973  -4.11515515]
scheduled_ues:  [ 0  1  2  3  4  5  6  7  8 10 11 13]
(1, 15, 1, 4, 1, 1)
caused INR: -13.476090761861892
TpsRandomic + IndividualEstimated_INR + -15.0
None
ls_gain_coeffs:
[-134.65896066 -148.43682514 -147.75102585 -143.81157748 -134.0749204
 -138.27239121 -138.08383022 -121.28965452 -127.177305   -104.18053061
 -147.01282633 -146.91406236 -117.20520923 -143.95592554 -122.24191262]
inrs_hat:  [-23.66926062 -37.4471251  -36.76132581 -32.82187743 -23.08522036
 -27.28269116 -27.09413017 -10.29995448 -16.18760496   6.80916943
 -36.02312628 -35.92436232  -6.21550919 -32.96622549 -11.25221258]
scheduled_ues:  [ 0  1  2  3  4  5  6  8 10 11 13]
(1, 15, 1, 4, 1, 1)
caused INR: -8.245125301491086
TpsRandomic + CumulativeIndividualEstimated_INR + -10.0
None
(1, 15, 1, 4, 1, 1)
caused INR: -15.7521243980184
TpsRandomic + CumulativeIndividualEstimated_INR + -12.5
None
(1, 15, 1, 4, 1, 1)
caused INR: -22.957333055996187
TpsRandomic + CumulativeIndividualEstimated_INR + -15.0
None
(1, 15, 1, 4, 1, 1)
caused INR: -16.62066600943887
Iteration number 80
TpsAltruisticFromLsfGain + IndividualEstimated_INR + -10.0
None
ls_gain_coeffs:
[-135.08565561 -137.12230623 -148.79497273 -141.53143973 -137.69599097
 -151.42474773 -146.08152547 -129.37809388 -146.64633508 -132.70978889
 -142.68237035 -136.910082   -143.30132407 -133.38491778 -148.16386835]
inrs_hat:  [-24.09595556 -26.13260618 -37.80527269 -30.54173968 -26.70629092
 -40.43504769 -35.09182543 -18.38839383 -35.65663504 -21.72008885
 -31.69267031 -25.92038195 -32.31162402 -22.39521773 -37.1741683 ]
scheduled_ues:  [ 0  1  2  3  4  5  6  7  8  9 10 11 12 13 14]
(1, 15, 1, 4, 1, 1)
caused INR: -20.437102848631696
TpsAltruisticFromLsfGain + IndividualEstimated_INR + -12.5
None
ls_gain_coeffs:
[-135.08565561 -137.12230623 -148.79497273 -141.53143973 -137.69599097
 -151.42474773 -146.08152547 -129.37809388 -146.64633508 -132.70978889
 -142.68237035 -136.910082   -143.30132407 -133.38491778 -148.16386835]
inrs_hat:  [-24.09595556 -26.13260618 -37.80527269 -30.54173968 -26.70629092
 -40.43504769 -35.09182543 -18.38839383 -35.65663504 -21.72008885
 -31.69267031 -25.92038195 -32.31162402 -22.39521773 -37.1741683 ]
scheduled_ues:  [ 0  1  2  3  4  5  6  7  8  9 10 11 12 13 14]
(1, 15, 1, 4, 1, 1)
caused INR: -20.437102848631696
TpsAltruisticFromLsfGain + IndividualEstimated_INR + -15.0
None
ls_gain_coeffs:
[-135.08565561 -137.12230623 -148.79497273 -141.53143973 -137.69599097
 -151.42474773 -146.08152547 -129.37809388 -146.64633508 -132.70978889
 -142.68237035 -136.910082   -143.30132407 -133.38491778 -148.16386835]
inrs_hat:  [-24.09595556 -26.13260618 -37.80527269 -30.54173968 -26.70629092
 -40.43504769 -35.09182543 -18.38839383 -35.65663504 -21.72008885
 -31.69267031 -25.92038195 -32.31162402 -22.39521773 -37.1741683 ]
scheduled_ues:  [ 0  1  2  3  4  5  6  7  8  9 10 11 12 13 14]
(1, 15, 1, 4, 1, 1)
caused INR: -20.437102848631696
TpsAltruisticFromLsfGain + CumulativeIndividualEstimated_INR + -10.0
None
(1, 15, 1, 4, 1, 1)
caused INR: -20.437102848631696
TpsAltruisticFromLsfGain + CumulativeIndividualEstimated_INR + -12.5
None
(1, 15, 1, 4, 1, 1)
caused INR: -20.437102848631696
TpsAltruisticFromLsfGain + CumulativeIndividualEstimated_INR + -15.0
None
(1, 15, 1, 4, 1, 1)
caused INR: -20.83212663472883
TpsRandomic + IndividualEstimated_INR + -10.0
None
ls_gain_coeffs:
[-122.26712513 -137.12230623 -134.71207543 -128.12674146 -137.69599097
 -137.92542418 -140.97416203 -112.56157605 -130.39621857 -132.70978889
 -125.70340648 -126.27666255 -143.30132407 -119.62923021 -137.68611731]
inrs_hat:  [-11.27742509 -26.13260618 -23.72237539 -17.13704142 -26.70629092
 -26.93572413 -29.98446199  -1.57187601 -19.40651853 -21.72008885
 -14.71370643 -15.28696251 -32.31162402  -8.63953017 -26.69641727]
scheduled_ues:  [ 0  1  2  3  4  5  6  8  9 10 11 12 14]
(1, 15, 1, 4, 1, 1)
caused INR: -6.7577300563624
TpsRandomic + IndividualEstimated_INR + -12.5
None
ls_gain_coeffs:
[-127.31235841 -137.12230623 -134.71207543 -141.53143973 -126.75704143
 -148.25157706 -146.08152547 -129.37809388 -140.77842962 -119.11839925
 -130.9477991  -126.07570595 -143.30132407 -118.31514265 -137.68611731]
inrs_hat:  [-16.32265837 -26.13260618 -23.72237539 -30.54173968 -15.76734139
 -37.26187701 -35.09182543 -18.38839383 -29.78872957  -8.12869921
 -19.95809906 -15.08600591 -32.31162402  -7.32544261 -26.69641727]
scheduled_ues:  [ 0  1  2  3  4  5  6  7  8 10 11 12 14]
(1, 15, 1, 4, 1, 1)
caused INR: -12.155825570949109
TpsRandomic + IndividualEstimated_INR + -15.0
None
ls_gain_coeffs:
[-135.08565561 -137.12230623 -134.71207543 -128.60829059 -126.75704143
 -137.92542418 -146.08152547 -122.81571714 -130.39621857 -119.11839925
 -125.70340648 -119.95538425 -128.72634186 -118.31514265 -137.5253689 ]
inrs_hat:  [-24.09595556 -26.13260618 -23.72237539 -17.61859055 -15.76734139
 -26.93572413 -35.09182543 -11.8260171  -19.40651853  -8.12869921
 -14.71370643  -8.96568421 -17.73664182  -7.32544261 -26.53566885]
scheduled_ues:  [ 0  1  2  3  4  5  6  8 12 14]
(1, 15, 1, 4, 1, 1)
caused INR: -13.741336238093854
TpsRandomic + CumulativeIndividualEstimated_INR + -10.0
None
(1, 15, 1, 4, 1, 1)
caused INR: -11.966390228697332
TpsRandomic + CumulativeIndividualEstimated_INR + -12.5
None
(1, 15, 1, 4, 1, 1)
caused INR: -13.523440938005791
TpsRandomic + CumulativeIndividualEstimated_INR + -15.0
None
(1, 15, 1, 4, 1, 1)
caused INR: -18.606880207910322
Iteration number 81
TpsAltruisticFromLsfGain + IndividualEstimated_INR + -10.0
None
ls_gain_coeffs:
[-145.13086239 -143.08761423 -141.59536378 -131.91820318 -148.20390918
 -127.16988715 -136.02141481 -148.8080912  -134.76728417 -133.84898939
 -147.85415246 -142.36640575 -152.42346368 -139.99021917 -150.57404278]
inrs_hat:  [-34.14116234 -32.09791419 -30.60566374 -20.92850314 -37.21420914
 -16.1801871  -25.03171477 -37.81839116 -23.77758413 -22.85928935
 -36.86445241 -31.37670571 -41.43376364 -29.00051913 -39.58434273]
scheduled_ues:  [ 0  1  2  3  4  5  6  7  8  9 10 11 12 13 14]
(1, 15, 1, 4, 1, 1)
caused INR: -12.348177323935602
TpsAltruisticFromLsfGain + IndividualEstimated_INR + -12.5
None
ls_gain_coeffs:
[-145.13086239 -143.08761423 -141.59536378 -131.91820318 -148.20390918
 -127.16988715 -136.02141481 -148.8080912  -134.76728417 -133.84898939
 -147.85415246 -142.36640575 -152.42346368 -139.99021917 -150.57404278]
inrs_hat:  [-34.14116234 -32.09791419 -30.60566374 -20.92850314 -37.21420914
 -16.1801871  -25.03171477 -37.81839116 -23.77758413 -22.85928935
 -36.86445241 -31.37670571 -41.43376364 -29.00051913 -39.58434273]
scheduled_ues:  [ 0  1  2  3  4  5  6  7  8  9 10 11 12 13 14]
(1, 15, 1, 4, 1, 1)
caused INR: -12.348177323935602
TpsAltruisticFromLsfGain + IndividualEstimated_INR + -15.0
None
ls_gain_coeffs:
[-145.13086239 -143.08761423 -141.59536378 -131.91820318 -148.20390918
 -127.16988715 -136.02141481 -148.8080912  -134.76728417 -133.84898939
 -147.85415246 -142.36640575 -152.42346368 -139.99021917 -150.57404278]
inrs_hat:  [-34.14116234 -32.09791419 -30.60566374 -20.92850314 -37.21420914
 -16.1801871  -25.03171477 -37.81839116 -23.77758413 -22.85928935
 -36.86445241 -31.37670571 -41.43376364 -29.00051913 -39.58434273]
scheduled_ues:  [ 0  1  2  3  4  5  6  7  8  9 10 11 12 13 14]
(1, 15, 1, 4, 1, 1)
caused INR: -12.348177323935602
TpsAltruisticFromLsfGain + CumulativeIndividualEstimated_INR + -10.0
None
(1, 15, 1, 4, 1, 1)
caused INR: -12.348177323935602
TpsAltruisticFromLsfGain + CumulativeIndividualEstimated_INR + -12.5
None
(1, 15, 1, 4, 1, 1)
caused INR: -12.348177323935602
TpsAltruisticFromLsfGain + CumulativeIndividualEstimated_INR + -15.0
None
(1, 15, 1, 4, 1, 1)
caused INR: -19.29151468329286
TpsRandomic + IndividualEstimated_INR + -10.0
None
ls_gain_coeffs:
[-128.33299855 -127.72220516 -134.43136951 -115.08932024 -134.22659447
 -114.67792888 -123.86894814 -148.8080912  -127.28696882 -124.67984483
 -147.85415246 -129.50799298 -135.75636706 -123.34462909 -137.8597876 ]
inrs_hat:  [-17.34329851 -16.73250511 -23.44166947  -4.09962019 -23.23689443
  -3.68822883 -12.87924809 -37.81839116 -16.29726877 -13.69014479
 -36.86445241 -18.51829294 -24.76666701 -12.35492904 -26.87008756]
scheduled_ues:  [ 0  1  2  4  6  7  8  9 10 11 12 13 14]
(1, 15, 1, 4, 1, 1)
caused INR: -7.417405589016832
TpsRandomic + IndividualEstimated_INR + -12.5
None
ls_gain_coeffs:
[-145.13086239 -129.1841097  -134.43136951 -131.91820318 -132.10474754
 -127.01881234 -126.2351169  -148.8080912  -121.10352372 -116.72998911
 -135.90451659 -129.50799298 -135.75636706 -139.99021917 -150.16506001]
inrs_hat:  [-34.14116234 -18.19440965 -23.44166947 -20.92850314 -21.1150475
 -16.02911229 -15.24541686 -37.81839116 -10.11382368  -5.74028907
 -24.91481654 -18.51829294 -24.76666701 -29.00051913 -39.17535997]
scheduled_ues:  [ 0  1  2  3  4  5  6  7 10 11 12 13 14]
(1, 15, 1, 4, 1, 1)
caused INR: -7.5387170282200024
TpsRandomic + IndividualEstimated_INR + -15.0
None
ls_gain_coeffs:
[-128.33299855 -143.08761423 -141.59536378 -115.08932024 -142.42450061
 -127.01881234 -136.02141481 -148.8080912  -117.97444627 -121.22173339
 -138.87774355 -141.7411866  -140.3771605  -139.99021917 -137.99611519]
inrs_hat:  [-17.34329851 -32.09791419 -30.60566374  -4.09962019 -31.43480057
 -16.02911229 -25.03171477 -37.81839116  -6.98474622 -10.23203335
 -27.88804351 -30.75148656 -29.38746045 -29.00051913 -27.00641514]
scheduled_ues:  [ 0  1  2  4  5  6  7 10 11 12 13 14]
(1, 15, 1, 4, 1, 1)
caused INR: -23.47687772686687
TpsRandomic + CumulativeIndividualEstimated_INR + -10.0
None
(1, 15, 1, 4, 1, 1)
caused INR: -19.07460516320185
TpsRandomic + CumulativeIndividualEstimated_INR + -12.5
None
(1, 15, 1, 4, 1, 1)
caused INR: -23.8225390261394
TpsRandomic + CumulativeIndividualEstimated_INR + -15.0
None
(1, 15, 1, 4, 1, 1)
caused INR: -19.901135719840312
Iteration number 82
TpsAltruisticFromLsfGain + IndividualEstimated_INR + -10.0
None
ls_gain_coeffs:
[-142.39442142 -128.82092926 -134.00108266 -136.32936766 -131.65360267
 -130.70838991 -125.40989153 -130.94972951 -132.17186272 -149.19074076
 -139.75817433 -136.58250714 -139.11928357 -132.95488512 -130.13386162]
inrs_hat:  [-31.40472137 -17.83122922 -23.01138262 -25.33966762 -20.66390262
 -19.71868987 -14.42019149 -19.96002946 -21.18216268 -38.20104072
 -28.76847429 -25.5928071  -28.12958353 -21.96518508 -19.14416157]
scheduled_ues:  [ 0  1  2  3  4  5  6  7  8  9 10 11 12 13 14]
(1, 15, 1, 4, 1, 1)
caused INR: -12.57166978135542
TpsAltruisticFromLsfGain + IndividualEstimated_INR + -12.5
None
ls_gain_coeffs:
[-142.39442142 -128.82092926 -134.00108266 -136.32936766 -131.65360267
 -130.70838991 -125.40989153 -130.94972951 -132.17186272 -149.19074076
 -139.75817433 -136.58250714 -139.11928357 -132.95488512 -130.13386162]
inrs_hat:  [-31.40472137 -17.83122922 -23.01138262 -25.33966762 -20.66390262
 -19.71868987 -14.42019149 -19.96002946 -21.18216268 -38.20104072
 -28.76847429 -25.5928071  -28.12958353 -21.96518508 -19.14416157]
scheduled_ues:  [ 0  1  2  3  4  5  6  7  8  9 10 11 12 13 14]
(1, 15, 1, 4, 1, 1)
caused INR: -12.57166978135542
TpsAltruisticFromLsfGain + IndividualEstimated_INR + -15.0
None
ls_gain_coeffs:
[-142.39442142 -128.82092926 -134.00108266 -136.32936766 -131.65360267
 -130.70838991 -125.40989153 -130.94972951 -132.17186272 -149.19074076
 -139.75817433 -136.58250714 -139.11928357 -132.95488512 -130.13386162]
inrs_hat:  [-31.40472137 -17.83122922 -23.01138262 -25.33966762 -20.66390262
 -19.71868987 -14.42019149 -19.96002946 -21.18216268 -38.20104072
 -28.76847429 -25.5928071  -28.12958353 -21.96518508 -19.14416157]
scheduled_ues:  [ 0  1  2  3  4  5  7  8  9 10 11 12 13 14]
(1, 15, 1, 4, 1, 1)
caused INR: -16.688014077644468
TpsAltruisticFromLsfGain + CumulativeIndividualEstimated_INR + -10.0
None
(1, 15, 1, 4, 1, 1)
caused INR: -16.688014077644468
TpsAltruisticFromLsfGain + CumulativeIndividualEstimated_INR + -12.5
None
(1, 15, 1, 4, 1, 1)
caused INR: -21.103816019799897
TpsAltruisticFromLsfGain + CumulativeIndividualEstimated_INR + -15.0
None
(1, 15, 1, 4, 1, 1)
caused INR: -13.54867170642867
TpsRandomic + IndividualEstimated_INR + -10.0
None
ls_gain_coeffs:
[-125.42952926 -128.82092926 -134.00108266 -119.82990232 -131.65360267
 -114.14384835 -111.01407679 -130.94972951 -118.21509212 -149.19074076
 -125.69414792 -127.67443837 -131.36299846 -118.82610154 -113.54769722]
inrs_hat:  [-1.44398292e+01 -1.78312292e+01 -2.30113826e+01 -8.84020228e+00
 -2.06639026e+01 -3.15414831e+00 -2.43767466e-02 -1.99600295e+01
 -7.22539208e+00 -3.82010407e+01 -1.47044479e+01 -1.66847383e+01
 -2.03732984e+01 -7.83640149e+00 -2.55799717e+00]
scheduled_ues:  [ 0  1  2  4  7  9 10 11 12]
(1, 15, 1, 4, 1, 1)
caused INR: -6.8449838424384595
TpsRandomic + IndividualEstimated_INR + -12.5
None
ls_gain_coeffs:
[-142.39442142 -115.97806955 -134.00108266 -119.82990232 -117.26051233
 -130.70838991 -125.40989153 -130.94972951 -115.0483921  -149.19074076
 -123.70550243 -119.50248599 -139.11928357 -117.13891795 -113.54769722]
inrs_hat:  [-31.40472137  -4.9883695  -23.01138262  -8.84020228  -6.27081229
 -19.71868987 -14.42019149 -19.96002946  -4.05869205 -38.20104072
 -12.71580239  -8.51278594 -28.12958353  -6.14921791  -2.55799717]
scheduled_ues:  [ 0  2  5  6  7  9 10 12]
(1, 15, 1, 4, 1, 1)
caused INR: -7.084701172631943
TpsRandomic + IndividualEstimated_INR + -15.0
None
ls_gain_coeffs:
[-142.39442142 -127.61715011 -124.08699172 -119.82990232 -118.2362575
 -114.14384835 -111.01407679 -130.94972951 -124.32329207 -144.47392086
 -139.75817433 -127.67443837 -122.4762777  -117.13891795 -130.13386162]
inrs_hat:  [-3.14047214e+01 -1.66274501e+01 -1.30972917e+01 -8.84020228e+00
 -7.24655746e+00 -3.15414831e+00 -2.43767466e-02 -1.99600295e+01
 -1.33335920e+01 -3.34842208e+01 -2.87684743e+01 -1.66847383e+01
 -1.14865777e+01 -6.14921791e+00 -1.91441616e+01]
scheduled_ues:  [ 0  1  7  9 10 11 14]
(1, 15, 1, 4, 1, 1)
caused INR: -13.073492893470785
TpsRandomic + CumulativeIndividualEstimated_INR + -10.0
None
(1, 15, 1, 4, 1, 1)
caused INR: -10.790405579167004
TpsRandomic + CumulativeIndividualEstimated_INR + -12.5
None
(1, 15, 1, 4, 1, 1)
caused INR: -16.553810099033694
TpsRandomic + CumulativeIndividualEstimated_INR + -15.0
None
(1, 15, 1, 4, 1, 1)
caused INR: -19.679069939725956
Iteration number 83
TpsAltruisticFromLsfGain + IndividualEstimated_INR + -10.0
None
ls_gain_coeffs:
[-140.35379907 -150.57152387 -126.234785   -146.09782585 -126.2150767
 -147.07738566 -140.99348735 -146.22454676 -142.27418876 -122.35305489
 -130.65688247 -137.69316873 -138.6554657  -147.39519911 -148.71577134]
inrs_hat:  [-29.36409903 -39.58182383 -15.24508496 -35.10812581 -15.22537666
 -36.08768561 -30.00378731 -35.23484671 -31.28448872 -11.36335484
 -19.66718242 -26.70346869 -27.66576566 -36.40549907 -37.72607129]
scheduled_ues:  [ 0  1  2  3  4  5  6  7  8  9 10 11 12 13 14]
(1, 15, 1, 4, 1, 1)
caused INR: -5.673886202661704
TpsAltruisticFromLsfGain + IndividualEstimated_INR + -12.5
None
ls_gain_coeffs:
[-140.35379907 -150.57152387 -126.234785   -146.09782585 -126.2150767
 -147.07738566 -140.99348735 -146.22454676 -142.27418876 -122.35305489
 -130.65688247 -137.69316873 -138.6554657  -147.39519911 -148.71577134]
inrs_hat:  [-29.36409903 -39.58182383 -15.24508496 -35.10812581 -15.22537666
 -36.08768561 -30.00378731 -35.23484671 -31.28448872 -11.36335484
 -19.66718242 -26.70346869 -27.66576566 -36.40549907 -37.72607129]
scheduled_ues:  [ 0  1  2  3  4  5  6  7  8 10 11 12 13 14]
(1, 15, 1, 4, 1, 1)
caused INR: -17.59409376392662
TpsAltruisticFromLsfGain + IndividualEstimated_INR + -15.0
None
ls_gain_coeffs:
[-140.35379907 -150.57152387 -126.234785   -146.09782585 -126.2150767
 -147.07738566 -140.99348735 -146.22454676 -142.27418876 -122.35305489
 -130.65688247 -137.69316873 -138.6554657  -147.39519911 -148.71577134]
inrs_hat:  [-29.36409903 -39.58182383 -15.24508496 -35.10812581 -15.22537666
 -36.08768561 -30.00378731 -35.23484671 -31.28448872 -11.36335484
 -19.66718242 -26.70346869 -27.66576566 -36.40549907 -37.72607129]
scheduled_ues:  [ 0  1  2  3  4  5  6  7  8 10 11 12 13 14]
(1, 15, 1, 4, 1, 1)
caused INR: -17.59409376392662
TpsAltruisticFromLsfGain + CumulativeIndividualEstimated_INR + -10.0
None
(1, 15, 1, 4, 1, 1)
caused INR: -17.59409376392662
TpsAltruisticFromLsfGain + CumulativeIndividualEstimated_INR + -12.5
None
(1, 15, 1, 4, 1, 1)
caused INR: -13.408736618517285
TpsAltruisticFromLsfGain + CumulativeIndividualEstimated_INR + -15.0
None
(1, 15, 1, 4, 1, 1)
caused INR: -18.934507353905968
TpsRandomic + IndividualEstimated_INR + -10.0
None
ls_gain_coeffs:
[-132.79502432 -134.49411786 -112.87405279 -132.3487339  -126.2150767
 -135.6994109  -123.87619396 -129.50973025 -125.45904298 -113.94857362
 -130.65688247 -129.06655171 -138.6554657  -138.18864598 -138.43701362]
inrs_hat:  [-21.80532428 -23.50441782  -1.88435274 -21.35903386 -15.22537666
 -24.70971086 -12.88649392 -18.52003021 -14.46934294  -2.95887358
 -19.66718242 -18.07685167 -27.66576566 -27.19894593 -27.44731358]
scheduled_ues:  [ 0  1  3  4  5  6  7  8 10 11 12 13 14]
(1, 15, 1, 4, 1, 1)
caused INR: -4.339075284762399
TpsRandomic + IndividualEstimated_INR + -12.5
None
ls_gain_coeffs:
[-140.35379907 -136.86016436 -126.234785   -146.09782585 -111.27176359
 -135.6994109  -140.99348735 -146.22454676 -129.55555043 -113.94857362
 -128.32384268 -125.49066819 -126.07072924 -135.66083024 -148.71577134]
inrs_hat:  [-29.36409903 -25.87046432 -15.24508496 -35.10812581  -0.28206355
 -24.70971086 -30.00378731 -35.23484671 -18.56585039  -2.95887358
 -17.33414264 -14.50096814 -15.08102919 -24.6711302  -37.72607129]
scheduled_ues:  [ 0  1  2  3  5  6  7  8 10 11 12 13 14]
(1, 15, 1, 4, 1, 1)
caused INR: -10.902809039707584
TpsRandomic + IndividualEstimated_INR + -15.0
None
ls_gain_coeffs:
[-127.47922619 -136.86016436 -109.40946274 -129.95616942 -108.39815326
 -135.6994109  -130.66361346 -146.22454676 -142.27418876 -122.35305489
 -117.43760254 -125.49066819 -126.07072924 -147.39519911 -148.71577134]
inrs_hat:  [-16.48952614 -25.87046432   1.58023731 -18.96646937   2.59154678
 -24.70971086 -19.67391341 -35.23484671 -31.28448872 -11.36335484
  -6.44790249 -14.50096814 -15.08102919 -36.40549907 -37.72607129]
scheduled_ues:  [ 0  1  3  5  6  7  8 12 13 14]
(1, 15, 1, 4, 1, 1)
caused INR: -21.053255308781477
TpsRandomic + CumulativeIndividualEstimated_INR + -10.0
None
(1, 15, 1, 4, 1, 1)
caused INR: -5.292120717023097
TpsRandomic + CumulativeIndividualEstimated_INR + -12.5
None
(1, 15, 1, 4, 1, 1)
caused INR: -9.28981080453212
TpsRandomic + CumulativeIndividualEstimated_INR + -15.0
None
(1, 15, 1, 4, 1, 1)
caused INR: -14.64435792868224
Iteration number 84
TpsAltruisticFromLsfGain + IndividualEstimated_INR + -10.0
None
ls_gain_coeffs:
[-139.37304488 -146.50882594 -136.69470913 -140.65743322 -148.38056189
 -139.05703614 -129.45639204 -127.99523005 -147.71127435 -146.780386
 -121.44915333 -126.19509428 -142.83934143 -145.36909384 -130.82283513]
inrs_hat:  [-28.38334484 -35.5191259  -25.70500909 -29.66773318 -37.39086185
 -28.06733609 -18.466692   -17.00553001 -36.72157431 -35.79068595
 -10.45945329 -15.20539424 -31.84964139 -34.37939379 -19.83313509]
scheduled_ues:  [ 0  1  2  3  4  5  6  7  8  9 10 11 12 13 14]
(1, 15, 1, 4, 1, 1)
caused INR: -8.190169293057112
TpsAltruisticFromLsfGain + IndividualEstimated_INR + -12.5
None
ls_gain_coeffs:
[-139.37304488 -146.50882594 -136.69470913 -140.65743322 -148.38056189
 -139.05703614 -129.45639204 -127.99523005 -147.71127435 -146.780386
 -121.44915333 -126.19509428 -142.83934143 -145.36909384 -130.82283513]
inrs_hat:  [-28.38334484 -35.5191259  -25.70500909 -29.66773318 -37.39086185
 -28.06733609 -18.466692   -17.00553001 -36.72157431 -35.79068595
 -10.45945329 -15.20539424 -31.84964139 -34.37939379 -19.83313509]
scheduled_ues:  [ 0  1  2  3  4  5  6  7  8  9 11 12 13 14]
(1, 15, 1, 4, 1, 1)
caused INR: -6.903184339474427
TpsAltruisticFromLsfGain + IndividualEstimated_INR + -15.0
None
ls_gain_coeffs:
[-139.37304488 -146.50882594 -136.69470913 -140.65743322 -148.38056189
 -139.05703614 -129.45639204 -127.99523005 -147.71127435 -146.780386
 -121.44915333 -126.19509428 -142.83934143 -145.36909384 -130.82283513]
inrs_hat:  [-28.38334484 -35.5191259  -25.70500909 -29.66773318 -37.39086185
 -28.06733609 -18.466692   -17.00553001 -36.72157431 -35.79068595
 -10.45945329 -15.20539424 -31.84964139 -34.37939379 -19.83313509]
scheduled_ues:  [ 0  1  2  3  4  5  6  7  8  9 11 12 13 14]
(1, 15, 1, 4, 1, 1)
caused INR: -6.903184339474427
TpsAltruisticFromLsfGain + CumulativeIndividualEstimated_INR + -10.0
None
(1, 15, 1, 4, 1, 1)
caused INR: -6.903184339474427
TpsAltruisticFromLsfGain + CumulativeIndividualEstimated_INR + -12.5
None
(1, 15, 1, 4, 1, 1)
caused INR: -6.756530735276823
TpsAltruisticFromLsfGain + CumulativeIndividualEstimated_INR + -15.0
None
(1, 15, 1, 4, 1, 1)
caused INR: -10.772601610330428
TpsRandomic + IndividualEstimated_INR + -10.0
None
ls_gain_coeffs:
[-139.37304488 -136.25954937 -136.69470913 -140.65743322 -134.6142224
 -129.88781119 -120.66483503 -114.87963655 -134.83732927 -130.32446227
 -109.013532   -126.06159912 -142.83934143 -133.60292137 -128.02710558]
inrs_hat:  [-28.38334484 -25.26984933 -25.70500909 -29.66773318 -23.62452236
 -18.89811114  -9.67513498  -3.8899365  -23.84762923 -19.33476223
   1.97616804 -15.07189908 -31.84964139 -22.61322132 -17.03740554]
scheduled_ues:  [ 0  1  2  3  4  5  8  9 11 12 13 14]
(1, 15, 1, 4, 1, 1)
caused INR: -8.917380322293562
TpsRandomic + IndividualEstimated_INR + -12.5
None
ls_gain_coeffs:
[-139.37304488 -135.52159865 -136.69470913 -140.65743322 -134.6142224
 -139.05703614 -112.63079471 -111.04062906 -131.22869622 -133.63174578
 -121.44915333 -126.06159912 -126.92082123 -128.39707698 -130.82283513]
inrs_hat:  [-28.38334484 -24.5318986  -25.70500909 -29.66773318 -23.62452236
 -28.06733609  -1.64109467  -0.05092902 -20.23899618 -22.64204574
 -10.45945329 -15.07189908 -15.93112119 -17.40737694 -19.83313509]
scheduled_ues:  [ 0  1  2  3  4  5  8  9 11 12 13 14]
(1, 15, 1, 4, 1, 1)
caused INR: -8.598573001469262
TpsRandomic + IndividualEstimated_INR + -15.0
None
ls_gain_coeffs:
[-124.02845968 -129.66977401 -120.54675926 -140.65743322 -132.1224543
 -139.05703614 -112.63079471 -127.99523005 -134.83732927 -139.45877876
 -111.68554447 -113.70899589 -137.62396113 -135.63283259 -128.02710558]
inrs_hat:  [-13.03875963 -18.68007397  -9.55705921 -29.66773318 -21.13275425
 -28.06733609  -1.64109467 -17.00553001 -23.84762923 -28.46907872
  -0.69584442  -2.71929585 -26.63426109 -24.64313255 -17.03740554]
scheduled_ues:  [ 1  3  4  5  7  8  9 12 13 14]
(1, 15, 1, 4, 1, 1)
caused INR: -8.39663721155868
TpsRandomic + CumulativeIndividualEstimated_INR + -10.0
None
(1, 15, 1, 4, 1, 1)
caused INR: -14.567760463240289
TpsRandomic + CumulativeIndividualEstimated_INR + -12.5
None
(1, 15, 1, 4, 1, 1)
caused INR: -14.247406586161004
TpsRandomic + CumulativeIndividualEstimated_INR + -15.0
None
(1, 15, 1, 4, 1, 1)
caused INR: -21.286075293816253
Iteration number 85
TpsAltruisticFromLsfGain + IndividualEstimated_INR + -10.0
None
ls_gain_coeffs:
[-124.86461896 -139.01036284 -149.63049248 -130.38171176 -133.19217081
 -142.11410472 -142.51613574 -141.91506421 -133.00971257 -140.62250294
 -130.3951989  -134.54377819 -126.11303779 -147.53525468 -132.96674675]
inrs_hat:  [-13.87491892 -28.02066279 -38.64079244 -19.39201172 -22.20247077
 -31.12440468 -31.5264357  -30.92536417 -22.02001253 -29.6328029
 -19.40549886 -23.55407815 -15.12333775 -36.54555463 -21.97704671]
scheduled_ues:  [ 0  1  2  3  4  5  6  7  8  9 10 11 12 13 14]
(1, 15, 1, 4, 1, 1)
caused INR: -6.717157072702377
TpsAltruisticFromLsfGain + IndividualEstimated_INR + -12.5
None
ls_gain_coeffs:
[-124.86461896 -139.01036284 -149.63049248 -130.38171176 -133.19217081
 -142.11410472 -142.51613574 -141.91506421 -133.00971257 -140.62250294
 -130.3951989  -134.54377819 -126.11303779 -147.53525468 -132.96674675]
inrs_hat:  [-13.87491892 -28.02066279 -38.64079244 -19.39201172 -22.20247077
 -31.12440468 -31.5264357  -30.92536417 -22.02001253 -29.6328029
 -19.40549886 -23.55407815 -15.12333775 -36.54555463 -21.97704671]
scheduled_ues:  [ 0  1  2  3  4  5  6  7  8  9 10 11 12 13 14]
(1, 15, 1, 4, 1, 1)
caused INR: -6.717157072702377
TpsAltruisticFromLsfGain + IndividualEstimated_INR + -15.0
None
ls_gain_coeffs:
[-124.86461896 -139.01036284 -149.63049248 -130.38171176 -133.19217081
 -142.11410472 -142.51613574 -141.91506421 -133.00971257 -140.62250294
 -130.3951989  -134.54377819 -126.11303779 -147.53525468 -132.96674675]
inrs_hat:  [-13.87491892 -28.02066279 -38.64079244 -19.39201172 -22.20247077
 -31.12440468 -31.5264357  -30.92536417 -22.02001253 -29.6328029
 -19.40549886 -23.55407815 -15.12333775 -36.54555463 -21.97704671]
scheduled_ues:  [ 1  2  3  4  5  6  7  8  9 10 11 12 13 14]
(1, 15, 1, 4, 1, 1)
caused INR: -7.989066757729133
TpsAltruisticFromLsfGain + CumulativeIndividualEstimated_INR + -10.0
None
(1, 15, 1, 4, 1, 1)
caused INR: -7.989066757729133
TpsAltruisticFromLsfGain + CumulativeIndividualEstimated_INR + -12.5
None
(1, 15, 1, 4, 1, 1)
caused INR: -15.864981043389378
TpsAltruisticFromLsfGain + CumulativeIndividualEstimated_INR + -15.0
None
(1, 15, 1, 4, 1, 1)
caused INR: -14.943695803947946
TpsRandomic + IndividualEstimated_INR + -10.0
None
ls_gain_coeffs:
[-109.43802901 -138.05673892 -139.16365474 -114.85361197 -122.41162075
 -133.32461792 -136.60789934 -125.66932306 -133.00971257 -123.87555158
 -117.6986413  -130.61538127 -126.11303779 -130.88352626 -132.96674675]
inrs_hat:  [  1.55167104 -27.06703888 -28.1739547   -3.86391193 -11.42192071
 -22.33491787 -25.6181993  -14.67962302 -22.02001253 -12.88585153
  -6.70894125 -19.62568123 -15.12333775 -19.89382622 -21.97704671]
scheduled_ues:  [ 1  2  4  5  6  7  8  9 11 12 13 14]
(1, 15, 1, 4, 1, 1)
caused INR: -9.426823781380701
TpsRandomic + IndividualEstimated_INR + -12.5
None
ls_gain_coeffs:
[-109.43802901 -139.01036284 -139.16365474 -125.75196207 -122.41162075
 -142.11410472 -136.60789934 -128.0936377  -131.16518932 -132.24949641
 -117.44368369 -130.61538127 -113.58730409 -135.40645075 -121.59223403]
inrs_hat:  [  1.55167104 -28.02066279 -28.1739547  -14.76226203 -11.42192071
 -31.12440468 -25.6181993  -17.10393766 -20.17548928 -21.25979637
  -6.45398365 -19.62568123  -2.59760404 -24.4167507  -10.60253399]
scheduled_ues:  [ 1  2  3  5  6  7  8  9 11 13]
(1, 15, 1, 4, 1, 1)
caused INR: -8.912385809113815
TpsRandomic + IndividualEstimated_INR + -15.0
None
ls_gain_coeffs:
[-109.43802901 -139.01036284 -132.96415065 -116.39686187 -116.33309577
 -125.34018618 -136.60789934 -128.0936377  -119.95327149 -132.24949641
 -117.44368369 -130.61538127 -117.21200931 -138.80220177 -116.15145868]
inrs_hat:  [  1.55167104 -28.02066279 -21.97445061  -5.40716182  -5.34339573
 -14.35048613 -25.6181993  -17.10393766  -8.96357145 -21.25979637
  -6.45398365 -19.62568123  -6.22230927 -27.81250173  -5.16175864]
scheduled_ues:  [ 1  2  6  7  9 11 13]
(1, 15, 1, 4, 1, 1)
caused INR: -15.409128304575631
TpsRandomic + CumulativeIndividualEstimated_INR + -10.0
None
(1, 15, 1, 4, 1, 1)
caused INR: -14.454883456039427
TpsRandomic + CumulativeIndividualEstimated_INR + -12.5
None
(1, 15, 1, 4, 1, 1)
caused INR: -17.287938103573545
TpsRandomic + CumulativeIndividualEstimated_INR + -15.0
None
(1, 15, 1, 4, 1, 1)
caused INR: -18.491733965757774
Iteration number 86
TpsAltruisticFromLsfGain + IndividualEstimated_INR + -10.0
None
ls_gain_coeffs:
[-147.29621737 -120.49812497 -149.19608619 -132.78380522 -121.40039648
 -121.57996247 -147.020945   -132.01503274 -135.04104868 -143.65315355
 -150.44569013 -140.72098111 -141.12854148 -141.65822603 -125.4057054 ]
inrs_hat:  [-36.30651733  -9.50842493 -38.20638614 -21.79410518 -10.41069644
 -10.59026243 -36.03124496 -21.02533269 -24.05134863 -32.6634535
 -39.45599008 -29.73128107 -30.13884144 -30.66852599 -14.41600536]
scheduled_ues:  [ 0  2  3  4  5  6  7  8  9 10 11 12 13 14]
(1, 15, 1, 4, 1, 1)
caused INR: -7.432762043058448
TpsAltruisticFromLsfGain + IndividualEstimated_INR + -12.5
None
ls_gain_coeffs:
[-147.29621737 -120.49812497 -149.19608619 -132.78380522 -121.40039648
 -121.57996247 -147.020945   -132.01503274 -135.04104868 -143.65315355
 -150.44569013 -140.72098111 -141.12854148 -141.65822603 -125.4057054 ]
inrs_hat:  [-36.30651733  -9.50842493 -38.20638614 -21.79410518 -10.41069644
 -10.59026243 -36.03124496 -21.02533269 -24.05134863 -32.6634535
 -39.45599008 -29.73128107 -30.13884144 -30.66852599 -14.41600536]
scheduled_ues:  [ 0  2  3  6  7  8  9 10 11 12 13 14]
(1, 15, 1, 4, 1, 1)
caused INR: -14.11303960661699
TpsAltruisticFromLsfGain + IndividualEstimated_INR + -15.0
None
ls_gain_coeffs:
[-147.29621737 -120.49812497 -149.19608619 -132.78380522 -121.40039648
 -121.57996247 -147.020945   -132.01503274 -135.04104868 -143.65315355
 -150.44569013 -140.72098111 -141.12854148 -141.65822603 -125.4057054 ]
inrs_hat:  [-36.30651733  -9.50842493 -38.20638614 -21.79410518 -10.41069644
 -10.59026243 -36.03124496 -21.02533269 -24.05134863 -32.6634535
 -39.45599008 -29.73128107 -30.13884144 -30.66852599 -14.41600536]
scheduled_ues:  [ 0  2  3  6  7  8  9 10 11 12 13]
(1, 15, 1, 4, 1, 1)
caused INR: -16.4967446976735
TpsAltruisticFromLsfGain + CumulativeIndividualEstimated_INR + -10.0
None
(1, 15, 1, 4, 1, 1)
caused INR: -14.11303960661699
TpsAltruisticFromLsfGain + CumulativeIndividualEstimated_INR + -12.5
None
(1, 15, 1, 4, 1, 1)
caused INR: -16.4967446976735
TpsAltruisticFromLsfGain + CumulativeIndividualEstimated_INR + -15.0
None
(1, 15, 1, 4, 1, 1)
caused INR: -16.4967446976735
TpsRandomic + IndividualEstimated_INR + -10.0
None
ls_gain_coeffs:
[-137.99440709 -108.32708368 -135.25410447 -129.88448417 -101.79577204
 -101.99675873 -136.26137662 -117.93682092 -131.54286222 -126.79576657
 -147.36268457 -124.66003873 -124.35014316 -129.16340735 -122.23112216]
inrs_hat:  [-27.00470705   2.66261637 -24.26440443 -18.89478413   9.193928
   8.99294131 -25.27167657  -6.94712088 -20.55316217 -15.80606653
 -36.37298453 -13.67033868 -13.36044312 -18.17370731 -11.24142212]
scheduled_ues:  [ 0  2  3  6  8  9 10 11 12 13 14]
(1, 15, 1, 4, 1, 1)
caused INR: -2.7515550891438982
TpsRandomic + IndividualEstimated_INR + -12.5
None
ls_gain_coeffs:
[-130.59736695 -109.2837084  -144.69494105 -129.88448417 -101.79577204
 -110.75361263 -147.020945   -129.56011501 -121.43338652 -134.3476638
 -147.36268457 -134.74846897 -128.78570655 -129.11018866 -125.4057054 ]
inrs_hat:  [-19.6076669    1.70599164 -33.70524101 -18.89478413   9.193928
   0.23608742 -36.03124496 -18.57041497 -10.44368648 -23.35796375
 -36.37298453 -23.75876893 -17.79600651 -18.12048862 -14.41600536]
scheduled_ues:  [ 0  2  3  6  7  9 10 11 12 13 14]
(1, 15, 1, 4, 1, 1)
caused INR: -18.979005657176778
TpsRandomic + IndividualEstimated_INR + -15.0
None
ls_gain_coeffs:
[-137.99440709 -102.58459604 -133.75372276 -118.40932452 -105.37728426
 -110.75361263 -147.020945   -129.56011501 -135.04104868 -143.65315355
 -136.97642161 -124.66003873 -141.12854148 -129.11018866 -111.90591099]
inrs_hat:  [-27.00470705   8.405104   -22.76402272  -7.41962448   5.61241578
   0.23608742 -36.03124496 -18.57041497 -24.05134863 -32.6634535
 -25.98672156 -13.67033868 -30.13884144 -18.12048862  -0.91621094]
scheduled_ues:  [ 0  2  6  7  8  9 10 12 13]
(1, 15, 1, 4, 1, 1)
caused INR: -12.209147591649147
TpsRandomic + CumulativeIndividualEstimated_INR + -10.0
None
(1, 15, 1, 4, 1, 1)
caused INR: -18.190929218954977
TpsRandomic + CumulativeIndividualEstimated_INR + -12.5
None
(1, 15, 1, 4, 1, 1)
caused INR: -15.569881573319371
TpsRandomic + CumulativeIndividualEstimated_INR + -15.0
None
(1, 15, 1, 4, 1, 1)
caused INR: -10.954377702462015
Iteration number 87
TpsAltruisticFromLsfGain + IndividualEstimated_INR + -10.0
None
ls_gain_coeffs:
[-125.0157235  -145.19143654 -143.84720271 -142.13830445 -140.31187117
 -131.52694611 -137.06809986 -141.71119919 -142.89765959 -151.32653673
 -144.55856098 -151.33286415 -148.47152642 -139.27159985 -148.63616689]
inrs_hat:  [-14.02602345 -34.20173649 -32.85750267 -31.14860441 -29.32217113
 -20.53724607 -26.07839982 -30.72149915 -31.90795955 -40.33683669
 -33.56886094 -40.34316411 -37.48182638 -28.28189981 -37.64646685]
scheduled_ues:  [ 0  1  2  3  4  5  6  7  8  9 10 11 12 13 14]
(1, 15, 1, 4, 1, 1)
caused INR: -10.69195307660868
TpsAltruisticFromLsfGain + IndividualEstimated_INR + -12.5
None
ls_gain_coeffs:
[-125.0157235  -145.19143654 -143.84720271 -142.13830445 -140.31187117
 -131.52694611 -137.06809986 -141.71119919 -142.89765959 -151.32653673
 -144.55856098 -151.33286415 -148.47152642 -139.27159985 -148.63616689]
inrs_hat:  [-14.02602345 -34.20173649 -32.85750267 -31.14860441 -29.32217113
 -20.53724607 -26.07839982 -30.72149915 -31.90795955 -40.33683669
 -33.56886094 -40.34316411 -37.48182638 -28.28189981 -37.64646685]
scheduled_ues:  [ 0  1  2  3  4  5  6  7  8  9 10 11 12 13 14]
(1, 15, 1, 4, 1, 1)
caused INR: -10.69195307660868
TpsAltruisticFromLsfGain + IndividualEstimated_INR + -15.0
None
ls_gain_coeffs:
[-125.0157235  -145.19143654 -143.84720271 -142.13830445 -140.31187117
 -131.52694611 -137.06809986 -141.71119919 -142.89765959 -151.32653673
 -144.55856098 -151.33286415 -148.47152642 -139.27159985 -148.63616689]
inrs_hat:  [-14.02602345 -34.20173649 -32.85750267 -31.14860441 -29.32217113
 -20.53724607 -26.07839982 -30.72149915 -31.90795955 -40.33683669
 -33.56886094 -40.34316411 -37.48182638 -28.28189981 -37.64646685]
scheduled_ues:  [ 1  2  3  4  5  6  7  8  9 10 11 12 13 14]
(1, 15, 1, 4, 1, 1)
caused INR: -17.035284659307596
TpsAltruisticFromLsfGain + CumulativeIndividualEstimated_INR + -10.0
None
(1, 15, 1, 4, 1, 1)
caused INR: -10.69195307660868
TpsAltruisticFromLsfGain + CumulativeIndividualEstimated_INR + -12.5
None
(1, 15, 1, 4, 1, 1)
caused INR: -17.035284659307596
TpsAltruisticFromLsfGain + CumulativeIndividualEstimated_INR + -15.0
None
(1, 15, 1, 4, 1, 1)
caused INR: -17.035284659307596
TpsRandomic + IndividualEstimated_INR + -10.0
None
ls_gain_coeffs:
[-125.0157235  -145.19143654 -127.27103906 -131.52751351 -123.60072623
 -114.30403642 -123.78547789 -138.22358398 -142.89765959 -134.58715626
 -128.41768205 -137.53819689 -148.47152642 -122.21876916 -134.80111355]
inrs_hat:  [-14.02602345 -34.20173649 -16.28133902 -20.53781347 -12.61102619
  -3.31433638 -12.79577784 -27.23388394 -31.90795955 -23.59745622
 -17.427982   -26.54849684 -37.48182638 -11.22906912 -23.8114135 ]
scheduled_ues:  [ 0  1  2  3  4  6  7  8  9 10 11 12 13 14]
(1, 15, 1, 4, 1, 1)
caused INR: -17.717194769992638
TpsRandomic + IndividualEstimated_INR + -12.5
None
ls_gain_coeffs:
[-107.94407479 -130.43987413 -130.69289561 -131.52751351 -123.60072623
 -124.00758206 -135.8065669  -141.71119919 -134.35423929 -139.5124114
 -130.33840386 -145.33607169 -132.9051604  -139.27159985 -148.63616689]
inrs_hat:  [  3.04562525 -19.45017409 -19.70319557 -20.53781347 -12.61102619
 -13.01788202 -24.81686686 -30.72149915 -23.36453924 -28.52271136
 -19.34870382 -34.34637165 -21.91546036 -28.28189981 -37.64646685]
scheduled_ues:  [ 1  2  3  4  5  6  7  8  9 10 11 12 13 14]
(1, 15, 1, 4, 1, 1)
caused INR: -6.677427189628848
TpsRandomic + IndividualEstimated_INR + -15.0
None
ls_gain_coeffs:
[-125.0157235  -141.72649293 -143.84720271 -131.52751351 -140.31187117
 -117.04209078 -123.78547789 -126.94452239 -142.89765959 -151.32653673
 -138.93856023 -135.21633429 -134.46754341 -122.21876916 -135.49784022]
inrs_hat:  [-14.02602345 -30.73679289 -32.85750267 -20.53781347 -29.32217113
  -6.05239074 -12.79577784 -15.95482234 -31.90795955 -40.33683669
 -27.94886019 -24.22663425 -23.47784337 -11.22906912 -24.50814018]
scheduled_ues:  [ 1  2  3  4  7  8  9 10 11 12 14]
(1, 15, 1, 4, 1, 1)
caused INR: -21.158601135775594
TpsRandomic + CumulativeIndividualEstimated_INR + -10.0
None
(1, 15, 1, 4, 1, 1)
caused INR: -11.038444709218084
TpsRandomic + CumulativeIndividualEstimated_INR + -12.5
None
(1, 15, 1, 4, 1, 1)
caused INR: -17.23077546765463
TpsRandomic + CumulativeIndividualEstimated_INR + -15.0
None
(1, 15, 1, 4, 1, 1)
caused INR: -21.198158830794615
Iteration number 88
TpsAltruisticFromLsfGain + IndividualEstimated_INR + -10.0
None
ls_gain_coeffs:
[-147.88902271 -136.01546046 -146.07417975 -137.67648102 -150.20905574
 -144.50023457 -124.47007203 -131.53252244 -132.40893911 -147.04847963
 -124.42033959 -142.93933591 -142.40599292 -138.99537703 -123.65106862]
inrs_hat:  [-36.89932267 -25.02576042 -35.08447971 -26.68678098 -39.21935569
 -33.51053452 -13.48037199 -20.54282239 -21.41923907 -36.05877959
 -13.43063954 -31.94963587 -31.41629288 -28.00567699 -12.66136858]
scheduled_ues:  [ 0  1  2  3  4  5  6  7  8  9 10 11 12 13 14]
(1, 15, 1, 4, 1, 1)
caused INR: -10.44734458255678
TpsAltruisticFromLsfGain + IndividualEstimated_INR + -12.5
None
ls_gain_coeffs:
[-147.88902271 -136.01546046 -146.07417975 -137.67648102 -150.20905574
 -144.50023457 -124.47007203 -131.53252244 -132.40893911 -147.04847963
 -124.42033959 -142.93933591 -142.40599292 -138.99537703 -123.65106862]
inrs_hat:  [-36.89932267 -25.02576042 -35.08447971 -26.68678098 -39.21935569
 -33.51053452 -13.48037199 -20.54282239 -21.41923907 -36.05877959
 -13.43063954 -31.94963587 -31.41629288 -28.00567699 -12.66136858]
scheduled_ues:  [ 0  1  2  3  4  5  6  7  8  9 10 11 12 13 14]
(1, 15, 1, 4, 1, 1)
caused INR: -10.44734458255678
TpsAltruisticFromLsfGain + IndividualEstimated_INR + -15.0
None
ls_gain_coeffs:
[-147.88902271 -136.01546046 -146.07417975 -137.67648102 -150.20905574
 -144.50023457 -124.47007203 -131.53252244 -132.40893911 -147.04847963
 -124.42033959 -142.93933591 -142.40599292 -138.99537703 -123.65106862]
inrs_hat:  [-36.89932267 -25.02576042 -35.08447971 -26.68678098 -39.21935569
 -33.51053452 -13.48037199 -20.54282239 -21.41923907 -36.05877959
 -13.43063954 -31.94963587 -31.41629288 -28.00567699 -12.66136858]
scheduled_ues:  [ 0  1  2  3  4  5  7  8  9 11 12 13]
(1, 15, 1, 4, 1, 1)
caused INR: -21.24051961151774
TpsAltruisticFromLsfGain + CumulativeIndividualEstimated_INR + -10.0
None
(1, 15, 1, 4, 1, 1)
caused INR: -23.62533525330083
TpsAltruisticFromLsfGain + CumulativeIndividualEstimated_INR + -12.5
None
(1, 15, 1, 4, 1, 1)
caused INR: -21.24051961151774
TpsAltruisticFromLsfGain + CumulativeIndividualEstimated_INR + -15.0
None
(1, 15, 1, 4, 1, 1)
caused INR: -21.24051961151774
TpsRandomic + IndividualEstimated_INR + -10.0
None
ls_gain_coeffs:
[-141.14454218 -126.62055743 -131.90460181 -122.43405553 -150.20905574
 -144.50023457 -124.47007203 -121.87737864 -125.76151284 -134.74292047
 -107.51864142 -138.82790157 -129.20112263 -125.5893057  -122.13568039]
inrs_hat:  [-30.15484214 -15.63085738 -20.91490177 -11.44435549 -39.21935569
 -33.51053452 -13.48037199 -10.8876786  -14.77181279 -23.75322043
   3.47105862 -27.83820152 -18.21142259 -14.59960565 -11.14598035]
scheduled_ues:  [ 0  1  2  3  4  5  6  7  8  9 11 12 13 14]
(1, 15, 1, 4, 1, 1)
caused INR: -3.8555407088759877
TpsRandomic + IndividualEstimated_INR + -12.5
None
ls_gain_coeffs:
[-141.14454218 -126.62055743 -140.73031631 -137.67648102 -150.20905574
 -131.65376913 -108.91480921 -114.66824171 -125.76151284 -138.26995327
 -115.7530025  -142.93933591 -142.40599292 -138.99537703 -110.70433921]
inrs_hat:  [-30.15484214 -15.63085738 -29.74061627 -26.68678098 -39.21935569
 -20.66406908   2.07489083  -3.67854167 -14.77181279 -27.28025323
  -4.76330246 -31.94963587 -31.41629288 -28.00567699   0.28536083]
scheduled_ues:  [ 0  1  2  3  4  5  8  9 11 12 13]
(1, 15, 1, 4, 1, 1)
caused INR: -15.111553168684981
TpsRandomic + IndividualEstimated_INR + -15.0
None
ls_gain_coeffs:
[-141.14454218 -123.53375442 -146.07417975 -133.47524279 -138.44288335
 -131.65376913 -108.91480921 -131.53252244 -118.82982928 -138.26995327
 -124.42033959 -142.93933591 -128.43785234 -138.99537703 -110.70433921]
inrs_hat:  [-30.15484214 -12.54405438 -35.08447971 -22.48554275 -27.4531833
 -20.66406908   2.07489083 -20.54282239  -7.84012924 -27.28025323
 -13.43063954 -31.94963587 -17.4481523  -28.00567699   0.28536083]
scheduled_ues:  [ 0  2  3  4  5  7  9 11 12 13]
(1, 15, 1, 4, 1, 1)
caused INR: -19.38608793258495
TpsRandomic + CumulativeIndividualEstimated_INR + -10.0
None
(1, 15, 1, 4, 1, 1)
caused INR: -11.738822975546032
TpsRandomic + CumulativeIndividualEstimated_INR + -12.5
None
(1, 15, 1, 4, 1, 1)
caused INR: -17.323255791193063
TpsRandomic + CumulativeIndividualEstimated_INR + -15.0
None
(1, 15, 1, 4, 1, 1)
caused INR: -21.71059116944525
Iteration number 89
TpsAltruisticFromLsfGain + IndividualEstimated_INR + -10.0
None
ls_gain_coeffs:
[-150.27171799 -136.77263098 -144.79169301 -126.40231946 -151.58467733
 -136.73653123 -132.5853916  -142.97311335 -143.11614324 -140.98477933
 -136.1335841  -144.71437815 -140.16138882 -137.30159393 -135.01506839]
inrs_hat:  [-39.28201795 -25.78293093 -33.80199297 -15.41261942 -40.59497729
 -25.74683119 -21.59569155 -31.98341331 -32.1264432  -29.99507929
 -25.14388406 -33.72467811 -29.17168878 -26.31189388 -24.02536834]
scheduled_ues:  [ 0  1  2  3  4  5  6  7  8  9 10 11 12 13 14]
(1, 15, 1, 4, 1, 1)
caused INR: -9.07916329196167
TpsAltruisticFromLsfGain + IndividualEstimated_INR + -12.5
None
ls_gain_coeffs:
[-150.27171799 -136.77263098 -144.79169301 -126.40231946 -151.58467733
 -136.73653123 -132.5853916  -142.97311335 -143.11614324 -140.98477933
 -136.1335841  -144.71437815 -140.16138882 -137.30159393 -135.01506839]
inrs_hat:  [-39.28201795 -25.78293093 -33.80199297 -15.41261942 -40.59497729
 -25.74683119 -21.59569155 -31.98341331 -32.1264432  -29.99507929
 -25.14388406 -33.72467811 -29.17168878 -26.31189388 -24.02536834]
scheduled_ues:  [ 0  1  2  3  4  5  6  7  8  9 10 11 12 13 14]
(1, 15, 1, 4, 1, 1)
caused INR: -9.07916329196167
TpsAltruisticFromLsfGain + IndividualEstimated_INR + -15.0
None
ls_gain_coeffs:
[-150.27171799 -136.77263098 -144.79169301 -126.40231946 -151.58467733
 -136.73653123 -132.5853916  -142.97311335 -143.11614324 -140.98477933
 -136.1335841  -144.71437815 -140.16138882 -137.30159393 -135.01506839]
inrs_hat:  [-39.28201795 -25.78293093 -33.80199297 -15.41261942 -40.59497729
 -25.74683119 -21.59569155 -31.98341331 -32.1264432  -29.99507929
 -25.14388406 -33.72467811 -29.17168878 -26.31189388 -24.02536834]
scheduled_ues:  [ 0  1  2  3  4  5  6  7  8  9 10 11 12 13 14]
(1, 15, 1, 4, 1, 1)
caused INR: -9.07916329196167
TpsAltruisticFromLsfGain + CumulativeIndividualEstimated_INR + -10.0
None
(1, 15, 1, 4, 1, 1)
caused INR: -9.07916329196167
TpsAltruisticFromLsfGain + CumulativeIndividualEstimated_INR + -12.5
None
(1, 15, 1, 4, 1, 1)
caused INR: -9.07916329196167
TpsAltruisticFromLsfGain + CumulativeIndividualEstimated_INR + -15.0
None
(1, 15, 1, 4, 1, 1)
caused INR: -13.404949904597016
TpsRandomic + IndividualEstimated_INR + -10.0
None
ls_gain_coeffs:
[-150.27171799 -119.73358379 -128.41735391 -109.88891857 -151.58467733
 -123.92594112 -120.84551749 -142.97311335 -143.11614324 -140.98477933
 -122.00576886 -128.22711824 -126.09853387 -127.7102614  -122.26470335]
inrs_hat:  [-39.28201795  -8.74388374 -17.42765387   1.10078147 -40.59497729
 -12.93624107  -9.85581744 -31.98341331 -32.1264432  -29.99507929
 -11.01606882 -17.2374182  -15.10883383 -16.72056136 -11.27500331]
scheduled_ues:  [ 0  2  4  5  7  8  9 10 11 12 13 14]
(1, 15, 1, 4, 1, 1)
caused INR: -9.370687657560559
TpsRandomic + IndividualEstimated_INR + -12.5
None
ls_gain_coeffs:
[-143.89480282 -123.91659073 -144.79169301 -109.88891857 -151.58467733
 -123.556951   -121.77033609 -136.49436792 -126.67553484 -140.98477933
 -122.84887648 -137.82211379 -140.16138882 -137.30159393 -118.25547413]
inrs_hat:  [-32.90510277 -12.92689069 -33.80199297   1.10078147 -40.59497729
 -12.56725096 -10.78063605 -25.50466788 -15.6858348  -29.99507929
 -11.85917644 -26.83241374 -29.17168878 -26.31189388  -7.26577408]
scheduled_ues:  [ 0  1  2  4  5  7  8  9 11 12 13]
(1, 15, 1, 4, 1, 1)
caused INR: -12.805768907974928
TpsRandomic + IndividualEstimated_INR + -15.0
None
ls_gain_coeffs:
[-134.09193534 -119.73358379 -128.41735391 -119.73570428 -145.72164657
 -123.92594112 -120.84551749 -142.97311335 -129.72398759 -125.97187986
 -122.84887648 -144.71437815 -140.16138882 -137.30159393 -118.25547413]
inrs_hat:  [-23.1022353   -8.74388374 -17.42765387  -8.74600423 -34.73194653
 -12.93624107  -9.85581744 -31.98341331 -18.73428755 -14.98217982
 -11.85917644 -33.72467811 -29.17168878 -26.31189388  -7.26577408]
scheduled_ues:  [ 0  2  4  7  8 11 12 13]
(1, 15, 1, 4, 1, 1)
caused INR: -12.642536685393026
TpsRandomic + CumulativeIndividualEstimated_INR + -10.0
None
(1, 15, 1, 4, 1, 1)
caused INR: -12.717221161969318
TpsRandomic + CumulativeIndividualEstimated_INR + -12.5
None
(1, 15, 1, 4, 1, 1)
caused INR: -10.150294239562879
TpsRandomic + CumulativeIndividualEstimated_INR + -15.0
None
(1, 15, 1, 4, 1, 1)
caused INR: -13.544840057855911
Iteration number 90
TpsAltruisticFromLsfGain + IndividualEstimated_INR + -10.0
None
ls_gain_coeffs:
[-130.0724618  -147.00831141 -141.80993238 -114.3043134  -132.15436687
 -136.5173458  -133.38434683 -140.71618698 -136.78309161 -135.54273451
 -131.86891329 -142.97665066 -144.34413883 -143.8031309  -143.69154583]
inrs_hat:  [-19.08276175 -36.01861137 -30.82023233  -3.31461335 -21.16466682
 -25.52764575 -22.39464679 -29.72648693 -25.79339157 -24.55303446
 -20.87921325 -31.98695062 -33.35443879 -32.81343086 -32.70184579]
scheduled_ues:  [ 0  1  2  4  5  6  7  8  9 10 11 12 13 14]
(1, 15, 1, 4, 1, 1)
caused INR: -10.456899635764657
TpsAltruisticFromLsfGain + IndividualEstimated_INR + -12.5
None
ls_gain_coeffs:
[-130.0724618  -147.00831141 -141.80993238 -114.3043134  -132.15436687
 -136.5173458  -133.38434683 -140.71618698 -136.78309161 -135.54273451
 -131.86891329 -142.97665066 -144.34413883 -143.8031309  -143.69154583]
inrs_hat:  [-19.08276175 -36.01861137 -30.82023233  -3.31461335 -21.16466682
 -25.52764575 -22.39464679 -29.72648693 -25.79339157 -24.55303446
 -20.87921325 -31.98695062 -33.35443879 -32.81343086 -32.70184579]
scheduled_ues:  [ 0  1  2  4  5  6  7  8  9 10 11 12 13 14]
(1, 15, 1, 4, 1, 1)
caused INR: -10.456899635764657
TpsAltruisticFromLsfGain + IndividualEstimated_INR + -15.0
None
ls_gain_coeffs:
[-130.0724618  -147.00831141 -141.80993238 -114.3043134  -132.15436687
 -136.5173458  -133.38434683 -140.71618698 -136.78309161 -135.54273451
 -131.86891329 -142.97665066 -144.34413883 -143.8031309  -143.69154583]
inrs_hat:  [-19.08276175 -36.01861137 -30.82023233  -3.31461335 -21.16466682
 -25.52764575 -22.39464679 -29.72648693 -25.79339157 -24.55303446
 -20.87921325 -31.98695062 -33.35443879 -32.81343086 -32.70184579]
scheduled_ues:  [ 0  1  2  4  5  6  7  8  9 10 11 12 13 14]
(1, 15, 1, 4, 1, 1)
caused INR: -10.456899635764657
TpsAltruisticFromLsfGain + CumulativeIndividualEstimated_INR + -10.0
None
(1, 15, 1, 4, 1, 1)
caused INR: -10.456899635764657
TpsAltruisticFromLsfGain + CumulativeIndividualEstimated_INR + -12.5
None
(1, 15, 1, 4, 1, 1)
caused INR: -10.456899635764657
TpsAltruisticFromLsfGain + CumulativeIndividualEstimated_INR + -15.0
None
(1, 15, 1, 4, 1, 1)
caused INR: -16.32983995146047
TpsRandomic + IndividualEstimated_INR + -10.0
None
ls_gain_coeffs:
[-119.23768278 -133.50346126 -141.80993238 -114.3043134  -132.15436687
 -125.00737358 -117.12697897 -123.96012905 -128.30518628 -135.54273451
 -120.34803347 -142.97665066 -144.34413883 -135.47074777 -131.2396247 ]
inrs_hat:  [ -8.24798273 -22.51376122 -30.82023233  -3.31461335 -21.16466682
 -14.01767353  -6.13727893 -12.97042901 -17.31548624 -24.55303446
  -9.35833342 -31.98695062 -33.35443879 -24.48104772 -20.24992466]
scheduled_ues:  [ 1  2  4  5  7  8  9 11 12 13 14]
(1, 15, 1, 4, 1, 1)
caused INR: -8.601049968175817
TpsRandomic + IndividualEstimated_INR + -12.5
None
ls_gain_coeffs:
[-117.38487387 -140.5041762  -138.08271037 -112.41842601 -131.89202253
 -119.24071097 -117.12697897 -140.71618698 -128.30518628 -135.54273451
 -120.87932591 -135.3055497  -144.34413883 -131.16937736 -131.2396247 ]
inrs_hat:  [ -6.39517383 -29.51447616 -27.09301033  -1.42872597 -20.90232248
  -8.25101092  -6.13727893 -29.72648693 -17.31548624 -24.55303446
  -9.88962587 -24.31584966 -33.35443879 -20.17967731 -20.24992466]
scheduled_ues:  [ 1  2  4  7  8  9 11 12 13 14]
(1, 15, 1, 4, 1, 1)
caused INR: -14.169128211484987
TpsRandomic + IndividualEstimated_INR + -15.0
None
ls_gain_coeffs:
[-117.38487387 -140.5041762  -141.80993238 -101.23408427 -131.89202253
 -119.24071097 -119.61333584 -127.5055894  -136.78309161 -125.70986749
 -120.34803347 -135.3055497  -139.27513122 -143.8031309  -131.22930358]
inrs_hat:  [ -6.39517383 -29.51447616 -30.82023233   9.75561577 -20.90232248
  -8.25101092  -8.62363579 -16.51588936 -25.79339157 -14.72016745
  -9.35833342 -24.31584966 -28.28543118 -32.81343086 -20.23960353]
scheduled_ues:  [ 1  2  4  7  8 11 12 13 14]
(1, 15, 1, 4, 1, 1)
caused INR: -11.510110421274701
TpsRandomic + CumulativeIndividualEstimated_INR + -10.0
None
(1, 15, 1, 4, 1, 1)
caused INR: -19.393562123698995
TpsRandomic + CumulativeIndividualEstimated_INR + -12.5
None
(1, 15, 1, 4, 1, 1)
caused INR: -12.008863417726495
TpsRandomic + CumulativeIndividualEstimated_INR + -15.0
None
(1, 15, 1, 4, 1, 1)
caused INR: -9.5631002332598
Iteration number 91
TpsAltruisticFromLsfGain + IndividualEstimated_INR + -10.0
None
ls_gain_coeffs:
[-146.86435349 -138.6777884  -143.7710285  -127.61280266 -135.70444334
 -131.32953897 -137.64279209 -141.55321871 -139.49226447 -124.86540816
 -119.77768856 -134.28134757 -138.76820348 -130.82209465 -142.41627063]
inrs_hat:  [-35.87465345 -27.68808835 -32.78132846 -16.62310262 -24.7147433
 -20.33983892 -26.65309205 -30.56351867 -28.50256443 -13.87570811
  -8.78798851 -23.29164752 -27.77850344 -19.8323946  -31.42657059]
scheduled_ues:  [ 0  1  2  3  4  5  6  7  8  9 11 12 13 14]
(1, 15, 1, 4, 1, 1)
caused INR: -8.509824196652517
TpsAltruisticFromLsfGain + IndividualEstimated_INR + -12.5
None
ls_gain_coeffs:
[-146.86435349 -138.6777884  -143.7710285  -127.61280266 -135.70444334
 -131.32953897 -137.64279209 -141.55321871 -139.49226447 -124.86540816
 -119.77768856 -134.28134757 -138.76820348 -130.82209465 -142.41627063]
inrs_hat:  [-35.87465345 -27.68808835 -32.78132846 -16.62310262 -24.7147433
 -20.33983892 -26.65309205 -30.56351867 -28.50256443 -13.87570811
  -8.78798851 -23.29164752 -27.77850344 -19.8323946  -31.42657059]
scheduled_ues:  [ 0  1  2  3  4  5  6  7  8  9 11 12 13 14]
(1, 15, 1, 4, 1, 1)
caused INR: -8.509824196652517
TpsAltruisticFromLsfGain + IndividualEstimated_INR + -15.0
None
ls_gain_coeffs:
[-146.86435349 -138.6777884  -143.7710285  -127.61280266 -135.70444334
 -131.32953897 -137.64279209 -141.55321871 -139.49226447 -124.86540816
 -119.77768856 -134.28134757 -138.76820348 -130.82209465 -142.41627063]
inrs_hat:  [-35.87465345 -27.68808835 -32.78132846 -16.62310262 -24.7147433
 -20.33983892 -26.65309205 -30.56351867 -28.50256443 -13.87570811
  -8.78798851 -23.29164752 -27.77850344 -19.8323946  -31.42657059]
scheduled_ues:  [ 0  1  2  3  4  5  6  7  8 11 12 13 14]
(1, 15, 1, 4, 1, 1)
caused INR: -12.393344938401146
TpsAltruisticFromLsfGain + CumulativeIndividualEstimated_INR + -10.0
None
(1, 15, 1, 4, 1, 1)
caused INR: -8.509824196652517
TpsAltruisticFromLsfGain + CumulativeIndividualEstimated_INR + -12.5
None
(1, 15, 1, 4, 1, 1)
caused INR: -18.230041840891943
TpsAltruisticFromLsfGain + CumulativeIndividualEstimated_INR + -15.0
None
(1, 15, 1, 4, 1, 1)
caused INR: -13.836944806656064
TpsRandomic + IndividualEstimated_INR + -10.0
None
ls_gain_coeffs:
[-141.16884518 -125.8493868  -130.33097711 -113.40189192 -135.70444334
 -131.32953897 -136.53228499 -131.98857259 -122.86648233 -111.1343903
 -114.88346825 -118.29473846 -127.97324637 -117.92647131 -125.89361657]
inrs_hat:  [-30.17914514 -14.85968676 -19.34127707  -2.41219188 -24.7147433
 -20.33983892 -25.54258495 -20.99887254 -11.87678228  -0.14469026
  -3.8937682   -7.30503842 -16.98354633  -6.93677127 -14.90391652]
scheduled_ues:  [ 0  1  2  4  5  6  7  8 12 14]
(1, 15, 1, 4, 1, 1)
caused INR: -16.10766629965426
TpsRandomic + IndividualEstimated_INR + -12.5
None
ls_gain_coeffs:
[-132.75354138 -125.8493868  -140.77567433 -127.61280266 -118.55212771
 -131.32953897 -124.46085402 -124.61097362 -122.86648233 -122.93128137
 -119.77768856 -120.06724301 -121.95580477 -122.87224487 -125.89361657]
inrs_hat:  [-21.76384134 -14.85968676 -29.78597429 -16.62310262  -7.56242767
 -20.33983892 -13.47115398 -13.62127358 -11.87678228 -11.94158133
  -8.78798851  -9.07754297 -10.96610472 -11.88254483 -14.90391652]
scheduled_ues:  [ 0  1  2  3  5  6  7 14]
(1, 15, 1, 4, 1, 1)
caused INR: -4.975899372496649
TpsRandomic + IndividualEstimated_INR + -15.0
None
ls_gain_coeffs:
[-130.74039328 -125.8493868  -130.33097711 -113.40189192 -125.80048755
 -117.66558993 -124.83102306 -129.67497466 -126.0637188  -122.93128137
 -119.77768856 -120.06724301 -128.37996316 -122.87224487 -142.41627063]
inrs_hat:  [-19.75069324 -14.85968676 -19.34127707  -2.41219188 -14.8107875
  -6.67588989 -13.84132301 -18.68527462 -15.07401876 -11.94158133
  -8.78798851  -9.07754297 -17.39026312 -11.88254483 -31.42657059]
scheduled_ues:  [ 0  2  7  8 12 14]
(1, 15, 1, 4, 1, 1)
caused INR: -15.23873380733418
TpsRandomic + CumulativeIndividualEstimated_INR + -10.0
None
(1, 15, 1, 4, 1, 1)
caused INR: -24.519018958241112
TpsRandomic + CumulativeIndividualEstimated_INR + -12.5
None
(1, 15, 1, 4, 1, 1)
caused INR: -12.00401909851928
TpsRandomic + CumulativeIndividualEstimated_INR + -15.0
None
(1, 15, 1, 4, 1, 1)
caused INR: -19.522223592837655
Iteration number 92
TpsAltruisticFromLsfGain + IndividualEstimated_INR + -10.0
None
ls_gain_coeffs:
[-133.39468888 -148.24002635 -136.07281446 -116.68730562 -137.46880675
 -148.36461218 -131.735866   -143.4381714  -120.96584625 -124.46477364
 -118.6034538  -138.24541309 -146.32080817 -137.46493739 -132.61493724]
inrs_hat:  [-22.40498884 -37.2503263  -25.08311441  -5.69760558 -26.47910671
 -37.37491214 -20.74616596 -32.44847136  -9.9761462  -13.47507359
  -7.61375376 -27.25571304 -35.33110812 -26.47523735 -21.6252372 ]
scheduled_ues:  [ 0  1  2  4  5  6  7  9 11 12 13 14]
(1, 15, 1, 4, 1, 1)
caused INR: -10.2321936962674
TpsAltruisticFromLsfGain + IndividualEstimated_INR + -12.5
None
ls_gain_coeffs:
[-133.39468888 -148.24002635 -136.07281446 -116.68730562 -137.46880675
 -148.36461218 -131.735866   -143.4381714  -120.96584625 -124.46477364
 -118.6034538  -138.24541309 -146.32080817 -137.46493739 -132.61493724]
inrs_hat:  [-22.40498884 -37.2503263  -25.08311441  -5.69760558 -26.47910671
 -37.37491214 -20.74616596 -32.44847136  -9.9761462  -13.47507359
  -7.61375376 -27.25571304 -35.33110812 -26.47523735 -21.6252372 ]
scheduled_ues:  [ 0  1  2  4  5  6  7  9 11 12 13 14]
(1, 15, 1, 4, 1, 1)
caused INR: -10.2321936962674
TpsAltruisticFromLsfGain + IndividualEstimated_INR + -15.0
None
ls_gain_coeffs:
[-133.39468888 -148.24002635 -136.07281446 -116.68730562 -137.46880675
 -148.36461218 -131.735866   -143.4381714  -120.96584625 -124.46477364
 -118.6034538  -138.24541309 -146.32080817 -137.46493739 -132.61493724]
inrs_hat:  [-22.40498884 -37.2503263  -25.08311441  -5.69760558 -26.47910671
 -37.37491214 -20.74616596 -32.44847136  -9.9761462  -13.47507359
  -7.61375376 -27.25571304 -35.33110812 -26.47523735 -21.6252372 ]
scheduled_ues:  [ 0  1  2  4  5  6  7 11 12 13 14]
(1, 15, 1, 4, 1, 1)
caused INR: -10.137816346514487
TpsAltruisticFromLsfGain + CumulativeIndividualEstimated_INR + -10.0
None
(1, 15, 1, 4, 1, 1)
caused INR: -10.2321936962674
TpsAltruisticFromLsfGain + CumulativeIndividualEstimated_INR + -12.5
None
(1, 15, 1, 4, 1, 1)
caused INR: -10.137816346514487
TpsAltruisticFromLsfGain + CumulativeIndividualEstimated_INR + -15.0
None
(1, 15, 1, 4, 1, 1)
caused INR: -11.628461540057891
TpsRandomic + IndividualEstimated_INR + -10.0
None
ls_gain_coeffs:
[-119.97212082 -142.94656463 -128.78268699 -115.8387812  -120.83533798
 -136.77134818 -124.45598544 -143.4381714  -120.96584625 -109.86109419
 -118.6034538  -125.05991214 -132.84261584 -137.46493739 -122.10157632]
inrs_hat:  [ -8.98242078 -31.95686458 -17.79298695  -4.84908116  -9.84563794
 -25.78164813 -13.4662854  -32.44847136  -9.9761462    1.12860586
  -7.61375376 -14.0702121  -21.8529158  -26.47523735 -11.11187628]
scheduled_ues:  [ 1  2  5  6  7 11 12 13 14]
(1, 15, 1, 4, 1, 1)
caused INR: -10.603968564367323
TpsRandomic + IndividualEstimated_INR + -12.5
None
ls_gain_coeffs:
[-116.99905477 -142.94656463 -128.78268699 -103.96286415 -125.79183715
 -136.77134818 -118.41287735 -133.34036701 -119.33050877 -124.46477364
 -118.6034538  -125.05991214 -129.95581659 -129.08437455 -120.67842796]
inrs_hat:  [ -6.00935473 -31.95686458 -17.79298695   7.0268359  -14.80213711
 -25.78164813  -7.42317731 -22.35066696  -8.34080873 -13.47507359
  -7.61375376 -14.0702121  -18.96611655 -18.09467451  -9.68872791]
scheduled_ues:  [ 1  2  4  5  7  9 11 12 13]
(1, 15, 1, 4, 1, 1)
caused INR: -6.243975141088866
TpsRandomic + IndividualEstimated_INR + -15.0
None
ls_gain_coeffs:
[-133.39468888 -132.26945187 -136.07281446 -116.68730562 -137.46880675
 -131.55287832 -124.45598544 -132.65015612 -120.96584625 -124.46477364
 -118.6034538  -138.24541309 -139.51061734 -124.65788152 -132.61493724]
inrs_hat:  [-22.40498884 -21.27975182 -25.08311441  -5.69760558 -26.47910671
 -20.56317827 -13.4662854  -21.66045608  -9.9761462  -13.47507359
  -7.61375376 -27.25571304 -28.52091729 -13.66818148 -21.6252372 ]
scheduled_ues:  [ 0  1  2  4  5  7 11 12 14]
(1, 15, 1, 4, 1, 1)
caused INR: -9.016065383063827
TpsRandomic + CumulativeIndividualEstimated_INR + -10.0
None
(1, 15, 1, 4, 1, 1)
caused INR: -16.497040966976954
TpsRandomic + CumulativeIndividualEstimated_INR + -12.5
None
(1, 15, 1, 4, 1, 1)
caused INR: -13.682674261448646
TpsRandomic + CumulativeIndividualEstimated_INR + -15.0
None
(1, 15, 1, 4, 1, 1)
caused INR: -15.490098481020528
Iteration number 93
TpsAltruisticFromLsfGain + IndividualEstimated_INR + -10.0
None
ls_gain_coeffs:
[-130.05195802 -130.97110993 -144.38976373 -137.02851071 -138.93654869
 -150.76299083 -137.43826597 -142.87607914 -138.85868129 -138.40999933
 -139.24810738 -118.20677969 -136.88154116 -147.00710973 -138.62955273]
inrs_hat:  [-19.06225797 -19.98140988 -33.40006369 -26.03881067 -27.94684865
 -39.77329078 -26.44856593 -31.88637909 -27.86898125 -27.42029929
 -28.25840734  -7.21707964 -25.89184111 -36.01740969 -27.63985268]
scheduled_ues:  [ 0  1  2  3  4  5  6  7  8  9 10 12 13 14]
(1, 15, 1, 4, 1, 1)
caused INR: -19.24867101513278
TpsAltruisticFromLsfGain + IndividualEstimated_INR + -12.5
None
ls_gain_coeffs:
[-130.05195802 -130.97110993 -144.38976373 -137.02851071 -138.93654869
 -150.76299083 -137.43826597 -142.87607914 -138.85868129 -138.40999933
 -139.24810738 -118.20677969 -136.88154116 -147.00710973 -138.62955273]
inrs_hat:  [-19.06225797 -19.98140988 -33.40006369 -26.03881067 -27.94684865
 -39.77329078 -26.44856593 -31.88637909 -27.86898125 -27.42029929
 -28.25840734  -7.21707964 -25.89184111 -36.01740969 -27.63985268]
scheduled_ues:  [ 0  1  2  3  4  5  6  7  8  9 10 12 13 14]
(1, 15, 1, 4, 1, 1)
caused INR: -19.24867101513278
TpsAltruisticFromLsfGain + IndividualEstimated_INR + -15.0
None
ls_gain_coeffs:
[-130.05195802 -130.97110993 -144.38976373 -137.02851071 -138.93654869
 -150.76299083 -137.43826597 -142.87607914 -138.85868129 -138.40999933
 -139.24810738 -118.20677969 -136.88154116 -147.00710973 -138.62955273]
inrs_hat:  [-19.06225797 -19.98140988 -33.40006369 -26.03881067 -27.94684865
 -39.77329078 -26.44856593 -31.88637909 -27.86898125 -27.42029929
 -28.25840734  -7.21707964 -25.89184111 -36.01740969 -27.63985268]
scheduled_ues:  [ 0  1  2  3  4  5  6  7  8  9 10 12 13 14]
(1, 15, 1, 4, 1, 1)
caused INR: -19.24867101513278
TpsAltruisticFromLsfGain + CumulativeIndividualEstimated_INR + -10.0
None
(1, 15, 1, 4, 1, 1)
caused INR: -19.24867101513278
TpsAltruisticFromLsfGain + CumulativeIndividualEstimated_INR + -12.5
None
(1, 15, 1, 4, 1, 1)
caused INR: -19.24867101513278
TpsAltruisticFromLsfGain + CumulativeIndividualEstimated_INR + -15.0
None
(1, 15, 1, 4, 1, 1)
caused INR: -27.359557385736043
TpsRandomic + IndividualEstimated_INR + -10.0
None
ls_gain_coeffs:
[-117.35929834 -130.97110993 -130.74067015 -130.25728508 -138.93654869
 -148.01114342 -133.74284633 -126.53928318 -138.85868129 -138.40999933
 -122.49234275 -113.00217562 -119.76808526 -147.00163281 -138.62955273]
inrs_hat:  [ -6.3695983  -19.98140988 -19.7509701  -19.26758504 -27.94684865
 -37.02144338 -22.75314629 -15.54958313 -27.86898125 -27.42029929
 -11.50264271  -2.01247558  -8.77838521 -36.01193277 -27.63985268]
scheduled_ues:  [ 1  2  3  4  5  6  7  8  9 10 13 14]
(1, 15, 1, 4, 1, 1)
caused INR: -12.21314790133875
TpsRandomic + IndividualEstimated_INR + -12.5
None
ls_gain_coeffs:
[-130.05195802 -117.68504222 -140.76728298 -123.62194175 -121.78117291
 -136.48682589 -123.76485942 -126.53928318 -130.71409771 -127.92982801
 -122.49234275 -118.20677969 -119.76808526 -147.00710973 -138.62955273]
inrs_hat:  [-19.06225797  -6.69534217 -29.77758293 -12.63224171 -10.79147287
 -25.49712585 -12.77515938 -15.54958313 -19.72439766 -16.94012797
 -11.50264271  -7.21707964  -8.77838521 -36.01740969 -27.63985268]
scheduled_ues:  [ 0  2  3  5  6  7  8  9 13 14]
(1, 15, 1, 4, 1, 1)
caused INR: -12.2253874279869
TpsRandomic + IndividualEstimated_INR + -15.0
None
ls_gain_coeffs:
[-117.48482818 -117.68504222 -130.74067015 -123.62194175 -127.0354776
 -150.76299083 -123.76485942 -126.53928318 -122.07044222 -127.85928758
 -125.54471    -118.20677969 -126.02475505 -147.00710973 -138.62955273]
inrs_hat:  [ -6.49512813  -6.69534217 -19.7509701  -12.63224171 -16.04577756
 -39.77329078 -12.77515938 -15.54958313 -11.08074218 -16.86958754
 -14.55500996  -7.21707964 -15.03505501 -36.01740969 -27.63985268]
scheduled_ues:  [ 2  4  5  7  9 12 13 14]
(1, 15, 1, 4, 1, 1)
caused INR: -10.087150285461812
TpsRandomic + CumulativeIndividualEstimated_INR + -10.0
None
(1, 15, 1, 4, 1, 1)
caused INR: -11.247760443549454
TpsRandomic + CumulativeIndividualEstimated_INR + -12.5
None
(1, 15, 1, 4, 1, 1)
caused INR: -17.170837270766373
TpsRandomic + CumulativeIndividualEstimated_INR + -15.0
None
(1, 15, 1, 4, 1, 1)
caused INR: -16.702687279190755
Iteration number 94
TpsAltruisticFromLsfGain + IndividualEstimated_INR + -10.0
None
ls_gain_coeffs:
[-133.62489829 -132.43513406 -133.22343567 -151.06948318 -125.27202155
 -133.77111085 -123.46255328 -134.21079993 -144.15663104 -135.21525362
 -121.20753727 -122.51117457 -140.32232056 -140.90234129 -128.05972881]
inrs_hat:  [-22.63519825 -21.44543402 -22.23373562 -40.07978314 -14.2823215
 -22.7814108  -12.47285324 -23.22109988 -33.166931   -24.22555357
 -10.21783723 -11.52147452 -29.33262051 -29.91264124 -17.07002877]
scheduled_ues:  [ 0  1  2  3  4  5  6  7  8  9 10 11 12 13 14]
(1, 15, 1, 4, 1, 1)
caused INR: -7.324821631960601
TpsAltruisticFromLsfGain + IndividualEstimated_INR + -12.5
None
ls_gain_coeffs:
[-133.62489829 -132.43513406 -133.22343567 -151.06948318 -125.27202155
 -133.77111085 -123.46255328 -134.21079993 -144.15663104 -135.21525362
 -121.20753727 -122.51117457 -140.32232056 -140.90234129 -128.05972881]
inrs_hat:  [-22.63519825 -21.44543402 -22.23373562 -40.07978314 -14.2823215
 -22.7814108  -12.47285324 -23.22109988 -33.166931   -24.22555357
 -10.21783723 -11.52147452 -29.33262051 -29.91264124 -17.07002877]
scheduled_ues:  [ 0  1  2  3  4  5  7  8  9 12 13 14]
(1, 15, 1, 4, 1, 1)
caused INR: -16.142913419607698
TpsAltruisticFromLsfGain + IndividualEstimated_INR + -15.0
None
ls_gain_coeffs:
[-133.62489829 -132.43513406 -133.22343567 -151.06948318 -125.27202155
 -133.77111085 -123.46255328 -134.21079993 -144.15663104 -135.21525362
 -121.20753727 -122.51117457 -140.32232056 -140.90234129 -128.05972881]
inrs_hat:  [-22.63519825 -21.44543402 -22.23373562 -40.07978314 -14.2823215
 -22.7814108  -12.47285324 -23.22109988 -33.166931   -24.22555357
 -10.21783723 -11.52147452 -29.33262051 -29.91264124 -17.07002877]
scheduled_ues:  [ 0  1  2  3  5  7  8  9 12 13 14]
(1, 15, 1, 4, 1, 1)
caused INR: -16.25210159834968
TpsAltruisticFromLsfGain + CumulativeIndividualEstimated_INR + -10.0
None
(1, 15, 1, 4, 1, 1)
caused INR: -16.142913419607698
TpsAltruisticFromLsfGain + CumulativeIndividualEstimated_INR + -12.5
None
(1, 15, 1, 4, 1, 1)
caused INR: -16.25210159834968
TpsAltruisticFromLsfGain + CumulativeIndividualEstimated_INR + -15.0
None
(1, 15, 1, 4, 1, 1)
caused INR: -15.090014907236633
TpsRandomic + IndividualEstimated_INR + -10.0
None
ls_gain_coeffs:
[-127.36826881 -119.94597306 -133.22343567 -138.99015051 -112.10971455
 -116.87078491 -106.6995959  -117.62910352 -139.41937852 -123.14237824
 -106.25450493 -108.44165324 -140.32232056 -125.0545291  -128.05972881]
inrs_hat:  [-16.37856877  -8.95627302 -22.23373562 -28.00045046  -1.12001451
  -5.88108487   4.29010414  -6.63940347 -28.42967847 -12.1526782
   4.73519511   2.5480468  -29.33262051 -14.06482906 -17.07002877]
scheduled_ues:  [ 0  2  3  8  9 12 13 14]
(1, 15, 1, 4, 1, 1)
caused INR: -12.05138443373177
TpsRandomic + IndividualEstimated_INR + -12.5
None
ls_gain_coeffs:
[-133.62489829 -119.94597306 -116.90779952 -151.06948318 -125.27202155
 -120.08367797 -106.6995959  -117.62910352 -130.13594687 -118.21265984
 -106.25450493 -105.59807949 -139.37736015 -125.0545291  -111.77699524]
inrs_hat:  [-22.63519825  -8.95627302  -5.91809948 -40.07978314 -14.2823215
  -9.09397793   4.29010414  -6.63940347 -19.14624682  -7.22295979
   4.73519511   5.39162055 -28.3876601  -14.06482906  -0.78729519]
scheduled_ues:  [ 0  3  4  8 12 13]
(1, 15, 1, 4, 1, 1)
caused INR: -23.469073534798824
TpsRandomic + IndividualEstimated_INR + -15.0
None
ls_gain_coeffs:
[-127.36826881 -119.89841206 -119.31797979 -142.52150779 -123.10990056
 -126.09949185 -115.8853749  -117.62910352 -130.13594687 -118.21265984
 -121.20753727 -115.19610574 -139.37736015 -125.0545291  -128.05972881]
inrs_hat:  [-16.37856877  -8.90871201  -8.32827974 -31.53180774 -12.12020052
 -15.10979181  -4.89567486  -6.63940347 -19.14624682  -7.22295979
 -10.21783723  -4.2064057  -28.3876601  -14.06482906 -17.07002877]
scheduled_ues:  [ 0  3  5  8 12 14]
(1, 15, 1, 4, 1, 1)
caused INR: -7.198187417707503
TpsRandomic + CumulativeIndividualEstimated_INR + -10.0
None
(1, 15, 1, 4, 1, 1)
caused INR: -13.248207445417696
TpsRandomic + CumulativeIndividualEstimated_INR + -12.5
None
(1, 15, 1, 4, 1, 1)
caused INR: -13.786599264776346
TpsRandomic + CumulativeIndividualEstimated_INR + -15.0
None
(1, 15, 1, 4, 1, 1)
caused INR: -20.71608233825122
Iteration number 95
TpsAltruisticFromLsfGain + IndividualEstimated_INR + -10.0
None
ls_gain_coeffs:
[-149.8322292  -136.00240731 -140.11375998 -143.98655016 -132.21088524
 -145.0629935  -148.60898772 -117.56128841 -123.76154789 -141.24609787
 -140.09447944 -125.9771837  -140.95823166 -135.46362493 -147.13585124]
inrs_hat:  [-38.84252915 -25.01270727 -29.12405994 -32.99685011 -21.2211852
 -34.07329346 -37.61928767  -6.57158837 -12.77184784 -30.25639782
 -29.1047794  -14.98748366 -29.96853162 -24.47392488 -36.14615119]
scheduled_ues:  [ 0  1  2  3  4  5  6  8  9 10 11 12 13 14]
(1, 15, 1, 4, 1, 1)
caused INR: -6.743581705724058
TpsAltruisticFromLsfGain + IndividualEstimated_INR + -12.5
None
ls_gain_coeffs:
[-149.8322292  -136.00240731 -140.11375998 -143.98655016 -132.21088524
 -145.0629935  -148.60898772 -117.56128841 -123.76154789 -141.24609787
 -140.09447944 -125.9771837  -140.95823166 -135.46362493 -147.13585124]
inrs_hat:  [-38.84252915 -25.01270727 -29.12405994 -32.99685011 -21.2211852
 -34.07329346 -37.61928767  -6.57158837 -12.77184784 -30.25639782
 -29.1047794  -14.98748366 -29.96853162 -24.47392488 -36.14615119]
scheduled_ues:  [ 0  1  2  3  4  5  6  8  9 10 11 12 13 14]
(1, 15, 1, 4, 1, 1)
caused INR: -6.743581705724058
TpsAltruisticFromLsfGain + IndividualEstimated_INR + -15.0
None
ls_gain_coeffs:
[-149.8322292  -136.00240731 -140.11375998 -143.98655016 -132.21088524
 -145.0629935  -148.60898772 -117.56128841 -123.76154789 -141.24609787
 -140.09447944 -125.9771837  -140.95823166 -135.46362493 -147.13585124]
inrs_hat:  [-38.84252915 -25.01270727 -29.12405994 -32.99685011 -21.2211852
 -34.07329346 -37.61928767  -6.57158837 -12.77184784 -30.25639782
 -29.1047794  -14.98748366 -29.96853162 -24.47392488 -36.14615119]
scheduled_ues:  [ 0  1  2  3  4  5  6  9 10 12 13 14]
(1, 15, 1, 4, 1, 1)
caused INR: -19.563225244536497
TpsAltruisticFromLsfGain + CumulativeIndividualEstimated_INR + -10.0
None
(1, 15, 1, 4, 1, 1)
caused INR: -13.532991322628272
TpsAltruisticFromLsfGain + CumulativeIndividualEstimated_INR + -12.5
None
(1, 15, 1, 4, 1, 1)
caused INR: -13.532991322628272
TpsAltruisticFromLsfGain + CumulativeIndividualEstimated_INR + -15.0
None
(1, 15, 1, 4, 1, 1)
caused INR: -19.563225244536497
TpsRandomic + IndividualEstimated_INR + -10.0
None
ls_gain_coeffs:
[-133.17748835 -122.75306687 -140.11375998 -143.98655016 -119.57919696
 -145.0629935  -148.60898772 -104.03215865 -109.91063479 -141.24609787
 -135.49648516 -122.63022006 -140.95823166 -122.27880492 -132.94623074]
inrs_hat:  [-22.1877883  -11.76336683 -29.12405994 -32.99685011  -8.58949692
 -34.07329346 -37.61928767   6.9575414    1.07906525 -30.25639782
 -24.50678512 -11.64052002 -29.96853162 -11.28910488 -21.95653069]
scheduled_ues:  [ 0  1  2  3  5  6  9 10 11 12 13 14]
(1, 15, 1, 4, 1, 1)
caused INR: -3.1518350520231717
TpsRandomic + IndividualEstimated_INR + -12.5
None
ls_gain_coeffs:
[-140.3710636  -122.75306687 -134.84358076 -127.26297134 -132.21088524
 -136.90537137 -148.60898772 -102.94462888 -123.76154789 -141.24609787
 -126.12021468 -122.63022006 -131.35466908 -121.53558492 -132.94623074]
inrs_hat:  [-29.38136356 -11.76336683 -23.85388072 -16.2732713  -21.2211852
 -25.91567133 -37.61928767   8.04507116 -12.77184784 -30.25639782
 -15.13051464 -11.64052002 -20.36496904 -10.54588488 -21.95653069]
scheduled_ues:  [ 0  2  3  4  5  6  8  9 10 12 14]
(1, 15, 1, 4, 1, 1)
caused INR: -6.146560981871758
TpsRandomic + IndividualEstimated_INR + -15.0
None
ls_gain_coeffs:
[-133.17748835 -122.75306687 -134.84358076 -143.98655016 -131.6406204
 -145.0629935  -131.97318548 -117.56128841 -119.5336086  -124.25266477
 -140.09447944 -125.9771837  -123.89980568 -121.53558492 -147.13585124]
inrs_hat:  [-22.1877883  -11.76336683 -23.85388072 -32.99685011 -20.65092036
 -34.07329346 -20.98348543  -6.57158837  -8.54390856 -13.26296472
 -29.1047794  -14.98748366 -12.91010564 -10.54588488 -36.14615119]
scheduled_ues:  [ 0  2  3  4  5  6 10 14]
(1, 15, 1, 4, 1, 1)
caused INR: -15.63703020264315
TpsRandomic + CumulativeIndividualEstimated_INR + -10.0
None
(1, 15, 1, 4, 1, 1)
caused INR: -10.535767884630642
TpsRandomic + CumulativeIndividualEstimated_INR + -12.5
None
(1, 15, 1, 4, 1, 1)
caused INR: -7.6424086561498505
TpsRandomic + CumulativeIndividualEstimated_INR + -15.0
None
(1, 15, 1, 4, 1, 1)
caused INR: -12.245957016184972
Iteration number 96
TpsAltruisticFromLsfGain + IndividualEstimated_INR + -10.0
None
ls_gain_coeffs:
[-118.20674417 -124.94983489 -147.18654753 -108.08382063 -139.56711353
 -135.39639641 -154.04553484 -131.2444737  -135.72810742 -132.96688668
 -129.71109111 -144.93300101 -140.70718084 -148.71259185 -147.26913296]
inrs_hat:  [ -7.21704413 -13.96013485 -36.19684749   2.90587941 -28.57741349
 -24.40669637 -43.0558348  -20.25477365 -24.73840738 -21.97718664
 -18.72139106 -33.94330096 -29.7174808  -37.72289181 -36.27943292]
scheduled_ues:  [ 1  2  4  5  6  7  8  9 10 11 12 13 14]
(1, 15, 1, 4, 1, 1)
caused INR: -10.443422113739357
TpsAltruisticFromLsfGain + IndividualEstimated_INR + -12.5
None
ls_gain_coeffs:
[-118.20674417 -124.94983489 -147.18654753 -108.08382063 -139.56711353
 -135.39639641 -154.04553484 -131.2444737  -135.72810742 -132.96688668
 -129.71109111 -144.93300101 -140.70718084 -148.71259185 -147.26913296]
inrs_hat:  [ -7.21704413 -13.96013485 -36.19684749   2.90587941 -28.57741349
 -24.40669637 -43.0558348  -20.25477365 -24.73840738 -21.97718664
 -18.72139106 -33.94330096 -29.7174808  -37.72289181 -36.27943292]
scheduled_ues:  [ 1  2  4  5  6  7  8  9 10 11 12 13 14]
(1, 15, 1, 4, 1, 1)
caused INR: -10.443422113739357
TpsAltruisticFromLsfGain + IndividualEstimated_INR + -15.0
None
ls_gain_coeffs:
[-118.20674417 -124.94983489 -147.18654753 -108.08382063 -139.56711353
 -135.39639641 -154.04553484 -131.2444737  -135.72810742 -132.96688668
 -129.71109111 -144.93300101 -140.70718084 -148.71259185 -147.26913296]
inrs_hat:  [ -7.21704413 -13.96013485 -36.19684749   2.90587941 -28.57741349
 -24.40669637 -43.0558348  -20.25477365 -24.73840738 -21.97718664
 -18.72139106 -33.94330096 -29.7174808  -37.72289181 -36.27943292]
scheduled_ues:  [ 2  4  5  6  7  8  9 10 11 12 13 14]
(1, 15, 1, 4, 1, 1)
caused INR: -15.375167387228561
TpsAltruisticFromLsfGain + CumulativeIndividualEstimated_INR + -10.0
None
(1, 15, 1, 4, 1, 1)
caused INR: -10.443422113739357
TpsAltruisticFromLsfGain + CumulativeIndividualEstimated_INR + -12.5
None
(1, 15, 1, 4, 1, 1)
caused INR: -15.375167387228561
TpsAltruisticFromLsfGain + CumulativeIndividualEstimated_INR + -15.0
None
(1, 15, 1, 4, 1, 1)
caused INR: -22.14420020286792
TpsRandomic + IndividualEstimated_INR + -10.0
None
ls_gain_coeffs:
[-105.98793082 -124.94983489 -147.18654753 -103.53084214 -122.92933807
 -118.5039225  -137.5696371  -114.28519022 -135.72810742 -132.96688668
 -116.91920888 -128.02732468 -123.64865425 -148.71259185 -130.68776818]
inrs_hat:  [  5.00176922 -13.96013485 -36.19684749   7.45885791 -11.93963802
  -7.51422246 -26.57993706  -3.29549018 -24.73840738 -21.97718664
  -5.92950884 -17.03762464 -12.65895421 -37.72289181 -19.69806814]
scheduled_ues:  [ 1  2  4  6  8  9 11 12 13 14]
(1, 15, 1, 4, 1, 1)
caused INR: -9.55931067744453
TpsRandomic + IndividualEstimated_INR + -12.5
None
ls_gain_coeffs:
[-118.20674417 -124.94983489 -140.06823726  -92.60690164 -139.56711353
 -122.61737637 -141.58527888 -119.33944317 -121.35662296 -131.8613643
 -116.56892666 -128.02732468 -123.64865425 -131.82759647 -134.48702813]
inrs_hat:  [ -7.21704413 -13.96013485 -29.07853721  18.38279841 -28.57741349
 -11.62767632 -30.59557884  -8.34974313 -10.36692292 -20.87166425
  -5.57922661 -17.03762464 -12.65895421 -20.83789643 -23.49732809]
scheduled_ues:  [ 1  2  4  6  9 11 12 13 14]
(1, 15, 1, 4, 1, 1)
caused INR: -21.110396071081947
TpsRandomic + IndividualEstimated_INR + -15.0
None
ls_gain_coeffs:
[-118.20674417 -111.78655736 -133.81973876  -92.60690164 -139.56711353
 -135.39639641 -141.58527888 -119.33944317 -119.32716645 -131.8613643
 -128.66024443 -134.55603333 -129.49189489 -148.71259185 -134.48702813]
inrs_hat:  [ -7.21704413  -0.79685732 -22.83003872  18.38279841 -28.57741349
 -24.40669637 -30.59557884  -8.34974313  -8.33746641 -20.87166425
 -17.67054439 -23.56633329 -18.50219485 -37.72289181 -23.49732809]
scheduled_ues:  [ 2  4  5  6  9 10 11 12 13 14]
(1, 15, 1, 4, 1, 1)
caused INR: -6.005714762968582
TpsRandomic + CumulativeIndividualEstimated_INR + -10.0
None
(1, 15, 1, 4, 1, 1)
caused INR: -12.562073654651282
TpsRandomic + CumulativeIndividualEstimated_INR + -12.5
None
(1, 15, 1, 4, 1, 1)
caused INR: -12.369680674411732
TpsRandomic + CumulativeIndividualEstimated_INR + -15.0
None
(1, 15, 1, 4, 1, 1)
caused INR: -18.767719426063067
Iteration number 97
TpsAltruisticFromLsfGain + IndividualEstimated_INR + -10.0
None
ls_gain_coeffs:
[-142.28636452 -136.73577432 -137.70304826 -131.68088119 -133.82574389
 -145.92935829 -133.71619242 -139.55813887 -133.54459046 -130.85993683
 -143.11168066 -134.36196707 -138.82528045 -140.15123375 -129.03850194]
inrs_hat:  [-31.29666447 -25.74607427 -26.71334822 -20.69118115 -22.83604385
 -34.93965824 -22.72649238 -28.56843882 -22.55489042 -19.87023679
 -32.12198062 -23.37226703 -27.83558041 -29.16153371 -18.04880189]
scheduled_ues:  [ 0  1  2  3  4  5  6  7  8  9 10 11 12 13 14]
(1, 15, 1, 4, 1, 1)
caused INR: -13.806264750129134
TpsAltruisticFromLsfGain + IndividualEstimated_INR + -12.5
None
ls_gain_coeffs:
[-142.28636452 -136.73577432 -137.70304826 -131.68088119 -133.82574389
 -145.92935829 -133.71619242 -139.55813887 -133.54459046 -130.85993683
 -143.11168066 -134.36196707 -138.82528045 -140.15123375 -129.03850194]
inrs_hat:  [-31.29666447 -25.74607427 -26.71334822 -20.69118115 -22.83604385
 -34.93965824 -22.72649238 -28.56843882 -22.55489042 -19.87023679
 -32.12198062 -23.37226703 -27.83558041 -29.16153371 -18.04880189]
scheduled_ues:  [ 0  1  2  3  4  5  6  7  8  9 10 11 12 13 14]
(1, 15, 1, 4, 1, 1)
caused INR: -13.806264750129134
TpsAltruisticFromLsfGain + IndividualEstimated_INR + -15.0
None
ls_gain_coeffs:
[-142.28636452 -136.73577432 -137.70304826 -131.68088119 -133.82574389
 -145.92935829 -133.71619242 -139.55813887 -133.54459046 -130.85993683
 -143.11168066 -134.36196707 -138.82528045 -140.15123375 -129.03850194]
inrs_hat:  [-31.29666447 -25.74607427 -26.71334822 -20.69118115 -22.83604385
 -34.93965824 -22.72649238 -28.56843882 -22.55489042 -19.87023679
 -32.12198062 -23.37226703 -27.83558041 -29.16153371 -18.04880189]
scheduled_ues:  [ 0  1  2  3  4  5  6  7  8  9 10 11 12 13 14]
(1, 15, 1, 4, 1, 1)
caused INR: -13.806264750129134
TpsAltruisticFromLsfGain + CumulativeIndividualEstimated_INR + -10.0
None
(1, 15, 1, 4, 1, 1)
caused INR: -13.806264750129134
TpsAltruisticFromLsfGain + CumulativeIndividualEstimated_INR + -12.5
None
(1, 15, 1, 4, 1, 1)
caused INR: -13.376080810319745
TpsAltruisticFromLsfGain + CumulativeIndividualEstimated_INR + -15.0
None
(1, 15, 1, 4, 1, 1)
caused INR: -15.706682813283328
TpsRandomic + IndividualEstimated_INR + -10.0
None
ls_gain_coeffs:
[-130.60776741 -120.18546776 -125.63561069 -118.69358279 -120.09553079
 -145.92935829 -122.28505061 -139.55813887 -128.53800691 -118.00978019
 -131.8226824  -134.36196707 -125.15099655 -136.8844226  -112.07678756]
inrs_hat:  [-19.61806736  -9.19576772 -14.64591065  -7.70388275  -9.10583075
 -34.93965824 -11.29535057 -28.56843882 -17.54830686  -7.02008015
 -20.83298235 -23.37226703 -14.16129651 -25.89472256  -1.08708752]
scheduled_ues:  [ 0  2  5  6  7  8 10 11 12 13]
(1, 15, 1, 4, 1, 1)
caused INR: -10.079426748806817
TpsRandomic + IndividualEstimated_INR + -12.5
None
ls_gain_coeffs:
[-130.60776741 -136.73577432 -137.70304826 -118.69358279 -117.06705797
 -129.04543333 -122.28505061 -122.41898289 -133.54459046 -118.00978019
 -133.0979248  -119.73631023 -122.51449325 -140.15123375 -119.2026639 ]
inrs_hat:  [-19.61806736 -25.74607427 -26.71334822  -7.70388275  -6.07735793
 -18.05573328 -11.29535057 -11.42928284 -22.55489042  -7.02008015
 -22.10822476  -8.74661019 -11.52479321 -29.16153371  -8.21296385]
scheduled_ues:  [ 0  1  2  5  8 10 13]
(1, 15, 1, 4, 1, 1)
caused INR: -17.205314211223627
TpsRandomic + IndividualEstimated_INR + -15.0
None
ls_gain_coeffs:
[-142.28636452 -124.19141741 -125.63561069 -123.79935832 -133.82574389
 -134.50821479 -133.71619242 -122.41898289 -128.53800691 -117.60122356
 -126.2395036  -134.36196707 -125.15099655 -136.8844226  -117.39251123]
inrs_hat:  [-31.29666447 -13.20171736 -14.64591065 -12.80965827 -22.83604385
 -23.51851475 -22.72649238 -11.42928284 -17.54830686  -6.61152351
 -15.24980356 -23.37226703 -14.16129651 -25.89472256  -6.40281118]
scheduled_ues:  [ 0  4  5  6  8 10 11 13]
(1, 15, 1, 4, 1, 1)
caused INR: -8.856952419299521
TpsRandomic + CumulativeIndividualEstimated_INR + -10.0
None
(1, 15, 1, 4, 1, 1)
caused INR: -8.864888921923363
TpsRandomic + CumulativeIndividualEstimated_INR + -12.5
None
(1, 15, 1, 4, 1, 1)
caused INR: -13.940716325392565
TpsRandomic + CumulativeIndividualEstimated_INR + -15.0
None
(1, 15, 1, 4, 1, 1)
caused INR: -19.661754420277187
Iteration number 98
TpsAltruisticFromLsfGain + IndividualEstimated_INR + -10.0
None
ls_gain_coeffs:
[-135.0819062  -131.91477863 -129.64321309 -139.79970454 -144.45235745
 -121.17812573 -130.59185311 -139.1495428  -145.67926984 -133.20459128
 -132.17196992 -140.98068353 -145.41770578 -134.60054451 -145.96811488]
inrs_hat:  [-24.09220616 -20.92507858 -18.65351304 -28.81000449 -33.46265741
 -10.18842568 -19.60215306 -28.15984276 -34.6895698  -22.21489124
 -21.18226987 -29.99098349 -34.42800573 -23.61084447 -34.97841483]
scheduled_ues:  [ 0  1  2  3  4  5  6  7  8  9 10 11 12 13 14]
(1, 15, 1, 4, 1, 1)
caused INR: -3.2251923826985895
TpsAltruisticFromLsfGain + IndividualEstimated_INR + -12.5
None
ls_gain_coeffs:
[-135.0819062  -131.91477863 -129.64321309 -139.79970454 -144.45235745
 -121.17812573 -130.59185311 -139.1495428  -145.67926984 -133.20459128
 -132.17196992 -140.98068353 -145.41770578 -134.60054451 -145.96811488]
inrs_hat:  [-24.09220616 -20.92507858 -18.65351304 -28.81000449 -33.46265741
 -10.18842568 -19.60215306 -28.15984276 -34.6895698  -22.21489124
 -21.18226987 -29.99098349 -34.42800573 -23.61084447 -34.97841483]
scheduled_ues:  [ 0  1  2  3  4  6  7  8  9 10 11 12 13 14]
(1, 15, 1, 4, 1, 1)
caused INR: -7.630412643845728
TpsAltruisticFromLsfGain + IndividualEstimated_INR + -15.0
None
ls_gain_coeffs:
[-135.0819062  -131.91477863 -129.64321309 -139.79970454 -144.45235745
 -121.17812573 -130.59185311 -139.1495428  -145.67926984 -133.20459128
 -132.17196992 -140.98068353 -145.41770578 -134.60054451 -145.96811488]
inrs_hat:  [-24.09220616 -20.92507858 -18.65351304 -28.81000449 -33.46265741
 -10.18842568 -19.60215306 -28.15984276 -34.6895698  -22.21489124
 -21.18226987 -29.99098349 -34.42800573 -23.61084447 -34.97841483]
scheduled_ues:  [ 0  1  2  3  4  6  7  8  9 10 11 12 13 14]
(1, 15, 1, 4, 1, 1)
caused INR: -7.630412643845728
TpsAltruisticFromLsfGain + CumulativeIndividualEstimated_INR + -10.0
None
(1, 15, 1, 4, 1, 1)
caused INR: -7.630412643845728
TpsAltruisticFromLsfGain + CumulativeIndividualEstimated_INR + -12.5
None
(1, 15, 1, 4, 1, 1)
caused INR: -11.462500592766684
TpsAltruisticFromLsfGain + CumulativeIndividualEstimated_INR + -15.0
None
(1, 15, 1, 4, 1, 1)
caused INR: -13.620172885890442
TpsRandomic + IndividualEstimated_INR + -10.0
None
ls_gain_coeffs:
[-117.84569842 -131.91477863 -129.64321309 -123.00484725 -144.45235745
 -121.17812573 -124.57413685 -122.16476355 -145.67926984 -116.08508589
 -123.28444479 -125.71141773 -128.63210954 -121.15913734 -134.69554865]
inrs_hat:  [ -6.85599837 -20.92507858 -18.65351304 -12.0151472  -33.46265741
 -10.18842568 -13.58443681 -11.17506351 -34.6895698   -5.09538585
 -12.29474475 -14.72171769 -17.6424095  -10.1694373  -23.7058486 ]
scheduled_ues:  [ 1  2  3  4  5  6  7  8 10 11 12 13 14]
(1, 15, 1, 4, 1, 1)
caused INR: -1.4633959291734429
TpsRandomic + IndividualEstimated_INR + -12.5
None
ls_gain_coeffs:
[-121.00652009 -114.00828703 -116.67467457 -132.32647922 -136.23773523
 -107.52754334 -116.14434769 -122.16476355 -145.10959077 -116.08508589
 -123.28444479 -140.98068353 -135.41833758 -117.72444587 -145.96811488]
inrs_hat:  [-10.01682005  -3.01858698  -5.68497453 -21.33677917 -25.24803518
   3.4621567   -5.15464765 -11.17506351 -34.11989073  -5.09538585
 -12.29474475 -29.99098349 -24.42863754  -6.73474582 -34.97841483]
scheduled_ues:  [ 3  4  8 11 12 14]
(1, 15, 1, 4, 1, 1)
caused INR: -21.739465605965048
TpsRandomic + IndividualEstimated_INR + -15.0
None
ls_gain_coeffs:
[-117.84569842 -131.91477863 -116.14773606 -139.79970454 -144.45235745
 -117.55117857 -124.57413685 -126.48644823 -132.85788379 -133.20459128
 -123.28444479 -136.73918483 -145.41770578 -117.72444587 -145.96811488]
inrs_hat:  [ -6.85599837 -20.92507858  -5.15803601 -28.81000449 -33.46265741
  -6.56147853 -13.58443681 -15.49674819 -21.86818375 -22.21489124
 -12.29474475 -25.74948479 -34.42800573  -6.73474582 -34.97841483]
scheduled_ues:  [ 1  3  4  7  8  9 11 12 14]
(1, 15, 1, 4, 1, 1)
caused INR: -14.856251792445716
TpsRandomic + CumulativeIndividualEstimated_INR + -10.0
None
(1, 15, 1, 4, 1, 1)
caused INR: -7.10695426472711
TpsRandomic + CumulativeIndividualEstimated_INR + -12.5
None
(1, 15, 1, 4, 1, 1)
caused INR: -15.860899990701542
TpsRandomic + CumulativeIndividualEstimated_INR + -15.0
None
(1, 15, 1, 4, 1, 1)
caused INR: -10.146884222968954
Iteration number 99
TpsAltruisticFromLsfGain + IndividualEstimated_INR + -10.0
None
ls_gain_coeffs:
[-148.1246224  -145.15835119 -114.68255099 -131.7924422  -137.65789257
 -111.43368286 -144.76354434 -140.04134952 -139.9755236  -144.49238374
 -139.99899536 -144.43487868 -111.66234235 -140.94223169 -118.29543516]
inrs_hat:  [-37.13492236 -34.16865115  -3.69285094 -20.80274216 -26.66819252
  -0.44398281 -33.77384429 -29.05164948 -28.98582356 -33.50268369
 -29.00929532 -33.44517864  -0.67264231 -29.95253165  -7.30573512]
scheduled_ues:  [ 0  1  3  4  6  7  8  9 10 11 13]
(1, 15, 1, 4, 1, 1)
caused INR: -17.131638456963802
TpsAltruisticFromLsfGain + IndividualEstimated_INR + -12.5
None
ls_gain_coeffs:
[-148.1246224  -145.15835119 -114.68255099 -131.7924422  -137.65789257
 -111.43368286 -144.76354434 -140.04134952 -139.9755236  -144.49238374
 -139.99899536 -144.43487868 -111.66234235 -140.94223169 -118.29543516]
inrs_hat:  [-37.13492236 -34.16865115  -3.69285094 -20.80274216 -26.66819252
  -0.44398281 -33.77384429 -29.05164948 -28.98582356 -33.50268369
 -29.00929532 -33.44517864  -0.67264231 -29.95253165  -7.30573512]
scheduled_ues:  [ 0  1  3  4  6  7  8  9 10 11 13]
(1, 15, 1, 4, 1, 1)
caused INR: -17.131638456963802
TpsAltruisticFromLsfGain + IndividualEstimated_INR + -15.0
None
ls_gain_coeffs:
[-148.1246224  -145.15835119 -114.68255099 -131.7924422  -137.65789257
 -111.43368286 -144.76354434 -140.04134952 -139.9755236  -144.49238374
 -139.99899536 -144.43487868 -111.66234235 -140.94223169 -118.29543516]
inrs_hat:  [-37.13492236 -34.16865115  -3.69285094 -20.80274216 -26.66819252
  -0.44398281 -33.77384429 -29.05164948 -28.98582356 -33.50268369
 -29.00929532 -33.44517864  -0.67264231 -29.95253165  -7.30573512]
scheduled_ues:  [ 0  1  3  4  6  7  8  9 10 11 13]
(1, 15, 1, 4, 1, 1)
caused INR: -17.131638456963802
TpsAltruisticFromLsfGain + CumulativeIndividualEstimated_INR + -10.0
None
(1, 15, 1, 4, 1, 1)
caused INR: -17.131638456963802
TpsAltruisticFromLsfGain + CumulativeIndividualEstimated_INR + -12.5
None
(1, 15, 1, 4, 1, 1)
caused INR: -17.131638456963802
TpsAltruisticFromLsfGain + CumulativeIndividualEstimated_INR + -15.0
None
(1, 15, 1, 4, 1, 1)
caused INR: -17.131638456963802
TpsRandomic + IndividualEstimated_INR + -10.0
None
ls_gain_coeffs:
[-131.7475182  -136.14106955 -101.16991864 -117.14041014 -127.86358259
  -97.75131471 -134.27769857 -140.04134952 -127.64851784 -136.16553447
 -139.99899536 -127.7018164   -98.09134078 -128.03803921 -106.73887308]
inrs_hat:  [-20.75781816 -25.15136951   9.8197814   -6.1507101  -16.87388254
  13.23838533 -23.28799853 -29.05164948 -16.65881779 -25.17583442
 -29.00929532 -16.71211636  12.89835927 -17.04833917   4.25082696]
scheduled_ues:  [ 0  1  4  6  7  8  9 10 11 13]
(1, 15, 1, 4, 1, 1)
caused INR: -8.069603874384725
TpsRandomic + IndividualEstimated_INR + -12.5
None
ls_gain_coeffs:
[-131.7475182  -136.14106955 -101.70543482 -114.83075862 -126.50578283
 -107.71137842 -127.97441737 -128.6482451  -131.23316117 -136.16553447
 -123.38311822 -136.09518224  -98.09134078 -140.94223169 -118.29543516]
inrs_hat:  [-20.75781816 -25.15136951   9.28426523  -3.84105857 -15.51608279
   3.27832162 -16.98471733 -17.65854505 -20.24346113 -25.17583442
 -12.39341818 -25.1054822   12.89835927 -29.95253165  -7.30573512]
scheduled_ues:  [ 0  1  4  6  7  8  9 11 13]
(1, 15, 1, 4, 1, 1)
caused INR: -9.088753773678507
TpsRandomic + IndividualEstimated_INR + -15.0
None
ls_gain_coeffs:
[-148.1246224  -136.14106955 -113.07600247 -117.14041014 -127.86358259
  -97.75131471 -144.76354434 -128.6482451  -127.64851784 -131.84989155
 -126.68394062 -131.75005056 -108.27413763 -128.03803921 -118.29543516]
inrs_hat:  [-37.13492236 -25.15136951  -2.08630243  -6.1507101  -16.87388254
  13.23838533 -33.77384429 -17.65854505 -16.65881779 -20.8601915
 -15.69424058 -20.76035052   2.71556241 -17.04833917  -7.30573512]
scheduled_ues:  [ 0  1  4  6  7  8  9 10 11 13]
(1, 15, 1, 4, 1, 1)
caused INR: -4.142490024555176
TpsRandomic + CumulativeIndividualEstimated_INR + -10.0
None
(1, 15, 1, 4, 1, 1)
caused INR: -23.198569085754336
TpsRandomic + CumulativeIndividualEstimated_INR + -12.5
None
(1, 15, 1, 4, 1, 1)
caused INR: -10.497069771499897
TpsRandomic + CumulativeIndividualEstimated_INR + -15.0
None
(1, 15, 1, 4, 1, 1)
caused INR: -20.634384584683083
Iteration number 100
TpsAltruisticFromLsfGain + IndividualEstimated_INR + -10.0
None
ls_gain_coeffs:
[-133.75411482 -137.90374486 -150.07008761 -121.13527736 -134.45863767
 -136.67202403 -138.78026641 -143.69062867 -148.14248048 -144.28901598
 -149.96286018 -137.84410959 -131.23029013 -152.89831444 -132.20033601]
inrs_hat:  [-22.76441478 -26.91404482 -39.08038756 -10.14557731 -23.46893763
 -25.68232398 -27.79056636 -32.70092862 -37.15278043 -33.29931593
 -38.97316014 -26.85440955 -20.24059008 -41.9086144  -21.21063596]
scheduled_ues:  [ 0  1  2  3  4  5  6  7  8  9 10 11 12 13 14]
(1, 15, 1, 4, 1, 1)
caused INR: -9.197190146101105
TpsAltruisticFromLsfGain + IndividualEstimated_INR + -12.5
None
ls_gain_coeffs:
[-133.75411482 -137.90374486 -150.07008761 -121.13527736 -134.45863767
 -136.67202403 -138.78026641 -143.69062867 -148.14248048 -144.28901598
 -149.96286018 -137.84410959 -131.23029013 -152.89831444 -132.20033601]
inrs_hat:  [-22.76441478 -26.91404482 -39.08038756 -10.14557731 -23.46893763
 -25.68232398 -27.79056636 -32.70092862 -37.15278043 -33.29931593
 -38.97316014 -26.85440955 -20.24059008 -41.9086144  -21.21063596]
scheduled_ues:  [ 0  1  2  4  5  6  7  8  9 10 11 12 13 14]
(1, 15, 1, 4, 1, 1)
caused INR: -9.356322234122711
TpsAltruisticFromLsfGain + IndividualEstimated_INR + -15.0
None
ls_gain_coeffs:
[-133.75411482 -137.90374486 -150.07008761 -121.13527736 -134.45863767
 -136.67202403 -138.78026641 -143.69062867 -148.14248048 -144.28901598
 -149.96286018 -137.84410959 -131.23029013 -152.89831444 -132.20033601]
inrs_hat:  [-22.76441478 -26.91404482 -39.08038756 -10.14557731 -23.46893763
 -25.68232398 -27.79056636 -32.70092862 -37.15278043 -33.29931593
 -38.97316014 -26.85440955 -20.24059008 -41.9086144  -21.21063596]
scheduled_ues:  [ 0  1  2  4  5  6  7  8  9 10 11 12 13 14]
(1, 15, 1, 4, 1, 1)
caused INR: -9.356322234122711
TpsAltruisticFromLsfGain + CumulativeIndividualEstimated_INR + -10.0
None
(1, 15, 1, 4, 1, 1)
caused INR: -9.356322234122711
TpsAltruisticFromLsfGain + CumulativeIndividualEstimated_INR + -12.5
None
(1, 15, 1, 4, 1, 1)
caused INR: -9.356322234122711
TpsAltruisticFromLsfGain + CumulativeIndividualEstimated_INR + -15.0
None
(1, 15, 1, 4, 1, 1)
caused INR: -14.235433516175389
TpsRandomic + IndividualEstimated_INR + -10.0
None
ls_gain_coeffs:
[-133.68752729 -128.93726936 -137.26566761 -114.66677711 -132.9467873
 -126.99528727 -138.78026641 -127.0599507  -138.77903386 -138.70443474
 -133.70319072 -137.84410959 -117.12548958 -140.1976392  -118.80771414]
inrs_hat:  [-22.69782725 -17.94756931 -26.27596757  -3.67707707 -21.95708725
 -16.00558723 -27.79056636 -16.07025066 -27.78933381 -27.71473469
 -22.71349067 -26.85440955  -6.13578954 -29.20793916  -7.8180141 ]
scheduled_ues:  [ 0  1  2  4  5  6  7  8  9 10 11 13]
(1, 15, 1, 4, 1, 1)
caused INR: -16.42441997828285
TpsRandomic + IndividualEstimated_INR + -12.5
None
ls_gain_coeffs:
[-121.26812314 -125.37954183 -133.68272512 -114.66677711 -134.45863767
 -119.29840834 -122.93147454 -136.17750385 -131.36427855 -130.04219258
 -143.22745904 -137.84410959 -131.23029013 -136.47145222 -124.42261461]
inrs_hat:  [-10.27842309 -14.38984178 -22.69302507  -3.67707707 -23.46893763
  -8.3087083  -11.9417745  -25.1878038  -20.37457851 -19.05249253
 -32.23775899 -26.85440955 -20.24059008 -25.48175217 -13.43291457]
scheduled_ues:  [ 1  2  4  7  8  9 10 11 12 13 14]
(1, 15, 1, 4, 1, 1)
caused INR: -10.04559686714261
TpsRandomic + IndividualEstimated_INR + -15.0
None
ls_gain_coeffs:
[-133.75411482 -128.93726936 -150.07008761 -121.13527736 -134.45863767
 -126.99528727 -122.93147454 -127.0599507  -131.36427855 -130.04219258
 -149.96286018 -127.51294586 -117.95708986 -136.47145222 -118.80771414]
inrs_hat:  [-22.76441478 -17.94756931 -39.08038756 -10.14557731 -23.46893763
 -16.00558723 -11.9417745  -16.07025066 -20.37457851 -19.05249253
 -38.97316014 -16.52324581  -6.96738981 -25.48175217  -7.8180141 ]
scheduled_ues:  [ 0  1  2  4  5  7  8  9 10 11 13]
(1, 15, 1, 4, 1, 1)
caused INR: -4.672666215842359
TpsRandomic + CumulativeIndividualEstimated_INR + -10.0
None
(1, 15, 1, 4, 1, 1)
caused INR: -12.702203959200805
TpsRandomic + CumulativeIndividualEstimated_INR + -12.5
None
(1, 15, 1, 4, 1, 1)
caused INR: -13.624277659365529
TpsRandomic + CumulativeIndividualEstimated_INR + -15.0
None
(1, 15, 1, 4, 1, 1)
caused INR: -23.13337232591477
Job ended at Tue Sep 22 05:24:24 PM UTC 2026
