Job started at Tue Sep 22 04:30:49 PM UTC 2026
source/physical/large_scale_fading.py
source/physical/channel.py
source/physical/antenna_pattern.py
source/physical/antenna_pattern.py
source/physical/large_scale_fading.py
source/physical/channel.py
source/physical/spatial_correlation.py
source/channel_estimation.py
source/physical/antenna_pattern.py
source/physical/antenna_pattern.py
source/geometry/coordinates.py
source/geometry/coordinates.py
source/geometry/sectorization.py
source/geometry/sectorization.py
source/beamforming.py
source/beamforming.py
Iteration number 1
TpsAltruisticFromLsfGain + IndividualEstimated_INR + -10.0
None
ls_gain_coeffs:
[-146.92972494 -150.04256366 -140.18306023 -149.25159827 -139.44394964
 -122.19070042 -134.19339505 -129.53108329 -122.84449767 -131.47608199
 -119.8710362  -142.89864818 -132.70656356 -147.91762339 -143.01801178]
inrs_hat:  [-35.9400249  -39.05286362 -29.19336019 -38.26189822 -28.45424959
 -11.20100037 -23.203695   -18.54138325 -11.85479763 -20.48638195
  -8.88133616 -31.90894814 -21.71686352 -36.92792335 -32.02831174]
scheduled_ues:  [ 0  1  2  3  4  5  6  7  8  9 11 12 13 14]
(1, 15, 1, 4, 1, 1)
caused INR: -5.620134714716212
TpsAltruisticFromLsfGain + IndividualEstimated_INR + -12.5
None
ls_gain_coeffs:
[-146.92972494 -150.04256366 -140.18306023 -149.25159827 -139.44394964
 -122.19070042 -134.19339505 -129.53108329 -122.84449767 -131.47608199
 -119.8710362  -142.89864818 -132.70656356 -147.91762339 -143.01801178]
inrs_hat:  [-35.9400249  -39.05286362 -29.19336019 -38.26189822 -28.45424959
 -11.20100037 -23.203695   -18.54138325 -11.85479763 -20.48638195
  -8.88133616 -31.90894814 -21.71686352 -36.92792335 -32.02831174]
scheduled_ues:  [ 0  1  2  3  4  6  7  9 11 12 13 14]
(1, 15, 1, 4, 1, 1)
caused INR: -16.906583135784484
TpsAltruisticFromLsfGain + IndividualEstimated_INR + -15.0
None
ls_gain_coeffs:
[-146.92972494 -150.04256366 -140.18306023 -149.25159827 -139.44394964
 -122.19070042 -134.19339505 -129.53108329 -122.84449767 -131.47608199
 -119.8710362  -142.89864818 -132.70656356 -147.91762339 -143.01801178]
inrs_hat:  [-35.9400249  -39.05286362 -29.19336019 -38.26189822 -28.45424959
 -11.20100037 -23.203695   -18.54138325 -11.85479763 -20.48638195
  -8.88133616 -31.90894814 -21.71686352 -36.92792335 -32.02831174]
scheduled_ues:  [ 0  1  2  3  4  6  7  9 11 12 13 14]
(1, 15, 1, 4, 1, 1)
caused INR: -16.906583135784484
TpsAltruisticFromLsfGain + CumulativeIndividualEstimated_INR + -10.0
None
(1, 15, 1, 4, 1, 1)
caused INR: -16.906583135784484
TpsAltruisticFromLsfGain + CumulativeIndividualEstimated_INR + -12.5
None
(1, 15, 1, 4, 1, 1)
caused INR: -16.906583135784484
TpsAltruisticFromLsfGain + CumulativeIndividualEstimated_INR + -15.0
None
(1, 15, 1, 4, 1, 1)
caused INR: -16.13100333094313
TpsRandomic + IndividualEstimated_INR + -10.0
None
ls_gain_coeffs:
[-140.99080076 -150.04256366 -140.18306023 -133.53439242 -123.08035249
 -110.23163425 -121.1323543  -115.74440827 -122.84449767 -131.47608199
 -105.21260724 -129.43547417 -120.00003497 -147.91762339 -141.92037471]
inrs_hat:  [-30.00110071 -39.05286362 -29.19336019 -22.54469237 -12.09065244
   0.7580658  -10.14265426  -4.75470823 -11.85479763 -20.48638195
   5.7770928  -18.44577413  -9.01033493 -36.92792335 -30.93067466]
scheduled_ues:  [ 0  1  2  3  4  6  8  9 11 13 14]
(1, 15, 1, 4, 1, 1)
caused INR: -0.1466655958283126
TpsRandomic + IndividualEstimated_INR + -12.5
None
ls_gain_coeffs:
[-132.86497507 -142.02422647 -131.48011999 -149.25159827 -132.86584839
 -104.69933738 -117.68385239 -115.74440827 -110.29627373 -131.47608199
 -105.21260724 -129.43547417 -132.70656356 -141.90767731 -130.21053276]
inrs_hat:  [-21.87527503 -31.03452642 -20.49041994 -38.26189822 -21.87614834
   6.29036267  -6.69415234  -4.75470823   0.69342631 -20.48638195
   5.7770928  -18.44577413 -21.71686352 -30.91797727 -19.22083272]
scheduled_ues:  [ 0  1  2  3  4  9 11 12 13 14]
(1, 15, 1, 4, 1, 1)
caused INR: -12.19559263121742
TpsRandomic + IndividualEstimated_INR + -15.0
None
ls_gain_coeffs:
[-146.92972494 -133.54827981 -127.55245437 -135.17219534 -132.86584839
 -122.19070042 -121.1323543  -115.74440827 -110.29627373 -119.73491397
 -119.8710362  -129.94626118 -122.77606401 -131.68791334 -130.21053276]
inrs_hat:  [-35.9400249  -22.55857976 -16.56275433 -24.1824953  -21.87614834
 -11.20100037 -10.14265426  -4.75470823   0.69342631  -8.74521393
  -8.88133616 -18.95656113 -11.78636397 -20.6982133  -19.22083272]
scheduled_ues:  [ 0  1  2  3  4 11 13 14]
(1, 15, 1, 4, 1, 1)
caused INR: -13.035392779267678
TpsRandomic + CumulativeIndividualEstimated_INR + -10.0
None
(1, 15, 1, 4, 1, 1)
caused INR: -16.54898213632585
TpsRandomic + CumulativeIndividualEstimated_INR + -12.5
None
(1, 15, 1, 4, 1, 1)
caused INR: -12.286581933236258
TpsRandomic + CumulativeIndividualEstimated_INR + -15.0
None
(1, 15, 1, 4, 1, 1)
caused INR: -14.291226755821063
Iteration number 2
TpsAltruisticFromLsfGain + IndividualEstimated_INR + -10.0
None
ls_gain_coeffs:
[-143.99577956 -123.65119795 -143.66896254 -139.90250323 -143.6932066
 -143.60048986 -150.92696481 -151.3785824  -130.71221145 -124.81572869
 -119.05096419 -148.09920998 -150.06946228 -127.43542295 -126.02636687]
inrs_hat:  [-33.00607952 -12.6614979  -32.6792625  -28.91280319 -32.70350655
 -32.61078982 -39.93726476 -40.38888235 -19.72251141 -13.82602864
  -8.06126414 -37.10950994 -39.07976223 -16.44572291 -15.03666682]
scheduled_ues:  [ 0  1  2  3  4  5  6  7  8  9 11 12 13 14]
(1, 15, 1, 4, 1, 1)
caused INR: -18.965238939730725
TpsAltruisticFromLsfGain + IndividualEstimated_INR + -12.5
None
ls_gain_coeffs:
[-143.99577956 -123.65119795 -143.66896254 -139.90250323 -143.6932066
 -143.60048986 -150.92696481 -151.3785824  -130.71221145 -124.81572869
 -119.05096419 -148.09920998 -150.06946228 -127.43542295 -126.02636687]
inrs_hat:  [-33.00607952 -12.6614979  -32.6792625  -28.91280319 -32.70350655
 -32.61078982 -39.93726476 -40.38888235 -19.72251141 -13.82602864
  -8.06126414 -37.10950994 -39.07976223 -16.44572291 -15.03666682]
scheduled_ues:  [ 0  1  2  3  4  5  6  7  8  9 11 12 13 14]
(1, 15, 1, 4, 1, 1)
caused INR: -18.965238939730725
TpsAltruisticFromLsfGain + IndividualEstimated_INR + -15.0
None
ls_gain_coeffs:
[-143.99577956 -123.65119795 -143.66896254 -139.90250323 -143.6932066
 -143.60048986 -150.92696481 -151.3785824  -130.71221145 -124.81572869
 -119.05096419 -148.09920998 -150.06946228 -127.43542295 -126.02636687]
inrs_hat:  [-33.00607952 -12.6614979  -32.6792625  -28.91280319 -32.70350655
 -32.61078982 -39.93726476 -40.38888235 -19.72251141 -13.82602864
  -8.06126414 -37.10950994 -39.07976223 -16.44572291 -15.03666682]
scheduled_ues:  [ 0  2  3  4  5  6  7  8 11 12 13 14]
(1, 15, 1, 4, 1, 1)
caused INR: -22.845801511407558
TpsAltruisticFromLsfGain + CumulativeIndividualEstimated_INR + -10.0
None
(1, 15, 1, 4, 1, 1)
caused INR: -22.845801511407558
TpsAltruisticFromLsfGain + CumulativeIndividualEstimated_INR + -12.5
None
(1, 15, 1, 4, 1, 1)
caused INR: -17.324070573374826
TpsAltruisticFromLsfGain + CumulativeIndividualEstimated_INR + -15.0
None
(1, 15, 1, 4, 1, 1)
caused INR: -28.390422335414442
TpsRandomic + IndividualEstimated_INR + -10.0
None
ls_gain_coeffs:
[-143.99577956 -110.09536627 -142.17933192 -122.92883503 -129.85473281
 -129.87085237 -134.17045776 -139.72061813 -126.40393957 -112.62113336
 -101.40495842 -148.09920998 -138.91699812 -117.628766   -119.29786697]
inrs_hat:  [-33.00607952   0.89433377 -31.18963188 -11.93913499 -18.86503277
 -18.88115232 -23.18075771 -28.73091809 -15.41423953  -1.63143331
   9.58474163 -37.10950994 -27.92729808  -6.63906596  -8.30816693]
scheduled_ues:  [ 0  2  3  4  5  6  7  8 11 12]
(1, 15, 1, 4, 1, 1)
caused INR: -10.127214883623154
TpsRandomic + IndividualEstimated_INR + -12.5
None
ls_gain_coeffs:
[-143.99577956 -123.65119795 -130.730819   -130.04834112 -129.85473281
 -143.60048986 -140.57283867 -139.72061813 -126.40393957 -112.07856556
 -119.05096419 -141.60718358 -150.06946228 -127.43542295 -119.29786697]
inrs_hat:  [-33.00607952 -12.6614979  -19.74111896 -19.05864108 -18.86503277
 -32.61078982 -29.58313863 -28.73091809 -15.41423953  -1.08886552
  -8.06126414 -30.61748354 -39.07976223 -16.44572291  -8.30816693]
scheduled_ues:  [ 0  1  2  3  4  5  6  7  8 11 12 13]
(1, 15, 1, 4, 1, 1)
caused INR: -16.179743665291454
TpsRandomic + IndividualEstimated_INR + -15.0
None
ls_gain_coeffs:
[-143.17794881 -110.09536627 -142.17933192 -128.25092894 -127.43403921
 -136.91378515 -150.92696481 -134.64437423 -126.40393957 -106.12904946
 -109.50041715 -141.60718358 -133.39332618 -117.628766   -126.02636687]
inrs_hat:  [-32.18824877   0.89433377 -31.18963188 -17.2612289  -16.44433917
 -25.9240851  -39.93726476 -23.65467419 -15.41423953   4.86065059
   1.48928289 -30.61748354 -22.40362614  -6.63906596 -15.03666682]
scheduled_ues:  [ 0  2  3  4  5  6  7  8 11 12 14]
(1, 15, 1, 4, 1, 1)
caused INR: -12.240852518686644
TpsRandomic + CumulativeIndividualEstimated_INR + -10.0
None
(1, 15, 1, 4, 1, 1)
caused INR: -12.595886882973906
TpsRandomic + CumulativeIndividualEstimated_INR + -12.5
None
(1, 15, 1, 4, 1, 1)
caused INR: -14.268449945499757
TpsRandomic + CumulativeIndividualEstimated_INR + -15.0
None
(1, 15, 1, 4, 1, 1)
caused INR: -19.188657007708507
Iteration number 3
TpsAltruisticFromLsfGain + IndividualEstimated_INR + -10.0
None
ls_gain_coeffs:
[-150.22582026 -149.45805063 -152.60546715 -145.87049724 -142.53058858
 -138.95660224 -141.52669322 -129.00885411 -137.64474286 -147.74316151
 -117.36403605 -130.78582167 -150.86090063 -139.36168726 -136.11553366]
inrs_hat:  [-39.23612022 -38.46835058 -41.6157671  -34.8807972  -31.54088854
 -27.9669022  -30.53699317 -18.01915407 -26.65504281 -36.75346147
  -6.374336   -19.79612163 -39.87120058 -28.37198722 -25.12583362]
scheduled_ues:  [ 0  1  2  3  4  5  6  7  8  9 11 12 13 14]
(1, 15, 1, 4, 1, 1)
caused INR: -14.504893853458032
TpsAltruisticFromLsfGain + IndividualEstimated_INR + -12.5
None
ls_gain_coeffs:
[-150.22582026 -149.45805063 -152.60546715 -145.87049724 -142.53058858
 -138.95660224 -141.52669322 -129.00885411 -137.64474286 -147.74316151
 -117.36403605 -130.78582167 -150.86090063 -139.36168726 -136.11553366]
inrs_hat:  [-39.23612022 -38.46835058 -41.6157671  -34.8807972  -31.54088854
 -27.9669022  -30.53699317 -18.01915407 -26.65504281 -36.75346147
  -6.374336   -19.79612163 -39.87120058 -28.37198722 -25.12583362]
scheduled_ues:  [ 0  1  2  3  4  5  6  7  8  9 11 12 13 14]
(1, 15, 1, 4, 1, 1)
caused INR: -14.504893853458032
TpsAltruisticFromLsfGain + IndividualEstimated_INR + -15.0
None
ls_gain_coeffs:
[-150.22582026 -149.45805063 -152.60546715 -145.87049724 -142.53058858
 -138.95660224 -141.52669322 -129.00885411 -137.64474286 -147.74316151
 -117.36403605 -130.78582167 -150.86090063 -139.36168726 -136.11553366]
inrs_hat:  [-39.23612022 -38.46835058 -41.6157671  -34.8807972  -31.54088854
 -27.9669022  -30.53699317 -18.01915407 -26.65504281 -36.75346147
  -6.374336   -19.79612163 -39.87120058 -28.37198722 -25.12583362]
scheduled_ues:  [ 0  1  2  3  4  5  6  7  8  9 11 12 13 14]
(1, 15, 1, 4, 1, 1)
caused INR: -14.504893853458032
TpsAltruisticFromLsfGain + CumulativeIndividualEstimated_INR + -10.0
None
(1, 15, 1, 4, 1, 1)
caused INR: -14.504893853458032
TpsAltruisticFromLsfGain + CumulativeIndividualEstimated_INR + -12.5
None
(1, 15, 1, 4, 1, 1)
caused INR: -14.504893853458032
TpsAltruisticFromLsfGain + CumulativeIndividualEstimated_INR + -15.0
None
(1, 15, 1, 4, 1, 1)
caused INR: -15.33751101886276
TpsRandomic + IndividualEstimated_INR + -10.0
None
ls_gain_coeffs:
[-144.50281634 -132.75509734 -149.74235481 -145.87049724 -133.72594498
 -121.97596124 -126.79135083 -125.11744209 -123.60666598 -147.74316151
 -106.93471836 -118.0918204  -134.26676942 -125.33743778 -123.16425684]
inrs_hat:  [-33.5131163  -21.7653973  -38.75265476 -34.8807972  -22.73624494
 -10.98626119 -15.80165078 -14.12774205 -12.61696594 -36.75346147
   4.05498168  -7.10212035 -23.27706937 -14.34773774 -12.1745568 ]
scheduled_ues:  [ 0  1  2  3  4  5  6  7  8  9 12 13 14]
(1, 15, 1, 4, 1, 1)
caused INR: -3.3419352642696767
TpsRandomic + IndividualEstimated_INR + -12.5
None
ls_gain_coeffs:
[-136.34348074 -132.75509734 -138.25512559 -145.87049724 -130.43285745
 -121.97596124 -126.79135083 -125.11744209 -137.64474286 -146.59034318
 -106.93471836 -118.0918204  -142.29179244 -139.36168726 -122.65458001]
inrs_hat:  [-25.35378069 -21.7653973  -27.26542554 -34.8807972  -19.44315741
 -10.98626119 -15.80165078 -14.12774205 -26.65504281 -35.60064313
   4.05498168  -7.10212035 -31.3020924  -28.37198722 -11.66487997]
scheduled_ues:  [ 0  1  2  3  4  6  7  8  9 12 13]
(1, 15, 1, 4, 1, 1)
caused INR: -12.238662448848318
TpsRandomic + IndividualEstimated_INR + -15.0
None
ls_gain_coeffs:
[-144.50281634 -140.01933824 -149.74235481 -131.95554582 -130.43285745
 -138.95660224 -141.52669322 -129.00885411 -122.01018911 -146.59034318
 -104.32697345 -130.78582167 -138.68334639 -125.33743778 -136.11553366]
inrs_hat:  [-33.5131163  -29.0296382  -38.75265476 -20.96584578 -19.44315741
 -27.9669022  -30.53699317 -18.01915407 -11.02048907 -35.60064313
   6.6627266  -19.79612163 -27.69364635 -14.34773774 -25.12583362]
scheduled_ues:  [ 0  1  2  3  4  5  6  7  9 11 12 14]
(1, 15, 1, 4, 1, 1)
caused INR: -11.88607229908428
TpsRandomic + CumulativeIndividualEstimated_INR + -10.0
None
(1, 15, 1, 4, 1, 1)
caused INR: -16.791113873930318
TpsRandomic + CumulativeIndividualEstimated_INR + -12.5
None
(1, 15, 1, 4, 1, 1)
caused INR: -11.898026740354661
TpsRandomic + CumulativeIndividualEstimated_INR + -15.0
None
(1, 15, 1, 4, 1, 1)
caused INR: -27.206613252146454
Iteration number 4
TpsAltruisticFromLsfGain + IndividualEstimated_INR + -10.0
None
ls_gain_coeffs:
[-112.36309105 -139.0760843  -140.780796   -129.27715755 -123.01617476
 -135.33101606 -131.10746427 -146.05005757 -145.23848078 -124.48042389
 -144.80191766 -148.43516789 -144.63319789 -149.36925925 -139.62409734]
inrs_hat:  [ -1.37339101 -28.08638426 -29.79109595 -18.28745751 -12.02647472
 -24.34131601 -20.11776423 -35.06035752 -34.24878074 -13.49072385
 -33.81221762 -37.44546785 -33.64349785 -38.3795592  -28.63439729]
scheduled_ues:  [ 1  2  3  4  5  6  7  8  9 10 11 12 13 14]
(1, 15, 1, 4, 1, 1)
caused INR: -11.146543341938877
TpsAltruisticFromLsfGain + IndividualEstimated_INR + -12.5
None
ls_gain_coeffs:
[-112.36309105 -139.0760843  -140.780796   -129.27715755 -123.01617476
 -135.33101606 -131.10746427 -146.05005757 -145.23848078 -124.48042389
 -144.80191766 -148.43516789 -144.63319789 -149.36925925 -139.62409734]
inrs_hat:  [ -1.37339101 -28.08638426 -29.79109595 -18.28745751 -12.02647472
 -24.34131601 -20.11776423 -35.06035752 -34.24878074 -13.49072385
 -33.81221762 -37.44546785 -33.64349785 -38.3795592  -28.63439729]
scheduled_ues:  [ 1  2  3  5  6  7  8  9 10 11 12 13 14]
(1, 15, 1, 4, 1, 1)
caused INR: -13.577642612979254
TpsAltruisticFromLsfGain + IndividualEstimated_INR + -15.0
None
ls_gain_coeffs:
[-112.36309105 -139.0760843  -140.780796   -129.27715755 -123.01617476
 -135.33101606 -131.10746427 -146.05005757 -145.23848078 -124.48042389
 -144.80191766 -148.43516789 -144.63319789 -149.36925925 -139.62409734]
inrs_hat:  [ -1.37339101 -28.08638426 -29.79109595 -18.28745751 -12.02647472
 -24.34131601 -20.11776423 -35.06035752 -34.24878074 -13.49072385
 -33.81221762 -37.44546785 -33.64349785 -38.3795592  -28.63439729]
scheduled_ues:  [ 1  2  3  5  6  7  8 10 11 12 13 14]
(1, 15, 1, 4, 1, 1)
caused INR: -15.72895096110081
TpsAltruisticFromLsfGain + CumulativeIndividualEstimated_INR + -10.0
None
(1, 15, 1, 4, 1, 1)
caused INR: -13.577642612979254
TpsAltruisticFromLsfGain + CumulativeIndividualEstimated_INR + -12.5
None
(1, 15, 1, 4, 1, 1)
caused INR: -15.72895096110081
TpsAltruisticFromLsfGain + CumulativeIndividualEstimated_INR + -15.0
None
(1, 15, 1, 4, 1, 1)
caused INR: -35.495232270767715
TpsRandomic + IndividualEstimated_INR + -10.0
None
ls_gain_coeffs:
[ -98.68783251 -122.33367877 -125.80636132 -115.53189505 -105.86719618
 -119.73797515 -115.29436784 -133.8043715  -128.81232903 -121.54540378
 -138.05213708 -135.40631323 -144.63319789 -149.36925925 -122.79536742]
inrs_hat:  [ 12.30186753 -11.34397873 -14.81666128  -4.54219501   5.12250387
  -8.74827511  -4.3046678  -22.81467146 -17.82262899 -10.55570374
 -27.06243704 -24.41661318 -33.64349785 -38.3795592  -11.80566738]
scheduled_ues:  [ 1  2  7  8  9 10 11 12 13 14]
(1, 15, 1, 4, 1, 1)
caused INR: -4.753735361763854
TpsRandomic + IndividualEstimated_INR + -12.5
None
ls_gain_coeffs:
[ -98.68783251 -127.81692851 -140.780796   -129.27715755 -123.01617476
 -130.6038547  -131.10746427 -137.51738081 -131.53130151 -124.48042389
 -131.07714778 -135.40631323 -144.63319789 -142.99127971 -139.62409734]
inrs_hat:  [ 12.30186753 -16.82722847 -29.79109595 -18.28745751 -12.02647472
 -19.61415466 -20.11776423 -26.52768077 -20.54160146 -13.49072385
 -20.08744774 -24.41661318 -33.64349785 -32.00157967 -28.63439729]
scheduled_ues:  [ 1  2  3  5  6  7  8  9 10 11 12 13 14]
(1, 15, 1, 4, 1, 1)
caused INR: -10.063839644465942
TpsRandomic + IndividualEstimated_INR + -15.0
None
ls_gain_coeffs:
[ -97.45417397 -129.29202903 -127.07277866 -125.36617005 -123.01617476
 -130.6038547  -115.29436784 -129.44007616 -131.53130151 -110.08214382
 -131.07714778 -132.0410571  -127.66394885 -142.99127971 -122.79536742]
inrs_hat:  [ 13.53552608 -18.30232898 -16.08307862 -14.37647001 -12.02647472
 -19.61415466  -4.3046678  -18.45037611 -20.54160146   0.90755622
 -20.08744774 -21.05135706 -16.67424881 -32.00157967 -11.80566738]
scheduled_ues:  [ 1  2  5  7  8 10 11 12 13]
(1, 15, 1, 4, 1, 1)
caused INR: -9.748118066805027
TpsRandomic + CumulativeIndividualEstimated_INR + -10.0
None
(1, 15, 1, 4, 1, 1)
caused INR: -11.567290987985288
TpsRandomic + CumulativeIndividualEstimated_INR + -12.5
None
(1, 15, 1, 4, 1, 1)
caused INR: -16.57227957599091
TpsRandomic + CumulativeIndividualEstimated_INR + -15.0
None
(1, 15, 1, 4, 1, 1)
caused INR: -14.674876144005268
Iteration number 5
TpsAltruisticFromLsfGain + IndividualEstimated_INR + -10.0
None
ls_gain_coeffs:
[-126.51586398 -139.83807412 -148.13064715 -133.00919076 -137.6354739
 -141.34323008 -143.31788828 -126.90507236 -148.77785295 -140.9949227
 -149.35685703 -134.70805813 -132.09996078 -147.62036765 -145.03582324]
inrs_hat:  [-15.52616393 -28.84837407 -37.14094711 -22.01949071 -26.64577386
 -30.35353003 -32.32818824 -15.91537232 -37.7881529  -30.00522265
 -38.36715699 -23.71835809 -21.11026074 -36.63066761 -34.04612319]
scheduled_ues:  [ 0  1  2  3  4  5  6  7  8  9 10 11 12 13 14]
(1, 15, 1, 4, 1, 1)
caused INR: -9.573337394549391
TpsAltruisticFromLsfGain + IndividualEstimated_INR + -12.5
None
ls_gain_coeffs:
[-126.51586398 -139.83807412 -148.13064715 -133.00919076 -137.6354739
 -141.34323008 -143.31788828 -126.90507236 -148.77785295 -140.9949227
 -149.35685703 -134.70805813 -132.09996078 -147.62036765 -145.03582324]
inrs_hat:  [-15.52616393 -28.84837407 -37.14094711 -22.01949071 -26.64577386
 -30.35353003 -32.32818824 -15.91537232 -37.7881529  -30.00522265
 -38.36715699 -23.71835809 -21.11026074 -36.63066761 -34.04612319]
scheduled_ues:  [ 0  1  2  3  4  5  6  7  8  9 10 11 12 13 14]
(1, 15, 1, 4, 1, 1)
caused INR: -9.573337394549391
TpsAltruisticFromLsfGain + IndividualEstimated_INR + -15.0
None
ls_gain_coeffs:
[-126.51586398 -139.83807412 -148.13064715 -133.00919076 -137.6354739
 -141.34323008 -143.31788828 -126.90507236 -148.77785295 -140.9949227
 -149.35685703 -134.70805813 -132.09996078 -147.62036765 -145.03582324]
inrs_hat:  [-15.52616393 -28.84837407 -37.14094711 -22.01949071 -26.64577386
 -30.35353003 -32.32818824 -15.91537232 -37.7881529  -30.00522265
 -38.36715699 -23.71835809 -21.11026074 -36.63066761 -34.04612319]
scheduled_ues:  [ 0  1  2  3  4  5  6  7  8  9 10 11 12 13 14]
(1, 15, 1, 4, 1, 1)
caused INR: -9.573337394549391
TpsAltruisticFromLsfGain + CumulativeIndividualEstimated_INR + -10.0
None
(1, 15, 1, 4, 1, 1)
caused INR: -9.573337394549391
TpsAltruisticFromLsfGain + CumulativeIndividualEstimated_INR + -12.5
None
(1, 15, 1, 4, 1, 1)
caused INR: -16.677301839957792
TpsAltruisticFromLsfGain + CumulativeIndividualEstimated_INR + -15.0
None
(1, 15, 1, 4, 1, 1)
caused INR: -12.162987148933894
TpsRandomic + IndividualEstimated_INR + -10.0
None
ls_gain_coeffs:
[-114.86133891 -123.19971589 -148.13064715 -120.0707558  -123.62350196
 -134.71223507 -143.31788828 -126.90507236 -148.77785295 -140.9949227
 -133.00414851 -123.87585312 -121.79994023 -135.35837695 -131.48513585]
inrs_hat:  [ -3.87163887 -12.21001585 -37.14094711  -9.08105575 -12.63380192
 -23.72253503 -32.32818824 -15.91537232 -37.7881529  -30.00522265
 -22.01444846 -12.88615308 -10.81024019 -24.36867691 -20.49543581]
scheduled_ues:  [ 1  2  4  5  6  7  8  9 10 11 12 13 14]
(1, 15, 1, 4, 1, 1)
caused INR: -11.66103916830339
TpsRandomic + IndividualEstimated_INR + -12.5
None
ls_gain_coeffs:
[-109.3392528  -132.48687828 -134.26349072 -120.0707558  -131.7771356
 -124.99973262 -130.79783189 -118.12502983 -148.77785295 -140.9949227
 -149.35685703 -124.26559777 -121.79994023 -147.62036765 -128.70568198]
inrs_hat:  [  1.65044724 -21.49717824 -23.27379068  -9.08105575 -20.78743556
 -14.01003258 -19.80813184  -7.13532979 -37.7881529  -30.00522265
 -38.36715699 -13.27589773 -10.81024019 -36.63066761 -17.71598194]
scheduled_ues:  [ 1  2  4  5  6  8  9 10 11 13 14]
(1, 15, 1, 4, 1, 1)
caused INR: -9.549011640796277
TpsRandomic + IndividualEstimated_INR + -15.0
None
ls_gain_coeffs:
[-109.3392528  -126.35415351 -131.88088288 -131.51868588 -137.6354739
 -127.72883017 -126.52478593 -118.12502983 -142.75101923 -140.50810911
 -149.35685703 -123.87585312 -121.79994023 -130.97957235 -128.70568198]
inrs_hat:  [  1.65044724 -15.36445346 -20.89118284 -20.52898583 -26.64577386
 -16.73913012 -15.53508588  -7.13532979 -31.76131919 -29.51840906
 -38.36715699 -12.88615308 -10.81024019 -19.9898723  -17.71598194]
scheduled_ues:  [ 1  2  3  4  5  6  8  9 10 13 14]
(1, 15, 1, 4, 1, 1)
caused INR: -5.203097517318445
TpsRandomic + CumulativeIndividualEstimated_INR + -10.0
None
(1, 15, 1, 4, 1, 1)
caused INR: -11.854707898226096
TpsRandomic + CumulativeIndividualEstimated_INR + -12.5
None
(1, 15, 1, 4, 1, 1)
caused INR: -12.41715622545457
TpsRandomic + CumulativeIndividualEstimated_INR + -15.0
None
(1, 15, 1, 4, 1, 1)
caused INR: -21.81760315341223
Iteration number 6
TpsAltruisticFromLsfGain + IndividualEstimated_INR + -10.0
None
ls_gain_coeffs:
[-133.25729688 -135.28521189 -131.8215365  -145.35948928 -145.01097556
 -144.69844628 -139.27813647 -154.26100393 -130.87301912 -145.77810966
 -139.62295361 -142.3798434  -137.60499385 -137.60554452 -142.77695352]
inrs_hat:  [-22.26759683 -24.29551185 -20.83183645 -34.36978924 -34.02127552
 -33.70874624 -28.28843643 -43.27130389 -19.88331907 -34.78840962
 -28.63325357 -31.39014335 -26.61529381 -26.61584448 -31.78725348]
scheduled_ues:  [ 0  1  2  3  4  5  6  7  8  9 10 11 12 13 14]
(1, 15, 1, 4, 1, 1)
caused INR: -11.196809504337724
TpsAltruisticFromLsfGain + IndividualEstimated_INR + -12.5
None
ls_gain_coeffs:
[-133.25729688 -135.28521189 -131.8215365  -145.35948928 -145.01097556
 -144.69844628 -139.27813647 -154.26100393 -130.87301912 -145.77810966
 -139.62295361 -142.3798434  -137.60499385 -137.60554452 -142.77695352]
inrs_hat:  [-22.26759683 -24.29551185 -20.83183645 -34.36978924 -34.02127552
 -33.70874624 -28.28843643 -43.27130389 -19.88331907 -34.78840962
 -28.63325357 -31.39014335 -26.61529381 -26.61584448 -31.78725348]
scheduled_ues:  [ 0  1  2  3  4  5  6  7  8  9 10 11 12 13 14]
(1, 15, 1, 4, 1, 1)
caused INR: -11.196809504337724
TpsAltruisticFromLsfGain + IndividualEstimated_INR + -15.0
None
ls_gain_coeffs:
[-133.25729688 -135.28521189 -131.8215365  -145.35948928 -145.01097556
 -144.69844628 -139.27813647 -154.26100393 -130.87301912 -145.77810966
 -139.62295361 -142.3798434  -137.60499385 -137.60554452 -142.77695352]
inrs_hat:  [-22.26759683 -24.29551185 -20.83183645 -34.36978924 -34.02127552
 -33.70874624 -28.28843643 -43.27130389 -19.88331907 -34.78840962
 -28.63325357 -31.39014335 -26.61529381 -26.61584448 -31.78725348]
scheduled_ues:  [ 0  1  2  3  4  5  6  7  8  9 10 11 12 13 14]
(1, 15, 1, 4, 1, 1)
caused INR: -11.196809504337724
TpsAltruisticFromLsfGain + CumulativeIndividualEstimated_INR + -10.0
None
(1, 15, 1, 4, 1, 1)
caused INR: -11.196809504337724
TpsAltruisticFromLsfGain + CumulativeIndividualEstimated_INR + -12.5
None
(1, 15, 1, 4, 1, 1)
caused INR: -11.196809504337724
TpsAltruisticFromLsfGain + CumulativeIndividualEstimated_INR + -15.0
None
(1, 15, 1, 4, 1, 1)
caused INR: -11.298630451230895
TpsRandomic + IndividualEstimated_INR + -10.0
None
ls_gain_coeffs:
[-133.25729688 -119.7335013  -115.01299849 -128.55151469 -137.30534586
 -127.92172029 -139.27813647 -143.76977866 -125.3529148  -145.77810966
 -139.62295361 -129.50719329 -124.64264487 -121.00811447 -140.34754856]
inrs_hat:  [-22.26759683  -8.74380126  -4.02329845 -17.56181465 -26.31564581
 -16.93202025 -28.28843643 -32.78007861 -14.36321476 -34.78840962
 -28.63325357 -18.51749325 -13.65294483 -10.01841442 -29.35784852]
scheduled_ues:  [ 0  3  4  5  6  7  8  9 10 11 12 13 14]
(1, 15, 1, 4, 1, 1)
caused INR: -5.575358383478235
TpsRandomic + IndividualEstimated_INR + -12.5
None
ls_gain_coeffs:
[-133.25729688 -135.28521189 -117.63687107 -145.35948928 -137.30534586
 -133.35157197 -139.27813647 -154.26100393 -125.3529148  -129.61378489
 -139.62295361 -129.50719329 -137.60499385 -125.23898011 -140.34754856]
inrs_hat:  [-22.26759683 -24.29551185  -6.64717103 -34.36978924 -26.31564581
 -22.36187193 -28.28843643 -43.27130389 -14.36321476 -18.62408485
 -28.63325357 -18.51749325 -26.61529381 -14.24928007 -29.35784852]
scheduled_ues:  [ 0  1  3  4  5  6  7  8  9 10 11 12 13 14]
(1, 15, 1, 4, 1, 1)
caused INR: -9.412063302448491
TpsRandomic + IndividualEstimated_INR + -15.0
None
ls_gain_coeffs:
[-122.61670752 -130.62004601 -115.01299849 -134.03266805 -128.40231545
 -127.92172029 -123.2946935  -154.26100393 -116.59138434 -139.63619101
 -131.85542425 -134.47093403 -124.12189589 -121.00811447 -142.77695352]
inrs_hat:  [-11.62700747 -19.63034596  -4.02329845 -23.04296801 -17.41261541
 -16.93202025 -12.30499346 -43.27130389  -5.6016843  -28.64649096
 -20.8657242  -23.48123398 -13.13219585 -10.01841442 -31.78725348]
scheduled_ues:  [ 1  3  4  5  7  9 10 11 14]
(1, 15, 1, 4, 1, 1)
caused INR: -13.051118859797528
TpsRandomic + CumulativeIndividualEstimated_INR + -10.0
None
(1, 15, 1, 4, 1, 1)
caused INR: -14.478442160390719
TpsRandomic + CumulativeIndividualEstimated_INR + -12.5
None
(1, 15, 1, 4, 1, 1)
caused INR: -13.987891650846143
TpsRandomic + CumulativeIndividualEstimated_INR + -15.0
None
(1, 15, 1, 4, 1, 1)
caused INR: -15.020550803531707
Iteration number 7
TpsAltruisticFromLsfGain + IndividualEstimated_INR + -10.0
None
ls_gain_coeffs:
[-140.51434256 -148.2749268  -138.83690704 -134.02705604 -145.86970399
 -146.62611526 -150.17788559 -136.45314902 -141.60135381 -141.40413891
 -137.31265548 -138.63057672 -139.97134677 -136.74348068 -133.40309531]
inrs_hat:  [-29.52464252 -37.28522676 -27.847207   -23.03735599 -34.88000395
 -35.63641521 -39.18818555 -25.46344897 -30.61165377 -30.41443887
 -26.32295544 -27.64087668 -28.98164672 -25.75378063 -22.41339527]
scheduled_ues:  [ 0  1  2  3  4  5  6  7  8  9 10 11 12 13 14]
(1, 15, 1, 4, 1, 1)
caused INR: -20.631014193077846
TpsAltruisticFromLsfGain + IndividualEstimated_INR + -12.5
None
ls_gain_coeffs:
[-140.51434256 -148.2749268  -138.83690704 -134.02705604 -145.86970399
 -146.62611526 -150.17788559 -136.45314902 -141.60135381 -141.40413891
 -137.31265548 -138.63057672 -139.97134677 -136.74348068 -133.40309531]
inrs_hat:  [-29.52464252 -37.28522676 -27.847207   -23.03735599 -34.88000395
 -35.63641521 -39.18818555 -25.46344897 -30.61165377 -30.41443887
 -26.32295544 -27.64087668 -28.98164672 -25.75378063 -22.41339527]
scheduled_ues:  [ 0  1  2  3  4  5  6  7  8  9 10 11 12 13 14]
(1, 15, 1, 4, 1, 1)
caused INR: -20.631014193077846
TpsAltruisticFromLsfGain + IndividualEstimated_INR + -15.0
None
ls_gain_coeffs:
[-140.51434256 -148.2749268  -138.83690704 -134.02705604 -145.86970399
 -146.62611526 -150.17788559 -136.45314902 -141.60135381 -141.40413891
 -137.31265548 -138.63057672 -139.97134677 -136.74348068 -133.40309531]
inrs_hat:  [-29.52464252 -37.28522676 -27.847207   -23.03735599 -34.88000395
 -35.63641521 -39.18818555 -25.46344897 -30.61165377 -30.41443887
 -26.32295544 -27.64087668 -28.98164672 -25.75378063 -22.41339527]
scheduled_ues:  [ 0  1  2  3  4  5  6  7  8  9 10 11 12 13 14]
(1, 15, 1, 4, 1, 1)
caused INR: -20.631014193077846
TpsAltruisticFromLsfGain + CumulativeIndividualEstimated_INR + -10.0
None
(1, 15, 1, 4, 1, 1)
caused INR: -20.631014193077846
TpsAltruisticFromLsfGain + CumulativeIndividualEstimated_INR + -12.5
None
(1, 15, 1, 4, 1, 1)
caused INR: -20.631014193077846
TpsAltruisticFromLsfGain + CumulativeIndividualEstimated_INR + -15.0
None
(1, 15, 1, 4, 1, 1)
caused INR: -20.631014193077846
TpsRandomic + IndividualEstimated_INR + -10.0
None
ls_gain_coeffs:
[-140.51434256 -131.57146192 -122.13484225 -134.02705604 -134.01028737
 -129.91908757 -139.88668925 -131.93611444 -127.55518462 -139.65299059
 -126.11542664 -138.63057672 -127.16424811 -129.67131085 -122.54314161]
inrs_hat:  [-29.52464252 -20.58176187 -11.14514221 -23.03735599 -23.02058733
 -18.92938753 -28.89698921 -20.9464144  -16.56548458 -28.66329055
 -15.12572659 -27.64087668 -16.17454807 -18.6816108  -11.55344157]
scheduled_ues:  [ 0  1  2  3  4  5  6  7  8  9 10 11 12 13 14]
(1, 15, 1, 4, 1, 1)
caused INR: -6.265364967326738
TpsRandomic + IndividualEstimated_INR + -12.5
None
ls_gain_coeffs:
[-140.51434256 -136.63419601 -122.13484225 -121.48023673 -145.86970399
 -137.47779355 -139.35786249 -131.93611444 -125.95061543 -127.7951067
 -127.55412363 -138.14242632 -139.97134677 -129.67131085 -123.01347083]
inrs_hat:  [-29.52464252 -25.64449597 -11.14514221 -10.49053669 -34.88000395
 -26.4880935  -28.36816245 -20.9464144  -14.96091539 -16.80540665
 -16.56442359 -27.15272628 -28.98164672 -18.6816108  -12.02377079]
scheduled_ues:  [ 0  1  4  5  6  7  8  9 10 11 12 13]
(1, 15, 1, 4, 1, 1)
caused INR: -8.21461112865337
TpsRandomic + IndividualEstimated_INR + -15.0
None
ls_gain_coeffs:
[-130.56949229 -148.2749268  -131.05032021 -121.48023673 -134.01028737
 -137.47779355 -139.88668925 -122.50587083 -141.60135381 -127.7951067
 -126.11542664 -126.02625992 -139.97134677 -120.00522712 -123.01347083]
inrs_hat:  [-19.57979225 -37.28522676 -20.06062017 -10.49053669 -23.02058733
 -26.4880935  -28.89698921 -11.51617078 -30.61165377 -16.80540665
 -15.12572659 -15.03655988 -28.98164672  -9.01552708 -12.02377079]
scheduled_ues:  [ 0  1  2  4  5  6  8  9 10 11 12]
(1, 15, 1, 4, 1, 1)
caused INR: -6.233703901585608
TpsRandomic + CumulativeIndividualEstimated_INR + -10.0
None
(1, 15, 1, 4, 1, 1)
caused INR: -7.021719475424842
TpsRandomic + CumulativeIndividualEstimated_INR + -12.5
None
(1, 15, 1, 4, 1, 1)
caused INR: -10.130957325215151
TpsRandomic + CumulativeIndividualEstimated_INR + -15.0
None
(1, 15, 1, 4, 1, 1)
caused INR: -12.830772266339274
Iteration number 8
TpsAltruisticFromLsfGain + IndividualEstimated_INR + -10.0
None
ls_gain_coeffs:
[-152.79029332 -101.3314794  -138.94192687 -131.37901632 -122.3741391
 -141.41417373 -140.77032354 -136.72273104 -133.64400233 -134.2608925
 -127.07452931 -149.43964935 -138.58350691 -133.06117942 -151.52265904]
inrs_hat:  [-41.80059328   9.65822064 -27.95222683 -20.38931628 -11.38443905
 -30.42447369 -29.7806235  -25.73303099 -22.65430228 -23.27119246
 -16.08482926 -38.44994931 -27.59380687 -22.07147937 -40.532959  ]
scheduled_ues:  [ 0  2  3  4  5  6  7  8  9 10 11 12 13 14]
(1, 15, 1, 4, 1, 1)
caused INR: -20.603536171261215
TpsAltruisticFromLsfGain + IndividualEstimated_INR + -12.5
None
ls_gain_coeffs:
[-152.79029332 -101.3314794  -138.94192687 -131.37901632 -122.3741391
 -141.41417373 -140.77032354 -136.72273104 -133.64400233 -134.2608925
 -127.07452931 -149.43964935 -138.58350691 -133.06117942 -151.52265904]
inrs_hat:  [-41.80059328   9.65822064 -27.95222683 -20.38931628 -11.38443905
 -30.42447369 -29.7806235  -25.73303099 -22.65430228 -23.27119246
 -16.08482926 -38.44994931 -27.59380687 -22.07147937 -40.532959  ]
scheduled_ues:  [ 0  2  3  5  6  7  8  9 10 11 12 13 14]
(1, 15, 1, 4, 1, 1)
caused INR: -23.74349803552548
TpsAltruisticFromLsfGain + IndividualEstimated_INR + -15.0
None
ls_gain_coeffs:
[-152.79029332 -101.3314794  -138.94192687 -131.37901632 -122.3741391
 -141.41417373 -140.77032354 -136.72273104 -133.64400233 -134.2608925
 -127.07452931 -149.43964935 -138.58350691 -133.06117942 -151.52265904]
inrs_hat:  [-41.80059328   9.65822064 -27.95222683 -20.38931628 -11.38443905
 -30.42447369 -29.7806235  -25.73303099 -22.65430228 -23.27119246
 -16.08482926 -38.44994931 -27.59380687 -22.07147937 -40.532959  ]
scheduled_ues:  [ 0  2  3  5  6  7  8  9 10 11 12 13 14]
(1, 15, 1, 4, 1, 1)
caused INR: -23.74349803552548
TpsAltruisticFromLsfGain + CumulativeIndividualEstimated_INR + -10.0
None
(1, 15, 1, 4, 1, 1)
caused INR: -23.74349803552548
TpsAltruisticFromLsfGain + CumulativeIndividualEstimated_INR + -12.5
None
(1, 15, 1, 4, 1, 1)
caused INR: -15.909335470603008
TpsAltruisticFromLsfGain + CumulativeIndividualEstimated_INR + -15.0
None
(1, 15, 1, 4, 1, 1)
caused INR: -17.992777887209574
TpsRandomic + IndividualEstimated_INR + -10.0
None
ls_gain_coeffs:
[-140.37709918  -86.44105369 -125.62818026 -118.53177916 -122.3741391
 -124.45726632 -124.11800966 -136.12857519 -120.08979724 -120.32170434
 -127.07452931 -133.1780601  -138.58350691 -115.80892088 -151.52265904]
inrs_hat:  [-29.38739914  24.54864635 -14.63848022  -7.54207912 -11.38443905
 -13.46756627 -13.12830962 -25.13887514  -9.1000972   -9.3320043
 -16.08482926 -22.18836005 -27.59380687  -4.81922084 -40.532959  ]
scheduled_ues:  [ 0  2  4  5  6  7 10 11 12 14]
(1, 15, 1, 4, 1, 1)
caused INR: -16.23134425108659
TpsRandomic + IndividualEstimated_INR + -12.5
None
ls_gain_coeffs:
[-140.37709918  -93.98500226 -138.94192687 -118.53177916 -100.99367368
 -141.41417373 -133.80477446 -136.72273104 -133.64400233 -120.32170434
 -118.84004398 -149.43964935 -121.77428013 -115.80892088 -151.52265904]
inrs_hat:  [-29.38739914  17.00469778 -27.95222683  -7.54207912   9.99602637
 -30.42447369 -22.81507441 -25.73303099 -22.65430228  -9.3320043
  -7.85034394 -38.44994931 -10.78458009  -4.81922084 -40.532959  ]
scheduled_ues:  [ 0  2  5  6  7  8 11 14]
(1, 15, 1, 4, 1, 1)
caused INR: -20.19933847195086
TpsRandomic + IndividualEstimated_INR + -15.0
None
ls_gain_coeffs:
[-136.27601935  -83.99222798 -122.69850757 -118.126142   -105.98440975
 -132.0974873  -126.87284487 -136.12857519 -133.64400233 -128.26141416
 -127.07452931 -133.1780601  -124.97404244 -133.06117942 -134.79902594]
inrs_hat:  [-25.2863193   26.99747207 -11.70880753  -7.13644196   5.00529029
 -21.10778726 -15.88314482 -25.13887514 -22.65430228 -17.27171411
 -16.08482926 -22.18836005 -13.9843424  -22.07147937 -23.80932589]
scheduled_ues:  [ 0  5  6  7  8  9 10 11 13 14]
(1, 15, 1, 4, 1, 1)
caused INR: -10.433610849562902
TpsRandomic + CumulativeIndividualEstimated_INR + -10.0
None
(1, 15, 1, 4, 1, 1)
caused INR: -17.605945857040112
TpsRandomic + CumulativeIndividualEstimated_INR + -12.5
None
(1, 15, 1, 4, 1, 1)
caused INR: -14.095514969396039
TpsRandomic + CumulativeIndividualEstimated_INR + -15.0
None
(1, 15, 1, 4, 1, 1)
caused INR: -17.020770000528508
Iteration number 9
TpsAltruisticFromLsfGain + IndividualEstimated_INR + -10.0
None
ls_gain_coeffs:
[-145.64689057 -144.64610094 -129.1471317  -148.08814823 -134.25647089
 -120.33221727 -135.89170741 -129.78247951 -149.70504298 -149.92565693
 -148.92109982 -126.57343305 -132.48095527 -127.93228053 -144.98451302]
inrs_hat:  [-34.65719052 -33.65640089 -18.15743166 -37.09844819 -23.26677084
  -9.34251723 -24.90200737 -18.79277947 -38.71534294 -38.93595689
 -37.93139977 -15.58373301 -21.49125523 -16.94258049 -33.99481298]
scheduled_ues:  [ 0  1  2  3  4  6  7  8  9 10 11 12 13 14]
(1, 15, 1, 4, 1, 1)
caused INR: -9.434751784785542
TpsAltruisticFromLsfGain + IndividualEstimated_INR + -12.5
None
ls_gain_coeffs:
[-145.64689057 -144.64610094 -129.1471317  -148.08814823 -134.25647089
 -120.33221727 -135.89170741 -129.78247951 -149.70504298 -149.92565693
 -148.92109982 -126.57343305 -132.48095527 -127.93228053 -144.98451302]
inrs_hat:  [-34.65719052 -33.65640089 -18.15743166 -37.09844819 -23.26677084
  -9.34251723 -24.90200737 -18.79277947 -38.71534294 -38.93595689
 -37.93139977 -15.58373301 -21.49125523 -16.94258049 -33.99481298]
scheduled_ues:  [ 0  1  2  3  4  6  7  8  9 10 11 12 13 14]
(1, 15, 1, 4, 1, 1)
caused INR: -9.434751784785542
TpsAltruisticFromLsfGain + IndividualEstimated_INR + -15.0
None
ls_gain_coeffs:
[-145.64689057 -144.64610094 -129.1471317  -148.08814823 -134.25647089
 -120.33221727 -135.89170741 -129.78247951 -149.70504298 -149.92565693
 -148.92109982 -126.57343305 -132.48095527 -127.93228053 -144.98451302]
inrs_hat:  [-34.65719052 -33.65640089 -18.15743166 -37.09844819 -23.26677084
  -9.34251723 -24.90200737 -18.79277947 -38.71534294 -38.93595689
 -37.93139977 -15.58373301 -21.49125523 -16.94258049 -33.99481298]
scheduled_ues:  [ 0  1  2  3  4  6  7  8  9 10 11 12 13 14]
(1, 15, 1, 4, 1, 1)
caused INR: -9.434751784785542
TpsAltruisticFromLsfGain + CumulativeIndividualEstimated_INR + -10.0
None
(1, 15, 1, 4, 1, 1)
caused INR: -9.434751784785542
TpsAltruisticFromLsfGain + CumulativeIndividualEstimated_INR + -12.5
None
(1, 15, 1, 4, 1, 1)
caused INR: -17.570587038254168
TpsAltruisticFromLsfGain + CumulativeIndividualEstimated_INR + -15.0
None
(1, 15, 1, 4, 1, 1)
caused INR: -13.353891240699237
TpsRandomic + IndividualEstimated_INR + -10.0
None
ls_gain_coeffs:
[-132.75952049 -144.64610094 -119.18520358 -147.64301933 -122.1293369
 -113.87496869 -135.89170741 -118.04424552 -133.03508371 -149.92565693
 -140.80893425 -124.59703264 -115.14205677 -114.39138767 -128.21494516]
inrs_hat:  [-21.76982044 -33.65640089  -8.19550354 -36.65331929 -11.13963686
  -2.88526865 -24.90200737  -7.05454548 -22.04538366 -38.93595689
 -29.81923421 -13.6073326   -4.15235673  -3.40168762 -17.22524512]
scheduled_ues:  [ 0  1  3  4  6  8  9 10 11 14]
(1, 15, 1, 4, 1, 1)
caused INR: -3.018784372896331
TpsRandomic + IndividualEstimated_INR + -12.5
None
ls_gain_coeffs:
[-145.64689057 -136.99066315 -119.18520358 -147.64301933 -117.07272661
 -103.612192   -135.89170741 -129.78247951 -139.81092079 -133.36934912
 -148.92109982 -124.59703264 -115.14205677 -124.63440193 -128.21494516]
inrs_hat:  [-34.65719052 -26.00096311  -8.19550354 -36.65331929  -6.08302657
   7.37750804 -24.90200737 -18.79277947 -28.82122074 -22.37964908
 -37.93139977 -13.6073326   -4.15235673 -13.64470189 -17.22524512]
scheduled_ues:  [ 0  1  3  6  7  8  9 10 11 13 14]
(1, 15, 1, 4, 1, 1)
caused INR: -3.791356364642721
TpsRandomic + IndividualEstimated_INR + -15.0
None
ls_gain_coeffs:
[-145.64689057 -128.05520966 -119.18520358 -148.08814823 -122.1293369
 -113.87496869 -119.16180818 -129.78247951 -138.70084663 -149.92565693
 -136.42049306 -113.47303292 -121.68861218 -113.2920948  -135.71559691]
inrs_hat:  [-34.65719052 -17.06550962  -8.19550354 -37.09844819 -11.13963686
  -2.88526865  -8.17210814 -18.79277947 -27.71114659 -38.93595689
 -25.43079302  -2.48333287 -10.69891214  -2.30239475 -24.72589687]
scheduled_ues:  [ 0  1  3  7  8  9 10 14]
(1, 15, 1, 4, 1, 1)
caused INR: -14.612926074924284
TpsRandomic + CumulativeIndividualEstimated_INR + -10.0
None
(1, 15, 1, 4, 1, 1)
caused INR: -10.879156133349703
TpsRandomic + CumulativeIndividualEstimated_INR + -12.5
None
(1, 15, 1, 4, 1, 1)
caused INR: -14.726336433856318
TpsRandomic + CumulativeIndividualEstimated_INR + -15.0
None
(1, 15, 1, 4, 1, 1)
caused INR: -17.85327674437924
Iteration number 10
TpsAltruisticFromLsfGain + IndividualEstimated_INR + -10.0
None
ls_gain_coeffs:
[-136.98910866 -134.63758255 -133.84233697 -147.13915194 -146.87082383
 -153.46276777 -133.21441309 -135.28311375 -136.92722385 -141.03199926
 -141.99828216 -130.03930917 -148.47977972 -151.98005518 -125.75246445]
inrs_hat:  [-25.99940861 -23.64788251 -22.85263692 -36.1494519  -35.88112379
 -42.47306773 -22.22471305 -24.2934137  -25.93752381 -30.04229921
 -31.00858211 -19.04960912 -37.49007968 -40.99035514 -14.76276441]
scheduled_ues:  [ 0  1  2  3  4  5  6  7  8  9 10 11 12 13 14]
(1, 15, 1, 4, 1, 1)
caused INR: -16.369852898930084
TpsAltruisticFromLsfGain + IndividualEstimated_INR + -12.5
None
ls_gain_coeffs:
[-136.98910866 -134.63758255 -133.84233697 -147.13915194 -146.87082383
 -153.46276777 -133.21441309 -135.28311375 -136.92722385 -141.03199926
 -141.99828216 -130.03930917 -148.47977972 -151.98005518 -125.75246445]
inrs_hat:  [-25.99940861 -23.64788251 -22.85263692 -36.1494519  -35.88112379
 -42.47306773 -22.22471305 -24.2934137  -25.93752381 -30.04229921
 -31.00858211 -19.04960912 -37.49007968 -40.99035514 -14.76276441]
scheduled_ues:  [ 0  1  2  3  4  5  6  7  8  9 10 11 12 13 14]
(1, 15, 1, 4, 1, 1)
caused INR: -16.369852898930084
TpsAltruisticFromLsfGain + IndividualEstimated_INR + -15.0
None
ls_gain_coeffs:
[-136.98910866 -134.63758255 -133.84233697 -147.13915194 -146.87082383
 -153.46276777 -133.21441309 -135.28311375 -136.92722385 -141.03199926
 -141.99828216 -130.03930917 -148.47977972 -151.98005518 -125.75246445]
inrs_hat:  [-25.99940861 -23.64788251 -22.85263692 -36.1494519  -35.88112379
 -42.47306773 -22.22471305 -24.2934137  -25.93752381 -30.04229921
 -31.00858211 -19.04960912 -37.49007968 -40.99035514 -14.76276441]
scheduled_ues:  [ 0  1  2  3  4  5  6  7  8  9 10 11 12 13]
(1, 15, 1, 4, 1, 1)
caused INR: -15.282856862674452
TpsAltruisticFromLsfGain + CumulativeIndividualEstimated_INR + -10.0
None
(1, 15, 1, 4, 1, 1)
caused INR: -16.369852898930084
TpsAltruisticFromLsfGain + CumulativeIndividualEstimated_INR + -12.5
None
(1, 15, 1, 4, 1, 1)
caused INR: -15.282856862674452
TpsAltruisticFromLsfGain + CumulativeIndividualEstimated_INR + -15.0
None
(1, 15, 1, 4, 1, 1)
caused INR: -17.895179141992635
TpsRandomic + IndividualEstimated_INR + -10.0
None
ls_gain_coeffs:
[-126.2159218  -124.08465958 -130.67131513 -132.98344729 -146.87082383
 -141.15758292 -119.34262699 -122.23681249 -120.1073996  -141.03199926
 -141.99828216 -112.66560043 -132.22701857 -143.83415495 -112.44102364]
inrs_hat:  [-15.22622176 -13.09495953 -19.68161508 -21.99374725 -35.88112379
 -30.16788287  -8.35292695 -11.24711245  -9.11769955 -30.04229921
 -31.00858211  -1.67590039 -21.23731853 -32.84445491  -1.45132359]
scheduled_ues:  [ 0  1  2  3  4  5  7  9 10 12 13]
(1, 15, 1, 4, 1, 1)
caused INR: -21.219457851264686
TpsRandomic + IndividualEstimated_INR + -12.5
None
ls_gain_coeffs:
[-126.22789688 -124.08465958 -133.84233697 -132.98344729 -138.94474383
 -136.9685726  -119.34262699 -121.63211123 -136.92722385 -124.526011
 -140.04526638 -115.18530315 -148.47977972 -135.43213087 -112.87594404]
inrs_hat:  [-15.23819684 -13.09495953 -22.85263692 -21.99374725 -27.95504378
 -25.97887256  -8.35292695 -10.64241119 -25.93752381 -13.53631095
 -29.05556634  -4.19560311 -37.49007968 -24.44243082  -1.886244  ]
scheduled_ues:  [ 0  1  2  3  4  5  8  9 10 12 13]
(1, 15, 1, 4, 1, 1)
caused INR: -13.787756723982724
TpsRandomic + IndividualEstimated_INR + -15.0
None
ls_gain_coeffs:
[-126.2159218  -124.08465958 -120.34372969 -147.13915194 -146.87082383
 -153.46276777 -120.05772004 -121.63211123 -125.90398955 -124.526011
 -140.04526638 -130.03930917 -141.84401562 -151.98005518 -112.87594404]
inrs_hat:  [-15.22622176 -13.09495953  -9.35402964 -36.1494519  -35.88112379
 -42.47306773  -9.06802    -10.64241119 -14.91428951 -13.53631095
 -29.05556634 -19.04960912 -30.85431558 -40.99035514  -1.886244  ]
scheduled_ues:  [ 0  3  4  5 10 11 12 13]
(1, 15, 1, 4, 1, 1)
caused INR: -13.099336361612192
TpsRandomic + CumulativeIndividualEstimated_INR + -10.0
None
(1, 15, 1, 4, 1, 1)
caused INR: -9.564596301700453
TpsRandomic + CumulativeIndividualEstimated_INR + -12.5
None
(1, 15, 1, 4, 1, 1)
caused INR: -13.710564866436577
TpsRandomic + CumulativeIndividualEstimated_INR + -15.0
None
(1, 15, 1, 4, 1, 1)
caused INR: -17.194252776068097
Iteration number 11
TpsAltruisticFromLsfGain + IndividualEstimated_INR + -10.0
None
ls_gain_coeffs:
[-140.27136808 -130.38477543 -138.08154676 -129.29669923 -144.92247228
 -135.6861334  -129.12949232 -141.22622765 -146.38701139 -141.11897032
 -123.10907418 -144.19853939 -123.90742776 -126.81471985 -147.53170763]
inrs_hat:  [-29.28166803 -19.39507539 -27.09184672 -18.30699919 -33.93277224
 -24.69643336 -18.13979228 -30.2365276  -35.39731135 -30.12927028
 -12.11937414 -33.20883934 -12.91772772 -15.8250198  -36.54200758]
scheduled_ues:  [ 0  1  2  3  4  5  6  7  8  9 10 11 12 13 14]
(1, 15, 1, 4, 1, 1)
caused INR: -20.913856942779546
TpsAltruisticFromLsfGain + IndividualEstimated_INR + -12.5
None
ls_gain_coeffs:
[-140.27136808 -130.38477543 -138.08154676 -129.29669923 -144.92247228
 -135.6861334  -129.12949232 -141.22622765 -146.38701139 -141.11897032
 -123.10907418 -144.19853939 -123.90742776 -126.81471985 -147.53170763]
inrs_hat:  [-29.28166803 -19.39507539 -27.09184672 -18.30699919 -33.93277224
 -24.69643336 -18.13979228 -30.2365276  -35.39731135 -30.12927028
 -12.11937414 -33.20883934 -12.91772772 -15.8250198  -36.54200758]
scheduled_ues:  [ 0  1  2  3  4  5  6  7  8  9 11 12 13 14]
(1, 15, 1, 4, 1, 1)
caused INR: -13.331553152669223
TpsAltruisticFromLsfGain + IndividualEstimated_INR + -15.0
None
ls_gain_coeffs:
[-140.27136808 -130.38477543 -138.08154676 -129.29669923 -144.92247228
 -135.6861334  -129.12949232 -141.22622765 -146.38701139 -141.11897032
 -123.10907418 -144.19853939 -123.90742776 -126.81471985 -147.53170763]
inrs_hat:  [-29.28166803 -19.39507539 -27.09184672 -18.30699919 -33.93277224
 -24.69643336 -18.13979228 -30.2365276  -35.39731135 -30.12927028
 -12.11937414 -33.20883934 -12.91772772 -15.8250198  -36.54200758]
scheduled_ues:  [ 0  1  2  3  4  5  6  7  8  9 11 13 14]
(1, 15, 1, 4, 1, 1)
caused INR: -23.753603700120802
TpsAltruisticFromLsfGain + CumulativeIndividualEstimated_INR + -10.0
None
(1, 15, 1, 4, 1, 1)
caused INR: -23.753603700120802
TpsAltruisticFromLsfGain + CumulativeIndividualEstimated_INR + -12.5
None
(1, 15, 1, 4, 1, 1)
caused INR: -17.72921956465227
TpsAltruisticFromLsfGain + CumulativeIndividualEstimated_INR + -15.0
None
(1, 15, 1, 4, 1, 1)
caused INR: -19.420174974378423
TpsRandomic + IndividualEstimated_INR + -10.0
None
ls_gain_coeffs:
[-124.17571795 -113.13641502 -121.34320689 -129.29669923 -138.08232336
 -121.75473982 -115.90068107 -126.16387414 -133.33799741 -141.11897032
 -109.95935487 -139.35591795 -111.31757492 -123.10653599 -147.53170763]
inrs_hat:  [-13.1860179   -2.14671497 -10.35350684 -18.30699919 -27.09262331
 -10.76503978  -4.91098102 -15.1741741  -22.34829737 -30.12927028
   1.03034517 -28.3662179   -0.32787488 -12.11683595 -36.54200758]
scheduled_ues:  [ 0  2  3  4  5  7  8  9 11 13 14]
(1, 15, 1, 4, 1, 1)
caused INR: -13.869508253755855
TpsRandomic + IndividualEstimated_INR + -12.5
None
ls_gain_coeffs:
[-124.17571795 -113.13641502 -138.08154676 -127.39373397 -128.45846162
 -135.6861334  -116.29428669 -137.29509739 -129.88785745 -135.09549066
 -123.10907418 -128.52852509 -111.31757492 -123.10653599 -147.53170763]
inrs_hat:  [-13.1860179   -2.14671497 -27.09184672 -16.40403393 -17.46876158
 -24.69643336  -5.30458665 -26.30539735 -18.8981574  -24.10579062
 -12.11937414 -17.53882505  -0.32787488 -12.11683595 -36.54200758]
scheduled_ues:  [ 0  2  3  4  5  7  8  9 11 14]
(1, 15, 1, 4, 1, 1)
caused INR: -9.044782315854114
TpsRandomic + IndividualEstimated_INR + -15.0
None
ls_gain_coeffs:
[-134.4226152  -113.13641502 -138.08154676 -129.29669923 -131.27619989
 -120.26494625 -115.90068107 -141.22622765 -133.33799741 -124.96965937
 -103.4729318  -128.52852509 -123.46266924 -126.81471985 -140.44817842]
inrs_hat:  [-23.43291516  -2.14671497 -27.09184672 -18.30699919 -20.28649985
  -9.27524621  -4.91098102 -30.2365276  -22.34829737 -13.97995933
   7.51676824 -17.53882505 -12.47296919 -15.8250198  -29.45847838]
scheduled_ues:  [ 0  2  3  4  7  8 11 13 14]
(1, 15, 1, 4, 1, 1)
caused INR: -12.810545932876972
TpsRandomic + CumulativeIndividualEstimated_INR + -10.0
None
(1, 15, 1, 4, 1, 1)
caused INR: -18.384113754483227
TpsRandomic + CumulativeIndividualEstimated_INR + -12.5
None
(1, 15, 1, 4, 1, 1)
caused INR: -18.997548131873753
TpsRandomic + CumulativeIndividualEstimated_INR + -15.0
None
(1, 15, 1, 4, 1, 1)
caused INR: -14.435102868997681
Iteration number 12
TpsAltruisticFromLsfGain + IndividualEstimated_INR + -10.0
None
ls_gain_coeffs:
[-140.89904227 -130.4631849  -146.69065418 -142.09829993 -134.17768964
 -127.09553328 -147.84138315 -133.96141898 -132.1751511  -130.10970284
 -147.38258627 -138.2319848  -137.11418113 -130.90636245 -143.25233503]
inrs_hat:  [-29.90934222 -19.47348486 -35.70095414 -31.10859988 -23.1879896
 -16.10583323 -36.8516831  -22.97171894 -21.18545105 -19.12000279
 -36.39288623 -27.24228476 -26.12448109 -19.91666241 -32.26263499]
scheduled_ues:  [ 0  1  2  3  4  5  6  7  8  9 10 11 12 13 14]
(1, 15, 1, 4, 1, 1)
caused INR: -12.980148718203308
TpsAltruisticFromLsfGain + IndividualEstimated_INR + -12.5
None
ls_gain_coeffs:
[-140.89904227 -130.4631849  -146.69065418 -142.09829993 -134.17768964
 -127.09553328 -147.84138315 -133.96141898 -132.1751511  -130.10970284
 -147.38258627 -138.2319848  -137.11418113 -130.90636245 -143.25233503]
inrs_hat:  [-29.90934222 -19.47348486 -35.70095414 -31.10859988 -23.1879896
 -16.10583323 -36.8516831  -22.97171894 -21.18545105 -19.12000279
 -36.39288623 -27.24228476 -26.12448109 -19.91666241 -32.26263499]
scheduled_ues:  [ 0  1  2  3  4  5  6  7  8  9 10 11 12 13 14]
(1, 15, 1, 4, 1, 1)
caused INR: -12.980148718203308
TpsAltruisticFromLsfGain + IndividualEstimated_INR + -15.0
None
ls_gain_coeffs:
[-140.89904227 -130.4631849  -146.69065418 -142.09829993 -134.17768964
 -127.09553328 -147.84138315 -133.96141898 -132.1751511  -130.10970284
 -147.38258627 -138.2319848  -137.11418113 -130.90636245 -143.25233503]
inrs_hat:  [-29.90934222 -19.47348486 -35.70095414 -31.10859988 -23.1879896
 -16.10583323 -36.8516831  -22.97171894 -21.18545105 -19.12000279
 -36.39288623 -27.24228476 -26.12448109 -19.91666241 -32.26263499]
scheduled_ues:  [ 0  1  2  3  4  5  6  7  8  9 10 11 12 13 14]
(1, 15, 1, 4, 1, 1)
caused INR: -12.980148718203308
TpsAltruisticFromLsfGain + CumulativeIndividualEstimated_INR + -10.0
None
(1, 15, 1, 4, 1, 1)
caused INR: -12.980148718203308
TpsAltruisticFromLsfGain + CumulativeIndividualEstimated_INR + -12.5
None
(1, 15, 1, 4, 1, 1)
caused INR: -11.897643201072714
TpsAltruisticFromLsfGain + CumulativeIndividualEstimated_INR + -15.0
None
(1, 15, 1, 4, 1, 1)
caused INR: -15.100967147963335
TpsRandomic + IndividualEstimated_INR + -10.0
None
ls_gain_coeffs:
[-123.98622804 -114.16646521 -133.3465748  -131.99440205 -129.29471293
 -109.98745136 -134.66501156 -126.86920859 -129.02754455 -130.10970284
 -147.38258627 -122.26278124 -136.23169363 -124.35496904 -129.64815485]
inrs_hat:  [-12.99652799  -3.17676516 -22.35687475 -21.00470201 -18.30501289
   1.00224868 -23.67531151 -15.87950855 -18.03784451 -19.12000279
 -36.39288623 -11.27308119 -25.24199359 -13.365269   -18.65845481]
scheduled_ues:  [ 0  2  3  4  6  7  8  9 10 11 12 13 14]
(1, 15, 1, 4, 1, 1)
caused INR: -4.3390702124014435
TpsRandomic + IndividualEstimated_INR + -12.5
None
ls_gain_coeffs:
[-128.50068111 -124.06643278 -133.3465748  -130.93460065 -120.10843074
 -127.09553328 -131.43796295 -126.86920859 -129.02754455 -124.63957763
 -147.38258627 -132.94057946 -124.08425613 -116.98792153 -128.48557468]
inrs_hat:  [-17.51098107 -13.07673274 -22.35687475 -19.9449006   -9.11873069
 -16.10583323 -20.44826291 -15.87950855 -18.03784451 -13.64987759
 -36.39288623 -21.95087941 -13.09455609  -5.99822149 -17.49587463]
scheduled_ues:  [ 0  1  2  3  5  6  7  8  9 10 11 12 14]
(1, 15, 1, 4, 1, 1)
caused INR: -15.359206974684431
TpsRandomic + IndividualEstimated_INR + -15.0
None
ls_gain_coeffs:
[-123.98622804 -130.4631849  -146.69065418 -125.24370135 -120.10843074
 -109.98745136 -140.65251434 -120.10261331 -117.63514673 -130.10970284
 -130.53530933 -132.94057946 -137.11418113 -116.98792153 -139.7645945 ]
inrs_hat:  [-12.99652799 -19.47348486 -35.70095414 -14.25400131  -9.11873069
   1.00224868 -29.6628143   -9.11291327  -6.64544669 -19.12000279
 -19.54560928 -21.95087941 -26.12448109  -5.99822149 -28.77489446]
scheduled_ues:  [ 1  2  6  9 10 11 12 14]
(1, 15, 1, 4, 1, 1)
caused INR: -9.295974975132877
TpsRandomic + CumulativeIndividualEstimated_INR + -10.0
None
(1, 15, 1, 4, 1, 1)
caused INR: -20.30133211638542
TpsRandomic + CumulativeIndividualEstimated_INR + -12.5
None
(1, 15, 1, 4, 1, 1)
caused INR: -7.507717684496122
TpsRandomic + CumulativeIndividualEstimated_INR + -15.0
None
(1, 15, 1, 4, 1, 1)
caused INR: -20.606041783564464
Iteration number 13
TpsAltruisticFromLsfGain + IndividualEstimated_INR + -10.0
None
ls_gain_coeffs:
[-138.24322338 -135.35956763 -147.5232504  -142.28024232 -142.7447365
 -146.77424372 -140.94898377 -137.3003374  -131.36971979 -143.13534558
 -135.58503934 -145.42171165 -124.1787427  -142.3036771  -128.41753156]
inrs_hat:  [-27.25352334 -24.36986759 -36.53355036 -31.29054228 -31.75503645
 -35.78454367 -29.95928373 -26.31063736 -20.38001974 -32.14564554
 -24.5953393  -34.4320116  -13.18904266 -31.31397706 -17.42783152]
scheduled_ues:  [ 0  1  2  3  4  5  6  7  8  9 10 11 12 13 14]
(1, 15, 1, 4, 1, 1)
caused INR: -10.011918957138427
TpsAltruisticFromLsfGain + IndividualEstimated_INR + -12.5
None
ls_gain_coeffs:
[-138.24322338 -135.35956763 -147.5232504  -142.28024232 -142.7447365
 -146.77424372 -140.94898377 -137.3003374  -131.36971979 -143.13534558
 -135.58503934 -145.42171165 -124.1787427  -142.3036771  -128.41753156]
inrs_hat:  [-27.25352334 -24.36986759 -36.53355036 -31.29054228 -31.75503645
 -35.78454367 -29.95928373 -26.31063736 -20.38001974 -32.14564554
 -24.5953393  -34.4320116  -13.18904266 -31.31397706 -17.42783152]
scheduled_ues:  [ 0  1  2  3  4  5  6  7  8  9 10 11 12 13 14]
(1, 15, 1, 4, 1, 1)
caused INR: -10.011918957138427
TpsAltruisticFromLsfGain + IndividualEstimated_INR + -15.0
None
ls_gain_coeffs:
[-138.24322338 -135.35956763 -147.5232504  -142.28024232 -142.7447365
 -146.77424372 -140.94898377 -137.3003374  -131.36971979 -143.13534558
 -135.58503934 -145.42171165 -124.1787427  -142.3036771  -128.41753156]
inrs_hat:  [-27.25352334 -24.36986759 -36.53355036 -31.29054228 -31.75503645
 -35.78454367 -29.95928373 -26.31063736 -20.38001974 -32.14564554
 -24.5953393  -34.4320116  -13.18904266 -31.31397706 -17.42783152]
scheduled_ues:  [ 0  1  2  3  4  5  6  7  8  9 10 11 13 14]
(1, 15, 1, 4, 1, 1)
caused INR: -12.424473544735488
TpsAltruisticFromLsfGain + CumulativeIndividualEstimated_INR + -10.0
None
(1, 15, 1, 4, 1, 1)
caused INR: -10.011918957138427
TpsAltruisticFromLsfGain + CumulativeIndividualEstimated_INR + -12.5
None
(1, 15, 1, 4, 1, 1)
caused INR: -12.424473544735488
TpsAltruisticFromLsfGain + CumulativeIndividualEstimated_INR + -15.0
None
(1, 15, 1, 4, 1, 1)
caused INR: -16.196728057738234
TpsRandomic + IndividualEstimated_INR + -10.0
None
ls_gain_coeffs:
[-135.13314574 -125.31624281 -145.29782041 -129.85321041 -131.44815135
 -130.00068666 -140.94898377 -125.03018541 -116.94087101 -132.90647669
 -121.13593671 -128.70872859 -111.10462209 -125.72353632 -111.38746151]
inrs_hat:  [-24.14344569 -14.32654277 -34.30812037 -18.86351036 -20.45845131
 -19.01098662 -29.95928373 -14.04048536  -5.95117097 -21.91677665
 -10.14623666 -17.71902855  -0.11492205 -14.73383628  -0.39776146]
scheduled_ues:  [ 0  1  2  3  4  5  6  7  9 10 11 13]
(1, 15, 1, 4, 1, 1)
caused INR: -2.0994699063078754
TpsRandomic + IndividualEstimated_INR + -12.5
None
ls_gain_coeffs:
[-124.76493083 -125.31624281 -134.33984041 -133.39256681 -125.91356106
 -135.45171039 -126.4090369  -128.23088156 -114.0760171  -131.51273367
 -135.58503934 -145.42171165 -111.10462209 -129.46288926 -111.38746151]
inrs_hat:  [-13.77523079 -14.32654277 -23.35014036 -22.40286676 -14.92386102
 -24.46201035 -15.41933686 -17.24118152  -3.08631705 -20.52303363
 -24.5953393  -34.4320116   -0.11492205 -18.47318921  -0.39776146]
scheduled_ues:  [ 0  1  2  3  4  5  6  7  9 10 11 13]
(1, 15, 1, 4, 1, 1)
caused INR: -4.567044339118496
TpsRandomic + IndividualEstimated_INR + -15.0
None
ls_gain_coeffs:
[-123.72823828 -118.55520569 -134.33984041 -125.40208861 -131.44815135
 -146.77424372 -126.4090369  -120.40973348 -131.36971979 -131.51273367
 -121.13593671 -128.70872859 -114.63979255 -129.46288926 -117.72369452]
inrs_hat:  [-12.73853824  -7.56550565 -23.35014036 -14.41238856 -20.45845131
 -35.78454367 -15.41933686  -9.42003344 -20.38001974 -20.52303363
 -10.14623666 -17.71902855  -3.65009251 -18.47318921  -6.73399447]
scheduled_ues:  [ 2  4  5  6  8  9 11 13]
(1, 15, 1, 4, 1, 1)
caused INR: -14.831396443619244
TpsRandomic + CumulativeIndividualEstimated_INR + -10.0
None
(1, 15, 1, 4, 1, 1)
caused INR: -18.201123515028968
TpsRandomic + CumulativeIndividualEstimated_INR + -12.5
None
(1, 15, 1, 4, 1, 1)
caused INR: -32.82356937476791
TpsRandomic + CumulativeIndividualEstimated_INR + -15.0
None
(1, 15, 1, 4, 1, 1)
caused INR: -11.803188244743378
Iteration number 14
TpsAltruisticFromLsfGain + IndividualEstimated_INR + -10.0
None
ls_gain_coeffs:
[-132.45092419 -146.15529364 -142.20920714 -116.74283293 -127.00025607
 -131.55409041 -131.30028643 -135.29310339 -132.39326416 -145.85185011
 -126.95165922 -129.55513465 -137.56155341 -145.43893769 -147.77856035]
inrs_hat:  [-21.46122415 -35.1655936  -31.2195071   -5.75313288 -16.01055602
 -20.56439037 -20.31058639 -24.30340335 -21.40356411 -34.86215007
 -15.96195918 -18.5654346  -26.57185337 -34.44923764 -36.78886031]
scheduled_ues:  [ 0  1  2  4  5  6  7  8  9 10 11 12 13 14]
(1, 15, 1, 4, 1, 1)
caused INR: -19.249291761581272
TpsAltruisticFromLsfGain + IndividualEstimated_INR + -12.5
None
ls_gain_coeffs:
[-132.45092419 -146.15529364 -142.20920714 -116.74283293 -127.00025607
 -131.55409041 -131.30028643 -135.29310339 -132.39326416 -145.85185011
 -126.95165922 -129.55513465 -137.56155341 -145.43893769 -147.77856035]
inrs_hat:  [-21.46122415 -35.1655936  -31.2195071   -5.75313288 -16.01055602
 -20.56439037 -20.31058639 -24.30340335 -21.40356411 -34.86215007
 -15.96195918 -18.5654346  -26.57185337 -34.44923764 -36.78886031]
scheduled_ues:  [ 0  1  2  4  5  6  7  8  9 10 11 12 13 14]
(1, 15, 1, 4, 1, 1)
caused INR: -19.249291761581272
TpsAltruisticFromLsfGain + IndividualEstimated_INR + -15.0
None
ls_gain_coeffs:
[-132.45092419 -146.15529364 -142.20920714 -116.74283293 -127.00025607
 -131.55409041 -131.30028643 -135.29310339 -132.39326416 -145.85185011
 -126.95165922 -129.55513465 -137.56155341 -145.43893769 -147.77856035]
inrs_hat:  [-21.46122415 -35.1655936  -31.2195071   -5.75313288 -16.01055602
 -20.56439037 -20.31058639 -24.30340335 -21.40356411 -34.86215007
 -15.96195918 -18.5654346  -26.57185337 -34.44923764 -36.78886031]
scheduled_ues:  [ 0  1  2  4  5  6  7  8  9 10 11 12 13 14]
(1, 15, 1, 4, 1, 1)
caused INR: -19.249291761581272
TpsAltruisticFromLsfGain + CumulativeIndividualEstimated_INR + -10.0
None
(1, 15, 1, 4, 1, 1)
caused INR: -18.119802059230047
TpsAltruisticFromLsfGain + CumulativeIndividualEstimated_INR + -12.5
None
(1, 15, 1, 4, 1, 1)
caused INR: -26.69279743132748
TpsAltruisticFromLsfGain + CumulativeIndividualEstimated_INR + -15.0
None
(1, 15, 1, 4, 1, 1)
caused INR: -19.633698180772225
TpsRandomic + IndividualEstimated_INR + -10.0
None
ls_gain_coeffs:
[-132.45092419 -135.65098008 -142.20920714 -116.74283293 -127.00025607
 -120.0080158  -131.30028643 -124.66122025 -124.2117395  -135.49282476
 -118.5013624  -116.59186474 -137.56155341 -145.43893769 -147.77856035]
inrs_hat:  [-21.46122415 -24.66128004 -31.2195071   -5.75313288 -16.01055602
  -9.01831575 -20.31058639 -13.67152021 -13.22203945 -24.50312472
  -7.51166236  -5.60216469 -26.57185337 -34.44923764 -36.78886031]
scheduled_ues:  [ 0  1  2  4  6  7  8  9 12 13 14]
(1, 15, 1, 4, 1, 1)
caused INR: -7.880372791809118
TpsRandomic + IndividualEstimated_INR + -12.5
None
ls_gain_coeffs:
[-120.91788822 -146.15529364 -142.20920714 -116.74283293 -124.61021272
 -121.85663724 -131.30028643 -124.66122025 -119.53928081 -135.49282476
 -110.17103662 -128.77262978 -120.62891086 -128.62649193 -134.2603027 ]
inrs_hat:  [ -9.92818818 -35.1655936  -31.2195071   -5.75313288 -13.62051268
 -10.8669372  -20.31058639 -13.67152021  -8.54958077 -24.50312472
   0.81866342 -17.78292974  -9.63921082 -17.63679189 -23.27060265]
scheduled_ues:  [ 1  2  4  6  7  9 11 13 14]
(1, 15, 1, 4, 1, 1)
caused INR: -13.670534135538725
TpsRandomic + IndividualEstimated_INR + -15.0
None
ls_gain_coeffs:
[-121.31134657 -135.42997279 -127.08185753 -116.74283293 -113.76197495
 -120.0080158  -118.96513676 -124.66122025 -115.65471015 -135.49282476
 -110.17103662 -129.55513465 -125.96741561 -134.80935096 -147.77856035]
inrs_hat:  [-10.32164652 -24.44027274 -16.09215749  -5.75313288  -2.77227491
  -9.01831575  -7.97543672 -13.67152021  -4.66501011 -24.50312472
   0.81866342 -18.5654346  -14.97771557 -23.81965091 -36.78886031]
scheduled_ues:  [ 1  2  9 11 13 14]
(1, 15, 1, 4, 1, 1)
caused INR: -17.759902327967325
TpsRandomic + CumulativeIndividualEstimated_INR + -10.0
None
(1, 15, 1, 4, 1, 1)
caused INR: -24.355464601269915
TpsRandomic + CumulativeIndividualEstimated_INR + -12.5
None
(1, 15, 1, 4, 1, 1)
caused INR: -13.315065389719736
TpsRandomic + CumulativeIndividualEstimated_INR + -15.0
None
(1, 15, 1, 4, 1, 1)
caused INR: -17.21317181363516
Iteration number 15
TpsAltruisticFromLsfGain + IndividualEstimated_INR + -10.0
None
ls_gain_coeffs:
[-145.71584936 -124.62565202 -146.32195148 -145.83505432 -131.59172981
 -141.95400557 -131.71893287 -141.91554367 -134.16057875 -126.38506295
 -126.36640504 -133.51410894 -134.32823908 -132.82957894 -114.26898718]
inrs_hat:  [-34.72614932 -13.63595198 -35.33225143 -34.84535428 -20.60202976
 -30.96430553 -20.72923283 -30.92584362 -23.17087871 -15.39536291
 -15.37670499 -22.52440889 -23.33853903 -21.83987889  -3.27928714]
scheduled_ues:  [ 0  1  2  3  4  5  6  7  8  9 10 11 12 13]
(1, 15, 1, 4, 1, 1)
caused INR: -8.341735612244587
TpsAltruisticFromLsfGain + IndividualEstimated_INR + -12.5
None
ls_gain_coeffs:
[-145.71584936 -124.62565202 -146.32195148 -145.83505432 -131.59172981
 -141.95400557 -131.71893287 -141.91554367 -134.16057875 -126.38506295
 -126.36640504 -133.51410894 -134.32823908 -132.82957894 -114.26898718]
inrs_hat:  [-34.72614932 -13.63595198 -35.33225143 -34.84535428 -20.60202976
 -30.96430553 -20.72923283 -30.92584362 -23.17087871 -15.39536291
 -15.37670499 -22.52440889 -23.33853903 -21.83987889  -3.27928714]
scheduled_ues:  [ 0  1  2  3  4  5  6  7  8  9 10 11 12 13]
(1, 15, 1, 4, 1, 1)
caused INR: -8.341735612244587
TpsAltruisticFromLsfGain + IndividualEstimated_INR + -15.0
None
ls_gain_coeffs:
[-145.71584936 -124.62565202 -146.32195148 -145.83505432 -131.59172981
 -141.95400557 -131.71893287 -141.91554367 -134.16057875 -126.38506295
 -126.36640504 -133.51410894 -134.32823908 -132.82957894 -114.26898718]
inrs_hat:  [-34.72614932 -13.63595198 -35.33225143 -34.84535428 -20.60202976
 -30.96430553 -20.72923283 -30.92584362 -23.17087871 -15.39536291
 -15.37670499 -22.52440889 -23.33853903 -21.83987889  -3.27928714]
scheduled_ues:  [ 0  2  3  4  5  6  7  8  9 10 11 12 13]
(1, 15, 1, 4, 1, 1)
caused INR: -8.40367014939428
TpsAltruisticFromLsfGain + CumulativeIndividualEstimated_INR + -10.0
None
(1, 15, 1, 4, 1, 1)
caused INR: -8.40367014939428
TpsAltruisticFromLsfGain + CumulativeIndividualEstimated_INR + -12.5
None
(1, 15, 1, 4, 1, 1)
caused INR: -17.52492035574602
TpsAltruisticFromLsfGain + CumulativeIndividualEstimated_INR + -15.0
None
(1, 15, 1, 4, 1, 1)
caused INR: -13.16631890399291
TpsRandomic + IndividualEstimated_INR + -10.0
None
ls_gain_coeffs:
[-129.13790434 -124.01463449 -146.32195148 -129.08394284 -131.59172981
 -141.95400557 -124.15130651 -128.46126515 -120.32946494 -126.38506295
 -110.63180525 -125.72258243 -125.49613738 -132.82957894 -100.52764954]
inrs_hat:  [-18.1482043  -13.02493444 -35.33225143 -18.0942428  -20.60202976
 -30.96430553 -13.16160646 -17.47156511  -9.3397649  -15.39536291
   0.35789479 -14.73288238 -14.50643734 -21.83987889  10.46205051]
scheduled_ues:  [ 0  1  2  3  4  5  6  7  9 11 12 13]
(1, 15, 1, 4, 1, 1)
caused INR: -11.969546377631259
TpsRandomic + IndividualEstimated_INR + -12.5
None
ls_gain_coeffs:
[-129.13790434 -124.01463449 -135.26280105 -129.08394284 -131.59172981
 -127.90815478 -131.71893287 -138.87750813 -134.16057875 -112.66001212
 -110.63180525 -120.53429225 -125.49613738 -116.80075637 -101.21321388]
inrs_hat:  [-18.1482043  -13.02493444 -24.27310101 -18.0942428  -20.60202976
 -16.91845474 -20.72923283 -27.88780809 -23.17087871  -1.67031208
   0.35789479  -9.5445922  -14.50643734  -5.81105632   9.77648617]
scheduled_ues:  [ 0  1  2  3  4  5  6  7  8 12]
(1, 15, 1, 4, 1, 1)
caused INR: -15.10307791542071
TpsRandomic + IndividualEstimated_INR + -15.0
None
ls_gain_coeffs:
[-145.71584936 -111.776707   -136.06072568 -129.08394284 -131.59172981
 -125.7277966  -131.71893287 -141.91554367 -120.32946494 -112.66001212
 -112.27830514 -133.51410894 -117.23304213 -127.44874508 -101.21321388]
inrs_hat:  [-34.72614932  -0.78700695 -25.07102564 -18.0942428  -20.60202976
 -14.73809656 -20.72923283 -30.92584362  -9.3397649   -1.67031208
  -1.2886051  -22.52440889  -6.24334208 -16.45904504   9.77648617]
scheduled_ues:  [ 0  2  3  4  6  7 11 13]
(1, 15, 1, 4, 1, 1)
caused INR: -11.203523858747587
TpsRandomic + CumulativeIndividualEstimated_INR + -10.0
None
(1, 15, 1, 4, 1, 1)
caused INR: -14.090177761153196
TpsRandomic + CumulativeIndividualEstimated_INR + -12.5
None
(1, 15, 1, 4, 1, 1)
caused INR: -15.257747482362305
TpsRandomic + CumulativeIndividualEstimated_INR + -15.0
None
(1, 15, 1, 4, 1, 1)
caused INR: -16.433294209456612
Iteration number 16
TpsAltruisticFromLsfGain + IndividualEstimated_INR + -10.0
None
ls_gain_coeffs:
[-152.22955949 -149.92233634 -143.16724747 -140.82796989 -143.93724112
 -141.92558308 -141.89360467 -130.49127342 -148.20445108 -138.45706971
 -143.01819652 -131.03848124 -145.58094628 -139.68228274 -122.84175751]
inrs_hat:  [-41.23985944 -38.93263629 -32.17754743 -29.83826985 -32.94754108
 -30.93588304 -30.90390463 -19.50157338 -37.21475104 -27.46736967
 -32.02849648 -20.0487812  -34.59124624 -28.6925827  -11.85205746]
scheduled_ues:  [ 0  1  2  3  4  5  6  7  8  9 10 11 12 13 14]
(1, 15, 1, 4, 1, 1)
caused INR: -16.680319563128403
TpsAltruisticFromLsfGain + IndividualEstimated_INR + -12.5
None
ls_gain_coeffs:
[-152.22955949 -149.92233634 -143.16724747 -140.82796989 -143.93724112
 -141.92558308 -141.89360467 -130.49127342 -148.20445108 -138.45706971
 -143.01819652 -131.03848124 -145.58094628 -139.68228274 -122.84175751]
inrs_hat:  [-41.23985944 -38.93263629 -32.17754743 -29.83826985 -32.94754108
 -30.93588304 -30.90390463 -19.50157338 -37.21475104 -27.46736967
 -32.02849648 -20.0487812  -34.59124624 -28.6925827  -11.85205746]
scheduled_ues:  [ 0  1  2  3  4  5  6  7  8  9 10 11 12 13]
(1, 15, 1, 4, 1, 1)
caused INR: -15.73939694295688
TpsAltruisticFromLsfGain + IndividualEstimated_INR + -15.0
None
ls_gain_coeffs:
[-152.22955949 -149.92233634 -143.16724747 -140.82796989 -143.93724112
 -141.92558308 -141.89360467 -130.49127342 -148.20445108 -138.45706971
 -143.01819652 -131.03848124 -145.58094628 -139.68228274 -122.84175751]
inrs_hat:  [-41.23985944 -38.93263629 -32.17754743 -29.83826985 -32.94754108
 -30.93588304 -30.90390463 -19.50157338 -37.21475104 -27.46736967
 -32.02849648 -20.0487812  -34.59124624 -28.6925827  -11.85205746]
scheduled_ues:  [ 0  1  2  3  4  5  6  7  8  9 10 11 12 13]
(1, 15, 1, 4, 1, 1)
caused INR: -15.73939694295688
TpsAltruisticFromLsfGain + CumulativeIndividualEstimated_INR + -10.0
None
(1, 15, 1, 4, 1, 1)
caused INR: -16.680319563128403
TpsAltruisticFromLsfGain + CumulativeIndividualEstimated_INR + -12.5
None
(1, 15, 1, 4, 1, 1)
caused INR: -15.73939694295688
TpsAltruisticFromLsfGain + CumulativeIndividualEstimated_INR + -15.0
None
(1, 15, 1, 4, 1, 1)
caused INR: -15.73939694295688
TpsRandomic + IndividualEstimated_INR + -10.0
None
ls_gain_coeffs:
[-136.22927869 -137.40821492 -126.80986802 -127.52573766 -127.51656997
 -141.92558308 -141.89360467 -116.63315513 -134.38692505 -124.6239828
 -139.11251796 -131.03848124 -142.26604738 -124.29119243 -106.57868981]
inrs_hat:  [-25.23957865 -26.41851487 -15.82016797 -16.53603762 -16.52686993
 -30.93588304 -30.90390463  -5.64345508 -23.39722501 -13.63428276
 -28.12281792 -20.0487812  -31.27634734 -13.30149238   4.41101024]
scheduled_ues:  [ 0  1  2  3  4  5  6  8  9 10 11 12 13]
(1, 15, 1, 4, 1, 1)
caused INR: -13.216755991379722
TpsRandomic + IndividualEstimated_INR + -12.5
None
ls_gain_coeffs:
[-152.22955949 -141.68478076 -129.30636025 -140.82796989 -137.5090701
 -125.21429624 -141.70275952 -121.46809056 -133.01099903 -138.45706971
 -139.11251796 -119.45244005 -145.58094628 -139.68228274 -122.84175751]
inrs_hat:  [-41.23985944 -30.69508072 -18.3166602  -29.83826985 -26.51937006
 -14.22459619 -30.71305948 -10.47839051 -22.02129898 -27.46736967
 -28.12281792  -8.46274001 -34.59124624 -28.6925827  -11.85205746]
scheduled_ues:  [ 0  1  2  3  4  5  6  8  9 10 12 13]
(1, 15, 1, 4, 1, 1)
caused INR: -23.81116215091266
TpsRandomic + IndividualEstimated_INR + -15.0
None
ls_gain_coeffs:
[-152.22955949 -133.32569784 -129.30636025 -139.53702155 -127.51656997
 -134.16278269 -129.38838962 -116.63315513 -148.20445108 -124.6239828
 -139.11251796 -114.12179743 -142.26604738 -124.29119243 -106.57868981]
inrs_hat:  [-41.23985944 -22.3359978  -18.3166602  -28.5473215  -16.52686993
 -23.17308264 -18.39868958  -5.64345508 -37.21475104 -13.63428276
 -28.12281792  -3.13209738 -31.27634734 -13.30149238   4.41101024]
scheduled_ues:  [ 0  1  2  3  4  5  6  8 10 12]
(1, 15, 1, 4, 1, 1)
caused INR: -9.441571748369457
TpsRandomic + CumulativeIndividualEstimated_INR + -10.0
None
(1, 15, 1, 4, 1, 1)
caused INR: -5.7091654454113625
TpsRandomic + CumulativeIndividualEstimated_INR + -12.5
None
(1, 15, 1, 4, 1, 1)
caused INR: -6.021132895753883
TpsRandomic + CumulativeIndividualEstimated_INR + -15.0
None
(1, 15, 1, 4, 1, 1)
caused INR: -13.569883496627885
Iteration number 17
TpsAltruisticFromLsfGain + IndividualEstimated_INR + -10.0
None
ls_gain_coeffs:
[-146.72357315 -135.23258962 -133.97246762 -125.18501749 -148.08294452
 -135.66596961 -134.59140859 -145.41194972 -147.41747915 -131.85871955
 -139.10350389 -146.52399335 -135.71024691 -128.63287592 -149.23809434]
inrs_hat:  [-35.7338731  -24.24288958 -22.98276757 -14.19531744 -37.09324448
 -24.67626957 -23.60170855 -34.42224967 -36.4277791  -20.86901951
 -28.11380385 -35.53429331 -24.72054687 -17.64317587 -38.2483943 ]
scheduled_ues:  [ 0  1  2  3  4  5  6  7  8  9 10 11 12 13 14]
(1, 15, 1, 4, 1, 1)
caused INR: -12.327773352074535
TpsAltruisticFromLsfGain + IndividualEstimated_INR + -12.5
None
ls_gain_coeffs:
[-146.72357315 -135.23258962 -133.97246762 -125.18501749 -148.08294452
 -135.66596961 -134.59140859 -145.41194972 -147.41747915 -131.85871955
 -139.10350389 -146.52399335 -135.71024691 -128.63287592 -149.23809434]
inrs_hat:  [-35.7338731  -24.24288958 -22.98276757 -14.19531744 -37.09324448
 -24.67626957 -23.60170855 -34.42224967 -36.4277791  -20.86901951
 -28.11380385 -35.53429331 -24.72054687 -17.64317587 -38.2483943 ]
scheduled_ues:  [ 0  1  2  3  4  5  6  7  8  9 10 11 12 13 14]
(1, 15, 1, 4, 1, 1)
caused INR: -12.327773352074535
TpsAltruisticFromLsfGain + IndividualEstimated_INR + -15.0
None
ls_gain_coeffs:
[-146.72357315 -135.23258962 -133.97246762 -125.18501749 -148.08294452
 -135.66596961 -134.59140859 -145.41194972 -147.41747915 -131.85871955
 -139.10350389 -146.52399335 -135.71024691 -128.63287592 -149.23809434]
inrs_hat:  [-35.7338731  -24.24288958 -22.98276757 -14.19531744 -37.09324448
 -24.67626957 -23.60170855 -34.42224967 -36.4277791  -20.86901951
 -28.11380385 -35.53429331 -24.72054687 -17.64317587 -38.2483943 ]
scheduled_ues:  [ 0  1  2  4  5  6  7  8  9 10 11 12 13 14]
(1, 15, 1, 4, 1, 1)
caused INR: -21.175877855132256
TpsAltruisticFromLsfGain + CumulativeIndividualEstimated_INR + -10.0
None
(1, 15, 1, 4, 1, 1)
caused INR: -12.327773352074535
TpsAltruisticFromLsfGain + CumulativeIndividualEstimated_INR + -12.5
None
(1, 15, 1, 4, 1, 1)
caused INR: -21.175877855132256
TpsAltruisticFromLsfGain + CumulativeIndividualEstimated_INR + -15.0
None
(1, 15, 1, 4, 1, 1)
caused INR: -14.799274017773513
TpsRandomic + IndividualEstimated_INR + -10.0
None
ls_gain_coeffs:
[-130.20605441 -120.35504017 -119.99069167 -125.18501749 -148.08294452
 -127.31028775 -120.98172362 -132.81606844 -134.33313336 -118.52628964
 -122.22112266 -133.568039   -127.95776248 -128.63287592 -147.03873696]
inrs_hat:  [-19.21635437  -9.36534012  -9.00099163 -14.19531744 -37.09324448
 -16.32058771  -9.99202358 -21.82636839 -23.34343332  -7.5365896
 -11.23142261 -22.57833896 -16.96806243 -17.64317587 -36.04903691]
scheduled_ues:  [ 0  3  4  5  7  8 10 11 12 13 14]
(1, 15, 1, 4, 1, 1)
caused INR: -6.12497098480853
TpsRandomic + IndividualEstimated_INR + -12.5
None
ls_gain_coeffs:
[-146.72357315 -135.23258962 -129.35193977 -125.18501749 -148.08294452
 -119.00967301 -126.39928042 -145.41194972 -134.33313336 -130.52247469
 -127.24428041 -133.568039   -127.95776248 -124.43446315 -136.06337521]
inrs_hat:  [-35.7338731  -24.24288958 -18.36223973 -14.19531744 -37.09324448
  -8.01997296 -15.40958038 -34.42224967 -23.34343332 -19.53277465
 -16.25458037 -22.57833896 -16.96806243 -13.44476311 -25.07367517]
scheduled_ues:  [ 0  1  2  3  4  6  7  8  9 10 11 12 13 14]
(1, 15, 1, 4, 1, 1)
caused INR: -6.362538178287562
TpsRandomic + IndividualEstimated_INR + -15.0
None
ls_gain_coeffs:
[-133.66001221 -120.35504017 -118.45051572 -107.24177203 -136.83913454
 -123.15065826 -134.59140859 -136.96539843 -140.0303098  -118.52628964
 -122.22112266 -146.52399335 -119.19328504 -124.43446315 -135.33025609]
inrs_hat:  [-22.67031217  -9.36534012  -7.46081568   3.74792801 -25.8494345
 -12.16095822 -23.60170855 -25.97569838 -29.04060976  -7.5365896
 -11.23142261 -35.53429331  -8.203585   -13.44476311 -24.34055604]
scheduled_ues:  [ 0  4  6  7  8 11 14]
(1, 15, 1, 4, 1, 1)
caused INR: -16.110755198343703
TpsRandomic + CumulativeIndividualEstimated_INR + -10.0
None
(1, 15, 1, 4, 1, 1)
caused INR: -6.681599922925255
TpsRandomic + CumulativeIndividualEstimated_INR + -12.5
None
(1, 15, 1, 4, 1, 1)
caused INR: -9.880174136058491
TpsRandomic + CumulativeIndividualEstimated_INR + -15.0
None
(1, 15, 1, 4, 1, 1)
caused INR: -25.853946040884743
Iteration number 18
TpsAltruisticFromLsfGain + IndividualEstimated_INR + -10.0
None
ls_gain_coeffs:
[-151.95038645 -128.3472231  -137.8455288  -138.29109871 -138.73307749
 -147.04689087 -133.35301248 -141.20661884 -132.33177996 -145.05729009
 -126.16593012 -140.54791523 -148.29879527 -145.22094317 -144.57208149]
inrs_hat:  [-40.96068641 -17.35752306 -26.85582876 -27.30139866 -27.74337744
 -36.05719083 -22.36331244 -30.2169188  -21.34207991 -34.06759004
 -15.17623007 -29.55821519 -37.30909523 -34.23124312 -33.58238145]
scheduled_ues:  [ 0  1  2  3  4  5  6  7  8  9 10 11 12 13 14]
(1, 15, 1, 4, 1, 1)
caused INR: -9.106541137850249
TpsAltruisticFromLsfGain + IndividualEstimated_INR + -12.5
None
ls_gain_coeffs:
[-151.95038645 -128.3472231  -137.8455288  -138.29109871 -138.73307749
 -147.04689087 -133.35301248 -141.20661884 -132.33177996 -145.05729009
 -126.16593012 -140.54791523 -148.29879527 -145.22094317 -144.57208149]
inrs_hat:  [-40.96068641 -17.35752306 -26.85582876 -27.30139866 -27.74337744
 -36.05719083 -22.36331244 -30.2169188  -21.34207991 -34.06759004
 -15.17623007 -29.55821519 -37.30909523 -34.23124312 -33.58238145]
scheduled_ues:  [ 0  1  2  3  4  5  6  7  8  9 10 11 12 13 14]
(1, 15, 1, 4, 1, 1)
caused INR: -9.106541137850249
TpsAltruisticFromLsfGain + IndividualEstimated_INR + -15.0
None
ls_gain_coeffs:
[-151.95038645 -128.3472231  -137.8455288  -138.29109871 -138.73307749
 -147.04689087 -133.35301248 -141.20661884 -132.33177996 -145.05729009
 -126.16593012 -140.54791523 -148.29879527 -145.22094317 -144.57208149]
inrs_hat:  [-40.96068641 -17.35752306 -26.85582876 -27.30139866 -27.74337744
 -36.05719083 -22.36331244 -30.2169188  -21.34207991 -34.06759004
 -15.17623007 -29.55821519 -37.30909523 -34.23124312 -33.58238145]
scheduled_ues:  [ 0  1  2  3  4  5  6  7  8  9 10 11 12 13 14]
(1, 15, 1, 4, 1, 1)
caused INR: -9.106541137850249
TpsAltruisticFromLsfGain + CumulativeIndividualEstimated_INR + -10.0
None
(1, 15, 1, 4, 1, 1)
caused INR: -9.106541137850249
TpsAltruisticFromLsfGain + CumulativeIndividualEstimated_INR + -12.5
None
(1, 15, 1, 4, 1, 1)
caused INR: -20.248320741351375
TpsAltruisticFromLsfGain + CumulativeIndividualEstimated_INR + -15.0
None
(1, 15, 1, 4, 1, 1)
caused INR: -25.1931172034811
TpsRandomic + IndividualEstimated_INR + -10.0
None
ls_gain_coeffs:
[-143.88677858 -117.70623036 -121.95811833 -138.29109871 -121.62349109
 -131.03079018 -133.35301248 -133.22855569 -124.82793149 -137.48029341
 -126.16593012 -127.16384416 -131.52310533 -129.10602549 -127.91013133]
inrs_hat:  [-32.89707854  -6.71653032 -10.96841828 -27.30139866 -10.63379105
 -20.04109014 -22.36331244 -22.23885565 -13.83823145 -26.49059337
 -15.17623007 -16.17414412 -20.53340529 -18.11632545 -16.92043129]
scheduled_ues:  [ 0  2  3  4  5  6  7  8  9 10 11 12 13 14]
(1, 15, 1, 4, 1, 1)
caused INR: -4.745757764441031
TpsRandomic + IndividualEstimated_INR + -12.5
None
ls_gain_coeffs:
[-135.45421218 -128.3472231  -137.8455288  -131.32266324 -121.62349109
 -132.94800394 -133.35301248 -133.22855569 -124.82793149 -128.49816245
 -114.2483609  -132.69573202 -136.89834435 -131.07344335 -127.91013133]
inrs_hat:  [-24.46451214 -17.35752306 -26.85582876 -20.3329632  -10.63379105
 -21.9583039  -22.36331244 -22.23885565 -13.83823145 -17.50846241
  -3.25866086 -21.70603197 -25.90864431 -20.08374331 -16.92043129]
scheduled_ues:  [ 0  1  2  3  5  6  7  8  9 11 12 13 14]
(1, 15, 1, 4, 1, 1)
caused INR: -4.105933373582311
TpsRandomic + IndividualEstimated_INR + -15.0
None
ls_gain_coeffs:
[-143.88677858 -117.31461591 -123.68102356 -138.29109871 -126.43965651
 -132.94800394 -120.54259104 -128.17646559 -118.18183645 -145.05729009
 -116.61739505 -140.54791523 -138.58946631 -131.07344335 -144.57208149]
inrs_hat:  [-32.89707854  -6.32491587 -12.69132352 -27.30139866 -15.44995646
 -21.9583039   -9.552891   -17.18676555  -7.1921364  -34.06759004
  -5.62769501 -29.55821519 -27.59976627 -20.08374331 -33.58238145]
scheduled_ues:  [ 0  3  4  5  7  9 11 12 13 14]
(1, 15, 1, 4, 1, 1)
caused INR: -9.597032334725785
TpsRandomic + CumulativeIndividualEstimated_INR + -10.0
None
(1, 15, 1, 4, 1, 1)
caused INR: -9.476724559836057
TpsRandomic + CumulativeIndividualEstimated_INR + -12.5
None
(1, 15, 1, 4, 1, 1)
caused INR: -21.024290881134647
TpsRandomic + CumulativeIndividualEstimated_INR + -15.0
None
(1, 15, 1, 4, 1, 1)
caused INR: -18.924026496491447
Iteration number 19
TpsAltruisticFromLsfGain + IndividualEstimated_INR + -10.0
None
ls_gain_coeffs:
[-130.16561515 -147.62666666 -130.47511133 -140.03964321 -151.75117468
 -145.07779659 -146.23276626 -144.15660518 -144.71905418 -133.13642841
 -137.08856213 -148.32654846 -131.61772141 -148.35359684 -116.67154806]
inrs_hat:  [-19.1759151  -36.63696661 -19.48541129 -29.04994316 -40.76147463
 -34.08809655 -35.24306621 -33.16690514 -33.72935413 -22.14672836
 -26.09886209 -37.33684842 -20.62802137 -37.3638968   -5.68184802]
scheduled_ues:  [ 0  1  2  3  4  5  6  7  8  9 10 11 12 13]
(1, 15, 1, 4, 1, 1)
caused INR: -12.059237559373564
TpsAltruisticFromLsfGain + IndividualEstimated_INR + -12.5
None
ls_gain_coeffs:
[-130.16561515 -147.62666666 -130.47511133 -140.03964321 -151.75117468
 -145.07779659 -146.23276626 -144.15660518 -144.71905418 -133.13642841
 -137.08856213 -148.32654846 -131.61772141 -148.35359684 -116.67154806]
inrs_hat:  [-19.1759151  -36.63696661 -19.48541129 -29.04994316 -40.76147463
 -34.08809655 -35.24306621 -33.16690514 -33.72935413 -22.14672836
 -26.09886209 -37.33684842 -20.62802137 -37.3638968   -5.68184802]
scheduled_ues:  [ 0  1  2  3  4  5  6  7  8  9 10 11 12 13]
(1, 15, 1, 4, 1, 1)
caused INR: -12.059237559373564
TpsAltruisticFromLsfGain + IndividualEstimated_INR + -15.0
None
ls_gain_coeffs:
[-130.16561515 -147.62666666 -130.47511133 -140.03964321 -151.75117468
 -145.07779659 -146.23276626 -144.15660518 -144.71905418 -133.13642841
 -137.08856213 -148.32654846 -131.61772141 -148.35359684 -116.67154806]
inrs_hat:  [-19.1759151  -36.63696661 -19.48541129 -29.04994316 -40.76147463
 -34.08809655 -35.24306621 -33.16690514 -33.72935413 -22.14672836
 -26.09886209 -37.33684842 -20.62802137 -37.3638968   -5.68184802]
scheduled_ues:  [ 0  1  2  3  4  5  6  7  8  9 10 11 12 13]
(1, 15, 1, 4, 1, 1)
caused INR: -12.059237559373564
TpsAltruisticFromLsfGain + CumulativeIndividualEstimated_INR + -10.0
None
(1, 15, 1, 4, 1, 1)
caused INR: -12.059237559373564
TpsAltruisticFromLsfGain + CumulativeIndividualEstimated_INR + -12.5
None
(1, 15, 1, 4, 1, 1)
caused INR: -12.059237559373564
TpsAltruisticFromLsfGain + CumulativeIndividualEstimated_INR + -15.0
None
(1, 15, 1, 4, 1, 1)
caused INR: -17.548085242868957
TpsRandomic + IndividualEstimated_INR + -10.0
None
ls_gain_coeffs:
[-117.46663628 -139.80582462 -112.86441621 -132.36799867 -141.0932284
 -134.10361821 -132.93151751 -127.9029412  -127.93035024 -126.21892846
 -120.7879993  -148.32654846 -130.92368663 -148.35359684 -100.3250554 ]
inrs_hat:  [ -6.47693624 -28.81612458  -1.87471617 -21.37829862 -30.10352836
 -23.11391817 -21.94181747 -16.91324115 -16.9406502  -15.22922842
  -9.79829925 -37.33684842 -19.93398659 -37.3638968   10.66464464]
scheduled_ues:  [ 1  3  4  5  6  7  8  9 11 12 13]
(1, 15, 1, 4, 1, 1)
caused INR: -20.494214338223358
TpsRandomic + IndividualEstimated_INR + -12.5
None
ls_gain_coeffs:
[-129.77954685 -134.87804427 -119.61627995 -132.36799867 -141.0932284
 -128.18271014 -133.36134189 -137.79314922 -133.03441502 -119.81294012
 -122.71748071 -140.42160835 -130.92368663 -134.28776395 -100.3250554 ]
inrs_hat:  [-18.7898468  -23.88834423  -8.6265799  -21.37829862 -30.10352836
 -17.19301009 -22.37164184 -26.80344918 -22.04471497  -8.82324007
 -11.72778067 -29.43190831 -19.93398659 -23.29806391  10.66464464]
scheduled_ues:  [ 0  1  3  4  5  6  7  8 11 12 13]
(1, 15, 1, 4, 1, 1)
caused INR: -13.779930879939197
TpsRandomic + IndividualEstimated_INR + -15.0
None
ls_gain_coeffs:
[-117.59532571 -147.62666666 -130.47511133 -123.3696864  -134.99552397
 -145.07779659 -144.94329314 -127.9029412  -133.03441502 -133.13642841
 -131.30011788 -140.42160835 -118.94477649 -134.28776395 -110.81420908]
inrs_hat:  [ -6.60562567 -36.63696661 -19.48541129 -12.37998635 -24.00582393
 -34.08809655 -33.9535931  -16.91324115 -22.04471497 -22.14672836
 -20.31041784 -29.43190831  -7.95507644 -23.29806391   0.17549097]
scheduled_ues:  [ 1  2  4  5  6  7  8  9 10 11 13]
(1, 15, 1, 4, 1, 1)
caused INR: -19.802077059780757
TpsRandomic + CumulativeIndividualEstimated_INR + -10.0
None
(1, 15, 1, 4, 1, 1)
caused INR: -17.878700453940347
TpsRandomic + CumulativeIndividualEstimated_INR + -12.5
None
(1, 15, 1, 4, 1, 1)
caused INR: -13.480658407794282
TpsRandomic + CumulativeIndividualEstimated_INR + -15.0
None
(1, 15, 1, 4, 1, 1)
caused INR: -17.054213209012776
Iteration number 20
TpsAltruisticFromLsfGain + IndividualEstimated_INR + -10.0
None
ls_gain_coeffs:
[-134.84468872 -138.52925273 -129.92788146 -149.45827033 -149.60551887
 -143.32952935 -138.99939175 -147.85857606 -130.74584841 -130.36898325
 -128.14251092 -146.61322144 -138.58680546 -145.64556159 -130.68172606]
inrs_hat:  [-23.85498867 -27.53955268 -18.93818142 -38.46857029 -38.61581883
 -32.3398293  -28.00969171 -36.86887602 -19.75614837 -19.37928321
 -17.15281087 -35.6235214  -27.59710541 -34.65586154 -19.69202602]
scheduled_ues:  [ 0  1  2  3  4  5  6  7  8  9 10 11 12 13 14]
(1, 15, 1, 4, 1, 1)
caused INR: -21.078790563668854
TpsAltruisticFromLsfGain + IndividualEstimated_INR + -12.5
None
ls_gain_coeffs:
[-134.84468872 -138.52925273 -129.92788146 -149.45827033 -149.60551887
 -143.32952935 -138.99939175 -147.85857606 -130.74584841 -130.36898325
 -128.14251092 -146.61322144 -138.58680546 -145.64556159 -130.68172606]
inrs_hat:  [-23.85498867 -27.53955268 -18.93818142 -38.46857029 -38.61581883
 -32.3398293  -28.00969171 -36.86887602 -19.75614837 -19.37928321
 -17.15281087 -35.6235214  -27.59710541 -34.65586154 -19.69202602]
scheduled_ues:  [ 0  1  2  3  4  5  6  7  8  9 10 11 12 13 14]
(1, 15, 1, 4, 1, 1)
caused INR: -21.078790563668854
TpsAltruisticFromLsfGain + IndividualEstimated_INR + -15.0
None
ls_gain_coeffs:
[-134.84468872 -138.52925273 -129.92788146 -149.45827033 -149.60551887
 -143.32952935 -138.99939175 -147.85857606 -130.74584841 -130.36898325
 -128.14251092 -146.61322144 -138.58680546 -145.64556159 -130.68172606]
inrs_hat:  [-23.85498867 -27.53955268 -18.93818142 -38.46857029 -38.61581883
 -32.3398293  -28.00969171 -36.86887602 -19.75614837 -19.37928321
 -17.15281087 -35.6235214  -27.59710541 -34.65586154 -19.69202602]
scheduled_ues:  [ 0  1  2  3  4  5  6  7  8  9 10 11 12 13 14]
(1, 15, 1, 4, 1, 1)
caused INR: -21.078790563668854
TpsAltruisticFromLsfGain + CumulativeIndividualEstimated_INR + -10.0
None
(1, 15, 1, 4, 1, 1)
caused INR: -21.078790563668854
TpsAltruisticFromLsfGain + CumulativeIndividualEstimated_INR + -12.5
None
(1, 15, 1, 4, 1, 1)
caused INR: -19.230004006162776
TpsAltruisticFromLsfGain + CumulativeIndividualEstimated_INR + -15.0
None
(1, 15, 1, 4, 1, 1)
caused INR: -18.633496836754983
TpsRandomic + IndividualEstimated_INR + -10.0
None
ls_gain_coeffs:
[-122.69757997 -124.51413162 -129.92788146 -137.80166036 -149.60551887
 -135.9554094  -138.99939175 -131.54356828 -121.55121868 -130.36898325
 -128.14251092 -146.61322144 -126.24226501 -131.66454919 -119.06755105]
inrs_hat:  [-11.70787993 -13.52443158 -18.93818142 -26.81196032 -38.61581883
 -24.96570936 -28.00969171 -20.55386823 -10.56151864 -19.37928321
 -17.15281087 -35.6235214  -15.25256497 -20.67484915  -8.077851  ]
scheduled_ues:  [ 0  1  2  3  4  5  6  7  8  9 10 11 12 13]
(1, 15, 1, 4, 1, 1)
caused INR: -4.8897229823339
TpsRandomic + IndividualEstimated_INR + -12.5
None
ls_gain_coeffs:
[-124.87028996 -122.06829158 -129.92788146 -140.1033171  -135.88754573
 -143.32952935 -137.42640919 -147.85857606 -130.74584841 -121.63721795
 -116.77334355 -146.61322144 -130.2061095  -129.39254702 -130.68172606]
inrs_hat:  [-13.88058992 -11.07859154 -18.93818142 -29.11361706 -24.89784568
 -32.3398293  -26.43670915 -36.86887602 -19.75614837 -10.6475179
  -5.78364351 -35.6235214  -19.21640946 -18.40284697 -19.69202602]
scheduled_ues:  [ 0  2  3  4  5  6  7  8 11 12 13 14]
(1, 15, 1, 4, 1, 1)
caused INR: -12.955584877629612
TpsRandomic + IndividualEstimated_INR + -15.0
None
ls_gain_coeffs:
[-117.56313496 -138.52925273 -129.92788146 -132.73168873 -145.77639944
 -129.95770081 -125.50913671 -131.54356828 -130.74584841 -113.55433342
 -111.13820966 -132.84643715 -130.2061095  -129.39254702 -119.06755105]
inrs_hat:  [ -6.57343492 -27.53955268 -18.93818142 -21.74198869 -34.7866994
 -18.96800077 -14.51943667 -20.55386823 -19.75614837  -2.56463338
  -0.14850962 -21.8567371  -19.21640946 -18.40284697  -8.077851  ]
scheduled_ues:  [ 1  2  3  4  5  7  8 11 12 13]
(1, 15, 1, 4, 1, 1)
caused INR: -12.5406743356792
TpsRandomic + CumulativeIndividualEstimated_INR + -10.0
None
(1, 15, 1, 4, 1, 1)
caused INR: -11.324733339114538
TpsRandomic + CumulativeIndividualEstimated_INR + -12.5
None
(1, 15, 1, 4, 1, 1)
caused INR: -7.327004909689727
TpsRandomic + CumulativeIndividualEstimated_INR + -15.0
None
(1, 15, 1, 4, 1, 1)
caused INR: -24.47910341238344
Iteration number 21
TpsAltruisticFromLsfGain + IndividualEstimated_INR + -10.0
None
ls_gain_coeffs:
[-143.69914254 -139.04943624 -131.13166823 -138.72449142 -134.37117003
 -130.62560018 -142.64622658 -129.79736021 -126.72474273 -134.85819606
 -132.83242052 -130.20120724 -132.67486995 -120.11271043 -134.55901453]
inrs_hat:  [-32.7094425  -28.05973619 -20.14196819 -27.73479137 -23.38146999
 -19.63590013 -31.65652654 -18.80766016 -15.73504269 -23.86849602
 -21.84272047 -19.21150719 -21.68516991  -9.12301039 -23.56931449]
scheduled_ues:  [ 0  1  2  3  4  5  6  7  8  9 10 11 12 14]
(1, 15, 1, 4, 1, 1)
caused INR: -10.550658204449013
TpsAltruisticFromLsfGain + IndividualEstimated_INR + -12.5
None
ls_gain_coeffs:
[-143.69914254 -139.04943624 -131.13166823 -138.72449142 -134.37117003
 -130.62560018 -142.64622658 -129.79736021 -126.72474273 -134.85819606
 -132.83242052 -130.20120724 -132.67486995 -120.11271043 -134.55901453]
inrs_hat:  [-32.7094425  -28.05973619 -20.14196819 -27.73479137 -23.38146999
 -19.63590013 -31.65652654 -18.80766016 -15.73504269 -23.86849602
 -21.84272047 -19.21150719 -21.68516991  -9.12301039 -23.56931449]
scheduled_ues:  [ 0  1  2  3  4  5  6  7  8  9 10 11 12 14]
(1, 15, 1, 4, 1, 1)
caused INR: -10.550658204449013
TpsAltruisticFromLsfGain + IndividualEstimated_INR + -15.0
None
ls_gain_coeffs:
[-143.69914254 -139.04943624 -131.13166823 -138.72449142 -134.37117003
 -130.62560018 -142.64622658 -129.79736021 -126.72474273 -134.85819606
 -132.83242052 -130.20120724 -132.67486995 -120.11271043 -134.55901453]
inrs_hat:  [-32.7094425  -28.05973619 -20.14196819 -27.73479137 -23.38146999
 -19.63590013 -31.65652654 -18.80766016 -15.73504269 -23.86849602
 -21.84272047 -19.21150719 -21.68516991  -9.12301039 -23.56931449]
scheduled_ues:  [ 0  1  2  3  4  5  6  7  8  9 10 11 12 14]
(1, 15, 1, 4, 1, 1)
caused INR: -10.550658204449013
TpsAltruisticFromLsfGain + CumulativeIndividualEstimated_INR + -10.0
None
(1, 15, 1, 4, 1, 1)
caused INR: -18.14239170929204
TpsAltruisticFromLsfGain + CumulativeIndividualEstimated_INR + -12.5
None
(1, 15, 1, 4, 1, 1)
caused INR: -14.857571618394456
TpsAltruisticFromLsfGain + CumulativeIndividualEstimated_INR + -15.0
None
(1, 15, 1, 4, 1, 1)
caused INR: -31.64149763268823
TpsRandomic + IndividualEstimated_INR + -10.0
None
ls_gain_coeffs:
[-143.69914254 -128.53428657 -119.52261762 -122.23871991 -118.10164935
 -120.05060619 -125.60335438 -129.79736021 -124.42824113 -117.66247714
 -121.1975272  -130.20120724 -132.67486995 -116.71317021 -122.10872645]
inrs_hat:  [-32.7094425  -17.54458652  -8.53291758 -11.24901987  -7.11194931
  -9.06090615 -14.61365433 -18.80766016 -13.43854109  -6.6727771
 -10.20782716 -19.21150719 -21.68516991  -5.72347017 -11.1190264 ]
scheduled_ues:  [ 0  1  3  6  7  8 10 11 12 14]
(1, 15, 1, 4, 1, 1)
caused INR: -16.915384275840943
TpsRandomic + IndividualEstimated_INR + -12.5
None
ls_gain_coeffs:
[-129.62385416 -121.89631226 -121.4573176  -138.72449142 -120.69208399
 -130.62560018 -131.29141269 -123.7829768  -126.72474273 -122.01785475
 -132.83242052 -130.20120724 -115.47923054 -106.53793036 -126.14886999]
inrs_hat:  [-18.63415411 -10.90661221 -10.46761756 -27.73479137  -9.70238394
 -19.63590013 -20.30171265 -12.79327675 -15.73504269 -11.0281547
 -21.84272047 -19.21150719  -4.48953049   4.45176969 -15.15916995]
scheduled_ues:  [ 0  3  5  6  7  8 10 11 14]
(1, 15, 1, 4, 1, 1)
caused INR: -8.119493067196213
TpsRandomic + IndividualEstimated_INR + -15.0
None
ls_gain_coeffs:
[-143.69914254 -139.04943624 -114.26916761 -122.23871991 -120.69208399
 -113.48427463 -142.64622658 -115.70304149 -126.72474273 -117.66247714
 -115.39213221 -121.50664887 -118.88856908 -120.11271043 -134.55901453]
inrs_hat:  [-32.7094425  -28.05973619  -3.27946757 -11.24901987  -9.70238394
  -2.49457458 -31.65652654  -4.71334145 -15.73504269  -6.6727771
  -4.40243217 -10.51694883  -7.89886904  -9.12301039 -23.56931449]
scheduled_ues:  [ 0  1  6  8 14]
(1, 15, 1, 4, 1, 1)
caused INR: -10.58357940761778
TpsRandomic + CumulativeIndividualEstimated_INR + -10.0
None
(1, 15, 1, 4, 1, 1)
caused INR: -9.540225897459667
TpsRandomic + CumulativeIndividualEstimated_INR + -12.5
None
(1, 15, 1, 4, 1, 1)
caused INR: -15.914211143554315
TpsRandomic + CumulativeIndividualEstimated_INR + -15.0
None
(1, 15, 1, 4, 1, 1)
caused INR: -16.42026787854818
Iteration number 22
TpsAltruisticFromLsfGain + IndividualEstimated_INR + -10.0
None
ls_gain_coeffs:
[-132.38897496 -139.63329752 -146.49352989 -124.45125607 -135.33773875
 -137.45651176 -139.39926127 -136.25613048 -139.57024426 -129.61741705
 -139.28524023 -133.92721966 -150.62810929 -141.38527282 -127.98667426]
inrs_hat:  [-21.39927491 -28.64359748 -35.50382984 -13.46155602 -24.34803871
 -26.46681172 -28.40956122 -25.26643044 -28.58054422 -18.62771701
 -28.29554018 -22.93751962 -39.63840925 -30.39557278 -16.99697422]
scheduled_ues:  [ 0  1  2  3  4  5  6  7  8  9 10 11 12 13 14]
(1, 15, 1, 4, 1, 1)
caused INR: -14.362755801380043
TpsAltruisticFromLsfGain + IndividualEstimated_INR + -12.5
None
ls_gain_coeffs:
[-132.38897496 -139.63329752 -146.49352989 -124.45125607 -135.33773875
 -137.45651176 -139.39926127 -136.25613048 -139.57024426 -129.61741705
 -139.28524023 -133.92721966 -150.62810929 -141.38527282 -127.98667426]
inrs_hat:  [-21.39927491 -28.64359748 -35.50382984 -13.46155602 -24.34803871
 -26.46681172 -28.40956122 -25.26643044 -28.58054422 -18.62771701
 -28.29554018 -22.93751962 -39.63840925 -30.39557278 -16.99697422]
scheduled_ues:  [ 0  1  2  3  4  5  6  7  8  9 10 11 12 13 14]
(1, 15, 1, 4, 1, 1)
caused INR: -14.362755801380043
TpsAltruisticFromLsfGain + IndividualEstimated_INR + -15.0
None
ls_gain_coeffs:
[-132.38897496 -139.63329752 -146.49352989 -124.45125607 -135.33773875
 -137.45651176 -139.39926127 -136.25613048 -139.57024426 -129.61741705
 -139.28524023 -133.92721966 -150.62810929 -141.38527282 -127.98667426]
inrs_hat:  [-21.39927491 -28.64359748 -35.50382984 -13.46155602 -24.34803871
 -26.46681172 -28.40956122 -25.26643044 -28.58054422 -18.62771701
 -28.29554018 -22.93751962 -39.63840925 -30.39557278 -16.99697422]
scheduled_ues:  [ 0  1  2  4  5  6  7  8  9 10 11 12 13 14]
(1, 15, 1, 4, 1, 1)
caused INR: -12.064099376991098
TpsAltruisticFromLsfGain + CumulativeIndividualEstimated_INR + -10.0
None
(1, 15, 1, 4, 1, 1)
caused INR: -12.064099376991098
TpsAltruisticFromLsfGain + CumulativeIndividualEstimated_INR + -12.5
None
(1, 15, 1, 4, 1, 1)
caused INR: -12.051918512453476
TpsAltruisticFromLsfGain + CumulativeIndividualEstimated_INR + -15.0
None
(1, 15, 1, 4, 1, 1)
caused INR: -10.499871392003381
TpsRandomic + IndividualEstimated_INR + -10.0
None
ls_gain_coeffs:
[-132.38897496 -130.46918433 -138.52516052 -108.35801236 -123.05997105
 -129.60299572 -123.06761425 -124.5260756  -130.0771509  -129.61741705
 -139.28524023 -131.3820766  -139.07541758 -127.70052849 -127.98667426]
inrs_hat:  [-21.39927491 -19.47948429 -27.53546048   2.63168769 -12.07027101
 -18.61329567 -12.07791421 -13.53637556 -19.08745086 -18.62771701
 -28.29554018 -20.39237656 -28.08571753 -16.71082845 -16.99697422]
scheduled_ues:  [ 0  1  2  4  5  6  7  8  9 10 11 12 13 14]
(1, 15, 1, 4, 1, 1)
caused INR: -3.492594593757018
TpsRandomic + IndividualEstimated_INR + -12.5
None
ls_gain_coeffs:
[-120.4859031  -122.74910124 -138.52516052 -124.45125607 -126.12975475
 -129.60299572 -123.06761425 -124.5260756  -122.87948702 -129.61741705
 -125.72701659 -120.63723864 -133.89067189 -141.38527282 -127.98667426]
inrs_hat:  [ -9.49620306 -11.7594012  -27.53546048 -13.46155602 -15.1400547
 -18.61329567 -12.07791421 -13.53637556 -11.88978698 -18.62771701
 -14.73731655  -9.6475386  -22.90097185 -30.39557278 -16.99697422]
scheduled_ues:  [ 2  3  4  5  7  9 10 12 13 14]
(1, 15, 1, 4, 1, 1)
caused INR: -2.9215345699426
TpsRandomic + IndividualEstimated_INR + -15.0
None
ls_gain_coeffs:
[-115.0307421  -130.46918433 -138.52516052 -110.18383421 -135.33773875
 -123.75702257 -125.59809254 -119.24653301 -130.0771509  -129.45465038
 -125.72701659 -120.63723864 -150.62810929 -127.70052849 -117.10303164]
inrs_hat:  [ -4.04104206 -19.47948429 -27.53546048   0.80586583 -24.34803871
 -12.76732252 -14.60839249  -8.25683297 -19.08745086 -18.46495034
 -14.73731655  -9.6475386  -39.63840925 -16.71082845  -6.1133316 ]
scheduled_ues:  [ 1  2  4  8  9 12 13]
(1, 15, 1, 4, 1, 1)
caused INR: -24.889227855385556
TpsRandomic + CumulativeIndividualEstimated_INR + -10.0
None
(1, 15, 1, 4, 1, 1)
caused INR: -17.0612245257461
TpsRandomic + CumulativeIndividualEstimated_INR + -12.5
None
(1, 15, 1, 4, 1, 1)
caused INR: -15.830791288018563
TpsRandomic + CumulativeIndividualEstimated_INR + -15.0
None
(1, 15, 1, 4, 1, 1)
caused INR: -15.837847669556762
Iteration number 23
TpsAltruisticFromLsfGain + IndividualEstimated_INR + -10.0
None
ls_gain_coeffs:
[-148.97087546 -103.61501298 -124.40873927 -141.80516801 -142.84811339
 -141.73035529 -139.61809001 -138.79511203 -132.1900645  -150.85019421
 -126.15871742 -133.04113952 -131.17007014 -139.62234156 -151.09668773]
inrs_hat:  [-37.98117542   7.37468707 -13.41903922 -30.81546797 -31.85841334
 -30.74065524 -28.62838996 -27.80541199 -21.20036445 -39.86049417
 -15.16901738 -22.05143948 -20.1803701  -28.63264152 -40.10698769]
scheduled_ues:  [ 0  2  3  4  5  6  7  8  9 10 11 12 13 14]
(1, 15, 1, 4, 1, 1)
caused INR: -8.402654179959368
TpsAltruisticFromLsfGain + IndividualEstimated_INR + -12.5
None
ls_gain_coeffs:
[-148.97087546 -103.61501298 -124.40873927 -141.80516801 -142.84811339
 -141.73035529 -139.61809001 -138.79511203 -132.1900645  -150.85019421
 -126.15871742 -133.04113952 -131.17007014 -139.62234156 -151.09668773]
inrs_hat:  [-37.98117542   7.37468707 -13.41903922 -30.81546797 -31.85841334
 -30.74065524 -28.62838996 -27.80541199 -21.20036445 -39.86049417
 -15.16901738 -22.05143948 -20.1803701  -28.63264152 -40.10698769]
scheduled_ues:  [ 0  2  3  4  5  6  7  8  9 10 11 12 13 14]
(1, 15, 1, 4, 1, 1)
caused INR: -8.402654179959368
TpsAltruisticFromLsfGain + IndividualEstimated_INR + -15.0
None
ls_gain_coeffs:
[-148.97087546 -103.61501298 -124.40873927 -141.80516801 -142.84811339
 -141.73035529 -139.61809001 -138.79511203 -132.1900645  -150.85019421
 -126.15871742 -133.04113952 -131.17007014 -139.62234156 -151.09668773]
inrs_hat:  [-37.98117542   7.37468707 -13.41903922 -30.81546797 -31.85841334
 -30.74065524 -28.62838996 -27.80541199 -21.20036445 -39.86049417
 -15.16901738 -22.05143948 -20.1803701  -28.63264152 -40.10698769]
scheduled_ues:  [ 0  3  4  5  6  7  8  9 10 11 12 13 14]
(1, 15, 1, 4, 1, 1)
caused INR: -13.614773378348406
TpsAltruisticFromLsfGain + CumulativeIndividualEstimated_INR + -10.0
None
(1, 15, 1, 4, 1, 1)
caused INR: -13.614773378348406
TpsAltruisticFromLsfGain + CumulativeIndividualEstimated_INR + -12.5
None
(1, 15, 1, 4, 1, 1)
caused INR: -15.718405527305144
TpsAltruisticFromLsfGain + CumulativeIndividualEstimated_INR + -15.0
None
(1, 15, 1, 4, 1, 1)
caused INR: -15.718405527305144
TpsRandomic + IndividualEstimated_INR + -10.0
None
ls_gain_coeffs:
[-141.61599102  -90.61534097 -117.67754699 -125.22191865 -142.84811339
 -132.22085722 -122.94261842 -124.48359195 -114.87704009 -136.90007154
 -126.15871742 -120.37102777 -131.17007014 -125.909023   -134.77189672]
inrs_hat:  [-30.62629098  20.37435907  -6.68784695 -14.23221861 -31.85841334
 -21.23115718 -11.95291838 -13.49389191  -3.88734004 -25.9103715
 -15.16901738  -9.38132773 -20.1803701  -14.91932296 -23.78219668]
scheduled_ues:  [ 0  3  4  5  6  7  9 10 12 13 14]
(1, 15, 1, 4, 1, 1)
caused INR: -6.699772626966693
TpsRandomic + IndividualEstimated_INR + -12.5
None
ls_gain_coeffs:
[-135.95513634 -101.94079697 -124.40873927 -141.80516801 -125.90867743
 -141.73035529 -129.97495564 -124.48359195 -114.87704009 -136.90007154
 -109.22047877 -115.35952121 -113.94777927 -125.909023   -137.96630251]
inrs_hat:  [-24.9654363    9.04890308 -13.41903922 -30.81546797 -14.91897739
 -30.74065524 -18.98525559 -13.49389191  -3.88734004 -25.9103715
   1.76922127  -4.36982117  -2.95807923 -14.91932296 -26.97660247]
scheduled_ues:  [ 0  2  3  4  5  6  7  9 13 14]
(1, 15, 1, 4, 1, 1)
caused INR: -22.37121490152106
TpsRandomic + IndividualEstimated_INR + -15.0
None
ls_gain_coeffs:
[-141.61599102 -103.61501298 -124.40873927 -128.03988337 -125.90867743
 -141.73035529 -128.35188121 -133.07497481 -114.87704009 -135.39154887
 -117.27802965 -122.78961465 -118.28552084 -139.62234156 -137.96630251]
inrs_hat:  [-30.62629098   7.37468707 -13.41903922 -17.05018333 -14.91897739
 -30.74065524 -17.36218117 -22.08527477  -3.88734004 -24.40184883
  -6.28832961 -11.7999146   -7.29582079 -28.63264152 -26.97660247]
scheduled_ues:  [ 0  3  5  6  7  9 13 14]
(1, 15, 1, 4, 1, 1)
caused INR: -17.21919285127781
TpsRandomic + CumulativeIndividualEstimated_INR + -10.0
None
(1, 15, 1, 4, 1, 1)
caused INR: -17.003688535400897
TpsRandomic + CumulativeIndividualEstimated_INR + -12.5
None
(1, 15, 1, 4, 1, 1)
caused INR: -16.524476450332287
TpsRandomic + CumulativeIndividualEstimated_INR + -15.0
None
(1, 15, 1, 4, 1, 1)
caused INR: -18.811519018373055
Iteration number 24
TpsAltruisticFromLsfGain + IndividualEstimated_INR + -10.0
None
ls_gain_coeffs:
[-148.05456155 -145.4700333  -121.82209874 -147.42831064 -123.06947182
 -138.34081983 -134.89332574 -128.81850103 -129.58563731 -149.61833387
 -133.25397984 -149.62630764 -147.28504206 -143.90906578 -147.03683756]
inrs_hat:  [-37.06486151 -34.48033325 -10.83239869 -36.4386106  -12.07977177
 -27.35111978 -23.90362569 -17.82880098 -18.59593727 -38.62863382
 -22.2642798  -38.63660759 -36.29534202 -32.91936573 -36.04713752]
scheduled_ues:  [ 0  1  2  3  4  5  6  7  8  9 10 11 12 13 14]
(1, 15, 1, 4, 1, 1)
caused INR: -0.7031953771910802
TpsAltruisticFromLsfGain + IndividualEstimated_INR + -12.5
None
ls_gain_coeffs:
[-148.05456155 -145.4700333  -121.82209874 -147.42831064 -123.06947182
 -138.34081983 -134.89332574 -128.81850103 -129.58563731 -149.61833387
 -133.25397984 -149.62630764 -147.28504206 -143.90906578 -147.03683756]
inrs_hat:  [-37.06486151 -34.48033325 -10.83239869 -36.4386106  -12.07977177
 -27.35111978 -23.90362569 -17.82880098 -18.59593727 -38.62863382
 -22.2642798  -38.63660759 -36.29534202 -32.91936573 -36.04713752]
scheduled_ues:  [ 0  1  3  5  6  7  8  9 10 11 12 13 14]
(1, 15, 1, 4, 1, 1)
caused INR: -10.556820815537666
TpsAltruisticFromLsfGain + IndividualEstimated_INR + -15.0
None
ls_gain_coeffs:
[-148.05456155 -145.4700333  -121.82209874 -147.42831064 -123.06947182
 -138.34081983 -134.89332574 -128.81850103 -129.58563731 -149.61833387
 -133.25397984 -149.62630764 -147.28504206 -143.90906578 -147.03683756]
inrs_hat:  [-37.06486151 -34.48033325 -10.83239869 -36.4386106  -12.07977177
 -27.35111978 -23.90362569 -17.82880098 -18.59593727 -38.62863382
 -22.2642798  -38.63660759 -36.29534202 -32.91936573 -36.04713752]
scheduled_ues:  [ 0  1  3  5  6  7  8  9 10 11 12 13 14]
(1, 15, 1, 4, 1, 1)
caused INR: -10.556820815537666
TpsAltruisticFromLsfGain + CumulativeIndividualEstimated_INR + -10.0
None
(1, 15, 1, 4, 1, 1)
caused INR: -10.556820815537666
TpsAltruisticFromLsfGain + CumulativeIndividualEstimated_INR + -12.5
None
(1, 15, 1, 4, 1, 1)
caused INR: -10.556820815537666
TpsAltruisticFromLsfGain + CumulativeIndividualEstimated_INR + -15.0
None
(1, 15, 1, 4, 1, 1)
caused INR: -14.964828362263763
TpsRandomic + IndividualEstimated_INR + -10.0
None
ls_gain_coeffs:
[-137.13030583 -132.28914481 -108.12330596 -141.61545896 -105.8217804
 -128.94688515 -125.2924784  -112.32056602 -116.03768963 -136.33399408
 -120.76028919 -149.62630764 -135.99302122 -131.09647135 -130.425061  ]
inrs_hat:  [-26.14060579 -21.29944477   2.86639408 -30.62575892   5.16791964
 -17.9571851  -14.30277836  -1.33086597  -5.04798959 -25.34429404
  -9.77058915 -38.63660759 -25.00332118 -20.10677131 -19.43536096]
scheduled_ues:  [ 0  1  3  5  6  9 11 12 13 14]
(1, 15, 1, 4, 1, 1)
caused INR: -17.812636011036417
TpsRandomic + IndividualEstimated_INR + -12.5
None
ls_gain_coeffs:
[-137.13030583 -132.28914481 -121.82209874 -131.30300026 -113.26068026
 -121.64642864 -134.89332574 -115.42871978 -129.58563731 -142.80632981
 -133.25397984 -136.70112523 -130.33250269 -143.90906578 -134.67851065]
inrs_hat:  [-26.14060579 -21.29944477 -10.83239869 -20.31330021  -2.27098022
 -10.6567286  -23.90362569  -4.43901973 -18.59593727 -31.81662977
 -22.2642798  -25.71142519 -19.34280265 -32.91936573 -23.68881061]
scheduled_ues:  [ 0  1  3  6  8  9 10 11 12 13 14]
(1, 15, 1, 4, 1, 1)
caused INR: -13.05154211564206
TpsRandomic + IndividualEstimated_INR + -15.0
None
ls_gain_coeffs:
[-131.36814049 -131.54985633 -108.12330596 -141.61545896 -105.8217804
 -128.94688515 -134.89332574 -128.81850103 -129.58563731 -133.34936195
 -120.78633452 -148.90093403 -137.11358416 -131.09647135 -134.67851065]
inrs_hat:  [-20.37844045 -20.56015628   2.86639408 -30.62575892   5.16791964
 -17.9571851  -23.90362569 -17.82880098 -18.59593727 -22.3596619
  -9.79663448 -37.91123398 -26.12388412 -20.10677131 -23.68881061]
scheduled_ues:  [ 0  1  3  5  6  7  8  9 11 12 13 14]
(1, 15, 1, 4, 1, 1)
caused INR: -11.479331329982994
TpsRandomic + CumulativeIndividualEstimated_INR + -10.0
None
(1, 15, 1, 4, 1, 1)
caused INR: -13.971739874838516
TpsRandomic + CumulativeIndividualEstimated_INR + -12.5
None
(1, 15, 1, 4, 1, 1)
caused INR: -28.819643393174772
TpsRandomic + CumulativeIndividualEstimated_INR + -15.0
None
(1, 15, 1, 4, 1, 1)
caused INR: -17.47122902261502
Iteration number 25
TpsAltruisticFromLsfGain + IndividualEstimated_INR + -10.0
None
ls_gain_coeffs:
[-146.54721235 -141.31631616 -128.26131168 -141.9903925  -149.29416092
 -141.77410657 -149.21039426 -121.51407654 -142.93607489 -138.45521493
 -129.7601754  -146.85130888 -135.36760151 -130.33323157 -146.09717554]
inrs_hat:  [-35.55751231 -30.32661611 -17.27161163 -31.00069245 -38.30446087
 -30.78440653 -38.22069421 -10.52437649 -31.94637485 -27.46551489
 -18.77047536 -35.86160883 -24.37790147 -19.34353152 -35.1074755 ]
scheduled_ues:  [ 0  1  2  3  4  5  6  7  8  9 10 11 12 13 14]
(1, 15, 1, 4, 1, 1)
caused INR: -36.66374747937375
TpsAltruisticFromLsfGain + IndividualEstimated_INR + -12.5
None
ls_gain_coeffs:
[-146.54721235 -141.31631616 -128.26131168 -141.9903925  -149.29416092
 -141.77410657 -149.21039426 -121.51407654 -142.93607489 -138.45521493
 -129.7601754  -146.85130888 -135.36760151 -130.33323157 -146.09717554]
inrs_hat:  [-35.55751231 -30.32661611 -17.27161163 -31.00069245 -38.30446087
 -30.78440653 -38.22069421 -10.52437649 -31.94637485 -27.46551489
 -18.77047536 -35.86160883 -24.37790147 -19.34353152 -35.1074755 ]
scheduled_ues:  [ 0  1  2  3  4  5  6  8  9 10 11 12 13 14]
(1, 15, 1, 4, 1, 1)
caused INR: -14.774541432501277
TpsAltruisticFromLsfGain + IndividualEstimated_INR + -15.0
None
ls_gain_coeffs:
[-146.54721235 -141.31631616 -128.26131168 -141.9903925  -149.29416092
 -141.77410657 -149.21039426 -121.51407654 -142.93607489 -138.45521493
 -129.7601754  -146.85130888 -135.36760151 -130.33323157 -146.09717554]
inrs_hat:  [-35.55751231 -30.32661611 -17.27161163 -31.00069245 -38.30446087
 -30.78440653 -38.22069421 -10.52437649 -31.94637485 -27.46551489
 -18.77047536 -35.86160883 -24.37790147 -19.34353152 -35.1074755 ]
scheduled_ues:  [ 0  1  2  3  4  5  6  8  9 10 11 12 13 14]
(1, 15, 1, 4, 1, 1)
caused INR: -14.774541432501277
TpsAltruisticFromLsfGain + CumulativeIndividualEstimated_INR + -10.0
None
(1, 15, 1, 4, 1, 1)
caused INR: -14.774541432501277
TpsAltruisticFromLsfGain + CumulativeIndividualEstimated_INR + -12.5
None
(1, 15, 1, 4, 1, 1)
caused INR: -14.774541432501277
TpsAltruisticFromLsfGain + CumulativeIndividualEstimated_INR + -15.0
None
(1, 15, 1, 4, 1, 1)
caused INR: -21.215814136283896
TpsRandomic + IndividualEstimated_INR + -10.0
None
ls_gain_coeffs:
[-129.8507592  -129.80160589 -116.15364147 -134.56508475 -143.28254047
 -130.49689961 -149.21039426 -121.51407654 -134.21211415 -125.84103352
 -116.73971034 -146.85130888 -121.03557575 -113.82967203 -146.09717554]
inrs_hat:  [-18.86105916 -18.81190585  -5.16394143 -23.5753847  -32.29284042
 -19.50719957 -38.22069421 -10.52437649 -23.2224141  -14.85133348
  -5.7500103  -35.86160883 -10.04587571  -2.83997198 -35.1074755 ]
scheduled_ues:  [ 0  1  3  4  5  6  7  8  9 11 12 14]
(1, 15, 1, 4, 1, 1)
caused INR: -6.195154033926268
TpsRandomic + IndividualEstimated_INR + -12.5
None
ls_gain_coeffs:
[-129.8507592  -131.28347224 -128.26131168 -125.47564781 -149.29416092
 -131.41213588 -141.21420578 -121.51407654 -142.93607489 -121.44298263
 -129.7601754  -139.53904511 -135.36760151 -113.82967203 -129.21109788]
inrs_hat:  [-18.86105916 -20.29377219 -17.27161163 -14.48594777 -38.30446087
 -20.42243584 -30.22450573 -10.52437649 -31.94637485 -10.45328259
 -18.77047536 -28.54934506 -24.37790147  -2.83997198 -18.22139783]
scheduled_ues:  [ 0  1  2  3  4  5  6  8 10 11 12 14]
(1, 15, 1, 4, 1, 1)
caused INR: -16.14526702402266
TpsRandomic + IndividualEstimated_INR + -15.0
None
ls_gain_coeffs:
[-129.8507592  -131.28347224 -116.15364147 -125.47564781 -133.16659595
 -141.77410657 -149.21039426 -121.51407654 -126.26861101 -125.84103352
 -112.21401574 -139.53904511 -129.69632423 -116.93206588 -134.12626545]
inrs_hat:  [-18.86105916 -20.29377219  -5.16394143 -14.48594777 -22.1768959
 -30.78440653 -38.22069421 -10.52437649 -15.27891097 -14.85133348
  -1.2243157  -28.54934506 -18.70662419  -5.94236584 -23.13656541]
scheduled_ues:  [ 0  1  4  5  6  8 11 12 14]
(1, 15, 1, 4, 1, 1)
caused INR: -9.824448060580345
TpsRandomic + CumulativeIndividualEstimated_INR + -10.0
None
(1, 15, 1, 4, 1, 1)
caused INR: -17.76562916104102
TpsRandomic + CumulativeIndividualEstimated_INR + -12.5
None
(1, 15, 1, 4, 1, 1)
caused INR: -14.043243261654169
TpsRandomic + CumulativeIndividualEstimated_INR + -15.0
None
(1, 15, 1, 4, 1, 1)
caused INR: -11.029350281892922
Iteration number 26
TpsAltruisticFromLsfGain + IndividualEstimated_INR + -10.0
None
ls_gain_coeffs:
[-147.72850935 -148.85849018 -131.65136704 -127.92536565 -124.58150548
 -149.17727857 -133.82491078 -128.52727159 -119.38747698 -144.95147379
 -143.33979629 -143.03054098 -145.57003691 -145.52035492 -138.62940819]
inrs_hat:  [-36.7388093  -37.86879013 -20.661667   -16.93566561 -13.59180543
 -38.18757852 -22.83521074 -17.53757155  -8.39777694 -33.96177375
 -32.35009625 -32.04084094 -34.58033687 -34.53065488 -27.63970815]
scheduled_ues:  [ 0  1  2  3  4  5  6  7  9 10 11 12 13 14]
(1, 15, 1, 4, 1, 1)
caused INR: -17.435508608516585
TpsAltruisticFromLsfGain + IndividualEstimated_INR + -12.5
None
ls_gain_coeffs:
[-147.72850935 -148.85849018 -131.65136704 -127.92536565 -124.58150548
 -149.17727857 -133.82491078 -128.52727159 -119.38747698 -144.95147379
 -143.33979629 -143.03054098 -145.57003691 -145.52035492 -138.62940819]
inrs_hat:  [-36.7388093  -37.86879013 -20.661667   -16.93566561 -13.59180543
 -38.18757852 -22.83521074 -17.53757155  -8.39777694 -33.96177375
 -32.35009625 -32.04084094 -34.58033687 -34.53065488 -27.63970815]
scheduled_ues:  [ 0  1  2  3  4  5  6  7  9 10 11 12 13 14]
(1, 15, 1, 4, 1, 1)
caused INR: -17.435508608516585
TpsAltruisticFromLsfGain + IndividualEstimated_INR + -15.0
None
ls_gain_coeffs:
[-147.72850935 -148.85849018 -131.65136704 -127.92536565 -124.58150548
 -149.17727857 -133.82491078 -128.52727159 -119.38747698 -144.95147379
 -143.33979629 -143.03054098 -145.57003691 -145.52035492 -138.62940819]
inrs_hat:  [-36.7388093  -37.86879013 -20.661667   -16.93566561 -13.59180543
 -38.18757852 -22.83521074 -17.53757155  -8.39777694 -33.96177375
 -32.35009625 -32.04084094 -34.58033687 -34.53065488 -27.63970815]
scheduled_ues:  [ 0  1  2  3  5  6  7  9 10 11 12 13 14]
(1, 15, 1, 4, 1, 1)
caused INR: -13.857480390187927
TpsAltruisticFromLsfGain + CumulativeIndividualEstimated_INR + -10.0
None
(1, 15, 1, 4, 1, 1)
caused INR: -17.435508608516585
TpsAltruisticFromLsfGain + CumulativeIndividualEstimated_INR + -12.5
None
(1, 15, 1, 4, 1, 1)
caused INR: -13.857480390187927
TpsAltruisticFromLsfGain + CumulativeIndividualEstimated_INR + -15.0
None
(1, 15, 1, 4, 1, 1)
caused INR: -28.037288766333507
TpsRandomic + IndividualEstimated_INR + -10.0
None
ls_gain_coeffs:
[-136.85941387 -148.85849018 -114.51858739 -119.60429054 -110.57405597
 -135.41646877 -119.99829204 -111.75358806 -106.80493917 -142.20807282
 -127.02476195 -143.03054098 -128.99880913 -145.52035492 -137.98458477]
inrs_hat:  [-25.86971382 -37.86879013  -3.52888734  -8.61459049   0.41564408
 -24.42676873  -9.008592    -0.76388802   4.18476088 -31.21837278
 -16.03506191 -32.04084094 -18.00910908 -34.53065488 -26.99488473]
scheduled_ues:  [ 0  1  5  9 10 11 12 13 14]
(1, 15, 1, 4, 1, 1)
caused INR: -17.030546166770726
TpsRandomic + IndividualEstimated_INR + -12.5
None
ls_gain_coeffs:
[-130.92027417 -148.85849018 -114.51858739 -119.60429054 -111.35698072
 -143.00234248 -125.84064492 -115.28862049 -106.80493917 -130.68093981
 -143.33979629 -143.03054098 -128.99880913 -129.04058356 -125.97286705]
inrs_hat:  [-19.93057413 -37.86879013  -3.52888734  -8.61459049  -0.36728068
 -32.01264244 -14.85094488  -4.29892045   4.18476088 -19.69123977
 -32.35009625 -32.04084094 -18.00910908 -18.05088351 -14.98316701]
scheduled_ues:  [ 0  1  5  6  9 10 11 12 13 14]
(1, 15, 1, 4, 1, 1)
caused INR: -6.051119332243874
TpsRandomic + IndividualEstimated_INR + -15.0
None
ls_gain_coeffs:
[-136.85941387 -141.76116814 -124.02377813 -127.92536565 -110.57405597
 -149.17727857 -133.82491078 -115.28862049 -101.88848077 -130.68093981
 -129.47991987 -126.22718263 -128.99880913 -129.04058356 -125.75792591]
inrs_hat:  [-25.86971382 -30.77146809 -13.03407809 -16.93566561   0.41564408
 -38.18757852 -22.83521074  -4.29892045   9.10121927 -19.69123977
 -18.49021983 -15.23748259 -18.00910908 -18.05088351 -14.76822587]
scheduled_ues:  [ 0  1  3  5  6  9 10 11 12 13]
(1, 15, 1, 4, 1, 1)
caused INR: -9.70660164656212
TpsRandomic + CumulativeIndividualEstimated_INR + -10.0
None
(1, 15, 1, 4, 1, 1)
caused INR: -12.717698254524837
TpsRandomic + CumulativeIndividualEstimated_INR + -12.5
None
(1, 15, 1, 4, 1, 1)
caused INR: -17.195347697404003
TpsRandomic + CumulativeIndividualEstimated_INR + -15.0
None
(1, 15, 1, 4, 1, 1)
caused INR: -18.262540159654044
Iteration number 27
TpsAltruisticFromLsfGain + IndividualEstimated_INR + -10.0
None
ls_gain_coeffs:
[-131.25340945 -121.99600537 -142.66544645 -143.94376569 -137.46580765
 -115.70606399 -134.29566619 -146.57733938 -126.82077691 -138.68204093
 -146.91658098 -151.56299671 -138.78523929 -136.12545709 -141.30973753]
inrs_hat:  [-20.26370941 -11.00630533 -31.6757464  -32.95406565 -26.47610761
  -4.71636394 -23.30596615 -35.58763934 -15.83107687 -27.69234089
 -35.92688094 -40.57329667 -27.79553925 -25.13575705 -30.32003749]
scheduled_ues:  [ 0  1  2  3  4  6  7  8  9 10 11 12 13 14]
(1, 15, 1, 4, 1, 1)
caused INR: -6.184826281880978
TpsAltruisticFromLsfGain + IndividualEstimated_INR + -12.5
None
ls_gain_coeffs:
[-131.25340945 -121.99600537 -142.66544645 -143.94376569 -137.46580765
 -115.70606399 -134.29566619 -146.57733938 -126.82077691 -138.68204093
 -146.91658098 -151.56299671 -138.78523929 -136.12545709 -141.30973753]
inrs_hat:  [-20.26370941 -11.00630533 -31.6757464  -32.95406565 -26.47610761
  -4.71636394 -23.30596615 -35.58763934 -15.83107687 -27.69234089
 -35.92688094 -40.57329667 -27.79553925 -25.13575705 -30.32003749]
scheduled_ues:  [ 0  2  3  4  6  7  8  9 10 11 12 13 14]
(1, 15, 1, 4, 1, 1)
caused INR: -17.037213302229787
TpsAltruisticFromLsfGain + IndividualEstimated_INR + -15.0
None
ls_gain_coeffs:
[-131.25340945 -121.99600537 -142.66544645 -143.94376569 -137.46580765
 -115.70606399 -134.29566619 -146.57733938 -126.82077691 -138.68204093
 -146.91658098 -151.56299671 -138.78523929 -136.12545709 -141.30973753]
inrs_hat:  [-20.26370941 -11.00630533 -31.6757464  -32.95406565 -26.47610761
  -4.71636394 -23.30596615 -35.58763934 -15.83107687 -27.69234089
 -35.92688094 -40.57329667 -27.79553925 -25.13575705 -30.32003749]
scheduled_ues:  [ 0  2  3  4  6  7  8  9 10 11 12 13 14]
(1, 15, 1, 4, 1, 1)
caused INR: -17.037213302229787
TpsAltruisticFromLsfGain + CumulativeIndividualEstimated_INR + -10.0
None
(1, 15, 1, 4, 1, 1)
caused INR: -17.037213302229787
TpsAltruisticFromLsfGain + CumulativeIndividualEstimated_INR + -12.5
None
(1, 15, 1, 4, 1, 1)
caused INR: -17.037213302229787
TpsAltruisticFromLsfGain + CumulativeIndividualEstimated_INR + -15.0
None
(1, 15, 1, 4, 1, 1)
caused INR: -26.462076511436393
TpsRandomic + IndividualEstimated_INR + -10.0
None
ls_gain_coeffs:
[-124.42519106 -107.85754127 -134.69808983 -130.51802029 -120.76681389
 -100.98913736 -121.23718515 -133.31964772 -114.19826866 -138.68204093
 -132.88173565 -151.56299671 -138.78523929 -131.48830186 -125.80468618]
inrs_hat:  [-13.43549101   3.13215877 -23.70838979 -19.52832025  -9.77711385
  10.00056268 -10.2474851  -22.32994768  -3.20856861 -27.69234089
 -21.89203561 -40.57329667 -27.79553925 -20.49860181 -14.81498613]
scheduled_ues:  [ 0  2  3  6  7  9 10 11 12 13 14]
(1, 15, 1, 4, 1, 1)
caused INR: -11.263145166939534
TpsRandomic + IndividualEstimated_INR + -12.5
None
ls_gain_coeffs:
[-114.25966386 -121.99600537 -129.61372903 -130.51802029 -137.46580765
  -98.71381073 -121.23718515 -130.13258087 -126.82077691 -138.68204093
 -130.77087748 -151.56299671 -125.41994476 -120.59242027 -127.33641185]
inrs_hat:  [ -3.26996381 -11.00630533 -18.62402899 -19.52832025 -26.47610761
  12.27588931 -10.2474851  -19.14288083 -15.83107687 -27.69234089
 -19.78117744 -40.57329667 -14.43024472  -9.60272022 -16.34671181]
scheduled_ues:  [ 2  3  4  7  8  9 10 11 12 14]
(1, 15, 1, 4, 1, 1)
caused INR: -14.72279684426992
TpsRandomic + IndividualEstimated_INR + -15.0
None
ls_gain_coeffs:
[-114.25966386 -121.99600537 -142.66544645 -143.94376569 -123.55860985
  -98.71381073 -132.44502305 -139.38711402 -126.27805215 -128.15360442
 -146.91658098 -151.56299671 -124.49625024 -120.59242027 -127.33641185]
inrs_hat:  [ -3.26996381 -11.00630533 -31.6757464  -32.95406565 -12.5689098
  12.27588931 -21.45532301 -28.39741398 -15.28835211 -17.16390437
 -35.92688094 -40.57329667 -13.50655019  -9.60272022 -16.34671181]
scheduled_ues:  [ 2  3  6  7  8  9 10 11 14]
(1, 15, 1, 4, 1, 1)
caused INR: -15.962937364179748
TpsRandomic + CumulativeIndividualEstimated_INR + -10.0
None
(1, 15, 1, 4, 1, 1)
caused INR: -10.916444175459105
TpsRandomic + CumulativeIndividualEstimated_INR + -12.5
None
(1, 15, 1, 4, 1, 1)
caused INR: -11.812665187014401
TpsRandomic + CumulativeIndividualEstimated_INR + -15.0
None
(1, 15, 1, 4, 1, 1)
caused INR: -24.921411075354687
Iteration number 28
TpsAltruisticFromLsfGain + IndividualEstimated_INR + -10.0
None
ls_gain_coeffs:
[-134.4438221  -136.16132507 -139.87045328 -142.47178995 -146.72160795
 -137.95383657 -118.13986581 -135.69913642 -121.97194929 -144.62089897
 -135.95880993 -147.21303571 -149.93054709 -136.877035   -130.45523964]
inrs_hat:  [-23.45412206 -25.17162502 -28.88075324 -31.4820899  -35.73190791
 -26.96413653  -7.15016576 -24.70943638 -10.98224925 -33.63119893
 -24.96910989 -36.22333567 -38.94084704 -25.88733496 -19.46553959]
scheduled_ues:  [ 0  1  2  3  4  5  7  8  9 10 11 12 13 14]
(1, 15, 1, 4, 1, 1)
caused INR: -10.947745517684009
TpsAltruisticFromLsfGain + IndividualEstimated_INR + -12.5
None
ls_gain_coeffs:
[-134.4438221  -136.16132507 -139.87045328 -142.47178995 -146.72160795
 -137.95383657 -118.13986581 -135.69913642 -121.97194929 -144.62089897
 -135.95880993 -147.21303571 -149.93054709 -136.877035   -130.45523964]
inrs_hat:  [-23.45412206 -25.17162502 -28.88075324 -31.4820899  -35.73190791
 -26.96413653  -7.15016576 -24.70943638 -10.98224925 -33.63119893
 -24.96910989 -36.22333567 -38.94084704 -25.88733496 -19.46553959]
scheduled_ues:  [ 0  1  2  3  4  5  7  9 10 11 12 13 14]
(1, 15, 1, 4, 1, 1)
caused INR: -22.847171458899776
TpsAltruisticFromLsfGain + IndividualEstimated_INR + -15.0
None
ls_gain_coeffs:
[-134.4438221  -136.16132507 -139.87045328 -142.47178995 -146.72160795
 -137.95383657 -118.13986581 -135.69913642 -121.97194929 -144.62089897
 -135.95880993 -147.21303571 -149.93054709 -136.877035   -130.45523964]
inrs_hat:  [-23.45412206 -25.17162502 -28.88075324 -31.4820899  -35.73190791
 -26.96413653  -7.15016576 -24.70943638 -10.98224925 -33.63119893
 -24.96910989 -36.22333567 -38.94084704 -25.88733496 -19.46553959]
scheduled_ues:  [ 0  1  2  3  4  5  7  9 10 11 12 13 14]
(1, 15, 1, 4, 1, 1)
caused INR: -22.847171458899776
TpsAltruisticFromLsfGain + CumulativeIndividualEstimated_INR + -10.0
None
(1, 15, 1, 4, 1, 1)
caused INR: -22.847171458899776
TpsAltruisticFromLsfGain + CumulativeIndividualEstimated_INR + -12.5
None
(1, 15, 1, 4, 1, 1)
caused INR: -22.847171458899776
TpsAltruisticFromLsfGain + CumulativeIndividualEstimated_INR + -15.0
None
(1, 15, 1, 4, 1, 1)
caused INR: -23.411797611536276
TpsRandomic + IndividualEstimated_INR + -10.0
None
ls_gain_coeffs:
[-131.1848538  -119.78713259 -139.87045328 -142.47178995 -132.9334339
 -127.30483386 -118.13986581 -121.5083965  -119.73968687 -135.18827535
 -118.72851874 -130.39434562 -133.55244217 -123.92604756 -117.68351677]
inrs_hat:  [-20.19515375  -8.79743255 -28.88075324 -31.4820899  -21.94373385
 -16.31513382  -7.15016576 -10.51869645  -8.74998683 -24.19857531
  -7.7388187  -19.40464558 -22.56274213 -12.93634752  -6.69381673]
scheduled_ues:  [ 0  2  3  4  5  7  9 11 12 13]
(1, 15, 1, 4, 1, 1)
caused INR: -10.388731589338036
TpsRandomic + IndividualEstimated_INR + -12.5
None
ls_gain_coeffs:
[-131.1848538  -119.78713259 -126.12439695 -142.47178995 -130.38480418
 -137.95383657 -105.44707973 -135.69913642 -121.97194929 -132.57165856
 -135.95880993 -137.46174783 -149.93054709 -123.41666012 -129.46487104]
inrs_hat:  [-20.19515375  -8.79743255 -15.13469691 -31.4820899  -19.39510413
 -26.96413653   5.54262032 -24.70943638 -10.98224925 -21.58195852
 -24.96910989 -26.47204779 -38.94084704 -12.42696007 -18.47517099]
scheduled_ues:  [ 0  2  3  4  5  7  9 10 11 12 14]
(1, 15, 1, 4, 1, 1)
caused INR: -11.289531798375771
TpsRandomic + IndividualEstimated_INR + -15.0
None
ls_gain_coeffs:
[-134.4438221  -123.01519237 -132.64007538 -142.42987752 -146.72160795
 -137.95383657 -105.57267277 -135.69913642 -121.97194929 -144.62089897
 -135.95880993 -130.39434562 -142.57675851 -123.41666012 -117.3533939 ]
inrs_hat:  [-23.45412206 -12.02549233 -21.65037534 -31.44017748 -35.73190791
 -26.96413653   5.41702728 -24.70943638 -10.98224925 -33.63119893
 -24.96910989 -19.40464558 -31.58705846 -12.42696007  -6.36369386]
scheduled_ues:  [ 0  2  3  4  5  7  9 10 11 12]
(1, 15, 1, 4, 1, 1)
caused INR: -20.01996040439638
TpsRandomic + CumulativeIndividualEstimated_INR + -10.0
None
(1, 15, 1, 4, 1, 1)
caused INR: -19.659131069862475
TpsRandomic + CumulativeIndividualEstimated_INR + -12.5
None
(1, 15, 1, 4, 1, 1)
caused INR: -16.170896668367327
TpsRandomic + CumulativeIndividualEstimated_INR + -15.0
None
(1, 15, 1, 4, 1, 1)
caused INR: -19.8460071192687
Iteration number 29
TpsAltruisticFromLsfGain + IndividualEstimated_INR + -10.0
None
ls_gain_coeffs:
[-141.99504733 -142.57781339 -145.5869533  -140.16138247 -138.3095384
 -129.27641699 -128.0373907  -133.90390689 -142.36405601 -145.96865494
 -150.38291785 -141.75725185 -146.42748247 -139.03680106 -133.98226366]
inrs_hat:  [-31.00534729 -31.58811335 -34.59725325 -29.17168243 -27.31983836
 -18.28671694 -17.04769066 -22.91420685 -31.37435596 -34.97895489
 -39.3932178  -30.76755181 -35.43778243 -28.04710101 -22.99256361]
scheduled_ues:  [ 0  1  2  3  4  5  6  7  8  9 10 11 12 13 14]
(1, 15, 1, 4, 1, 1)
caused INR: -20.085864945708764
TpsAltruisticFromLsfGain + IndividualEstimated_INR + -12.5
None
ls_gain_coeffs:
[-141.99504733 -142.57781339 -145.5869533  -140.16138247 -138.3095384
 -129.27641699 -128.0373907  -133.90390689 -142.36405601 -145.96865494
 -150.38291785 -141.75725185 -146.42748247 -139.03680106 -133.98226366]
inrs_hat:  [-31.00534729 -31.58811335 -34.59725325 -29.17168243 -27.31983836
 -18.28671694 -17.04769066 -22.91420685 -31.37435596 -34.97895489
 -39.3932178  -30.76755181 -35.43778243 -28.04710101 -22.99256361]
scheduled_ues:  [ 0  1  2  3  4  5  6  7  8  9 10 11 12 13 14]
(1, 15, 1, 4, 1, 1)
caused INR: -20.085864945708764
TpsAltruisticFromLsfGain + IndividualEstimated_INR + -15.0
None
ls_gain_coeffs:
[-141.99504733 -142.57781339 -145.5869533  -140.16138247 -138.3095384
 -129.27641699 -128.0373907  -133.90390689 -142.36405601 -145.96865494
 -150.38291785 -141.75725185 -146.42748247 -139.03680106 -133.98226366]
inrs_hat:  [-31.00534729 -31.58811335 -34.59725325 -29.17168243 -27.31983836
 -18.28671694 -17.04769066 -22.91420685 -31.37435596 -34.97895489
 -39.3932178  -30.76755181 -35.43778243 -28.04710101 -22.99256361]
scheduled_ues:  [ 0  1  2  3  4  5  6  7  8  9 10 11 12 13 14]
(1, 15, 1, 4, 1, 1)
caused INR: -20.085864945708764
TpsAltruisticFromLsfGain + CumulativeIndividualEstimated_INR + -10.0
None
(1, 15, 1, 4, 1, 1)
caused INR: -20.085864945708764
TpsAltruisticFromLsfGain + CumulativeIndividualEstimated_INR + -12.5
None
(1, 15, 1, 4, 1, 1)
caused INR: -20.085864945708764
TpsAltruisticFromLsfGain + CumulativeIndividualEstimated_INR + -15.0
None
(1, 15, 1, 4, 1, 1)
caused INR: -21.91386640686857
TpsRandomic + IndividualEstimated_INR + -10.0
None
ls_gain_coeffs:
[-135.10175506 -137.62263129 -128.84039977 -126.77870283 -138.3095384
 -126.24915045 -128.0373907  -119.7275301  -142.36405601 -133.01075484
 -150.38291785 -135.39668069 -132.87258648 -122.11224215 -133.98226366]
inrs_hat:  [-24.11205502 -26.63293125 -17.85069973 -15.78900279 -27.31983836
 -15.2594504  -17.04769066  -8.73783006 -31.37435596 -22.0210548
 -39.3932178  -24.40698065 -21.88288644 -11.1225421  -22.99256361]
scheduled_ues:  [ 0  1  2  3  4  5  6  8  9 10 11 12 13 14]
(1, 15, 1, 4, 1, 1)
caused INR: -13.066864317735282
TpsRandomic + IndividualEstimated_INR + -12.5
None
ls_gain_coeffs:
[-135.10175506 -137.62263129 -137.14272817 -126.77870283 -127.56554584
 -129.27641699 -121.07681511 -117.95005422 -142.36405601 -145.1942048
 -150.38291785 -135.39668069 -146.42748247 -139.03680106 -126.49427336]
inrs_hat:  [-24.11205502 -26.63293125 -26.15302813 -15.78900279 -16.5758458
 -18.28671694 -10.08711507  -6.96035418 -31.37435596 -34.20450475
 -39.3932178  -24.40698065 -35.43778243 -28.04710101 -15.50457332]
scheduled_ues:  [ 0  1  2  3  4  5  8  9 10 11 12 13 14]
(1, 15, 1, 4, 1, 1)
caused INR: -7.1241059767806565
TpsRandomic + IndividualEstimated_INR + -15.0
None
ls_gain_coeffs:
[-141.99504733 -137.62263129 -132.97967137 -126.77870283 -138.3095384
 -126.24915045 -121.07681511 -128.61417835 -142.36405601 -133.01075484
 -133.84758291 -141.75725185 -132.87258648 -122.11224215 -126.49427336]
inrs_hat:  [-31.00534729 -26.63293125 -21.98997133 -15.78900279 -27.31983836
 -15.2594504  -10.08711507 -17.62447831 -31.37435596 -22.0210548
 -22.85788287 -30.76755181 -21.88288644 -11.1225421  -15.50457332]
scheduled_ues:  [ 0  1  2  3  4  5  7  8  9 10 11 12 14]
(1, 15, 1, 4, 1, 1)
caused INR: -8.963762885736786
TpsRandomic + CumulativeIndividualEstimated_INR + -10.0
None
(1, 15, 1, 4, 1, 1)
caused INR: -14.58584715649214
TpsRandomic + CumulativeIndividualEstimated_INR + -12.5
None
(1, 15, 1, 4, 1, 1)
caused INR: -18.106129956489035
TpsRandomic + CumulativeIndividualEstimated_INR + -15.0
None
(1, 15, 1, 4, 1, 1)
caused INR: -14.124437956087094
Iteration number 30
TpsAltruisticFromLsfGain + IndividualEstimated_INR + -10.0
None
ls_gain_coeffs:
[-145.71979544 -127.83649145 -137.3997916  -145.26677769 -140.83364503
 -128.98731502 -150.79844276 -122.01380868 -139.18208484 -134.18058195
 -128.01743955 -127.5696371  -136.87949683 -141.07313972 -136.78687083]
inrs_hat:  [-34.73009539 -16.84679141 -26.41009155 -34.27707765 -29.84394498
 -17.99761498 -39.80874272 -11.02410863 -28.1923848  -23.1908819
 -17.0277395  -16.57993706 -25.88979678 -30.08343968 -25.79717079]
scheduled_ues:  [ 0  1  2  3  4  5  6  7  8  9 10 11 12 13 14]
(1, 15, 1, 4, 1, 1)
caused INR: -16.110093941521757
TpsAltruisticFromLsfGain + IndividualEstimated_INR + -12.5
None
ls_gain_coeffs:
[-145.71979544 -127.83649145 -137.3997916  -145.26677769 -140.83364503
 -128.98731502 -150.79844276 -122.01380868 -139.18208484 -134.18058195
 -128.01743955 -127.5696371  -136.87949683 -141.07313972 -136.78687083]
inrs_hat:  [-34.73009539 -16.84679141 -26.41009155 -34.27707765 -29.84394498
 -17.99761498 -39.80874272 -11.02410863 -28.1923848  -23.1908819
 -17.0277395  -16.57993706 -25.88979678 -30.08343968 -25.79717079]
scheduled_ues:  [ 0  1  2  3  4  5  6  8  9 10 11 12 13 14]
(1, 15, 1, 4, 1, 1)
caused INR: -10.402132384647429
TpsAltruisticFromLsfGain + IndividualEstimated_INR + -15.0
None
ls_gain_coeffs:
[-145.71979544 -127.83649145 -137.3997916  -145.26677769 -140.83364503
 -128.98731502 -150.79844276 -122.01380868 -139.18208484 -134.18058195
 -128.01743955 -127.5696371  -136.87949683 -141.07313972 -136.78687083]
inrs_hat:  [-34.73009539 -16.84679141 -26.41009155 -34.27707765 -29.84394498
 -17.99761498 -39.80874272 -11.02410863 -28.1923848  -23.1908819
 -17.0277395  -16.57993706 -25.88979678 -30.08343968 -25.79717079]
scheduled_ues:  [ 0  1  2  3  4  5  6  8  9 10 11 12 13 14]
(1, 15, 1, 4, 1, 1)
caused INR: -10.402132384647429
TpsAltruisticFromLsfGain + CumulativeIndividualEstimated_INR + -10.0
None
(1, 15, 1, 4, 1, 1)
caused INR: -10.402132384647429
TpsAltruisticFromLsfGain + CumulativeIndividualEstimated_INR + -12.5
None
(1, 15, 1, 4, 1, 1)
caused INR: -11.290987919984797
TpsAltruisticFromLsfGain + CumulativeIndividualEstimated_INR + -15.0
None
(1, 15, 1, 4, 1, 1)
caused INR: -20.230967762555878
TpsRandomic + IndividualEstimated_INR + -10.0
None
ls_gain_coeffs:
[-130.14315588 -113.54578086 -124.23516826 -131.27064823 -133.58639816
 -116.31508814 -150.79844276 -108.76432861 -139.18208484 -121.45423165
 -110.97393697 -127.5696371  -136.87949683 -133.89888947 -136.78687083]
inrs_hat:  [-1.91534558e+01 -2.55608082e+00 -1.32454682e+01 -2.02809482e+01
 -2.25966981e+01 -5.32538810e+00 -3.98087427e+01  2.22537143e+00
 -2.81923848e+01 -1.04645316e+01  1.57630778e-02 -1.65799371e+01
 -2.58897968e+01 -2.29091894e+01 -2.57971708e+01]
scheduled_ues:  [ 0  2  3  4  6  8  9 11 12 13 14]
(1, 15, 1, 4, 1, 1)
caused INR: -14.707469317737964
TpsRandomic + IndividualEstimated_INR + -12.5
None
ls_gain_coeffs:
[-145.71979544 -127.83649145 -135.2307216  -145.26677769 -124.44179859
 -116.08446127 -140.32524729 -108.76432861 -125.79031945 -134.18058195
 -117.02582493 -127.5696371  -120.50681528 -133.89888947 -124.34239975]
inrs_hat:  [-34.73009539 -16.84679141 -24.24102155 -34.27707765 -13.45209854
  -5.09476122 -29.33554724   2.22537143 -14.80061941 -23.1908819
  -6.03612489 -16.57993706  -9.51711524 -22.90918943 -13.3526997 ]
scheduled_ues:  [ 0  1  2  3  4  6  8  9 11 13 14]
(1, 15, 1, 4, 1, 1)
caused INR: -17.43833844560777
TpsRandomic + IndividualEstimated_INR + -15.0
None
ls_gain_coeffs:
[-141.0172361  -121.98533485 -135.2307216  -131.27064823 -133.58639816
 -128.29543439 -150.79844276 -120.80198858 -125.79031945 -121.5966068
 -110.97393697 -109.52412542 -130.88209505 -127.481145   -136.78687083]
inrs_hat:  [-3.00275361e+01 -1.09956348e+01 -2.42410216e+01 -2.02809482e+01
 -2.25966981e+01 -1.73057343e+01 -3.98087427e+01 -9.81228854e+00
 -1.48006194e+01 -1.06069068e+01  1.57630778e-02  1.46557463e+00
 -1.98923950e+01 -1.64914450e+01 -2.57971708e+01]
scheduled_ues:  [ 0  2  3  4  5  6 12 13 14]
(1, 15, 1, 4, 1, 1)
caused INR: -8.795329002977443
TpsRandomic + CumulativeIndividualEstimated_INR + -10.0
None
(1, 15, 1, 4, 1, 1)
caused INR: -6.38799298578757
TpsRandomic + CumulativeIndividualEstimated_INR + -12.5
None
(1, 15, 1, 4, 1, 1)
caused INR: -18.2030653400042
TpsRandomic + CumulativeIndividualEstimated_INR + -15.0
None
(1, 15, 1, 4, 1, 1)
caused INR: -22.18026991055831
Iteration number 31
TpsAltruisticFromLsfGain + IndividualEstimated_INR + -10.0
None
ls_gain_coeffs:
[-141.97695829 -125.0419034  -147.56021849 -148.21342674 -139.83915109
 -148.87641429 -136.49544532 -132.78178003 -132.95915202 -132.41919728
 -131.34395634 -145.59096192 -134.07321473 -141.94408267 -128.4590774 ]
inrs_hat:  [-30.98725824 -14.05220336 -36.57051845 -37.2237267  -28.84945105
 -37.88671425 -25.50574527 -21.79207998 -21.96945198 -21.42949724
 -20.3542563  -34.60126188 -23.08351468 -30.95438263 -17.46937736]
scheduled_ues:  [ 0  1  2  3  4  5  6  7  8  9 10 11 12 13 14]
(1, 15, 1, 4, 1, 1)
caused INR: -12.277770965975268
TpsAltruisticFromLsfGain + IndividualEstimated_INR + -12.5
None
ls_gain_coeffs:
[-141.97695829 -125.0419034  -147.56021849 -148.21342674 -139.83915109
 -148.87641429 -136.49544532 -132.78178003 -132.95915202 -132.41919728
 -131.34395634 -145.59096192 -134.07321473 -141.94408267 -128.4590774 ]
inrs_hat:  [-30.98725824 -14.05220336 -36.57051845 -37.2237267  -28.84945105
 -37.88671425 -25.50574527 -21.79207998 -21.96945198 -21.42949724
 -20.3542563  -34.60126188 -23.08351468 -30.95438263 -17.46937736]
scheduled_ues:  [ 0  1  2  3  4  5  6  7  8  9 10 11 12 13 14]
(1, 15, 1, 4, 1, 1)
caused INR: -12.277770965975268
TpsAltruisticFromLsfGain + IndividualEstimated_INR + -15.0
None
ls_gain_coeffs:
[-141.97695829 -125.0419034  -147.56021849 -148.21342674 -139.83915109
 -148.87641429 -136.49544532 -132.78178003 -132.95915202 -132.41919728
 -131.34395634 -145.59096192 -134.07321473 -141.94408267 -128.4590774 ]
inrs_hat:  [-30.98725824 -14.05220336 -36.57051845 -37.2237267  -28.84945105
 -37.88671425 -25.50574527 -21.79207998 -21.96945198 -21.42949724
 -20.3542563  -34.60126188 -23.08351468 -30.95438263 -17.46937736]
scheduled_ues:  [ 0  2  3  4  5  6  7  8  9 10 11 12 13 14]
(1, 15, 1, 4, 1, 1)
caused INR: -24.397168839379873
TpsAltruisticFromLsfGain + CumulativeIndividualEstimated_INR + -10.0
None
(1, 15, 1, 4, 1, 1)
caused INR: -12.277770965975268
TpsAltruisticFromLsfGain + CumulativeIndividualEstimated_INR + -12.5
None
(1, 15, 1, 4, 1, 1)
caused INR: -37.66615573574213
TpsAltruisticFromLsfGain + CumulativeIndividualEstimated_INR + -15.0
None
(1, 15, 1, 4, 1, 1)
caused INR: -24.110319523040786
TpsRandomic + IndividualEstimated_INR + -10.0
None
ls_gain_coeffs:
[-141.97695829 -125.0419034  -134.00661306 -134.54109117 -122.92036767
 -132.85858189 -123.95502907 -132.78178003 -118.64021941 -125.47243802
 -120.38967161 -134.35728711 -116.8822676  -134.16143217 -119.6555911 ]
inrs_hat:  [-30.98725824 -14.05220336 -23.01691301 -23.55139112 -11.93066762
 -21.86888185 -12.96532903 -21.79207998  -7.65051937 -14.48273798
  -9.39997157 -23.36758707  -5.89256756 -23.17173212  -8.66589105]
scheduled_ues:  [ 0  1  2  3  4  5  6  7  9 11 13]
(1, 15, 1, 4, 1, 1)
caused INR: -6.945908491060548
TpsRandomic + IndividualEstimated_INR + -12.5
None
ls_gain_coeffs:
[-125.41697418 -125.0419034  -144.22420218 -148.21342674 -139.83915109
 -135.02957725 -123.95502907 -128.00434768 -116.11924197 -116.01954839
 -120.38967161 -145.59096192 -120.7197236  -134.16143217 -116.0684494 ]
inrs_hat:  [-14.42727414 -14.05220336 -33.23450214 -37.2237267  -28.84945105
 -24.03987721 -12.96532903 -17.01464764  -5.12954193  -5.02984834
  -9.39997157 -34.60126188  -9.73002355 -23.17173212  -5.07874936]
scheduled_ues:  [ 0  1  2  3  4  5  6  7 11 13]
(1, 15, 1, 4, 1, 1)
caused INR: -7.242604299352954
TpsRandomic + IndividualEstimated_INR + -15.0
None
ls_gain_coeffs:
[-128.25989558 -107.60762573 -147.56021849 -148.21342674 -128.38077594
 -135.02957725 -119.85315378 -117.15522513 -118.64021941 -116.01954839
 -120.89170687 -134.35728711 -116.8822676  -141.94408267 -111.64122025]
inrs_hat:  [-17.27019553   3.38207431 -36.57051845 -37.2237267  -17.3910759
 -24.03987721  -8.86345373  -6.16552509  -7.65051937  -5.02984834
  -9.90200682 -23.36758707  -5.89256756 -30.95438263  -0.65152021]
scheduled_ues:  [ 0  2  3  4  5 11 13]
(1, 15, 1, 4, 1, 1)
caused INR: -14.672998798188733
TpsRandomic + CumulativeIndividualEstimated_INR + -10.0
None
(1, 15, 1, 4, 1, 1)
caused INR: -18.531797665789064
TpsRandomic + CumulativeIndividualEstimated_INR + -12.5
None
(1, 15, 1, 4, 1, 1)
caused INR: -19.0389112209854
TpsRandomic + CumulativeIndividualEstimated_INR + -15.0
None
(1, 15, 1, 4, 1, 1)
caused INR: -16.353934379914552
Iteration number 32
TpsAltruisticFromLsfGain + IndividualEstimated_INR + -10.0
None
ls_gain_coeffs:
[-147.23186816 -127.48341876 -129.96964012 -126.34049476 -135.88801971
 -143.72203158 -138.23229001 -147.70605004 -136.19577132 -136.27323274
 -118.21564619 -132.85857685 -131.07007663 -130.47735291 -128.23567124]
inrs_hat:  [-36.24216812 -16.49371872 -18.97994008 -15.35079472 -24.89831967
 -32.73233154 -27.24258997 -36.71635    -25.20607127 -25.2835327
  -7.22594615 -21.86887681 -20.08037658 -19.48765287 -17.2459712 ]
scheduled_ues:  [ 0  1  2  3  4  5  6  7  8  9 11 12 13 14]
(1, 15, 1, 4, 1, 1)
caused INR: -15.355774604677148
TpsAltruisticFromLsfGain + IndividualEstimated_INR + -12.5
None
ls_gain_coeffs:
[-147.23186816 -127.48341876 -129.96964012 -126.34049476 -135.88801971
 -143.72203158 -138.23229001 -147.70605004 -136.19577132 -136.27323274
 -118.21564619 -132.85857685 -131.07007663 -130.47735291 -128.23567124]
inrs_hat:  [-36.24216812 -16.49371872 -18.97994008 -15.35079472 -24.89831967
 -32.73233154 -27.24258997 -36.71635    -25.20607127 -25.2835327
  -7.22594615 -21.86887681 -20.08037658 -19.48765287 -17.2459712 ]
scheduled_ues:  [ 0  1  2  3  4  5  6  7  8  9 11 12 13 14]
(1, 15, 1, 4, 1, 1)
caused INR: -15.355774604677148
TpsAltruisticFromLsfGain + IndividualEstimated_INR + -15.0
None
ls_gain_coeffs:
[-147.23186816 -127.48341876 -129.96964012 -126.34049476 -135.88801971
 -143.72203158 -138.23229001 -147.70605004 -136.19577132 -136.27323274
 -118.21564619 -132.85857685 -131.07007663 -130.47735291 -128.23567124]
inrs_hat:  [-36.24216812 -16.49371872 -18.97994008 -15.35079472 -24.89831967
 -32.73233154 -27.24258997 -36.71635    -25.20607127 -25.2835327
  -7.22594615 -21.86887681 -20.08037658 -19.48765287 -17.2459712 ]
scheduled_ues:  [ 0  1  2  3  4  5  6  7  8  9 11 12 13 14]
(1, 15, 1, 4, 1, 1)
caused INR: -15.355774604677148
TpsAltruisticFromLsfGain + CumulativeIndividualEstimated_INR + -10.0
None
(1, 15, 1, 4, 1, 1)
caused INR: -13.415148677590734
TpsAltruisticFromLsfGain + CumulativeIndividualEstimated_INR + -12.5
None
(1, 15, 1, 4, 1, 1)
caused INR: -25.682433742786827
TpsAltruisticFromLsfGain + CumulativeIndividualEstimated_INR + -15.0
None
(1, 15, 1, 4, 1, 1)
caused INR: -16.849755709357964
TpsRandomic + IndividualEstimated_INR + -10.0
None
ls_gain_coeffs:
[-134.22057568 -116.26717229 -116.30407742 -114.62393365 -124.03775405
 -126.90473817 -125.15312389 -137.18405122 -136.19577132 -136.27323274
 -118.21564619 -132.85857685 -131.07007663 -123.44580786 -128.23567124]
inrs_hat:  [-23.23087564  -5.27747225  -5.31437738  -3.63423361 -13.04805401
 -15.91503813 -14.16342385 -26.19435118 -25.20607127 -25.2835327
  -7.22594615 -21.86887681 -20.08037658 -12.45610782 -17.2459712 ]
scheduled_ues:  [ 0  4  5  6  7  8  9 11 12 13 14]
(1, 15, 1, 4, 1, 1)
caused INR: -8.934799810943643
TpsRandomic + IndividualEstimated_INR + -12.5
None
ls_gain_coeffs:
[-147.23186816 -127.48341876 -122.6211003  -126.34049476 -135.88801971
 -143.72203158 -125.47190695 -137.10558719 -121.69257328 -119.291637
 -105.40278971 -116.3400441  -124.23211842 -123.44580786 -111.61796163]
inrs_hat:  [-36.24216812 -16.49371872 -11.63140026 -15.35079472 -24.89831967
 -32.73233154 -14.48220691 -26.11588714 -10.70287324  -8.30193695
   5.58691033  -5.35034406 -13.24241837 -12.45610782  -0.62826159]
scheduled_ues:  [ 0  1  3  4  5  6  7 12]
(1, 15, 1, 4, 1, 1)
caused INR: -6.10286613745796
TpsRandomic + IndividualEstimated_INR + -15.0
None
ls_gain_coeffs:
[-147.23186816 -117.21326633 -116.30407742 -114.07433193 -124.03775405
 -126.90473817 -125.47190695 -137.18405122 -133.10337426 -119.291637
 -118.21564619 -116.3400441  -124.23211842 -116.57220746 -128.23567124]
inrs_hat:  [-36.24216812  -6.22356628  -5.31437738  -3.08463188 -13.04805401
 -15.91503813 -14.48220691 -26.19435118 -22.11367422  -8.30193695
  -7.22594615  -5.35034406 -13.24241837  -5.58250742 -17.2459712 ]
scheduled_ues:  [ 0  5  7  8 14]
(1, 15, 1, 4, 1, 1)
caused INR: -14.060637858629734
TpsRandomic + CumulativeIndividualEstimated_INR + -10.0
None
(1, 15, 1, 4, 1, 1)
caused INR: -8.034030750459245
TpsRandomic + CumulativeIndividualEstimated_INR + -12.5
None
(1, 15, 1, 4, 1, 1)
caused INR: -17.545228570404966
TpsRandomic + CumulativeIndividualEstimated_INR + -15.0
None
(1, 15, 1, 4, 1, 1)
caused INR: -13.411356196655177
Iteration number 33
TpsAltruisticFromLsfGain + IndividualEstimated_INR + -10.0
None
ls_gain_coeffs:
[-145.98309317 -146.9929548  -134.11656691 -136.98370325 -135.75371372
 -123.94511648 -133.56987333 -143.4697369  -138.07666521 -116.36012631
 -141.44069337 -138.64422303 -150.09501897 -150.74752756 -130.48123338]
inrs_hat:  [-34.99339313 -36.00325475 -23.12686687 -25.9940032  -24.76401368
 -12.95541644 -22.58017329 -32.48003686 -27.08696516  -5.37042627
 -30.45099333 -27.65452298 -39.10531893 -39.75782751 -19.49153334]
scheduled_ues:  [ 0  1  2  3  4  5  6  7  8 10 11 12 13 14]
(1, 15, 1, 4, 1, 1)
caused INR: -13.661400666499501
TpsAltruisticFromLsfGain + IndividualEstimated_INR + -12.5
None
ls_gain_coeffs:
[-145.98309317 -146.9929548  -134.11656691 -136.98370325 -135.75371372
 -123.94511648 -133.56987333 -143.4697369  -138.07666521 -116.36012631
 -141.44069337 -138.64422303 -150.09501897 -150.74752756 -130.48123338]
inrs_hat:  [-34.99339313 -36.00325475 -23.12686687 -25.9940032  -24.76401368
 -12.95541644 -22.58017329 -32.48003686 -27.08696516  -5.37042627
 -30.45099333 -27.65452298 -39.10531893 -39.75782751 -19.49153334]
scheduled_ues:  [ 0  1  2  3  4  5  6  7  8 10 11 12 13 14]
(1, 15, 1, 4, 1, 1)
caused INR: -13.661400666499501
TpsAltruisticFromLsfGain + IndividualEstimated_INR + -15.0
None
ls_gain_coeffs:
[-145.98309317 -146.9929548  -134.11656691 -136.98370325 -135.75371372
 -123.94511648 -133.56987333 -143.4697369  -138.07666521 -116.36012631
 -141.44069337 -138.64422303 -150.09501897 -150.74752756 -130.48123338]
inrs_hat:  [-34.99339313 -36.00325475 -23.12686687 -25.9940032  -24.76401368
 -12.95541644 -22.58017329 -32.48003686 -27.08696516  -5.37042627
 -30.45099333 -27.65452298 -39.10531893 -39.75782751 -19.49153334]
scheduled_ues:  [ 0  1  2  3  4  6  7  8 10 11 12 13 14]
(1, 15, 1, 4, 1, 1)
caused INR: -18.577392851628165
TpsAltruisticFromLsfGain + CumulativeIndividualEstimated_INR + -10.0
None
(1, 15, 1, 4, 1, 1)
caused INR: -13.661400666499501
TpsAltruisticFromLsfGain + CumulativeIndividualEstimated_INR + -12.5
None
(1, 15, 1, 4, 1, 1)
caused INR: -18.577392851628165
TpsAltruisticFromLsfGain + CumulativeIndividualEstimated_INR + -15.0
None
(1, 15, 1, 4, 1, 1)
caused INR: -17.79569359470828
TpsRandomic + IndividualEstimated_INR + -10.0
None
ls_gain_coeffs:
[-129.93833557 -135.1551335  -134.11656691 -122.96803511 -135.75371372
 -123.94511648 -124.74893237 -126.68180225 -129.36239595 -101.18445223
 -141.44069337 -121.74130917 -150.09501897 -137.72755303 -117.08649419]
inrs_hat:  [-18.94863553 -24.16543346 -23.12686687 -11.97833507 -24.76401368
 -12.95541644 -13.75923233 -15.69210221 -18.37269591   9.80524781
 -30.45099333 -10.75160913 -39.10531893 -26.73785299  -6.09679415]
scheduled_ues:  [ 0  1  2  3  4  5  6  7  8 10 11 12 13]
(1, 15, 1, 4, 1, 1)
caused INR: -3.0641710417966332
TpsRandomic + IndividualEstimated_INR + -12.5
None
ls_gain_coeffs:
[-131.88599267 -130.25938907 -120.04350609 -130.02269469 -122.87886394
 -123.94511648 -124.74893237 -126.68180225 -129.36239595 -102.55148927
 -128.00646002 -127.97288208 -150.09501897 -137.72755303 -114.05283147]
inrs_hat:  [-20.89629263 -19.26968903  -9.05380605 -19.03299464 -11.8891639
 -12.95541644 -13.75923233 -15.69210221 -18.37269591   8.43821077
 -17.01675998 -16.98318203 -39.10531893 -26.73785299  -3.06313142]
scheduled_ues:  [ 0  1  3  5  6  7  8 10 11 12 13]
(1, 15, 1, 4, 1, 1)
caused INR: -25.401989583201715
TpsRandomic + IndividualEstimated_INR + -15.0
None
ls_gain_coeffs:
[-145.98309317 -146.9929548  -134.11656691 -136.98370325 -119.15556756
 -106.88650166 -116.89711894 -131.07919616 -125.38474123 -101.18445223
 -124.98723623 -121.74130917 -143.25780595 -137.14917851 -114.05283147]
inrs_hat:  [-34.99339313 -36.00325475 -23.12686687 -25.9940032   -8.16586752
   4.10319839  -5.90741889 -20.08949612 -14.39504118   9.80524781
 -13.99753619 -10.75160913 -32.26810591 -26.15947846  -3.06313142]
scheduled_ues:  [ 0  1  2  3  7 12 13]
(1, 15, 1, 4, 1, 1)
caused INR: -17.69381893603399
TpsRandomic + CumulativeIndividualEstimated_INR + -10.0
None
(1, 15, 1, 4, 1, 1)
caused INR: -13.785233241690037
TpsRandomic + CumulativeIndividualEstimated_INR + -12.5
None
(1, 15, 1, 4, 1, 1)
caused INR: -8.937834011778428
TpsRandomic + CumulativeIndividualEstimated_INR + -15.0
None
(1, 15, 1, 4, 1, 1)
caused INR: -14.753380016897303
Iteration number 34
TpsAltruisticFromLsfGain + IndividualEstimated_INR + -10.0
None
ls_gain_coeffs:
[-133.08399253 -133.19665304 -146.54230703 -117.93312961 -124.46534764
 -143.43381739 -131.06430514 -147.37719191 -148.23703299 -136.39990785
 -144.31523074 -120.20782189 -144.65339552 -148.8915355  -151.334432  ]
inrs_hat:  [-22.09429249 -22.206953   -35.55260698  -6.94342957 -13.4756476
 -32.44411735 -20.0746051  -36.38749187 -37.24733294 -25.41020781
 -33.3255307   -9.21812185 -33.66369547 -37.90183546 -40.34473196]
scheduled_ues:  [ 0  1  2  4  5  6  7  8  9 10 12 13 14]
(1, 15, 1, 4, 1, 1)
caused INR: -14.078464336443036
TpsAltruisticFromLsfGain + IndividualEstimated_INR + -12.5
None
ls_gain_coeffs:
[-133.08399253 -133.19665304 -146.54230703 -117.93312961 -124.46534764
 -143.43381739 -131.06430514 -147.37719191 -148.23703299 -136.39990785
 -144.31523074 -120.20782189 -144.65339552 -148.8915355  -151.334432  ]
inrs_hat:  [-22.09429249 -22.206953   -35.55260698  -6.94342957 -13.4756476
 -32.44411735 -20.0746051  -36.38749187 -37.24733294 -25.41020781
 -33.3255307   -9.21812185 -33.66369547 -37.90183546 -40.34473196]
scheduled_ues:  [ 0  1  2  4  5  6  7  8  9 10 12 13 14]
(1, 15, 1, 4, 1, 1)
caused INR: -14.078464336443036
TpsAltruisticFromLsfGain + IndividualEstimated_INR + -15.0
None
ls_gain_coeffs:
[-133.08399253 -133.19665304 -146.54230703 -117.93312961 -124.46534764
 -143.43381739 -131.06430514 -147.37719191 -148.23703299 -136.39990785
 -144.31523074 -120.20782189 -144.65339552 -148.8915355  -151.334432  ]
inrs_hat:  [-22.09429249 -22.206953   -35.55260698  -6.94342957 -13.4756476
 -32.44411735 -20.0746051  -36.38749187 -37.24733294 -25.41020781
 -33.3255307   -9.21812185 -33.66369547 -37.90183546 -40.34473196]
scheduled_ues:  [ 0  1  2  5  6  7  8  9 10 12 13 14]
(1, 15, 1, 4, 1, 1)
caused INR: -22.934102840910032
TpsAltruisticFromLsfGain + CumulativeIndividualEstimated_INR + -10.0
None
(1, 15, 1, 4, 1, 1)
caused INR: -14.078464336443036
TpsAltruisticFromLsfGain + CumulativeIndividualEstimated_INR + -12.5
None
(1, 15, 1, 4, 1, 1)
caused INR: -22.934102840910032
TpsAltruisticFromLsfGain + CumulativeIndividualEstimated_INR + -15.0
None
(1, 15, 1, 4, 1, 1)
caused INR: -22.934102840910032
TpsRandomic + IndividualEstimated_INR + -10.0
None
ls_gain_coeffs:
[-124.84937402 -124.31717619 -141.86509172 -110.79037862 -111.54029507
 -132.05504261 -131.06430514 -147.37719191 -148.23703299 -136.39990785
 -136.57628618 -120.20782189 -127.83966595 -132.26240207 -151.334432  ]
inrs_hat:  [-13.85967397 -13.32747614 -30.87539167   0.19932142  -0.55059503
 -21.06534256 -20.0746051  -36.38749187 -37.24733294 -25.41020781
 -25.58658613  -9.21812185 -16.8499659  -21.27270203 -40.34473196]
scheduled_ues:  [ 0  1  2  5  6  7  8  9 10 12 13 14]
(1, 15, 1, 4, 1, 1)
caused INR: -13.687385091005329
TpsRandomic + IndividualEstimated_INR + -12.5
None
ls_gain_coeffs:
[-133.08399253 -124.31717619 -141.86509172 -110.79037862 -111.54029507
 -143.43381739 -120.58622027 -134.72178705 -139.23463485 -123.14135953
 -144.31523074 -110.06271679 -134.76959657 -148.8915355  -151.334432  ]
inrs_hat:  [-22.09429249 -13.32747614 -30.87539167   0.19932142  -0.55059503
 -32.44411735  -9.59652022 -23.73208701 -28.24493481 -12.15165949
 -33.3255307    0.92698325 -23.77989653 -37.90183546 -40.34473196]
scheduled_ues:  [ 0  1  2  5  7  8 10 12 13 14]
(1, 15, 1, 4, 1, 1)
caused INR: -14.66573939346587
TpsRandomic + IndividualEstimated_INR + -15.0
None
ls_gain_coeffs:
[-133.08399253 -115.96535893 -130.98256349 -103.11061261 -115.93339432
 -126.49383552 -114.17029867 -134.50798219 -131.49864356 -128.14476329
 -136.57628618 -102.56745487 -133.35133532 -140.37489739 -134.64447412]
inrs_hat:  [-22.09429249  -4.97565889 -19.99286344   7.87908743  -4.94369427
 -15.50413548  -3.18059863 -23.51828215 -20.50894352 -17.15506325
 -25.58658613   8.42224518 -22.36163528 -29.38519735 -23.65477408]
scheduled_ues:  [ 0  2  5  7  8  9 10 12 13 14]
(1, 15, 1, 4, 1, 1)
caused INR: -12.400360708341303
TpsRandomic + CumulativeIndividualEstimated_INR + -10.0
None
(1, 15, 1, 4, 1, 1)
caused INR: -17.658616617116362
TpsRandomic + CumulativeIndividualEstimated_INR + -12.5
None
(1, 15, 1, 4, 1, 1)
caused INR: -16.825143345238274
TpsRandomic + CumulativeIndividualEstimated_INR + -15.0
None
(1, 15, 1, 4, 1, 1)
caused INR: -19.10608654372733
Iteration number 35
TpsAltruisticFromLsfGain + IndividualEstimated_INR + -10.0
None
ls_gain_coeffs:
[-151.48247017 -128.16987867 -136.22150203 -134.79533619 -118.14321069
 -135.7945388  -126.95933643 -140.39514999 -138.57403571 -145.63975678
 -142.170303   -128.70466563 -129.75354066 -134.23365086 -140.65369425]
inrs_hat:  [-40.49277013 -17.18017862 -25.23180199 -23.80563614  -7.15351065
 -24.80483875 -15.96963638 -29.40544995 -27.58433567 -34.65005674
 -31.18060295 -17.71496559 -18.76384061 -23.24395082 -29.6639942 ]
scheduled_ues:  [ 0  1  2  3  5  6  7  8  9 10 11 12 13 14]
(1, 15, 1, 4, 1, 1)
caused INR: -11.327905026925988
TpsAltruisticFromLsfGain + IndividualEstimated_INR + -12.5
None
ls_gain_coeffs:
[-151.48247017 -128.16987867 -136.22150203 -134.79533619 -118.14321069
 -135.7945388  -126.95933643 -140.39514999 -138.57403571 -145.63975678
 -142.170303   -128.70466563 -129.75354066 -134.23365086 -140.65369425]
inrs_hat:  [-40.49277013 -17.18017862 -25.23180199 -23.80563614  -7.15351065
 -24.80483875 -15.96963638 -29.40544995 -27.58433567 -34.65005674
 -31.18060295 -17.71496559 -18.76384061 -23.24395082 -29.6639942 ]
scheduled_ues:  [ 0  1  2  3  5  6  7  8  9 10 11 12 13 14]
(1, 15, 1, 4, 1, 1)
caused INR: -11.327905026925988
TpsAltruisticFromLsfGain + IndividualEstimated_INR + -15.0
None
ls_gain_coeffs:
[-151.48247017 -128.16987867 -136.22150203 -134.79533619 -118.14321069
 -135.7945388  -126.95933643 -140.39514999 -138.57403571 -145.63975678
 -142.170303   -128.70466563 -129.75354066 -134.23365086 -140.65369425]
inrs_hat:  [-40.49277013 -17.18017862 -25.23180199 -23.80563614  -7.15351065
 -24.80483875 -15.96963638 -29.40544995 -27.58433567 -34.65005674
 -31.18060295 -17.71496559 -18.76384061 -23.24395082 -29.6639942 ]
scheduled_ues:  [ 0  1  2  3  5  6  7  8  9 10 11 12 13 14]
(1, 15, 1, 4, 1, 1)
caused INR: -11.327905026925988
TpsAltruisticFromLsfGain + CumulativeIndividualEstimated_INR + -10.0
None
(1, 15, 1, 4, 1, 1)
caused INR: -11.327905026925988
TpsAltruisticFromLsfGain + CumulativeIndividualEstimated_INR + -12.5
None
(1, 15, 1, 4, 1, 1)
caused INR: -24.885032057952024
TpsAltruisticFromLsfGain + CumulativeIndividualEstimated_INR + -15.0
None
(1, 15, 1, 4, 1, 1)
caused INR: -29.574738961117003
TpsRandomic + IndividualEstimated_INR + -10.0
None
ls_gain_coeffs:
[-146.10254798 -111.30838058 -123.11733696 -118.25634959 -118.14321069
 -122.02434273 -109.96958231 -127.82876907 -136.49405585 -145.63975678
 -142.170303   -111.07760962 -125.58319272 -133.88047346 -140.65369425]
inrs_hat:  [-35.11284794  -0.31868054 -12.12763691  -7.26664954  -7.15351065
 -11.03464268   1.02011773 -16.83906903 -25.50435581 -34.65005674
 -31.18060295  -0.08790958 -14.59349268 -22.89077342 -29.6639942 ]
scheduled_ues:  [ 0  2  5  7  8  9 10 12 13 14]
(1, 15, 1, 4, 1, 1)
caused INR: -4.580200088345957
TpsRandomic + IndividualEstimated_INR + -12.5
None
ls_gain_coeffs:
[-146.10254798 -128.16987867 -136.22150203 -134.79533619 -104.52878664
 -131.80875058 -109.96958231 -127.82876907 -138.57403571 -134.51170038
 -125.31325645 -120.17282287 -125.58319272 -133.88047346 -123.96936087]
inrs_hat:  [-35.11284794 -17.18017862 -25.23180199 -23.80563614   6.4609134
 -20.81905054   1.02011773 -16.83906903 -27.58433567 -23.52200034
 -14.32355641  -9.18312283 -14.59349268 -22.89077342 -12.97966082]
scheduled_ues:  [ 0  1  2  3  5  7  8  9 10 12 13 14]
(1, 15, 1, 4, 1, 1)
caused INR: -4.674935970861968
TpsRandomic + IndividualEstimated_INR + -15.0
None
ls_gain_coeffs:
[-151.48247017 -118.79343936 -123.11733696 -134.79533619 -116.38397462
 -122.02434273 -117.97778425 -140.39514999 -136.49405585 -134.51170038
 -133.32614411 -120.17282287 -114.5317087  -121.67432506 -140.65369425]
inrs_hat:  [-40.49277013  -7.80373931 -12.12763691 -23.80563614  -5.39427457
 -11.03464268  -6.98808421 -29.40544995 -25.50435581 -23.52200034
 -22.33644407  -9.18312283  -3.54200866 -10.68462502 -29.6639942 ]
scheduled_ues:  [ 0  3  7  8  9 10 14]
(1, 15, 1, 4, 1, 1)
caused INR: -17.151448640265126
TpsRandomic + CumulativeIndividualEstimated_INR + -10.0
None
(1, 15, 1, 4, 1, 1)
caused INR: -7.434349344581866
TpsRandomic + CumulativeIndividualEstimated_INR + -12.5
None
(1, 15, 1, 4, 1, 1)
caused INR: -17.26376343726024
TpsRandomic + CumulativeIndividualEstimated_INR + -15.0
None
(1, 15, 1, 4, 1, 1)
caused INR: -21.20171859834514
Iteration number 36
TpsAltruisticFromLsfGain + IndividualEstimated_INR + -10.0
None
ls_gain_coeffs:
[-133.21104275 -141.23943111 -139.128436   -131.64947286 -134.95712741
 -147.25954584 -129.81934163 -146.91230282 -141.58301262 -133.44977136
 -127.94234299 -135.94276091 -146.22130488 -151.20083833 -128.07572709]
inrs_hat:  [-22.22134271 -30.24973107 -28.13873595 -20.65977281 -23.96742737
 -36.2698458  -18.82964159 -35.92260278 -30.59331257 -22.46007132
 -16.95264295 -24.95306087 -35.23160483 -40.21113829 -17.08602705]
scheduled_ues:  [ 0  1  2  3  4  5  6  7  8  9 10 11 12 13 14]
(1, 15, 1, 4, 1, 1)
caused INR: -18.05012415076404
TpsAltruisticFromLsfGain + IndividualEstimated_INR + -12.5
None
ls_gain_coeffs:
[-133.21104275 -141.23943111 -139.128436   -131.64947286 -134.95712741
 -147.25954584 -129.81934163 -146.91230282 -141.58301262 -133.44977136
 -127.94234299 -135.94276091 -146.22130488 -151.20083833 -128.07572709]
inrs_hat:  [-22.22134271 -30.24973107 -28.13873595 -20.65977281 -23.96742737
 -36.2698458  -18.82964159 -35.92260278 -30.59331257 -22.46007132
 -16.95264295 -24.95306087 -35.23160483 -40.21113829 -17.08602705]
scheduled_ues:  [ 0  1  2  3  4  5  6  7  8  9 10 11 12 13 14]
(1, 15, 1, 4, 1, 1)
caused INR: -18.05012415076404
TpsAltruisticFromLsfGain + IndividualEstimated_INR + -15.0
None
ls_gain_coeffs:
[-133.21104275 -141.23943111 -139.128436   -131.64947286 -134.95712741
 -147.25954584 -129.81934163 -146.91230282 -141.58301262 -133.44977136
 -127.94234299 -135.94276091 -146.22130488 -151.20083833 -128.07572709]
inrs_hat:  [-22.22134271 -30.24973107 -28.13873595 -20.65977281 -23.96742737
 -36.2698458  -18.82964159 -35.92260278 -30.59331257 -22.46007132
 -16.95264295 -24.95306087 -35.23160483 -40.21113829 -17.08602705]
scheduled_ues:  [ 0  1  2  3  4  5  6  7  8  9 10 11 12 13 14]
(1, 15, 1, 4, 1, 1)
caused INR: -18.05012415076404
TpsAltruisticFromLsfGain + CumulativeIndividualEstimated_INR + -10.0
None
(1, 15, 1, 4, 1, 1)
caused INR: -18.05012415076404
TpsAltruisticFromLsfGain + CumulativeIndividualEstimated_INR + -12.5
None
(1, 15, 1, 4, 1, 1)
caused INR: -24.342600633839492
TpsAltruisticFromLsfGain + CumulativeIndividualEstimated_INR + -15.0
None
(1, 15, 1, 4, 1, 1)
caused INR: -28.61072507401903
TpsRandomic + IndividualEstimated_INR + -10.0
None
ls_gain_coeffs:
[-133.21104275 -132.95132579 -139.128436   -114.82016131 -120.81044755
 -147.25954584 -115.53803685 -144.94252144 -129.32136637 -119.90939298
 -121.84013036 -119.55066471 -146.22130488 -144.35974995 -128.07572709]
inrs_hat:  [-22.22134271 -21.96162575 -28.13873595  -3.83046127  -9.82074751
 -36.2698458   -4.54833681 -33.95282139 -18.33166633  -8.91969294
 -10.85043031  -8.56096466 -35.23160483 -33.37004991 -17.08602705]
scheduled_ues:  [ 0  1  2  5  7  8 10 12 13 14]
(1, 15, 1, 4, 1, 1)
caused INR: -18.872277350966954
TpsRandomic + IndividualEstimated_INR + -12.5
None
ls_gain_coeffs:
[-119.68074863 -128.44560945 -132.34382293 -120.8511495  -127.96930146
 -133.59847906 -129.81934163 -144.94252144 -129.32136637 -119.90939298
 -121.84013036 -135.94276091 -129.76029056 -137.68513894 -110.7648398 ]
inrs_hat:  [ -8.69104858 -17.4559094  -21.35412288  -9.86144945 -16.97960142
 -22.60877902 -18.82964159 -33.95282139 -18.33166633  -8.91969294
 -10.85043031 -24.95306087 -18.77059052 -26.69543889   0.22486024]
scheduled_ues:  [ 1  2  4  5  6  7  8 11 12 13]
(1, 15, 1, 4, 1, 1)
caused INR: -5.819011390802502
TpsRandomic + IndividualEstimated_INR + -15.0
None
ls_gain_coeffs:
[-119.68074863 -128.44560945 -122.85279878 -114.82016131 -120.81044755
 -140.77473081 -115.53803685 -144.94252144 -124.70418608 -126.24811739
 -111.59962151 -135.94276091 -146.22130488 -137.68513894 -128.07572709]
inrs_hat:  [ -8.69104858 -17.4559094  -11.86309873  -3.83046127  -9.82074751
 -29.78503076  -4.54833681 -33.95282139 -13.71448603 -15.25841735
  -0.60992146 -24.95306087 -35.23160483 -26.69543889 -17.08602705]
scheduled_ues:  [ 1  5  7  9 11 12 13 14]
(1, 15, 1, 4, 1, 1)
caused INR: -11.206193326774248
TpsRandomic + CumulativeIndividualEstimated_INR + -10.0
None
(1, 15, 1, 4, 1, 1)
caused INR: -10.036271294869232
TpsRandomic + CumulativeIndividualEstimated_INR + -12.5
None
(1, 15, 1, 4, 1, 1)
caused INR: -24.8717428752909
TpsRandomic + CumulativeIndividualEstimated_INR + -15.0
None
(1, 15, 1, 4, 1, 1)
caused INR: -20.919718093571646
Iteration number 37
TpsAltruisticFromLsfGain + IndividualEstimated_INR + -10.0
None
ls_gain_coeffs:
[-127.1393562  -146.39297309 -150.00275184 -144.23126261 -132.10288468
 -138.30041162 -149.37203173 -136.46606779 -137.8328609  -135.30942972
 -133.36432873 -142.4304285  -138.28113306 -144.89498682 -130.49376165]
inrs_hat:  [-16.14965616 -35.40327305 -39.0130518  -33.24156257 -21.11318463
 -27.31071158 -38.38233169 -25.47636775 -26.84316085 -24.31972967
 -22.37462869 -31.44072846 -27.29143301 -33.90528678 -19.5040616 ]
scheduled_ues:  [ 0  1  2  3  4  5  6  7  8  9 10 11 12 13 14]
(1, 15, 1, 4, 1, 1)
caused INR: -8.33775964784847
TpsAltruisticFromLsfGain + IndividualEstimated_INR + -12.5
None
ls_gain_coeffs:
[-127.1393562  -146.39297309 -150.00275184 -144.23126261 -132.10288468
 -138.30041162 -149.37203173 -136.46606779 -137.8328609  -135.30942972
 -133.36432873 -142.4304285  -138.28113306 -144.89498682 -130.49376165]
inrs_hat:  [-16.14965616 -35.40327305 -39.0130518  -33.24156257 -21.11318463
 -27.31071158 -38.38233169 -25.47636775 -26.84316085 -24.31972967
 -22.37462869 -31.44072846 -27.29143301 -33.90528678 -19.5040616 ]
scheduled_ues:  [ 0  1  2  3  4  5  6  7  8  9 10 11 12 13 14]
(1, 15, 1, 4, 1, 1)
caused INR: -8.33775964784847
TpsAltruisticFromLsfGain + IndividualEstimated_INR + -15.0
None
ls_gain_coeffs:
[-127.1393562  -146.39297309 -150.00275184 -144.23126261 -132.10288468
 -138.30041162 -149.37203173 -136.46606779 -137.8328609  -135.30942972
 -133.36432873 -142.4304285  -138.28113306 -144.89498682 -130.49376165]
inrs_hat:  [-16.14965616 -35.40327305 -39.0130518  -33.24156257 -21.11318463
 -27.31071158 -38.38233169 -25.47636775 -26.84316085 -24.31972967
 -22.37462869 -31.44072846 -27.29143301 -33.90528678 -19.5040616 ]
scheduled_ues:  [ 0  1  2  3  4  5  6  7  8  9 10 11 12 13 14]
(1, 15, 1, 4, 1, 1)
caused INR: -8.33775964784847
TpsAltruisticFromLsfGain + CumulativeIndividualEstimated_INR + -10.0
None
(1, 15, 1, 4, 1, 1)
caused INR: -8.33775964784847
TpsAltruisticFromLsfGain + CumulativeIndividualEstimated_INR + -12.5
None
(1, 15, 1, 4, 1, 1)
caused INR: -11.410399579719499
TpsAltruisticFromLsfGain + CumulativeIndividualEstimated_INR + -15.0
None
(1, 15, 1, 4, 1, 1)
caused INR: -14.048581178948126
TpsRandomic + IndividualEstimated_INR + -10.0
None
ls_gain_coeffs:
[-115.3484684  -146.39297309 -150.00275184 -132.29022183 -118.37805816
 -123.09094831 -136.0995554  -130.53089977 -124.47715964 -121.37345892
 -116.11828056 -125.71781823 -122.48985258 -144.89498682 -130.49376165]
inrs_hat:  [ -4.35876835 -35.40327305 -39.0130518  -21.30052178  -7.38835812
 -12.10124827 -25.10985535 -19.54119972 -13.4874596  -10.38375888
  -5.12858052 -14.72811819 -11.50015254 -33.90528678 -19.5040616 ]
scheduled_ues:  [ 1  2  3  5  6  7  8  9 11 12 13 14]
(1, 15, 1, 4, 1, 1)
caused INR: -6.958356618851966
TpsRandomic + IndividualEstimated_INR + -12.5
None
ls_gain_coeffs:
[-117.42286951 -146.39297309 -142.14274753 -127.38069656 -132.10288468
 -138.30041162 -142.403023   -130.53089977 -129.59911833 -135.30942972
 -120.35153523 -142.4304285  -122.48985258 -128.04689858 -120.41314335]
inrs_hat:  [ -6.43316946 -35.40327305 -31.15304749 -16.39099651 -21.11318463
 -27.31071158 -31.41332296 -19.54119972 -18.60941828 -24.31972967
  -9.36183519 -31.44072846 -11.50015254 -17.05719854  -9.4234433 ]
scheduled_ues:  [ 1  2  3  4  5  6  7  8  9 11 13]
(1, 15, 1, 4, 1, 1)
caused INR: -9.189393737275664
TpsRandomic + IndividualEstimated_INR + -15.0
None
ls_gain_coeffs:
[-117.42286951 -135.41003746 -150.00275184 -134.91277129 -117.09483164
 -123.09094831 -149.37203173 -136.46606779 -137.8328609  -135.30942972
 -120.35153523 -130.43427958 -122.48985258 -136.04303612 -117.63877394]
inrs_hat:  [ -6.43316946 -24.42033741 -39.0130518  -23.92307125  -6.1051316
 -12.10124827 -38.38233169 -25.47636775 -26.84316085 -24.31972967
  -9.36183519 -19.44457954 -11.50015254 -25.05333608  -6.64907389]
scheduled_ues:  [ 1  2  3  6  7  8  9 11 13]
(1, 15, 1, 4, 1, 1)
caused INR: -12.873043471983463
TpsRandomic + CumulativeIndividualEstimated_INR + -10.0
None
(1, 15, 1, 4, 1, 1)
caused INR: -12.972464682539348
TpsRandomic + CumulativeIndividualEstimated_INR + -12.5
None
(1, 15, 1, 4, 1, 1)
caused INR: -11.314004787205903
TpsRandomic + CumulativeIndividualEstimated_INR + -15.0
None
(1, 15, 1, 4, 1, 1)
caused INR: -13.260040500673128
Iteration number 38
TpsAltruisticFromLsfGain + IndividualEstimated_INR + -10.0
None
ls_gain_coeffs:
[-134.37118287 -145.12365264 -137.10714212 -124.68355912 -147.97461726
 -131.13588364 -126.33474947 -144.95673103 -123.09779938 -143.1926383
 -145.46269443 -138.29187176 -133.13973618 -129.2635064  -140.25918515]
inrs_hat:  [-23.38148282 -34.1339526  -26.11744207 -13.69385907 -36.98491722
 -20.1461836  -15.34504942 -33.96703098 -12.10809934 -32.20293826
 -34.47299438 -27.30217171 -22.15003614 -18.27380635 -29.26948511]
scheduled_ues:  [ 0  1  2  3  4  5  6  7  8  9 10 11 12 13 14]
(1, 15, 1, 4, 1, 1)
caused INR: -8.808485918074878
TpsAltruisticFromLsfGain + IndividualEstimated_INR + -12.5
None
ls_gain_coeffs:
[-134.37118287 -145.12365264 -137.10714212 -124.68355912 -147.97461726
 -131.13588364 -126.33474947 -144.95673103 -123.09779938 -143.1926383
 -145.46269443 -138.29187176 -133.13973618 -129.2635064  -140.25918515]
inrs_hat:  [-23.38148282 -34.1339526  -26.11744207 -13.69385907 -36.98491722
 -20.1461836  -15.34504942 -33.96703098 -12.10809934 -32.20293826
 -34.47299438 -27.30217171 -22.15003614 -18.27380635 -29.26948511]
scheduled_ues:  [ 0  1  2  3  4  5  6  7  9 10 11 12 13 14]
(1, 15, 1, 4, 1, 1)
caused INR: -10.874174884683274
TpsAltruisticFromLsfGain + IndividualEstimated_INR + -15.0
None
ls_gain_coeffs:
[-134.37118287 -145.12365264 -137.10714212 -124.68355912 -147.97461726
 -131.13588364 -126.33474947 -144.95673103 -123.09779938 -143.1926383
 -145.46269443 -138.29187176 -133.13973618 -129.2635064  -140.25918515]
inrs_hat:  [-23.38148282 -34.1339526  -26.11744207 -13.69385907 -36.98491722
 -20.1461836  -15.34504942 -33.96703098 -12.10809934 -32.20293826
 -34.47299438 -27.30217171 -22.15003614 -18.27380635 -29.26948511]
scheduled_ues:  [ 0  1  2  4  5  6  7  9 10 11 12 13 14]
(1, 15, 1, 4, 1, 1)
caused INR: -27.225943685060905
TpsAltruisticFromLsfGain + CumulativeIndividualEstimated_INR + -10.0
None
(1, 15, 1, 4, 1, 1)
caused INR: -27.225943685060905
TpsAltruisticFromLsfGain + CumulativeIndividualEstimated_INR + -12.5
None
(1, 15, 1, 4, 1, 1)
caused INR: -13.224427939120847
TpsAltruisticFromLsfGain + CumulativeIndividualEstimated_INR + -15.0
None
(1, 15, 1, 4, 1, 1)
caused INR: -16.247028461109466
TpsRandomic + IndividualEstimated_INR + -10.0
None
ls_gain_coeffs:
[-131.83846702 -133.36650601 -137.10714212 -106.11509523 -133.77641494
 -126.38430923 -113.32273938 -128.11785282 -123.09779938 -129.68994318
 -129.47563558 -122.5645287  -133.13973618 -110.23328802 -131.72857045]
inrs_hat:  [-20.84876697 -22.37680597 -26.11744207   4.87460482 -22.7867149
 -15.39460919  -2.33303934 -17.12815278 -12.10809934 -18.70024314
 -18.48593554 -11.57482865 -22.15003614   0.75641203 -20.73887041]
scheduled_ues:  [ 0  1  2  4  5  7  8  9 10 11 12 14]
(1, 15, 1, 4, 1, 1)
caused INR: -21.276246858793876
TpsRandomic + IndividualEstimated_INR + -12.5
None
ls_gain_coeffs:
[-131.83846702 -128.43714068 -134.07577666 -124.68355912 -142.70481029
 -131.13588364 -113.32273938 -144.95673103 -109.29431579 -129.68994318
 -129.47563558 -138.29187176 -133.13973618 -129.2635064  -127.22237434]
inrs_hat:  [-20.84876697 -17.44744064 -23.08607661 -13.69385907 -31.71511025
 -20.1461836   -2.33303934 -33.96703098   1.69538425 -18.70024314
 -18.48593554 -27.30217171 -22.15003614 -18.27380635 -16.2326743 ]
scheduled_ues:  [ 0  1  2  3  4  5  7  9 10 11 12 13 14]
(1, 15, 1, 4, 1, 1)
caused INR: -13.709579281781153
TpsRandomic + IndividualEstimated_INR + -15.0
None
ls_gain_coeffs:
[-120.24110563 -145.12365264 -123.65508696 -124.68355912 -133.77641494
 -117.11042551 -124.62351921 -144.95673103 -106.37381672 -140.00935293
 -131.62733305 -138.29187176 -133.13973618 -110.23328802 -140.25918515]
inrs_hat:  [ -9.25140559 -34.1339526  -12.66538692 -13.69385907 -22.7867149
  -6.12072546 -13.63381917 -33.96703098   4.61588332 -29.01965289
 -20.63763301 -27.30217171 -22.15003614   0.75641203 -29.26948511]
scheduled_ues:  [ 1  4  7  9 10 11 12 14]
(1, 15, 1, 4, 1, 1)
caused INR: -21.2636263916798
TpsRandomic + CumulativeIndividualEstimated_INR + -10.0
None
(1, 15, 1, 4, 1, 1)
caused INR: -22.802551737045693
TpsRandomic + CumulativeIndividualEstimated_INR + -12.5
None
(1, 15, 1, 4, 1, 1)
caused INR: -19.618508870490786
TpsRandomic + CumulativeIndividualEstimated_INR + -15.0
None
(1, 15, 1, 4, 1, 1)
caused INR: -20.818219910775127
Iteration number 39
TpsAltruisticFromLsfGain + IndividualEstimated_INR + -10.0
None
ls_gain_coeffs:
[-142.18688843 -145.98233577 -132.54725127 -141.90888415 -147.38357979
 -138.49907639 -147.04975453 -147.9009779  -140.70383666 -130.81766238
 -145.86310358 -135.60843698 -129.26306556 -142.33949176 -145.72624168]
inrs_hat:  [-31.19718839 -34.99263572 -21.55755123 -30.9191841  -36.39387975
 -27.50937635 -36.06005449 -36.91127786 -29.71413662 -19.82796233
 -34.87340354 -24.61873694 -18.27336551 -31.34979172 -34.73654163]
scheduled_ues:  [ 0  1  2  3  4  5  6  7  8  9 10 11 12 13 14]
(1, 15, 1, 4, 1, 1)
caused INR: -10.226111602728945
TpsAltruisticFromLsfGain + IndividualEstimated_INR + -12.5
None
ls_gain_coeffs:
[-142.18688843 -145.98233577 -132.54725127 -141.90888415 -147.38357979
 -138.49907639 -147.04975453 -147.9009779  -140.70383666 -130.81766238
 -145.86310358 -135.60843698 -129.26306556 -142.33949176 -145.72624168]
inrs_hat:  [-31.19718839 -34.99263572 -21.55755123 -30.9191841  -36.39387975
 -27.50937635 -36.06005449 -36.91127786 -29.71413662 -19.82796233
 -34.87340354 -24.61873694 -18.27336551 -31.34979172 -34.73654163]
scheduled_ues:  [ 0  1  2  3  4  5  6  7  8  9 10 11 12 13 14]
(1, 15, 1, 4, 1, 1)
caused INR: -10.226111602728945
TpsAltruisticFromLsfGain + IndividualEstimated_INR + -15.0
None
ls_gain_coeffs:
[-142.18688843 -145.98233577 -132.54725127 -141.90888415 -147.38357979
 -138.49907639 -147.04975453 -147.9009779  -140.70383666 -130.81766238
 -145.86310358 -135.60843698 -129.26306556 -142.33949176 -145.72624168]
inrs_hat:  [-31.19718839 -34.99263572 -21.55755123 -30.9191841  -36.39387975
 -27.50937635 -36.06005449 -36.91127786 -29.71413662 -19.82796233
 -34.87340354 -24.61873694 -18.27336551 -31.34979172 -34.73654163]
scheduled_ues:  [ 0  1  2  3  4  5  6  7  8  9 10 11 12 13 14]
(1, 15, 1, 4, 1, 1)
caused INR: -10.226111602728945
TpsAltruisticFromLsfGain + CumulativeIndividualEstimated_INR + -10.0
None
(1, 15, 1, 4, 1, 1)
caused INR: -10.226111602728945
TpsAltruisticFromLsfGain + CumulativeIndividualEstimated_INR + -12.5
None
(1, 15, 1, 4, 1, 1)
caused INR: -10.226111602728945
TpsAltruisticFromLsfGain + CumulativeIndividualEstimated_INR + -15.0
None
(1, 15, 1, 4, 1, 1)
caused INR: -11.789395097958877
TpsRandomic + IndividualEstimated_INR + -10.0
None
ls_gain_coeffs:
[-129.46348103 -129.84363099 -122.17123704 -130.9968123  -134.6441383
 -124.30532173 -134.19651886 -134.39249051 -128.26400553 -116.48214643
 -145.86310358 -135.60843698 -115.91224184 -138.1847734  -145.72624168]
inrs_hat:  [-18.47378099 -18.85393095 -11.181537   -20.00711225 -23.65443826
 -13.31562169 -23.20681882 -23.40279047 -17.27430548  -5.49244638
 -34.87340354 -24.61873694  -4.9225418  -27.19507336 -34.73654163]
scheduled_ues:  [ 0  1  2  3  4  5  6  7  8 10 11 13 14]
(1, 15, 1, 4, 1, 1)
caused INR: -16.26736179236229
TpsRandomic + IndividualEstimated_INR + -12.5
None
ls_gain_coeffs:
[-142.18688843 -129.84363099 -132.54725127 -124.96211472 -134.6441383
 -138.49907639 -133.78488319 -131.43483544 -140.70383666 -113.85805467
 -145.86310358 -126.81500827 -129.26306556 -128.51298564 -145.72624168]
inrs_hat:  [-31.19718839 -18.85393095 -21.55755123 -13.97241468 -23.65443826
 -27.50937635 -22.79518315 -20.4451354  -29.71413662  -2.86835462
 -34.87340354 -15.82530823 -18.27336551 -17.5232856  -34.73654163]
scheduled_ues:  [ 0  1  2  3  4  5  6  7  8 10 11 12 13 14]
(1, 15, 1, 4, 1, 1)
caused INR: -3.851945894731863
TpsRandomic + IndividualEstimated_INR + -15.0
None
ls_gain_coeffs:
[-142.18688843 -140.21326585 -115.28275207 -141.90888415 -147.38357979
 -138.49907639 -133.78488319 -140.91878037 -131.71137679 -123.67556291
 -137.67216474 -135.60843698 -129.26306556 -142.33949176 -145.72624168]
inrs_hat:  [-31.19718839 -29.2235658   -4.29305202 -30.9191841  -36.39387975
 -27.50937635 -22.79518315 -29.92908033 -20.72167675 -12.68586287
 -26.6824647  -24.61873694 -18.27336551 -31.34979172 -34.73654163]
scheduled_ues:  [ 0  1  3  4  5  6  7  8 10 11 12 13 14]
(1, 15, 1, 4, 1, 1)
caused INR: -23.33140401420802
TpsRandomic + CumulativeIndividualEstimated_INR + -10.0
None
(1, 15, 1, 4, 1, 1)
caused INR: -9.05836487549333
TpsRandomic + CumulativeIndividualEstimated_INR + -12.5
None
(1, 15, 1, 4, 1, 1)
caused INR: -18.780012677846226
TpsRandomic + CumulativeIndividualEstimated_INR + -15.0
None
(1, 15, 1, 4, 1, 1)
caused INR: -22.612084401236473
Iteration number 40
TpsAltruisticFromLsfGain + IndividualEstimated_INR + -10.0
None
ls_gain_coeffs:
[-142.22080402 -143.71669478 -134.05641697 -142.68686291 -130.69738075
 -133.4588888  -136.05528301 -147.70709103 -133.13961181 -145.31187564
 -138.96806091 -145.8175673  -136.36181083 -138.06321943 -144.65818879]
inrs_hat:  [-31.23110398 -32.72699474 -23.06671693 -31.69716287 -19.70768071
 -22.46918875 -25.06558296 -36.71739098 -22.14991176 -34.3221756
 -27.97836087 -34.82786726 -25.37211079 -27.07351938 -33.66848875]
scheduled_ues:  [ 0  1  2  3  4  5  6  7  8  9 10 11 12 13 14]
(1, 15, 1, 4, 1, 1)
caused INR: -21.33203030045751
TpsAltruisticFromLsfGain + IndividualEstimated_INR + -12.5
None
ls_gain_coeffs:
[-142.22080402 -143.71669478 -134.05641697 -142.68686291 -130.69738075
 -133.4588888  -136.05528301 -147.70709103 -133.13961181 -145.31187564
 -138.96806091 -145.8175673  -136.36181083 -138.06321943 -144.65818879]
inrs_hat:  [-31.23110398 -32.72699474 -23.06671693 -31.69716287 -19.70768071
 -22.46918875 -25.06558296 -36.71739098 -22.14991176 -34.3221756
 -27.97836087 -34.82786726 -25.37211079 -27.07351938 -33.66848875]
scheduled_ues:  [ 0  1  2  3  4  5  6  7  8  9 10 11 12 13 14]
(1, 15, 1, 4, 1, 1)
caused INR: -21.33203030045751
TpsAltruisticFromLsfGain + IndividualEstimated_INR + -15.0
None
ls_gain_coeffs:
[-142.22080402 -143.71669478 -134.05641697 -142.68686291 -130.69738075
 -133.4588888  -136.05528301 -147.70709103 -133.13961181 -145.31187564
 -138.96806091 -145.8175673  -136.36181083 -138.06321943 -144.65818879]
inrs_hat:  [-31.23110398 -32.72699474 -23.06671693 -31.69716287 -19.70768071
 -22.46918875 -25.06558296 -36.71739098 -22.14991176 -34.3221756
 -27.97836087 -34.82786726 -25.37211079 -27.07351938 -33.66848875]
scheduled_ues:  [ 0  1  2  3  4  5  6  7  8  9 10 11 12 13 14]
(1, 15, 1, 4, 1, 1)
caused INR: -21.33203030045751
TpsAltruisticFromLsfGain + CumulativeIndividualEstimated_INR + -10.0
None
(1, 15, 1, 4, 1, 1)
caused INR: -21.33203030045751
TpsAltruisticFromLsfGain + CumulativeIndividualEstimated_INR + -12.5
None
(1, 15, 1, 4, 1, 1)
caused INR: -21.33203030045751
TpsAltruisticFromLsfGain + CumulativeIndividualEstimated_INR + -15.0
None
(1, 15, 1, 4, 1, 1)
caused INR: -14.47684767194196
TpsRandomic + IndividualEstimated_INR + -10.0
None
ls_gain_coeffs:
[-142.22080402 -130.31147937 -134.05641697 -128.74864757 -121.61876254
 -133.4588888  -119.26329793 -132.70493766 -120.69024639 -145.31187564
 -125.3550755  -129.31558978 -125.52177705 -138.06321943 -131.84763516]
inrs_hat:  [-31.23110398 -19.32177933 -23.06671693 -17.75894753 -10.62906249
 -22.46918875  -8.27359789 -21.71523762  -9.70054635 -34.3221756
 -14.36537546 -18.32588974 -14.53207701 -27.07351938 -20.85793512]
scheduled_ues:  [ 0  1  2  3  4  5  7  9 10 11 12 13 14]
(1, 15, 1, 4, 1, 1)
caused INR: -11.766930298550058
TpsRandomic + IndividualEstimated_INR + -12.5
None
ls_gain_coeffs:
[-132.81752508 -127.31377475 -134.05641697 -128.74864757 -118.68925537
 -119.52208336 -119.26329793 -147.70709103 -133.12796369 -135.36607007
 -138.96806091 -138.5585931  -119.08888603 -137.64873613 -131.84763516]
inrs_hat:  [-21.82782504 -16.3240747  -23.06671693 -17.75894753  -7.69955533
  -8.53238332  -8.27359789 -36.71739098 -22.13826364 -24.37637003
 -27.97836087 -27.56889305  -8.09918599 -26.65903609 -20.85793512]
scheduled_ues:  [ 0  1  2  3  7  8  9 10 11 13 14]
(1, 15, 1, 4, 1, 1)
caused INR: -18.77265181482965
TpsRandomic + IndividualEstimated_INR + -15.0
None
ls_gain_coeffs:
[-125.19639106 -127.31377475 -124.11982595 -128.74864757 -118.68925537
 -133.4588888  -119.26329793 -147.70709103 -133.12796369 -135.36607007
 -125.94076821 -138.5585931  -119.08888603 -125.48345833 -131.84763516]
inrs_hat:  [-14.20669102 -16.3240747  -13.1301259  -17.75894753  -7.69955533
 -22.46918875  -8.27359789 -36.71739098 -22.13826364 -24.37637003
 -14.95106817 -27.56889305  -8.09918599 -14.49375828 -20.85793512]
scheduled_ues:  [ 1  3  5  7  8  9 11 14]
(1, 15, 1, 4, 1, 1)
caused INR: -25.708058277703344
TpsRandomic + CumulativeIndividualEstimated_INR + -10.0
None
(1, 15, 1, 4, 1, 1)
caused INR: -23.923545332857984
TpsRandomic + CumulativeIndividualEstimated_INR + -12.5
None
(1, 15, 1, 4, 1, 1)
caused INR: -18.529974864109647
TpsRandomic + CumulativeIndividualEstimated_INR + -15.0
None
(1, 15, 1, 4, 1, 1)
caused INR: -21.78321520070282
Iteration number 41
TpsAltruisticFromLsfGain + IndividualEstimated_INR + -10.0
None
ls_gain_coeffs:
[-116.60481058 -141.31831335 -127.07457074 -120.44688284 -139.96675398
 -124.0413111  -132.96480853 -145.31173638 -137.56706294 -136.72829711
 -138.63341697 -136.7828466  -135.87345374 -129.72021869 -143.01648089]
inrs_hat:  [ -5.61511053 -30.3286133  -16.0848707   -9.45718279 -28.97705393
 -13.05161106 -21.97510849 -34.32203634 -26.5773629  -25.73859707
 -27.64371693 -25.79314655 -24.8837537  -18.73051864 -32.02678085]
scheduled_ues:  [ 1  2  4  5  6  7  8  9 10 11 12 13 14]
(1, 15, 1, 4, 1, 1)
caused INR: -18.080863906676907
TpsAltruisticFromLsfGain + IndividualEstimated_INR + -12.5
None
ls_gain_coeffs:
[-116.60481058 -141.31831335 -127.07457074 -120.44688284 -139.96675398
 -124.0413111  -132.96480853 -145.31173638 -137.56706294 -136.72829711
 -138.63341697 -136.7828466  -135.87345374 -129.72021869 -143.01648089]
inrs_hat:  [ -5.61511053 -30.3286133  -16.0848707   -9.45718279 -28.97705393
 -13.05161106 -21.97510849 -34.32203634 -26.5773629  -25.73859707
 -27.64371693 -25.79314655 -24.8837537  -18.73051864 -32.02678085]
scheduled_ues:  [ 1  2  4  5  6  7  8  9 10 11 12 13 14]
(1, 15, 1, 4, 1, 1)
caused INR: -18.080863906676907
TpsAltruisticFromLsfGain + IndividualEstimated_INR + -15.0
None
ls_gain_coeffs:
[-116.60481058 -141.31831335 -127.07457074 -120.44688284 -139.96675398
 -124.0413111  -132.96480853 -145.31173638 -137.56706294 -136.72829711
 -138.63341697 -136.7828466  -135.87345374 -129.72021869 -143.01648089]
inrs_hat:  [ -5.61511053 -30.3286133  -16.0848707   -9.45718279 -28.97705393
 -13.05161106 -21.97510849 -34.32203634 -26.5773629  -25.73859707
 -27.64371693 -25.79314655 -24.8837537  -18.73051864 -32.02678085]
scheduled_ues:  [ 1  2  4  6  7  8  9 10 11 12 13 14]
(1, 15, 1, 4, 1, 1)
caused INR: -16.769565898712877
TpsAltruisticFromLsfGain + CumulativeIndividualEstimated_INR + -10.0
None
(1, 15, 1, 4, 1, 1)
caused INR: -16.769565898712877
TpsAltruisticFromLsfGain + CumulativeIndividualEstimated_INR + -12.5
None
(1, 15, 1, 4, 1, 1)
caused INR: -11.791636322568413
TpsAltruisticFromLsfGain + CumulativeIndividualEstimated_INR + -15.0
None
(1, 15, 1, 4, 1, 1)
caused INR: -12.692701252622598
TpsRandomic + IndividualEstimated_INR + -10.0
None
ls_gain_coeffs:
[-104.57320966 -124.55359974 -115.40342392 -109.92937705 -139.96675398
 -106.56918732 -123.54137491 -131.62829395 -125.57385987 -123.6144485
 -125.69887122 -136.7828466  -135.87345374 -123.51397235 -136.44319614]
inrs_hat:  [  6.41649039 -13.5638997   -4.41372388   1.06032299 -28.97705393
   4.42051273 -12.55167486 -20.63859391 -14.58415983 -12.62474846
 -14.70917117 -25.79314655 -24.8837537  -12.52427231 -25.4534961 ]
scheduled_ues:  [ 1  4  6  7  8  9 10 11 12 13 14]
(1, 15, 1, 4, 1, 1)
caused INR: -10.586480356177375
TpsRandomic + IndividualEstimated_INR + -12.5
None
ls_gain_coeffs:
[ -97.96738453 -124.55359974 -127.07457074 -120.44688284 -126.57093165
 -112.77075255 -119.21145762 -131.62829395 -120.92362303 -123.9505728
 -125.94534409 -126.97058433 -121.51943189 -123.51397235 -126.64630989]
inrs_hat:  [ 13.02231551 -13.5638997  -16.0848707   -9.45718279 -15.5812316
  -1.7810525   -8.22175757 -20.63859391  -9.93392299 -12.96087276
 -14.95564405 -15.98088429 -10.52973185 -12.52427231 -15.65660984]
scheduled_ues:  [ 1  2  4  7  9 10 11 13 14]
(1, 15, 1, 4, 1, 1)
caused INR: -4.887098288520994
TpsRandomic + IndividualEstimated_INR + -15.0
None
ls_gain_coeffs:
[-103.80315941 -141.31831335 -110.04944731 -120.44688284 -132.29527837
 -112.77075255 -123.54137491 -128.99757005 -128.7149862  -123.9505728
 -125.69887122 -126.97058433 -119.07966162 -113.44468988 -136.44319614]
inrs_hat:  [  7.18654064 -30.3286133    0.94025273  -9.45718279 -21.30557832
  -1.7810525  -12.55167486 -18.00787001 -17.72528616 -12.96087276
 -14.70917117 -15.98088429  -8.08996158  -2.45498984 -25.4534961 ]
scheduled_ues:  [ 1  4  7  8 11 14]
(1, 15, 1, 4, 1, 1)
caused INR: -10.44699924007723
TpsRandomic + CumulativeIndividualEstimated_INR + -10.0
None
(1, 15, 1, 4, 1, 1)
caused INR: -8.922489604259674
TpsRandomic + CumulativeIndividualEstimated_INR + -12.5
None
(1, 15, 1, 4, 1, 1)
caused INR: -27.366952597968105
TpsRandomic + CumulativeIndividualEstimated_INR + -15.0
None
(1, 15, 1, 4, 1, 1)
caused INR: -20.01333114753963
Iteration number 42
TpsAltruisticFromLsfGain + IndividualEstimated_INR + -10.0
None
ls_gain_coeffs:
[-146.49336251 -134.64374502 -138.99216381 -124.61270214 -134.22018865
 -143.35806987 -140.52673575 -124.82563063 -121.79794106 -127.42701951
 -140.34784223 -133.65502845 -142.32177404 -138.65801897 -138.96211484]
inrs_hat:  [-35.50366247 -23.65404498 -28.00246376 -13.62300209 -23.23048861
 -32.36836982 -29.53703571 -13.83593059 -10.80824101 -16.43731947
 -29.35814219 -22.66532841 -31.332074   -27.66831892 -27.9724148 ]
scheduled_ues:  [ 0  1  2  3  4  5  6  7  8  9 10 11 12 13 14]
(1, 15, 1, 4, 1, 1)
caused INR: -20.31720524504251
TpsAltruisticFromLsfGain + IndividualEstimated_INR + -12.5
None
ls_gain_coeffs:
[-146.49336251 -134.64374502 -138.99216381 -124.61270214 -134.22018865
 -143.35806987 -140.52673575 -124.82563063 -121.79794106 -127.42701951
 -140.34784223 -133.65502845 -142.32177404 -138.65801897 -138.96211484]
inrs_hat:  [-35.50366247 -23.65404498 -28.00246376 -13.62300209 -23.23048861
 -32.36836982 -29.53703571 -13.83593059 -10.80824101 -16.43731947
 -29.35814219 -22.66532841 -31.332074   -27.66831892 -27.9724148 ]
scheduled_ues:  [ 0  1  2  3  4  5  6  7  9 10 11 12 13 14]
(1, 15, 1, 4, 1, 1)
caused INR: -8.145118565897274
TpsAltruisticFromLsfGain + IndividualEstimated_INR + -15.0
None
ls_gain_coeffs:
[-146.49336251 -134.64374502 -138.99216381 -124.61270214 -134.22018865
 -143.35806987 -140.52673575 -124.82563063 -121.79794106 -127.42701951
 -140.34784223 -133.65502845 -142.32177404 -138.65801897 -138.96211484]
inrs_hat:  [-35.50366247 -23.65404498 -28.00246376 -13.62300209 -23.23048861
 -32.36836982 -29.53703571 -13.83593059 -10.80824101 -16.43731947
 -29.35814219 -22.66532841 -31.332074   -27.66831892 -27.9724148 ]
scheduled_ues:  [ 0  1  2  4  5  6  9 10 11 12 13 14]
(1, 15, 1, 4, 1, 1)
caused INR: -20.320527038675117
TpsAltruisticFromLsfGain + CumulativeIndividualEstimated_INR + -10.0
None
(1, 15, 1, 4, 1, 1)
caused INR: -10.393994312220052
TpsAltruisticFromLsfGain + CumulativeIndividualEstimated_INR + -12.5
None
(1, 15, 1, 4, 1, 1)
caused INR: -20.320527038675117
TpsAltruisticFromLsfGain + CumulativeIndividualEstimated_INR + -15.0
None
(1, 15, 1, 4, 1, 1)
caused INR: -13.903306122263935
TpsRandomic + IndividualEstimated_INR + -10.0
None
ls_gain_coeffs:
[-132.85036269 -134.64374502 -126.01972797 -124.61270214 -125.10388595
 -135.68654281 -135.88548572 -107.51275024 -108.5096842  -113.52564198
 -133.55656696 -127.41958857 -131.27295504 -125.61839081 -124.94272583]
inrs_hat:  [-21.86066265 -23.65404498 -15.03002793 -13.62300209 -14.1141859
 -24.69684277 -24.89578567   3.4769498    2.48001585  -2.53594194
 -22.56686692 -16.42988853 -20.283255   -14.62869076 -13.95302579]
scheduled_ues:  [ 0  1  2  3  4  5  6 10 11 12 13 14]
(1, 15, 1, 4, 1, 1)
caused INR: -9.999348671185281
TpsRandomic + IndividualEstimated_INR + -12.5
None
ls_gain_coeffs:
[-140.14573449 -134.64374502 -126.01972797 -118.99066085 -122.31180612
 -135.68654281 -140.52673575 -112.83761423 -108.5096842  -120.60451887
 -140.34784223 -133.65502845 -125.47395811 -125.61839081 -124.94272583]
inrs_hat:  [-29.15603445 -23.65404498 -15.03002793  -8.00096081 -11.32210607
 -24.69684277 -29.53703571  -1.84791419   2.48001585  -9.61481883
 -29.35814219 -22.66532841 -14.48425807 -14.62869076 -13.95302579]
scheduled_ues:  [ 0  1  2  5  6 10 11 12 13 14]
(1, 15, 1, 4, 1, 1)
caused INR: -9.515875974336193
TpsRandomic + IndividualEstimated_INR + -15.0
None
ls_gain_coeffs:
[-130.27724859 -132.91877059 -126.01972797 -124.61270214 -125.10388595
 -130.35443212 -126.53805241 -114.62948625 -112.79233346 -120.60451887
 -123.90522543 -133.65502845 -131.27295504 -138.65801897 -134.22874782]
inrs_hat:  [-19.28754855 -21.92907055 -15.03002793 -13.62300209 -14.1141859
 -19.36473208 -15.54835236  -3.63978621  -1.80263341  -9.61481883
 -12.91552539 -22.66532841 -20.283255   -27.66831892 -23.23904777]
scheduled_ues:  [ 0  1  2  5  6 11 12 13 14]
(1, 15, 1, 4, 1, 1)
caused INR: -7.9863612145809535
TpsRandomic + CumulativeIndividualEstimated_INR + -10.0
None
(1, 15, 1, 4, 1, 1)
caused INR: -12.043474936891146
TpsRandomic + CumulativeIndividualEstimated_INR + -12.5
None
(1, 15, 1, 4, 1, 1)
caused INR: -23.47075774879783
TpsRandomic + CumulativeIndividualEstimated_INR + -15.0
None
(1, 15, 1, 4, 1, 1)
caused INR: -15.05606136585101
Iteration number 43
TpsAltruisticFromLsfGain + IndividualEstimated_INR + -10.0
None
ls_gain_coeffs:
[-125.40085494 -135.80606229 -136.81606392 -135.67534216 -141.18259999
 -129.41754591 -132.16760987 -129.01934746 -143.34710933 -149.9372323
 -149.56581466 -152.41819537 -142.24151209 -117.27756691 -142.48344037]
inrs_hat:  [-14.4111549  -24.81636224 -25.82636388 -24.68564212 -30.19289994
 -18.42784587 -21.17790983 -18.02964742 -32.35740929 -38.94753226
 -38.57611462 -41.42849533 -31.25181205  -6.28786687 -31.49374033]
scheduled_ues:  [ 0  1  2  3  4  5  6  7  8  9 10 11 12 14]
(1, 15, 1, 4, 1, 1)
caused INR: -14.909520359591815
TpsAltruisticFromLsfGain + IndividualEstimated_INR + -12.5
None
ls_gain_coeffs:
[-125.40085494 -135.80606229 -136.81606392 -135.67534216 -141.18259999
 -129.41754591 -132.16760987 -129.01934746 -143.34710933 -149.9372323
 -149.56581466 -152.41819537 -142.24151209 -117.27756691 -142.48344037]
inrs_hat:  [-14.4111549  -24.81636224 -25.82636388 -24.68564212 -30.19289994
 -18.42784587 -21.17790983 -18.02964742 -32.35740929 -38.94753226
 -38.57611462 -41.42849533 -31.25181205  -6.28786687 -31.49374033]
scheduled_ues:  [ 0  1  2  3  4  5  6  7  8  9 10 11 12 14]
(1, 15, 1, 4, 1, 1)
caused INR: -14.909520359591815
TpsAltruisticFromLsfGain + IndividualEstimated_INR + -15.0
None
ls_gain_coeffs:
[-125.40085494 -135.80606229 -136.81606392 -135.67534216 -141.18259999
 -129.41754591 -132.16760987 -129.01934746 -143.34710933 -149.9372323
 -149.56581466 -152.41819537 -142.24151209 -117.27756691 -142.48344037]
inrs_hat:  [-14.4111549  -24.81636224 -25.82636388 -24.68564212 -30.19289994
 -18.42784587 -21.17790983 -18.02964742 -32.35740929 -38.94753226
 -38.57611462 -41.42849533 -31.25181205  -6.28786687 -31.49374033]
scheduled_ues:  [ 1  2  3  4  5  6  7  8  9 10 11 12 14]
(1, 15, 1, 4, 1, 1)
caused INR: -41.763820089925474
TpsAltruisticFromLsfGain + CumulativeIndividualEstimated_INR + -10.0
None
(1, 15, 1, 4, 1, 1)
caused INR: -14.909520359591815
TpsAltruisticFromLsfGain + CumulativeIndividualEstimated_INR + -12.5
None
(1, 15, 1, 4, 1, 1)
caused INR: -41.763820089925474
TpsAltruisticFromLsfGain + CumulativeIndividualEstimated_INR + -15.0
None
(1, 15, 1, 4, 1, 1)
caused INR: -24.729267850618065
TpsRandomic + IndividualEstimated_INR + -10.0
None
ls_gain_coeffs:
[-111.26750307 -124.98127897 -122.59846799 -119.48845977 -138.79073851
 -118.58177467 -118.02308678 -116.47075866 -131.18414525 -139.52624038
 -143.76579222 -139.56992192 -131.51584694 -105.93125745 -129.82694951]
inrs_hat:  [ -0.27780303 -13.99157893 -11.60876794  -8.49875973 -27.80103846
  -7.59207462  -7.03338674  -5.48105862 -20.19444521 -28.53654033
 -32.77609218 -28.58022187 -20.5261469    5.05844259 -18.83724947]
scheduled_ues:  [ 1  2  4  8  9 10 11 12 14]
(1, 15, 1, 4, 1, 1)
caused INR: -9.417994532415857
TpsRandomic + IndividualEstimated_INR + -12.5
None
ls_gain_coeffs:
[-125.40085494 -118.64881735 -122.59846799 -135.67534216 -127.94371283
 -118.50852136 -126.70122238 -129.01934746 -131.18414525 -139.22505944
 -149.56581466 -136.03650897 -131.51584694 -105.93125745 -129.82694951]
inrs_hat:  [-14.4111549   -7.6591173  -11.60876794 -24.68564212 -16.95401278
  -7.51882132 -15.71152233 -18.02964742 -20.19444521 -28.2353594
 -38.57611462 -25.04680893 -20.5261469    5.05844259 -18.83724947]
scheduled_ues:  [ 0  3  4  6  7  8  9 10 11 12 14]
(1, 15, 1, 4, 1, 1)
caused INR: -10.879750174355296
TpsRandomic + IndividualEstimated_INR + -15.0
None
ls_gain_coeffs:
[-111.26750307 -135.80606229 -122.59846799 -135.67534216 -138.79073851
 -118.58177467 -132.16760987 -116.36376987 -134.38571141 -139.52624038
 -149.56581466 -136.03650897 -125.22916629 -101.90803103 -129.82694951]
inrs_hat:  [ -0.27780303 -24.81636224 -11.60876794 -24.68564212 -27.80103846
  -7.59207462 -21.17790983  -5.37406983 -23.39601137 -28.53654033
 -38.57611462 -25.04680893 -14.23946625   9.08166901 -18.83724947]
scheduled_ues:  [ 1  3  4  6  8  9 10 11 14]
(1, 15, 1, 4, 1, 1)
caused INR: -25.668164644042974
TpsRandomic + CumulativeIndividualEstimated_INR + -10.0
None
(1, 15, 1, 4, 1, 1)
caused INR: -13.44977677164541
TpsRandomic + CumulativeIndividualEstimated_INR + -12.5
None
(1, 15, 1, 4, 1, 1)
caused INR: -9.765887464499832
TpsRandomic + CumulativeIndividualEstimated_INR + -15.0
None
(1, 15, 1, 4, 1, 1)
caused INR: -15.490292974070513
Iteration number 44
TpsAltruisticFromLsfGain + IndividualEstimated_INR + -10.0
None
ls_gain_coeffs:
[-134.98355315 -140.83739283 -131.41163446 -139.18349974 -140.95926892
 -139.77518596 -148.51408928 -145.2392082  -121.21774974 -142.98411596
 -148.78972769 -130.91132924 -133.82137799 -141.75280379 -140.43225694]
inrs_hat:  [-23.99385311 -29.84769278 -20.42193441 -28.1937997  -29.96956887
 -28.78548591 -37.52438923 -34.24950816 -10.22804969 -31.99441591
 -37.80002765 -19.9216292  -22.83167794 -30.76310375 -29.44255689]
scheduled_ues:  [ 0  1  2  3  4  5  6  7  8  9 10 11 12 13 14]
(1, 15, 1, 4, 1, 1)
caused INR: -16.136065896939666
TpsAltruisticFromLsfGain + IndividualEstimated_INR + -12.5
None
ls_gain_coeffs:
[-134.98355315 -140.83739283 -131.41163446 -139.18349974 -140.95926892
 -139.77518596 -148.51408928 -145.2392082  -121.21774974 -142.98411596
 -148.78972769 -130.91132924 -133.82137799 -141.75280379 -140.43225694]
inrs_hat:  [-23.99385311 -29.84769278 -20.42193441 -28.1937997  -29.96956887
 -28.78548591 -37.52438923 -34.24950816 -10.22804969 -31.99441591
 -37.80002765 -19.9216292  -22.83167794 -30.76310375 -29.44255689]
scheduled_ues:  [ 0  1  2  3  4  5  6  7  9 10 11 12 13 14]
(1, 15, 1, 4, 1, 1)
caused INR: -27.69941349322389
TpsAltruisticFromLsfGain + IndividualEstimated_INR + -15.0
None
ls_gain_coeffs:
[-134.98355315 -140.83739283 -131.41163446 -139.18349974 -140.95926892
 -139.77518596 -148.51408928 -145.2392082  -121.21774974 -142.98411596
 -148.78972769 -130.91132924 -133.82137799 -141.75280379 -140.43225694]
inrs_hat:  [-23.99385311 -29.84769278 -20.42193441 -28.1937997  -29.96956887
 -28.78548591 -37.52438923 -34.24950816 -10.22804969 -31.99441591
 -37.80002765 -19.9216292  -22.83167794 -30.76310375 -29.44255689]
scheduled_ues:  [ 0  1  2  3  4  5  6  7  9 10 11 12 13 14]
(1, 15, 1, 4, 1, 1)
caused INR: -27.69941349322389
TpsAltruisticFromLsfGain + CumulativeIndividualEstimated_INR + -10.0
None
(1, 15, 1, 4, 1, 1)
caused INR: -27.69941349322389
TpsAltruisticFromLsfGain + CumulativeIndividualEstimated_INR + -12.5
None
(1, 15, 1, 4, 1, 1)
caused INR: -27.69941349322389
TpsAltruisticFromLsfGain + CumulativeIndividualEstimated_INR + -15.0
None
(1, 15, 1, 4, 1, 1)
caused INR: -24.690592629624852
TpsRandomic + IndividualEstimated_INR + -10.0
None
ls_gain_coeffs:
[-118.57156703 -140.83739283 -129.1092475  -126.19513786 -123.95839517
 -122.77751425 -142.76076422 -131.19714122 -108.1736047  -141.94075527
 -143.91276595 -117.62576006 -123.40729773 -124.88927134 -140.43225694]
inrs_hat:  [ -7.58186699 -29.84769278 -18.11954746 -15.20543782 -12.96869512
 -11.7878142  -31.77106418 -20.20744118   2.81609534 -30.95105523
 -32.92306591  -6.63606002 -12.41759768 -13.89957129 -29.44255689]
scheduled_ues:  [ 1  2  3  4  5  6  7  9 10 12 13 14]
(1, 15, 1, 4, 1, 1)
caused INR: -6.185644401200655
TpsRandomic + IndividualEstimated_INR + -12.5
None
ls_gain_coeffs:
[-118.57156703 -140.83739283 -129.1092475  -130.77088676 -123.95839517
 -127.51654745 -142.76076422 -138.90078497 -103.7412871  -141.94075527
 -133.09681986 -118.04774465 -123.40729773 -124.88927134 -128.52830938]
inrs_hat:  [ -7.58186699 -29.84769278 -18.11954746 -19.78118672 -12.96869512
 -16.5268474  -31.77106418 -27.91108493   7.24841295 -30.95105523
 -22.10711982  -7.05804461 -12.41759768 -13.89957129 -17.53860933]
scheduled_ues:  [ 1  2  3  4  5  6  7  9 10 13 14]
(1, 15, 1, 4, 1, 1)
caused INR: -12.203720605370492
TpsRandomic + IndividualEstimated_INR + -15.0
None
ls_gain_coeffs:
[-118.57156703 -132.30362428 -129.1092475  -130.77088676 -123.95839517
 -122.77751425 -132.42132947 -131.19714122 -121.21774974 -129.84694217
 -143.91276595 -129.64537547 -121.80475217 -132.81057847 -140.43225694]
inrs_hat:  [ -7.58186699 -21.31392423 -18.11954746 -19.78118672 -12.96869512
 -11.7878142  -21.43162943 -20.20744118 -10.22804969 -18.85724212
 -32.92306591 -18.65567543 -10.81505213 -21.82087843 -29.44255689]
scheduled_ues:  [ 1  2  3  6  7  9 10 11 13 14]
(1, 15, 1, 4, 1, 1)
caused INR: -19.21082665060804
TpsRandomic + CumulativeIndividualEstimated_INR + -10.0
None
(1, 15, 1, 4, 1, 1)
caused INR: -19.855923079874973
TpsRandomic + CumulativeIndividualEstimated_INR + -12.5
None
(1, 15, 1, 4, 1, 1)
caused INR: -13.527250403466432
TpsRandomic + CumulativeIndividualEstimated_INR + -15.0
None
(1, 15, 1, 4, 1, 1)
caused INR: -20.617185746551307
Iteration number 45
TpsAltruisticFromLsfGain + IndividualEstimated_INR + -10.0
None
ls_gain_coeffs:
[-141.69529953 -140.9810943  -139.39119068 -134.546355   -116.93096095
 -137.01091632 -139.1375265  -143.17587974 -136.60581796 -130.11357984
 -131.66525821 -130.67757992 -126.1584381  -144.8959147  -145.72550032]
inrs_hat:  [-30.70559949 -29.99139426 -28.40149064 -23.55665496  -5.94126091
 -26.02121627 -28.14782645 -32.1861797  -25.61611792 -19.12387979
 -20.67555816 -19.68787987 -15.16873806 -33.90621466 -34.73580028]
scheduled_ues:  [ 0  1  2  3  5  6  7  8  9 10 11 12 13 14]
(1, 15, 1, 4, 1, 1)
caused INR: -12.288974914557183
TpsAltruisticFromLsfGain + IndividualEstimated_INR + -12.5
None
ls_gain_coeffs:
[-141.69529953 -140.9810943  -139.39119068 -134.546355   -116.93096095
 -137.01091632 -139.1375265  -143.17587974 -136.60581796 -130.11357984
 -131.66525821 -130.67757992 -126.1584381  -144.8959147  -145.72550032]
inrs_hat:  [-30.70559949 -29.99139426 -28.40149064 -23.55665496  -5.94126091
 -26.02121627 -28.14782645 -32.1861797  -25.61611792 -19.12387979
 -20.67555816 -19.68787987 -15.16873806 -33.90621466 -34.73580028]
scheduled_ues:  [ 0  1  2  3  5  6  7  8  9 10 11 12 13 14]
(1, 15, 1, 4, 1, 1)
caused INR: -12.288974914557183
TpsAltruisticFromLsfGain + IndividualEstimated_INR + -15.0
None
ls_gain_coeffs:
[-141.69529953 -140.9810943  -139.39119068 -134.546355   -116.93096095
 -137.01091632 -139.1375265  -143.17587974 -136.60581796 -130.11357984
 -131.66525821 -130.67757992 -126.1584381  -144.8959147  -145.72550032]
inrs_hat:  [-30.70559949 -29.99139426 -28.40149064 -23.55665496  -5.94126091
 -26.02121627 -28.14782645 -32.1861797  -25.61611792 -19.12387979
 -20.67555816 -19.68787987 -15.16873806 -33.90621466 -34.73580028]
scheduled_ues:  [ 0  1  2  3  5  6  7  8  9 10 11 12 13 14]
(1, 15, 1, 4, 1, 1)
caused INR: -12.288974914557183
TpsAltruisticFromLsfGain + CumulativeIndividualEstimated_INR + -10.0
None
(1, 15, 1, 4, 1, 1)
caused INR: -12.288974914557183
TpsAltruisticFromLsfGain + CumulativeIndividualEstimated_INR + -12.5
None
(1, 15, 1, 4, 1, 1)
caused INR: -14.694268046951375
TpsAltruisticFromLsfGain + CumulativeIndividualEstimated_INR + -15.0
None
(1, 15, 1, 4, 1, 1)
caused INR: -17.342780846980308
TpsRandomic + IndividualEstimated_INR + -10.0
None
ls_gain_coeffs:
[-141.69529953 -140.9810943  -129.84454013 -117.81434421 -108.60585728
 -137.01091632 -125.40842617 -126.93852515 -119.76081017 -130.11357984
 -119.56665245 -127.50951691 -121.99378016 -132.32249046 -133.21405933]
inrs_hat:  [-30.70559949 -29.99139426 -18.85484009  -6.82464417   2.38384276
 -26.02121627 -14.41872613 -15.9488251   -8.77111013 -19.12387979
  -8.5769524  -16.51981686 -11.00408012 -21.33279042 -22.22435929]
scheduled_ues:  [ 0  1  2  5  6  7  9 11 12 13 14]
(1, 15, 1, 4, 1, 1)
caused INR: -9.460292045342786
TpsRandomic + IndividualEstimated_INR + -12.5
None
ls_gain_coeffs:
[-124.72971156 -126.99701125 -139.39119068 -124.84141141 -108.60585728
 -137.01091632 -139.1375265  -129.46484121 -128.76660949 -130.11357984
 -119.56665245 -130.67757992 -126.1584381  -144.8959147  -145.51597734]
inrs_hat:  [-13.74001152 -16.00731121 -28.40149064 -13.85171137   2.38384276
 -26.02121627 -28.14782645 -18.47514117 -17.77690945 -19.12387979
  -8.5769524  -19.68787987 -15.16873806 -33.90621466 -34.5262773 ]
scheduled_ues:  [ 0  1  2  3  5  6  7  8  9 11 12 13 14]
(1, 15, 1, 4, 1, 1)
caused INR: -9.791809467335606
TpsRandomic + IndividualEstimated_INR + -15.0
None
ls_gain_coeffs:
[-141.69529953 -134.48645527 -122.29067392 -134.546355   -101.93403211
 -126.8966233  -139.1375265  -129.46484121 -123.19661085 -120.22202224
 -114.88487713 -130.67757992 -126.1584381  -132.32249046 -133.21405933]
inrs_hat:  [-30.70559949 -23.49675523 -11.30097388 -23.55665496   9.05566793
 -15.90692326 -28.14782645 -18.47514117 -12.20691081  -9.23232219
  -3.89517709 -19.68787987 -15.16873806 -21.33279042 -22.22435929]
scheduled_ues:  [ 0  1  3  5  6  7 11 12 13 14]
(1, 15, 1, 4, 1, 1)
caused INR: -16.619180475406402
TpsRandomic + CumulativeIndividualEstimated_INR + -10.0
None
(1, 15, 1, 4, 1, 1)
caused INR: -7.220111977003455
TpsRandomic + CumulativeIndividualEstimated_INR + -12.5
None
(1, 15, 1, 4, 1, 1)
caused INR: -16.806068386395378
TpsRandomic + CumulativeIndividualEstimated_INR + -15.0
None
(1, 15, 1, 4, 1, 1)
caused INR: -16.331479021871903
Iteration number 46
TpsAltruisticFromLsfGain + IndividualEstimated_INR + -10.0
None
ls_gain_coeffs:
[-131.54762631 -148.16739421 -138.94670351 -119.99000043 -134.66979046
 -147.70875587 -142.32654118 -145.81919591 -143.43584847 -143.07054127
 -144.04543311 -150.25078565 -147.81054777 -121.53970144 -141.43926625]
inrs_hat:  [-20.55792626 -37.17769416 -27.95700347  -9.00030038 -23.68009041
 -36.71905583 -31.33684114 -34.82949587 -32.44614843 -32.08084123
 -33.05573307 -39.26108561 -36.82084773 -10.55000139 -30.44956621]
scheduled_ues:  [ 0  1  2  4  5  6  7  8  9 10 11 12 13 14]
(1, 15, 1, 4, 1, 1)
caused INR: -12.539626910783753
TpsAltruisticFromLsfGain + IndividualEstimated_INR + -12.5
None
ls_gain_coeffs:
[-131.54762631 -148.16739421 -138.94670351 -119.99000043 -134.66979046
 -147.70875587 -142.32654118 -145.81919591 -143.43584847 -143.07054127
 -144.04543311 -150.25078565 -147.81054777 -121.53970144 -141.43926625]
inrs_hat:  [-20.55792626 -37.17769416 -27.95700347  -9.00030038 -23.68009041
 -36.71905583 -31.33684114 -34.82949587 -32.44614843 -32.08084123
 -33.05573307 -39.26108561 -36.82084773 -10.55000139 -30.44956621]
scheduled_ues:  [ 0  1  2  4  5  6  7  8  9 10 11 12 14]
(1, 15, 1, 4, 1, 1)
caused INR: -13.815780069089396
TpsAltruisticFromLsfGain + IndividualEstimated_INR + -15.0
None
ls_gain_coeffs:
[-131.54762631 -148.16739421 -138.94670351 -119.99000043 -134.66979046
 -147.70875587 -142.32654118 -145.81919591 -143.43584847 -143.07054127
 -144.04543311 -150.25078565 -147.81054777 -121.53970144 -141.43926625]
inrs_hat:  [-20.55792626 -37.17769416 -27.95700347  -9.00030038 -23.68009041
 -36.71905583 -31.33684114 -34.82949587 -32.44614843 -32.08084123
 -33.05573307 -39.26108561 -36.82084773 -10.55000139 -30.44956621]
scheduled_ues:  [ 0  1  2  4  5  6  7  8  9 10 11 12 14]
(1, 15, 1, 4, 1, 1)
caused INR: -13.815780069089396
TpsAltruisticFromLsfGain + CumulativeIndividualEstimated_INR + -10.0
None
(1, 15, 1, 4, 1, 1)
caused INR: -13.815780069089396
TpsAltruisticFromLsfGain + CumulativeIndividualEstimated_INR + -12.5
None
(1, 15, 1, 4, 1, 1)
caused INR: -13.815780069089396
TpsAltruisticFromLsfGain + CumulativeIndividualEstimated_INR + -15.0
None
(1, 15, 1, 4, 1, 1)
caused INR: -13.815780069089396
TpsRandomic + IndividualEstimated_INR + -10.0
None
ls_gain_coeffs:
[-131.54762631 -137.29386851 -134.06188222 -107.24242133 -134.66979046
 -134.1759343  -135.2964489  -134.98670172 -143.43584847 -130.34183798
 -140.00783925 -150.25078565 -135.42986562 -107.22391618 -124.90109166]
inrs_hat:  [-20.55792626 -26.30416846 -23.07218218   3.74727871 -23.68009041
 -23.18623426 -24.30674885 -23.99700168 -32.44614843 -19.35213794
 -29.01813921 -39.26108561 -24.44016558   3.76578387 -13.91139162]
scheduled_ues:  [ 0  1  2  4  5  6  7  8  9 10 11 12 14]
(1, 15, 1, 4, 1, 1)
caused INR: -16.95595427288685
TpsRandomic + IndividualEstimated_INR + -12.5
None
ls_gain_coeffs:
[-131.54762631 -131.37266879 -123.24855599 -119.07206315 -117.29146752
 -134.1759343  -125.75322442 -134.98670172 -126.5658622  -142.20923139
 -144.04543311 -133.98041224 -147.81054777 -114.66872336 -141.43926625]
inrs_hat:  [-20.55792626 -20.38296874 -12.25885594  -8.0823631   -6.30176748
 -23.18623426 -14.76352438 -23.99700168 -15.57616216 -31.21953135
 -33.05573307 -22.9907122  -36.82084773  -3.67902331 -30.44956621]
scheduled_ues:  [ 0  1  5  6  7  8  9 10 11 12 14]
(1, 15, 1, 4, 1, 1)
caused INR: -11.458350971919169
TpsRandomic + IndividualEstimated_INR + -15.0
None
ls_gain_coeffs:
[-118.50121569 -131.37266879 -123.24855599 -119.99000043 -117.29146752
 -141.00778123 -125.75322442 -145.81919591 -131.98207165 -130.05473468
 -140.00783925 -150.25078565 -147.81054777 -121.53970144 -129.18580441]
inrs_hat:  [ -7.51151565 -20.38296874 -12.25885594  -9.00030038  -6.30176748
 -30.01808119 -14.76352438 -34.82949587 -20.9923716  -19.06503464
 -29.01813921 -39.26108561 -36.82084773 -10.55000139 -18.19610436]
scheduled_ues:  [ 1  5  7  8  9 10 11 12 14]
(1, 15, 1, 4, 1, 1)
caused INR: -18.686332811134882
TpsRandomic + CumulativeIndividualEstimated_INR + -10.0
None
(1, 15, 1, 4, 1, 1)
caused INR: -7.463599325011715
TpsRandomic + CumulativeIndividualEstimated_INR + -12.5
None
(1, 15, 1, 4, 1, 1)
caused INR: -11.129984960416333
TpsRandomic + CumulativeIndividualEstimated_INR + -15.0
None
(1, 15, 1, 4, 1, 1)
caused INR: -15.468219139482162
Iteration number 47
TpsAltruisticFromLsfGain + IndividualEstimated_INR + -10.0
None
ls_gain_coeffs:
[-119.52791291 -130.99308301 -128.97652513 -152.00779351 -129.97964407
 -138.3415818  -145.69435316 -143.93684476 -136.33645398 -135.11303019
 -148.57775739 -145.85341564 -146.65078924 -131.65725288 -125.39447079]
inrs_hat:  [ -8.53821287 -20.00338297 -17.98682508 -41.01809347 -18.98994403
 -27.35188175 -34.70465312 -32.94714471 -25.34675394 -24.12333015
 -37.58805735 -34.8637156  -35.66108919 -20.66755284 -14.40477075]
scheduled_ues:  [ 1  2  3  4  5  6  7  8  9 10 11 12 13 14]
(1, 15, 1, 4, 1, 1)
caused INR: -29.11915628989117
TpsAltruisticFromLsfGain + IndividualEstimated_INR + -12.5
None
ls_gain_coeffs:
[-119.52791291 -130.99308301 -128.97652513 -152.00779351 -129.97964407
 -138.3415818  -145.69435316 -143.93684476 -136.33645398 -135.11303019
 -148.57775739 -145.85341564 -146.65078924 -131.65725288 -125.39447079]
inrs_hat:  [ -8.53821287 -20.00338297 -17.98682508 -41.01809347 -18.98994403
 -27.35188175 -34.70465312 -32.94714471 -25.34675394 -24.12333015
 -37.58805735 -34.8637156  -35.66108919 -20.66755284 -14.40477075]
scheduled_ues:  [ 1  2  3  4  5  6  7  8  9 10 11 12 13 14]
(1, 15, 1, 4, 1, 1)
caused INR: -29.11915628989117
TpsAltruisticFromLsfGain + IndividualEstimated_INR + -15.0
None
ls_gain_coeffs:
[-119.52791291 -130.99308301 -128.97652513 -152.00779351 -129.97964407
 -138.3415818  -145.69435316 -143.93684476 -136.33645398 -135.11303019
 -148.57775739 -145.85341564 -146.65078924 -131.65725288 -125.39447079]
inrs_hat:  [ -8.53821287 -20.00338297 -17.98682508 -41.01809347 -18.98994403
 -27.35188175 -34.70465312 -32.94714471 -25.34675394 -24.12333015
 -37.58805735 -34.8637156  -35.66108919 -20.66755284 -14.40477075]
scheduled_ues:  [ 1  2  3  4  5  6  7  8  9 10 11 12 13]
(1, 15, 1, 4, 1, 1)
caused INR: -38.52715661869929
TpsAltruisticFromLsfGain + CumulativeIndividualEstimated_INR + -10.0
None
(1, 15, 1, 4, 1, 1)
caused INR: -29.11915628989117
TpsAltruisticFromLsfGain + CumulativeIndividualEstimated_INR + -12.5
None
(1, 15, 1, 4, 1, 1)
caused INR: -24.119715246523
TpsAltruisticFromLsfGain + CumulativeIndividualEstimated_INR + -15.0
None
(1, 15, 1, 4, 1, 1)
caused INR: -13.849199457146407
TpsRandomic + IndividualEstimated_INR + -10.0
None
ls_gain_coeffs:
[-103.86250491 -130.49273339 -116.38697699 -135.49438513 -129.97964407
 -123.37666874 -132.84570283 -131.23000333 -133.78273516 -122.35501901
 -146.99847161 -132.27203942 -146.65078924 -131.65725288 -119.37847323]
inrs_hat:  [  7.12719513 -19.50303335  -5.39727695 -24.50468509 -18.98994403
 -12.3869687  -21.85600278 -20.24030329 -22.79303512 -11.36531897
 -36.00877157 -21.28233938 -35.66108919 -20.66755284  -8.38877319]
scheduled_ues:  [ 1  3  4  5  6  7  8  9 10 11 12 13]
(1, 15, 1, 4, 1, 1)
caused INR: -1.6849311045097934
TpsRandomic + IndividualEstimated_INR + -12.5
None
ls_gain_coeffs:
[-114.69220091 -130.49273339 -116.23902885 -139.54076036 -116.81149687
 -123.37666874 -145.69435316 -143.93684476 -123.04361438 -135.11303019
 -148.57775739 -145.85341564 -135.57671668 -123.98772445 -110.94753827]
inrs_hat:  [ -3.70250086 -19.50303335  -5.24932881 -28.55106032  -5.82179682
 -12.3869687  -34.70465312 -32.94714471 -12.05391433 -24.12333015
 -37.58805735 -34.8637156  -24.58701663 -12.9980244    0.04216177]
scheduled_ues:  [ 1  3  6  7  9 10 11 12 13]
(1, 15, 1, 4, 1, 1)
caused INR: -15.312322196204082
TpsRandomic + IndividualEstimated_INR + -15.0
None
ls_gain_coeffs:
[-105.47440891 -130.49273339 -128.97652513 -135.49438513 -129.97964407
 -138.3415818  -144.47320215 -131.23000333 -123.04361438 -122.35501901
 -135.6097288  -132.27203942 -136.45864768 -131.65725288 -110.94753827]
inrs_hat:  [  5.51529113 -19.50303335 -17.98682508 -24.50468509 -18.98994403
 -27.35188175 -33.48350211 -20.24030329 -12.05391433 -11.36531897
 -24.62002875 -21.28233938 -25.46894764 -20.66755284   0.04216177]
scheduled_ues:  [ 1  2  3  4  5  6  7 10 11 12 13]
(1, 15, 1, 4, 1, 1)
caused INR: -12.518211581847767
TpsRandomic + CumulativeIndividualEstimated_INR + -10.0
None
(1, 15, 1, 4, 1, 1)
caused INR: -15.624386186132405
TpsRandomic + CumulativeIndividualEstimated_INR + -12.5
None
(1, 15, 1, 4, 1, 1)
caused INR: -15.045381497879667
TpsRandomic + CumulativeIndividualEstimated_INR + -15.0
None
(1, 15, 1, 4, 1, 1)
caused INR: -14.014318116480098
Iteration number 48
TpsAltruisticFromLsfGain + IndividualEstimated_INR + -10.0
None
ls_gain_coeffs:
[-119.42553301 -135.56247224 -143.18623128 -138.23382605 -138.39038541
 -146.56707405 -138.30269922 -119.06010472 -147.38278981 -128.7282557
 -128.74281751 -146.18168055 -137.77198176 -131.17462433 -130.12255035]
inrs_hat:  [ -8.43583297 -24.5727722  -32.19653124 -27.24412601 -27.40068536
 -35.577374   -27.31299918  -8.07040467 -36.39308976 -17.73855566
 -17.75311747 -35.19198051 -26.78228172 -20.18492429 -19.1328503 ]
scheduled_ues:  [ 1  2  3  4  5  6  8  9 10 11 12 13 14]
(1, 15, 1, 4, 1, 1)
caused INR: -13.260634893948797
TpsAltruisticFromLsfGain + IndividualEstimated_INR + -12.5
None
ls_gain_coeffs:
[-119.42553301 -135.56247224 -143.18623128 -138.23382605 -138.39038541
 -146.56707405 -138.30269922 -119.06010472 -147.38278981 -128.7282557
 -128.74281751 -146.18168055 -137.77198176 -131.17462433 -130.12255035]
inrs_hat:  [ -8.43583297 -24.5727722  -32.19653124 -27.24412601 -27.40068536
 -35.577374   -27.31299918  -8.07040467 -36.39308976 -17.73855566
 -17.75311747 -35.19198051 -26.78228172 -20.18492429 -19.1328503 ]
scheduled_ues:  [ 1  2  3  4  5  6  8  9 10 11 12 13 14]
(1, 15, 1, 4, 1, 1)
caused INR: -13.260634893948797
TpsAltruisticFromLsfGain + IndividualEstimated_INR + -15.0
None
ls_gain_coeffs:
[-119.42553301 -135.56247224 -143.18623128 -138.23382605 -138.39038541
 -146.56707405 -138.30269922 -119.06010472 -147.38278981 -128.7282557
 -128.74281751 -146.18168055 -137.77198176 -131.17462433 -130.12255035]
inrs_hat:  [ -8.43583297 -24.5727722  -32.19653124 -27.24412601 -27.40068536
 -35.577374   -27.31299918  -8.07040467 -36.39308976 -17.73855566
 -17.75311747 -35.19198051 -26.78228172 -20.18492429 -19.1328503 ]
scheduled_ues:  [ 1  2  3  4  5  6  8  9 10 11 12 13 14]
(1, 15, 1, 4, 1, 1)
caused INR: -13.260634893948797
TpsAltruisticFromLsfGain + CumulativeIndividualEstimated_INR + -10.0
None
(1, 15, 1, 4, 1, 1)
caused INR: -13.260634893948797
TpsAltruisticFromLsfGain + CumulativeIndividualEstimated_INR + -12.5
None
(1, 15, 1, 4, 1, 1)
caused INR: -21.97822761849838
TpsAltruisticFromLsfGain + CumulativeIndividualEstimated_INR + -15.0
None
(1, 15, 1, 4, 1, 1)
caused INR: -17.142397501055108
TpsRandomic + IndividualEstimated_INR + -10.0
None
ls_gain_coeffs:
[-104.96565072 -135.56247224 -132.30056477 -125.2738297  -125.83823905
 -133.02222248 -133.24351607 -101.21852122 -136.57625018 -111.77638867
 -124.13087515 -135.48090573 -137.77198176 -129.93537197 -130.12255035]
inrs_hat:  [  6.02404932 -24.5727722  -21.31086473 -14.28412966 -14.848539
 -22.03252244 -22.25381603   9.77117882 -25.58655014  -0.78668863
 -13.1411751  -24.49120568 -26.78228172 -18.94567192 -19.1328503 ]
scheduled_ues:  [ 1  2  3  4  5  6  8 10 11 12 13 14]
(1, 15, 1, 4, 1, 1)
caused INR: -5.0865476499170885
TpsRandomic + IndividualEstimated_INR + -12.5
None
ls_gain_coeffs:
[-102.94736843 -118.19747651 -132.30056477 -138.23382605 -138.39038541
 -146.56707405 -133.24351607 -104.75717878 -136.91482455 -118.88636516
 -114.76390339 -135.80422748 -131.61201221 -129.93537197 -112.30918692]
inrs_hat:  [  8.04233162  -7.20777647 -21.31086473 -27.24412601 -27.40068536
 -35.577374   -22.25381603   6.23252127 -25.92512451  -7.89666512
  -3.77420335 -24.81452744 -20.62231217 -18.94567192  -1.31948688]
scheduled_ues:  [ 2  3  4  5  6  8 11 12 13]
(1, 15, 1, 4, 1, 1)
caused INR: -12.974231759015469
TpsRandomic + IndividualEstimated_INR + -15.0
None
ls_gain_coeffs:
[-113.37068613 -135.56247224 -126.30643461 -136.67863699 -129.89315325
 -133.02222248 -124.17470484 -119.06010472 -136.91482455 -111.77638867
 -114.76390339 -146.18168055 -123.47837924 -118.31994021 -130.12255035]
inrs_hat:  [ -2.38098609 -24.5727722  -15.31673456 -25.68893695 -18.90345321
 -22.03252244 -13.18500479  -8.07040467 -25.92512451  -0.78668863
  -3.77420335 -35.19198051 -12.4886792   -7.33024017 -19.1328503 ]
scheduled_ues:  [ 1  2  3  4  5  8 11 14]
(1, 15, 1, 4, 1, 1)
caused INR: -13.513037603883726
TpsRandomic + CumulativeIndividualEstimated_INR + -10.0
None
(1, 15, 1, 4, 1, 1)
caused INR: -17.089335493658396
TpsRandomic + CumulativeIndividualEstimated_INR + -12.5
None
(1, 15, 1, 4, 1, 1)
caused INR: -19.405858860354076
TpsRandomic + CumulativeIndividualEstimated_INR + -15.0
None
(1, 15, 1, 4, 1, 1)
caused INR: -29.454733275307284
Iteration number 49
TpsAltruisticFromLsfGain + IndividualEstimated_INR + -10.0
None
ls_gain_coeffs:
[-148.20836167 -144.52958929 -131.25495627 -142.74770125 -135.27142359
 -120.8719124  -146.37143607 -142.44463999 -144.09816621 -130.2591183
 -145.14266655 -129.7047525  -141.74028771 -151.74827103 -144.79000885]
inrs_hat:  [-37.21866162 -33.53988924 -20.26525622 -31.75800121 -24.28172355
  -9.88221236 -35.38173603 -31.45493995 -33.10846617 -19.26941826
 -34.15296651 -18.71505245 -30.75058766 -40.75857099 -33.80030881]
scheduled_ues:  [ 0  1  2  3  4  6  7  8  9 10 11 12 13 14]
(1, 15, 1, 4, 1, 1)
caused INR: -23.304291292815194
TpsAltruisticFromLsfGain + IndividualEstimated_INR + -12.5
None
ls_gain_coeffs:
[-148.20836167 -144.52958929 -131.25495627 -142.74770125 -135.27142359
 -120.8719124  -146.37143607 -142.44463999 -144.09816621 -130.2591183
 -145.14266655 -129.7047525  -141.74028771 -151.74827103 -144.79000885]
inrs_hat:  [-37.21866162 -33.53988924 -20.26525622 -31.75800121 -24.28172355
  -9.88221236 -35.38173603 -31.45493995 -33.10846617 -19.26941826
 -34.15296651 -18.71505245 -30.75058766 -40.75857099 -33.80030881]
scheduled_ues:  [ 0  1  2  3  4  6  7  8  9 10 11 12 13 14]
(1, 15, 1, 4, 1, 1)
caused INR: -23.304291292815194
TpsAltruisticFromLsfGain + IndividualEstimated_INR + -15.0
None
ls_gain_coeffs:
[-148.20836167 -144.52958929 -131.25495627 -142.74770125 -135.27142359
 -120.8719124  -146.37143607 -142.44463999 -144.09816621 -130.2591183
 -145.14266655 -129.7047525  -141.74028771 -151.74827103 -144.79000885]
inrs_hat:  [-37.21866162 -33.53988924 -20.26525622 -31.75800121 -24.28172355
  -9.88221236 -35.38173603 -31.45493995 -33.10846617 -19.26941826
 -34.15296651 -18.71505245 -30.75058766 -40.75857099 -33.80030881]
scheduled_ues:  [ 0  1  2  3  4  6  7  8  9 10 11 12 13 14]
(1, 15, 1, 4, 1, 1)
caused INR: -23.304291292815194
TpsAltruisticFromLsfGain + CumulativeIndividualEstimated_INR + -10.0
None
(1, 15, 1, 4, 1, 1)
caused INR: -23.304291292815194
TpsAltruisticFromLsfGain + CumulativeIndividualEstimated_INR + -12.5
None
(1, 15, 1, 4, 1, 1)
caused INR: -23.304291292815194
TpsAltruisticFromLsfGain + CumulativeIndividualEstimated_INR + -15.0
None
(1, 15, 1, 4, 1, 1)
caused INR: -33.23501922549977
TpsRandomic + IndividualEstimated_INR + -10.0
None
ls_gain_coeffs:
[-136.23148781 -133.49437103 -118.54742414 -126.2182     -124.79904301
 -120.8719124  -135.78151367 -139.45960438 -130.40865519 -124.57122952
 -130.13147599 -123.26474145 -141.74028771 -146.15313442 -135.52507402]
inrs_hat:  [-25.24178776 -22.50467099  -7.5577241  -15.22849996 -13.80934297
  -9.88221236 -24.79181363 -28.46990434 -19.41895515 -13.58152947
 -19.14177594 -12.2750414  -30.75058766 -35.16343438 -24.53537398]
scheduled_ues:  [ 0  1  3  4  6  7  8  9 10 11 12 13 14]
(1, 15, 1, 4, 1, 1)
caused INR: -8.260797169669923
TpsRandomic + IndividualEstimated_INR + -12.5
None
ls_gain_coeffs:
[-148.20836167 -127.74929132 -118.54742414 -126.2182     -123.53971872
 -107.9147933  -129.60922091 -142.44463999 -140.35443314 -114.04887949
 -131.41627127 -113.02096527 -141.74028771 -137.66613814 -135.52507402]
inrs_hat:  [-37.21866162 -16.75959128  -7.5577241  -15.22849996 -12.55001868
   3.07490674 -18.61952087 -31.45493995 -29.3647331   -3.05917945
 -20.42657123  -2.03126522 -30.75058766 -26.6764381  -24.53537398]
scheduled_ues:  [ 0  1  3  4  6  7  8 10 12 13 14]
(1, 15, 1, 4, 1, 1)
caused INR: -10.168753404803708
TpsRandomic + IndividualEstimated_INR + -15.0
None
ls_gain_coeffs:
[-131.37397538 -134.44581161 -118.54742414 -142.74770125 -117.94858087
 -103.70071762 -135.78151367 -128.01301625 -130.40865519 -130.2591183
 -145.14266655 -115.21878909 -135.19740557 -137.66613814 -132.7765665 ]
inrs_hat:  [-20.38427534 -23.45611156  -7.5577241  -31.75800121  -6.95888082
   7.28898242 -24.79181363 -17.02331621 -19.41895515 -19.26941826
 -34.15296651  -4.22908905 -24.20770552 -26.6764381  -21.78686646]
scheduled_ues:  [ 0  1  3  6  7  8  9 10 12 13 14]
(1, 15, 1, 4, 1, 1)
caused INR: -8.921528297140426
TpsRandomic + CumulativeIndividualEstimated_INR + -10.0
None
(1, 15, 1, 4, 1, 1)
caused INR: -12.102081463926904
TpsRandomic + CumulativeIndividualEstimated_INR + -12.5
None
(1, 15, 1, 4, 1, 1)
caused INR: -16.147969370067855
TpsRandomic + CumulativeIndividualEstimated_INR + -15.0
None
(1, 15, 1, 4, 1, 1)
caused INR: -16.47037478659936
Iteration number 50
TpsAltruisticFromLsfGain + IndividualEstimated_INR + -10.0
None
ls_gain_coeffs:
[-135.95435282 -147.73634137 -127.50642783 -145.31438241 -143.48643963
 -137.81613187 -142.83239916 -133.72138181 -144.13466355 -144.0635969
 -140.19255965 -149.14834603 -142.13575612 -120.77369055 -129.24776956]
inrs_hat:  [-24.96465277 -36.74664132 -16.51672778 -34.32468236 -32.49673959
 -26.82643183 -31.84269912 -22.73168177 -33.14496351 -33.07389686
 -29.2028596  -38.15864598 -31.14605608  -9.78399051 -18.25806952]
scheduled_ues:  [ 0  1  2  3  4  5  6  7  8  9 10 11 12 14]
(1, 15, 1, 4, 1, 1)
caused INR: -13.304153213151704
TpsAltruisticFromLsfGain + IndividualEstimated_INR + -12.5
None
ls_gain_coeffs:
[-135.95435282 -147.73634137 -127.50642783 -145.31438241 -143.48643963
 -137.81613187 -142.83239916 -133.72138181 -144.13466355 -144.0635969
 -140.19255965 -149.14834603 -142.13575612 -120.77369055 -129.24776956]
inrs_hat:  [-24.96465277 -36.74664132 -16.51672778 -34.32468236 -32.49673959
 -26.82643183 -31.84269912 -22.73168177 -33.14496351 -33.07389686
 -29.2028596  -38.15864598 -31.14605608  -9.78399051 -18.25806952]
scheduled_ues:  [ 0  1  2  3  4  5  6  7  8  9 10 11 12 14]
(1, 15, 1, 4, 1, 1)
caused INR: -13.304153213151704
TpsAltruisticFromLsfGain + IndividualEstimated_INR + -15.0
None
ls_gain_coeffs:
[-135.95435282 -147.73634137 -127.50642783 -145.31438241 -143.48643963
 -137.81613187 -142.83239916 -133.72138181 -144.13466355 -144.0635969
 -140.19255965 -149.14834603 -142.13575612 -120.77369055 -129.24776956]
inrs_hat:  [-24.96465277 -36.74664132 -16.51672778 -34.32468236 -32.49673959
 -26.82643183 -31.84269912 -22.73168177 -33.14496351 -33.07389686
 -29.2028596  -38.15864598 -31.14605608  -9.78399051 -18.25806952]
scheduled_ues:  [ 0  1  2  3  4  5  6  7  8  9 10 11 12 14]
(1, 15, 1, 4, 1, 1)
caused INR: -13.304153213151704
TpsAltruisticFromLsfGain + CumulativeIndividualEstimated_INR + -10.0
None
(1, 15, 1, 4, 1, 1)
caused INR: -13.304153213151704
TpsAltruisticFromLsfGain + CumulativeIndividualEstimated_INR + -12.5
None
(1, 15, 1, 4, 1, 1)
caused INR: -13.304153213151704
TpsAltruisticFromLsfGain + CumulativeIndividualEstimated_INR + -15.0
None
(1, 15, 1, 4, 1, 1)
caused INR: -16.579234566030642
TpsRandomic + IndividualEstimated_INR + -10.0
None
ls_gain_coeffs:
[-135.95435282 -147.73634137 -117.38743443 -131.0910283  -143.48643963
 -137.81613187 -126.11440818 -123.26300023 -131.06380541 -144.0635969
 -140.19255965 -149.14834603 -129.68606009 -120.77369055 -112.13347877]
inrs_hat:  [-24.96465277 -36.74664132  -6.39773439 -20.10132826 -32.49673959
 -26.82643183 -15.12470813 -12.27330019 -20.07410536 -33.07389686
 -29.2028596  -38.15864598 -18.69636004  -9.78399051  -1.14377872]
scheduled_ues:  [ 0  1  3  4  5  6  7  8  9 10 11 12]
(1, 15, 1, 4, 1, 1)
caused INR: -10.163863920619
TpsRandomic + IndividualEstimated_INR + -12.5
None
ls_gain_coeffs:
[-119.71698881 -147.73634137 -127.50642783 -145.31438241 -131.99834376
 -123.52806477 -126.11440818 -122.86108817 -144.13466355 -144.0635969
 -129.82806698 -149.14834603 -133.44259529 -106.43811815 -112.13347877]
inrs_hat:  [ -8.72728877 -36.74664132 -16.51672778 -34.32468236 -21.00864372
 -12.53836473 -15.12470813 -11.87138813 -33.14496351 -33.07389686
 -18.83836693 -38.15864598 -22.45289524   4.55158189  -1.14377872]
scheduled_ues:  [ 1  2  3  4  5  6  8  9 10 11 12]
(1, 15, 1, 4, 1, 1)
caused INR: -7.349563341569908
TpsRandomic + IndividualEstimated_INR + -15.0
None
ls_gain_coeffs:
[-129.7789803  -130.97352423 -116.12604103 -139.80111584 -131.99834376
 -120.63053956 -134.78823572 -122.86108817 -136.39675885 -131.44178684
 -140.19255965 -132.51205282 -125.34352769 -120.77369055 -118.03864515]
inrs_hat:  [-18.78928025 -19.98382419  -5.13634099 -28.8114158  -21.00864372
  -9.64083951 -23.79853568 -11.87138813 -25.40705881 -20.4520868
 -29.2028596  -21.52235277 -14.35382764  -9.78399051  -7.04894511]
scheduled_ues:  [ 0  1  3  4  6  8  9 10 11]
(1, 15, 1, 4, 1, 1)
caused INR: -13.64493969598297
TpsRandomic + CumulativeIndividualEstimated_INR + -10.0
None
(1, 15, 1, 4, 1, 1)
caused INR: -14.98269126082095
TpsRandomic + CumulativeIndividualEstimated_INR + -12.5
None
(1, 15, 1, 4, 1, 1)
caused INR: -13.524478903972938
TpsRandomic + CumulativeIndividualEstimated_INR + -15.0
None
(1, 15, 1, 4, 1, 1)
caused INR: -12.435678008342304
Iteration number 51
TpsAltruisticFromLsfGain + IndividualEstimated_INR + -10.0
None
ls_gain_coeffs:
[-140.65475372 -128.94275202 -139.01608634 -138.7704501  -150.5247156
 -137.49066261 -142.30027714 -143.63410286 -124.86134736 -140.4286345
 -145.48403195 -134.07817296 -145.4500318  -143.30802247 -136.71167731]
inrs_hat:  [-29.66505368 -17.95305197 -28.02638629 -27.78075005 -39.53501556
 -26.50096257 -31.31057709 -32.64440281 -13.87164732 -29.43893446
 -34.4943319  -23.08847292 -34.46033176 -32.31832242 -25.72197727]
scheduled_ues:  [ 0  1  2  3  4  5  6  7  8  9 10 11 12 13 14]
(1, 15, 1, 4, 1, 1)
caused INR: -11.325077952179026
TpsAltruisticFromLsfGain + IndividualEstimated_INR + -12.5
None
ls_gain_coeffs:
[-140.65475372 -128.94275202 -139.01608634 -138.7704501  -150.5247156
 -137.49066261 -142.30027714 -143.63410286 -124.86134736 -140.4286345
 -145.48403195 -134.07817296 -145.4500318  -143.30802247 -136.71167731]
inrs_hat:  [-29.66505368 -17.95305197 -28.02638629 -27.78075005 -39.53501556
 -26.50096257 -31.31057709 -32.64440281 -13.87164732 -29.43893446
 -34.4943319  -23.08847292 -34.46033176 -32.31832242 -25.72197727]
scheduled_ues:  [ 0  1  2  3  4  5  6  7  8  9 10 11 12 13 14]
(1, 15, 1, 4, 1, 1)
caused INR: -11.325077952179026
TpsAltruisticFromLsfGain + IndividualEstimated_INR + -15.0
None
ls_gain_coeffs:
[-140.65475372 -128.94275202 -139.01608634 -138.7704501  -150.5247156
 -137.49066261 -142.30027714 -143.63410286 -124.86134736 -140.4286345
 -145.48403195 -134.07817296 -145.4500318  -143.30802247 -136.71167731]
inrs_hat:  [-29.66505368 -17.95305197 -28.02638629 -27.78075005 -39.53501556
 -26.50096257 -31.31057709 -32.64440281 -13.87164732 -29.43893446
 -34.4943319  -23.08847292 -34.46033176 -32.31832242 -25.72197727]
scheduled_ues:  [ 0  1  2  3  4  5  6  7  9 10 11 12 13 14]
(1, 15, 1, 4, 1, 1)
caused INR: -22.427973651756247
TpsAltruisticFromLsfGain + CumulativeIndividualEstimated_INR + -10.0
None
(1, 15, 1, 4, 1, 1)
caused INR: -11.325077952179026
TpsAltruisticFromLsfGain + CumulativeIndividualEstimated_INR + -12.5
None
(1, 15, 1, 4, 1, 1)
caused INR: -22.427973651756247
TpsAltruisticFromLsfGain + CumulativeIndividualEstimated_INR + -15.0
None
(1, 15, 1, 4, 1, 1)
caused INR: -28.588901513827253
TpsRandomic + IndividualEstimated_INR + -10.0
None
ls_gain_coeffs:
[-132.51503548 -122.56008126 -125.06780213 -138.7704501  -137.84748094
 -137.49066261 -128.14923879 -140.14673083 -124.86134736 -123.84694965
 -134.48642872 -117.40085348 -135.61774217 -143.30802247 -136.71167731]
inrs_hat:  [-21.52533544 -11.57038122 -14.07810208 -27.78075005 -26.85778089
 -26.50096257 -17.15953875 -29.15703079 -13.87164732 -12.85724961
 -23.49672868  -6.41115344 -24.62804213 -32.31832242 -25.72197727]
scheduled_ues:  [ 0  1  2  3  4  5  6  7  8  9 10 12 13 14]
(1, 15, 1, 4, 1, 1)
caused INR: -11.585760362336375
TpsRandomic + IndividualEstimated_INR + -12.5
None
ls_gain_coeffs:
[-132.51503548 -128.94275202 -139.01608634 -128.68054552 -137.84748094
 -128.63552547 -128.14923879 -140.14673083 -118.34765156 -123.84694965
 -145.48403195 -134.07817296 -134.03423278 -129.94676307 -123.12672863]
inrs_hat:  [-21.52533544 -17.95305197 -28.02638629 -17.69084548 -26.85778089
 -17.64582543 -17.15953875 -29.15703079  -7.35795152 -12.85724961
 -34.4943319  -23.08847292 -23.04453274 -18.95706302 -12.13702859]
scheduled_ues:  [ 0  1  2  3  4  5  6  7  9 10 11 12 13]
(1, 15, 1, 4, 1, 1)
caused INR: -11.472147047836254
TpsRandomic + IndividualEstimated_INR + -15.0
None
ls_gain_coeffs:
[-140.65475372 -114.3735951  -134.49603371 -138.7704501  -142.61548793
 -137.49066261 -137.17196209 -128.86758817 -124.86134736 -140.4286345
 -145.48403195 -121.92843978 -134.03423278 -140.54904427 -133.28163127]
inrs_hat:  [-29.66505368  -3.38389505 -23.50633366 -27.78075005 -31.62578789
 -26.50096257 -26.18226205 -17.87788813 -13.87164732 -29.43893446
 -34.4943319  -10.93873974 -23.04453274 -29.55934423 -22.29193123]
scheduled_ues:  [ 0  2  3  4  5  6  7  9 10 12 13 14]
(1, 15, 1, 4, 1, 1)
caused INR: -15.016269018466954
TpsRandomic + CumulativeIndividualEstimated_INR + -10.0
None
(1, 15, 1, 4, 1, 1)
caused INR: -7.419034094023784
TpsRandomic + CumulativeIndividualEstimated_INR + -12.5
None
(1, 15, 1, 4, 1, 1)
caused INR: -13.024458203223961
TpsRandomic + CumulativeIndividualEstimated_INR + -15.0
None
(1, 15, 1, 4, 1, 1)
caused INR: -16.562616510472875
Iteration number 52
TpsAltruisticFromLsfGain + IndividualEstimated_INR + -10.0
None
ls_gain_coeffs:
[-135.81307263 -133.35622496 -122.05405011 -148.78011658 -136.47266714
 -142.72743412 -132.07321888 -141.62259339 -130.94987273 -138.44775338
 -149.87703966 -142.83764309 -142.34940474 -119.94514867 -151.67688555]
inrs_hat:  [-24.82337259 -22.36652492 -11.06435006 -37.79041654 -25.4829671
 -31.73773407 -21.08351883 -30.63289335 -19.96017269 -27.45805334
 -38.88733962 -31.84794304 -31.35970469  -8.95544862 -40.68718551]
scheduled_ues:  [ 0  1  2  3  4  5  6  7  8  9 10 11 12 14]
(1, 15, 1, 4, 1, 1)
caused INR: -8.573377325862982
TpsAltruisticFromLsfGain + IndividualEstimated_INR + -12.5
None
ls_gain_coeffs:
[-135.81307263 -133.35622496 -122.05405011 -148.78011658 -136.47266714
 -142.72743412 -132.07321888 -141.62259339 -130.94987273 -138.44775338
 -149.87703966 -142.83764309 -142.34940474 -119.94514867 -151.67688555]
inrs_hat:  [-24.82337259 -22.36652492 -11.06435006 -37.79041654 -25.4829671
 -31.73773407 -21.08351883 -30.63289335 -19.96017269 -27.45805334
 -38.88733962 -31.84794304 -31.35970469  -8.95544862 -40.68718551]
scheduled_ues:  [ 0  1  3  4  5  6  7  8  9 10 11 12 14]
(1, 15, 1, 4, 1, 1)
caused INR: -15.86617477456306
TpsAltruisticFromLsfGain + IndividualEstimated_INR + -15.0
None
ls_gain_coeffs:
[-135.81307263 -133.35622496 -122.05405011 -148.78011658 -136.47266714
 -142.72743412 -132.07321888 -141.62259339 -130.94987273 -138.44775338
 -149.87703966 -142.83764309 -142.34940474 -119.94514867 -151.67688555]
inrs_hat:  [-24.82337259 -22.36652492 -11.06435006 -37.79041654 -25.4829671
 -31.73773407 -21.08351883 -30.63289335 -19.96017269 -27.45805334
 -38.88733962 -31.84794304 -31.35970469  -8.95544862 -40.68718551]
scheduled_ues:  [ 0  1  3  4  5  6  7  8  9 10 11 12 14]
(1, 15, 1, 4, 1, 1)
caused INR: -15.86617477456306
TpsAltruisticFromLsfGain + CumulativeIndividualEstimated_INR + -10.0
None
(1, 15, 1, 4, 1, 1)
caused INR: -15.86617477456306
TpsAltruisticFromLsfGain + CumulativeIndividualEstimated_INR + -12.5
None
(1, 15, 1, 4, 1, 1)
caused INR: -15.86617477456306
TpsAltruisticFromLsfGain + CumulativeIndividualEstimated_INR + -15.0
None
(1, 15, 1, 4, 1, 1)
caused INR: -13.881743205008743
TpsRandomic + IndividualEstimated_INR + -10.0
None
ls_gain_coeffs:
[-124.72769916 -133.35622496 -108.64693316 -132.07198928 -122.56045495
 -129.66183211 -132.07321888 -141.62259339 -130.94987273 -124.68137767
 -136.00545634 -128.89581928 -142.34940474 -105.80173808 -146.05866666]
inrs_hat:  [-13.73799912 -22.36652492   2.34276689 -21.08228923 -11.57075491
 -18.67213207 -21.08351883 -30.63289335 -19.96017269 -13.69167762
 -25.0157563  -17.90611924 -31.35970469   5.18796197 -35.06896661]
scheduled_ues:  [ 0  1  3  4  5  6  7  8  9 10 11 12 14]
(1, 15, 1, 4, 1, 1)
caused INR: -19.046100689078518
TpsRandomic + IndividualEstimated_INR + -12.5
None
ls_gain_coeffs:
[-124.72769916 -125.94253975 -107.68141621 -137.06336209 -136.47266714
 -142.72743412 -127.01970528 -141.62259339 -130.77501761 -124.68137767
 -133.87867117 -128.89581928 -125.53114931 -100.25493758 -151.67688555]
inrs_hat:  [-13.73799912 -14.9528397    3.30828384 -26.07366204 -25.4829671
 -31.73773407 -16.03000524 -30.63289335 -19.78531756 -13.69167762
 -22.88897112 -17.90611924 -14.54144927  10.73476246 -40.68718551]
scheduled_ues:  [ 0  1  3  4  5  6  7  8  9 10 11 12 14]
(1, 15, 1, 4, 1, 1)
caused INR: -7.336802774001009
TpsRandomic + IndividualEstimated_INR + -15.0
None
ls_gain_coeffs:
[-135.81307263 -116.73523547 -119.15749926 -139.52221646 -129.68206691
 -140.85542811 -132.07321888 -125.27283633 -118.39170265 -122.15505831
 -136.00545634 -138.33697167 -125.53114931 -107.14973708 -137.59395666]
inrs_hat:  [-24.82337259  -5.74553542  -8.16779921 -28.53251642 -18.69236687
 -29.86572806 -21.08351883 -14.28313629  -7.40200261 -11.16535827
 -25.0157563  -27.34727162 -14.54144927   3.83996296 -26.60425661]
scheduled_ues:  [ 0  3  4  5  6 10 11 14]
(1, 15, 1, 4, 1, 1)
caused INR: -15.218073341945784
TpsRandomic + CumulativeIndividualEstimated_INR + -10.0
None
(1, 15, 1, 4, 1, 1)
caused INR: -17.94142373825529
TpsRandomic + CumulativeIndividualEstimated_INR + -12.5
None
(1, 15, 1, 4, 1, 1)
caused INR: -11.24245611700552
TpsRandomic + CumulativeIndividualEstimated_INR + -15.0
None
(1, 15, 1, 4, 1, 1)
caused INR: -17.311858578104477
Iteration number 53
TpsAltruisticFromLsfGain + IndividualEstimated_INR + -10.0
None
ls_gain_coeffs:
[-134.93218641 -145.03186013 -121.36822871 -129.83703074 -143.4091533
 -130.12067715 -141.83934811 -143.94727276 -130.34972832 -128.78450089
 -137.70266978 -138.6464201  -135.0510504  -127.40767356 -130.43243036]
inrs_hat:  [-23.94248636 -34.04216009 -10.37852867 -18.84733069 -32.41945326
 -19.13097711 -30.84964807 -32.95757272 -19.36002828 -17.79480085
 -26.71296974 -27.65672006 -24.06135035 -16.41797351 -19.44273032]
scheduled_ues:  [ 0  1  2  3  4  5  6  7  8  9 10 11 12 13 14]
(1, 15, 1, 4, 1, 1)
caused INR: -6.921305261582304
TpsAltruisticFromLsfGain + IndividualEstimated_INR + -12.5
None
ls_gain_coeffs:
[-134.93218641 -145.03186013 -121.36822871 -129.83703074 -143.4091533
 -130.12067715 -141.83934811 -143.94727276 -130.34972832 -128.78450089
 -137.70266978 -138.6464201  -135.0510504  -127.40767356 -130.43243036]
inrs_hat:  [-23.94248636 -34.04216009 -10.37852867 -18.84733069 -32.41945326
 -19.13097711 -30.84964807 -32.95757272 -19.36002828 -17.79480085
 -26.71296974 -27.65672006 -24.06135035 -16.41797351 -19.44273032]
scheduled_ues:  [ 0  1  3  4  5  6  7  8  9 10 11 12 13 14]
(1, 15, 1, 4, 1, 1)
caused INR: -6.072372130792232
TpsAltruisticFromLsfGain + IndividualEstimated_INR + -15.0
None
ls_gain_coeffs:
[-134.93218641 -145.03186013 -121.36822871 -129.83703074 -143.4091533
 -130.12067715 -141.83934811 -143.94727276 -130.34972832 -128.78450089
 -137.70266978 -138.6464201  -135.0510504  -127.40767356 -130.43243036]
inrs_hat:  [-23.94248636 -34.04216009 -10.37852867 -18.84733069 -32.41945326
 -19.13097711 -30.84964807 -32.95757272 -19.36002828 -17.79480085
 -26.71296974 -27.65672006 -24.06135035 -16.41797351 -19.44273032]
scheduled_ues:  [ 0  1  3  4  5  6  7  8  9 10 11 12 13 14]
(1, 15, 1, 4, 1, 1)
caused INR: -6.072372130792232
TpsAltruisticFromLsfGain + CumulativeIndividualEstimated_INR + -10.0
None
(1, 15, 1, 4, 1, 1)
caused INR: -5.1523495440078895
TpsAltruisticFromLsfGain + CumulativeIndividualEstimated_INR + -12.5
None
(1, 15, 1, 4, 1, 1)
caused INR: -8.976097568571504
TpsAltruisticFromLsfGain + CumulativeIndividualEstimated_INR + -15.0
None
(1, 15, 1, 4, 1, 1)
caused INR: -16.41261348105926
TpsRandomic + IndividualEstimated_INR + -10.0
None
ls_gain_coeffs:
[-126.33611701 -145.03186013 -119.6535616  -127.38094602 -130.79921278
 -129.57669611 -128.42692732 -130.83622688 -130.34972832 -128.78450089
 -137.70266978 -124.75048176 -121.61366206 -123.70543566 -117.37815177]
inrs_hat:  [-15.34641696 -34.04216009  -8.66386155 -16.39124598 -19.80951273
 -18.58699607 -17.43722728 -19.84652683 -19.36002828 -17.79480085
 -26.71296974 -13.76078171 -10.62396201 -12.71573562  -6.38845173]
scheduled_ues:  [ 0  1  3  4  5  6  7  8  9 10 11 12 13]
(1, 15, 1, 4, 1, 1)
caused INR: -4.156503814520324
TpsRandomic + IndividualEstimated_INR + -12.5
None
ls_gain_coeffs:
[-118.28041242 -132.95429367 -107.7835173  -127.38094602 -134.84307668
 -117.49775014 -125.52167912 -130.16678099 -130.34972832 -111.92181716
 -129.98028131 -124.75048176 -127.47183348 -123.70543566 -113.72867183]
inrs_hat:  [ -7.29071237 -21.96459362   3.20618274 -16.39124598 -23.85337663
  -6.5080501  -14.53197908 -19.17708095 -19.36002828  -0.93211711
 -18.99058126 -13.76078171 -16.48213343 -12.71573562  -2.73897179]
scheduled_ues:  [ 1  3  4  6  7  8 10 11 12 13]
(1, 15, 1, 4, 1, 1)
caused INR: -5.198198549700731
TpsRandomic + IndividualEstimated_INR + -15.0
None
ls_gain_coeffs:
[-126.33611701 -128.25973064 -107.7835173  -127.38094602 -134.84307668
 -117.31642313 -125.52167912 -143.94727276 -116.9260513  -111.92181716
 -129.98028131 -124.75048176 -121.61366206 -113.73199426 -113.72867183]
inrs_hat:  [-15.34641696 -17.2700306    3.20618274 -16.39124598 -23.85337663
  -6.32672308 -14.53197908 -32.95757272  -5.93635125  -0.93211711
 -18.99058126 -13.76078171 -10.62396201  -2.74229422  -2.73897179]
scheduled_ues:  [ 0  1  3  4  7 10]
(1, 15, 1, 4, 1, 1)
caused INR: -7.523473411338085
TpsRandomic + CumulativeIndividualEstimated_INR + -10.0
None
(1, 15, 1, 4, 1, 1)
caused INR: -17.066759878532515
TpsRandomic + CumulativeIndividualEstimated_INR + -12.5
None
(1, 15, 1, 4, 1, 1)
caused INR: -25.08340216683663
TpsRandomic + CumulativeIndividualEstimated_INR + -15.0
None
(1, 15, 1, 4, 1, 1)
caused INR: -18.736478591296382
Iteration number 54
TpsAltruisticFromLsfGain + IndividualEstimated_INR + -10.0
None
ls_gain_coeffs:
[-131.21736316 -129.58378148 -143.10004969 -145.1953634  -133.23304679
 -138.82450536 -133.76065031 -121.33006104 -149.36642393 -136.0094871
 -147.05036885 -147.83997956 -129.19409175 -114.97635892 -132.80234945]
inrs_hat:  [-20.22766311 -18.59408144 -32.11034965 -34.20566336 -22.24334675
 -27.83480531 -22.77095027 -10.340361   -38.37672388 -25.01978706
 -36.0606688  -36.85027952 -18.2043917   -3.98665888 -21.81264941]
scheduled_ues:  [ 0  1  2  3  4  5  6  7  8  9 10 11 12 14]
(1, 15, 1, 4, 1, 1)
caused INR: -24.953699110166422
TpsAltruisticFromLsfGain + IndividualEstimated_INR + -12.5
None
ls_gain_coeffs:
[-131.21736316 -129.58378148 -143.10004969 -145.1953634  -133.23304679
 -138.82450536 -133.76065031 -121.33006104 -149.36642393 -136.0094871
 -147.05036885 -147.83997956 -129.19409175 -114.97635892 -132.80234945]
inrs_hat:  [-20.22766311 -18.59408144 -32.11034965 -34.20566336 -22.24334675
 -27.83480531 -22.77095027 -10.340361   -38.37672388 -25.01978706
 -36.0606688  -36.85027952 -18.2043917   -3.98665888 -21.81264941]
scheduled_ues:  [ 0  1  2  3  4  5  6  8  9 10 11 12 14]
(1, 15, 1, 4, 1, 1)
caused INR: -32.641839582172516
TpsAltruisticFromLsfGain + IndividualEstimated_INR + -15.0
None
ls_gain_coeffs:
[-131.21736316 -129.58378148 -143.10004969 -145.1953634  -133.23304679
 -138.82450536 -133.76065031 -121.33006104 -149.36642393 -136.0094871
 -147.05036885 -147.83997956 -129.19409175 -114.97635892 -132.80234945]
inrs_hat:  [-20.22766311 -18.59408144 -32.11034965 -34.20566336 -22.24334675
 -27.83480531 -22.77095027 -10.340361   -38.37672388 -25.01978706
 -36.0606688  -36.85027952 -18.2043917   -3.98665888 -21.81264941]
scheduled_ues:  [ 0  1  2  3  4  5  6  8  9 10 11 12 14]
(1, 15, 1, 4, 1, 1)
caused INR: -32.641839582172516
TpsAltruisticFromLsfGain + CumulativeIndividualEstimated_INR + -10.0
None
(1, 15, 1, 4, 1, 1)
caused INR: -32.641839582172516
TpsAltruisticFromLsfGain + CumulativeIndividualEstimated_INR + -12.5
None
(1, 15, 1, 4, 1, 1)
caused INR: -20.815358156137034
TpsAltruisticFromLsfGain + CumulativeIndividualEstimated_INR + -15.0
None
(1, 15, 1, 4, 1, 1)
caused INR: -14.579273079953545
TpsRandomic + IndividualEstimated_INR + -10.0
None
ls_gain_coeffs:
[-130.91778565 -115.2495109  -129.87153463 -129.96822368 -115.30387285
 -122.29614818 -120.90760175 -109.17097494 -136.41795523 -128.72889438
 -143.92203875 -147.83997956 -129.19409175  -96.55579894 -118.83862656]
inrs_hat:  [-19.92808561  -4.25981086 -18.88183459 -18.97852363  -4.31417281
 -11.30644814  -9.91790171   1.81872511 -25.42825519 -17.73919434
 -32.93233871 -36.85027952 -18.2043917   14.4339011   -7.84892652]
scheduled_ues:  [ 0  2  3  5  8  9 10 11 12]
(1, 15, 1, 4, 1, 1)
caused INR: -8.14244039732974
TpsRandomic + IndividualEstimated_INR + -12.5
None
ls_gain_coeffs:
[-118.57604482 -115.2495109  -130.26499216 -145.1953634  -115.30387285
 -125.0875242  -133.76065031 -121.33006104 -141.73189364 -119.5783727
 -143.92203875 -147.83997956 -111.40213143 -114.97635892 -132.80234945]
inrs_hat:  [ -7.58634478  -4.25981086 -19.27529212 -34.20566336  -4.31417281
 -14.09782415 -22.77095027 -10.340361   -30.74219359  -8.58867266
 -32.93233871 -36.85027952  -0.41243138  -3.98665888 -21.81264941]
scheduled_ues:  [ 2  3  5  6  8 10 11 14]
(1, 15, 1, 4, 1, 1)
caused INR: -11.15984071080623
TpsRandomic + IndividualEstimated_INR + -15.0
None
ls_gain_coeffs:
[-118.67590399 -115.2495109  -130.26499216 -145.1953634  -133.23304679
 -122.29614818 -120.90760175 -104.03530251 -149.36642393 -128.72889438
 -147.05036885 -140.31897549 -118.37025894 -103.53272689 -117.31650367]
inrs_hat:  [ -7.68620395  -4.25981086 -19.27529212 -34.20566336 -22.24334675
 -11.30644814  -9.91790171   6.95439753 -38.37672388 -17.73919434
 -36.0606688  -29.32927544  -7.3805589    7.45697316  -6.32680363]
scheduled_ues:  [ 2  3  4  8  9 10 11]
(1, 15, 1, 4, 1, 1)
caused INR: -13.134297474043306
TpsRandomic + CumulativeIndividualEstimated_INR + -10.0
None
(1, 15, 1, 4, 1, 1)
caused INR: -23.934931488304052
TpsRandomic + CumulativeIndividualEstimated_INR + -12.5
None
(1, 15, 1, 4, 1, 1)
caused INR: -15.127810773128571
TpsRandomic + CumulativeIndividualEstimated_INR + -15.0
None
(1, 15, 1, 4, 1, 1)
caused INR: -11.484933601495499
Iteration number 55
TpsAltruisticFromLsfGain + IndividualEstimated_INR + -10.0
None
ls_gain_coeffs:
[-135.61239509 -147.7071314  -131.57290349 -146.37535491 -141.26001419
 -144.72431503 -135.00302271 -146.4636554  -147.2227896  -144.54605082
 -135.25801887 -137.1575155  -134.38781634 -139.94233227 -110.86927324]
inrs_hat:  [-24.62269505 -36.71743136 -20.58320344 -35.38565486 -30.27031415
 -33.73461498 -24.01332267 -35.47395535 -36.23308956 -33.55635078
 -24.26831883 -26.16781546 -23.39811629 -28.95263222   0.12042681]
scheduled_ues:  [ 0  1  2  3  4  5  6  7  8  9 10 11 12 13]
(1, 15, 1, 4, 1, 1)
caused INR: -26.06521039052388
TpsAltruisticFromLsfGain + IndividualEstimated_INR + -12.5
None
ls_gain_coeffs:
[-135.61239509 -147.7071314  -131.57290349 -146.37535491 -141.26001419
 -144.72431503 -135.00302271 -146.4636554  -147.2227896  -144.54605082
 -135.25801887 -137.1575155  -134.38781634 -139.94233227 -110.86927324]
inrs_hat:  [-24.62269505 -36.71743136 -20.58320344 -35.38565486 -30.27031415
 -33.73461498 -24.01332267 -35.47395535 -36.23308956 -33.55635078
 -24.26831883 -26.16781546 -23.39811629 -28.95263222   0.12042681]
scheduled_ues:  [ 0  1  2  3  4  5  6  7  8  9 10 11 12 13]
(1, 15, 1, 4, 1, 1)
caused INR: -26.06521039052388
TpsAltruisticFromLsfGain + IndividualEstimated_INR + -15.0
None
ls_gain_coeffs:
[-135.61239509 -147.7071314  -131.57290349 -146.37535491 -141.26001419
 -144.72431503 -135.00302271 -146.4636554  -147.2227896  -144.54605082
 -135.25801887 -137.1575155  -134.38781634 -139.94233227 -110.86927324]
inrs_hat:  [-24.62269505 -36.71743136 -20.58320344 -35.38565486 -30.27031415
 -33.73461498 -24.01332267 -35.47395535 -36.23308956 -33.55635078
 -24.26831883 -26.16781546 -23.39811629 -28.95263222   0.12042681]
scheduled_ues:  [ 0  1  2  3  4  5  6  7  8  9 10 11 12 13]
(1, 15, 1, 4, 1, 1)
caused INR: -26.06521039052388
TpsAltruisticFromLsfGain + CumulativeIndividualEstimated_INR + -10.0
None
(1, 15, 1, 4, 1, 1)
caused INR: -26.06521039052388
TpsAltruisticFromLsfGain + CumulativeIndividualEstimated_INR + -12.5
None
(1, 15, 1, 4, 1, 1)
caused INR: -26.06521039052388
TpsAltruisticFromLsfGain + CumulativeIndividualEstimated_INR + -15.0
None
(1, 15, 1, 4, 1, 1)
caused INR: -26.06521039052388
TpsRandomic + IndividualEstimated_INR + -10.0
None
ls_gain_coeffs:
[-121.74142852 -131.07127583 -116.0567892  -140.24811355 -141.26001419
 -134.16645484 -120.66110458 -146.4636554  -147.2227896  -127.88680441
 -118.25511342 -128.36819524 -121.99668756 -127.14563261 -110.86927324]
inrs_hat:  [-10.75172848 -20.08157579  -5.06708916 -29.25841351 -30.27031415
 -23.1767548   -9.67140454 -35.47395535 -36.23308956 -16.89710437
  -7.26541338 -17.37849519 -11.00698751 -16.15593256   0.12042681]
scheduled_ues:  [ 0  1  3  4  5  7  8  9 11 12 13]
(1, 15, 1, 4, 1, 1)
caused INR: -5.617762717784397
TpsRandomic + IndividualEstimated_INR + -12.5
None
ls_gain_coeffs:
[-121.74142852 -131.07127583 -126.96113205 -140.24811355 -141.26001419
 -127.79730961 -118.76078645 -141.16533557 -135.37902526 -127.88680441
 -118.25511342 -120.49751777 -134.38781634 -123.53483869 -109.34497845]
inrs_hat:  [-10.75172848 -20.08157579 -15.97143201 -29.25841351 -30.27031415
 -16.80760957  -7.7710864  -30.17563553 -24.38932522 -16.89710437
  -7.26541338  -9.50781773 -23.39811629 -12.54513865   1.6447216 ]
scheduled_ues:  [ 1  2  3  4  5  7  8  9 12 13]
(1, 15, 1, 4, 1, 1)
caused INR: -6.170837865950003
TpsRandomic + IndividualEstimated_INR + -15.0
None
ls_gain_coeffs:
[-122.45611181 -147.7071314  -126.96113205 -140.24811355 -129.87998748
 -133.86976438 -120.66110458 -130.48984218 -130.40901285 -131.87266188
 -126.82314412 -128.36819524 -134.38781634 -127.14563261  -97.91957497]
inrs_hat:  [-11.46641176 -36.71743136 -15.97143201 -29.25841351 -18.89028744
 -22.88006434  -9.67140454 -19.50014214 -19.41931281 -20.88296184
 -15.83344408 -17.37849519 -23.39811629 -16.15593256  13.07012507]
scheduled_ues:  [ 1  2  3  4  5  7  8  9 10 11 12 13]
(1, 15, 1, 4, 1, 1)
caused INR: -4.318039695013339
TpsRandomic + CumulativeIndividualEstimated_INR + -10.0
None
(1, 15, 1, 4, 1, 1)
caused INR: -20.540070256468415
TpsRandomic + CumulativeIndividualEstimated_INR + -12.5
None
(1, 15, 1, 4, 1, 1)
caused INR: -23.648239618955582
TpsRandomic + CumulativeIndividualEstimated_INR + -15.0
None
(1, 15, 1, 4, 1, 1)
caused INR: -20.212610693787557
Iteration number 56
TpsAltruisticFromLsfGain + IndividualEstimated_INR + -10.0
None
ls_gain_coeffs:
[-144.54068062 -143.95446256 -139.46015192 -141.87387115 -140.71338906
 -130.75053328 -144.00309734 -140.30030605 -146.27516304 -139.7572027
 -144.45832427 -144.47014174 -122.0699429  -150.00519617 -143.93489787]
inrs_hat:  [-33.55098058 -32.96476252 -28.47045188 -30.88417111 -29.72368901
 -19.76083324 -33.0133973  -29.310606   -35.28546299 -28.76750266
 -33.46862423 -33.4804417  -11.08024285 -39.01549612 -32.94519783]
scheduled_ues:  [ 0  1  2  3  4  5  6  7  8  9 10 11 12 13 14]
(1, 15, 1, 4, 1, 1)
caused INR: -13.164891035854529
TpsAltruisticFromLsfGain + IndividualEstimated_INR + -12.5
None
ls_gain_coeffs:
[-144.54068062 -143.95446256 -139.46015192 -141.87387115 -140.71338906
 -130.75053328 -144.00309734 -140.30030605 -146.27516304 -139.7572027
 -144.45832427 -144.47014174 -122.0699429  -150.00519617 -143.93489787]
inrs_hat:  [-33.55098058 -32.96476252 -28.47045188 -30.88417111 -29.72368901
 -19.76083324 -33.0133973  -29.310606   -35.28546299 -28.76750266
 -33.46862423 -33.4804417  -11.08024285 -39.01549612 -32.94519783]
scheduled_ues:  [ 0  1  2  3  4  5  6  7  8  9 10 11 13 14]
(1, 15, 1, 4, 1, 1)
caused INR: -19.007181762814156
TpsAltruisticFromLsfGain + IndividualEstimated_INR + -15.0
None
ls_gain_coeffs:
[-144.54068062 -143.95446256 -139.46015192 -141.87387115 -140.71338906
 -130.75053328 -144.00309734 -140.30030605 -146.27516304 -139.7572027
 -144.45832427 -144.47014174 -122.0699429  -150.00519617 -143.93489787]
inrs_hat:  [-33.55098058 -32.96476252 -28.47045188 -30.88417111 -29.72368901
 -19.76083324 -33.0133973  -29.310606   -35.28546299 -28.76750266
 -33.46862423 -33.4804417  -11.08024285 -39.01549612 -32.94519783]
scheduled_ues:  [ 0  1  2  3  4  5  6  7  8  9 10 11 13 14]
(1, 15, 1, 4, 1, 1)
caused INR: -19.007181762814156
TpsAltruisticFromLsfGain + CumulativeIndividualEstimated_INR + -10.0
None
(1, 15, 1, 4, 1, 1)
caused INR: -13.164891035854529
TpsAltruisticFromLsfGain + CumulativeIndividualEstimated_INR + -12.5
None
(1, 15, 1, 4, 1, 1)
caused INR: -19.007181762814156
TpsAltruisticFromLsfGain + CumulativeIndividualEstimated_INR + -15.0
None
(1, 15, 1, 4, 1, 1)
caused INR: -19.007181762814156
TpsRandomic + IndividualEstimated_INR + -10.0
None
ls_gain_coeffs:
[-132.79947225 -143.95446256 -139.46015192 -136.02713621 -126.94253235
 -124.49824137 -144.00309734 -126.37631022 -129.39719693 -133.98476927
 -135.80367548 -144.47014174 -122.0699429  -143.8394198  -143.93489787]
inrs_hat:  [-21.80977221 -32.96476252 -28.47045188 -25.03743616 -15.95283231
 -13.50854133 -33.0133973  -15.38661018 -18.40749689 -22.99506923
 -24.81397543 -33.4804417  -11.08024285 -32.84971976 -32.94519783]
scheduled_ues:  [ 0  1  2  3  4  5  6  7  8  9 10 11 12 13 14]
(1, 15, 1, 4, 1, 1)
caused INR: -6.123150373428211
TpsRandomic + IndividualEstimated_INR + -12.5
None
ls_gain_coeffs:
[-132.79947225 -143.95446256 -129.98134636 -141.87387115 -134.79984251
 -116.45614005 -144.00309734 -126.37631022 -136.39718757 -139.7572027
 -135.80367548 -127.82340833 -104.9489563  -143.8394198  -127.27847596]
inrs_hat:  [-21.80977221 -32.96476252 -18.99164632 -30.88417111 -23.81014247
  -5.46644001 -33.0133973  -15.38661018 -25.40748753 -28.76750266
 -24.81397543 -16.83370828   6.04074374 -32.84971976 -16.28877592]
scheduled_ues:  [ 0  1  2  3  4  6  7  8  9 10 11 13 14]
(1, 15, 1, 4, 1, 1)
caused INR: -8.991616200606101
TpsRandomic + IndividualEstimated_INR + -15.0
None
ls_gain_coeffs:
[-127.64879865 -137.76074343 -127.3641335  -125.78461265 -126.94253235
 -116.45614005 -144.00309734 -123.54049053 -146.27516304 -125.83760669
 -135.80367548 -131.04286172 -104.9489563  -143.8394198  -143.93489787]
inrs_hat:  [-16.65909861 -26.77104338 -16.37443345 -14.79491261 -15.95283231
  -5.46644001 -33.0133973  -12.55079049 -35.28546299 -14.84790664
 -24.81397543 -20.05316168   6.04074374 -32.84971976 -32.94519783]
scheduled_ues:  [ 0  1  2  4  6  8 10 11 13 14]
(1, 15, 1, 4, 1, 1)
caused INR: -12.579491733895921
TpsRandomic + CumulativeIndividualEstimated_INR + -10.0
None
(1, 15, 1, 4, 1, 1)
caused INR: -18.17552674112425
TpsRandomic + CumulativeIndividualEstimated_INR + -12.5
None
(1, 15, 1, 4, 1, 1)
caused INR: -15.750769575629043
TpsRandomic + CumulativeIndividualEstimated_INR + -15.0
None
(1, 15, 1, 4, 1, 1)
caused INR: -19.609380563608156
Iteration number 57
TpsAltruisticFromLsfGain + IndividualEstimated_INR + -10.0
None
ls_gain_coeffs:
[-127.3247173  -121.50044575 -118.48802295 -131.52877563 -139.81453563
 -142.32183438 -128.64657925 -141.13964682 -133.22178345 -141.81962008
 -144.80823693 -131.63831228 -137.0600866  -135.40035524 -142.23742573]
inrs_hat:  [-16.33501726 -10.5107457   -7.4983229  -20.53907558 -28.82483558
 -31.33213434 -17.65687921 -30.14994678 -22.23208341 -30.82992004
 -33.81853688 -20.64861224 -26.07038656 -24.41065519 -31.24772569]
scheduled_ues:  [ 0  1  3  4  5  6  7  8  9 10 11 12 13 14]
(1, 15, 1, 4, 1, 1)
caused INR: -5.583840742469857
TpsAltruisticFromLsfGain + IndividualEstimated_INR + -12.5
None
ls_gain_coeffs:
[-127.3247173  -121.50044575 -118.48802295 -131.52877563 -139.81453563
 -142.32183438 -128.64657925 -141.13964682 -133.22178345 -141.81962008
 -144.80823693 -131.63831228 -137.0600866  -135.40035524 -142.23742573]
inrs_hat:  [-16.33501726 -10.5107457   -7.4983229  -20.53907558 -28.82483558
 -31.33213434 -17.65687921 -30.14994678 -22.23208341 -30.82992004
 -33.81853688 -20.64861224 -26.07038656 -24.41065519 -31.24772569]
scheduled_ues:  [ 0  3  4  5  6  7  8  9 10 11 12 13 14]
(1, 15, 1, 4, 1, 1)
caused INR: -11.329714289130832
TpsAltruisticFromLsfGain + IndividualEstimated_INR + -15.0
None
ls_gain_coeffs:
[-127.3247173  -121.50044575 -118.48802295 -131.52877563 -139.81453563
 -142.32183438 -128.64657925 -141.13964682 -133.22178345 -141.81962008
 -144.80823693 -131.63831228 -137.0600866  -135.40035524 -142.23742573]
inrs_hat:  [-16.33501726 -10.5107457   -7.4983229  -20.53907558 -28.82483558
 -31.33213434 -17.65687921 -30.14994678 -22.23208341 -30.82992004
 -33.81853688 -20.64861224 -26.07038656 -24.41065519 -31.24772569]
scheduled_ues:  [ 0  3  4  5  6  7  8  9 10 11 12 13 14]
(1, 15, 1, 4, 1, 1)
caused INR: -11.329714289130832
TpsAltruisticFromLsfGain + CumulativeIndividualEstimated_INR + -10.0
None
(1, 15, 1, 4, 1, 1)
caused INR: -11.329714289130832
TpsAltruisticFromLsfGain + CumulativeIndividualEstimated_INR + -12.5
None
(1, 15, 1, 4, 1, 1)
caused INR: -14.258400152655348
TpsAltruisticFromLsfGain + CumulativeIndividualEstimated_INR + -15.0
None
(1, 15, 1, 4, 1, 1)
caused INR: -13.83886465793805
TpsRandomic + IndividualEstimated_INR + -10.0
None
ls_gain_coeffs:
[-126.1365212  -108.36085727 -118.48802295 -114.61317177 -138.7115576
 -125.69419112 -111.65878187 -134.9622949  -120.20838671 -131.38352521
 -136.01993576 -131.63831228 -120.16585068 -119.7550625  -128.18159313]
inrs_hat:  [-15.14682116   2.62884277  -7.4983229   -3.62347173 -27.72185755
 -14.70449107  -0.66908183 -23.97259486  -9.21868667 -20.39382516
 -25.03023572 -20.64861224  -9.17615064  -8.76536246 -17.19189309]
scheduled_ues:  [ 0  4  5  7  9 10 11 14]
(1, 15, 1, 4, 1, 1)
caused INR: -6.437627866300108
TpsRandomic + IndividualEstimated_INR + -12.5
None
ls_gain_coeffs:
[-127.3247173  -107.6628688  -107.79901923 -114.61317177 -126.63761694
 -134.92766579 -128.64657925 -141.13964682 -116.63166986 -131.3409045
 -132.61577432 -116.56976851 -128.65599578 -121.35690887 -128.18159313]
inrs_hat:  [-16.33501726   3.32683125   3.19068082  -3.62347173 -15.6479169
 -23.93796574 -17.65687921 -30.14994678  -5.64196982 -20.35120446
 -21.62607428  -5.58006847 -17.66629573 -10.36720883 -17.19189309]
scheduled_ues:  [ 0  4  5  6  7  9 10 12 14]
(1, 15, 1, 4, 1, 1)
caused INR: -6.936266506031094
TpsRandomic + IndividualEstimated_INR + -15.0
None
ls_gain_coeffs:
[-127.3247173  -119.40648032 -105.815777   -131.52877563 -126.63761694
 -128.90231645 -111.65878187 -124.81831745 -116.63166986 -141.81962008
 -144.80823693 -117.8832404  -120.16585068 -135.40035524 -142.23742573]
inrs_hat:  [-16.33501726  -8.41678028   5.17392304 -20.53907558 -15.6479169
 -17.9126164   -0.66908183 -13.8286174   -5.64196982 -30.82992004
 -33.81853688  -6.89354035  -9.17615064 -24.41065519 -31.24772569]
scheduled_ues:  [ 0  3  4  5  9 10 13 14]
(1, 15, 1, 4, 1, 1)
caused INR: -7.393130701851058
TpsRandomic + CumulativeIndividualEstimated_INR + -10.0
None
(1, 15, 1, 4, 1, 1)
caused INR: -6.07615487107505
TpsRandomic + CumulativeIndividualEstimated_INR + -12.5
None
(1, 15, 1, 4, 1, 1)
caused INR: -10.610868896354386
TpsRandomic + CumulativeIndividualEstimated_INR + -15.0
None
(1, 15, 1, 4, 1, 1)
caused INR: -20.551052871972946
Iteration number 58
TpsAltruisticFromLsfGain + IndividualEstimated_INR + -10.0
None
ls_gain_coeffs:
[-133.23063444 -141.60325802 -140.3693465  -132.08542603 -123.57104749
 -150.71017966 -139.08721177 -148.00154773 -148.23972515 -137.9886871
 -129.08775821 -147.03019076 -142.64165871 -120.49389453 -129.21181234]
inrs_hat:  [-22.2409344  -30.61355797 -29.37964646 -21.09572598 -12.58134744
 -39.72047962 -28.09751173 -37.01184769 -37.25002511 -26.99898705
 -18.09805817 -36.04049071 -31.65195867  -9.50419449 -18.2221123 ]
scheduled_ues:  [ 0  1  2  3  4  5  6  7  8  9 10 11 12 14]
(1, 15, 1, 4, 1, 1)
caused INR: -14.318898897566175
TpsAltruisticFromLsfGain + IndividualEstimated_INR + -12.5
None
ls_gain_coeffs:
[-133.23063444 -141.60325802 -140.3693465  -132.08542603 -123.57104749
 -150.71017966 -139.08721177 -148.00154773 -148.23972515 -137.9886871
 -129.08775821 -147.03019076 -142.64165871 -120.49389453 -129.21181234]
inrs_hat:  [-22.2409344  -30.61355797 -29.37964646 -21.09572598 -12.58134744
 -39.72047962 -28.09751173 -37.01184769 -37.25002511 -26.99898705
 -18.09805817 -36.04049071 -31.65195867  -9.50419449 -18.2221123 ]
scheduled_ues:  [ 0  1  2  3  4  5  6  7  8  9 10 11 12 14]
(1, 15, 1, 4, 1, 1)
caused INR: -14.318898897566175
TpsAltruisticFromLsfGain + IndividualEstimated_INR + -15.0
None
ls_gain_coeffs:
[-133.23063444 -141.60325802 -140.3693465  -132.08542603 -123.57104749
 -150.71017966 -139.08721177 -148.00154773 -148.23972515 -137.9886871
 -129.08775821 -147.03019076 -142.64165871 -120.49389453 -129.21181234]
inrs_hat:  [-22.2409344  -30.61355797 -29.37964646 -21.09572598 -12.58134744
 -39.72047962 -28.09751173 -37.01184769 -37.25002511 -26.99898705
 -18.09805817 -36.04049071 -31.65195867  -9.50419449 -18.2221123 ]
scheduled_ues:  [ 0  1  2  3  5  6  7  8  9 10 11 12 14]
(1, 15, 1, 4, 1, 1)
caused INR: -16.453149096540272
TpsAltruisticFromLsfGain + CumulativeIndividualEstimated_INR + -10.0
None
(1, 15, 1, 4, 1, 1)
caused INR: -16.453149096540272
TpsAltruisticFromLsfGain + CumulativeIndividualEstimated_INR + -12.5
None
(1, 15, 1, 4, 1, 1)
caused INR: -16.453149096540272
TpsAltruisticFromLsfGain + CumulativeIndividualEstimated_INR + -15.0
None
(1, 15, 1, 4, 1, 1)
caused INR: -17.38131506827103
TpsRandomic + IndividualEstimated_INR + -10.0
None
ls_gain_coeffs:
[-119.92763402 -125.06351406 -125.29103981 -124.95165064 -110.76472865
 -144.28538309 -139.01990153 -148.00154773 -140.7132682  -123.30576655
 -112.46490816 -133.19887321 -131.82265478 -120.49389453 -111.18681612]
inrs_hat:  [ -8.93793398 -14.07381402 -14.30133976 -13.96195059   0.2249714
 -33.29568304 -28.03020149 -37.01184769 -29.72356815 -12.31606651
  -1.47520812 -22.20917317 -20.83295473  -9.50419449  -0.19711608]
scheduled_ues:  [ 1  2  3  5  6  7  8  9 11 12]
(1, 15, 1, 4, 1, 1)
caused INR: -12.66241357259142
TpsRandomic + IndividualEstimated_INR + -12.5
None
ls_gain_coeffs:
[-116.10453444 -134.48930921 -125.29103981 -118.78002887 -123.57104749
 -150.71017966 -126.60073828 -140.17001689 -135.20739515 -123.30576655
 -129.08775821 -130.67994947 -142.64165871 -106.75663618 -129.21181234]
inrs_hat:  [ -5.1148344  -23.49960917 -14.30133976  -7.79032883 -12.58134744
 -39.72047962 -15.61103823 -29.18031685 -24.2176951  -12.31606651
 -18.09805817 -19.69024942 -31.65195867   4.23306386 -18.2221123 ]
scheduled_ues:  [ 1  2  4  5  6  7  8 10 11 12 14]
(1, 15, 1, 4, 1, 1)
caused INR: -13.528229733887077
TpsRandomic + IndividualEstimated_INR + -15.0
None
ls_gain_coeffs:
[-124.72303486 -141.60325802 -125.29103981 -115.64503975 -110.76472865
 -137.22855862 -126.62317502 -131.42508445 -148.23972515 -137.9886871
 -121.64366126 -133.19887321 -132.01093848 -105.46097783 -117.0219713 ]
inrs_hat:  [-13.73333482 -30.61355797 -14.30133976  -4.65533971   0.2249714
 -26.23885858 -15.63347498 -20.43538441 -37.25002511 -26.99898705
 -10.65396122 -22.20917317 -21.02123844   5.52872222  -6.03227126]
scheduled_ues:  [ 1  5  6  7  8  9 11 12]
(1, 15, 1, 4, 1, 1)
caused INR: -15.618680853367575
TpsRandomic + CumulativeIndividualEstimated_INR + -10.0
None
(1, 15, 1, 4, 1, 1)
caused INR: -11.277210643644942
TpsRandomic + CumulativeIndividualEstimated_INR + -12.5
None
(1, 15, 1, 4, 1, 1)
caused INR: -10.672480666336199
TpsRandomic + CumulativeIndividualEstimated_INR + -15.0
None
(1, 15, 1, 4, 1, 1)
caused INR: -15.922522033606288
Iteration number 59
TpsAltruisticFromLsfGain + IndividualEstimated_INR + -10.0
None
ls_gain_coeffs:
[-147.92859223 -146.37109196 -126.68768805 -123.72548518 -148.62221577
 -145.40080779 -135.62649362 -128.99887748 -140.79922747 -145.74523837
 -132.11190269 -127.18088951 -141.20903759 -149.11901452 -141.81861556]
inrs_hat:  [-36.93889219 -35.38139192 -15.69798801 -12.73578513 -37.63251572
 -34.41110774 -24.63679358 -18.00917744 -29.80952742 -34.75553832
 -21.12220265 -16.19118946 -30.21933755 -38.12931448 -30.82891552]
scheduled_ues:  [ 0  1  2  3  4  5  6  7  8  9 10 11 12 13 14]
(1, 15, 1, 4, 1, 1)
caused INR: -12.691830737741828
TpsAltruisticFromLsfGain + IndividualEstimated_INR + -12.5
None
ls_gain_coeffs:
[-147.92859223 -146.37109196 -126.68768805 -123.72548518 -148.62221577
 -145.40080779 -135.62649362 -128.99887748 -140.79922747 -145.74523837
 -132.11190269 -127.18088951 -141.20903759 -149.11901452 -141.81861556]
inrs_hat:  [-36.93889219 -35.38139192 -15.69798801 -12.73578513 -37.63251572
 -34.41110774 -24.63679358 -18.00917744 -29.80952742 -34.75553832
 -21.12220265 -16.19118946 -30.21933755 -38.12931448 -30.82891552]
scheduled_ues:  [ 0  1  2  3  4  5  6  7  8  9 10 11 12 13 14]
(1, 15, 1, 4, 1, 1)
caused INR: -12.691830737741828
TpsAltruisticFromLsfGain + IndividualEstimated_INR + -15.0
None
ls_gain_coeffs:
[-147.92859223 -146.37109196 -126.68768805 -123.72548518 -148.62221577
 -145.40080779 -135.62649362 -128.99887748 -140.79922747 -145.74523837
 -132.11190269 -127.18088951 -141.20903759 -149.11901452 -141.81861556]
inrs_hat:  [-36.93889219 -35.38139192 -15.69798801 -12.73578513 -37.63251572
 -34.41110774 -24.63679358 -18.00917744 -29.80952742 -34.75553832
 -21.12220265 -16.19118946 -30.21933755 -38.12931448 -30.82891552]
scheduled_ues:  [ 0  1  2  4  5  6  7  8  9 10 11 12 13 14]
(1, 15, 1, 4, 1, 1)
caused INR: -18.73943839070529
TpsAltruisticFromLsfGain + CumulativeIndividualEstimated_INR + -10.0
None
(1, 15, 1, 4, 1, 1)
caused INR: -18.73943839070529
TpsAltruisticFromLsfGain + CumulativeIndividualEstimated_INR + -12.5
None
(1, 15, 1, 4, 1, 1)
caused INR: -14.84372011606201
TpsAltruisticFromLsfGain + CumulativeIndividualEstimated_INR + -15.0
None
(1, 15, 1, 4, 1, 1)
caused INR: -19.4532434685422
TpsRandomic + IndividualEstimated_INR + -10.0
None
ls_gain_coeffs:
[-131.25858329 -130.02044083 -114.09610104 -111.57752093 -142.71645013
 -128.93302189 -119.09634261 -112.20963168 -140.79922747 -130.42696685
 -132.11190269 -112.4552433  -128.18457501 -149.11901452 -129.40217655]
inrs_hat:  [-20.26888325 -19.03074079  -3.10640099  -0.58782088 -31.72675008
 -17.94332185  -8.10664257  -1.21993164 -29.80952742 -19.43726681
 -21.12220265  -1.46554326 -17.19487496 -38.12931448 -18.41247651]
scheduled_ues:  [ 0  1  4  5  8  9 10 12 13 14]
(1, 15, 1, 4, 1, 1)
caused INR: -8.464168925580896
TpsRandomic + IndividualEstimated_INR + -12.5
None
ls_gain_coeffs:
[-147.92859223 -139.65049453 -126.237727   -106.32016218 -148.62221577
 -145.40080779 -135.62649362 -116.66352271 -140.79922747 -141.4302311
 -114.84484044 -123.75482019 -128.18457501 -135.76810314 -125.35402213]
inrs_hat:  [-36.93889219 -28.66079448 -15.24802695   4.66953786 -37.63251572
 -34.41110774 -24.63679358  -5.67382267 -29.80952742 -30.44053105
  -3.8551404  -12.76512015 -17.19487496 -24.7784031  -14.36432209]
scheduled_ues:  [ 0  1  2  4  5  6  8  9 11 12 13 14]
(1, 15, 1, 4, 1, 1)
caused INR: -6.079740880571471
TpsRandomic + IndividualEstimated_INR + -15.0
None
ls_gain_coeffs:
[-147.92859223 -139.65049453 -126.68768805 -113.50440343 -148.62221577
 -145.40080779 -122.57062067 -116.66352271 -124.77968669 -131.86530261
 -132.11190269 -113.5972664  -128.18457501 -135.76810314 -133.74746772]
inrs_hat:  [-36.93889219 -28.66079448 -15.69798801  -2.51470339 -37.63251572
 -34.41110774 -11.58092062  -5.67382267 -13.78998665 -20.87560257
 -21.12220265  -2.60756636 -17.19487496 -24.7784031  -22.75776768]
scheduled_ues:  [ 0  1  2  4  5  9 10 12 13 14]
(1, 15, 1, 4, 1, 1)
caused INR: -15.896480161946098
TpsRandomic + CumulativeIndividualEstimated_INR + -10.0
None
(1, 15, 1, 4, 1, 1)
caused INR: -12.987575856963872
TpsRandomic + CumulativeIndividualEstimated_INR + -12.5
None
(1, 15, 1, 4, 1, 1)
caused INR: -12.817714207327004
TpsRandomic + CumulativeIndividualEstimated_INR + -15.0
None
(1, 15, 1, 4, 1, 1)
caused INR: -13.445376689305608
Iteration number 60
TpsAltruisticFromLsfGain + IndividualEstimated_INR + -10.0
None
ls_gain_coeffs:
[-137.54230181 -141.69838111 -120.99749876 -143.60755118 -144.38646972
 -136.64092501 -148.08115275 -142.52774934 -148.15809007 -138.81123054
 -122.67544172 -141.06201522 -146.72027342 -122.41397666 -141.54339923]
inrs_hat:  [-26.55260177 -30.70868106 -10.00779872 -32.61785113 -33.39676968
 -25.65122497 -37.0914527  -31.53804929 -37.16839003 -27.8215305
 -11.68574168 -30.07231518 -35.73057338 -11.42427662 -30.55369918]
scheduled_ues:  [ 0  1  2  3  4  5  6  7  8  9 10 11 12 13 14]
(1, 15, 1, 4, 1, 1)
caused INR: -8.305892956298376
TpsAltruisticFromLsfGain + IndividualEstimated_INR + -12.5
None
ls_gain_coeffs:
[-137.54230181 -141.69838111 -120.99749876 -143.60755118 -144.38646972
 -136.64092501 -148.08115275 -142.52774934 -148.15809007 -138.81123054
 -122.67544172 -141.06201522 -146.72027342 -122.41397666 -141.54339923]
inrs_hat:  [-26.55260177 -30.70868106 -10.00779872 -32.61785113 -33.39676968
 -25.65122497 -37.0914527  -31.53804929 -37.16839003 -27.8215305
 -11.68574168 -30.07231518 -35.73057338 -11.42427662 -30.55369918]
scheduled_ues:  [ 0  1  3  4  5  6  7  8  9 11 12 14]
(1, 15, 1, 4, 1, 1)
caused INR: -26.232193297713437
TpsAltruisticFromLsfGain + IndividualEstimated_INR + -15.0
None
ls_gain_coeffs:
[-137.54230181 -141.69838111 -120.99749876 -143.60755118 -144.38646972
 -136.64092501 -148.08115275 -142.52774934 -148.15809007 -138.81123054
 -122.67544172 -141.06201522 -146.72027342 -122.41397666 -141.54339923]
inrs_hat:  [-26.55260177 -30.70868106 -10.00779872 -32.61785113 -33.39676968
 -25.65122497 -37.0914527  -31.53804929 -37.16839003 -27.8215305
 -11.68574168 -30.07231518 -35.73057338 -11.42427662 -30.55369918]
scheduled_ues:  [ 0  1  3  4  5  6  7  8  9 11 12 14]
(1, 15, 1, 4, 1, 1)
caused INR: -26.232193297713437
TpsAltruisticFromLsfGain + CumulativeIndividualEstimated_INR + -10.0
None
(1, 15, 1, 4, 1, 1)
caused INR: -13.988575187612497
TpsAltruisticFromLsfGain + CumulativeIndividualEstimated_INR + -12.5
None
(1, 15, 1, 4, 1, 1)
caused INR: -26.232193297713437
TpsAltruisticFromLsfGain + CumulativeIndividualEstimated_INR + -15.0
None
(1, 15, 1, 4, 1, 1)
caused INR: -26.232193297713437
TpsRandomic + IndividualEstimated_INR + -10.0
None
ls_gain_coeffs:
[-132.55064779 -130.82905701 -103.43411255 -128.97576572 -129.69466766
 -136.64092501 -132.00792815 -142.52774934 -136.6042631  -138.81123054
 -109.16948215 -135.20897301 -134.32821926 -108.11093879 -129.15969142]
inrs_hat:  [-21.56094775 -19.83935697   7.55558749 -17.98606568 -18.70496761
 -25.65122497 -21.01822811 -31.53804929 -25.61456305 -27.8215305
   1.82021789 -24.21927297 -23.33851922   2.87876125 -18.16999137]
scheduled_ues:  [ 0  1  3  4  5  6  7  8  9 11 12 14]
(1, 15, 1, 4, 1, 1)
caused INR: -13.717730168638695
TpsRandomic + IndividualEstimated_INR + -12.5
None
ls_gain_coeffs:
[-123.43681714 -131.12364991 -109.11916093 -130.07085845 -141.01116663
 -136.64092501 -148.08115275 -137.20563474 -138.73790492 -122.08066049
 -109.16948215 -124.7589324  -134.32821926 -122.41397666 -132.95989986]
inrs_hat:  [-12.4471171  -20.13394987   1.87053911 -19.08115841 -30.02146658
 -25.65122497 -37.0914527  -26.2159347  -27.74820487 -11.09096045
   1.82021789 -13.76923236 -23.33851922 -11.42427662 -21.97019981]
scheduled_ues:  [ 1  3  4  5  6  7  8 11 12 14]
(1, 15, 1, 4, 1, 1)
caused INR: -11.520776858633432
TpsRandomic + IndividualEstimated_INR + -15.0
None
ls_gain_coeffs:
[-121.77293247 -124.75555346 -120.99749876 -130.07085845 -129.69466766
 -134.24778552 -134.08077812 -128.31211114 -136.6042631  -130.35814445
 -119.48236302 -135.20897301 -146.72027342 -108.11093879 -141.54339923]
inrs_hat:  [-10.78323242 -13.76585342 -10.00779872 -19.08115841 -18.70496761
 -23.25808548 -23.09107807 -17.3224111  -25.61456305 -19.36844441
  -8.49266298 -24.21927297 -35.73057338   2.87876125 -30.55369918]
scheduled_ues:  [ 3  4  5  6  7  8  9 11 12 14]
(1, 15, 1, 4, 1, 1)
caused INR: -6.684679950486226
TpsRandomic + CumulativeIndividualEstimated_INR + -10.0
None
(1, 15, 1, 4, 1, 1)
caused INR: -16.107996870501754
TpsRandomic + CumulativeIndividualEstimated_INR + -12.5
None
(1, 15, 1, 4, 1, 1)
caused INR: -10.229502214377796
TpsRandomic + CumulativeIndividualEstimated_INR + -15.0
None
(1, 15, 1, 4, 1, 1)
caused INR: -6.905038407728855
Iteration number 61
TpsAltruisticFromLsfGain + IndividualEstimated_INR + -10.0
None
ls_gain_coeffs:
[-137.71522038 -144.79556981 -146.51250982 -133.73534424 -134.60401194
 -136.32199511 -142.64607984 -146.41817368 -145.94554033 -127.07950323
 -136.06564569 -145.96100276 -135.72910692 -142.65756281 -131.05512411]
inrs_hat:  [-26.72552033 -33.80586977 -35.52280978 -22.7456442  -23.6143119
 -25.33229507 -31.6563798  -35.42847363 -34.95584029 -16.08980318
 -25.07594564 -34.97130272 -24.73940688 -31.66786277 -20.06542406]
scheduled_ues:  [ 0  1  2  3  4  5  6  7  8  9 10 11 12 13 14]
(1, 15, 1, 4, 1, 1)
caused INR: -11.503623221505668
TpsAltruisticFromLsfGain + IndividualEstimated_INR + -12.5
None
ls_gain_coeffs:
[-137.71522038 -144.79556981 -146.51250982 -133.73534424 -134.60401194
 -136.32199511 -142.64607984 -146.41817368 -145.94554033 -127.07950323
 -136.06564569 -145.96100276 -135.72910692 -142.65756281 -131.05512411]
inrs_hat:  [-26.72552033 -33.80586977 -35.52280978 -22.7456442  -23.6143119
 -25.33229507 -31.6563798  -35.42847363 -34.95584029 -16.08980318
 -25.07594564 -34.97130272 -24.73940688 -31.66786277 -20.06542406]
scheduled_ues:  [ 0  1  2  3  4  5  6  7  8  9 10 11 12 13 14]
(1, 15, 1, 4, 1, 1)
caused INR: -11.503623221505668
TpsAltruisticFromLsfGain + IndividualEstimated_INR + -15.0
None
ls_gain_coeffs:
[-137.71522038 -144.79556981 -146.51250982 -133.73534424 -134.60401194
 -136.32199511 -142.64607984 -146.41817368 -145.94554033 -127.07950323
 -136.06564569 -145.96100276 -135.72910692 -142.65756281 -131.05512411]
inrs_hat:  [-26.72552033 -33.80586977 -35.52280978 -22.7456442  -23.6143119
 -25.33229507 -31.6563798  -35.42847363 -34.95584029 -16.08980318
 -25.07594564 -34.97130272 -24.73940688 -31.66786277 -20.06542406]
scheduled_ues:  [ 0  1  2  3  4  5  6  7  8  9 10 11 12 13 14]
(1, 15, 1, 4, 1, 1)
caused INR: -11.503623221505668
TpsAltruisticFromLsfGain + CumulativeIndividualEstimated_INR + -10.0
None
(1, 15, 1, 4, 1, 1)
caused INR: -11.503623221505668
TpsAltruisticFromLsfGain + CumulativeIndividualEstimated_INR + -12.5
None
(1, 15, 1, 4, 1, 1)
caused INR: -21.17962619267867
TpsAltruisticFromLsfGain + CumulativeIndividualEstimated_INR + -15.0
None
(1, 15, 1, 4, 1, 1)
caused INR: -24.979209429126023
TpsRandomic + IndividualEstimated_INR + -10.0
None
ls_gain_coeffs:
[-132.16222515 -139.7493493  -137.73450819 -133.73534424 -134.60401194
 -136.32199511 -142.64607984 -134.95907504 -129.73377252 -110.02644447
 -136.06564569 -145.96100276 -123.45015996 -131.17560012 -131.05512411]
inrs_hat:  [-21.17252511 -28.75964926 -26.74480814 -22.7456442  -23.6143119
 -25.33229507 -31.6563798  -23.96937499 -18.74407248   0.96325557
 -25.07594564 -34.97130272 -12.46045992 -20.18590007 -20.06542406]
scheduled_ues:  [ 0  1  2  3  4  5  6  7  8 10 11 12 13 14]
(1, 15, 1, 4, 1, 1)
caused INR: -17.482526872985957
TpsRandomic + IndividualEstimated_INR + -12.5
None
ls_gain_coeffs:
[-121.57162356 -130.67189631 -146.51250982 -129.92821532 -118.40175801
 -136.32199511 -142.64607984 -146.41817368 -139.82715463 -118.68411227
 -119.21062948 -145.96100276 -135.72910692 -132.67907754 -120.897181  ]
inrs_hat:  [-10.58192352 -19.68219626 -35.52280978 -18.93851528  -7.41205797
 -25.33229507 -31.6563798  -35.42847363 -28.83745459  -7.69441223
  -8.22092944 -34.97130272 -24.73940688 -21.68937749  -9.90748096]
scheduled_ues:  [ 1  2  3  5  6  7  8 11 12 13]
(1, 15, 1, 4, 1, 1)
caused INR: -19.490724483726865
TpsRandomic + IndividualEstimated_INR + -15.0
None
ls_gain_coeffs:
[-123.42262197 -144.79556981 -146.51250982 -118.75565829 -128.3607419
 -119.68988549 -130.46594943 -146.41817368 -129.73377252 -127.07950323
 -123.31264912 -129.14693355 -135.72910692 -132.67907754 -131.05512411]
inrs_hat:  [-12.43292193 -33.80586977 -35.52280978  -7.76595825 -17.37104186
  -8.70018545 -19.47624938 -35.42847363 -18.74407248 -16.08980318
 -12.32294907 -18.1572335  -24.73940688 -21.68937749 -20.06542406]
scheduled_ues:  [ 1  2  4  6  7  8  9 11 12 13 14]
(1, 15, 1, 4, 1, 1)
caused INR: -10.59379359738273
TpsRandomic + CumulativeIndividualEstimated_INR + -10.0
None
(1, 15, 1, 4, 1, 1)
caused INR: -14.302770582902472
TpsRandomic + CumulativeIndividualEstimated_INR + -12.5
None
(1, 15, 1, 4, 1, 1)
caused INR: -14.419935582123859
TpsRandomic + CumulativeIndividualEstimated_INR + -15.0
None
(1, 15, 1, 4, 1, 1)
caused INR: -13.4436785995403
Iteration number 62
TpsAltruisticFromLsfGain + IndividualEstimated_INR + -10.0
None
ls_gain_coeffs:
[-144.91260892 -143.09256699 -138.49860212 -150.27324437 -123.40568366
 -138.12747461 -130.96924978 -142.59546429 -135.54338067 -126.78783098
 -133.35944632 -143.71023659 -154.06531989 -144.72135089 -142.20877057]
inrs_hat:  [-33.92290887 -32.10286694 -27.50890208 -39.28354433 -12.41598362
 -27.13777457 -19.97954974 -31.60576425 -24.55368063 -15.79813093
 -22.36974628 -32.72053655 -43.07561985 -33.73165085 -31.21907053]
scheduled_ues:  [ 0  1  2  3  4  5  6  7  8  9 10 11 12 13 14]
(1, 15, 1, 4, 1, 1)
caused INR: -6.604927744484134
TpsAltruisticFromLsfGain + IndividualEstimated_INR + -12.5
None
ls_gain_coeffs:
[-144.91260892 -143.09256699 -138.49860212 -150.27324437 -123.40568366
 -138.12747461 -130.96924978 -142.59546429 -135.54338067 -126.78783098
 -133.35944632 -143.71023659 -154.06531989 -144.72135089 -142.20877057]
inrs_hat:  [-33.92290887 -32.10286694 -27.50890208 -39.28354433 -12.41598362
 -27.13777457 -19.97954974 -31.60576425 -24.55368063 -15.79813093
 -22.36974628 -32.72053655 -43.07561985 -33.73165085 -31.21907053]
scheduled_ues:  [ 0  1  2  3  5  6  7  8  9 10 11 12 13 14]
(1, 15, 1, 4, 1, 1)
caused INR: -8.470148875666032
TpsAltruisticFromLsfGain + IndividualEstimated_INR + -15.0
None
ls_gain_coeffs:
[-144.91260892 -143.09256699 -138.49860212 -150.27324437 -123.40568366
 -138.12747461 -130.96924978 -142.59546429 -135.54338067 -126.78783098
 -133.35944632 -143.71023659 -154.06531989 -144.72135089 -142.20877057]
inrs_hat:  [-33.92290887 -32.10286694 -27.50890208 -39.28354433 -12.41598362
 -27.13777457 -19.97954974 -31.60576425 -24.55368063 -15.79813093
 -22.36974628 -32.72053655 -43.07561985 -33.73165085 -31.21907053]
scheduled_ues:  [ 0  1  2  3  5  6  7  8  9 10 11 12 13 14]
(1, 15, 1, 4, 1, 1)
caused INR: -8.470148875666032
TpsAltruisticFromLsfGain + CumulativeIndividualEstimated_INR + -10.0
None
(1, 15, 1, 4, 1, 1)
caused INR: -8.470148875666032
TpsAltruisticFromLsfGain + CumulativeIndividualEstimated_INR + -12.5
None
(1, 15, 1, 4, 1, 1)
caused INR: -8.470148875666032
TpsAltruisticFromLsfGain + CumulativeIndividualEstimated_INR + -15.0
None
(1, 15, 1, 4, 1, 1)
caused INR: -11.531806855864648
TpsRandomic + IndividualEstimated_INR + -10.0
None
ls_gain_coeffs:
[-131.94527833 -133.70622064 -130.91356359 -145.25625685 -115.34175719
 -138.12747461 -114.3210221  -135.59084958 -118.70328673 -118.49539555
 -133.35944632 -126.80636857 -145.81624428 -144.72135089 -142.20877057]
inrs_hat:  [-20.95557829 -22.7165206  -19.92386355 -34.2665568   -4.35205714
 -27.13777457  -3.33132205 -24.60114954  -7.71358669  -7.5056955
 -22.36974628 -15.81666853 -34.82654424 -33.73165085 -31.21907053]
scheduled_ues:  [ 0  1  2  3  5  7 10 11 12 13 14]
(1, 15, 1, 4, 1, 1)
caused INR: -21.452495151011846
TpsRandomic + IndividualEstimated_INR + -12.5
None
ls_gain_coeffs:
[-136.93585797 -133.70622064 -122.02690507 -145.25625685 -106.43524764
 -124.96175609 -124.65930826 -128.83498249 -118.70328673 -118.49539555
 -121.57679285 -143.71023659 -154.06531989 -132.75141157 -125.38431349]
inrs_hat:  [-25.94615793 -22.7165206  -11.03720503 -34.2665568    4.5544524
 -13.97205605 -13.66960821 -17.84528244  -7.71358669  -7.5056955
 -10.58709281 -32.72053655 -43.07561985 -21.76171152 -14.39461344]
scheduled_ues:  [ 0  1  3  5  6  7 11 12 13 14]
(1, 15, 1, 4, 1, 1)
caused INR: -19.116656310024382
TpsRandomic + IndividualEstimated_INR + -15.0
None
ls_gain_coeffs:
[-136.93585797 -143.09256699 -138.49860212 -145.25625685 -115.34175719
 -129.90910547 -116.42433594 -125.99211604 -135.54338067 -126.78783098
 -123.15033702 -130.66660754 -154.06531989 -127.92340662 -142.20877057]
inrs_hat:  [-25.94615793 -32.10286694 -27.50890208 -34.2665568   -4.35205714
 -18.91940543  -5.4346359  -15.00241599 -24.55368063 -15.79813093
 -12.16063698 -19.67690749 -43.07561985 -16.93370657 -31.21907053]
scheduled_ues:  [ 0  1  2  3  5  7  8  9 11 12 13 14]
(1, 15, 1, 4, 1, 1)
caused INR: -14.078388156514908
TpsRandomic + CumulativeIndividualEstimated_INR + -10.0
None
(1, 15, 1, 4, 1, 1)
caused INR: -11.021397827712152
TpsRandomic + CumulativeIndividualEstimated_INR + -12.5
None
(1, 15, 1, 4, 1, 1)
caused INR: -23.530887036844106
TpsRandomic + CumulativeIndividualEstimated_INR + -15.0
None
(1, 15, 1, 4, 1, 1)
caused INR: -19.655475677056803
Iteration number 63
TpsAltruisticFromLsfGain + IndividualEstimated_INR + -10.0
None
ls_gain_coeffs:
[-130.78352483 -132.75304149 -148.15542774 -132.53362743 -145.46023414
 -129.29907266 -152.18279578 -146.30248557 -141.17125615 -131.86828301
 -122.08125233 -139.67020913 -151.32374828 -150.1963565  -128.13940067]
inrs_hat:  [-19.79382478 -21.76334145 -37.16572769 -21.54392738 -34.4705341
 -18.30937261 -41.19309574 -35.31278553 -30.18155611 -20.87858297
 -11.09155229 -28.68050909 -40.33404824 -39.20665645 -17.14970062]
scheduled_ues:  [ 0  1  2  3  4  5  6  7  8  9 10 11 12 13 14]
(1, 15, 1, 4, 1, 1)
caused INR: -5.953757073841405
TpsAltruisticFromLsfGain + IndividualEstimated_INR + -12.5
None
ls_gain_coeffs:
[-130.78352483 -132.75304149 -148.15542774 -132.53362743 -145.46023414
 -129.29907266 -152.18279578 -146.30248557 -141.17125615 -131.86828301
 -122.08125233 -139.67020913 -151.32374828 -150.1963565  -128.13940067]
inrs_hat:  [-19.79382478 -21.76334145 -37.16572769 -21.54392738 -34.4705341
 -18.30937261 -41.19309574 -35.31278553 -30.18155611 -20.87858297
 -11.09155229 -28.68050909 -40.33404824 -39.20665645 -17.14970062]
scheduled_ues:  [ 0  1  2  3  4  5  6  7  8  9 11 12 13 14]
(1, 15, 1, 4, 1, 1)
caused INR: -14.768137273369373
TpsAltruisticFromLsfGain + IndividualEstimated_INR + -15.0
None
ls_gain_coeffs:
[-130.78352483 -132.75304149 -148.15542774 -132.53362743 -145.46023414
 -129.29907266 -152.18279578 -146.30248557 -141.17125615 -131.86828301
 -122.08125233 -139.67020913 -151.32374828 -150.1963565  -128.13940067]
inrs_hat:  [-19.79382478 -21.76334145 -37.16572769 -21.54392738 -34.4705341
 -18.30937261 -41.19309574 -35.31278553 -30.18155611 -20.87858297
 -11.09155229 -28.68050909 -40.33404824 -39.20665645 -17.14970062]
scheduled_ues:  [ 0  1  2  3  4  5  6  7  8  9 11 12 13 14]
(1, 15, 1, 4, 1, 1)
caused INR: -14.768137273369373
TpsAltruisticFromLsfGain + CumulativeIndividualEstimated_INR + -10.0
None
(1, 15, 1, 4, 1, 1)
caused INR: -14.768137273369373
TpsAltruisticFromLsfGain + CumulativeIndividualEstimated_INR + -12.5
None
(1, 15, 1, 4, 1, 1)
caused INR: -14.511253818562583
TpsAltruisticFromLsfGain + CumulativeIndividualEstimated_INR + -15.0
None
(1, 15, 1, 4, 1, 1)
caused INR: -23.154418442778244
TpsRandomic + IndividualEstimated_INR + -10.0
None
ls_gain_coeffs:
[-129.61225514 -116.7964778  -143.84488052 -132.53362743 -134.69101418
 -129.29907266 -138.68271862 -132.6740657  -128.05274037 -117.11765683
 -122.08125233 -139.67020913 -134.95834776 -145.16151072 -112.14627889]
inrs_hat:  [-18.6225551   -5.80677776 -32.85518047 -21.54392738 -23.70131413
 -18.30937261 -27.69301857 -21.68436566 -17.06304033  -6.12795679
 -11.09155229 -28.68050909 -23.96864772 -34.17181067  -1.15657884]
scheduled_ues:  [ 0  2  3  4  5  6  7  8 10 11 12 13]
(1, 15, 1, 4, 1, 1)
caused INR: -4.576328322862492
TpsRandomic + IndividualEstimated_INR + -12.5
None
ls_gain_coeffs:
[-117.56107837 -116.7964778  -143.84488052 -123.47472293 -128.62446293
 -116.76299506 -149.00736429 -132.6740657  -133.67412338 -124.8429893
 -122.08125233 -133.61150606 -134.95834776 -134.39819264 -112.14627889]
inrs_hat:  [ -6.57137833  -5.80677776 -32.85518047 -12.48502289 -17.63476288
  -5.77329502 -38.01766425 -21.68436566 -22.68442334 -13.85328926
 -11.09155229 -22.62180602 -23.96864772 -23.4084926   -1.15657884]
scheduled_ues:  [ 2  4  6  7  8  9 11 12 13]
(1, 15, 1, 4, 1, 1)
caused INR: -11.57632089318508
TpsRandomic + IndividualEstimated_INR + -15.0
None
ls_gain_coeffs:
[-117.56107837 -116.7964778  -148.15542774 -115.10940709 -145.46023414
 -116.76299506 -152.18279578 -139.51034325 -133.67412338 -124.8429893
 -122.08125233 -133.61150606 -138.06231749 -134.39819264 -122.81211799]
inrs_hat:  [ -6.57137833  -5.80677776 -37.16572769  -4.11970705 -34.4705341
  -5.77329502 -41.19309574 -28.52064321 -22.68442334 -13.85328926
 -11.09155229 -22.62180602 -27.07261745 -23.4084926  -11.82241795]
scheduled_ues:  [ 2  4  6  7  8 11 12 13]
(1, 15, 1, 4, 1, 1)
caused INR: -13.10322025570385
TpsRandomic + CumulativeIndividualEstimated_INR + -10.0
None
(1, 15, 1, 4, 1, 1)
caused INR: -10.8397608672599
TpsRandomic + CumulativeIndividualEstimated_INR + -12.5
None
(1, 15, 1, 4, 1, 1)
caused INR: -12.256074874150904
TpsRandomic + CumulativeIndividualEstimated_INR + -15.0
None
(1, 15, 1, 4, 1, 1)
caused INR: -24.942301454296857
Iteration number 64
TpsAltruisticFromLsfGain + IndividualEstimated_INR + -10.0
None
ls_gain_coeffs:
[-133.95742627 -127.17298658 -133.82085915 -145.92017987 -129.54012186
 -116.57316573 -142.0715012  -134.48919492 -133.71349643 -134.87046969
 -147.47663123 -136.59372199 -131.66976529 -136.09260233 -129.33559899]
inrs_hat:  [-22.96772622 -16.18328654 -22.8311591  -34.93047982 -18.55042182
  -5.58346569 -31.08180115 -23.49949487 -22.72379638 -23.88076965
 -36.48693119 -25.60402194 -20.68006525 -25.10290229 -18.34589894]
scheduled_ues:  [ 0  1  2  3  4  6  7  8  9 10 11 12 13 14]
(1, 15, 1, 4, 1, 1)
caused INR: -8.465975948871785
TpsAltruisticFromLsfGain + IndividualEstimated_INR + -12.5
None
ls_gain_coeffs:
[-133.95742627 -127.17298658 -133.82085915 -145.92017987 -129.54012186
 -116.57316573 -142.0715012  -134.48919492 -133.71349643 -134.87046969
 -147.47663123 -136.59372199 -131.66976529 -136.09260233 -129.33559899]
inrs_hat:  [-22.96772622 -16.18328654 -22.8311591  -34.93047982 -18.55042182
  -5.58346569 -31.08180115 -23.49949487 -22.72379638 -23.88076965
 -36.48693119 -25.60402194 -20.68006525 -25.10290229 -18.34589894]
scheduled_ues:  [ 0  1  2  3  4  6  7  8  9 10 11 12 13 14]
(1, 15, 1, 4, 1, 1)
caused INR: -8.465975948871785
TpsAltruisticFromLsfGain + IndividualEstimated_INR + -15.0
None
ls_gain_coeffs:
[-133.95742627 -127.17298658 -133.82085915 -145.92017987 -129.54012186
 -116.57316573 -142.0715012  -134.48919492 -133.71349643 -134.87046969
 -147.47663123 -136.59372199 -131.66976529 -136.09260233 -129.33559899]
inrs_hat:  [-22.96772622 -16.18328654 -22.8311591  -34.93047982 -18.55042182
  -5.58346569 -31.08180115 -23.49949487 -22.72379638 -23.88076965
 -36.48693119 -25.60402194 -20.68006525 -25.10290229 -18.34589894]
scheduled_ues:  [ 0  1  2  3  4  6  7  8  9 10 11 12 13 14]
(1, 15, 1, 4, 1, 1)
caused INR: -8.465975948871785
TpsAltruisticFromLsfGain + CumulativeIndividualEstimated_INR + -10.0
None
(1, 15, 1, 4, 1, 1)
caused INR: -8.465975948871785
TpsAltruisticFromLsfGain + CumulativeIndividualEstimated_INR + -12.5
None
(1, 15, 1, 4, 1, 1)
caused INR: -15.18020237447445
TpsAltruisticFromLsfGain + CumulativeIndividualEstimated_INR + -15.0
None
(1, 15, 1, 4, 1, 1)
caused INR: -17.13285803879323
TpsRandomic + IndividualEstimated_INR + -10.0
None
ls_gain_coeffs:
[-132.27231063 -127.17298658 -117.57179129 -145.92017987 -112.83550505
 -116.57316573 -125.21551563 -124.67377895 -124.23098353 -120.6729987
 -141.17785315 -133.86504018 -131.66976529 -136.09260233 -129.33559899]
inrs_hat:  [-21.28261059 -16.18328654  -6.58209125 -34.93047982  -1.84580501
  -5.58346569 -14.22581558 -13.68407891 -13.24128348  -9.68329866
 -30.1881531  -22.87534014 -20.68006525 -25.10290229 -18.34589894]
scheduled_ues:  [ 0  1  3  6  7  8 10 11 12 13 14]
(1, 15, 1, 4, 1, 1)
caused INR: -8.61096504634914
TpsRandomic + IndividualEstimated_INR + -12.5
None
ls_gain_coeffs:
[-133.95742627 -110.75065208 -133.82085915 -140.07333705 -129.54012186
 -102.32513656 -125.21551563 -124.67377895 -116.79077857 -129.60285673
 -133.54271158 -122.33300078 -117.94185255 -136.09260233 -129.33559899]
inrs_hat:  [-22.96772622   0.23904797 -22.8311591  -29.083637   -18.55042182
   8.66456349 -14.22581558 -13.68407891  -5.80107852 -18.61315669
 -22.55301154 -11.34330074  -6.9521525  -25.10290229 -18.34589894]
scheduled_ues:  [ 0  2  3  4  6  7  9 10 13 14]
(1, 15, 1, 4, 1, 1)
caused INR: -10.718150283099824
TpsRandomic + IndividualEstimated_INR + -15.0
None
ls_gain_coeffs:
[-133.95742627 -127.17298658 -133.82085915 -145.92017987 -116.31959381
 -107.77521929 -129.62814063 -122.05773208 -124.23098353 -120.6729987
 -141.17785315 -123.24256139 -114.09008676 -119.02350221 -117.63763844]
inrs_hat:  [-22.96772622 -16.18328654 -22.8311591  -34.93047982  -5.32989377
   3.21448075 -18.63844059 -11.06803204 -13.24128348  -9.68329866
 -30.1881531  -12.25286134  -3.10038671  -8.03380217  -6.6479384 ]
scheduled_ues:  [ 0  1  2  3  6 10]
(1, 15, 1, 4, 1, 1)
caused INR: -8.431424499801093
TpsRandomic + CumulativeIndividualEstimated_INR + -10.0
None
(1, 15, 1, 4, 1, 1)
caused INR: -10.441691202297797
TpsRandomic + CumulativeIndividualEstimated_INR + -12.5
None
(1, 15, 1, 4, 1, 1)
caused INR: -13.62474569659273
TpsRandomic + CumulativeIndividualEstimated_INR + -15.0
None
(1, 15, 1, 4, 1, 1)
caused INR: -12.084408196686553
Iteration number 65
TpsAltruisticFromLsfGain + IndividualEstimated_INR + -10.0
None
ls_gain_coeffs:
[-147.88364583 -134.69430368 -143.38264119 -120.67363453 -138.59457073
 -127.65299891 -132.80695673 -127.63775101 -136.65583056 -121.46693088
 -152.23599415 -132.3359277  -131.5405011  -139.45961103 -145.6606195 ]
inrs_hat:  [-36.89394579 -23.70460364 -32.39294114  -9.68393449 -27.60487069
 -16.66329887 -21.81725668 -16.64805096 -25.66613052 -10.47723084
 -41.24629411 -21.34622765 -20.55080106 -28.46991099 -34.67091945]
scheduled_ues:  [ 0  1  2  4  5  6  7  8  9 10 11 12 13 14]
(1, 15, 1, 4, 1, 1)
caused INR: -9.911070067148435
TpsAltruisticFromLsfGain + IndividualEstimated_INR + -12.5
None
ls_gain_coeffs:
[-147.88364583 -134.69430368 -143.38264119 -120.67363453 -138.59457073
 -127.65299891 -132.80695673 -127.63775101 -136.65583056 -121.46693088
 -152.23599415 -132.3359277  -131.5405011  -139.45961103 -145.6606195 ]
inrs_hat:  [-36.89394579 -23.70460364 -32.39294114  -9.68393449 -27.60487069
 -16.66329887 -21.81725668 -16.64805096 -25.66613052 -10.47723084
 -41.24629411 -21.34622765 -20.55080106 -28.46991099 -34.67091945]
scheduled_ues:  [ 0  1  2  4  5  6  7  8 10 11 12 13 14]
(1, 15, 1, 4, 1, 1)
caused INR: -10.014672049606823
TpsAltruisticFromLsfGain + IndividualEstimated_INR + -15.0
None
ls_gain_coeffs:
[-147.88364583 -134.69430368 -143.38264119 -120.67363453 -138.59457073
 -127.65299891 -132.80695673 -127.63775101 -136.65583056 -121.46693088
 -152.23599415 -132.3359277  -131.5405011  -139.45961103 -145.6606195 ]
inrs_hat:  [-36.89394579 -23.70460364 -32.39294114  -9.68393449 -27.60487069
 -16.66329887 -21.81725668 -16.64805096 -25.66613052 -10.47723084
 -41.24629411 -21.34622765 -20.55080106 -28.46991099 -34.67091945]
scheduled_ues:  [ 0  1  2  4  5  6  7  8 10 11 12 13 14]
(1, 15, 1, 4, 1, 1)
caused INR: -10.014672049606823
TpsAltruisticFromLsfGain + CumulativeIndividualEstimated_INR + -10.0
None
(1, 15, 1, 4, 1, 1)
caused INR: -10.014672049606823
TpsAltruisticFromLsfGain + CumulativeIndividualEstimated_INR + -12.5
None
(1, 15, 1, 4, 1, 1)
caused INR: -16.250913710996024
TpsAltruisticFromLsfGain + CumulativeIndividualEstimated_INR + -15.0
None
(1, 15, 1, 4, 1, 1)
caused INR: -15.471756630130491
TpsRandomic + IndividualEstimated_INR + -10.0
None
ls_gain_coeffs:
[-134.5956679  -123.13836552 -134.48552973 -113.67183931 -125.77359463
 -114.41147712 -115.52376235 -110.20526738 -130.69724038 -106.87514118
 -147.25106821 -132.3359277  -131.5405011  -131.08733705 -129.11366415]
inrs_hat:  [-23.60596786 -12.14866548 -23.49582969  -2.68213927 -14.78389458
  -3.42177707  -4.53406231   0.78443266 -19.70754034   4.11455886
 -36.26136817 -21.34622765 -20.55080106 -20.09763701 -18.12396411]
scheduled_ues:  [ 0  1  2  4  8 10 11 12 13 14]
(1, 15, 1, 4, 1, 1)
caused INR: -20.39319218914961
TpsRandomic + IndividualEstimated_INR + -12.5
None
ls_gain_coeffs:
[-133.74928997 -123.13836552 -126.68118064 -120.67363453 -131.01192997
 -110.91077475 -132.80695673 -119.7200129  -136.65583056 -118.24164633
 -136.47111019 -115.00954968 -117.58937935 -131.08733705 -132.00493943]
inrs_hat:  [-22.75958993 -12.14866548 -15.69148059  -9.68393449 -20.02222993
   0.07892529 -21.81725668  -8.73031286 -25.66613052  -7.25194629
 -25.48141015  -4.01984964  -6.5996793  -20.09763701 -21.01523939]
scheduled_ues:  [ 0  2  4  6  8 10 13 14]
(1, 15, 1, 4, 1, 1)
caused INR: -10.889371596025772
TpsRandomic + IndividualEstimated_INR + -15.0
None
ls_gain_coeffs:
[-134.5956679  -117.39205861 -134.48552973 -103.73945538 -138.59457073
 -127.65299891 -122.95462434 -113.13212186 -130.69724038 -118.24164633
 -136.47111019 -132.3359277  -131.5405011  -139.45961103 -145.6606195 ]
inrs_hat:  [-23.60596786  -6.40235857 -23.49582969   7.25024466 -27.60487069
 -16.66329887 -11.9649243   -2.14242182 -19.70754034  -7.25194629
 -25.48141015 -21.34622765 -20.55080106 -28.46991099 -34.67091945]
scheduled_ues:  [ 0  2  4  5  8 10 11 12 13 14]
(1, 15, 1, 4, 1, 1)
caused INR: -25.9998043321103
TpsRandomic + CumulativeIndividualEstimated_INR + -10.0
None
(1, 15, 1, 4, 1, 1)
caused INR: -22.335436057626605
TpsRandomic + CumulativeIndividualEstimated_INR + -12.5
None
(1, 15, 1, 4, 1, 1)
caused INR: -13.157436447543724
TpsRandomic + CumulativeIndividualEstimated_INR + -15.0
None
(1, 15, 1, 4, 1, 1)
caused INR: -16.893500427893564
Iteration number 66
TpsAltruisticFromLsfGain + IndividualEstimated_INR + -10.0
None
ls_gain_coeffs:
[-140.45555692 -151.87878916 -140.44812117 -143.75044899 -130.14367914
 -118.00835565 -138.36253296 -145.4736814  -146.3625381  -136.39038313
 -145.38671313 -143.30568608 -138.49535613 -123.26545556 -152.85590139]
inrs_hat:  [-29.46585688 -40.88908912 -29.45842113 -32.76074894 -19.15397909
  -7.01865561 -27.37283291 -34.48398136 -35.37283806 -25.40068309
 -34.39701309 -32.31598604 -27.50565609 -12.27575551 -41.86620135]
scheduled_ues:  [ 0  1  2  3  4  6  7  8  9 10 11 12 13 14]
(1, 15, 1, 4, 1, 1)
caused INR: -8.143392320747902
TpsAltruisticFromLsfGain + IndividualEstimated_INR + -12.5
None
ls_gain_coeffs:
[-140.45555692 -151.87878916 -140.44812117 -143.75044899 -130.14367914
 -118.00835565 -138.36253296 -145.4736814  -146.3625381  -136.39038313
 -145.38671313 -143.30568608 -138.49535613 -123.26545556 -152.85590139]
inrs_hat:  [-29.46585688 -40.88908912 -29.45842113 -32.76074894 -19.15397909
  -7.01865561 -27.37283291 -34.48398136 -35.37283806 -25.40068309
 -34.39701309 -32.31598604 -27.50565609 -12.27575551 -41.86620135]
scheduled_ues:  [ 0  1  2  3  4  6  7  8  9 10 11 12 14]
(1, 15, 1, 4, 1, 1)
caused INR: -20.533642365093534
TpsAltruisticFromLsfGain + IndividualEstimated_INR + -15.0
None
ls_gain_coeffs:
[-140.45555692 -151.87878916 -140.44812117 -143.75044899 -130.14367914
 -118.00835565 -138.36253296 -145.4736814  -146.3625381  -136.39038313
 -145.38671313 -143.30568608 -138.49535613 -123.26545556 -152.85590139]
inrs_hat:  [-29.46585688 -40.88908912 -29.45842113 -32.76074894 -19.15397909
  -7.01865561 -27.37283291 -34.48398136 -35.37283806 -25.40068309
 -34.39701309 -32.31598604 -27.50565609 -12.27575551 -41.86620135]
scheduled_ues:  [ 0  1  2  3  4  6  7  8  9 10 11 12 14]
(1, 15, 1, 4, 1, 1)
caused INR: -20.533642365093534
TpsAltruisticFromLsfGain + CumulativeIndividualEstimated_INR + -10.0
None
(1, 15, 1, 4, 1, 1)
caused INR: -8.143392320747902
TpsAltruisticFromLsfGain + CumulativeIndividualEstimated_INR + -12.5
None
(1, 15, 1, 4, 1, 1)
caused INR: -20.533642365093534
TpsAltruisticFromLsfGain + CumulativeIndividualEstimated_INR + -15.0
None
(1, 15, 1, 4, 1, 1)
caused INR: -20.533642365093534
TpsRandomic + IndividualEstimated_INR + -10.0
None
ls_gain_coeffs:
[-140.45555692 -136.15096257 -129.24544359 -127.88993363 -117.08026498
 -113.06601261 -138.36253296 -131.56000652 -132.78454633 -136.39038313
 -134.57121132 -132.73396115 -125.3917665  -106.13546739 -139.56238099]
inrs_hat:  [-29.46585688 -25.16126252 -18.25574355 -16.90023358  -6.09056494
  -2.07631257 -27.37283291 -20.57030648 -21.79484629 -25.40068309
 -23.58151127 -21.7442611  -14.40206645   4.85423265 -28.57268095]
scheduled_ues:  [ 0  1  2  3  6  7  8  9 10 11 12 14]
(1, 15, 1, 4, 1, 1)
caused INR: -14.824993122022715
TpsRandomic + IndividualEstimated_INR + -12.5
None
ls_gain_coeffs:
[-140.45555692 -146.94944927 -129.24544359 -129.59939131 -130.14367914
 -118.00835565 -125.31508514 -145.4736814  -146.3625381  -123.89329894
 -134.57121132 -126.34897075 -125.3917665  -123.26545556 -139.56238099]
inrs_hat:  [-29.46585688 -35.95974923 -18.25574355 -18.60969126 -19.15397909
  -7.01865561 -14.32538509 -34.48398136 -35.37283806 -12.9035989
 -23.58151127 -15.35927071 -14.40206645 -12.27575551 -28.57268095]
scheduled_ues:  [ 0  1  2  3  4  6  7  8  9 10 11 12 14]
(1, 15, 1, 4, 1, 1)
caused INR: -16.375081207560566
TpsRandomic + IndividualEstimated_INR + -15.0
None
ls_gain_coeffs:
[-127.04377955 -136.15096257 -130.31567181 -138.62207595 -116.45845082
 -118.00835565 -138.36253296 -131.56000652 -132.78454633 -123.92104104
 -145.38671313 -126.34897075 -138.49535613 -114.70525054 -139.56238099]
inrs_hat:  [-16.05407951 -25.16126252 -19.32597177 -27.6323759   -5.46875078
  -7.01865561 -27.37283291 -20.57030648 -21.79484629 -12.93134099
 -34.39701309 -15.35927071 -27.50565609  -3.7155505  -28.57268095]
scheduled_ues:  [ 0  1  2  3  6  7  8 10 11 12 14]
(1, 15, 1, 4, 1, 1)
caused INR: -8.377355989344284
TpsRandomic + CumulativeIndividualEstimated_INR + -10.0
None
(1, 15, 1, 4, 1, 1)
caused INR: -7.276396653881544
TpsRandomic + CumulativeIndividualEstimated_INR + -12.5
None
(1, 15, 1, 4, 1, 1)
caused INR: -20.42488298526946
TpsRandomic + CumulativeIndividualEstimated_INR + -15.0
None
(1, 15, 1, 4, 1, 1)
caused INR: -15.39733942169386
Iteration number 67
TpsAltruisticFromLsfGain + IndividualEstimated_INR + -10.0
None
ls_gain_coeffs:
[-142.13132344 -144.80041563 -129.32900477 -146.61911737 -142.94267006
 -130.49897561 -143.09759554 -143.00680894 -139.97895024 -130.09781743
 -146.12385042 -151.34489407 -146.26856104 -142.46134366 -120.12262649]
inrs_hat:  [-31.14162339 -33.81071559 -18.33930472 -35.62941732 -31.95297001
 -19.50927556 -32.1078955  -32.0171089  -28.9892502  -19.10811739
 -35.13415038 -40.35519403 -35.278861   -31.47164362  -9.13292644]
scheduled_ues:  [ 0  1  2  3  4  5  6  7  8  9 10 11 12 13]
(1, 15, 1, 4, 1, 1)
caused INR: -7.91154951483989
TpsAltruisticFromLsfGain + IndividualEstimated_INR + -12.5
None
ls_gain_coeffs:
[-142.13132344 -144.80041563 -129.32900477 -146.61911737 -142.94267006
 -130.49897561 -143.09759554 -143.00680894 -139.97895024 -130.09781743
 -146.12385042 -151.34489407 -146.26856104 -142.46134366 -120.12262649]
inrs_hat:  [-31.14162339 -33.81071559 -18.33930472 -35.62941732 -31.95297001
 -19.50927556 -32.1078955  -32.0171089  -28.9892502  -19.10811739
 -35.13415038 -40.35519403 -35.278861   -31.47164362  -9.13292644]
scheduled_ues:  [ 0  1  2  3  4  5  6  7  8  9 10 11 12 13]
(1, 15, 1, 4, 1, 1)
caused INR: -7.91154951483989
TpsAltruisticFromLsfGain + IndividualEstimated_INR + -15.0
None
ls_gain_coeffs:
[-142.13132344 -144.80041563 -129.32900477 -146.61911737 -142.94267006
 -130.49897561 -143.09759554 -143.00680894 -139.97895024 -130.09781743
 -146.12385042 -151.34489407 -146.26856104 -142.46134366 -120.12262649]
inrs_hat:  [-31.14162339 -33.81071559 -18.33930472 -35.62941732 -31.95297001
 -19.50927556 -32.1078955  -32.0171089  -28.9892502  -19.10811739
 -35.13415038 -40.35519403 -35.278861   -31.47164362  -9.13292644]
scheduled_ues:  [ 0  1  2  3  4  5  6  7  8  9 10 11 12 13]
(1, 15, 1, 4, 1, 1)
caused INR: -7.91154951483989
TpsAltruisticFromLsfGain + CumulativeIndividualEstimated_INR + -10.0
None
(1, 15, 1, 4, 1, 1)
caused INR: -7.91154951483989
TpsAltruisticFromLsfGain + CumulativeIndividualEstimated_INR + -12.5
None
(1, 15, 1, 4, 1, 1)
caused INR: -7.91154951483989
TpsAltruisticFromLsfGain + CumulativeIndividualEstimated_INR + -15.0
None
(1, 15, 1, 4, 1, 1)
caused INR: -13.57831386878148
TpsRandomic + IndividualEstimated_INR + -10.0
None
ls_gain_coeffs:
[-125.09685917 -128.09931789 -129.12925638 -137.00657992 -142.94267006
 -130.49897561 -143.09759554 -129.58227246 -139.97895024 -130.09781743
 -144.75447937 -141.29291973 -140.48971408 -128.58553278 -120.12262649]
inrs_hat:  [-14.10715913 -17.10961785 -18.13955634 -26.01687988 -31.95297001
 -19.50927556 -32.1078955  -18.59257242 -28.9892502  -19.10811739
 -33.76477932 -30.30321969 -29.50001403 -17.59583274  -9.13292644]
scheduled_ues:  [ 0  1  2  3  4  5  6  7  8  9 10 11 12 13]
(1, 15, 1, 4, 1, 1)
caused INR: -5.303334302642012
TpsRandomic + IndividualEstimated_INR + -12.5
None
ls_gain_coeffs:
[-142.13132344 -128.09931789 -129.32900477 -135.13362006 -136.38418397
 -130.49897561 -130.45675023 -136.0574265  -137.93919583 -130.09781743
 -146.12385042 -151.34489407 -132.11864823 -128.58553278 -106.88059431]
inrs_hat:  [-31.14162339 -17.10961785 -18.33930472 -24.14392002 -25.39448392
 -19.50927556 -19.46705019 -25.06772646 -26.94949579 -19.10811739
 -35.13415038 -40.35519403 -21.12894818 -17.59583274   4.10910573]
scheduled_ues:  [ 0  1  2  3  4  5  6  7  8  9 10 11 12 13]
(1, 15, 1, 4, 1, 1)
caused INR: -8.436389388106786
TpsRandomic + IndividualEstimated_INR + -15.0
None
ls_gain_coeffs:
[-125.09685917 -144.80041563 -116.75423917 -129.84929999 -136.38418397
 -121.3981962  -126.52922191 -143.00680894 -139.97895024 -113.42558283
 -144.75447937 -141.29291973 -130.08338115 -127.15132191 -106.08016214]
inrs_hat:  [-14.10715913 -33.81071559  -5.76453913 -18.85959995 -25.39448392
 -10.40849615 -15.53952187 -32.0171089  -28.9892502   -2.43588279
 -33.76477932 -30.30321969 -19.09368111 -16.16162187   4.90953791]
scheduled_ues:  [ 1  3  4  6  7  8 10 11 12 13]
(1, 15, 1, 4, 1, 1)
caused INR: -9.320551489127489
TpsRandomic + CumulativeIndividualEstimated_INR + -10.0
None
(1, 15, 1, 4, 1, 1)
caused INR: -6.454678810842127
TpsRandomic + CumulativeIndividualEstimated_INR + -12.5
None
(1, 15, 1, 4, 1, 1)
caused INR: -27.88875847490433
TpsRandomic + CumulativeIndividualEstimated_INR + -15.0
None
(1, 15, 1, 4, 1, 1)
caused INR: -32.64689266073319
Iteration number 68
TpsAltruisticFromLsfGain + IndividualEstimated_INR + -10.0
None
ls_gain_coeffs:
[-117.42013281 -143.51606798 -126.30872499 -129.34686471 -131.87147042
 -132.88371143 -133.48740119 -149.07317982 -132.92574194 -138.77958223
 -133.16714905 -144.31503905 -147.11102001 -141.15375689 -136.01222342]
inrs_hat:  [ -6.43043277 -32.52636794 -15.31902495 -18.35716467 -20.88177037
 -21.89401138 -22.49770115 -38.08347977 -21.9360419  -27.78988219
 -22.177449   -33.32533901 -36.12131996 -30.16405684 -25.02252337]
scheduled_ues:  [ 1  2  3  4  5  6  7  8  9 10 11 12 13 14]
(1, 15, 1, 4, 1, 1)
caused INR: -23.256484566366918
TpsAltruisticFromLsfGain + IndividualEstimated_INR + -12.5
None
ls_gain_coeffs:
[-117.42013281 -143.51606798 -126.30872499 -129.34686471 -131.87147042
 -132.88371143 -133.48740119 -149.07317982 -132.92574194 -138.77958223
 -133.16714905 -144.31503905 -147.11102001 -141.15375689 -136.01222342]
inrs_hat:  [ -6.43043277 -32.52636794 -15.31902495 -18.35716467 -20.88177037
 -21.89401138 -22.49770115 -38.08347977 -21.9360419  -27.78988219
 -22.177449   -33.32533901 -36.12131996 -30.16405684 -25.02252337]
scheduled_ues:  [ 1  2  3  4  5  6  7  8  9 10 11 12 13 14]
(1, 15, 1, 4, 1, 1)
caused INR: -23.256484566366918
TpsAltruisticFromLsfGain + IndividualEstimated_INR + -15.0
None
ls_gain_coeffs:
[-117.42013281 -143.51606798 -126.30872499 -129.34686471 -131.87147042
 -132.88371143 -133.48740119 -149.07317982 -132.92574194 -138.77958223
 -133.16714905 -144.31503905 -147.11102001 -141.15375689 -136.01222342]
inrs_hat:  [ -6.43043277 -32.52636794 -15.31902495 -18.35716467 -20.88177037
 -21.89401138 -22.49770115 -38.08347977 -21.9360419  -27.78988219
 -22.177449   -33.32533901 -36.12131996 -30.16405684 -25.02252337]
scheduled_ues:  [ 1  2  3  4  5  6  7  8  9 10 11 12 13 14]
(1, 15, 1, 4, 1, 1)
caused INR: -23.256484566366918
TpsAltruisticFromLsfGain + CumulativeIndividualEstimated_INR + -10.0
None
(1, 15, 1, 4, 1, 1)
caused INR: -23.256484566366918
TpsAltruisticFromLsfGain + CumulativeIndividualEstimated_INR + -12.5
None
(1, 15, 1, 4, 1, 1)
caused INR: -21.250344820448056
TpsAltruisticFromLsfGain + CumulativeIndividualEstimated_INR + -15.0
None
(1, 15, 1, 4, 1, 1)
caused INR: -13.805970754623605
TpsRandomic + IndividualEstimated_INR + -10.0
None
ls_gain_coeffs:
[-109.07979431 -133.02382333 -126.30872499 -129.34686471 -131.87147042
 -132.88371143 -124.71938401 -135.15243822 -131.53312901 -125.5088276
 -116.36029916 -130.9995087  -137.00730586 -127.63621035 -136.01222342]
inrs_hat:  [  1.90990573 -22.03412328 -15.31902495 -18.35716467 -20.88177037
 -21.89401138 -13.72968397 -24.16273818 -20.54342897 -14.51912755
  -5.37059912 -20.00980865 -26.01760582 -16.64651031 -25.02252337]
scheduled_ues:  [ 1  2  3  4  5  6  7  8  9 11 12 13 14]
(1, 15, 1, 4, 1, 1)
caused INR: -15.912210744502646
TpsRandomic + IndividualEstimated_INR + -12.5
None
ls_gain_coeffs:
[-109.07979431 -132.71331691 -112.34718441 -112.4187475  -131.87147042
 -116.2063667  -124.71938401 -142.96951378 -120.01993763 -124.67967296
 -133.16714905 -130.12557834 -130.34070537 -141.15375689 -123.36279822]
inrs_hat:  [  1.90990573 -21.72361687  -1.35748437  -1.42904745 -20.88177037
  -5.21666666 -13.72968397 -31.97981373  -9.03023759 -13.68997292
 -22.177449   -19.1358783  -19.35100533 -30.16405684 -12.37309818]
scheduled_ues:  [ 1  4  6  7  9 10 11 12 13]
(1, 15, 1, 4, 1, 1)
caused INR: -14.019945980103044
TpsRandomic + IndividualEstimated_INR + -15.0
None
ls_gain_coeffs:
[-109.07979431 -132.71331691 -119.7165353  -118.45944386 -118.72372193
 -124.51219414 -116.4382765  -142.96951378 -119.55573332 -136.29211833
 -133.16714905 -130.9995087  -130.34070537 -141.15375689 -135.70048562]
inrs_hat:  [  1.90990573 -21.72361687  -8.72683526  -7.46974382  -7.73402189
 -13.52249409  -5.44857646 -31.97981373  -8.56603328 -25.30241829
 -22.177449   -20.00980865 -19.35100533 -30.16405684 -24.71078558]
scheduled_ues:  [ 1  7  9 10 11 12 13 14]
(1, 15, 1, 4, 1, 1)
caused INR: -12.748858756230907
TpsRandomic + CumulativeIndividualEstimated_INR + -10.0
None
(1, 15, 1, 4, 1, 1)
caused INR: -28.89106052923203
TpsRandomic + CumulativeIndividualEstimated_INR + -12.5
None
(1, 15, 1, 4, 1, 1)
caused INR: -10.386572526204912
TpsRandomic + CumulativeIndividualEstimated_INR + -15.0
None
(1, 15, 1, 4, 1, 1)
caused INR: -16.734401078669343
Iteration number 69
TpsAltruisticFromLsfGain + IndividualEstimated_INR + -10.0
None
ls_gain_coeffs:
[-139.25763755 -141.75838898 -137.9775281  -148.87869085 -121.78209362
 -139.33310849 -149.40306408 -133.99481581 -145.08744424 -127.38519651
 -136.1021315  -136.42807148 -131.9825901  -138.35678004 -148.31581682]
inrs_hat:  [-28.26793751 -30.76868893 -26.98782806 -37.88899081 -10.79239358
 -28.34340845 -38.41336404 -23.00511577 -34.0977442  -16.39549647
 -25.11243145 -25.43837144 -20.99289005 -27.36708    -37.32611677]
scheduled_ues:  [ 0  1  2  3  4  5  6  7  8  9 10 11 12 13 14]
(1, 15, 1, 4, 1, 1)
caused INR: -18.417447355344354
TpsAltruisticFromLsfGain + IndividualEstimated_INR + -12.5
None
ls_gain_coeffs:
[-139.25763755 -141.75838898 -137.9775281  -148.87869085 -121.78209362
 -139.33310849 -149.40306408 -133.99481581 -145.08744424 -127.38519651
 -136.1021315  -136.42807148 -131.9825901  -138.35678004 -148.31581682]
inrs_hat:  [-28.26793751 -30.76868893 -26.98782806 -37.88899081 -10.79239358
 -28.34340845 -38.41336404 -23.00511577 -34.0977442  -16.39549647
 -25.11243145 -25.43837144 -20.99289005 -27.36708    -37.32611677]
scheduled_ues:  [ 0  1  2  3  5  6  7  8  9 10 11 12 13 14]
(1, 15, 1, 4, 1, 1)
caused INR: -29.850854380580742
TpsAltruisticFromLsfGain + IndividualEstimated_INR + -15.0
None
ls_gain_coeffs:
[-139.25763755 -141.75838898 -137.9775281  -148.87869085 -121.78209362
 -139.33310849 -149.40306408 -133.99481581 -145.08744424 -127.38519651
 -136.1021315  -136.42807148 -131.9825901  -138.35678004 -148.31581682]
inrs_hat:  [-28.26793751 -30.76868893 -26.98782806 -37.88899081 -10.79239358
 -28.34340845 -38.41336404 -23.00511577 -34.0977442  -16.39549647
 -25.11243145 -25.43837144 -20.99289005 -27.36708    -37.32611677]
scheduled_ues:  [ 0  1  2  3  5  6  7  8  9 10 11 12 13 14]
(1, 15, 1, 4, 1, 1)
caused INR: -29.850854380580742
TpsAltruisticFromLsfGain + CumulativeIndividualEstimated_INR + -10.0
None
(1, 15, 1, 4, 1, 1)
caused INR: -29.850854380580742
TpsAltruisticFromLsfGain + CumulativeIndividualEstimated_INR + -12.5
None
(1, 15, 1, 4, 1, 1)
caused INR: -29.850854380580742
TpsAltruisticFromLsfGain + CumulativeIndividualEstimated_INR + -15.0
None
(1, 15, 1, 4, 1, 1)
caused INR: -22.33132075276818
TpsRandomic + IndividualEstimated_INR + -10.0
None
ls_gain_coeffs:
[-131.32567996 -130.92868554 -137.35840726 -135.04149463 -121.78209362
 -133.11316005 -134.38500337 -123.14532383 -128.6557834  -110.53534845
 -120.11367834 -123.91583179 -115.29111154 -127.02576227 -134.14105559]
inrs_hat:  [-20.33597991 -19.9389855  -26.36870722 -24.05179459 -10.79239358
 -22.12346001 -23.39530333 -12.15562379 -17.66608336   0.45435159
  -9.1239783  -12.92613175  -4.3014115  -16.03606223 -23.15135555]
scheduled_ues:  [ 0  1  2  3  4  5  6  7  8 11 13 14]
(1, 15, 1, 4, 1, 1)
caused INR: -17.229889341705974
TpsRandomic + IndividualEstimated_INR + -12.5
None
ls_gain_coeffs:
[-126.39109389 -141.75838898 -125.32955449 -148.87869085 -109.19578271
 -133.11316005 -149.40306408 -133.99481581 -128.6557834  -118.55133934
 -130.78185177 -123.91583179 -131.9825901  -138.35678004 -143.11633314]
inrs_hat:  [-15.40139385 -30.76868893 -14.33985445 -37.88899081   1.79391733
 -22.12346001 -38.41336404 -23.00511577 -17.66608336  -7.5616393
 -19.79215172 -12.92613175 -20.99289005 -27.36708    -32.12663309]
scheduled_ues:  [ 0  1  2  3  5  6  7  8 10 11 12 13 14]
(1, 15, 1, 4, 1, 1)
caused INR: -7.659016906314664
TpsRandomic + IndividualEstimated_INR + -15.0
None
ls_gain_coeffs:
[-131.32567996 -141.75838898 -125.12318088 -142.89763133 -121.56502725
 -123.15427033 -134.38500337 -133.99481581 -131.33491604 -127.38519651
 -121.88710492 -123.95115164 -119.19038661 -127.02576227 -132.40789436]
inrs_hat:  [-20.33597991 -30.76868893 -14.13348083 -31.90793128 -10.57532721
 -12.16457028 -23.39530333 -23.00511577 -20.34521599 -16.39549647
 -10.89740488 -12.9614516   -8.20068657 -16.03606223 -21.41819432]
scheduled_ues:  [ 0  1  3  6  7  8  9 13 14]
(1, 15, 1, 4, 1, 1)
caused INR: -14.915484759037557
TpsRandomic + CumulativeIndividualEstimated_INR + -10.0
None
(1, 15, 1, 4, 1, 1)
caused INR: -12.955871026924559
TpsRandomic + CumulativeIndividualEstimated_INR + -12.5
None
(1, 15, 1, 4, 1, 1)
caused INR: -21.40073306185367
TpsRandomic + CumulativeIndividualEstimated_INR + -15.0
None
(1, 15, 1, 4, 1, 1)
caused INR: -17.128249825399028
Iteration number 70
TpsAltruisticFromLsfGain + IndividualEstimated_INR + -10.0
None
ls_gain_coeffs:
[-133.94974112 -147.23988057 -145.43587847 -142.48350545 -144.18032839
 -147.80715992 -136.04433942 -135.29906706 -134.49277505 -136.48334192
 -133.61778845 -140.44124275 -146.1997825  -124.3641753  -146.50144018]
inrs_hat:  [-22.96004108 -36.25018053 -34.44617843 -31.4938054  -33.19062835
 -36.81745988 -25.05463937 -24.30936702 -23.50307501 -25.49364187
 -22.62808841 -29.45154271 -35.21008245 -13.37447526 -35.51174013]
scheduled_ues:  [ 0  1  2  3  4  5  6  7  8  9 10 11 12 13 14]
(1, 15, 1, 4, 1, 1)
caused INR: -10.195865290800523
TpsAltruisticFromLsfGain + IndividualEstimated_INR + -12.5
None
ls_gain_coeffs:
[-133.94974112 -147.23988057 -145.43587847 -142.48350545 -144.18032839
 -147.80715992 -136.04433942 -135.29906706 -134.49277505 -136.48334192
 -133.61778845 -140.44124275 -146.1997825  -124.3641753  -146.50144018]
inrs_hat:  [-22.96004108 -36.25018053 -34.44617843 -31.4938054  -33.19062835
 -36.81745988 -25.05463937 -24.30936702 -23.50307501 -25.49364187
 -22.62808841 -29.45154271 -35.21008245 -13.37447526 -35.51174013]
scheduled_ues:  [ 0  1  2  3  4  5  6  7  8  9 10 11 12 13 14]
(1, 15, 1, 4, 1, 1)
caused INR: -10.195865290800523
TpsAltruisticFromLsfGain + IndividualEstimated_INR + -15.0
None
ls_gain_coeffs:
[-133.94974112 -147.23988057 -145.43587847 -142.48350545 -144.18032839
 -147.80715992 -136.04433942 -135.29906706 -134.49277505 -136.48334192
 -133.61778845 -140.44124275 -146.1997825  -124.3641753  -146.50144018]
inrs_hat:  [-22.96004108 -36.25018053 -34.44617843 -31.4938054  -33.19062835
 -36.81745988 -25.05463937 -24.30936702 -23.50307501 -25.49364187
 -22.62808841 -29.45154271 -35.21008245 -13.37447526 -35.51174013]
scheduled_ues:  [ 0  1  2  3  4  5  6  7  8  9 10 11 12 14]
(1, 15, 1, 4, 1, 1)
caused INR: -12.908423819401573
TpsAltruisticFromLsfGain + CumulativeIndividualEstimated_INR + -10.0
None
(1, 15, 1, 4, 1, 1)
caused INR: -10.195865290800523
TpsAltruisticFromLsfGain + CumulativeIndividualEstimated_INR + -12.5
None
(1, 15, 1, 4, 1, 1)
caused INR: -12.908423819401573
TpsAltruisticFromLsfGain + CumulativeIndividualEstimated_INR + -15.0
None
(1, 15, 1, 4, 1, 1)
caused INR: -12.908423819401573
TpsRandomic + IndividualEstimated_INR + -10.0
None
ls_gain_coeffs:
[-117.04478265 -147.23988057 -128.56892667 -142.48350545 -130.5051938
 -133.96872406 -136.04433942 -135.29906706 -122.40645865 -123.90548617
 -133.61778845 -140.44124275 -141.42594782 -112.60099709 -146.50144018]
inrs_hat:  [ -6.05508261 -36.25018053 -17.57922663 -31.4938054  -19.51549375
 -22.97902402 -25.05463937 -24.30936702 -11.41675861 -12.91578613
 -22.62808841 -29.45154271 -30.43624778  -1.61129704 -35.51174013]
scheduled_ues:  [ 1  2  3  4  5  6  7  8  9 10 11 12 14]
(1, 15, 1, 4, 1, 1)
caused INR: -8.938724354615674
TpsRandomic + IndividualEstimated_INR + -12.5
None
ls_gain_coeffs:
[-123.01012246 -138.03053972 -136.6846751  -125.54541601 -130.5051938
 -143.61665234 -126.54655811 -126.16593713 -117.74112135 -123.90548617
 -117.07811114 -127.48621582 -141.42594782 -106.11723433 -135.18970024]
inrs_hat:  [-12.02042242 -27.04083967 -25.69497506 -14.55571597 -19.51549375
 -32.6269523  -15.55685807 -15.17623708  -6.75142131 -12.91578613
  -6.0884111  -16.49651578 -30.43624778   4.87246571 -24.20000019]
scheduled_ues:  [ 1  2  3  4  5  6  7  9 11 12 14]
(1, 15, 1, 4, 1, 1)
caused INR: -9.165729914299442
TpsRandomic + IndividualEstimated_INR + -15.0
None
ls_gain_coeffs:
[-117.04478265 -138.03053972 -128.56892667 -130.72798965 -144.18032839
 -143.61665234 -119.24633228 -135.29906706 -122.40645865 -136.48334192
 -133.61778845 -139.67110235 -132.16690427 -112.60099709 -136.58736392]
inrs_hat:  [ -6.05508261 -27.04083967 -17.57922663 -19.73828961 -33.19062835
 -32.6269523   -8.25663223 -24.30936702 -11.41675861 -25.49364187
 -22.62808841 -28.68140231 -21.17720423  -1.61129704 -25.59766388]
scheduled_ues:  [ 1  2  3  4  5  7  9 10 11 12 14]
(1, 15, 1, 4, 1, 1)
caused INR: -14.567320079512276
TpsRandomic + CumulativeIndividualEstimated_INR + -10.0
None
(1, 15, 1, 4, 1, 1)
caused INR: -5.067226937401047
TpsRandomic + CumulativeIndividualEstimated_INR + -12.5
None
(1, 15, 1, 4, 1, 1)
caused INR: -24.77514169704682
TpsRandomic + CumulativeIndividualEstimated_INR + -15.0
None
(1, 15, 1, 4, 1, 1)
caused INR: -15.458082900717919
Iteration number 71
TpsAltruisticFromLsfGain + IndividualEstimated_INR + -10.0
None
ls_gain_coeffs:
[-125.16508621 -140.25739512 -143.19768138 -137.81386052 -118.26431914
 -121.5257756  -135.25540644 -131.40742139 -131.53773235 -135.62083213
 -147.94007646 -148.81937973 -138.32829823 -124.68203479 -116.49876483]
inrs_hat:  [-14.17538617 -29.26769507 -32.20798134 -26.82416047  -7.2746191
 -10.53607556 -24.2657064  -20.41772134 -20.5480323  -24.63113209
 -36.95037642 -37.82967969 -27.33859819 -13.69233475  -5.50906478]
scheduled_ues:  [ 0  1  2  3  5  6  7  8  9 10 11 12 13]
(1, 15, 1, 4, 1, 1)
caused INR: -4.051973667341499
TpsAltruisticFromLsfGain + IndividualEstimated_INR + -12.5
None
ls_gain_coeffs:
[-125.16508621 -140.25739512 -143.19768138 -137.81386052 -118.26431914
 -121.5257756  -135.25540644 -131.40742139 -131.53773235 -135.62083213
 -147.94007646 -148.81937973 -138.32829823 -124.68203479 -116.49876483]
inrs_hat:  [-14.17538617 -29.26769507 -32.20798134 -26.82416047  -7.2746191
 -10.53607556 -24.2657064  -20.41772134 -20.5480323  -24.63113209
 -36.95037642 -37.82967969 -27.33859819 -13.69233475  -5.50906478]
scheduled_ues:  [ 0  1  2  3  6  7  8  9 10 11 12 13]
(1, 15, 1, 4, 1, 1)
caused INR: -14.35014474158725
TpsAltruisticFromLsfGain + IndividualEstimated_INR + -15.0
None
ls_gain_coeffs:
[-125.16508621 -140.25739512 -143.19768138 -137.81386052 -118.26431914
 -121.5257756  -135.25540644 -131.40742139 -131.53773235 -135.62083213
 -147.94007646 -148.81937973 -138.32829823 -124.68203479 -116.49876483]
inrs_hat:  [-14.17538617 -29.26769507 -32.20798134 -26.82416047  -7.2746191
 -10.53607556 -24.2657064  -20.41772134 -20.5480323  -24.63113209
 -36.95037642 -37.82967969 -27.33859819 -13.69233475  -5.50906478]
scheduled_ues:  [ 1  2  3  6  7  8  9 10 11 12]
(1, 15, 1, 4, 1, 1)
caused INR: -15.372582879873558
TpsAltruisticFromLsfGain + CumulativeIndividualEstimated_INR + -10.0
None
(1, 15, 1, 4, 1, 1)
caused INR: -17.290282282937724
TpsAltruisticFromLsfGain + CumulativeIndividualEstimated_INR + -12.5
None
(1, 15, 1, 4, 1, 1)
caused INR: -15.372582879873558
TpsAltruisticFromLsfGain + CumulativeIndividualEstimated_INR + -15.0
None
(1, 15, 1, 4, 1, 1)
caused INR: -15.372582879873558
TpsRandomic + IndividualEstimated_INR + -10.0
None
ls_gain_coeffs:
[-112.66086013 -131.37291238 -129.28481333 -137.81386052 -118.26431914
 -111.85994069 -118.28589237 -120.02188529 -127.84843809 -135.62083213
 -138.47369387 -146.58723831 -128.22281103 -121.38207298 -116.49876483]
inrs_hat:  [ -1.67116009 -20.38321234 -18.29511329 -26.82416047  -7.2746191
  -0.87024065  -7.29619233  -9.03218524 -16.85873805 -24.63113209
 -27.48399383 -35.59753827 -17.23311098 -10.39237294  -5.50906478]
scheduled_ues:  [ 1  2  3  8  9 10 11 12 13]
(1, 15, 1, 4, 1, 1)
caused INR: -1.9335970773980717
TpsRandomic + IndividualEstimated_INR + -12.5
None
ls_gain_coeffs:
[-125.16508621 -131.37291238 -143.19768138 -121.08924134 -118.26431914
 -111.85994069 -135.25540644 -114.50823202 -127.84843809 -128.11997339
 -136.35555463 -134.88968545 -126.79415477 -111.14044752 -109.61338489]
inrs_hat:  [-14.17538617 -20.38321234 -32.20798134 -10.09954129  -7.2746191
  -0.87024065 -24.2657064   -3.51853198 -16.85873805 -17.13027335
 -25.36585458 -23.89998541 -15.80445473  -0.15074748   1.37631515]
scheduled_ues:  [ 0  1  2  6  8  9 10 11 12]
(1, 15, 1, 4, 1, 1)
caused INR: -5.229690760432982
TpsRandomic + IndividualEstimated_INR + -15.0
None
ls_gain_coeffs:
[-125.16508621 -127.71671974 -137.1639067  -137.81386052 -103.43349887
 -121.5257756  -135.25540644 -120.02188529 -127.84843809 -122.57727266
 -138.47369387 -148.81937973 -121.2876829  -121.38207298  -99.46691154]
inrs_hat:  [-14.17538617 -16.7270197  -26.17420666 -26.82416047   7.55620117
 -10.53607556 -24.2657064   -9.03218524 -16.85873805 -11.58757262
 -27.48399383 -37.82967969 -10.29798286 -10.39237294  11.52278851]
scheduled_ues:  [ 1  2  3  6  8 10 11]
(1, 15, 1, 4, 1, 1)
caused INR: -9.833822189229464
TpsRandomic + CumulativeIndividualEstimated_INR + -10.0
None
(1, 15, 1, 4, 1, 1)
caused INR: -10.820189178712393
TpsRandomic + CumulativeIndividualEstimated_INR + -12.5
None
(1, 15, 1, 4, 1, 1)
caused INR: -14.491569579098762
TpsRandomic + CumulativeIndividualEstimated_INR + -15.0
None
(1, 15, 1, 4, 1, 1)
caused INR: -16.821328275612117
Iteration number 72
TpsAltruisticFromLsfGain + IndividualEstimated_INR + -10.0
None
ls_gain_coeffs:
[-131.17390736 -138.48169621 -133.77167585 -124.78576034 -118.68405249
 -128.41864551 -148.45341545 -126.36841704 -150.34906002 -133.19277243
 -123.36485561 -132.07596179 -142.80939271 -134.34886225 -131.13910065]
inrs_hat:  [-20.18420732 -27.49199616 -22.7819758  -13.79606029  -7.69435245
 -17.42894546 -37.46371541 -15.37871699 -39.35935998 -22.20307239
 -12.37515557 -21.08626175 -31.81969267 -23.35916221 -20.14940061]
scheduled_ues:  [ 0  1  2  3  5  6  7  8  9 10 11 12 13 14]
(1, 15, 1, 4, 1, 1)
caused INR: -8.945726867485398
TpsAltruisticFromLsfGain + IndividualEstimated_INR + -12.5
None
ls_gain_coeffs:
[-131.17390736 -138.48169621 -133.77167585 -124.78576034 -118.68405249
 -128.41864551 -148.45341545 -126.36841704 -150.34906002 -133.19277243
 -123.36485561 -132.07596179 -142.80939271 -134.34886225 -131.13910065]
inrs_hat:  [-20.18420732 -27.49199616 -22.7819758  -13.79606029  -7.69435245
 -17.42894546 -37.46371541 -15.37871699 -39.35935998 -22.20307239
 -12.37515557 -21.08626175 -31.81969267 -23.35916221 -20.14940061]
scheduled_ues:  [ 0  1  2  3  5  6  7  8  9 11 12 13 14]
(1, 15, 1, 4, 1, 1)
caused INR: -7.498753217571212
TpsAltruisticFromLsfGain + IndividualEstimated_INR + -15.0
None
ls_gain_coeffs:
[-131.17390736 -138.48169621 -133.77167585 -124.78576034 -118.68405249
 -128.41864551 -148.45341545 -126.36841704 -150.34906002 -133.19277243
 -123.36485561 -132.07596179 -142.80939271 -134.34886225 -131.13910065]
inrs_hat:  [-20.18420732 -27.49199616 -22.7819758  -13.79606029  -7.69435245
 -17.42894546 -37.46371541 -15.37871699 -39.35935998 -22.20307239
 -12.37515557 -21.08626175 -31.81969267 -23.35916221 -20.14940061]
scheduled_ues:  [ 0  1  2  5  6  7  8  9 11 12 13 14]
(1, 15, 1, 4, 1, 1)
caused INR: -5.308812167014133
TpsAltruisticFromLsfGain + CumulativeIndividualEstimated_INR + -10.0
None
(1, 15, 1, 4, 1, 1)
caused INR: -5.308812167014133
TpsAltruisticFromLsfGain + CumulativeIndividualEstimated_INR + -12.5
None
(1, 15, 1, 4, 1, 1)
caused INR: -14.379255352316067
TpsAltruisticFromLsfGain + CumulativeIndividualEstimated_INR + -15.0
None
(1, 15, 1, 4, 1, 1)
caused INR: -23.383304593819997
TpsRandomic + IndividualEstimated_INR + -10.0
None
ls_gain_coeffs:
[-127.16639787 -126.98559845 -125.62189845 -107.93286181 -118.68405249
 -115.15435031 -131.7232656  -112.87446121 -147.86965323 -120.16541184
 -107.02976111 -120.24261325 -130.40765123 -121.74810553 -131.13910065]
inrs_hat:  [-16.17669783 -15.99589841 -14.63219841   3.05683823  -7.69435245
  -4.16465027 -20.73356556  -1.88476117 -36.87995319  -9.1757118
   3.95993894  -9.25291321 -19.41795119 -10.75840548 -20.14940061]
scheduled_ues:  [ 0  1  2  6  8 12 13 14]
(1, 15, 1, 4, 1, 1)
caused INR: -5.252932208661177
TpsRandomic + IndividualEstimated_INR + -12.5
None
ls_gain_coeffs:
[-131.17390736 -128.43072142 -117.12355287 -124.78576034 -118.68405249
 -114.33165512 -131.7232656  -112.87446121 -150.34906002 -120.16541184
 -117.52461385 -115.29421779 -142.80939271 -117.69625667 -114.0995384 ]
inrs_hat:  [-20.18420732 -17.44102138  -6.13385283 -13.79606029  -7.69435245
  -3.34195507 -20.73356556  -1.88476117 -39.35935998  -9.1757118
  -6.53491381  -4.30451775 -31.81969267  -6.70655663  -3.10983835]
scheduled_ues:  [ 0  1  3  6  8 12]
(1, 15, 1, 4, 1, 1)
caused INR: -19.646584906562666
TpsRandomic + IndividualEstimated_INR + -15.0
None
ls_gain_coeffs:
[-117.39647086 -121.48735994 -117.12355287 -124.78576034 -111.92007485
 -115.15435031 -131.7232656  -119.04057624 -150.34906002 -124.50068633
 -123.36485561 -115.29421779 -142.80939271 -126.08600782 -122.9359098 ]
inrs_hat:  [ -6.40677082 -10.49765989  -6.13385283 -13.79606029  -0.9303748
  -4.16465027 -20.73356556  -8.05087619 -39.35935998 -13.51098629
 -12.37515557  -4.30451775 -31.81969267 -15.09630777 -11.94620976]
scheduled_ues:  [ 6  8 12 13]
(1, 15, 1, 4, 1, 1)
caused INR: -13.905228467218551
TpsRandomic + CumulativeIndividualEstimated_INR + -10.0
None
(1, 15, 1, 4, 1, 1)
caused INR: -15.881560271537756
TpsRandomic + CumulativeIndividualEstimated_INR + -12.5
None
(1, 15, 1, 4, 1, 1)
caused INR: -20.783915390390767
TpsRandomic + CumulativeIndividualEstimated_INR + -15.0
None
(1, 15, 1, 4, 1, 1)
caused INR: -17.867197535906914
Iteration number 73
TpsAltruisticFromLsfGain + IndividualEstimated_INR + -10.0
None
ls_gain_coeffs:
[-139.53288562 -121.30399493 -138.34245649 -145.26020038 -122.42797413
 -131.31177444 -135.06201217 -126.19924261 -138.2364509  -148.75627815
 -145.90155302 -119.08000328 -136.19589698 -135.64364031 -137.1558705 ]
inrs_hat:  [-28.54318558 -10.31429488 -27.35275644 -34.27050033 -11.43827409
 -20.32207439 -24.07231213 -15.20954257 -27.24675086 -37.7665781
 -34.91185297  -8.09030324 -25.20619694 -24.65394027 -26.16617046]
scheduled_ues:  [ 0  1  2  3  4  5  6  7  8  9 10 12 13 14]
(1, 15, 1, 4, 1, 1)
caused INR: -14.382184323554599
TpsAltruisticFromLsfGain + IndividualEstimated_INR + -12.5
None
ls_gain_coeffs:
[-139.53288562 -121.30399493 -138.34245649 -145.26020038 -122.42797413
 -131.31177444 -135.06201217 -126.19924261 -138.2364509  -148.75627815
 -145.90155302 -119.08000328 -136.19589698 -135.64364031 -137.1558705 ]
inrs_hat:  [-28.54318558 -10.31429488 -27.35275644 -34.27050033 -11.43827409
 -20.32207439 -24.07231213 -15.20954257 -27.24675086 -37.7665781
 -34.91185297  -8.09030324 -25.20619694 -24.65394027 -26.16617046]
scheduled_ues:  [ 0  2  3  5  6  7  8  9 10 12 13 14]
(1, 15, 1, 4, 1, 1)
caused INR: -14.725744724960652
TpsAltruisticFromLsfGain + IndividualEstimated_INR + -15.0
None
ls_gain_coeffs:
[-139.53288562 -121.30399493 -138.34245649 -145.26020038 -122.42797413
 -131.31177444 -135.06201217 -126.19924261 -138.2364509  -148.75627815
 -145.90155302 -119.08000328 -136.19589698 -135.64364031 -137.1558705 ]
inrs_hat:  [-28.54318558 -10.31429488 -27.35275644 -34.27050033 -11.43827409
 -20.32207439 -24.07231213 -15.20954257 -27.24675086 -37.7665781
 -34.91185297  -8.09030324 -25.20619694 -24.65394027 -26.16617046]
scheduled_ues:  [ 0  2  3  5  6  7  8  9 10 12 13 14]
(1, 15, 1, 4, 1, 1)
caused INR: -14.725744724960652
TpsAltruisticFromLsfGain + CumulativeIndividualEstimated_INR + -10.0
None
(1, 15, 1, 4, 1, 1)
caused INR: -14.725744724960652
TpsAltruisticFromLsfGain + CumulativeIndividualEstimated_INR + -12.5
None
(1, 15, 1, 4, 1, 1)
caused INR: -32.73488709569712
TpsAltruisticFromLsfGain + CumulativeIndividualEstimated_INR + -15.0
None
(1, 15, 1, 4, 1, 1)
caused INR: -32.73488709569712
TpsRandomic + IndividualEstimated_INR + -10.0
None
ls_gain_coeffs:
[-122.63408552 -103.84076075 -121.30094858 -136.87504081 -122.42797413
 -124.98101295 -118.7210743  -126.19924261 -124.39603443 -142.30726408
 -138.8831102  -105.41122903 -136.19589698 -119.14359444 -137.1558705 ]
inrs_hat:  [-11.64438548   7.1489393  -10.31124854 -25.88534076 -11.43827409
 -13.9913129   -7.73137426 -15.20954257 -13.40633438 -31.31756404
 -27.89341016   5.57847101 -25.20619694  -8.1538944  -26.16617046]
scheduled_ues:  [ 0  2  3  4  5  7  8  9 10 12 14]
(1, 15, 1, 4, 1, 1)
caused INR: -5.391323006919019
TpsRandomic + IndividualEstimated_INR + -12.5
None
ls_gain_coeffs:
[-128.16927719 -121.30399493 -138.34245649 -145.26020038 -106.69765593
 -116.75992061 -128.15804418 -126.19924261 -138.2364509  -148.75627815
 -132.65936521 -101.55868887 -129.70554447 -122.27693532 -130.56178346]
inrs_hat:  [-17.17957714 -10.31429488 -27.35275644 -34.27050033   4.29204411
  -5.77022056 -17.16834414 -15.20954257 -27.24675086 -37.7665781
 -21.66966517   9.43101117 -18.71584443 -11.28723528 -19.57208341]
scheduled_ues:  [ 0  2  3  6  7  8  9 10 12 14]
(1, 15, 1, 4, 1, 1)
caused INR: -21.286950610285984
TpsRandomic + IndividualEstimated_INR + -15.0
None
ls_gain_coeffs:
[-128.16927719 -121.30399493 -138.34245649 -145.26020038 -106.69765593
 -131.31177444 -135.06201217 -112.04378469 -138.2364509  -135.12528526
 -129.55043771 -110.14774871 -122.62619173 -119.14359444 -120.60748784]
inrs_hat:  [-17.17957714 -10.31429488 -27.35275644 -34.27050033   4.29204411
 -20.32207439 -24.07231213  -1.05408465 -27.24675086 -24.13558522
 -18.56073766   0.84195134 -11.63649169  -8.1538944   -9.6177878 ]
scheduled_ues:  [ 0  2  3  5  6  8  9 10]
(1, 15, 1, 4, 1, 1)
caused INR: -16.709628085705262
TpsRandomic + CumulativeIndividualEstimated_INR + -10.0
None
(1, 15, 1, 4, 1, 1)
caused INR: -8.105121102028843
TpsRandomic + CumulativeIndividualEstimated_INR + -12.5
None
(1, 15, 1, 4, 1, 1)
caused INR: -33.93612081928951
TpsRandomic + CumulativeIndividualEstimated_INR + -15.0
None
(1, 15, 1, 4, 1, 1)
caused INR: -21.859278844290586
Iteration number 74
TpsAltruisticFromLsfGain + IndividualEstimated_INR + -10.0
None
ls_gain_coeffs:
[-144.62323018 -107.78046329 -137.29823446 -138.43530796 -132.67176869
 -145.56923681 -135.59387038 -132.57608743 -145.34752013 -146.97623168
 -151.21529991 -141.95137372 -139.58028586 -128.79243754 -131.4353402 ]
inrs_hat:  [-33.63353013   3.20923675 -26.30853442 -27.44560791 -21.68206864
 -34.57953677 -24.60417034 -21.58638739 -34.35782009 -35.98653164
 -40.22559986 -30.96167368 -28.59058582 -17.8027375  -20.44564016]
scheduled_ues:  [ 0  2  3  4  5  6  7  8  9 10 11 12 13 14]
(1, 15, 1, 4, 1, 1)
caused INR: -10.53879646392516
TpsAltruisticFromLsfGain + IndividualEstimated_INR + -12.5
None
ls_gain_coeffs:
[-144.62323018 -107.78046329 -137.29823446 -138.43530796 -132.67176869
 -145.56923681 -135.59387038 -132.57608743 -145.34752013 -146.97623168
 -151.21529991 -141.95137372 -139.58028586 -128.79243754 -131.4353402 ]
inrs_hat:  [-33.63353013   3.20923675 -26.30853442 -27.44560791 -21.68206864
 -34.57953677 -24.60417034 -21.58638739 -34.35782009 -35.98653164
 -40.22559986 -30.96167368 -28.59058582 -17.8027375  -20.44564016]
scheduled_ues:  [ 0  2  3  4  5  6  7  8  9 10 11 12 13 14]
(1, 15, 1, 4, 1, 1)
caused INR: -10.53879646392516
TpsAltruisticFromLsfGain + IndividualEstimated_INR + -15.0
None
ls_gain_coeffs:
[-144.62323018 -107.78046329 -137.29823446 -138.43530796 -132.67176869
 -145.56923681 -135.59387038 -132.57608743 -145.34752013 -146.97623168
 -151.21529991 -141.95137372 -139.58028586 -128.79243754 -131.4353402 ]
inrs_hat:  [-33.63353013   3.20923675 -26.30853442 -27.44560791 -21.68206864
 -34.57953677 -24.60417034 -21.58638739 -34.35782009 -35.98653164
 -40.22559986 -30.96167368 -28.59058582 -17.8027375  -20.44564016]
scheduled_ues:  [ 0  2  3  4  5  6  7  8  9 10 11 12 13 14]
(1, 15, 1, 4, 1, 1)
caused INR: -10.53879646392516
TpsAltruisticFromLsfGain + CumulativeIndividualEstimated_INR + -10.0
None
(1, 15, 1, 4, 1, 1)
caused INR: -10.53879646392516
TpsAltruisticFromLsfGain + CumulativeIndividualEstimated_INR + -12.5
None
(1, 15, 1, 4, 1, 1)
caused INR: -10.53879646392516
TpsAltruisticFromLsfGain + CumulativeIndividualEstimated_INR + -15.0
None
(1, 15, 1, 4, 1, 1)
caused INR: -22.211292865017626
TpsRandomic + IndividualEstimated_INR + -10.0
None
ls_gain_coeffs:
[-127.74667693  -95.04215605 -128.5389915  -125.55063792 -125.4908483
 -128.8711003  -122.42344432 -128.16978461 -138.06435035 -146.97623168
 -151.21529991 -141.95137372 -126.82983194 -116.1379668  -117.39679378]
inrs_hat:  [-16.75697689  15.94754399 -17.54929146 -14.56093787 -14.50114826
 -17.88140026 -11.43374428 -17.18008457 -27.07465031 -35.98653164
 -40.22559986 -30.96167368 -15.8401319   -5.14826675  -6.40709374]
scheduled_ues:  [ 0  2  3  4  5  6  7  8  9 10 11 12]
(1, 15, 1, 4, 1, 1)
caused INR: -3.439500411009675
TpsRandomic + IndividualEstimated_INR + -12.5
None
ls_gain_coeffs:
[-127.74667693  -95.04215605 -120.30016817 -129.56593888 -125.4908483
 -136.91106134 -121.69461826 -117.19695222 -132.10227654 -135.70422613
 -134.68868925 -125.35685433 -126.82983194 -128.79243754 -131.4353402 ]
inrs_hat:  [-16.75697689  15.94754399  -9.31046813 -18.57623884 -14.50114826
 -25.9213613  -10.70491822  -6.20725218 -21.1125765  -24.71452609
 -23.69898921 -14.36715429 -15.8401319  -17.8027375  -20.44564016]
scheduled_ues:  [ 0  3  4  5  8  9 10 11 12 13 14]
(1, 15, 1, 4, 1, 1)
caused INR: -6.808820555631332
TpsRandomic + IndividualEstimated_INR + -15.0
None
ls_gain_coeffs:
[-127.74667693  -95.04215605 -124.50294484 -129.56593888 -125.4908483
 -145.56923681 -133.4073922  -132.57608743 -128.86251345 -146.97623168
 -138.74266451 -134.51180734 -130.84908695 -128.79243754 -131.4353402 ]
inrs_hat:  [-16.75697689  15.94754399 -13.5132448  -18.57623884 -14.50114826
 -34.57953677 -22.41769216 -21.58638739 -17.8728134  -35.98653164
 -27.75296447 -23.5221073  -19.85938691 -17.8027375  -20.44564016]
scheduled_ues:  [ 0  3  5  6  7  8  9 10 11 12 13 14]
(1, 15, 1, 4, 1, 1)
caused INR: -17.81898953099241
TpsRandomic + CumulativeIndividualEstimated_INR + -10.0
None
(1, 15, 1, 4, 1, 1)
caused INR: -8.151991090448353
TpsRandomic + CumulativeIndividualEstimated_INR + -12.5
None
(1, 15, 1, 4, 1, 1)
caused INR: -22.528105554864677
TpsRandomic + CumulativeIndividualEstimated_INR + -15.0
None
(1, 15, 1, 4, 1, 1)
caused INR: -18.01136123155378
Iteration number 75
TpsAltruisticFromLsfGain + IndividualEstimated_INR + -10.0
None
ls_gain_coeffs:
[-126.3239358  -146.90969254 -123.13767533 -131.85843889 -143.65180408
 -142.04341781 -128.16868326 -132.29620038 -148.07782879 -143.36498664
 -129.50739277 -139.01848502 -133.37817787 -131.23924851 -145.85216132]
inrs_hat:  [-15.33423576 -35.9199925  -12.14797529 -20.86873885 -32.66210403
 -31.05371777 -17.17898322 -21.30650034 -37.08812875 -32.37528659
 -18.51769273 -28.02878497 -22.38847783 -20.24954847 -34.86246127]
scheduled_ues:  [ 0  1  2  3  4  5  6  7  8  9 10 11 12 13 14]
(1, 15, 1, 4, 1, 1)
caused INR: -19.839678356780215
TpsAltruisticFromLsfGain + IndividualEstimated_INR + -12.5
None
ls_gain_coeffs:
[-126.3239358  -146.90969254 -123.13767533 -131.85843889 -143.65180408
 -142.04341781 -128.16868326 -132.29620038 -148.07782879 -143.36498664
 -129.50739277 -139.01848502 -133.37817787 -131.23924851 -145.85216132]
inrs_hat:  [-15.33423576 -35.9199925  -12.14797529 -20.86873885 -32.66210403
 -31.05371777 -17.17898322 -21.30650034 -37.08812875 -32.37528659
 -18.51769273 -28.02878497 -22.38847783 -20.24954847 -34.86246127]
scheduled_ues:  [ 0  1  3  4  5  6  7  8  9 10 11 12 13 14]
(1, 15, 1, 4, 1, 1)
caused INR: -11.699312295593344
TpsAltruisticFromLsfGain + IndividualEstimated_INR + -15.0
None
ls_gain_coeffs:
[-126.3239358  -146.90969254 -123.13767533 -131.85843889 -143.65180408
 -142.04341781 -128.16868326 -132.29620038 -148.07782879 -143.36498664
 -129.50739277 -139.01848502 -133.37817787 -131.23924851 -145.85216132]
inrs_hat:  [-15.33423576 -35.9199925  -12.14797529 -20.86873885 -32.66210403
 -31.05371777 -17.17898322 -21.30650034 -37.08812875 -32.37528659
 -18.51769273 -28.02878497 -22.38847783 -20.24954847 -34.86246127]
scheduled_ues:  [ 0  1  3  4  5  6  7  8  9 10 11 12 13 14]
(1, 15, 1, 4, 1, 1)
caused INR: -11.699312295593344
TpsAltruisticFromLsfGain + CumulativeIndividualEstimated_INR + -10.0
None
(1, 15, 1, 4, 1, 1)
caused INR: -11.699312295593344
TpsAltruisticFromLsfGain + CumulativeIndividualEstimated_INR + -12.5
None
(1, 15, 1, 4, 1, 1)
caused INR: -21.877982736462233
TpsAltruisticFromLsfGain + CumulativeIndividualEstimated_INR + -15.0
None
(1, 15, 1, 4, 1, 1)
caused INR: -17.136923629794435
TpsRandomic + IndividualEstimated_INR + -10.0
None
ls_gain_coeffs:
[-126.3239358  -130.42719383 -121.13389728 -131.85843889 -143.65180408
 -142.04341781 -128.16868326 -130.52716074 -131.37966753 -130.40691829
 -116.88175834 -139.0065015  -116.11718426 -127.40302027 -135.46040399]
inrs_hat:  [-15.33423576 -19.43749379 -10.14419723 -20.86873885 -32.66210403
 -31.05371777 -17.17898322 -19.5374607  -20.38996749 -19.41721824
  -5.8920583  -28.01680146  -5.12748422 -16.41332023 -24.47070395]
scheduled_ues:  [ 0  1  2  3  4  5  6  7  8  9 11 13 14]
(1, 15, 1, 4, 1, 1)
caused INR: -1.223787060840141
TpsRandomic + IndividualEstimated_INR + -12.5
None
ls_gain_coeffs:
[-116.15505292 -146.90969254 -109.36022329 -125.64264104 -129.92124405
 -142.04341781 -125.24444795 -132.29620038 -131.37966753 -142.59028411
 -111.71891789 -126.56889601 -116.11718426 -127.40302027 -145.85216132]
inrs_hat:  [ -5.16535287 -35.9199925    1.62947675 -14.652941   -18.93154401
 -31.05371777 -14.25474791 -21.30650034 -20.38996749 -31.60058407
  -0.72921785 -15.57919596  -5.12748422 -16.41332023 -34.86246127]
scheduled_ues:  [ 1  3  4  5  6  7  8  9 11 13 14]
(1, 15, 1, 4, 1, 1)
caused INR: -5.383479540260783
TpsRandomic + IndividualEstimated_INR + -15.0
None
ls_gain_coeffs:
[-126.3239358  -139.8193979  -110.02814931 -117.61771947 -136.82795423
 -131.6371119  -113.77759305 -119.2649205  -136.34016836 -142.59028411
 -118.99767744 -139.0065015  -133.37817787 -116.24016302 -145.85216132]
inrs_hat:  [-15.33423576 -28.82969785   0.96155073  -6.62801942 -25.83825418
 -20.64741185  -2.78789301  -8.27522046 -25.35046832 -31.60058407
  -8.00797739 -28.01680146 -22.38847783  -5.25046297 -34.86246127]
scheduled_ues:  [ 0  1  4  5  8  9 11 12 14]
(1, 15, 1, 4, 1, 1)
caused INR: -7.988723457345874
TpsRandomic + CumulativeIndividualEstimated_INR + -10.0
None
(1, 15, 1, 4, 1, 1)
caused INR: -12.487226262709578
TpsRandomic + CumulativeIndividualEstimated_INR + -12.5
None
(1, 15, 1, 4, 1, 1)
caused INR: -13.772192046974734
TpsRandomic + CumulativeIndividualEstimated_INR + -15.0
None
(1, 15, 1, 4, 1, 1)
caused INR: -15.776627766195332
Iteration number 76
TpsAltruisticFromLsfGain + IndividualEstimated_INR + -10.0
None
ls_gain_coeffs:
[-134.22442609 -144.86198465 -128.98203131 -127.44692445 -114.55636191
 -138.66670887 -129.89469593 -133.94280698 -135.640314   -144.48742973
 -143.7029243  -130.01263543 -133.73818367 -122.74940155 -141.8192065 ]
inrs_hat:  [-23.23472605 -33.87228461 -17.99233126 -16.45722441  -3.56666187
 -27.67700882 -18.90499589 -22.95310694 -24.65061395 -33.49772969
 -32.71322426 -19.02293538 -22.74848362 -11.75970151 -30.82950645]
scheduled_ues:  [ 0  1  2  3  5  6  7  8  9 10 11 12 13 14]
(1, 15, 1, 4, 1, 1)
caused INR: -14.37672863951837
TpsAltruisticFromLsfGain + IndividualEstimated_INR + -12.5
None
ls_gain_coeffs:
[-134.22442609 -144.86198465 -128.98203131 -127.44692445 -114.55636191
 -138.66670887 -129.89469593 -133.94280698 -135.640314   -144.48742973
 -143.7029243  -130.01263543 -133.73818367 -122.74940155 -141.8192065 ]
inrs_hat:  [-23.23472605 -33.87228461 -17.99233126 -16.45722441  -3.56666187
 -27.67700882 -18.90499589 -22.95310694 -24.65061395 -33.49772969
 -32.71322426 -19.02293538 -22.74848362 -11.75970151 -30.82950645]
scheduled_ues:  [ 0  1  2  3  5  6  7  8  9 10 11 12 14]
(1, 15, 1, 4, 1, 1)
caused INR: -8.968749321637713
TpsAltruisticFromLsfGain + IndividualEstimated_INR + -15.0
None
ls_gain_coeffs:
[-134.22442609 -144.86198465 -128.98203131 -127.44692445 -114.55636191
 -138.66670887 -129.89469593 -133.94280698 -135.640314   -144.48742973
 -143.7029243  -130.01263543 -133.73818367 -122.74940155 -141.8192065 ]
inrs_hat:  [-23.23472605 -33.87228461 -17.99233126 -16.45722441  -3.56666187
 -27.67700882 -18.90499589 -22.95310694 -24.65061395 -33.49772969
 -32.71322426 -19.02293538 -22.74848362 -11.75970151 -30.82950645]
scheduled_ues:  [ 0  1  2  3  5  6  7  8  9 10 11 12 14]
(1, 15, 1, 4, 1, 1)
caused INR: -8.968749321637713
TpsAltruisticFromLsfGain + CumulativeIndividualEstimated_INR + -10.0
None
(1, 15, 1, 4, 1, 1)
caused INR: -8.968749321637713
TpsAltruisticFromLsfGain + CumulativeIndividualEstimated_INR + -12.5
None
(1, 15, 1, 4, 1, 1)
caused INR: -10.004621926106063
TpsAltruisticFromLsfGain + CumulativeIndividualEstimated_INR + -15.0
None
(1, 15, 1, 4, 1, 1)
caused INR: -14.67883811706352
TpsRandomic + IndividualEstimated_INR + -10.0
None
ls_gain_coeffs:
[-130.42996194 -128.6549579  -120.46343829 -112.52155753  -96.3929282
 -124.42650957 -112.87031072 -119.78839943 -122.37880583 -140.13846533
 -126.95002672 -130.01263543 -130.49177221 -105.45282304 -129.80652657]
inrs_hat:  [-19.44026189 -17.66525786  -9.47373824  -1.53185749  14.59677184
 -13.43680953  -1.88061068  -8.79869939 -11.38910579 -29.14876529
 -15.96032668 -19.02293538 -19.50207217   5.53687701 -18.81682652]
scheduled_ues:  [ 0  1  5  8  9 10 11 12 14]
(1, 15, 1, 4, 1, 1)
caused INR: -16.36107040586652
TpsRandomic + IndividualEstimated_INR + -12.5
None
ls_gain_coeffs:
[-130.42996194 -130.97296635 -120.46343829 -119.99562369 -105.97361134
 -135.96880992 -112.87031072 -128.80438433 -122.37880583 -129.14652013
 -132.07524309 -130.01263543 -130.49177221 -105.45282304 -141.8192065 ]
inrs_hat:  [-19.44026189 -19.9832663   -9.47373824  -9.00592365   5.0160887
 -24.97910988  -1.88061068 -17.81468429 -11.38910579 -18.15682009
 -21.08554305 -19.02293538 -19.50207217   5.53687701 -30.82950645]
scheduled_ues:  [ 0  1  5  7  9 10 11 12 14]
(1, 15, 1, 4, 1, 1)
caused INR: -7.663948955144859
TpsRandomic + IndividualEstimated_INR + -15.0
None
ls_gain_coeffs:
[-134.22442609 -128.6549579  -120.46343829 -119.99562369 -105.97361134
 -138.66670887 -118.19089026 -128.80438433 -135.640314   -129.14652013
 -134.26641035 -129.00901533 -120.21444651 -105.45282304 -124.85920697]
inrs_hat:  [-23.23472605 -17.66525786  -9.47373824  -9.00592365   5.0160887
 -27.67700882  -7.20119022 -17.81468429 -24.65061395 -18.15682009
 -23.2767103  -18.01931528  -9.22474647   5.53687701 -13.86950693]
scheduled_ues:  [ 0  1  5  7  8  9 10 11]
(1, 15, 1, 4, 1, 1)
caused INR: -10.232048845799802
TpsRandomic + CumulativeIndividualEstimated_INR + -10.0
None
(1, 15, 1, 4, 1, 1)
caused INR: -13.755376375509993
TpsRandomic + CumulativeIndividualEstimated_INR + -12.5
None
(1, 15, 1, 4, 1, 1)
caused INR: -12.863168575515969
TpsRandomic + CumulativeIndividualEstimated_INR + -15.0
None
(1, 15, 1, 4, 1, 1)
caused INR: -13.573338939664843
Iteration number 77
TpsAltruisticFromLsfGain + IndividualEstimated_INR + -10.0
None
ls_gain_coeffs:
[-123.46105564 -131.75394521 -147.80530436 -142.78256422 -130.58505281
 -126.79385121 -128.23306962 -143.42068086 -143.94213503 -143.11355484
 -146.59691062 -141.97584955 -149.11839834 -127.58020785 -133.50694511]
inrs_hat:  [-12.4713556  -20.76424517 -36.81560431 -31.79286417 -19.59535276
 -15.80415116 -17.24336957 -32.43098082 -32.95243498 -32.12385479
 -35.60721058 -30.9861495  -38.12869829 -16.5905078  -22.51724507]
scheduled_ues:  [ 0  1  2  3  4  5  6  7  8  9 10 11 12 13 14]
(1, 15, 1, 4, 1, 1)
caused INR: -13.361978991261424
TpsAltruisticFromLsfGain + IndividualEstimated_INR + -12.5
None
ls_gain_coeffs:
[-123.46105564 -131.75394521 -147.80530436 -142.78256422 -130.58505281
 -126.79385121 -128.23306962 -143.42068086 -143.94213503 -143.11355484
 -146.59691062 -141.97584955 -149.11839834 -127.58020785 -133.50694511]
inrs_hat:  [-12.4713556  -20.76424517 -36.81560431 -31.79286417 -19.59535276
 -15.80415116 -17.24336957 -32.43098082 -32.95243498 -32.12385479
 -35.60721058 -30.9861495  -38.12869829 -16.5905078  -22.51724507]
scheduled_ues:  [ 1  2  3  4  5  6  7  8  9 10 11 12 13 14]
(1, 15, 1, 4, 1, 1)
caused INR: -4.307991894904727
TpsAltruisticFromLsfGain + IndividualEstimated_INR + -15.0
None
ls_gain_coeffs:
[-123.46105564 -131.75394521 -147.80530436 -142.78256422 -130.58505281
 -126.79385121 -128.23306962 -143.42068086 -143.94213503 -143.11355484
 -146.59691062 -141.97584955 -149.11839834 -127.58020785 -133.50694511]
inrs_hat:  [-12.4713556  -20.76424517 -36.81560431 -31.79286417 -19.59535276
 -15.80415116 -17.24336957 -32.43098082 -32.95243498 -32.12385479
 -35.60721058 -30.9861495  -38.12869829 -16.5905078  -22.51724507]
scheduled_ues:  [ 1  2  3  4  5  6  7  8  9 10 11 12 13 14]
(1, 15, 1, 4, 1, 1)
caused INR: -4.307991894904727
TpsAltruisticFromLsfGain + CumulativeIndividualEstimated_INR + -10.0
None
(1, 15, 1, 4, 1, 1)
caused INR: -4.307991894904727
TpsAltruisticFromLsfGain + CumulativeIndividualEstimated_INR + -12.5
None
(1, 15, 1, 4, 1, 1)
caused INR: -11.468343941386422
TpsAltruisticFromLsfGain + CumulativeIndividualEstimated_INR + -15.0
None
(1, 15, 1, 4, 1, 1)
caused INR: -15.226397613820094
TpsRandomic + IndividualEstimated_INR + -10.0
None
ls_gain_coeffs:
[-112.69874346 -124.53645487 -147.80530436 -129.32794121 -124.45569842
 -107.66811046 -119.43927441 -131.13178536 -140.74436799 -133.41768827
 -146.59691062 -141.97584955 -134.11323959 -127.58020785 -116.12596464]
inrs_hat:  [ -1.70904341 -13.54675483 -36.81560431 -18.33824116 -13.46599838
   3.32158958  -8.44957437 -20.14208531 -29.75466795 -22.42798823
 -35.60721058 -30.9861495  -23.12353954 -16.5905078   -5.1362646 ]
scheduled_ues:  [ 1  2  3  4  7  8  9 10 11 12 13]
(1, 15, 1, 4, 1, 1)
caused INR: -7.997394659659327
TpsRandomic + IndividualEstimated_INR + -12.5
None
ls_gain_coeffs:
[-112.08564467 -115.28541874 -147.80530436 -128.31491819 -116.10033468
 -126.79385121 -128.23306962 -134.46321367 -129.36869034 -131.64214513
 -134.80917098 -125.10759707 -149.11839834 -127.58020785 -133.50694511]
inrs_hat:  [ -1.09594463  -4.2957187  -36.81560431 -17.32521815  -5.11063464
 -15.80415116 -17.24336957 -23.47351363 -18.37899029 -20.65244508
 -23.81947094 -14.11789703 -38.12869829 -16.5905078  -22.51724507]
scheduled_ues:  [ 2  3  5  6  7  8  9 10 11 12 13 14]
(1, 15, 1, 4, 1, 1)
caused INR: -8.180820279291563
TpsRandomic + IndividualEstimated_INR + -15.0
None
ls_gain_coeffs:
[-123.46105564 -131.75394521 -147.80530436 -142.78256422 -130.58505281
 -126.79385121 -119.43927441 -134.46321367 -140.74436799 -143.11355484
 -134.80917098 -133.07599319 -134.11323959 -110.8428956  -123.684872  ]
inrs_hat:  [-12.4713556  -20.76424517 -36.81560431 -31.79286417 -19.59535276
 -15.80415116  -8.44957437 -23.47351363 -29.75466795 -32.12385479
 -23.81947094 -22.08629315 -23.12353954   0.14680445 -12.69517196]
scheduled_ues:  [ 1  2  3  4  5  7  8  9 10 11 12]
(1, 15, 1, 4, 1, 1)
caused INR: -18.4465914897329
TpsRandomic + CumulativeIndividualEstimated_INR + -10.0
None
(1, 15, 1, 4, 1, 1)
caused INR: -14.828265547856494
TpsRandomic + CumulativeIndividualEstimated_INR + -12.5
None
(1, 15, 1, 4, 1, 1)
caused INR: -8.74229904560934
TpsRandomic + CumulativeIndividualEstimated_INR + -15.0
None
(1, 15, 1, 4, 1, 1)
caused INR: -19.68892174877733
Iteration number 78
TpsAltruisticFromLsfGain + IndividualEstimated_INR + -10.0
None
ls_gain_coeffs:
[-144.82152645 -128.90176936 -148.1950665  -134.32556123 -136.53081265
 -142.0532848  -134.5374739  -121.90254937 -149.21812256 -133.25742255
 -133.16771545 -149.85489737 -140.14733402 -118.81472041 -144.0961462 ]
inrs_hat:  [-33.83182641 -17.91206932 -37.20536646 -23.33586119 -25.54111261
 -31.06358475 -23.54777385 -10.91284933 -38.22842252 -22.2677225
 -22.17801541 -38.86519733 -29.15763398  -7.82502036 -33.10644616]
scheduled_ues:  [ 0  1  2  3  4  5  6  7  8  9 10 11 12 14]
(1, 15, 1, 4, 1, 1)
caused INR: -12.985565676996199
TpsAltruisticFromLsfGain + IndividualEstimated_INR + -12.5
None
ls_gain_coeffs:
[-144.82152645 -128.90176936 -148.1950665  -134.32556123 -136.53081265
 -142.0532848  -134.5374739  -121.90254937 -149.21812256 -133.25742255
 -133.16771545 -149.85489737 -140.14733402 -118.81472041 -144.0961462 ]
inrs_hat:  [-33.83182641 -17.91206932 -37.20536646 -23.33586119 -25.54111261
 -31.06358475 -23.54777385 -10.91284933 -38.22842252 -22.2677225
 -22.17801541 -38.86519733 -29.15763398  -7.82502036 -33.10644616]
scheduled_ues:  [ 0  1  2  3  4  5  6  8  9 10 11 12 14]
(1, 15, 1, 4, 1, 1)
caused INR: -12.561103039746058
TpsAltruisticFromLsfGain + IndividualEstimated_INR + -15.0
None
ls_gain_coeffs:
[-144.82152645 -128.90176936 -148.1950665  -134.32556123 -136.53081265
 -142.0532848  -134.5374739  -121.90254937 -149.21812256 -133.25742255
 -133.16771545 -149.85489737 -140.14733402 -118.81472041 -144.0961462 ]
inrs_hat:  [-33.83182641 -17.91206932 -37.20536646 -23.33586119 -25.54111261
 -31.06358475 -23.54777385 -10.91284933 -38.22842252 -22.2677225
 -22.17801541 -38.86519733 -29.15763398  -7.82502036 -33.10644616]
scheduled_ues:  [ 0  1  2  3  4  5  6  8  9 10 11 12 14]
(1, 15, 1, 4, 1, 1)
caused INR: -12.561103039746058
TpsAltruisticFromLsfGain + CumulativeIndividualEstimated_INR + -10.0
None
(1, 15, 1, 4, 1, 1)
caused INR: -12.561103039746058
TpsAltruisticFromLsfGain + CumulativeIndividualEstimated_INR + -12.5
None
(1, 15, 1, 4, 1, 1)
caused INR: -12.561103039746058
TpsAltruisticFromLsfGain + CumulativeIndividualEstimated_INR + -15.0
None
(1, 15, 1, 4, 1, 1)
caused INR: -16.137604781500844
TpsRandomic + IndividualEstimated_INR + -10.0
None
ls_gain_coeffs:
[-138.31077009 -112.07578009 -131.64830874 -117.70569676 -131.1441839
 -127.99494401 -134.5374739  -108.60650195 -141.56442696 -121.80399066
 -119.41866108 -149.85489737 -128.60908966 -101.12344576 -142.80232767]
inrs_hat:  [-27.32107004  -1.08608005 -20.6586087   -6.71599671 -20.15448386
 -17.00524396 -23.54777385   2.3831981  -30.57472692 -10.81429062
  -8.42896103 -38.86519733 -17.61938962   9.86625428 -31.81262762]
scheduled_ues:  [ 0  2  4  5  6  8  9 11 12 14]
(1, 15, 1, 4, 1, 1)
caused INR: -4.2116509365509565
TpsRandomic + IndividualEstimated_INR + -12.5
None
ls_gain_coeffs:
[-138.31077009 -128.90176936 -140.35406466 -117.70569676 -122.37000597
 -125.66348301 -129.40564613 -119.33920709 -136.40865254 -121.80399066
 -131.20653389 -149.85489737 -123.31175168 -118.81472041 -130.79200051]
inrs_hat:  [-27.32107004 -17.91206932 -29.36436461  -6.71599671 -11.38030592
 -14.67378297 -18.41594608  -8.34950705 -25.4189525  -10.81429062
 -20.21683385 -38.86519733 -12.32205164  -7.82502036 -19.80230047]
scheduled_ues:  [ 0  1  2  5  6  8 10 11 14]
(1, 15, 1, 4, 1, 1)
caused INR: -15.160394265012492
TpsRandomic + IndividualEstimated_INR + -15.0
None
ls_gain_coeffs:
[-138.31077009 -112.07578009 -135.38415282 -117.70569676 -131.1441839
 -142.0532848  -118.67465538 -107.75205452 -132.76573975 -122.32742146
 -133.16771545 -136.90246048 -130.45601369 -110.61508345 -142.80232767]
inrs_hat:  [-27.32107004  -1.08608005 -24.39445278  -6.71599671 -20.15448386
 -31.06358475  -7.68495534   3.23764552 -21.77603971 -11.33772141
 -22.17801541 -25.91276044 -19.46631365   0.3746166  -31.81262762]
scheduled_ues:  [ 0  2  4  5  8 10 11 12 14]
(1, 15, 1, 4, 1, 1)
caused INR: -14.279848264342764
TpsRandomic + CumulativeIndividualEstimated_INR + -10.0
None
(1, 15, 1, 4, 1, 1)
caused INR: -15.07066881297459
TpsRandomic + CumulativeIndividualEstimated_INR + -12.5
None
(1, 15, 1, 4, 1, 1)
caused INR: -22.46072506282509
TpsRandomic + CumulativeIndividualEstimated_INR + -15.0
None
(1, 15, 1, 4, 1, 1)
caused INR: -21.36792243637872
Iteration number 79
TpsAltruisticFromLsfGain + IndividualEstimated_INR + -10.0
None
ls_gain_coeffs:
[-135.44824453 -125.42684031 -150.28011985 -132.63036462 -143.89775574
 -144.16161638 -134.31931861 -129.35060048 -125.02299071 -148.76703072
 -141.77467921 -148.80765444 -146.82924461 -119.15247325 -121.2890471 ]
inrs_hat:  [-24.45854448 -14.43714027 -39.29041981 -21.64066457 -32.9080557
 -33.17191634 -23.32961857 -18.36090043 -14.03329067 -37.77733067
 -30.78497917 -37.8179544  -35.83954457  -8.16277321 -10.29934705]
scheduled_ues:  [ 0  1  2  3  4  5  6  7  8  9 10 11 12 14]
(1, 15, 1, 4, 1, 1)
caused INR: -9.81253598696842
TpsAltruisticFromLsfGain + IndividualEstimated_INR + -12.5
None
ls_gain_coeffs:
[-135.44824453 -125.42684031 -150.28011985 -132.63036462 -143.89775574
 -144.16161638 -134.31931861 -129.35060048 -125.02299071 -148.76703072
 -141.77467921 -148.80765444 -146.82924461 -119.15247325 -121.2890471 ]
inrs_hat:  [-24.45854448 -14.43714027 -39.29041981 -21.64066457 -32.9080557
 -33.17191634 -23.32961857 -18.36090043 -14.03329067 -37.77733067
 -30.78497917 -37.8179544  -35.83954457  -8.16277321 -10.29934705]
scheduled_ues:  [ 0  1  2  3  4  5  6  7  8  9 10 11 12]
(1, 15, 1, 4, 1, 1)
caused INR: -13.051737624494962
TpsAltruisticFromLsfGain + IndividualEstimated_INR + -15.0
None
ls_gain_coeffs:
[-135.44824453 -125.42684031 -150.28011985 -132.63036462 -143.89775574
 -144.16161638 -134.31931861 -129.35060048 -125.02299071 -148.76703072
 -141.77467921 -148.80765444 -146.82924461 -119.15247325 -121.2890471 ]
inrs_hat:  [-24.45854448 -14.43714027 -39.29041981 -21.64066457 -32.9080557
 -33.17191634 -23.32961857 -18.36090043 -14.03329067 -37.77733067
 -30.78497917 -37.8179544  -35.83954457  -8.16277321 -10.29934705]
scheduled_ues:  [ 0  2  3  4  5  6  7  9 10 11 12]
(1, 15, 1, 4, 1, 1)
caused INR: -15.407471122527658
TpsAltruisticFromLsfGain + CumulativeIndividualEstimated_INR + -10.0
None
(1, 15, 1, 4, 1, 1)
caused INR: -20.763569068064225
TpsAltruisticFromLsfGain + CumulativeIndividualEstimated_INR + -12.5
None
(1, 15, 1, 4, 1, 1)
caused INR: -15.407471122527658
TpsAltruisticFromLsfGain + CumulativeIndividualEstimated_INR + -15.0
None
(1, 15, 1, 4, 1, 1)
caused INR: -18.35097296057919
TpsRandomic + IndividualEstimated_INR + -10.0
None
ls_gain_coeffs:
[-119.54793651 -122.46223171 -136.23272929 -120.10727261 -143.89775574
 -127.28293485 -121.04342585 -115.26946761 -107.70735459 -135.34514301
 -141.77467921 -148.80765444 -137.44696155 -114.898659   -103.93312143]
inrs_hat:  [ -8.55823646 -11.47253166 -25.24302925  -9.11757256 -32.9080557
 -16.29323481 -10.0537258   -4.27976757   3.28234546 -24.35544296
 -30.78497917 -37.8179544  -26.45726151  -3.90895896   7.05657861]
scheduled_ues:  [ 1  2  4  5  6  9 10 11 12]
(1, 15, 1, 4, 1, 1)
caused INR: -2.258169875971671
TpsRandomic + IndividualEstimated_INR + -12.5
None
ls_gain_coeffs:
[-135.44824453 -111.00883457 -145.46274816 -120.10727261 -131.39575765
 -133.18973119 -134.31931861 -121.583779   -125.02299071 -145.82616759
 -141.77467921 -145.14401701 -146.82924461 -105.29293517 -121.2890471 ]
inrs_hat:  [-2.44585445e+01 -1.91345305e-02 -3.44730481e+01 -9.11757256e+00
 -2.04060576e+01 -2.22000311e+01 -2.33296186e+01 -1.05940790e+01
 -1.40332907e+01 -3.48364675e+01 -3.07849792e+01 -3.41543170e+01
 -3.58395446e+01  5.69676487e+00 -1.02993471e+01]
scheduled_ues:  [ 0  2  4  5  6  8  9 10 11 12]
(1, 15, 1, 4, 1, 1)
caused INR: -11.739612590111593
TpsRandomic + IndividualEstimated_INR + -15.0
None
ls_gain_coeffs:
[-130.2601825  -122.46223171 -145.46274816 -132.38588858 -135.47972822
 -127.28293485 -134.31931861 -129.35060048 -114.82247629 -148.76703072
 -129.25166217 -148.80765444 -129.96014819 -103.87499709 -110.44991116]
inrs_hat:  [-19.27048245 -11.47253166 -34.47304812 -21.39618854 -24.49002818
 -16.29323481 -23.32961857 -18.36090043  -3.83277625 -37.77733067
 -18.26196213 -37.8179544  -18.97044814   7.11470296   0.53978889]
scheduled_ues:  [ 0  2  3  4  5  6  7  9 10 11 12]
(1, 15, 1, 4, 1, 1)
caused INR: -14.10659203475442
TpsRandomic + CumulativeIndividualEstimated_INR + -10.0
None
(1, 15, 1, 4, 1, 1)
caused INR: -11.11098018577457
TpsRandomic + CumulativeIndividualEstimated_INR + -12.5
None
(1, 15, 1, 4, 1, 1)
caused INR: -12.709937570266053
TpsRandomic + CumulativeIndividualEstimated_INR + -15.0
None
(1, 15, 1, 4, 1, 1)
caused INR: -10.501765496749286
Iteration number 80
TpsAltruisticFromLsfGain + IndividualEstimated_INR + -10.0
None
ls_gain_coeffs:
[-127.96511546 -135.83930882 -124.68007907 -141.07125133 -131.79264815
 -125.95455057 -133.95161342 -144.33024108 -133.82781472 -146.97350814
 -134.00908236 -149.46977094 -138.30053364 -132.60374209 -135.87062016]
inrs_hat:  [-16.97541542 -24.84960877 -13.69037903 -30.08155129 -20.80294811
 -14.96485053 -22.96191337 -33.34054104 -22.83811468 -35.9838081
 -23.01938232 -38.4800709  -27.3108336  -21.61404205 -24.88092011]
scheduled_ues:  [ 0  1  2  3  4  5  6  7  8  9 10 11 12 13 14]
(1, 15, 1, 4, 1, 1)
caused INR: -12.721948659403967
TpsAltruisticFromLsfGain + IndividualEstimated_INR + -12.5
None
ls_gain_coeffs:
[-127.96511546 -135.83930882 -124.68007907 -141.07125133 -131.79264815
 -125.95455057 -133.95161342 -144.33024108 -133.82781472 -146.97350814
 -134.00908236 -149.46977094 -138.30053364 -132.60374209 -135.87062016]
inrs_hat:  [-16.97541542 -24.84960877 -13.69037903 -30.08155129 -20.80294811
 -14.96485053 -22.96191337 -33.34054104 -22.83811468 -35.9838081
 -23.01938232 -38.4800709  -27.3108336  -21.61404205 -24.88092011]
scheduled_ues:  [ 0  1  2  3  4  5  6  7  8  9 10 11 12 13 14]
(1, 15, 1, 4, 1, 1)
caused INR: -12.721948659403967
TpsAltruisticFromLsfGain + IndividualEstimated_INR + -15.0
None
ls_gain_coeffs:
[-127.96511546 -135.83930882 -124.68007907 -141.07125133 -131.79264815
 -125.95455057 -133.95161342 -144.33024108 -133.82781472 -146.97350814
 -134.00908236 -149.46977094 -138.30053364 -132.60374209 -135.87062016]
inrs_hat:  [-16.97541542 -24.84960877 -13.69037903 -30.08155129 -20.80294811
 -14.96485053 -22.96191337 -33.34054104 -22.83811468 -35.9838081
 -23.01938232 -38.4800709  -27.3108336  -21.61404205 -24.88092011]
scheduled_ues:  [ 0  1  3  4  6  7  8  9 10 11 12 13 14]
(1, 15, 1, 4, 1, 1)
caused INR: -13.817435558041586
TpsAltruisticFromLsfGain + CumulativeIndividualEstimated_INR + -10.0
None
(1, 15, 1, 4, 1, 1)
caused INR: -13.461956665758938
TpsAltruisticFromLsfGain + CumulativeIndividualEstimated_INR + -12.5
None
(1, 15, 1, 4, 1, 1)
caused INR: -18.96265665046705
TpsAltruisticFromLsfGain + CumulativeIndividualEstimated_INR + -15.0
None
(1, 15, 1, 4, 1, 1)
caused INR: -20.065021100749426
TpsRandomic + IndividualEstimated_INR + -10.0
None
ls_gain_coeffs:
[-115.11307757 -135.83930882 -106.20917742 -124.46656251 -124.06285389
 -125.95455057 -118.06550683 -144.218606   -123.23151109 -145.78904078
 -120.34334546 -139.64777249 -128.41988756 -121.53980854 -135.87062016]
inrs_hat:  [ -4.12337752 -24.84960877   4.78052263 -13.47686247 -13.07315385
 -14.96485053  -7.07580678 -33.22890596 -12.24181105 -34.79934073
  -9.35364541 -28.65807244 -17.43018752 -10.5501085  -24.88092011]
scheduled_ues:  [ 1  3  4  5  7  8  9 11 12 13 14]
(1, 15, 1, 4, 1, 1)
caused INR: -1.9136561991350984
TpsRandomic + IndividualEstimated_INR + -12.5
None
ls_gain_coeffs:
[-126.73380178 -135.83930882 -106.20917742 -141.07125133 -131.79264815
 -112.46402568 -128.78485353 -131.85142939 -133.82781472 -146.97350814
 -117.31098693 -138.27806311 -128.41988756 -132.60374209 -135.87062016]
inrs_hat:  [-15.74410174 -24.84960877   4.78052263 -30.08155129 -20.80294811
  -1.47432564 -17.79515349 -20.86172934 -22.83811468 -35.9838081
  -6.32128689 -27.28836306 -17.43018752 -21.61404205 -24.88092011]
scheduled_ues:  [ 0  1  3  4  6  7  8  9 11 12 13 14]
(1, 15, 1, 4, 1, 1)
caused INR: -9.149313712431685
TpsRandomic + IndividualEstimated_INR + -15.0
None
ls_gain_coeffs:
[-114.70263968 -135.83930882 -106.20917742 -127.92749647 -131.79264815
 -125.95455057 -128.78485353 -131.81421769 -123.23151109 -146.97350814
 -120.34334546 -149.46977094 -126.772554   -132.60374209 -118.96839114]
inrs_hat:  [ -3.71293963 -24.84960877   4.78052263 -16.93779643 -20.80294811
 -14.96485053 -17.79515349 -20.82451765 -12.24181105 -35.9838081
  -9.35364541 -38.4800709  -15.78285396 -21.61404205  -7.9786911 ]
scheduled_ues:  [ 1  3  4  6  7  9 11 12 13]
(1, 15, 1, 4, 1, 1)
caused INR: -10.995803469470786
TpsRandomic + CumulativeIndividualEstimated_INR + -10.0
None
(1, 15, 1, 4, 1, 1)
caused INR: -12.20793916518451
TpsRandomic + CumulativeIndividualEstimated_INR + -12.5
None
(1, 15, 1, 4, 1, 1)
caused INR: -19.17650806623935
TpsRandomic + CumulativeIndividualEstimated_INR + -15.0
None
(1, 15, 1, 4, 1, 1)
caused INR: -28.84881468283305
Iteration number 81
TpsAltruisticFromLsfGain + IndividualEstimated_INR + -10.0
None
ls_gain_coeffs:
[-136.45003894 -146.20529119 -133.30576032 -142.78142108 -122.01386167
 -138.23392293 -128.5482561  -120.50178902 -128.47050881 -149.31990218
 -147.83964865 -130.31944301 -133.57746055 -145.25185497 -151.92636805]
inrs_hat:  [-25.4603389  -35.21559114 -22.31606028 -31.79172104 -11.02416163
 -27.24422289 -17.55855606  -9.51208897 -17.48080877 -38.33020213
 -36.8499486  -19.32974297 -22.58776051 -34.26215492 -40.93666801]
scheduled_ues:  [ 0  1  2  3  4  5  6  8  9 10 11 12 13 14]
(1, 15, 1, 4, 1, 1)
caused INR: -16.306179187061304
TpsAltruisticFromLsfGain + IndividualEstimated_INR + -12.5
None
ls_gain_coeffs:
[-136.45003894 -146.20529119 -133.30576032 -142.78142108 -122.01386167
 -138.23392293 -128.5482561  -120.50178902 -128.47050881 -149.31990218
 -147.83964865 -130.31944301 -133.57746055 -145.25185497 -151.92636805]
inrs_hat:  [-25.4603389  -35.21559114 -22.31606028 -31.79172104 -11.02416163
 -27.24422289 -17.55855606  -9.51208897 -17.48080877 -38.33020213
 -36.8499486  -19.32974297 -22.58776051 -34.26215492 -40.93666801]
scheduled_ues:  [ 0  1  2  3  5  6  8  9 10 11 12 13 14]
(1, 15, 1, 4, 1, 1)
caused INR: -23.989367650798453
TpsAltruisticFromLsfGain + IndividualEstimated_INR + -15.0
None
ls_gain_coeffs:
[-136.45003894 -146.20529119 -133.30576032 -142.78142108 -122.01386167
 -138.23392293 -128.5482561  -120.50178902 -128.47050881 -149.31990218
 -147.83964865 -130.31944301 -133.57746055 -145.25185497 -151.92636805]
inrs_hat:  [-25.4603389  -35.21559114 -22.31606028 -31.79172104 -11.02416163
 -27.24422289 -17.55855606  -9.51208897 -17.48080877 -38.33020213
 -36.8499486  -19.32974297 -22.58776051 -34.26215492 -40.93666801]
scheduled_ues:  [ 0  1  2  3  5  6  8  9 10 11 12 13 14]
(1, 15, 1, 4, 1, 1)
caused INR: -23.989367650798453
TpsAltruisticFromLsfGain + CumulativeIndividualEstimated_INR + -10.0
None
(1, 15, 1, 4, 1, 1)
caused INR: -23.989367650798453
TpsAltruisticFromLsfGain + CumulativeIndividualEstimated_INR + -12.5
None
(1, 15, 1, 4, 1, 1)
caused INR: -13.864761861640195
TpsAltruisticFromLsfGain + CumulativeIndividualEstimated_INR + -15.0
None
(1, 15, 1, 4, 1, 1)
caused INR: -12.614089272966183
TpsRandomic + IndividualEstimated_INR + -10.0
None
ls_gain_coeffs:
[-136.45003894 -131.01573213 -133.0103241  -126.84730501 -108.78187968
 -125.71127454 -120.9082597  -107.00292797 -128.47050881 -149.31990218
 -138.67747553 -113.6605614  -116.78836268 -136.00170822 -145.30287598]
inrs_hat:  [-25.4603389  -20.02603209 -22.02062405 -15.85760497   2.20782036
 -14.7215745   -9.91855965   3.98677207 -17.48080877 -38.33020213
 -27.68777549  -2.67086136  -5.79866263 -25.01200817 -34.31317594]
scheduled_ues:  [ 0  1  2  3  5  8  9 10 13 14]
(1, 15, 1, 4, 1, 1)
caused INR: -15.482325182045047
TpsRandomic + IndividualEstimated_INR + -12.5
None
ls_gain_coeffs:
[-119.35517151 -142.0833526  -133.0103241  -142.78142108 -107.99149769
 -137.99077776 -115.39283577 -107.00292797 -111.02165587 -140.64567193
 -147.83964865 -113.6605614  -116.78836268 -133.43975597 -151.92636805]
inrs_hat:  [-8.36547147e+00 -3.10936526e+01 -2.20206241e+01 -3.17917210e+01
  2.99820236e+00 -2.70010777e+01 -4.40313572e+00  3.98677207e+00
 -3.19558288e-02 -2.96559719e+01 -3.68499486e+01 -2.67086136e+00
 -5.79866263e+00 -2.24500559e+01 -4.09366680e+01]
scheduled_ues:  [ 1  2  3  5  9 10 13 14]
(1, 15, 1, 4, 1, 1)
caused INR: -26.642628043294167
TpsRandomic + IndividualEstimated_INR + -15.0
None
ls_gain_coeffs:
[-136.45003894 -146.20529119 -133.30576032 -126.84730501 -119.64271569
 -137.99077776 -128.5482561  -107.00292797 -119.95382281 -132.71027571
 -131.06018903 -122.61930859 -121.82047224 -133.43975597 -135.66982361]
inrs_hat:  [-25.4603389  -35.21559114 -22.31606028 -15.85760497  -8.65301565
 -27.00107772 -17.55855606   3.98677207  -8.96412277 -21.72057566
 -20.07048898 -11.62960854 -10.83077219 -22.45005593 -24.68012356]
scheduled_ues:  [ 0  1  2  3  5  6  9 10 13 14]
(1, 15, 1, 4, 1, 1)
caused INR: -23.323908624850937
TpsRandomic + CumulativeIndividualEstimated_INR + -10.0
None
(1, 15, 1, 4, 1, 1)
caused INR: -12.892269984270744
TpsRandomic + CumulativeIndividualEstimated_INR + -12.5
None
(1, 15, 1, 4, 1, 1)
caused INR: -12.939157245425182
TpsRandomic + CumulativeIndividualEstimated_INR + -15.0
None
(1, 15, 1, 4, 1, 1)
caused INR: -19.609865048581764
Iteration number 82
TpsAltruisticFromLsfGain + IndividualEstimated_INR + -10.0
None
ls_gain_coeffs:
[-141.88964215 -143.95166548 -133.37038826 -147.04420056 -121.35733798
 -115.00182272 -146.79777919 -142.74306151 -123.34609604 -133.59585728
 -137.99781622 -137.29717518 -142.63543936 -114.46666241 -143.78851264]
inrs_hat:  [-30.89994211 -32.96196544 -22.38068822 -36.05450051 -10.36763793
  -4.01212268 -35.80807914 -31.75336147 -12.356396   -22.60615724
 -27.00811618 -26.30747513 -31.64573932  -3.47696236 -32.79881259]
scheduled_ues:  [ 0  1  2  3  4  6  7  8  9 10 11 12 14]
(1, 15, 1, 4, 1, 1)
caused INR: -7.6837723088725856
TpsAltruisticFromLsfGain + IndividualEstimated_INR + -12.5
None
ls_gain_coeffs:
[-141.88964215 -143.95166548 -133.37038826 -147.04420056 -121.35733798
 -115.00182272 -146.79777919 -142.74306151 -123.34609604 -133.59585728
 -137.99781622 -137.29717518 -142.63543936 -114.46666241 -143.78851264]
inrs_hat:  [-30.89994211 -32.96196544 -22.38068822 -36.05450051 -10.36763793
  -4.01212268 -35.80807914 -31.75336147 -12.356396   -22.60615724
 -27.00811618 -26.30747513 -31.64573932  -3.47696236 -32.79881259]
scheduled_ues:  [ 0  1  2  3  6  7  9 10 11 12 14]
(1, 15, 1, 4, 1, 1)
caused INR: -20.29832750781249
TpsAltruisticFromLsfGain + IndividualEstimated_INR + -15.0
None
ls_gain_coeffs:
[-141.88964215 -143.95166548 -133.37038826 -147.04420056 -121.35733798
 -115.00182272 -146.79777919 -142.74306151 -123.34609604 -133.59585728
 -137.99781622 -137.29717518 -142.63543936 -114.46666241 -143.78851264]
inrs_hat:  [-30.89994211 -32.96196544 -22.38068822 -36.05450051 -10.36763793
  -4.01212268 -35.80807914 -31.75336147 -12.356396   -22.60615724
 -27.00811618 -26.30747513 -31.64573932  -3.47696236 -32.79881259]
scheduled_ues:  [ 0  1  2  3  6  7  9 10 11 12 14]
(1, 15, 1, 4, 1, 1)
caused INR: -20.29832750781249
TpsAltruisticFromLsfGain + CumulativeIndividualEstimated_INR + -10.0
None
(1, 15, 1, 4, 1, 1)
caused INR: -14.506328490187366
TpsAltruisticFromLsfGain + CumulativeIndividualEstimated_INR + -12.5
None
(1, 15, 1, 4, 1, 1)
caused INR: -20.29832750781249
TpsAltruisticFromLsfGain + CumulativeIndividualEstimated_INR + -15.0
None
(1, 15, 1, 4, 1, 1)
caused INR: -20.29832750781249
TpsRandomic + IndividualEstimated_INR + -10.0
None
ls_gain_coeffs:
[-141.88964215 -135.86147278 -123.95133269 -147.04420056 -104.21593086
 -101.75638472 -134.22634957 -130.23476588 -112.44958057 -133.59585728
 -123.97301479 -120.79156344 -128.95029522 -114.46666241 -126.87468171]
inrs_hat:  [-30.89994211 -24.87177274 -12.96163264 -36.05450051   6.77376918
   9.23331533 -23.23664953 -19.24506583  -1.45988053 -22.60615724
 -12.98331474  -9.8018634  -17.96059517  -3.47696236 -15.88498166]
scheduled_ues:  [ 0  1  2  3  6  7  9 10 12 14]
(1, 15, 1, 4, 1, 1)
caused INR: -9.632174255492913
TpsRandomic + IndividualEstimated_INR + -12.5
None
ls_gain_coeffs:
[-125.17646724 -127.29351155 -123.95133269 -147.04420056 -121.35733798
 -112.59030871 -146.79777919 -130.23476588 -106.20462879 -133.59585728
 -135.62301407 -123.11559666 -142.63543936  -99.95298508 -126.87468171]
inrs_hat:  [-14.1867672  -16.30381151 -12.96163264 -36.05450051 -10.36763793
  -1.60060867 -35.80807914 -19.24506583   4.78507126 -22.60615724
 -24.63331403 -12.12589661 -31.64573932  11.03671496 -15.88498166]
scheduled_ues:  [ 0  1  2  3  6  7  9 10 12 14]
(1, 15, 1, 4, 1, 1)
caused INR: -18.562669352077876
TpsRandomic + IndividualEstimated_INR + -15.0
None
ls_gain_coeffs:
[-125.17646724 -143.95166548 -133.37038826 -147.04420056 -112.44148052
 -101.75638472 -134.22634957 -130.23476588 -112.401277   -121.22672848
 -124.7646155  -120.79156344 -126.32041221  -99.95298508 -143.78851264]
inrs_hat:  [-14.1867672  -32.96196544 -22.38068822 -36.05450051  -1.45178047
   9.23331533 -23.23664953 -19.24506583  -1.41157696 -10.23702844
 -13.77491546  -9.8018634  -15.33071217  11.03671496 -32.79881259]
scheduled_ues:  [ 1  2  3  6  7 12 14]
(1, 15, 1, 4, 1, 1)
caused INR: -22.5307124360031
TpsRandomic + CumulativeIndividualEstimated_INR + -10.0
None
(1, 15, 1, 4, 1, 1)
caused INR: -11.197146393955432
TpsRandomic + CumulativeIndividualEstimated_INR + -12.5
None
(1, 15, 1, 4, 1, 1)
caused INR: -14.435803710128358
TpsRandomic + CumulativeIndividualEstimated_INR + -15.0
None
(1, 15, 1, 4, 1, 1)
caused INR: -12.651923629726763
Iteration number 83
TpsAltruisticFromLsfGain + IndividualEstimated_INR + -10.0
None
ls_gain_coeffs:
[-126.88561862 -131.45138642 -151.2824376  -145.13620739 -136.05637845
 -129.90338517 -145.63672713 -125.89397956 -130.03960202 -124.05281383
 -126.70231761 -143.79928816 -149.06917218 -138.82680897 -140.53307239]
inrs_hat:  [-15.89591858 -20.46168637 -40.29273756 -34.14650735 -25.0666784
 -18.91368513 -34.64702709 -14.90427952 -19.04990197 -13.06311379
 -15.71261757 -32.80958812 -38.07947214 -27.83710893 -29.54337235]
scheduled_ues:  [ 0  1  2  3  4  5  6  7  8  9 10 11 12 13 14]
(1, 15, 1, 4, 1, 1)
caused INR: -4.820375799193589
TpsAltruisticFromLsfGain + IndividualEstimated_INR + -12.5
None
ls_gain_coeffs:
[-126.88561862 -131.45138642 -151.2824376  -145.13620739 -136.05637845
 -129.90338517 -145.63672713 -125.89397956 -130.03960202 -124.05281383
 -126.70231761 -143.79928816 -149.06917218 -138.82680897 -140.53307239]
inrs_hat:  [-15.89591858 -20.46168637 -40.29273756 -34.14650735 -25.0666784
 -18.91368513 -34.64702709 -14.90427952 -19.04990197 -13.06311379
 -15.71261757 -32.80958812 -38.07947214 -27.83710893 -29.54337235]
scheduled_ues:  [ 0  1  2  3  4  5  6  7  8  9 10 11 12 13 14]
(1, 15, 1, 4, 1, 1)
caused INR: -4.820375799193589
TpsAltruisticFromLsfGain + IndividualEstimated_INR + -15.0
None
ls_gain_coeffs:
[-126.88561862 -131.45138642 -151.2824376  -145.13620739 -136.05637845
 -129.90338517 -145.63672713 -125.89397956 -130.03960202 -124.05281383
 -126.70231761 -143.79928816 -149.06917218 -138.82680897 -140.53307239]
inrs_hat:  [-15.89591858 -20.46168637 -40.29273756 -34.14650735 -25.0666784
 -18.91368513 -34.64702709 -14.90427952 -19.04990197 -13.06311379
 -15.71261757 -32.80958812 -38.07947214 -27.83710893 -29.54337235]
scheduled_ues:  [ 0  1  2  3  4  5  6  8 10 11 12 13 14]
(1, 15, 1, 4, 1, 1)
caused INR: -6.267277887757565
TpsAltruisticFromLsfGain + CumulativeIndividualEstimated_INR + -10.0
None
(1, 15, 1, 4, 1, 1)
caused INR: -6.267277887757565
TpsAltruisticFromLsfGain + CumulativeIndividualEstimated_INR + -12.5
None
(1, 15, 1, 4, 1, 1)
caused INR: -13.687079544273855
TpsAltruisticFromLsfGain + CumulativeIndividualEstimated_INR + -15.0
None
(1, 15, 1, 4, 1, 1)
caused INR: -12.844914403981498
TpsRandomic + IndividualEstimated_INR + -10.0
None
ls_gain_coeffs:
[-109.92478608 -131.45138642 -134.69007317 -136.04908953 -136.05637845
 -129.90338517 -132.18867516 -108.91517382 -116.18753106 -112.52580506
 -126.70231761 -128.30417144 -143.68963058 -138.82680897 -126.86772218]
inrs_hat:  [  1.06491396 -20.46168637 -23.70037313 -25.05938949 -25.0666784
 -18.91368513 -21.19897512   2.07452622  -5.19783102  -1.53610502
 -15.71261757 -17.31447139 -32.69993054 -27.83710893 -15.87802214]
scheduled_ues:  [ 1  2  3  4  5  6 10 11 12 13 14]
(1, 15, 1, 4, 1, 1)
caused INR: -8.371159819811814
TpsRandomic + IndividualEstimated_INR + -12.5
None
ls_gain_coeffs:
[-114.27790852 -126.58261586 -142.38104085 -145.13620739 -132.42420028
 -129.90338517 -142.61737123 -125.89397956 -130.03960202 -112.52580506
 -116.53137877 -143.79928816 -149.06917218 -122.86707447 -140.53307239]
inrs_hat:  [ -3.28820847 -15.59291581 -31.3913408  -34.14650735 -21.43450024
 -18.91368513 -31.62767118 -14.90427952 -19.04990197  -1.53610502
  -5.54167872 -32.80958812 -38.07947214 -11.87737443 -29.54337235]
scheduled_ues:  [ 1  2  3  4  5  6  7  8 11 12 14]
(1, 15, 1, 4, 1, 1)
caused INR: -10.495643834542188
TpsRandomic + IndividualEstimated_INR + -15.0
None
ls_gain_coeffs:
[-126.88561862 -126.58261586 -139.4407055  -128.353118   -121.19332634
 -129.90338517 -145.63672713 -125.89397956 -125.80818915 -106.877972
 -115.35668616 -143.79928816 -149.06917218 -124.65577276 -140.53307239]
inrs_hat:  [-15.89591858 -15.59291581 -28.45100546 -17.36341796 -10.20362629
 -18.91368513 -34.64702709 -14.90427952 -14.81848911   4.11172804
  -4.36698612 -32.80958812 -38.07947214 -13.66607272 -29.54337235]
scheduled_ues:  [ 0  1  2  3  5  6 11 12 14]
(1, 15, 1, 4, 1, 1)
caused INR: -13.479570886576973
TpsRandomic + CumulativeIndividualEstimated_INR + -10.0
None
(1, 15, 1, 4, 1, 1)
caused INR: -9.302976319829217
TpsRandomic + CumulativeIndividualEstimated_INR + -12.5
None
(1, 15, 1, 4, 1, 1)
caused INR: -17.004764031141107
TpsRandomic + CumulativeIndividualEstimated_INR + -15.0
None
(1, 15, 1, 4, 1, 1)
caused INR: -13.344688320794248
Iteration number 84
TpsAltruisticFromLsfGain + IndividualEstimated_INR + -10.0
None
ls_gain_coeffs:
[-141.28755701 -130.83843481 -136.80764318 -147.51945794 -131.64408464
 -136.47184503 -130.30718733 -120.64351785 -133.97017245 -133.79438555
 -136.5474878  -147.04676888 -141.4485824  -148.67834189 -140.93650222]
inrs_hat:  [-30.29785697 -19.84873476 -25.81794313 -36.5297579  -20.65438459
 -25.48214498 -19.31748728  -9.65381781 -22.9804724  -22.80468551
 -25.55778776 -36.05706883 -30.45888235 -37.68864185 -29.94680217]
scheduled_ues:  [ 0  1  2  3  4  5  6  8  9 10 11 12 13 14]
(1, 15, 1, 4, 1, 1)
caused INR: -33.35079769411623
TpsAltruisticFromLsfGain + IndividualEstimated_INR + -12.5
None
ls_gain_coeffs:
[-141.28755701 -130.83843481 -136.80764318 -147.51945794 -131.64408464
 -136.47184503 -130.30718733 -120.64351785 -133.97017245 -133.79438555
 -136.5474878  -147.04676888 -141.4485824  -148.67834189 -140.93650222]
inrs_hat:  [-30.29785697 -19.84873476 -25.81794313 -36.5297579  -20.65438459
 -25.48214498 -19.31748728  -9.65381781 -22.9804724  -22.80468551
 -25.55778776 -36.05706883 -30.45888235 -37.68864185 -29.94680217]
scheduled_ues:  [ 0  1  2  3  4  5  6  8  9 10 11 12 13 14]
(1, 15, 1, 4, 1, 1)
caused INR: -33.35079769411623
TpsAltruisticFromLsfGain + IndividualEstimated_INR + -15.0
None
ls_gain_coeffs:
[-141.28755701 -130.83843481 -136.80764318 -147.51945794 -131.64408464
 -136.47184503 -130.30718733 -120.64351785 -133.97017245 -133.79438555
 -136.5474878  -147.04676888 -141.4485824  -148.67834189 -140.93650222]
inrs_hat:  [-30.29785697 -19.84873476 -25.81794313 -36.5297579  -20.65438459
 -25.48214498 -19.31748728  -9.65381781 -22.9804724  -22.80468551
 -25.55778776 -36.05706883 -30.45888235 -37.68864185 -29.94680217]
scheduled_ues:  [ 0  1  2  3  4  5  6  8  9 10 11 12 13 14]
(1, 15, 1, 4, 1, 1)
caused INR: -33.35079769411623
TpsAltruisticFromLsfGain + CumulativeIndividualEstimated_INR + -10.0
None
(1, 15, 1, 4, 1, 1)
caused INR: -33.35079769411623
TpsAltruisticFromLsfGain + CumulativeIndividualEstimated_INR + -12.5
None
(1, 15, 1, 4, 1, 1)
caused INR: -33.35079769411623
TpsAltruisticFromLsfGain + CumulativeIndividualEstimated_INR + -15.0
None
(1, 15, 1, 4, 1, 1)
caused INR: -25.07966025109747
TpsRandomic + IndividualEstimated_INR + -10.0
None
ls_gain_coeffs:
[-127.71795393 -114.00883166 -136.80764318 -139.75794374 -123.56524151
 -122.78881918 -130.30718733 -107.33592174 -123.82956179 -133.79438555
 -128.2857154  -147.04676888 -127.8879475  -135.78458271 -130.29035023]
inrs_hat:  [-16.72825389  -3.01913161 -25.81794313 -28.76824369 -12.57554147
 -11.79911914 -19.31748728   3.65377831 -12.83986174 -22.80468551
 -17.29601536 -36.05706883 -16.89824746 -24.79488267 -19.30065019]
scheduled_ues:  [ 0  2  3  4  5  6  8  9 10 11 12 13 14]
(1, 15, 1, 4, 1, 1)
caused INR: -3.2621143711127787
TpsRandomic + IndividualEstimated_INR + -12.5
None
ls_gain_coeffs:
[-127.71795393 -130.83843481 -136.80764318 -139.75794374 -123.56524151
 -136.47184503 -122.84218009 -120.64351785 -133.97017245 -128.60824916
 -136.5474878  -147.04676888 -134.07566637 -148.67834189 -140.93650222]
inrs_hat:  [-16.72825389 -19.84873476 -25.81794313 -28.76824369 -12.57554147
 -25.48214498 -11.85248004  -9.65381781 -22.9804724  -17.61854912
 -25.55778776 -36.05706883 -23.08596633 -37.68864185 -29.94680217]
scheduled_ues:  [ 0  1  2  3  4  5  8  9 10 11 12 13 14]
(1, 15, 1, 4, 1, 1)
caused INR: -11.346978579293726
TpsRandomic + IndividualEstimated_INR + -15.0
None
ls_gain_coeffs:
[-134.33512527 -118.87771606 -119.79065861 -139.75794374 -131.64408464
 -136.47184503 -122.84218009 -103.21126783 -123.82956179 -119.62407342
 -123.61075946 -130.58009408 -141.4485824  -140.85047407 -130.29035023]
inrs_hat:  [-23.34542523  -7.88801601  -8.80095857 -28.76824369 -20.65438459
 -25.48214498 -11.85248004   7.77843222 -12.83986174  -8.63437338
 -12.62105941 -19.59039404 -30.45888235 -29.86077403 -19.30065019]
scheduled_ues:  [ 0  3  4  5 11 12 13 14]
(1, 15, 1, 4, 1, 1)
caused INR: -26.601289515352512
TpsRandomic + CumulativeIndividualEstimated_INR + -10.0
None
(1, 15, 1, 4, 1, 1)
caused INR: -15.481984330569693
TpsRandomic + CumulativeIndividualEstimated_INR + -12.5
None
(1, 15, 1, 4, 1, 1)
caused INR: -28.740084599818665
TpsRandomic + CumulativeIndividualEstimated_INR + -15.0
None
(1, 15, 1, 4, 1, 1)
caused INR: -25.340729907388486
Iteration number 85
TpsAltruisticFromLsfGain + IndividualEstimated_INR + -10.0
None
ls_gain_coeffs:
[-124.9710637  -133.55521928 -141.41834259 -146.76789023 -144.82640171
 -145.56496438 -146.36447579 -133.99742688 -141.82500617 -132.0312523
 -150.14941227 -142.6350803  -143.21308322 -125.33988977 -122.81035739]
inrs_hat:  [-13.98136365 -22.56551923 -30.42864254 -35.77819019 -33.83670167
 -34.57526434 -35.37477575 -23.00772683 -30.83530613 -21.04155225
 -39.15971222 -31.64538025 -32.22338318 -14.35018973 -11.82065735]
scheduled_ues:  [ 0  1  2  3  4  5  6  7  8  9 10 11 12 13 14]
(1, 15, 1, 4, 1, 1)
caused INR: -14.636061213168288
TpsAltruisticFromLsfGain + IndividualEstimated_INR + -12.5
None
ls_gain_coeffs:
[-124.9710637  -133.55521928 -141.41834259 -146.76789023 -144.82640171
 -145.56496438 -146.36447579 -133.99742688 -141.82500617 -132.0312523
 -150.14941227 -142.6350803  -143.21308322 -125.33988977 -122.81035739]
inrs_hat:  [-13.98136365 -22.56551923 -30.42864254 -35.77819019 -33.83670167
 -34.57526434 -35.37477575 -23.00772683 -30.83530613 -21.04155225
 -39.15971222 -31.64538025 -32.22338318 -14.35018973 -11.82065735]
scheduled_ues:  [ 0  1  2  3  4  5  6  7  8  9 10 11 12 13]
(1, 15, 1, 4, 1, 1)
caused INR: -22.365499971313817
TpsAltruisticFromLsfGain + IndividualEstimated_INR + -15.0
None
ls_gain_coeffs:
[-124.9710637  -133.55521928 -141.41834259 -146.76789023 -144.82640171
 -145.56496438 -146.36447579 -133.99742688 -141.82500617 -132.0312523
 -150.14941227 -142.6350803  -143.21308322 -125.33988977 -122.81035739]
inrs_hat:  [-13.98136365 -22.56551923 -30.42864254 -35.77819019 -33.83670167
 -34.57526434 -35.37477575 -23.00772683 -30.83530613 -21.04155225
 -39.15971222 -31.64538025 -32.22338318 -14.35018973 -11.82065735]
scheduled_ues:  [ 1  2  3  4  5  6  7  8  9 10 11 12]
(1, 15, 1, 4, 1, 1)
caused INR: -30.591385770235725
TpsAltruisticFromLsfGain + CumulativeIndividualEstimated_INR + -10.0
None
(1, 15, 1, 4, 1, 1)
caused INR: -22.365499971313817
TpsAltruisticFromLsfGain + CumulativeIndividualEstimated_INR + -12.5
None
(1, 15, 1, 4, 1, 1)
caused INR: -30.591385770235725
TpsAltruisticFromLsfGain + CumulativeIndividualEstimated_INR + -15.0
None
(1, 15, 1, 4, 1, 1)
caused INR: -30.591385770235725
TpsRandomic + IndividualEstimated_INR + -10.0
None
ls_gain_coeffs:
[-124.9710637  -119.96888702 -140.79924113 -130.24174708 -144.82640171
 -128.80250708 -132.77754021 -124.62701937 -125.11159001 -118.95579073
 -133.75086357 -130.00959887 -143.21308322 -125.33988977 -108.72032211]
inrs_hat:  [-13.98136365  -8.97918698 -29.80954109 -19.25204704 -33.83670167
 -17.81280704 -21.78784017 -13.63731932 -14.12188996  -7.96609069
 -22.76116353 -19.01989882 -32.22338318 -14.35018973   2.26937794]
scheduled_ues:  [ 0  2  3  4  5  6  7  8 10 11 12 13]
(1, 15, 1, 4, 1, 1)
caused INR: -10.543350368098903
TpsRandomic + IndividualEstimated_INR + -12.5
None
ls_gain_coeffs:
[-124.9710637  -117.09891821 -140.79924113 -139.06341589 -144.82640171
 -134.13902283 -132.77754021 -133.99742688 -128.43194937 -132.0312523
 -143.11602452 -130.00959887 -133.0202952  -111.51437203 -122.81035739]
inrs_hat:  [-13.98136365  -6.10921817 -29.80954109 -28.07371584 -33.83670167
 -23.14932278 -21.78784017 -23.00772683 -17.44224932 -21.04155225
 -32.12632448 -19.01989882 -22.03059516  -0.52467199 -11.82065735]
scheduled_ues:  [ 0  2  3  4  5  6  7  8  9 10 11 12]
(1, 15, 1, 4, 1, 1)
caused INR: -16.15770394725922
TpsRandomic + IndividualEstimated_INR + -15.0
None
ls_gain_coeffs:
[-124.9710637  -117.09891821 -128.56400828 -133.86167828 -132.77333878
 -135.90759134 -132.77754021 -133.99742688 -134.23283065 -132.0312523
 -143.11602452 -130.00959887 -132.25262453 -118.01867897 -117.86505154]
inrs_hat:  [-13.98136365  -6.10921817 -17.57430824 -22.87197824 -21.78363873
 -24.91789129 -21.78784017 -23.00772683 -23.24313061 -21.04155225
 -32.12632448 -19.01989882 -21.26292449  -7.02897893  -6.87535149]
scheduled_ues:  [ 2  3  4  5  6  7  8  9 10 11 12]
(1, 15, 1, 4, 1, 1)
caused INR: -14.518196910886807
TpsRandomic + CumulativeIndividualEstimated_INR + -10.0
None
(1, 15, 1, 4, 1, 1)
caused INR: -7.848030720612055
TpsRandomic + CumulativeIndividualEstimated_INR + -12.5
None
(1, 15, 1, 4, 1, 1)
caused INR: -18.280626867310968
TpsRandomic + CumulativeIndividualEstimated_INR + -15.0
None
(1, 15, 1, 4, 1, 1)
caused INR: -13.702003543985823
Iteration number 86
TpsAltruisticFromLsfGain + IndividualEstimated_INR + -10.0
None
ls_gain_coeffs:
[-138.66060753 -146.82596737 -139.48564779 -141.42589183 -127.28162555
 -146.55134493 -134.22949273 -139.90343286 -126.18398704 -141.67164365
 -142.83655067 -134.61761858 -146.3238484  -149.27462326 -136.61701535]
inrs_hat:  [-27.67090748 -35.83626733 -28.49594775 -30.43619179 -16.2919255
 -35.56164489 -23.23979268 -28.91373282 -15.194287   -30.68194361
 -31.84685062 -23.62791854 -35.33414836 -38.28492322 -25.62731531]
scheduled_ues:  [ 0  1  2  3  4  5  6  7  8  9 10 11 12 13 14]
(1, 15, 1, 4, 1, 1)
caused INR: -11.624146024945786
TpsAltruisticFromLsfGain + IndividualEstimated_INR + -12.5
None
ls_gain_coeffs:
[-138.66060753 -146.82596737 -139.48564779 -141.42589183 -127.28162555
 -146.55134493 -134.22949273 -139.90343286 -126.18398704 -141.67164365
 -142.83655067 -134.61761858 -146.3238484  -149.27462326 -136.61701535]
inrs_hat:  [-27.67090748 -35.83626733 -28.49594775 -30.43619179 -16.2919255
 -35.56164489 -23.23979268 -28.91373282 -15.194287   -30.68194361
 -31.84685062 -23.62791854 -35.33414836 -38.28492322 -25.62731531]
scheduled_ues:  [ 0  1  2  3  4  5  6  7  8  9 10 11 12 13 14]
(1, 15, 1, 4, 1, 1)
caused INR: -11.624146024945786
TpsAltruisticFromLsfGain + IndividualEstimated_INR + -15.0
None
ls_gain_coeffs:
[-138.66060753 -146.82596737 -139.48564779 -141.42589183 -127.28162555
 -146.55134493 -134.22949273 -139.90343286 -126.18398704 -141.67164365
 -142.83655067 -134.61761858 -146.3238484  -149.27462326 -136.61701535]
inrs_hat:  [-27.67090748 -35.83626733 -28.49594775 -30.43619179 -16.2919255
 -35.56164489 -23.23979268 -28.91373282 -15.194287   -30.68194361
 -31.84685062 -23.62791854 -35.33414836 -38.28492322 -25.62731531]
scheduled_ues:  [ 0  1  2  3  4  5  6  7  8  9 10 11 12 13 14]
(1, 15, 1, 4, 1, 1)
caused INR: -11.624146024945786
TpsAltruisticFromLsfGain + CumulativeIndividualEstimated_INR + -10.0
None
(1, 15, 1, 4, 1, 1)
caused INR: -11.624146024945786
TpsAltruisticFromLsfGain + CumulativeIndividualEstimated_INR + -12.5
None
(1, 15, 1, 4, 1, 1)
caused INR: -10.772148972973241
TpsAltruisticFromLsfGain + CumulativeIndividualEstimated_INR + -15.0
None
(1, 15, 1, 4, 1, 1)
caused INR: -21.721230750041713
TpsRandomic + IndividualEstimated_INR + -10.0
None
ls_gain_coeffs:
[-123.99197797 -133.75571622 -133.4548404  -124.83717518 -110.85119973
 -133.86089456 -116.93898226 -139.90343286 -126.18398704 -127.46534222
 -132.46337355 -121.26104448 -132.43321687 -149.27462326 -121.93631002]
inrs_hat:  [-13.00227793 -22.76601617 -22.46514036 -13.84747514   0.13850032
 -22.87119452  -5.94928222 -28.91373282 -15.194287   -16.47564218
 -21.47367351 -10.27134443 -21.44351683 -38.28492322 -10.94660998]
scheduled_ues:  [ 0  1  2  3  5  7  8  9 10 11 12 13 14]
(1, 15, 1, 4, 1, 1)
caused INR: -3.1004580309330882
TpsRandomic + IndividualEstimated_INR + -12.5
None
ls_gain_coeffs:
[-125.10549275 -139.50990371 -125.72144588 -124.83717518 -110.85119973
 -129.92588461 -124.84432452 -126.273149   -109.22000547 -141.67164365
 -132.46337355 -133.24515742 -146.3238484  -143.46471332 -123.05586269]
inrs_hat:  [-14.11579271 -28.52020366 -14.73174584 -13.84747514   0.13850032
 -18.93618457 -13.85462447 -15.28344896   1.76969458 -30.68194361
 -21.47367351 -22.25545738 -35.33414836 -32.47501328 -12.06616264]
scheduled_ues:  [ 0  1  2  3  5  6  7  9 10 11 12 13]
(1, 15, 1, 4, 1, 1)
caused INR: -9.05533707267482
TpsRandomic + IndividualEstimated_INR + -15.0
None
ls_gain_coeffs:
[-123.99197797 -130.41200996 -139.48564779 -128.03381182 -120.95960703
 -129.92588461 -124.84432452 -126.273149   -117.27525657 -135.8830885
 -131.52587299 -121.26104448 -141.97675381 -143.46471332 -136.61701535]
inrs_hat:  [-13.00227793 -19.42230992 -28.49594775 -17.04411178  -9.96990698
 -18.93618457 -13.85462447 -15.28344896  -6.28555653 -24.89338845
 -20.53617294 -10.27134443 -30.98705377 -32.47501328 -25.62731531]
scheduled_ues:  [ 1  2  3  5  7  9 10 12 13 14]
(1, 15, 1, 4, 1, 1)
caused INR: -20.43819349939487
TpsRandomic + CumulativeIndividualEstimated_INR + -10.0
None
(1, 15, 1, 4, 1, 1)
caused INR: -8.130203434167532
TpsRandomic + CumulativeIndividualEstimated_INR + -12.5
None
(1, 15, 1, 4, 1, 1)
caused INR: -13.304317153907093
TpsRandomic + CumulativeIndividualEstimated_INR + -15.0
None
(1, 15, 1, 4, 1, 1)
caused INR: -22.41717641610134
Iteration number 87
TpsAltruisticFromLsfGain + IndividualEstimated_INR + -10.0
None
ls_gain_coeffs:
[-130.51737903 -122.64682679 -137.66017171 -150.72972128 -144.71112888
 -134.12071564 -148.61394905 -149.97696242 -145.58884049 -150.20353391
 -143.82376276 -148.41573971 -138.15009126 -141.95710007 -140.16168131]
inrs_hat:  [-19.52767899 -11.65712675 -26.67047166 -39.74002123 -33.72142884
 -23.1310156  -37.62424901 -38.98726238 -34.59914045 -39.21383387
 -32.83406271 -37.42603966 -27.16039122 -30.96740003 -29.17198127]
scheduled_ues:  [ 0  1  2  3  4  5  6  7  8  9 10 11 12 13 14]
(1, 15, 1, 4, 1, 1)
caused INR: -10.10149036720832
TpsAltruisticFromLsfGain + IndividualEstimated_INR + -12.5
None
ls_gain_coeffs:
[-130.51737903 -122.64682679 -137.66017171 -150.72972128 -144.71112888
 -134.12071564 -148.61394905 -149.97696242 -145.58884049 -150.20353391
 -143.82376276 -148.41573971 -138.15009126 -141.95710007 -140.16168131]
inrs_hat:  [-19.52767899 -11.65712675 -26.67047166 -39.74002123 -33.72142884
 -23.1310156  -37.62424901 -38.98726238 -34.59914045 -39.21383387
 -32.83406271 -37.42603966 -27.16039122 -30.96740003 -29.17198127]
scheduled_ues:  [ 0  2  3  4  5  6  7  8  9 10 11 12 13 14]
(1, 15, 1, 4, 1, 1)
caused INR: -15.776947010954384
TpsAltruisticFromLsfGain + IndividualEstimated_INR + -15.0
None
ls_gain_coeffs:
[-130.51737903 -122.64682679 -137.66017171 -150.72972128 -144.71112888
 -134.12071564 -148.61394905 -149.97696242 -145.58884049 -150.20353391
 -143.82376276 -148.41573971 -138.15009126 -141.95710007 -140.16168131]
inrs_hat:  [-19.52767899 -11.65712675 -26.67047166 -39.74002123 -33.72142884
 -23.1310156  -37.62424901 -38.98726238 -34.59914045 -39.21383387
 -32.83406271 -37.42603966 -27.16039122 -30.96740003 -29.17198127]
scheduled_ues:  [ 0  2  3  4  5  6  7  8  9 10 11 12 13 14]
(1, 15, 1, 4, 1, 1)
caused INR: -15.776947010954384
TpsAltruisticFromLsfGain + CumulativeIndividualEstimated_INR + -10.0
None
(1, 15, 1, 4, 1, 1)
caused INR: -10.10149036720832
TpsAltruisticFromLsfGain + CumulativeIndividualEstimated_INR + -12.5
None
(1, 15, 1, 4, 1, 1)
caused INR: -15.776947010954384
TpsAltruisticFromLsfGain + CumulativeIndividualEstimated_INR + -15.0
None
(1, 15, 1, 4, 1, 1)
caused INR: -15.776947010954384
TpsRandomic + IndividualEstimated_INR + -10.0
None
ls_gain_coeffs:
[-117.00957427 -121.38846569 -120.86695206 -146.48565611 -128.1046801
 -134.12071564 -137.35317035 -133.30351026 -136.65575866 -136.21824187
 -141.23394073 -137.46985496 -124.89974383 -125.24692668 -129.92481555]
inrs_hat:  [ -6.01987422 -10.39876565  -9.87725201 -35.49595607 -17.11498006
 -23.1310156  -26.3634703  -22.31381021 -25.66605862 -25.22854182
 -30.24424069 -26.48015492 -13.91004378 -14.25722664 -18.93511551]
scheduled_ues:  [ 1  3  4  5  6  7  8  9 10 11 12 13 14]
(1, 15, 1, 4, 1, 1)
caused INR: -19.167132364079706
TpsRandomic + IndividualEstimated_INR + -12.5
None
ls_gain_coeffs:
[-127.31876474 -109.78577309 -123.80960217 -146.48565611 -128.1046801
 -129.60045652 -148.61394905 -138.43901533 -128.90238189 -150.20353391
 -143.82376276 -138.29039454 -135.72384895 -141.95710007 -128.59216035]
inrs_hat:  [-16.3290647    1.20392695 -12.81990212 -35.49595607 -17.11498006
 -18.61075648 -37.62424901 -27.44931529 -17.91268185 -39.21383387
 -32.83406271 -27.3006945  -24.73414891 -30.96740003 -17.6024603 ]
scheduled_ues:  [ 0  2  3  4  5  6  7  8  9 10 11 12 13 14]
(1, 15, 1, 4, 1, 1)
caused INR: -7.993737383548607
TpsRandomic + IndividualEstimated_INR + -15.0
None
ls_gain_coeffs:
[-117.00957427 -122.64682679 -137.66017171 -146.48565611 -144.71112888
 -120.1723626  -137.35317035 -140.60960518 -136.65575866 -144.72334544
 -129.65561474 -148.41573971 -124.09099639 -125.24692668 -123.03768795]
inrs_hat:  [ -6.01987422 -11.65712675 -26.67047166 -35.49595607 -33.72142884
  -9.18266256 -26.3634703  -29.61990514 -25.66605862 -33.7336454
 -18.6659147  -37.42603966 -13.10129635 -14.25722664 -12.04798791]
scheduled_ues:  [ 2  3  4  6  7  8  9 10 11]
(1, 15, 1, 4, 1, 1)
caused INR: -14.68637155332414
TpsRandomic + CumulativeIndividualEstimated_INR + -10.0
None
(1, 15, 1, 4, 1, 1)
caused INR: -15.199024801422272
TpsRandomic + CumulativeIndividualEstimated_INR + -12.5
None
(1, 15, 1, 4, 1, 1)
caused INR: -21.437091013426482
TpsRandomic + CumulativeIndividualEstimated_INR + -15.0
None
(1, 15, 1, 4, 1, 1)
caused INR: -18.787338074657843
Iteration number 88
TpsAltruisticFromLsfGain + IndividualEstimated_INR + -10.0
None
ls_gain_coeffs:
[-127.56995634 -137.46211932 -142.71308065 -150.35988409 -130.50996835
 -134.00467296 -145.2355012  -140.24801922 -136.2575522  -140.98102791
 -135.77173366 -149.36036383 -139.71161999 -138.72415044 -129.39623213]
inrs_hat:  [-16.58025629 -26.47241927 -31.7233806  -39.37018405 -19.5202683
 -23.01497292 -34.24580115 -29.25831918 -25.26785215 -29.99132787
 -24.78203361 -38.37066379 -28.72191995 -27.7344504  -18.40653209]
scheduled_ues:  [ 0  1  2  3  4  5  6  7  8  9 10 11 12 13 14]
(1, 15, 1, 4, 1, 1)
caused INR: -18.02596166069138
TpsAltruisticFromLsfGain + IndividualEstimated_INR + -12.5
None
ls_gain_coeffs:
[-127.56995634 -137.46211932 -142.71308065 -150.35988409 -130.50996835
 -134.00467296 -145.2355012  -140.24801922 -136.2575522  -140.98102791
 -135.77173366 -149.36036383 -139.71161999 -138.72415044 -129.39623213]
inrs_hat:  [-16.58025629 -26.47241927 -31.7233806  -39.37018405 -19.5202683
 -23.01497292 -34.24580115 -29.25831918 -25.26785215 -29.99132787
 -24.78203361 -38.37066379 -28.72191995 -27.7344504  -18.40653209]
scheduled_ues:  [ 0  1  2  3  4  5  6  7  8  9 10 11 12 13 14]
(1, 15, 1, 4, 1, 1)
caused INR: -18.02596166069138
TpsAltruisticFromLsfGain + IndividualEstimated_INR + -15.0
None
ls_gain_coeffs:
[-127.56995634 -137.46211932 -142.71308065 -150.35988409 -130.50996835
 -134.00467296 -145.2355012  -140.24801922 -136.2575522  -140.98102791
 -135.77173366 -149.36036383 -139.71161999 -138.72415044 -129.39623213]
inrs_hat:  [-16.58025629 -26.47241927 -31.7233806  -39.37018405 -19.5202683
 -23.01497292 -34.24580115 -29.25831918 -25.26785215 -29.99132787
 -24.78203361 -38.37066379 -28.72191995 -27.7344504  -18.40653209]
scheduled_ues:  [ 0  1  2  3  4  5  6  7  8  9 10 11 12 13 14]
(1, 15, 1, 4, 1, 1)
caused INR: -18.02596166069138
TpsAltruisticFromLsfGain + CumulativeIndividualEstimated_INR + -10.0
None
(1, 15, 1, 4, 1, 1)
caused INR: -18.02596166069138
TpsAltruisticFromLsfGain + CumulativeIndividualEstimated_INR + -12.5
None
(1, 15, 1, 4, 1, 1)
caused INR: -17.78428514999208
TpsAltruisticFromLsfGain + CumulativeIndividualEstimated_INR + -15.0
None
(1, 15, 1, 4, 1, 1)
caused INR: -13.147772103779014
TpsRandomic + IndividualEstimated_INR + -10.0
None
ls_gain_coeffs:
[-127.56995634 -123.17420202 -128.96528037 -136.90494966 -116.36350243
 -120.62120387 -128.66435801 -130.05857891 -123.26377069 -125.75678808
 -135.77173366 -138.73813898 -133.06593549 -138.72415044 -126.15769713]
inrs_hat:  [-16.58025629 -12.18450198 -17.97558032 -25.91524962  -5.37380238
  -9.63150383 -17.67465797 -19.06887887 -12.27407064 -14.76708804
 -24.78203361 -27.74843894 -22.07623545 -27.7344504  -15.16799709]
scheduled_ues:  [ 0  1  2  3  6  7  8  9 10 11 12 13 14]
(1, 15, 1, 4, 1, 1)
caused INR: -14.465344646415073
TpsRandomic + IndividualEstimated_INR + -12.5
None
ls_gain_coeffs:
[-127.56995634 -123.17420202 -138.79447981 -143.50669196 -116.36350243
 -134.00467296 -145.2355012  -123.37265478 -123.26377069 -140.98102791
 -122.94222228 -132.63900523 -139.71161999 -130.17210846 -115.87512047]
inrs_hat:  [-16.58025629 -12.18450198 -27.80477976 -32.51699192  -5.37380238
 -23.01497292 -34.24580115 -12.38295474 -12.27407064 -29.99132787
 -11.95252223 -21.64930518 -28.72191995 -19.18240841  -4.88542042]
scheduled_ues:  [ 0  2  3  5  6  9 11 12 13]
(1, 15, 1, 4, 1, 1)
caused INR: -18.743504456704084
TpsRandomic + IndividualEstimated_INR + -15.0
None
ls_gain_coeffs:
[-127.56995634 -137.46211932 -127.65908009 -133.98502081 -114.65863651
 -134.00467296 -145.2355012  -140.24801922 -126.82814752 -140.98102791
 -122.5543109  -132.63900523 -123.15367059 -130.17210846 -115.87512047]
inrs_hat:  [-16.58025629 -26.47241927 -16.66938004 -22.99532077  -3.66893646
 -23.01497292 -34.24580115 -29.25831918 -15.83844747 -29.99132787
 -11.56461085 -21.64930518 -12.16397055 -19.18240841  -4.88542042]
scheduled_ues:  [ 0  1  2  3  5  6  7  8  9 11 13]
(1, 15, 1, 4, 1, 1)
caused INR: -16.774291904086198
TpsRandomic + CumulativeIndividualEstimated_INR + -10.0
None
(1, 15, 1, 4, 1, 1)
caused INR: -21.53439537174553
TpsRandomic + CumulativeIndividualEstimated_INR + -12.5
None
(1, 15, 1, 4, 1, 1)
caused INR: -10.425333212084709
TpsRandomic + CumulativeIndividualEstimated_INR + -15.0
None
(1, 15, 1, 4, 1, 1)
caused INR: -21.611558721288556
Iteration number 89
TpsAltruisticFromLsfGain + IndividualEstimated_INR + -10.0
None
ls_gain_coeffs:
[-129.87202224 -135.69826319 -148.09871476 -137.47687377 -145.13322527
 -140.16895389 -135.12216575 -142.57986729 -153.19444527 -136.00023755
 -122.99834253 -147.01162868 -147.20062695 -131.66435609 -138.08669467]
inrs_hat:  [-18.8823222  -24.70856315 -37.10901472 -26.48717373 -34.14352522
 -29.17925385 -24.13246571 -31.59016725 -42.20474522 -25.01053751
 -12.00864249 -36.02192864 -36.21092691 -20.67465605 -27.09699462]
scheduled_ues:  [ 0  1  2  3  4  5  6  7  8  9 10 11 12 13 14]
(1, 15, 1, 4, 1, 1)
caused INR: -14.07056699097575
TpsAltruisticFromLsfGain + IndividualEstimated_INR + -12.5
None
ls_gain_coeffs:
[-129.87202224 -135.69826319 -148.09871476 -137.47687377 -145.13322527
 -140.16895389 -135.12216575 -142.57986729 -153.19444527 -136.00023755
 -122.99834253 -147.01162868 -147.20062695 -131.66435609 -138.08669467]
inrs_hat:  [-18.8823222  -24.70856315 -37.10901472 -26.48717373 -34.14352522
 -29.17925385 -24.13246571 -31.59016725 -42.20474522 -25.01053751
 -12.00864249 -36.02192864 -36.21092691 -20.67465605 -27.09699462]
scheduled_ues:  [ 0  1  2  3  4  5  6  7  8  9 11 12 13 14]
(1, 15, 1, 4, 1, 1)
caused INR: -15.14095314413182
TpsAltruisticFromLsfGain + IndividualEstimated_INR + -15.0
None
ls_gain_coeffs:
[-129.87202224 -135.69826319 -148.09871476 -137.47687377 -145.13322527
 -140.16895389 -135.12216575 -142.57986729 -153.19444527 -136.00023755
 -122.99834253 -147.01162868 -147.20062695 -131.66435609 -138.08669467]
inrs_hat:  [-18.8823222  -24.70856315 -37.10901472 -26.48717373 -34.14352522
 -29.17925385 -24.13246571 -31.59016725 -42.20474522 -25.01053751
 -12.00864249 -36.02192864 -36.21092691 -20.67465605 -27.09699462]
scheduled_ues:  [ 0  1  2  3  4  5  6  7  8  9 11 12 13 14]
(1, 15, 1, 4, 1, 1)
caused INR: -15.14095314413182
TpsAltruisticFromLsfGain + CumulativeIndividualEstimated_INR + -10.0
None
(1, 15, 1, 4, 1, 1)
caused INR: -15.14095314413182
TpsAltruisticFromLsfGain + CumulativeIndividualEstimated_INR + -12.5
None
(1, 15, 1, 4, 1, 1)
caused INR: -15.14095314413182
TpsAltruisticFromLsfGain + CumulativeIndividualEstimated_INR + -15.0
None
(1, 15, 1, 4, 1, 1)
caused INR: -14.819110428466399
TpsRandomic + IndividualEstimated_INR + -10.0
None
ls_gain_coeffs:
[-129.87202224 -121.63198731 -131.56528677 -124.3423143  -128.32564158
 -126.69996711 -118.58634771 -125.93959006 -143.65487819 -123.11296654
 -108.57833396 -134.57902016 -130.54529148 -118.23283596 -130.22277125]
inrs_hat:  [-18.8823222  -10.64228727 -20.57558673 -13.35261425 -17.33594154
 -15.71026707  -7.59664767 -14.94989001 -32.66517814 -12.12326649
   2.41136608 -23.58932011 -19.55559144  -7.24313591 -19.2330712 ]
scheduled_ues:  [ 0  1  2  3  4  5  7  8  9 11 12 14]
(1, 15, 1, 4, 1, 1)
caused INR: 1.530545641954475
TpsRandomic + IndividualEstimated_INR + -12.5
None
ls_gain_coeffs:
[-128.0687009  -122.44432525 -148.09871476 -124.3423143  -128.32564158
 -123.71701709 -135.12216575 -129.46020337 -141.82001596 -123.11296654
 -120.03072967 -147.01162868 -137.99155424 -131.66435609 -138.08669467]
inrs_hat:  [-17.07900085 -11.45462521 -37.10901472 -13.35261425 -17.33594154
 -12.72731705 -24.13246571 -18.47050333 -30.83031592 -12.12326649
  -9.04102963 -36.02192864 -27.0018542  -20.67465605 -27.09699462]
scheduled_ues:  [ 0  2  3  4  5  6  7  8 11 12 13 14]
(1, 15, 1, 4, 1, 1)
caused INR: -5.6612110127434505
TpsRandomic + IndividualEstimated_INR + -15.0
None
ls_gain_coeffs:
[-116.22820801 -121.63198731 -131.56528677 -137.47687377 -133.46512622
 -126.69996711 -118.58634771 -125.93959006 -153.19444527 -128.40103457
 -120.03072967 -138.18676218 -137.99155424 -131.66435609 -138.08669467]
inrs_hat:  [ -5.23850797 -10.64228727 -20.57558673 -26.48717373 -22.47542618
 -15.71026707  -7.59664767 -14.94989001 -42.20474522 -17.41133452
  -9.04102963 -27.19706213 -27.0018542  -20.67465605 -27.09699462]
scheduled_ues:  [ 2  3  4  5  8  9 11 12 13 14]
(1, 15, 1, 4, 1, 1)
caused INR: -5.480847812519216
TpsRandomic + CumulativeIndividualEstimated_INR + -10.0
None
(1, 15, 1, 4, 1, 1)
caused INR: -8.674005351675584
TpsRandomic + CumulativeIndividualEstimated_INR + -12.5
None
(1, 15, 1, 4, 1, 1)
caused INR: -14.87031219268999
TpsRandomic + CumulativeIndividualEstimated_INR + -15.0
None
(1, 15, 1, 4, 1, 1)
caused INR: -10.005690990773095
Iteration number 90
TpsAltruisticFromLsfGain + IndividualEstimated_INR + -10.0
None
ls_gain_coeffs:
[-133.36438642 -147.15682961 -145.38237323 -124.66577172 -122.1875995
 -149.51473504 -143.2855139  -123.24121016 -130.12967127 -144.85689351
 -124.51174109 -150.9755026  -117.16573193 -146.83432923 -140.81870441]
inrs_hat:  [-22.37468638 -36.16712957 -34.39267318 -13.67607168 -11.19789946
 -38.525035   -32.29581385 -12.25151012 -19.13997122 -33.86719346
 -13.52204104 -39.98580256  -6.17603189 -35.84462919 -29.82900436]
scheduled_ues:  [ 0  1  2  3  4  5  6  7  8  9 10 11 13 14]
(1, 15, 1, 4, 1, 1)
caused INR: -4.42063806145436
TpsAltruisticFromLsfGain + IndividualEstimated_INR + -12.5
None
ls_gain_coeffs:
[-133.36438642 -147.15682961 -145.38237323 -124.66577172 -122.1875995
 -149.51473504 -143.2855139  -123.24121016 -130.12967127 -144.85689351
 -124.51174109 -150.9755026  -117.16573193 -146.83432923 -140.81870441]
inrs_hat:  [-22.37468638 -36.16712957 -34.39267318 -13.67607168 -11.19789946
 -38.525035   -32.29581385 -12.25151012 -19.13997122 -33.86719346
 -13.52204104 -39.98580256  -6.17603189 -35.84462919 -29.82900436]
scheduled_ues:  [ 0  1  2  3  5  6  8  9 10 11 13 14]
(1, 15, 1, 4, 1, 1)
caused INR: -11.971373521232644
TpsAltruisticFromLsfGain + IndividualEstimated_INR + -15.0
None
ls_gain_coeffs:
[-133.36438642 -147.15682961 -145.38237323 -124.66577172 -122.1875995
 -149.51473504 -143.2855139  -123.24121016 -130.12967127 -144.85689351
 -124.51174109 -150.9755026  -117.16573193 -146.83432923 -140.81870441]
inrs_hat:  [-22.37468638 -36.16712957 -34.39267318 -13.67607168 -11.19789946
 -38.525035   -32.29581385 -12.25151012 -19.13997122 -33.86719346
 -13.52204104 -39.98580256  -6.17603189 -35.84462919 -29.82900436]
scheduled_ues:  [ 0  1  2  5  6  8  9 11 13 14]
(1, 15, 1, 4, 1, 1)
caused INR: -24.135149961569326
TpsAltruisticFromLsfGain + CumulativeIndividualEstimated_INR + -10.0
None
(1, 15, 1, 4, 1, 1)
caused INR: -13.735413795469837
TpsAltruisticFromLsfGain + CumulativeIndividualEstimated_INR + -12.5
None
(1, 15, 1, 4, 1, 1)
caused INR: -24.135149961569326
TpsAltruisticFromLsfGain + CumulativeIndividualEstimated_INR + -15.0
None
(1, 15, 1, 4, 1, 1)
caused INR: -24.135149961569326
TpsRandomic + IndividualEstimated_INR + -10.0
None
ls_gain_coeffs:
[-123.17324023 -147.15682961 -145.38237323 -124.66577172 -112.91814496
 -133.00242042 -131.27413861 -123.24121016 -130.12967127 -130.68483616
 -123.72523087 -150.9755026  -104.61366614 -130.55730768 -126.61186884]
inrs_hat:  [-12.18354018 -36.16712957 -34.39267318 -13.67607168  -1.92844492
 -22.01272038 -20.28443857 -12.25151012 -19.13997122 -19.69513611
 -12.73553083 -39.98580256   6.37603391 -19.56760764 -15.6221688 ]
scheduled_ues:  [ 0  1  2  3  5  6  7  8  9 10 11 13 14]
(1, 15, 1, 4, 1, 1)
caused INR: -16.88901405600658
TpsRandomic + IndividualEstimated_INR + -12.5
None
ls_gain_coeffs:
[-122.33416043 -131.09440081 -136.23148622 -114.51728655 -122.1875995
 -136.72166469 -131.27413861 -108.86433675 -130.12967127 -130.68483616
 -111.80797102 -142.76493988 -104.61366614 -146.83432923 -126.61186884]
inrs_hat:  [-11.34446039 -20.10470077 -25.24178617  -3.52758651 -11.19789946
 -25.73196465 -20.28443857   2.1253633  -19.13997122 -19.69513611
  -0.81827097 -31.77523984   6.37603391 -35.84462919 -15.6221688 ]
scheduled_ues:  [ 1  2  5  6  8  9 11 13 14]
(1, 15, 1, 4, 1, 1)
caused INR: -12.385045342425375
TpsRandomic + IndividualEstimated_INR + -15.0
None
ls_gain_coeffs:
[-122.33416043 -131.09440081 -145.38237323 -112.76121954 -122.1875995
 -136.72166469 -143.2855139  -109.83197345 -117.05487276 -128.69622742
 -123.72523087 -142.76493988  -99.03445928 -140.09979158 -140.81870441]
inrs_hat:  [-11.34446039 -20.10470077 -34.39267318  -1.7715195  -11.19789946
 -25.73196465 -32.29581385   1.15772659  -6.06517272 -17.70652738
 -12.73553083 -31.77523984  11.95524076 -29.11009153 -29.82900436]
scheduled_ues:  [ 1  2  5  6  9 11 13 14]
(1, 15, 1, 4, 1, 1)
caused INR: -16.68101051745867
TpsRandomic + CumulativeIndividualEstimated_INR + -10.0
None
(1, 15, 1, 4, 1, 1)
caused INR: -19.301732490103554
TpsRandomic + CumulativeIndividualEstimated_INR + -12.5
None
(1, 15, 1, 4, 1, 1)
caused INR: -11.884706288061427
TpsRandomic + CumulativeIndividualEstimated_INR + -15.0
None
(1, 15, 1, 4, 1, 1)
caused INR: -22.50625123945397
Iteration number 91
TpsAltruisticFromLsfGain + IndividualEstimated_INR + -10.0
None
ls_gain_coeffs:
[-129.47032628 -136.48951533 -126.34461962 -143.72389214 -136.9055112
 -132.14768881 -132.88248813 -126.10701409 -135.06364829 -134.52106193
 -148.58803261 -145.35181417 -127.97235012 -140.67561057 -127.40365542]
inrs_hat:  [-18.48062623 -25.49981529 -15.35491957 -32.7341921  -25.91581116
 -21.15798877 -21.89278809 -15.11731405 -24.07394825 -23.53136189
 -37.59833257 -34.36211413 -16.98265008 -29.68591053 -16.41395537]
scheduled_ues:  [ 0  1  2  3  4  5  6  7  8  9 10 11 12 13 14]
(1, 15, 1, 4, 1, 1)
caused INR: -13.839595629739037
TpsAltruisticFromLsfGain + IndividualEstimated_INR + -12.5
None
ls_gain_coeffs:
[-129.47032628 -136.48951533 -126.34461962 -143.72389214 -136.9055112
 -132.14768881 -132.88248813 -126.10701409 -135.06364829 -134.52106193
 -148.58803261 -145.35181417 -127.97235012 -140.67561057 -127.40365542]
inrs_hat:  [-18.48062623 -25.49981529 -15.35491957 -32.7341921  -25.91581116
 -21.15798877 -21.89278809 -15.11731405 -24.07394825 -23.53136189
 -37.59833257 -34.36211413 -16.98265008 -29.68591053 -16.41395537]
scheduled_ues:  [ 0  1  2  3  4  5  6  7  8  9 10 11 12 13 14]
(1, 15, 1, 4, 1, 1)
caused INR: -13.839595629739037
TpsAltruisticFromLsfGain + IndividualEstimated_INR + -15.0
None
ls_gain_coeffs:
[-129.47032628 -136.48951533 -126.34461962 -143.72389214 -136.9055112
 -132.14768881 -132.88248813 -126.10701409 -135.06364829 -134.52106193
 -148.58803261 -145.35181417 -127.97235012 -140.67561057 -127.40365542]
inrs_hat:  [-18.48062623 -25.49981529 -15.35491957 -32.7341921  -25.91581116
 -21.15798877 -21.89278809 -15.11731405 -24.07394825 -23.53136189
 -37.59833257 -34.36211413 -16.98265008 -29.68591053 -16.41395537]
scheduled_ues:  [ 0  1  2  3  4  5  6  7  8  9 10 11 12 13 14]
(1, 15, 1, 4, 1, 1)
caused INR: -13.839595629739037
TpsAltruisticFromLsfGain + CumulativeIndividualEstimated_INR + -10.0
None
(1, 15, 1, 4, 1, 1)
caused INR: -12.618332238932252
TpsAltruisticFromLsfGain + CumulativeIndividualEstimated_INR + -12.5
None
(1, 15, 1, 4, 1, 1)
caused INR: -17.647101023029357
TpsAltruisticFromLsfGain + CumulativeIndividualEstimated_INR + -15.0
None
(1, 15, 1, 4, 1, 1)
caused INR: -15.629031080374494
TpsRandomic + IndividualEstimated_INR + -10.0
None
ls_gain_coeffs:
[-126.45440896 -123.69784384 -114.13496483 -128.01651697 -119.81178173
 -120.97034597 -132.88248813 -117.06424411 -122.88141842 -120.7477069
 -132.33640274 -144.14476677 -111.22981537 -140.28853032 -125.26666547]
inrs_hat:  [-15.46470892 -12.7081438   -3.14526479 -17.02681693  -8.82208169
  -9.98064593 -21.89278809  -6.07454406 -11.89171837  -9.75800685
 -21.3467027  -33.15506672  -0.24011533 -29.29883028 -14.27696543]
scheduled_ues:  [ 0  1  3  6  8 10 11 13 14]
(1, 15, 1, 4, 1, 1)
caused INR: -12.912137654777922
TpsRandomic + IndividualEstimated_INR + -12.5
None
ls_gain_coeffs:
[-116.02342051 -123.69784384 -113.94533066 -138.82522939 -136.9055112
 -120.97034597 -124.52764333 -109.14737606 -122.88141842 -134.52106193
 -134.95840387 -132.1055159  -114.84587242 -128.10498382 -125.26666547]
inrs_hat:  [ -5.03372046 -12.7081438   -2.95563062 -27.83552935 -25.91581116
  -9.98064593 -13.53794329   1.84232399 -11.89171837 -23.53136189
 -23.96870382 -21.11581586  -3.85617238 -17.11528378 -14.27696543]
scheduled_ues:  [ 1  3  4  6  9 10 11 13 14]
(1, 15, 1, 4, 1, 1)
caused INR: -14.373817266261087
TpsRandomic + IndividualEstimated_INR + -15.0
None
ls_gain_coeffs:
[-129.47032628 -123.69784384 -114.13496483 -128.01651697 -127.19135225
 -114.56314382 -115.95439853 -113.67210801 -135.06364829 -134.52106193
 -134.95840387 -132.1055159  -127.97235012 -128.10498382 -114.24972544]
inrs_hat:  [-18.48062623 -12.7081438   -3.14526479 -17.02681693 -16.2016522
  -3.57344377  -4.96469849  -2.68240797 -24.07394825 -23.53136189
 -23.96870382 -21.11581586 -16.98265008 -17.11528378  -3.26002539]
scheduled_ues:  [ 0  3  4  8  9 10 11 12 13]
(1, 15, 1, 4, 1, 1)
caused INR: -18.79801464593166
TpsRandomic + CumulativeIndividualEstimated_INR + -10.0
None
(1, 15, 1, 4, 1, 1)
caused INR: -25.35913274895738
TpsRandomic + CumulativeIndividualEstimated_INR + -12.5
None
(1, 15, 1, 4, 1, 1)
caused INR: -33.231981988095015
TpsRandomic + CumulativeIndividualEstimated_INR + -15.0
None
(1, 15, 1, 4, 1, 1)
caused INR: -14.181641553953302
Iteration number 92
TpsAltruisticFromLsfGain + IndividualEstimated_INR + -10.0
None
ls_gain_coeffs:
[-135.15433772 -124.31668059 -131.42170065 -147.67668985 -137.78662349
 -125.31449982 -134.84681488 -145.02820587 -134.38717151 -146.0452649
 -145.00247113 -117.30550062 -141.00967804 -145.6529395  -129.49268552]
inrs_hat:  [-24.16463768 -13.32698054 -20.43200061 -36.68698981 -26.79692344
 -14.32479977 -23.85711483 -34.03850583 -23.39747147 -35.05556486
 -34.01277109  -6.31580057 -30.019978   -34.66323946 -18.50298547]
scheduled_ues:  [ 0  1  2  3  4  5  6  7  8  9 10 12 13 14]
(1, 15, 1, 4, 1, 1)
caused INR: -6.226887407436152
TpsAltruisticFromLsfGain + IndividualEstimated_INR + -12.5
None
ls_gain_coeffs:
[-135.15433772 -124.31668059 -131.42170065 -147.67668985 -137.78662349
 -125.31449982 -134.84681488 -145.02820587 -134.38717151 -146.0452649
 -145.00247113 -117.30550062 -141.00967804 -145.6529395  -129.49268552]
inrs_hat:  [-24.16463768 -13.32698054 -20.43200061 -36.68698981 -26.79692344
 -14.32479977 -23.85711483 -34.03850583 -23.39747147 -35.05556486
 -34.01277109  -6.31580057 -30.019978   -34.66323946 -18.50298547]
scheduled_ues:  [ 0  1  2  3  4  5  6  7  8  9 10 12 13 14]
(1, 15, 1, 4, 1, 1)
caused INR: -6.226887407436152
TpsAltruisticFromLsfGain + IndividualEstimated_INR + -15.0
None
ls_gain_coeffs:
[-135.15433772 -124.31668059 -131.42170065 -147.67668985 -137.78662349
 -125.31449982 -134.84681488 -145.02820587 -134.38717151 -146.0452649
 -145.00247113 -117.30550062 -141.00967804 -145.6529395  -129.49268552]
inrs_hat:  [-24.16463768 -13.32698054 -20.43200061 -36.68698981 -26.79692344
 -14.32479977 -23.85711483 -34.03850583 -23.39747147 -35.05556486
 -34.01277109  -6.31580057 -30.019978   -34.66323946 -18.50298547]
scheduled_ues:  [ 0  2  3  4  6  7  8  9 10 12 13 14]
(1, 15, 1, 4, 1, 1)
caused INR: -12.03738251970774
TpsAltruisticFromLsfGain + CumulativeIndividualEstimated_INR + -10.0
None
(1, 15, 1, 4, 1, 1)
caused INR: -10.196950864867285
TpsAltruisticFromLsfGain + CumulativeIndividualEstimated_INR + -12.5
None
(1, 15, 1, 4, 1, 1)
caused INR: -12.03738251970774
TpsAltruisticFromLsfGain + CumulativeIndividualEstimated_INR + -15.0
None
(1, 15, 1, 4, 1, 1)
caused INR: -15.540442280368389
TpsRandomic + IndividualEstimated_INR + -10.0
None
ls_gain_coeffs:
[-131.12063423 -124.31668059 -118.89393523 -147.67668985 -137.78662349
 -112.79065967 -118.39741671 -128.39128315 -121.10389681 -146.0452649
 -128.35620807 -103.80828436 -127.20635744 -138.75760494 -120.82572909]
inrs_hat:  [-20.13093419 -13.32698054  -7.90423518 -36.68698981 -26.79692344
  -1.80095963  -7.40771666 -17.40158311 -10.11419677 -35.05556486
 -17.36650802   7.18141568 -16.21665739 -27.76790489  -9.83602905]
scheduled_ues:  [ 0  1  3  4  7  8  9 10 12 13]
(1, 15, 1, 4, 1, 1)
caused INR: -5.892065952370485
TpsRandomic + IndividualEstimated_INR + -12.5
None
ls_gain_coeffs:
[-120.02360206 -124.31668059 -118.89393523 -132.73819364 -124.91101068
 -112.79065967 -134.84681488 -137.18432277 -117.37262595 -133.57111
 -128.35620807 -103.80828436 -125.84463683 -145.6529395  -117.07104536]
inrs_hat:  [ -9.03390202 -13.32698054  -7.90423518 -21.7484936  -13.92131064
  -1.80095963 -23.85711483 -26.19462273  -6.38292591 -22.58140996
 -17.36650802   7.18141568 -14.85493678 -34.66323946  -6.08134532]
scheduled_ues:  [ 1  3  4  6  7  9 10 12 13]
(1, 15, 1, 4, 1, 1)
caused INR: -5.808787398762519
TpsRandomic + IndividualEstimated_INR + -15.0
None
ls_gain_coeffs:
[-135.15433772 -110.42722605 -131.42170065 -143.93134554 -120.55812487
 -125.1911396  -118.39741671 -132.03984354 -121.10389681 -133.57111
 -128.35620807 -117.30550062 -136.92451622 -129.21111377 -129.49268552]
inrs_hat:  [-24.16463768   0.56247399 -20.43200061 -32.94164549  -9.56842483
 -14.20143955  -7.40771666 -21.05014349 -10.11419677 -22.58140996
 -17.36650802  -6.31580057 -25.93481618 -18.22141373 -18.50298547]
scheduled_ues:  [ 0  2  3  7  9 10 12 13 14]
(1, 15, 1, 4, 1, 1)
caused INR: -16.693600232835863
TpsRandomic + CumulativeIndividualEstimated_INR + -10.0
None
(1, 15, 1, 4, 1, 1)
caused INR: -8.012995626556304
TpsRandomic + CumulativeIndividualEstimated_INR + -12.5
None
(1, 15, 1, 4, 1, 1)
caused INR: -24.366490275990063
TpsRandomic + CumulativeIndividualEstimated_INR + -15.0
None
(1, 15, 1, 4, 1, 1)
caused INR: -18.11010584708701
Iteration number 93
TpsAltruisticFromLsfGain + IndividualEstimated_INR + -10.0
None
ls_gain_coeffs:
[-131.70675082 -132.73078514 -132.96242246 -137.82395214 -139.77701877
 -139.22168999 -143.58096201 -146.53736528 -126.3507143  -137.7790077
 -149.20453216 -135.39715183 -140.59720967 -146.59109941 -134.72126863]
inrs_hat:  [-20.71705078 -21.7410851  -21.97272241 -26.8342521  -28.78731873
 -28.23198995 -32.59126196 -35.54766524 -15.36101426 -26.78930766
 -38.21483212 -24.40745179 -29.60750962 -35.60139937 -23.73156859]
scheduled_ues:  [ 0  1  2  3  4  5  6  7  8  9 10 11 12 13 14]
(1, 15, 1, 4, 1, 1)
caused INR: -9.694322490449208
TpsAltruisticFromLsfGain + IndividualEstimated_INR + -12.5
None
ls_gain_coeffs:
[-131.70675082 -132.73078514 -132.96242246 -137.82395214 -139.77701877
 -139.22168999 -143.58096201 -146.53736528 -126.3507143  -137.7790077
 -149.20453216 -135.39715183 -140.59720967 -146.59109941 -134.72126863]
inrs_hat:  [-20.71705078 -21.7410851  -21.97272241 -26.8342521  -28.78731873
 -28.23198995 -32.59126196 -35.54766524 -15.36101426 -26.78930766
 -38.21483212 -24.40745179 -29.60750962 -35.60139937 -23.73156859]
scheduled_ues:  [ 0  1  2  3  4  5  6  7  8  9 10 11 12 13 14]
(1, 15, 1, 4, 1, 1)
caused INR: -9.694322490449208
TpsAltruisticFromLsfGain + IndividualEstimated_INR + -15.0
None
ls_gain_coeffs:
[-131.70675082 -132.73078514 -132.96242246 -137.82395214 -139.77701877
 -139.22168999 -143.58096201 -146.53736528 -126.3507143  -137.7790077
 -149.20453216 -135.39715183 -140.59720967 -146.59109941 -134.72126863]
inrs_hat:  [-20.71705078 -21.7410851  -21.97272241 -26.8342521  -28.78731873
 -28.23198995 -32.59126196 -35.54766524 -15.36101426 -26.78930766
 -38.21483212 -24.40745179 -29.60750962 -35.60139937 -23.73156859]
scheduled_ues:  [ 0  1  2  3  4  5  6  7  8  9 10 11 12 13 14]
(1, 15, 1, 4, 1, 1)
caused INR: -9.694322490449208
TpsAltruisticFromLsfGain + CumulativeIndividualEstimated_INR + -10.0
None
(1, 15, 1, 4, 1, 1)
caused INR: -9.694322490449208
TpsAltruisticFromLsfGain + CumulativeIndividualEstimated_INR + -12.5
None
(1, 15, 1, 4, 1, 1)
caused INR: -17.490119013924254
TpsAltruisticFromLsfGain + CumulativeIndividualEstimated_INR + -15.0
None
(1, 15, 1, 4, 1, 1)
caused INR: -17.684719943259196
TpsRandomic + IndividualEstimated_INR + -10.0
None
ls_gain_coeffs:
[-115.41464589 -132.73078514 -124.74879323 -124.54099252 -122.88327986
 -135.70544646 -141.5367939  -141.8481485  -107.7841639  -125.21979327
 -143.77200616 -131.11912469 -123.89048064 -133.42084305 -127.0502702 ]
inrs_hat:  [ -4.42494584 -21.7410851  -13.75909319 -13.55129247 -11.89357982
 -24.71574642 -30.54709386 -30.85844846   3.20553614 -14.23009323
 -32.78230611 -20.12942465 -12.9007806  -22.43114301 -16.06057016]
scheduled_ues:  [ 1  2  3  4  5  6  7  9 10 11 12 13 14]
(1, 15, 1, 4, 1, 1)
caused INR: -6.886248959856704
TpsRandomic + IndividualEstimated_INR + -12.5
None
ls_gain_coeffs:
[-131.70675082 -120.47765338 -120.36471475 -130.98681244 -139.77701877
 -139.22168999 -130.45797264 -141.8481485  -117.096317   -137.7790077
 -143.77200616 -135.39715183 -123.89048064 -145.49811487 -127.0502702 ]
inrs_hat:  [-20.71705078  -9.48795333  -9.3750147  -19.9971124  -28.78731873
 -28.23198995 -19.46827259 -30.85844846  -6.10661696 -26.78930766
 -32.78230611 -24.40745179 -12.9007806  -34.50841483 -16.06057016]
scheduled_ues:  [ 0  3  4  5  6  7  9 10 11 12 13 14]
(1, 15, 1, 4, 1, 1)
caused INR: -13.208039756691605
TpsRandomic + IndividualEstimated_INR + -15.0
None
ls_gain_coeffs:
[-125.93099342 -120.47765338 -124.74879323 -130.98681244 -127.40949767
 -124.43592764 -130.45797264 -141.8481485  -126.3507143  -120.77644709
 -149.20453216 -135.39715183 -132.98620142 -145.49811487 -127.0502702 ]
inrs_hat:  [-14.94129338  -9.48795333 -13.75909319 -19.9971124  -16.41979763
 -13.4462276  -19.46827259 -30.85844846 -15.36101426  -9.78674705
 -38.21483212 -24.40745179 -21.99650138 -34.50841483 -16.06057016]
scheduled_ues:  [ 3  4  6  7  8 10 11 12 13 14]
(1, 15, 1, 4, 1, 1)
caused INR: -6.174342763735911
TpsRandomic + CumulativeIndividualEstimated_INR + -10.0
None
(1, 15, 1, 4, 1, 1)
caused INR: -19.90755399440716
TpsRandomic + CumulativeIndividualEstimated_INR + -12.5
None
(1, 15, 1, 4, 1, 1)
caused INR: -12.61803338641001
TpsRandomic + CumulativeIndividualEstimated_INR + -15.0
None
(1, 15, 1, 4, 1, 1)
caused INR: -18.68875637452237
Iteration number 94
TpsAltruisticFromLsfGain + IndividualEstimated_INR + -10.0
None
ls_gain_coeffs:
[-124.96148104 -127.99865465 -121.9822523  -134.63766456 -144.70245857
 -126.27019827 -125.25245056 -129.77476366 -124.07848478 -123.57178213
 -139.02273319 -146.09057031 -148.58669593 -139.59942328 -142.67382268]
inrs_hat:  [-13.971781   -17.00895461 -10.99255226 -23.64796452 -33.71275853
 -15.28049822 -14.26275051 -18.78506361 -13.08878474 -12.58208209
 -28.03303315 -35.10087027 -37.59699588 -28.60972324 -31.68412263]
scheduled_ues:  [ 0  1  2  3  4  5  6  7  8  9 10 11 12 13 14]
(1, 15, 1, 4, 1, 1)
caused INR: -8.85277937135929
TpsAltruisticFromLsfGain + IndividualEstimated_INR + -12.5
None
ls_gain_coeffs:
[-124.96148104 -127.99865465 -121.9822523  -134.63766456 -144.70245857
 -126.27019827 -125.25245056 -129.77476366 -124.07848478 -123.57178213
 -139.02273319 -146.09057031 -148.58669593 -139.59942328 -142.67382268]
inrs_hat:  [-13.971781   -17.00895461 -10.99255226 -23.64796452 -33.71275853
 -15.28049822 -14.26275051 -18.78506361 -13.08878474 -12.58208209
 -28.03303315 -35.10087027 -37.59699588 -28.60972324 -31.68412263]
scheduled_ues:  [ 0  1  3  4  5  6  7  8  9 10 11 12 13 14]
(1, 15, 1, 4, 1, 1)
caused INR: -13.19090644443067
TpsAltruisticFromLsfGain + IndividualEstimated_INR + -15.0
None
ls_gain_coeffs:
[-124.96148104 -127.99865465 -121.9822523  -134.63766456 -144.70245857
 -126.27019827 -125.25245056 -129.77476366 -124.07848478 -123.57178213
 -139.02273319 -146.09057031 -148.58669593 -139.59942328 -142.67382268]
inrs_hat:  [-13.971781   -17.00895461 -10.99255226 -23.64796452 -33.71275853
 -15.28049822 -14.26275051 -18.78506361 -13.08878474 -12.58208209
 -28.03303315 -35.10087027 -37.59699588 -28.60972324 -31.68412263]
scheduled_ues:  [ 1  3  4  5  7 10 11 12 13 14]
(1, 15, 1, 4, 1, 1)
caused INR: -14.130126819044841
TpsAltruisticFromLsfGain + CumulativeIndividualEstimated_INR + -10.0
None
(1, 15, 1, 4, 1, 1)
caused INR: -14.130126819044841
TpsAltruisticFromLsfGain + CumulativeIndividualEstimated_INR + -12.5
None
(1, 15, 1, 4, 1, 1)
caused INR: -33.77781955203509
TpsAltruisticFromLsfGain + CumulativeIndividualEstimated_INR + -15.0
None
(1, 15, 1, 4, 1, 1)
caused INR: -21.111000620894025
TpsRandomic + IndividualEstimated_INR + -10.0
None
ls_gain_coeffs:
[-112.1996972  -127.99865465 -118.37385543 -117.91202153 -144.70245857
 -112.80778254 -125.25245056 -129.77476366 -124.07848478 -123.57178213
 -139.02273319 -132.93488682 -148.58669593 -139.59942328 -142.67382268]
inrs_hat:  [ -1.20999715 -17.00895461  -7.38415538  -6.92232149 -33.71275853
  -1.8180825  -14.26275051 -18.78506361 -13.08878474 -12.58208209
 -28.03303315 -21.94518678 -37.59699588 -28.60972324 -31.68412263]
scheduled_ues:  [ 1  4  6  7  8  9 10 11 12 13 14]
(1, 15, 1, 4, 1, 1)
caused INR: -13.922464175068267
TpsRandomic + IndividualEstimated_INR + -12.5
None
ls_gain_coeffs:
[-107.98307154 -127.99865465 -108.33785334 -120.76769729 -134.51375789
 -111.78696682 -125.25245056 -129.77476366 -110.24648932 -110.66218366
 -139.02273319 -132.22080333 -144.62477835 -139.59942328 -125.92564199]
inrs_hat:  [  3.0066285  -17.00895461   2.6518467   -9.77799725 -23.52405785
  -0.79726678 -14.26275051 -18.78506361   0.74321073   0.32751639
 -28.03303315 -21.23110329 -33.63507831 -28.60972324 -14.93594194]
scheduled_ues:  [ 1  4  6  7 10 11 12 13 14]
(1, 15, 1, 4, 1, 1)
caused INR: -18.95137089467711
TpsRandomic + IndividualEstimated_INR + -15.0
None
ls_gain_coeffs:
[-112.1996972  -114.50651033 -107.13505439 -134.63766456 -127.80947572
 -126.27019827 -110.87321608 -129.77476366 -110.24648932 -110.66218366
 -127.57254553 -143.94831984 -144.62477835 -139.59942328 -142.67382268]
inrs_hat:  [ -1.20999715  -3.51681029   3.85464566 -23.64796452 -16.81977568
 -15.28049822   0.11648396 -18.78506361   0.74321073   0.32751639
 -16.58284549 -32.9586198  -33.63507831 -28.60972324 -31.68412263]
scheduled_ues:  [ 3  4  5  7 10 11 12 13 14]
(1, 15, 1, 4, 1, 1)
caused INR: -10.617861051838918
TpsRandomic + CumulativeIndividualEstimated_INR + -10.0
None
(1, 15, 1, 4, 1, 1)
caused INR: -15.041637680989897
TpsRandomic + CumulativeIndividualEstimated_INR + -12.5
None
(1, 15, 1, 4, 1, 1)
caused INR: -19.35743648959402
TpsRandomic + CumulativeIndividualEstimated_INR + -15.0
None
(1, 15, 1, 4, 1, 1)
caused INR: -25.490125983119295
Iteration number 95
TpsAltruisticFromLsfGain + IndividualEstimated_INR + -10.0
None
ls_gain_coeffs:
[-131.00807587 -132.18188851 -131.7010434  -139.03534971 -136.53386474
 -132.00407037 -147.310182   -135.41936426 -136.7048061  -152.91523434
 -139.51733842 -136.23971822 -133.67286294 -147.39305019 -127.48633219]
inrs_hat:  [-20.01837583 -21.19218846 -20.71134335 -28.04564967 -25.54416469
 -21.01437033 -36.32048196 -24.42966422 -25.71510606 -41.9255343
 -28.52763838 -25.25001817 -22.6831629  -36.40335015 -16.49663215]
scheduled_ues:  [ 0  1  2  3  4  5  6  7  8  9 10 11 12 13 14]
(1, 15, 1, 4, 1, 1)
caused INR: -4.772197647154604
TpsAltruisticFromLsfGain + IndividualEstimated_INR + -12.5
None
ls_gain_coeffs:
[-131.00807587 -132.18188851 -131.7010434  -139.03534971 -136.53386474
 -132.00407037 -147.310182   -135.41936426 -136.7048061  -152.91523434
 -139.51733842 -136.23971822 -133.67286294 -147.39305019 -127.48633219]
inrs_hat:  [-20.01837583 -21.19218846 -20.71134335 -28.04564967 -25.54416469
 -21.01437033 -36.32048196 -24.42966422 -25.71510606 -41.9255343
 -28.52763838 -25.25001817 -22.6831629  -36.40335015 -16.49663215]
scheduled_ues:  [ 0  1  2  3  4  5  6  7  8  9 10 11 12 13 14]
(1, 15, 1, 4, 1, 1)
caused INR: -4.772197647154604
TpsAltruisticFromLsfGain + IndividualEstimated_INR + -15.0
None
ls_gain_coeffs:
[-131.00807587 -132.18188851 -131.7010434  -139.03534971 -136.53386474
 -132.00407037 -147.310182   -135.41936426 -136.7048061  -152.91523434
 -139.51733842 -136.23971822 -133.67286294 -147.39305019 -127.48633219]
inrs_hat:  [-20.01837583 -21.19218846 -20.71134335 -28.04564967 -25.54416469
 -21.01437033 -36.32048196 -24.42966422 -25.71510606 -41.9255343
 -28.52763838 -25.25001817 -22.6831629  -36.40335015 -16.49663215]
scheduled_ues:  [ 0  1  2  3  4  5  6  7  8  9 10 11 12 13 14]
(1, 15, 1, 4, 1, 1)
caused INR: -4.772197647154604
TpsAltruisticFromLsfGain + CumulativeIndividualEstimated_INR + -10.0
None
(1, 15, 1, 4, 1, 1)
caused INR: -4.772197647154604
TpsAltruisticFromLsfGain + CumulativeIndividualEstimated_INR + -12.5
None
(1, 15, 1, 4, 1, 1)
caused INR: -9.940150492311833
TpsAltruisticFromLsfGain + CumulativeIndividualEstimated_INR + -15.0
None
(1, 15, 1, 4, 1, 1)
caused INR: -10.421331149540991
TpsRandomic + IndividualEstimated_INR + -10.0
None
ls_gain_coeffs:
[-124.93498743 -118.08604464 -114.73704823 -139.03534971 -136.53386474
 -115.04951982 -130.64345834 -126.07438073 -136.7048061  -136.80925041
 -122.5842315  -128.65255839 -117.72527326 -147.39305019 -119.18577976]
inrs_hat:  [-13.94528739  -7.0963446   -3.74734819 -28.04564967 -25.54416469
  -4.05981978 -19.65375829 -15.08468069 -25.71510606 -25.81955036
 -11.59453146 -17.66285835  -6.73557322 -36.40335015  -8.19607971]
scheduled_ues:  [ 0  3  4  6  7  8  9 10 11 13]
(1, 15, 1, 4, 1, 1)
caused INR: -9.45628534063566
TpsRandomic + IndividualEstimated_INR + -12.5
None
ls_gain_coeffs:
[-131.00807587 -118.08604464 -121.61240756 -122.20534502 -124.06917265
 -121.36390715 -130.64345834 -118.24546871 -128.80528025 -136.80925041
 -139.51733842 -128.65255839 -119.4782681  -139.40253334 -119.18577976]
inrs_hat:  [-20.01837583  -7.0963446  -10.62270752 -11.21564498 -13.07947261
 -10.37420711 -19.65375829  -7.25576866 -17.81558021 -25.81955036
 -28.52763838 -17.66285835  -8.48856806 -28.41283329  -8.19607971]
scheduled_ues:  [ 0  4  6  8  9 10 11 13]
(1, 15, 1, 4, 1, 1)
caused INR: -11.91521685498296
TpsRandomic + IndividualEstimated_INR + -15.0
None
ls_gain_coeffs:
[-124.93498743 -118.08604464 -121.61240756 -139.03534971 -119.91910149
 -115.04951982 -147.310182   -135.41936426 -119.934783   -152.91523434
 -126.63713523 -119.31728535 -133.67286294 -139.40253334 -112.39902643]
inrs_hat:  [-13.94528739  -7.0963446  -10.62270752 -28.04564967  -8.92940144
  -4.05981978 -36.32048196 -24.42966422  -8.94508296 -41.9255343
 -15.64743518  -8.32758531 -22.6831629  -28.41283329  -1.40932639]
scheduled_ues:  [ 3  6  7  9 10 12 13]
(1, 15, 1, 4, 1, 1)
caused INR: -14.578111687266727
TpsRandomic + CumulativeIndividualEstimated_INR + -10.0
None
(1, 15, 1, 4, 1, 1)
caused INR: -11.790498913089353
TpsRandomic + CumulativeIndividualEstimated_INR + -12.5
None
(1, 15, 1, 4, 1, 1)
caused INR: -21.12122478043804
TpsRandomic + CumulativeIndividualEstimated_INR + -15.0
None
(1, 15, 1, 4, 1, 1)
caused INR: -14.730745914350308
Iteration number 96
TpsAltruisticFromLsfGain + IndividualEstimated_INR + -10.0
None
ls_gain_coeffs:
[-146.78184585 -143.1707646  -147.94646768 -151.56612763 -137.3701871
 -151.23950579 -142.11640954 -144.14049497 -138.82605797 -125.73193876
 -144.43026033 -139.11325339 -144.2701139  -146.08296305 -146.0158117 ]
inrs_hat:  [-35.7921458  -32.18106456 -36.95676764 -40.57642758 -26.38048706
 -40.24980575 -31.1267095  -33.15079492 -27.83635792 -14.74223872
 -33.44056028 -28.12355334 -33.28041385 -35.093263   -35.02611165]
scheduled_ues:  [ 0  1  2  3  4  5  6  7  8  9 10 11 12 13 14]
(1, 15, 1, 4, 1, 1)
caused INR: -19.68160968387368
TpsAltruisticFromLsfGain + IndividualEstimated_INR + -12.5
None
ls_gain_coeffs:
[-146.78184585 -143.1707646  -147.94646768 -151.56612763 -137.3701871
 -151.23950579 -142.11640954 -144.14049497 -138.82605797 -125.73193876
 -144.43026033 -139.11325339 -144.2701139  -146.08296305 -146.0158117 ]
inrs_hat:  [-35.7921458  -32.18106456 -36.95676764 -40.57642758 -26.38048706
 -40.24980575 -31.1267095  -33.15079492 -27.83635792 -14.74223872
 -33.44056028 -28.12355334 -33.28041385 -35.093263   -35.02611165]
scheduled_ues:  [ 0  1  2  3  4  5  6  7  8  9 10 11 12 13 14]
(1, 15, 1, 4, 1, 1)
caused INR: -19.68160968387368
TpsAltruisticFromLsfGain + IndividualEstimated_INR + -15.0
None
ls_gain_coeffs:
[-146.78184585 -143.1707646  -147.94646768 -151.56612763 -137.3701871
 -151.23950579 -142.11640954 -144.14049497 -138.82605797 -125.73193876
 -144.43026033 -139.11325339 -144.2701139  -146.08296305 -146.0158117 ]
inrs_hat:  [-35.7921458  -32.18106456 -36.95676764 -40.57642758 -26.38048706
 -40.24980575 -31.1267095  -33.15079492 -27.83635792 -14.74223872
 -33.44056028 -28.12355334 -33.28041385 -35.093263   -35.02611165]
scheduled_ues:  [ 0  1  2  3  4  5  6  7  8 10 11 12 13 14]
(1, 15, 1, 4, 1, 1)
caused INR: -36.14969824340707
TpsAltruisticFromLsfGain + CumulativeIndividualEstimated_INR + -10.0
None
(1, 15, 1, 4, 1, 1)
caused INR: -19.68160968387368
TpsAltruisticFromLsfGain + CumulativeIndividualEstimated_INR + -12.5
None
(1, 15, 1, 4, 1, 1)
caused INR: -19.68160968387368
TpsAltruisticFromLsfGain + CumulativeIndividualEstimated_INR + -15.0
None
(1, 15, 1, 4, 1, 1)
caused INR: -36.14969824340707
TpsRandomic + IndividualEstimated_INR + -10.0
None
ls_gain_coeffs:
[-143.13100513 -129.61648419 -138.78204125 -134.8094645  -121.0225761
 -137.02486055 -133.4228917  -144.14049497 -138.82605797 -119.42381655
 -130.54067966 -126.52954127 -131.23511346 -137.31992829 -129.9268268 ]
inrs_hat:  [-32.14130509 -18.62678414 -27.7923412  -23.81976445 -10.03287606
 -26.0351605  -22.43319166 -33.15079492 -27.83635792  -8.43411651
 -19.55097962 -15.53984122 -20.24541342 -26.33022824 -18.93712676]
scheduled_ues:  [ 0  1  2  3  4  5  6  7  8 10 11 12 13 14]
(1, 15, 1, 4, 1, 1)
caused INR: -6.053720701428482
TpsRandomic + IndividualEstimated_INR + -12.5
None
ls_gain_coeffs:
[-131.90635204 -129.61648419 -147.94646768 -141.12636967 -137.3701871
 -151.23950579 -125.36120402 -138.414388   -130.90827387 -125.73193876
 -128.10862322 -126.52954127 -131.23511346 -133.78326359 -131.88691533]
inrs_hat:  [-20.91665199 -18.62678414 -36.95676764 -30.13666963 -26.38048706
 -40.24980575 -14.37150397 -27.42468796 -19.91857383 -14.74223872
 -17.11892318 -15.53984122 -20.24541342 -22.79356354 -20.89721528]
scheduled_ues:  [ 0  1  2  3  4  5  6  7  8  9 10 11 12 13 14]
(1, 15, 1, 4, 1, 1)
caused INR: -13.2139285871807
TpsRandomic + IndividualEstimated_INR + -15.0
None
ls_gain_coeffs:
[-131.90635204 -130.17282439 -130.98509032 -141.12636967 -137.3701871
 -145.64897083 -125.36120402 -138.414388   -122.24220375 -125.73193876
 -138.11816678 -139.11325339 -127.77081601 -137.31992829 -131.88691533]
inrs_hat:  [-20.91665199 -19.18312435 -19.99539027 -30.13666963 -26.38048706
 -34.65927079 -14.37150397 -27.42468796 -11.25250371 -14.74223872
 -27.12846673 -28.12355334 -16.78111597 -26.33022824 -20.89721528]
scheduled_ues:  [ 0  1  2  3  4  5  7 10 11 12 13 14]
(1, 15, 1, 4, 1, 1)
caused INR: -14.03405282938239
TpsRandomic + CumulativeIndividualEstimated_INR + -10.0
None
(1, 15, 1, 4, 1, 1)
caused INR: -9.489740467805321
TpsRandomic + CumulativeIndividualEstimated_INR + -12.5
None
(1, 15, 1, 4, 1, 1)
caused INR: -17.204308575636478
TpsRandomic + CumulativeIndividualEstimated_INR + -15.0
None
(1, 15, 1, 4, 1, 1)
caused INR: -12.491656452631755
Iteration number 97
TpsAltruisticFromLsfGain + IndividualEstimated_INR + -10.0
None
ls_gain_coeffs:
[-140.91606695 -132.75314629 -133.08470251 -140.02616509 -134.14509615
 -143.59802142 -149.38887396 -120.90689875 -120.66669673 -146.39952625
 -146.17786457 -133.89918854 -132.39137041 -136.32224259 -147.53597171]
inrs_hat:  [-29.9263669  -21.76344625 -22.09500247 -29.03646505 -23.15539611
 -32.60832137 -38.39917391  -9.9171987   -9.67699668 -35.40982621
 -35.18816453 -22.9094885  -21.40167037 -25.33254255 -36.54627167]
scheduled_ues:  [ 0  1  2  3  4  5  6  9 10 11 12 13 14]
(1, 15, 1, 4, 1, 1)
caused INR: -21.079551939750584
TpsAltruisticFromLsfGain + IndividualEstimated_INR + -12.5
None
ls_gain_coeffs:
[-140.91606695 -132.75314629 -133.08470251 -140.02616509 -134.14509615
 -143.59802142 -149.38887396 -120.90689875 -120.66669673 -146.39952625
 -146.17786457 -133.89918854 -132.39137041 -136.32224259 -147.53597171]
inrs_hat:  [-29.9263669  -21.76344625 -22.09500247 -29.03646505 -23.15539611
 -32.60832137 -38.39917391  -9.9171987   -9.67699668 -35.40982621
 -35.18816453 -22.9094885  -21.40167037 -25.33254255 -36.54627167]
scheduled_ues:  [ 0  1  2  3  4  5  6  9 10 11 12 13 14]
(1, 15, 1, 4, 1, 1)
caused INR: -21.079551939750584
TpsAltruisticFromLsfGain + IndividualEstimated_INR + -15.0
None
ls_gain_coeffs:
[-140.91606695 -132.75314629 -133.08470251 -140.02616509 -134.14509615
 -143.59802142 -149.38887396 -120.90689875 -120.66669673 -146.39952625
 -146.17786457 -133.89918854 -132.39137041 -136.32224259 -147.53597171]
inrs_hat:  [-29.9263669  -21.76344625 -22.09500247 -29.03646505 -23.15539611
 -32.60832137 -38.39917391  -9.9171987   -9.67699668 -35.40982621
 -35.18816453 -22.9094885  -21.40167037 -25.33254255 -36.54627167]
scheduled_ues:  [ 0  1  2  3  4  5  6  9 10 11 12 13 14]
(1, 15, 1, 4, 1, 1)
caused INR: -21.079551939750584
TpsAltruisticFromLsfGain + CumulativeIndividualEstimated_INR + -10.0
None
(1, 15, 1, 4, 1, 1)
caused INR: -21.079551939750584
TpsAltruisticFromLsfGain + CumulativeIndividualEstimated_INR + -12.5
None
(1, 15, 1, 4, 1, 1)
caused INR: -21.079551939750584
TpsAltruisticFromLsfGain + CumulativeIndividualEstimated_INR + -15.0
None
(1, 15, 1, 4, 1, 1)
caused INR: -26.195255696493838
TpsRandomic + IndividualEstimated_INR + -10.0
None
ls_gain_coeffs:
[-128.23540982 -130.91332144 -133.08470251 -135.37314855 -128.3599792
 -126.72917323 -149.38887396 -120.90689875 -120.66669673 -137.12688907
 -134.97968558 -124.0509656  -132.39137041 -136.32224259 -138.56287592]
inrs_hat:  [-17.24570978 -19.9236214  -22.09500247 -24.38344851 -17.37027915
 -15.73947319 -38.39917391  -9.9171987   -9.67699668 -26.13718903
 -23.98998554 -13.06126556 -21.40167037 -25.33254255 -27.57317587]
scheduled_ues:  [ 0  1  2  3  4  5  6  9 10 11 12 13 14]
(1, 15, 1, 4, 1, 1)
caused INR: -9.883846522518505
TpsRandomic + IndividualEstimated_INR + -12.5
None
ls_gain_coeffs:
[-128.23540982 -119.69827134 -128.7016891  -135.37314855 -117.96830591
 -143.59802142 -149.38887396 -101.14687901 -106.8430244  -137.12688907
 -136.12771776 -133.89918854 -123.57597421 -122.03040964 -130.83985787]
inrs_hat:  [-17.24570978  -8.7085713  -17.71198906 -24.38344851  -6.97860587
 -32.60832137 -38.39917391   9.84282103   4.14667564 -26.13718903
 -25.13801771 -22.9094885  -12.58627417 -11.0407096  -19.85015783]
scheduled_ues:  [ 0  2  3  5  6  9 10 11 12 14]
(1, 15, 1, 4, 1, 1)
caused INR: -31.493944747633172
TpsRandomic + IndividualEstimated_INR + -15.0
None
ls_gain_coeffs:
[-140.91606695 -119.08499639 -133.08470251 -126.03355958 -134.14509615
 -132.2707452  -141.15503117 -101.14687901 -120.66669673 -129.64994022
 -146.17786457 -124.0509656  -132.39137041 -136.32224259 -147.53597171]
inrs_hat:  [-29.9263669   -8.09529635 -22.09500247 -15.04385953 -23.15539611
 -21.28104516 -30.16533112   9.84282103  -9.67699668 -18.66024018
 -35.18816453 -13.06126556 -21.40167037 -25.33254255 -36.54627167]
scheduled_ues:  [ 0  2  3  4  5  6  9 10 12 13 14]
(1, 15, 1, 4, 1, 1)
caused INR: -12.247816678030876
TpsRandomic + CumulativeIndividualEstimated_INR + -10.0
None
(1, 15, 1, 4, 1, 1)
caused INR: -17.786775390997384
TpsRandomic + CumulativeIndividualEstimated_INR + -12.5
None
(1, 15, 1, 4, 1, 1)
caused INR: -18.519089015742807
TpsRandomic + CumulativeIndividualEstimated_INR + -15.0
None
(1, 15, 1, 4, 1, 1)
caused INR: -24.89669991783512
Iteration number 98
TpsAltruisticFromLsfGain + IndividualEstimated_INR + -10.0
None
ls_gain_coeffs:
[-144.7775763  -144.36365076 -131.96308373 -134.84540641 -125.57097975
 -148.77461911 -139.99505302 -141.96522747 -126.27681707 -149.58232781
 -116.45406275 -149.64081789 -131.42519571 -123.98161118 -127.15792293]
inrs_hat:  [-33.78787626 -33.37395071 -20.97338369 -23.85570636 -14.5812797
 -37.78491907 -29.00535298 -30.97552742 -15.28711703 -38.59262776
  -5.46436271 -38.65111785 -20.43549567 -12.99191113 -16.16822289]
scheduled_ues:  [ 0  1  2  3  4  5  6  7  8  9 11 12 13 14]
(1, 15, 1, 4, 1, 1)
caused INR: -3.2397131505536194
TpsAltruisticFromLsfGain + IndividualEstimated_INR + -12.5
None
ls_gain_coeffs:
[-144.7775763  -144.36365076 -131.96308373 -134.84540641 -125.57097975
 -148.77461911 -139.99505302 -141.96522747 -126.27681707 -149.58232781
 -116.45406275 -149.64081789 -131.42519571 -123.98161118 -127.15792293]
inrs_hat:  [-33.78787626 -33.37395071 -20.97338369 -23.85570636 -14.5812797
 -37.78491907 -29.00535298 -30.97552742 -15.28711703 -38.59262776
  -5.46436271 -38.65111785 -20.43549567 -12.99191113 -16.16822289]
scheduled_ues:  [ 0  1  2  3  4  5  6  7  8  9 11 12 13 14]
(1, 15, 1, 4, 1, 1)
caused INR: -3.2397131505536194
TpsAltruisticFromLsfGain + IndividualEstimated_INR + -15.0
None
ls_gain_coeffs:
[-144.7775763  -144.36365076 -131.96308373 -134.84540641 -125.57097975
 -148.77461911 -139.99505302 -141.96522747 -126.27681707 -149.58232781
 -116.45406275 -149.64081789 -131.42519571 -123.98161118 -127.15792293]
inrs_hat:  [-33.78787626 -33.37395071 -20.97338369 -23.85570636 -14.5812797
 -37.78491907 -29.00535298 -30.97552742 -15.28711703 -38.59262776
  -5.46436271 -38.65111785 -20.43549567 -12.99191113 -16.16822289]
scheduled_ues:  [ 0  1  2  3  5  6  7  8  9 11 12 14]
(1, 15, 1, 4, 1, 1)
caused INR: -9.063825136407061
TpsAltruisticFromLsfGain + CumulativeIndividualEstimated_INR + -10.0
None
(1, 15, 1, 4, 1, 1)
caused INR: -9.063825136407061
TpsAltruisticFromLsfGain + CumulativeIndividualEstimated_INR + -12.5
None
(1, 15, 1, 4, 1, 1)
caused INR: -12.046998166570244
TpsAltruisticFromLsfGain + CumulativeIndividualEstimated_INR + -15.0
None
(1, 15, 1, 4, 1, 1)
caused INR: -15.678548500637975
TpsRandomic + IndividualEstimated_INR + -10.0
None
ls_gain_coeffs:
[-134.23656774 -134.13359704 -119.66980804 -134.84540641 -118.85971355
 -148.77461911 -123.44467846 -139.96106794 -126.27681707 -149.58232781
 -103.47578744 -147.47941917 -114.98834438 -120.96571971 -123.93652357]
inrs_hat:  [-23.24686769 -23.143897    -8.68010799 -23.85570636  -7.8700135
 -37.78491907 -12.45497842 -28.97136789 -15.28711703 -38.59262776
   7.51391261 -36.48971913  -3.99864434  -9.97601966 -12.94682353]
scheduled_ues:  [ 0  1  3  5  6  7  8  9 11 14]
(1, 15, 1, 4, 1, 1)
caused INR: -12.550983217539283
TpsRandomic + IndividualEstimated_INR + -12.5
None
ls_gain_coeffs:
[-127.87911851 -133.68435426 -114.48994301 -128.2083179  -108.81967362
 -136.20097306 -139.99505302 -139.96106794 -115.33344509 -149.58232781
 -103.47578744 -136.47875165 -125.43231871 -109.52941686 -112.56872336]
inrs_hat:  [-16.88941847 -22.69465421  -3.50024297 -17.21861786   2.17002642
 -25.21127302 -29.00535298 -28.97136789  -4.34374505 -38.59262776
   7.51391261 -25.48905161 -14.44261867   1.46028318  -1.57902331]
scheduled_ues:  [ 0  1  3  5  6  7  9 11 12]
(1, 15, 1, 4, 1, 1)
caused INR: -11.877924158616553
TpsRandomic + IndividualEstimated_INR + -15.0
None
ls_gain_coeffs:
[-134.23656774 -134.13359704 -121.75167798 -118.48892818 -118.85971355
 -140.81140346 -123.44467846 -128.18752111 -109.10493875 -132.88850582
 -103.47578744 -149.64081789 -131.42519571 -109.52941686 -112.56872336]
inrs_hat:  [-23.24686769 -23.143897   -10.76197794  -7.49922814  -7.8700135
 -29.82170341 -12.45497842 -17.19782107   1.8847613  -21.89880578
   7.51391261 -38.65111785 -20.43549567   1.46028318  -1.57902331]
scheduled_ues:  [ 0  1  5  7  9 11 12]
(1, 15, 1, 4, 1, 1)
caused INR: -12.316338819268841
TpsRandomic + CumulativeIndividualEstimated_INR + -10.0
None
(1, 15, 1, 4, 1, 1)
caused INR: -20.403819036480364
TpsRandomic + CumulativeIndividualEstimated_INR + -12.5
None
(1, 15, 1, 4, 1, 1)
caused INR: -21.98660657544387
TpsRandomic + CumulativeIndividualEstimated_INR + -15.0
None
(1, 15, 1, 4, 1, 1)
caused INR: -21.685681099638888
Iteration number 99
TpsAltruisticFromLsfGain + IndividualEstimated_INR + -10.0
None
ls_gain_coeffs:
[-149.16571777 -148.80815576 -144.90772437 -146.0131778  -140.45501389
 -150.45124405 -143.91991957 -140.19458543 -140.34699978 -137.41402112
 -127.46149558 -130.33926988 -144.69405319 -149.66207107 -131.81507952]
inrs_hat:  [-38.17601772 -37.81845572 -33.91802432 -35.02347776 -29.46531385
 -39.46154401 -32.93021953 -29.20488539 -29.35729974 -26.42432108
 -16.47179553 -19.34956983 -33.70435315 -38.67237103 -20.82537948]
scheduled_ues:  [ 0  1  2  3  4  5  6  7  8  9 10 11 12 13 14]
(1, 15, 1, 4, 1, 1)
caused INR: -10.244547676905437
TpsAltruisticFromLsfGain + IndividualEstimated_INR + -12.5
None
ls_gain_coeffs:
[-149.16571777 -148.80815576 -144.90772437 -146.0131778  -140.45501389
 -150.45124405 -143.91991957 -140.19458543 -140.34699978 -137.41402112
 -127.46149558 -130.33926988 -144.69405319 -149.66207107 -131.81507952]
inrs_hat:  [-38.17601772 -37.81845572 -33.91802432 -35.02347776 -29.46531385
 -39.46154401 -32.93021953 -29.20488539 -29.35729974 -26.42432108
 -16.47179553 -19.34956983 -33.70435315 -38.67237103 -20.82537948]
scheduled_ues:  [ 0  1  2  3  4  5  6  7  8  9 10 11 12 13 14]
(1, 15, 1, 4, 1, 1)
caused INR: -10.244547676905437
TpsAltruisticFromLsfGain + IndividualEstimated_INR + -15.0
None
ls_gain_coeffs:
[-149.16571777 -148.80815576 -144.90772437 -146.0131778  -140.45501389
 -150.45124405 -143.91991957 -140.19458543 -140.34699978 -137.41402112
 -127.46149558 -130.33926988 -144.69405319 -149.66207107 -131.81507952]
inrs_hat:  [-38.17601772 -37.81845572 -33.91802432 -35.02347776 -29.46531385
 -39.46154401 -32.93021953 -29.20488539 -29.35729974 -26.42432108
 -16.47179553 -19.34956983 -33.70435315 -38.67237103 -20.82537948]
scheduled_ues:  [ 0  1  2  3  4  5  6  7  8  9 10 11 12 13 14]
(1, 15, 1, 4, 1, 1)
caused INR: -10.244547676905437
TpsAltruisticFromLsfGain + CumulativeIndividualEstimated_INR + -10.0
None
(1, 15, 1, 4, 1, 1)
caused INR: -10.244547676905437
TpsAltruisticFromLsfGain + CumulativeIndividualEstimated_INR + -12.5
None
(1, 15, 1, 4, 1, 1)
caused INR: -10.244547676905437
TpsAltruisticFromLsfGain + CumulativeIndividualEstimated_INR + -15.0
None
(1, 15, 1, 4, 1, 1)
caused INR: -8.94738483465524
TpsRandomic + IndividualEstimated_INR + -10.0
None
ls_gain_coeffs:
[-137.34450176 -140.43121368 -131.569743   -146.0131778  -140.45501389
 -134.05084955 -132.37967326 -123.14274874 -132.85130772 -128.90647051
 -127.46149558 -129.451301   -131.68083483 -141.60957771 -114.69963167]
inrs_hat:  [-26.35480172 -29.44151363 -20.58004295 -35.02347776 -29.46531385
 -23.0611495  -21.38997321 -12.15304869 -21.86160768 -17.91677047
 -16.47179553 -18.46160096 -20.69113479 -30.61987766  -3.70993163]
scheduled_ues:  [ 0  1  2  3  4  5  6  7  8  9 10 11 12 13]
(1, 15, 1, 4, 1, 1)
caused INR: -12.438839037853953
TpsRandomic + IndividualEstimated_INR + -12.5
None
ls_gain_coeffs:
[-137.34450176 -140.43121368 -128.4977217  -134.26230779 -125.39088066
 -150.45124405 -143.91991957 -129.91101999 -127.08148093 -128.90647051
 -114.20980083 -130.33926988 -131.68083483 -133.10943436 -117.24788629]
inrs_hat:  [-26.35480172 -29.44151363 -17.50802166 -23.27260775 -14.40118061
 -39.46154401 -32.93021953 -18.92131995 -16.09178089 -17.91677047
  -3.22010079 -19.34956983 -20.69113479 -22.11973431  -6.25818625]
scheduled_ues:  [ 0  1  2  3  4  5  6  7  8  9 11 12 13]
(1, 15, 1, 4, 1, 1)
caused INR: -13.225887986430184
TpsRandomic + IndividualEstimated_INR + -15.0
None
ls_gain_coeffs:
[-140.04643347 -140.43121368 -144.90772437 -146.0131778  -140.45501389
 -134.05084955 -127.03239942 -129.91101999 -132.85130772 -124.18345456
 -114.6148482  -117.30569063 -142.97919812 -141.60957771 -117.24788629]
inrs_hat:  [-29.05673343 -29.44151363 -33.91802432 -35.02347776 -29.46531385
 -23.0611495  -16.04269937 -18.92131995 -21.86160768 -13.19375452
  -3.62514816  -6.31599058 -31.98949807 -30.61987766  -6.25818625]
scheduled_ues:  [ 0  1  2  3  4  5  6  7  8 12 13]
(1, 15, 1, 4, 1, 1)
caused INR: -11.97897536379623
TpsRandomic + CumulativeIndividualEstimated_INR + -10.0
None
(1, 15, 1, 4, 1, 1)
caused INR: -12.412374003156916
TpsRandomic + CumulativeIndividualEstimated_INR + -12.5
None
(1, 15, 1, 4, 1, 1)
caused INR: -10.819859407890434
TpsRandomic + CumulativeIndividualEstimated_INR + -15.0
None
(1, 15, 1, 4, 1, 1)
caused INR: -8.705159849411992
Iteration number 100
TpsAltruisticFromLsfGain + IndividualEstimated_INR + -10.0
None
ls_gain_coeffs:
[-147.66093272 -129.86604134 -140.55527855 -141.98602521 -146.51908085
 -140.33808026 -137.9504063  -142.42213596 -144.13940021 -128.63826813
 -123.68562714 -139.52588087 -133.86741168 -140.79658015 -146.00501509]
inrs_hat:  [-36.67123268 -18.8763413  -29.56557851 -30.99632516 -35.52938081
 -29.34838021 -26.96070626 -31.43243591 -33.14970016 -17.64856808
 -12.6959271  -28.53618082 -22.87771164 -29.80688011 -35.01531504]
scheduled_ues:  [ 0  1  2  3  4  5  6  7  8  9 10 11 12 13 14]
(1, 15, 1, 4, 1, 1)
caused INR: -5.040958013341438
TpsAltruisticFromLsfGain + IndividualEstimated_INR + -12.5
None
ls_gain_coeffs:
[-147.66093272 -129.86604134 -140.55527855 -141.98602521 -146.51908085
 -140.33808026 -137.9504063  -142.42213596 -144.13940021 -128.63826813
 -123.68562714 -139.52588087 -133.86741168 -140.79658015 -146.00501509]
inrs_hat:  [-36.67123268 -18.8763413  -29.56557851 -30.99632516 -35.52938081
 -29.34838021 -26.96070626 -31.43243591 -33.14970016 -17.64856808
 -12.6959271  -28.53618082 -22.87771164 -29.80688011 -35.01531504]
scheduled_ues:  [ 0  1  2  3  4  5  6  7  8  9 10 11 12 13 14]
(1, 15, 1, 4, 1, 1)
caused INR: -5.040958013341438
TpsAltruisticFromLsfGain + IndividualEstimated_INR + -15.0
None
ls_gain_coeffs:
[-147.66093272 -129.86604134 -140.55527855 -141.98602521 -146.51908085
 -140.33808026 -137.9504063  -142.42213596 -144.13940021 -128.63826813
 -123.68562714 -139.52588087 -133.86741168 -140.79658015 -146.00501509]
inrs_hat:  [-36.67123268 -18.8763413  -29.56557851 -30.99632516 -35.52938081
 -29.34838021 -26.96070626 -31.43243591 -33.14970016 -17.64856808
 -12.6959271  -28.53618082 -22.87771164 -29.80688011 -35.01531504]
scheduled_ues:  [ 0  1  2  3  4  5  6  7  8  9 11 12 13 14]
(1, 15, 1, 4, 1, 1)
caused INR: -10.034072406346796
TpsAltruisticFromLsfGain + CumulativeIndividualEstimated_INR + -10.0
None
(1, 15, 1, 4, 1, 1)
caused INR: -5.040958013341438
TpsAltruisticFromLsfGain + CumulativeIndividualEstimated_INR + -12.5
None
(1, 15, 1, 4, 1, 1)
caused INR: -10.034072406346796
TpsAltruisticFromLsfGain + CumulativeIndividualEstimated_INR + -15.0
None
(1, 15, 1, 4, 1, 1)
caused INR: -17.065162873852177
TpsRandomic + IndividualEstimated_INR + -10.0
None
ls_gain_coeffs:
[-135.74552397 -117.05703582 -123.81851457 -137.08013921 -142.64313509
 -127.79197076 -124.04499518 -125.37739045 -134.84624252 -116.17217138
 -106.49364347 -139.43293749 -122.08115126 -140.79658015 -138.68566209]
inrs_hat:  [-24.75582392  -6.06733577 -12.82881452 -26.09043917 -31.65343505
 -16.80227072 -13.05529514 -14.3876904  -23.85654247  -5.18247133
   4.49605657 -28.44323745 -11.09145122 -29.80688011 -27.69596205]
scheduled_ues:  [ 0  2  3  4  5  6  7  8 11 12 13 14]
(1, 15, 1, 4, 1, 1)
caused INR: -4.628398119739054
TpsRandomic + IndividualEstimated_INR + -12.5
None
ls_gain_coeffs:
[-147.66093272 -128.76382476 -128.4195085  -137.08013921 -131.49351701
 -140.18131602 -130.97892176 -130.87590605 -127.36485967 -117.5509659
 -113.33146765 -139.43293749 -124.65787928 -133.56556865 -132.83656934]
inrs_hat:  [-36.67123268 -17.77412472 -17.42980846 -26.09043917 -20.50381697
 -29.19161597 -19.98922172 -19.88620601 -16.37515963  -6.56126586
  -2.3417676  -28.44323745 -13.66817924 -22.5758686  -21.8468693 ]
scheduled_ues:  [ 0  1  2  3  4  5  6  7  8 11 12 13 14]
(1, 15, 1, 4, 1, 1)
caused INR: -11.552927475755773
TpsRandomic + IndividualEstimated_INR + -15.0
None
ls_gain_coeffs:
[-130.89282169 -117.05703582 -131.65912063 -126.27383454 -131.49351701
 -127.79197076 -130.97892176 -125.37739045 -127.36485967 -117.5509659
 -123.68562714 -139.52588087 -117.14871527 -133.56556865 -138.68566209]
inrs_hat:  [-19.90312164  -6.06733577 -20.66942059 -15.2841345  -20.50381697
 -16.80227072 -19.98922172 -14.3876904  -16.37515963  -6.56126586
 -12.6959271  -28.53618082  -6.15901523 -22.5758686  -27.69596205]
scheduled_ues:  [ 0  2  3  4  5  6  8 11 13 14]
(1, 15, 1, 4, 1, 1)
caused INR: -5.382584368772362
TpsRandomic + CumulativeIndividualEstimated_INR + -10.0
None
(1, 15, 1, 4, 1, 1)
caused INR: -5.138674676543339
TpsRandomic + CumulativeIndividualEstimated_INR + -12.5
None
(1, 15, 1, 4, 1, 1)
caused INR: -10.399528574150533
TpsRandomic + CumulativeIndividualEstimated_INR + -15.0
None
(1, 15, 1, 4, 1, 1)
caused INR: -15.282419138780966
Job ended at Tue Sep 22 05:25:06 PM UTC 2026
