Job started at Tue Sep 22 04:30:49 PM UTC 2026
source/physical/large_scale_fading.py
source/physical/channel.py
source/physical/antenna_pattern.py
source/physical/antenna_pattern.py
source/physical/large_scale_fading.py
source/physical/channel.py
source/physical/spatial_correlation.py
source/channel_estimation.py
source/physical/antenna_pattern.py
source/physical/antenna_pattern.py
source/geometry/coordinates.py
source/geometry/coordinates.py
source/geometry/sectorization.py
source/geometry/sectorization.py
source/beamforming.py
source/beamforming.py
Iteration number 1
TpsAltruisticFromLsfGain + IndividualEstimated_INR + -10.0
None
ls_gain_coeffs:
[-141.07181514 -130.81162997 -147.73909505 -138.4930282  -139.76598379
 -134.01858784 -145.81301539 -149.83773171 -140.98934911 -127.62917092
 -126.19748873 -137.2754042  -139.01813792 -148.86571448 -139.86950125]
inrs_hat:  [-30.0821151  -19.82192992 -36.74939501 -27.50332816 -28.77628375
 -23.0288878  -34.82331535 -38.84803166 -29.99964907 -16.63947087
 -15.20778869 -26.28570416 -28.02843788 -37.87601444 -28.87980121]
scheduled_ues:  [ 0  1  2  3  4  5  6  7  8  9 10 11 12 13 14]
(1, 15, 1, 4, 1, 1)
caused INR: -15.507846697444132
TpsAltruisticFromLsfGain + IndividualEstimated_INR + -12.5
None
ls_gain_coeffs:
[-141.07181514 -130.81162997 -147.73909505 -138.4930282  -139.76598379
 -134.01858784 -145.81301539 -149.83773171 -140.98934911 -127.62917092
 -126.19748873 -137.2754042  -139.01813792 -148.86571448 -139.86950125]
inrs_hat:  [-30.0821151  -19.82192992 -36.74939501 -27.50332816 -28.77628375
 -23.0288878  -34.82331535 -38.84803166 -29.99964907 -16.63947087
 -15.20778869 -26.28570416 -28.02843788 -37.87601444 -28.87980121]
scheduled_ues:  [ 0  1  2  3  4  5  6  7  8  9 10 11 12 13 14]
(1, 15, 1, 4, 1, 1)
caused INR: -15.507846697444132
TpsAltruisticFromLsfGain + IndividualEstimated_INR + -15.0
None
ls_gain_coeffs:
[-141.07181514 -130.81162997 -147.73909505 -138.4930282  -139.76598379
 -134.01858784 -145.81301539 -149.83773171 -140.98934911 -127.62917092
 -126.19748873 -137.2754042  -139.01813792 -148.86571448 -139.86950125]
inrs_hat:  [-30.0821151  -19.82192992 -36.74939501 -27.50332816 -28.77628375
 -23.0288878  -34.82331535 -38.84803166 -29.99964907 -16.63947087
 -15.20778869 -26.28570416 -28.02843788 -37.87601444 -28.87980121]
scheduled_ues:  [ 0  1  2  3  4  5  6  7  8  9 10 11 12 13 14]
(1, 15, 1, 4, 1, 1)
caused INR: -15.507846697444132
TpsAltruisticFromLsfGain + CumulativeIndividualEstimated_INR + -10.0
None
(1, 15, 1, 4, 1, 1)
caused INR: -15.507846697444132
TpsAltruisticFromLsfGain + CumulativeIndividualEstimated_INR + -12.5
None
(1, 15, 1, 4, 1, 1)
caused INR: -10.31610226662928
TpsAltruisticFromLsfGain + CumulativeIndividualEstimated_INR + -15.0
None
(1, 15, 1, 4, 1, 1)
caused INR: -14.793449599364122
TpsRandomic + IndividualEstimated_INR + -10.0
None
ls_gain_coeffs:
[-128.95253874 -114.53189028 -147.73909505 -138.4930282  -127.52054331
 -126.55237988 -145.81301539 -149.83773171 -130.53767029 -123.60919447
 -116.09489922 -121.05850911 -125.2189773  -135.27688471 -139.86950125]
inrs_hat:  [-17.96283869  -3.54219024 -36.74939501 -27.50332816 -16.53084327
 -15.56267984 -34.82331535 -38.84803166 -19.54797024 -12.61949442
  -5.10519918 -10.06880906 -14.22927726 -24.28718467 -28.87980121]
scheduled_ues:  [ 0  2  3  4  5  6  7  8  9 11 12 13 14]
(1, 15, 1, 4, 1, 1)
caused INR: -12.841573587468142
TpsRandomic + IndividualEstimated_INR + -12.5
None
ls_gain_coeffs:
[-132.30052848 -116.77560338 -138.45580347 -122.11304233 -122.77503501
 -134.01858784 -138.25852394 -149.83773171 -140.98934911 -123.60919447
 -116.09489922 -121.05850911 -125.89775761 -132.61526484 -122.85032065]
inrs_hat:  [-21.31082844  -5.78590333 -27.46610343 -11.12334229 -11.78533497
 -23.0288878  -27.26882389 -38.84803166 -29.99964907 -12.61949442
  -5.10519918 -10.06880906 -14.90805757 -21.62556479 -11.86062061]
scheduled_ues:  [ 0  2  5  6  7  8  9 12 13]
(1, 15, 1, 4, 1, 1)
caused INR: -13.09379630093797
TpsRandomic + IndividualEstimated_INR + -15.0
None
ls_gain_coeffs:
[-141.07181514 -130.81162997 -135.72603197 -132.5854494  -122.77503501
 -117.50385198 -145.81301539 -149.83773171 -140.98934911 -127.62917092
 -126.19748873 -123.39177564 -139.01813792 -142.39524496 -122.85032065]
inrs_hat:  [-30.0821151  -19.82192992 -24.73633192 -21.59574936 -11.78533497
  -6.51415193 -34.82331535 -38.84803166 -29.99964907 -16.63947087
 -15.20778869 -12.4020756  -28.02843788 -31.40554492 -11.86062061]
scheduled_ues:  [ 0  1  2  3  6  7  8  9 10 12 13]
(1, 15, 1, 4, 1, 1)
caused INR: -21.008167393626135
TpsRandomic + CumulativeIndividualEstimated_INR + -10.0
None
(1, 15, 1, 4, 1, 1)
caused INR: -14.328091731486069
TpsRandomic + CumulativeIndividualEstimated_INR + -12.5
None
(1, 15, 1, 4, 1, 1)
caused INR: -23.851553472724163
TpsRandomic + CumulativeIndividualEstimated_INR + -15.0
None
(1, 15, 1, 4, 1, 1)
caused INR: -17.963743402548584
Iteration number 2
TpsAltruisticFromLsfGain + IndividualEstimated_INR + -10.0
None
ls_gain_coeffs:
[-130.52808867 -136.61783419 -129.96470328 -148.4125002  -145.79436278
 -131.58636386 -134.84891288 -131.47304391 -138.83273304 -140.94008232
 -153.14312081 -134.56565351 -130.96631895 -134.16937069 -149.51833541]
inrs_hat:  [-19.53838863 -25.62813415 -18.97500324 -37.42280015 -34.80466274
 -20.59666381 -23.85921284 -20.48334387 -27.843033   -29.95038228
 -42.15342076 -23.57595347 -19.9766189  -23.17967065 -38.52863536]
scheduled_ues:  [ 0  1  2  3  4  5  6  7  8  9 10 11 12 13 14]
(1, 15, 1, 4, 1, 1)
caused INR: -15.46774884644405
TpsAltruisticFromLsfGain + IndividualEstimated_INR + -12.5
None
ls_gain_coeffs:
[-130.52808867 -136.61783419 -129.96470328 -148.4125002  -145.79436278
 -131.58636386 -134.84891288 -131.47304391 -138.83273304 -140.94008232
 -153.14312081 -134.56565351 -130.96631895 -134.16937069 -149.51833541]
inrs_hat:  [-19.53838863 -25.62813415 -18.97500324 -37.42280015 -34.80466274
 -20.59666381 -23.85921284 -20.48334387 -27.843033   -29.95038228
 -42.15342076 -23.57595347 -19.9766189  -23.17967065 -38.52863536]
scheduled_ues:  [ 0  1  2  3  4  5  6  7  8  9 10 11 12 13 14]
(1, 15, 1, 4, 1, 1)
caused INR: -15.46774884644405
TpsAltruisticFromLsfGain + IndividualEstimated_INR + -15.0
None
ls_gain_coeffs:
[-130.52808867 -136.61783419 -129.96470328 -148.4125002  -145.79436278
 -131.58636386 -134.84891288 -131.47304391 -138.83273304 -140.94008232
 -153.14312081 -134.56565351 -130.96631895 -134.16937069 -149.51833541]
inrs_hat:  [-19.53838863 -25.62813415 -18.97500324 -37.42280015 -34.80466274
 -20.59666381 -23.85921284 -20.48334387 -27.843033   -29.95038228
 -42.15342076 -23.57595347 -19.9766189  -23.17967065 -38.52863536]
scheduled_ues:  [ 0  1  2  3  4  5  6  7  8  9 10 11 12 13 14]
(1, 15, 1, 4, 1, 1)
caused INR: -15.46774884644405
TpsAltruisticFromLsfGain + CumulativeIndividualEstimated_INR + -10.0
None
(1, 15, 1, 4, 1, 1)
caused INR: -15.46774884644405
TpsAltruisticFromLsfGain + CumulativeIndividualEstimated_INR + -12.5
None
(1, 15, 1, 4, 1, 1)
caused INR: -23.32203988313736
TpsAltruisticFromLsfGain + CumulativeIndividualEstimated_INR + -15.0
None
(1, 15, 1, 4, 1, 1)
caused INR: -25.61704593740518
TpsRandomic + IndividualEstimated_INR + -10.0
None
ls_gain_coeffs:
[-119.94256358 -128.82879846 -123.11559083 -148.4125002  -138.87449929
 -118.27457035 -121.68939348 -131.47304391 -128.83036517 -137.72105568
 -140.22424584 -120.49149943 -117.57126238 -130.64818713 -132.87456687]
inrs_hat:  [ -8.95286354 -17.83909841 -12.12589079 -37.42280015 -27.88479925
  -7.2848703  -10.69969344 -20.48334387 -17.84066513 -26.73135564
 -29.23454579  -9.50179939  -6.58156234 -19.65848709 -21.88486683]
scheduled_ues:  [ 1  2  3  4  6  7  8  9 10 13 14]
(1, 15, 1, 4, 1, 1)
caused INR: -8.71010895704105
TpsRandomic + IndividualEstimated_INR + -12.5
None
ls_gain_coeffs:
[-119.94256358 -136.61783419 -116.20182224 -134.78382835 -138.87449929
 -118.7096671  -117.58946545 -131.47304391 -128.83036517 -127.42547344
 -151.71129589 -118.38773534 -130.96631895 -119.38031498 -132.87456687]
inrs_hat:  [ -8.95286354 -25.62813415  -5.2121222  -23.79412831 -27.88479925
  -7.71996706  -6.5997654  -20.48334387 -17.84066513 -16.4357734
 -40.72159585  -7.3980353  -19.9766189   -8.39061494 -21.88486683]
scheduled_ues:  [ 1  3  4  7  8  9 10 12 14]
(1, 15, 1, 4, 1, 1)
caused INR: -13.823127746766152
TpsRandomic + IndividualEstimated_INR + -15.0
None
ls_gain_coeffs:
[-130.52808867 -128.82879846 -123.11559083 -141.71447783 -129.41713846
 -131.58636386 -125.93113741 -118.49201517 -128.83036517 -126.35246456
 -153.14312081 -118.38773534 -114.49159214 -130.64818713 -137.63780745]
inrs_hat:  [-19.53838863 -17.83909841 -12.12589079 -30.72477778 -18.42743842
 -20.59666381 -14.94143737  -7.50231513 -17.84066513 -15.36276452
 -42.15342076  -7.3980353   -3.50189209 -19.65848709 -26.64810741]
scheduled_ues:  [ 0  1  3  4  5  8  9 10 13 14]
(1, 15, 1, 4, 1, 1)
caused INR: -21.9482368148603
TpsRandomic + CumulativeIndividualEstimated_INR + -10.0
None
(1, 15, 1, 4, 1, 1)
caused INR: -15.073052528073276
TpsRandomic + CumulativeIndividualEstimated_INR + -12.5
None
(1, 15, 1, 4, 1, 1)
caused INR: -12.986807213250536
TpsRandomic + CumulativeIndividualEstimated_INR + -15.0
None
(1, 15, 1, 4, 1, 1)
caused INR: -23.068164432924554
Iteration number 3
TpsAltruisticFromLsfGain + IndividualEstimated_INR + -10.0
None
ls_gain_coeffs:
[-138.01097546 -144.78694503 -127.45629007 -140.50513374 -141.52522343
 -144.62550319 -119.07724199 -147.71265626 -146.61201093 -148.62215236
 -131.47281145 -136.32812892 -126.58130589 -123.29279513 -142.73457106]
inrs_hat:  [-27.02127541 -33.79724499 -16.46659003 -29.51543369 -30.53552339
 -33.63580315  -8.08754195 -36.72295622 -35.62231089 -37.63245232
 -20.4831114  -25.33842888 -15.59160585 -12.30309508 -31.74487102]
scheduled_ues:  [ 0  1  2  3  4  5  7  8  9 10 11 12 13 14]
(1, 15, 1, 4, 1, 1)
caused INR: -13.095195663455188
TpsAltruisticFromLsfGain + IndividualEstimated_INR + -12.5
None
ls_gain_coeffs:
[-138.01097546 -144.78694503 -127.45629007 -140.50513374 -141.52522343
 -144.62550319 -119.07724199 -147.71265626 -146.61201093 -148.62215236
 -131.47281145 -136.32812892 -126.58130589 -123.29279513 -142.73457106]
inrs_hat:  [-27.02127541 -33.79724499 -16.46659003 -29.51543369 -30.53552339
 -33.63580315  -8.08754195 -36.72295622 -35.62231089 -37.63245232
 -20.4831114  -25.33842888 -15.59160585 -12.30309508 -31.74487102]
scheduled_ues:  [ 0  1  2  3  4  5  7  8  9 10 11 12 14]
(1, 15, 1, 4, 1, 1)
caused INR: -10.886792795537907
TpsAltruisticFromLsfGain + IndividualEstimated_INR + -15.0
None
ls_gain_coeffs:
[-138.01097546 -144.78694503 -127.45629007 -140.50513374 -141.52522343
 -144.62550319 -119.07724199 -147.71265626 -146.61201093 -148.62215236
 -131.47281145 -136.32812892 -126.58130589 -123.29279513 -142.73457106]
inrs_hat:  [-27.02127541 -33.79724499 -16.46659003 -29.51543369 -30.53552339
 -33.63580315  -8.08754195 -36.72295622 -35.62231089 -37.63245232
 -20.4831114  -25.33842888 -15.59160585 -12.30309508 -31.74487102]
scheduled_ues:  [ 0  1  2  3  4  5  7  8  9 10 11 12 14]
(1, 15, 1, 4, 1, 1)
caused INR: -10.886792795537907
TpsAltruisticFromLsfGain + CumulativeIndividualEstimated_INR + -10.0
None
(1, 15, 1, 4, 1, 1)
caused INR: -10.886792795537907
TpsAltruisticFromLsfGain + CumulativeIndividualEstimated_INR + -12.5
None
(1, 15, 1, 4, 1, 1)
caused INR: -13.399410094158611
TpsAltruisticFromLsfGain + CumulativeIndividualEstimated_INR + -15.0
None
(1, 15, 1, 4, 1, 1)
caused INR: -12.23627246681292
TpsRandomic + IndividualEstimated_INR + -10.0
None
ls_gain_coeffs:
[-138.01097546 -144.78694503 -113.68837209 -140.50513374 -129.32471178
 -136.30341012 -101.63817955 -142.00481488 -146.61201093 -137.0479716
 -115.02410296 -136.32812892 -126.58130589 -116.33444689 -139.54562551]
inrs_hat:  [-27.02127541 -33.79724499  -2.69867205 -29.51543369 -18.33501174
 -25.31371008   9.3515205  -31.01511484 -35.62231089 -26.05827156
  -4.03440292 -25.33842888 -15.59160585  -5.34474684 -28.55592547]
scheduled_ues:  [ 0  1  3  4  5  7  8  9 11 12 14]
(1, 15, 1, 4, 1, 1)
caused INR: -6.55920217339045
TpsRandomic + IndividualEstimated_INR + -12.5
None
ls_gain_coeffs:
[-125.2451637  -144.78694503 -110.89461791 -140.50513374 -132.14937788
 -136.30341012 -101.63817955 -142.00481488 -133.83336383 -131.84395071
 -115.02410296 -136.32812892 -123.18370112 -106.62097097 -128.16700736]
inrs_hat:  [-14.25546366 -33.79724499   0.09508214 -29.51543369 -21.15967783
 -25.31371008   9.3515205  -31.01511484 -22.84366379 -20.85425067
  -4.03440292 -25.33842888 -12.19400108   4.36872907 -17.17730732]
scheduled_ues:  [ 0  1  3  4  5  7  8  9 11 14]
(1, 15, 1, 4, 1, 1)
caused INR: -23.617094273997267
TpsRandomic + IndividualEstimated_INR + -15.0
None
ls_gain_coeffs:
[-138.01097546 -141.51142837 -113.68837209 -138.0381922  -132.14937788
 -132.08199699 -119.07724199 -131.54111044 -145.60086964 -131.84395071
 -131.47281145 -121.6265958  -113.00717097 -116.33444689 -142.73457106]
inrs_hat:  [-27.02127541 -30.52172833  -2.69867205 -27.04849216 -21.15967783
 -21.09229695  -8.08754195 -20.5514104  -34.61116959 -20.85425067
 -20.4831114  -10.63689576  -2.01747093  -5.34474684 -31.74487102]
scheduled_ues:  [ 0  1  3  4  5  7  8  9 10 14]
(1, 15, 1, 4, 1, 1)
caused INR: -9.38931978215003
TpsRandomic + CumulativeIndividualEstimated_INR + -10.0
None
(1, 15, 1, 4, 1, 1)
caused INR: -17.69977590030849
TpsRandomic + CumulativeIndividualEstimated_INR + -12.5
None
(1, 15, 1, 4, 1, 1)
caused INR: -10.78174243134618
TpsRandomic + CumulativeIndividualEstimated_INR + -15.0
None
(1, 15, 1, 4, 1, 1)
caused INR: -16.770132249910674
Iteration number 4
TpsAltruisticFromLsfGain + IndividualEstimated_INR + -10.0
None
ls_gain_coeffs:
[-147.64174053 -132.39768389 -139.91060436 -139.57868299 -123.20533785
 -135.57205731 -130.6959833  -127.86399172 -137.45710633 -142.88920819
 -144.27763553 -153.04700831 -141.72644815 -132.09047922 -148.09723743]
inrs_hat:  [-36.65204048 -21.40798385 -28.92090431 -28.58898295 -12.21563781
 -24.58235727 -19.70628326 -16.87429167 -26.46740628 -31.89950814
 -33.28793549 -42.05730826 -30.7367481  -21.10077918 -37.10753738]
scheduled_ues:  [ 0  1  2  3  4  5  6  7  8  9 10 11 12 13 14]
(1, 15, 1, 4, 1, 1)
caused INR: -11.95942059061609
TpsAltruisticFromLsfGain + IndividualEstimated_INR + -12.5
None
ls_gain_coeffs:
[-147.64174053 -132.39768389 -139.91060436 -139.57868299 -123.20533785
 -135.57205731 -130.6959833  -127.86399172 -137.45710633 -142.88920819
 -144.27763553 -153.04700831 -141.72644815 -132.09047922 -148.09723743]
inrs_hat:  [-36.65204048 -21.40798385 -28.92090431 -28.58898295 -12.21563781
 -24.58235727 -19.70628326 -16.87429167 -26.46740628 -31.89950814
 -33.28793549 -42.05730826 -30.7367481  -21.10077918 -37.10753738]
scheduled_ues:  [ 0  1  2  3  5  6  7  8  9 10 11 12 13 14]
(1, 15, 1, 4, 1, 1)
caused INR: -10.000101678646134
TpsAltruisticFromLsfGain + IndividualEstimated_INR + -15.0
None
ls_gain_coeffs:
[-147.64174053 -132.39768389 -139.91060436 -139.57868299 -123.20533785
 -135.57205731 -130.6959833  -127.86399172 -137.45710633 -142.88920819
 -144.27763553 -153.04700831 -141.72644815 -132.09047922 -148.09723743]
inrs_hat:  [-36.65204048 -21.40798385 -28.92090431 -28.58898295 -12.21563781
 -24.58235727 -19.70628326 -16.87429167 -26.46740628 -31.89950814
 -33.28793549 -42.05730826 -30.7367481  -21.10077918 -37.10753738]
scheduled_ues:  [ 0  1  2  3  5  6  7  8  9 10 11 12 13 14]
(1, 15, 1, 4, 1, 1)
caused INR: -10.000101678646134
TpsAltruisticFromLsfGain + CumulativeIndividualEstimated_INR + -10.0
None
(1, 15, 1, 4, 1, 1)
caused INR: -10.000101678646134
TpsAltruisticFromLsfGain + CumulativeIndividualEstimated_INR + -12.5
None
(1, 15, 1, 4, 1, 1)
caused INR: -12.857791154036422
TpsAltruisticFromLsfGain + CumulativeIndividualEstimated_INR + -15.0
None
(1, 15, 1, 4, 1, 1)
caused INR: -16.3471562901023
TpsRandomic + IndividualEstimated_INR + -10.0
None
ls_gain_coeffs:
[-131.12526962 -118.78043115 -134.08740129 -133.80805294 -109.9051911
 -118.48881098 -130.6959833  -127.86399172 -137.45710633 -127.39383695
 -133.57764392 -143.42926534 -129.23501861 -115.80262525 -134.39764806]
inrs_hat:  [-20.13556957  -7.79073111 -23.09770124 -22.8183529    1.08450894
  -7.49911093 -19.70628326 -16.87429167 -26.46740628 -16.40413691
 -22.58794387 -32.4395653  -18.24531857  -4.81292521 -23.40794801]
scheduled_ues:  [ 0  2  3  6  7  8  9 10 11 12 14]
(1, 15, 1, 4, 1, 1)
caused INR: -15.714730812286025
TpsRandomic + IndividualEstimated_INR + -12.5
None
ls_gain_coeffs:
[-131.12526962 -116.12998526 -125.74724465 -139.57868299 -123.20533785
 -122.27405333 -114.39704128 -115.01392692 -130.19704589 -128.92072257
 -133.77274802 -143.42926534 -129.23501861 -126.04060644 -144.32326932]
inrs_hat:  [-20.13556957  -5.14028521 -14.7575446  -28.58898295 -12.21563781
 -11.28435328  -3.40734124  -4.02422688 -19.20734585 -17.93102253
 -22.78304798 -32.4395653  -18.24531857 -15.05090639 -33.33356928]
scheduled_ues:  [ 0  2  3  8  9 10 11 12 13 14]
(1, 15, 1, 4, 1, 1)
caused INR: -32.53963528489368
TpsRandomic + IndividualEstimated_INR + -15.0
None
ls_gain_coeffs:
[-134.16650598 -132.39768389 -123.69652297 -125.40172904 -123.20533785
 -122.27405333 -130.6959833  -127.25129453 -130.19704589 -138.30855133
 -133.77274802 -136.39058419 -132.95695754 -126.04060644 -134.39764806]
inrs_hat:  [-23.17680594 -21.40798385 -12.70682292 -14.412029   -12.21563781
 -11.28435328 -19.70628326 -16.26159448 -19.20734585 -27.31885129
 -22.78304798 -25.40088415 -21.96725749 -15.05090639 -23.40794801]
scheduled_ues:  [ 0  1  6  7  8  9 10 11 12 13 14]
(1, 15, 1, 4, 1, 1)
caused INR: -14.696213647140377
TpsRandomic + CumulativeIndividualEstimated_INR + -10.0
None
(1, 15, 1, 4, 1, 1)
caused INR: -11.555549425006422
TpsRandomic + CumulativeIndividualEstimated_INR + -12.5
None
(1, 15, 1, 4, 1, 1)
caused INR: -13.785214386253351
TpsRandomic + CumulativeIndividualEstimated_INR + -15.0
None
(1, 15, 1, 4, 1, 1)
caused INR: -17.808510570412402
Iteration number 5
TpsAltruisticFromLsfGain + IndividualEstimated_INR + -10.0
None
ls_gain_coeffs:
[-133.91246589 -139.27549089 -113.46812669 -147.10932928 -137.45682578
 -144.50573329 -145.87323308 -146.72488827 -116.88431669 -138.08029624
 -136.98386291 -130.70986332 -148.08799471 -140.91547062 -147.19353164]
inrs_hat:  [-22.92276585 -28.28579085  -2.47842664 -36.11962924 -26.46712574
 -33.51603325 -34.88353304 -35.73518823  -5.89461665 -27.0905962
 -25.99416287 -19.72016328 -37.09829467 -29.92577057 -36.2038316 ]
scheduled_ues:  [ 0  1  3  4  5  6  7  9 10 11 12 13 14]
(1, 15, 1, 4, 1, 1)
caused INR: -12.553593895716338
TpsAltruisticFromLsfGain + IndividualEstimated_INR + -12.5
None
ls_gain_coeffs:
[-133.91246589 -139.27549089 -113.46812669 -147.10932928 -137.45682578
 -144.50573329 -145.87323308 -146.72488827 -116.88431669 -138.08029624
 -136.98386291 -130.70986332 -148.08799471 -140.91547062 -147.19353164]
inrs_hat:  [-22.92276585 -28.28579085  -2.47842664 -36.11962924 -26.46712574
 -33.51603325 -34.88353304 -35.73518823  -5.89461665 -27.0905962
 -25.99416287 -19.72016328 -37.09829467 -29.92577057 -36.2038316 ]
scheduled_ues:  [ 0  1  3  4  5  6  7  9 10 11 12 13 14]
(1, 15, 1, 4, 1, 1)
caused INR: -12.553593895716338
TpsAltruisticFromLsfGain + IndividualEstimated_INR + -15.0
None
ls_gain_coeffs:
[-133.91246589 -139.27549089 -113.46812669 -147.10932928 -137.45682578
 -144.50573329 -145.87323308 -146.72488827 -116.88431669 -138.08029624
 -136.98386291 -130.70986332 -148.08799471 -140.91547062 -147.19353164]
inrs_hat:  [-22.92276585 -28.28579085  -2.47842664 -36.11962924 -26.46712574
 -33.51603325 -34.88353304 -35.73518823  -5.89461665 -27.0905962
 -25.99416287 -19.72016328 -37.09829467 -29.92577057 -36.2038316 ]
scheduled_ues:  [ 0  1  3  4  5  6  7  9 10 11 12 13 14]
(1, 15, 1, 4, 1, 1)
caused INR: -12.553593895716338
TpsAltruisticFromLsfGain + CumulativeIndividualEstimated_INR + -10.0
None
(1, 15, 1, 4, 1, 1)
caused INR: -12.553593895716338
TpsAltruisticFromLsfGain + CumulativeIndividualEstimated_INR + -12.5
None
(1, 15, 1, 4, 1, 1)
caused INR: -12.553593895716338
TpsAltruisticFromLsfGain + CumulativeIndividualEstimated_INR + -15.0
None
(1, 15, 1, 4, 1, 1)
caused INR: -12.553593895716338
TpsRandomic + IndividualEstimated_INR + -10.0
None
ls_gain_coeffs:
[-119.73581186 -126.74065581 -113.46812669 -147.10932928 -124.10811446
 -144.50573329 -131.89844019 -146.72488827 -116.88431669 -138.08029624
 -136.98386291 -116.49770112 -131.64438994 -124.2236647  -134.4315998 ]
inrs_hat:  [ -8.74611182 -15.75095577  -2.47842664 -36.11962924 -13.11841442
 -33.51603325 -20.90874015 -35.73518823  -5.89461665 -27.0905962
 -25.99416287  -5.50800108 -20.65468989 -13.23396466 -23.44189976]
scheduled_ues:  [ 1  3  4  5  6  7  9 10 12 13 14]
(1, 15, 1, 4, 1, 1)
caused INR: -15.368656299681643
TpsRandomic + IndividualEstimated_INR + -12.5
None
ls_gain_coeffs:
[-133.91246589 -139.27549089  -99.10505323 -147.10932928 -129.38394797
 -134.99375393 -130.3652473  -138.71775387 -116.88431669 -138.08029624
 -119.7551918  -130.70986332 -131.64438994 -129.66483985 -146.71303389]
inrs_hat:  [-22.92276585 -28.28579085  11.88464682 -36.11962924 -18.39424792
 -24.00405388 -19.37554726 -27.72805383  -5.89461665 -27.0905962
  -8.76549176 -19.72016328 -20.65468989 -18.67513981 -35.72333384]
scheduled_ues:  [ 0  1  3  4  5  6  7  9 11 12 13 14]
(1, 15, 1, 4, 1, 1)
caused INR: -7.26097174620164
TpsRandomic + IndividualEstimated_INR + -15.0
None
ls_gain_coeffs:
[-133.91246589 -126.64742072  -97.18357976 -130.4812498  -137.45682578
 -127.65670026 -141.27365441 -138.71775387 -103.0035853  -130.72184036
 -119.7551918  -116.49770112 -131.64438994 -131.22408956 -146.71303389]
inrs_hat:  [-22.92276585 -15.65772068  13.80612028 -19.49154976 -26.46712574
 -16.66700021 -30.28395437 -27.72805383   7.98611474 -19.73214031
  -8.76549176  -5.50800108 -20.65468989 -20.23438951 -35.72333384]
scheduled_ues:  [ 0  1  3  4  5  6  7  9 12 13 14]
(1, 15, 1, 4, 1, 1)
caused INR: -12.794170173501396
TpsRandomic + CumulativeIndividualEstimated_INR + -10.0
None
(1, 15, 1, 4, 1, 1)
caused INR: -11.418545355899422
TpsRandomic + CumulativeIndividualEstimated_INR + -12.5
None
(1, 15, 1, 4, 1, 1)
caused INR: -10.453035492110953
TpsRandomic + CumulativeIndividualEstimated_INR + -15.0
None
(1, 15, 1, 4, 1, 1)
caused INR: -8.811465966950905
Iteration number 6
TpsAltruisticFromLsfGain + IndividualEstimated_INR + -10.0
None
ls_gain_coeffs:
[-144.71476471 -147.25043555 -123.6199819  -122.64855999 -130.90304277
 -143.25634157 -143.94237719 -131.63897052 -139.33624094 -146.82401654
 -151.82140472 -134.60418239 -140.61794609 -143.00874769 -143.9888868 ]
inrs_hat:  [-33.72506467 -36.26073551 -12.63028186 -11.65885995 -19.91334273
 -32.26664153 -32.95267715 -20.64927048 -28.34654089 -35.8343165
 -40.83170468 -23.61448235 -29.62824604 -32.01904765 -32.99918676]
scheduled_ues:  [ 0  1  2  3  4  5  6  7  8  9 10 11 12 13 14]
(1, 15, 1, 4, 1, 1)
caused INR: -9.546024187336076
TpsAltruisticFromLsfGain + IndividualEstimated_INR + -12.5
None
ls_gain_coeffs:
[-144.71476471 -147.25043555 -123.6199819  -122.64855999 -130.90304277
 -143.25634157 -143.94237719 -131.63897052 -139.33624094 -146.82401654
 -151.82140472 -134.60418239 -140.61794609 -143.00874769 -143.9888868 ]
inrs_hat:  [-33.72506467 -36.26073551 -12.63028186 -11.65885995 -19.91334273
 -32.26664153 -32.95267715 -20.64927048 -28.34654089 -35.8343165
 -40.83170468 -23.61448235 -29.62824604 -32.01904765 -32.99918676]
scheduled_ues:  [ 0  1  2  4  5  6  7  8  9 10 11 12 13 14]
(1, 15, 1, 4, 1, 1)
caused INR: -11.549931869430685
TpsAltruisticFromLsfGain + IndividualEstimated_INR + -15.0
None
ls_gain_coeffs:
[-144.71476471 -147.25043555 -123.6199819  -122.64855999 -130.90304277
 -143.25634157 -143.94237719 -131.63897052 -139.33624094 -146.82401654
 -151.82140472 -134.60418239 -140.61794609 -143.00874769 -143.9888868 ]
inrs_hat:  [-33.72506467 -36.26073551 -12.63028186 -11.65885995 -19.91334273
 -32.26664153 -32.95267715 -20.64927048 -28.34654089 -35.8343165
 -40.83170468 -23.61448235 -29.62824604 -32.01904765 -32.99918676]
scheduled_ues:  [ 0  1  4  5  6  7  8  9 10 11 12 13 14]
(1, 15, 1, 4, 1, 1)
caused INR: -16.27852441541762
TpsAltruisticFromLsfGain + CumulativeIndividualEstimated_INR + -10.0
None
(1, 15, 1, 4, 1, 1)
caused INR: -11.549931869430685
TpsAltruisticFromLsfGain + CumulativeIndividualEstimated_INR + -12.5
None
(1, 15, 1, 4, 1, 1)
caused INR: -16.27852441541762
TpsAltruisticFromLsfGain + CumulativeIndividualEstimated_INR + -15.0
None
(1, 15, 1, 4, 1, 1)
caused INR: -16.27852441541762
TpsRandomic + IndividualEstimated_INR + -10.0
None
ls_gain_coeffs:
[-127.8705661  -147.25043555 -123.6199819  -115.93373906 -117.99438206
 -127.53605478 -143.94237719 -131.63897052 -139.33624094 -136.53286918
 -148.41321683 -121.25567663 -129.39570143 -130.28610629 -131.2346799 ]
inrs_hat:  [-16.88086605 -36.26073551 -12.63028186  -4.94403901  -7.00468202
 -16.54635473 -32.95267715 -20.64927048 -28.34654089 -25.54316914
 -37.42351679 -10.26597658 -18.40600138 -19.29640624 -20.24497986]
scheduled_ues:  [ 0  1  2  5  6  7  8  9 10 11 12 13 14]
(1, 15, 1, 4, 1, 1)
caused INR: -0.25501262504900424
TpsRandomic + IndividualEstimated_INR + -12.5
None
ls_gain_coeffs:
[-127.8705661  -130.55827855 -112.32179604 -108.24813796 -117.99438206
 -129.17539817 -143.94237719 -117.85921833 -139.33624094 -136.10601398
 -148.41321683 -121.25567663 -140.61794609 -130.00506488 -131.2346799 ]
inrs_hat:  [-16.88086605 -19.56857851  -1.33209599   2.74156209  -7.00468202
 -18.18569813 -32.95267715  -6.86951828 -28.34654089 -25.11631394
 -37.42351679 -10.26597658 -29.62824604 -19.01536483 -20.24497986]
scheduled_ues:  [ 0  1  5  6  8  9 10 12 13 14]
(1, 15, 1, 4, 1, 1)
caused INR: -5.919734919386737
TpsRandomic + IndividualEstimated_INR + -15.0
None
ls_gain_coeffs:
[-135.2880115  -138.70251644 -123.6199819  -122.64855999 -117.52732135
 -127.53605478 -129.92184864 -117.85921833 -126.68091733 -146.82401654
 -151.82140472 -126.2327532  -123.59089346 -130.28610629 -143.9888868 ]
inrs_hat:  [-24.29831146 -27.7128164  -12.63028186 -11.65885995  -6.5376213
 -16.54635473 -18.93214859  -6.86951828 -15.69121729 -35.8343165
 -40.83170468 -15.24305316 -12.60119342 -19.29640624 -32.99918676]
scheduled_ues:  [ 0  1  5  6  8  9 10 11 13 14]
(1, 15, 1, 4, 1, 1)
caused INR: -16.054239282491576
TpsRandomic + CumulativeIndividualEstimated_INR + -10.0
None
(1, 15, 1, 4, 1, 1)
caused INR: -16.872058773430723
TpsRandomic + CumulativeIndividualEstimated_INR + -12.5
None
(1, 15, 1, 4, 1, 1)
caused INR: -15.069045912168482
TpsRandomic + CumulativeIndividualEstimated_INR + -15.0
None
(1, 15, 1, 4, 1, 1)
caused INR: -39.174895699868586
Iteration number 7
TpsAltruisticFromLsfGain + IndividualEstimated_INR + -10.0
None
ls_gain_coeffs:
[-136.06286012 -125.94761015 -132.61068763 -139.38515707 -135.0884458
 -145.80974996 -141.39160989 -129.79301152 -132.98180203 -141.42931838
 -132.10867216 -143.82213416 -134.90933123 -132.84306528 -150.7206023 ]
inrs_hat:  [-25.07316008 -14.95791011 -21.62098758 -28.39545703 -24.09874575
 -34.82004992 -30.40190985 -18.80331147 -21.99210199 -30.43961834
 -21.11897212 -32.83243412 -23.91963119 -21.85336523 -39.73090226]
scheduled_ues:  [ 0  1  2  3  4  5  6  7  8  9 10 11 12 13 14]
(1, 15, 1, 4, 1, 1)
caused INR: -8.230002912719385
TpsAltruisticFromLsfGain + IndividualEstimated_INR + -12.5
None
ls_gain_coeffs:
[-136.06286012 -125.94761015 -132.61068763 -139.38515707 -135.0884458
 -145.80974996 -141.39160989 -129.79301152 -132.98180203 -141.42931838
 -132.10867216 -143.82213416 -134.90933123 -132.84306528 -150.7206023 ]
inrs_hat:  [-25.07316008 -14.95791011 -21.62098758 -28.39545703 -24.09874575
 -34.82004992 -30.40190985 -18.80331147 -21.99210199 -30.43961834
 -21.11897212 -32.83243412 -23.91963119 -21.85336523 -39.73090226]
scheduled_ues:  [ 0  1  2  3  4  5  6  7  8  9 10 11 12 13 14]
(1, 15, 1, 4, 1, 1)
caused INR: -8.230002912719385
TpsAltruisticFromLsfGain + IndividualEstimated_INR + -15.0
None
ls_gain_coeffs:
[-136.06286012 -125.94761015 -132.61068763 -139.38515707 -135.0884458
 -145.80974996 -141.39160989 -129.79301152 -132.98180203 -141.42931838
 -132.10867216 -143.82213416 -134.90933123 -132.84306528 -150.7206023 ]
inrs_hat:  [-25.07316008 -14.95791011 -21.62098758 -28.39545703 -24.09874575
 -34.82004992 -30.40190985 -18.80331147 -21.99210199 -30.43961834
 -21.11897212 -32.83243412 -23.91963119 -21.85336523 -39.73090226]
scheduled_ues:  [ 0  2  3  4  5  6  7  8  9 10 11 12 13 14]
(1, 15, 1, 4, 1, 1)
caused INR: -9.8064439200338
TpsAltruisticFromLsfGain + CumulativeIndividualEstimated_INR + -10.0
None
(1, 15, 1, 4, 1, 1)
caused INR: -8.230002912719385
TpsAltruisticFromLsfGain + CumulativeIndividualEstimated_INR + -12.5
None
(1, 15, 1, 4, 1, 1)
caused INR: -9.8064439200338
TpsAltruisticFromLsfGain + CumulativeIndividualEstimated_INR + -15.0
None
(1, 15, 1, 4, 1, 1)
caused INR: -14.28575951882662
TpsRandomic + IndividualEstimated_INR + -10.0
None
ls_gain_coeffs:
[-121.71794378 -115.31146568 -116.40584359 -139.38515707 -123.46930068
 -133.37555147 -141.39160989 -119.99037626 -132.98180203 -141.42931838
 -117.99811355 -132.90853565 -120.47766341 -119.00358484 -150.7206023 ]
inrs_hat:  [-10.72824374  -4.32176563  -5.41614355 -28.39545703 -12.47960064
 -22.38585142 -30.40190985  -9.00067622 -21.99210199 -30.43961834
  -7.00841351 -21.91883561  -9.48796337  -8.01388479 -39.73090226]
scheduled_ues:  [ 0  3  4  5  6  8  9 11 14]
(1, 15, 1, 4, 1, 1)
caused INR: -4.355933473821999
TpsRandomic + IndividualEstimated_INR + -12.5
None
ls_gain_coeffs:
[-121.71794378 -125.94761015 -116.40584359 -137.71240556 -135.0884458
 -145.80974996 -126.3736231  -119.99037626 -120.4891289  -128.84426528
 -124.82513436 -143.82213416 -118.48759559 -119.00358484 -134.47093024]
inrs_hat:  [-10.72824374 -14.95791011  -5.41614355 -26.72270552 -24.09874575
 -34.82004992 -15.38392306  -9.00067622  -9.49942885 -17.85456524
 -13.83543431 -32.83243412  -7.49789554  -8.01388479 -23.48123019]
scheduled_ues:  [ 1  3  4  5  6  9 10 11 14]
(1, 15, 1, 4, 1, 1)
caused INR: -17.00207519474432
TpsRandomic + IndividualEstimated_INR + -15.0
None
ls_gain_coeffs:
[-119.52629388 -115.02745837 -126.46534515 -137.71240556 -123.46930068
 -145.80974996 -141.39160989 -118.40468126 -122.74663439 -128.84426528
 -117.99811355 -126.99323038 -118.48759559 -116.59498912 -134.47093024]
inrs_hat:  [ -8.53659384  -4.03775833 -15.4756451  -26.72270552 -12.47960064
 -34.82004992 -30.40190985  -7.41498122 -11.75693435 -17.85456524
  -7.00841351 -16.00353034  -7.49789554  -5.60528907 -23.48123019]
scheduled_ues:  [ 2  3  5  6  9 11 14]
(1, 15, 1, 4, 1, 1)
caused INR: -11.196702094086879
TpsRandomic + CumulativeIndividualEstimated_INR + -10.0
None
(1, 15, 1, 4, 1, 1)
caused INR: -13.545099889491393
TpsRandomic + CumulativeIndividualEstimated_INR + -12.5
None
(1, 15, 1, 4, 1, 1)
caused INR: -23.283332714515417
TpsRandomic + CumulativeIndividualEstimated_INR + -15.0
None
(1, 15, 1, 4, 1, 1)
caused INR: -15.733525944045157
Iteration number 8
TpsAltruisticFromLsfGain + IndividualEstimated_INR + -10.0
None
ls_gain_coeffs:
[-126.43547962 -136.13974922 -149.71433167 -143.48881309 -138.92768728
 -136.0670374  -139.05305012 -133.52196785 -154.1332756  -139.02122362
 -132.14699587 -143.50279288 -150.60130854 -141.77481514 -140.93628075]
inrs_hat:  [-15.44577958 -25.15004918 -38.72463163 -32.49911304 -27.93798723
 -25.07733736 -28.06335008 -22.53226781 -43.14357555 -28.03152358
 -21.15729583 -32.51309284 -39.61160849 -30.7851151  -29.94658071]
scheduled_ues:  [ 0  1  2  3  4  5  6  7  8  9 10 11 12 13 14]
(1, 15, 1, 4, 1, 1)
caused INR: -11.668623819654789
TpsAltruisticFromLsfGain + IndividualEstimated_INR + -12.5
None
ls_gain_coeffs:
[-126.43547962 -136.13974922 -149.71433167 -143.48881309 -138.92768728
 -136.0670374  -139.05305012 -133.52196785 -154.1332756  -139.02122362
 -132.14699587 -143.50279288 -150.60130854 -141.77481514 -140.93628075]
inrs_hat:  [-15.44577958 -25.15004918 -38.72463163 -32.49911304 -27.93798723
 -25.07733736 -28.06335008 -22.53226781 -43.14357555 -28.03152358
 -21.15729583 -32.51309284 -39.61160849 -30.7851151  -29.94658071]
scheduled_ues:  [ 0  1  2  3  4  5  6  7  8  9 10 11 12 13 14]
(1, 15, 1, 4, 1, 1)
caused INR: -11.668623819654789
TpsAltruisticFromLsfGain + IndividualEstimated_INR + -15.0
None
ls_gain_coeffs:
[-126.43547962 -136.13974922 -149.71433167 -143.48881309 -138.92768728
 -136.0670374  -139.05305012 -133.52196785 -154.1332756  -139.02122362
 -132.14699587 -143.50279288 -150.60130854 -141.77481514 -140.93628075]
inrs_hat:  [-15.44577958 -25.15004918 -38.72463163 -32.49911304 -27.93798723
 -25.07733736 -28.06335008 -22.53226781 -43.14357555 -28.03152358
 -21.15729583 -32.51309284 -39.61160849 -30.7851151  -29.94658071]
scheduled_ues:  [ 0  1  2  3  4  5  6  7  8  9 10 11 12 13 14]
(1, 15, 1, 4, 1, 1)
caused INR: -11.668623819654789
TpsAltruisticFromLsfGain + CumulativeIndividualEstimated_INR + -10.0
None
(1, 15, 1, 4, 1, 1)
caused INR: -11.668623819654789
TpsAltruisticFromLsfGain + CumulativeIndividualEstimated_INR + -12.5
None
(1, 15, 1, 4, 1, 1)
caused INR: -11.668623819654789
TpsAltruisticFromLsfGain + CumulativeIndividualEstimated_INR + -15.0
None
(1, 15, 1, 4, 1, 1)
caused INR: -9.095447267338331
TpsRandomic + IndividualEstimated_INR + -10.0
None
ls_gain_coeffs:
[-113.61428832 -122.79773475 -138.8924034  -127.3626783  -138.92768728
 -119.14686196 -135.35164036 -116.49950138 -154.1332756  -134.5477582
 -124.25351911 -143.50279288 -133.8290932  -128.48281699 -140.93628075]
inrs_hat:  [ -2.62458828 -11.80803471 -27.90270336 -16.37297825 -27.93798723
  -8.15716192 -24.36194031  -5.50980134 -43.14357555 -23.55805816
 -13.26381907 -32.51309284 -22.83939316 -17.49311695 -29.94658071]
scheduled_ues:  [ 1  2  3  4  6  8  9 10 11 12 13 14]
(1, 15, 1, 4, 1, 1)
caused INR: -10.76008519194425
TpsRandomic + IndividualEstimated_INR + -12.5
None
ls_gain_coeffs:
[-113.61428832 -129.21455116 -133.01743373 -127.3626783  -122.06024236
 -136.0670374  -139.05305012 -119.8096192  -144.88831874 -134.5477582
 -132.14699587 -130.96544441 -150.60130854 -128.48281699 -140.93628075]
inrs_hat:  [ -2.62458828 -18.22485112 -22.02773368 -16.37297825 -11.07054231
 -25.07733736 -28.06335008  -8.81991916 -33.89861869 -23.55805816
 -21.15729583 -19.97574437 -39.61160849 -17.49311695 -29.94658071]
scheduled_ues:  [ 1  2  3  5  6  8  9 10 11 12 13 14]
(1, 15, 1, 4, 1, 1)
caused INR: -13.982722926938271
TpsRandomic + IndividualEstimated_INR + -15.0
None
ls_gain_coeffs:
[-126.43547962 -119.78534296 -149.71433167 -137.22498784 -128.52035904
 -127.49796676 -124.14384361 -116.49950138 -144.88831874 -125.08846848
 -124.25351911 -143.50279288 -141.14363713 -134.12116213 -126.19355748]
inrs_hat:  [-15.44577958  -8.79564291 -38.72463163 -26.2352878  -17.530659
 -16.50826672 -13.15414357  -5.50980134 -33.89861869 -14.09876844
 -13.26381907 -32.51309284 -30.15393708 -23.13146209 -15.20385743]
scheduled_ues:  [ 0  2  3  4  5  8 11 12 13 14]
(1, 15, 1, 4, 1, 1)
caused INR: -7.8923809311443165
TpsRandomic + CumulativeIndividualEstimated_INR + -10.0
None
(1, 15, 1, 4, 1, 1)
caused INR: -10.496876864328934
TpsRandomic + CumulativeIndividualEstimated_INR + -12.5
None
(1, 15, 1, 4, 1, 1)
caused INR: -11.53626649650161
TpsRandomic + CumulativeIndividualEstimated_INR + -15.0
None
(1, 15, 1, 4, 1, 1)
caused INR: -17.994702044781487
Iteration number 9
TpsAltruisticFromLsfGain + IndividualEstimated_INR + -10.0
None
ls_gain_coeffs:
[-137.77208613 -147.20295012 -134.92876519 -138.1861075  -131.55443061
 -112.13051586 -133.64087617 -132.4471173  -125.7622895  -136.12420873
 -135.96215528 -137.37337017 -143.77119956 -133.72785056 -139.33818324]
inrs_hat:  [-26.78238609 -36.21325008 -23.93906514 -27.19640746 -20.56473057
  -1.14081582 -22.65117613 -21.45741726 -14.77258945 -25.13450868
 -24.97245524 -26.38367012 -32.78149952 -22.73815051 -28.3484832 ]
scheduled_ues:  [ 0  1  2  3  4  6  7  8  9 10 11 12 13 14]
(1, 15, 1, 4, 1, 1)
caused INR: -11.535371813689094
TpsAltruisticFromLsfGain + IndividualEstimated_INR + -12.5
None
ls_gain_coeffs:
[-137.77208613 -147.20295012 -134.92876519 -138.1861075  -131.55443061
 -112.13051586 -133.64087617 -132.4471173  -125.7622895  -136.12420873
 -135.96215528 -137.37337017 -143.77119956 -133.72785056 -139.33818324]
inrs_hat:  [-26.78238609 -36.21325008 -23.93906514 -27.19640746 -20.56473057
  -1.14081582 -22.65117613 -21.45741726 -14.77258945 -25.13450868
 -24.97245524 -26.38367012 -32.78149952 -22.73815051 -28.3484832 ]
scheduled_ues:  [ 0  1  2  3  4  6  7  8  9 10 11 12 13 14]
(1, 15, 1, 4, 1, 1)
caused INR: -11.535371813689094
TpsAltruisticFromLsfGain + IndividualEstimated_INR + -15.0
None
ls_gain_coeffs:
[-137.77208613 -147.20295012 -134.92876519 -138.1861075  -131.55443061
 -112.13051586 -133.64087617 -132.4471173  -125.7622895  -136.12420873
 -135.96215528 -137.37337017 -143.77119956 -133.72785056 -139.33818324]
inrs_hat:  [-26.78238609 -36.21325008 -23.93906514 -27.19640746 -20.56473057
  -1.14081582 -22.65117613 -21.45741726 -14.77258945 -25.13450868
 -24.97245524 -26.38367012 -32.78149952 -22.73815051 -28.3484832 ]
scheduled_ues:  [ 0  1  2  3  4  6  7  9 10 11 12 13 14]
(1, 15, 1, 4, 1, 1)
caused INR: -10.787104987454708
TpsAltruisticFromLsfGain + CumulativeIndividualEstimated_INR + -10.0
None
(1, 15, 1, 4, 1, 1)
caused INR: -11.535371813689094
TpsAltruisticFromLsfGain + CumulativeIndividualEstimated_INR + -12.5
None
(1, 15, 1, 4, 1, 1)
caused INR: -10.787104987454708
TpsAltruisticFromLsfGain + CumulativeIndividualEstimated_INR + -15.0
None
(1, 15, 1, 4, 1, 1)
caused INR: -12.206506337373195
TpsRandomic + IndividualEstimated_INR + -10.0
None
ls_gain_coeffs:
[-137.77208613 -147.20295012 -127.87379058 -126.65588372 -117.50688656
 -112.13051586 -133.64087617 -132.4471173  -113.44075875 -126.919182
 -123.74828661 -120.67585811 -139.34216975 -133.72785056 -122.78268433]
inrs_hat:  [-26.78238609 -36.21325008 -16.88409054 -15.66618368  -6.51718651
  -1.14081582 -22.65117613 -21.45741726  -2.45105871 -15.92948195
 -12.75858657  -9.68615807 -28.3524697  -22.73815051 -11.79298428]
scheduled_ues:  [ 0  1  2  3  6  7  9 10 12 13 14]
(1, 15, 1, 4, 1, 1)
caused INR: -18.314032712555633
TpsRandomic + IndividualEstimated_INR + -12.5
None
ls_gain_coeffs:
[-124.8068058  -133.5383428  -127.87379058 -126.65588372 -114.72633239
  -99.66193284 -133.64087617 -119.4573444  -125.7622895  -123.892702
 -135.96215528 -120.67585811 -139.34216975 -116.87170342 -122.78268433]
inrs_hat:  [-13.81710576 -22.54864275 -16.88409054 -15.66618368  -3.73663235
  11.3277672  -22.65117613  -8.46764436 -14.77258945 -12.90300195
 -24.97245524  -9.68615807 -28.3524697   -5.88200338 -11.79298428]
scheduled_ues:  [ 0  1  2  3  6  8  9 10 12]
(1, 15, 1, 4, 1, 1)
caused INR: -9.88392124030774
TpsRandomic + IndividualEstimated_INR + -15.0
None
ls_gain_coeffs:
[-124.8068058  -132.31533547 -127.87379058 -138.1861075  -117.50688656
 -112.13051586 -116.252556   -119.4573444  -107.58109436 -126.919182
 -125.96200157 -137.37337017 -143.77119956 -121.70120297 -131.42766006]
inrs_hat:  [-13.81710576 -21.32563543 -16.88409054 -27.19640746  -6.51718651
  -1.14081582  -5.26285596  -8.46764436   3.40860568 -15.92948195
 -14.97230153 -26.38367012 -32.78149952 -10.71150293 -20.43796002]
scheduled_ues:  [ 1  2  3  9 11 12 14]
(1, 15, 1, 4, 1, 1)
caused INR: -18.587713641950792
TpsRandomic + CumulativeIndividualEstimated_INR + -10.0
None
(1, 15, 1, 4, 1, 1)
caused INR: -10.719361073414532
TpsRandomic + CumulativeIndividualEstimated_INR + -12.5
None
(1, 15, 1, 4, 1, 1)
caused INR: -19.474749092877563
TpsRandomic + CumulativeIndividualEstimated_INR + -15.0
None
(1, 15, 1, 4, 1, 1)
caused INR: -14.284710733262035
Iteration number 10
TpsAltruisticFromLsfGain + IndividualEstimated_INR + -10.0
None
ls_gain_coeffs:
[-146.60107315 -132.92334479 -130.08055746 -131.55609017 -151.80154076
 -139.14944462 -142.77305909 -133.57321    -151.08085466 -147.19773679
 -148.24764986 -145.94130996 -149.18499508 -136.79339813 -150.37177913]
inrs_hat:  [-35.61137311 -21.93364475 -19.09085741 -20.56639013 -40.81184071
 -28.15974457 -31.78335905 -22.58350996 -40.09115462 -36.20803675
 -37.25794981 -34.95160992 -38.19529504 -25.80369809 -39.38207909]
scheduled_ues:  [ 0  1  2  3  4  5  6  7  8  9 10 11 12 13 14]
(1, 15, 1, 4, 1, 1)
caused INR: -12.61877690698201
TpsAltruisticFromLsfGain + IndividualEstimated_INR + -12.5
None
ls_gain_coeffs:
[-146.60107315 -132.92334479 -130.08055746 -131.55609017 -151.80154076
 -139.14944462 -142.77305909 -133.57321    -151.08085466 -147.19773679
 -148.24764986 -145.94130996 -149.18499508 -136.79339813 -150.37177913]
inrs_hat:  [-35.61137311 -21.93364475 -19.09085741 -20.56639013 -40.81184071
 -28.15974457 -31.78335905 -22.58350996 -40.09115462 -36.20803675
 -37.25794981 -34.95160992 -38.19529504 -25.80369809 -39.38207909]
scheduled_ues:  [ 0  1  2  3  4  5  6  7  8  9 10 11 12 13 14]
(1, 15, 1, 4, 1, 1)
caused INR: -12.61877690698201
TpsAltruisticFromLsfGain + IndividualEstimated_INR + -15.0
None
ls_gain_coeffs:
[-146.60107315 -132.92334479 -130.08055746 -131.55609017 -151.80154076
 -139.14944462 -142.77305909 -133.57321    -151.08085466 -147.19773679
 -148.24764986 -145.94130996 -149.18499508 -136.79339813 -150.37177913]
inrs_hat:  [-35.61137311 -21.93364475 -19.09085741 -20.56639013 -40.81184071
 -28.15974457 -31.78335905 -22.58350996 -40.09115462 -36.20803675
 -37.25794981 -34.95160992 -38.19529504 -25.80369809 -39.38207909]
scheduled_ues:  [ 0  1  2  3  4  5  6  7  8  9 10 11 12 13 14]
(1, 15, 1, 4, 1, 1)
caused INR: -12.61877690698201
TpsAltruisticFromLsfGain + CumulativeIndividualEstimated_INR + -10.0
None
(1, 15, 1, 4, 1, 1)
caused INR: -12.61877690698201
TpsAltruisticFromLsfGain + CumulativeIndividualEstimated_INR + -12.5
None
(1, 15, 1, 4, 1, 1)
caused INR: -12.61877690698201
TpsAltruisticFromLsfGain + CumulativeIndividualEstimated_INR + -15.0
None
(1, 15, 1, 4, 1, 1)
caused INR: -13.984004215197208
TpsRandomic + IndividualEstimated_INR + -10.0
None
ls_gain_coeffs:
[-132.98290298 -118.60522836 -113.77996709 -118.11097137 -142.62099619
 -139.14944462 -141.00917775 -133.57321    -144.60758079 -147.19773679
 -148.24764986 -140.54016356 -138.73216681 -120.26756033 -150.37177913]
inrs_hat:  [-21.99320294  -7.61552831  -2.79026705  -7.12127133 -31.63129614
 -28.15974457 -30.0194777  -22.58350996 -33.61788075 -36.20803675
 -37.25794981 -29.55046351 -27.74246676  -9.27786029 -39.38207909]
scheduled_ues:  [ 0  4  5  6  7  8  9 10 11 12 14]
(1, 15, 1, 4, 1, 1)
caused INR: -17.0144442070927
TpsRandomic + IndividualEstimated_INR + -12.5
None
ls_gain_coeffs:
[-143.07136263 -118.60522836 -116.22412879 -118.11097137 -151.80154076
 -134.19695635 -141.00917775 -118.85638624 -137.59181054 -130.69441995
 -138.79606142 -129.91311723 -138.68933367 -129.77085896 -146.44562447]
inrs_hat:  [-32.08166259  -7.61552831  -5.23442875  -7.12127133 -40.81184071
 -23.20725631 -30.0194777   -7.8666862  -26.6021105  -19.70471991
 -27.80636137 -18.92341719 -27.69963363 -18.78115892 -35.45592443]
scheduled_ues:  [ 0  4  5  6  8  9 10 11 12 13 14]
(1, 15, 1, 4, 1, 1)
caused INR: -13.48800716396057
TpsRandomic + IndividualEstimated_INR + -15.0
None
ls_gain_coeffs:
[-132.98290298 -118.60522836 -130.08055746 -114.93146023 -142.62099619
 -125.05701519 -142.77305909 -118.85638624 -134.87889567 -130.69441995
 -138.79606142 -131.72767091 -149.18499508 -123.20586171 -146.44562447]
inrs_hat:  [-21.99320294  -7.61552831 -19.09085741  -3.94176019 -31.63129614
 -14.06731515 -31.78335905  -7.8666862  -23.88919562 -19.70471991
 -27.80636137 -20.73797086 -38.19529504 -12.21616166 -35.45592443]
scheduled_ues:  [ 0  2  4  6  8  9 10 11 12 14]
(1, 15, 1, 4, 1, 1)
caused INR: -31.35654100151411
TpsRandomic + CumulativeIndividualEstimated_INR + -10.0
None
(1, 15, 1, 4, 1, 1)
caused INR: -9.485122656728704
TpsRandomic + CumulativeIndividualEstimated_INR + -12.5
None
(1, 15, 1, 4, 1, 1)
caused INR: -27.91998697828674
TpsRandomic + CumulativeIndividualEstimated_INR + -15.0
None
(1, 15, 1, 4, 1, 1)
caused INR: -25.968308902884104
Iteration number 11
TpsAltruisticFromLsfGain + IndividualEstimated_INR + -10.0
None
ls_gain_coeffs:
[-153.01879636 -136.69345171 -144.10104356 -135.65773548 -133.4033036
 -153.0453672  -134.20682569 -134.4001957  -118.1685961  -147.40967887
 -144.37463886 -135.3431277  -121.24933505 -137.81868372 -143.90153537]
inrs_hat:  [-42.02909632 -25.70375167 -33.11134351 -24.66803543 -22.41360356
 -42.05566715 -23.21712565 -23.41049566  -7.17889605 -36.41997883
 -33.38493882 -24.35342765 -10.259635   -26.82898367 -32.91183533]
scheduled_ues:  [ 0  1  2  3  4  5  6  7  9 10 11 12 13 14]
(1, 15, 1, 4, 1, 1)
caused INR: -10.01566840932113
TpsAltruisticFromLsfGain + IndividualEstimated_INR + -12.5
None
ls_gain_coeffs:
[-153.01879636 -136.69345171 -144.10104356 -135.65773548 -133.4033036
 -153.0453672  -134.20682569 -134.4001957  -118.1685961  -147.40967887
 -144.37463886 -135.3431277  -121.24933505 -137.81868372 -143.90153537]
inrs_hat:  [-42.02909632 -25.70375167 -33.11134351 -24.66803543 -22.41360356
 -42.05566715 -23.21712565 -23.41049566  -7.17889605 -36.41997883
 -33.38493882 -24.35342765 -10.259635   -26.82898367 -32.91183533]
scheduled_ues:  [ 0  1  2  3  4  5  6  7  9 10 11 13 14]
(1, 15, 1, 4, 1, 1)
caused INR: -15.791773113486924
TpsAltruisticFromLsfGain + IndividualEstimated_INR + -15.0
None
ls_gain_coeffs:
[-153.01879636 -136.69345171 -144.10104356 -135.65773548 -133.4033036
 -153.0453672  -134.20682569 -134.4001957  -118.1685961  -147.40967887
 -144.37463886 -135.3431277  -121.24933505 -137.81868372 -143.90153537]
inrs_hat:  [-42.02909632 -25.70375167 -33.11134351 -24.66803543 -22.41360356
 -42.05566715 -23.21712565 -23.41049566  -7.17889605 -36.41997883
 -33.38493882 -24.35342765 -10.259635   -26.82898367 -32.91183533]
scheduled_ues:  [ 0  1  2  3  4  5  6  7  9 10 11 13 14]
(1, 15, 1, 4, 1, 1)
caused INR: -15.791773113486924
TpsAltruisticFromLsfGain + CumulativeIndividualEstimated_INR + -10.0
None
(1, 15, 1, 4, 1, 1)
caused INR: -15.791773113486924
TpsAltruisticFromLsfGain + CumulativeIndividualEstimated_INR + -12.5
None
(1, 15, 1, 4, 1, 1)
caused INR: -15.791773113486924
TpsAltruisticFromLsfGain + CumulativeIndividualEstimated_INR + -15.0
None
(1, 15, 1, 4, 1, 1)
caused INR: -15.791773113486924
TpsRandomic + IndividualEstimated_INR + -10.0
None
ls_gain_coeffs:
[-139.54961617 -120.61652818 -144.10104356 -122.80429695 -124.42614144
 -147.85860029 -132.67340611 -131.83683451 -109.47690973 -147.40967887
 -131.99099509 -121.70686163 -106.71210221 -137.81868372 -129.914157  ]
inrs_hat:  [-28.55991613  -9.62682813 -33.11134351 -11.81459691 -13.4364414
 -36.86890024 -21.68370607 -20.84713447   1.51279032 -36.41997883
 -21.00129504 -10.71716158   4.27759783 -26.82898367 -18.92445695]
scheduled_ues:  [ 0  2  3  4  5  6  7  9 10 11 13 14]
(1, 15, 1, 4, 1, 1)
caused INR: -0.024362323273326384
TpsRandomic + IndividualEstimated_INR + -12.5
None
ls_gain_coeffs:
[-139.54961617 -120.61652818 -128.840944   -135.65773548 -133.4033036
 -137.17923082 -120.74294597 -134.4001957  -118.1685961  -135.17604563
 -144.37463886 -120.51219556 -106.71210221 -137.81868372 -129.914157  ]
inrs_hat:  [-28.55991613  -9.62682813 -17.85124396 -24.66803543 -22.41360356
 -26.18953077  -9.75324593 -23.41049566  -7.17889605 -24.18634558
 -33.38493882  -9.52249551   4.27759783 -26.82898367 -18.92445695]
scheduled_ues:  [ 0  2  3  4  5  7  9 10 13 14]
(1, 15, 1, 4, 1, 1)
caused INR: -10.144121734928596
TpsRandomic + IndividualEstimated_INR + -15.0
None
ls_gain_coeffs:
[-153.01879636 -120.61652818 -128.840944   -122.80429695 -121.28259238
 -153.0453672  -132.67340611 -121.10414197 -109.47690973 -130.79506707
 -127.65557374 -120.51219556 -114.5211093  -127.44657691 -127.53977149]
inrs_hat:  [-42.02909632  -9.62682813 -17.85124396 -11.81459691 -10.29289234
 -42.05566715 -21.68370607 -10.11444193   1.51279032 -19.80536703
 -16.66587369  -9.52249551  -3.53140925 -16.45687687 -16.55007145]
scheduled_ues:  [ 0  2  5  6  9 10 13 14]
(1, 15, 1, 4, 1, 1)
caused INR: -16.381794381319704
TpsRandomic + CumulativeIndividualEstimated_INR + -10.0
None
(1, 15, 1, 4, 1, 1)
caused INR: -15.727246457275703
TpsRandomic + CumulativeIndividualEstimated_INR + -12.5
None
(1, 15, 1, 4, 1, 1)
caused INR: -17.069108699278438
TpsRandomic + CumulativeIndividualEstimated_INR + -15.0
None
(1, 15, 1, 4, 1, 1)
caused INR: -21.316829504830235
Iteration number 12
TpsAltruisticFromLsfGain + IndividualEstimated_INR + -10.0
None
ls_gain_coeffs:
[-138.99931759 -127.59922827 -146.53558019 -124.56186809 -128.38332348
 -149.11324036 -123.18103723 -149.71531897 -141.5579159  -146.54413423
 -139.78468142 -141.58206526 -148.69068007 -136.6563624  -139.29634559]
inrs_hat:  [-28.00961755 -16.60952823 -35.54588015 -13.57216805 -17.39362343
 -38.12354032 -12.19133718 -38.72561893 -30.56821586 -35.55443418
 -28.79498138 -30.59236522 -37.70098002 -25.66666235 -28.30664555]
scheduled_ues:  [ 0  1  2  3  4  5  6  7  8  9 10 11 12 13 14]
(1, 15, 1, 4, 1, 1)
caused INR: -8.184254727275155
TpsAltruisticFromLsfGain + IndividualEstimated_INR + -12.5
None
ls_gain_coeffs:
[-138.99931759 -127.59922827 -146.53558019 -124.56186809 -128.38332348
 -149.11324036 -123.18103723 -149.71531897 -141.5579159  -146.54413423
 -139.78468142 -141.58206526 -148.69068007 -136.6563624  -139.29634559]
inrs_hat:  [-28.00961755 -16.60952823 -35.54588015 -13.57216805 -17.39362343
 -38.12354032 -12.19133718 -38.72561893 -30.56821586 -35.55443418
 -28.79498138 -30.59236522 -37.70098002 -25.66666235 -28.30664555]
scheduled_ues:  [ 0  1  2  3  4  5  7  8  9 10 11 12 13 14]
(1, 15, 1, 4, 1, 1)
caused INR: -11.105626011022089
TpsAltruisticFromLsfGain + IndividualEstimated_INR + -15.0
None
ls_gain_coeffs:
[-138.99931759 -127.59922827 -146.53558019 -124.56186809 -128.38332348
 -149.11324036 -123.18103723 -149.71531897 -141.5579159  -146.54413423
 -139.78468142 -141.58206526 -148.69068007 -136.6563624  -139.29634559]
inrs_hat:  [-28.00961755 -16.60952823 -35.54588015 -13.57216805 -17.39362343
 -38.12354032 -12.19133718 -38.72561893 -30.56821586 -35.55443418
 -28.79498138 -30.59236522 -37.70098002 -25.66666235 -28.30664555]
scheduled_ues:  [ 0  1  2  4  5  7  8  9 10 11 12 13 14]
(1, 15, 1, 4, 1, 1)
caused INR: -16.36264276775674
TpsAltruisticFromLsfGain + CumulativeIndividualEstimated_INR + -10.0
None
(1, 15, 1, 4, 1, 1)
caused INR: -11.105626011022089
TpsAltruisticFromLsfGain + CumulativeIndividualEstimated_INR + -12.5
None
(1, 15, 1, 4, 1, 1)
caused INR: -16.36264276775674
TpsAltruisticFromLsfGain + CumulativeIndividualEstimated_INR + -15.0
None
(1, 15, 1, 4, 1, 1)
caused INR: -23.475179287674113
TpsRandomic + IndividualEstimated_INR + -10.0
None
ls_gain_coeffs:
[-125.74407548 -127.59922827 -146.53558019 -124.56186809 -121.54882009
 -137.38388959 -112.73322962 -137.95290395 -133.82507716 -129.97816973
 -129.02207005 -130.99907718 -139.04255373 -123.92505156 -129.87888869]
inrs_hat:  [-14.75437543 -16.60952823 -35.54588015 -13.57216805 -10.55912005
 -26.39418955  -1.74352957 -26.9632039  -22.83537711 -18.98846969
 -18.03237    -20.00937713 -28.05285369 -12.93535151 -18.88918864]
scheduled_ues:  [ 0  1  2  3  4  5  7  8  9 10 11 12 13 14]
(1, 15, 1, 4, 1, 1)
caused INR: -13.256173430578606
TpsRandomic + IndividualEstimated_INR + -12.5
None
ls_gain_coeffs:
[-124.93043336 -117.66786438 -146.53558019 -107.75951635 -114.7946122
 -139.8937472  -105.99882381 -137.95290395 -133.82507716 -139.40488278
 -129.02207005 -124.92648197 -131.97486044 -136.6563624  -139.29634559]
inrs_hat:  [-13.94073332  -6.67816434 -35.54588015   3.23018369  -3.80491216
 -28.90404715   4.99087623 -26.9632039  -22.83537711 -28.41518274
 -18.03237    -13.93678193 -20.9851604  -25.66666235 -28.30664555]
scheduled_ues:  [ 0  2  5  7  8  9 10 11 12 13 14]
(1, 15, 1, 4, 1, 1)
caused INR: -22.093956389897336
TpsRandomic + IndividualEstimated_INR + -15.0
None
ls_gain_coeffs:
[-125.74407548 -110.68425491 -139.32459757 -110.79964111 -114.7946122
 -137.38388959 -111.70601801 -140.68272975 -141.5579159  -129.97816973
 -128.98757575 -124.92648197 -148.69068007 -136.6563624  -127.68637715]
inrs_hat:  [-14.75437543   0.30544513 -28.33489753   0.19005893  -3.80491216
 -26.39418955  -0.71631797 -29.69302971 -30.56821586 -18.98846969
 -17.99787571 -13.93678193 -37.70098002 -25.66666235 -16.69667711]
scheduled_ues:  [ 2  5  7  8  9 10 12 13 14]
(1, 15, 1, 4, 1, 1)
caused INR: -13.019086327791543
TpsRandomic + CumulativeIndividualEstimated_INR + -10.0
None
(1, 15, 1, 4, 1, 1)
caused INR: -15.661440927959715
TpsRandomic + CumulativeIndividualEstimated_INR + -12.5
None
(1, 15, 1, 4, 1, 1)
caused INR: -15.759081994665607
TpsRandomic + CumulativeIndividualEstimated_INR + -15.0
None
(1, 15, 1, 4, 1, 1)
caused INR: -22.723299462459316
Iteration number 13
TpsAltruisticFromLsfGain + IndividualEstimated_INR + -10.0
None
ls_gain_coeffs:
[-133.20015165 -120.15236256 -150.5927523  -150.65877489 -129.58818985
 -136.17893649 -146.74218639 -135.37555843 -146.74548318 -137.61162671
 -149.76862369 -143.50664014 -153.99784649 -116.63573176 -127.88437013]
inrs_hat:  [-22.2104516   -9.16266252 -39.60305225 -39.66907485 -18.59848981
 -25.18923645 -35.75248635 -24.38585839 -35.75578314 -26.62192666
 -38.77892365 -32.5169401  -43.00814645  -5.64603172 -16.89467009]
scheduled_ues:  [ 0  2  3  4  5  6  7  8  9 10 11 12 14]
(1, 15, 1, 4, 1, 1)
caused INR: -11.265806850489742
TpsAltruisticFromLsfGain + IndividualEstimated_INR + -12.5
None
ls_gain_coeffs:
[-133.20015165 -120.15236256 -150.5927523  -150.65877489 -129.58818985
 -136.17893649 -146.74218639 -135.37555843 -146.74548318 -137.61162671
 -149.76862369 -143.50664014 -153.99784649 -116.63573176 -127.88437013]
inrs_hat:  [-22.2104516   -9.16266252 -39.60305225 -39.66907485 -18.59848981
 -25.18923645 -35.75248635 -24.38585839 -35.75578314 -26.62192666
 -38.77892365 -32.5169401  -43.00814645  -5.64603172 -16.89467009]
scheduled_ues:  [ 0  2  3  4  5  6  7  8  9 10 11 12 14]
(1, 15, 1, 4, 1, 1)
caused INR: -11.265806850489742
TpsAltruisticFromLsfGain + IndividualEstimated_INR + -15.0
None
ls_gain_coeffs:
[-133.20015165 -120.15236256 -150.5927523  -150.65877489 -129.58818985
 -136.17893649 -146.74218639 -135.37555843 -146.74548318 -137.61162671
 -149.76862369 -143.50664014 -153.99784649 -116.63573176 -127.88437013]
inrs_hat:  [-22.2104516   -9.16266252 -39.60305225 -39.66907485 -18.59848981
 -25.18923645 -35.75248635 -24.38585839 -35.75578314 -26.62192666
 -38.77892365 -32.5169401  -43.00814645  -5.64603172 -16.89467009]
scheduled_ues:  [ 0  2  3  4  5  6  7  8  9 10 11 12 14]
(1, 15, 1, 4, 1, 1)
caused INR: -11.265806850489742
TpsAltruisticFromLsfGain + CumulativeIndividualEstimated_INR + -10.0
None
(1, 15, 1, 4, 1, 1)
caused INR: -11.265806850489742
TpsAltruisticFromLsfGain + CumulativeIndividualEstimated_INR + -12.5
None
(1, 15, 1, 4, 1, 1)
caused INR: -11.265806850489742
TpsAltruisticFromLsfGain + CumulativeIndividualEstimated_INR + -15.0
None
(1, 15, 1, 4, 1, 1)
caused INR: -12.788328136707827
TpsRandomic + IndividualEstimated_INR + -10.0
None
ls_gain_coeffs:
[-133.20015165 -104.50034376 -145.74370703 -137.95731437 -115.48023327
 -132.68062272 -136.89212599 -118.70773463 -132.70707737 -123.29531617
 -139.05877079 -126.77504188 -146.99917051  -99.25713907 -127.88437013]
inrs_hat:  [-22.2104516    6.48935628 -34.75400699 -26.96761432  -4.49053322
 -21.69092267 -25.90242595  -7.71803459 -21.71737733 -12.30561612
 -28.06907075 -15.78534184 -36.00947047  11.73256097 -16.89467009]
scheduled_ues:  [ 0  2  3  5  6  8  9 10 11 12 14]
(1, 15, 1, 4, 1, 1)
caused INR: -3.895026301729307
TpsRandomic + IndividualEstimated_INR + -12.5
None
ls_gain_coeffs:
[-117.46044744 -104.50034376 -136.53480388 -142.59060378 -129.58818985
 -121.40512731 -135.5299724  -135.37555843 -130.4954552  -131.98749509
 -149.76862369 -143.50664014 -146.99917051 -109.09809794 -127.88437013]
inrs_hat:  [ -6.4707474    6.48935628 -25.54510383 -31.60090374 -18.59848981
 -10.41542727 -24.54027236 -24.38585839 -19.50575515 -20.99779504
 -38.77892365 -32.5169401  -36.00947047   1.8916021  -16.89467009]
scheduled_ues:  [ 2  3  4  6  7  8  9 10 11 12 14]
(1, 15, 1, 4, 1, 1)
caused INR: -14.100310999992223
TpsRandomic + IndividualEstimated_INR + -15.0
None
ls_gain_coeffs:
[-119.10949954 -101.28992497 -136.53480388 -150.65877489 -115.48023327
 -122.5712319  -135.5299724  -128.73709649 -146.74548318 -131.98749509
 -139.05877079 -126.77504188 -140.75869655 -109.09809794 -113.51668438]
inrs_hat:  [ -8.1197995    9.69977508 -25.54510383 -39.66907485  -4.49053322
 -11.58153186 -24.54027236 -17.74739645 -35.75578314 -20.99779504
 -28.06907075 -15.78534184 -29.76899651   1.8916021   -2.52698433]
scheduled_ues:  [ 2  3  6  7  8  9 10 11 12]
(1, 15, 1, 4, 1, 1)
caused INR: -10.092840488048864
TpsRandomic + CumulativeIndividualEstimated_INR + -10.0
None
(1, 15, 1, 4, 1, 1)
caused INR: -11.202957909324285
TpsRandomic + CumulativeIndividualEstimated_INR + -12.5
None
(1, 15, 1, 4, 1, 1)
caused INR: -10.73264657167973
TpsRandomic + CumulativeIndividualEstimated_INR + -15.0
None
(1, 15, 1, 4, 1, 1)
caused INR: -17.537170874776994
Iteration number 14
TpsAltruisticFromLsfGain + IndividualEstimated_INR + -10.0
None
ls_gain_coeffs:
[-134.39860762 -142.75164523 -145.8070012  -135.41652076 -140.06182528
 -146.95248993 -143.97904849 -140.13069706 -120.55768119 -144.93616418
 -139.41374161 -124.87592438 -118.56014056 -111.29811718 -140.7032421 ]
inrs_hat:  [-23.40890758 -31.76194518 -34.81730116 -24.42682072 -29.07212524
 -35.96278989 -32.98934845 -29.14099702  -9.56798115 -33.94646413
 -28.42404157 -13.88622433  -7.57044052  -0.30841714 -29.71354206]
scheduled_ues:  [ 0  1  2  3  4  5  6  7  9 10 11 14]
(1, 15, 1, 4, 1, 1)
caused INR: -8.8422256920194
TpsAltruisticFromLsfGain + IndividualEstimated_INR + -12.5
None
ls_gain_coeffs:
[-134.39860762 -142.75164523 -145.8070012  -135.41652076 -140.06182528
 -146.95248993 -143.97904849 -140.13069706 -120.55768119 -144.93616418
 -139.41374161 -124.87592438 -118.56014056 -111.29811718 -140.7032421 ]
inrs_hat:  [-23.40890758 -31.76194518 -34.81730116 -24.42682072 -29.07212524
 -35.96278989 -32.98934845 -29.14099702  -9.56798115 -33.94646413
 -28.42404157 -13.88622433  -7.57044052  -0.30841714 -29.71354206]
scheduled_ues:  [ 0  1  2  3  4  5  6  7  9 10 11 14]
(1, 15, 1, 4, 1, 1)
caused INR: -8.8422256920194
TpsAltruisticFromLsfGain + IndividualEstimated_INR + -15.0
None
ls_gain_coeffs:
[-134.39860762 -142.75164523 -145.8070012  -135.41652076 -140.06182528
 -146.95248993 -143.97904849 -140.13069706 -120.55768119 -144.93616418
 -139.41374161 -124.87592438 -118.56014056 -111.29811718 -140.7032421 ]
inrs_hat:  [-23.40890758 -31.76194518 -34.81730116 -24.42682072 -29.07212524
 -35.96278989 -32.98934845 -29.14099702  -9.56798115 -33.94646413
 -28.42404157 -13.88622433  -7.57044052  -0.30841714 -29.71354206]
scheduled_ues:  [ 0  1  2  3  4  5  6  7  9 10 14]
(1, 15, 1, 4, 1, 1)
caused INR: -19.41999167919368
TpsAltruisticFromLsfGain + CumulativeIndividualEstimated_INR + -10.0
None
(1, 15, 1, 4, 1, 1)
caused INR: -8.8422256920194
TpsAltruisticFromLsfGain + CumulativeIndividualEstimated_INR + -12.5
None
(1, 15, 1, 4, 1, 1)
caused INR: -8.8422256920194
TpsAltruisticFromLsfGain + CumulativeIndividualEstimated_INR + -15.0
None
(1, 15, 1, 4, 1, 1)
caused INR: -19.41999167919368
TpsRandomic + IndividualEstimated_INR + -10.0
None
ls_gain_coeffs:
[-129.23649986 -142.75164523 -145.8070012  -135.30134409 -132.05665756
 -146.95248993 -131.35389593 -140.13069706 -120.55768119 -144.93616418
 -126.96129788 -124.87592438 -105.21506497 -111.29811718 -140.7032421 ]
inrs_hat:  [-18.24679982 -31.76194518 -34.81730116 -24.31164404 -21.06695752
 -35.96278989 -20.36419589 -29.14099702  -9.56798115 -33.94646413
 -15.97159784 -13.88622433   5.77463507  -0.30841714 -29.71354206]
scheduled_ues:  [ 0  1  2  3  4  5  6  7  9 10 11 14]
(1, 15, 1, 4, 1, 1)
caused INR: -9.195771047806435
TpsRandomic + IndividualEstimated_INR + -12.5
None
ls_gain_coeffs:
[-134.39860762 -136.41866559 -145.8070012  -135.30134409 -140.06182528
 -131.67264512 -131.35389593 -140.13069706 -103.51641481 -144.93616418
 -139.41374161 -124.30999585 -115.84971379  -96.51954265 -123.98924726]
inrs_hat:  [-23.40890758 -25.42896554 -34.81730116 -24.31164404 -29.07212524
 -20.68294508 -20.36419589 -29.14099702   7.47328523 -33.94646413
 -28.42404157 -13.3202958   -4.86001375  14.4701574  -12.99954721]
scheduled_ues:  [ 0  1  2  3  4  5  6  7  9 10 11 14]
(1, 15, 1, 4, 1, 1)
caused INR: -6.005946928306868
TpsRandomic + IndividualEstimated_INR + -15.0
None
ls_gain_coeffs:
[-118.51560245 -126.44150171 -132.56750507 -135.30134409 -123.44652131
 -146.95248993 -143.97904849 -140.13069706 -106.75376804 -144.93616418
 -139.41374161 -112.05703869 -104.31158938 -107.79265538 -140.7032421 ]
inrs_hat:  [ -7.5259024  -15.45180167 -21.57780503 -24.31164404 -12.45682127
 -35.96278989 -32.98934845 -29.14099702   4.235932   -33.94646413
 -28.42404157  -1.06733865   6.67811066   3.19704467 -29.71354206]
scheduled_ues:  [ 1  2  3  5  6  7  9 10 14]
(1, 15, 1, 4, 1, 1)
caused INR: -26.058358153262326
TpsRandomic + CumulativeIndividualEstimated_INR + -10.0
None
(1, 15, 1, 4, 1, 1)
caused INR: -8.269860460062926
TpsRandomic + CumulativeIndividualEstimated_INR + -12.5
None
(1, 15, 1, 4, 1, 1)
caused INR: -18.573579765763338
TpsRandomic + CumulativeIndividualEstimated_INR + -15.0
None
(1, 15, 1, 4, 1, 1)
caused INR: -13.723707972396559
Iteration number 15
TpsAltruisticFromLsfGain + IndividualEstimated_INR + -10.0
None
ls_gain_coeffs:
[-137.50047346 -129.38489522 -130.99239193 -143.48795947 -105.99803254
 -124.85432331 -146.27894443 -136.37582985 -139.75613728 -122.95731109
 -130.31208984 -140.95445291 -141.91855706 -149.69946478 -129.27998295]
inrs_hat:  [-26.51077342 -18.39519518 -20.00269189 -32.49825943   4.9916675
 -13.86462327 -35.28924439 -25.38612981 -28.76643723 -11.96761104
 -19.3223898  -29.96475286 -30.92885702 -38.70976474 -18.29028291]
scheduled_ues:  [ 0  1  2  3  5  6  7  8  9 10 11 12 13 14]
(1, 15, 1, 4, 1, 1)
caused INR: -10.713344272049554
TpsAltruisticFromLsfGain + IndividualEstimated_INR + -12.5
None
ls_gain_coeffs:
[-137.50047346 -129.38489522 -130.99239193 -143.48795947 -105.99803254
 -124.85432331 -146.27894443 -136.37582985 -139.75613728 -122.95731109
 -130.31208984 -140.95445291 -141.91855706 -149.69946478 -129.27998295]
inrs_hat:  [-26.51077342 -18.39519518 -20.00269189 -32.49825943   4.9916675
 -13.86462327 -35.28924439 -25.38612981 -28.76643723 -11.96761104
 -19.3223898  -29.96475286 -30.92885702 -38.70976474 -18.29028291]
scheduled_ues:  [ 0  1  2  3  5  6  7  8 10 11 12 13 14]
(1, 15, 1, 4, 1, 1)
caused INR: -9.741909084447174
TpsAltruisticFromLsfGain + IndividualEstimated_INR + -15.0
None
ls_gain_coeffs:
[-137.50047346 -129.38489522 -130.99239193 -143.48795947 -105.99803254
 -124.85432331 -146.27894443 -136.37582985 -139.75613728 -122.95731109
 -130.31208984 -140.95445291 -141.91855706 -149.69946478 -129.27998295]
inrs_hat:  [-26.51077342 -18.39519518 -20.00269189 -32.49825943   4.9916675
 -13.86462327 -35.28924439 -25.38612981 -28.76643723 -11.96761104
 -19.3223898  -29.96475286 -30.92885702 -38.70976474 -18.29028291]
scheduled_ues:  [ 0  1  2  3  6  7  8 10 11 12 13 14]
(1, 15, 1, 4, 1, 1)
caused INR: -15.32460284779737
TpsAltruisticFromLsfGain + CumulativeIndividualEstimated_INR + -10.0
None
(1, 15, 1, 4, 1, 1)
caused INR: -15.32460284779737
TpsAltruisticFromLsfGain + CumulativeIndividualEstimated_INR + -12.5
None
(1, 15, 1, 4, 1, 1)
caused INR: -13.641667542599782
TpsAltruisticFromLsfGain + CumulativeIndividualEstimated_INR + -15.0
None
(1, 15, 1, 4, 1, 1)
caused INR: -10.544328444422115
TpsRandomic + IndividualEstimated_INR + -10.0
None
ls_gain_coeffs:
[-120.91383194 -115.5079054  -128.04942528 -136.50748157 -101.89220668
 -116.18917928 -146.27894443 -119.9882552  -126.09818742 -103.03540047
 -112.54429717 -130.38768011 -138.30206315 -133.57510515 -115.17849234]
inrs_hat:  [ -9.9241319   -4.51820535 -17.05972523 -25.51778153   9.09749336
  -5.19947923 -35.28924439  -8.99855516 -15.10848738   7.95429958
  -1.55459713 -19.39798007 -27.3123631  -22.58540511  -4.18879229]
scheduled_ues:  [ 2  3  6  8 11 12 13]
(1, 15, 1, 4, 1, 1)
caused INR: -17.615628500722636
TpsRandomic + IndividualEstimated_INR + -12.5
None
ls_gain_coeffs:
[-120.91383194 -115.5079054  -116.58881416 -136.50748157 -101.89220668
 -124.85432331 -136.99248933 -136.37582985 -139.75613728 -122.95731109
 -112.54429717 -129.81449831 -138.30206315 -149.69946478 -122.92938839]
inrs_hat:  [ -9.9241319   -4.51820535  -5.59911412 -25.51778153   9.09749336
 -13.86462327 -26.00278929 -25.38612981 -28.76643723 -11.96761104
  -1.55459713 -18.82479827 -27.3123631  -38.70976474 -11.93968835]
scheduled_ues:  [ 3  5  6  7  8 11 12 13]
(1, 15, 1, 4, 1, 1)
caused INR: -9.726796926662056
TpsRandomic + IndividualEstimated_INR + -15.0
None
ls_gain_coeffs:
[-137.50047346 -111.70838423 -130.99239193 -136.50748157 -101.89220668
 -112.14164791 -136.99248933 -129.27280136 -126.09818742 -122.95731109
 -117.11664227 -123.88028921 -127.06596112 -136.12304761 -122.92938839]
inrs_hat:  [-26.51077342  -0.71868418 -20.00269189 -25.51778153   9.09749336
  -1.15194787 -26.00278929 -18.28310131 -15.10848738 -11.96761104
  -6.12694223 -12.89058917 -16.07626108 -25.13334757 -11.93968835]
scheduled_ues:  [ 0  2  3  6  7  8 12 13]
(1, 15, 1, 4, 1, 1)
caused INR: -20.287439339821237
TpsRandomic + CumulativeIndividualEstimated_INR + -10.0
None
(1, 15, 1, 4, 1, 1)
caused INR: -10.775929759851902
TpsRandomic + CumulativeIndividualEstimated_INR + -12.5
None
(1, 15, 1, 4, 1, 1)
caused INR: -10.642798005382499
TpsRandomic + CumulativeIndividualEstimated_INR + -15.0
None
(1, 15, 1, 4, 1, 1)
caused INR: -24.08742674376931
Iteration number 16
TpsAltruisticFromLsfGain + IndividualEstimated_INR + -10.0
None
ls_gain_coeffs:
[-135.81121935 -143.54946865 -140.3482687  -134.68126637 -123.75832392
 -144.20203907 -133.81759023 -135.86936184 -141.44435425 -138.11065188
 -146.00663514 -130.98904343 -122.147147   -142.48106352 -139.09158941]
inrs_hat:  [-24.8215193  -32.55976861 -29.35856865 -23.69156633 -12.76862388
 -33.21233903 -22.82789018 -24.8796618  -30.45465421 -27.12095184
 -35.0169351  -19.99934338 -11.15744696 -31.49136348 -28.10188936]
scheduled_ues:  [ 0  1  2  3  4  5  6  7  8  9 10 11 12 13 14]
(1, 15, 1, 4, 1, 1)
caused INR: -12.203722616597743
TpsAltruisticFromLsfGain + IndividualEstimated_INR + -12.5
None
ls_gain_coeffs:
[-135.81121935 -143.54946865 -140.3482687  -134.68126637 -123.75832392
 -144.20203907 -133.81759023 -135.86936184 -141.44435425 -138.11065188
 -146.00663514 -130.98904343 -122.147147   -142.48106352 -139.09158941]
inrs_hat:  [-24.8215193  -32.55976861 -29.35856865 -23.69156633 -12.76862388
 -33.21233903 -22.82789018 -24.8796618  -30.45465421 -27.12095184
 -35.0169351  -19.99934338 -11.15744696 -31.49136348 -28.10188936]
scheduled_ues:  [ 0  1  2  3  4  5  6  7  8  9 10 11 13 14]
(1, 15, 1, 4, 1, 1)
caused INR: -12.735784790122842
TpsAltruisticFromLsfGain + IndividualEstimated_INR + -15.0
None
ls_gain_coeffs:
[-135.81121935 -143.54946865 -140.3482687  -134.68126637 -123.75832392
 -144.20203907 -133.81759023 -135.86936184 -141.44435425 -138.11065188
 -146.00663514 -130.98904343 -122.147147   -142.48106352 -139.09158941]
inrs_hat:  [-24.8215193  -32.55976861 -29.35856865 -23.69156633 -12.76862388
 -33.21233903 -22.82789018 -24.8796618  -30.45465421 -27.12095184
 -35.0169351  -19.99934338 -11.15744696 -31.49136348 -28.10188936]
scheduled_ues:  [ 0  1  2  3  5  6  7  8  9 10 11 13 14]
(1, 15, 1, 4, 1, 1)
caused INR: -17.766835304542454
TpsAltruisticFromLsfGain + CumulativeIndividualEstimated_INR + -10.0
None
(1, 15, 1, 4, 1, 1)
caused INR: -12.735784790122842
TpsAltruisticFromLsfGain + CumulativeIndividualEstimated_INR + -12.5
None
(1, 15, 1, 4, 1, 1)
caused INR: -17.766835304542454
TpsAltruisticFromLsfGain + CumulativeIndividualEstimated_INR + -15.0
None
(1, 15, 1, 4, 1, 1)
caused INR: -23.756288100005168
TpsRandomic + IndividualEstimated_INR + -10.0
None
ls_gain_coeffs:
[-121.66064693 -143.54946865 -135.94854522 -134.68126637 -106.5255467
 -130.66826434 -126.87226367 -135.86936184 -124.73918394 -138.11065188
 -146.00663514 -129.83585937 -109.41363655 -138.86097493 -138.25499538]
inrs_hat:  [-10.67094689 -32.55976861 -24.95884517 -23.69156633   4.46415334
 -19.67856429 -15.88256363 -24.8796618  -13.7494839  -27.12095184
 -35.0169351  -18.84615933   1.57606349 -27.87127489 -27.26529533]
scheduled_ues:  [ 0  1  2  3  5  6  7  8  9 10 11 13 14]
(1, 15, 1, 4, 1, 1)
caused INR: -8.330377727112294
TpsRandomic + IndividualEstimated_INR + -12.5
None
ls_gain_coeffs:
[-130.29454437 -127.20412187 -124.97351971 -120.13802352 -114.61640476
 -144.20203907 -117.02522331 -119.27620215 -128.17395946 -124.10043976
 -146.00663514 -130.98904343 -122.147147   -128.83276733 -126.37112473]
inrs_hat:  [-19.30484433 -16.21442183 -13.98381967  -9.14832347  -3.62670472
 -33.21233903  -6.03552326  -8.28650211 -17.18425941 -13.11073972
 -35.0169351  -19.99934338 -11.15744696 -17.84306728 -15.38142469]
scheduled_ues:  [ 0  1  2  5  8  9 10 11 13 14]
(1, 15, 1, 4, 1, 1)
caused INR: -15.5130902178831
TpsRandomic + IndividualEstimated_INR + -15.0
None
ls_gain_coeffs:
[-130.29454437 -129.83183802 -124.97351971 -121.18884495 -106.5255467
 -131.2143517  -133.81759023 -135.86936184 -133.74600843 -138.11065188
 -146.00663514 -118.16304874 -109.41363655 -138.86097493 -138.25499538]
inrs_hat:  [-19.30484433 -18.84213797 -13.98381967 -10.1991449    4.46415334
 -20.22465166 -22.82789018 -24.8796618  -22.75630839 -27.12095184
 -35.0169351   -7.1733487    1.57606349 -27.87127489 -27.26529533]
scheduled_ues:  [ 0  1  5  6  7  8  9 10 13 14]
(1, 15, 1, 4, 1, 1)
caused INR: -10.079662647694473
TpsRandomic + CumulativeIndividualEstimated_INR + -10.0
None
(1, 15, 1, 4, 1, 1)
caused INR: -21.06851389357066
TpsRandomic + CumulativeIndividualEstimated_INR + -12.5
None
(1, 15, 1, 4, 1, 1)
caused INR: -18.947331695521996
TpsRandomic + CumulativeIndividualEstimated_INR + -15.0
None
(1, 15, 1, 4, 1, 1)
caused INR: -12.426395550414979
Iteration number 17
TpsAltruisticFromLsfGain + IndividualEstimated_INR + -10.0
None
ls_gain_coeffs:
[-140.06317077 -140.26206006 -150.0388792  -147.94709032 -144.18523195
 -129.40234356 -135.44450155 -138.45816519 -134.70955124 -149.52098454
 -135.38203996 -119.65742936 -126.35680976 -132.05316843 -134.89876554]
inrs_hat:  [-29.07347073 -29.27236001 -39.04917915 -36.95739028 -33.19553191
 -18.41264352 -24.4548015  -27.46846515 -23.71985119 -38.53128449
 -24.39233992  -8.66772932 -15.36710972 -21.06346839 -23.9090655 ]
scheduled_ues:  [ 0  1  2  3  4  5  6  7  8  9 10 12 13 14]
(1, 15, 1, 4, 1, 1)
caused INR: -15.776146634806604
TpsAltruisticFromLsfGain + IndividualEstimated_INR + -12.5
None
ls_gain_coeffs:
[-140.06317077 -140.26206006 -150.0388792  -147.94709032 -144.18523195
 -129.40234356 -135.44450155 -138.45816519 -134.70955124 -149.52098454
 -135.38203996 -119.65742936 -126.35680976 -132.05316843 -134.89876554]
inrs_hat:  [-29.07347073 -29.27236001 -39.04917915 -36.95739028 -33.19553191
 -18.41264352 -24.4548015  -27.46846515 -23.71985119 -38.53128449
 -24.39233992  -8.66772932 -15.36710972 -21.06346839 -23.9090655 ]
scheduled_ues:  [ 0  1  2  3  4  5  6  7  8  9 10 12 13 14]
(1, 15, 1, 4, 1, 1)
caused INR: -15.776146634806604
TpsAltruisticFromLsfGain + IndividualEstimated_INR + -15.0
None
ls_gain_coeffs:
[-140.06317077 -140.26206006 -150.0388792  -147.94709032 -144.18523195
 -129.40234356 -135.44450155 -138.45816519 -134.70955124 -149.52098454
 -135.38203996 -119.65742936 -126.35680976 -132.05316843 -134.89876554]
inrs_hat:  [-29.07347073 -29.27236001 -39.04917915 -36.95739028 -33.19553191
 -18.41264352 -24.4548015  -27.46846515 -23.71985119 -38.53128449
 -24.39233992  -8.66772932 -15.36710972 -21.06346839 -23.9090655 ]
scheduled_ues:  [ 0  1  2  3  4  5  6  7  8  9 10 12 13 14]
(1, 15, 1, 4, 1, 1)
caused INR: -15.776146634806604
TpsAltruisticFromLsfGain + CumulativeIndividualEstimated_INR + -10.0
None
(1, 15, 1, 4, 1, 1)
caused INR: -15.776146634806604
TpsAltruisticFromLsfGain + CumulativeIndividualEstimated_INR + -12.5
None
(1, 15, 1, 4, 1, 1)
caused INR: -33.0272257770443
TpsAltruisticFromLsfGain + CumulativeIndividualEstimated_INR + -15.0
None
(1, 15, 1, 4, 1, 1)
caused INR: -28.764399789350076
TpsRandomic + IndividualEstimated_INR + -10.0
None
ls_gain_coeffs:
[-123.43866159 -140.26206006 -135.12633661 -134.92134632 -141.36158306
 -124.71467174 -117.3564058  -138.45816519 -134.70955124 -134.43330033
 -118.03731506 -106.69205416 -126.35680976 -116.18603084 -121.3835048 ]
inrs_hat:  [-12.44896155 -29.27236001 -24.13663657 -23.93164627 -30.37188302
 -13.7249717   -6.36670576 -27.46846515 -23.71985119 -23.44360029
  -7.04761501   4.29764588 -15.36710972  -5.1963308  -10.39380476]
scheduled_ues:  [ 0  1  2  3  4  5  7  8  9 12 14]
(1, 15, 1, 4, 1, 1)
caused INR: -5.832947234721653
TpsRandomic + IndividualEstimated_INR + -12.5
None
ls_gain_coeffs:
[-140.06317077 -123.57284534 -150.0388792  -134.92134632 -141.36158306
 -113.83562901 -135.44450155 -126.58321716 -134.70955124 -145.55185823
 -125.36828537 -106.69205416 -126.35680976 -126.91486205 -127.59335644]
inrs_hat:  [-29.07347073 -12.5831453  -39.04917915 -23.93164627 -30.37188302
  -2.84592897 -24.4548015  -15.59351712 -23.71985119 -34.56215819
 -14.37858533   4.29764588 -15.36710972 -15.92516201 -16.6036564 ]
scheduled_ues:  [ 0  1  2  3  4  6  7  8  9 10 12 13 14]
(1, 15, 1, 4, 1, 1)
caused INR: -9.554455533067252
TpsRandomic + IndividualEstimated_INR + -15.0
None
ls_gain_coeffs:
[-128.15218954 -140.26206006 -136.3618079  -146.19465831 -144.18523195
 -115.39818629 -123.8152946  -121.54332394 -117.98944147 -134.43330033
 -118.03731506 -109.28073733 -113.84129486 -126.91486205 -118.26763062]
inrs_hat:  [-17.1624895  -29.27236001 -25.37210786 -35.20495827 -33.19553191
  -4.40848625 -12.82559455 -10.5536239   -6.99974142 -23.44360029
  -7.04761501   1.70896272  -2.85159482 -15.92516201  -7.27793058]
scheduled_ues:  [ 0  1  2  3  4  9 13]
(1, 15, 1, 4, 1, 1)
caused INR: -18.980041585838418
TpsRandomic + CumulativeIndividualEstimated_INR + -10.0
None
(1, 15, 1, 4, 1, 1)
caused INR: -6.6256102188757415
TpsRandomic + CumulativeIndividualEstimated_INR + -12.5
None
(1, 15, 1, 4, 1, 1)
caused INR: -11.669260211125092
TpsRandomic + CumulativeIndividualEstimated_INR + -15.0
None
(1, 15, 1, 4, 1, 1)
caused INR: -18.24168609830144
Iteration number 18
TpsAltruisticFromLsfGain + IndividualEstimated_INR + -10.0
None
ls_gain_coeffs:
[-147.35089736 -133.33819983 -150.95809112 -117.79468093 -138.34897256
 -132.16318747 -133.29443266 -131.94831556 -139.47228957 -149.81392158
 -125.03041296 -146.0475873  -142.23003126 -134.92777899 -148.86972172]
inrs_hat:  [-36.36119732 -22.34849978 -39.96839108  -6.80498089 -27.35927251
 -21.17348742 -22.30473262 -20.95861551 -28.48258953 -38.82422154
 -14.04071292 -35.05788726 -31.24033121 -23.93807895 -37.88002167]
scheduled_ues:  [ 0  1  2  4  5  6  7  8  9 10 11 12 13 14]
(1, 15, 1, 4, 1, 1)
caused INR: -10.173212306342345
TpsAltruisticFromLsfGain + IndividualEstimated_INR + -12.5
None
ls_gain_coeffs:
[-147.35089736 -133.33819983 -150.95809112 -117.79468093 -138.34897256
 -132.16318747 -133.29443266 -131.94831556 -139.47228957 -149.81392158
 -125.03041296 -146.0475873  -142.23003126 -134.92777899 -148.86972172]
inrs_hat:  [-36.36119732 -22.34849978 -39.96839108  -6.80498089 -27.35927251
 -21.17348742 -22.30473262 -20.95861551 -28.48258953 -38.82422154
 -14.04071292 -35.05788726 -31.24033121 -23.93807895 -37.88002167]
scheduled_ues:  [ 0  1  2  4  5  6  7  8  9 10 11 12 13 14]
(1, 15, 1, 4, 1, 1)
caused INR: -10.173212306342345
TpsAltruisticFromLsfGain + IndividualEstimated_INR + -15.0
None
ls_gain_coeffs:
[-147.35089736 -133.33819983 -150.95809112 -117.79468093 -138.34897256
 -132.16318747 -133.29443266 -131.94831556 -139.47228957 -149.81392158
 -125.03041296 -146.0475873  -142.23003126 -134.92777899 -148.86972172]
inrs_hat:  [-36.36119732 -22.34849978 -39.96839108  -6.80498089 -27.35927251
 -21.17348742 -22.30473262 -20.95861551 -28.48258953 -38.82422154
 -14.04071292 -35.05788726 -31.24033121 -23.93807895 -37.88002167]
scheduled_ues:  [ 0  1  2  4  5  6  7  8  9 11 12 13 14]
(1, 15, 1, 4, 1, 1)
caused INR: -16.793277991883667
TpsAltruisticFromLsfGain + CumulativeIndividualEstimated_INR + -10.0
None
(1, 15, 1, 4, 1, 1)
caused INR: -10.173212306342345
TpsAltruisticFromLsfGain + CumulativeIndividualEstimated_INR + -12.5
None
(1, 15, 1, 4, 1, 1)
caused INR: -16.793277991883667
TpsAltruisticFromLsfGain + CumulativeIndividualEstimated_INR + -15.0
None
(1, 15, 1, 4, 1, 1)
caused INR: -14.487023758363813
TpsRandomic + IndividualEstimated_INR + -10.0
None
ls_gain_coeffs:
[-134.96186867 -120.63798241 -140.12669616 -116.84470245 -137.47879679
 -118.72682423 -119.12210743 -117.78468469 -139.47228957 -133.19258567
 -115.18782745 -129.91754339 -142.23003126 -118.20539531 -148.86972172]
inrs_hat:  [-23.97216862  -9.64828237 -29.13699612  -5.8550024  -26.48909674
  -7.73712419  -8.13240739  -6.79498465 -28.48258953 -22.20288563
  -4.19812741 -18.92784334 -31.24033121  -7.21569526 -37.88002167]
scheduled_ues:  [ 0  2  4  8  9 11 12 14]
(1, 15, 1, 4, 1, 1)
caused INR: -18.599167138711096
TpsRandomic + IndividualEstimated_INR + -12.5
None
ls_gain_coeffs:
[-147.35089736 -120.76729112 -140.56844477 -117.79468093 -137.47879679
 -119.22420585 -119.12210743 -117.78468469 -139.47228957 -140.65535467
 -125.03041296 -146.0475873  -134.76844024 -125.22547993 -148.86972172]
inrs_hat:  [-36.36119732  -9.77759107 -29.57874473  -6.80498089 -26.48909674
  -8.23450581  -8.13240739  -6.79498465 -28.48258953 -29.66565463
 -14.04071292 -35.05788726 -23.77874019 -14.23577988 -37.88002167]
scheduled_ues:  [ 0  2  4  8  9 10 11 12 13 14]
(1, 15, 1, 4, 1, 1)
caused INR: -15.662499128369117
TpsRandomic + IndividualEstimated_INR + -15.0
None
ls_gain_coeffs:
[-134.96186867 -133.33819983 -150.95809112 -116.84470245 -125.32725538
 -119.22420585 -116.36826835 -126.78222297 -123.45346798 -138.17141667
 -106.2013154  -131.77537854 -128.76808988 -125.22547993 -132.32755882]
inrs_hat:  [-23.97216862 -22.34849978 -39.96839108  -5.8550024  -14.33755533
  -8.23450581  -5.37856831 -15.79252292 -12.46376794 -27.18171663
   4.78838465 -20.7856785  -17.77838983 -14.23577988 -21.33785877]
scheduled_ues:  [ 0  1  2  7  9 11 12 14]
(1, 15, 1, 4, 1, 1)
caused INR: -16.080333284608216
TpsRandomic + CumulativeIndividualEstimated_INR + -10.0
None
(1, 15, 1, 4, 1, 1)
caused INR: -16.541820562476833
TpsRandomic + CumulativeIndividualEstimated_INR + -12.5
None
(1, 15, 1, 4, 1, 1)
caused INR: -10.722785550110627
TpsRandomic + CumulativeIndividualEstimated_INR + -15.0
None
(1, 15, 1, 4, 1, 1)
caused INR: -16.426556209833564
Iteration number 19
TpsAltruisticFromLsfGain + IndividualEstimated_INR + -10.0
None
ls_gain_coeffs:
[-131.76489393 -131.27182019 -154.34865421 -139.99670463 -139.87678574
 -141.0436601  -146.44712498 -136.97848932 -136.56153397 -143.79114029
 -139.87641875 -128.15814322 -146.04773922 -125.72623306 -116.79666166]
inrs_hat:  [-20.77519388 -20.28212014 -43.35895417 -29.00700459 -28.8870857
 -30.05396006 -35.45742493 -25.98878928 -25.57183392 -32.80144024
 -28.88671871 -17.16844318 -35.05803918 -14.73653302  -5.80696161]
scheduled_ues:  [ 0  1  2  3  4  5  6  7  8  9 10 11 12 13]
(1, 15, 1, 4, 1, 1)
caused INR: -9.721353847442813
TpsAltruisticFromLsfGain + IndividualEstimated_INR + -12.5
None
ls_gain_coeffs:
[-131.76489393 -131.27182019 -154.34865421 -139.99670463 -139.87678574
 -141.0436601  -146.44712498 -136.97848932 -136.56153397 -143.79114029
 -139.87641875 -128.15814322 -146.04773922 -125.72623306 -116.79666166]
inrs_hat:  [-20.77519388 -20.28212014 -43.35895417 -29.00700459 -28.8870857
 -30.05396006 -35.45742493 -25.98878928 -25.57183392 -32.80144024
 -28.88671871 -17.16844318 -35.05803918 -14.73653302  -5.80696161]
scheduled_ues:  [ 0  1  2  3  4  5  6  7  8  9 10 11 12 13]
(1, 15, 1, 4, 1, 1)
caused INR: -9.721353847442813
TpsAltruisticFromLsfGain + IndividualEstimated_INR + -15.0
None
ls_gain_coeffs:
[-131.76489393 -131.27182019 -154.34865421 -139.99670463 -139.87678574
 -141.0436601  -146.44712498 -136.97848932 -136.56153397 -143.79114029
 -139.87641875 -128.15814322 -146.04773922 -125.72623306 -116.79666166]
inrs_hat:  [-20.77519388 -20.28212014 -43.35895417 -29.00700459 -28.8870857
 -30.05396006 -35.45742493 -25.98878928 -25.57183392 -32.80144024
 -28.88671871 -17.16844318 -35.05803918 -14.73653302  -5.80696161]
scheduled_ues:  [ 0  1  2  3  4  5  6  7  8  9 10 11 12]
(1, 15, 1, 4, 1, 1)
caused INR: -25.78826646086723
TpsAltruisticFromLsfGain + CumulativeIndividualEstimated_INR + -10.0
None
(1, 15, 1, 4, 1, 1)
caused INR: -9.721353847442813
TpsAltruisticFromLsfGain + CumulativeIndividualEstimated_INR + -12.5
None
(1, 15, 1, 4, 1, 1)
caused INR: -25.78826646086723
TpsAltruisticFromLsfGain + CumulativeIndividualEstimated_INR + -15.0
None
(1, 15, 1, 4, 1, 1)
caused INR: -14.78815672744484
TpsRandomic + IndividualEstimated_INR + -10.0
None
ls_gain_coeffs:
[-119.21963843 -131.27182019 -141.01938418 -139.99670463 -126.13850533
 -126.92433236 -134.6453388  -136.97848932 -123.12116041 -126.91164042
 -125.43121636 -111.79381029 -136.55916492 -125.72623306 -102.43694456]
inrs_hat:  [ -8.22993839 -20.28212014 -30.02968414 -29.00700459 -15.14880529
 -15.93463231 -23.65563876 -25.98878928 -12.13146036 -15.92194037
 -14.44151632  -0.80411025 -25.56946488 -14.73653302   8.55275548]
scheduled_ues:  [ 1  2  3  4  5  6  7  8  9 10 12 13]
(1, 15, 1, 4, 1, 1)
caused INR: -9.103424108904017
TpsRandomic + IndividualEstimated_INR + -12.5
None
ls_gain_coeffs:
[-119.11598294 -113.95596372 -138.14252092 -139.99670463 -126.13850533
 -124.58020468 -146.44712498 -124.97572143 -120.14386955 -143.79114029
 -136.87101517 -114.17119986 -136.55916492 -110.25947737 -102.43694456]
inrs_hat:  [ -8.1262829   -2.96626367 -27.15282088 -29.00700459 -15.14880529
 -13.59050464 -35.45742493 -13.98602139  -9.1541695  -32.80144024
 -25.88131512  -3.18149982 -25.56946488   0.73022267   8.55275548]
scheduled_ues:  [ 2  3  4  5  6  7  9 10 12]
(1, 15, 1, 4, 1, 1)
caused INR: -11.809508934312829
TpsRandomic + IndividualEstimated_INR + -15.0
None
ls_gain_coeffs:
[-131.76489393 -122.84781837 -147.70725766 -127.40970118 -123.37845181
 -141.0436601  -129.69591166 -136.97848932 -120.14386955 -133.40637678
 -126.43301755 -114.17119986 -133.87750599 -110.25947737 -116.79666166]
inrs_hat:  [-20.77519388 -11.85811833 -36.71755762 -16.42000114 -12.38875177
 -30.05396006 -18.70621162 -25.98878928  -9.1541695  -22.41667674
 -15.44331751  -3.18149982 -22.88780595   0.73022267  -5.80696161]
scheduled_ues:  [ 0  2  3  5  6  7  9 10 12]
(1, 15, 1, 4, 1, 1)
caused INR: -13.092661119612108
TpsRandomic + CumulativeIndividualEstimated_INR + -10.0
None
(1, 15, 1, 4, 1, 1)
caused INR: -6.194672690337278
TpsRandomic + CumulativeIndividualEstimated_INR + -12.5
None
(1, 15, 1, 4, 1, 1)
caused INR: -17.87337468743988
TpsRandomic + CumulativeIndividualEstimated_INR + -15.0
None
(1, 15, 1, 4, 1, 1)
caused INR: -35.78440563709503
Iteration number 20
TpsAltruisticFromLsfGain + IndividualEstimated_INR + -10.0
None
ls_gain_coeffs:
[-142.150064   -148.15907008 -149.79111714 -137.70975102 -147.31230244
 -143.37282917 -138.54713023 -142.57672376 -146.13658958 -148.54305084
 -143.94357082 -152.07942088 -129.0337902  -144.38588829 -137.0914326 ]
inrs_hat:  [-31.16036396 -37.16937003 -38.8014171  -26.72005098 -36.3226024
 -32.38312912 -27.55743019 -31.58702372 -35.14688954 -37.55335079
 -32.95387078 -41.08972084 -18.04409015 -33.39618825 -26.10173256]
scheduled_ues:  [ 0  1  2  3  4  5  6  7  8  9 10 11 12 13 14]
(1, 15, 1, 4, 1, 1)
caused INR: -15.290395769459925
TpsAltruisticFromLsfGain + IndividualEstimated_INR + -12.5
None
ls_gain_coeffs:
[-142.150064   -148.15907008 -149.79111714 -137.70975102 -147.31230244
 -143.37282917 -138.54713023 -142.57672376 -146.13658958 -148.54305084
 -143.94357082 -152.07942088 -129.0337902  -144.38588829 -137.0914326 ]
inrs_hat:  [-31.16036396 -37.16937003 -38.8014171  -26.72005098 -36.3226024
 -32.38312912 -27.55743019 -31.58702372 -35.14688954 -37.55335079
 -32.95387078 -41.08972084 -18.04409015 -33.39618825 -26.10173256]
scheduled_ues:  [ 0  1  2  3  4  5  6  7  8  9 10 11 12 13 14]
(1, 15, 1, 4, 1, 1)
caused INR: -15.290395769459925
TpsAltruisticFromLsfGain + IndividualEstimated_INR + -15.0
None
ls_gain_coeffs:
[-142.150064   -148.15907008 -149.79111714 -137.70975102 -147.31230244
 -143.37282917 -138.54713023 -142.57672376 -146.13658958 -148.54305084
 -143.94357082 -152.07942088 -129.0337902  -144.38588829 -137.0914326 ]
inrs_hat:  [-31.16036396 -37.16937003 -38.8014171  -26.72005098 -36.3226024
 -32.38312912 -27.55743019 -31.58702372 -35.14688954 -37.55335079
 -32.95387078 -41.08972084 -18.04409015 -33.39618825 -26.10173256]
scheduled_ues:  [ 0  1  2  3  4  5  6  7  8  9 10 11 12 13 14]
(1, 15, 1, 4, 1, 1)
caused INR: -15.290395769459925
TpsAltruisticFromLsfGain + CumulativeIndividualEstimated_INR + -10.0
None
(1, 15, 1, 4, 1, 1)
caused INR: -15.290395769459925
TpsAltruisticFromLsfGain + CumulativeIndividualEstimated_INR + -12.5
None
(1, 15, 1, 4, 1, 1)
caused INR: -15.290395769459925
TpsAltruisticFromLsfGain + CumulativeIndividualEstimated_INR + -15.0
None
(1, 15, 1, 4, 1, 1)
caused INR: -15.290395769459925
TpsRandomic + IndividualEstimated_INR + -10.0
None
ls_gain_coeffs:
[-142.150064   -138.14552884 -135.89543605 -137.70975102 -133.37153112
 -130.31194958 -123.63811732 -126.25798916 -146.13658958 -148.54305084
 -126.95353445 -138.23293047 -129.0337902  -127.46016598 -121.86883079]
inrs_hat:  [-31.16036396 -27.1558288  -24.90573601 -26.72005098 -22.38183108
 -19.32224953 -12.64841728 -15.26828912 -35.14688954 -37.55335079
 -15.96383441 -27.24323043 -18.04409015 -16.47046594 -10.87913075]
scheduled_ues:  [ 0  1  2  3  4  5  6  7  8  9 10 11 12 13 14]
(1, 15, 1, 4, 1, 1)
caused INR: -9.135916194108871
TpsRandomic + IndividualEstimated_INR + -12.5
None
ls_gain_coeffs:
[-125.1344408  -148.15907008 -135.89543605 -120.52399525 -147.31230244
 -126.83107441 -124.87182378 -142.57672376 -133.69522379 -145.85723105
 -132.62847364 -138.23293047 -112.61747329 -135.55628096 -123.2593317 ]
inrs_hat:  [-14.14474076 -37.16937003 -24.90573601  -9.53429521 -36.3226024
 -15.84137436 -13.88212373 -31.58702372 -22.70552374 -34.86753101
 -21.6387736  -27.24323043  -1.62777325 -24.56658092 -12.26963165]
scheduled_ues:  [ 0  1  2  4  5  6  7  8  9 10 11 13]
(1, 15, 1, 4, 1, 1)
caused INR: -8.426922988542646
TpsRandomic + IndividualEstimated_INR + -15.0
None
ls_gain_coeffs:
[-131.8031772  -131.45605517 -135.89543605 -127.16243893 -131.15902335
 -135.79179924 -138.54713023 -126.25798916 -133.69522379 -134.31090431
 -143.94357082 -136.07267803 -112.61747329 -135.55628096 -121.86883079]
inrs_hat:  [-20.81347716 -20.46635513 -24.90573601 -16.17273888 -20.16932331
 -24.8020992  -27.55743019 -15.26828912 -22.70552374 -23.32120427
 -32.95387078 -25.08297799  -1.62777325 -24.56658092 -10.87913075]
scheduled_ues:  [ 0  1  2  3  4  5  6  7  8  9 10 11 13]
(1, 15, 1, 4, 1, 1)
caused INR: -5.834827025735927
TpsRandomic + CumulativeIndividualEstimated_INR + -10.0
None
(1, 15, 1, 4, 1, 1)
caused INR: -17.850972944317622
TpsRandomic + CumulativeIndividualEstimated_INR + -12.5
None
(1, 15, 1, 4, 1, 1)
caused INR: -4.723968068105603
TpsRandomic + CumulativeIndividualEstimated_INR + -15.0
None
(1, 15, 1, 4, 1, 1)
caused INR: -20.272003900071258
Iteration number 21
TpsAltruisticFromLsfGain + IndividualEstimated_INR + -10.0
None
ls_gain_coeffs:
[-145.43843678 -129.83168584 -144.5308814  -149.18920323 -143.58714466
 -136.97860673 -149.08709366 -132.71387435 -130.49011993 -153.26678723
 -136.72386483 -138.70974833 -138.54850252 -133.66434608 -134.34961066]
inrs_hat:  [-34.44873674 -18.8419858  -33.54118136 -38.19950319 -32.59744462
 -25.98890668 -38.09739362 -21.72417431 -19.50041989 -42.27708719
 -25.73416479 -27.72004829 -27.55880248 -22.67464604 -23.35991061]
scheduled_ues:  [ 0  1  2  3  4  5  6  7  8  9 10 11 12 13 14]
(1, 15, 1, 4, 1, 1)
caused INR: -6.041325147593783
TpsAltruisticFromLsfGain + IndividualEstimated_INR + -12.5
None
ls_gain_coeffs:
[-145.43843678 -129.83168584 -144.5308814  -149.18920323 -143.58714466
 -136.97860673 -149.08709366 -132.71387435 -130.49011993 -153.26678723
 -136.72386483 -138.70974833 -138.54850252 -133.66434608 -134.34961066]
inrs_hat:  [-34.44873674 -18.8419858  -33.54118136 -38.19950319 -32.59744462
 -25.98890668 -38.09739362 -21.72417431 -19.50041989 -42.27708719
 -25.73416479 -27.72004829 -27.55880248 -22.67464604 -23.35991061]
scheduled_ues:  [ 0  1  2  3  4  5  6  7  8  9 10 11 12 13 14]
(1, 15, 1, 4, 1, 1)
caused INR: -6.041325147593783
TpsAltruisticFromLsfGain + IndividualEstimated_INR + -15.0
None
ls_gain_coeffs:
[-145.43843678 -129.83168584 -144.5308814  -149.18920323 -143.58714466
 -136.97860673 -149.08709366 -132.71387435 -130.49011993 -153.26678723
 -136.72386483 -138.70974833 -138.54850252 -133.66434608 -134.34961066]
inrs_hat:  [-34.44873674 -18.8419858  -33.54118136 -38.19950319 -32.59744462
 -25.98890668 -38.09739362 -21.72417431 -19.50041989 -42.27708719
 -25.73416479 -27.72004829 -27.55880248 -22.67464604 -23.35991061]
scheduled_ues:  [ 0  1  2  3  4  5  6  7  8  9 10 11 12 13 14]
(1, 15, 1, 4, 1, 1)
caused INR: -6.041325147593783
TpsAltruisticFromLsfGain + CumulativeIndividualEstimated_INR + -10.0
None
(1, 15, 1, 4, 1, 1)
caused INR: -6.041325147593783
TpsAltruisticFromLsfGain + CumulativeIndividualEstimated_INR + -12.5
None
(1, 15, 1, 4, 1, 1)
caused INR: -6.041325147593783
TpsAltruisticFromLsfGain + CumulativeIndividualEstimated_INR + -15.0
None
(1, 15, 1, 4, 1, 1)
caused INR: -7.0524723757608365
TpsRandomic + IndividualEstimated_INR + -10.0
None
ls_gain_coeffs:
[-145.43843678 -129.83168584 -144.5308814  -142.61535378 -129.37139559
 -120.34046412 -149.08709366 -125.89295489 -119.24523361 -137.20293977
 -128.31400063 -138.70974833 -121.49857026 -118.10049129 -134.34961066]
inrs_hat:  [-34.44873674 -18.8419858  -33.54118136 -31.62565374 -18.38169554
  -9.35076408 -38.09739362 -14.90325485  -8.25553356 -26.21323972
 -17.32430059 -27.72004829 -10.50887022  -7.11079124 -23.35991061]
scheduled_ues:  [ 0  1  2  3  4  6  7  9 10 11 12 14]
(1, 15, 1, 4, 1, 1)
caused INR: -3.9692721359251193
TpsRandomic + IndividualEstimated_INR + -12.5
None
ls_gain_coeffs:
[-128.73137645 -122.557216   -127.67044405 -135.56764564 -143.58714466
 -129.55483701 -142.06366385 -115.80758187 -130.49011993 -139.47359053
 -136.72386483 -138.70974833 -138.54850252 -133.66434608 -117.47907293]
inrs_hat:  [-17.74167641 -11.56751595 -16.68074401 -24.5779456  -32.59744462
 -18.56513697 -31.0739638   -4.81788183 -19.50041989 -28.48389048
 -25.73416479 -27.72004829 -27.55880248 -22.67464604  -6.48937289]
scheduled_ues:  [ 0  2  3  4  5  6  8  9 10 11 12 13]
(1, 15, 1, 4, 1, 1)
caused INR: -4.454623667461879
TpsRandomic + IndividualEstimated_INR + -15.0
None
ls_gain_coeffs:
[-145.43843678 -116.20861171 -134.79984881 -142.61535378 -143.58714466
 -123.56769123 -132.73607628 -132.71387435 -130.49011993 -137.20293977
 -120.11558976 -124.46813494 -127.42041327 -119.66161869 -124.36022409]
inrs_hat:  [-34.44873674  -5.21891167 -23.81014877 -31.62565374 -32.59744462
 -12.57799119 -21.74637624 -21.72417431 -19.50041989 -26.21323972
  -9.12588972 -13.4784349  -16.43071322  -8.67191864 -13.37052404]
scheduled_ues:  [ 0  2  3  4  6  7  8  9 12]
(1, 15, 1, 4, 1, 1)
caused INR: -20.861354130962887
TpsRandomic + CumulativeIndividualEstimated_INR + -10.0
None
(1, 15, 1, 4, 1, 1)
caused INR: -7.637571904751443
TpsRandomic + CumulativeIndividualEstimated_INR + -12.5
None
(1, 15, 1, 4, 1, 1)
caused INR: -8.313345587862946
TpsRandomic + CumulativeIndividualEstimated_INR + -15.0
None
(1, 15, 1, 4, 1, 1)
caused INR: -15.960220756565171
Iteration number 22
TpsAltruisticFromLsfGain + IndividualEstimated_INR + -10.0
None
ls_gain_coeffs:
[-115.44080724 -138.95886756 -137.9916458  -125.66810971 -111.28264456
 -145.07096064 -140.54406121 -143.02745388 -146.44708312 -146.02748401
 -144.17467834  -71.71181896 -125.58798636 -138.28362762 -140.94959427]
inrs_hat:  [ -4.4511072  -27.96916751 -27.00194576 -14.67840967  -0.29294452
 -34.0812606  -29.55436117 -32.03775384 -35.45738308 -35.03778396
 -33.1849783   39.27788108 -14.59828632 -27.29392758 -29.95989423]
scheduled_ues:  [ 1  2  3  5  6  7  8  9 10 12 13 14]
(1, 15, 1, 4, 1, 1)
caused INR: -15.88351031128764
TpsAltruisticFromLsfGain + IndividualEstimated_INR + -12.5
None
ls_gain_coeffs:
[-115.44080724 -138.95886756 -137.9916458  -125.66810971 -111.28264456
 -145.07096064 -140.54406121 -143.02745388 -146.44708312 -146.02748401
 -144.17467834  -71.71181896 -125.58798636 -138.28362762 -140.94959427]
inrs_hat:  [ -4.4511072  -27.96916751 -27.00194576 -14.67840967  -0.29294452
 -34.0812606  -29.55436117 -32.03775384 -35.45738308 -35.03778396
 -33.1849783   39.27788108 -14.59828632 -27.29392758 -29.95989423]
scheduled_ues:  [ 1  2  3  5  6  7  8  9 10 12 13 14]
(1, 15, 1, 4, 1, 1)
caused INR: -15.88351031128764
TpsAltruisticFromLsfGain + IndividualEstimated_INR + -15.0
None
ls_gain_coeffs:
[-115.44080724 -138.95886756 -137.9916458  -125.66810971 -111.28264456
 -145.07096064 -140.54406121 -143.02745388 -146.44708312 -146.02748401
 -144.17467834  -71.71181896 -125.58798636 -138.28362762 -140.94959427]
inrs_hat:  [ -4.4511072  -27.96916751 -27.00194576 -14.67840967  -0.29294452
 -34.0812606  -29.55436117 -32.03775384 -35.45738308 -35.03778396
 -33.1849783   39.27788108 -14.59828632 -27.29392758 -29.95989423]
scheduled_ues:  [ 1  2  5  6  7  8  9 10 13 14]
(1, 15, 1, 4, 1, 1)
caused INR: -24.509962000642332
TpsAltruisticFromLsfGain + CumulativeIndividualEstimated_INR + -10.0
None
(1, 15, 1, 4, 1, 1)
caused INR: -15.88351031128764
TpsAltruisticFromLsfGain + CumulativeIndividualEstimated_INR + -12.5
None
(1, 15, 1, 4, 1, 1)
caused INR: -19.023116575750024
TpsAltruisticFromLsfGain + CumulativeIndividualEstimated_INR + -15.0
None
(1, 15, 1, 4, 1, 1)
caused INR: -24.509962000642332
TpsRandomic + IndividualEstimated_INR + -10.0
None
ls_gain_coeffs:
[ -97.09279197 -138.95886756 -125.02875838 -112.45053175  -96.61050172
 -145.07096064 -124.7144771  -139.64419704 -134.83922895 -142.98689988
 -130.69418619  -58.94621681 -125.58798636 -130.49515903 -140.94959427]
inrs_hat:  [ 13.89690807 -27.96916751 -14.03905834  -1.4608317   14.37919833
 -34.0812606  -13.72477706 -28.654497   -23.84952891 -31.99719984
 -19.70448615  52.04348324 -14.59828632 -19.50545898 -29.95989423]
scheduled_ues:  [ 1  2  5  6  7  8  9 10 12 13 14]
(1, 15, 1, 4, 1, 1)
caused INR: -6.071509534302441
TpsRandomic + IndividualEstimated_INR + -12.5
None
ls_gain_coeffs:
[-102.0227147  -128.51317078 -125.02875838 -113.99058375 -104.59101603
 -145.07096064 -124.7144771  -139.64419704 -146.44708312 -142.98689988
 -141.0580019   -71.71181896 -119.43629844 -138.28362762 -140.94959427]
inrs_hat:  [  8.96698534 -17.52347074 -14.03905834  -3.00088371   6.39868401
 -34.0812606  -13.72477706 -28.654497   -35.45738308 -31.99719984
 -30.06830186  39.27788108  -8.4465984  -27.29392758 -29.95989423]
scheduled_ues:  [ 1  2  5  6  7  8  9 10 13 14]
(1, 15, 1, 4, 1, 1)
caused INR: -7.136879694481354
TpsRandomic + IndividualEstimated_INR + -15.0
None
ls_gain_coeffs:
[-115.44080724 -138.95886756 -125.02875838 -125.66810971  -94.37995887
 -129.39706888 -126.40846916 -143.02745388 -134.83922895 -146.02748401
 -141.0580019   -71.71181896 -111.19841282 -130.49515903 -127.18929776]
inrs_hat:  [ -4.4511072  -27.96916751 -14.03905834 -14.67840967  16.60974117
 -18.40736884 -15.41876911 -32.03775384 -23.84952891 -35.03778396
 -30.06830186  39.27788108  -0.20871278 -19.50545898 -16.19959771]
scheduled_ues:  [ 1  5  6  7  8  9 10 13 14]
(1, 15, 1, 4, 1, 1)
caused INR: -9.68352660662176
TpsRandomic + CumulativeIndividualEstimated_INR + -10.0
None
(1, 15, 1, 4, 1, 1)
caused INR: -18.377075972691774
TpsRandomic + CumulativeIndividualEstimated_INR + -12.5
None
(1, 15, 1, 4, 1, 1)
caused INR: -13.022091967851274
TpsRandomic + CumulativeIndividualEstimated_INR + -15.0
None
(1, 15, 1, 4, 1, 1)
caused INR: -13.691074665821166
Iteration number 23
TpsAltruisticFromLsfGain + IndividualEstimated_INR + -10.0
None
ls_gain_coeffs:
[-137.08220191 -144.38134211 -153.39968402 -134.35661628 -133.8283016
 -136.4162764  -144.53678716 -118.66390038 -138.1254876  -143.93039578
 -143.70072692 -143.0936068  -151.02118864 -143.99800081 -122.09028088]
inrs_hat:  [-26.09250186 -33.39164207 -42.40998398 -23.36691624 -22.83860156
 -25.42657635 -33.54708711  -7.67420033 -27.13578756 -32.94069573
 -32.71102688 -32.10390676 -40.0314886  -33.00830077 -11.10058084]
scheduled_ues:  [ 0  1  2  3  4  5  6  8  9 10 11 12 13 14]
(1, 15, 1, 4, 1, 1)
caused INR: -14.253716759439875
TpsAltruisticFromLsfGain + IndividualEstimated_INR + -12.5
None
ls_gain_coeffs:
[-137.08220191 -144.38134211 -153.39968402 -134.35661628 -133.8283016
 -136.4162764  -144.53678716 -118.66390038 -138.1254876  -143.93039578
 -143.70072692 -143.0936068  -151.02118864 -143.99800081 -122.09028088]
inrs_hat:  [-26.09250186 -33.39164207 -42.40998398 -23.36691624 -22.83860156
 -25.42657635 -33.54708711  -7.67420033 -27.13578756 -32.94069573
 -32.71102688 -32.10390676 -40.0314886  -33.00830077 -11.10058084]
scheduled_ues:  [ 0  1  2  3  4  5  6  8  9 10 11 12 13]
(1, 15, 1, 4, 1, 1)
caused INR: -17.369304139202523
TpsAltruisticFromLsfGain + IndividualEstimated_INR + -15.0
None
ls_gain_coeffs:
[-137.08220191 -144.38134211 -153.39968402 -134.35661628 -133.8283016
 -136.4162764  -144.53678716 -118.66390038 -138.1254876  -143.93039578
 -143.70072692 -143.0936068  -151.02118864 -143.99800081 -122.09028088]
inrs_hat:  [-26.09250186 -33.39164207 -42.40998398 -23.36691624 -22.83860156
 -25.42657635 -33.54708711  -7.67420033 -27.13578756 -32.94069573
 -32.71102688 -32.10390676 -40.0314886  -33.00830077 -11.10058084]
scheduled_ues:  [ 0  1  2  3  4  5  6  8  9 10 11 12 13]
(1, 15, 1, 4, 1, 1)
caused INR: -17.369304139202523
TpsAltruisticFromLsfGain + CumulativeIndividualEstimated_INR + -10.0
None
(1, 15, 1, 4, 1, 1)
caused INR: -14.253716759439875
TpsAltruisticFromLsfGain + CumulativeIndividualEstimated_INR + -12.5
None
(1, 15, 1, 4, 1, 1)
caused INR: -17.369304139202523
TpsAltruisticFromLsfGain + CumulativeIndividualEstimated_INR + -15.0
None
(1, 15, 1, 4, 1, 1)
caused INR: -17.369304139202523
TpsRandomic + IndividualEstimated_INR + -10.0
None
ls_gain_coeffs:
[-130.31527392 -144.38134211 -139.22933735 -120.74802732 -133.8283016
 -120.10151072 -144.53678716 -109.23214694 -124.56749446 -138.30531749
 -130.87373505 -131.32129042 -145.15979582 -137.63248068 -104.32933856]
inrs_hat:  [-19.32557387 -33.39164207 -28.2396373   -9.75832728 -22.83860156
  -9.11181068 -33.54708711   1.7575531  -13.57779442 -27.31561745
 -19.88403501 -20.33159037 -34.17009578 -26.64278063   6.66036148]
scheduled_ues:  [ 0  1  2  4  6  8  9 10 11 12 13]
(1, 15, 1, 4, 1, 1)
caused INR: -19.278157074854676
TpsRandomic + IndividualEstimated_INR + -12.5
None
ls_gain_coeffs:
[-122.72271323 -127.94873682 -137.46577129 -130.85564939 -121.0178553
 -122.03809356 -142.63636869 -109.23214694 -124.56749446 -138.30531749
 -143.70072692 -143.0936068  -137.17805954 -137.63248068 -114.1112674 ]
inrs_hat:  [-11.73301319 -16.95903677 -26.47607124 -19.86594935 -10.02815525
 -11.04839352 -31.64666865   1.7575531  -13.57779442 -27.31561745
 -32.71102688 -32.10390676 -26.1883595  -26.64278063  -3.12156736]
scheduled_ues:  [ 1  2  3  6  8  9 10 11 12 13]
(1, 15, 1, 4, 1, 1)
caused INR: -12.929230986780802
TpsRandomic + IndividualEstimated_INR + -15.0
None
ls_gain_coeffs:
[-130.31527392 -137.46943624 -137.46577129 -134.35661628 -121.0178553
 -122.03809356 -131.46171433 -105.05560588 -124.56749446 -127.84311525
 -131.06643099 -133.36215432 -134.94812768 -143.99800081 -114.1112674 ]
inrs_hat:  [-19.32557387 -26.4797362  -26.47607124 -23.36691624 -10.02815525
 -11.04839352 -20.47201429   5.93409416 -13.57779442 -16.85341521
 -20.07673094 -22.37245428 -23.95842764 -33.00830077  -3.12156736]
scheduled_ues:  [ 0  1  2  3  6  9 10 11 12 13]
(1, 15, 1, 4, 1, 1)
caused INR: -5.317173981971588
TpsRandomic + CumulativeIndividualEstimated_INR + -10.0
None
(1, 15, 1, 4, 1, 1)
caused INR: -20.055805168412682
TpsRandomic + CumulativeIndividualEstimated_INR + -12.5
None
(1, 15, 1, 4, 1, 1)
caused INR: -16.580154551885744
TpsRandomic + CumulativeIndividualEstimated_INR + -15.0
None
(1, 15, 1, 4, 1, 1)
caused INR: -20.56544861593548
Iteration number 24
TpsAltruisticFromLsfGain + IndividualEstimated_INR + -10.0
None
ls_gain_coeffs:
[-138.70284248 -145.65351275 -122.82426201 -142.03205767 -128.5312052
 -148.45172876 -128.30258499 -141.00810171 -145.48928755 -145.59316665
 -142.95065698 -127.8065154  -145.81742559 -143.82488241 -147.51742731]
inrs_hat:  [-27.71314244 -34.66381271 -11.83456197 -31.04235763 -17.54150516
 -37.46202872 -17.31288494 -30.01840166 -34.4995875  -34.6034666
 -31.96095694 -16.81681536 -34.82772554 -32.83518237 -36.52772727]
scheduled_ues:  [ 0  1  2  3  4  5  6  7  8  9 10 11 12 13 14]
(1, 15, 1, 4, 1, 1)
caused INR: -16.469108735244347
TpsAltruisticFromLsfGain + IndividualEstimated_INR + -12.5
None
ls_gain_coeffs:
[-138.70284248 -145.65351275 -122.82426201 -142.03205767 -128.5312052
 -148.45172876 -128.30258499 -141.00810171 -145.48928755 -145.59316665
 -142.95065698 -127.8065154  -145.81742559 -143.82488241 -147.51742731]
inrs_hat:  [-27.71314244 -34.66381271 -11.83456197 -31.04235763 -17.54150516
 -37.46202872 -17.31288494 -30.01840166 -34.4995875  -34.6034666
 -31.96095694 -16.81681536 -34.82772554 -32.83518237 -36.52772727]
scheduled_ues:  [ 0  1  3  4  5  6  7  8  9 10 11 12 13 14]
(1, 15, 1, 4, 1, 1)
caused INR: -21.217523166145785
TpsAltruisticFromLsfGain + IndividualEstimated_INR + -15.0
None
ls_gain_coeffs:
[-138.70284248 -145.65351275 -122.82426201 -142.03205767 -128.5312052
 -148.45172876 -128.30258499 -141.00810171 -145.48928755 -145.59316665
 -142.95065698 -127.8065154  -145.81742559 -143.82488241 -147.51742731]
inrs_hat:  [-27.71314244 -34.66381271 -11.83456197 -31.04235763 -17.54150516
 -37.46202872 -17.31288494 -30.01840166 -34.4995875  -34.6034666
 -31.96095694 -16.81681536 -34.82772554 -32.83518237 -36.52772727]
scheduled_ues:  [ 0  1  3  4  5  6  7  8  9 10 11 12 13 14]
(1, 15, 1, 4, 1, 1)
caused INR: -21.217523166145785
TpsAltruisticFromLsfGain + CumulativeIndividualEstimated_INR + -10.0
None
(1, 15, 1, 4, 1, 1)
caused INR: -21.217523166145785
TpsAltruisticFromLsfGain + CumulativeIndividualEstimated_INR + -12.5
None
(1, 15, 1, 4, 1, 1)
caused INR: -14.89920200676766
TpsAltruisticFromLsfGain + CumulativeIndividualEstimated_INR + -15.0
None
(1, 15, 1, 4, 1, 1)
caused INR: -22.150262703291848
TpsRandomic + IndividualEstimated_INR + -10.0
None
ls_gain_coeffs:
[-124.63354286 -130.45465463 -114.75936064 -129.65020833 -111.83686311
 -145.84590308 -111.41963368 -128.43183001 -129.1189431  -131.997083
 -142.95065698 -121.04520863 -145.81742559 -129.73210603 -133.27133658]
inrs_hat:  [-13.64384282 -19.46495458  -3.7696606  -18.66050829  -0.84716307
 -34.85620304  -0.42993363 -17.44212997 -18.12924306 -21.00738295
 -31.96095694 -10.05550859 -34.82772554 -18.74240598 -22.28163654]
scheduled_ues:  [ 0  1  3  5  7  8  9 10 11 12 13 14]
(1, 15, 1, 4, 1, 1)
caused INR: -2.0409166389192896
TpsRandomic + IndividualEstimated_INR + -12.5
None
ls_gain_coeffs:
[-124.63354286 -130.45465463 -122.82426201 -125.09624154 -115.41467848
 -148.45172876 -114.55067463 -128.29715832 -132.11619246 -138.95468119
 -126.08596768 -114.09616402 -131.64581764 -138.87135326 -131.21597761]
inrs_hat:  [-13.64384282 -19.46495458 -11.83456197 -14.1065415   -4.42497843
 -37.46202872  -3.56097458 -17.30745828 -21.12649241 -27.96498115
 -15.09626764  -3.10646398 -20.65611759 -27.88165322 -20.22627757]
scheduled_ues:  [ 0  1  3  5  7  8  9 10 12 13 14]
(1, 15, 1, 4, 1, 1)
caused INR: -10.565337530821362
TpsRandomic + IndividualEstimated_INR + -15.0
None
ls_gain_coeffs:
[-138.70284248 -131.83328369 -114.75936064 -129.65020833 -111.83686311
 -145.84590308 -114.55067463 -140.60408663 -132.11619246 -145.59316665
 -130.67582633 -111.34988633 -129.56128052 -129.73210603 -131.21597761]
inrs_hat:  [-27.71314244 -20.84358365  -3.7696606  -18.66050829  -0.84716307
 -34.85620304  -3.56097458 -29.61438659 -21.12649241 -34.6034666
 -19.68612628  -0.36018629 -18.57158047 -18.74240598 -20.22627757]
scheduled_ues:  [ 0  1  3  5  7  8  9 10 12 13 14]
(1, 15, 1, 4, 1, 1)
caused INR: -15.460342034689013
TpsRandomic + CumulativeIndividualEstimated_INR + -10.0
None
(1, 15, 1, 4, 1, 1)
caused INR: -18.07447706247763
TpsRandomic + CumulativeIndividualEstimated_INR + -12.5
None
(1, 15, 1, 4, 1, 1)
caused INR: -10.49277274319402
TpsRandomic + CumulativeIndividualEstimated_INR + -15.0
None
(1, 15, 1, 4, 1, 1)
caused INR: -12.367096494482812
Iteration number 25
TpsAltruisticFromLsfGain + IndividualEstimated_INR + -10.0
None
ls_gain_coeffs:
[-129.5925097  -138.33765644 -135.85840996 -146.0089216  -127.49354213
 -146.26425852 -136.96093938 -130.44045207 -141.20930628 -121.63687429
 -122.23568254 -146.66544759 -146.0059847  -129.24918392 -134.61410195]
inrs_hat:  [-18.60280966 -27.34795639 -24.86870992 -35.01922155 -16.50384208
 -35.27455847 -25.97123934 -19.45075202 -30.21960624 -10.64717425
 -11.24598249 -35.67574754 -35.01628465 -18.25948388 -23.62440191]
scheduled_ues:  [ 0  1  2  3  4  5  6  7  8  9 10 11 12 13 14]
(1, 15, 1, 4, 1, 1)
caused INR: -3.4913296933329114
TpsAltruisticFromLsfGain + IndividualEstimated_INR + -12.5
None
ls_gain_coeffs:
[-129.5925097  -138.33765644 -135.85840996 -146.0089216  -127.49354213
 -146.26425852 -136.96093938 -130.44045207 -141.20930628 -121.63687429
 -122.23568254 -146.66544759 -146.0059847  -129.24918392 -134.61410195]
inrs_hat:  [-18.60280966 -27.34795639 -24.86870992 -35.01922155 -16.50384208
 -35.27455847 -25.97123934 -19.45075202 -30.21960624 -10.64717425
 -11.24598249 -35.67574754 -35.01628465 -18.25948388 -23.62440191]
scheduled_ues:  [ 0  1  2  3  4  5  6  7  8 11 12 13 14]
(1, 15, 1, 4, 1, 1)
caused INR: -28.852453661353316
TpsAltruisticFromLsfGain + IndividualEstimated_INR + -15.0
None
ls_gain_coeffs:
[-129.5925097  -138.33765644 -135.85840996 -146.0089216  -127.49354213
 -146.26425852 -136.96093938 -130.44045207 -141.20930628 -121.63687429
 -122.23568254 -146.66544759 -146.0059847  -129.24918392 -134.61410195]
inrs_hat:  [-18.60280966 -27.34795639 -24.86870992 -35.01922155 -16.50384208
 -35.27455847 -25.97123934 -19.45075202 -30.21960624 -10.64717425
 -11.24598249 -35.67574754 -35.01628465 -18.25948388 -23.62440191]
scheduled_ues:  [ 0  1  2  3  4  5  6  7  8 11 12 13 14]
(1, 15, 1, 4, 1, 1)
caused INR: -28.852453661353316
TpsAltruisticFromLsfGain + CumulativeIndividualEstimated_INR + -10.0
None
(1, 15, 1, 4, 1, 1)
caused INR: -28.852453661353316
TpsAltruisticFromLsfGain + CumulativeIndividualEstimated_INR + -12.5
None
(1, 15, 1, 4, 1, 1)
caused INR: -24.402432625798703
TpsAltruisticFromLsfGain + CumulativeIndividualEstimated_INR + -15.0
None
(1, 15, 1, 4, 1, 1)
caused INR: -17.261917993987865
TpsRandomic + IndividualEstimated_INR + -10.0
None
ls_gain_coeffs:
[-113.57237295 -130.21532153 -129.05672704 -145.00388794 -114.81571844
 -131.15060173 -136.96093938 -116.78594319 -129.54073952 -108.96897941
 -105.04743513 -146.66544759 -129.64629027 -127.02397614 -134.61410195]
inrs_hat:  [ -2.58267291 -19.22562149 -18.067027   -34.0141879   -3.82601839
 -20.16090168 -25.97123934  -5.79624315 -18.55103947   2.02072064
   5.94226492 -35.67574754 -18.65659023 -16.0342761  -23.62440191]
scheduled_ues:  [ 1  2  3  5  6  8 11 12 13 14]
(1, 15, 1, 4, 1, 1)
caused INR: -15.950728180916133
TpsRandomic + IndividualEstimated_INR + -12.5
None
ls_gain_coeffs:
[-113.57237295 -125.13728585 -135.85840996 -132.89729916 -127.49354213
 -146.26425852 -127.06708291 -116.78594319 -124.17618476 -104.31929748
 -109.21481714 -140.98132154 -132.27840643 -127.02397614 -118.56802431]
inrs_hat:  [ -2.58267291 -14.14758581 -24.86870992 -21.90759912 -16.50384208
 -35.27455847 -16.07738286  -5.79624315 -13.18648472   6.67040256
   1.77488291 -29.99162149 -21.28870639 -16.0342761   -7.57832427]
scheduled_ues:  [ 1  2  3  4  5  6  8 11 12 13]
(1, 15, 1, 4, 1, 1)
caused INR: -12.574146966805761
TpsRandomic + IndividualEstimated_INR + -15.0
None
ls_gain_coeffs:
[-113.57237295 -125.13728585 -129.05672704 -132.89729916 -110.25698514
 -142.25617333 -136.96093938 -116.78594319 -141.20930628 -108.96897941
 -113.32165312 -140.98132154 -146.0059847  -115.32411207 -129.20738549]
inrs_hat:  [ -2.58267291 -14.14758581 -18.067027   -21.90759912   0.73271491
 -31.26647329 -25.97123934  -5.79624315 -30.21960624   2.02072064
  -2.33195308 -29.99162149 -35.01628465  -4.33441202 -18.21768544]
scheduled_ues:  [ 2  3  5  6  8 11 12 14]
(1, 15, 1, 4, 1, 1)
caused INR: -14.877905500168215
TpsRandomic + CumulativeIndividualEstimated_INR + -10.0
None
(1, 15, 1, 4, 1, 1)
caused INR: -43.06099764905615
TpsRandomic + CumulativeIndividualEstimated_INR + -12.5
None
(1, 15, 1, 4, 1, 1)
caused INR: -11.731797807176463
TpsRandomic + CumulativeIndividualEstimated_INR + -15.0
None
(1, 15, 1, 4, 1, 1)
caused INR: -19.215346720710507
Iteration number 26
TpsAltruisticFromLsfGain + IndividualEstimated_INR + -10.0
None
ls_gain_coeffs:
[-136.09561445 -131.51290938 -138.79069415 -122.71872761 -128.24301777
 -153.5950626  -146.4427633  -149.25076015 -146.25680641 -135.7194564
 -133.96370958 -143.7326706  -148.24322183 -139.33860471 -145.15247732]
inrs_hat:  [-25.1059144  -20.52320934 -27.80099411 -11.72902757 -17.25331773
 -42.60536256 -35.45306326 -38.2610601  -35.26710636 -24.72975636
 -22.97400954 -32.74297056 -37.25352179 -28.34890466 -34.16277728]
scheduled_ues:  [ 0  1  2  3  4  5  6  7  8  9 10 11 12 13 14]
(1, 15, 1, 4, 1, 1)
caused INR: -12.794426580319103
TpsAltruisticFromLsfGain + IndividualEstimated_INR + -12.5
None
ls_gain_coeffs:
[-136.09561445 -131.51290938 -138.79069415 -122.71872761 -128.24301777
 -153.5950626  -146.4427633  -149.25076015 -146.25680641 -135.7194564
 -133.96370958 -143.7326706  -148.24322183 -139.33860471 -145.15247732]
inrs_hat:  [-25.1059144  -20.52320934 -27.80099411 -11.72902757 -17.25331773
 -42.60536256 -35.45306326 -38.2610601  -35.26710636 -24.72975636
 -22.97400954 -32.74297056 -37.25352179 -28.34890466 -34.16277728]
scheduled_ues:  [ 0  1  2  4  5  6  7  8  9 10 11 12 13 14]
(1, 15, 1, 4, 1, 1)
caused INR: -18.307324593941217
TpsAltruisticFromLsfGain + IndividualEstimated_INR + -15.0
None
ls_gain_coeffs:
[-136.09561445 -131.51290938 -138.79069415 -122.71872761 -128.24301777
 -153.5950626  -146.4427633  -149.25076015 -146.25680641 -135.7194564
 -133.96370958 -143.7326706  -148.24322183 -139.33860471 -145.15247732]
inrs_hat:  [-25.1059144  -20.52320934 -27.80099411 -11.72902757 -17.25331773
 -42.60536256 -35.45306326 -38.2610601  -35.26710636 -24.72975636
 -22.97400954 -32.74297056 -37.25352179 -28.34890466 -34.16277728]
scheduled_ues:  [ 0  1  2  4  5  6  7  8  9 10 11 12 13 14]
(1, 15, 1, 4, 1, 1)
caused INR: -18.307324593941217
TpsAltruisticFromLsfGain + CumulativeIndividualEstimated_INR + -10.0
None
(1, 15, 1, 4, 1, 1)
caused INR: -18.307324593941217
TpsAltruisticFromLsfGain + CumulativeIndividualEstimated_INR + -12.5
None
(1, 15, 1, 4, 1, 1)
caused INR: -18.307324593941217
TpsAltruisticFromLsfGain + CumulativeIndividualEstimated_INR + -15.0
None
(1, 15, 1, 4, 1, 1)
caused INR: -37.5046016231993
TpsRandomic + IndividualEstimated_INR + -10.0
None
ls_gain_coeffs:
[-129.66975995 -128.04631757 -138.79069415 -122.71872761 -128.24301777
 -140.19934845 -135.94145272 -140.40492983 -132.99297453 -119.07099805
 -118.74121185 -130.04922341 -148.24322183 -132.03110326 -132.62689308]
inrs_hat:  [-18.6800599  -17.05661752 -27.80099411 -11.72902757 -17.25331773
 -29.20964841 -24.95175267 -29.41522979 -22.00327448  -8.08129801
  -7.7515118  -19.05952337 -37.25352179 -21.04140322 -21.63719304]
scheduled_ues:  [ 0  1  2  3  4  5  6  7  8 11 12 13 14]
(1, 15, 1, 4, 1, 1)
caused INR: -7.283275860612629
TpsRandomic + IndividualEstimated_INR + -12.5
None
ls_gain_coeffs:
[-119.50735849 -128.04631757 -138.79069415 -122.71872761 -113.98680678
 -147.03208173 -135.59327317 -132.63456109 -132.99297453 -129.40916887
 -133.96370958 -130.04922341 -148.24322183 -125.54320816 -144.9005246 ]
inrs_hat:  [ -8.51765844 -17.05661752 -27.80099411 -11.72902757  -2.99710673
 -36.04238168 -24.60357313 -21.64486105 -22.00327448 -18.41946883
 -22.97400954 -19.05952337 -37.25352179 -14.55350811 -33.91082455]
scheduled_ues:  [ 1  2  5  6  7  8  9 10 11 12 13 14]
(1, 15, 1, 4, 1, 1)
caused INR: -21.06116087060258
TpsRandomic + IndividualEstimated_INR + -15.0
None
ls_gain_coeffs:
[-129.66975995 -131.51290938 -128.61663236 -113.24804192 -128.24301777
 -137.39491509 -129.54656294 -132.63456109 -129.87178236 -129.40916887
 -120.13166071 -137.01318222 -148.24322183 -125.54320816 -132.54290884]
inrs_hat:  [-18.6800599  -20.52320934 -17.62693231  -2.25834188 -17.25331773
 -26.40521505 -18.5568629  -21.64486105 -18.88208231 -18.41946883
  -9.14196067 -26.02348218 -37.25352179 -14.55350811 -21.55320879]
scheduled_ues:  [ 0  1  2  4  5  6  7  8  9 11 12 14]
(1, 15, 1, 4, 1, 1)
caused INR: -6.455247538856973
TpsRandomic + CumulativeIndividualEstimated_INR + -10.0
None
(1, 15, 1, 4, 1, 1)
caused INR: -14.735989939399607
TpsRandomic + CumulativeIndividualEstimated_INR + -12.5
None
(1, 15, 1, 4, 1, 1)
caused INR: -20.47502286203332
TpsRandomic + CumulativeIndividualEstimated_INR + -15.0
None
(1, 15, 1, 4, 1, 1)
caused INR: -32.583661341670485
Iteration number 27
TpsAltruisticFromLsfGain + IndividualEstimated_INR + -10.0
None
ls_gain_coeffs:
[-135.36650936 -147.57004919 -137.84854144 -129.95024554 -143.33395531
 -148.51873909 -150.24041799 -115.9586863  -136.7294368  -136.87784835
 -129.33724799 -128.2629466  -141.19078817 -126.41438422 -133.14292641]
inrs_hat:  [-24.37680932 -36.58034915 -26.85884139 -18.96054549 -32.34425526
 -37.52903904 -39.25071795  -4.96898626 -25.73973676 -25.88814831
 -18.34754795 -17.27324656 -30.20108813 -15.42468417 -22.15322636]
scheduled_ues:  [ 0  1  2  3  4  5  6  8  9 10 11 12 13 14]
(1, 15, 1, 4, 1, 1)
caused INR: -12.561156152112304
TpsAltruisticFromLsfGain + IndividualEstimated_INR + -12.5
None
ls_gain_coeffs:
[-135.36650936 -147.57004919 -137.84854144 -129.95024554 -143.33395531
 -148.51873909 -150.24041799 -115.9586863  -136.7294368  -136.87784835
 -129.33724799 -128.2629466  -141.19078817 -126.41438422 -133.14292641]
inrs_hat:  [-24.37680932 -36.58034915 -26.85884139 -18.96054549 -32.34425526
 -37.52903904 -39.25071795  -4.96898626 -25.73973676 -25.88814831
 -18.34754795 -17.27324656 -30.20108813 -15.42468417 -22.15322636]
scheduled_ues:  [ 0  1  2  3  4  5  6  8  9 10 11 12 13 14]
(1, 15, 1, 4, 1, 1)
caused INR: -12.561156152112304
TpsAltruisticFromLsfGain + IndividualEstimated_INR + -15.0
None
ls_gain_coeffs:
[-135.36650936 -147.57004919 -137.84854144 -129.95024554 -143.33395531
 -148.51873909 -150.24041799 -115.9586863  -136.7294368  -136.87784835
 -129.33724799 -128.2629466  -141.19078817 -126.41438422 -133.14292641]
inrs_hat:  [-24.37680932 -36.58034915 -26.85884139 -18.96054549 -32.34425526
 -37.52903904 -39.25071795  -4.96898626 -25.73973676 -25.88814831
 -18.34754795 -17.27324656 -30.20108813 -15.42468417 -22.15322636]
scheduled_ues:  [ 0  1  2  3  4  5  6  8  9 10 11 12 13 14]
(1, 15, 1, 4, 1, 1)
caused INR: -12.561156152112304
TpsAltruisticFromLsfGain + CumulativeIndividualEstimated_INR + -10.0
None
(1, 15, 1, 4, 1, 1)
caused INR: -12.561156152112304
TpsAltruisticFromLsfGain + CumulativeIndividualEstimated_INR + -12.5
None
(1, 15, 1, 4, 1, 1)
caused INR: -15.359001663974084
TpsAltruisticFromLsfGain + CumulativeIndividualEstimated_INR + -15.0
None
(1, 15, 1, 4, 1, 1)
caused INR: -24.379176486293765
TpsRandomic + IndividualEstimated_INR + -10.0
None
ls_gain_coeffs:
[-121.97871804 -130.97822177 -137.84854144 -116.38603362 -143.33395531
 -134.45232225 -133.69547337  -99.21027203 -125.63672838 -136.87784835
 -115.02040236 -117.62083576 -141.19078817 -109.84372495 -121.12356223]
inrs_hat:  [-10.989018   -19.98852172 -26.85884139  -5.39633357 -32.34425526
 -23.46262221 -22.70577333  11.77942801 -14.64702833 -25.88814831
  -4.03070232  -6.63113572 -30.20108813   1.1459751  -10.13386219]
scheduled_ues:  [ 0  1  2  4  5  6  8  9 12 14]
(1, 15, 1, 4, 1, 1)
caused INR: -4.8483770914559985
TpsRandomic + IndividualEstimated_INR + -12.5
None
ls_gain_coeffs:
[-118.41067633 -139.51348412 -122.39064219 -116.38603362 -126.42202437
 -148.51873909 -133.69547337  -94.90345776 -136.7294368  -136.87784835
 -111.82882889 -117.62083576 -127.69601775 -112.17448021 -115.76220097]
inrs_hat:  [ -7.42097628 -28.52378408 -11.40094215  -5.39633357 -15.43232433
 -37.52903904 -22.70577333  16.08624228 -25.73973676 -25.88814831
  -0.83912885  -6.63113572 -16.70631771  -1.18478017  -4.77250092]
scheduled_ues:  [ 1  4  5  6  8  9 12]
(1, 15, 1, 4, 1, 1)
caused INR: -9.313288505301275
TpsRandomic + IndividualEstimated_INR + -15.0
None
ls_gain_coeffs:
[-118.41067633 -139.51348412 -123.89879181 -129.95024554 -133.83454633
 -148.51873909 -150.24041799 -103.03824349 -126.29066736 -127.79134519
 -129.33724799 -117.62083576 -126.64284734 -112.17448021 -115.76220097]
inrs_hat:  [ -7.42097628 -28.52378408 -12.90909177 -18.96054549 -22.84484629
 -37.52903904 -39.25071795   7.95145655 -15.30096732 -16.80164514
 -18.34754795  -6.63113572 -15.6531473   -1.18478017  -4.77250092]
scheduled_ues:  [ 1  3  4  5  6  8  9 10 12]
(1, 15, 1, 4, 1, 1)
caused INR: -13.73375889210263
TpsRandomic + CumulativeIndividualEstimated_INR + -10.0
None
(1, 15, 1, 4, 1, 1)
caused INR: -23.94271366689135
TpsRandomic + CumulativeIndividualEstimated_INR + -12.5
None
(1, 15, 1, 4, 1, 1)
caused INR: -21.391136080936647
TpsRandomic + CumulativeIndividualEstimated_INR + -15.0
None
(1, 15, 1, 4, 1, 1)
caused INR: -16.863390026829748
Iteration number 28
TpsAltruisticFromLsfGain + IndividualEstimated_INR + -10.0
None
ls_gain_coeffs:
[-145.94558887 -146.16453831 -133.34632934 -127.94932952 -136.55367512
 -143.85969703 -127.89066843 -147.66004834 -133.70329516 -146.14804392
 -132.47659258 -146.12915387 -130.90997292 -144.88071153 -131.3086021 ]
inrs_hat:  [-34.95588883 -35.17483827 -22.35662929 -16.95962948 -25.56397508
 -32.86999699 -16.90096838 -36.6703483  -22.71359512 -35.15834388
 -21.48689254 -35.13945383 -19.92027288 -33.89101148 -20.31890205]
scheduled_ues:  [ 0  1  2  3  4  5  6  7  8  9 10 11 12 13 14]
(1, 15, 1, 4, 1, 1)
caused INR: -5.368588727221967
TpsAltruisticFromLsfGain + IndividualEstimated_INR + -12.5
None
ls_gain_coeffs:
[-145.94558887 -146.16453831 -133.34632934 -127.94932952 -136.55367512
 -143.85969703 -127.89066843 -147.66004834 -133.70329516 -146.14804392
 -132.47659258 -146.12915387 -130.90997292 -144.88071153 -131.3086021 ]
inrs_hat:  [-34.95588883 -35.17483827 -22.35662929 -16.95962948 -25.56397508
 -32.86999699 -16.90096838 -36.6703483  -22.71359512 -35.15834388
 -21.48689254 -35.13945383 -19.92027288 -33.89101148 -20.31890205]
scheduled_ues:  [ 0  1  2  3  4  5  6  7  8  9 10 11 12 13 14]
(1, 15, 1, 4, 1, 1)
caused INR: -5.368588727221967
TpsAltruisticFromLsfGain + IndividualEstimated_INR + -15.0
None
ls_gain_coeffs:
[-145.94558887 -146.16453831 -133.34632934 -127.94932952 -136.55367512
 -143.85969703 -127.89066843 -147.66004834 -133.70329516 -146.14804392
 -132.47659258 -146.12915387 -130.90997292 -144.88071153 -131.3086021 ]
inrs_hat:  [-34.95588883 -35.17483827 -22.35662929 -16.95962948 -25.56397508
 -32.86999699 -16.90096838 -36.6703483  -22.71359512 -35.15834388
 -21.48689254 -35.13945383 -19.92027288 -33.89101148 -20.31890205]
scheduled_ues:  [ 0  1  2  3  4  5  6  7  8  9 10 11 12 13 14]
(1, 15, 1, 4, 1, 1)
caused INR: -5.368588727221967
TpsAltruisticFromLsfGain + CumulativeIndividualEstimated_INR + -10.0
None
(1, 15, 1, 4, 1, 1)
caused INR: -5.368588727221967
TpsAltruisticFromLsfGain + CumulativeIndividualEstimated_INR + -12.5
None
(1, 15, 1, 4, 1, 1)
caused INR: -13.870140767668858
TpsAltruisticFromLsfGain + CumulativeIndividualEstimated_INR + -15.0
None
(1, 15, 1, 4, 1, 1)
caused INR: -16.37770240486326
TpsRandomic + IndividualEstimated_INR + -10.0
None
ls_gain_coeffs:
[-137.25747974 -140.05685901 -120.41198245 -127.94932952 -136.55367512
 -134.25864354 -111.56339144 -130.87525568 -120.58401505 -134.15777013
 -115.26660178 -129.95947023 -114.07269809 -144.88071153 -117.53240715]
inrs_hat:  [-26.2677797  -29.06715897  -9.4222824  -16.95962948 -25.56397508
 -23.2689435   -0.5736914  -19.88555563  -9.594315   -23.16807008
  -4.27690174 -18.96977019  -3.08299804 -33.89101148  -6.54270711]
scheduled_ues:  [ 0  1  3  4  5  7  9 11 13]
(1, 15, 1, 4, 1, 1)
caused INR: -7.68397624799913
TpsRandomic + IndividualEstimated_INR + -12.5
None
ls_gain_coeffs:
[-137.25747974 -140.05685901 -116.01924922 -127.94932952 -124.91046587
 -143.85969703 -127.89066843 -147.66004834 -133.70329516 -137.14971771
 -132.47659258 -132.19499198 -130.90997292 -139.09104239 -127.30481726]
inrs_hat:  [-26.2677797  -29.06715897  -5.02954918 -16.95962948 -13.92076582
 -32.86999699 -16.90096838 -36.6703483  -22.71359512 -26.16001767
 -21.48689254 -21.20529193 -19.92027288 -28.10134235 -16.31511721]
scheduled_ues:  [ 0  1  3  4  5  6  7  8  9 10 11 12 13 14]
(1, 15, 1, 4, 1, 1)
caused INR: -6.146388643371679
TpsRandomic + IndividualEstimated_INR + -15.0
None
ls_gain_coeffs:
[-129.17650661 -146.16453831 -133.34632934 -124.99386048 -126.63891479
 -143.85969703 -121.74809917 -147.66004834 -133.70329516 -129.43294392
 -132.47659258 -129.95947023 -118.85365862 -139.09104239 -116.1978122 ]
inrs_hat:  [-18.18680657 -35.17483827 -22.35662929 -14.00416044 -15.64921474
 -32.86999699 -10.75839913 -36.6703483  -22.71359512 -18.44324388
 -21.48689254 -18.96977019  -7.86395858 -28.10134235  -5.20811216]
scheduled_ues:  [ 0  1  2  4  5  7  8  9 10 11 13]
(1, 15, 1, 4, 1, 1)
caused INR: -7.401201685574986
TpsRandomic + CumulativeIndividualEstimated_INR + -10.0
None
(1, 15, 1, 4, 1, 1)
caused INR: -10.300355441666548
TpsRandomic + CumulativeIndividualEstimated_INR + -12.5
None
(1, 15, 1, 4, 1, 1)
caused INR: -18.76023116132861
TpsRandomic + CumulativeIndividualEstimated_INR + -15.0
None
(1, 15, 1, 4, 1, 1)
caused INR: -14.986657963450407
Iteration number 29
TpsAltruisticFromLsfGain + IndividualEstimated_INR + -10.0
None
ls_gain_coeffs:
[-126.65057852 -129.37790945 -133.45154322 -145.78641819 -126.84190828
 -128.63791567 -143.64885423 -130.0881869  -145.3870162  -143.44182166
 -142.46769071 -132.54840547 -131.52586794 -149.20354222 -142.5124764 ]
inrs_hat:  [-15.66087848 -18.38820941 -22.46184318 -34.79671815 -15.85220824
 -17.64821563 -32.65915418 -19.09848686 -34.39731616 -32.45212162
 -31.47799067 -21.55870543 -20.5361679  -38.21384217 -31.52277635]
scheduled_ues:  [ 0  1  2  3  4  5  6  7  8  9 10 11 12 13 14]
(1, 15, 1, 4, 1, 1)
caused INR: 0.3271497472749638
TpsAltruisticFromLsfGain + IndividualEstimated_INR + -12.5
None
ls_gain_coeffs:
[-126.65057852 -129.37790945 -133.45154322 -145.78641819 -126.84190828
 -128.63791567 -143.64885423 -130.0881869  -145.3870162  -143.44182166
 -142.46769071 -132.54840547 -131.52586794 -149.20354222 -142.5124764 ]
inrs_hat:  [-15.66087848 -18.38820941 -22.46184318 -34.79671815 -15.85220824
 -17.64821563 -32.65915418 -19.09848686 -34.39731616 -32.45212162
 -31.47799067 -21.55870543 -20.5361679  -38.21384217 -31.52277635]
scheduled_ues:  [ 0  1  2  3  4  5  6  7  8  9 10 11 12 13 14]
(1, 15, 1, 4, 1, 1)
caused INR: 0.3271497472749638
TpsAltruisticFromLsfGain + IndividualEstimated_INR + -15.0
None
ls_gain_coeffs:
[-126.65057852 -129.37790945 -133.45154322 -145.78641819 -126.84190828
 -128.63791567 -143.64885423 -130.0881869  -145.3870162  -143.44182166
 -142.46769071 -132.54840547 -131.52586794 -149.20354222 -142.5124764 ]
inrs_hat:  [-15.66087848 -18.38820941 -22.46184318 -34.79671815 -15.85220824
 -17.64821563 -32.65915418 -19.09848686 -34.39731616 -32.45212162
 -31.47799067 -21.55870543 -20.5361679  -38.21384217 -31.52277635]
scheduled_ues:  [ 0  1  2  3  4  5  6  7  8  9 10 11 12 13 14]
(1, 15, 1, 4, 1, 1)
caused INR: 0.3271497472749638
TpsAltruisticFromLsfGain + CumulativeIndividualEstimated_INR + -10.0
None
(1, 15, 1, 4, 1, 1)
caused INR: -1.9002615999335593
TpsAltruisticFromLsfGain + CumulativeIndividualEstimated_INR + -12.5
None
(1, 15, 1, 4, 1, 1)
caused INR: -7.473798038012783
TpsAltruisticFromLsfGain + CumulativeIndividualEstimated_INR + -15.0
None
(1, 15, 1, 4, 1, 1)
caused INR: -16.378805876737893
TpsRandomic + IndividualEstimated_INR + -10.0
None
ls_gain_coeffs:
[-113.40800484 -129.20519067 -133.45154322 -129.28264738 -126.84190828
 -110.80067415 -131.20393083 -116.03310899 -128.94129125 -143.44182166
 -142.46769071 -115.6528636  -131.52586794 -132.59872011 -142.5124764 ]
inrs_hat:  [ -2.4183048  -18.21549062 -22.46184318 -18.29294733 -15.85220824
   0.18902589 -20.21423078  -5.04340894 -17.95159121 -32.45212162
 -31.47799067  -4.66316356 -20.5361679  -21.60902006 -31.52277635]
scheduled_ues:  [ 1  2  3  4  6  8  9 10 12 13 14]
(1, 15, 1, 4, 1, 1)
caused INR: -6.8138504287488075
TpsRandomic + IndividualEstimated_INR + -12.5
None
ls_gain_coeffs:
[-113.40800484 -129.20519067 -120.89492663 -129.28264738 -117.36629562
 -116.5641685  -143.64885423 -112.71291269 -128.94129125 -136.62484667
 -142.46769071 -115.6528636  -129.20054418 -149.20354222 -133.33065149]
inrs_hat:  [ -2.4183048  -18.21549062  -9.90522659 -18.29294733  -6.37659557
  -5.57446846 -32.65915418  -1.72321265 -17.95159121 -25.63514662
 -31.47799067  -4.66316356 -18.21084414 -38.21384217 -22.34095145]
scheduled_ues:  [ 1  3  6  8  9 10 12 13 14]
(1, 15, 1, 4, 1, 1)
caused INR: -25.998731462969076
TpsRandomic + IndividualEstimated_INR + -15.0
None
ls_gain_coeffs:
[-126.65057852 -129.20519067 -133.10649345 -129.28264738 -126.84190828
 -110.80067415 -143.64885423 -121.8343164  -128.94129125 -143.44182166
 -126.22055767 -125.67573748 -131.52586794 -132.59872011 -133.33065149]
inrs_hat:  [-15.66087848 -18.21549062 -22.1167934  -18.29294733 -15.85220824
   0.18902589 -32.65915418 -10.84461636 -17.95159121 -32.45212162
 -15.23085763 -14.68603744 -20.5361679  -21.60902006 -22.34095145]
scheduled_ues:  [ 0  1  2  3  4  6  8  9 10 12 13 14]
(1, 15, 1, 4, 1, 1)
caused INR: -1.8779956722566304
TpsRandomic + CumulativeIndividualEstimated_INR + -10.0
None
(1, 15, 1, 4, 1, 1)
caused INR: -9.759981446047576
TpsRandomic + CumulativeIndividualEstimated_INR + -12.5
None
(1, 15, 1, 4, 1, 1)
caused INR: -16.78086170518875
TpsRandomic + CumulativeIndividualEstimated_INR + -15.0
None
(1, 15, 1, 4, 1, 1)
caused INR: -15.902978843507036
Iteration number 30
TpsAltruisticFromLsfGain + IndividualEstimated_INR + -10.0
None
ls_gain_coeffs:
[-144.83613391 -138.87521002 -131.06146993 -147.99456971 -128.41909108
 -148.64070932 -133.65020075 -125.80779313 -145.54083512 -129.09226761
 -128.00988688 -124.38768602 -128.43378682 -139.79781159 -140.89904427]
inrs_hat:  [-33.84643387 -27.88550998 -20.07176989 -37.00486966 -17.42939103
 -37.65100928 -22.6605007  -14.81809309 -34.55113508 -18.10256757
 -17.02018683 -13.39798597 -17.44408678 -28.80811155 -29.90934423]
scheduled_ues:  [ 0  1  2  3  4  5  6  7  8  9 10 11 12 13 14]
(1, 15, 1, 4, 1, 1)
caused INR: -10.074751796342024
TpsAltruisticFromLsfGain + IndividualEstimated_INR + -12.5
None
ls_gain_coeffs:
[-144.83613391 -138.87521002 -131.06146993 -147.99456971 -128.41909108
 -148.64070932 -133.65020075 -125.80779313 -145.54083512 -129.09226761
 -128.00988688 -124.38768602 -128.43378682 -139.79781159 -140.89904427]
inrs_hat:  [-33.84643387 -27.88550998 -20.07176989 -37.00486966 -17.42939103
 -37.65100928 -22.6605007  -14.81809309 -34.55113508 -18.10256757
 -17.02018683 -13.39798597 -17.44408678 -28.80811155 -29.90934423]
scheduled_ues:  [ 0  1  2  3  4  5  6  7  8  9 10 11 12 13 14]
(1, 15, 1, 4, 1, 1)
caused INR: -10.074751796342024
TpsAltruisticFromLsfGain + IndividualEstimated_INR + -15.0
None
ls_gain_coeffs:
[-144.83613391 -138.87521002 -131.06146993 -147.99456971 -128.41909108
 -148.64070932 -133.65020075 -125.80779313 -145.54083512 -129.09226761
 -128.00988688 -124.38768602 -128.43378682 -139.79781159 -140.89904427]
inrs_hat:  [-33.84643387 -27.88550998 -20.07176989 -37.00486966 -17.42939103
 -37.65100928 -22.6605007  -14.81809309 -34.55113508 -18.10256757
 -17.02018683 -13.39798597 -17.44408678 -28.80811155 -29.90934423]
scheduled_ues:  [ 0  1  2  3  4  5  6  8  9 10 12 13 14]
(1, 15, 1, 4, 1, 1)
caused INR: -15.874981603184622
TpsAltruisticFromLsfGain + CumulativeIndividualEstimated_INR + -10.0
None
(1, 15, 1, 4, 1, 1)
caused INR: -15.874981603184622
TpsAltruisticFromLsfGain + CumulativeIndividualEstimated_INR + -12.5
None
(1, 15, 1, 4, 1, 1)
caused INR: -24.401609567364993
TpsAltruisticFromLsfGain + CumulativeIndividualEstimated_INR + -15.0
None
(1, 15, 1, 4, 1, 1)
caused INR: -17.202462371531134
TpsRandomic + IndividualEstimated_INR + -10.0
None
ls_gain_coeffs:
[-131.42676505 -122.39081887 -115.51220574 -147.99456971 -128.41909108
 -132.41862417 -120.97258183 -125.80779313 -145.54083512 -129.09226761
 -124.41157454 -110.76688653 -128.43378682 -123.15849676 -140.89904427]
inrs_hat:  [-20.43706501 -11.40111882  -4.52250569 -37.00486966 -17.42939103
 -21.42892413  -9.98288178 -14.81809309 -34.55113508 -18.10256757
 -13.4218745    0.22281351 -17.44408678 -12.16879672 -29.90934423]
scheduled_ues:  [ 0  1  3  4  5  7  8  9 10 12 13 14]
(1, 15, 1, 4, 1, 1)
caused INR: -2.0650474405088044
TpsRandomic + IndividualEstimated_INR + -12.5
None
ls_gain_coeffs:
[-137.77098306 -131.84000581 -131.06146993 -142.75897952 -114.55954669
 -142.56684938 -117.0242974  -125.80779313 -135.85477874 -112.04274452
 -113.16941199 -110.76688653 -113.22979085 -123.15849676 -127.49067659]
inrs_hat:  [-26.78128302 -20.85030577 -20.07176989 -31.76927947  -3.56984664
 -31.57714934  -6.03459735 -14.81809309 -24.8650787   -1.05304447
  -2.17971194   0.22281351  -2.24009081 -12.16879672 -16.50097654]
scheduled_ues:  [ 0  1  2  3  5  7  8 14]
(1, 15, 1, 4, 1, 1)
caused INR: -14.420459472838235
TpsRandomic + IndividualEstimated_INR + -15.0
None
ls_gain_coeffs:
[-128.37807406 -138.87521002 -131.06146993 -147.99456971 -128.41909108
 -148.64070932 -120.97258183 -115.48389783 -135.85477874 -118.78661998
 -124.41157454 -116.53615375 -124.29019287 -139.79781159 -140.89904427]
inrs_hat:  [-17.38837401 -27.88550998 -20.07176989 -37.00486966 -17.42939103
 -37.65100928  -9.98288178  -4.49419778 -24.8650787   -7.79691994
 -13.4218745   -5.54645371 -13.30049282 -28.80811155 -29.90934423]
scheduled_ues:  [ 0  1  2  3  4  5  8 13 14]
(1, 15, 1, 4, 1, 1)
caused INR: -21.197653961397688
TpsRandomic + CumulativeIndividualEstimated_INR + -10.0
None
(1, 15, 1, 4, 1, 1)
caused INR: -24.19125767121399
TpsRandomic + CumulativeIndividualEstimated_INR + -12.5
None
(1, 15, 1, 4, 1, 1)
caused INR: -9.43398153721058
TpsRandomic + CumulativeIndividualEstimated_INR + -15.0
None
(1, 15, 1, 4, 1, 1)
caused INR: -41.76284822794884
Iteration number 31
TpsAltruisticFromLsfGain + IndividualEstimated_INR + -10.0
None
ls_gain_coeffs:
[-149.93785086 -152.70231036 -134.61617382 -148.3015072  -147.36086805
 -147.99232854 -137.74331214 -139.99521825 -140.63048227 -129.19938564
 -130.86110843 -133.75190994 -122.04014833 -139.45022347 -149.12795468]
inrs_hat:  [-38.94815082 -41.71261031 -23.62647378 -37.31180716 -36.371168
 -37.00262849 -26.7536121  -29.00551821 -29.64078223 -18.20968559
 -19.87140838 -22.7622099  -11.05044828 -28.46052343 -38.13825464]
scheduled_ues:  [ 0  1  2  3  4  5  6  7  8  9 10 11 12 13 14]
(1, 15, 1, 4, 1, 1)
caused INR: -4.843285485039867
TpsAltruisticFromLsfGain + IndividualEstimated_INR + -12.5
None
ls_gain_coeffs:
[-149.93785086 -152.70231036 -134.61617382 -148.3015072  -147.36086805
 -147.99232854 -137.74331214 -139.99521825 -140.63048227 -129.19938564
 -130.86110843 -133.75190994 -122.04014833 -139.45022347 -149.12795468]
inrs_hat:  [-38.94815082 -41.71261031 -23.62647378 -37.31180716 -36.371168
 -37.00262849 -26.7536121  -29.00551821 -29.64078223 -18.20968559
 -19.87140838 -22.7622099  -11.05044828 -28.46052343 -38.13825464]
scheduled_ues:  [ 0  1  2  3  4  5  6  7  8  9 10 11 13 14]
(1, 15, 1, 4, 1, 1)
caused INR: -12.773446437273488
TpsAltruisticFromLsfGain + IndividualEstimated_INR + -15.0
None
ls_gain_coeffs:
[-149.93785086 -152.70231036 -134.61617382 -148.3015072  -147.36086805
 -147.99232854 -137.74331214 -139.99521825 -140.63048227 -129.19938564
 -130.86110843 -133.75190994 -122.04014833 -139.45022347 -149.12795468]
inrs_hat:  [-38.94815082 -41.71261031 -23.62647378 -37.31180716 -36.371168
 -37.00262849 -26.7536121  -29.00551821 -29.64078223 -18.20968559
 -19.87140838 -22.7622099  -11.05044828 -28.46052343 -38.13825464]
scheduled_ues:  [ 0  1  2  3  4  5  6  7  8  9 10 11 13 14]
(1, 15, 1, 4, 1, 1)
caused INR: -12.773446437273488
TpsAltruisticFromLsfGain + CumulativeIndividualEstimated_INR + -10.0
None
(1, 15, 1, 4, 1, 1)
caused INR: -12.773446437273488
TpsAltruisticFromLsfGain + CumulativeIndividualEstimated_INR + -12.5
None
(1, 15, 1, 4, 1, 1)
caused INR: -12.773446437273488
TpsAltruisticFromLsfGain + CumulativeIndividualEstimated_INR + -15.0
None
(1, 15, 1, 4, 1, 1)
caused INR: -14.302562401486
TpsRandomic + IndividualEstimated_INR + -10.0
None
ls_gain_coeffs:
[-138.65438346 -152.70231036 -123.19590733 -148.3015072  -131.22424859
 -147.99232854 -137.74331214 -131.4208965  -140.63048227 -113.28480638
 -128.44602819 -116.32267503 -120.94638006 -139.45022347 -138.9261202 ]
inrs_hat:  [-27.66468342 -41.71261031 -12.20620729 -37.31180716 -20.23454855
 -37.00262849 -26.7536121  -20.43119646 -29.64078223  -2.29510634
 -17.45632814  -5.33297498  -9.95668001 -28.46052343 -27.93642015]
scheduled_ues:  [ 0  1  2  3  4  5  6  7  8 10 13 14]
(1, 15, 1, 4, 1, 1)
caused INR: -5.2333701277419244
TpsRandomic + IndividualEstimated_INR + -12.5
None
ls_gain_coeffs:
[-140.39455641 -152.70231036 -124.80253888 -134.32189059 -147.36086805
 -144.40464326 -137.74331214 -139.99521825 -132.60547885 -115.02129601
 -128.44602819 -121.60428537 -122.04014833 -139.45022347 -138.20318927]
inrs_hat:  [-29.40485637 -41.71261031 -13.81283884 -23.33219054 -36.371168
 -33.41494322 -26.7536121  -29.00551821 -21.6157788   -4.03159597
 -17.45632814 -10.61458533 -11.05044828 -28.46052343 -27.21348923]
scheduled_ues:  [ 0  1  2  3  4  5  6  7  8 10 13 14]
(1, 15, 1, 4, 1, 1)
caused INR: -10.95931916311206
TpsRandomic + IndividualEstimated_INR + -15.0
None
ls_gain_coeffs:
[-149.93785086 -136.42646561 -117.77842311 -134.32189059 -133.84983441
 -144.40464326 -126.42298509 -127.21573962 -140.63048227 -115.02129601
 -117.61448168 -116.32267503 -120.94638006 -132.9190239  -132.34385474]
inrs_hat:  [-38.94815082 -25.43676557  -6.78872306 -23.33219054 -22.86013437
 -33.41494322 -15.43328505 -16.22603958 -29.64078223  -4.03159597
  -6.62478164  -5.33297498  -9.95668001 -21.92932386 -21.35415469]
scheduled_ues:  [ 0  1  3  4  5  6  7  8 13 14]
(1, 15, 1, 4, 1, 1)
caused INR: -18.984558581529175
TpsRandomic + CumulativeIndividualEstimated_INR + -10.0
None
(1, 15, 1, 4, 1, 1)
caused INR: -9.560367308240856
TpsRandomic + CumulativeIndividualEstimated_INR + -12.5
None
(1, 15, 1, 4, 1, 1)
caused INR: -12.080009808823375
TpsRandomic + CumulativeIndividualEstimated_INR + -15.0
None
(1, 15, 1, 4, 1, 1)
caused INR: -15.48136281480864
Iteration number 32
TpsAltruisticFromLsfGain + IndividualEstimated_INR + -10.0
None
ls_gain_coeffs:
[-141.97870849 -142.6558348  -142.51950539 -153.63636312 -132.56211153
 -134.49979297 -122.29138605 -138.77561765 -141.84844452 -145.00251116
 -130.17967892 -141.18023615 -131.3351016  -141.64448487 -135.46041984]
inrs_hat:  [-30.98900844 -31.66613475 -31.52980535 -42.64666308 -21.57241149
 -23.51009293 -11.301686   -27.78591761 -30.85874448 -34.01281111
 -19.18997888 -30.19053611 -20.34540156 -30.65478482 -24.4707198 ]
scheduled_ues:  [ 0  1  2  3  4  5  6  7  8  9 10 11 12 13 14]
(1, 15, 1, 4, 1, 1)
caused INR: -5.94792353369515
TpsAltruisticFromLsfGain + IndividualEstimated_INR + -12.5
None
ls_gain_coeffs:
[-141.97870849 -142.6558348  -142.51950539 -153.63636312 -132.56211153
 -134.49979297 -122.29138605 -138.77561765 -141.84844452 -145.00251116
 -130.17967892 -141.18023615 -131.3351016  -141.64448487 -135.46041984]
inrs_hat:  [-30.98900844 -31.66613475 -31.52980535 -42.64666308 -21.57241149
 -23.51009293 -11.301686   -27.78591761 -30.85874448 -34.01281111
 -19.18997888 -30.19053611 -20.34540156 -30.65478482 -24.4707198 ]
scheduled_ues:  [ 0  1  2  3  4  5  7  8  9 10 11 12 13 14]
(1, 15, 1, 4, 1, 1)
caused INR: -12.209424171083217
TpsAltruisticFromLsfGain + IndividualEstimated_INR + -15.0
None
ls_gain_coeffs:
[-141.97870849 -142.6558348  -142.51950539 -153.63636312 -132.56211153
 -134.49979297 -122.29138605 -138.77561765 -141.84844452 -145.00251116
 -130.17967892 -141.18023615 -131.3351016  -141.64448487 -135.46041984]
inrs_hat:  [-30.98900844 -31.66613475 -31.52980535 -42.64666308 -21.57241149
 -23.51009293 -11.301686   -27.78591761 -30.85874448 -34.01281111
 -19.18997888 -30.19053611 -20.34540156 -30.65478482 -24.4707198 ]
scheduled_ues:  [ 0  1  2  3  4  5  7  8  9 10 11 12 13 14]
(1, 15, 1, 4, 1, 1)
caused INR: -12.209424171083217
TpsAltruisticFromLsfGain + CumulativeIndividualEstimated_INR + -10.0
None
(1, 15, 1, 4, 1, 1)
caused INR: -12.209424171083217
TpsAltruisticFromLsfGain + CumulativeIndividualEstimated_INR + -12.5
None
(1, 15, 1, 4, 1, 1)
caused INR: -12.209424171083217
TpsAltruisticFromLsfGain + CumulativeIndividualEstimated_INR + -15.0
None
(1, 15, 1, 4, 1, 1)
caused INR: -15.602380747376577
TpsRandomic + IndividualEstimated_INR + -10.0
None
ls_gain_coeffs:
[-139.72722261 -137.95205798 -132.31759922 -145.85917928 -115.24966965
 -118.18847233 -122.29138605 -122.5256546  -141.09152039 -145.00251116
 -130.17967892 -141.18023615 -122.72470762 -128.86169611 -135.46041984]
inrs_hat:  [-28.73752257 -26.96235794 -21.32789918 -34.86947923  -4.2599696
  -7.19877229 -11.301686   -11.53595456 -30.10182035 -34.01281111
 -19.18997888 -30.19053611 -11.73500758 -17.87199606 -24.4707198 ]
scheduled_ues:  [ 0  1  2  3  6  7  8  9 10 11 12 13 14]
(1, 15, 1, 4, 1, 1)
caused INR: -9.124816123674726
TpsRandomic + IndividualEstimated_INR + -12.5
None
ls_gain_coeffs:
[-128.0361179  -127.07838359 -131.59600582 -137.17416697 -123.37847651
 -134.49979297 -121.56641144 -138.77561765 -129.15453648 -128.04489128
 -116.4661406  -124.31957265 -131.3351016  -128.86169611 -118.86206287]
inrs_hat:  [-17.04641786 -16.08868354 -20.60630577 -26.18446693 -12.38877646
 -23.51009293 -10.57671139 -27.78591761 -18.16483644 -17.05519124
  -5.47644056 -13.3298726  -20.34540156 -17.87199606  -7.87236283]
scheduled_ues:  [ 0  1  2  3  5  7  8  9 11 12 13]
(1, 15, 1, 4, 1, 1)
caused INR: -8.242825622762961
TpsRandomic + IndividualEstimated_INR + -15.0
None
ls_gain_coeffs:
[-128.0361179  -128.64630919 -132.31759922 -140.93075467 -115.24966965
 -118.18847233 -121.56641144 -122.5256546  -128.90222844 -128.04489128
 -130.17967892 -124.31957265 -131.3351016  -133.63559298 -135.46041984]
inrs_hat:  [-17.04641786 -17.65660915 -21.32789918 -29.94105462  -4.2599696
  -7.19877229 -10.57671139 -11.53595456 -17.91252839 -17.05519124
 -19.18997888 -13.3298726  -20.34540156 -22.64589294 -24.4707198 ]
scheduled_ues:  [ 0  1  2  3  8  9 10 12 13 14]
(1, 15, 1, 4, 1, 1)
caused INR: -7.129848319503516
TpsRandomic + CumulativeIndividualEstimated_INR + -10.0
None
(1, 15, 1, 4, 1, 1)
caused INR: -13.373907124675954
TpsRandomic + CumulativeIndividualEstimated_INR + -12.5
None
(1, 15, 1, 4, 1, 1)
caused INR: -19.82626365780701
TpsRandomic + CumulativeIndividualEstimated_INR + -15.0
None
(1, 15, 1, 4, 1, 1)
caused INR: -20.819056753734312
Iteration number 33
TpsAltruisticFromLsfGain + IndividualEstimated_INR + -10.0
None
ls_gain_coeffs:
[-132.34721634 -137.02748335 -149.30682939 -142.17649001 -123.42300597
 -136.52378233 -137.11151188 -127.12815012 -135.63774441 -143.01817183
 -139.74035685 -141.42122631 -133.94605532 -140.48678856 -128.99144788]
inrs_hat:  [-21.3575163  -26.03778331 -38.31712934 -31.18678997 -12.43330593
 -25.53408229 -26.12181184 -16.13845008 -24.64804437 -32.02847179
 -28.75065681 -30.43152627 -22.95635527 -29.49708852 -18.00174784]
scheduled_ues:  [ 0  1  2  3  4  5  6  7  8  9 10 11 12 13 14]
(1, 15, 1, 4, 1, 1)
caused INR: -9.753057885477117
TpsAltruisticFromLsfGain + IndividualEstimated_INR + -12.5
None
ls_gain_coeffs:
[-132.34721634 -137.02748335 -149.30682939 -142.17649001 -123.42300597
 -136.52378233 -137.11151188 -127.12815012 -135.63774441 -143.01817183
 -139.74035685 -141.42122631 -133.94605532 -140.48678856 -128.99144788]
inrs_hat:  [-21.3575163  -26.03778331 -38.31712934 -31.18678997 -12.43330593
 -25.53408229 -26.12181184 -16.13845008 -24.64804437 -32.02847179
 -28.75065681 -30.43152627 -22.95635527 -29.49708852 -18.00174784]
scheduled_ues:  [ 0  1  2  3  5  6  7  8  9 10 11 12 13 14]
(1, 15, 1, 4, 1, 1)
caused INR: -11.976369991569417
TpsAltruisticFromLsfGain + IndividualEstimated_INR + -15.0
None
ls_gain_coeffs:
[-132.34721634 -137.02748335 -149.30682939 -142.17649001 -123.42300597
 -136.52378233 -137.11151188 -127.12815012 -135.63774441 -143.01817183
 -139.74035685 -141.42122631 -133.94605532 -140.48678856 -128.99144788]
inrs_hat:  [-21.3575163  -26.03778331 -38.31712934 -31.18678997 -12.43330593
 -25.53408229 -26.12181184 -16.13845008 -24.64804437 -32.02847179
 -28.75065681 -30.43152627 -22.95635527 -29.49708852 -18.00174784]
scheduled_ues:  [ 0  1  2  3  5  6  7  8  9 10 11 12 13 14]
(1, 15, 1, 4, 1, 1)
caused INR: -11.976369991569417
TpsAltruisticFromLsfGain + CumulativeIndividualEstimated_INR + -10.0
None
(1, 15, 1, 4, 1, 1)
caused INR: -11.976369991569417
TpsAltruisticFromLsfGain + CumulativeIndividualEstimated_INR + -12.5
None
(1, 15, 1, 4, 1, 1)
caused INR: -11.200503584361394
TpsAltruisticFromLsfGain + CumulativeIndividualEstimated_INR + -15.0
None
(1, 15, 1, 4, 1, 1)
caused INR: -13.927687465894603
TpsRandomic + IndividualEstimated_INR + -10.0
None
ls_gain_coeffs:
[-115.65861559 -122.9637383  -132.90544746 -142.17649001 -114.16842566
 -136.52378233 -124.79405202 -114.57170728 -118.95973999 -129.007008
 -139.74035685 -128.39498556 -127.80861789 -140.48678856 -128.68590646]
inrs_hat:  [ -4.66891555 -11.97403825 -21.91574742 -31.18678997  -3.17872562
 -25.53408229 -13.80435197  -3.58200723  -7.97003994 -18.01730795
 -28.75065681 -17.40528552 -16.81891785 -29.49708852 -17.69620642]
scheduled_ues:  [ 1  2  3  5  6  9 10 11 12 13 14]
(1, 15, 1, 4, 1, 1)
caused INR: -6.8813987396485565
TpsRandomic + IndividualEstimated_INR + -12.5
None
ls_gain_coeffs:
[-124.32120747 -137.02748335 -142.0339909  -125.4855793  -123.42300597
 -136.52378233 -124.79405202 -114.57170728 -118.95973999 -126.82981021
 -128.36100346 -127.81034481 -127.80861789 -140.48678856 -128.99144788]
inrs_hat:  [-13.33150742 -26.03778331 -31.04429085 -14.49587925 -12.43330593
 -25.53408229 -13.80435197  -3.58200723  -7.97003994 -15.84011016
 -17.37130342 -16.82064476 -16.81891785 -29.49708852 -18.00174784]
scheduled_ues:  [ 0  1  2  3  5  6  9 10 11 12 13 14]
(1, 15, 1, 4, 1, 1)
caused INR: -13.209864706320989
TpsRandomic + IndividualEstimated_INR + -15.0
None
ls_gain_coeffs:
[-132.34721634 -121.34159324 -132.90544746 -134.31413189 -110.37597577
 -119.34959496 -119.9570719  -114.45686443 -135.63774441 -129.007008
 -122.61406928 -128.39498556 -133.94605532 -126.7634513  -128.99144788]
inrs_hat:  [-21.3575163  -10.35189319 -21.91574742 -23.32443185   0.61372428
  -8.35989492  -8.96737185  -3.46716439 -24.64804437 -18.01730795
 -11.62436924 -17.40528552 -22.95635527 -15.77375126 -18.00174784]
scheduled_ues:  [ 0  2  3  8  9 11 12 13 14]
(1, 15, 1, 4, 1, 1)
caused INR: -12.296490911140204
TpsRandomic + CumulativeIndividualEstimated_INR + -10.0
None
(1, 15, 1, 4, 1, 1)
caused INR: -11.354219982521078
TpsRandomic + CumulativeIndividualEstimated_INR + -12.5
None
(1, 15, 1, 4, 1, 1)
caused INR: -19.374806917939516
TpsRandomic + CumulativeIndividualEstimated_INR + -15.0
None
(1, 15, 1, 4, 1, 1)
caused INR: -15.760648688754342
Iteration number 34
TpsAltruisticFromLsfGain + IndividualEstimated_INR + -10.0
None
ls_gain_coeffs:
[-149.09528978 -138.82459858 -140.06961914 -146.99262496 -147.37377196
 -132.97252272 -122.47832976 -143.84324259 -124.90201776 -146.80885132
 -132.40512751 -149.95946568 -139.34485436 -146.86470624 -121.21790553]
inrs_hat:  [-38.10558974 -27.83489853 -29.0799191  -36.00292491 -36.38407192
 -21.98282267 -11.48862972 -32.85354255 -13.91231772 -35.81915128
 -21.41542746 -38.96976564 -28.35515432 -35.87500619 -10.22820548]
scheduled_ues:  [ 0  1  2  3  4  5  6  7  8  9 10 11 12 13 14]
(1, 15, 1, 4, 1, 1)
caused INR: -6.119493040001718
TpsAltruisticFromLsfGain + IndividualEstimated_INR + -12.5
None
ls_gain_coeffs:
[-149.09528978 -138.82459858 -140.06961914 -146.99262496 -147.37377196
 -132.97252272 -122.47832976 -143.84324259 -124.90201776 -146.80885132
 -132.40512751 -149.95946568 -139.34485436 -146.86470624 -121.21790553]
inrs_hat:  [-38.10558974 -27.83489853 -29.0799191  -36.00292491 -36.38407192
 -21.98282267 -11.48862972 -32.85354255 -13.91231772 -35.81915128
 -21.41542746 -38.96976564 -28.35515432 -35.87500619 -10.22820548]
scheduled_ues:  [ 0  1  2  3  4  5  7  8  9 10 11 12 13]
(1, 15, 1, 4, 1, 1)
caused INR: -11.96740125283792
TpsAltruisticFromLsfGain + IndividualEstimated_INR + -15.0
None
ls_gain_coeffs:
[-149.09528978 -138.82459858 -140.06961914 -146.99262496 -147.37377196
 -132.97252272 -122.47832976 -143.84324259 -124.90201776 -146.80885132
 -132.40512751 -149.95946568 -139.34485436 -146.86470624 -121.21790553]
inrs_hat:  [-38.10558974 -27.83489853 -29.0799191  -36.00292491 -36.38407192
 -21.98282267 -11.48862972 -32.85354255 -13.91231772 -35.81915128
 -21.41542746 -38.96976564 -28.35515432 -35.87500619 -10.22820548]
scheduled_ues:  [ 0  1  2  3  4  5  7  9 10 11 12 13]
(1, 15, 1, 4, 1, 1)
caused INR: -21.242263003546515
TpsAltruisticFromLsfGain + CumulativeIndividualEstimated_INR + -10.0
None
(1, 15, 1, 4, 1, 1)
caused INR: -11.96740125283792
TpsAltruisticFromLsfGain + CumulativeIndividualEstimated_INR + -12.5
None
(1, 15, 1, 4, 1, 1)
caused INR: -21.242263003546515
TpsAltruisticFromLsfGain + CumulativeIndividualEstimated_INR + -15.0
None
(1, 15, 1, 4, 1, 1)
caused INR: -21.242263003546515
TpsRandomic + IndividualEstimated_INR + -10.0
None
ls_gain_coeffs:
[-132.35092952 -125.71806279 -140.06961914 -136.90684125 -147.37377196
 -132.97252272 -108.61293689 -136.92198613 -114.88015238 -130.34383868
 -115.19107371 -137.65796116 -130.99382919 -146.86470624 -121.21790553]
inrs_hat:  [-21.36122948 -14.72836275 -29.0799191  -25.91714121 -36.38407192
 -21.98282267   2.37676316 -25.93228608  -3.89045233 -19.35413863
  -4.20137366 -26.66826111 -20.00412914 -35.87500619 -10.22820548]
scheduled_ues:  [ 0  1  2  3  4  5  7  9 11 12 13 14]
(1, 15, 1, 4, 1, 1)
caused INR: -8.922107107943027
TpsRandomic + IndividualEstimated_INR + -12.5
None
ls_gain_coeffs:
[-139.06437175 -125.71806279 -140.06961914 -136.90684125 -147.37377196
 -119.96099076 -120.34264045 -127.33748207 -124.90201776 -139.26816559
 -122.59245768 -149.95946568 -122.79547698 -132.47000499 -121.21790553]
inrs_hat:  [-28.0746717  -14.72836275 -29.0799191  -25.91714121 -36.38407192
  -8.97129071  -9.3529404  -16.34778202 -13.91231772 -28.27846554
 -11.60275763 -38.96976564 -11.80577694 -21.48030495 -10.22820548]
scheduled_ues:  [ 0  1  2  3  4  7  8  9 11 13]
(1, 15, 1, 4, 1, 1)
caused INR: -9.439911958992406
TpsRandomic + IndividualEstimated_INR + -15.0
None
ls_gain_coeffs:
[-139.06437175 -122.05081077 -131.51604913 -135.91514575 -130.63442227
 -125.40156711 -122.47832976 -130.19457801 -109.11979597 -133.86111177
 -115.19107371 -141.44951022 -139.34485436 -133.44655562 -103.77550088]
inrs_hat:  [-28.0746717  -11.06111073 -20.52634909 -24.9254457  -19.64472222
 -14.41186707 -11.48862972 -19.20487796   1.86990408 -22.87141172
  -4.20137366 -30.45981017 -28.35515432 -22.45685557   7.21419916]
scheduled_ues:  [ 0  2  3  4  7  9 11 12 13]
(1, 15, 1, 4, 1, 1)
caused INR: -11.437280482040677
TpsRandomic + CumulativeIndividualEstimated_INR + -10.0
None
(1, 15, 1, 4, 1, 1)
caused INR: -11.628632011761066
TpsRandomic + CumulativeIndividualEstimated_INR + -12.5
None
(1, 15, 1, 4, 1, 1)
caused INR: -13.921671800725937
TpsRandomic + CumulativeIndividualEstimated_INR + -15.0
None
(1, 15, 1, 4, 1, 1)
caused INR: -17.70302477757123
Iteration number 35
TpsAltruisticFromLsfGain + IndividualEstimated_INR + -10.0
None
ls_gain_coeffs:
[-142.57918481 -132.59989362 -146.44957066 -130.53118049 -138.95702667
 -150.57739329 -133.11256018 -142.35937351 -131.49918275 -140.00985907
 -150.21265112 -140.91370612 -142.29534413 -139.4173992  -149.9089107 ]
inrs_hat:  [-31.58948476 -21.61019357 -35.45987062 -19.54148045 -27.96732663
 -39.58769324 -22.12286013 -31.36967347 -20.5094827  -29.02015903
 -39.22295108 -29.92400607 -31.30564409 -28.42769916 -38.91921066]
scheduled_ues:  [ 0  1  2  3  4  5  6  7  8  9 10 11 12 13 14]
(1, 15, 1, 4, 1, 1)
caused INR: -20.571333090547693
TpsAltruisticFromLsfGain + IndividualEstimated_INR + -12.5
None
ls_gain_coeffs:
[-142.57918481 -132.59989362 -146.44957066 -130.53118049 -138.95702667
 -150.57739329 -133.11256018 -142.35937351 -131.49918275 -140.00985907
 -150.21265112 -140.91370612 -142.29534413 -139.4173992  -149.9089107 ]
inrs_hat:  [-31.58948476 -21.61019357 -35.45987062 -19.54148045 -27.96732663
 -39.58769324 -22.12286013 -31.36967347 -20.5094827  -29.02015903
 -39.22295108 -29.92400607 -31.30564409 -28.42769916 -38.91921066]
scheduled_ues:  [ 0  1  2  3  4  5  6  7  8  9 10 11 12 13 14]
(1, 15, 1, 4, 1, 1)
caused INR: -20.571333090547693
TpsAltruisticFromLsfGain + IndividualEstimated_INR + -15.0
None
ls_gain_coeffs:
[-142.57918481 -132.59989362 -146.44957066 -130.53118049 -138.95702667
 -150.57739329 -133.11256018 -142.35937351 -131.49918275 -140.00985907
 -150.21265112 -140.91370612 -142.29534413 -139.4173992  -149.9089107 ]
inrs_hat:  [-31.58948476 -21.61019357 -35.45987062 -19.54148045 -27.96732663
 -39.58769324 -22.12286013 -31.36967347 -20.5094827  -29.02015903
 -39.22295108 -29.92400607 -31.30564409 -28.42769916 -38.91921066]
scheduled_ues:  [ 0  1  2  3  4  5  6  7  8  9 10 11 12 13 14]
(1, 15, 1, 4, 1, 1)
caused INR: -20.571333090547693
TpsAltruisticFromLsfGain + CumulativeIndividualEstimated_INR + -10.0
None
(1, 15, 1, 4, 1, 1)
caused INR: -20.571333090547693
TpsAltruisticFromLsfGain + CumulativeIndividualEstimated_INR + -12.5
None
(1, 15, 1, 4, 1, 1)
caused INR: -20.571333090547693
TpsAltruisticFromLsfGain + CumulativeIndividualEstimated_INR + -15.0
None
(1, 15, 1, 4, 1, 1)
caused INR: -25.50954888736262
TpsRandomic + IndividualEstimated_INR + -10.0
None
ls_gain_coeffs:
[-126.33970671 -118.14043832 -146.44957066 -128.12452259 -138.95702667
 -150.57739329 -128.86588628 -125.77473976 -114.32990675 -125.42767861
 -150.21265112 -131.12669014 -142.29534413 -139.4173992  -143.59178627]
inrs_hat:  [-15.35000666  -7.15073828 -35.45987062 -17.13482255 -27.96732663
 -39.58769324 -17.87618624 -14.78503972  -3.3402067  -14.43797857
 -39.22295108 -20.1369901  -31.30564409 -28.42769916 -32.60208623]
scheduled_ues:  [ 0  2  3  4  5  6  7  9 10 11 12 13 14]
(1, 15, 1, 4, 1, 1)
caused INR: -5.818221077640546
TpsRandomic + IndividualEstimated_INR + -12.5
None
ls_gain_coeffs:
[-126.33970671 -125.82173632 -132.65835488 -117.28736119 -123.24345322
 -133.8992744  -128.86588628 -125.77473976 -123.68055509 -126.49796884
 -133.95224082 -124.24738854 -142.29534413 -139.4173992  -136.34124281]
inrs_hat:  [-15.35000666 -14.83203628 -21.66865484  -6.29766115 -12.25375318
 -22.90957435 -17.87618624 -14.78503972 -12.69085504 -15.5082688
 -22.96254078 -13.25768849 -31.30564409 -28.42769916 -25.35154277]
scheduled_ues:  [ 0  1  2  5  6  7  8  9 10 11 12 13 14]
(1, 15, 1, 4, 1, 1)
caused INR: -8.033997243458714
TpsRandomic + IndividualEstimated_INR + -15.0
None
ls_gain_coeffs:
[-128.51164363 -115.76028732 -146.44957066 -117.28736119 -134.0490665
 -150.57739329 -133.11256018 -134.7171406  -114.32990675 -126.49796884
 -143.45388946 -124.24738854 -131.51877314 -122.03414235 -143.59178627]
inrs_hat:  [-17.52194359  -4.77058728 -35.45987062  -6.29766115 -23.05936645
 -39.58769324 -22.12286013 -23.72744055  -3.3402067  -15.5082688
 -32.46418942 -13.25768849 -20.5290731  -11.0444423  -32.60208623]
scheduled_ues:  [ 0  2  4  5  6  7  9 10 12 14]
(1, 15, 1, 4, 1, 1)
caused INR: -10.891358088961681
TpsRandomic + CumulativeIndividualEstimated_INR + -10.0
None
(1, 15, 1, 4, 1, 1)
caused INR: -9.82277896878676
TpsRandomic + CumulativeIndividualEstimated_INR + -12.5
None
(1, 15, 1, 4, 1, 1)
caused INR: -12.70568325384317
TpsRandomic + CumulativeIndividualEstimated_INR + -15.0
None
(1, 15, 1, 4, 1, 1)
caused INR: -22.26557675599158
Iteration number 36
TpsAltruisticFromLsfGain + IndividualEstimated_INR + -10.0
None
ls_gain_coeffs:
[-140.47264018 -144.33054556 -153.72409122 -133.16144394 -144.37105424
 -133.0138814  -147.05494749 -143.11427741 -137.3048959  -132.40127695
 -131.01665698 -126.55912659 -141.18638129 -116.9242892  -132.11055249]
inrs_hat:  [-29.48294014 -33.34084552 -42.73439117 -22.17174389 -33.3813542
 -22.02418136 -36.06524745 -32.12457737 -26.31519585 -21.41157691
 -20.02695694 -15.56942655 -30.19668125  -5.93458916 -21.12085245]
scheduled_ues:  [ 0  1  2  3  4  5  6  7  8  9 10 11 12 14]
(1, 15, 1, 4, 1, 1)
caused INR: -7.868201891650418
TpsAltruisticFromLsfGain + IndividualEstimated_INR + -12.5
None
ls_gain_coeffs:
[-140.47264018 -144.33054556 -153.72409122 -133.16144394 -144.37105424
 -133.0138814  -147.05494749 -143.11427741 -137.3048959  -132.40127695
 -131.01665698 -126.55912659 -141.18638129 -116.9242892  -132.11055249]
inrs_hat:  [-29.48294014 -33.34084552 -42.73439117 -22.17174389 -33.3813542
 -22.02418136 -36.06524745 -32.12457737 -26.31519585 -21.41157691
 -20.02695694 -15.56942655 -30.19668125  -5.93458916 -21.12085245]
scheduled_ues:  [ 0  1  2  3  4  5  6  7  8  9 10 11 12 14]
(1, 15, 1, 4, 1, 1)
caused INR: -7.868201891650418
TpsAltruisticFromLsfGain + IndividualEstimated_INR + -15.0
None
ls_gain_coeffs:
[-140.47264018 -144.33054556 -153.72409122 -133.16144394 -144.37105424
 -133.0138814  -147.05494749 -143.11427741 -137.3048959  -132.40127695
 -131.01665698 -126.55912659 -141.18638129 -116.9242892  -132.11055249]
inrs_hat:  [-29.48294014 -33.34084552 -42.73439117 -22.17174389 -33.3813542
 -22.02418136 -36.06524745 -32.12457737 -26.31519585 -21.41157691
 -20.02695694 -15.56942655 -30.19668125  -5.93458916 -21.12085245]
scheduled_ues:  [ 0  1  2  3  4  5  6  7  8  9 10 11 12 14]
(1, 15, 1, 4, 1, 1)
caused INR: -7.868201891650418
TpsAltruisticFromLsfGain + CumulativeIndividualEstimated_INR + -10.0
None
(1, 15, 1, 4, 1, 1)
caused INR: -7.868201891650418
TpsAltruisticFromLsfGain + CumulativeIndividualEstimated_INR + -12.5
None
(1, 15, 1, 4, 1, 1)
caused INR: -9.705914819948354
TpsAltruisticFromLsfGain + CumulativeIndividualEstimated_INR + -15.0
None
(1, 15, 1, 4, 1, 1)
caused INR: -13.563566132838506
TpsRandomic + IndividualEstimated_INR + -10.0
None
ls_gain_coeffs:
[-131.91215209 -144.33054556 -141.76772984 -133.16144394 -131.50920171
 -124.54980337 -147.05494749 -126.50452656 -137.3048959  -132.40127695
 -117.65486527 -112.35793242 -125.1574906  -116.9242892  -132.11055249]
inrs_hat:  [-20.92245205 -33.34084552 -30.77802979 -22.17174389 -20.51950167
 -13.56010333 -36.06524745 -15.51482651 -26.31519585 -21.41157691
  -6.66516523  -1.36823238 -14.16779056  -5.93458916 -21.12085245]
scheduled_ues:  [ 0  1  2  3  4  5  6  7  8  9 12 14]
(1, 15, 1, 4, 1, 1)
caused INR: -19.09926113650968
TpsRandomic + IndividualEstimated_INR + -12.5
None
ls_gain_coeffs:
[-140.47264018 -127.55786218 -137.13355008 -123.08320363 -136.47788412
 -115.79036379 -132.84555214 -126.50452656 -137.3048959  -132.40127695
 -117.65486527 -126.55912659 -141.18638129  -99.61652649 -115.18734025]
inrs_hat:  [-29.48294014 -16.56816214 -26.14385003 -12.09350358 -25.48818408
  -4.80066375 -21.85585209 -15.51482651 -26.31519585 -21.41157691
  -6.66516523 -15.56942655 -30.19668125  11.37317355  -4.1976402 ]
scheduled_ues:  [ 0  1  2  4  6  7  8  9 11 12]
(1, 15, 1, 4, 1, 1)
caused INR: -17.309198586691355
TpsRandomic + IndividualEstimated_INR + -15.0
None
ls_gain_coeffs:
[-140.47264018 -127.55786218 -144.94097032 -133.16144394 -131.50920171
 -133.0138814  -147.05494749 -126.50452656 -127.48810803 -116.67049496
 -131.01665698 -126.55912659 -125.1574906   -99.61652649 -132.11055249]
inrs_hat:  [-29.48294014 -16.56816214 -33.95127027 -22.17174389 -20.51950167
 -22.02418136 -36.06524745 -15.51482651 -16.49840799  -5.68079491
 -20.02695694 -15.56942655 -14.16779056  11.37317355 -21.12085245]
scheduled_ues:  [ 0  1  2  3  4  5  6  7  8 10 11 14]
(1, 15, 1, 4, 1, 1)
caused INR: -11.875469712508671
TpsRandomic + CumulativeIndividualEstimated_INR + -10.0
None
(1, 15, 1, 4, 1, 1)
caused INR: -17.5174619691405
TpsRandomic + CumulativeIndividualEstimated_INR + -12.5
None
(1, 15, 1, 4, 1, 1)
caused INR: -11.369832144012026
TpsRandomic + CumulativeIndividualEstimated_INR + -15.0
None
(1, 15, 1, 4, 1, 1)
caused INR: -20.243063600506073
Iteration number 37
TpsAltruisticFromLsfGain + IndividualEstimated_INR + -10.0
None
ls_gain_coeffs:
[-115.17160648 -136.46238165 -145.70388619 -148.65770152 -145.66292874
 -149.54741898 -144.12994973 -127.28812383 -129.02314675 -132.79404132
 -145.29500558 -147.82904938 -130.12800001 -133.06376253 -140.49325218]
inrs_hat:  [ -4.18190643 -25.4726816  -34.71418614 -37.66800148 -34.67322869
 -38.55771893 -33.14024968 -16.29842379 -18.03344671 -21.80434128
 -34.30530554 -36.83934933 -19.13829996 -22.07406249 -29.50355213]
scheduled_ues:  [ 1  2  3  4  5  6  7  8  9 10 11 12 13 14]
(1, 15, 1, 4, 1, 1)
caused INR: -9.880996918769917
TpsAltruisticFromLsfGain + IndividualEstimated_INR + -12.5
None
ls_gain_coeffs:
[-115.17160648 -136.46238165 -145.70388619 -148.65770152 -145.66292874
 -149.54741898 -144.12994973 -127.28812383 -129.02314675 -132.79404132
 -145.29500558 -147.82904938 -130.12800001 -133.06376253 -140.49325218]
inrs_hat:  [ -4.18190643 -25.4726816  -34.71418614 -37.66800148 -34.67322869
 -38.55771893 -33.14024968 -16.29842379 -18.03344671 -21.80434128
 -34.30530554 -36.83934933 -19.13829996 -22.07406249 -29.50355213]
scheduled_ues:  [ 1  2  3  4  5  6  7  8  9 10 11 12 13 14]
(1, 15, 1, 4, 1, 1)
caused INR: -9.880996918769917
TpsAltruisticFromLsfGain + IndividualEstimated_INR + -15.0
None
ls_gain_coeffs:
[-115.17160648 -136.46238165 -145.70388619 -148.65770152 -145.66292874
 -149.54741898 -144.12994973 -127.28812383 -129.02314675 -132.79404132
 -145.29500558 -147.82904938 -130.12800001 -133.06376253 -140.49325218]
inrs_hat:  [ -4.18190643 -25.4726816  -34.71418614 -37.66800148 -34.67322869
 -38.55771893 -33.14024968 -16.29842379 -18.03344671 -21.80434128
 -34.30530554 -36.83934933 -19.13829996 -22.07406249 -29.50355213]
scheduled_ues:  [ 1  2  3  4  5  6  7  8  9 10 11 12 13 14]
(1, 15, 1, 4, 1, 1)
caused INR: -9.880996918769917
TpsAltruisticFromLsfGain + CumulativeIndividualEstimated_INR + -10.0
None
(1, 15, 1, 4, 1, 1)
caused INR: -9.880996918769917
TpsAltruisticFromLsfGain + CumulativeIndividualEstimated_INR + -12.5
None
(1, 15, 1, 4, 1, 1)
caused INR: -22.13267313555044
TpsAltruisticFromLsfGain + CumulativeIndividualEstimated_INR + -15.0
None
(1, 15, 1, 4, 1, 1)
caused INR: -22.6308514849414
TpsRandomic + IndividualEstimated_INR + -10.0
None
ls_gain_coeffs:
[-104.80143547 -119.89194421 -136.74514511 -141.29977451 -132.05001616
 -141.87223209 -139.35101709 -112.41237209 -129.02314675 -132.79404132
 -128.43973285 -142.09427191 -113.55717731 -118.87041201 -140.49325218]
inrs_hat:  [  6.18826458  -8.90224417 -25.75544507 -30.31007447 -21.06031611
 -30.88253205 -28.36131704  -1.42267205 -18.03344671 -21.80434128
 -17.45003281 -31.10457187  -2.56747727  -7.88071196 -29.50355213]
scheduled_ues:  [ 2  3  4  5  6  8  9 10 11 14]
(1, 15, 1, 4, 1, 1)
caused INR: -14.147719697850409
TpsRandomic + IndividualEstimated_INR + -12.5
None
ls_gain_coeffs:
[-101.52110785 -119.89194421 -128.88049324 -148.65770152 -130.87870357
 -136.67396898 -130.09537218 -112.41237209 -111.65550062 -118.48243721
 -134.87437581 -133.69564796 -113.55717731 -125.73525515 -127.61515268]
inrs_hat:  [  9.46859219  -8.90224417 -17.8907932  -37.66800148 -19.88900353
 -25.68426894 -19.10567214  -1.42267205  -0.66580058  -7.49273717
 -23.88467576 -22.70594792  -2.56747727 -14.74555511 -16.62545264]
scheduled_ues:  [ 2  3  4  5  6 10 11 13 14]
(1, 15, 1, 4, 1, 1)
caused INR: -16.779095963973287
TpsRandomic + IndividualEstimated_INR + -15.0
None
ls_gain_coeffs:
[-101.52110785 -123.87563009 -136.74514511 -135.63370486 -145.66292874
 -141.87223209 -144.12994973 -127.28812383 -120.12108907 -118.48243721
 -134.87437581 -147.82904938 -113.55717731 -133.06376253 -132.94654315]
inrs_hat:  [  9.46859219 -12.88593005 -25.75544507 -24.64400482 -34.67322869
 -30.88253205 -33.14024968 -16.29842379  -9.13138903  -7.49273717
 -23.88467576 -36.83934933  -2.56747727 -22.07406249 -21.95684311]
scheduled_ues:  [ 2  3  4  5  6  7 10 11 13 14]
(1, 15, 1, 4, 1, 1)
caused INR: -11.093869997653291
TpsRandomic + CumulativeIndividualEstimated_INR + -10.0
None
(1, 15, 1, 4, 1, 1)
caused INR: -14.240757573669224
TpsRandomic + CumulativeIndividualEstimated_INR + -12.5
None
(1, 15, 1, 4, 1, 1)
caused INR: -14.13291427263016
TpsRandomic + CumulativeIndividualEstimated_INR + -15.0
None
(1, 15, 1, 4, 1, 1)
caused INR: -13.432958676296616
Iteration number 38
TpsAltruisticFromLsfGain + IndividualEstimated_INR + -10.0
None
ls_gain_coeffs:
[-135.36918623 -139.32352664 -136.01365896 -150.13440228 -145.09091132
 -149.38743674 -135.70673534 -143.43971396 -143.48112467 -131.64102244
 -147.18728275 -145.41565462 -133.54978272 -151.60241186 -144.07878814]
inrs_hat:  [-24.37948618 -28.3338266  -25.02395892 -39.14470224 -34.10121127
 -38.3977367  -24.71703529 -32.45001392 -32.49142463 -20.65132239
 -36.19758271 -34.42595458 -22.56008267 -40.61271182 -33.08908809]
scheduled_ues:  [ 0  1  2  3  4  5  6  7  8  9 10 11 12 13 14]
(1, 15, 1, 4, 1, 1)
caused INR: -23.016146322835578
TpsAltruisticFromLsfGain + IndividualEstimated_INR + -12.5
None
ls_gain_coeffs:
[-135.36918623 -139.32352664 -136.01365896 -150.13440228 -145.09091132
 -149.38743674 -135.70673534 -143.43971396 -143.48112467 -131.64102244
 -147.18728275 -145.41565462 -133.54978272 -151.60241186 -144.07878814]
inrs_hat:  [-24.37948618 -28.3338266  -25.02395892 -39.14470224 -34.10121127
 -38.3977367  -24.71703529 -32.45001392 -32.49142463 -20.65132239
 -36.19758271 -34.42595458 -22.56008267 -40.61271182 -33.08908809]
scheduled_ues:  [ 0  1  2  3  4  5  6  7  8  9 10 11 12 13 14]
(1, 15, 1, 4, 1, 1)
caused INR: -23.016146322835578
TpsAltruisticFromLsfGain + IndividualEstimated_INR + -15.0
None
ls_gain_coeffs:
[-135.36918623 -139.32352664 -136.01365896 -150.13440228 -145.09091132
 -149.38743674 -135.70673534 -143.43971396 -143.48112467 -131.64102244
 -147.18728275 -145.41565462 -133.54978272 -151.60241186 -144.07878814]
inrs_hat:  [-24.37948618 -28.3338266  -25.02395892 -39.14470224 -34.10121127
 -38.3977367  -24.71703529 -32.45001392 -32.49142463 -20.65132239
 -36.19758271 -34.42595458 -22.56008267 -40.61271182 -33.08908809]
scheduled_ues:  [ 0  1  2  3  4  5  6  7  8  9 10 11 12 13 14]
(1, 15, 1, 4, 1, 1)
caused INR: -23.016146322835578
TpsAltruisticFromLsfGain + CumulativeIndividualEstimated_INR + -10.0
None
(1, 15, 1, 4, 1, 1)
caused INR: -23.016146322835578
TpsAltruisticFromLsfGain + CumulativeIndividualEstimated_INR + -12.5
None
(1, 15, 1, 4, 1, 1)
caused INR: -23.016146322835578
TpsAltruisticFromLsfGain + CumulativeIndividualEstimated_INR + -15.0
None
(1, 15, 1, 4, 1, 1)
caused INR: -23.016146322835578
TpsRandomic + IndividualEstimated_INR + -10.0
None
ls_gain_coeffs:
[-122.68364494 -126.06169136 -123.08704361 -139.33998828 -131.67872383
 -143.19408676 -122.02632373 -140.26551618 -143.48112467 -125.01180439
 -134.16174984 -145.41565462 -120.2166119  -151.60241186 -144.07878814]
inrs_hat:  [-11.69394489 -15.07199131 -12.09734357 -28.35028823 -20.68902379
 -32.20438672 -11.03662368 -29.27581614 -32.49142463 -14.02210435
 -23.1720498  -34.42595458  -9.22691186 -40.61271182 -33.08908809]
scheduled_ues:  [ 0  1  2  3  4  5  6  7  8  9 10 11 13 14]
(1, 15, 1, 4, 1, 1)
caused INR: -5.446495329742946
TpsRandomic + IndividualEstimated_INR + -12.5
None
ls_gain_coeffs:
[-122.68364494 -139.32352664 -135.28613593 -140.01965705 -142.17914887
 -133.10975154 -122.02632373 -129.94004803 -129.47684226 -125.01180439
 -134.16174984 -129.29062488 -120.2166119  -134.87932426 -130.83231457]
inrs_hat:  [-11.69394489 -28.3338266  -24.29643589 -29.029957   -31.18944882
 -22.12005149 -11.03662368 -18.95034799 -18.48714222 -14.02210435
 -23.1720498  -18.30092484  -9.22691186 -23.88962422 -19.84261453]
scheduled_ues:  [ 1  2  3  4  5  7  8  9 10 11 13 14]
(1, 15, 1, 4, 1, 1)
caused INR: -11.538503727541878
TpsRandomic + IndividualEstimated_INR + -15.0
None
ls_gain_coeffs:
[-135.36918623 -125.24145607 -123.32955129 -140.01965705 -131.67872383
 -135.46701631 -129.4540889  -129.94004803 -127.91415986 -118.03634604
 -134.4537163  -129.29062488 -120.2166119  -151.60241186 -142.87147779]
inrs_hat:  [-24.37948618 -14.25175603 -12.33985124 -29.029957   -20.68902379
 -24.47731627 -18.46438885 -18.95034799 -16.92445981  -7.046646
 -23.46401625 -18.30092484  -9.22691186 -40.61271182 -31.88177775]
scheduled_ues:  [ 0  3  4  5  6  7  8 10 11 13 14]
(1, 15, 1, 4, 1, 1)
caused INR: -9.010855963433864
TpsRandomic + CumulativeIndividualEstimated_INR + -10.0
None
(1, 15, 1, 4, 1, 1)
caused INR: -8.930615600476873
TpsRandomic + CumulativeIndividualEstimated_INR + -12.5
None
(1, 15, 1, 4, 1, 1)
caused INR: -20.707187122261992
TpsRandomic + CumulativeIndividualEstimated_INR + -15.0
None
(1, 15, 1, 4, 1, 1)
caused INR: -19.13951229508243
Iteration number 39
TpsAltruisticFromLsfGain + IndividualEstimated_INR + -10.0
None
ls_gain_coeffs:
[-132.8768645  -143.72938244 -136.52993013 -133.87886445 -141.77198843
 -131.980866   -134.48051501 -141.54555995 -141.35764403 -140.35111275
 -133.74885818 -136.72211853 -130.47795942 -130.34098919 -131.93380864]
inrs_hat:  [-21.88716445 -32.7396824  -25.54023008 -22.8891644  -30.78228839
 -20.99116596 -23.49081497 -30.5558599  -30.36794399 -29.3614127
 -22.75915814 -25.73241849 -19.48825938 -19.35128914 -20.94410859]
scheduled_ues:  [ 0  1  2  3  4  5  6  7  8  9 10 11 12 13 14]
(1, 15, 1, 4, 1, 1)
caused INR: -10.22076289910226
TpsAltruisticFromLsfGain + IndividualEstimated_INR + -12.5
None
ls_gain_coeffs:
[-132.8768645  -143.72938244 -136.52993013 -133.87886445 -141.77198843
 -131.980866   -134.48051501 -141.54555995 -141.35764403 -140.35111275
 -133.74885818 -136.72211853 -130.47795942 -130.34098919 -131.93380864]
inrs_hat:  [-21.88716445 -32.7396824  -25.54023008 -22.8891644  -30.78228839
 -20.99116596 -23.49081497 -30.5558599  -30.36794399 -29.3614127
 -22.75915814 -25.73241849 -19.48825938 -19.35128914 -20.94410859]
scheduled_ues:  [ 0  1  2  3  4  5  6  7  8  9 10 11 12 13 14]
(1, 15, 1, 4, 1, 1)
caused INR: -10.22076289910226
TpsAltruisticFromLsfGain + IndividualEstimated_INR + -15.0
None
ls_gain_coeffs:
[-132.8768645  -143.72938244 -136.52993013 -133.87886445 -141.77198843
 -131.980866   -134.48051501 -141.54555995 -141.35764403 -140.35111275
 -133.74885818 -136.72211853 -130.47795942 -130.34098919 -131.93380864]
inrs_hat:  [-21.88716445 -32.7396824  -25.54023008 -22.8891644  -30.78228839
 -20.99116596 -23.49081497 -30.5558599  -30.36794399 -29.3614127
 -22.75915814 -25.73241849 -19.48825938 -19.35128914 -20.94410859]
scheduled_ues:  [ 0  1  2  3  4  5  6  7  8  9 10 11 12 13 14]
(1, 15, 1, 4, 1, 1)
caused INR: -10.22076289910226
TpsAltruisticFromLsfGain + CumulativeIndividualEstimated_INR + -10.0
None
(1, 15, 1, 4, 1, 1)
caused INR: -10.22076289910226
TpsAltruisticFromLsfGain + CumulativeIndividualEstimated_INR + -12.5
None
(1, 15, 1, 4, 1, 1)
caused INR: -17.52208581695234
TpsAltruisticFromLsfGain + CumulativeIndividualEstimated_INR + -15.0
None
(1, 15, 1, 4, 1, 1)
caused INR: -24.327931012127856
TpsRandomic + IndividualEstimated_INR + -10.0
None
ls_gain_coeffs:
[-132.8768645  -134.33208647 -134.97886576 -133.87886445 -141.77198843
 -131.980866   -123.05028828 -124.78081309 -127.6576422  -124.83219697
 -121.96563787 -135.23798962 -130.47795942 -127.92734292 -120.82772343]
inrs_hat:  [-21.88716445 -23.34238642 -23.98916571 -22.8891644  -30.78228839
 -20.99116596 -12.06058824 -13.79111304 -16.66794216 -13.84249693
 -10.97593783 -24.24828957 -19.48825938 -16.93764288  -9.83802339]
scheduled_ues:  [ 0  1  2  3  4  5  6  7  8  9 10 11 12 13]
(1, 15, 1, 4, 1, 1)
caused INR: -3.850658075155212
TpsRandomic + IndividualEstimated_INR + -12.5
None
ls_gain_coeffs:
[-120.97024144 -134.33208647 -136.52993013 -119.74729768 -141.77198843
 -117.98864791 -117.1025729  -133.33681573 -141.35764403 -135.73513908
 -121.96563787 -123.29109925 -122.73652339 -117.09484043 -120.82772343]
inrs_hat:  [ -9.9805414  -23.34238642 -25.54023008  -8.75759763 -30.78228839
  -6.99894787  -6.11287286 -22.34711569 -30.36794399 -24.74543904
 -10.97593783 -12.30139921 -11.74682334  -6.10514039  -9.83802339]
scheduled_ues:  [1 2 4 7 8 9]
(1, 15, 1, 4, 1, 1)
caused INR: -20.411234634684845
TpsRandomic + IndividualEstimated_INR + -15.0
None
ls_gain_coeffs:
[-120.97024144 -126.81666401 -123.05428721 -128.80896413 -127.78040134
 -117.98864791 -117.1025729  -141.54555995 -134.44976153 -140.35111275
 -133.74885818 -135.23798962 -122.73652339 -116.29029168 -120.82772343]
inrs_hat:  [ -9.9805414  -15.82696397 -12.06458717 -17.81926409 -16.7907013
  -6.99894787  -6.11287286 -30.5558599  -23.46006149 -29.3614127
 -22.75915814 -24.24828957 -11.74682334  -5.30059164  -9.83802339]
scheduled_ues:  [ 1  3  4  7  8  9 10 11]
(1, 15, 1, 4, 1, 1)
caused INR: -12.177768826071855
TpsRandomic + CumulativeIndividualEstimated_INR + -10.0
None
(1, 15, 1, 4, 1, 1)
caused INR: -5.509643578738187
TpsRandomic + CumulativeIndividualEstimated_INR + -12.5
None
(1, 15, 1, 4, 1, 1)
caused INR: -12.280199723588046
TpsRandomic + CumulativeIndividualEstimated_INR + -15.0
None
(1, 15, 1, 4, 1, 1)
caused INR: -30.27941325630994
Iteration number 40
TpsAltruisticFromLsfGain + IndividualEstimated_INR + -10.0
None
ls_gain_coeffs:
[-128.83274768 -126.16491002 -148.16090509 -141.0362803  -143.81005749
 -138.94983873 -144.85601465 -148.75443198 -121.47787185 -145.46639049
 -127.13019593 -133.27245212 -141.29435741 -138.64941339 -139.62237371]
inrs_hat:  [-17.84304764 -15.17520997 -37.17120504 -30.04658025 -32.82035744
 -27.96013868 -33.86631461 -37.76473193 -10.48817181 -34.47669044
 -16.14049589 -22.28275208 -30.30465737 -27.65971334 -28.63267366]
scheduled_ues:  [ 0  1  2  3  4  5  6  7  8  9 10 11 12 13 14]
(1, 15, 1, 4, 1, 1)
caused INR: -16.333173812931395
TpsAltruisticFromLsfGain + IndividualEstimated_INR + -12.5
None
ls_gain_coeffs:
[-128.83274768 -126.16491002 -148.16090509 -141.0362803  -143.81005749
 -138.94983873 -144.85601465 -148.75443198 -121.47787185 -145.46639049
 -127.13019593 -133.27245212 -141.29435741 -138.64941339 -139.62237371]
inrs_hat:  [-17.84304764 -15.17520997 -37.17120504 -30.04658025 -32.82035744
 -27.96013868 -33.86631461 -37.76473193 -10.48817181 -34.47669044
 -16.14049589 -22.28275208 -30.30465737 -27.65971334 -28.63267366]
scheduled_ues:  [ 0  1  2  3  4  5  6  7  9 10 11 12 13 14]
(1, 15, 1, 4, 1, 1)
caused INR: -14.977570597836223
TpsAltruisticFromLsfGain + IndividualEstimated_INR + -15.0
None
ls_gain_coeffs:
[-128.83274768 -126.16491002 -148.16090509 -141.0362803  -143.81005749
 -138.94983873 -144.85601465 -148.75443198 -121.47787185 -145.46639049
 -127.13019593 -133.27245212 -141.29435741 -138.64941339 -139.62237371]
inrs_hat:  [-17.84304764 -15.17520997 -37.17120504 -30.04658025 -32.82035744
 -27.96013868 -33.86631461 -37.76473193 -10.48817181 -34.47669044
 -16.14049589 -22.28275208 -30.30465737 -27.65971334 -28.63267366]
scheduled_ues:  [ 0  1  2  3  4  5  6  7  9 10 11 12 13 14]
(1, 15, 1, 4, 1, 1)
caused INR: -14.977570597836223
TpsAltruisticFromLsfGain + CumulativeIndividualEstimated_INR + -10.0
None
(1, 15, 1, 4, 1, 1)
caused INR: -14.977570597836223
TpsAltruisticFromLsfGain + CumulativeIndividualEstimated_INR + -12.5
None
(1, 15, 1, 4, 1, 1)
caused INR: -10.131051995243519
TpsAltruisticFromLsfGain + CumulativeIndividualEstimated_INR + -15.0
None
(1, 15, 1, 4, 1, 1)
caused INR: -13.072296723325298
TpsRandomic + IndividualEstimated_INR + -10.0
None
ls_gain_coeffs:
[-116.01713365 -113.45568872 -134.14786778 -124.17865884 -143.81005749
 -125.03706648 -144.85601465 -148.75443198 -121.47787185 -128.71129468
 -110.49350209 -133.27245212 -127.20190841 -138.64941339 -135.14147831]
inrs_hat:  [ -5.0274336   -2.46598867 -23.15816774 -13.1889588  -32.82035744
 -14.04736643 -33.86631461 -37.76473193 -10.48817181 -17.72159464
   0.49619795 -22.28275208 -16.21220837 -27.65971334 -24.15177826]
scheduled_ues:  [ 2  3  4  5  6  7  8  9 11 12 13 14]
(1, 15, 1, 4, 1, 1)
caused INR: -4.60963324594225
TpsRandomic + IndividualEstimated_INR + -12.5
None
ls_gain_coeffs:
[-115.64311961 -113.18806742 -134.14786778 -124.17865884 -127.21436206
 -123.56589423 -144.85601465 -134.62725965 -114.27933283 -135.63392735
 -127.13019593 -119.68771273 -141.29435741 -124.84683769 -135.14147831]
inrs_hat:  [ -4.65341957  -2.19836737 -23.15816774 -13.1889588  -16.22466201
 -12.57619418 -33.86631461 -23.63755961  -3.28963279 -24.64422731
 -16.14049589  -8.69801269 -30.30465737 -13.85713765 -24.15177826]
scheduled_ues:  [ 2  3  4  5  6  7  9 10 12 13 14]
(1, 15, 1, 4, 1, 1)
caused INR: -7.868850349017828
TpsRandomic + IndividualEstimated_INR + -15.0
None
ls_gain_coeffs:
[-127.71070558 -113.18806742 -132.06141579 -124.17865884 -127.21436206
 -125.03706648 -144.85601465 -134.62725965 -114.27933283 -135.63392735
 -120.19709386 -119.68771273 -141.29435741 -131.9629509  -135.14147831]
inrs_hat:  [-16.72100553  -2.19836737 -21.07171575 -13.1889588  -16.22466201
 -14.04736643 -33.86631461 -23.63755961  -3.28963279 -24.64422731
  -9.20739382  -8.69801269 -30.30465737 -20.97325086 -24.15177826]
scheduled_ues:  [ 0  2  4  6  7  9 12 13 14]
(1, 15, 1, 4, 1, 1)
caused INR: -10.721028909184449
TpsRandomic + CumulativeIndividualEstimated_INR + -10.0
None
(1, 15, 1, 4, 1, 1)
caused INR: -7.103700789168855
TpsRandomic + CumulativeIndividualEstimated_INR + -12.5
None
(1, 15, 1, 4, 1, 1)
caused INR: -9.089872559717763
TpsRandomic + CumulativeIndividualEstimated_INR + -15.0
None
(1, 15, 1, 4, 1, 1)
caused INR: -14.66323369852006
Iteration number 41
TpsAltruisticFromLsfGain + IndividualEstimated_INR + -10.0
None
ls_gain_coeffs:
[-145.60207519 -141.67294742 -135.12433942 -117.03997411 -136.167389
 -126.47878934 -129.47261355 -141.14364404 -146.44958768 -139.20981219
 -143.03500822 -128.6862157  -117.89444536 -148.27222716 -120.95586074]
inrs_hat:  [-34.61237515 -30.68324738 -24.13463938  -6.05027407 -25.17768895
 -15.4890893  -18.48291351 -30.153944   -35.45988763 -28.22011215
 -32.04530818 -17.69651566  -6.90474532 -37.28252712  -9.9661607 ]
scheduled_ues:  [ 0  1  2  4  5  6  7  8  9 10 11 13]
(1, 15, 1, 4, 1, 1)
caused INR: -18.31783826956335
TpsAltruisticFromLsfGain + IndividualEstimated_INR + -12.5
None
ls_gain_coeffs:
[-145.60207519 -141.67294742 -135.12433942 -117.03997411 -136.167389
 -126.47878934 -129.47261355 -141.14364404 -146.44958768 -139.20981219
 -143.03500822 -128.6862157  -117.89444536 -148.27222716 -120.95586074]
inrs_hat:  [-34.61237515 -30.68324738 -24.13463938  -6.05027407 -25.17768895
 -15.4890893  -18.48291351 -30.153944   -35.45988763 -28.22011215
 -32.04530818 -17.69651566  -6.90474532 -37.28252712  -9.9661607 ]
scheduled_ues:  [ 0  1  2  4  5  6  7  8  9 10 11 13]
(1, 15, 1, 4, 1, 1)
caused INR: -18.31783826956335
TpsAltruisticFromLsfGain + IndividualEstimated_INR + -15.0
None
ls_gain_coeffs:
[-145.60207519 -141.67294742 -135.12433942 -117.03997411 -136.167389
 -126.47878934 -129.47261355 -141.14364404 -146.44958768 -139.20981219
 -143.03500822 -128.6862157  -117.89444536 -148.27222716 -120.95586074]
inrs_hat:  [-34.61237515 -30.68324738 -24.13463938  -6.05027407 -25.17768895
 -15.4890893  -18.48291351 -30.153944   -35.45988763 -28.22011215
 -32.04530818 -17.69651566  -6.90474532 -37.28252712  -9.9661607 ]
scheduled_ues:  [ 0  1  2  4  5  6  7  8  9 10 11 13]
(1, 15, 1, 4, 1, 1)
caused INR: -18.31783826956335
TpsAltruisticFromLsfGain + CumulativeIndividualEstimated_INR + -10.0
None
(1, 15, 1, 4, 1, 1)
caused INR: -18.31783826956335
TpsAltruisticFromLsfGain + CumulativeIndividualEstimated_INR + -12.5
None
(1, 15, 1, 4, 1, 1)
caused INR: -20.309414346476572
TpsAltruisticFromLsfGain + CumulativeIndividualEstimated_INR + -15.0
None
(1, 15, 1, 4, 1, 1)
caused INR: -18.881238827018823
TpsRandomic + IndividualEstimated_INR + -10.0
None
ls_gain_coeffs:
[-128.73746067 -134.34322727 -123.19003504 -117.03997411 -126.68711651
 -126.47878934 -113.5353307  -127.44101953 -134.13749862 -139.20981219
 -129.90191502 -128.6862157  -104.58871965 -134.2041812  -120.41635972]
inrs_hat:  [-17.74776063 -23.35352723 -12.200335    -6.05027407 -15.69741647
 -15.4890893   -2.54563065 -16.45131949 -23.14779858 -28.22011215
 -18.91221497 -17.69651566   6.40098039 -23.21448116  -9.42665968]
scheduled_ues:  [ 0  1  2  4  5  7  8  9 10 11 13]
(1, 15, 1, 4, 1, 1)
caused INR: -5.1888128285048785
TpsRandomic + IndividualEstimated_INR + -12.5
None
ls_gain_coeffs:
[-135.19797849 -134.34322727 -135.12433942 -101.96598084 -119.1962146
 -118.31443746 -129.47261355 -127.44101953 -146.44958768 -130.31266871
 -143.03500822 -120.4119815  -105.02078251 -134.2041812  -108.1545934 ]
inrs_hat:  [-24.20827844 -23.35352723 -24.13463938   9.0237192   -8.20651455
  -7.32473741 -18.48291351 -16.45131949 -35.45988763 -19.32296867
 -32.04530818  -9.42228146   5.96891754 -23.21448116   2.83510665]
scheduled_ues:  [ 0  1  2  6  7  8  9 10 13]
(1, 15, 1, 4, 1, 1)
caused INR: -20.796295542471004
TpsRandomic + IndividualEstimated_INR + -15.0
None
ls_gain_coeffs:
[-145.60207519 -128.31845556 -118.14189863 -101.96598084 -136.167389
 -118.31443746 -113.5353307  -141.14364404 -137.84866722 -130.31266871
 -129.90191502 -120.4119815  -117.89444536 -132.57773523 -120.41635972]
inrs_hat:  [-34.61237515 -17.32875551  -7.15219859   9.0237192  -25.17768895
  -7.32473741  -2.54563065 -30.153944   -26.85896718 -19.32296867
 -18.91221497  -9.42228146  -6.90474532 -21.58803519  -9.42665968]
scheduled_ues:  [ 0  1  4  7  8  9 10 13]
(1, 15, 1, 4, 1, 1)
caused INR: -10.50295465391336
TpsRandomic + CumulativeIndividualEstimated_INR + -10.0
None
(1, 15, 1, 4, 1, 1)
caused INR: -13.493223007010972
TpsRandomic + CumulativeIndividualEstimated_INR + -12.5
None
(1, 15, 1, 4, 1, 1)
caused INR: -35.07599470240897
TpsRandomic + CumulativeIndividualEstimated_INR + -15.0
None
(1, 15, 1, 4, 1, 1)
caused INR: -13.756262501267294
Iteration number 42
TpsAltruisticFromLsfGain + IndividualEstimated_INR + -10.0
None
ls_gain_coeffs:
[-132.84258392 -142.01779556 -138.29557857 -146.901407   -140.50240058
 -150.32214303 -123.62222159 -136.20120663 -128.52354708 -137.72591966
 -120.46017813 -145.77002244 -137.09220621 -133.99173041 -125.04468704]
inrs_hat:  [-21.85288388 -31.02809551 -27.30587852 -35.91170696 -29.51270054
 -39.33244299 -12.63252155 -25.21150659 -17.53384704 -26.73621961
  -9.47047808 -34.7803224  -26.10250617 -23.00203036 -14.05498699]
scheduled_ues:  [ 0  1  2  3  4  5  6  7  8  9 11 12 13 14]
(1, 15, 1, 4, 1, 1)
caused INR: -14.581668985708891
TpsAltruisticFromLsfGain + IndividualEstimated_INR + -12.5
None
ls_gain_coeffs:
[-132.84258392 -142.01779556 -138.29557857 -146.901407   -140.50240058
 -150.32214303 -123.62222159 -136.20120663 -128.52354708 -137.72591966
 -120.46017813 -145.77002244 -137.09220621 -133.99173041 -125.04468704]
inrs_hat:  [-21.85288388 -31.02809551 -27.30587852 -35.91170696 -29.51270054
 -39.33244299 -12.63252155 -25.21150659 -17.53384704 -26.73621961
  -9.47047808 -34.7803224  -26.10250617 -23.00203036 -14.05498699]
scheduled_ues:  [ 0  1  2  3  4  5  6  7  8  9 11 12 13 14]
(1, 15, 1, 4, 1, 1)
caused INR: -14.581668985708891
TpsAltruisticFromLsfGain + IndividualEstimated_INR + -15.0
None
ls_gain_coeffs:
[-132.84258392 -142.01779556 -138.29557857 -146.901407   -140.50240058
 -150.32214303 -123.62222159 -136.20120663 -128.52354708 -137.72591966
 -120.46017813 -145.77002244 -137.09220621 -133.99173041 -125.04468704]
inrs_hat:  [-21.85288388 -31.02809551 -27.30587852 -35.91170696 -29.51270054
 -39.33244299 -12.63252155 -25.21150659 -17.53384704 -26.73621961
  -9.47047808 -34.7803224  -26.10250617 -23.00203036 -14.05498699]
scheduled_ues:  [ 0  1  2  3  4  5  7  8  9 11 12 13]
(1, 15, 1, 4, 1, 1)
caused INR: -21.849167540338673
TpsAltruisticFromLsfGain + CumulativeIndividualEstimated_INR + -10.0
None
(1, 15, 1, 4, 1, 1)
caused INR: -12.458076484197779
TpsAltruisticFromLsfGain + CumulativeIndividualEstimated_INR + -12.5
None
(1, 15, 1, 4, 1, 1)
caused INR: -21.849167540338673
TpsAltruisticFromLsfGain + CumulativeIndividualEstimated_INR + -15.0
None
(1, 15, 1, 4, 1, 1)
caused INR: -22.486753711682663
TpsRandomic + IndividualEstimated_INR + -10.0
None
ls_gain_coeffs:
[-126.44363631 -142.01779556 -138.29557857 -130.20510975 -127.66364078
 -133.73616807 -113.45562499 -120.12831335 -115.08638235 -125.90836815
 -107.36979781 -131.8826272  -129.95149539 -122.39357843 -108.91405934]
inrs_hat:  [-15.45393627 -31.02809551 -27.30587852 -19.21540971 -16.67394073
 -22.74646802  -2.46592494  -9.1386133   -4.09668231 -14.91866811
   3.61990223 -20.89292716 -18.96179535 -11.40387839   2.07564071]
scheduled_ues:  [ 0  1  2  3  4  5  9 11 12 13]
(1, 15, 1, 4, 1, 1)
caused INR: -10.466748646611446
TpsRandomic + IndividualEstimated_INR + -12.5
None
ls_gain_coeffs:
[-119.01438672 -142.01779556 -138.29557857 -134.70007125 -132.0385923
 -133.73616807 -106.40282211 -121.94395999 -115.08638235 -128.6190661
 -107.69418797 -145.77002244 -137.09220621 -122.39357843 -108.91405934]
inrs_hat:  [ -8.02468668 -31.02809551 -27.30587852 -23.7103712  -21.04889226
 -22.74646802   4.58687793 -10.95425994  -4.09668231 -17.62936605
   3.29551207 -34.7803224  -26.10250617 -11.40387839   2.07564071]
scheduled_ues:  [ 1  2  3  4  5  9 11 12]
(1, 15, 1, 4, 1, 1)
caused INR: -13.196872635079668
TpsRandomic + IndividualEstimated_INR + -15.0
None
ls_gain_coeffs:
[-116.50821152 -138.69836266 -138.29557857 -130.20510975 -127.66364078
 -150.32214303 -111.79161924 -130.7542667  -128.52354708 -128.6190661
 -119.48700765 -145.77002244 -129.95149539 -133.99173041 -125.04468704]
inrs_hat:  [ -5.51851147 -27.70866261 -27.30587852 -19.21540971 -16.67394073
 -39.33244299  -0.8019192  -19.76456666 -17.53384704 -17.62936605
  -8.49730761 -34.7803224  -18.96179535 -23.00203036 -14.05498699]
scheduled_ues:  [ 1  2  3  4  5  7  8  9 11 12 13]
(1, 15, 1, 4, 1, 1)
caused INR: -11.81451754131425
TpsRandomic + CumulativeIndividualEstimated_INR + -10.0
None
(1, 15, 1, 4, 1, 1)
caused INR: -15.63250404053939
TpsRandomic + CumulativeIndividualEstimated_INR + -12.5
None
(1, 15, 1, 4, 1, 1)
caused INR: -14.86107884592017
TpsRandomic + CumulativeIndividualEstimated_INR + -15.0
None
(1, 15, 1, 4, 1, 1)
caused INR: -40.416183345893344
Iteration number 43
TpsAltruisticFromLsfGain + IndividualEstimated_INR + -10.0
None
ls_gain_coeffs:
[-124.10628963 -112.00100348 -139.06062404 -142.66168628 -149.12206828
 -145.61886893 -129.48507027 -139.8413043  -145.2548989  -142.4607754
 -141.00692935 -129.17990219 -129.57164613 -139.28374396 -134.52785247]
inrs_hat:  [-13.11658959  -1.01130344 -28.070924   -31.67198623 -38.13236824
 -34.62916889 -18.49537023 -28.85160425 -34.26519885 -31.47107535
 -30.0172293  -18.19020215 -18.58194608 -28.29404392 -23.53815243]
scheduled_ues:  [ 0  2  3  4  5  6  7  8  9 10 11 12 13 14]
(1, 15, 1, 4, 1, 1)
caused INR: -12.470342809198552
TpsAltruisticFromLsfGain + IndividualEstimated_INR + -12.5
None
ls_gain_coeffs:
[-124.10628963 -112.00100348 -139.06062404 -142.66168628 -149.12206828
 -145.61886893 -129.48507027 -139.8413043  -145.2548989  -142.4607754
 -141.00692935 -129.17990219 -129.57164613 -139.28374396 -134.52785247]
inrs_hat:  [-13.11658959  -1.01130344 -28.070924   -31.67198623 -38.13236824
 -34.62916889 -18.49537023 -28.85160425 -34.26519885 -31.47107535
 -30.0172293  -18.19020215 -18.58194608 -28.29404392 -23.53815243]
scheduled_ues:  [ 0  2  3  4  5  6  7  8  9 10 11 12 13 14]
(1, 15, 1, 4, 1, 1)
caused INR: -12.470342809198552
TpsAltruisticFromLsfGain + IndividualEstimated_INR + -15.0
None
ls_gain_coeffs:
[-124.10628963 -112.00100348 -139.06062404 -142.66168628 -149.12206828
 -145.61886893 -129.48507027 -139.8413043  -145.2548989  -142.4607754
 -141.00692935 -129.17990219 -129.57164613 -139.28374396 -134.52785247]
inrs_hat:  [-13.11658959  -1.01130344 -28.070924   -31.67198623 -38.13236824
 -34.62916889 -18.49537023 -28.85160425 -34.26519885 -31.47107535
 -30.0172293  -18.19020215 -18.58194608 -28.29404392 -23.53815243]
scheduled_ues:  [ 2  3  4  5  6  7  8  9 10 11 12 13 14]
(1, 15, 1, 4, 1, 1)
caused INR: -13.949063897243654
TpsAltruisticFromLsfGain + CumulativeIndividualEstimated_INR + -10.0
None
(1, 15, 1, 4, 1, 1)
caused INR: -13.949063897243654
TpsAltruisticFromLsfGain + CumulativeIndividualEstimated_INR + -12.5
None
(1, 15, 1, 4, 1, 1)
caused INR: -13.949063897243654
TpsAltruisticFromLsfGain + CumulativeIndividualEstimated_INR + -15.0
None
(1, 15, 1, 4, 1, 1)
caused INR: -23.98845774942484
TpsRandomic + IndividualEstimated_INR + -10.0
None
ls_gain_coeffs:
[-115.21644431 -112.00100348 -126.22568988 -142.66168628 -135.52431681
 -132.21384364 -112.45141738 -126.87247641 -134.40001716 -128.65116549
 -130.60256253 -115.33346794 -112.01000869 -139.28374396 -120.8086535 ]
inrs_hat:  [ -4.22674426  -1.01130344 -15.23598984 -31.67198623 -24.53461677
 -21.2241436   -1.46171733 -15.88277637 -23.41031711 -17.66146545
 -19.61286248  -4.34376789  -1.02030864 -28.29404392  -9.81895345]
scheduled_ues:  [ 2  3  4  5  7  8  9 10 13]
(1, 15, 1, 4, 1, 1)
caused INR: -6.336060373445066
TpsRandomic + IndividualEstimated_INR + -12.5
None
ls_gain_coeffs:
[-107.06923518 -101.6888188  -126.22568988 -125.7949461  -145.65361387
 -142.72859305 -129.48507027 -139.8413043  -134.40001716 -135.59432637
 -141.00692935 -127.07265081 -112.01000869 -139.28374396 -120.8086535 ]
inrs_hat:  [  3.92046487   9.30088124 -15.23598984 -14.80524605 -34.66391383
 -31.73889301 -18.49537023 -28.85160425 -23.41031711 -24.60462632
 -30.0172293  -16.08295077  -1.02030864 -28.29404392  -9.81895345]
scheduled_ues:  [ 2  3  4  5  6  7  8  9 10 11 13]
(1, 15, 1, 4, 1, 1)
caused INR: -12.462065771136231
TpsRandomic + IndividualEstimated_INR + -15.0
None
ls_gain_coeffs:
[-115.21644431  -96.12200859 -126.22568988 -125.7949461  -135.52431681
 -132.21384364 -119.62173522 -123.16861409 -134.68045008 -128.65116549
 -141.00692935 -127.07265081 -121.03286597 -122.38441315 -120.8086535 ]
inrs_hat:  [ -4.22674426  14.86769146 -15.23598984 -14.80524605 -24.53461677
 -21.2241436   -8.63203517 -12.17891405 -23.69075003 -17.66146545
 -30.0172293  -16.08295077 -10.04316592 -11.39471311  -9.81895345]
scheduled_ues:  [ 2  4  5  8  9 10 11]
(1, 15, 1, 4, 1, 1)
caused INR: -8.026803072146059
TpsRandomic + CumulativeIndividualEstimated_INR + -10.0
None
(1, 15, 1, 4, 1, 1)
caused INR: -30.77788082559591
TpsRandomic + CumulativeIndividualEstimated_INR + -12.5
None
(1, 15, 1, 4, 1, 1)
caused INR: -19.774854449445293
TpsRandomic + CumulativeIndividualEstimated_INR + -15.0
None
(1, 15, 1, 4, 1, 1)
caused INR: -18.579142477259584
Iteration number 44
TpsAltruisticFromLsfGain + IndividualEstimated_INR + -10.0
None
ls_gain_coeffs:
[-128.81756373 -135.89797253 -132.96920109 -148.32109715 -121.46628753
 -148.20529186 -147.06682632 -135.30185804 -142.54658086 -151.10635545
 -127.01189937 -136.39674776 -137.58057114 -144.63870561 -146.07563645]
inrs_hat:  [-17.82786369 -24.90827249 -21.97950105 -37.33139711 -10.47658749
 -37.21559182 -36.07712627 -24.312158   -31.55688082 -40.1166554
 -16.02219932 -25.40704772 -26.5908711  -33.64900557 -35.08593641]
scheduled_ues:  [ 0  1  2  3  4  5  6  7  8  9 10 11 12 13 14]
(1, 15, 1, 4, 1, 1)
caused INR: -11.288660007135778
TpsAltruisticFromLsfGain + IndividualEstimated_INR + -12.5
None
ls_gain_coeffs:
[-128.81756373 -135.89797253 -132.96920109 -148.32109715 -121.46628753
 -148.20529186 -147.06682632 -135.30185804 -142.54658086 -151.10635545
 -127.01189937 -136.39674776 -137.58057114 -144.63870561 -146.07563645]
inrs_hat:  [-17.82786369 -24.90827249 -21.97950105 -37.33139711 -10.47658749
 -37.21559182 -36.07712627 -24.312158   -31.55688082 -40.1166554
 -16.02219932 -25.40704772 -26.5908711  -33.64900557 -35.08593641]
scheduled_ues:  [ 0  1  2  3  5  6  7  8  9 10 11 12 13 14]
(1, 15, 1, 4, 1, 1)
caused INR: -16.59003110601021
TpsAltruisticFromLsfGain + IndividualEstimated_INR + -15.0
None
ls_gain_coeffs:
[-128.81756373 -135.89797253 -132.96920109 -148.32109715 -121.46628753
 -148.20529186 -147.06682632 -135.30185804 -142.54658086 -151.10635545
 -127.01189937 -136.39674776 -137.58057114 -144.63870561 -146.07563645]
inrs_hat:  [-17.82786369 -24.90827249 -21.97950105 -37.33139711 -10.47658749
 -37.21559182 -36.07712627 -24.312158   -31.55688082 -40.1166554
 -16.02219932 -25.40704772 -26.5908711  -33.64900557 -35.08593641]
scheduled_ues:  [ 0  1  2  3  5  6  7  8  9 10 11 12 13 14]
(1, 15, 1, 4, 1, 1)
caused INR: -16.59003110601021
TpsAltruisticFromLsfGain + CumulativeIndividualEstimated_INR + -10.0
None
(1, 15, 1, 4, 1, 1)
caused INR: -16.59003110601021
TpsAltruisticFromLsfGain + CumulativeIndividualEstimated_INR + -12.5
None
(1, 15, 1, 4, 1, 1)
caused INR: -13.950044145732285
TpsAltruisticFromLsfGain + CumulativeIndividualEstimated_INR + -15.0
None
(1, 15, 1, 4, 1, 1)
caused INR: -17.224558538377256
TpsRandomic + IndividualEstimated_INR + -10.0
None
ls_gain_coeffs:
[-128.81756373 -135.89797253 -122.40345839 -141.57148871 -121.46628753
 -138.84796826 -135.23092931 -121.05554906 -132.45860533 -141.27764271
 -112.79839058 -136.39674776 -131.10384751 -132.1331516  -136.06398251]
inrs_hat:  [-17.82786369 -24.90827249 -11.41375835 -30.58178867 -10.47658749
 -27.85826822 -24.24122927 -10.06584902 -21.46890528 -30.28794267
  -1.80869053 -25.40704772 -20.11414747 -21.14345156 -25.07428246]
scheduled_ues:  [ 0  1  2  3  4  5  6  7  8  9 11 12 13 14]
(1, 15, 1, 4, 1, 1)
caused INR: -14.379364096406517
TpsRandomic + IndividualEstimated_INR + -12.5
None
ls_gain_coeffs:
[-128.81756373 -135.89797253 -122.40345839 -134.8391368  -121.46628753
 -148.20529186 -135.23092931 -128.56106402 -142.54658086 -141.27764271
 -127.01189937 -124.08667643 -131.10384751 -132.1331516  -146.07563645]
inrs_hat:  [-17.82786369 -24.90827249 -11.41375835 -23.84943676 -10.47658749
 -37.21559182 -24.24122927 -17.57136398 -31.55688082 -30.28794267
 -16.02219932 -13.09697639 -20.11414747 -21.14345156 -35.08593641]
scheduled_ues:  [ 0  1  3  5  6  7  8  9 10 11 12 13 14]
(1, 15, 1, 4, 1, 1)
caused INR: -22.24905986744961
TpsRandomic + IndividualEstimated_INR + -15.0
None
ls_gain_coeffs:
[-128.81756373 -124.06698999 -122.40345839 -134.8391368  -121.46628753
 -138.84796826 -147.06682632 -121.05554906 -125.55311102 -134.42733505
 -112.79839058 -127.24583006 -123.31984188 -144.63870561 -136.06398251]
inrs_hat:  [-17.82786369 -13.07728995 -11.41375835 -23.84943676 -10.47658749
 -27.85826822 -36.07712627 -10.06584902 -14.56341098 -23.43763501
  -1.80869053 -16.25613002 -12.33014184 -33.64900557 -25.07428246]
scheduled_ues:  [ 0  3  5  6  9 11 13 14]
(1, 15, 1, 4, 1, 1)
caused INR: -13.068568325986226
TpsRandomic + CumulativeIndividualEstimated_INR + -10.0
None
(1, 15, 1, 4, 1, 1)
caused INR: -9.15458357341276
TpsRandomic + CumulativeIndividualEstimated_INR + -12.5
None
(1, 15, 1, 4, 1, 1)
caused INR: -15.855404784362424
TpsRandomic + CumulativeIndividualEstimated_INR + -15.0
None
(1, 15, 1, 4, 1, 1)
caused INR: -24.3141125169749
Iteration number 45
TpsAltruisticFromLsfGain + IndividualEstimated_INR + -10.0
None
ls_gain_coeffs:
[-140.67392436 -144.80617253 -142.46813669 -135.65827758 -125.90851961
 -143.2537592  -129.7907635  -136.53021137 -126.81996485 -138.91337576
 -137.66011041 -128.05982316 -145.94526713 -148.65240324 -148.76124204]
inrs_hat:  [-29.68422432 -33.81647249 -31.47843664 -24.66857754 -14.91881957
 -32.26405916 -18.80106346 -25.54051133 -15.83026481 -27.92367572
 -26.67041037 -17.07012312 -34.95556709 -37.6627032  -37.771542  ]
scheduled_ues:  [ 0  1  2  3  4  5  6  7  8  9 10 11 12 13 14]
(1, 15, 1, 4, 1, 1)
caused INR: -19.393670108639505
TpsAltruisticFromLsfGain + IndividualEstimated_INR + -12.5
None
ls_gain_coeffs:
[-140.67392436 -144.80617253 -142.46813669 -135.65827758 -125.90851961
 -143.2537592  -129.7907635  -136.53021137 -126.81996485 -138.91337576
 -137.66011041 -128.05982316 -145.94526713 -148.65240324 -148.76124204]
inrs_hat:  [-29.68422432 -33.81647249 -31.47843664 -24.66857754 -14.91881957
 -32.26405916 -18.80106346 -25.54051133 -15.83026481 -27.92367572
 -26.67041037 -17.07012312 -34.95556709 -37.6627032  -37.771542  ]
scheduled_ues:  [ 0  1  2  3  4  5  6  7  8  9 10 11 12 13 14]
(1, 15, 1, 4, 1, 1)
caused INR: -19.393670108639505
TpsAltruisticFromLsfGain + IndividualEstimated_INR + -15.0
None
ls_gain_coeffs:
[-140.67392436 -144.80617253 -142.46813669 -135.65827758 -125.90851961
 -143.2537592  -129.7907635  -136.53021137 -126.81996485 -138.91337576
 -137.66011041 -128.05982316 -145.94526713 -148.65240324 -148.76124204]
inrs_hat:  [-29.68422432 -33.81647249 -31.47843664 -24.66857754 -14.91881957
 -32.26405916 -18.80106346 -25.54051133 -15.83026481 -27.92367572
 -26.67041037 -17.07012312 -34.95556709 -37.6627032  -37.771542  ]
scheduled_ues:  [ 0  1  2  3  5  6  7  8  9 10 11 12 13 14]
(1, 15, 1, 4, 1, 1)
caused INR: -24.41830221061607
TpsAltruisticFromLsfGain + CumulativeIndividualEstimated_INR + -10.0
None
(1, 15, 1, 4, 1, 1)
caused INR: -24.41830221061607
TpsAltruisticFromLsfGain + CumulativeIndividualEstimated_INR + -12.5
None
(1, 15, 1, 4, 1, 1)
caused INR: -10.890358003646227
TpsAltruisticFromLsfGain + CumulativeIndividualEstimated_INR + -15.0
None
(1, 15, 1, 4, 1, 1)
caused INR: -16.280918993862628
TpsRandomic + IndividualEstimated_INR + -10.0
None
ls_gain_coeffs:
[-124.12561949 -144.80617253 -137.69587437 -121.6979839  -125.90851961
 -131.87445932 -112.20926652 -122.24549213 -126.81996485 -125.08564803
 -126.31952396 -128.05982316 -141.58640126 -131.87451615 -141.0676263 ]
inrs_hat:  [-13.13591945 -33.81647249 -26.70617433 -10.70828385 -14.91881957
 -20.88475927  -1.21956647 -11.25579209 -15.83026481 -14.09594799
 -15.32982392 -17.07012312 -30.59670121 -20.88481611 -30.07792625]
scheduled_ues:  [ 0  1  2  3  4  5  7  8  9 10 11 12 13 14]
(1, 15, 1, 4, 1, 1)
caused INR: -3.0700414898353463
TpsRandomic + IndividualEstimated_INR + -12.5
None
ls_gain_coeffs:
[-140.67392436 -133.42290893 -126.84502848 -120.17929021 -125.90851961
 -131.87445932 -118.946779   -136.53021137 -114.86339053 -125.08564803
 -126.31952396 -126.76138993 -130.59775655 -136.69737344 -135.76805877]
inrs_hat:  [-29.68422432 -22.43320888 -15.85532843  -9.18959017 -14.91881957
 -20.88475927  -7.95707895 -25.54051133  -3.87369049 -14.09594799
 -15.32982392 -15.77168988 -19.6080565  -25.7076734  -24.77835873]
scheduled_ues:  [ 0  1  2  4  5  7  9 10 11 12 13 14]
(1, 15, 1, 4, 1, 1)
caused INR: -2.768157640306323
TpsRandomic + IndividualEstimated_INR + -15.0
None
ls_gain_coeffs:
[-124.12561949 -134.90868161 -142.46813669 -131.10219653 -109.09733196
 -143.2537592  -118.946779   -136.53021137 -114.7506297  -138.91337576
 -120.36085542 -126.76138993 -130.59775655 -131.87451615 -141.0676263 ]
inrs_hat:  [-13.13591945 -23.91898156 -31.47843664 -20.11249648   1.89236808
 -32.26405916  -7.95707895 -25.54051133  -3.76092966 -27.92367572
  -9.37115538 -15.77168988 -19.6080565  -20.88481611 -30.07792625]
scheduled_ues:  [ 1  2  3  5  7  9 11 12 13 14]
(1, 15, 1, 4, 1, 1)
caused INR: -10.311999503320612
TpsRandomic + CumulativeIndividualEstimated_INR + -10.0
None
(1, 15, 1, 4, 1, 1)
caused INR: -12.600846985078684
TpsRandomic + CumulativeIndividualEstimated_INR + -12.5
None
(1, 15, 1, 4, 1, 1)
caused INR: -7.549361411821272
TpsRandomic + CumulativeIndividualEstimated_INR + -15.0
None
(1, 15, 1, 4, 1, 1)
caused INR: -19.11858397572273
Iteration number 46
TpsAltruisticFromLsfGain + IndividualEstimated_INR + -10.0
None
ls_gain_coeffs:
[-132.78453496 -145.25577331 -128.2419139  -142.84139583 -146.36280876
 -135.30491354 -131.17123009 -126.89580221 -122.25676788 -138.78614469
 -123.00814512 -149.19828029 -149.32596273 -145.63352299 -150.21609036]
inrs_hat:  [-21.79483491 -34.26607326 -17.25221386 -31.85169578 -35.37310872
 -24.31521349 -20.18153005 -15.90610217 -11.26706783 -27.79644465
 -12.01844507 -38.20858025 -38.33626269 -34.64382294 -39.22639032]
scheduled_ues:  [ 0  1  2  3  4  5  6  7  8  9 10 11 12 13 14]
(1, 15, 1, 4, 1, 1)
caused INR: -10.453550709408216
TpsAltruisticFromLsfGain + IndividualEstimated_INR + -12.5
None
ls_gain_coeffs:
[-132.78453496 -145.25577331 -128.2419139  -142.84139583 -146.36280876
 -135.30491354 -131.17123009 -126.89580221 -122.25676788 -138.78614469
 -123.00814512 -149.19828029 -149.32596273 -145.63352299 -150.21609036]
inrs_hat:  [-21.79483491 -34.26607326 -17.25221386 -31.85169578 -35.37310872
 -24.31521349 -20.18153005 -15.90610217 -11.26706783 -27.79644465
 -12.01844507 -38.20858025 -38.33626269 -34.64382294 -39.22639032]
scheduled_ues:  [ 0  1  2  3  4  5  6  7  9 11 12 13 14]
(1, 15, 1, 4, 1, 1)
caused INR: -11.861887288203034
TpsAltruisticFromLsfGain + IndividualEstimated_INR + -15.0
None
ls_gain_coeffs:
[-132.78453496 -145.25577331 -128.2419139  -142.84139583 -146.36280876
 -135.30491354 -131.17123009 -126.89580221 -122.25676788 -138.78614469
 -123.00814512 -149.19828029 -149.32596273 -145.63352299 -150.21609036]
inrs_hat:  [-21.79483491 -34.26607326 -17.25221386 -31.85169578 -35.37310872
 -24.31521349 -20.18153005 -15.90610217 -11.26706783 -27.79644465
 -12.01844507 -38.20858025 -38.33626269 -34.64382294 -39.22639032]
scheduled_ues:  [ 0  1  2  3  4  5  6  7  9 11 12 13 14]
(1, 15, 1, 4, 1, 1)
caused INR: -11.861887288203034
TpsAltruisticFromLsfGain + CumulativeIndividualEstimated_INR + -10.0
None
(1, 15, 1, 4, 1, 1)
caused INR: -11.861887288203034
TpsAltruisticFromLsfGain + CumulativeIndividualEstimated_INR + -12.5
None
(1, 15, 1, 4, 1, 1)
caused INR: -21.764199418566292
TpsAltruisticFromLsfGain + CumulativeIndividualEstimated_INR + -15.0
None
(1, 15, 1, 4, 1, 1)
caused INR: -22.15564005315725
TpsRandomic + IndividualEstimated_INR + -10.0
None
ls_gain_coeffs:
[-125.74619592 -145.25577331 -121.35003791 -128.91561012 -129.70088041
 -118.79528787 -131.17123009 -126.89580221 -105.42041148 -122.09133868
 -123.00814512 -132.38208706 -134.75400287 -129.62146154 -133.62800938]
inrs_hat:  [-14.75649587 -34.26607326 -10.36033786 -17.92591008 -18.71118037
  -7.80558783 -20.18153005 -15.90610217   5.56928856 -11.10163864
 -12.01844507 -21.39238702 -23.76430283 -18.63176149 -22.63830933]
scheduled_ues:  [ 0  1  2  3  4  6  7  9 10 11 12 13 14]
(1, 15, 1, 4, 1, 1)
caused INR: -7.020946990347944
TpsRandomic + IndividualEstimated_INR + -12.5
None
ls_gain_coeffs:
[-125.74619592 -138.17318753 -111.68876788 -136.4711396  -146.36280876
 -118.79528787 -121.58270557 -126.89580221 -122.25676788 -138.78614469
 -108.14143403 -149.19828029 -146.13042294 -145.63352299 -150.21609036]
inrs_hat:  [-14.75649587 -27.18348748  -0.69906783 -25.48143956 -35.37310872
  -7.80558783 -10.59300552 -15.90610217 -11.26706783 -27.79644465
   2.84826602 -38.20858025 -35.1407229  -34.64382294 -39.22639032]
scheduled_ues:  [ 0  1  3  4  7  9 11 12 13 14]
(1, 15, 1, 4, 1, 1)
caused INR: -9.917149166104892
TpsRandomic + IndividualEstimated_INR + -15.0
None
ls_gain_coeffs:
[-132.78453496 -138.17318753 -111.68876788 -142.84139583 -146.36280876
 -135.30491354 -121.58270557 -113.40409779 -107.81988388 -126.80404606
 -123.00814512 -132.38208706 -146.13042294 -140.27783081 -137.30268874]
inrs_hat:  [-21.79483491 -27.18348748  -0.69906783 -31.85169578 -35.37310872
 -24.31521349 -10.59300552  -2.41439775   3.16981616 -15.81434602
 -12.01844507 -21.39238702 -35.1407229  -29.28813077 -26.3129887 ]
scheduled_ues:  [ 0  1  3  4  5  9 11 12 13 14]
(1, 15, 1, 4, 1, 1)
caused INR: -21.136695430336516
TpsRandomic + CumulativeIndividualEstimated_INR + -10.0
None
(1, 15, 1, 4, 1, 1)
caused INR: -22.505888020264525
TpsRandomic + CumulativeIndividualEstimated_INR + -12.5
None
(1, 15, 1, 4, 1, 1)
caused INR: -15.998054190814662
TpsRandomic + CumulativeIndividualEstimated_INR + -15.0
None
(1, 15, 1, 4, 1, 1)
caused INR: -25.505876704879014
Iteration number 47
TpsAltruisticFromLsfGain + IndividualEstimated_INR + -10.0
None
ls_gain_coeffs:
[-147.71321146 -149.09542068 -132.05346032 -136.99094854 -126.30210583
 -140.6528249  -139.35961225 -127.64556838 -129.62130453 -141.12443942
 -142.10617198 -141.24799374 -135.91968088 -137.42956797 -132.81656489]
inrs_hat:  [-36.72351142 -38.10572063 -21.06376028 -26.00124849 -15.31240579
 -29.66312486 -28.3699122  -16.65586834 -18.63160449 -30.13473937
 -31.11647194 -30.2582937  -24.92998083 -26.43986793 -21.82686485]
scheduled_ues:  [ 0  1  2  3  4  5  6  7  8  9 10 11 12 13 14]
(1, 15, 1, 4, 1, 1)
caused INR: -12.001220725274692
TpsAltruisticFromLsfGain + IndividualEstimated_INR + -12.5
None
ls_gain_coeffs:
[-147.71321146 -149.09542068 -132.05346032 -136.99094854 -126.30210583
 -140.6528249  -139.35961225 -127.64556838 -129.62130453 -141.12443942
 -142.10617198 -141.24799374 -135.91968088 -137.42956797 -132.81656489]
inrs_hat:  [-36.72351142 -38.10572063 -21.06376028 -26.00124849 -15.31240579
 -29.66312486 -28.3699122  -16.65586834 -18.63160449 -30.13473937
 -31.11647194 -30.2582937  -24.92998083 -26.43986793 -21.82686485]
scheduled_ues:  [ 0  1  2  3  4  5  6  7  8  9 10 11 12 13 14]
(1, 15, 1, 4, 1, 1)
caused INR: -12.001220725274692
TpsAltruisticFromLsfGain + IndividualEstimated_INR + -15.0
None
ls_gain_coeffs:
[-147.71321146 -149.09542068 -132.05346032 -136.99094854 -126.30210583
 -140.6528249  -139.35961225 -127.64556838 -129.62130453 -141.12443942
 -142.10617198 -141.24799374 -135.91968088 -137.42956797 -132.81656489]
inrs_hat:  [-36.72351142 -38.10572063 -21.06376028 -26.00124849 -15.31240579
 -29.66312486 -28.3699122  -16.65586834 -18.63160449 -30.13473937
 -31.11647194 -30.2582937  -24.92998083 -26.43986793 -21.82686485]
scheduled_ues:  [ 0  1  2  3  4  5  6  7  8  9 10 11 12 13 14]
(1, 15, 1, 4, 1, 1)
caused INR: -12.001220725274692
TpsAltruisticFromLsfGain + CumulativeIndividualEstimated_INR + -10.0
None
(1, 15, 1, 4, 1, 1)
caused INR: -12.001220725274692
TpsAltruisticFromLsfGain + CumulativeIndividualEstimated_INR + -12.5
None
(1, 15, 1, 4, 1, 1)
caused INR: -16.571858847889345
TpsAltruisticFromLsfGain + CumulativeIndividualEstimated_INR + -15.0
None
(1, 15, 1, 4, 1, 1)
caused INR: -17.308976105109043
TpsRandomic + IndividualEstimated_INR + -10.0
None
ls_gain_coeffs:
[-136.81378587 -149.09542068 -132.05346032 -123.36643966 -113.1356483
 -140.6528249  -131.65335371 -127.64556838 -129.62130453 -126.84293961
 -129.62968409 -141.24799374 -135.91968088 -130.91512666 -123.27413074]
inrs_hat:  [-25.82408583 -38.10572063 -21.06376028 -12.37673962  -2.14594825
 -29.66312486 -20.66365367 -16.65586834 -18.63160449 -15.85323957
 -18.63998405 -30.2582937  -24.92998083 -19.92542662 -12.28443069]
scheduled_ues:  [ 0  1  2  3  5  6  7  8  9 10 11 12 13 14]
(1, 15, 1, 4, 1, 1)
caused INR: -9.377787610067703
TpsRandomic + IndividualEstimated_INR + -12.5
None
ls_gain_coeffs:
[-147.71321146 -149.09542068 -131.44404542 -136.99094854 -126.30210583
 -140.6528249  -122.91928783 -120.349155   -112.62119475 -141.12443942
 -142.10617198 -131.12996904 -121.65368397 -137.42956797 -120.17586232]
inrs_hat:  [-36.72351142 -38.10572063 -20.45434538 -26.00124849 -15.31240579
 -29.66312486 -11.92958779  -9.35945496  -1.63149471 -30.13473937
 -31.11647194 -20.140269   -10.66398393 -26.43986793  -9.18616228]
scheduled_ues:  [ 0  1  2  3  4  5  9 10 11 13]
(1, 15, 1, 4, 1, 1)
caused INR: -19.79446961121866
TpsRandomic + IndividualEstimated_INR + -15.0
None
ls_gain_coeffs:
[-130.90474233 -149.09542068 -119.40872202 -123.36643966 -113.1356483
 -124.22242474 -126.62682196 -127.64556838 -112.62119475 -126.84293961
 -142.00150831 -141.24799374 -129.30904644 -130.91512666 -120.17586232]
inrs_hat:  [-19.91504229 -38.10572063  -8.41902198 -12.37673962  -2.14594825
 -13.23272469 -15.63712191 -16.65586834  -1.63149471 -15.85323957
 -31.01180827 -30.2582937  -18.3193464  -19.92542662  -9.18616228]
scheduled_ues:  [ 0  1  6  7  9 10 11 12 13]
(1, 15, 1, 4, 1, 1)
caused INR: -5.832043618434413
TpsRandomic + CumulativeIndividualEstimated_INR + -10.0
None
(1, 15, 1, 4, 1, 1)
caused INR: -11.073559942099022
TpsRandomic + CumulativeIndividualEstimated_INR + -12.5
None
(1, 15, 1, 4, 1, 1)
caused INR: -15.62656470439022
TpsRandomic + CumulativeIndividualEstimated_INR + -15.0
None
(1, 15, 1, 4, 1, 1)
caused INR: -19.063068501827846
Iteration number 48
TpsAltruisticFromLsfGain + IndividualEstimated_INR + -10.0
None
ls_gain_coeffs:
[-133.84889978 -149.12904881 -135.8799543  -145.55382191 -134.95647145
 -150.13666848 -126.8347555  -132.332934   -140.60247264 -133.75372684
 -137.30088446 -143.72775334 -140.53804363 -134.0137535  -121.58306575]
inrs_hat:  [-22.85919974 -38.13934877 -24.89025426 -34.56412186 -23.96677141
 -39.14696844 -15.84505545 -21.34323395 -29.6127726  -22.76402679
 -26.31118442 -32.7380533  -29.54834358 -23.02405346 -10.59336571]
scheduled_ues:  [ 0  1  2  3  4  5  6  7  8  9 10 11 12 13 14]
(1, 15, 1, 4, 1, 1)
caused INR: -3.048646629933351
TpsAltruisticFromLsfGain + IndividualEstimated_INR + -12.5
None
ls_gain_coeffs:
[-133.84889978 -149.12904881 -135.8799543  -145.55382191 -134.95647145
 -150.13666848 -126.8347555  -132.332934   -140.60247264 -133.75372684
 -137.30088446 -143.72775334 -140.53804363 -134.0137535  -121.58306575]
inrs_hat:  [-22.85919974 -38.13934877 -24.89025426 -34.56412186 -23.96677141
 -39.14696844 -15.84505545 -21.34323395 -29.6127726  -22.76402679
 -26.31118442 -32.7380533  -29.54834358 -23.02405346 -10.59336571]
scheduled_ues:  [ 0  1  2  3  4  5  6  7  8  9 10 11 12 13]
(1, 15, 1, 4, 1, 1)
caused INR: -11.818322336590672
TpsAltruisticFromLsfGain + IndividualEstimated_INR + -15.0
None
ls_gain_coeffs:
[-133.84889978 -149.12904881 -135.8799543  -145.55382191 -134.95647145
 -150.13666848 -126.8347555  -132.332934   -140.60247264 -133.75372684
 -137.30088446 -143.72775334 -140.53804363 -134.0137535  -121.58306575]
inrs_hat:  [-22.85919974 -38.13934877 -24.89025426 -34.56412186 -23.96677141
 -39.14696844 -15.84505545 -21.34323395 -29.6127726  -22.76402679
 -26.31118442 -32.7380533  -29.54834358 -23.02405346 -10.59336571]
scheduled_ues:  [ 0  1  2  3  4  5  6  7  8  9 10 11 12 13]
(1, 15, 1, 4, 1, 1)
caused INR: -11.818322336590672
TpsAltruisticFromLsfGain + CumulativeIndividualEstimated_INR + -10.0
None
(1, 15, 1, 4, 1, 1)
caused INR: -11.818322336590672
TpsAltruisticFromLsfGain + CumulativeIndividualEstimated_INR + -12.5
None
(1, 15, 1, 4, 1, 1)
caused INR: -19.39818321308453
TpsAltruisticFromLsfGain + CumulativeIndividualEstimated_INR + -15.0
None
(1, 15, 1, 4, 1, 1)
caused INR: -19.10379703098919
TpsRandomic + IndividualEstimated_INR + -10.0
None
ls_gain_coeffs:
[-127.89284929 -142.42098073 -118.78231284 -131.40498494 -118.32886672
 -150.13666848 -126.8347555  -124.79371814 -123.58307615 -116.91646502
 -137.30088446 -141.25185154 -124.40440884 -134.0137535  -121.58306575]
inrs_hat:  [-16.90314924 -31.43128068  -7.79261279 -20.41528489  -7.33916668
 -39.14696844 -15.84505545 -13.8040181  -12.5933761   -5.92676498
 -26.31118442 -30.26215149 -13.4147088  -23.02405346 -10.59336571]
scheduled_ues:  [ 0  1  3  5  6  7  8 10 11 12 13 14]
(1, 15, 1, 4, 1, 1)
caused INR: -3.9541465224185117
TpsRandomic + IndividualEstimated_INR + -12.5
None
ls_gain_coeffs:
[-133.84889978 -135.76895337 -118.78231284 -129.69774797 -122.7256991
 -141.11314015 -126.8347555  -115.31508185 -140.60247264 -123.37220946
 -120.0620047  -130.46085274 -134.98297038 -134.0137535  -107.96714664]
inrs_hat:  [-22.85919974 -24.77925332  -7.79261279 -18.70804793 -11.73599906
 -30.12344011 -15.84505545  -4.3253818  -29.6127726  -12.38250942
  -9.07230465 -19.47115269 -23.99327034 -23.02405346   3.0225534 ]
scheduled_ues:  [ 0  1  3  5  6  8 11 12 13]
(1, 15, 1, 4, 1, 1)
caused INR: -8.474454319356461
TpsRandomic + IndividualEstimated_INR + -15.0
None
ls_gain_coeffs:
[-119.73536576 -142.42098073 -127.67028082 -140.432111   -134.95647145
 -150.13666848 -112.85213198 -118.27804555 -140.60247264 -116.91646502
 -120.0620047  -129.63555214 -126.2674473  -116.64539161 -121.58306575]
inrs_hat:  [ -8.74566572 -31.43128068 -16.68058078 -29.44241096 -23.96677141
 -39.14696844  -1.86243194  -7.2883455  -29.6127726   -5.92676498
  -9.07230465 -18.64585209 -15.27774726  -5.65569156 -10.59336571]
scheduled_ues:  [ 1  2  3  4  5  8 11 12]
(1, 15, 1, 4, 1, 1)
caused INR: -19.606775571621352
TpsRandomic + CumulativeIndividualEstimated_INR + -10.0
None
(1, 15, 1, 4, 1, 1)
caused INR: -7.061085906668709
TpsRandomic + CumulativeIndividualEstimated_INR + -12.5
None
(1, 15, 1, 4, 1, 1)
caused INR: -11.737987176590938
TpsRandomic + CumulativeIndividualEstimated_INR + -15.0
None
(1, 15, 1, 4, 1, 1)
caused INR: -13.604083173338841
Iteration number 49
TpsAltruisticFromLsfGain + IndividualEstimated_INR + -10.0
None
ls_gain_coeffs:
[-140.34164595 -143.33251344 -141.99363433 -129.21125728 -134.52836996
 -138.08397157 -128.94725293 -135.20977721 -134.57501951 -136.65821375
 -145.95100198 -141.78167783 -131.43995847 -145.77163904 -148.4071916 ]
inrs_hat:  [-29.3519459  -32.3428134  -31.00393428 -18.22155724 -23.53866992
 -27.09427153 -17.95755288 -24.22007716 -23.58531946 -25.66851371
 -34.96130194 -30.79197779 -20.45025843 -34.781939   -37.41749156]
scheduled_ues:  [ 0  1  2  3  4  5  6  7  8  9 10 11 12 13 14]
(1, 15, 1, 4, 1, 1)
caused INR: -5.283226075826384
TpsAltruisticFromLsfGain + IndividualEstimated_INR + -12.5
None
ls_gain_coeffs:
[-140.34164595 -143.33251344 -141.99363433 -129.21125728 -134.52836996
 -138.08397157 -128.94725293 -135.20977721 -134.57501951 -136.65821375
 -145.95100198 -141.78167783 -131.43995847 -145.77163904 -148.4071916 ]
inrs_hat:  [-29.3519459  -32.3428134  -31.00393428 -18.22155724 -23.53866992
 -27.09427153 -17.95755288 -24.22007716 -23.58531946 -25.66851371
 -34.96130194 -30.79197779 -20.45025843 -34.781939   -37.41749156]
scheduled_ues:  [ 0  1  2  3  4  5  6  7  8  9 10 11 12 13 14]
(1, 15, 1, 4, 1, 1)
caused INR: -5.283226075826384
TpsAltruisticFromLsfGain + IndividualEstimated_INR + -15.0
None
ls_gain_coeffs:
[-140.34164595 -143.33251344 -141.99363433 -129.21125728 -134.52836996
 -138.08397157 -128.94725293 -135.20977721 -134.57501951 -136.65821375
 -145.95100198 -141.78167783 -131.43995847 -145.77163904 -148.4071916 ]
inrs_hat:  [-29.3519459  -32.3428134  -31.00393428 -18.22155724 -23.53866992
 -27.09427153 -17.95755288 -24.22007716 -23.58531946 -25.66851371
 -34.96130194 -30.79197779 -20.45025843 -34.781939   -37.41749156]
scheduled_ues:  [ 0  1  2  3  4  5  6  7  8  9 10 11 12 13 14]
(1, 15, 1, 4, 1, 1)
caused INR: -5.283226075826384
TpsAltruisticFromLsfGain + CumulativeIndividualEstimated_INR + -10.0
None
(1, 15, 1, 4, 1, 1)
caused INR: -5.283226075826384
TpsAltruisticFromLsfGain + CumulativeIndividualEstimated_INR + -12.5
None
(1, 15, 1, 4, 1, 1)
caused INR: -6.75624775420395
TpsAltruisticFromLsfGain + CumulativeIndividualEstimated_INR + -15.0
None
(1, 15, 1, 4, 1, 1)
caused INR: -9.733575841989854
TpsRandomic + IndividualEstimated_INR + -10.0
None
ls_gain_coeffs:
[-127.09322473 -135.90669871 -132.88290228 -116.22872072 -120.23105863
 -130.41165388 -115.03089721 -135.20977721 -117.17755863 -120.67297478
 -133.99213112 -127.55849908 -120.78292858 -134.52778687 -135.16844016]
inrs_hat:  [-16.10352469 -24.91699867 -21.89320224  -5.23902068  -9.24135859
 -19.42195383  -4.04119716 -24.22007716  -6.18785859  -9.68327474
 -23.00243107 -16.56879904  -9.79322854 -23.53808682 -24.17874012]
scheduled_ues:  [ 0  1  2  5  7 10 11 13 14]
(1, 15, 1, 4, 1, 1)
caused INR: -10.87075283317513
TpsRandomic + IndividualEstimated_INR + -12.5
None
ls_gain_coeffs:
[-123.64355746 -126.66825077 -132.88290228 -116.22872072 -128.96123596
 -121.29589604 -128.94725293 -127.39766299 -134.57501951 -131.21057314
 -145.95100198 -141.78167783 -120.78292858 -135.83087026 -135.16844016]
inrs_hat:  [-12.65385742 -15.67855073 -21.89320224  -5.23902068 -17.97153591
 -10.306196   -17.95755288 -16.40796294 -23.58531946 -20.2208731
 -34.96130194 -30.79197779  -9.79322854 -24.84117021 -24.17874012]
scheduled_ues:  [ 0  1  2  4  6  7  8  9 10 11 13 14]
(1, 15, 1, 4, 1, 1)
caused INR: -20.020060786746107
TpsRandomic + IndividualEstimated_INR + -15.0
None
ls_gain_coeffs:
[-140.34164595 -129.87140283 -132.88290228 -129.21125728 -134.52836996
 -124.6217382  -115.03089721 -122.39590701 -117.17755863 -122.57697642
 -136.85485944 -136.26170127 -131.43995847 -135.83087026 -148.4071916 ]
inrs_hat:  [-29.3519459  -18.88170279 -21.89320224 -18.22155724 -23.53866992
 -13.63203816  -4.04119716 -11.40620697  -6.18785859 -11.58727637
 -25.8651594  -25.27200123 -20.45025843 -24.84117021 -37.41749156]
scheduled_ues:  [ 0  1  2  3  4 10 11 12 13 14]
(1, 15, 1, 4, 1, 1)
caused INR: -10.1750393602928
TpsRandomic + CumulativeIndividualEstimated_INR + -10.0
None
(1, 15, 1, 4, 1, 1)
caused INR: -19.41208411629052
TpsRandomic + CumulativeIndividualEstimated_INR + -12.5
None
(1, 15, 1, 4, 1, 1)
caused INR: -8.23682265275552
TpsRandomic + CumulativeIndividualEstimated_INR + -15.0
None
(1, 15, 1, 4, 1, 1)
caused INR: -18.78428833833595
Iteration number 50
TpsAltruisticFromLsfGain + IndividualEstimated_INR + -10.0
None
ls_gain_coeffs:
[-123.67518578 -151.85772536 -146.90018741 -142.88634803 -140.99421554
 -139.03447023 -133.64311657 -124.55661092 -147.63317369 -133.62572351
 -127.32148838 -129.50024115 -133.20558138 -148.69607134 -130.30523024]
inrs_hat:  [-12.68548573 -40.86802532 -35.91048737 -31.89664798 -30.0045155
 -28.04477018 -22.65341653 -13.56691088 -36.64347364 -22.63602347
 -16.33178833 -18.5105411  -22.21588133 -37.7063713  -19.3155302 ]
scheduled_ues:  [ 0  1  2  3  4  5  6  7  8  9 10 11 12 13 14]
(1, 15, 1, 4, 1, 1)
caused INR: -8.296317611620232
TpsAltruisticFromLsfGain + IndividualEstimated_INR + -12.5
None
ls_gain_coeffs:
[-123.67518578 -151.85772536 -146.90018741 -142.88634803 -140.99421554
 -139.03447023 -133.64311657 -124.55661092 -147.63317369 -133.62572351
 -127.32148838 -129.50024115 -133.20558138 -148.69607134 -130.30523024]
inrs_hat:  [-12.68548573 -40.86802532 -35.91048737 -31.89664798 -30.0045155
 -28.04477018 -22.65341653 -13.56691088 -36.64347364 -22.63602347
 -16.33178833 -18.5105411  -22.21588133 -37.7063713  -19.3155302 ]
scheduled_ues:  [ 0  1  2  3  4  5  6  7  8  9 10 11 12 13 14]
(1, 15, 1, 4, 1, 1)
caused INR: -8.296317611620232
TpsAltruisticFromLsfGain + IndividualEstimated_INR + -15.0
None
ls_gain_coeffs:
[-123.67518578 -151.85772536 -146.90018741 -142.88634803 -140.99421554
 -139.03447023 -133.64311657 -124.55661092 -147.63317369 -133.62572351
 -127.32148838 -129.50024115 -133.20558138 -148.69607134 -130.30523024]
inrs_hat:  [-12.68548573 -40.86802532 -35.91048737 -31.89664798 -30.0045155
 -28.04477018 -22.65341653 -13.56691088 -36.64347364 -22.63602347
 -16.33178833 -18.5105411  -22.21588133 -37.7063713  -19.3155302 ]
scheduled_ues:  [ 1  2  3  4  5  6  8  9 10 11 12 13 14]
(1, 15, 1, 4, 1, 1)
caused INR: -7.0196147758041665
TpsAltruisticFromLsfGain + CumulativeIndividualEstimated_INR + -10.0
None
(1, 15, 1, 4, 1, 1)
caused INR: -7.0196147758041665
TpsAltruisticFromLsfGain + CumulativeIndividualEstimated_INR + -12.5
None
(1, 15, 1, 4, 1, 1)
caused INR: -8.540602012422621
TpsAltruisticFromLsfGain + CumulativeIndividualEstimated_INR + -15.0
None
(1, 15, 1, 4, 1, 1)
caused INR: -17.349607471523196
TpsRandomic + IndividualEstimated_INR + -10.0
None
ls_gain_coeffs:
[-106.80154072 -147.19213256 -137.61812479 -142.88634803 -128.24999477
 -122.78799976 -116.14688819 -107.77643891 -147.63317369 -121.20671995
 -126.96942572 -112.60303503 -123.73100795 -139.81175156 -119.89223078]
inrs_hat:  [  4.18815932 -36.20243252 -26.62842474 -31.89664798 -17.26029473
 -11.79829972  -5.15718815   3.21326114 -36.64347364 -10.2170199
 -15.97972568  -1.61333498 -12.74130791 -28.82205152  -8.90253074]
scheduled_ues:  [ 1  2  3  4  5  8  9 10 12 13]
(1, 15, 1, 4, 1, 1)
caused INR: -8.716393933315958
TpsRandomic + IndividualEstimated_INR + -12.5
None
ls_gain_coeffs:
[-123.67518578 -147.19213256 -146.90018741 -135.45100872 -124.32938867
 -125.3634455  -116.14688819 -124.55661092 -143.27120249 -121.20671995
 -114.64517994 -112.60303503 -121.56000639 -132.07132904 -119.89223078]
inrs_hat:  [-12.68548573 -36.20243252 -35.91048737 -24.46130868 -13.33968863
 -14.37374546  -5.15718815 -13.56691088 -32.28150245 -10.2170199
  -3.6554799   -1.61333498 -10.57030635 -21.081629    -8.90253074]
scheduled_ues:  [ 0  1  2  3  4  5  7  8 13]
(1, 15, 1, 4, 1, 1)
caused INR: -2.5667313189279946
TpsRandomic + IndividualEstimated_INR + -15.0
None
ls_gain_coeffs:
[-116.72971525 -137.86092776 -135.10356437 -126.37279561 -124.32938867
 -139.03447023 -121.0745748  -124.55661092 -132.28359289 -133.62572351
 -126.96942572 -129.50024115 -116.42470717 -139.81175156 -130.30523024]
inrs_hat:  [ -5.7400152  -26.87122772 -24.11386432 -15.38309557 -13.33968863
 -28.04477018 -10.08487475 -13.56691088 -21.29389285 -22.63602347
 -15.97972568 -18.5105411   -5.43500713 -28.82205152 -19.3155302 ]
scheduled_ues:  [ 1  2  3  5  8  9 10 11 13 14]
(1, 15, 1, 4, 1, 1)
caused INR: -6.422271495984074
TpsRandomic + CumulativeIndividualEstimated_INR + -10.0
None
(1, 15, 1, 4, 1, 1)
caused INR: -22.411179304618326
TpsRandomic + CumulativeIndividualEstimated_INR + -12.5
None
(1, 15, 1, 4, 1, 1)
caused INR: -12.89068012659343
TpsRandomic + CumulativeIndividualEstimated_INR + -15.0
None
(1, 15, 1, 4, 1, 1)
caused INR: -20.51381998296545
Iteration number 51
TpsAltruisticFromLsfGain + IndividualEstimated_INR + -10.0
None
ls_gain_coeffs:
[-140.34284179 -131.31570483 -131.88531571 -125.57307038 -145.02065453
 -145.21346256 -143.26066505 -133.96891167 -136.88276557 -121.60862489
 -145.30226739 -123.30863265 -131.88762993 -127.8986849  -141.25711727]
inrs_hat:  [-29.35314175 -20.32600478 -20.89561566 -14.58337033 -34.03095449
 -34.22376252 -32.270965   -22.97921163 -25.89306553 -10.61892484
 -34.31256734 -12.31893261 -20.89792988 -16.90898485 -30.26741723]
scheduled_ues:  [ 0  1  2  3  4  5  6  7  8  9 10 11 12 13 14]
(1, 15, 1, 4, 1, 1)
caused INR: -14.77116414248906
TpsAltruisticFromLsfGain + IndividualEstimated_INR + -12.5
None
ls_gain_coeffs:
[-140.34284179 -131.31570483 -131.88531571 -125.57307038 -145.02065453
 -145.21346256 -143.26066505 -133.96891167 -136.88276557 -121.60862489
 -145.30226739 -123.30863265 -131.88762993 -127.8986849  -141.25711727]
inrs_hat:  [-29.35314175 -20.32600478 -20.89561566 -14.58337033 -34.03095449
 -34.22376252 -32.270965   -22.97921163 -25.89306553 -10.61892484
 -34.31256734 -12.31893261 -20.89792988 -16.90898485 -30.26741723]
scheduled_ues:  [ 0  1  2  3  4  5  6  7  8 10 12 13 14]
(1, 15, 1, 4, 1, 1)
caused INR: -14.733043963842093
TpsAltruisticFromLsfGain + IndividualEstimated_INR + -15.0
None
ls_gain_coeffs:
[-140.34284179 -131.31570483 -131.88531571 -125.57307038 -145.02065453
 -145.21346256 -143.26066505 -133.96891167 -136.88276557 -121.60862489
 -145.30226739 -123.30863265 -131.88762993 -127.8986849  -141.25711727]
inrs_hat:  [-29.35314175 -20.32600478 -20.89561566 -14.58337033 -34.03095449
 -34.22376252 -32.270965   -22.97921163 -25.89306553 -10.61892484
 -34.31256734 -12.31893261 -20.89792988 -16.90898485 -30.26741723]
scheduled_ues:  [ 0  1  2  4  5  6  7  8 10 12 13 14]
(1, 15, 1, 4, 1, 1)
caused INR: -18.316966261858795
TpsAltruisticFromLsfGain + CumulativeIndividualEstimated_INR + -10.0
None
(1, 15, 1, 4, 1, 1)
caused INR: -14.733043963842093
TpsAltruisticFromLsfGain + CumulativeIndividualEstimated_INR + -12.5
None
(1, 15, 1, 4, 1, 1)
caused INR: -18.210636269574696
TpsAltruisticFromLsfGain + CumulativeIndividualEstimated_INR + -15.0
None
(1, 15, 1, 4, 1, 1)
caused INR: -14.970630146445078
TpsRandomic + IndividualEstimated_INR + -10.0
None
ls_gain_coeffs:
[-127.15731675 -119.77223313 -122.98077112 -113.38437095 -145.02065453
 -128.42469798 -135.25513407 -132.78448207 -136.88276557 -107.74219684
 -128.82376539 -107.67533113 -131.88762993 -115.28351627 -124.60312821]
inrs_hat:  [-16.16761671  -8.78253309 -11.99107108  -2.39467091 -34.03095449
 -17.43499794 -24.26543403 -21.79478202 -25.89306553   3.2475032
 -17.83406535   3.31436891 -20.89792988  -4.29381622 -13.61342816]
scheduled_ues:  [ 0  2  4  5  6  7  8 10 12 14]
(1, 15, 1, 4, 1, 1)
caused INR: -7.571764361674173
TpsRandomic + IndividualEstimated_INR + -12.5
None
ls_gain_coeffs:
[-127.15731675 -113.60017229 -115.03274314 -125.57307038 -145.02065453
 -135.4310351  -135.25513407 -132.78448207 -127.54385566 -107.74219684
 -138.21222545 -123.30863265 -114.24620994 -127.8986849  -131.4172878 ]
inrs_hat:  [-16.16761671  -2.61047225  -4.0430431  -14.58337033 -34.03095449
 -24.44133506 -24.26543403 -21.79478202 -16.55415561   3.2475032
 -27.22252541 -12.31893261  -3.2565099  -16.90898485 -20.42758775]
scheduled_ues:  [ 0  3  4  5  6  7  8 10 13 14]
(1, 15, 1, 4, 1, 1)
caused INR: -9.392036603520497
TpsRandomic + IndividualEstimated_INR + -15.0
None
ls_gain_coeffs:
[-127.52927927 -119.86971145 -119.52631516 -113.38437095 -128.23097948
 -128.42469798 -130.44429889 -120.73769193 -136.88276557 -113.91417522
 -138.21222545 -118.52108037 -114.24620994 -115.10994764 -130.23056862]
inrs_hat:  [-16.53957923  -8.88001141  -8.53661512  -2.39467091 -17.24127944
 -17.43499794 -19.45459884  -9.74799189 -25.89306553  -2.92447517
 -27.22252541  -7.53138033  -3.2565099   -4.1202476  -19.24086858]
scheduled_ues:  [ 0  4  5  6  8 10 14]
(1, 15, 1, 4, 1, 1)
caused INR: -13.395921141806852
TpsRandomic + CumulativeIndividualEstimated_INR + -10.0
None
(1, 15, 1, 4, 1, 1)
caused INR: -7.65099222291137
TpsRandomic + CumulativeIndividualEstimated_INR + -12.5
None
(1, 15, 1, 4, 1, 1)
caused INR: -18.792984408726298
TpsRandomic + CumulativeIndividualEstimated_INR + -15.0
None
(1, 15, 1, 4, 1, 1)
caused INR: -17.217617084393893
Iteration number 52
TpsAltruisticFromLsfGain + IndividualEstimated_INR + -10.0
None
ls_gain_coeffs:
[-154.24365467 -101.85422097 -133.93695481 -141.59889167 -140.97266003
 -133.2381419  -134.03081481 -145.38823032 -122.76221202 -140.64739123
 -118.92362882 -140.5354982  -146.23796268 -146.3460838  -148.85982179]
inrs_hat:  [-43.25395463   9.13547907 -22.94725477 -30.60919163 -29.98295999
 -22.24844185 -23.04111476 -34.39853028 -11.77251198 -29.65769118
  -7.93392878 -29.54579815 -35.24826263 -35.35638375 -37.87012175]
scheduled_ues:  [ 0  2  3  4  5  6  7  8  9 11 12 13 14]
(1, 15, 1, 4, 1, 1)
caused INR: -6.20525001522143
TpsAltruisticFromLsfGain + IndividualEstimated_INR + -12.5
None
ls_gain_coeffs:
[-154.24365467 -101.85422097 -133.93695481 -141.59889167 -140.97266003
 -133.2381419  -134.03081481 -145.38823032 -122.76221202 -140.64739123
 -118.92362882 -140.5354982  -146.23796268 -146.3460838  -148.85982179]
inrs_hat:  [-43.25395463   9.13547907 -22.94725477 -30.60919163 -29.98295999
 -22.24844185 -23.04111476 -34.39853028 -11.77251198 -29.65769118
  -7.93392878 -29.54579815 -35.24826263 -35.35638375 -37.87012175]
scheduled_ues:  [ 0  2  3  4  5  6  7  9 11 12 13 14]
(1, 15, 1, 4, 1, 1)
caused INR: -15.511197954269987
TpsAltruisticFromLsfGain + IndividualEstimated_INR + -15.0
None
ls_gain_coeffs:
[-154.24365467 -101.85422097 -133.93695481 -141.59889167 -140.97266003
 -133.2381419  -134.03081481 -145.38823032 -122.76221202 -140.64739123
 -118.92362882 -140.5354982  -146.23796268 -146.3460838  -148.85982179]
inrs_hat:  [-43.25395463   9.13547907 -22.94725477 -30.60919163 -29.98295999
 -22.24844185 -23.04111476 -34.39853028 -11.77251198 -29.65769118
  -7.93392878 -29.54579815 -35.24826263 -35.35638375 -37.87012175]
scheduled_ues:  [ 0  2  3  4  5  6  7  9 11 12 13 14]
(1, 15, 1, 4, 1, 1)
caused INR: -15.511197954269987
TpsAltruisticFromLsfGain + CumulativeIndividualEstimated_INR + -10.0
None
(1, 15, 1, 4, 1, 1)
caused INR: -6.20525001522143
TpsAltruisticFromLsfGain + CumulativeIndividualEstimated_INR + -12.5
None
(1, 15, 1, 4, 1, 1)
caused INR: -15.511197954269987
TpsAltruisticFromLsfGain + CumulativeIndividualEstimated_INR + -15.0
None
(1, 15, 1, 4, 1, 1)
caused INR: -15.511197954269987
TpsRandomic + IndividualEstimated_INR + -10.0
None
ls_gain_coeffs:
[-142.97628979  -96.93025875 -119.54173427 -127.45618186 -140.97266003
 -133.2381419  -134.03081481 -145.38823032 -107.44077901 -132.27016456
 -101.27519715 -140.5354982  -130.45452636 -130.2247142  -142.963779  ]
inrs_hat:  [-31.98658974  14.0594413   -8.55203423 -16.46648182 -29.98295999
 -22.24844185 -23.04111476 -34.39853028   3.54892103 -21.28046452
   9.71450289 -29.54579815 -19.46482632 -19.23501416 -31.97407896]
scheduled_ues:  [ 0  3  4  5  6  7  9 11 12 13 14]
(1, 15, 1, 4, 1, 1)
caused INR: -13.292035448297186
TpsRandomic + IndividualEstimated_INR + -12.5
None
ls_gain_coeffs:
[-142.97628979 -101.85422097 -133.93695481 -141.59889167 -126.77054877
 -119.739021   -121.25356503 -145.38823032 -104.56094601 -132.27016456
 -104.61813015 -140.5354982  -146.23796268 -132.18153592 -148.85982179]
inrs_hat:  [-31.98658974   9.13547907 -22.94725477 -30.60919163 -15.78084873
  -8.74932096 -10.26386498 -34.39853028   6.42875404 -21.28046452
   6.3715699  -29.54579815 -35.24826263 -21.19183587 -37.87012175]
scheduled_ues:  [ 0  2  3  4  7  9 11 12 13 14]
(1, 15, 1, 4, 1, 1)
caused INR: -9.09727687738824
TpsRandomic + IndividualEstimated_INR + -15.0
None
ls_gain_coeffs:
[-154.24365467  -87.77130023 -127.60977244 -125.75507206 -125.0100375
 -116.95806134 -134.03081481 -128.84422527 -114.122713   -140.64739123
 -101.27519715 -123.99978759 -146.23796268 -146.3460838  -135.01560763]
inrs_hat:  [-43.25395463  23.21839981 -16.6200724  -14.76537201 -14.02033746
  -5.9683613  -23.04111476 -17.85452522  -3.13301296 -29.65769118
   9.71450289 -13.01008754 -35.24826263 -35.35638375 -24.02590758]
scheduled_ues:  [ 0  2  6  7  9 12 13 14]
(1, 15, 1, 4, 1, 1)
caused INR: -12.894084375905466
TpsRandomic + CumulativeIndividualEstimated_INR + -10.0
None
(1, 15, 1, 4, 1, 1)
caused INR: -16.15214487222612
TpsRandomic + CumulativeIndividualEstimated_INR + -12.5
None
(1, 15, 1, 4, 1, 1)
caused INR: -21.112400011308054
TpsRandomic + CumulativeIndividualEstimated_INR + -15.0
None
(1, 15, 1, 4, 1, 1)
caused INR: -21.934471946041572
Iteration number 53
TpsAltruisticFromLsfGain + IndividualEstimated_INR + -10.0
None
ls_gain_coeffs:
[-135.6242685  -141.44883833 -129.25630014 -150.21697458 -132.12371185
 -124.55947018 -142.37808174 -142.94815096 -133.36352403 -134.52172689
 -149.25025091 -147.21882287 -134.18016585 -143.75640964 -141.71300316]
inrs_hat:  [-24.63456846 -30.45913829 -18.2666001  -39.22727454 -21.1340118
 -13.56977014 -31.3883817  -31.95845092 -22.37382398 -23.53202685
 -38.26055087 -36.22912283 -23.19046581 -32.7667096  -30.72330312]
scheduled_ues:  [ 0  1  2  3  4  5  6  7  8  9 10 11 12 13 14]
(1, 15, 1, 4, 1, 1)
caused INR: -15.290391519523936
TpsAltruisticFromLsfGain + IndividualEstimated_INR + -12.5
None
ls_gain_coeffs:
[-135.6242685  -141.44883833 -129.25630014 -150.21697458 -132.12371185
 -124.55947018 -142.37808174 -142.94815096 -133.36352403 -134.52172689
 -149.25025091 -147.21882287 -134.18016585 -143.75640964 -141.71300316]
inrs_hat:  [-24.63456846 -30.45913829 -18.2666001  -39.22727454 -21.1340118
 -13.56977014 -31.3883817  -31.95845092 -22.37382398 -23.53202685
 -38.26055087 -36.22912283 -23.19046581 -32.7667096  -30.72330312]
scheduled_ues:  [ 0  1  2  3  4  5  6  7  8  9 10 11 12 13 14]
(1, 15, 1, 4, 1, 1)
caused INR: -15.290391519523936
TpsAltruisticFromLsfGain + IndividualEstimated_INR + -15.0
None
ls_gain_coeffs:
[-135.6242685  -141.44883833 -129.25630014 -150.21697458 -132.12371185
 -124.55947018 -142.37808174 -142.94815096 -133.36352403 -134.52172689
 -149.25025091 -147.21882287 -134.18016585 -143.75640964 -141.71300316]
inrs_hat:  [-24.63456846 -30.45913829 -18.2666001  -39.22727454 -21.1340118
 -13.56977014 -31.3883817  -31.95845092 -22.37382398 -23.53202685
 -38.26055087 -36.22912283 -23.19046581 -32.7667096  -30.72330312]
scheduled_ues:  [ 0  1  2  3  4  6  7  8  9 10 11 12 13 14]
(1, 15, 1, 4, 1, 1)
caused INR: -9.007551399462647
TpsAltruisticFromLsfGain + CumulativeIndividualEstimated_INR + -10.0
None
(1, 15, 1, 4, 1, 1)
caused INR: -15.290391519523936
TpsAltruisticFromLsfGain + CumulativeIndividualEstimated_INR + -12.5
None
(1, 15, 1, 4, 1, 1)
caused INR: -9.007551399462647
TpsAltruisticFromLsfGain + CumulativeIndividualEstimated_INR + -15.0
None
(1, 15, 1, 4, 1, 1)
caused INR: -10.530152161071948
TpsRandomic + IndividualEstimated_INR + -10.0
None
ls_gain_coeffs:
[-135.6242685  -141.44883833 -113.25697629 -133.99085737 -129.13383685
 -105.94269116 -140.31732763 -126.0498416  -122.0009399  -121.5079303
 -149.25025091 -134.56432823 -122.36667062 -143.75640964 -129.26915588]
inrs_hat:  [-24.63456846 -30.45913829  -2.26727625 -23.00115733 -18.14413681
   5.04700889 -29.32762759 -15.06014156 -11.01123985 -10.51823026
 -38.26055087 -23.57462818 -11.37697058 -32.7667096  -18.27945583]
scheduled_ues:  [ 0  1  3  4  6  7  8  9 10 11 12 13 14]
(1, 15, 1, 4, 1, 1)
caused INR: -7.296890903994504
TpsRandomic + IndividualEstimated_INR + -12.5
None
ls_gain_coeffs:
[-130.38246398 -128.05299521 -115.03583821 -133.99085737 -118.68548685
 -124.55947018 -128.56264567 -132.91175116 -122.0009399  -132.80513713
 -138.21337098 -134.56432823 -123.86654923 -143.75640964 -141.71300316]
inrs_hat:  [-19.39276394 -17.06329516  -4.04613817 -23.00115733  -7.69578681
 -13.56977014 -17.57294562 -21.92205112 -11.01123985 -21.81543709
 -27.22367094 -23.57462818 -12.87684918 -32.7667096  -30.72330312]
scheduled_ues:  [ 0  1  3  5  6  7  9 10 11 12 13 14]
(1, 15, 1, 4, 1, 1)
caused INR: -3.516747843959675
TpsRandomic + IndividualEstimated_INR + -15.0
None
ls_gain_coeffs:
[-135.6242685  -124.82382645 -115.03583821 -133.99085737 -118.68548685
 -114.59288648 -128.56264567 -131.62953205 -123.53946891 -132.80513713
 -138.21337098 -134.56432823 -122.36667062 -128.70828682 -141.71300316]
inrs_hat:  [-24.63456846 -13.8341264   -4.04613817 -23.00115733  -7.69578681
  -3.60318644 -17.57294562 -20.639832   -12.54976886 -21.81543709
 -27.22367094 -23.57462818 -11.37697058 -17.71858678 -30.72330312]
scheduled_ues:  [ 0  3  6  7  9 10 11 13 14]
(1, 15, 1, 4, 1, 1)
caused INR: -13.279590385355831
TpsRandomic + CumulativeIndividualEstimated_INR + -10.0
None
(1, 15, 1, 4, 1, 1)
caused INR: -18.38020657544123
TpsRandomic + CumulativeIndividualEstimated_INR + -12.5
None
(1, 15, 1, 4, 1, 1)
caused INR: -24.75453936807101
TpsRandomic + CumulativeIndividualEstimated_INR + -15.0
None
(1, 15, 1, 4, 1, 1)
caused INR: -23.56895511551589
Iteration number 54
TpsAltruisticFromLsfGain + IndividualEstimated_INR + -10.0
None
ls_gain_coeffs:
[-142.3196361  -134.01961381 -120.33286842 -143.70929659 -130.58505326
 -147.67348437 -128.35699721 -145.74712897 -136.45508474 -138.34963525
 -145.541252   -139.7894478  -135.01945271 -146.65390421 -146.72135735]
inrs_hat:  [-31.32993606 -23.02991377  -9.34316838 -32.71959654 -19.59535321
 -36.68378432 -17.36729717 -34.75742893 -25.4653847  -27.35993521
 -34.55155195 -28.79974776 -24.02975266 -35.66420417 -35.73165731]
scheduled_ues:  [ 0  1  3  4  5  6  7  8  9 10 11 12 13 14]
(1, 15, 1, 4, 1, 1)
caused INR: -14.058672424658596
TpsAltruisticFromLsfGain + IndividualEstimated_INR + -12.5
None
ls_gain_coeffs:
[-142.3196361  -134.01961381 -120.33286842 -143.70929659 -130.58505326
 -147.67348437 -128.35699721 -145.74712897 -136.45508474 -138.34963525
 -145.541252   -139.7894478  -135.01945271 -146.65390421 -146.72135735]
inrs_hat:  [-31.32993606 -23.02991377  -9.34316838 -32.71959654 -19.59535321
 -36.68378432 -17.36729717 -34.75742893 -25.4653847  -27.35993521
 -34.55155195 -28.79974776 -24.02975266 -35.66420417 -35.73165731]
scheduled_ues:  [ 0  1  3  4  5  6  7  8  9 10 11 12 13 14]
(1, 15, 1, 4, 1, 1)
caused INR: -14.058672424658596
TpsAltruisticFromLsfGain + IndividualEstimated_INR + -15.0
None
ls_gain_coeffs:
[-142.3196361  -134.01961381 -120.33286842 -143.70929659 -130.58505326
 -147.67348437 -128.35699721 -145.74712897 -136.45508474 -138.34963525
 -145.541252   -139.7894478  -135.01945271 -146.65390421 -146.72135735]
inrs_hat:  [-31.32993606 -23.02991377  -9.34316838 -32.71959654 -19.59535321
 -36.68378432 -17.36729717 -34.75742893 -25.4653847  -27.35993521
 -34.55155195 -28.79974776 -24.02975266 -35.66420417 -35.73165731]
scheduled_ues:  [ 0  1  3  4  5  6  7  8  9 10 11 12 13 14]
(1, 15, 1, 4, 1, 1)
caused INR: -14.058672424658596
TpsAltruisticFromLsfGain + CumulativeIndividualEstimated_INR + -10.0
None
(1, 15, 1, 4, 1, 1)
caused INR: -14.058672424658596
TpsAltruisticFromLsfGain + CumulativeIndividualEstimated_INR + -12.5
None
(1, 15, 1, 4, 1, 1)
caused INR: -14.058672424658596
TpsAltruisticFromLsfGain + CumulativeIndividualEstimated_INR + -15.0
None
(1, 15, 1, 4, 1, 1)
caused INR: -11.480671252532048
TpsRandomic + IndividualEstimated_INR + -10.0
None
ls_gain_coeffs:
[-129.55039024 -123.35500554 -102.50162049 -128.23189144 -115.84706433
 -134.35428627 -118.53699803 -145.74712897 -123.41029809 -134.629936
 -136.76866508 -139.7894478  -135.01945271 -146.65390421 -146.72135735]
inrs_hat:  [-18.5606902  -12.36530549   8.48807955 -17.24219139  -4.85736429
 -23.36458623  -7.54729798 -34.75742893 -12.42059804 -23.64023596
 -25.77896504 -28.79974776 -24.02975266 -35.66420417 -35.73165731]
scheduled_ues:  [ 0  1  3  5  7  8  9 10 11 12 13 14]
(1, 15, 1, 4, 1, 1)
caused INR: -8.693253524378719
TpsRandomic + IndividualEstimated_INR + -12.5
None
ls_gain_coeffs:
[-142.3196361  -123.35500554 -112.24839653 -143.70929659 -115.84706433
 -147.67348437 -128.35699721 -136.78649219 -134.64552477 -123.42823575
 -136.76866508 -139.7894478  -118.50849509 -131.42118451 -145.42184269]
inrs_hat:  [-31.32993606 -12.36530549  -1.25869649 -32.71959654  -4.85736429
 -36.68378432 -17.36729717 -25.79679214 -23.65582473 -12.43853571
 -25.77896504 -28.79974776  -7.51879505 -20.43148447 -34.43214265]
scheduled_ues:  [ 0  3  5  6  7  8 10 11 13 14]
(1, 15, 1, 4, 1, 1)
caused INR: -8.288378494062078
TpsRandomic + IndividualEstimated_INR + -15.0
None
ls_gain_coeffs:
[-134.62809228 -123.35500554 -112.24839653 -143.70929659 -130.58505326
 -134.35428627 -118.53699803 -133.55340162 -122.80711143 -134.629936
 -128.76418777 -133.90288407 -122.19662886 -142.46722466 -133.8465858 ]
inrs_hat:  [-23.63839223 -12.36530549  -1.25869649 -32.71959654 -19.59535321
 -23.36458623  -7.54729798 -22.56370157 -11.81741139 -23.64023596
 -17.77448772 -22.91318403 -11.20692882 -31.47752462 -22.85688575]
scheduled_ues:  [ 0  3  4  5  7  9 10 11 13 14]
(1, 15, 1, 4, 1, 1)
caused INR: -21.30927098019752
TpsRandomic + CumulativeIndividualEstimated_INR + -10.0
None
(1, 15, 1, 4, 1, 1)
caused INR: -9.75566270244114
TpsRandomic + CumulativeIndividualEstimated_INR + -12.5
None
(1, 15, 1, 4, 1, 1)
caused INR: -16.264833415658057
TpsRandomic + CumulativeIndividualEstimated_INR + -15.0
None
(1, 15, 1, 4, 1, 1)
caused INR: -18.938043668467273
Iteration number 55
TpsAltruisticFromLsfGain + IndividualEstimated_INR + -10.0
None
ls_gain_coeffs:
[-147.33111137 -150.09187834 -144.85321697 -127.49722707 -131.49894979
 -149.45671842 -147.77433028 -141.45207648 -121.39611882 -144.21570289
 -146.10022545 -142.09447017 -141.40994935 -149.63163856 -140.51254767]
inrs_hat:  [-36.34141132 -39.1021783  -33.86351692 -16.50752703 -20.50924975
 -38.46701838 -36.78463023 -30.46237644 -10.40641877 -33.22600284
 -35.1105254  -31.10477013 -30.42024931 -38.64193852 -29.52284763]
scheduled_ues:  [ 0  1  2  3  4  5  6  7  8  9 10 11 12 13 14]
(1, 15, 1, 4, 1, 1)
caused INR: -5.492603388686773
TpsAltruisticFromLsfGain + IndividualEstimated_INR + -12.5
None
ls_gain_coeffs:
[-147.33111137 -150.09187834 -144.85321697 -127.49722707 -131.49894979
 -149.45671842 -147.77433028 -141.45207648 -121.39611882 -144.21570289
 -146.10022545 -142.09447017 -141.40994935 -149.63163856 -140.51254767]
inrs_hat:  [-36.34141132 -39.1021783  -33.86351692 -16.50752703 -20.50924975
 -38.46701838 -36.78463023 -30.46237644 -10.40641877 -33.22600284
 -35.1105254  -31.10477013 -30.42024931 -38.64193852 -29.52284763]
scheduled_ues:  [ 0  1  2  3  4  5  6  7  9 10 11 12 13 14]
(1, 15, 1, 4, 1, 1)
caused INR: -14.845654064828784
TpsAltruisticFromLsfGain + IndividualEstimated_INR + -15.0
None
ls_gain_coeffs:
[-147.33111137 -150.09187834 -144.85321697 -127.49722707 -131.49894979
 -149.45671842 -147.77433028 -141.45207648 -121.39611882 -144.21570289
 -146.10022545 -142.09447017 -141.40994935 -149.63163856 -140.51254767]
inrs_hat:  [-36.34141132 -39.1021783  -33.86351692 -16.50752703 -20.50924975
 -38.46701838 -36.78463023 -30.46237644 -10.40641877 -33.22600284
 -35.1105254  -31.10477013 -30.42024931 -38.64193852 -29.52284763]
scheduled_ues:  [ 0  1  2  3  4  5  6  7  9 10 11 12 13 14]
(1, 15, 1, 4, 1, 1)
caused INR: -14.845654064828784
TpsAltruisticFromLsfGain + CumulativeIndividualEstimated_INR + -10.0
None
(1, 15, 1, 4, 1, 1)
caused INR: -14.845654064828784
TpsAltruisticFromLsfGain + CumulativeIndividualEstimated_INR + -12.5
None
(1, 15, 1, 4, 1, 1)
caused INR: -14.845654064828784
TpsAltruisticFromLsfGain + CumulativeIndividualEstimated_INR + -15.0
None
(1, 15, 1, 4, 1, 1)
caused INR: -16.497288448668634
TpsRandomic + IndividualEstimated_INR + -10.0
None
ls_gain_coeffs:
[-142.79095787 -150.09187834 -144.85321697 -114.49518482 -131.49894979
 -135.37862765 -131.04233289 -141.45207648 -104.05799556 -144.21570289
 -146.10022545 -130.79598119 -141.40994935 -140.20807246 -126.6960387 ]
inrs_hat:  [-31.80125783 -39.1021783  -33.86351692  -3.50548478 -20.50924975
 -24.38892761 -20.05263285 -30.46237644   6.93170449 -33.22600284
 -35.1105254  -19.80628115 -30.42024931 -29.21837241 -15.70633865]
scheduled_ues:  [ 0  1  2  4  5  6  7  9 10 11 12 13 14]
(1, 15, 1, 4, 1, 1)
caused INR: -10.54206783510405
TpsRandomic + IndividualEstimated_INR + -12.5
None
ls_gain_coeffs:
[-142.79095787 -150.09187834 -139.69095833 -114.49518482 -131.49894979
 -133.45559299 -138.24705336 -128.43028396 -109.02610723 -144.21570289
 -146.10022545 -142.09447017 -129.75519674 -132.94155801 -140.51254767]
inrs_hat:  [-31.80125783 -39.1021783  -28.70125829  -3.50548478 -20.50924975
 -22.46589295 -27.25735331 -17.44058392   1.96359282 -33.22600284
 -35.1105254  -31.10477013 -18.7654967  -21.95185797 -29.52284763]
scheduled_ues:  [ 0  1  2  4  5  6  7  9 10 11 12 13 14]
(1, 15, 1, 4, 1, 1)
caused INR: -12.802941323100178
TpsRandomic + IndividualEstimated_INR + -15.0
None
ls_gain_coeffs:
[-131.86274237 -133.76348139 -139.69095833 -114.49518482 -123.82485929
 -143.97415833 -131.04233289 -127.85009143 -121.39611882 -130.61120195
 -138.88224702 -130.79598119 -129.75519674 -140.20807246 -124.22353857]
inrs_hat:  [-20.87304233 -22.77378135 -28.70125829  -3.50548478 -12.83515925
 -32.98445829 -20.05263285 -16.86039139 -10.40641877 -19.62150191
 -27.89254698 -19.80628115 -18.7654967  -29.21837241 -13.23383853]
scheduled_ues:  [ 0  1  2  5  6  7  9 10 11 12 13]
(1, 15, 1, 4, 1, 1)
caused INR: -14.113262848144936
TpsRandomic + CumulativeIndividualEstimated_INR + -10.0
None
(1, 15, 1, 4, 1, 1)
caused INR: -22.230033807905283
TpsRandomic + CumulativeIndividualEstimated_INR + -12.5
None
(1, 15, 1, 4, 1, 1)
caused INR: -16.19820352132765
TpsRandomic + CumulativeIndividualEstimated_INR + -15.0
None
(1, 15, 1, 4, 1, 1)
caused INR: -11.342503454331904
Iteration number 56
TpsAltruisticFromLsfGain + IndividualEstimated_INR + -10.0
None
ls_gain_coeffs:
[-125.12567601 -146.14655122 -135.20255493 -130.20145226 -139.80254543
 -139.41807023 -141.10184763 -138.68590461 -120.72281112 -137.03233525
 -146.30084962 -145.6984982  -133.21146113 -141.96474396 -122.64659562]
inrs_hat:  [-14.13597596 -35.15685118 -24.21285488 -19.21175222 -28.81284539
 -28.42837018 -30.11214759 -27.69620457  -9.73311108 -26.04263521
 -35.31114958 -34.70879815 -22.22176109 -30.97504391 -11.65689557]
scheduled_ues:  [ 0  1  2  3  4  5  6  7  9 10 11 12 13 14]
(1, 15, 1, 4, 1, 1)
caused INR: -9.01368362746203
TpsAltruisticFromLsfGain + IndividualEstimated_INR + -12.5
None
ls_gain_coeffs:
[-125.12567601 -146.14655122 -135.20255493 -130.20145226 -139.80254543
 -139.41807023 -141.10184763 -138.68590461 -120.72281112 -137.03233525
 -146.30084962 -145.6984982  -133.21146113 -141.96474396 -122.64659562]
inrs_hat:  [-14.13597596 -35.15685118 -24.21285488 -19.21175222 -28.81284539
 -28.42837018 -30.11214759 -27.69620457  -9.73311108 -26.04263521
 -35.31114958 -34.70879815 -22.22176109 -30.97504391 -11.65689557]
scheduled_ues:  [ 0  1  2  3  4  5  6  7  9 10 11 12 13]
(1, 15, 1, 4, 1, 1)
caused INR: -11.336719069935002
TpsAltruisticFromLsfGain + IndividualEstimated_INR + -15.0
None
ls_gain_coeffs:
[-125.12567601 -146.14655122 -135.20255493 -130.20145226 -139.80254543
 -139.41807023 -141.10184763 -138.68590461 -120.72281112 -137.03233525
 -146.30084962 -145.6984982  -133.21146113 -141.96474396 -122.64659562]
inrs_hat:  [-14.13597596 -35.15685118 -24.21285488 -19.21175222 -28.81284539
 -28.42837018 -30.11214759 -27.69620457  -9.73311108 -26.04263521
 -35.31114958 -34.70879815 -22.22176109 -30.97504391 -11.65689557]
scheduled_ues:  [ 1  2  3  4  5  6  7  9 10 11 12 13]
(1, 15, 1, 4, 1, 1)
caused INR: -16.759926710950758
TpsAltruisticFromLsfGain + CumulativeIndividualEstimated_INR + -10.0
None
(1, 15, 1, 4, 1, 1)
caused INR: -11.336719069935002
TpsAltruisticFromLsfGain + CumulativeIndividualEstimated_INR + -12.5
None
(1, 15, 1, 4, 1, 1)
caused INR: -16.759926710950758
TpsAltruisticFromLsfGain + CumulativeIndividualEstimated_INR + -15.0
None
(1, 15, 1, 4, 1, 1)
caused INR: -16.759926710950758
TpsRandomic + IndividualEstimated_INR + -10.0
None
ls_gain_coeffs:
[-110.7977461  -134.37826551 -126.14524555 -115.84906001 -139.80254543
 -126.29602309 -141.10184763 -127.4273659  -105.30299555 -129.57182845
 -133.79987182 -128.96394515 -123.82621778 -141.96474396 -109.32100735]
inrs_hat:  [  0.19195394 -23.38856547 -15.15554551  -4.85935996 -28.81284539
 -15.30632304 -30.11214759 -16.43766585   5.68670449 -18.5821284
 -22.81017177 -17.97424511 -12.83651774 -30.97504391   1.6686927 ]
scheduled_ues:  [ 1  2  4  5  6  7  9 10 11 12 13]
(1, 15, 1, 4, 1, 1)
caused INR: -14.458280978180557
TpsRandomic + IndividualEstimated_INR + -12.5
None
ls_gain_coeffs:
[-110.7977461  -134.37826551 -135.20255493 -113.88715445 -123.39061011
 -139.41807023 -141.10184763 -127.4273659  -116.25548776 -120.19269405
 -133.79987182 -145.6984982  -121.49800955 -141.96474396 -122.64659562]
inrs_hat:  [  0.19195394 -23.38856547 -24.21285488  -2.8974544  -12.40091007
 -28.42837018 -30.11214759 -16.43766585  -5.26578772  -9.202994
 -22.81017177 -34.70879815 -10.50830951 -30.97504391 -11.65689557]
scheduled_ues:  [ 1  2  5  6  7 10 11 13]
(1, 15, 1, 4, 1, 1)
caused INR: -8.006255848109836
TpsRandomic + IndividualEstimated_INR + -15.0
None
ls_gain_coeffs:
[-108.91141619 -129.41549873 -118.07097146 -130.20145226 -139.80254543
 -139.41807023 -141.10184763 -138.68590461 -120.72281112 -123.25515965
 -133.79987182 -136.61612815 -121.49800955 -141.96474396 -109.32100735]
inrs_hat:  [  2.07828385 -18.42579868  -7.08127142 -19.21175222 -28.81284539
 -28.42837018 -30.11214759 -27.69620457  -9.73311108 -12.2654596
 -22.81017177 -25.62642811 -10.50830951 -30.97504391   1.6686927 ]
scheduled_ues:  [ 1  3  4  5  6  7 10 11 13]
(1, 15, 1, 4, 1, 1)
caused INR: -14.894813090307672
TpsRandomic + CumulativeIndividualEstimated_INR + -10.0
None
(1, 15, 1, 4, 1, 1)
caused INR: -13.379744547851566
TpsRandomic + CumulativeIndividualEstimated_INR + -12.5
None
(1, 15, 1, 4, 1, 1)
caused INR: -9.236042687350732
TpsRandomic + CumulativeIndividualEstimated_INR + -15.0
None
(1, 15, 1, 4, 1, 1)
caused INR: -20.276237351384747
Iteration number 57
TpsAltruisticFromLsfGain + IndividualEstimated_INR + -10.0
None
ls_gain_coeffs:
[-136.62142008 -135.93518264 -138.72161941 -118.53054799 -130.80411793
 -147.78132203 -145.65567842 -122.84799807 -139.11441535 -147.70918673
 -142.34571073 -129.24024327 -138.82510856 -140.63231055 -143.47892968]
inrs_hat:  [-25.63172004 -24.9454826  -27.73191936  -7.54084795 -19.81441788
 -36.79162199 -34.66597838 -11.85829803 -28.1247153  -36.71948668
 -31.35601069 -18.25054323 -27.83540852 -29.64261051 -32.48922964]
scheduled_ues:  [ 0  1  2  4  5  6  7  8  9 10 11 12 13 14]
(1, 15, 1, 4, 1, 1)
caused INR: -15.031436422345068
TpsAltruisticFromLsfGain + IndividualEstimated_INR + -12.5
None
ls_gain_coeffs:
[-136.62142008 -135.93518264 -138.72161941 -118.53054799 -130.80411793
 -147.78132203 -145.65567842 -122.84799807 -139.11441535 -147.70918673
 -142.34571073 -129.24024327 -138.82510856 -140.63231055 -143.47892968]
inrs_hat:  [-25.63172004 -24.9454826  -27.73191936  -7.54084795 -19.81441788
 -36.79162199 -34.66597838 -11.85829803 -28.1247153  -36.71948668
 -31.35601069 -18.25054323 -27.83540852 -29.64261051 -32.48922964]
scheduled_ues:  [ 0  1  2  4  5  6  8  9 10 11 12 13 14]
(1, 15, 1, 4, 1, 1)
caused INR: -18.342105127041556
TpsAltruisticFromLsfGain + IndividualEstimated_INR + -15.0
None
ls_gain_coeffs:
[-136.62142008 -135.93518264 -138.72161941 -118.53054799 -130.80411793
 -147.78132203 -145.65567842 -122.84799807 -139.11441535 -147.70918673
 -142.34571073 -129.24024327 -138.82510856 -140.63231055 -143.47892968]
inrs_hat:  [-25.63172004 -24.9454826  -27.73191936  -7.54084795 -19.81441788
 -36.79162199 -34.66597838 -11.85829803 -28.1247153  -36.71948668
 -31.35601069 -18.25054323 -27.83540852 -29.64261051 -32.48922964]
scheduled_ues:  [ 0  1  2  4  5  6  8  9 10 11 12 13 14]
(1, 15, 1, 4, 1, 1)
caused INR: -18.342105127041556
TpsAltruisticFromLsfGain + CumulativeIndividualEstimated_INR + -10.0
None
(1, 15, 1, 4, 1, 1)
caused INR: -18.342105127041556
TpsAltruisticFromLsfGain + CumulativeIndividualEstimated_INR + -12.5
None
(1, 15, 1, 4, 1, 1)
caused INR: -18.342105127041556
TpsAltruisticFromLsfGain + CumulativeIndividualEstimated_INR + -15.0
None
(1, 15, 1, 4, 1, 1)
caused INR: -15.681840717444558
TpsRandomic + IndividualEstimated_INR + -10.0
None
ls_gain_coeffs:
[-125.9316533  -122.14534707 -138.72161941  -99.66111489 -124.82625372
 -141.39867428 -133.13083503 -113.62044666 -123.49698795 -134.39935437
 -142.34571073 -129.24024327 -138.82510856 -126.83592802 -143.47892968]
inrs_hat:  [-14.94195326 -11.15564703 -27.73191936  11.32858515 -13.83655368
 -30.40897424 -22.14113499  -2.63074661 -12.5072879  -23.40965432
 -31.35601069 -18.25054323 -27.83540852 -15.84622798 -32.48922964]
scheduled_ues:  [ 0  1  2  4  5  6  8  9 10 11 12 13 14]
(1, 15, 1, 4, 1, 1)
caused INR: -6.505603423022205
TpsRandomic + IndividualEstimated_INR + -12.5
None
ls_gain_coeffs:
[-119.42684002 -135.93518264 -138.49256893  -99.66111489 -130.80411793
 -131.57922287 -145.40594825 -122.84799807 -134.35067425 -140.50877793
 -125.46403156 -112.38330723 -125.22596384 -124.01212574 -143.47892968]
inrs_hat:  [ -8.43713998 -24.9454826  -27.50286888  11.32858515 -19.81441788
 -20.58952283 -34.4162482  -11.85829803 -23.3609742  -29.51907788
 -14.47433152  -1.39360719 -14.2362638  -13.0224257  -32.48922964]
scheduled_ues:  [ 1  2  4  5  6  8  9 10 12 13 14]
(1, 15, 1, 4, 1, 1)
caused INR: -15.140081946453721
TpsRandomic + IndividualEstimated_INR + -15.0
None
ls_gain_coeffs:
[-119.42684002 -131.89047594 -126.20366925 -118.53054799 -130.80411793
 -147.78132203 -133.13083503 -105.2985762  -134.35067425 -131.23326615
 -130.91394145 -120.64323295 -138.82510856 -133.62992346 -134.72068232]
inrs_hat:  [ -8.43713998 -20.90077589 -15.2139692   -7.54084795 -19.81441788
 -36.79162199 -22.14113499   5.69112384 -23.3609742  -20.2435661
 -19.92424141  -9.6535329  -27.83540852 -22.64022342 -23.73098227]
scheduled_ues:  [ 1  2  4  5  6  8  9 10 12 13 14]
(1, 15, 1, 4, 1, 1)
caused INR: -9.27955356070317
TpsRandomic + CumulativeIndividualEstimated_INR + -10.0
None
(1, 15, 1, 4, 1, 1)
caused INR: -9.294070813790777
TpsRandomic + CumulativeIndividualEstimated_INR + -12.5
None
(1, 15, 1, 4, 1, 1)
caused INR: -14.708407657171188
TpsRandomic + CumulativeIndividualEstimated_INR + -15.0
None
(1, 15, 1, 4, 1, 1)
caused INR: -21.41687018226949
Iteration number 58
TpsAltruisticFromLsfGain + IndividualEstimated_INR + -10.0
None
ls_gain_coeffs:
[-139.73696831 -128.45911078 -145.98710865 -128.54813388 -121.27905438
 -141.12590841 -135.03427056 -138.61068203 -137.34459792 -121.54356382
 -151.00356703 -138.2677416  -143.54806346 -143.67218895 -143.44227605]
inrs_hat:  [-28.74726827 -17.46941073 -34.99740861 -17.55843384 -10.28935434
 -30.13620837 -24.04457052 -27.62098199 -26.35489788 -10.55386378
 -40.01386699 -27.27804155 -32.55836341 -32.68248891 -32.45257601]
scheduled_ues:  [ 0  1  2  3  4  5  6  7  8  9 10 11 12 13 14]
(1, 15, 1, 4, 1, 1)
caused INR: -4.251472519542607
TpsAltruisticFromLsfGain + IndividualEstimated_INR + -12.5
None
ls_gain_coeffs:
[-139.73696831 -128.45911078 -145.98710865 -128.54813388 -121.27905438
 -141.12590841 -135.03427056 -138.61068203 -137.34459792 -121.54356382
 -151.00356703 -138.2677416  -143.54806346 -143.67218895 -143.44227605]
inrs_hat:  [-28.74726827 -17.46941073 -34.99740861 -17.55843384 -10.28935434
 -30.13620837 -24.04457052 -27.62098199 -26.35489788 -10.55386378
 -40.01386699 -27.27804155 -32.55836341 -32.68248891 -32.45257601]
scheduled_ues:  [ 0  1  2  3  5  6  7  8 10 11 12 13 14]
(1, 15, 1, 4, 1, 1)
caused INR: -18.498163815765174
TpsAltruisticFromLsfGain + IndividualEstimated_INR + -15.0
None
ls_gain_coeffs:
[-139.73696831 -128.45911078 -145.98710865 -128.54813388 -121.27905438
 -141.12590841 -135.03427056 -138.61068203 -137.34459792 -121.54356382
 -151.00356703 -138.2677416  -143.54806346 -143.67218895 -143.44227605]
inrs_hat:  [-28.74726827 -17.46941073 -34.99740861 -17.55843384 -10.28935434
 -30.13620837 -24.04457052 -27.62098199 -26.35489788 -10.55386378
 -40.01386699 -27.27804155 -32.55836341 -32.68248891 -32.45257601]
scheduled_ues:  [ 0  1  2  3  5  6  7  8 10 11 12 13 14]
(1, 15, 1, 4, 1, 1)
caused INR: -18.498163815765174
TpsAltruisticFromLsfGain + CumulativeIndividualEstimated_INR + -10.0
None
(1, 15, 1, 4, 1, 1)
caused INR: -18.498163815765174
TpsAltruisticFromLsfGain + CumulativeIndividualEstimated_INR + -12.5
None
(1, 15, 1, 4, 1, 1)
caused INR: -18.498163815765174
TpsAltruisticFromLsfGain + CumulativeIndividualEstimated_INR + -15.0
None
(1, 15, 1, 4, 1, 1)
caused INR: -17.45417578451891
TpsRandomic + IndividualEstimated_INR + -10.0
None
ls_gain_coeffs:
[-126.62320636 -117.19352101 -132.2374465  -128.54813388 -121.27905438
 -127.72997945 -118.70197238 -128.30843183 -137.34459792 -121.54356382
 -134.27458452 -123.95565623 -141.94849636 -134.71805985 -134.68513924]
inrs_hat:  [-15.63350632  -6.20382096 -21.24774645 -17.55843384 -10.28935434
 -16.74027941  -7.71227234 -17.31873179 -26.35489788 -10.55386378
 -23.28488448 -12.96595619 -30.95879632 -23.72835981 -23.6954392 ]
scheduled_ues:  [ 0  2  3  4  5  7  8  9 10 11 12 13 14]
(1, 15, 1, 4, 1, 1)
caused INR: -5.34872666882378
TpsRandomic + IndividualEstimated_INR + -12.5
None
ls_gain_coeffs:
[-125.95104442 -128.45911078 -132.2374465  -110.50686186 -106.34914001
 -124.6000791  -121.43545452 -138.61068203 -121.13390769 -121.54356382
 -151.00356703 -138.2677416  -143.54806346 -143.67218895 -131.14901584]
inrs_hat:  [-14.96134437 -17.46941073 -21.24774645   0.48283818   4.64056004
 -13.61037905 -10.44575448 -27.62098199 -10.14420765 -10.55386378
 -40.01386699 -27.27804155 -32.55836341 -32.68248891 -20.1593158 ]
scheduled_ues:  [ 0  1  2  5  7 10 11 12 13 14]
(1, 15, 1, 4, 1, 1)
caused INR: -8.762732573572693
TpsRandomic + IndividualEstimated_INR + -15.0
None
ls_gain_coeffs:
[-137.72048247 -116.08413533 -132.2374465  -117.6416819  -121.27905438
 -133.91177874 -135.03427056 -127.00679787 -123.01845281 -108.29385187
 -140.21260307 -123.95565623 -130.57327442 -131.62824092 -143.44227605]
inrs_hat:  [-26.73078242  -5.09443529 -21.24774645  -6.65198186 -10.28935434
 -22.9220787  -24.04457052 -16.01709783 -12.02875276   2.69584817
 -29.22290303 -12.96595619 -19.58357438 -20.63854088 -32.45257601]
scheduled_ues:  [ 0  2  5  6  7 10 12 13 14]
(1, 15, 1, 4, 1, 1)
caused INR: -16.7539470627634
TpsRandomic + CumulativeIndividualEstimated_INR + -10.0
None
(1, 15, 1, 4, 1, 1)
caused INR: -10.163259367253943
TpsRandomic + CumulativeIndividualEstimated_INR + -12.5
None
(1, 15, 1, 4, 1, 1)
caused INR: -24.08096325173917
TpsRandomic + CumulativeIndividualEstimated_INR + -15.0
None
(1, 15, 1, 4, 1, 1)
caused INR: -17.08798448656402
Iteration number 59
TpsAltruisticFromLsfGain + IndividualEstimated_INR + -10.0
None
ls_gain_coeffs:
[-126.06069745 -121.43317963 -147.90853868 -144.25954055 -137.14684918
 -142.7993898  -151.41570346 -114.17202903 -135.20640292 -128.18912249
 -142.36366055 -140.83496906 -149.03356408 -138.49867055 -140.11560769]
inrs_hat:  [-15.07099741 -10.44347959 -36.91883864 -33.26984051 -26.15714913
 -31.80968976 -40.42600341  -3.18232899 -24.21670288 -17.19942245
 -31.37396051 -29.84526902 -38.04386404 -27.5089705  -29.12590765]
scheduled_ues:  [ 0  1  2  3  4  5  6  8  9 10 11 12 13 14]
(1, 15, 1, 4, 1, 1)
caused INR: -5.756088821210108
TpsAltruisticFromLsfGain + IndividualEstimated_INR + -12.5
None
ls_gain_coeffs:
[-126.06069745 -121.43317963 -147.90853868 -144.25954055 -137.14684918
 -142.7993898  -151.41570346 -114.17202903 -135.20640292 -128.18912249
 -142.36366055 -140.83496906 -149.03356408 -138.49867055 -140.11560769]
inrs_hat:  [-15.07099741 -10.44347959 -36.91883864 -33.26984051 -26.15714913
 -31.80968976 -40.42600341  -3.18232899 -24.21670288 -17.19942245
 -31.37396051 -29.84526902 -38.04386404 -27.5089705  -29.12590765]
scheduled_ues:  [ 0  2  3  4  5  6  8  9 10 11 12 13 14]
(1, 15, 1, 4, 1, 1)
caused INR: -8.631385862794362
TpsAltruisticFromLsfGain + IndividualEstimated_INR + -15.0
None
ls_gain_coeffs:
[-126.06069745 -121.43317963 -147.90853868 -144.25954055 -137.14684918
 -142.7993898  -151.41570346 -114.17202903 -135.20640292 -128.18912249
 -142.36366055 -140.83496906 -149.03356408 -138.49867055 -140.11560769]
inrs_hat:  [-15.07099741 -10.44347959 -36.91883864 -33.26984051 -26.15714913
 -31.80968976 -40.42600341  -3.18232899 -24.21670288 -17.19942245
 -31.37396051 -29.84526902 -38.04386404 -27.5089705  -29.12590765]
scheduled_ues:  [ 0  2  3  4  5  6  8  9 10 11 12 13 14]
(1, 15, 1, 4, 1, 1)
caused INR: -8.631385862794362
TpsAltruisticFromLsfGain + CumulativeIndividualEstimated_INR + -10.0
None
(1, 15, 1, 4, 1, 1)
caused INR: -8.631385862794362
TpsAltruisticFromLsfGain + CumulativeIndividualEstimated_INR + -12.5
None
(1, 15, 1, 4, 1, 1)
caused INR: -37.88057408553673
TpsAltruisticFromLsfGain + CumulativeIndividualEstimated_INR + -15.0
None
(1, 15, 1, 4, 1, 1)
caused INR: -37.88057408553673
TpsRandomic + IndividualEstimated_INR + -10.0
None
ls_gain_coeffs:
[-113.00263893 -121.43317963 -138.19839284 -144.25954055 -123.85961405
 -129.87277711 -138.19955879 -113.84863462 -135.20640292 -111.31641012
 -129.06846831 -127.06766313 -143.62033585 -138.49867055 -127.24311525]
inrs_hat:  [ -2.01293889 -10.44347959 -27.20869279 -33.26984051 -12.86991401
 -18.88307707 -27.20985875  -2.85893457 -24.21670288  -0.32671008
 -18.07876827 -16.07796308 -32.63063581 -27.5089705  -16.2534152 ]
scheduled_ues:  [ 1  2  3  4  5  6  8 10 11 12 13 14]
(1, 15, 1, 4, 1, 1)
caused INR: -4.105271812439647
TpsRandomic + IndividualEstimated_INR + -12.5
None
ls_gain_coeffs:
[-124.21132188 -117.52480966 -136.54991037 -135.75440477 -123.01397893
 -135.1812491  -151.41570346 -101.51483276 -135.20640292 -118.86678216
 -139.80288384 -140.83496906 -143.62033585 -135.26148392 -139.46926903]
inrs_hat:  [-13.22162184  -6.53510962 -25.56021033 -24.76470472 -12.02427888
 -24.19154906 -40.42600341   9.47486729 -24.21670288  -7.87708212
 -28.8131838  -29.84526902 -32.63063581 -24.27178388 -28.47956898]
scheduled_ues:  [ 0  2  3  5  6  8 10 11 12 13 14]
(1, 15, 1, 4, 1, 1)
caused INR: -20.083293926498996
TpsRandomic + IndividualEstimated_INR + -15.0
None
ls_gain_coeffs:
[-124.21132188 -117.52480966 -131.1533516  -127.72616779 -123.01397893
 -135.1812491  -138.58683112 -101.51483276 -118.77918731 -116.20763808
 -129.06846831 -124.18575633 -143.62033585 -135.26148392 -140.11560769]
inrs_hat:  [-13.22162184  -6.53510962 -20.16365156 -16.73646775 -12.02427888
 -24.19154906 -27.59713108   9.47486729  -7.78948727  -5.21793804
 -18.07876827 -13.19605629 -32.63063581 -24.27178388 -29.12590765]
scheduled_ues:  [ 2  3  5  6 10 12 13 14]
(1, 15, 1, 4, 1, 1)
caused INR: -24.837564616226135
TpsRandomic + CumulativeIndividualEstimated_INR + -10.0
None
(1, 15, 1, 4, 1, 1)
caused INR: -19.567921313479278
TpsRandomic + CumulativeIndividualEstimated_INR + -12.5
None
(1, 15, 1, 4, 1, 1)
caused INR: -16.963365412266953
TpsRandomic + CumulativeIndividualEstimated_INR + -15.0
None
(1, 15, 1, 4, 1, 1)
caused INR: -20.535371506631996
Iteration number 60
TpsAltruisticFromLsfGain + IndividualEstimated_INR + -10.0
None
ls_gain_coeffs:
[-142.53626761 -140.87860995 -134.25171323 -142.42965438 -123.60039157
 -142.90647231 -134.68090198 -135.22823697 -138.15359725 -141.99691963
 -138.87199672 -137.1794576  -147.22705822 -134.2028766  -130.56050631]
inrs_hat:  [-31.54656756 -29.8889099  -23.26201318 -31.43995434 -12.61069153
 -31.91677227 -23.69120193 -24.23853693 -27.1638972  -31.00721959
 -27.88229667 -26.18975756 -36.23735817 -23.21317656 -19.57080627]
scheduled_ues:  [ 0  1  2  3  4  5  6  7  8  9 10 11 12 13 14]
(1, 15, 1, 4, 1, 1)
caused INR: -7.405047347532503
TpsAltruisticFromLsfGain + IndividualEstimated_INR + -12.5
None
ls_gain_coeffs:
[-142.53626761 -140.87860995 -134.25171323 -142.42965438 -123.60039157
 -142.90647231 -134.68090198 -135.22823697 -138.15359725 -141.99691963
 -138.87199672 -137.1794576  -147.22705822 -134.2028766  -130.56050631]
inrs_hat:  [-31.54656756 -29.8889099  -23.26201318 -31.43995434 -12.61069153
 -31.91677227 -23.69120193 -24.23853693 -27.1638972  -31.00721959
 -27.88229667 -26.18975756 -36.23735817 -23.21317656 -19.57080627]
scheduled_ues:  [ 0  1  2  3  4  5  6  7  8  9 10 11 12 13 14]
(1, 15, 1, 4, 1, 1)
caused INR: -7.405047347532503
TpsAltruisticFromLsfGain + IndividualEstimated_INR + -15.0
None
ls_gain_coeffs:
[-142.53626761 -140.87860995 -134.25171323 -142.42965438 -123.60039157
 -142.90647231 -134.68090198 -135.22823697 -138.15359725 -141.99691963
 -138.87199672 -137.1794576  -147.22705822 -134.2028766  -130.56050631]
inrs_hat:  [-31.54656756 -29.8889099  -23.26201318 -31.43995434 -12.61069153
 -31.91677227 -23.69120193 -24.23853693 -27.1638972  -31.00721959
 -27.88229667 -26.18975756 -36.23735817 -23.21317656 -19.57080627]
scheduled_ues:  [ 0  1  2  3  5  6  7  8  9 10 11 12 13 14]
(1, 15, 1, 4, 1, 1)
caused INR: -11.885175187052532
TpsAltruisticFromLsfGain + CumulativeIndividualEstimated_INR + -10.0
None
(1, 15, 1, 4, 1, 1)
caused INR: -7.405047347532503
TpsAltruisticFromLsfGain + CumulativeIndividualEstimated_INR + -12.5
None
(1, 15, 1, 4, 1, 1)
caused INR: -11.885175187052532
TpsAltruisticFromLsfGain + CumulativeIndividualEstimated_INR + -15.0
None
(1, 15, 1, 4, 1, 1)
caused INR: -13.834693326291202
TpsRandomic + IndividualEstimated_INR + -10.0
None
ls_gain_coeffs:
[-133.02425986 -134.96318739 -117.80972896 -125.67173098 -115.72274603
 -132.17651634 -122.94769168 -135.22823697 -125.79715136 -125.15262364
 -138.87199672 -137.1794576  -147.22705822 -117.11383272 -119.25401774]
inrs_hat:  [-22.03455982 -23.97348734  -6.82002892 -14.68203093  -4.73304598
 -21.1868163  -11.95799163 -24.23853693 -14.80745131 -14.1629236
 -27.88229667 -26.18975756 -36.23735817  -6.12413268  -8.2643177 ]
scheduled_ues:  [ 0  1  3  5  6  7  8  9 10 11 12]
(1, 15, 1, 4, 1, 1)
caused INR: -5.599144328692649
TpsRandomic + IndividualEstimated_INR + -12.5
None
ls_gain_coeffs:
[-130.85297534 -126.76057562 -120.60457352 -134.31765846 -123.60039157
 -132.17651634 -125.40797036 -122.03429216 -129.82260088 -141.99691963
 -138.87199672 -125.81687886 -147.22705822 -120.93670681 -118.81629076]
inrs_hat:  [-19.8632753  -15.77087557  -9.61487347 -23.32795841 -12.61069153
 -21.1868163  -14.41827032 -11.04459212 -18.83290084 -31.00721959
 -27.88229667 -14.82717881 -36.23735817  -9.94700676  -7.82659071]
scheduled_ues:  [ 0  1  3  4  5  6  8  9 10 11 12]
(1, 15, 1, 4, 1, 1)
caused INR: -5.635216323362274
TpsRandomic + IndividualEstimated_INR + -15.0
None
ls_gain_coeffs:
[-142.53626761 -140.87860995 -134.25171323 -134.31765846 -115.72274603
 -125.98863462 -134.68090198 -132.97120254 -125.79715136 -131.48016613
 -122.36630754 -137.1794576  -142.52410851 -117.11383272 -130.56050631]
inrs_hat:  [-31.54656756 -29.8889099  -23.26201318 -23.32795841  -4.73304598
 -14.99893458 -23.69120193 -21.9815025  -14.80745131 -20.49046608
 -11.37660749 -26.18975756 -31.53440846  -6.12413268 -19.57080627]
scheduled_ues:  [ 0  1  2  3  6  7  9 11 12 14]
(1, 15, 1, 4, 1, 1)
caused INR: -15.783140737202181
TpsRandomic + CumulativeIndividualEstimated_INR + -10.0
None
(1, 15, 1, 4, 1, 1)
caused INR: -22.380733332041753
TpsRandomic + CumulativeIndividualEstimated_INR + -12.5
None
(1, 15, 1, 4, 1, 1)
caused INR: -7.614615358642862
TpsRandomic + CumulativeIndividualEstimated_INR + -15.0
None
(1, 15, 1, 4, 1, 1)
caused INR: -14.88737344523354
Iteration number 61
TpsAltruisticFromLsfGain + IndividualEstimated_INR + -10.0
None
ls_gain_coeffs:
[-149.79472562 -142.44249068 -137.56507942 -138.46901879 -142.18881236
 -136.27503628 -151.37050352 -140.2328732  -133.21114989 -146.60796717
 -135.79357949 -145.93278087 -147.9045112  -142.09484477 -142.45723132]
inrs_hat:  [-38.80502558 -31.45279063 -26.57537938 -27.47931875 -31.19911232
 -25.28533624 -40.38080347 -29.24317315 -22.22144985 -35.61826713
 -24.80387944 -34.94308082 -36.91481116 -31.10514472 -31.46753128]
scheduled_ues:  [ 0  1  2  3  4  5  6  7  8  9 10 11 12 13 14]
(1, 15, 1, 4, 1, 1)
caused INR: -27.431851910059994
TpsAltruisticFromLsfGain + IndividualEstimated_INR + -12.5
None
ls_gain_coeffs:
[-149.79472562 -142.44249068 -137.56507942 -138.46901879 -142.18881236
 -136.27503628 -151.37050352 -140.2328732  -133.21114989 -146.60796717
 -135.79357949 -145.93278087 -147.9045112  -142.09484477 -142.45723132]
inrs_hat:  [-38.80502558 -31.45279063 -26.57537938 -27.47931875 -31.19911232
 -25.28533624 -40.38080347 -29.24317315 -22.22144985 -35.61826713
 -24.80387944 -34.94308082 -36.91481116 -31.10514472 -31.46753128]
scheduled_ues:  [ 0  1  2  3  4  5  6  7  8  9 10 11 12 13 14]
(1, 15, 1, 4, 1, 1)
caused INR: -27.431851910059994
TpsAltruisticFromLsfGain + IndividualEstimated_INR + -15.0
None
ls_gain_coeffs:
[-149.79472562 -142.44249068 -137.56507942 -138.46901879 -142.18881236
 -136.27503628 -151.37050352 -140.2328732  -133.21114989 -146.60796717
 -135.79357949 -145.93278087 -147.9045112  -142.09484477 -142.45723132]
inrs_hat:  [-38.80502558 -31.45279063 -26.57537938 -27.47931875 -31.19911232
 -25.28533624 -40.38080347 -29.24317315 -22.22144985 -35.61826713
 -24.80387944 -34.94308082 -36.91481116 -31.10514472 -31.46753128]
scheduled_ues:  [ 0  1  2  3  4  5  6  7  8  9 10 11 12 13 14]
(1, 15, 1, 4, 1, 1)
caused INR: -27.431851910059994
TpsAltruisticFromLsfGain + CumulativeIndividualEstimated_INR + -10.0
None
(1, 15, 1, 4, 1, 1)
caused INR: -27.431851910059994
TpsAltruisticFromLsfGain + CumulativeIndividualEstimated_INR + -12.5
None
(1, 15, 1, 4, 1, 1)
caused INR: -27.431851910059994
TpsAltruisticFromLsfGain + CumulativeIndividualEstimated_INR + -15.0
None
(1, 15, 1, 4, 1, 1)
caused INR: -27.431851910059994
TpsRandomic + IndividualEstimated_INR + -10.0
None
ls_gain_coeffs:
[-149.79472562 -125.91044384 -137.56507942 -138.46901879 -129.43893176
 -127.76265544 -142.97687141 -123.51142966 -116.39132161 -146.60796717
 -130.5288386  -135.77305555 -134.36927914 -134.94614808 -128.26062124]
inrs_hat:  [-38.80502558 -14.92074379 -26.57537938 -27.47931875 -18.44923172
 -16.7729554  -31.98717137 -12.52172961  -5.40162156 -35.61826713
 -19.53913856 -24.7833555  -23.3795791  -23.95644804 -17.2709212 ]
scheduled_ues:  [ 0  1  2  3  4  5  6  7  9 10 11 12 13 14]
(1, 15, 1, 4, 1, 1)
caused INR: -15.400646747336797
TpsRandomic + IndividualEstimated_INR + -12.5
None
ls_gain_coeffs:
[-136.17590961 -142.44249068 -129.49591485 -132.73653391 -141.26397056
 -127.76265544 -142.97687141 -130.31882885 -123.12615    -135.86154719
 -121.61218325 -135.77305555 -131.60326043 -128.5859208  -129.13812628]
inrs_hat:  [-25.18620956 -31.45279063 -18.5062148  -21.74683387 -30.27427052
 -16.7729554  -31.98717137 -19.32912881 -12.13644996 -24.87184715
 -10.6224832  -24.7833555  -20.61356039 -17.59622076 -18.14842624]
scheduled_ues:  [ 0  1  2  3  4  5  6  7  9 11 12 13 14]
(1, 15, 1, 4, 1, 1)
caused INR: -19.73407528696334
TpsRandomic + IndividualEstimated_INR + -15.0
None
ls_gain_coeffs:
[-133.467105   -134.93029547 -129.49591485 -122.24958327 -129.13065116
 -123.59008896 -151.37050352 -130.31882885 -116.39132161 -129.70619465
 -119.84971092 -134.8438734  -131.60326043 -128.5859208  -128.26062124]
inrs_hat:  [-22.47740496 -23.94059543 -18.5062148  -11.25988322 -18.14095112
 -12.60038891 -40.38080347 -19.32912881  -5.40162156 -18.71649461
  -8.86001088 -23.85417335 -20.61356039 -17.59622076 -17.2709212 ]
scheduled_ues:  [ 0  1  2  4  6  7  9 11 12 13 14]
(1, 15, 1, 4, 1, 1)
caused INR: -17.926940206678847
TpsRandomic + CumulativeIndividualEstimated_INR + -10.0
None
(1, 15, 1, 4, 1, 1)
caused INR: -10.86101352632795
TpsRandomic + CumulativeIndividualEstimated_INR + -12.5
None
(1, 15, 1, 4, 1, 1)
caused INR: -18.128791366866853
TpsRandomic + CumulativeIndividualEstimated_INR + -15.0
None
(1, 15, 1, 4, 1, 1)
caused INR: -24.727807990553558
Iteration number 62
TpsAltruisticFromLsfGain + IndividualEstimated_INR + -10.0
None
ls_gain_coeffs:
[-148.35988143 -143.80993514 -147.80726127 -144.6359747  -116.19804641
 -140.57499307 -138.74521302 -145.74278205 -132.91227909 -127.04435781
 -136.04305414 -124.33747852 -130.85624116 -129.10053239 -142.10934334]
inrs_hat:  [-37.37018139 -32.8202351  -36.81756123 -33.64627466  -5.20834637
 -29.58529303 -27.75551298 -34.753082   -21.92257904 -16.05465776
 -25.05335409 -13.34777848 -19.86654111 -18.11083235 -31.1196433 ]
scheduled_ues:  [ 0  1  2  3  5  6  7  8  9 10 11 12 13 14]
(1, 15, 1, 4, 1, 1)
caused INR: -32.5163376444685
TpsAltruisticFromLsfGain + IndividualEstimated_INR + -12.5
None
ls_gain_coeffs:
[-148.35988143 -143.80993514 -147.80726127 -144.6359747  -116.19804641
 -140.57499307 -138.74521302 -145.74278205 -132.91227909 -127.04435781
 -136.04305414 -124.33747852 -130.85624116 -129.10053239 -142.10934334]
inrs_hat:  [-37.37018139 -32.8202351  -36.81756123 -33.64627466  -5.20834637
 -29.58529303 -27.75551298 -34.753082   -21.92257904 -16.05465776
 -25.05335409 -13.34777848 -19.86654111 -18.11083235 -31.1196433 ]
scheduled_ues:  [ 0  1  2  3  5  6  7  8  9 10 11 12 13 14]
(1, 15, 1, 4, 1, 1)
caused INR: -32.5163376444685
TpsAltruisticFromLsfGain + IndividualEstimated_INR + -15.0
None
ls_gain_coeffs:
[-148.35988143 -143.80993514 -147.80726127 -144.6359747  -116.19804641
 -140.57499307 -138.74521302 -145.74278205 -132.91227909 -127.04435781
 -136.04305414 -124.33747852 -130.85624116 -129.10053239 -142.10934334]
inrs_hat:  [-37.37018139 -32.8202351  -36.81756123 -33.64627466  -5.20834637
 -29.58529303 -27.75551298 -34.753082   -21.92257904 -16.05465776
 -25.05335409 -13.34777848 -19.86654111 -18.11083235 -31.1196433 ]
scheduled_ues:  [ 0  1  2  3  5  6  7  8  9 10 12 13 14]
(1, 15, 1, 4, 1, 1)
caused INR: -20.708743013994027
TpsAltruisticFromLsfGain + CumulativeIndividualEstimated_INR + -10.0
None
(1, 15, 1, 4, 1, 1)
caused INR: -20.708743013994027
TpsAltruisticFromLsfGain + CumulativeIndividualEstimated_INR + -12.5
None
(1, 15, 1, 4, 1, 1)
caused INR: -17.081608552160755
TpsAltruisticFromLsfGain + CumulativeIndividualEstimated_INR + -15.0
None
(1, 15, 1, 4, 1, 1)
caused INR: -25.54972749000988
TpsRandomic + IndividualEstimated_INR + -10.0
None
ls_gain_coeffs:
[-131.66871552 -143.80993514 -131.75487502 -130.4791576   -97.99749212
 -137.15166907 -123.27082258 -132.43288912 -121.90728238 -123.88071975
 -130.82487464 -113.90316424 -127.92183709 -129.10053239 -142.10934334]
inrs_hat:  [-20.67901547 -32.8202351  -20.76517498 -19.48945755  12.99220792
 -26.16196903 -12.28112254 -21.44318908 -10.91758233 -12.89101971
 -19.83517459  -2.9134642  -16.93213704 -18.11083235 -31.1196433 ]
scheduled_ues:  [ 0  1  2  3  5  6  7  8  9 10 12 13 14]
(1, 15, 1, 4, 1, 1)
caused INR: -5.7111116511642805
TpsRandomic + IndividualEstimated_INR + -12.5
None
ls_gain_coeffs:
[-148.35988143 -143.80993514 -133.63650532 -130.4791576  -103.99726859
 -125.85117707 -124.7872178  -143.13790328 -121.90728238 -123.88071975
 -136.04305414 -109.36944012 -116.45837178 -121.41480304 -125.49236442]
inrs_hat:  [-37.37018139 -32.8202351  -22.64680527 -19.48945755   6.99243146
 -14.86147703 -13.79751776 -32.14820323 -10.91758233 -12.89101971
 -25.05335409   1.62025992  -5.46867173 -10.42510299 -14.50266438]
scheduled_ues:  [ 0  1  2  3  5  6  7  9 10 14]
(1, 15, 1, 4, 1, 1)
caused INR: -8.473766450838522
TpsRandomic + IndividualEstimated_INR + -15.0
None
ls_gain_coeffs:
[-148.35988143 -130.89965899 -142.31484472 -130.4791576   -97.99749212
 -140.57499307 -134.19602736 -145.74278205 -122.08376666 -112.49366577
 -120.1226678  -105.41550218 -116.45837178 -112.33734501 -142.10934334]
inrs_hat:  [-37.37018139 -19.90995895 -31.32514468 -19.48945755  12.99220792
 -29.58529303 -23.20632732 -34.753082   -11.09406662  -1.50396573
  -9.13296776   5.57419786  -5.46867173  -1.34764496 -31.1196433 ]
scheduled_ues:  [ 0  1  2  3  5  6  7 14]
(1, 15, 1, 4, 1, 1)
caused INR: -14.672949774649863
TpsRandomic + CumulativeIndividualEstimated_INR + -10.0
None
(1, 15, 1, 4, 1, 1)
caused INR: -14.357795939754613
TpsRandomic + CumulativeIndividualEstimated_INR + -12.5
None
(1, 15, 1, 4, 1, 1)
caused INR: -18.83273115045043
TpsRandomic + CumulativeIndividualEstimated_INR + -15.0
None
(1, 15, 1, 4, 1, 1)
caused INR: -17.725042965924562
Iteration number 63
TpsAltruisticFromLsfGain + IndividualEstimated_INR + -10.0
None
ls_gain_coeffs:
[-122.22332901 -148.55559756 -127.76446806 -140.57390243 -136.53396208
 -140.94141741 -131.10430966 -146.45503674 -129.11188853 -137.8253409
 -139.31137796 -138.72829639 -130.02662631 -146.58700328 -123.48706789]
inrs_hat:  [-11.23362897 -37.56589752 -16.77476801 -29.58420239 -25.54426204
 -29.95171736 -20.11460961 -35.4653367  -18.12218849 -26.83564085
 -28.32167792 -27.73859635 -19.03692626 -35.59730324 -12.49736784]
scheduled_ues:  [ 0  1  2  3  4  5  6  7  8  9 10 11 12 13 14]
(1, 15, 1, 4, 1, 1)
caused INR: -3.179705051867626
TpsAltruisticFromLsfGain + IndividualEstimated_INR + -12.5
None
ls_gain_coeffs:
[-122.22332901 -148.55559756 -127.76446806 -140.57390243 -136.53396208
 -140.94141741 -131.10430966 -146.45503674 -129.11188853 -137.8253409
 -139.31137796 -138.72829639 -130.02662631 -146.58700328 -123.48706789]
inrs_hat:  [-11.23362897 -37.56589752 -16.77476801 -29.58420239 -25.54426204
 -29.95171736 -20.11460961 -35.4653367  -18.12218849 -26.83564085
 -28.32167792 -27.73859635 -19.03692626 -35.59730324 -12.49736784]
scheduled_ues:  [ 1  2  3  4  5  6  7  8  9 10 11 12 13]
(1, 15, 1, 4, 1, 1)
caused INR: -9.678454767589638
TpsAltruisticFromLsfGain + IndividualEstimated_INR + -15.0
None
ls_gain_coeffs:
[-122.22332901 -148.55559756 -127.76446806 -140.57390243 -136.53396208
 -140.94141741 -131.10430966 -146.45503674 -129.11188853 -137.8253409
 -139.31137796 -138.72829639 -130.02662631 -146.58700328 -123.48706789]
inrs_hat:  [-11.23362897 -37.56589752 -16.77476801 -29.58420239 -25.54426204
 -29.95171736 -20.11460961 -35.4653367  -18.12218849 -26.83564085
 -28.32167792 -27.73859635 -19.03692626 -35.59730324 -12.49736784]
scheduled_ues:  [ 1  2  3  4  5  6  7  8  9 10 11 12 13]
(1, 15, 1, 4, 1, 1)
caused INR: -9.678454767589638
TpsAltruisticFromLsfGain + CumulativeIndividualEstimated_INR + -10.0
None
(1, 15, 1, 4, 1, 1)
caused INR: -9.678454767589638
TpsAltruisticFromLsfGain + CumulativeIndividualEstimated_INR + -12.5
None
(1, 15, 1, 4, 1, 1)
caused INR: -11.568266097898796
TpsAltruisticFromLsfGain + CumulativeIndividualEstimated_INR + -15.0
None
(1, 15, 1, 4, 1, 1)
caused INR: -20.173339685143933
TpsRandomic + IndividualEstimated_INR + -10.0
None
ls_gain_coeffs:
[-122.22332901 -132.50473726 -119.92415491 -128.61499359 -122.86498025
 -128.678003   -117.39823207 -139.91883427 -129.11188853 -125.31470765
 -136.4624252  -121.74559941 -113.46221816 -146.58700328 -110.72639498]
inrs_hat:  [-11.23362897 -21.51503721  -8.93445487 -17.62529355 -11.8752802
 -17.68830296  -6.40853202 -28.92913423 -18.12218849 -14.32500761
 -25.47272516 -10.75589937  -2.47251811 -35.59730324   0.26330506]
scheduled_ues:  [ 0  1  3  4  5  7  8  9 10 11 13]
(1, 15, 1, 4, 1, 1)
caused INR: -2.285924222120467
TpsRandomic + IndividualEstimated_INR + -12.5
None
ls_gain_coeffs:
[-110.31175754 -132.50473726 -119.92415491 -140.57390243 -136.53396208
 -124.12589052 -124.56766611 -139.91883427 -112.20950168 -129.66481843
 -136.4624252  -127.96481454 -113.46221816 -135.00427581 -110.72639498]
inrs_hat:  [  0.6779425  -21.51503721  -8.93445487 -29.58420239 -25.54426204
 -13.13619047 -13.57796606 -28.92913423  -1.21980164 -18.67511839
 -25.47272516 -16.97511449  -2.47251811 -24.01457577   0.26330506]
scheduled_ues:  [ 1  3  4  5  6  7  9 10 11 13]
(1, 15, 1, 4, 1, 1)
caused INR: -9.793346751291896
TpsRandomic + IndividualEstimated_INR + -15.0
None
ls_gain_coeffs:
[-110.31175754 -132.50473726 -127.76446806 -131.16582465 -120.17535464
 -124.12589052 -114.76214909 -132.73921396 -112.20950168 -129.66481843
 -136.4624252  -127.96481454 -122.63072838 -135.00427581 -123.48706789]
inrs_hat:  [  0.6779425  -21.51503721 -16.77476801 -20.17612461  -9.1856546
 -13.13619047  -3.77244904 -21.74951392  -1.21980164 -18.67511839
 -25.47272516 -16.97511449 -11.64102833 -24.01457577 -12.49736784]
scheduled_ues:  [ 1  2  3  7  9 10 11 13]
(1, 15, 1, 4, 1, 1)
caused INR: -9.996952174935256
TpsRandomic + CumulativeIndividualEstimated_INR + -10.0
None
(1, 15, 1, 4, 1, 1)
caused INR: -23.610374659478467
TpsRandomic + CumulativeIndividualEstimated_INR + -12.5
None
(1, 15, 1, 4, 1, 1)
caused INR: -21.91967606130327
TpsRandomic + CumulativeIndividualEstimated_INR + -15.0
None
(1, 15, 1, 4, 1, 1)
caused INR: -22.75869708848084
Iteration number 64
TpsAltruisticFromLsfGain + IndividualEstimated_INR + -10.0
None
ls_gain_coeffs:
[-139.24549448 -118.21288005 -145.66075594 -147.66134905 -150.55840299
 -138.34353045 -125.51220165 -127.93916477 -132.27498115 -144.38055872
 -132.64063894 -132.05853323 -126.25268041 -130.44921258 -140.25769029]
inrs_hat:  [-28.25579444  -7.22318001 -34.6710559  -36.67164901 -39.56870295
 -27.3538304  -14.5225016  -16.94946473 -21.28528111 -33.39085868
 -21.65093889 -21.06883318 -15.26298036 -19.45951254 -29.26799025]
scheduled_ues:  [ 0  2  3  4  5  6  7  8  9 10 11 12 13 14]
(1, 15, 1, 4, 1, 1)
caused INR: -10.605392710477929
TpsAltruisticFromLsfGain + IndividualEstimated_INR + -12.5
None
ls_gain_coeffs:
[-139.24549448 -118.21288005 -145.66075594 -147.66134905 -150.55840299
 -138.34353045 -125.51220165 -127.93916477 -132.27498115 -144.38055872
 -132.64063894 -132.05853323 -126.25268041 -130.44921258 -140.25769029]
inrs_hat:  [-28.25579444  -7.22318001 -34.6710559  -36.67164901 -39.56870295
 -27.3538304  -14.5225016  -16.94946473 -21.28528111 -33.39085868
 -21.65093889 -21.06883318 -15.26298036 -19.45951254 -29.26799025]
scheduled_ues:  [ 0  2  3  4  5  6  7  8  9 10 11 12 13 14]
(1, 15, 1, 4, 1, 1)
caused INR: -10.605392710477929
TpsAltruisticFromLsfGain + IndividualEstimated_INR + -15.0
None
ls_gain_coeffs:
[-139.24549448 -118.21288005 -145.66075594 -147.66134905 -150.55840299
 -138.34353045 -125.51220165 -127.93916477 -132.27498115 -144.38055872
 -132.64063894 -132.05853323 -126.25268041 -130.44921258 -140.25769029]
inrs_hat:  [-28.25579444  -7.22318001 -34.6710559  -36.67164901 -39.56870295
 -27.3538304  -14.5225016  -16.94946473 -21.28528111 -33.39085868
 -21.65093889 -21.06883318 -15.26298036 -19.45951254 -29.26799025]
scheduled_ues:  [ 0  2  3  4  5  7  8  9 10 11 12 13 14]
(1, 15, 1, 4, 1, 1)
caused INR: -13.943030867501811
TpsAltruisticFromLsfGain + CumulativeIndividualEstimated_INR + -10.0
None
(1, 15, 1, 4, 1, 1)
caused INR: -13.943030867501811
TpsAltruisticFromLsfGain + CumulativeIndividualEstimated_INR + -12.5
None
(1, 15, 1, 4, 1, 1)
caused INR: -16.280856427922114
TpsAltruisticFromLsfGain + CumulativeIndividualEstimated_INR + -15.0
None
(1, 15, 1, 4, 1, 1)
caused INR: -16.46124076542573
TpsRandomic + IndividualEstimated_INR + -10.0
None
ls_gain_coeffs:
[-127.73155173 -102.08657571 -139.89108161 -135.30302224 -141.04684076
 -123.74912301 -122.53061029 -122.89422346 -117.61287194 -144.38055872
 -121.9093522  -132.05853323 -113.41988266 -118.93416837 -131.15232598]
inrs_hat:  [-16.74185169   8.90312433 -28.90138157 -24.3133222  -30.05714072
 -12.75942297 -11.54091025 -11.90452341  -6.62317189 -33.39085868
 -10.91965215 -21.06883318  -2.43018262  -7.94446832 -20.16262593]
scheduled_ues:  [ 0  2  3  4  5  6  7  9 10 11 14]
(1, 15, 1, 4, 1, 1)
caused INR: -7.275679482630714
TpsRandomic + IndividualEstimated_INR + -12.5
None
ls_gain_coeffs:
[-122.31040587 -107.11636532 -131.44364219 -131.01046589 -139.14832764
 -124.82552673 -122.53061029 -122.89422346 -128.94421733 -130.41210568
 -122.13210103 -118.75265559 -126.25268041 -118.93416837 -131.15232598]
inrs_hat:  [-11.32070583   3.87333473 -20.45394214 -20.02076584 -28.15862759
 -13.83582668 -11.54091025 -11.90452341 -17.95451729 -19.42240564
 -11.14240099  -7.76295555 -15.26298036  -7.94446832 -20.16262593]
scheduled_ues:  [ 2  3  4  5  8  9 12 14]
(1, 15, 1, 4, 1, 1)
caused INR: -10.176798698644633
TpsRandomic + IndividualEstimated_INR + -15.0
None
ls_gain_coeffs:
[-122.31040587 -102.08657571 -131.44364219 -135.30302224 -133.8767842
 -135.11431929 -111.08287408 -113.81591767 -117.61287194 -144.38055872
 -121.9093522  -114.40183183 -125.07908717 -119.17288762 -140.25769029]
inrs_hat:  [-11.32070583   8.90312433 -20.45394214 -24.3133222  -22.88708416
 -24.12461925  -0.09317403  -2.82621762  -6.62317189 -33.39085868
 -10.91965215  -3.41213178 -14.08938712  -8.18318757 -29.26799025]
scheduled_ues:  [ 2  3  4  5  9 14]
(1, 15, 1, 4, 1, 1)
caused INR: -21.115325556114698
TpsRandomic + CumulativeIndividualEstimated_INR + -10.0
None
(1, 15, 1, 4, 1, 1)
caused INR: -8.253685487728378
TpsRandomic + CumulativeIndividualEstimated_INR + -12.5
None
(1, 15, 1, 4, 1, 1)
caused INR: -10.717321075090451
TpsRandomic + CumulativeIndividualEstimated_INR + -15.0
None
(1, 15, 1, 4, 1, 1)
caused INR: -22.164800596535848
Iteration number 65
TpsAltruisticFromLsfGain + IndividualEstimated_INR + -10.0
None
ls_gain_coeffs:
[-130.39498486 -152.49187081 -123.84925152 -140.6231903  -139.97463751
 -138.74764891 -141.21364964 -145.73267473 -138.08974104 -120.07955351
 -150.85274503 -135.54062149 -127.46564483 -134.61552968 -143.47151176]
inrs_hat:  [-19.40528482 -41.50217076 -12.85955148 -29.63349026 -28.98493746
 -27.75794886 -30.22394959 -34.74297468 -27.10004099  -9.08985347
 -39.86304498 -24.55092145 -16.47594479 -23.62582963 -32.48181172]
scheduled_ues:  [ 0  1  2  3  4  5  6  7  8 10 11 12 13 14]
(1, 15, 1, 4, 1, 1)
caused INR: -12.597599995876486
TpsAltruisticFromLsfGain + IndividualEstimated_INR + -12.5
None
ls_gain_coeffs:
[-130.39498486 -152.49187081 -123.84925152 -140.6231903  -139.97463751
 -138.74764891 -141.21364964 -145.73267473 -138.08974104 -120.07955351
 -150.85274503 -135.54062149 -127.46564483 -134.61552968 -143.47151176]
inrs_hat:  [-19.40528482 -41.50217076 -12.85955148 -29.63349026 -28.98493746
 -27.75794886 -30.22394959 -34.74297468 -27.10004099  -9.08985347
 -39.86304498 -24.55092145 -16.47594479 -23.62582963 -32.48181172]
scheduled_ues:  [ 0  1  2  3  4  5  6  7  8 10 11 12 13 14]
(1, 15, 1, 4, 1, 1)
caused INR: -12.597599995876486
TpsAltruisticFromLsfGain + IndividualEstimated_INR + -15.0
None
ls_gain_coeffs:
[-130.39498486 -152.49187081 -123.84925152 -140.6231903  -139.97463751
 -138.74764891 -141.21364964 -145.73267473 -138.08974104 -120.07955351
 -150.85274503 -135.54062149 -127.46564483 -134.61552968 -143.47151176]
inrs_hat:  [-19.40528482 -41.50217076 -12.85955148 -29.63349026 -28.98493746
 -27.75794886 -30.22394959 -34.74297468 -27.10004099  -9.08985347
 -39.86304498 -24.55092145 -16.47594479 -23.62582963 -32.48181172]
scheduled_ues:  [ 0  1  3  4  5  6  7  8 10 11 12 13 14]
(1, 15, 1, 4, 1, 1)
caused INR: -25.72325768634236
TpsAltruisticFromLsfGain + CumulativeIndividualEstimated_INR + -10.0
None
(1, 15, 1, 4, 1, 1)
caused INR: -25.72325768634236
TpsAltruisticFromLsfGain + CumulativeIndividualEstimated_INR + -12.5
None
(1, 15, 1, 4, 1, 1)
caused INR: -25.72325768634236
TpsAltruisticFromLsfGain + CumulativeIndividualEstimated_INR + -15.0
None
(1, 15, 1, 4, 1, 1)
caused INR: -26.051492208392176
TpsRandomic + IndividualEstimated_INR + -10.0
None
ls_gain_coeffs:
[-119.6936948  -138.65774428 -123.84925152 -123.9424916  -139.97463751
 -122.48530481 -136.97707491 -129.10040358 -136.93455413 -119.08789326
 -137.69622649 -123.7628685  -127.46564483 -134.61552968 -133.49363612]
inrs_hat:  [ -8.70399476 -27.66804424 -12.85955148 -12.95279156 -28.98493746
 -11.49560477 -25.98737486 -18.11070354 -25.94485409  -8.09819322
 -26.70652645 -12.77316845 -16.47594479 -23.62582963 -22.50393608]
scheduled_ues:  [ 1  2  3  4  5  6  7  8 10 11 12 13 14]
(1, 15, 1, 4, 1, 1)
caused INR: -4.4106874930440885
TpsRandomic + IndividualEstimated_INR + -12.5
None
ls_gain_coeffs:
[-112.7360218  -138.65774428 -116.62473065 -128.96210037 -127.52411732
 -132.52774544 -127.35985806 -133.57137394 -138.08974104 -106.97684668
 -134.48179623 -124.8458699  -110.6521023  -134.61552968 -143.47151176]
inrs_hat:  [ -1.74632176 -27.66804424  -5.63503061 -17.97240033 -16.53441727
 -21.5380454  -16.37015802 -22.58167389 -27.10004099   4.01285336
 -23.49209618 -13.85616986   0.33759774 -23.62582963 -32.48181172]
scheduled_ues:  [ 1  3  4  5  6  7  8 10 11 13 14]
(1, 15, 1, 4, 1, 1)
caused INR: -12.000304284199142
TpsRandomic + IndividualEstimated_INR + -15.0
None
ls_gain_coeffs:
[-119.6936948  -152.49187081 -123.84925152 -131.36448283 -127.52857741
 -124.88446418 -125.94766648 -137.07103322 -136.93455413 -106.97684668
 -134.48179623 -123.7628685  -127.46564483 -125.65087845 -132.51063734]
inrs_hat:  [ -8.70399476 -41.50217076 -12.85955148 -20.37478278 -16.53887737
 -13.89476413 -14.95796644 -26.08133318 -25.94485409   4.01285336
 -23.49209618 -12.77316845 -16.47594479 -14.66117841 -21.5209373 ]
scheduled_ues:  [ 1  3  4  7  8 10 12 14]
(1, 15, 1, 4, 1, 1)
caused INR: -14.175093324452295
TpsRandomic + CumulativeIndividualEstimated_INR + -10.0
None
(1, 15, 1, 4, 1, 1)
caused INR: -11.761889099218529
TpsRandomic + CumulativeIndividualEstimated_INR + -12.5
None
(1, 15, 1, 4, 1, 1)
caused INR: -10.218038686833616
TpsRandomic + CumulativeIndividualEstimated_INR + -15.0
None
(1, 15, 1, 4, 1, 1)
caused INR: -14.012760389051053
Iteration number 66
TpsAltruisticFromLsfGain + IndividualEstimated_INR + -10.0
None
ls_gain_coeffs:
[-115.62218625 -136.17546211 -145.7610373  -146.66104656 -120.62229783
 -149.37945146 -135.13807517 -132.68523838 -148.45235867 -132.60496797
 -132.83595367 -130.06118475 -139.20600672 -137.93312005 -142.90892853]
inrs_hat:  [ -4.63248621 -25.18576207 -34.77133725 -35.67134652  -9.63259779
 -38.38975141 -24.14837512 -21.69553833 -37.46265863 -21.61526793
 -21.84625363 -19.0714847  -28.21630668 -26.94342001 -31.91922848]
scheduled_ues:  [ 1  2  3  5  6  7  8  9 10 11 12 13 14]
(1, 15, 1, 4, 1, 1)
caused INR: -16.81381097728358
TpsAltruisticFromLsfGain + IndividualEstimated_INR + -12.5
None
ls_gain_coeffs:
[-115.62218625 -136.17546211 -145.7610373  -146.66104656 -120.62229783
 -149.37945146 -135.13807517 -132.68523838 -148.45235867 -132.60496797
 -132.83595367 -130.06118475 -139.20600672 -137.93312005 -142.90892853]
inrs_hat:  [ -4.63248621 -25.18576207 -34.77133725 -35.67134652  -9.63259779
 -38.38975141 -24.14837512 -21.69553833 -37.46265863 -21.61526793
 -21.84625363 -19.0714847  -28.21630668 -26.94342001 -31.91922848]
scheduled_ues:  [ 1  2  3  5  6  7  8  9 10 11 12 13 14]
(1, 15, 1, 4, 1, 1)
caused INR: -16.81381097728358
TpsAltruisticFromLsfGain + IndividualEstimated_INR + -15.0
None
ls_gain_coeffs:
[-115.62218625 -136.17546211 -145.7610373  -146.66104656 -120.62229783
 -149.37945146 -135.13807517 -132.68523838 -148.45235867 -132.60496797
 -132.83595367 -130.06118475 -139.20600672 -137.93312005 -142.90892853]
inrs_hat:  [ -4.63248621 -25.18576207 -34.77133725 -35.67134652  -9.63259779
 -38.38975141 -24.14837512 -21.69553833 -37.46265863 -21.61526793
 -21.84625363 -19.0714847  -28.21630668 -26.94342001 -31.91922848]
scheduled_ues:  [ 1  2  3  5  6  7  8  9 10 11 12 13 14]
(1, 15, 1, 4, 1, 1)
caused INR: -16.81381097728358
TpsAltruisticFromLsfGain + CumulativeIndividualEstimated_INR + -10.0
None
(1, 15, 1, 4, 1, 1)
caused INR: -16.81381097728358
TpsAltruisticFromLsfGain + CumulativeIndividualEstimated_INR + -12.5
None
(1, 15, 1, 4, 1, 1)
caused INR: -16.81381097728358
TpsAltruisticFromLsfGain + CumulativeIndividualEstimated_INR + -15.0
None
(1, 15, 1, 4, 1, 1)
caused INR: -12.231241521883272
TpsRandomic + IndividualEstimated_INR + -10.0
None
ls_gain_coeffs:
[-100.9987172  -122.02510742 -129.12948483 -130.05201823 -103.23993925
 -149.37945146 -127.57272801 -132.68523838 -141.93672922 -132.60496797
 -132.48900983 -130.06118475 -125.29846774 -121.70103315 -131.99213209]
inrs_hat:  [  9.99098285 -11.03540737 -18.13978479 -19.06231818   7.74976079
 -38.38975141 -16.58302797 -21.69553833 -30.94702918 -21.61526793
 -21.49930979 -19.0714847  -14.3087677  -10.7113331  -21.00243204]
scheduled_ues:  [ 1  2  3  5  6  7  8  9 10 11 12 13 14]
(1, 15, 1, 4, 1, 1)
caused INR: -20.125575526596773
TpsRandomic + IndividualEstimated_INR + -12.5
None
ls_gain_coeffs:
[-100.9987172  -136.17546211 -129.12948483 -138.18718085 -106.10638874
 -142.62546092 -118.30683052 -125.1451516  -148.45235867 -115.31449242
 -132.48900983 -117.33742012 -125.29846774 -137.93312005 -131.99213209]
inrs_hat:  [  9.99098285 -25.18576207 -18.13978479 -27.1974808    4.8833113
 -31.63576088  -7.31713048 -14.15545156 -37.46265863  -4.32479238
 -21.49930979  -6.34772008 -14.3087677  -26.94342001 -21.00243204]
scheduled_ues:  [ 1  2  3  5  7  8 10 12 13 14]
(1, 15, 1, 4, 1, 1)
caused INR: -13.98344549726933
TpsRandomic + IndividualEstimated_INR + -15.0
None
ls_gain_coeffs:
[-115.62218625 -122.02510742 -145.7610373  -134.35845561 -112.81508976
 -142.62546092 -127.57272801 -132.68523838 -141.93672922 -120.04614595
 -120.16305778 -117.33742012 -122.44359257 -124.3616064  -131.99213209]
inrs_hat:  [ -4.63248621 -11.03540737 -34.77133725 -23.36875556  -1.82538972
 -31.63576088 -16.58302797 -21.69553833 -30.94702918  -9.05644591
  -9.17335773  -6.34772008 -11.45389253 -13.37190635 -21.00243204]
scheduled_ues:  [ 2  3  5  6  7  8 14]
(1, 15, 1, 4, 1, 1)
caused INR: -13.724425903977341
TpsRandomic + CumulativeIndividualEstimated_INR + -10.0
None
(1, 15, 1, 4, 1, 1)
caused INR: -8.98645944954643
TpsRandomic + CumulativeIndividualEstimated_INR + -12.5
None
(1, 15, 1, 4, 1, 1)
caused INR: -22.866864647681734
TpsRandomic + CumulativeIndividualEstimated_INR + -15.0
None
(1, 15, 1, 4, 1, 1)
caused INR: -13.632078926851426
Iteration number 67
TpsAltruisticFromLsfGain + IndividualEstimated_INR + -10.0
None
ls_gain_coeffs:
[-149.92311111 -139.34847328 -125.03877587 -125.79732437 -124.32301452
 -143.92976988 -135.11135341 -137.72025345 -149.7045771  -140.64417895
 -132.28081179 -132.76117733 -129.48138676 -132.41399577 -134.98261786]
inrs_hat:  [-38.93341106 -28.35877324 -14.04907583 -14.80762432 -13.33331448
 -32.94006983 -24.12165337 -26.73055341 -38.71487705 -29.6544789
 -21.29111175 -21.77147729 -18.49168672 -21.42429573 -23.99291782]
scheduled_ues:  [ 0  1  2  3  4  5  6  7  8  9 10 11 12 13 14]
(1, 15, 1, 4, 1, 1)
caused INR: -7.7215943224375385
TpsAltruisticFromLsfGain + IndividualEstimated_INR + -12.5
None
ls_gain_coeffs:
[-149.92311111 -139.34847328 -125.03877587 -125.79732437 -124.32301452
 -143.92976988 -135.11135341 -137.72025345 -149.7045771  -140.64417895
 -132.28081179 -132.76117733 -129.48138676 -132.41399577 -134.98261786]
inrs_hat:  [-38.93341106 -28.35877324 -14.04907583 -14.80762432 -13.33331448
 -32.94006983 -24.12165337 -26.73055341 -38.71487705 -29.6544789
 -21.29111175 -21.77147729 -18.49168672 -21.42429573 -23.99291782]
scheduled_ues:  [ 0  1  2  3  4  5  6  7  8  9 10 11 12 13 14]
(1, 15, 1, 4, 1, 1)
caused INR: -7.7215943224375385
TpsAltruisticFromLsfGain + IndividualEstimated_INR + -15.0
None
ls_gain_coeffs:
[-149.92311111 -139.34847328 -125.03877587 -125.79732437 -124.32301452
 -143.92976988 -135.11135341 -137.72025345 -149.7045771  -140.64417895
 -132.28081179 -132.76117733 -129.48138676 -132.41399577 -134.98261786]
inrs_hat:  [-38.93341106 -28.35877324 -14.04907583 -14.80762432 -13.33331448
 -32.94006983 -24.12165337 -26.73055341 -38.71487705 -29.6544789
 -21.29111175 -21.77147729 -18.49168672 -21.42429573 -23.99291782]
scheduled_ues:  [ 0  1  5  6  7  8  9 10 11 12 13 14]
(1, 15, 1, 4, 1, 1)
caused INR: -11.061231605401398
TpsAltruisticFromLsfGain + CumulativeIndividualEstimated_INR + -10.0
None
(1, 15, 1, 4, 1, 1)
caused INR: -13.038939706653919
TpsAltruisticFromLsfGain + CumulativeIndividualEstimated_INR + -12.5
None
(1, 15, 1, 4, 1, 1)
caused INR: -11.061231605401398
TpsAltruisticFromLsfGain + CumulativeIndividualEstimated_INR + -15.0
None
(1, 15, 1, 4, 1, 1)
caused INR: -12.416404418638919
TpsRandomic + IndividualEstimated_INR + -10.0
None
ls_gain_coeffs:
[-149.92311111 -139.34847328 -110.60113128 -112.10303206 -124.32301452
 -131.22153782 -135.11135341 -120.55818846 -144.4549644  -140.64417895
 -120.9292316  -116.50953098 -112.88861813 -132.41399577 -120.62493523]
inrs_hat:  [-38.93341106 -28.35877324   0.38856877  -1.11333201 -13.33331448
 -20.23183778 -24.12165337  -9.56848842 -33.46526436 -29.6544789
  -9.93953156  -5.51983093  -1.89891808 -21.42429573  -9.63523519]
scheduled_ues:  [ 0  1  4  5  6  8  9 13]
(1, 15, 1, 4, 1, 1)
caused INR: -15.047753839915188
TpsRandomic + IndividualEstimated_INR + -12.5
None
ls_gain_coeffs:
[-133.14482784 -139.34847328 -125.03877587 -118.67727846 -117.49160571
 -131.22153782 -122.77225555 -137.72025345 -133.7632353  -140.64417895
 -132.28081179 -118.76493269 -129.48138676 -132.41399577 -117.58472469]
inrs_hat:  [-22.15512779 -28.35877324 -14.04907583  -7.68757842  -6.50190566
 -20.23183778 -11.7825555  -26.73055341 -22.77353526 -29.6544789
 -21.29111175  -7.77523265 -18.49168672 -21.42429573  -6.59502464]
scheduled_ues:  [ 0  1  2  5  7  8  9 10 12 13]
(1, 15, 1, 4, 1, 1)
caused INR: -17.34307214310387
TpsRandomic + IndividualEstimated_INR + -15.0
None
ls_gain_coeffs:
[-149.92311111 -122.70871905 -108.60508668 -109.16935526 -117.49160571
 -127.23543118 -118.41487778 -124.94557474 -144.4549644  -123.97621884
 -120.9292316  -116.50953098 -122.0369579  -121.25784243 -126.98611415]
inrs_hat:  [-38.93341106 -11.71901901   2.38461336   1.82034478  -6.50190566
 -16.24573113  -7.42517774 -13.9558747  -33.46526436 -12.9865188
  -9.93953156  -5.51983093 -11.04725785 -10.26814239 -15.9964141 ]
scheduled_ues:  [ 0  5  8 14]
(1, 15, 1, 4, 1, 1)
caused INR: -29.707680832166453
TpsRandomic + CumulativeIndividualEstimated_INR + -10.0
None
(1, 15, 1, 4, 1, 1)
caused INR: -16.444909037920784
TpsRandomic + CumulativeIndividualEstimated_INR + -12.5
None
(1, 15, 1, 4, 1, 1)
caused INR: -15.599423574451055
TpsRandomic + CumulativeIndividualEstimated_INR + -15.0
None
(1, 15, 1, 4, 1, 1)
caused INR: -13.954076569984917
Iteration number 68
TpsAltruisticFromLsfGain + IndividualEstimated_INR + -10.0
None
ls_gain_coeffs:
[-118.30178288 -149.84137227 -145.41086255 -148.67230978 -114.0081656
 -131.36100096 -147.54650512 -132.38356672 -142.65581472 -129.77481132
 -126.19046929 -146.49063691 -142.21689142 -140.37381201 -146.23724509]
inrs_hat:  [ -7.31208284 -38.85167223 -34.42116251 -37.68260974  -3.01846556
 -20.37130092 -36.55680508 -21.39386668 -31.66611468 -18.78511128
 -15.20076925 -35.50093687 -31.22719138 -29.38411197 -35.24754504]
scheduled_ues:  [ 1  2  3  5  6  7  8  9 10 11 12 13 14]
(1, 15, 1, 4, 1, 1)
caused INR: -8.00841135560274
TpsAltruisticFromLsfGain + IndividualEstimated_INR + -12.5
None
ls_gain_coeffs:
[-118.30178288 -149.84137227 -145.41086255 -148.67230978 -114.0081656
 -131.36100096 -147.54650512 -132.38356672 -142.65581472 -129.77481132
 -126.19046929 -146.49063691 -142.21689142 -140.37381201 -146.23724509]
inrs_hat:  [ -7.31208284 -38.85167223 -34.42116251 -37.68260974  -3.01846556
 -20.37130092 -36.55680508 -21.39386668 -31.66611468 -18.78511128
 -15.20076925 -35.50093687 -31.22719138 -29.38411197 -35.24754504]
scheduled_ues:  [ 1  2  3  5  6  7  8  9 10 11 12 13 14]
(1, 15, 1, 4, 1, 1)
caused INR: -8.00841135560274
TpsAltruisticFromLsfGain + IndividualEstimated_INR + -15.0
None
ls_gain_coeffs:
[-118.30178288 -149.84137227 -145.41086255 -148.67230978 -114.0081656
 -131.36100096 -147.54650512 -132.38356672 -142.65581472 -129.77481132
 -126.19046929 -146.49063691 -142.21689142 -140.37381201 -146.23724509]
inrs_hat:  [ -7.31208284 -38.85167223 -34.42116251 -37.68260974  -3.01846556
 -20.37130092 -36.55680508 -21.39386668 -31.66611468 -18.78511128
 -15.20076925 -35.50093687 -31.22719138 -29.38411197 -35.24754504]
scheduled_ues:  [ 1  2  3  5  6  7  8  9 10 11 12 13 14]
(1, 15, 1, 4, 1, 1)
caused INR: -8.00841135560274
TpsAltruisticFromLsfGain + CumulativeIndividualEstimated_INR + -10.0
None
(1, 15, 1, 4, 1, 1)
caused INR: -8.00841135560274
TpsAltruisticFromLsfGain + CumulativeIndividualEstimated_INR + -12.5
None
(1, 15, 1, 4, 1, 1)
caused INR: -15.595063702118694
TpsAltruisticFromLsfGain + CumulativeIndividualEstimated_INR + -15.0
None
(1, 15, 1, 4, 1, 1)
caused INR: -19.107969216898837
TpsRandomic + IndividualEstimated_INR + -10.0
None
ls_gain_coeffs:
[-101.44390241 -136.00858259 -130.60418443 -135.11009175 -102.06021814
 -113.8758986  -137.39655149 -127.18783469 -125.57212554 -113.99199366
 -118.93739538 -133.56044727 -125.23217166 -130.17807883 -134.21456287]
inrs_hat:  [  9.54579763 -25.01888254 -19.61448438 -24.12039171   8.9294819
  -2.88619856 -26.40685145 -16.19813464 -14.5824255   -3.00229362
  -7.94769533 -22.57074723 -14.24247161 -19.18837878 -23.22486282]
scheduled_ues:  [ 1  2  3  6  7  8 11 12 13 14]
(1, 15, 1, 4, 1, 1)
caused INR: -11.830475183999047
TpsRandomic + IndividualEstimated_INR + -12.5
None
ls_gain_coeffs:
[-101.44390241 -149.84137227 -131.78672349 -148.67230978 -102.06021814
 -131.36100096 -137.39655149 -118.21005604 -142.65581472 -124.76298483
 -112.70446322 -146.49063691 -132.5769662  -140.37381201 -137.16448818]
inrs_hat:  [  9.54579763 -38.85167223 -20.79702344 -37.68260974   8.9294819
 -20.37130092 -26.40685145  -7.220356   -31.66611468 -13.77328479
  -1.71476317 -35.50093687 -21.58726616 -29.38411197 -26.17478814]
scheduled_ues:  [ 1  2  3  5  6  8  9 11 12 13 14]
(1, 15, 1, 4, 1, 1)
caused INR: -15.276709085138418
TpsRandomic + IndividualEstimated_INR + -15.0
None
ls_gain_coeffs:
[-101.44390241 -149.84137227 -141.86324536 -135.67040077  -95.11348344
 -118.0574287  -130.79273544 -118.21005604 -133.5256339  -129.77481132
 -112.70446322 -133.56044727 -132.5769662  -140.37381201 -129.46872553]
inrs_hat:  [  9.54579763 -38.85167223 -30.87354532 -24.68070072  15.8762166
  -7.06772866 -19.8030354   -7.220356   -22.53593385 -18.78511128
  -1.71476317 -22.57074723 -21.58726616 -29.38411197 -18.47902548]
scheduled_ues:  [ 1  2  3  6  8  9 11 12 13 14]
(1, 15, 1, 4, 1, 1)
caused INR: -23.150242235741956
TpsRandomic + CumulativeIndividualEstimated_INR + -10.0
None
(1, 15, 1, 4, 1, 1)
caused INR: -17.75631221879918
TpsRandomic + CumulativeIndividualEstimated_INR + -12.5
None
(1, 15, 1, 4, 1, 1)
caused INR: -11.344799464223934
TpsRandomic + CumulativeIndividualEstimated_INR + -15.0
None
(1, 15, 1, 4, 1, 1)
caused INR: -18.985152860421252
Iteration number 69
TpsAltruisticFromLsfGain + IndividualEstimated_INR + -10.0
None
ls_gain_coeffs:
[-146.07034069 -134.10370353 -128.49013569 -145.7077163  -134.05535837
 -144.74641505 -145.7170898  -137.0611003  -126.0016208  -125.32206198
 -143.61999305 -145.72125115 -148.66391876 -145.57491124 -146.34542852]
inrs_hat:  [-35.08064065 -23.11400348 -17.50043565 -34.71801626 -23.06565833
 -33.75671501 -34.72738976 -26.07140026 -15.01192076 -14.33236194
 -32.630293   -34.7315511  -37.67421871 -34.5852112  -35.35572848]
scheduled_ues:  [ 0  1  2  3  4  5  6  7  8  9 10 11 12 13 14]
(1, 15, 1, 4, 1, 1)
caused INR: -17.04782834450239
TpsAltruisticFromLsfGain + IndividualEstimated_INR + -12.5
None
ls_gain_coeffs:
[-146.07034069 -134.10370353 -128.49013569 -145.7077163  -134.05535837
 -144.74641505 -145.7170898  -137.0611003  -126.0016208  -125.32206198
 -143.61999305 -145.72125115 -148.66391876 -145.57491124 -146.34542852]
inrs_hat:  [-35.08064065 -23.11400348 -17.50043565 -34.71801626 -23.06565833
 -33.75671501 -34.72738976 -26.07140026 -15.01192076 -14.33236194
 -32.630293   -34.7315511  -37.67421871 -34.5852112  -35.35572848]
scheduled_ues:  [ 0  1  2  3  4  5  6  7  8  9 10 11 12 13 14]
(1, 15, 1, 4, 1, 1)
caused INR: -17.04782834450239
TpsAltruisticFromLsfGain + IndividualEstimated_INR + -15.0
None
ls_gain_coeffs:
[-146.07034069 -134.10370353 -128.49013569 -145.7077163  -134.05535837
 -144.74641505 -145.7170898  -137.0611003  -126.0016208  -125.32206198
 -143.61999305 -145.72125115 -148.66391876 -145.57491124 -146.34542852]
inrs_hat:  [-35.08064065 -23.11400348 -17.50043565 -34.71801626 -23.06565833
 -33.75671501 -34.72738976 -26.07140026 -15.01192076 -14.33236194
 -32.630293   -34.7315511  -37.67421871 -34.5852112  -35.35572848]
scheduled_ues:  [ 0  1  2  3  4  5  6  7  8 10 11 12 13 14]
(1, 15, 1, 4, 1, 1)
caused INR: -23.03630111642979
TpsAltruisticFromLsfGain + CumulativeIndividualEstimated_INR + -10.0
None
(1, 15, 1, 4, 1, 1)
caused INR: -23.03630111642979
TpsAltruisticFromLsfGain + CumulativeIndividualEstimated_INR + -12.5
None
(1, 15, 1, 4, 1, 1)
caused INR: -25.964410227597373
TpsAltruisticFromLsfGain + CumulativeIndividualEstimated_INR + -15.0
None
(1, 15, 1, 4, 1, 1)
caused INR: -23.017939906612504
TpsRandomic + IndividualEstimated_INR + -10.0
None
ls_gain_coeffs:
[-129.38989598 -132.22406714 -128.49013569 -133.25076108 -134.05535837
 -144.74641505 -142.28558059 -120.42961524 -112.43482813 -117.83144198
 -128.72305887 -145.72125115 -135.18604031 -129.00050577 -132.49679671]
inrs_hat:  [-18.40019594 -21.23436709 -17.50043565 -22.26106104 -23.06565833
 -33.75671501 -31.29588055  -9.43991519  -1.44512809  -6.84174194
 -17.73335883 -34.7315511  -24.19634026 -18.01080573 -21.50709667]
scheduled_ues:  [ 0  1  2  3  4  5  6 10 11 12 13 14]
(1, 15, 1, 4, 1, 1)
caused INR: -11.523185697268314
TpsRandomic + IndividualEstimated_INR + -12.5
None
ls_gain_coeffs:
[-146.07034069 -134.10370353 -111.55282105 -129.00578657 -120.94028953
 -144.74641505 -132.1316534  -124.80664579 -112.43482813 -108.52954971
 -139.93699178 -145.72125115 -148.66391876 -132.31705191 -146.34542852]
inrs_hat:  [-35.08064065 -23.11400348  -0.56312101 -18.01608653  -9.95058949
 -33.75671501 -21.14195335 -13.81694575  -1.44512809   2.46015034
 -28.94729174 -34.7315511  -37.67421871 -21.32735187 -35.35572848]
scheduled_ues:  [ 0  1  3  5  6  7 10 11 12 13 14]
(1, 15, 1, 4, 1, 1)
caused INR: -24.570056706940555
TpsRandomic + IndividualEstimated_INR + -15.0
None
ls_gain_coeffs:
[-129.38989598 -134.10370353 -119.69161799 -137.20241206 -133.04515512
 -132.86729712 -142.28558059 -124.80664579 -124.3138318  -111.66925743
 -129.95072596 -135.81634331 -147.10950108 -129.00050577 -144.23488081]
inrs_hat:  [-18.40019594 -23.11400348  -8.70191794 -26.21271202 -22.05545507
 -21.87759707 -31.29588055 -13.81694575 -13.32413176  -0.67955739
 -18.96102592 -24.82664327 -36.11980104 -18.01080573 -33.24518077]
scheduled_ues:  [ 0  1  3  4  5  6 10 11 12 13 14]
(1, 15, 1, 4, 1, 1)
caused INR: -5.941068604266344
TpsRandomic + CumulativeIndividualEstimated_INR + -10.0
None
(1, 15, 1, 4, 1, 1)
caused INR: -9.263595676943325
TpsRandomic + CumulativeIndividualEstimated_INR + -12.5
None
(1, 15, 1, 4, 1, 1)
caused INR: -15.21820116436799
TpsRandomic + CumulativeIndividualEstimated_INR + -15.0
None
(1, 15, 1, 4, 1, 1)
caused INR: -13.497207650564798
Iteration number 70
TpsAltruisticFromLsfGain + IndividualEstimated_INR + -10.0
None
ls_gain_coeffs:
[-138.83863105 -143.43120141 -140.96480429 -151.08016065 -137.96090521
 -144.22318453 -117.99966966 -151.0302521  -146.2855575  -126.6077696
 -127.12286846 -126.17869842 -131.92267737 -131.33613534 -134.72101256]
inrs_hat:  [-27.848931   -32.44150137 -29.97510425 -40.09046061 -26.97120516
 -33.23348449  -7.00996961 -40.04055205 -35.29585746 -15.61806955
 -16.13316842 -15.18899837 -20.93297733 -20.3464353  -23.73131251]
scheduled_ues:  [ 0  1  2  3  4  5  7  8  9 10 11 12 13 14]
(1, 15, 1, 4, 1, 1)
caused INR: -9.304291347897502
TpsAltruisticFromLsfGain + IndividualEstimated_INR + -12.5
None
ls_gain_coeffs:
[-138.83863105 -143.43120141 -140.96480429 -151.08016065 -137.96090521
 -144.22318453 -117.99966966 -151.0302521  -146.2855575  -126.6077696
 -127.12286846 -126.17869842 -131.92267737 -131.33613534 -134.72101256]
inrs_hat:  [-27.848931   -32.44150137 -29.97510425 -40.09046061 -26.97120516
 -33.23348449  -7.00996961 -40.04055205 -35.29585746 -15.61806955
 -16.13316842 -15.18899837 -20.93297733 -20.3464353  -23.73131251]
scheduled_ues:  [ 0  1  2  3  4  5  7  8  9 10 11 12 13 14]
(1, 15, 1, 4, 1, 1)
caused INR: -9.304291347897502
TpsAltruisticFromLsfGain + IndividualEstimated_INR + -15.0
None
ls_gain_coeffs:
[-138.83863105 -143.43120141 -140.96480429 -151.08016065 -137.96090521
 -144.22318453 -117.99966966 -151.0302521  -146.2855575  -126.6077696
 -127.12286846 -126.17869842 -131.92267737 -131.33613534 -134.72101256]
inrs_hat:  [-27.848931   -32.44150137 -29.97510425 -40.09046061 -26.97120516
 -33.23348449  -7.00996961 -40.04055205 -35.29585746 -15.61806955
 -16.13316842 -15.18899837 -20.93297733 -20.3464353  -23.73131251]
scheduled_ues:  [ 0  1  2  3  4  5  7  8  9 10 11 12 13 14]
(1, 15, 1, 4, 1, 1)
caused INR: -9.304291347897502
TpsAltruisticFromLsfGain + CumulativeIndividualEstimated_INR + -10.0
None
(1, 15, 1, 4, 1, 1)
caused INR: -10.966774365997606
TpsAltruisticFromLsfGain + CumulativeIndividualEstimated_INR + -12.5
None
(1, 15, 1, 4, 1, 1)
caused INR: -16.1599369790059
TpsAltruisticFromLsfGain + CumulativeIndividualEstimated_INR + -15.0
None
(1, 15, 1, 4, 1, 1)
caused INR: -31.2231767820741
TpsRandomic + IndividualEstimated_INR + -10.0
None
ls_gain_coeffs:
[-127.58919519 -130.09263554 -131.63816194 -145.71250259 -137.85596682
 -127.89780428 -105.26527989 -139.96678776 -138.19915008 -109.96494173
 -110.14497287 -114.12516614 -131.92267737 -131.33613534 -119.71369277]
inrs_hat:  [-16.59949515 -19.1029355  -20.6484619  -34.72280255 -26.86626677
 -16.90810423   5.72442015 -28.97708771 -27.20945003   1.02475831
   0.84472717  -3.13546609 -20.93297733 -20.3464353   -8.72399272]
scheduled_ues:  [ 0  1  2  3  4  5  7  8 12 13]
(1, 15, 1, 4, 1, 1)
caused INR: -8.976660166964642
TpsRandomic + IndividualEstimated_INR + -12.5
None
ls_gain_coeffs:
[-138.83863105 -143.43120141 -124.05075682 -137.07028505 -137.85596682
 -144.22318453 -117.99966966 -134.28620231 -146.2855575  -109.96494173
 -127.12286846 -116.79743788 -131.92267737 -122.74125649 -130.87243287]
inrs_hat:  [-27.848931   -32.44150137 -13.06105678 -26.080585   -26.86626677
 -33.23348449  -7.00996961 -23.29650227 -35.29585746   1.02475831
 -16.13316842  -5.80773784 -20.93297733 -11.75155644 -19.88273283]
scheduled_ues:  [ 0  1  2  3  4  5  7  8 10 12 14]
(1, 15, 1, 4, 1, 1)
caused INR: -10.113682764476124
TpsRandomic + IndividualEstimated_INR + -15.0
None
ls_gain_coeffs:
[-127.58919519 -143.43120141 -131.63816194 -135.17059382 -125.44934628
 -144.22318453 -107.41218408 -139.96678776 -138.19915008 -112.83624528
 -110.14497287 -126.17869842 -118.96494167 -131.33613534 -120.99655266]
inrs_hat:  [-16.59949515 -32.44150137 -20.6484619  -24.18089378 -14.45964624
 -33.23348449   3.57751597 -28.97708771 -27.20945003  -1.84654524
   0.84472717 -15.18899837  -7.97524163 -20.3464353  -10.00685262]
scheduled_ues:  [ 0  1  2  3  5  7  8 11 13]
(1, 15, 1, 4, 1, 1)
caused INR: -9.376698590031005
TpsRandomic + CumulativeIndividualEstimated_INR + -10.0
None
(1, 15, 1, 4, 1, 1)
caused INR: -21.475309304999325
TpsRandomic + CumulativeIndividualEstimated_INR + -12.5
None
(1, 15, 1, 4, 1, 1)
caused INR: -12.667694881964344
TpsRandomic + CumulativeIndividualEstimated_INR + -15.0
None
(1, 15, 1, 4, 1, 1)
caused INR: -28.042093316737265
Iteration number 71
TpsAltruisticFromLsfGain + IndividualEstimated_INR + -10.0
None
ls_gain_coeffs:
[-136.70613077 -133.53445078 -143.34099736 -140.73540326 -127.3654669
 -140.21292877 -135.68222171 -138.40753084 -135.35872217 -130.05482014
 -147.29754297 -130.8864713  -143.16787293 -150.43829581 -127.57524858]
inrs_hat:  [-25.71643073 -22.54475073 -32.35129732 -29.74570322 -16.37576686
 -29.22322873 -24.69252167 -27.4178308  -24.36902213 -19.0651201
 -36.30784292 -19.89677125 -32.17817289 -39.44859577 -16.58554853]
scheduled_ues:  [ 0  1  2  3  4  5  6  7  8  9 10 11 12 13 14]
(1, 15, 1, 4, 1, 1)
caused INR: -10.298874766777955
TpsAltruisticFromLsfGain + IndividualEstimated_INR + -12.5
None
ls_gain_coeffs:
[-136.70613077 -133.53445078 -143.34099736 -140.73540326 -127.3654669
 -140.21292877 -135.68222171 -138.40753084 -135.35872217 -130.05482014
 -147.29754297 -130.8864713  -143.16787293 -150.43829581 -127.57524858]
inrs_hat:  [-25.71643073 -22.54475073 -32.35129732 -29.74570322 -16.37576686
 -29.22322873 -24.69252167 -27.4178308  -24.36902213 -19.0651201
 -36.30784292 -19.89677125 -32.17817289 -39.44859577 -16.58554853]
scheduled_ues:  [ 0  1  2  3  4  5  6  7  8  9 10 11 12 13 14]
(1, 15, 1, 4, 1, 1)
caused INR: -10.298874766777955
TpsAltruisticFromLsfGain + IndividualEstimated_INR + -15.0
None
ls_gain_coeffs:
[-136.70613077 -133.53445078 -143.34099736 -140.73540326 -127.3654669
 -140.21292877 -135.68222171 -138.40753084 -135.35872217 -130.05482014
 -147.29754297 -130.8864713  -143.16787293 -150.43829581 -127.57524858]
inrs_hat:  [-25.71643073 -22.54475073 -32.35129732 -29.74570322 -16.37576686
 -29.22322873 -24.69252167 -27.4178308  -24.36902213 -19.0651201
 -36.30784292 -19.89677125 -32.17817289 -39.44859577 -16.58554853]
scheduled_ues:  [ 0  1  2  3  4  5  6  7  8  9 10 11 12 13 14]
(1, 15, 1, 4, 1, 1)
caused INR: -10.298874766777955
TpsAltruisticFromLsfGain + CumulativeIndividualEstimated_INR + -10.0
None
(1, 15, 1, 4, 1, 1)
caused INR: -10.298874766777955
TpsAltruisticFromLsfGain + CumulativeIndividualEstimated_INR + -12.5
None
(1, 15, 1, 4, 1, 1)
caused INR: -9.846205404871984
TpsAltruisticFromLsfGain + CumulativeIndividualEstimated_INR + -15.0
None
(1, 15, 1, 4, 1, 1)
caused INR: -13.122896211963342
TpsRandomic + IndividualEstimated_INR + -10.0
None
ls_gain_coeffs:
[-119.74092975 -116.53508473 -132.72344544 -140.73540326 -108.72711795
 -140.21292877 -118.95885615 -132.43706231 -123.17360792 -120.34388701
 -138.587292   -130.8864713  -126.72080849 -150.43829581 -127.57524858]
inrs_hat:  [ -8.75122971  -5.54538469 -21.7337454  -29.74570322   2.26258209
 -29.22322873  -7.96915611 -21.44736227 -12.18390787  -9.35418697
 -27.59759196 -19.89677125 -15.73110845 -39.44859577 -16.58554853]
scheduled_ues:  [ 2  3  5  7  8 10 11 12 13 14]
(1, 15, 1, 4, 1, 1)
caused INR: -8.336377584135574
TpsRandomic + IndividualEstimated_INR + -12.5
None
ls_gain_coeffs:
[-124.8203612  -116.53508473 -126.24002793 -123.95508359 -108.72711795
 -140.21292877 -135.68222171 -138.40753084 -123.17360792 -111.72008823
 -135.05207894 -128.94574512 -143.16787293 -133.82953641 -114.62930234]
inrs_hat:  [-13.83066115  -5.54538469 -15.25032788 -12.96538355   2.26258209
 -29.22322873 -24.69252167 -27.4178308  -12.18390787  -0.73038818
 -24.06237889 -17.95604508 -32.17817289 -22.83983637  -3.6396023 ]
scheduled_ues:  [ 0  2  3  5  6  7 10 11 12 13]
(1, 15, 1, 4, 1, 1)
caused INR: -8.988130068237128
TpsRandomic + IndividualEstimated_INR + -15.0
None
ls_gain_coeffs:
[-124.8203612  -133.53445078 -132.19821041 -140.73540326 -115.05000534
 -126.64480418 -135.68222171 -132.43706231 -123.17360792 -130.05482014
 -138.587292   -117.79796257 -129.28976794 -150.43829581 -110.61169841]
inrs_hat:  [-13.83066115 -22.54475073 -21.20851037 -29.74570322  -4.0603053
 -15.65510414 -24.69252167 -21.44736227 -12.18390787 -19.0651201
 -27.59759196  -6.80826253 -18.30006789 -39.44859577   0.37800164]
scheduled_ues:  [ 1  2  3  5  6  7  9 10 12 13]
(1, 15, 1, 4, 1, 1)
caused INR: -16.746355770079578
TpsRandomic + CumulativeIndividualEstimated_INR + -10.0
None
(1, 15, 1, 4, 1, 1)
caused INR: -10.562007645097806
TpsRandomic + CumulativeIndividualEstimated_INR + -12.5
None
(1, 15, 1, 4, 1, 1)
caused INR: -9.449394871981028
TpsRandomic + CumulativeIndividualEstimated_INR + -15.0
None
(1, 15, 1, 4, 1, 1)
caused INR: -13.631034196694511
Iteration number 72
TpsAltruisticFromLsfGain + IndividualEstimated_INR + -10.0
None
ls_gain_coeffs:
[-150.11270868 -124.1070041  -133.83511167 -133.07115816 -150.20649199
 -125.7689202  -130.62174627 -146.3941914  -124.52785587 -122.01128785
 -149.15125872 -145.75206019 -131.21557738 -139.04191643 -119.70891737]
inrs_hat:  [-39.12300863 -13.11730406 -22.84541163 -22.08145812 -39.21679194
 -14.77922016 -19.63204623 -35.40449135 -13.53815583 -11.02158781
 -38.16155868 -34.76236014 -20.22587734 -28.05221639  -8.71921733]
scheduled_ues:  [ 0  1  2  3  4  5  6  7  8  9 10 11 12 13]
(1, 15, 1, 4, 1, 1)
caused INR: -4.387465358966246
TpsAltruisticFromLsfGain + IndividualEstimated_INR + -12.5
None
ls_gain_coeffs:
[-150.11270868 -124.1070041  -133.83511167 -133.07115816 -150.20649199
 -125.7689202  -130.62174627 -146.3941914  -124.52785587 -122.01128785
 -149.15125872 -145.75206019 -131.21557738 -139.04191643 -119.70891737]
inrs_hat:  [-39.12300863 -13.11730406 -22.84541163 -22.08145812 -39.21679194
 -14.77922016 -19.63204623 -35.40449135 -13.53815583 -11.02158781
 -38.16155868 -34.76236014 -20.22587734 -28.05221639  -8.71921733]
scheduled_ues:  [ 0  1  2  3  4  5  6  7  8 10 11 12 13]
(1, 15, 1, 4, 1, 1)
caused INR: -10.95096114408154
TpsAltruisticFromLsfGain + IndividualEstimated_INR + -15.0
None
ls_gain_coeffs:
[-150.11270868 -124.1070041  -133.83511167 -133.07115816 -150.20649199
 -125.7689202  -130.62174627 -146.3941914  -124.52785587 -122.01128785
 -149.15125872 -145.75206019 -131.21557738 -139.04191643 -119.70891737]
inrs_hat:  [-39.12300863 -13.11730406 -22.84541163 -22.08145812 -39.21679194
 -14.77922016 -19.63204623 -35.40449135 -13.53815583 -11.02158781
 -38.16155868 -34.76236014 -20.22587734 -28.05221639  -8.71921733]
scheduled_ues:  [ 0  2  3  4  6  7 10 11 12 13]
(1, 15, 1, 4, 1, 1)
caused INR: -17.904296633376966
TpsAltruisticFromLsfGain + CumulativeIndividualEstimated_INR + -10.0
None
(1, 15, 1, 4, 1, 1)
caused INR: -13.896972322823908
TpsAltruisticFromLsfGain + CumulativeIndividualEstimated_INR + -12.5
None
(1, 15, 1, 4, 1, 1)
caused INR: -17.904296633376966
TpsAltruisticFromLsfGain + CumulativeIndividualEstimated_INR + -15.0
None
(1, 15, 1, 4, 1, 1)
caused INR: -16.437880183019267
TpsRandomic + IndividualEstimated_INR + -10.0
None
ls_gain_coeffs:
[-138.78548908 -116.22654379 -121.01237636 -133.07115816 -150.20649199
 -125.7689202  -116.93859883 -146.3941914  -113.37400725 -114.33893583
 -135.40759353 -129.04259689 -117.97058453 -125.34010182 -108.21268277]
inrs_hat:  [-27.79578904  -5.23684374 -10.02267632 -22.08145812 -39.21679194
 -14.77922016  -5.94889878 -35.40449135  -2.38430721  -3.34923579
 -24.41789348 -18.05289685  -6.98088448 -14.35040178   2.77701728]
scheduled_ues:  [ 0  2  3  4  5  7 10 11 13]
(1, 15, 1, 4, 1, 1)
caused INR: -9.006183941037458
TpsRandomic + IndividualEstimated_INR + -12.5
None
ls_gain_coeffs:
[-133.38511189 -110.56240545 -120.63124106 -116.28083959 -150.20649199
 -112.26637704 -116.93859883 -146.3941914  -107.31814088 -114.33893583
 -149.15125872 -137.61890483 -131.21557738 -137.15159452 -103.46672914]
inrs_hat:  [-22.39541184   0.42729459  -9.64154101  -5.29113955 -39.21679194
  -1.276677    -5.94889878 -35.40449135   3.67155917  -3.34923579
 -38.16155868 -26.62920478 -20.22587734 -26.16189447   7.5229709 ]
scheduled_ues:  [ 0  4  7 10 11 12 13]
(1, 15, 1, 4, 1, 1)
caused INR: -18.987701281022755
TpsRandomic + IndividualEstimated_INR + -15.0
None
ls_gain_coeffs:
[-140.42633469 -107.17367462 -120.63124106 -116.28083959 -146.21537529
 -125.7689202  -116.93859883 -133.32635572 -107.31814088 -107.01223718
 -142.68443964 -137.61890483 -131.21557738 -139.04191643  -99.61890595]
inrs_hat:  [-29.43663465   3.81602542  -9.64154101  -5.29113955 -35.22567524
 -14.77922016  -5.94889878 -22.33665568   3.67155917   3.97746287
 -31.6947396  -26.62920478 -20.22587734 -28.05221639  11.37079409]
scheduled_ues:  [ 0  4  7 10 11 12 13]
(1, 15, 1, 4, 1, 1)
caused INR: -19.80862834510564
TpsRandomic + CumulativeIndividualEstimated_INR + -10.0
None
(1, 15, 1, 4, 1, 1)
caused INR: -16.300292207013772
TpsRandomic + CumulativeIndividualEstimated_INR + -12.5
None
(1, 15, 1, 4, 1, 1)
caused INR: -19.755861029860647
TpsRandomic + CumulativeIndividualEstimated_INR + -15.0
None
(1, 15, 1, 4, 1, 1)
caused INR: -19.584944861308355
Iteration number 73
TpsAltruisticFromLsfGain + IndividualEstimated_INR + -10.0
None
ls_gain_coeffs:
[-127.09338377 -127.33692915 -148.00043856 -147.32858324 -143.56252586
 -137.08456958 -140.47062897 -130.60111065 -144.07424086 -134.02194994
 -146.40783159 -143.9955341  -129.74854073 -133.75208842 -145.53354561]
inrs_hat:  [-16.10368373 -16.34722911 -37.01073852 -36.3388832  -32.57282582
 -26.09486954 -29.48092893 -19.61141061 -33.08454081 -23.03224989
 -35.41813155 -33.00583405 -18.75884069 -22.76238838 -34.54384557]
scheduled_ues:  [ 0  1  2  3  4  5  6  7  8  9 10 11 12 13 14]
(1, 15, 1, 4, 1, 1)
caused INR: -17.98217151996337
TpsAltruisticFromLsfGain + IndividualEstimated_INR + -12.5
None
ls_gain_coeffs:
[-127.09338377 -127.33692915 -148.00043856 -147.32858324 -143.56252586
 -137.08456958 -140.47062897 -130.60111065 -144.07424086 -134.02194994
 -146.40783159 -143.9955341  -129.74854073 -133.75208842 -145.53354561]
inrs_hat:  [-16.10368373 -16.34722911 -37.01073852 -36.3388832  -32.57282582
 -26.09486954 -29.48092893 -19.61141061 -33.08454081 -23.03224989
 -35.41813155 -33.00583405 -18.75884069 -22.76238838 -34.54384557]
scheduled_ues:  [ 0  1  2  3  4  5  6  7  8  9 10 11 12 13 14]
(1, 15, 1, 4, 1, 1)
caused INR: -17.98217151996337
TpsAltruisticFromLsfGain + IndividualEstimated_INR + -15.0
None
ls_gain_coeffs:
[-127.09338377 -127.33692915 -148.00043856 -147.32858324 -143.56252586
 -137.08456958 -140.47062897 -130.60111065 -144.07424086 -134.02194994
 -146.40783159 -143.9955341  -129.74854073 -133.75208842 -145.53354561]
inrs_hat:  [-16.10368373 -16.34722911 -37.01073852 -36.3388832  -32.57282582
 -26.09486954 -29.48092893 -19.61141061 -33.08454081 -23.03224989
 -35.41813155 -33.00583405 -18.75884069 -22.76238838 -34.54384557]
scheduled_ues:  [ 0  1  2  3  4  5  6  7  8  9 10 11 12 13 14]
(1, 15, 1, 4, 1, 1)
caused INR: -17.98217151996337
TpsAltruisticFromLsfGain + CumulativeIndividualEstimated_INR + -10.0
None
(1, 15, 1, 4, 1, 1)
caused INR: -17.98217151996337
TpsAltruisticFromLsfGain + CumulativeIndividualEstimated_INR + -12.5
None
(1, 15, 1, 4, 1, 1)
caused INR: -14.861721544808733
TpsAltruisticFromLsfGain + CumulativeIndividualEstimated_INR + -15.0
None
(1, 15, 1, 4, 1, 1)
caused INR: -18.964502731142968
TpsRandomic + IndividualEstimated_INR + -10.0
None
ls_gain_coeffs:
[-114.49922002 -118.16729582 -148.00043856 -141.75008651 -131.83652385
 -132.0351596  -123.57118181 -118.99020089 -128.12998887 -121.92991766
 -132.288678   -143.9955341  -120.91686696 -133.75208842 -128.88897361]
inrs_hat:  [ -3.50951997  -7.17759577 -37.01073852 -30.76038646 -20.84682381
 -21.04545956 -12.58148177  -8.00050085 -17.14028883 -10.94021762
 -21.29897796 -33.00583405  -9.92716691 -22.76238838 -17.89927356]
scheduled_ues:  [ 2  3  4  5  6  8  9 10 11 13 14]
(1, 15, 1, 4, 1, 1)
caused INR: -4.878264587691926
TpsRandomic + IndividualEstimated_INR + -12.5
None
ls_gain_coeffs:
[-127.09338377 -115.06037936 -131.37345284 -131.19560948 -143.56252586
 -122.95983292 -127.32941163 -118.99020089 -129.98088297 -134.02194994
 -140.72658239 -131.46635616 -112.33262742 -120.66748663 -137.54198431]
inrs_hat:  [-16.10368373  -4.07067931 -20.38375279 -20.20590944 -32.57282582
 -11.97013288 -16.33971158  -8.00050085 -18.99118293 -23.03224989
 -29.73688235 -20.47665612  -1.34292737  -9.67778659 -26.55228427]
scheduled_ues:  [ 0  2  3  4  6  8  9 10 11 14]
(1, 15, 1, 4, 1, 1)
caused INR: -15.039286044156057
TpsRandomic + IndividualEstimated_INR + -15.0
None
ls_gain_coeffs:
[-127.09338377 -115.06037936 -131.37345284 -131.19560948 -143.56252586
 -137.08456958 -140.47062897 -130.60111065 -129.98088297 -123.84459948
 -146.40783159 -131.37877823 -129.74854073 -133.75208842 -145.53354561]
inrs_hat:  [-16.10368373  -4.07067931 -20.38375279 -20.20590944 -32.57282582
 -26.09486954 -29.48092893 -19.61141061 -18.99118293 -12.85489944
 -35.41813155 -20.38907818 -18.75884069 -22.76238838 -34.54384557]
scheduled_ues:  [ 0  2  3  4  5  6  7  8 10 11 12 13 14]
(1, 15, 1, 4, 1, 1)
caused INR: -13.536109810563257
TpsRandomic + CumulativeIndividualEstimated_INR + -10.0
None
(1, 15, 1, 4, 1, 1)
caused INR: -11.769834464352694
TpsRandomic + CumulativeIndividualEstimated_INR + -12.5
None
(1, 15, 1, 4, 1, 1)
caused INR: -15.089851069867027
TpsRandomic + CumulativeIndividualEstimated_INR + -15.0
None
(1, 15, 1, 4, 1, 1)
caused INR: -21.1636135056549
Iteration number 74
TpsAltruisticFromLsfGain + IndividualEstimated_INR + -10.0
None
ls_gain_coeffs:
[-145.08325677 -136.53549965 -141.69097891 -146.35170723 -134.1695086
 -103.06361502 -142.31146543 -138.49584996 -145.77753601 -152.92312423
 -140.555576   -129.01348417 -147.38029117 -136.33867235 -118.05942758]
inrs_hat:  [-34.09355672 -25.54579961 -30.70127887 -35.36200718 -23.17980855
   7.92608503 -31.32176538 -27.50614992 -34.78783597 -41.93342418
 -29.56587596 -18.02378413 -36.39059112 -25.34897231  -7.06972754]
scheduled_ues:  [ 0  1  2  3  4  6  7  8  9 10 11 12 13]
(1, 15, 1, 4, 1, 1)
caused INR: -16.376627915642302
TpsAltruisticFromLsfGain + IndividualEstimated_INR + -12.5
None
ls_gain_coeffs:
[-145.08325677 -136.53549965 -141.69097891 -146.35170723 -134.1695086
 -103.06361502 -142.31146543 -138.49584996 -145.77753601 -152.92312423
 -140.555576   -129.01348417 -147.38029117 -136.33867235 -118.05942758]
inrs_hat:  [-34.09355672 -25.54579961 -30.70127887 -35.36200718 -23.17980855
   7.92608503 -31.32176538 -27.50614992 -34.78783597 -41.93342418
 -29.56587596 -18.02378413 -36.39059112 -25.34897231  -7.06972754]
scheduled_ues:  [ 0  1  2  3  4  6  7  8  9 10 11 12 13]
(1, 15, 1, 4, 1, 1)
caused INR: -16.376627915642302
TpsAltruisticFromLsfGain + IndividualEstimated_INR + -15.0
None
ls_gain_coeffs:
[-145.08325677 -136.53549965 -141.69097891 -146.35170723 -134.1695086
 -103.06361502 -142.31146543 -138.49584996 -145.77753601 -152.92312423
 -140.555576   -129.01348417 -147.38029117 -136.33867235 -118.05942758]
inrs_hat:  [-34.09355672 -25.54579961 -30.70127887 -35.36200718 -23.17980855
   7.92608503 -31.32176538 -27.50614992 -34.78783597 -41.93342418
 -29.56587596 -18.02378413 -36.39059112 -25.34897231  -7.06972754]
scheduled_ues:  [ 0  1  2  3  4  6  7  8  9 10 11 12 13]
(1, 15, 1, 4, 1, 1)
caused INR: -16.376627915642302
TpsAltruisticFromLsfGain + CumulativeIndividualEstimated_INR + -10.0
None
(1, 15, 1, 4, 1, 1)
caused INR: -16.376627915642302
TpsAltruisticFromLsfGain + CumulativeIndividualEstimated_INR + -12.5
None
(1, 15, 1, 4, 1, 1)
caused INR: -16.376627915642302
TpsAltruisticFromLsfGain + CumulativeIndividualEstimated_INR + -15.0
None
(1, 15, 1, 4, 1, 1)
caused INR: -17.897944491505292
TpsRandomic + IndividualEstimated_INR + -10.0
None
ls_gain_coeffs:
[-145.08325677 -136.53549965 -141.69097891 -146.35170723 -134.1695086
  -88.97771309 -128.81024767 -138.49584996 -128.93859447 -136.38458322
 -140.555576   -129.01348417 -134.65990723 -123.47852776 -103.45995697]
inrs_hat:  [-34.09355672 -25.54579961 -30.70127887 -35.36200718 -23.17980855
  22.01198695 -17.82054763 -27.50614992 -17.94889443 -25.39488318
 -29.56587596 -18.02378413 -23.67020719 -12.48882772   7.52974307]
scheduled_ues:  [ 0  1  2  3  4  6  7  8  9 10 11 12 13]
(1, 15, 1, 4, 1, 1)
caused INR: -20.713584635126097
TpsRandomic + IndividualEstimated_INR + -12.5
None
ls_gain_coeffs:
[-145.08325677 -136.53549965 -128.41024282 -130.17143131 -134.1695086
  -87.33341117 -129.34005655 -124.93161273 -145.77753601 -145.05981948
 -123.74585679 -114.92649363 -134.65990723 -128.57518085 -118.05942758]
inrs_hat:  [-34.09355672 -25.54579961 -17.42054277 -19.18173126 -23.17980855
  23.65628888 -18.35035651 -13.94191269 -34.78783597 -34.07011944
 -12.75615674  -3.93679359 -23.67020719 -17.58548081  -7.06972754]
scheduled_ues:  [ 0  1  2  3  4  6  7  8  9 10 12 13]
(1, 15, 1, 4, 1, 1)
caused INR: -4.563277230465073
TpsRandomic + IndividualEstimated_INR + -15.0
None
ls_gain_coeffs:
[-145.08325677 -136.53549965 -125.38474813 -130.17143131 -134.1695086
  -98.13070924 -142.31146543 -130.60581737 -135.98888896 -136.38458322
 -127.56710403 -115.7491889  -146.54393936 -128.57518085 -118.05942758]
inrs_hat:  [-34.09355672 -25.54579961 -14.39504809 -19.18173126 -23.17980855
  12.8589908  -31.32176538 -19.61611733 -24.99918892 -25.39488318
 -16.57740399  -4.75948886 -35.55423932 -17.58548081  -7.06972754]
scheduled_ues:  [ 0  1  3  4  6  7  8  9 10 12 13]
(1, 15, 1, 4, 1, 1)
caused INR: -7.419243718986499
TpsRandomic + CumulativeIndividualEstimated_INR + -10.0
None
(1, 15, 1, 4, 1, 1)
caused INR: -15.004300376596813
TpsRandomic + CumulativeIndividualEstimated_INR + -12.5
None
(1, 15, 1, 4, 1, 1)
caused INR: -16.896392495028806
TpsRandomic + CumulativeIndividualEstimated_INR + -15.0
None
(1, 15, 1, 4, 1, 1)
caused INR: -16.96170327649631
Iteration number 75
TpsAltruisticFromLsfGain + IndividualEstimated_INR + -10.0
None
ls_gain_coeffs:
[-140.8172939  -136.32652368 -132.6823024  -138.84116285 -131.17161577
 -147.96816692 -122.18038296 -135.67486034 -134.05605678 -148.2007366
 -133.5283722  -137.71521997 -140.44734206 -150.71747506 -135.24548815]
inrs_hat:  [-29.82759386 -25.33682364 -21.69260235 -27.8514628  -20.18191573
 -36.97846688 -11.19068292 -24.6851603  -23.06635674 -37.21103655
 -22.53867216 -26.72551992 -29.45764201 -39.72777501 -24.2557881 ]
scheduled_ues:  [ 0  1  2  3  4  5  6  7  8  9 10 11 12 13 14]
(1, 15, 1, 4, 1, 1)
caused INR: -10.010301904313113
TpsAltruisticFromLsfGain + IndividualEstimated_INR + -12.5
None
ls_gain_coeffs:
[-140.8172939  -136.32652368 -132.6823024  -138.84116285 -131.17161577
 -147.96816692 -122.18038296 -135.67486034 -134.05605678 -148.2007366
 -133.5283722  -137.71521997 -140.44734206 -150.71747506 -135.24548815]
inrs_hat:  [-29.82759386 -25.33682364 -21.69260235 -27.8514628  -20.18191573
 -36.97846688 -11.19068292 -24.6851603  -23.06635674 -37.21103655
 -22.53867216 -26.72551992 -29.45764201 -39.72777501 -24.2557881 ]
scheduled_ues:  [ 0  1  2  3  4  5  7  8  9 10 11 12 13 14]
(1, 15, 1, 4, 1, 1)
caused INR: -18.622382565967456
TpsAltruisticFromLsfGain + IndividualEstimated_INR + -15.0
None
ls_gain_coeffs:
[-140.8172939  -136.32652368 -132.6823024  -138.84116285 -131.17161577
 -147.96816692 -122.18038296 -135.67486034 -134.05605678 -148.2007366
 -133.5283722  -137.71521997 -140.44734206 -150.71747506 -135.24548815]
inrs_hat:  [-29.82759386 -25.33682364 -21.69260235 -27.8514628  -20.18191573
 -36.97846688 -11.19068292 -24.6851603  -23.06635674 -37.21103655
 -22.53867216 -26.72551992 -29.45764201 -39.72777501 -24.2557881 ]
scheduled_ues:  [ 0  1  2  3  4  5  7  8  9 10 11 12 13 14]
(1, 15, 1, 4, 1, 1)
caused INR: -18.622382565967456
TpsAltruisticFromLsfGain + CumulativeIndividualEstimated_INR + -10.0
None
(1, 15, 1, 4, 1, 1)
caused INR: -18.622382565967456
TpsAltruisticFromLsfGain + CumulativeIndividualEstimated_INR + -12.5
None
(1, 15, 1, 4, 1, 1)
caused INR: -18.622382565967456
TpsAltruisticFromLsfGain + CumulativeIndividualEstimated_INR + -15.0
None
(1, 15, 1, 4, 1, 1)
caused INR: -18.40211870108542
TpsRandomic + IndividualEstimated_INR + -10.0
None
ls_gain_coeffs:
[-126.9938457  -130.36936796 -116.93384565 -138.84116285 -113.66418799
 -134.2751924  -112.21459105 -127.35615452 -127.6248187  -148.2007366
 -133.5283722  -121.01089806 -127.63601472 -145.57376334 -118.92154476]
inrs_hat:  [-16.00414566 -19.37966792  -5.94414561 -27.8514628   -2.67448794
 -23.28549235  -1.224891   -16.36645448 -16.63511866 -37.21103655
 -22.53867216 -10.02119802 -16.64631468 -34.5840633   -7.93184472]
scheduled_ues:  [ 0  1  3  5  7  8  9 10 11 12 13]
(1, 15, 1, 4, 1, 1)
caused INR: -8.968082583694981
TpsRandomic + IndividualEstimated_INR + -12.5
None
ls_gain_coeffs:
[-124.52316213 -122.40343993 -127.72201728 -125.50924615 -118.87836081
 -134.2751924  -122.18038296 -118.68098011 -127.6248187  -143.67371196
 -131.38541358 -128.40096462 -127.63601472 -145.57376334 -120.94900425]
inrs_hat:  [-13.53346209 -11.41373988 -16.73231723 -14.51954611  -7.88866076
 -23.28549235 -11.19068292  -7.69128006 -16.63511866 -32.68401192
 -20.39571354 -17.41126458 -16.64631468 -34.5840633   -9.95930421]
scheduled_ues:  [ 0  2  3  5  8  9 10 11 12 13]
(1, 15, 1, 4, 1, 1)
caused INR: -12.46929250967095
TpsRandomic + IndividualEstimated_INR + -15.0
None
ls_gain_coeffs:
[-126.9938457  -120.16560395 -132.6823024  -131.25661052 -120.89161517
 -131.74336915 -109.40843697 -122.44740569 -134.05605678 -143.67371196
 -119.65813312 -121.01089806 -139.33816005 -150.71747506 -120.94900425]
inrs_hat:  [-16.00414566  -9.1759039  -21.69260235 -20.26691048  -9.90191512
 -20.75366911   1.58126307 -11.45770565 -23.06635674 -32.68401192
  -8.66843308 -10.02119802 -28.34846    -39.72777501  -9.95930421]
scheduled_ues:  [ 0  2  3  5  8  9 12 13]
(1, 15, 1, 4, 1, 1)
caused INR: -9.035948990852932
TpsRandomic + CumulativeIndividualEstimated_INR + -10.0
None
(1, 15, 1, 4, 1, 1)
caused INR: -9.35197928112769
TpsRandomic + CumulativeIndividualEstimated_INR + -12.5
None
(1, 15, 1, 4, 1, 1)
caused INR: -19.553517089297184
TpsRandomic + CumulativeIndividualEstimated_INR + -15.0
None
(1, 15, 1, 4, 1, 1)
caused INR: -22.695815452855083
Iteration number 76
TpsAltruisticFromLsfGain + IndividualEstimated_INR + -10.0
None
ls_gain_coeffs:
[-143.49701837 -141.01307057 -136.31658108 -150.33615207 -144.52155125
 -124.98594517 -127.41494773 -146.76450014 -127.25728529 -115.79146842
 -137.03270949 -134.83909239 -131.06982795 -124.29460205 -149.74564067]
inrs_hat:  [-32.50731833 -30.02337053 -25.32688104 -39.34645203 -33.53185121
 -13.99624513 -16.42524769 -35.7748001  -16.26758525  -4.80176837
 -26.04300945 -23.84939234 -20.0801279  -13.304902   -38.75594063]
scheduled_ues:  [ 0  1  2  3  4  5  6  7  8 10 11 12 13 14]
(1, 15, 1, 4, 1, 1)
caused INR: -7.485634060741273
TpsAltruisticFromLsfGain + IndividualEstimated_INR + -12.5
None
ls_gain_coeffs:
[-143.49701837 -141.01307057 -136.31658108 -150.33615207 -144.52155125
 -124.98594517 -127.41494773 -146.76450014 -127.25728529 -115.79146842
 -137.03270949 -134.83909239 -131.06982795 -124.29460205 -149.74564067]
inrs_hat:  [-32.50731833 -30.02337053 -25.32688104 -39.34645203 -33.53185121
 -13.99624513 -16.42524769 -35.7748001  -16.26758525  -4.80176837
 -26.04300945 -23.84939234 -20.0801279  -13.304902   -38.75594063]
scheduled_ues:  [ 0  1  2  3  4  5  6  7  8 10 11 12 13 14]
(1, 15, 1, 4, 1, 1)
caused INR: -7.485634060741273
TpsAltruisticFromLsfGain + IndividualEstimated_INR + -15.0
None
ls_gain_coeffs:
[-143.49701837 -141.01307057 -136.31658108 -150.33615207 -144.52155125
 -124.98594517 -127.41494773 -146.76450014 -127.25728529 -115.79146842
 -137.03270949 -134.83909239 -131.06982795 -124.29460205 -149.74564067]
inrs_hat:  [-32.50731833 -30.02337053 -25.32688104 -39.34645203 -33.53185121
 -13.99624513 -16.42524769 -35.7748001  -16.26758525  -4.80176837
 -26.04300945 -23.84939234 -20.0801279  -13.304902   -38.75594063]
scheduled_ues:  [ 0  1  2  3  4  6  7  8 10 11 12 14]
(1, 15, 1, 4, 1, 1)
caused INR: -11.905489671082485
TpsAltruisticFromLsfGain + CumulativeIndividualEstimated_INR + -10.0
None
(1, 15, 1, 4, 1, 1)
caused INR: -11.905489671082485
TpsAltruisticFromLsfGain + CumulativeIndividualEstimated_INR + -12.5
None
(1, 15, 1, 4, 1, 1)
caused INR: -9.498069712838193
TpsAltruisticFromLsfGain + CumulativeIndividualEstimated_INR + -15.0
None
(1, 15, 1, 4, 1, 1)
caused INR: -14.690278297895873
TpsRandomic + IndividualEstimated_INR + -10.0
None
ls_gain_coeffs:
[-134.46821921 -127.54722646 -124.55187694 -139.32089901 -144.52155125
 -124.98594517 -127.41494773 -129.87057044 -127.25728529 -103.26631497
 -137.03270949 -117.49517447 -122.64447351 -124.29460205 -142.14606116]
inrs_hat:  [-23.47851917 -16.55752641 -13.56217689 -28.33119897 -33.53185121
 -13.99624513 -16.42524769 -18.8808704  -16.26758525   7.72338507
 -26.04300945  -6.50547442 -11.65477347 -13.304902   -31.15636112]
scheduled_ues:  [ 0  1  2  3  4  5  6  7  8 10 12 13 14]
(1, 15, 1, 4, 1, 1)
caused INR: -11.68617518524373
TpsRandomic + IndividualEstimated_INR + -12.5
None
ls_gain_coeffs:
[-134.46821921 -124.40864786 -124.55187694 -140.29765804 -135.47601297
 -119.97738205 -127.41494773 -146.76450014 -127.25728529 -103.18276153
 -124.86993885 -117.49517447 -122.64447351 -124.29460205 -149.74564067]
inrs_hat:  [-23.47851917 -13.41894782 -13.56217689 -29.30795799 -24.48631293
  -8.98768201 -16.42524769 -35.7748001  -16.26758525   7.80693852
 -13.8802388   -6.50547442 -11.65477347 -13.304902   -38.75594063]
scheduled_ues:  [ 0  1  2  3  4  6  7  8 10 13 14]
(1, 15, 1, 4, 1, 1)
caused INR: -17.142790994930586
TpsRandomic + IndividualEstimated_INR + -15.0
None
ls_gain_coeffs:
[-143.49701837 -127.54722646 -124.55187694 -140.29765804 -135.47601297
 -109.20530309 -116.38374589 -146.76450014 -115.2264772  -103.18276153
 -127.35561478 -124.70783294 -118.34460836 -124.29460205 -133.29426964]
inrs_hat:  [-32.50731833 -16.55752641 -13.56217689 -29.30795799 -24.48631293
   1.78439695  -5.39404584 -35.7748001   -4.23677716   7.80693852
 -16.36591474 -13.7181329   -7.35490831 -13.304902   -22.30456959]
scheduled_ues:  [ 0  1  3  4  7 10 14]
(1, 15, 1, 4, 1, 1)
caused INR: -19.480081036692788
TpsRandomic + CumulativeIndividualEstimated_INR + -10.0
None
(1, 15, 1, 4, 1, 1)
caused INR: -8.161511176051695
TpsRandomic + CumulativeIndividualEstimated_INR + -12.5
None
(1, 15, 1, 4, 1, 1)
caused INR: -15.18807293190562
TpsRandomic + CumulativeIndividualEstimated_INR + -15.0
None
(1, 15, 1, 4, 1, 1)
caused INR: -28.390847736979133
Iteration number 77
TpsAltruisticFromLsfGain + IndividualEstimated_INR + -10.0
None
ls_gain_coeffs:
[-146.15189177 -128.24496304 -144.42368624 -145.17012442 -135.89138818
 -145.89950516 -137.74584298 -132.88661185 -132.50108766 -135.3440325
 -148.52929768 -139.22827187 -121.17529804 -144.50742412 -153.0605565 ]
inrs_hat:  [-35.16219173 -17.255263   -33.43398619 -34.18042438 -24.90168814
 -34.90980511 -26.75614293 -21.89691181 -21.51138761 -24.35433245
 -37.53959763 -28.23857183 -10.185598   -33.51772408 -42.07085645]
scheduled_ues:  [ 0  1  2  3  4  5  6  7  8  9 10 11 12 13 14]
(1, 15, 1, 4, 1, 1)
caused INR: 0.5227968377170422
TpsAltruisticFromLsfGain + IndividualEstimated_INR + -12.5
None
ls_gain_coeffs:
[-146.15189177 -128.24496304 -144.42368624 -145.17012442 -135.89138818
 -145.89950516 -137.74584298 -132.88661185 -132.50108766 -135.3440325
 -148.52929768 -139.22827187 -121.17529804 -144.50742412 -153.0605565 ]
inrs_hat:  [-35.16219173 -17.255263   -33.43398619 -34.18042438 -24.90168814
 -34.90980511 -26.75614293 -21.89691181 -21.51138761 -24.35433245
 -37.53959763 -28.23857183 -10.185598   -33.51772408 -42.07085645]
scheduled_ues:  [ 0  1  2  3  4  5  6  7  8  9 10 11 13 14]
(1, 15, 1, 4, 1, 1)
caused INR: -11.720558927820115
TpsAltruisticFromLsfGain + IndividualEstimated_INR + -15.0
None
ls_gain_coeffs:
[-146.15189177 -128.24496304 -144.42368624 -145.17012442 -135.89138818
 -145.89950516 -137.74584298 -132.88661185 -132.50108766 -135.3440325
 -148.52929768 -139.22827187 -121.17529804 -144.50742412 -153.0605565 ]
inrs_hat:  [-35.16219173 -17.255263   -33.43398619 -34.18042438 -24.90168814
 -34.90980511 -26.75614293 -21.89691181 -21.51138761 -24.35433245
 -37.53959763 -28.23857183 -10.185598   -33.51772408 -42.07085645]
scheduled_ues:  [ 0  1  2  3  4  5  6  7  8  9 10 11 13 14]
(1, 15, 1, 4, 1, 1)
caused INR: -11.720558927820115
TpsAltruisticFromLsfGain + CumulativeIndividualEstimated_INR + -10.0
None
(1, 15, 1, 4, 1, 1)
caused INR: -11.720558927820115
TpsAltruisticFromLsfGain + CumulativeIndividualEstimated_INR + -12.5
None
(1, 15, 1, 4, 1, 1)
caused INR: -11.720558927820115
TpsAltruisticFromLsfGain + CumulativeIndividualEstimated_INR + -15.0
None
(1, 15, 1, 4, 1, 1)
caused INR: -16.642158406261753
TpsRandomic + IndividualEstimated_INR + -10.0
None
ls_gain_coeffs:
[-132.06265717 -113.59767597 -144.42368624 -145.17012442 -122.98609743
 -138.58297299 -120.54043689 -116.0254158  -129.32487419 -135.3440325
 -132.08472231 -129.01516487 -108.10521905 -130.73093023 -144.60843881]
inrs_hat:  [-21.07295713  -2.60797593 -33.43398619 -34.18042438 -11.99639738
 -27.59327295  -9.55073685  -5.03571576 -18.33517415 -24.35433245
 -21.09502227 -18.02546483   2.88448099 -19.74123019 -33.61873876]
scheduled_ues:  [ 0  2  3  4  5  8  9 10 11 13 14]
(1, 15, 1, 4, 1, 1)
caused INR: -32.43765530090258
TpsRandomic + IndividualEstimated_INR + -12.5
None
ls_gain_coeffs:
[-141.20898797 -124.93643243 -144.42368624 -139.21966053 -128.02473823
 -132.74005279 -127.8301795  -132.88661185 -117.94201201 -118.31763364
 -135.22258432 -128.37523848 -111.57289108 -130.73093023 -140.71626645]
inrs_hat:  [-30.21928793 -13.94673239 -33.43398619 -28.22996048 -17.03503819
 -21.75035275 -16.84047946 -21.89691181  -6.95231197  -7.3279336
 -24.23288428 -17.38553843  -0.58319104 -19.74123019 -29.7265664 ]
scheduled_ues:  [ 0  1  2  3  4  5  6  7 10 11 13 14]
(1, 15, 1, 4, 1, 1)
caused INR: -23.830662388206136
TpsRandomic + IndividualEstimated_INR + -15.0
None
ls_gain_coeffs:
[-146.15189177 -114.70051951 -144.42368624 -131.26385224 -119.28461783
 -132.74005279 -120.54043689 -132.88661185 -129.32487419 -122.40527012
 -135.22258432 -139.22827187 -108.10521905 -137.87658624 -136.44155263]
inrs_hat:  [-35.16219173  -3.71081946 -33.43398619 -20.27415219  -8.29491779
 -21.75035275  -9.55073685 -21.89691181 -18.33517415 -11.41557007
 -24.23288428 -28.23857183   2.88448099 -26.88688619 -25.45185258]
scheduled_ues:  [ 0  2  3  5  7  8 10 11 13 14]
(1, 15, 1, 4, 1, 1)
caused INR: -12.982621907783251
TpsRandomic + CumulativeIndividualEstimated_INR + -10.0
None
(1, 15, 1, 4, 1, 1)
caused INR: -18.405983103508834
TpsRandomic + CumulativeIndividualEstimated_INR + -12.5
None
(1, 15, 1, 4, 1, 1)
caused INR: -19.20161808593831
TpsRandomic + CumulativeIndividualEstimated_INR + -15.0
None
(1, 15, 1, 4, 1, 1)
caused INR: -16.669001102987128
Iteration number 78
TpsAltruisticFromLsfGain + IndividualEstimated_INR + -10.0
None
ls_gain_coeffs:
[-144.23152625 -144.45627467 -134.46500206 -134.13058141 -146.74114619
 -128.49355952 -147.92521883 -136.0542707  -122.79605471 -125.48815129
 -146.86422344 -129.17198285 -146.61173994 -137.02923522 -139.6045635 ]
inrs_hat:  [-33.24182621 -33.46657463 -23.47530201 -23.14088137 -35.75144615
 -17.50385948 -36.93551879 -25.06457065 -11.80635466 -14.49845125
 -35.8745234  -18.18228281 -35.6220399  -26.03953517 -28.61486346]
scheduled_ues:  [ 0  1  2  3  4  5  6  7  8  9 10 11 12 13 14]
(1, 15, 1, 4, 1, 1)
caused INR: -9.627613940845055
TpsAltruisticFromLsfGain + IndividualEstimated_INR + -12.5
None
ls_gain_coeffs:
[-144.23152625 -144.45627467 -134.46500206 -134.13058141 -146.74114619
 -128.49355952 -147.92521883 -136.0542707  -122.79605471 -125.48815129
 -146.86422344 -129.17198285 -146.61173994 -137.02923522 -139.6045635 ]
inrs_hat:  [-33.24182621 -33.46657463 -23.47530201 -23.14088137 -35.75144615
 -17.50385948 -36.93551879 -25.06457065 -11.80635466 -14.49845125
 -35.8745234  -18.18228281 -35.6220399  -26.03953517 -28.61486346]
scheduled_ues:  [ 0  1  2  3  4  5  6  7  9 10 11 12 13 14]
(1, 15, 1, 4, 1, 1)
caused INR: -11.97351685564946
TpsAltruisticFromLsfGain + IndividualEstimated_INR + -15.0
None
ls_gain_coeffs:
[-144.23152625 -144.45627467 -134.46500206 -134.13058141 -146.74114619
 -128.49355952 -147.92521883 -136.0542707  -122.79605471 -125.48815129
 -146.86422344 -129.17198285 -146.61173994 -137.02923522 -139.6045635 ]
inrs_hat:  [-33.24182621 -33.46657463 -23.47530201 -23.14088137 -35.75144615
 -17.50385948 -36.93551879 -25.06457065 -11.80635466 -14.49845125
 -35.8745234  -18.18228281 -35.6220399  -26.03953517 -28.61486346]
scheduled_ues:  [ 0  1  2  3  4  5  6  7 10 11 12 13 14]
(1, 15, 1, 4, 1, 1)
caused INR: -16.194347255625317
TpsAltruisticFromLsfGain + CumulativeIndividualEstimated_INR + -10.0
None
(1, 15, 1, 4, 1, 1)
caused INR: -11.97351685564946
TpsAltruisticFromLsfGain + CumulativeIndividualEstimated_INR + -12.5
None
(1, 15, 1, 4, 1, 1)
caused INR: -16.194347255625317
TpsAltruisticFromLsfGain + CumulativeIndividualEstimated_INR + -15.0
None
(1, 15, 1, 4, 1, 1)
caused INR: -13.06293007621019
TpsRandomic + IndividualEstimated_INR + -10.0
None
ls_gain_coeffs:
[-139.09479242 -127.90555201 -120.24265361 -134.13058141 -145.51085362
 -111.92293228 -147.92521883 -136.0542707  -103.28220308 -106.85545074
 -133.80571825 -129.17198285 -145.23540091 -124.40132882 -133.37823184]
inrs_hat:  [-28.10509238 -16.91585196  -9.25295357 -23.14088137 -34.52115357
  -0.93323224 -36.93551879 -25.06457065   7.70749697   4.13424931
 -22.81601821 -18.18228281 -34.24570086 -13.41162878 -22.3885318 ]
scheduled_ues:  [ 0  1  3  4  6  7 10 11 12 13 14]
(1, 15, 1, 4, 1, 1)
caused INR: -10.007904967951857
TpsRandomic + IndividualEstimated_INR + -12.5
None
ls_gain_coeffs:
[-139.09479242 -144.45627467 -134.46500206 -134.13058141 -133.88944867
 -114.41791294 -133.78972675 -118.96405511 -122.79605471 -106.85545074
 -146.86422344 -129.17198285 -146.61173994 -128.19144166 -139.6045635 ]
inrs_hat:  [-28.10509238 -33.46657463 -23.47530201 -23.14088137 -22.89974862
  -3.42821289 -22.80002671  -7.97435507 -11.80635466   4.13424931
 -35.8745234  -18.18228281 -35.6220399  -17.20174162 -28.61486346]
scheduled_ues:  [ 0  1  2  3  4  6 10 11 12 13 14]
(1, 15, 1, 4, 1, 1)
caused INR: -15.330660118647534
TpsRandomic + IndividualEstimated_INR + -15.0
None
ls_gain_coeffs:
[-139.09479242 -127.90555201 -117.72574374 -134.13058141 -145.51085362
 -121.86955162 -131.76629877 -125.34780589 -109.56469418 -125.48815129
 -139.14278483 -118.43969657 -133.71136026 -137.02923522 -133.37823184]
inrs_hat:  [-28.10509238 -16.91585196  -6.7360437  -23.14088137 -34.52115357
 -10.87985158 -20.77659872 -14.35810584   1.42500587 -14.49845125
 -28.15308478  -7.44999653 -22.72166022 -26.03953517 -22.3885318 ]
scheduled_ues:  [ 0  1  3  4  6 10 12 13 14]
(1, 15, 1, 4, 1, 1)
caused INR: -14.11329289076165
TpsRandomic + CumulativeIndividualEstimated_INR + -10.0
None
(1, 15, 1, 4, 1, 1)
caused INR: -16.123028523880407
TpsRandomic + CumulativeIndividualEstimated_INR + -12.5
None
(1, 15, 1, 4, 1, 1)
caused INR: -14.776573550714236
TpsRandomic + CumulativeIndividualEstimated_INR + -15.0
None
(1, 15, 1, 4, 1, 1)
caused INR: -13.13143055047087
Iteration number 79
TpsAltruisticFromLsfGain + IndividualEstimated_INR + -10.0
None
ls_gain_coeffs:
[-147.03224407 -133.34903271 -128.24691023 -141.19484396 -149.03104411
 -141.06568348 -141.81595635 -143.56505172 -133.11442304 -129.74503368
 -123.62166905 -123.20646986 -143.8316054  -138.45053776 -137.78021655]
inrs_hat:  [-36.04254403 -22.35933267 -17.25721019 -30.20514391 -38.04134407
 -30.07598344 -30.8262563  -32.57535168 -22.12472299 -18.75533364
 -12.63196901 -12.21676982 -32.84190536 -27.46083772 -26.7905165 ]
scheduled_ues:  [ 0  1  2  3  4  5  6  7  8  9 10 11 12 13 14]
(1, 15, 1, 4, 1, 1)
caused INR: -5.326149983751984
TpsAltruisticFromLsfGain + IndividualEstimated_INR + -12.5
None
ls_gain_coeffs:
[-147.03224407 -133.34903271 -128.24691023 -141.19484396 -149.03104411
 -141.06568348 -141.81595635 -143.56505172 -133.11442304 -129.74503368
 -123.62166905 -123.20646986 -143.8316054  -138.45053776 -137.78021655]
inrs_hat:  [-36.04254403 -22.35933267 -17.25721019 -30.20514391 -38.04134407
 -30.07598344 -30.8262563  -32.57535168 -22.12472299 -18.75533364
 -12.63196901 -12.21676982 -32.84190536 -27.46083772 -26.7905165 ]
scheduled_ues:  [ 0  1  2  3  4  5  6  7  8  9 10 12 13 14]
(1, 15, 1, 4, 1, 1)
caused INR: -8.989457156774602
TpsAltruisticFromLsfGain + IndividualEstimated_INR + -15.0
None
ls_gain_coeffs:
[-147.03224407 -133.34903271 -128.24691023 -141.19484396 -149.03104411
 -141.06568348 -141.81595635 -143.56505172 -133.11442304 -129.74503368
 -123.62166905 -123.20646986 -143.8316054  -138.45053776 -137.78021655]
inrs_hat:  [-36.04254403 -22.35933267 -17.25721019 -30.20514391 -38.04134407
 -30.07598344 -30.8262563  -32.57535168 -22.12472299 -18.75533364
 -12.63196901 -12.21676982 -32.84190536 -27.46083772 -26.7905165 ]
scheduled_ues:  [ 0  1  2  3  4  5  6  7  8  9 12 13 14]
(1, 15, 1, 4, 1, 1)
caused INR: -13.706551320930716
TpsAltruisticFromLsfGain + CumulativeIndividualEstimated_INR + -10.0
None
(1, 15, 1, 4, 1, 1)
caused INR: -13.706551320930716
TpsAltruisticFromLsfGain + CumulativeIndividualEstimated_INR + -12.5
None
(1, 15, 1, 4, 1, 1)
caused INR: -13.706551320930716
TpsAltruisticFromLsfGain + CumulativeIndividualEstimated_INR + -15.0
None
(1, 15, 1, 4, 1, 1)
caused INR: -24.37362468320439
TpsRandomic + IndividualEstimated_INR + -10.0
None
ls_gain_coeffs:
[-135.69704896 -116.49659206 -115.3386536  -127.21068181 -149.03104411
 -139.95575563 -141.81595635 -143.56505172 -126.04876706 -129.74503368
 -115.04096737 -110.15941643 -142.96286862 -124.52063662 -121.09331614]
inrs_hat:  [-24.70734892  -5.50689202  -4.34895355 -16.22098176 -38.04134407
 -28.96605558 -30.8262563  -32.57535168 -15.05906701 -18.75533364
  -4.05126733   0.83028361 -31.97316858 -13.53093657 -10.10361609]
scheduled_ues:  [ 0  3  4  5  6  7  8  9 12 13 14]
(1, 15, 1, 4, 1, 1)
caused INR: -6.089839570406332
TpsRandomic + IndividualEstimated_INR + -12.5
None
ls_gain_coeffs:
[-137.02454392 -126.41736317 -120.01617303 -127.21068181 -148.38544271
 -127.88413158 -129.71800826 -126.72153792 -119.55384122 -115.51625219
 -115.04096737 -109.55396301 -130.81084755 -133.98563433 -137.78021655]
inrs_hat:  [-26.03484388 -15.42766313  -9.02647299 -16.22098176 -37.39574266
 -16.89443153 -18.72830822 -15.73183787  -8.56414118  -4.52655215
  -4.05126733   1.43573704 -19.8211475  -22.99593428 -26.7905165 ]
scheduled_ues:  [ 0  1  3  4  5  6  7 12 13 14]
(1, 15, 1, 4, 1, 1)
caused INR: -13.159929495580823
TpsRandomic + IndividualEstimated_INR + -15.0
None
ls_gain_coeffs:
[-130.13999644 -116.49659206 -120.01617303 -134.91791842 -136.37424364
 -139.95575563 -129.71800826 -131.87521687 -133.11442304 -127.06426145
 -123.62166905 -110.15941643 -143.8316054  -138.45053776 -126.30328696]
inrs_hat:  [-19.1502964   -5.50689202  -9.02647299 -23.92821837 -25.3845436
 -28.96605558 -18.72830822 -20.88551682 -22.12472299 -16.0745614
 -12.63196901   0.83028361 -32.84190536 -27.46083772 -15.31358692]
scheduled_ues:  [ 0  3  4  5  6  7  8  9 12 13 14]
(1, 15, 1, 4, 1, 1)
caused INR: -6.940112866645477
TpsRandomic + CumulativeIndividualEstimated_INR + -10.0
None
(1, 15, 1, 4, 1, 1)
caused INR: -7.846169495935468
TpsRandomic + CumulativeIndividualEstimated_INR + -12.5
None
(1, 15, 1, 4, 1, 1)
caused INR: -14.966034605893665
TpsRandomic + CumulativeIndividualEstimated_INR + -15.0
None
(1, 15, 1, 4, 1, 1)
caused INR: -19.271942629519316
Iteration number 80
TpsAltruisticFromLsfGain + IndividualEstimated_INR + -10.0
None
ls_gain_coeffs:
[-129.78073329 -146.33899448 -126.82000608 -135.53565698 -128.97339681
 -148.20072834 -148.07174102 -128.96999401 -146.48168897 -149.47216971
 -133.27323971 -136.06782342 -147.6083282  -126.55535389 -142.55225283]
inrs_hat:  [-18.79103325 -35.34929443 -15.83030603 -24.54595693 -17.98369676
 -37.2110283  -37.08204097 -17.98029396 -35.49198893 -38.48246967
 -22.28353967 -25.07812338 -36.61862816 -15.56565385 -31.56255278]
scheduled_ues:  [ 0  1  2  3  4  5  6  7  8  9 10 11 12 13 14]
(1, 15, 1, 4, 1, 1)
caused INR: -7.715390135724497
TpsAltruisticFromLsfGain + IndividualEstimated_INR + -12.5
None
ls_gain_coeffs:
[-129.78073329 -146.33899448 -126.82000608 -135.53565698 -128.97339681
 -148.20072834 -148.07174102 -128.96999401 -146.48168897 -149.47216971
 -133.27323971 -136.06782342 -147.6083282  -126.55535389 -142.55225283]
inrs_hat:  [-18.79103325 -35.34929443 -15.83030603 -24.54595693 -17.98369676
 -37.2110283  -37.08204097 -17.98029396 -35.49198893 -38.48246967
 -22.28353967 -25.07812338 -36.61862816 -15.56565385 -31.56255278]
scheduled_ues:  [ 0  1  2  3  4  5  6  7  8  9 10 11 12 13 14]
(1, 15, 1, 4, 1, 1)
caused INR: -7.715390135724497
TpsAltruisticFromLsfGain + IndividualEstimated_INR + -15.0
None
ls_gain_coeffs:
[-129.78073329 -146.33899448 -126.82000608 -135.53565698 -128.97339681
 -148.20072834 -148.07174102 -128.96999401 -146.48168897 -149.47216971
 -133.27323971 -136.06782342 -147.6083282  -126.55535389 -142.55225283]
inrs_hat:  [-18.79103325 -35.34929443 -15.83030603 -24.54595693 -17.98369676
 -37.2110283  -37.08204097 -17.98029396 -35.49198893 -38.48246967
 -22.28353967 -25.07812338 -36.61862816 -15.56565385 -31.56255278]
scheduled_ues:  [ 0  1  2  3  4  5  6  7  8  9 10 11 12 13 14]
(1, 15, 1, 4, 1, 1)
caused INR: -7.715390135724497
TpsAltruisticFromLsfGain + CumulativeIndividualEstimated_INR + -10.0
None
(1, 15, 1, 4, 1, 1)
caused INR: -13.709860253433725
TpsAltruisticFromLsfGain + CumulativeIndividualEstimated_INR + -12.5
None
(1, 15, 1, 4, 1, 1)
caused INR: -11.726401175312676
TpsAltruisticFromLsfGain + CumulativeIndividualEstimated_INR + -15.0
None
(1, 15, 1, 4, 1, 1)
caused INR: -17.51635260535387
TpsRandomic + IndividualEstimated_INR + -10.0
None
ls_gain_coeffs:
[-126.49429337 -137.3476986  -114.19870079 -118.21647976 -118.03404546
 -134.58278751 -133.19900307 -116.45723617 -132.54060024 -136.17914998
 -126.10358231 -118.76774272 -133.91280635 -126.55535389 -129.02109804]
inrs_hat:  [-15.50459332 -26.35799855  -3.20900075  -7.22677972  -7.04434542
 -23.59308746 -22.20930303  -5.46753612 -21.5509002  -25.18944994
 -15.11388227  -7.77804268 -22.9231063  -15.56565385 -18.031398  ]
scheduled_ues:  [ 0  1  5  6  8  9 10 12 13 14]
(1, 15, 1, 4, 1, 1)
caused INR: -28.56672779166921
TpsRandomic + IndividualEstimated_INR + -12.5
None
ls_gain_coeffs:
[-116.24365332 -137.3476986  -114.19870079 -135.53565698 -111.94748828
 -144.67170583 -134.41457205 -128.75652048 -146.48168897 -149.47216971
 -133.27323971 -136.06782342 -133.91280635 -116.53239971 -129.02109804]
inrs_hat:  [ -5.25395327 -26.35799855  -3.20900075 -24.54595693  -0.95778824
 -33.68200578 -23.424872   -17.76682044 -35.49198893 -38.48246967
 -22.28353967 -25.07812338 -22.9231063   -5.54269967 -18.031398  ]
scheduled_ues:  [ 1  3  5  6  7  8  9 10 11 12 14]
(1, 15, 1, 4, 1, 1)
caused INR: -18.52353718671501
TpsRandomic + IndividualEstimated_INR + -15.0
None
ls_gain_coeffs:
[-115.14817334 -137.3476986  -114.19870079 -124.70673787 -111.94748828
 -134.58278751 -134.41457205 -116.38607832 -132.54060024 -149.47216971
 -126.10358231 -125.57869281 -140.94706047 -116.53239971 -135.41513784]
inrs_hat:  [ -4.1584733  -26.35799855  -3.20900075 -13.71703782  -0.95778824
 -23.59308746 -23.424872    -5.39637828 -21.5509002  -38.48246967
 -15.11388227 -14.58899276 -29.95736042  -5.54269967 -24.42543779]
scheduled_ues:  [ 1  5  6  8  9 10 12 14]
(1, 15, 1, 4, 1, 1)
caused INR: -13.847418002568386
TpsRandomic + CumulativeIndividualEstimated_INR + -10.0
None
(1, 15, 1, 4, 1, 1)
caused INR: -13.8546799799417
TpsRandomic + CumulativeIndividualEstimated_INR + -12.5
None
(1, 15, 1, 4, 1, 1)
caused INR: -16.63658182194041
TpsRandomic + CumulativeIndividualEstimated_INR + -15.0
None
(1, 15, 1, 4, 1, 1)
caused INR: -21.42330559812045
Iteration number 81
TpsAltruisticFromLsfGain + IndividualEstimated_INR + -10.0
None
ls_gain_coeffs:
[-138.62569911 -137.91057571 -131.62430267 -137.96155825 -140.74822952
 -153.70586457 -132.28384686 -150.17143601 -140.91805857 -140.45052805
 -102.93147229 -135.22973779 -123.70604438 -146.72935358 -145.11962472]
inrs_hat:  [-27.63599907 -26.92087566 -20.63460263 -26.9718582  -29.75852948
 -42.71616452 -21.29414681 -39.18173597 -29.92835853 -29.46082801
   8.05822775 -24.24003775 -12.71634433 -35.73965354 -34.12992468]
scheduled_ues:  [ 0  1  2  3  4  5  6  7  8  9 11 12 13 14]
(1, 15, 1, 4, 1, 1)
caused INR: -11.08748904171307
TpsAltruisticFromLsfGain + IndividualEstimated_INR + -12.5
None
ls_gain_coeffs:
[-138.62569911 -137.91057571 -131.62430267 -137.96155825 -140.74822952
 -153.70586457 -132.28384686 -150.17143601 -140.91805857 -140.45052805
 -102.93147229 -135.22973779 -123.70604438 -146.72935358 -145.11962472]
inrs_hat:  [-27.63599907 -26.92087566 -20.63460263 -26.9718582  -29.75852948
 -42.71616452 -21.29414681 -39.18173597 -29.92835853 -29.46082801
   8.05822775 -24.24003775 -12.71634433 -35.73965354 -34.12992468]
scheduled_ues:  [ 0  1  2  3  4  5  6  7  8  9 11 12 13 14]
(1, 15, 1, 4, 1, 1)
caused INR: -11.08748904171307
TpsAltruisticFromLsfGain + IndividualEstimated_INR + -15.0
None
ls_gain_coeffs:
[-138.62569911 -137.91057571 -131.62430267 -137.96155825 -140.74822952
 -153.70586457 -132.28384686 -150.17143601 -140.91805857 -140.45052805
 -102.93147229 -135.22973779 -123.70604438 -146.72935358 -145.11962472]
inrs_hat:  [-27.63599907 -26.92087566 -20.63460263 -26.9718582  -29.75852948
 -42.71616452 -21.29414681 -39.18173597 -29.92835853 -29.46082801
   8.05822775 -24.24003775 -12.71634433 -35.73965354 -34.12992468]
scheduled_ues:  [ 0  1  2  3  4  5  6  7  8  9 11 13 14]
(1, 15, 1, 4, 1, 1)
caused INR: -14.14314367317034
TpsAltruisticFromLsfGain + CumulativeIndividualEstimated_INR + -10.0
None
(1, 15, 1, 4, 1, 1)
caused INR: -11.08748904171307
TpsAltruisticFromLsfGain + CumulativeIndividualEstimated_INR + -12.5
None
(1, 15, 1, 4, 1, 1)
caused INR: -14.14314367317034
TpsAltruisticFromLsfGain + CumulativeIndividualEstimated_INR + -15.0
None
(1, 15, 1, 4, 1, 1)
caused INR: -14.14314367317034
TpsRandomic + IndividualEstimated_INR + -10.0
None
ls_gain_coeffs:
[-138.62569911 -126.84410691 -118.21277143 -125.22880672 -129.25167579
 -141.07680587 -132.28384686 -139.80480963 -140.91805857 -140.45052805
 -102.93147229 -135.22973779 -109.34239685 -133.57884393 -128.25662218]
inrs_hat:  [-27.63599907 -15.85440687  -7.22307138 -14.23910668 -18.26197575
 -30.08710582 -21.29414681 -28.81510958 -29.92835853 -29.46082801
   8.05822775 -24.24003775   1.64730319 -22.58914389 -17.26692214]
scheduled_ues:  [ 0  1  3  4  5  6  7  8  9 11 13 14]
(1, 15, 1, 4, 1, 1)
caused INR: -9.873549325555626
TpsRandomic + IndividualEstimated_INR + -12.5
None
ls_gain_coeffs:
[-122.79956666 -120.80162096 -118.21277143 -129.08001227 -140.74822952
 -145.92890204 -114.80922559 -139.80480963 -128.08896315 -131.2828377
  -86.60357386 -135.22973779 -109.34239685 -146.72935358 -135.12322558]
inrs_hat:  [-11.80986661  -9.81192092  -7.22307138 -18.09031222 -29.75852948
 -34.939202    -3.81952555 -28.81510958 -17.0992631  -20.29313766
  24.38612618 -24.24003775   1.64730319 -35.73965354 -24.13352554]
scheduled_ues:  [ 3  4  5  7  8  9 11 13 14]
(1, 15, 1, 4, 1, 1)
caused INR: -14.378971914691318
TpsRandomic + IndividualEstimated_INR + -15.0
None
ls_gain_coeffs:
[-138.62569911 -127.20073501 -114.40499795 -125.22880672 -130.94191388
 -145.92890204 -119.17646507 -139.80480963 -128.28271086 -123.37358501
  -89.61926366 -121.3971086  -106.88510291 -146.72935358 -133.83161878]
inrs_hat:  [-27.63599907 -16.21103496  -3.41529791 -14.23910668 -19.95221384
 -34.939202    -8.18676503 -28.81510958 -17.29301082 -12.38388497
  21.37043639 -10.40740856   4.10459713 -35.73965354 -22.84191874]
scheduled_ues:  [ 0  1  4  5  7  8 13 14]
(1, 15, 1, 4, 1, 1)
caused INR: -17.857114909092292
TpsRandomic + CumulativeIndividualEstimated_INR + -10.0
None
(1, 15, 1, 4, 1, 1)
caused INR: -11.311661544407293
TpsRandomic + CumulativeIndividualEstimated_INR + -12.5
None
(1, 15, 1, 4, 1, 1)
caused INR: -22.731910472103863
TpsRandomic + CumulativeIndividualEstimated_INR + -15.0
None
(1, 15, 1, 4, 1, 1)
caused INR: -11.746131071555084
Iteration number 82
TpsAltruisticFromLsfGain + IndividualEstimated_INR + -10.0
None
ls_gain_coeffs:
[-145.84530384 -142.739209   -126.50585716 -146.17625041 -139.9467414
 -141.03806346 -147.20543151 -131.4495244  -147.98592053 -146.48771367
 -144.92739744 -149.15253034 -155.75134072 -129.82524637 -134.46014908]
inrs_hat:  [-34.85560379 -31.74950896 -15.51615712 -35.18655037 -28.95704135
 -30.04836341 -36.21573147 -20.45982435 -36.99622049 -35.49801362
 -33.9376974  -38.1628303  -44.76164068 -18.83554633 -23.47044904]
scheduled_ues:  [ 0  1  2  3  4  5  6  7  8  9 10 11 12 13 14]
(1, 15, 1, 4, 1, 1)
caused INR: -21.387447726798033
TpsAltruisticFromLsfGain + IndividualEstimated_INR + -12.5
None
ls_gain_coeffs:
[-145.84530384 -142.739209   -126.50585716 -146.17625041 -139.9467414
 -141.03806346 -147.20543151 -131.4495244  -147.98592053 -146.48771367
 -144.92739744 -149.15253034 -155.75134072 -129.82524637 -134.46014908]
inrs_hat:  [-34.85560379 -31.74950896 -15.51615712 -35.18655037 -28.95704135
 -30.04836341 -36.21573147 -20.45982435 -36.99622049 -35.49801362
 -33.9376974  -38.1628303  -44.76164068 -18.83554633 -23.47044904]
scheduled_ues:  [ 0  1  2  3  4  5  6  7  8  9 10 11 12 13 14]
(1, 15, 1, 4, 1, 1)
caused INR: -21.387447726798033
TpsAltruisticFromLsfGain + IndividualEstimated_INR + -15.0
None
ls_gain_coeffs:
[-145.84530384 -142.739209   -126.50585716 -146.17625041 -139.9467414
 -141.03806346 -147.20543151 -131.4495244  -147.98592053 -146.48771367
 -144.92739744 -149.15253034 -155.75134072 -129.82524637 -134.46014908]
inrs_hat:  [-34.85560379 -31.74950896 -15.51615712 -35.18655037 -28.95704135
 -30.04836341 -36.21573147 -20.45982435 -36.99622049 -35.49801362
 -33.9376974  -38.1628303  -44.76164068 -18.83554633 -23.47044904]
scheduled_ues:  [ 0  1  2  3  4  5  6  7  8  9 10 11 12 13 14]
(1, 15, 1, 4, 1, 1)
caused INR: -21.387447726798033
TpsAltruisticFromLsfGain + CumulativeIndividualEstimated_INR + -10.0
None
(1, 15, 1, 4, 1, 1)
caused INR: -21.387447726798033
TpsAltruisticFromLsfGain + CumulativeIndividualEstimated_INR + -12.5
None
(1, 15, 1, 4, 1, 1)
caused INR: -17.047171262545547
TpsAltruisticFromLsfGain + CumulativeIndividualEstimated_INR + -15.0
None
(1, 15, 1, 4, 1, 1)
caused INR: -17.047171262545547
TpsRandomic + IndividualEstimated_INR + -10.0
None
ls_gain_coeffs:
[-139.4251882  -142.739209   -122.36597532 -129.4392236  -125.72119251
 -127.64889295 -147.20543151 -123.43173384 -147.818422   -129.60499172
 -128.51480044 -132.36951015 -143.36371986 -129.82524637 -117.25104871]
inrs_hat:  [-28.43548815 -31.74950896 -11.37627528 -18.44952356 -14.73149247
 -16.65919291 -36.21573147 -12.4420338  -36.82872195 -18.61529168
 -17.5251004  -21.37981011 -32.37401981 -18.83554633  -6.26134866]
scheduled_ues:  [ 0  1  2  3  4  5  6  7  8  9 10 11 12 13]
(1, 15, 1, 4, 1, 1)
caused INR: -6.25321373393885
TpsRandomic + IndividualEstimated_INR + -12.5
None
ls_gain_coeffs:
[-132.17651844 -135.78888226 -122.36597532 -129.4392236  -133.8949527
 -141.03806346 -138.38482977 -123.43173384 -135.43265484 -129.60499172
 -131.50562344 -139.24121716 -139.2789481  -117.8902515  -117.25104871]
inrs_hat:  [-21.1868184  -24.79918222 -11.37627528 -18.44952356 -22.90525265
 -30.04836341 -27.39512973 -12.4420338  -24.4429548  -18.61529168
 -20.51592339 -28.25151711 -28.28924806  -6.90055145  -6.26134866]
scheduled_ues:  [ 0  1  3  4  5  6  8  9 10 11 12]
(1, 15, 1, 4, 1, 1)
caused INR: -13.727977984509536
TpsRandomic + IndividualEstimated_INR + -15.0
None
ls_gain_coeffs:
[-132.17651844 -129.22686082 -111.30433594 -129.4392236  -139.9467414
 -127.64889295 -147.20543151 -123.43173384 -135.48848769 -135.5147494
 -137.96557744 -132.36951015 -155.75134072 -117.8902515  -134.46014908]
inrs_hat:  [-21.1868184  -18.23716078  -0.31463589 -18.44952356 -28.95704135
 -16.65919291 -36.21573147 -12.4420338  -24.49878764 -24.52504935
 -26.9758774  -21.37981011 -44.76164068  -6.90055145 -23.47044904]
scheduled_ues:  [ 0  1  3  4  5  6  8  9 10 11 12 14]
(1, 15, 1, 4, 1, 1)
caused INR: -8.796897775176868
TpsRandomic + CumulativeIndividualEstimated_INR + -10.0
None
(1, 15, 1, 4, 1, 1)
caused INR: -4.953249649521403
TpsRandomic + CumulativeIndividualEstimated_INR + -12.5
None
(1, 15, 1, 4, 1, 1)
caused INR: -18.219084781427078
TpsRandomic + CumulativeIndividualEstimated_INR + -15.0
None
(1, 15, 1, 4, 1, 1)
caused INR: -25.683938356680702
Iteration number 83
TpsAltruisticFromLsfGain + IndividualEstimated_INR + -10.0
None
ls_gain_coeffs:
[-130.44705165 -149.48362876 -133.13245455 -146.01093441 -137.58513003
 -139.60540611 -130.27637246 -126.8818872  -136.95145902 -150.49304994
 -148.17971776 -140.78936804 -143.85808719 -127.56664971 -133.98164505]
inrs_hat:  [-19.4573516  -38.49392872 -22.14275451 -35.02123437 -26.59542998
 -28.61570607 -19.28667242 -15.89218716 -25.96175898 -39.5033499
 -37.19001772 -29.799668   -32.86838715 -16.57694966 -22.99194501]
scheduled_ues:  [ 0  1  2  3  4  5  6  7  8  9 10 11 12 13 14]
(1, 15, 1, 4, 1, 1)
caused INR: -11.347064012509101
TpsAltruisticFromLsfGain + IndividualEstimated_INR + -12.5
None
ls_gain_coeffs:
[-130.44705165 -149.48362876 -133.13245455 -146.01093441 -137.58513003
 -139.60540611 -130.27637246 -126.8818872  -136.95145902 -150.49304994
 -148.17971776 -140.78936804 -143.85808719 -127.56664971 -133.98164505]
inrs_hat:  [-19.4573516  -38.49392872 -22.14275451 -35.02123437 -26.59542998
 -28.61570607 -19.28667242 -15.89218716 -25.96175898 -39.5033499
 -37.19001772 -29.799668   -32.86838715 -16.57694966 -22.99194501]
scheduled_ues:  [ 0  1  2  3  4  5  6  7  8  9 10 11 12 13 14]
(1, 15, 1, 4, 1, 1)
caused INR: -11.347064012509101
TpsAltruisticFromLsfGain + IndividualEstimated_INR + -15.0
None
ls_gain_coeffs:
[-130.44705165 -149.48362876 -133.13245455 -146.01093441 -137.58513003
 -139.60540611 -130.27637246 -126.8818872  -136.95145902 -150.49304994
 -148.17971776 -140.78936804 -143.85808719 -127.56664971 -133.98164505]
inrs_hat:  [-19.4573516  -38.49392872 -22.14275451 -35.02123437 -26.59542998
 -28.61570607 -19.28667242 -15.89218716 -25.96175898 -39.5033499
 -37.19001772 -29.799668   -32.86838715 -16.57694966 -22.99194501]
scheduled_ues:  [ 0  1  2  3  4  5  6  7  8  9 10 11 12 13 14]
(1, 15, 1, 4, 1, 1)
caused INR: -11.347064012509101
TpsAltruisticFromLsfGain + CumulativeIndividualEstimated_INR + -10.0
None
(1, 15, 1, 4, 1, 1)
caused INR: -11.347064012509101
TpsAltruisticFromLsfGain + CumulativeIndividualEstimated_INR + -12.5
None
(1, 15, 1, 4, 1, 1)
caused INR: -11.129199314894695
TpsAltruisticFromLsfGain + CumulativeIndividualEstimated_INR + -15.0
None
(1, 15, 1, 4, 1, 1)
caused INR: -15.850255970534677
TpsRandomic + IndividualEstimated_INR + -10.0
None
ls_gain_coeffs:
[-116.18657109 -139.99309428 -133.13245455 -133.45463765 -137.58513003
 -127.41331539 -114.12110085 -113.82676549 -136.95145902 -133.76595476
 -134.64282587 -130.10491113 -129.63154548 -115.11804557 -126.35848088]
inrs_hat:  [ -5.19687104 -29.00339423 -22.14275451 -22.4649376  -26.59542998
 -16.42361535  -3.13140081  -2.83706545 -25.96175898 -22.77625471
 -23.65312583 -19.11521109 -18.64184544  -4.12834553 -15.36878084]
scheduled_ues:  [ 1  2  3  4  5  8  9 10 11 12 14]
(1, 15, 1, 4, 1, 1)
caused INR: -9.17845456574303
TpsRandomic + IndividualEstimated_INR + -12.5
None
ls_gain_coeffs:
[-130.44705165 -149.48362876 -119.70467538 -146.01093441 -130.45822568
 -127.41331539 -130.27637246 -118.81037295 -136.37254353 -133.76595476
 -148.17971776 -129.89568637 -130.52401634 -118.75799879 -117.05103792]
inrs_hat:  [-19.4573516  -38.49392872  -8.71497534 -35.02123437 -19.46852563
 -16.42361535 -19.28667242  -7.8206729  -25.38284349 -22.77625471
 -37.19001772 -18.90598633 -19.53431629  -7.76829875  -6.06133787]
scheduled_ues:  [ 0  1  3  4  5  6  8  9 10 11 12]
(1, 15, 1, 4, 1, 1)
caused INR: -17.880003941286077
TpsRandomic + IndividualEstimated_INR + -15.0
None
ls_gain_coeffs:
[-124.99040996 -149.48362876 -125.20229924 -129.38890264 -121.22734546
 -127.41331539 -124.67595751 -118.81037295 -124.12391536 -138.9069004
 -133.54753398 -129.89568637 -130.52401634 -127.56664971 -117.05103792]
inrs_hat:  [-14.00070992 -38.49392872 -14.2125992  -18.3992026  -10.23764541
 -16.42361535 -13.68625746  -7.8206729  -13.13421532 -27.91720036
 -22.55783394 -18.90598633 -19.53431629 -16.57694966  -6.06133787]
scheduled_ues:  [ 1  3  5  9 10 11 12 13]
(1, 15, 1, 4, 1, 1)
caused INR: -13.7388457264787
TpsRandomic + CumulativeIndividualEstimated_INR + -10.0
None
(1, 15, 1, 4, 1, 1)
caused INR: -5.176726687975542
TpsRandomic + CumulativeIndividualEstimated_INR + -12.5
None
(1, 15, 1, 4, 1, 1)
caused INR: -13.612610624814307
TpsRandomic + CumulativeIndividualEstimated_INR + -15.0
None
(1, 15, 1, 4, 1, 1)
caused INR: -22.606384365873037
Iteration number 84
TpsAltruisticFromLsfGain + IndividualEstimated_INR + -10.0
None
ls_gain_coeffs:
[-140.87461999 -135.1874137  -143.21863285 -153.64706653 -147.149144
 -145.43148184 -122.61659396 -130.90495158 -129.4413124  -133.11091893
 -149.31874774 -123.112283   -144.84186016 -136.01892423 -145.59355035]
inrs_hat:  [-29.88491994 -24.19771365 -32.22893281 -42.65736649 -36.15944395
 -34.4417818  -11.62689391 -19.91525154 -18.45161236 -22.12121889
 -38.3290477  -12.12258296 -33.85216011 -25.02922419 -34.6038503 ]
scheduled_ues:  [ 0  1  2  3  4  5  6  7  8  9 10 11 12 13 14]
(1, 15, 1, 4, 1, 1)
caused INR: -4.610678202460709
TpsAltruisticFromLsfGain + IndividualEstimated_INR + -12.5
None
ls_gain_coeffs:
[-140.87461999 -135.1874137  -143.21863285 -153.64706653 -147.149144
 -145.43148184 -122.61659396 -130.90495158 -129.4413124  -133.11091893
 -149.31874774 -123.112283   -144.84186016 -136.01892423 -145.59355035]
inrs_hat:  [-29.88491994 -24.19771365 -32.22893281 -42.65736649 -36.15944395
 -34.4417818  -11.62689391 -19.91525154 -18.45161236 -22.12121889
 -38.3290477  -12.12258296 -33.85216011 -25.02922419 -34.6038503 ]
scheduled_ues:  [ 0  1  2  3  4  5  7  8  9 10 12 13 14]
(1, 15, 1, 4, 1, 1)
caused INR: -10.980139546999897
TpsAltruisticFromLsfGain + IndividualEstimated_INR + -15.0
None
ls_gain_coeffs:
[-140.87461999 -135.1874137  -143.21863285 -153.64706653 -147.149144
 -145.43148184 -122.61659396 -130.90495158 -129.4413124  -133.11091893
 -149.31874774 -123.112283   -144.84186016 -136.01892423 -145.59355035]
inrs_hat:  [-29.88491994 -24.19771365 -32.22893281 -42.65736649 -36.15944395
 -34.4417818  -11.62689391 -19.91525154 -18.45161236 -22.12121889
 -38.3290477  -12.12258296 -33.85216011 -25.02922419 -34.6038503 ]
scheduled_ues:  [ 0  1  2  3  4  5  7  8  9 10 12 13 14]
(1, 15, 1, 4, 1, 1)
caused INR: -10.980139546999897
TpsAltruisticFromLsfGain + CumulativeIndividualEstimated_INR + -10.0
None
(1, 15, 1, 4, 1, 1)
caused INR: -10.980139546999897
TpsAltruisticFromLsfGain + CumulativeIndividualEstimated_INR + -12.5
None
(1, 15, 1, 4, 1, 1)
caused INR: -10.980139546999897
TpsAltruisticFromLsfGain + CumulativeIndividualEstimated_INR + -15.0
None
(1, 15, 1, 4, 1, 1)
caused INR: -11.871646821095354
TpsRandomic + IndividualEstimated_INR + -10.0
None
ls_gain_coeffs:
[-123.69342016 -121.36140271 -130.43838894 -153.64706653 -130.81598254
 -144.85625065 -105.47348424 -116.06832353 -114.58074189 -125.62735402
 -135.47241882 -123.112283   -141.30848958 -136.01892423 -132.53765982]
inrs_hat:  [-12.70372012 -10.37170266 -19.4486889  -42.65736649 -19.8262825
 -33.86655061   5.51621581  -5.07862348  -3.59104185 -14.63765398
 -24.48271878 -12.12258296 -30.31878954 -25.02922419 -21.54795978]
scheduled_ues:  [ 0  1  2  3  4  5  9 10 11 12 13 14]
(1, 15, 1, 4, 1, 1)
caused INR: -23.537523826628572
TpsRandomic + IndividualEstimated_INR + -12.5
None
ls_gain_coeffs:
[-123.69342016 -127.40538064 -130.43838894 -153.64706653 -130.81598254
 -132.60639438 -108.42220194 -113.67329547 -115.79022715 -116.29034586
 -149.31874774 -123.112283   -131.22246997 -122.70174823 -145.59355035]
inrs_hat:  [-12.70372012 -16.4156806  -19.4486889  -42.65736649 -19.8262825
 -21.61669434   2.5674981   -2.68359542  -4.8005271   -5.30064582
 -38.3290477  -12.12258296 -20.23276992 -11.71204819 -34.6038503 ]
scheduled_ues:  [ 0  1  2  3  4  5 10 12 14]
(1, 15, 1, 4, 1, 1)
caused INR: -5.1321857960717825
TpsRandomic + IndividualEstimated_INR + -15.0
None
ls_gain_coeffs:
[-140.87461999 -118.16259168 -143.21863285 -153.64706653 -140.26048676
 -132.60639438 -108.42220194 -130.90495158 -114.58074189 -133.11091893
 -145.10456098 -108.7689526  -130.04467977 -119.14429577 -132.53765982]
inrs_hat:  [-29.88491994  -7.17289163 -32.22893281 -42.65736649 -29.27078672
 -21.61669434   2.5674981  -19.91525154  -3.59104185 -22.12121889
 -34.11486093   2.22074744 -19.05497973  -8.15459573 -21.54795978]
scheduled_ues:  [ 0  2  3  4  5  7  9 10 12 14]
(1, 15, 1, 4, 1, 1)
caused INR: -25.182523059667506
TpsRandomic + CumulativeIndividualEstimated_INR + -10.0
None
(1, 15, 1, 4, 1, 1)
caused INR: -9.6665952583547
TpsRandomic + CumulativeIndividualEstimated_INR + -12.5
None
(1, 15, 1, 4, 1, 1)
caused INR: -31.11450761405689
TpsRandomic + CumulativeIndividualEstimated_INR + -15.0
None
(1, 15, 1, 4, 1, 1)
caused INR: -19.21268571165322
Iteration number 85
TpsAltruisticFromLsfGain + IndividualEstimated_INR + -10.0
None
ls_gain_coeffs:
[-146.9891755  -143.85429571 -121.64317744 -120.78823561 -150.15303879
 -131.83625042 -146.70226    -121.43694464 -144.46796305 -149.66231113
 -140.67060925 -137.03528963 -140.20037613 -130.49123147 -129.22844172]
inrs_hat:  [-35.99947546 -32.86459566 -10.6534774   -9.79853557 -39.16333875
 -20.84655038 -35.71255996 -10.44724459 -33.47826301 -38.67261108
 -29.6809092  -26.04558959 -29.21067608 -19.50153143 -18.23874168]
scheduled_ues:  [ 0  1  2  4  5  6  7  8  9 10 11 12 13 14]
(1, 15, 1, 4, 1, 1)
caused INR: -3.3008810081616433
TpsAltruisticFromLsfGain + IndividualEstimated_INR + -12.5
None
ls_gain_coeffs:
[-146.9891755  -143.85429571 -121.64317744 -120.78823561 -150.15303879
 -131.83625042 -146.70226    -121.43694464 -144.46796305 -149.66231113
 -140.67060925 -137.03528963 -140.20037613 -130.49123147 -129.22844172]
inrs_hat:  [-35.99947546 -32.86459566 -10.6534774   -9.79853557 -39.16333875
 -20.84655038 -35.71255996 -10.44724459 -33.47826301 -38.67261108
 -29.6809092  -26.04558959 -29.21067608 -19.50153143 -18.23874168]
scheduled_ues:  [ 0  1  4  5  6  8  9 10 11 12 13 14]
(1, 15, 1, 4, 1, 1)
caused INR: -8.579800551552452
TpsAltruisticFromLsfGain + IndividualEstimated_INR + -15.0
None
ls_gain_coeffs:
[-146.9891755  -143.85429571 -121.64317744 -120.78823561 -150.15303879
 -131.83625042 -146.70226    -121.43694464 -144.46796305 -149.66231113
 -140.67060925 -137.03528963 -140.20037613 -130.49123147 -129.22844172]
inrs_hat:  [-35.99947546 -32.86459566 -10.6534774   -9.79853557 -39.16333875
 -20.84655038 -35.71255996 -10.44724459 -33.47826301 -38.67261108
 -29.6809092  -26.04558959 -29.21067608 -19.50153143 -18.23874168]
scheduled_ues:  [ 0  1  4  5  6  8  9 10 11 12 13 14]
(1, 15, 1, 4, 1, 1)
caused INR: -8.579800551552452
TpsAltruisticFromLsfGain + CumulativeIndividualEstimated_INR + -10.0
None
(1, 15, 1, 4, 1, 1)
caused INR: -8.579800551552452
TpsAltruisticFromLsfGain + CumulativeIndividualEstimated_INR + -12.5
None
(1, 15, 1, 4, 1, 1)
caused INR: -8.579800551552452
TpsAltruisticFromLsfGain + CumulativeIndividualEstimated_INR + -15.0
None
(1, 15, 1, 4, 1, 1)
caused INR: -11.622072781437522
TpsRandomic + IndividualEstimated_INR + -10.0
None
ls_gain_coeffs:
[-146.9891755  -130.56199515 -121.64317744 -120.78823561 -133.47614522
 -118.43108251 -137.63536905 -111.98723046 -131.06926898 -138.44222819
 -130.35429118 -122.03254215 -140.20037613 -113.70261457 -111.47296596]
inrs_hat:  [-35.99947546 -19.57229511 -10.6534774   -9.79853557 -22.48644517
  -7.44138246 -26.64566901  -0.99753041 -20.07956893 -27.45252814
 -19.36459113 -11.0428421  -29.21067608  -2.71291453  -0.48326592]
scheduled_ues:  [ 0  1  2  4  6  8  9 10 11 12]
(1, 15, 1, 4, 1, 1)
caused INR: -7.154139618094838
TpsRandomic + IndividualEstimated_INR + -12.5
None
ls_gain_coeffs:
[-146.9891755  -127.34901577 -121.64317744 -119.50484126 -133.47614522
 -131.83625042 -137.63536905 -121.43694464 -143.03232194 -149.66231113
 -140.67060925 -122.03254215 -127.85435799 -117.03310571 -119.19635289]
inrs_hat:  [-35.99947546 -16.35931573 -10.6534774   -8.51514122 -22.48644517
 -20.84655038 -26.64566901 -10.44724459 -32.0426219  -38.67261108
 -29.6809092  -11.0428421  -16.86465795  -6.04340567  -8.20665285]
scheduled_ues:  [ 0  1  4  5  6  8  9 10 12]
(1, 15, 1, 4, 1, 1)
caused INR: -11.901917637344972
TpsRandomic + IndividualEstimated_INR + -15.0
None
ls_gain_coeffs:
[-146.9891755  -127.34901577 -120.27342717 -107.9188375  -140.94513436
 -117.46751459 -137.63536905 -121.43694464 -131.54781602 -149.66231113
 -140.67060925 -122.03254215 -131.16612538 -122.81372343 -129.22844172]
inrs_hat:  [-35.99947546 -16.35931573  -9.28372713   3.07086255 -29.95543432
  -6.47781455 -26.64566901 -10.44724459 -20.55811597 -38.67261108
 -29.6809092  -11.0428421  -20.17642534 -11.82402339 -18.23874168]
scheduled_ues:  [ 0  1  4  6  8  9 10 12 14]
(1, 15, 1, 4, 1, 1)
caused INR: -11.39881117250292
TpsRandomic + CumulativeIndividualEstimated_INR + -10.0
None
(1, 15, 1, 4, 1, 1)
caused INR: -12.822740972728546
TpsRandomic + CumulativeIndividualEstimated_INR + -12.5
None
(1, 15, 1, 4, 1, 1)
caused INR: -10.945730969732612
TpsRandomic + CumulativeIndividualEstimated_INR + -15.0
None
(1, 15, 1, 4, 1, 1)
caused INR: -15.4634931422097
Iteration number 86
TpsAltruisticFromLsfGain + IndividualEstimated_INR + -10.0
None
ls_gain_coeffs:
[-123.46418567 -137.16421695 -147.46194688 -136.01287102 -141.04226085
 -143.73525935 -146.4753055  -130.93654639 -144.94606443 -141.85079861
 -135.59228953 -140.50337184 -146.4509281  -126.45902733 -123.59941171]
inrs_hat:  [-12.47448562 -26.17451691 -36.47224684 -25.02317098 -30.05256081
 -32.74555931 -35.48560545 -19.94684635 -33.95636438 -30.86109857
 -24.60258949 -29.51367179 -35.46122806 -15.46932729 -12.60971167]
scheduled_ues:  [ 0  1  2  3  4  5  6  7  8  9 10 11 12 13 14]
(1, 15, 1, 4, 1, 1)
caused INR: -4.185739284167347
TpsAltruisticFromLsfGain + IndividualEstimated_INR + -12.5
None
ls_gain_coeffs:
[-123.46418567 -137.16421695 -147.46194688 -136.01287102 -141.04226085
 -143.73525935 -146.4753055  -130.93654639 -144.94606443 -141.85079861
 -135.59228953 -140.50337184 -146.4509281  -126.45902733 -123.59941171]
inrs_hat:  [-12.47448562 -26.17451691 -36.47224684 -25.02317098 -30.05256081
 -32.74555931 -35.48560545 -19.94684635 -33.95636438 -30.86109857
 -24.60258949 -29.51367179 -35.46122806 -15.46932729 -12.60971167]
scheduled_ues:  [ 1  2  3  4  5  6  7  8  9 10 11 12 13 14]
(1, 15, 1, 4, 1, 1)
caused INR: -11.723096968329376
TpsAltruisticFromLsfGain + IndividualEstimated_INR + -15.0
None
ls_gain_coeffs:
[-123.46418567 -137.16421695 -147.46194688 -136.01287102 -141.04226085
 -143.73525935 -146.4753055  -130.93654639 -144.94606443 -141.85079861
 -135.59228953 -140.50337184 -146.4509281  -126.45902733 -123.59941171]
inrs_hat:  [-12.47448562 -26.17451691 -36.47224684 -25.02317098 -30.05256081
 -32.74555931 -35.48560545 -19.94684635 -33.95636438 -30.86109857
 -24.60258949 -29.51367179 -35.46122806 -15.46932729 -12.60971167]
scheduled_ues:  [ 1  2  3  4  5  6  7  8  9 10 11 12 13]
(1, 15, 1, 4, 1, 1)
caused INR: -22.298331592959812
TpsAltruisticFromLsfGain + CumulativeIndividualEstimated_INR + -10.0
None
(1, 15, 1, 4, 1, 1)
caused INR: -22.298331592959812
TpsAltruisticFromLsfGain + CumulativeIndividualEstimated_INR + -12.5
None
(1, 15, 1, 4, 1, 1)
caused INR: -22.298331592959812
TpsAltruisticFromLsfGain + CumulativeIndividualEstimated_INR + -15.0
None
(1, 15, 1, 4, 1, 1)
caused INR: -22.76738524146518
TpsRandomic + IndividualEstimated_INR + -10.0
None
ls_gain_coeffs:
[-111.42428067 -122.85076706 -138.61241855 -135.75157421 -127.12343507
 -143.73525935 -143.83672489 -130.93654639 -136.36480666 -141.85079861
 -126.06749118 -136.37911361 -129.86918151 -125.36035257 -104.91071395]
inrs_hat:  [ -0.43458062 -11.86106701 -27.62271851 -24.76187417 -16.13373502
 -32.74555931 -32.84702485 -19.94684635 -25.37510661 -30.86109857
 -15.07779114 -25.38941356 -18.87948147 -14.37065253   6.0789861 ]
scheduled_ues:  [ 1  2  3  4  5  6  7  8  9 10 11 12 13]
(1, 15, 1, 4, 1, 1)
caused INR: -7.895020089784719
TpsRandomic + IndividualEstimated_INR + -12.5
None
ls_gain_coeffs:
[-106.40136969 -131.54866727 -135.40123833 -135.75157421 -127.12343507
 -130.12079049 -132.27465176 -118.22569185 -132.67355617 -128.10771662
 -126.06749118 -125.31226635 -133.55526786 -126.45902733 -108.53930524]
inrs_hat:  [  4.58833035 -20.55896722 -24.41153828 -24.76187417 -16.13373502
 -19.13109045 -21.28495172  -7.2359918  -21.68385613 -17.11801658
 -15.07779114 -14.32256631 -22.56556781 -15.46932729   2.4503948 ]
scheduled_ues:  [ 1  2  3  4  5  6  8  9 10 11 12 13]
(1, 15, 1, 4, 1, 1)
caused INR: -7.315605025559659
TpsRandomic + IndividualEstimated_INR + -15.0
None
ls_gain_coeffs:
[-111.42428067 -120.97891716 -147.46194688 -123.39707315 -125.64620928
 -130.12079049 -132.27465176 -118.22569185 -144.94606443 -125.41704453
 -124.09326884 -136.37911361 -146.4509281  -126.45902733 -123.59941171]
inrs_hat:  [ -0.43458062  -9.98921712 -36.47224684 -12.4073731  -14.65650924
 -19.13109045 -21.28495172  -7.2359918  -33.95636438 -14.42734449
 -13.1035688  -25.38941356 -35.46122806 -15.46932729 -12.60971167]
scheduled_ues:  [ 2  5  6  8 11 12 13]
(1, 15, 1, 4, 1, 1)
caused INR: -21.65598115123744
TpsRandomic + CumulativeIndividualEstimated_INR + -10.0
None
(1, 15, 1, 4, 1, 1)
caused INR: -17.09920288259638
TpsRandomic + CumulativeIndividualEstimated_INR + -12.5
None
(1, 15, 1, 4, 1, 1)
caused INR: -20.684264729863724
TpsRandomic + CumulativeIndividualEstimated_INR + -15.0
None
(1, 15, 1, 4, 1, 1)
caused INR: -13.766726025377578
Iteration number 87
TpsAltruisticFromLsfGain + IndividualEstimated_INR + -10.0
None
ls_gain_coeffs:
[-136.68383201 -132.97390022 -151.63621809 -144.47721032 -143.77668805
 -122.0228263  -136.69555986 -148.26205778 -141.89767529 -137.23736061
 -131.19616737 -134.39031717 -129.3179531  -123.00973132 -146.19991479]
inrs_hat:  [-25.69413196 -21.98420018 -40.64651804 -33.48751027 -32.78698801
 -11.03312625 -25.70585981 -37.27235774 -30.90797525 -26.24766057
 -20.20646733 -23.40061712 -18.32825306 -12.02003128 -35.21021474]
scheduled_ues:  [ 0  1  2  3  4  5  6  7  8  9 10 11 12 13 14]
(1, 15, 1, 4, 1, 1)
caused INR: -13.489320196556312
TpsAltruisticFromLsfGain + IndividualEstimated_INR + -12.5
None
ls_gain_coeffs:
[-136.68383201 -132.97390022 -151.63621809 -144.47721032 -143.77668805
 -122.0228263  -136.69555986 -148.26205778 -141.89767529 -137.23736061
 -131.19616737 -134.39031717 -129.3179531  -123.00973132 -146.19991479]
inrs_hat:  [-25.69413196 -21.98420018 -40.64651804 -33.48751027 -32.78698801
 -11.03312625 -25.70585981 -37.27235774 -30.90797525 -26.24766057
 -20.20646733 -23.40061712 -18.32825306 -12.02003128 -35.21021474]
scheduled_ues:  [ 0  1  2  3  4  6  7  8  9 10 11 12 14]
(1, 15, 1, 4, 1, 1)
caused INR: -17.360073171846672
TpsAltruisticFromLsfGain + IndividualEstimated_INR + -15.0
None
ls_gain_coeffs:
[-136.68383201 -132.97390022 -151.63621809 -144.47721032 -143.77668805
 -122.0228263  -136.69555986 -148.26205778 -141.89767529 -137.23736061
 -131.19616737 -134.39031717 -129.3179531  -123.00973132 -146.19991479]
inrs_hat:  [-25.69413196 -21.98420018 -40.64651804 -33.48751027 -32.78698801
 -11.03312625 -25.70585981 -37.27235774 -30.90797525 -26.24766057
 -20.20646733 -23.40061712 -18.32825306 -12.02003128 -35.21021474]
scheduled_ues:  [ 0  1  2  3  4  6  7  8  9 10 11 12 14]
(1, 15, 1, 4, 1, 1)
caused INR: -17.360073171846672
TpsAltruisticFromLsfGain + CumulativeIndividualEstimated_INR + -10.0
None
(1, 15, 1, 4, 1, 1)
caused INR: -17.360073171846672
TpsAltruisticFromLsfGain + CumulativeIndividualEstimated_INR + -12.5
None
(1, 15, 1, 4, 1, 1)
caused INR: -17.360073171846672
TpsAltruisticFromLsfGain + CumulativeIndividualEstimated_INR + -15.0
None
(1, 15, 1, 4, 1, 1)
caused INR: -12.865420932926881
TpsRandomic + IndividualEstimated_INR + -10.0
None
ls_gain_coeffs:
[-122.69888957 -122.15914778 -137.67191711 -128.04235703 -142.25468738
 -119.03958832 -119.72496178 -134.35016238 -128.43079842 -137.23736061
 -113.99009203 -118.80713112 -113.15003092 -106.94574919 -132.01173988]
inrs_hat:  [-11.70918953 -11.16944774 -26.68221707 -17.05265698 -31.26498734
  -8.04988827  -8.73526174 -23.36046234 -17.44109837 -26.24766057
  -3.00039198  -7.81743108  -2.16033088   4.04395085 -21.02203984]
scheduled_ues:  [ 0  1  2  3  4  7  8  9 14]
(1, 15, 1, 4, 1, 1)
caused INR: -8.80296888367246
TpsRandomic + IndividualEstimated_INR + -12.5
None
ls_gain_coeffs:
[-132.05380469 -121.96978385 -151.63621809 -128.04235703 -142.25468738
 -107.59240098 -128.28605854 -148.26205778 -140.35975998 -135.87768973
 -122.44840251 -134.39031717 -129.3179531  -123.00973132 -146.19991479]
inrs_hat:  [-21.06410465 -10.9800838  -40.64651804 -17.05265698 -31.26498734
   3.39729907 -17.2963585  -37.27235774 -29.37005994 -24.88798969
 -11.45870247 -23.40061712 -18.32825306 -12.02003128 -35.21021474]
scheduled_ues:  [ 0  2  3  4  6  7  8  9 11 12 14]
(1, 15, 1, 4, 1, 1)
caused INR: -13.828314663853043
TpsRandomic + IndividualEstimated_INR + -15.0
None
ls_gain_coeffs:
[-122.69888957 -115.84366581 -145.89379623 -128.04235703 -130.82775449
 -122.0228263  -119.72496178 -132.16253011 -128.43079842 -123.88931336
 -117.97338154 -120.37792414 -115.01319201 -106.94574919 -143.58005243]
inrs_hat:  [-11.70918953  -4.85396577 -34.90409619 -17.05265698 -19.83805445
 -11.03312625  -8.73526174 -21.17283006 -17.44109837 -12.89961332
  -6.9836815   -9.3882241   -4.02349197   4.04395085 -32.59035239]
scheduled_ues:  [ 2  3  4  7  8 14]
(1, 15, 1, 4, 1, 1)
caused INR: -10.06220467369894
TpsRandomic + CumulativeIndividualEstimated_INR + -10.0
None
(1, 15, 1, 4, 1, 1)
caused INR: -8.409547984832042
TpsRandomic + CumulativeIndividualEstimated_INR + -12.5
None
(1, 15, 1, 4, 1, 1)
caused INR: -12.497608185884753
TpsRandomic + CumulativeIndividualEstimated_INR + -15.0
None
(1, 15, 1, 4, 1, 1)
caused INR: -16.077735735256276
Iteration number 88
TpsAltruisticFromLsfGain + IndividualEstimated_INR + -10.0
None
ls_gain_coeffs:
[-144.02573203 -135.31925999 -132.38979057 -137.43632433 -138.24206815
 -131.3917596  -133.23974726 -127.54877002 -142.37394942 -128.74238365
 -124.39866628 -144.89698766 -150.52318414 -134.4718319  -143.47681282]
inrs_hat:  [-33.03603198 -24.32955995 -21.40009053 -26.44662428 -27.2523681
 -20.40205956 -22.25004722 -16.55906997 -31.38424937 -17.7526836
 -13.40896624 -33.90728762 -39.5334841  -23.48213185 -32.48711277]
scheduled_ues:  [ 0  1  2  3  4  5  6  7  8  9 10 11 12 13 14]
(1, 15, 1, 4, 1, 1)
caused INR: -20.642665019717633
TpsAltruisticFromLsfGain + IndividualEstimated_INR + -12.5
None
ls_gain_coeffs:
[-144.02573203 -135.31925999 -132.38979057 -137.43632433 -138.24206815
 -131.3917596  -133.23974726 -127.54877002 -142.37394942 -128.74238365
 -124.39866628 -144.89698766 -150.52318414 -134.4718319  -143.47681282]
inrs_hat:  [-33.03603198 -24.32955995 -21.40009053 -26.44662428 -27.2523681
 -20.40205956 -22.25004722 -16.55906997 -31.38424937 -17.7526836
 -13.40896624 -33.90728762 -39.5334841  -23.48213185 -32.48711277]
scheduled_ues:  [ 0  1  2  3  4  5  6  7  8  9 10 11 12 13 14]
(1, 15, 1, 4, 1, 1)
caused INR: -20.642665019717633
TpsAltruisticFromLsfGain + IndividualEstimated_INR + -15.0
None
ls_gain_coeffs:
[-144.02573203 -135.31925999 -132.38979057 -137.43632433 -138.24206815
 -131.3917596  -133.23974726 -127.54877002 -142.37394942 -128.74238365
 -124.39866628 -144.89698766 -150.52318414 -134.4718319  -143.47681282]
inrs_hat:  [-33.03603198 -24.32955995 -21.40009053 -26.44662428 -27.2523681
 -20.40205956 -22.25004722 -16.55906997 -31.38424937 -17.7526836
 -13.40896624 -33.90728762 -39.5334841  -23.48213185 -32.48711277]
scheduled_ues:  [ 0  1  2  3  4  5  6  7  8  9 11 12 13 14]
(1, 15, 1, 4, 1, 1)
caused INR: -22.360179338018252
TpsAltruisticFromLsfGain + CumulativeIndividualEstimated_INR + -10.0
None
(1, 15, 1, 4, 1, 1)
caused INR: -22.360179338018252
TpsAltruisticFromLsfGain + CumulativeIndividualEstimated_INR + -12.5
None
(1, 15, 1, 4, 1, 1)
caused INR: -27.488822837060617
TpsAltruisticFromLsfGain + CumulativeIndividualEstimated_INR + -15.0
None
(1, 15, 1, 4, 1, 1)
caused INR: -22.395265535448658
TpsRandomic + IndividualEstimated_INR + -10.0
None
ls_gain_coeffs:
[-129.32981779 -119.06852878 -115.50351728 -120.14226947 -121.05293062
 -118.43522588 -133.23974726 -114.47697424 -142.37394942 -117.71587523
 -124.39866628 -128.69600149 -137.05321489 -123.5163808  -143.47681282]
inrs_hat:  [-18.34011775  -8.07882874  -4.51381724  -9.15256942 -10.06323058
  -7.44552583 -22.25004722  -3.4872742  -31.38424937  -6.72617518
 -13.40896624 -17.70630145 -26.06351485 -12.52668076 -32.48711277]
scheduled_ues:  [ 0  4  6  8 10 11 12 13 14]
(1, 15, 1, 4, 1, 1)
caused INR: -0.7883835505805155
TpsRandomic + IndividualEstimated_INR + -12.5
None
ls_gain_coeffs:
[-129.32981779 -119.06852878 -132.38979057 -137.43632433 -121.05293062
 -114.25373138 -117.23240738 -113.84677847 -142.37394942 -118.32877848
 -111.74113539 -139.15084486 -150.52318414 -134.4718319  -126.71881434]
inrs_hat:  [-18.34011775  -8.07882874 -21.40009053 -26.44662428 -10.06323058
  -3.26403134  -6.24270733  -2.85707842 -31.38424937  -7.33907843
  -0.75143534 -28.16114482 -39.5334841  -23.48213185 -15.7291143 ]
scheduled_ues:  [ 0  2  3  8 11 12 13 14]
(1, 15, 1, 4, 1, 1)
caused INR: -14.259248830764314
TpsRandomic + IndividualEstimated_INR + -15.0
None
ls_gain_coeffs:
[-129.32981779 -135.31925999 -122.44500035 -125.26559894 -125.60016862
 -114.25373138 -117.23240738 -127.54877002 -127.38590193 -118.32877848
 -107.31159051 -139.15084486 -136.02484565 -134.4718319  -126.71881434]
inrs_hat:  [-18.34011775 -24.32955995 -11.45530031 -14.27589889 -14.61046858
  -3.26403134  -6.24270733 -16.55906997 -16.39620189  -7.33907843
   3.67810953 -28.16114482 -25.0351456  -23.48213185 -15.7291143 ]
scheduled_ues:  [ 0  1  7  8 11 12 13 14]
(1, 15, 1, 4, 1, 1)
caused INR: -15.36188801453114
TpsRandomic + CumulativeIndividualEstimated_INR + -10.0
None
(1, 15, 1, 4, 1, 1)
caused INR: -21.441345635436313
TpsRandomic + CumulativeIndividualEstimated_INR + -12.5
None
(1, 15, 1, 4, 1, 1)
caused INR: -18.493630703489416
TpsRandomic + CumulativeIndividualEstimated_INR + -15.0
None
(1, 15, 1, 4, 1, 1)
caused INR: -18.505721266589944
Iteration number 89
TpsAltruisticFromLsfGain + IndividualEstimated_INR + -10.0
None
ls_gain_coeffs:
[-126.56547972 -129.03815348 -142.77605909 -146.55905244 -134.37222631
 -133.38781997 -132.57750241 -122.44086626 -141.2049544  -141.81175385
 -141.74626352 -138.81167464 -148.42964003 -125.00146081 -150.38738752]
inrs_hat:  [-15.57577967 -18.04845343 -31.78635905 -35.56935239 -23.38252627
 -22.39811993 -21.58780237 -11.45116622 -30.21525436 -30.8220538
 -30.75656347 -27.8219746  -37.43993998 -14.01176077 -39.39768747]
scheduled_ues:  [ 0  1  2  3  4  5  6  7  8  9 10 11 12 13 14]
(1, 15, 1, 4, 1, 1)
caused INR: -8.988159817144474
TpsAltruisticFromLsfGain + IndividualEstimated_INR + -12.5
None
ls_gain_coeffs:
[-126.56547972 -129.03815348 -142.77605909 -146.55905244 -134.37222631
 -133.38781997 -132.57750241 -122.44086626 -141.2049544  -141.81175385
 -141.74626352 -138.81167464 -148.42964003 -125.00146081 -150.38738752]
inrs_hat:  [-15.57577967 -18.04845343 -31.78635905 -35.56935239 -23.38252627
 -22.39811993 -21.58780237 -11.45116622 -30.21525436 -30.8220538
 -30.75656347 -27.8219746  -37.43993998 -14.01176077 -39.39768747]
scheduled_ues:  [ 0  1  2  3  4  5  6  8  9 10 11 12 13 14]
(1, 15, 1, 4, 1, 1)
caused INR: -9.040486797558708
TpsAltruisticFromLsfGain + IndividualEstimated_INR + -15.0
None
ls_gain_coeffs:
[-126.56547972 -129.03815348 -142.77605909 -146.55905244 -134.37222631
 -133.38781997 -132.57750241 -122.44086626 -141.2049544  -141.81175385
 -141.74626352 -138.81167464 -148.42964003 -125.00146081 -150.38738752]
inrs_hat:  [-15.57577967 -18.04845343 -31.78635905 -35.56935239 -23.38252627
 -22.39811993 -21.58780237 -11.45116622 -30.21525436 -30.8220538
 -30.75656347 -27.8219746  -37.43993998 -14.01176077 -39.39768747]
scheduled_ues:  [ 0  1  2  3  4  5  6  8  9 10 11 12 14]
(1, 15, 1, 4, 1, 1)
caused INR: -9.289950905921897
TpsAltruisticFromLsfGain + CumulativeIndividualEstimated_INR + -10.0
None
(1, 15, 1, 4, 1, 1)
caused INR: -9.289950905921897
TpsAltruisticFromLsfGain + CumulativeIndividualEstimated_INR + -12.5
None
(1, 15, 1, 4, 1, 1)
caused INR: -12.023075869117267
TpsAltruisticFromLsfGain + CumulativeIndividualEstimated_INR + -15.0
None
(1, 15, 1, 4, 1, 1)
caused INR: -16.15271151925317
TpsRandomic + IndividualEstimated_INR + -10.0
None
ls_gain_coeffs:
[-126.56547972 -111.96437724 -125.95401817 -129.82284274 -122.21796869
 -125.81466471 -118.75662202 -117.70113403 -125.49972147 -131.03851308
 -128.15444878 -133.48684388 -148.42964003 -107.94730304 -136.36275417]
inrs_hat:  [-15.57577967  -0.9746772  -14.96431813 -18.8331427  -11.22826865
 -14.82496467  -7.76692197  -6.71143399 -14.51002143 -20.04881303
 -17.16474873 -22.49714383 -37.43993998   3.042397   -25.37305413]
scheduled_ues:  [ 0  2  3  4  5  8  9 10 11 12 14]
(1, 15, 1, 4, 1, 1)
caused INR: -13.470528994189625
TpsRandomic + IndividualEstimated_INR + -12.5
None
ls_gain_coeffs:
[-117.36686015 -118.82250666 -142.77605909 -129.82284274 -122.21796869
 -116.29853725 -132.57750241 -106.83944478 -141.2049544  -131.03851308
 -127.00423404 -138.81167464 -134.85318512 -111.54198672 -137.15427084]
inrs_hat:  [ -6.3771601   -7.83280662 -31.78635905 -18.8331427  -11.22826865
  -5.30883721 -21.58780237   4.15025527 -30.21525436 -20.04881303
 -16.01453399 -27.8219746  -23.86348507  -0.55228668 -26.1645708 ]
scheduled_ues:  [ 2  3  6  8  9 10 11 12 14]
(1, 15, 1, 4, 1, 1)
caused INR: -13.4366516414301
TpsRandomic + IndividualEstimated_INR + -15.0
None
ls_gain_coeffs:
[-109.59869687 -111.96437724 -125.95401817 -136.80940529 -116.70284202
 -125.81466471 -118.75662202 -117.70113403 -136.309505   -131.20804683
 -127.00423404 -124.72868945 -134.85318512 -111.54198672 -137.15427084]
inrs_hat:  [  1.39100317  -0.9746772  -14.96431813 -25.81970525  -5.71314197
 -14.82496467  -7.76692197  -6.71143399 -25.31980496 -20.21834679
 -16.01453399 -13.73898941 -23.86348507  -0.55228668 -26.1645708 ]
scheduled_ues:  [ 3  8  9 10 12 14]
(1, 15, 1, 4, 1, 1)
caused INR: -13.891674446843496
TpsRandomic + CumulativeIndividualEstimated_INR + -10.0
None
(1, 15, 1, 4, 1, 1)
caused INR: -7.826602577452341
TpsRandomic + CumulativeIndividualEstimated_INR + -12.5
None
(1, 15, 1, 4, 1, 1)
caused INR: -10.251979665745981
TpsRandomic + CumulativeIndividualEstimated_INR + -15.0
None
(1, 15, 1, 4, 1, 1)
caused INR: -16.378584988124064
Iteration number 90
TpsAltruisticFromLsfGain + IndividualEstimated_INR + -10.0
None
ls_gain_coeffs:
[-121.53291195 -136.31365025 -140.45407082 -145.39936513 -128.53797816
 -131.99410987 -144.14787234 -144.73490196 -144.06108781 -131.68171391
 -143.8800593  -133.25821929 -148.11215386 -127.32995016 -140.00161791]
inrs_hat:  [-10.54321191 -25.3239502  -29.46437078 -34.40966508 -17.54827811
 -21.00440983 -33.1581723  -33.74520191 -33.07138776 -20.69201387
 -32.89035926 -22.26851925 -37.12245382 -16.34025012 -29.01191787]
scheduled_ues:  [ 0  1  2  3  4  5  6  7  8  9 10 11 12 13 14]
(1, 15, 1, 4, 1, 1)
caused INR: -29.817333628014275
TpsAltruisticFromLsfGain + IndividualEstimated_INR + -12.5
None
ls_gain_coeffs:
[-121.53291195 -136.31365025 -140.45407082 -145.39936513 -128.53797816
 -131.99410987 -144.14787234 -144.73490196 -144.06108781 -131.68171391
 -143.8800593  -133.25821929 -148.11215386 -127.32995016 -140.00161791]
inrs_hat:  [-10.54321191 -25.3239502  -29.46437078 -34.40966508 -17.54827811
 -21.00440983 -33.1581723  -33.74520191 -33.07138776 -20.69201387
 -32.89035926 -22.26851925 -37.12245382 -16.34025012 -29.01191787]
scheduled_ues:  [ 1  2  3  4  5  6  7  8  9 10 11 12 13 14]
(1, 15, 1, 4, 1, 1)
caused INR: -16.088120906400547
TpsAltruisticFromLsfGain + IndividualEstimated_INR + -15.0
None
ls_gain_coeffs:
[-121.53291195 -136.31365025 -140.45407082 -145.39936513 -128.53797816
 -131.99410987 -144.14787234 -144.73490196 -144.06108781 -131.68171391
 -143.8800593  -133.25821929 -148.11215386 -127.32995016 -140.00161791]
inrs_hat:  [-10.54321191 -25.3239502  -29.46437078 -34.40966508 -17.54827811
 -21.00440983 -33.1581723  -33.74520191 -33.07138776 -20.69201387
 -32.89035926 -22.26851925 -37.12245382 -16.34025012 -29.01191787]
scheduled_ues:  [ 1  2  3  4  5  6  7  8  9 10 11 12 13 14]
(1, 15, 1, 4, 1, 1)
caused INR: -16.088120906400547
TpsAltruisticFromLsfGain + CumulativeIndividualEstimated_INR + -10.0
None
(1, 15, 1, 4, 1, 1)
caused INR: -16.088120906400547
TpsAltruisticFromLsfGain + CumulativeIndividualEstimated_INR + -12.5
None
(1, 15, 1, 4, 1, 1)
caused INR: -19.308035279643573
TpsAltruisticFromLsfGain + CumulativeIndividualEstimated_INR + -15.0
None
(1, 15, 1, 4, 1, 1)
caused INR: -19.401871644832912
TpsRandomic + IndividualEstimated_INR + -10.0
None
ls_gain_coeffs:
[-107.75875258 -123.4375398  -132.21051455 -137.26941449 -114.57211421
 -120.49742499 -127.49636444 -144.73490196 -133.04104323 -131.68171391
 -141.87204319 -133.25821929 -137.67519876 -116.74663269 -137.59800598]
inrs_hat:  [  3.23094747 -12.44783976 -21.22081451 -26.27971444  -3.58241417
  -9.50772494 -16.5066644  -33.74520191 -22.05134318 -20.69201387
 -30.88234315 -22.26851925 -26.68549872  -5.75693265 -26.60830594]
scheduled_ues:  [ 1  2  3  6  7  8  9 10 11 12 14]
(1, 15, 1, 4, 1, 1)
caused INR: -15.109248849293888
TpsRandomic + IndividualEstimated_INR + -12.5
None
ls_gain_coeffs:
[-113.10550253 -135.01011892 -140.45407082 -128.85059029 -128.53797816
 -131.99410987 -127.49636444 -128.128035   -133.04104323 -131.68171391
 -130.7691206  -120.48747063 -137.67519876 -115.9178413  -137.59800598]
inrs_hat:  [ -2.11580249 -24.02041888 -29.46437078 -17.86089024 -17.54827811
 -21.00440983 -16.5066644  -17.13833496 -22.05134318 -20.69201387
 -19.77942055  -9.49777059 -26.68549872  -4.92814126 -26.60830594]
scheduled_ues:  [ 1  2  3  4  5  6  7  8  9 10 12 14]
(1, 15, 1, 4, 1, 1)
caused INR: -15.40850590370384
TpsRandomic + IndividualEstimated_INR + -15.0
None
ls_gain_coeffs:
[-113.10550253 -135.01011892 -132.21051455 -145.39936513 -128.53797816
 -131.99410987 -135.97294176 -131.41548871 -144.06108781 -122.40223739
 -141.87204319 -120.48747063 -148.11215386 -110.111437   -125.95760996]
inrs_hat:  [ -2.11580249 -24.02041888 -21.22081451 -34.40966508 -17.54827811
 -21.00440983 -24.98324172 -20.42578867 -33.07138776 -11.41253734
 -30.88234315  -9.49777059 -37.12245382   0.87826305 -14.96790991]
scheduled_ues:  [ 1  2  3  4  5  6  7  8 10 12]
(1, 15, 1, 4, 1, 1)
caused INR: -15.253353674993544
TpsRandomic + CumulativeIndividualEstimated_INR + -10.0
None
(1, 15, 1, 4, 1, 1)
caused INR: -11.823128047415494
TpsRandomic + CumulativeIndividualEstimated_INR + -12.5
None
(1, 15, 1, 4, 1, 1)
caused INR: -15.868234366149583
TpsRandomic + CumulativeIndividualEstimated_INR + -15.0
None
(1, 15, 1, 4, 1, 1)
caused INR: -18.023114743526342
Iteration number 91
TpsAltruisticFromLsfGain + IndividualEstimated_INR + -10.0
None
ls_gain_coeffs:
[-149.06431554 -147.3815217  -139.48365153 -123.15772248 -136.97770595
 -148.29397044 -121.49425817 -147.31329786 -112.02983897 -131.83301595
 -120.39649771 -133.10680412 -133.52844164 -122.61643042 -151.16257401]
inrs_hat:  [-38.0746155  -36.39182165 -28.49395149 -12.16802243 -25.98800591
 -37.3042704  -10.50455813 -36.32359782  -1.04013893 -20.84331591
  -9.40679766 -22.11710408 -22.5387416  -11.62673038 -40.17287397]
scheduled_ues:  [ 0  1  2  3  4  5  6  7  9 11 12 13 14]
(1, 15, 1, 4, 1, 1)
caused INR: -6.358735504848099
TpsAltruisticFromLsfGain + IndividualEstimated_INR + -12.5
None
ls_gain_coeffs:
[-149.06431554 -147.3815217  -139.48365153 -123.15772248 -136.97770595
 -148.29397044 -121.49425817 -147.31329786 -112.02983897 -131.83301595
 -120.39649771 -133.10680412 -133.52844164 -122.61643042 -151.16257401]
inrs_hat:  [-38.0746155  -36.39182165 -28.49395149 -12.16802243 -25.98800591
 -37.3042704  -10.50455813 -36.32359782  -1.04013893 -20.84331591
  -9.40679766 -22.11710408 -22.5387416  -11.62673038 -40.17287397]
scheduled_ues:  [ 0  1  2  4  5  7  9 11 12 14]
(1, 15, 1, 4, 1, 1)
caused INR: -28.8388964165323
TpsAltruisticFromLsfGain + IndividualEstimated_INR + -15.0
None
ls_gain_coeffs:
[-149.06431554 -147.3815217  -139.48365153 -123.15772248 -136.97770595
 -148.29397044 -121.49425817 -147.31329786 -112.02983897 -131.83301595
 -120.39649771 -133.10680412 -133.52844164 -122.61643042 -151.16257401]
inrs_hat:  [-38.0746155  -36.39182165 -28.49395149 -12.16802243 -25.98800591
 -37.3042704  -10.50455813 -36.32359782  -1.04013893 -20.84331591
  -9.40679766 -22.11710408 -22.5387416  -11.62673038 -40.17287397]
scheduled_ues:  [ 0  1  2  4  5  7  9 11 12 14]
(1, 15, 1, 4, 1, 1)
caused INR: -28.8388964165323
TpsAltruisticFromLsfGain + CumulativeIndividualEstimated_INR + -10.0
None
(1, 15, 1, 4, 1, 1)
caused INR: -15.519072821448535
TpsAltruisticFromLsfGain + CumulativeIndividualEstimated_INR + -12.5
None
(1, 15, 1, 4, 1, 1)
caused INR: -28.8388964165323
TpsAltruisticFromLsfGain + CumulativeIndividualEstimated_INR + -15.0
None
(1, 15, 1, 4, 1, 1)
caused INR: -28.8388964165323
TpsRandomic + IndividualEstimated_INR + -10.0
None
ls_gain_coeffs:
[-148.60991039 -130.85350675 -139.48365153 -106.19034307 -122.48824707
 -140.5209651  -121.49425817 -139.01775911 -112.02983897 -115.2800723
 -105.75737253 -115.82935993 -123.75445691 -122.61643042 -140.66758888]
inrs_hat:  [-37.62021035 -19.86380671 -28.49395149   4.79935698 -11.49854702
 -29.53126505 -10.50455813 -28.02805906  -1.04013893  -4.29037225
   5.23232751  -4.83965988 -12.76475686 -11.62673038 -29.67788884]
scheduled_ues:  [ 0  1  2  4  5  6  7 12 13 14]
(1, 15, 1, 4, 1, 1)
caused INR: 0.8435889729756529
TpsRandomic + IndividualEstimated_INR + -12.5
None
ls_gain_coeffs:
[-136.47124716 -130.85350675 -123.42057585 -114.83543777 -136.97770595
 -140.5209651  -109.57637084 -130.70824731 -112.02983897 -124.31691501
 -120.39649771 -124.49396789 -133.52844164 -108.23883689 -140.66758888]
inrs_hat:  [-25.48154712 -19.86380671 -12.4308758   -3.84573773 -25.98800591
 -29.53126505   1.41332921 -19.71854727  -1.04013893 -13.32721497
  -9.40679766 -13.50426784 -22.5387416    2.75086315 -29.67788884]
scheduled_ues:  [ 0  1  4  5  7  9 11 12 14]
(1, 15, 1, 4, 1, 1)
caused INR: -7.4343418834391635
TpsRandomic + IndividualEstimated_INR + -15.0
None
ls_gain_coeffs:
[-136.31977878 -130.85350675 -139.48365153 -106.19034307 -123.51217651
 -131.80543231 -101.86019676 -134.84033552  -97.37400643 -124.31691501
 -120.39649771 -124.49396789 -121.44949428 -108.23883689 -140.43671153]
inrs_hat:  [-25.33007873 -19.86380671 -28.49395149   4.79935698 -12.52247647
 -20.81573227   9.12950328 -23.85063547  13.61569361 -13.32721497
  -9.40679766 -13.50426784 -10.45979423   2.75086315 -29.44701149]
scheduled_ues:  [ 0  1  2  5  7 14]
(1, 15, 1, 4, 1, 1)
caused INR: -29.40423401819298
TpsRandomic + CumulativeIndividualEstimated_INR + -10.0
None
(1, 15, 1, 4, 1, 1)
caused INR: -5.3165471372622335
TpsRandomic + CumulativeIndividualEstimated_INR + -12.5
None
(1, 15, 1, 4, 1, 1)
caused INR: -19.441086996357978
TpsRandomic + CumulativeIndividualEstimated_INR + -15.0
None
(1, 15, 1, 4, 1, 1)
caused INR: -15.646763681446107
Iteration number 92
TpsAltruisticFromLsfGain + IndividualEstimated_INR + -10.0
None
ls_gain_coeffs:
[-129.56719829 -122.70296251 -145.93026852 -125.32965241 -135.55277101
 -145.40267686 -143.1086234  -144.1883906  -135.94735937 -146.07405907
 -139.48675703 -135.26397009 -136.28707492 -122.13608434 -139.29352772]
inrs_hat:  [-18.57749825 -11.71326247 -34.94056847 -14.33995237 -24.56307097
 -34.41297681 -32.11892336 -33.19869056 -24.95765933 -35.08435903
 -28.49705699 -24.27427004 -25.29737488 -11.14638429 -28.30382767]
scheduled_ues:  [ 0  1  2  3  4  5  6  7  8  9 10 11 12 13 14]
(1, 15, 1, 4, 1, 1)
caused INR: -9.387019308323206
TpsAltruisticFromLsfGain + IndividualEstimated_INR + -12.5
None
ls_gain_coeffs:
[-129.56719829 -122.70296251 -145.93026852 -125.32965241 -135.55277101
 -145.40267686 -143.1086234  -144.1883906  -135.94735937 -146.07405907
 -139.48675703 -135.26397009 -136.28707492 -122.13608434 -139.29352772]
inrs_hat:  [-18.57749825 -11.71326247 -34.94056847 -14.33995237 -24.56307097
 -34.41297681 -32.11892336 -33.19869056 -24.95765933 -35.08435903
 -28.49705699 -24.27427004 -25.29737488 -11.14638429 -28.30382767]
scheduled_ues:  [ 0  2  3  4  5  6  7  8  9 10 11 12 14]
(1, 15, 1, 4, 1, 1)
caused INR: -11.579344263058182
TpsAltruisticFromLsfGain + IndividualEstimated_INR + -15.0
None
ls_gain_coeffs:
[-129.56719829 -122.70296251 -145.93026852 -125.32965241 -135.55277101
 -145.40267686 -143.1086234  -144.1883906  -135.94735937 -146.07405907
 -139.48675703 -135.26397009 -136.28707492 -122.13608434 -139.29352772]
inrs_hat:  [-18.57749825 -11.71326247 -34.94056847 -14.33995237 -24.56307097
 -34.41297681 -32.11892336 -33.19869056 -24.95765933 -35.08435903
 -28.49705699 -24.27427004 -25.29737488 -11.14638429 -28.30382767]
scheduled_ues:  [ 0  2  4  5  6  7  8  9 10 11 12 14]
(1, 15, 1, 4, 1, 1)
caused INR: -14.65357731959619
TpsAltruisticFromLsfGain + CumulativeIndividualEstimated_INR + -10.0
None
(1, 15, 1, 4, 1, 1)
caused INR: -11.579344263058182
TpsAltruisticFromLsfGain + CumulativeIndividualEstimated_INR + -12.5
None
(1, 15, 1, 4, 1, 1)
caused INR: -14.65357731959619
TpsAltruisticFromLsfGain + CumulativeIndividualEstimated_INR + -15.0
None
(1, 15, 1, 4, 1, 1)
caused INR: -17.150509849620335
TpsRandomic + IndividualEstimated_INR + -10.0
None
ls_gain_coeffs:
[-129.56719829 -105.75324032 -133.72673793 -108.19035559 -135.55277101
 -132.09659084 -129.97017667 -131.06880128 -135.94735937 -146.07405907
 -139.48675703 -117.83396052 -122.14192724 -122.13608434 -125.54654879]
inrs_hat:  [-18.57749825   5.23645972 -22.73703789   2.79934446 -24.56307097
 -21.1068908  -18.98047662 -20.07910123 -24.95765933 -35.08435903
 -28.49705699  -6.84426047 -11.1522272  -11.14638429 -14.55684875]
scheduled_ues:  [ 0  2  4  5  6  7  8  9 10 12 13 14]
(1, 15, 1, 4, 1, 1)
caused INR: -1.3153454790006238
TpsRandomic + IndividualEstimated_INR + -12.5
None
ls_gain_coeffs:
[-116.21421603 -105.75324032 -133.72673793 -125.32965241 -125.41612446
 -132.09659084 -141.01808321 -127.54758424 -126.4667804  -138.28417645
 -139.48675703 -117.83396052 -122.99370108 -111.13621091 -135.37739094]
inrs_hat:  [ -5.22451598   5.23645972 -22.73703789 -14.33995237 -14.42642442
 -21.1068908  -30.02838316 -16.5578842  -15.47708036 -27.29447641
 -28.49705699  -6.84426047 -12.00400104  -0.14651086 -24.3876909 ]
scheduled_ues:  [ 2  3  4  5  6  7  8  9 10 14]
(1, 15, 1, 4, 1, 1)
caused INR: -16.26546033136021
TpsRandomic + IndividualEstimated_INR + -15.0
None
ls_gain_coeffs:
[-120.08798483 -108.82244504 -145.93026852 -112.23299141 -118.33523359
 -145.40267686 -129.97017667 -144.1883906  -135.94735937 -138.28417645
 -139.48675703 -123.88965692 -136.28707492 -110.48192119 -139.29352772]
inrs_hat:  [ -9.09828479   2.16725501 -34.94056847  -1.24329137  -7.34553355
 -34.41297681 -18.98047662 -33.19869056 -24.95765933 -27.29447641
 -28.49705699 -12.89995688 -25.29737488   0.50777885 -28.30382767]
scheduled_ues:  [ 2  5  6  7  8  9 10 12 14]
(1, 15, 1, 4, 1, 1)
caused INR: -14.703385620675869
TpsRandomic + CumulativeIndividualEstimated_INR + -10.0
None
(1, 15, 1, 4, 1, 1)
caused INR: -9.48055066288809
TpsRandomic + CumulativeIndividualEstimated_INR + -12.5
None
(1, 15, 1, 4, 1, 1)
caused INR: -17.377499827918594
TpsRandomic + CumulativeIndividualEstimated_INR + -15.0
None
(1, 15, 1, 4, 1, 1)
caused INR: -31.626001020966306
Iteration number 93
TpsAltruisticFromLsfGain + IndividualEstimated_INR + -10.0
None
ls_gain_coeffs:
[-135.51277707 -140.86567953 -131.25406153 -142.96477532 -126.63114669
 -130.05084799 -138.80585439 -148.95608542 -140.71375507 -129.60526461
 -121.75534241 -153.96523003 -144.70249591 -123.64942738 -145.00134696]
inrs_hat:  [-24.52307703 -29.87597948 -20.26436148 -31.97507527 -15.64144664
 -19.06114795 -27.81615435 -37.96638537 -29.72405503 -18.61556457
 -10.76564237 -42.97552998 -33.71279587 -12.65972733 -34.01164691]
scheduled_ues:  [ 0  1  2  3  4  5  6  7  8  9 10 11 12 13 14]
(1, 15, 1, 4, 1, 1)
caused INR: -7.271688652314756
TpsAltruisticFromLsfGain + IndividualEstimated_INR + -12.5
None
ls_gain_coeffs:
[-135.51277707 -140.86567953 -131.25406153 -142.96477532 -126.63114669
 -130.05084799 -138.80585439 -148.95608542 -140.71375507 -129.60526461
 -121.75534241 -153.96523003 -144.70249591 -123.64942738 -145.00134696]
inrs_hat:  [-24.52307703 -29.87597948 -20.26436148 -31.97507527 -15.64144664
 -19.06114795 -27.81615435 -37.96638537 -29.72405503 -18.61556457
 -10.76564237 -42.97552998 -33.71279587 -12.65972733 -34.01164691]
scheduled_ues:  [ 0  1  2  3  4  5  6  7  8  9 11 12 13 14]
(1, 15, 1, 4, 1, 1)
caused INR: -8.101858468143027
TpsAltruisticFromLsfGain + IndividualEstimated_INR + -15.0
None
ls_gain_coeffs:
[-135.51277707 -140.86567953 -131.25406153 -142.96477532 -126.63114669
 -130.05084799 -138.80585439 -148.95608542 -140.71375507 -129.60526461
 -121.75534241 -153.96523003 -144.70249591 -123.64942738 -145.00134696]
inrs_hat:  [-24.52307703 -29.87597948 -20.26436148 -31.97507527 -15.64144664
 -19.06114795 -27.81615435 -37.96638537 -29.72405503 -18.61556457
 -10.76564237 -42.97552998 -33.71279587 -12.65972733 -34.01164691]
scheduled_ues:  [ 0  1  2  3  4  5  6  7  8  9 11 12 14]
(1, 15, 1, 4, 1, 1)
caused INR: -13.041301779923797
TpsAltruisticFromLsfGain + CumulativeIndividualEstimated_INR + -10.0
None
(1, 15, 1, 4, 1, 1)
caused INR: -13.041301779923797
TpsAltruisticFromLsfGain + CumulativeIndividualEstimated_INR + -12.5
None
(1, 15, 1, 4, 1, 1)
caused INR: -13.034047426718017
TpsAltruisticFromLsfGain + CumulativeIndividualEstimated_INR + -15.0
None
(1, 15, 1, 4, 1, 1)
caused INR: -15.812679612491326
TpsRandomic + IndividualEstimated_INR + -10.0
None
ls_gain_coeffs:
[-122.5565657  -140.86567953 -117.21687046 -135.27772444 -123.1140886
 -130.05084799 -138.80585439 -148.95608542 -130.02768695 -112.71267522
 -121.75534241 -147.60023217 -132.76612687 -123.64942738 -138.94749764]
inrs_hat:  [-11.56686566 -29.87597948  -6.22717041 -24.2880244  -12.12438855
 -19.06114795 -27.81615435 -37.96638537 -19.0379869   -1.72297518
 -10.76564237 -36.61053213 -21.77642683 -12.65972733 -27.95779759]
scheduled_ues:  [ 0  1  3  4  5  6  7  8 10 11 12 13 14]
(1, 15, 1, 4, 1, 1)
caused INR: -8.799681152125006
TpsRandomic + IndividualEstimated_INR + -12.5
None
ls_gain_coeffs:
[-127.10432429 -134.45522836 -126.46728832 -129.60044613 -113.01719399
 -122.05000541 -122.67293703 -148.95608542 -123.60182687 -118.62732163
 -121.75534241 -153.96523003 -132.76612687 -111.96779811 -138.94749764]
inrs_hat:  [-16.11462425 -23.46552832 -15.47758827 -18.61074608  -2.02749395
 -11.06030536 -11.68323699 -37.96638537 -12.61212683  -7.63762159
 -10.76564237 -42.97552998 -21.77642683  -0.97809806 -27.95779759]
scheduled_ues:  [ 0  1  2  3  7  8 11 12 14]
(1, 15, 1, 4, 1, 1)
caused INR: -18.753349642268738
TpsRandomic + IndividualEstimated_INR + -15.0
None
ls_gain_coeffs:
[-118.609645   -134.45522836 -117.21687046 -129.60044613 -126.63114669
 -115.65663326 -122.67293703 -148.95608542 -129.6175668  -119.23962881
 -115.93355585 -153.96523003 -144.70249591 -111.96779811 -138.94749764]
inrs_hat:  [ -7.61994495 -23.46552832  -6.22717041 -18.61074608 -15.64144664
  -4.66693322 -11.68323699 -37.96638537 -18.62786676  -8.24992877
  -4.9438558  -42.97552998 -33.71279587  -0.97809806 -27.95779759]
scheduled_ues:  [ 1  3  4  7  8 11 12 14]
(1, 15, 1, 4, 1, 1)
caused INR: -15.799990577740594
TpsRandomic + CumulativeIndividualEstimated_INR + -10.0
None
(1, 15, 1, 4, 1, 1)
caused INR: -21.633067457880365
TpsRandomic + CumulativeIndividualEstimated_INR + -12.5
None
(1, 15, 1, 4, 1, 1)
caused INR: -16.195871312811082
TpsRandomic + CumulativeIndividualEstimated_INR + -15.0
None
(1, 15, 1, 4, 1, 1)
caused INR: -16.049419677138186
Iteration number 94
TpsAltruisticFromLsfGain + IndividualEstimated_INR + -10.0
None
ls_gain_coeffs:
[-118.25770644 -141.98440587 -141.07385378 -140.60175066 -133.24856071
 -152.41049887 -134.77397136 -138.95969055 -130.33200897 -132.44784589
 -134.92593039 -143.8501183  -133.53729184 -150.92758128 -128.22488151]
inrs_hat:  [ -7.2680064  -30.99470583 -30.08415374 -29.61205061 -22.25886067
 -41.42079882 -23.78427131 -27.9699905  -19.34230893 -21.45814584
 -23.93623035 -32.86041826 -22.5475918  -39.93788124 -17.23518146]
scheduled_ues:  [ 1  2  3  4  5  6  7  8  9 10 11 12 13 14]
(1, 15, 1, 4, 1, 1)
caused INR: -15.227349342749676
TpsAltruisticFromLsfGain + IndividualEstimated_INR + -12.5
None
ls_gain_coeffs:
[-118.25770644 -141.98440587 -141.07385378 -140.60175066 -133.24856071
 -152.41049887 -134.77397136 -138.95969055 -130.33200897 -132.44784589
 -134.92593039 -143.8501183  -133.53729184 -150.92758128 -128.22488151]
inrs_hat:  [ -7.2680064  -30.99470583 -30.08415374 -29.61205061 -22.25886067
 -41.42079882 -23.78427131 -27.9699905  -19.34230893 -21.45814584
 -23.93623035 -32.86041826 -22.5475918  -39.93788124 -17.23518146]
scheduled_ues:  [ 1  2  3  4  5  6  7  8  9 10 11 12 13 14]
(1, 15, 1, 4, 1, 1)
caused INR: -15.227349342749676
TpsAltruisticFromLsfGain + IndividualEstimated_INR + -15.0
None
ls_gain_coeffs:
[-118.25770644 -141.98440587 -141.07385378 -140.60175066 -133.24856071
 -152.41049887 -134.77397136 -138.95969055 -130.33200897 -132.44784589
 -134.92593039 -143.8501183  -133.53729184 -150.92758128 -128.22488151]
inrs_hat:  [ -7.2680064  -30.99470583 -30.08415374 -29.61205061 -22.25886067
 -41.42079882 -23.78427131 -27.9699905  -19.34230893 -21.45814584
 -23.93623035 -32.86041826 -22.5475918  -39.93788124 -17.23518146]
scheduled_ues:  [ 1  2  3  4  5  6  7  8  9 10 11 12 13 14]
(1, 15, 1, 4, 1, 1)
caused INR: -15.227349342749676
TpsAltruisticFromLsfGain + CumulativeIndividualEstimated_INR + -10.0
None
(1, 15, 1, 4, 1, 1)
caused INR: -15.227349342749676
TpsAltruisticFromLsfGain + CumulativeIndividualEstimated_INR + -12.5
None
(1, 15, 1, 4, 1, 1)
caused INR: -16.913537297096354
TpsAltruisticFromLsfGain + CumulativeIndividualEstimated_INR + -15.0
None
(1, 15, 1, 4, 1, 1)
caused INR: -25.452953565522265
TpsRandomic + IndividualEstimated_INR + -10.0
None
ls_gain_coeffs:
[-104.86923256 -135.34594324 -126.8206809  -140.60175066 -116.63516682
 -135.95633188 -134.77397136 -138.95969055 -116.56537458 -119.04259148
 -126.16100458 -129.77695486 -116.33221772 -141.39498296 -118.34683196]
inrs_hat:  [  6.12046749 -24.35624319 -15.83098086 -29.61205061  -5.64546677
 -24.96663184 -23.78427131 -27.9699905   -5.57567454  -8.05289144
 -15.17130454 -18.78725482  -5.34251768 -30.40528292  -7.35713192]
scheduled_ues:  [ 1  2  3  5  6  7 10 11 13]
(1, 15, 1, 4, 1, 1)
caused INR: -14.108248006831463
TpsRandomic + IndividualEstimated_INR + -12.5
None
ls_gain_coeffs:
[-100.25053565 -135.34594324 -135.5098859  -131.61892725 -120.99890598
 -144.67410002 -134.77397136 -138.95969055 -123.97500859 -131.00236428
 -126.16100458 -143.8501183  -124.48710696 -141.39498296 -116.61264891]
inrs_hat:  [ 10.73916439 -24.35624319 -24.52018586 -20.62922721 -10.00920594
 -33.68439998 -23.78427131 -27.9699905  -12.98530854 -20.01266424
 -15.17130454 -32.86041826 -13.49740692 -30.40528292  -5.62294887]
scheduled_ues:  [ 1  2  3  5  6  7  8  9 10 11 12 13]
(1, 15, 1, 4, 1, 1)
caused INR: -7.351718707975932
TpsRandomic + IndividualEstimated_INR + -15.0
None
ls_gain_coeffs:
[-104.86923256 -141.98440587 -124.9444834  -123.63232011 -133.24856071
 -139.68016375 -125.7152075  -138.95969055 -123.97500859 -131.00236428
 -134.92593039 -138.60437774 -124.48710696 -141.39498296 -118.34683196]
inrs_hat:  [  6.12046749 -30.99470583 -13.95478336 -12.64262006 -22.25886067
 -28.6904637  -14.72550746 -27.9699905  -12.98530854 -20.01266424
 -23.93623035 -27.6146777  -13.49740692 -30.40528292  -7.35713192]
scheduled_ues:  [ 1  4  5  7  9 10 11 13]
(1, 15, 1, 4, 1, 1)
caused INR: -21.578156130521773
TpsRandomic + CumulativeIndividualEstimated_INR + -10.0
None
(1, 15, 1, 4, 1, 1)
caused INR: -18.8622753956181
TpsRandomic + CumulativeIndividualEstimated_INR + -12.5
None
(1, 15, 1, 4, 1, 1)
caused INR: -7.137225981471351
TpsRandomic + CumulativeIndividualEstimated_INR + -15.0
None
(1, 15, 1, 4, 1, 1)
caused INR: -21.405085488462188
Iteration number 95
TpsAltruisticFromLsfGain + IndividualEstimated_INR + -10.0
None
ls_gain_coeffs:
[-135.87455721 -130.36305842 -146.62599491 -136.71484237 -132.92218795
 -125.78026199 -143.33713216 -146.09454975 -134.80752138 -144.25356812
 -129.88700416 -130.05691591 -145.41960186 -133.92943394 -137.66311335]
inrs_hat:  [-24.88485717 -19.37335838 -35.63629486 -25.72514232 -21.93248791
 -14.79056194 -32.34743211 -35.10484971 -23.81782134 -33.26386808
 -18.89730412 -19.06721586 -34.42990182 -22.93973389 -26.6734133 ]
scheduled_ues:  [ 0  1  2  3  4  5  6  7  8  9 10 11 12 13 14]
(1, 15, 1, 4, 1, 1)
caused INR: -17.385060192191858
TpsAltruisticFromLsfGain + IndividualEstimated_INR + -12.5
None
ls_gain_coeffs:
[-135.87455721 -130.36305842 -146.62599491 -136.71484237 -132.92218795
 -125.78026199 -143.33713216 -146.09454975 -134.80752138 -144.25356812
 -129.88700416 -130.05691591 -145.41960186 -133.92943394 -137.66311335]
inrs_hat:  [-24.88485717 -19.37335838 -35.63629486 -25.72514232 -21.93248791
 -14.79056194 -32.34743211 -35.10484971 -23.81782134 -33.26386808
 -18.89730412 -19.06721586 -34.42990182 -22.93973389 -26.6734133 ]
scheduled_ues:  [ 0  1  2  3  4  5  6  7  8  9 10 11 12 13 14]
(1, 15, 1, 4, 1, 1)
caused INR: -17.385060192191858
TpsAltruisticFromLsfGain + IndividualEstimated_INR + -15.0
None
ls_gain_coeffs:
[-135.87455721 -130.36305842 -146.62599491 -136.71484237 -132.92218795
 -125.78026199 -143.33713216 -146.09454975 -134.80752138 -144.25356812
 -129.88700416 -130.05691591 -145.41960186 -133.92943394 -137.66311335]
inrs_hat:  [-24.88485717 -19.37335838 -35.63629486 -25.72514232 -21.93248791
 -14.79056194 -32.34743211 -35.10484971 -23.81782134 -33.26386808
 -18.89730412 -19.06721586 -34.42990182 -22.93973389 -26.6734133 ]
scheduled_ues:  [ 0  1  2  3  4  6  7  8  9 10 11 12 13 14]
(1, 15, 1, 4, 1, 1)
caused INR: -21.22951492993424
TpsAltruisticFromLsfGain + CumulativeIndividualEstimated_INR + -10.0
None
(1, 15, 1, 4, 1, 1)
caused INR: -17.385060192191858
TpsAltruisticFromLsfGain + CumulativeIndividualEstimated_INR + -12.5
None
(1, 15, 1, 4, 1, 1)
caused INR: -38.08321041951882
TpsAltruisticFromLsfGain + CumulativeIndividualEstimated_INR + -15.0
None
(1, 15, 1, 4, 1, 1)
caused INR: -19.809694648099725
TpsRandomic + IndividualEstimated_INR + -10.0
None
ls_gain_coeffs:
[-127.60026982 -121.27860436 -146.62599491 -136.71484237 -115.8776795
 -113.24204457 -130.26266408 -139.63998451 -134.80752138 -138.66840049
 -127.05432451 -113.0779035  -145.41960186 -119.42881312 -121.44245441]
inrs_hat:  [-16.61056978 -10.28890431 -35.63629486 -25.72514232  -4.88797946
  -2.25234453 -19.27296403 -28.65028446 -23.81782134 -27.67870044
 -16.06462447  -2.08820346 -34.42990182  -8.43911307 -10.45275437]
scheduled_ues:  [ 0  1  2  3  6  7  8  9 10 12 14]
(1, 15, 1, 4, 1, 1)
caused INR: -6.47007979145258
TpsRandomic + IndividualEstimated_INR + -12.5
None
ls_gain_coeffs:
[-118.67977115 -121.27860436 -143.83154387 -120.3085394  -125.1920659
 -107.39956564 -130.26266408 -129.77330662 -120.60540035 -138.66840049
 -116.50117761 -113.0779035  -131.56988691 -133.92943394 -121.44245441]
inrs_hat:  [ -7.69007111 -10.28890431 -32.84184382  -9.31883935 -14.20236585
   3.5901344  -19.27296403 -18.78360657  -9.61570031 -27.67870044
  -5.51147757  -2.08820346 -20.58018687 -22.93973389 -10.45275437]
scheduled_ues:  [ 2  4  6  7  9 12 13]
(1, 15, 1, 4, 1, 1)
caused INR: -4.39229300067735
TpsRandomic + IndividualEstimated_INR + -15.0
None
ls_gain_coeffs:
[-127.60026982 -121.27860436 -143.83154387 -136.71484237 -132.92218795
 -113.24204457 -143.33713216 -146.09454975 -118.84487933 -130.00475122
 -129.88700416 -119.73486823 -130.16177196 -133.92943394 -137.66311335]
inrs_hat:  [-16.61056978 -10.28890431 -32.84184382 -25.72514232 -21.93248791
  -2.25234453 -32.34743211 -35.10484971  -7.85517928 -19.01505118
 -18.89730412  -8.74516819 -19.17207192 -22.93973389 -26.6734133 ]
scheduled_ues:  [ 0  2  3  4  6  7  9 10 12 13 14]
(1, 15, 1, 4, 1, 1)
caused INR: -23.942683463464647
TpsRandomic + CumulativeIndividualEstimated_INR + -10.0
None
(1, 15, 1, 4, 1, 1)
caused INR: -15.79884612179703
TpsRandomic + CumulativeIndividualEstimated_INR + -12.5
None
(1, 15, 1, 4, 1, 1)
caused INR: -17.15438468552765
TpsRandomic + CumulativeIndividualEstimated_INR + -15.0
None
(1, 15, 1, 4, 1, 1)
caused INR: -18.140303847900825
Iteration number 96
TpsAltruisticFromLsfGain + IndividualEstimated_INR + -10.0
None
ls_gain_coeffs:
[-138.57703436 -127.32948005 -117.98292852 -130.38010808 -150.82219819
 -147.76085228 -152.73975828 -141.34608964 -142.28250441 -131.69290746
 -126.24371922 -130.69341486 -152.39031376 -140.84647504 -139.57431323]
inrs_hat:  [-27.58733431 -16.33978001  -6.99322848 -19.39040803 -39.83249815
 -36.77115224 -41.75005823 -30.3563896  -31.29280437 -20.70320742
 -15.25401918 -19.70371482 -41.40061372 -29.85677499 -28.58461318]
scheduled_ues:  [ 0  1  3  4  5  6  7  8  9 10 11 12 13 14]
(1, 15, 1, 4, 1, 1)
caused INR: -13.08681330057157
TpsAltruisticFromLsfGain + IndividualEstimated_INR + -12.5
None
ls_gain_coeffs:
[-138.57703436 -127.32948005 -117.98292852 -130.38010808 -150.82219819
 -147.76085228 -152.73975828 -141.34608964 -142.28250441 -131.69290746
 -126.24371922 -130.69341486 -152.39031376 -140.84647504 -139.57431323]
inrs_hat:  [-27.58733431 -16.33978001  -6.99322848 -19.39040803 -39.83249815
 -36.77115224 -41.75005823 -30.3563896  -31.29280437 -20.70320742
 -15.25401918 -19.70371482 -41.40061372 -29.85677499 -28.58461318]
scheduled_ues:  [ 0  1  3  4  5  6  7  8  9 10 11 12 13 14]
(1, 15, 1, 4, 1, 1)
caused INR: -13.08681330057157
TpsAltruisticFromLsfGain + IndividualEstimated_INR + -15.0
None
ls_gain_coeffs:
[-138.57703436 -127.32948005 -117.98292852 -130.38010808 -150.82219819
 -147.76085228 -152.73975828 -141.34608964 -142.28250441 -131.69290746
 -126.24371922 -130.69341486 -152.39031376 -140.84647504 -139.57431323]
inrs_hat:  [-27.58733431 -16.33978001  -6.99322848 -19.39040803 -39.83249815
 -36.77115224 -41.75005823 -30.3563896  -31.29280437 -20.70320742
 -15.25401918 -19.70371482 -41.40061372 -29.85677499 -28.58461318]
scheduled_ues:  [ 0  1  3  4  5  6  7  8  9 10 11 12 13 14]
(1, 15, 1, 4, 1, 1)
caused INR: -13.08681330057157
TpsAltruisticFromLsfGain + CumulativeIndividualEstimated_INR + -10.0
None
(1, 15, 1, 4, 1, 1)
caused INR: -13.08681330057157
TpsAltruisticFromLsfGain + CumulativeIndividualEstimated_INR + -12.5
None
(1, 15, 1, 4, 1, 1)
caused INR: -12.258576931356881
TpsAltruisticFromLsfGain + CumulativeIndividualEstimated_INR + -15.0
None
(1, 15, 1, 4, 1, 1)
caused INR: -15.222519248016813
TpsRandomic + IndividualEstimated_INR + -10.0
None
ls_gain_coeffs:
[-126.21251163 -127.32948005 -113.72098415 -130.38010808 -143.34184303
 -147.76085228 -136.13611434 -127.96352765 -125.38923202 -118.23615279
 -111.81533949 -122.56887971 -139.3182343  -140.84647504 -122.83493308]
inrs_hat:  [-15.22281158 -16.33978001  -2.73128411 -19.39040803 -32.35214299
 -36.77115224 -25.14641429 -16.97382761 -14.39953198  -7.24645274
  -0.82563945 -11.57917967 -28.32853426 -29.85677499 -11.84523304]
scheduled_ues:  [ 0  1  3  4  5  6  7  8 11 12 13 14]
(1, 15, 1, 4, 1, 1)
caused INR: -15.499783098475419
TpsRandomic + IndividualEstimated_INR + -12.5
None
ls_gain_coeffs:
[-138.57703436 -127.32948005 -117.98292852 -127.34490013 -137.72193763
 -139.48921977 -143.68254335 -141.34608964 -130.54604691 -117.22099811
 -126.24371922 -122.56887971 -139.3182343  -126.12958805 -131.60294466]
inrs_hat:  [-27.58733431 -16.33978001  -6.99322848 -16.35520009 -26.73223758
 -28.49951973 -32.6928433  -30.3563896  -19.55634687  -6.23129807
 -15.25401918 -11.57917967 -28.32853426 -15.139888   -20.61324461]
scheduled_ues:  [ 0  1  3  4  5  6  7  8 10 12 13 14]
(1, 15, 1, 4, 1, 1)
caused INR: -12.210096229730645
TpsRandomic + IndividualEstimated_INR + -15.0
None
ls_gain_coeffs:
[-138.57703436 -113.4104299  -102.70003227 -127.34490013 -137.72193763
 -131.10556601 -143.68254335 -141.34608964 -142.28250441 -117.22099811
 -117.7435628  -113.44361352 -136.00176485 -140.84647504 -131.60294466]
inrs_hat:  [-27.58733431  -2.42072985   8.28966777 -16.35520009 -26.73223758
 -20.11586597 -32.6928433  -30.3563896  -31.29280437  -6.23129807
  -6.75386276  -2.45391347 -25.01206481 -29.85677499 -20.61324461]
scheduled_ues:  [ 0  3  4  5  6  7  8 12 13 14]
(1, 15, 1, 4, 1, 1)
caused INR: -14.631070519482154
TpsRandomic + CumulativeIndividualEstimated_INR + -10.0
None
(1, 15, 1, 4, 1, 1)
caused INR: -13.051002379418883
TpsRandomic + CumulativeIndividualEstimated_INR + -12.5
None
(1, 15, 1, 4, 1, 1)
caused INR: -16.79443056830007
TpsRandomic + CumulativeIndividualEstimated_INR + -15.0
None
(1, 15, 1, 4, 1, 1)
caused INR: -16.889548069090505
Iteration number 97
TpsAltruisticFromLsfGain + IndividualEstimated_INR + -10.0
None
ls_gain_coeffs:
[-148.34817664 -134.87816425 -137.69681807 -125.00792768 -147.33158761
 -131.27437802 -131.8514053  -128.773662   -134.88600003 -151.86767926
 -139.8525371  -140.91450401 -128.40698642 -142.12579499 -133.12696407]
inrs_hat:  [-37.3584766  -23.88846421 -26.70711802 -14.01822764 -36.34188757
 -20.28467798 -20.86170526 -17.78396196 -23.89629998 -40.87797921
 -28.86283706 -29.92480396 -17.41728637 -31.13609495 -22.13726403]
scheduled_ues:  [ 0  1  2  3  4  5  6  7  8  9 10 11 12 13 14]
(1, 15, 1, 4, 1, 1)
caused INR: -9.020814977147188
TpsAltruisticFromLsfGain + IndividualEstimated_INR + -12.5
None
ls_gain_coeffs:
[-148.34817664 -134.87816425 -137.69681807 -125.00792768 -147.33158761
 -131.27437802 -131.8514053  -128.773662   -134.88600003 -151.86767926
 -139.8525371  -140.91450401 -128.40698642 -142.12579499 -133.12696407]
inrs_hat:  [-37.3584766  -23.88846421 -26.70711802 -14.01822764 -36.34188757
 -20.28467798 -20.86170526 -17.78396196 -23.89629998 -40.87797921
 -28.86283706 -29.92480396 -17.41728637 -31.13609495 -22.13726403]
scheduled_ues:  [ 0  1  2  3  4  5  6  7  8  9 10 11 12 13 14]
(1, 15, 1, 4, 1, 1)
caused INR: -9.020814977147188
TpsAltruisticFromLsfGain + IndividualEstimated_INR + -15.0
None
ls_gain_coeffs:
[-148.34817664 -134.87816425 -137.69681807 -125.00792768 -147.33158761
 -131.27437802 -131.8514053  -128.773662   -134.88600003 -151.86767926
 -139.8525371  -140.91450401 -128.40698642 -142.12579499 -133.12696407]
inrs_hat:  [-37.3584766  -23.88846421 -26.70711802 -14.01822764 -36.34188757
 -20.28467798 -20.86170526 -17.78396196 -23.89629998 -40.87797921
 -28.86283706 -29.92480396 -17.41728637 -31.13609495 -22.13726403]
scheduled_ues:  [ 0  1  2  4  5  6  7  8  9 10 11 12 13 14]
(1, 15, 1, 4, 1, 1)
caused INR: -8.556075879388077
TpsAltruisticFromLsfGain + CumulativeIndividualEstimated_INR + -10.0
None
(1, 15, 1, 4, 1, 1)
caused INR: -8.556075879388077
TpsAltruisticFromLsfGain + CumulativeIndividualEstimated_INR + -12.5
None
(1, 15, 1, 4, 1, 1)
caused INR: -12.356086252179697
TpsAltruisticFromLsfGain + CumulativeIndividualEstimated_INR + -15.0
None
(1, 15, 1, 4, 1, 1)
caused INR: -14.366368250092329
TpsRandomic + IndividualEstimated_INR + -10.0
None
ls_gain_coeffs:
[-148.34817664 -134.87816425 -137.69681807 -108.78661968 -130.46213603
 -124.07608222 -122.80936154 -125.44144216 -123.21278709 -135.18655851
 -139.8525371  -131.21796955 -115.01758699 -142.12579499 -133.12696407]
inrs_hat:  [-37.3584766  -23.88846421 -26.70711802   2.20308036 -19.47243599
 -13.08638218 -11.8196615  -14.45174212 -12.22308704 -24.19685847
 -28.86283706 -20.22826951  -4.02788694 -31.13609495 -22.13726403]
scheduled_ues:  [ 0  1  2  4  5  6  7  8  9 10 11 13 14]
(1, 15, 1, 4, 1, 1)
caused INR: -7.820725711458396
TpsRandomic + IndividualEstimated_INR + -12.5
None
ls_gain_coeffs:
[-148.34817664 -118.21899654 -126.13144717 -108.78661968 -137.52206278
 -117.01967259 -122.80936154 -115.22132206 -117.46658511 -135.18655851
 -123.00319453 -140.91450401 -126.98528727 -129.2070709  -119.10249077]
inrs_hat:  [-37.3584766   -7.22929649 -15.14174713   2.20308036 -26.53236274
  -6.02997255 -11.8196615   -4.23162201  -6.47688507 -24.19685847
 -12.01349448 -29.92480396 -15.99558723 -18.21737086  -8.11279073]
scheduled_ues:  [ 0  2  4  9 11 12 13]
(1, 15, 1, 4, 1, 1)
caused INR: -17.631585799689397
TpsRandomic + IndividualEstimated_INR + -15.0
None
ls_gain_coeffs:
[-136.55685575 -120.33721795 -137.69681807 -125.00792768 -135.84380929
 -114.32707741 -131.8514053  -115.22132206 -123.21278709 -142.21940327
 -128.68772292 -131.21796955 -115.01758699 -142.12579499 -128.37834417]
inrs_hat:  [-25.56715571  -9.34751791 -26.70711802 -14.01822764 -24.85410924
  -3.33737736 -20.86170526  -4.23162201 -12.22308704 -31.22970322
 -17.69802287 -20.22826951  -4.02788694 -31.13609495 -17.38864413]
scheduled_ues:  [ 0  2  4  6  9 10 11 13 14]
(1, 15, 1, 4, 1, 1)
caused INR: -9.181665490296187
TpsRandomic + CumulativeIndividualEstimated_INR + -10.0
None
(1, 15, 1, 4, 1, 1)
caused INR: -9.959596260902943
TpsRandomic + CumulativeIndividualEstimated_INR + -12.5
None
(1, 15, 1, 4, 1, 1)
caused INR: -10.085728943702224
TpsRandomic + CumulativeIndividualEstimated_INR + -15.0
None
(1, 15, 1, 4, 1, 1)
caused INR: -14.135873520848106
Iteration number 98
TpsAltruisticFromLsfGain + IndividualEstimated_INR + -10.0
None
ls_gain_coeffs:
[-151.5704044  -137.87670104 -131.42178771 -144.15853528 -130.82103514
 -132.12683113 -145.64465381 -132.60865579 -144.56510443 -118.59601804
 -136.02710246 -130.60255436 -139.09038383 -123.29946202 -136.83012858]
inrs_hat:  [-40.58070436 -26.887001   -20.43208767 -33.16883524 -19.8313351
 -21.13713109 -34.65495377 -21.61895575 -33.57540439  -7.606318
 -25.03740242 -19.61285431 -28.10068379 -12.30976197 -25.84042854]
scheduled_ues:  [ 0  1  2  3  4  5  6  7  8 10 11 12 13 14]
(1, 15, 1, 4, 1, 1)
caused INR: -12.898843230813021
TpsAltruisticFromLsfGain + IndividualEstimated_INR + -12.5
None
ls_gain_coeffs:
[-151.5704044  -137.87670104 -131.42178771 -144.15853528 -130.82103514
 -132.12683113 -145.64465381 -132.60865579 -144.56510443 -118.59601804
 -136.02710246 -130.60255436 -139.09038383 -123.29946202 -136.83012858]
inrs_hat:  [-40.58070436 -26.887001   -20.43208767 -33.16883524 -19.8313351
 -21.13713109 -34.65495377 -21.61895575 -33.57540439  -7.606318
 -25.03740242 -19.61285431 -28.10068379 -12.30976197 -25.84042854]
scheduled_ues:  [ 0  1  2  3  4  5  6  7  8 10 11 12 14]
(1, 15, 1, 4, 1, 1)
caused INR: -16.554599852765573
TpsAltruisticFromLsfGain + IndividualEstimated_INR + -15.0
None
ls_gain_coeffs:
[-151.5704044  -137.87670104 -131.42178771 -144.15853528 -130.82103514
 -132.12683113 -145.64465381 -132.60865579 -144.56510443 -118.59601804
 -136.02710246 -130.60255436 -139.09038383 -123.29946202 -136.83012858]
inrs_hat:  [-40.58070436 -26.887001   -20.43208767 -33.16883524 -19.8313351
 -21.13713109 -34.65495377 -21.61895575 -33.57540439  -7.606318
 -25.03740242 -19.61285431 -28.10068379 -12.30976197 -25.84042854]
scheduled_ues:  [ 0  1  2  3  4  5  6  7  8 10 11 12 14]
(1, 15, 1, 4, 1, 1)
caused INR: -16.554599852765573
TpsAltruisticFromLsfGain + CumulativeIndividualEstimated_INR + -10.0
None
(1, 15, 1, 4, 1, 1)
caused INR: -16.554599852765573
TpsAltruisticFromLsfGain + CumulativeIndividualEstimated_INR + -12.5
None
(1, 15, 1, 4, 1, 1)
caused INR: -16.554599852765573
TpsAltruisticFromLsfGain + CumulativeIndividualEstimated_INR + -15.0
None
(1, 15, 1, 4, 1, 1)
caused INR: -24.190154586353078
TpsRandomic + IndividualEstimated_INR + -10.0
None
ls_gain_coeffs:
[-140.79293237 -125.44307664 -126.48976057 -127.73781082 -130.82103514
 -114.67270318 -132.20594355 -120.04902378 -132.28470369 -106.18093108
 -119.42575536 -130.60255436 -134.10449643 -106.16277963 -120.07935948]
inrs_hat:  [-29.80323232 -14.45337659 -15.50006052 -16.74811077 -19.8313351
  -3.68300313 -21.21624351  -9.05932374 -21.29500365   4.80876896
  -8.43605531 -19.61285431 -23.11479638   4.82692041  -9.08965943]
scheduled_ues:  [ 0  1  2  3  4  6  8 11 12]
(1, 15, 1, 4, 1, 1)
caused INR: -16.977951236616814
TpsRandomic + IndividualEstimated_INR + -12.5
None
ls_gain_coeffs:
[-151.5704044  -128.71511599 -131.42178771 -137.54354912 -116.6649561
 -121.74422733 -142.65332303 -120.04902378 -127.58894642 -106.18093108
 -119.42575536 -113.86424068 -139.09038383 -113.58218019 -123.43276285]
inrs_hat:  [-40.58070436 -17.72541595 -20.43208767 -26.55384908  -5.67525606
 -10.75452728 -31.66362299  -9.05932374 -16.59924638   4.80876896
  -8.43605531  -2.87454064 -28.10068379  -2.59248014 -12.4430628 ]
scheduled_ues:  [ 0  1  2  3  6  8 12]
(1, 15, 1, 4, 1, 1)
caused INR: -17.46456015837142
TpsRandomic + IndividualEstimated_INR + -15.0
None
ls_gain_coeffs:
[-140.79293237 -125.44307664 -117.33617866 -144.15853528 -130.82103514
 -120.04277903 -132.20594355 -132.60865579 -135.33478915 -103.35409238
 -119.42575536 -117.94251858 -124.98682136 -113.58218019 -123.43276285]
inrs_hat:  [-29.80323232 -14.45337659  -6.34647862 -33.16883524 -19.8313351
  -9.05307898 -21.21624351 -21.61895575 -24.34508911   7.63560767
  -8.43605531  -6.95281853 -13.99712132  -2.59248014 -12.4430628 ]
scheduled_ues:  [0 3 4 6 7 8]
(1, 15, 1, 4, 1, 1)
caused INR: -14.406960137679746
TpsRandomic + CumulativeIndividualEstimated_INR + -10.0
None
(1, 15, 1, 4, 1, 1)
caused INR: -4.308786812490627
TpsRandomic + CumulativeIndividualEstimated_INR + -12.5
None
(1, 15, 1, 4, 1, 1)
caused INR: -10.388391416838342
TpsRandomic + CumulativeIndividualEstimated_INR + -15.0
None
(1, 15, 1, 4, 1, 1)
caused INR: -31.283255389266476
Iteration number 99
TpsAltruisticFromLsfGain + IndividualEstimated_INR + -10.0
None
ls_gain_coeffs:
[-133.1043741  -129.9306307  -123.23667962 -123.97444808 -129.72669572
 -110.82131522 -126.20869977 -144.56995063 -145.18212858 -137.15961118
 -122.89275657 -138.2040374  -142.82290695 -133.64132161 -128.91479415]
inrs_hat:  [-22.11467406 -18.94093066 -12.24697958 -12.98474804 -18.73699567
   0.16838482 -15.21899972 -33.58025058 -34.19242854 -26.16991114
 -11.90305653 -27.21433736 -31.8332069  -22.65162157 -17.9250941 ]
scheduled_ues:  [ 0  1  2  3  4  6  7  8  9 10 11 12 13 14]
(1, 15, 1, 4, 1, 1)
caused INR: -7.595076422168856
TpsAltruisticFromLsfGain + IndividualEstimated_INR + -12.5
None
ls_gain_coeffs:
[-133.1043741  -129.9306307  -123.23667962 -123.97444808 -129.72669572
 -110.82131522 -126.20869977 -144.56995063 -145.18212858 -137.15961118
 -122.89275657 -138.2040374  -142.82290695 -133.64132161 -128.91479415]
inrs_hat:  [-22.11467406 -18.94093066 -12.24697958 -12.98474804 -18.73699567
   0.16838482 -15.21899972 -33.58025058 -34.19242854 -26.16991114
 -11.90305653 -27.21433736 -31.8332069  -22.65162157 -17.9250941 ]
scheduled_ues:  [ 0  1  3  4  6  7  8  9 11 12 13 14]
(1, 15, 1, 4, 1, 1)
caused INR: -19.348731654821368
TpsAltruisticFromLsfGain + IndividualEstimated_INR + -15.0
None
ls_gain_coeffs:
[-133.1043741  -129.9306307  -123.23667962 -123.97444808 -129.72669572
 -110.82131522 -126.20869977 -144.56995063 -145.18212858 -137.15961118
 -122.89275657 -138.2040374  -142.82290695 -133.64132161 -128.91479415]
inrs_hat:  [-22.11467406 -18.94093066 -12.24697958 -12.98474804 -18.73699567
   0.16838482 -15.21899972 -33.58025058 -34.19242854 -26.16991114
 -11.90305653 -27.21433736 -31.8332069  -22.65162157 -17.9250941 ]
scheduled_ues:  [ 0  1  4  6  7  8  9 11 12 13 14]
(1, 15, 1, 4, 1, 1)
caused INR: -9.301305453784327
TpsAltruisticFromLsfGain + CumulativeIndividualEstimated_INR + -10.0
None
(1, 15, 1, 4, 1, 1)
caused INR: -9.301305453784327
TpsAltruisticFromLsfGain + CumulativeIndividualEstimated_INR + -12.5
None
(1, 15, 1, 4, 1, 1)
caused INR: -16.18092097801646
TpsAltruisticFromLsfGain + CumulativeIndividualEstimated_INR + -15.0
None
(1, 15, 1, 4, 1, 1)
caused INR: -20.741658514294965
TpsRandomic + IndividualEstimated_INR + -10.0
None
ls_gain_coeffs:
[-121.33391947 -128.27983101 -123.23667962 -123.97444808 -113.28660503
 -110.82131522 -113.26933767 -136.66949238 -145.18212858 -128.66045767
 -107.47231717 -125.08717752 -142.82290695 -122.02443193 -128.91479415]
inrs_hat:  [-10.34421942 -17.29013097 -12.24697958 -12.98474804  -2.29690499
   0.16838482  -2.27963762 -25.67979234 -34.19242854 -17.67075762
   3.51738287 -14.09747748 -31.8332069  -11.03473189 -17.9250941 ]
scheduled_ues:  [ 0  1  2  3  7  8  9 11 12 13 14]
(1, 15, 1, 4, 1, 1)
caused INR: -7.15827074614428
TpsRandomic + IndividualEstimated_INR + -12.5
None
ls_gain_coeffs:
[-121.33391947 -128.27983101 -112.22024676 -111.03565872 -129.72669572
  -98.20673352 -125.46205662 -144.56995063 -128.84804702 -128.66045767
 -122.89275657 -138.2040374  -142.82290695 -133.64132161 -122.78720747]
inrs_hat:  [-10.34421942 -17.29013097  -1.23054671  -0.04595868 -18.73699567
  12.78296652 -14.47235657 -33.58025058 -17.85834698 -17.67075762
 -11.90305653 -27.21433736 -31.8332069  -22.65162157 -11.79750742]
scheduled_ues:  [ 1  4  6  7  8  9 11 12 13]
(1, 15, 1, 4, 1, 1)
caused INR: -12.065524119244158
TpsRandomic + IndividualEstimated_INR + -15.0
None
ls_gain_coeffs:
[-121.92456553 -128.27983101 -112.00097407 -123.97444808 -113.28660503
 -110.82131522 -113.51821872 -144.56995063 -145.18212858 -123.66258061
 -118.42449747 -121.55138856 -126.3419025  -122.02443193 -122.78720747]
inrs_hat:  [-10.93486548 -17.29013097  -1.01127403 -12.98474804  -2.29690499
   0.16838482  -2.52851867 -33.58025058 -34.19242854 -12.67288057
  -7.43479743 -10.56168851 -15.35220245 -11.03473189 -11.79750742]
scheduled_ues:  [ 1  7  8 12]
(1, 15, 1, 4, 1, 1)
caused INR: -20.80567343718603
TpsRandomic + CumulativeIndividualEstimated_INR + -10.0
None
(1, 15, 1, 4, 1, 1)
caused INR: -12.71365206264333
TpsRandomic + CumulativeIndividualEstimated_INR + -12.5
None
(1, 15, 1, 4, 1, 1)
caused INR: -11.267429729420877
TpsRandomic + CumulativeIndividualEstimated_INR + -15.0
None
(1, 15, 1, 4, 1, 1)
caused INR: -13.635832313383894
Iteration number 100
TpsAltruisticFromLsfGain + IndividualEstimated_INR + -10.0
None
ls_gain_coeffs:
[-139.84028523 -142.16219972 -140.27615455 -151.87855075 -139.31761644
 -126.53939475 -133.29803086 -151.29989243 -141.00978146 -132.86134941
 -147.40723489 -139.73170791 -139.54724224 -137.98893652 -144.85204188]
inrs_hat:  [-28.85058519 -31.17249967 -29.2864545  -40.8888507  -28.32791639
 -15.5496947  -22.30833082 -40.31019238 -30.02008142 -21.87164937
 -36.41753485 -28.74200786 -28.5575422  -26.99923647 -33.86234184]
scheduled_ues:  [ 0  1  2  3  4  5  6  7  8  9 10 11 12 13 14]
(1, 15, 1, 4, 1, 1)
caused INR: -15.422828625868046
TpsAltruisticFromLsfGain + IndividualEstimated_INR + -12.5
None
ls_gain_coeffs:
[-139.84028523 -142.16219972 -140.27615455 -151.87855075 -139.31761644
 -126.53939475 -133.29803086 -151.29989243 -141.00978146 -132.86134941
 -147.40723489 -139.73170791 -139.54724224 -137.98893652 -144.85204188]
inrs_hat:  [-28.85058519 -31.17249967 -29.2864545  -40.8888507  -28.32791639
 -15.5496947  -22.30833082 -40.31019238 -30.02008142 -21.87164937
 -36.41753485 -28.74200786 -28.5575422  -26.99923647 -33.86234184]
scheduled_ues:  [ 0  1  2  3  4  5  6  7  8  9 10 11 12 13 14]
(1, 15, 1, 4, 1, 1)
caused INR: -15.422828625868046
TpsAltruisticFromLsfGain + IndividualEstimated_INR + -15.0
None
ls_gain_coeffs:
[-139.84028523 -142.16219972 -140.27615455 -151.87855075 -139.31761644
 -126.53939475 -133.29803086 -151.29989243 -141.00978146 -132.86134941
 -147.40723489 -139.73170791 -139.54724224 -137.98893652 -144.85204188]
inrs_hat:  [-28.85058519 -31.17249967 -29.2864545  -40.8888507  -28.32791639
 -15.5496947  -22.30833082 -40.31019238 -30.02008142 -21.87164937
 -36.41753485 -28.74200786 -28.5575422  -26.99923647 -33.86234184]
scheduled_ues:  [ 0  1  2  3  4  5  6  7  8  9 10 11 12 13 14]
(1, 15, 1, 4, 1, 1)
caused INR: -15.422828625868046
TpsAltruisticFromLsfGain + CumulativeIndividualEstimated_INR + -10.0
None
(1, 15, 1, 4, 1, 1)
caused INR: -15.422828625868046
TpsAltruisticFromLsfGain + CumulativeIndividualEstimated_INR + -12.5
None
(1, 15, 1, 4, 1, 1)
caused INR: -15.422828625868046
TpsAltruisticFromLsfGain + CumulativeIndividualEstimated_INR + -15.0
None
(1, 15, 1, 4, 1, 1)
caused INR: -13.394643845113434
TpsRandomic + IndividualEstimated_INR + -10.0
None
ls_gain_coeffs:
[-127.24870908 -139.97241722 -126.47461354 -139.57467408 -126.60224646
 -126.53939475 -119.85164123 -134.81565081 -127.76322884 -118.98074423
 -131.11611855 -126.0495895  -126.88835305 -131.06708812 -134.7571084 ]
inrs_hat:  [-16.25900903 -28.98271717 -15.4849135  -28.58497403 -15.61254641
 -15.5496947   -8.86194119 -23.82595076 -16.7735288   -7.99104419
 -20.1264185  -15.05988946 -15.898653   -20.07738807 -23.76740835]
scheduled_ues:  [ 0  1  2  3  4  5  7  8 10 11 12 13 14]
(1, 15, 1, 4, 1, 1)
caused INR: -13.340695915547409
TpsRandomic + IndividualEstimated_INR + -12.5
None
ls_gain_coeffs:
[-122.86688996 -128.99067222 -125.11467253 -139.57467408 -139.31761644
 -116.09977617 -130.28366198 -143.58239497 -126.95827623 -132.86134941
 -140.79230855 -126.0495895  -130.76876306 -137.98893652 -133.88873692]
inrs_hat:  [-11.87718991 -18.00097217 -14.12497249 -28.58497403 -28.32791639
  -5.11007613 -19.29396193 -32.59269493 -15.96857618 -21.87164937
 -29.80260851 -15.05988946 -19.77906302 -26.99923647 -22.89903688]
scheduled_ues:  [ 1  2  3  4  6  7  8  9 10 11 12 13 14]
(1, 15, 1, 4, 1, 1)
caused INR: -8.725813033629253
TpsRandomic + IndividualEstimated_INR + -15.0
None
ls_gain_coeffs:
[-139.84028523 -139.97241722 -140.27615455 -135.26744556 -139.31761644
 -126.53939475 -130.28366198 -134.81565081 -126.95827623 -132.86134941
 -147.40723489 -139.73170791 -139.54724224 -137.98893652 -134.7571084 ]
inrs_hat:  [-28.85058519 -28.98271717 -29.2864545  -24.27774552 -28.32791639
 -15.5496947  -19.29396193 -23.82595076 -15.96857618 -21.87164937
 -36.41753485 -28.74200786 -28.5575422  -26.99923647 -23.76740835]
scheduled_ues:  [ 0  1  2  3  4  5  6  7  8  9 10 11 12 13 14]
(1, 15, 1, 4, 1, 1)
caused INR: -13.605310708331842
TpsRandomic + CumulativeIndividualEstimated_INR + -10.0
None
(1, 15, 1, 4, 1, 1)
caused INR: -3.658239759353829
TpsRandomic + CumulativeIndividualEstimated_INR + -12.5
None
(1, 15, 1, 4, 1, 1)
caused INR: -12.37457249113354
TpsRandomic + CumulativeIndividualEstimated_INR + -15.0
None
(1, 15, 1, 4, 1, 1)
caused INR: -24.047561164512665
Job ended at Tue Sep 22 05:25:39 PM UTC 2026
