Job started at Tue Sep 22 04:30:49 PM UTC 2026
source/physical/large_scale_fading.py
source/physical/channel.py
source/physical/antenna_pattern.py
source/physical/antenna_pattern.py
source/physical/large_scale_fading.py
source/physical/channel.py
source/physical/spatial_correlation.py
source/channel_estimation.py
source/physical/antenna_pattern.py
source/physical/antenna_pattern.py
source/geometry/coordinates.py
source/geometry/coordinates.py
source/geometry/sectorization.py
source/geometry/sectorization.py
source/beamforming.py
source/beamforming.py
Iteration number 1
TpsAltruisticFromLsfGain + IndividualEstimated_INR + -10.0
None
ls_gain_coeffs:
[-146.23146274 -148.8278361  -136.64655539 -133.12178168 -141.85776602
 -145.15243898 -146.10639369 -142.44961559 -147.48188143 -143.65132836
 -118.25259199 -124.91531166 -148.1377766  -139.82288086 -126.98385055]
inrs_hat:  [-35.2417627  -37.83813605 -25.65685534 -22.13208164 -30.86806598
 -34.16273894 -35.11669365 -31.45991554 -36.49218138 -32.66162832
  -7.26289195 -13.92561162 -37.14807656 -28.83318082 -15.99415051]
scheduled_ues:  [ 0  1  2  3  4  5  6  7  8  9 11 12 13 14]
(1, 15, 1, 4, 1, 1)
caused INR: -14.998094961827245
TpsAltruisticFromLsfGain + IndividualEstimated_INR + -12.5
None
ls_gain_coeffs:
[-146.23146274 -148.8278361  -136.64655539 -133.12178168 -141.85776602
 -145.15243898 -146.10639369 -142.44961559 -147.48188143 -143.65132836
 -118.25259199 -124.91531166 -148.1377766  -139.82288086 -126.98385055]
inrs_hat:  [-35.2417627  -37.83813605 -25.65685534 -22.13208164 -30.86806598
 -34.16273894 -35.11669365 -31.45991554 -36.49218138 -32.66162832
  -7.26289195 -13.92561162 -37.14807656 -28.83318082 -15.99415051]
scheduled_ues:  [ 0  1  2  3  4  5  6  7  8  9 11 12 13 14]
(1, 15, 1, 4, 1, 1)
caused INR: -14.998094961827245
TpsAltruisticFromLsfGain + IndividualEstimated_INR + -15.0
None
ls_gain_coeffs:
[-146.23146274 -148.8278361  -136.64655539 -133.12178168 -141.85776602
 -145.15243898 -146.10639369 -142.44961559 -147.48188143 -143.65132836
 -118.25259199 -124.91531166 -148.1377766  -139.82288086 -126.98385055]
inrs_hat:  [-35.2417627  -37.83813605 -25.65685534 -22.13208164 -30.86806598
 -34.16273894 -35.11669365 -31.45991554 -36.49218138 -32.66162832
  -7.26289195 -13.92561162 -37.14807656 -28.83318082 -15.99415051]
scheduled_ues:  [ 0  1  2  3  4  5  6  7  8  9 12 13 14]
(1, 15, 1, 4, 1, 1)
caused INR: -20.128619454400642
TpsAltruisticFromLsfGain + CumulativeIndividualEstimated_INR + -10.0
None
(1, 15, 1, 4, 1, 1)
caused INR: -14.998094961827245
TpsAltruisticFromLsfGain + CumulativeIndividualEstimated_INR + -12.5
None
(1, 15, 1, 4, 1, 1)
caused INR: -20.128619454400642
TpsAltruisticFromLsfGain + CumulativeIndividualEstimated_INR + -15.0
None
(1, 15, 1, 4, 1, 1)
caused INR: -17.79726963984568
TpsRandomic + IndividualEstimated_INR + -10.0
None
ls_gain_coeffs:
[-133.55683388 -148.8278361  -122.53252094 -133.12178168 -139.98017456
 -128.91054065 -146.10639369 -125.69637904 -147.48188143 -143.65132836
 -100.592289   -124.91531166 -148.1377766  -125.79504534 -125.1797166 ]
inrs_hat:  [-22.56713384 -37.83813605 -11.5428209  -22.13208164 -28.99047451
 -17.92084061 -35.11669365 -14.70667899 -36.49218138 -32.66162832
  10.39741105 -13.92561162 -37.14807656 -14.8053453  -14.19001656]
scheduled_ues:  [ 0  1  2  3  4  5  6  7  8  9 11 12 13 14]
(1, 15, 1, 4, 1, 1)
caused INR: -10.053931216888834
TpsRandomic + IndividualEstimated_INR + -12.5
None
ls_gain_coeffs:
[-145.53237616 -143.33080442 -134.13790372 -119.40043688 -141.85776602
 -131.06230564 -138.9023883  -125.69637904 -137.74641965 -143.65132836
 -100.592289   -124.91531166 -138.20516671 -139.82288086 -113.94087257]
inrs_hat:  [-34.54267612 -32.34110438 -23.14820368  -8.41073683 -30.86806598
 -20.07260559 -27.91268826 -14.70667899 -26.75671961 -32.66162832
  10.39741105 -13.92561162 -27.21546667 -28.83318082  -2.95117253]
scheduled_ues:  [ 0  1  2  4  5  6  7  8  9 11 12 13]
(1, 15, 1, 4, 1, 1)
caused INR: -11.611565906678106
TpsRandomic + IndividualEstimated_INR + -15.0
None
ls_gain_coeffs:
[-146.23146274 -132.79422359 -123.36873816 -120.04030928 -141.85776602
 -139.20037566 -146.10639369 -125.69637904 -137.74641965 -136.88276353
 -104.61219375 -110.87662088 -131.37491462 -133.00779338 -113.94087257]
inrs_hat:  [-35.2417627  -21.80452355 -12.37903812  -9.05060924 -30.86806598
 -28.21067562 -35.11669365 -14.70667899 -26.75671961 -25.89306349
   6.37750629   0.11307917 -20.38521457 -22.01809334  -2.95117253]
scheduled_ues:  [ 0  1  4  5  6  8  9 12 13]
(1, 15, 1, 4, 1, 1)
caused INR: -21.561859398506282
TpsRandomic + CumulativeIndividualEstimated_INR + -10.0
None
(1, 15, 1, 4, 1, 1)
caused INR: -13.183133338220426
TpsRandomic + CumulativeIndividualEstimated_INR + -12.5
None
(1, 15, 1, 4, 1, 1)
caused INR: -26.059629713084398
TpsRandomic + CumulativeIndividualEstimated_INR + -15.0
None
(1, 15, 1, 4, 1, 1)
caused INR: -20.483548221667075
Iteration number 2
TpsAltruisticFromLsfGain + IndividualEstimated_INR + -10.0
None
ls_gain_coeffs:
[-143.04987135 -138.74376662 -149.01671252 -134.13034159 -145.31188634
 -131.98171291 -137.84277102 -137.56234359 -136.75161266 -124.15802079
 -132.07422026 -145.17812406 -139.20585588 -142.46625356 -127.78341414]
inrs_hat:  [-32.06017131 -27.75406657 -38.02701247 -23.14064155 -34.3221863
 -20.99201287 -26.85307098 -26.57264355 -25.76191262 -13.16832075
 -21.08452021 -34.18842402 -28.21615584 -31.47655352 -16.79371409]
scheduled_ues:  [ 0  1  2  3  4  5  6  7  8  9 10 11 12 13 14]
(1, 15, 1, 4, 1, 1)
caused INR: -17.024366489835327
TpsAltruisticFromLsfGain + IndividualEstimated_INR + -12.5
None
ls_gain_coeffs:
[-143.04987135 -138.74376662 -149.01671252 -134.13034159 -145.31188634
 -131.98171291 -137.84277102 -137.56234359 -136.75161266 -124.15802079
 -132.07422026 -145.17812406 -139.20585588 -142.46625356 -127.78341414]
inrs_hat:  [-32.06017131 -27.75406657 -38.02701247 -23.14064155 -34.3221863
 -20.99201287 -26.85307098 -26.57264355 -25.76191262 -13.16832075
 -21.08452021 -34.18842402 -28.21615584 -31.47655352 -16.79371409]
scheduled_ues:  [ 0  1  2  3  4  5  6  7  8  9 10 11 12 13 14]
(1, 15, 1, 4, 1, 1)
caused INR: -17.024366489835327
TpsAltruisticFromLsfGain + IndividualEstimated_INR + -15.0
None
ls_gain_coeffs:
[-143.04987135 -138.74376662 -149.01671252 -134.13034159 -145.31188634
 -131.98171291 -137.84277102 -137.56234359 -136.75161266 -124.15802079
 -132.07422026 -145.17812406 -139.20585588 -142.46625356 -127.78341414]
inrs_hat:  [-32.06017131 -27.75406657 -38.02701247 -23.14064155 -34.3221863
 -20.99201287 -26.85307098 -26.57264355 -25.76191262 -13.16832075
 -21.08452021 -34.18842402 -28.21615584 -31.47655352 -16.79371409]
scheduled_ues:  [ 0  1  2  3  4  5  6  7  8 10 11 12 13 14]
(1, 15, 1, 4, 1, 1)
caused INR: -12.710258877797845
TpsAltruisticFromLsfGain + CumulativeIndividualEstimated_INR + -10.0
None
(1, 15, 1, 4, 1, 1)
caused INR: -12.710258877797845
TpsAltruisticFromLsfGain + CumulativeIndividualEstimated_INR + -12.5
None
(1, 15, 1, 4, 1, 1)
caused INR: -12.710258877797845
TpsAltruisticFromLsfGain + CumulativeIndividualEstimated_INR + -15.0
None
(1, 15, 1, 4, 1, 1)
caused INR: -15.325601696369626
TpsRandomic + IndividualEstimated_INR + -10.0
None
ls_gain_coeffs:
[-126.43347053 -138.74376662 -132.66934057 -121.63017465 -135.10328414
 -131.98171291 -126.83615664 -121.36903895 -136.75161266 -107.24610081
 -131.02967659 -128.7237195  -135.69568498 -129.69352751 -119.7538689 ]
inrs_hat:  [-15.44377048 -27.75406657 -21.67964053 -10.64047461 -24.1135841
 -20.99201287 -15.8464566  -10.3793389  -25.76191262   3.74359923
 -20.03997655 -17.73401946 -24.70598494 -18.70382747  -8.76416886]
scheduled_ues:  [ 0  1  2  3  4  5  6  7  8 10 11 12 13]
(1, 15, 1, 4, 1, 1)
caused INR: -9.611738146748559
TpsRandomic + IndividualEstimated_INR + -12.5
None
ls_gain_coeffs:
[-126.43347053 -134.20089996 -149.01671252 -121.57160771 -135.10328414
 -122.11980986 -120.63561297 -121.36903895 -136.75161266 -124.15802079
 -119.28443903 -131.79642271 -124.42414195 -142.46625356 -119.7538689 ]
inrs_hat:  [-15.44377048 -23.21119992 -38.02701247 -10.58190767 -24.1135841
 -11.13010981  -9.64591292 -10.3793389  -25.76191262 -13.16832075
  -8.29473899 -20.80672267 -13.4344419  -31.47655352  -8.76416886]
scheduled_ues:  [ 0  1  2  4  8  9 11 12 13]
(1, 15, 1, 4, 1, 1)
caused INR: -8.835451256110058
TpsRandomic + IndividualEstimated_INR + -15.0
None
ls_gain_coeffs:
[-130.10496179 -138.74376662 -132.66934057 -134.13034159 -128.464679
 -115.10316948 -126.87666929 -123.83531445 -136.75161266 -111.44681079
 -132.07422026 -131.79642271 -139.20585588 -129.69352751 -127.78341414]
inrs_hat:  [-19.11526175 -27.75406657 -21.67964053 -23.14064155 -17.47497896
  -4.11346943 -15.88696925 -12.84561441 -25.76191262  -0.45711075
 -21.08452021 -20.80672267 -28.21615584 -18.70382747 -16.79371409]
scheduled_ues:  [ 0  1  2  3  4  6  8 10 11 12 13 14]
(1, 15, 1, 4, 1, 1)
caused INR: -11.925222023891479
TpsRandomic + CumulativeIndividualEstimated_INR + -10.0
None
(1, 15, 1, 4, 1, 1)
caused INR: -13.120690361269789
TpsRandomic + CumulativeIndividualEstimated_INR + -12.5
None
(1, 15, 1, 4, 1, 1)
caused INR: -12.98980379503912
TpsRandomic + CumulativeIndividualEstimated_INR + -15.0
None
(1, 15, 1, 4, 1, 1)
caused INR: -24.12242413451601
Iteration number 3
TpsAltruisticFromLsfGain + IndividualEstimated_INR + -10.0
None
ls_gain_coeffs:
[-148.35307505 -132.07591278 -131.97906799 -143.74431999 -140.03377645
 -143.9273287  -138.30128329 -140.72397132 -127.09645885 -134.01615669
 -132.30390492 -145.4986182  -139.47587451 -132.50859102 -134.33206525]
inrs_hat:  [-37.36337501 -21.08621274 -20.98936795 -32.75461994 -29.04407641
 -32.93762866 -27.31158325 -29.73427128 -16.10675881 -23.02645665
 -21.31420488 -34.50891816 -28.48617447 -21.51889098 -23.34236521]
scheduled_ues:  [ 0  1  2  3  4  5  6  7  8  9 10 11 12 13 14]
(1, 15, 1, 4, 1, 1)
caused INR: -11.587223861570706
TpsAltruisticFromLsfGain + IndividualEstimated_INR + -12.5
None
ls_gain_coeffs:
[-148.35307505 -132.07591278 -131.97906799 -143.74431999 -140.03377645
 -143.9273287  -138.30128329 -140.72397132 -127.09645885 -134.01615669
 -132.30390492 -145.4986182  -139.47587451 -132.50859102 -134.33206525]
inrs_hat:  [-37.36337501 -21.08621274 -20.98936795 -32.75461994 -29.04407641
 -32.93762866 -27.31158325 -29.73427128 -16.10675881 -23.02645665
 -21.31420488 -34.50891816 -28.48617447 -21.51889098 -23.34236521]
scheduled_ues:  [ 0  1  2  3  4  5  6  7  8  9 10 11 12 13 14]
(1, 15, 1, 4, 1, 1)
caused INR: -11.587223861570706
TpsAltruisticFromLsfGain + IndividualEstimated_INR + -15.0
None
ls_gain_coeffs:
[-148.35307505 -132.07591278 -131.97906799 -143.74431999 -140.03377645
 -143.9273287  -138.30128329 -140.72397132 -127.09645885 -134.01615669
 -132.30390492 -145.4986182  -139.47587451 -132.50859102 -134.33206525]
inrs_hat:  [-37.36337501 -21.08621274 -20.98936795 -32.75461994 -29.04407641
 -32.93762866 -27.31158325 -29.73427128 -16.10675881 -23.02645665
 -21.31420488 -34.50891816 -28.48617447 -21.51889098 -23.34236521]
scheduled_ues:  [ 0  1  2  3  4  5  6  7  8  9 10 11 12 13 14]
(1, 15, 1, 4, 1, 1)
caused INR: -11.587223861570706
TpsAltruisticFromLsfGain + CumulativeIndividualEstimated_INR + -10.0
None
(1, 15, 1, 4, 1, 1)
caused INR: -11.587223861570706
TpsAltruisticFromLsfGain + CumulativeIndividualEstimated_INR + -12.5
None
(1, 15, 1, 4, 1, 1)
caused INR: -16.254577591626884
TpsAltruisticFromLsfGain + CumulativeIndividualEstimated_INR + -15.0
None
(1, 15, 1, 4, 1, 1)
caused INR: -17.999447903563386
TpsRandomic + IndividualEstimated_INR + -10.0
None
ls_gain_coeffs:
[-131.82374123 -132.07591278 -131.97906799 -143.74431999 -140.03377645
 -143.9273287  -138.30128329 -123.80597223 -113.57180742 -134.01615669
 -115.178056   -137.76880095 -136.65495894 -118.63022849 -124.15610221]
inrs_hat:  [-20.83404119 -21.08621274 -20.98936795 -32.75461994 -29.04407641
 -32.93762866 -27.31158325 -12.81627219  -2.58210737 -23.02645665
  -4.18835596 -26.7791009  -25.6652589   -7.64052845 -13.16640217]
scheduled_ues:  [ 0  1  2  3  4  5  6  7  9 11 12 14]
(1, 15, 1, 4, 1, 1)
caused INR: -18.46580152974267
TpsRandomic + IndividualEstimated_INR + -12.5
None
ls_gain_coeffs:
[-148.35307505 -132.07591278 -122.39720991 -143.74431999 -123.25801222
 -143.9273287  -138.30128329 -123.80597223 -127.09645885 -120.33909784
 -115.178056   -137.76880095 -125.15366413 -132.50859102 -116.94608316]
inrs_hat:  [-37.36337501 -21.08621274 -11.40750987 -32.75461994 -12.26831218
 -32.93762866 -27.31158325 -12.81627219 -16.10675881  -9.3493978
  -4.18835596 -26.7791009  -14.16396409 -21.51889098  -5.95638312]
scheduled_ues:  [ 0  1  3  5  6  7  8 11 12 13]
(1, 15, 1, 4, 1, 1)
caused INR: -9.232583664336985
TpsRandomic + IndividualEstimated_INR + -15.0
None
ls_gain_coeffs:
[-131.82374123 -118.43628072 -131.97906799 -130.58854378 -123.25801222
 -130.546956   -122.09722891 -128.34542337 -108.77873154 -120.33909784
 -132.30390492 -132.45967692 -139.47587451 -118.63022849 -134.33206525]
inrs_hat:  [-20.83404119  -7.44658068 -20.98936795 -19.59884373 -12.26831218
 -19.55725595 -11.10752887 -17.35572333   2.2109685   -9.3493978
 -21.31420488 -21.46997687 -28.48617447  -7.64052845 -23.34236521]
scheduled_ues:  [ 0  2  3  5  7 10 11 12 14]
(1, 15, 1, 4, 1, 1)
caused INR: -16.558418360518893
TpsRandomic + CumulativeIndividualEstimated_INR + -10.0
None
(1, 15, 1, 4, 1, 1)
caused INR: -10.473371285901155
TpsRandomic + CumulativeIndividualEstimated_INR + -12.5
None
(1, 15, 1, 4, 1, 1)
caused INR: -12.37416870134898
TpsRandomic + CumulativeIndividualEstimated_INR + -15.0
None
(1, 15, 1, 4, 1, 1)
caused INR: -25.99484338856948
Iteration number 4
TpsAltruisticFromLsfGain + IndividualEstimated_INR + -10.0
None
ls_gain_coeffs:
[-133.58795833 -142.5587809  -133.06372444 -144.50819097 -146.32776055
 -128.1951588  -121.58384557 -138.45370134 -143.52845135 -142.18792497
 -145.75410144 -134.54014899 -127.59775442 -130.20892693 -139.27794109]
inrs_hat:  [-22.59825829 -31.56908085 -22.07402439 -33.51849093 -35.33806051
 -17.20545875 -10.59414552 -27.46400129 -32.53875131 -31.19822492
 -34.7644014  -23.55044895 -16.60805438 -19.21922689 -28.28824104]
scheduled_ues:  [ 0  1  2  3  4  5  6  7  8  9 10 11 12 13 14]
(1, 15, 1, 4, 1, 1)
caused INR: -36.14383992412796
TpsAltruisticFromLsfGain + IndividualEstimated_INR + -12.5
None
ls_gain_coeffs:
[-133.58795833 -142.5587809  -133.06372444 -144.50819097 -146.32776055
 -128.1951588  -121.58384557 -138.45370134 -143.52845135 -142.18792497
 -145.75410144 -134.54014899 -127.59775442 -130.20892693 -139.27794109]
inrs_hat:  [-22.59825829 -31.56908085 -22.07402439 -33.51849093 -35.33806051
 -17.20545875 -10.59414552 -27.46400129 -32.53875131 -31.19822492
 -34.7644014  -23.55044895 -16.60805438 -19.21922689 -28.28824104]
scheduled_ues:  [ 0  1  2  3  4  5  7  8  9 10 11 12 13 14]
(1, 15, 1, 4, 1, 1)
caused INR: -6.360578244070699
TpsAltruisticFromLsfGain + IndividualEstimated_INR + -15.0
None
ls_gain_coeffs:
[-133.58795833 -142.5587809  -133.06372444 -144.50819097 -146.32776055
 -128.1951588  -121.58384557 -138.45370134 -143.52845135 -142.18792497
 -145.75410144 -134.54014899 -127.59775442 -130.20892693 -139.27794109]
inrs_hat:  [-22.59825829 -31.56908085 -22.07402439 -33.51849093 -35.33806051
 -17.20545875 -10.59414552 -27.46400129 -32.53875131 -31.19822492
 -34.7644014  -23.55044895 -16.60805438 -19.21922689 -28.28824104]
scheduled_ues:  [ 0  1  2  3  4  5  7  8  9 10 11 12 13 14]
(1, 15, 1, 4, 1, 1)
caused INR: -6.360578244070699
TpsAltruisticFromLsfGain + CumulativeIndividualEstimated_INR + -10.0
None
(1, 15, 1, 4, 1, 1)
caused INR: -6.360578244070699
TpsAltruisticFromLsfGain + CumulativeIndividualEstimated_INR + -12.5
None
(1, 15, 1, 4, 1, 1)
caused INR: -7.81866634246108
TpsAltruisticFromLsfGain + CumulativeIndividualEstimated_INR + -15.0
None
(1, 15, 1, 4, 1, 1)
caused INR: -17.119587840005817
TpsRandomic + IndividualEstimated_INR + -10.0
None
ls_gain_coeffs:
[-133.58795833 -128.55866376 -123.15776213 -144.50819097 -146.32776055
 -118.36365958 -104.12473732 -121.61827497 -143.12501259 -126.1931283
 -145.75410144 -133.08725192 -127.59775442 -118.27306369 -132.49840612]
inrs_hat:  [-22.59825829 -17.56896372 -12.16806209 -33.51849093 -35.33806051
  -7.37395953   6.86496272 -10.62857493 -32.13531255 -15.20342826
 -34.7644014  -22.09755188 -16.60805438  -7.28336364 -21.50870607]
scheduled_ues:  [ 0  1  2  3  4  7  8  9 10 11 12 14]
(1, 15, 1, 4, 1, 1)
caused INR: -12.117554552003039
TpsRandomic + IndividualEstimated_INR + -12.5
None
ls_gain_coeffs:
[-133.58795833 -127.00014662 -120.56218901 -133.5934615  -129.69947885
 -110.25519679 -121.58384557 -138.45370134 -143.52845135 -127.96972664
 -130.91029191 -133.08725192 -127.59775442 -130.20892693 -125.55114838]
inrs_hat:  [-22.59825829 -16.01044658  -9.57248897 -22.60376145 -18.70977881
   0.73450325 -10.59414552 -27.46400129 -32.53875131 -16.98002659
 -19.92059186 -22.09755188 -16.60805438 -19.21922689 -14.56144833]
scheduled_ues:  [ 0  1  3  4  7  8  9 10 11 12 13 14]
(1, 15, 1, 4, 1, 1)
caused INR: -9.061889944015832
TpsRandomic + IndividualEstimated_INR + -15.0
None
ls_gain_coeffs:
[-121.11082449 -142.5587809  -115.63917557 -127.60630255 -129.69947885
 -110.25519679 -104.12473732 -129.4594176  -143.52845135 -136.85812997
 -130.91029191 -134.54014899 -111.1475604  -130.20892693 -132.49840612]
inrs_hat:  [-10.12112445 -31.56908085  -4.64947553 -16.6166025  -18.70977881
   0.73450325   6.86496272 -18.46971756 -32.53875131 -25.86842993
 -19.92059186 -23.55044895  -0.15786036 -19.21922689 -21.50870607]
scheduled_ues:  [ 1  3  4  7  8  9 10 11 13 14]
(1, 15, 1, 4, 1, 1)
caused INR: -9.075173947447713
TpsRandomic + CumulativeIndividualEstimated_INR + -10.0
None
(1, 15, 1, 4, 1, 1)
caused INR: -19.359011553698814
TpsRandomic + CumulativeIndividualEstimated_INR + -12.5
None
(1, 15, 1, 4, 1, 1)
caused INR: -20.437257369607668
TpsRandomic + CumulativeIndividualEstimated_INR + -15.0
None
(1, 15, 1, 4, 1, 1)
caused INR: -16.91815901604036
Iteration number 5
TpsAltruisticFromLsfGain + IndividualEstimated_INR + -10.0
None
ls_gain_coeffs:
[-132.90959878 -132.21802997 -122.82170468 -139.04070345 -143.96078867
 -136.95750718 -151.30384152 -130.81657715 -132.69991919 -136.67073965
 -139.6545278  -147.18378414 -142.43404664 -129.77233537 -135.53743543]
inrs_hat:  [-21.91989874 -21.22832993 -11.83200464 -28.0510034  -32.97108862
 -25.96780713 -40.31414148 -19.8268771  -21.71021915 -25.68103961
 -28.66482776 -36.1940841  -31.4443466  -18.78263533 -24.54773538]
scheduled_ues:  [ 0  1  2  3  4  5  6  7  8  9 10 11 12 13 14]
(1, 15, 1, 4, 1, 1)
caused INR: -29.371768646984382
TpsAltruisticFromLsfGain + IndividualEstimated_INR + -12.5
None
ls_gain_coeffs:
[-132.90959878 -132.21802997 -122.82170468 -139.04070345 -143.96078867
 -136.95750718 -151.30384152 -130.81657715 -132.69991919 -136.67073965
 -139.6545278  -147.18378414 -142.43404664 -129.77233537 -135.53743543]
inrs_hat:  [-21.91989874 -21.22832993 -11.83200464 -28.0510034  -32.97108862
 -25.96780713 -40.31414148 -19.8268771  -21.71021915 -25.68103961
 -28.66482776 -36.1940841  -31.4443466  -18.78263533 -24.54773538]
scheduled_ues:  [ 0  1  3  4  5  6  7  8  9 10 11 12 13 14]
(1, 15, 1, 4, 1, 1)
caused INR: -17.019045735282642
TpsAltruisticFromLsfGain + IndividualEstimated_INR + -15.0
None
ls_gain_coeffs:
[-132.90959878 -132.21802997 -122.82170468 -139.04070345 -143.96078867
 -136.95750718 -151.30384152 -130.81657715 -132.69991919 -136.67073965
 -139.6545278  -147.18378414 -142.43404664 -129.77233537 -135.53743543]
inrs_hat:  [-21.91989874 -21.22832993 -11.83200464 -28.0510034  -32.97108862
 -25.96780713 -40.31414148 -19.8268771  -21.71021915 -25.68103961
 -28.66482776 -36.1940841  -31.4443466  -18.78263533 -24.54773538]
scheduled_ues:  [ 0  1  3  4  5  6  7  8  9 10 11 12 13 14]
(1, 15, 1, 4, 1, 1)
caused INR: -17.019045735282642
TpsAltruisticFromLsfGain + CumulativeIndividualEstimated_INR + -10.0
None
(1, 15, 1, 4, 1, 1)
caused INR: -17.019045735282642
TpsAltruisticFromLsfGain + CumulativeIndividualEstimated_INR + -12.5
None
(1, 15, 1, 4, 1, 1)
caused INR: -19.824819903699826
TpsAltruisticFromLsfGain + CumulativeIndividualEstimated_INR + -15.0
None
(1, 15, 1, 4, 1, 1)
caused INR: -21.211127015620814
TpsRandomic + IndividualEstimated_INR + -10.0
None
ls_gain_coeffs:
[-119.86555974 -123.65778083 -122.82170468 -122.60351935 -143.96078867
 -123.27916107 -134.50974135 -117.93641367 -125.01475969 -119.90371175
 -139.6545278  -147.18378414 -125.65420615 -113.4647404  -122.1485458 ]
inrs_hat:  [ -8.8758597  -12.66808078 -11.83200464 -11.6138193  -32.97108862
 -12.28946103 -23.52004131  -6.94671363 -14.02505964  -8.91401171
 -28.66482776 -36.1940841  -14.66450611  -2.47504035 -11.15884576]
scheduled_ues:  [ 1  2  3  4  5  6  8 10 11 12 14]
(1, 15, 1, 4, 1, 1)
caused INR: -4.512594219582155
TpsRandomic + IndividualEstimated_INR + -12.5
None
ls_gain_coeffs:
[-132.90959878 -132.21802997 -110.65369334 -122.60351935 -127.76847466
 -122.04241496 -140.80712018 -114.19322216 -125.01475969 -119.90371175
 -122.83509851 -130.40114833 -125.65420615 -123.87375061 -135.53743543]
inrs_hat:  [-21.91989874 -21.22832993   0.3360067  -11.6138193  -16.77877461
 -11.05271492 -29.81742014  -3.20352212 -14.02505964  -8.91401171
 -11.84539847 -19.41144828 -14.66450611 -12.88405057 -24.54773538]
scheduled_ues:  [ 0  1  4  6  8 11 12 13 14]
(1, 15, 1, 4, 1, 1)
caused INR: -12.708737433548334
TpsRandomic + IndividualEstimated_INR + -15.0
None
ls_gain_coeffs:
[-132.90959878 -115.52670743 -105.649497   -139.04070345 -138.32259917
 -133.24726886 -151.30384152 -114.19322216 -132.69991919 -125.59795359
 -122.83509851 -147.18378414 -125.65420615 -115.49733018 -135.53743543]
inrs_hat:  [-21.91989874  -4.53700739   5.34020305 -28.0510034  -27.33289912
 -22.25756882 -40.31414148  -3.20352212 -21.71021915 -14.60825354
 -11.84539847 -36.1940841  -14.66450611  -4.50763014 -24.54773538]
scheduled_ues:  [ 0  3  4  5  6  8 11 14]
(1, 15, 1, 4, 1, 1)
caused INR: -20.93459679947076
TpsRandomic + CumulativeIndividualEstimated_INR + -10.0
None
(1, 15, 1, 4, 1, 1)
caused INR: -15.346816002165124
TpsRandomic + CumulativeIndividualEstimated_INR + -12.5
None
(1, 15, 1, 4, 1, 1)
caused INR: -8.293914067602321
TpsRandomic + CumulativeIndividualEstimated_INR + -15.0
None
(1, 15, 1, 4, 1, 1)
caused INR: -15.36777784037136
Iteration number 6
TpsAltruisticFromLsfGain + IndividualEstimated_INR + -10.0
None
ls_gain_coeffs:
[-143.50213383 -146.00834331 -143.38239497 -148.6887364  -141.37279522
 -125.21968653 -133.57091594 -153.13083421 -133.33090798 -148.80250723
 -141.47750121 -137.40367192 -140.09775132 -147.23412914 -146.5333335 ]
inrs_hat:  [-32.51243379 -35.01864327 -32.39269492 -37.69903636 -30.38309518
 -14.22998649 -22.5812159  -42.14113417 -22.34120794 -37.81280719
 -30.48780116 -26.41397188 -29.10805128 -36.2444291  -35.54363346]
scheduled_ues:  [ 0  1  2  3  4  5  6  7  8  9 10 11 12 13 14]
(1, 15, 1, 4, 1, 1)
caused INR: -11.042902162596482
TpsAltruisticFromLsfGain + IndividualEstimated_INR + -12.5
None
ls_gain_coeffs:
[-143.50213383 -146.00834331 -143.38239497 -148.6887364  -141.37279522
 -125.21968653 -133.57091594 -153.13083421 -133.33090798 -148.80250723
 -141.47750121 -137.40367192 -140.09775132 -147.23412914 -146.5333335 ]
inrs_hat:  [-32.51243379 -35.01864327 -32.39269492 -37.69903636 -30.38309518
 -14.22998649 -22.5812159  -42.14113417 -22.34120794 -37.81280719
 -30.48780116 -26.41397188 -29.10805128 -36.2444291  -35.54363346]
scheduled_ues:  [ 0  1  2  3  4  5  6  7  8  9 10 11 12 13 14]
(1, 15, 1, 4, 1, 1)
caused INR: -11.042902162596482
TpsAltruisticFromLsfGain + IndividualEstimated_INR + -15.0
None
ls_gain_coeffs:
[-143.50213383 -146.00834331 -143.38239497 -148.6887364  -141.37279522
 -125.21968653 -133.57091594 -153.13083421 -133.33090798 -148.80250723
 -141.47750121 -137.40367192 -140.09775132 -147.23412914 -146.5333335 ]
inrs_hat:  [-32.51243379 -35.01864327 -32.39269492 -37.69903636 -30.38309518
 -14.22998649 -22.5812159  -42.14113417 -22.34120794 -37.81280719
 -30.48780116 -26.41397188 -29.10805128 -36.2444291  -35.54363346]
scheduled_ues:  [ 0  1  2  3  4  6  7  8  9 10 11 12 13 14]
(1, 15, 1, 4, 1, 1)
caused INR: -23.75701510615167
TpsAltruisticFromLsfGain + CumulativeIndividualEstimated_INR + -10.0
None
(1, 15, 1, 4, 1, 1)
caused INR: -11.042902162596482
TpsAltruisticFromLsfGain + CumulativeIndividualEstimated_INR + -12.5
None
(1, 15, 1, 4, 1, 1)
caused INR: -23.75701510615167
TpsAltruisticFromLsfGain + CumulativeIndividualEstimated_INR + -15.0
None
(1, 15, 1, 4, 1, 1)
caused INR: -23.75701510615167
TpsRandomic + IndividualEstimated_INR + -10.0
None
ls_gain_coeffs:
[-126.47333637 -146.00834331 -135.04621162 -140.15269058 -127.9921223
 -113.15681097 -116.22878394 -143.87353089 -132.07938253 -148.80250723
 -141.47750121 -120.39159797 -128.35401498 -137.28842491 -132.9047341 ]
inrs_hat:  [-15.48363633 -35.01864327 -24.05651157 -29.16299053 -17.00242225
  -2.16711093  -5.2390839  -32.88383084 -21.08968249 -37.81280719
 -30.48780116  -9.40189793 -17.36431494 -26.29872487 -21.91503406]
scheduled_ues:  [ 0  1  2  3  4  7  8  9 10 12 13 14]
(1, 15, 1, 4, 1, 1)
caused INR: -11.403720818863622
TpsRandomic + IndividualEstimated_INR + -12.5
None
ls_gain_coeffs:
[-126.47333637 -130.82198301 -143.38239497 -136.46449925 -127.9921223
 -108.15458762 -116.22878394 -153.13083421 -132.07938253 -132.2808475
 -141.47750121 -120.39159797 -123.01150045 -130.34091779 -132.9047341 ]
inrs_hat:  [-15.48363633 -19.83228297 -32.39269492 -25.47479921 -17.00242225
   2.83511243  -5.2390839  -42.14113417 -21.08968249 -21.29114745
 -30.48780116  -9.40189793 -12.0218004  -19.35121774 -21.91503406]
scheduled_ues:  [ 0  1  2  3  4  7  8  9 10 13 14]
(1, 15, 1, 4, 1, 1)
caused INR: -11.880358349761995
TpsRandomic + IndividualEstimated_INR + -15.0
None
ls_gain_coeffs:
[-132.43629049 -141.89120286 -135.04621162 -132.08779491 -124.72354206
 -113.15681097 -133.57091594 -153.13083421 -120.47213283 -135.45982568
 -127.22262847 -137.40367192 -140.09775132 -137.28842491 -144.75283441]
inrs_hat:  [-21.44659045 -30.90150282 -24.05651157 -21.09809487 -13.73384201
  -2.16711093 -22.5812159  -42.14113417  -9.48243279 -24.47012564
 -16.23292843 -26.41397188 -29.10805128 -26.29872487 -33.76313436]
scheduled_ues:  [ 0  1  2  3  6  7  9 10 11 12 13 14]
(1, 15, 1, 4, 1, 1)
caused INR: -23.252328831561478
TpsRandomic + CumulativeIndividualEstimated_INR + -10.0
None
(1, 15, 1, 4, 1, 1)
caused INR: -12.83900282742829
TpsRandomic + CumulativeIndividualEstimated_INR + -12.5
None
(1, 15, 1, 4, 1, 1)
caused INR: -14.89832721520062
TpsRandomic + CumulativeIndividualEstimated_INR + -15.0
None
(1, 15, 1, 4, 1, 1)
caused INR: -14.749316616277852
Iteration number 7
TpsAltruisticFromLsfGain + IndividualEstimated_INR + -10.0
None
ls_gain_coeffs:
[-140.65708774 -122.60241634 -124.87025204 -150.65023932 -147.75756888
 -135.93023142 -124.80569467 -144.11652225 -143.11905094 -138.85475646
 -136.07248665 -147.48004699 -149.23185867 -135.74992843 -127.3871273 ]
inrs_hat:  [-29.66738769 -11.6127163  -13.88055199 -39.66053928 -36.76786883
 -24.94053138 -13.81599463 -33.12682221 -32.1293509  -27.86505642
 -25.08278661 -36.49034694 -38.24215863 -24.76022839 -16.39742726]
scheduled_ues:  [ 0  1  2  3  4  5  6  7  8  9 10 11 12 13 14]
(1, 15, 1, 4, 1, 1)
caused INR: -5.53575148242145
TpsAltruisticFromLsfGain + IndividualEstimated_INR + -12.5
None
ls_gain_coeffs:
[-140.65708774 -122.60241634 -124.87025204 -150.65023932 -147.75756888
 -135.93023142 -124.80569467 -144.11652225 -143.11905094 -138.85475646
 -136.07248665 -147.48004699 -149.23185867 -135.74992843 -127.3871273 ]
inrs_hat:  [-29.66738769 -11.6127163  -13.88055199 -39.66053928 -36.76786883
 -24.94053138 -13.81599463 -33.12682221 -32.1293509  -27.86505642
 -25.08278661 -36.49034694 -38.24215863 -24.76022839 -16.39742726]
scheduled_ues:  [ 0  2  3  4  5  6  7  8  9 10 11 12 13 14]
(1, 15, 1, 4, 1, 1)
caused INR: -8.133837018750004
TpsAltruisticFromLsfGain + IndividualEstimated_INR + -15.0
None
ls_gain_coeffs:
[-140.65708774 -122.60241634 -124.87025204 -150.65023932 -147.75756888
 -135.93023142 -124.80569467 -144.11652225 -143.11905094 -138.85475646
 -136.07248665 -147.48004699 -149.23185867 -135.74992843 -127.3871273 ]
inrs_hat:  [-29.66738769 -11.6127163  -13.88055199 -39.66053928 -36.76786883
 -24.94053138 -13.81599463 -33.12682221 -32.1293509  -27.86505642
 -25.08278661 -36.49034694 -38.24215863 -24.76022839 -16.39742726]
scheduled_ues:  [ 0  3  4  5  7  8  9 10 11 12 13 14]
(1, 15, 1, 4, 1, 1)
caused INR: -11.94613991654954
TpsAltruisticFromLsfGain + CumulativeIndividualEstimated_INR + -10.0
None
(1, 15, 1, 4, 1, 1)
caused INR: -8.295938379175059
TpsAltruisticFromLsfGain + CumulativeIndividualEstimated_INR + -12.5
None
(1, 15, 1, 4, 1, 1)
caused INR: -11.94613991654954
TpsAltruisticFromLsfGain + CumulativeIndividualEstimated_INR + -15.0
None
(1, 15, 1, 4, 1, 1)
caused INR: -14.154829336275998
TpsRandomic + IndividualEstimated_INR + -10.0
None
ls_gain_coeffs:
[-126.57645833 -116.36485978 -115.08588054 -141.42729657 -147.75756888
 -120.1378042  -124.80569467 -137.42254014 -126.40875087 -137.65687391
 -118.92057341 -132.13705181 -149.23185867 -119.17858402 -124.54068708]
inrs_hat:  [-15.58675829  -5.37515973  -4.0961805  -30.43759653 -36.76786883
  -9.14810416 -13.81599463 -26.4328401  -15.41905083 -26.66717387
  -7.93087337 -21.14735177 -38.24215863  -8.18888398 -13.55098704]
scheduled_ues:  [ 0  3  4  6  7  8  9 11 12 14]
(1, 15, 1, 4, 1, 1)
caused INR: -26.36324723724458
TpsRandomic + IndividualEstimated_INR + -12.5
None
ls_gain_coeffs:
[-126.57645833 -122.60241634 -115.08588054 -134.00370527 -136.47155567
 -130.9039906  -110.28939687 -137.42254014 -130.08227724 -125.6145681
 -136.07248665 -133.5877494  -143.06426773 -119.17858402 -113.9967139 ]
inrs_hat:  [-15.58675829 -11.6127163   -4.0961805  -23.01400523 -25.48185562
 -19.91429055   0.70030317 -26.4328401  -19.09257719 -14.62486805
 -25.08278661 -22.59804936 -32.07456769  -8.18888398  -3.00701385]
scheduled_ues:  [ 0  3  4  5  7  8  9 10 11 12]
(1, 15, 1, 4, 1, 1)
caused INR: -27.99741639671837
TpsRandomic + IndividualEstimated_INR + -15.0
None
ls_gain_coeffs:
[-124.14905852 -108.08163082 -124.87025204 -134.00370527 -147.75756888
 -130.9039906  -124.80569467 -130.56225235 -135.17682451 -125.6145681
 -118.92057341 -143.12795422 -143.06426773 -128.64511889 -113.9967139 ]
inrs_hat:  [-13.15935848   2.90806922 -13.88055199 -23.01400523 -36.76786883
 -19.91429055 -13.81599463 -19.57255231 -24.18712447 -14.62486805
  -7.93087337 -32.13825418 -32.07456769 -17.65541885  -3.00701385]
scheduled_ues:  [ 3  4  5  7  8 11 12 13]
(1, 15, 1, 4, 1, 1)
caused INR: -19.259194233401054
TpsRandomic + CumulativeIndividualEstimated_INR + -10.0
None
(1, 15, 1, 4, 1, 1)
caused INR: -13.261700741614426
TpsRandomic + CumulativeIndividualEstimated_INR + -12.5
None
(1, 15, 1, 4, 1, 1)
caused INR: -18.63237418916817
TpsRandomic + CumulativeIndividualEstimated_INR + -15.0
None
(1, 15, 1, 4, 1, 1)
caused INR: -26.47137100499567
Iteration number 8
TpsAltruisticFromLsfGain + IndividualEstimated_INR + -10.0
None
ls_gain_coeffs:
[-138.01337887 -136.771371   -125.10290151 -128.01888734 -136.3757685
 -137.25248174 -148.38874443 -141.0302955  -142.89035821 -139.61566549
 -148.32656297 -148.53741782 -137.75424821 -145.9065269  -130.31848116]
inrs_hat:  [-27.02367883 -25.78167096 -14.11320147 -17.0291873  -25.38606845
 -26.26278169 -37.39904438 -30.04059545 -31.90065817 -28.62596545
 -37.33686292 -37.54771778 -26.76454816 -34.91682686 -19.32878112]
scheduled_ues:  [ 0  1  2  3  4  5  6  7  8  9 10 11 12 13 14]
(1, 15, 1, 4, 1, 1)
caused INR: -8.300600249546958
TpsAltruisticFromLsfGain + IndividualEstimated_INR + -12.5
None
ls_gain_coeffs:
[-138.01337887 -136.771371   -125.10290151 -128.01888734 -136.3757685
 -137.25248174 -148.38874443 -141.0302955  -142.89035821 -139.61566549
 -148.32656297 -148.53741782 -137.75424821 -145.9065269  -130.31848116]
inrs_hat:  [-27.02367883 -25.78167096 -14.11320147 -17.0291873  -25.38606845
 -26.26278169 -37.39904438 -30.04059545 -31.90065817 -28.62596545
 -37.33686292 -37.54771778 -26.76454816 -34.91682686 -19.32878112]
scheduled_ues:  [ 0  1  2  3  4  5  6  7  8  9 10 11 12 13 14]
(1, 15, 1, 4, 1, 1)
caused INR: -8.300600249546958
TpsAltruisticFromLsfGain + IndividualEstimated_INR + -15.0
None
ls_gain_coeffs:
[-138.01337887 -136.771371   -125.10290151 -128.01888734 -136.3757685
 -137.25248174 -148.38874443 -141.0302955  -142.89035821 -139.61566549
 -148.32656297 -148.53741782 -137.75424821 -145.9065269  -130.31848116]
inrs_hat:  [-27.02367883 -25.78167096 -14.11320147 -17.0291873  -25.38606845
 -26.26278169 -37.39904438 -30.04059545 -31.90065817 -28.62596545
 -37.33686292 -37.54771778 -26.76454816 -34.91682686 -19.32878112]
scheduled_ues:  [ 0  1  3  4  5  6  7  8  9 10 11 12 13 14]
(1, 15, 1, 4, 1, 1)
caused INR: -11.74549359036654
TpsAltruisticFromLsfGain + CumulativeIndividualEstimated_INR + -10.0
None
(1, 15, 1, 4, 1, 1)
caused INR: -8.300600249546958
TpsAltruisticFromLsfGain + CumulativeIndividualEstimated_INR + -12.5
None
(1, 15, 1, 4, 1, 1)
caused INR: -11.74549359036654
TpsAltruisticFromLsfGain + CumulativeIndividualEstimated_INR + -15.0
None
(1, 15, 1, 4, 1, 1)
caused INR: -12.326939287536396
TpsRandomic + IndividualEstimated_INR + -10.0
None
ls_gain_coeffs:
[-124.2506842  -124.51077227 -125.10290151 -124.69995412 -123.08468956
 -126.69188634 -140.39194201 -141.0302955  -139.20274751 -135.27286185
 -131.85112242 -148.53741782 -120.79741526 -145.9065269  -120.82307163]
inrs_hat:  [-13.26098415 -13.52107223 -14.11320147 -13.71025408 -12.09498951
 -15.7021863  -29.40224196 -30.04059545 -28.21304747 -24.28316181
 -20.86142238 -37.54771778  -9.80771522 -34.91682686  -9.83337159]
scheduled_ues:  [ 0  1  2  3  4  5  6  7  8  9 10 11 13]
(1, 15, 1, 4, 1, 1)
caused INR: -2.2989532122091973
TpsRandomic + IndividualEstimated_INR + -12.5
None
ls_gain_coeffs:
[-124.2506842  -127.67989387 -111.0279947  -124.69995412 -129.43979002
 -126.56960478 -131.7881238  -127.84511124 -127.99035108 -135.27286185
 -140.94014582 -131.74962404 -137.75424821 -145.9065269  -120.82307163]
inrs_hat:  [-13.26098415 -16.69019383  -0.03829466 -13.71025408 -18.45008998
 -15.57990474 -20.79842376 -16.8554112  -17.00065103 -24.28316181
 -29.95044577 -20.75992399 -26.76454816 -34.91682686  -9.83337159]
scheduled_ues:  [ 0  1  3  4  5  6  7  8  9 10 11 12 13]
(1, 15, 1, 4, 1, 1)
caused INR: -9.171464147064356
TpsRandomic + IndividualEstimated_INR + -15.0
None
ls_gain_coeffs:
[-121.59880648 -136.771371   -120.20298108 -128.01888734 -136.3757685
 -137.25248174 -148.38874443 -141.0302955  -127.99035108 -125.72646428
 -131.85112242 -148.53741782 -124.54379544 -129.7461899  -118.49203098]
inrs_hat:  [-10.60910643 -25.78167096  -9.21328104 -17.0291873  -25.38606845
 -26.26278169 -37.39904438 -30.04059545 -17.00065103 -14.73676423
 -20.86142238 -37.54771778 -13.5540954  -18.75648986  -7.50233094]
scheduled_ues:  [ 1  3  4  5  6  7  8 10 11 13]
(1, 15, 1, 4, 1, 1)
caused INR: -16.521579411289014
TpsRandomic + CumulativeIndividualEstimated_INR + -10.0
None
(1, 15, 1, 4, 1, 1)
caused INR: -15.970681830278322
TpsRandomic + CumulativeIndividualEstimated_INR + -12.5
None
(1, 15, 1, 4, 1, 1)
caused INR: -11.296288817940791
TpsRandomic + CumulativeIndividualEstimated_INR + -15.0
None
(1, 15, 1, 4, 1, 1)
caused INR: -19.187023756437906
Iteration number 9
TpsAltruisticFromLsfGain + IndividualEstimated_INR + -10.0
None
ls_gain_coeffs:
[-150.44582057 -129.41211152 -144.35296735 -137.97957257 -139.47301892
 -122.86568165 -134.85152084 -134.67991861 -114.27966168 -140.97075261
 -147.61594341 -139.8621664  -151.64091567 -131.51402464 -124.87032267]
inrs_hat:  [-39.45612053 -18.42241147 -33.36326731 -26.98987253 -28.48331888
 -11.87598161 -23.8618208  -23.69021856  -3.28996164 -29.98105257
 -36.62624336 -28.87246635 -40.65121562 -20.52432459 -13.88062263]
scheduled_ues:  [ 0  1  2  3  4  5  6  7  9 10 11 12 13 14]
(1, 15, 1, 4, 1, 1)
caused INR: -6.395440946815704
TpsAltruisticFromLsfGain + IndividualEstimated_INR + -12.5
None
ls_gain_coeffs:
[-150.44582057 -129.41211152 -144.35296735 -137.97957257 -139.47301892
 -122.86568165 -134.85152084 -134.67991861 -114.27966168 -140.97075261
 -147.61594341 -139.8621664  -151.64091567 -131.51402464 -124.87032267]
inrs_hat:  [-39.45612053 -18.42241147 -33.36326731 -26.98987253 -28.48331888
 -11.87598161 -23.8618208  -23.69021856  -3.28996164 -29.98105257
 -36.62624336 -28.87246635 -40.65121562 -20.52432459 -13.88062263]
scheduled_ues:  [ 0  1  2  3  4  6  7  9 10 11 12 13 14]
(1, 15, 1, 4, 1, 1)
caused INR: -9.75402217356272
TpsAltruisticFromLsfGain + IndividualEstimated_INR + -15.0
None
ls_gain_coeffs:
[-150.44582057 -129.41211152 -144.35296735 -137.97957257 -139.47301892
 -122.86568165 -134.85152084 -134.67991861 -114.27966168 -140.97075261
 -147.61594341 -139.8621664  -151.64091567 -131.51402464 -124.87032267]
inrs_hat:  [-39.45612053 -18.42241147 -33.36326731 -26.98987253 -28.48331888
 -11.87598161 -23.8618208  -23.69021856  -3.28996164 -29.98105257
 -36.62624336 -28.87246635 -40.65121562 -20.52432459 -13.88062263]
scheduled_ues:  [ 0  1  2  3  4  6  7  9 10 11 12 13]
(1, 15, 1, 4, 1, 1)
caused INR: -18.952520358832516
TpsAltruisticFromLsfGain + CumulativeIndividualEstimated_INR + -10.0
None
(1, 15, 1, 4, 1, 1)
caused INR: -9.75402217356272
TpsAltruisticFromLsfGain + CumulativeIndividualEstimated_INR + -12.5
None
(1, 15, 1, 4, 1, 1)
caused INR: -18.952520358832516
TpsAltruisticFromLsfGain + CumulativeIndividualEstimated_INR + -15.0
None
(1, 15, 1, 4, 1, 1)
caused INR: -17.246502309023327
TpsRandomic + IndividualEstimated_INR + -10.0
None
ls_gain_coeffs:
[-134.16577149 -129.41211152 -134.49533344 -123.75803469 -126.32574289
 -106.16541279 -118.03752283 -134.67991861  -98.0423701  -123.88558249
 -147.61594341 -132.87977326 -135.71505361 -118.67801867 -124.87032267]
inrs_hat:  [-23.17607145 -18.42241147 -23.50563339 -12.76833465 -15.33604285
   4.82428725  -7.04782279 -23.69021856  12.94732995 -12.89588244
 -36.62624336 -21.89007322 -24.72535357  -7.68831862 -13.88062263]
scheduled_ues:  [ 0  1  2  3  4  7  9 10 11 12 14]
(1, 15, 1, 4, 1, 1)
caused INR: -10.49293092282076
TpsRandomic + IndividualEstimated_INR + -12.5
None
ls_gain_coeffs:
[-137.2853635  -126.01883913 -134.49533344 -123.75803469 -125.62006687
 -108.29474722 -118.03752283 -129.837131    -94.24667851 -140.97075261
 -133.75020951 -132.87977326 -135.71505361 -122.06489663 -124.87032267]
inrs_hat:  [-26.29566346 -15.02913909 -23.50563339 -12.76833465 -14.63036682
   2.69495282  -7.04782279 -18.84743096  16.74302153 -29.98105257
 -22.76050947 -21.89007322 -24.72535357 -11.07519659 -13.88062263]
scheduled_ues:  [ 0  1  2  3  4  7  9 10 11 12 14]
(1, 15, 1, 4, 1, 1)
caused INR: -3.027125624694536
TpsRandomic + IndividualEstimated_INR + -15.0
None
ls_gain_coeffs:
[-137.2853635  -114.70832993 -134.49533344 -135.30966575 -126.32574289
 -106.16541279 -134.85152084 -129.837131   -114.27966168 -123.88558249
 -132.32607562 -126.23013069 -137.52464741 -131.51402464 -110.60557055]
inrs_hat:  [-26.29566346  -3.71862988 -23.50563339 -24.31996571 -15.33604285
   4.82428725 -23.8618208  -18.84743096  -3.28996164 -12.89588244
 -21.33637558 -15.24043064 -26.53494737 -20.52432459   0.3841295 ]
scheduled_ues:  [ 0  2  3  4  6  7 10 11 12 13]
(1, 15, 1, 4, 1, 1)
caused INR: -3.176095184358834
TpsRandomic + CumulativeIndividualEstimated_INR + -10.0
None
(1, 15, 1, 4, 1, 1)
caused INR: -8.805333981187111
TpsRandomic + CumulativeIndividualEstimated_INR + -12.5
None
(1, 15, 1, 4, 1, 1)
caused INR: -13.496363620797354
TpsRandomic + CumulativeIndividualEstimated_INR + -15.0
None
(1, 15, 1, 4, 1, 1)
caused INR: -26.117618950371806
Iteration number 10
TpsAltruisticFromLsfGain + IndividualEstimated_INR + -10.0
None
ls_gain_coeffs:
[-141.88446487 -142.78225739 -150.22342186 -141.15532906 -135.53678961
 -143.40038279 -145.2592678  -132.26675752 -151.63315898 -149.52662136
 -136.70157061 -142.06080083 -132.53543984 -140.23245185 -143.79000225]
inrs_hat:  [-30.89476482 -31.79255735 -39.23372181 -30.16562901 -24.54708957
 -32.41068275 -34.26956776 -21.27705747 -40.64345893 -38.53692132
 -25.71187057 -31.07110079 -21.5457398  -29.24275181 -32.80030221]
scheduled_ues:  [ 0  1  2  3  4  5  6  7  8  9 10 11 12 13 14]
(1, 15, 1, 4, 1, 1)
caused INR: -29.11374916860801
TpsAltruisticFromLsfGain + IndividualEstimated_INR + -12.5
None
ls_gain_coeffs:
[-141.88446487 -142.78225739 -150.22342186 -141.15532906 -135.53678961
 -143.40038279 -145.2592678  -132.26675752 -151.63315898 -149.52662136
 -136.70157061 -142.06080083 -132.53543984 -140.23245185 -143.79000225]
inrs_hat:  [-30.89476482 -31.79255735 -39.23372181 -30.16562901 -24.54708957
 -32.41068275 -34.26956776 -21.27705747 -40.64345893 -38.53692132
 -25.71187057 -31.07110079 -21.5457398  -29.24275181 -32.80030221]
scheduled_ues:  [ 0  1  2  3  4  5  6  7  8  9 10 11 12 13 14]
(1, 15, 1, 4, 1, 1)
caused INR: -29.11374916860801
TpsAltruisticFromLsfGain + IndividualEstimated_INR + -15.0
None
ls_gain_coeffs:
[-141.88446487 -142.78225739 -150.22342186 -141.15532906 -135.53678961
 -143.40038279 -145.2592678  -132.26675752 -151.63315898 -149.52662136
 -136.70157061 -142.06080083 -132.53543984 -140.23245185 -143.79000225]
inrs_hat:  [-30.89476482 -31.79255735 -39.23372181 -30.16562901 -24.54708957
 -32.41068275 -34.26956776 -21.27705747 -40.64345893 -38.53692132
 -25.71187057 -31.07110079 -21.5457398  -29.24275181 -32.80030221]
scheduled_ues:  [ 0  1  2  3  4  5  6  7  8  9 10 11 12 13 14]
(1, 15, 1, 4, 1, 1)
caused INR: -29.11374916860801
TpsAltruisticFromLsfGain + CumulativeIndividualEstimated_INR + -10.0
None
(1, 15, 1, 4, 1, 1)
caused INR: -29.11374916860801
TpsAltruisticFromLsfGain + CumulativeIndividualEstimated_INR + -12.5
None
(1, 15, 1, 4, 1, 1)
caused INR: -29.11374916860801
TpsAltruisticFromLsfGain + CumulativeIndividualEstimated_INR + -15.0
None
(1, 15, 1, 4, 1, 1)
caused INR: -29.11374916860801
TpsRandomic + IndividualEstimated_INR + -10.0
None
ls_gain_coeffs:
[-132.32446579 -131.06261369 -133.51358427 -137.04696163 -118.96763564
 -143.40038279 -131.64837437 -120.37735182 -151.63315898 -139.99838627
 -126.04207139 -142.06080083 -123.05581807 -140.23245185 -130.73639434]
inrs_hat:  [-21.33476574 -20.07291364 -22.52388422 -26.05726159  -7.9779356
 -32.41068275 -20.65867433  -9.38765178 -40.64345893 -29.00868622
 -15.05237135 -31.07110079 -12.06611803 -29.24275181 -19.74669429]
scheduled_ues:  [ 0  1  2  3  5  6  8  9 10 11 12 13 14]
(1, 15, 1, 4, 1, 1)
caused INR: -12.860143868159582
TpsRandomic + IndividualEstimated_INR + -12.5
None
ls_gain_coeffs:
[-129.97773276 -131.06261369 -139.09166658 -137.04696163 -129.15451699
 -129.41245712 -131.64837437 -114.71666223 -135.73351511 -138.08597704
 -119.63695218 -136.65040237 -120.88397176 -132.1318021  -127.24832056]
inrs_hat:  [-18.98803271 -20.07291364 -28.10196653 -26.05726159 -18.16481695
 -18.42275708 -20.65867433  -3.72696219 -24.74381506 -27.09627699
  -8.64725214 -25.66070233  -9.89427172 -21.14210206 -16.25862051]
scheduled_ues:  [ 0  1  2  3  4  5  6  8  9 11 13 14]
(1, 15, 1, 4, 1, 1)
caused INR: -15.520555242543871
TpsRandomic + IndividualEstimated_INR + -15.0
None
ls_gain_coeffs:
[-132.32446579 -131.06261369 -150.22342186 -141.15532906 -118.96763564
 -138.76140579 -130.47908094 -114.71666223 -146.39586583 -138.08597704
 -119.63695218 -126.08885032 -132.53543984 -127.61673263 -127.24832056]
inrs_hat:  [-21.33476574 -20.07291364 -39.23372181 -30.16562901  -7.9779356
 -27.77170574 -19.4893809   -3.72696219 -35.40616579 -27.09627699
  -8.64725214 -15.09915027 -21.5457398  -16.62703259 -16.25862051]
scheduled_ues:  [ 0  1  2  3  5  6  8  9 11 12 13 14]
(1, 15, 1, 4, 1, 1)
caused INR: -12.549529145706398
TpsRandomic + CumulativeIndividualEstimated_INR + -10.0
None
(1, 15, 1, 4, 1, 1)
caused INR: -17.12532604952067
TpsRandomic + CumulativeIndividualEstimated_INR + -12.5
None
(1, 15, 1, 4, 1, 1)
caused INR: -18.35072951194192
TpsRandomic + CumulativeIndividualEstimated_INR + -15.0
None
(1, 15, 1, 4, 1, 1)
caused INR: -15.510755169105643
Iteration number 11
TpsAltruisticFromLsfGain + IndividualEstimated_INR + -10.0
None
ls_gain_coeffs:
[-131.37760592 -148.80555085 -134.24411093 -140.31625135 -139.36983805
 -145.64926087 -136.81091848 -140.08778841 -123.5248363  -143.39617622
 -136.13524216 -148.45430073 -142.66145917 -146.61582424 -124.08378918]
inrs_hat:  [-20.38790588 -37.81585081 -23.25441088 -29.32655131 -28.38013801
 -34.65956082 -25.82121844 -29.09808836 -12.53513625 -32.40647617
 -25.14554212 -37.46460069 -31.67175913 -35.62612419 -13.09408914]
scheduled_ues:  [ 0  1  2  3  4  5  6  7  8  9 10 11 12 13 14]
(1, 15, 1, 4, 1, 1)
caused INR: -22.20188705161241
TpsAltruisticFromLsfGain + IndividualEstimated_INR + -12.5
None
ls_gain_coeffs:
[-131.37760592 -148.80555085 -134.24411093 -140.31625135 -139.36983805
 -145.64926087 -136.81091848 -140.08778841 -123.5248363  -143.39617622
 -136.13524216 -148.45430073 -142.66145917 -146.61582424 -124.08378918]
inrs_hat:  [-20.38790588 -37.81585081 -23.25441088 -29.32655131 -28.38013801
 -34.65956082 -25.82121844 -29.09808836 -12.53513625 -32.40647617
 -25.14554212 -37.46460069 -31.67175913 -35.62612419 -13.09408914]
scheduled_ues:  [ 0  1  2  3  4  5  6  7  8  9 10 11 12 13 14]
(1, 15, 1, 4, 1, 1)
caused INR: -22.20188705161241
TpsAltruisticFromLsfGain + IndividualEstimated_INR + -15.0
None
ls_gain_coeffs:
[-131.37760592 -148.80555085 -134.24411093 -140.31625135 -139.36983805
 -145.64926087 -136.81091848 -140.08778841 -123.5248363  -143.39617622
 -136.13524216 -148.45430073 -142.66145917 -146.61582424 -124.08378918]
inrs_hat:  [-20.38790588 -37.81585081 -23.25441088 -29.32655131 -28.38013801
 -34.65956082 -25.82121844 -29.09808836 -12.53513625 -32.40647617
 -25.14554212 -37.46460069 -31.67175913 -35.62612419 -13.09408914]
scheduled_ues:  [ 0  1  2  3  4  5  6  7  9 10 11 12 13]
(1, 15, 1, 4, 1, 1)
caused INR: -22.674979839366046
TpsAltruisticFromLsfGain + CumulativeIndividualEstimated_INR + -10.0
None
(1, 15, 1, 4, 1, 1)
caused INR: -12.890261744755705
TpsAltruisticFromLsfGain + CumulativeIndividualEstimated_INR + -12.5
None
(1, 15, 1, 4, 1, 1)
caused INR: -22.674979839366046
TpsAltruisticFromLsfGain + CumulativeIndividualEstimated_INR + -15.0
None
(1, 15, 1, 4, 1, 1)
caused INR: -22.674979839366046
TpsRandomic + IndividualEstimated_INR + -10.0
None
ls_gain_coeffs:
[-127.59066611 -148.80555085 -121.3618241  -140.31625135 -123.13134339
 -128.80391454 -123.2998658  -140.08778841 -109.15538173 -143.39617622
 -136.13524216 -148.45430073 -141.27752291 -136.74777804 -105.75227723]
inrs_hat:  [-16.60096607 -37.81585081 -10.37212406 -29.32655131 -12.14164334
 -17.8142145  -12.31016576 -29.09808836   1.83431831 -32.40647617
 -25.14554212 -37.46460069 -30.28782287 -25.758078     5.23742281]
scheduled_ues:  [ 0  1  2  3  4  5  6  7  9 10 11 12 13]
(1, 15, 1, 4, 1, 1)
caused INR: -1.6905301310227991
TpsRandomic + IndividualEstimated_INR + -12.5
None
ls_gain_coeffs:
[-127.59066611 -148.80555085 -125.09658241 -126.64440702 -133.59307549
 -133.59641392 -122.23041312 -128.72561598 -110.11930902 -137.48249065
 -122.69036021 -136.77934084 -141.27752291 -136.74777804 -105.75227723]
inrs_hat:  [-16.60096607 -37.81585081 -14.10688236 -15.65470698 -22.60337545
 -22.60671387 -11.24071308 -17.73591594   0.87039103 -26.49279061
 -11.70066016 -25.7896408  -30.28782287 -25.758078     5.23742281]
scheduled_ues:  [ 0  1  2  3  4  5  7  9 11 12 13]
(1, 15, 1, 4, 1, 1)
caused INR: -11.883007310246565
TpsRandomic + IndividualEstimated_INR + -15.0
None
ls_gain_coeffs:
[-116.41137938 -148.80555085 -125.09658241 -140.31625135 -139.36983805
 -136.45301517 -123.2998658  -122.98925471 -109.15538173 -127.11565507
 -133.12539629 -136.77934084 -129.75854708 -146.61582424 -109.29836884]
inrs_hat:  [ -5.42167934 -37.81585081 -14.10688236 -29.32655131 -28.38013801
 -25.46331513 -12.31016576 -11.99955467   1.83431831 -16.12595502
 -22.13569625 -25.7896408  -18.76884704 -35.62612419   1.6913312 ]
scheduled_ues:  [ 1  3  4  5  9 10 11 12 13]
(1, 15, 1, 4, 1, 1)
caused INR: -8.024894602398778
TpsRandomic + CumulativeIndividualEstimated_INR + -10.0
None
(1, 15, 1, 4, 1, 1)
caused INR: -22.760401462093608
TpsRandomic + CumulativeIndividualEstimated_INR + -12.5
None
(1, 15, 1, 4, 1, 1)
caused INR: -22.48814250979713
TpsRandomic + CumulativeIndividualEstimated_INR + -15.0
None
(1, 15, 1, 4, 1, 1)
caused INR: -28.01275122219359
Iteration number 12
TpsAltruisticFromLsfGain + IndividualEstimated_INR + -10.0
None
ls_gain_coeffs:
[-136.20613814 -143.14904474 -141.47722999 -132.62877699 -139.51521919
 -135.30477835 -149.05291845 -134.52349536 -146.34973814 -151.16535764
 -145.68267803 -134.11840029 -146.21023327 -121.68126027 -151.76284285]
inrs_hat:  [-25.2164381  -32.1593447  -30.48752994 -21.63907695 -28.52551915
 -24.31507831 -38.06321841 -23.53379532 -35.3600381  -40.1756576
 -34.69297799 -23.12870025 -35.22053323 -10.69156022 -40.7731428 ]
scheduled_ues:  [ 0  1  2  3  4  5  6  7  8  9 10 11 12 13 14]
(1, 15, 1, 4, 1, 1)
caused INR: -5.565359498348254
TpsAltruisticFromLsfGain + IndividualEstimated_INR + -12.5
None
ls_gain_coeffs:
[-136.20613814 -143.14904474 -141.47722999 -132.62877699 -139.51521919
 -135.30477835 -149.05291845 -134.52349536 -146.34973814 -151.16535764
 -145.68267803 -134.11840029 -146.21023327 -121.68126027 -151.76284285]
inrs_hat:  [-25.2164381  -32.1593447  -30.48752994 -21.63907695 -28.52551915
 -24.31507831 -38.06321841 -23.53379532 -35.3600381  -40.1756576
 -34.69297799 -23.12870025 -35.22053323 -10.69156022 -40.7731428 ]
scheduled_ues:  [ 0  1  2  3  4  5  6  7  8  9 10 11 12 14]
(1, 15, 1, 4, 1, 1)
caused INR: -24.41123661991812
TpsAltruisticFromLsfGain + IndividualEstimated_INR + -15.0
None
ls_gain_coeffs:
[-136.20613814 -143.14904474 -141.47722999 -132.62877699 -139.51521919
 -135.30477835 -149.05291845 -134.52349536 -146.34973814 -151.16535764
 -145.68267803 -134.11840029 -146.21023327 -121.68126027 -151.76284285]
inrs_hat:  [-25.2164381  -32.1593447  -30.48752994 -21.63907695 -28.52551915
 -24.31507831 -38.06321841 -23.53379532 -35.3600381  -40.1756576
 -34.69297799 -23.12870025 -35.22053323 -10.69156022 -40.7731428 ]
scheduled_ues:  [ 0  1  2  3  4  5  6  7  8  9 10 11 12 14]
(1, 15, 1, 4, 1, 1)
caused INR: -24.41123661991812
TpsAltruisticFromLsfGain + CumulativeIndividualEstimated_INR + -10.0
None
(1, 15, 1, 4, 1, 1)
caused INR: -24.41123661991812
TpsAltruisticFromLsfGain + CumulativeIndividualEstimated_INR + -12.5
None
(1, 15, 1, 4, 1, 1)
caused INR: -24.41123661991812
TpsAltruisticFromLsfGain + CumulativeIndividualEstimated_INR + -15.0
None
(1, 15, 1, 4, 1, 1)
caused INR: -24.41123661991812
TpsRandomic + IndividualEstimated_INR + -10.0
None
ls_gain_coeffs:
[-119.21653876 -136.58890813 -137.69282207 -119.78656589 -122.87774014
 -118.63880805 -132.55488674 -125.07794772 -146.34973814 -151.16535764
 -145.68267803 -118.79397656 -143.92751148 -119.83630245 -151.76284285]
inrs_hat:  [ -8.22683872 -25.59920809 -26.70312203  -8.79686584 -11.8880401
  -7.649108   -21.5651867  -14.08824768 -35.3600381  -40.1756576
 -34.69297799  -7.80427651 -32.93781144  -8.84660241 -40.7731428 ]
scheduled_ues:  [ 1  2  4  6  7  8  9 10 12 14]
(1, 15, 1, 4, 1, 1)
caused INR: -14.281137179022597
TpsRandomic + IndividualEstimated_INR + -12.5
None
ls_gain_coeffs:
[-124.20108214 -126.66481671 -137.69282207 -132.62877699 -139.51521919
 -135.30477835 -141.48256289 -125.07794772 -146.34973814 -137.15830756
 -145.68267803 -129.79416469 -146.21023327 -108.62467433 -141.92171361]
inrs_hat:  [-13.2113821  -15.67511667 -26.70312203 -21.63907695 -28.52551915
 -24.31507831 -30.49286285 -14.08824768 -35.3600381  -26.16860752
 -34.69297799 -18.80446465 -35.22053323   2.36502572 -30.93201356]
scheduled_ues:  [ 0  1  2  3  4  5  6  7  8  9 10 11 12 14]
(1, 15, 1, 4, 1, 1)
caused INR: -11.389753565221415
TpsRandomic + IndividualEstimated_INR + -15.0
None
ls_gain_coeffs:
[-119.21653876 -129.18232529 -141.47722999 -119.98687144 -139.51521919
 -118.63880805 -149.05291845 -122.82012076 -139.04280468 -151.16535764
 -129.592454   -129.79416469 -132.24681874 -108.62467433 -135.03119547]
inrs_hat:  [ -8.22683872 -18.19262525 -30.48752994  -8.9971714  -28.52551915
  -7.649108   -38.06321841 -11.83042071 -28.05310463 -40.1756576
 -18.60275396 -18.80446465 -21.2571187    2.36502572 -24.04149543]
scheduled_ues:  [ 1  2  4  6  8  9 10 11 12 14]
(1, 15, 1, 4, 1, 1)
caused INR: -17.419620706621217
TpsRandomic + CumulativeIndividualEstimated_INR + -10.0
None
(1, 15, 1, 4, 1, 1)
caused INR: -17.65499628017292
TpsRandomic + CumulativeIndividualEstimated_INR + -12.5
None
(1, 15, 1, 4, 1, 1)
caused INR: -10.891795475376334
TpsRandomic + CumulativeIndividualEstimated_INR + -15.0
None
(1, 15, 1, 4, 1, 1)
caused INR: -21.392671332999946
Iteration number 13
TpsAltruisticFromLsfGain + IndividualEstimated_INR + -10.0
None
ls_gain_coeffs:
[-129.92514326 -127.95349809 -136.94945713 -144.55725075 -135.9251441
 -133.11188544 -131.50404945 -141.22674086 -117.71599801 -142.3227019
 -138.16578739 -141.90523857 -134.29456754 -135.49585786 -133.46184868]
inrs_hat:  [-18.93544322 -16.96379804 -25.95975708 -33.56755071 -24.93544406
 -22.12218539 -20.51434941 -30.23704081  -6.72629797 -31.33300186
 -27.17608735 -30.91553853 -23.3048675  -24.50615781 -22.47214864]
scheduled_ues:  [ 0  1  2  3  4  5  6  7  9 10 11 12 13 14]
(1, 15, 1, 4, 1, 1)
caused INR: -10.331486694167653
TpsAltruisticFromLsfGain + IndividualEstimated_INR + -12.5
None
ls_gain_coeffs:
[-129.92514326 -127.95349809 -136.94945713 -144.55725075 -135.9251441
 -133.11188544 -131.50404945 -141.22674086 -117.71599801 -142.3227019
 -138.16578739 -141.90523857 -134.29456754 -135.49585786 -133.46184868]
inrs_hat:  [-18.93544322 -16.96379804 -25.95975708 -33.56755071 -24.93544406
 -22.12218539 -20.51434941 -30.23704081  -6.72629797 -31.33300186
 -27.17608735 -30.91553853 -23.3048675  -24.50615781 -22.47214864]
scheduled_ues:  [ 0  1  2  3  4  5  6  7  9 10 11 12 13 14]
(1, 15, 1, 4, 1, 1)
caused INR: -10.331486694167653
TpsAltruisticFromLsfGain + IndividualEstimated_INR + -15.0
None
ls_gain_coeffs:
[-129.92514326 -127.95349809 -136.94945713 -144.55725075 -135.9251441
 -133.11188544 -131.50404945 -141.22674086 -117.71599801 -142.3227019
 -138.16578739 -141.90523857 -134.29456754 -135.49585786 -133.46184868]
inrs_hat:  [-18.93544322 -16.96379804 -25.95975708 -33.56755071 -24.93544406
 -22.12218539 -20.51434941 -30.23704081  -6.72629797 -31.33300186
 -27.17608735 -30.91553853 -23.3048675  -24.50615781 -22.47214864]
scheduled_ues:  [ 0  1  2  3  4  5  6  7  9 10 11 12 13 14]
(1, 15, 1, 4, 1, 1)
caused INR: -10.331486694167653
TpsAltruisticFromLsfGain + CumulativeIndividualEstimated_INR + -10.0
None
(1, 15, 1, 4, 1, 1)
caused INR: -10.331486694167653
TpsAltruisticFromLsfGain + CumulativeIndividualEstimated_INR + -12.5
None
(1, 15, 1, 4, 1, 1)
caused INR: -9.930098142894336
TpsAltruisticFromLsfGain + CumulativeIndividualEstimated_INR + -15.0
None
(1, 15, 1, 4, 1, 1)
caused INR: -10.868710699078513
TpsRandomic + IndividualEstimated_INR + -10.0
None
ls_gain_coeffs:
[-116.92316939 -127.95349809 -136.94945713 -132.43560637 -135.9251441
 -125.45566247 -114.08792917 -134.3496589  -104.71989754 -142.3227019
 -138.16578739 -128.39109287 -126.0807197  -135.49585786 -122.95060848]
inrs_hat:  [ -5.93346935 -16.96379804 -25.95975708 -21.44590632 -24.93544406
 -14.46596242  -3.09822912 -23.35995886   6.26980251 -31.33300186
 -27.17608735 -17.40139282 -15.09101966 -24.50615781 -11.96090844]
scheduled_ues:  [ 1  2  3  4  5  7  9 10 11 12 13 14]
(1, 15, 1, 4, 1, 1)
caused INR: -12.118408085723312
TpsRandomic + IndividualEstimated_INR + -12.5
None
ls_gain_coeffs:
[-120.67096749 -127.95349809 -119.79051849 -135.51812472 -122.8712748
 -116.05774897 -131.50404945 -127.67559816 -117.71599801 -125.82975888
 -125.35233461 -141.90523857 -126.0807197  -122.4115264  -122.95060848]
inrs_hat:  [ -9.68126745 -16.96379804  -8.80081844 -24.52842468 -11.88157476
  -5.06804893 -20.51434941 -16.68589811  -6.72629797 -14.84005884
 -14.36263456 -30.91553853 -15.09101966 -11.42182636 -11.96090844]
scheduled_ues:  [ 1  3  6  7  9 10 11 12]
(1, 15, 1, 4, 1, 1)
caused INR: -11.807082917845088
TpsRandomic + IndividualEstimated_INR + -15.0
None
ls_gain_coeffs:
[-129.92514326 -115.12725054 -119.79051849 -127.75606554 -135.9251441
 -119.10143547 -131.50404945 -141.22674086  -98.90314793 -125.82975888
 -138.16578739 -128.39109287 -121.20750098 -122.4115264  -133.46184868]
inrs_hat:  [-18.93544322  -4.1375505   -8.80081844 -16.7663655  -24.93544406
  -8.11173543 -20.51434941 -30.23704081  12.08655211 -14.84005884
 -27.17608735 -17.40139282 -10.21780093 -11.42182636 -22.47214864]
scheduled_ues:  [ 0  3  4  6  7 10 11 14]
(1, 15, 1, 4, 1, 1)
caused INR: -12.228780816000206
TpsRandomic + CumulativeIndividualEstimated_INR + -10.0
None
(1, 15, 1, 4, 1, 1)
caused INR: -11.228462065227456
TpsRandomic + CumulativeIndividualEstimated_INR + -12.5
None
(1, 15, 1, 4, 1, 1)
caused INR: -11.092378070586973
TpsRandomic + CumulativeIndividualEstimated_INR + -15.0
None
(1, 15, 1, 4, 1, 1)
caused INR: -20.457075033415567
Iteration number 14
TpsAltruisticFromLsfGain + IndividualEstimated_INR + -10.0
None
ls_gain_coeffs:
[-141.90560289 -133.47171951 -122.39638271 -140.93989592 -130.13198228
 -136.47314072 -134.6583514  -135.25225616 -147.33425147 -150.32602846
 -129.43253167 -123.02035177 -136.54512536 -141.87723615 -133.5609267 ]
inrs_hat:  [-30.91590284 -22.48201947 -11.40668266 -29.95019588 -19.14228224
 -25.48344067 -23.66865135 -24.26255611 -36.34455143 -39.33632842
 -18.44283163 -12.03065173 -25.55542532 -30.8875361  -22.57122666]
scheduled_ues:  [ 0  1  2  3  4  5  6  7  8  9 10 11 12 13 14]
(1, 15, 1, 4, 1, 1)
caused INR: -18.404728181036184
TpsAltruisticFromLsfGain + IndividualEstimated_INR + -12.5
None
ls_gain_coeffs:
[-141.90560289 -133.47171951 -122.39638271 -140.93989592 -130.13198228
 -136.47314072 -134.6583514  -135.25225616 -147.33425147 -150.32602846
 -129.43253167 -123.02035177 -136.54512536 -141.87723615 -133.5609267 ]
inrs_hat:  [-30.91590284 -22.48201947 -11.40668266 -29.95019588 -19.14228224
 -25.48344067 -23.66865135 -24.26255611 -36.34455143 -39.33632842
 -18.44283163 -12.03065173 -25.55542532 -30.8875361  -22.57122666]
scheduled_ues:  [ 0  1  3  4  5  6  7  8  9 10 12 13 14]
(1, 15, 1, 4, 1, 1)
caused INR: -13.060832852166723
TpsAltruisticFromLsfGain + IndividualEstimated_INR + -15.0
None
ls_gain_coeffs:
[-141.90560289 -133.47171951 -122.39638271 -140.93989592 -130.13198228
 -136.47314072 -134.6583514  -135.25225616 -147.33425147 -150.32602846
 -129.43253167 -123.02035177 -136.54512536 -141.87723615 -133.5609267 ]
inrs_hat:  [-30.91590284 -22.48201947 -11.40668266 -29.95019588 -19.14228224
 -25.48344067 -23.66865135 -24.26255611 -36.34455143 -39.33632842
 -18.44283163 -12.03065173 -25.55542532 -30.8875361  -22.57122666]
scheduled_ues:  [ 0  1  3  4  5  6  7  8  9 10 12 13 14]
(1, 15, 1, 4, 1, 1)
caused INR: -13.060832852166723
TpsAltruisticFromLsfGain + CumulativeIndividualEstimated_INR + -10.0
None
(1, 15, 1, 4, 1, 1)
caused INR: -13.060832852166723
TpsAltruisticFromLsfGain + CumulativeIndividualEstimated_INR + -12.5
None
(1, 15, 1, 4, 1, 1)
caused INR: -13.060832852166723
TpsAltruisticFromLsfGain + CumulativeIndividualEstimated_INR + -15.0
None
(1, 15, 1, 4, 1, 1)
caused INR: -13.642655926728345
TpsRandomic + IndividualEstimated_INR + -10.0
None
ls_gain_coeffs:
[-141.90560289 -133.40824455 -122.39638271 -140.93989592 -130.13198228
 -125.31575898 -120.3687447  -122.59504917 -137.14818744 -136.67051876
 -111.80093019 -116.57703189 -123.70135729 -129.07990412 -133.5609267 ]
inrs_hat:  [-30.91590284 -22.4185445  -11.40668266 -29.95019588 -19.14228224
 -14.32605893  -9.37904466 -11.60534913 -26.15848739 -25.68081872
  -0.81123014  -5.58733184 -12.71165725 -18.09020407 -22.57122666]
scheduled_ues:  [ 0  1  2  3  4  5  7  8  9 12 13 14]
(1, 15, 1, 4, 1, 1)
caused INR: -3.481170266473277
TpsRandomic + IndividualEstimated_INR + -12.5
None
ls_gain_coeffs:
[-129.80225048 -120.98780287 -122.39638271 -140.93989592 -127.85179748
 -126.59232923 -120.3687447  -122.59504917 -136.47442972 -136.67051876
 -120.21723845 -106.28320518 -128.86205888 -141.87723615 -116.83505569]
inrs_hat:  [-18.81255043  -9.99810282 -11.40668266 -29.95019588 -16.86209744
 -15.60262918  -9.37904466 -11.60534913 -25.48472968 -25.68081872
  -9.2275384    4.70649486 -17.87235884 -30.8875361   -5.84535564]
scheduled_ues:  [ 0  3  4  5  8  9 12 13]
(1, 15, 1, 4, 1, 1)
caused INR: -6.678720137400599
TpsRandomic + IndividualEstimated_INR + -15.0
None
ls_gain_coeffs:
[-132.78025897 -121.00896119 -108.41483014 -140.93989592 -116.93032068
 -125.31575898 -121.29274805 -122.59504917 -130.59050858 -136.67051876
 -120.21723845 -108.43097848 -120.06090809 -129.25777013 -133.5609267 ]
inrs_hat:  [-21.79055892 -10.01926115   2.5748699  -29.95019588  -5.94062064
 -14.32605893 -10.30304801 -11.60534913 -19.60080854 -25.68081872
  -9.2275384    2.55872157  -9.07120804 -18.26807009 -22.57122666]
scheduled_ues:  [ 0  3  8  9 13 14]
(1, 15, 1, 4, 1, 1)
caused INR: -11.386720994683252
TpsRandomic + CumulativeIndividualEstimated_INR + -10.0
None
(1, 15, 1, 4, 1, 1)
caused INR: -15.963593812387488
TpsRandomic + CumulativeIndividualEstimated_INR + -12.5
None
(1, 15, 1, 4, 1, 1)
caused INR: -9.662010923992844
TpsRandomic + CumulativeIndividualEstimated_INR + -15.0
None
(1, 15, 1, 4, 1, 1)
caused INR: -17.59861514153174
Iteration number 15
TpsAltruisticFromLsfGain + IndividualEstimated_INR + -10.0
None
ls_gain_coeffs:
[-143.82333254  -99.12608006 -133.310336   -132.81129351 -125.47272913
 -130.64685922 -136.48047635 -136.68358363 -141.95558794 -133.37804494
 -139.53134739 -123.73368789 -125.60070534 -141.52027555 -134.53373342]
inrs_hat:  [-32.8336325   11.86361999 -22.32063596 -21.82159347 -14.48302909
 -19.65715917 -25.49077631 -25.69388359 -30.96588789 -22.38834489
 -28.54164734 -12.74398784 -14.6110053  -30.53057551 -23.54403338]
scheduled_ues:  [ 0  2  3  4  5  6  7  8  9 10 11 12 13 14]
(1, 15, 1, 4, 1, 1)
caused INR: -7.602054901606252
TpsAltruisticFromLsfGain + IndividualEstimated_INR + -12.5
None
ls_gain_coeffs:
[-143.82333254  -99.12608006 -133.310336   -132.81129351 -125.47272913
 -130.64685922 -136.48047635 -136.68358363 -141.95558794 -133.37804494
 -139.53134739 -123.73368789 -125.60070534 -141.52027555 -134.53373342]
inrs_hat:  [-32.8336325   11.86361999 -22.32063596 -21.82159347 -14.48302909
 -19.65715917 -25.49077631 -25.69388359 -30.96588789 -22.38834489
 -28.54164734 -12.74398784 -14.6110053  -30.53057551 -23.54403338]
scheduled_ues:  [ 0  2  3  4  5  6  7  8  9 10 11 12 13 14]
(1, 15, 1, 4, 1, 1)
caused INR: -7.602054901606252
TpsAltruisticFromLsfGain + IndividualEstimated_INR + -15.0
None
ls_gain_coeffs:
[-143.82333254  -99.12608006 -133.310336   -132.81129351 -125.47272913
 -130.64685922 -136.48047635 -136.68358363 -141.95558794 -133.37804494
 -139.53134739 -123.73368789 -125.60070534 -141.52027555 -134.53373342]
inrs_hat:  [-32.8336325   11.86361999 -22.32063596 -21.82159347 -14.48302909
 -19.65715917 -25.49077631 -25.69388359 -30.96588789 -22.38834489
 -28.54164734 -12.74398784 -14.6110053  -30.53057551 -23.54403338]
scheduled_ues:  [ 0  2  3  5  6  7  8  9 10 13 14]
(1, 15, 1, 4, 1, 1)
caused INR: -18.74158748129155
TpsAltruisticFromLsfGain + CumulativeIndividualEstimated_INR + -10.0
None
(1, 15, 1, 4, 1, 1)
caused INR: -24.48017405714143
TpsAltruisticFromLsfGain + CumulativeIndividualEstimated_INR + -12.5
None
(1, 15, 1, 4, 1, 1)
caused INR: -18.74158748129155
TpsAltruisticFromLsfGain + CumulativeIndividualEstimated_INR + -15.0
None
(1, 15, 1, 4, 1, 1)
caused INR: -40.8349703298665
TpsRandomic + IndividualEstimated_INR + -10.0
None
ls_gain_coeffs:
[-131.53774575  -99.12608006 -131.31537602 -116.08428527 -117.23449065
 -118.58746483 -125.66419782 -120.59382757 -141.95558794 -133.37804494
 -122.72277036 -121.22736165 -111.99923536 -130.3623595  -121.16219026]
inrs_hat:  [-20.54804571  11.86361999 -20.32567597  -5.09458523  -6.24479061
  -7.59776479 -14.67449778  -9.60412753 -30.96588789 -22.38834489
 -11.73307032 -10.2376616   -1.00953532 -19.37265946 -10.17249022]
scheduled_ues:  [ 0  2  6  8  9 10 11 13 14]
(1, 15, 1, 4, 1, 1)
caused INR: -2.380070173803597
TpsRandomic + IndividualEstimated_INR + -12.5
None
ls_gain_coeffs:
[-131.53774575  -99.12608006 -119.53876268 -116.08428527 -117.23449065
 -130.64685922 -119.12503757 -136.68358363 -130.59406414 -116.57615493
 -122.72277036 -110.45664581 -111.99923536 -131.04118042 -126.62433906]
inrs_hat:  [-20.54804571  11.86361999  -8.54906264  -5.09458523  -6.24479061
 -19.65715917  -8.13533752 -25.69388359 -19.6043641   -5.58645489
 -11.73307032   0.53305424  -1.00953532 -20.05148038 -15.63463901]
scheduled_ues:  [ 0  5  7  8 13 14]
(1, 15, 1, 4, 1, 1)
caused INR: -10.975572299581401
TpsRandomic + IndividualEstimated_INR + -15.0
None
ls_gain_coeffs:
[-135.18604065  -85.88198985 -133.310336   -116.08428527 -117.23449065
 -121.54894122 -119.12503757 -130.86627956 -141.95558794 -116.57615493
 -131.39751764 -109.62120373 -112.57917035 -141.52027555 -126.62433906]
inrs_hat:  [-24.19634061  25.10771019 -22.32063596  -5.09458523  -6.24479061
 -10.55924118  -8.13533752 -19.87657952 -30.96588789  -5.58645489
 -20.4078176    1.36849632  -1.58947031 -30.53057551 -15.63463901]
scheduled_ues:  [ 0  2  7  8 10 13 14]
(1, 15, 1, 4, 1, 1)
caused INR: -10.845524429577356
TpsRandomic + CumulativeIndividualEstimated_INR + -10.0
None
(1, 15, 1, 4, 1, 1)
caused INR: -14.94139926664063
TpsRandomic + CumulativeIndividualEstimated_INR + -12.5
None
(1, 15, 1, 4, 1, 1)
caused INR: -25.25993869316883
TpsRandomic + CumulativeIndividualEstimated_INR + -15.0
None
(1, 15, 1, 4, 1, 1)
caused INR: -17.706507563127314
Iteration number 16
TpsAltruisticFromLsfGain + IndividualEstimated_INR + -10.0
None
ls_gain_coeffs:
[-139.73369009 -155.57424142 -146.46443449 -148.78333452 -141.73767904
 -121.38286381 -141.09452984 -147.35518848 -137.51708453 -142.09560894
 -139.51503339 -133.19300367 -134.29787326 -146.25463402 -145.5482453 ]
inrs_hat:  [-28.74399005 -44.58454137 -35.47473445 -37.79363448 -30.74797899
 -10.39316377 -30.10482979 -36.36548844 -26.52738448 -31.1059089
 -28.52533335 -22.20330362 -23.30817322 -35.26493398 -34.55854526]
scheduled_ues:  [ 0  1  2  3  4  5  6  7  8  9 10 11 12 13 14]
(1, 15, 1, 4, 1, 1)
caused INR: -15.118629649619937
TpsAltruisticFromLsfGain + IndividualEstimated_INR + -12.5
None
ls_gain_coeffs:
[-139.73369009 -155.57424142 -146.46443449 -148.78333452 -141.73767904
 -121.38286381 -141.09452984 -147.35518848 -137.51708453 -142.09560894
 -139.51503339 -133.19300367 -134.29787326 -146.25463402 -145.5482453 ]
inrs_hat:  [-28.74399005 -44.58454137 -35.47473445 -37.79363448 -30.74797899
 -10.39316377 -30.10482979 -36.36548844 -26.52738448 -31.1059089
 -28.52533335 -22.20330362 -23.30817322 -35.26493398 -34.55854526]
scheduled_ues:  [ 0  1  2  3  4  6  7  8  9 10 11 12 13 14]
(1, 15, 1, 4, 1, 1)
caused INR: -30.38390851568751
TpsAltruisticFromLsfGain + IndividualEstimated_INR + -15.0
None
ls_gain_coeffs:
[-139.73369009 -155.57424142 -146.46443449 -148.78333452 -141.73767904
 -121.38286381 -141.09452984 -147.35518848 -137.51708453 -142.09560894
 -139.51503339 -133.19300367 -134.29787326 -146.25463402 -145.5482453 ]
inrs_hat:  [-28.74399005 -44.58454137 -35.47473445 -37.79363448 -30.74797899
 -10.39316377 -30.10482979 -36.36548844 -26.52738448 -31.1059089
 -28.52533335 -22.20330362 -23.30817322 -35.26493398 -34.55854526]
scheduled_ues:  [ 0  1  2  3  4  6  7  8  9 10 11 12 13 14]
(1, 15, 1, 4, 1, 1)
caused INR: -30.38390851568751
TpsAltruisticFromLsfGain + CumulativeIndividualEstimated_INR + -10.0
None
(1, 15, 1, 4, 1, 1)
caused INR: -30.38390851568751
TpsAltruisticFromLsfGain + CumulativeIndividualEstimated_INR + -12.5
None
(1, 15, 1, 4, 1, 1)
caused INR: -30.38390851568751
TpsAltruisticFromLsfGain + CumulativeIndividualEstimated_INR + -15.0
None
(1, 15, 1, 4, 1, 1)
caused INR: -30.38390851568751
TpsRandomic + IndividualEstimated_INR + -10.0
None
ls_gain_coeffs:
[-125.40828662 -139.13817682 -130.09290423 -148.78333452 -131.86913871
 -107.56415488 -127.71601841 -147.35518848 -137.51708453 -125.70313299
 -125.22124645 -118.92828047 -134.29787326 -133.26132334 -134.41217457]
inrs_hat:  [-14.41858657 -28.14847677 -19.10320419 -37.79363448 -20.87943866
   3.42554516 -16.72631837 -36.36548844 -26.52738448 -14.71343295
 -14.23154641  -7.93858042 -23.30817322 -22.2716233  -23.42247453]
scheduled_ues:  [ 0  1  2  3  4  6  7  8  9 10 12 13 14]
(1, 15, 1, 4, 1, 1)
caused INR: -9.586471629178599
TpsRandomic + IndividualEstimated_INR + -12.5
None
ls_gain_coeffs:
[-139.73369009 -155.57424142 -133.21516991 -131.96291306 -124.94822366
 -117.25153703 -126.77910698 -134.21776751 -126.49176537 -142.09560894
 -125.22124645 -133.19300367 -124.75165212 -138.77116672 -135.47777873]
inrs_hat:  [-28.74399005 -44.58454137 -22.22546987 -20.97321302 -13.95852362
  -6.26183698 -15.78940694 -23.22806747 -15.50206533 -31.1059089
 -14.23154641 -22.20330362 -13.76195208 -27.78146668 -24.48807869]
scheduled_ues:  [ 0  1  2  3  4  6  7  8  9 10 11 12 13 14]
(1, 15, 1, 4, 1, 1)
caused INR: -32.71594192547504
TpsRandomic + IndividualEstimated_INR + -15.0
None
ls_gain_coeffs:
[-139.73369009 -142.25399846 -133.21516991 -136.76532416 -131.86913871
 -121.38286381 -141.09452984 -147.35518848 -127.4552388  -125.70313299
 -125.22124645 -125.9225738  -134.29787326 -133.26132334 -134.41217457]
inrs_hat:  [-28.74399005 -31.26429842 -22.22546987 -25.77562412 -20.87943866
 -10.39316377 -30.10482979 -36.36548844 -16.46553875 -14.71343295
 -14.23154641 -14.93287375 -23.30817322 -22.2716233  -23.42247453]
scheduled_ues:  [ 0  1  2  3  4  6  7  8 12 13 14]
(1, 15, 1, 4, 1, 1)
caused INR: -11.673316422600363
TpsRandomic + CumulativeIndividualEstimated_INR + -10.0
None
(1, 15, 1, 4, 1, 1)
caused INR: -13.818664625361736
TpsRandomic + CumulativeIndividualEstimated_INR + -12.5
None
(1, 15, 1, 4, 1, 1)
caused INR: -16.012332860637834
TpsRandomic + CumulativeIndividualEstimated_INR + -15.0
None
(1, 15, 1, 4, 1, 1)
caused INR: -23.726648917431312
Iteration number 17
TpsAltruisticFromLsfGain + IndividualEstimated_INR + -10.0
None
ls_gain_coeffs:
[-128.49741712 -131.04749802 -131.86908767 -140.20530971 -134.70386247
 -150.47722601 -128.2020759  -134.67910818 -139.08373908 -131.71457753
 -135.88050349 -126.88786119 -146.33251478 -138.1610335  -128.55895771]
inrs_hat:  [-17.50771708 -20.05779798 -20.87938762 -29.21560967 -23.71416242
 -39.48752597 -17.21237585 -23.68940813 -28.09403903 -20.72487749
 -24.89080344 -15.89816115 -35.34281474 -27.17133346 -17.56925766]
scheduled_ues:  [ 0  1  2  3  4  5  6  7  8  9 10 11 12 13 14]
(1, 15, 1, 4, 1, 1)
caused INR: -5.091400967914986
TpsAltruisticFromLsfGain + IndividualEstimated_INR + -12.5
None
ls_gain_coeffs:
[-128.49741712 -131.04749802 -131.86908767 -140.20530971 -134.70386247
 -150.47722601 -128.2020759  -134.67910818 -139.08373908 -131.71457753
 -135.88050349 -126.88786119 -146.33251478 -138.1610335  -128.55895771]
inrs_hat:  [-17.50771708 -20.05779798 -20.87938762 -29.21560967 -23.71416242
 -39.48752597 -17.21237585 -23.68940813 -28.09403903 -20.72487749
 -24.89080344 -15.89816115 -35.34281474 -27.17133346 -17.56925766]
scheduled_ues:  [ 0  1  2  3  4  5  6  7  8  9 10 11 12 13 14]
(1, 15, 1, 4, 1, 1)
caused INR: -5.091400967914986
TpsAltruisticFromLsfGain + IndividualEstimated_INR + -15.0
None
ls_gain_coeffs:
[-128.49741712 -131.04749802 -131.86908767 -140.20530971 -134.70386247
 -150.47722601 -128.2020759  -134.67910818 -139.08373908 -131.71457753
 -135.88050349 -126.88786119 -146.33251478 -138.1610335  -128.55895771]
inrs_hat:  [-17.50771708 -20.05779798 -20.87938762 -29.21560967 -23.71416242
 -39.48752597 -17.21237585 -23.68940813 -28.09403903 -20.72487749
 -24.89080344 -15.89816115 -35.34281474 -27.17133346 -17.56925766]
scheduled_ues:  [ 0  1  2  3  4  5  6  7  8  9 10 11 12 13 14]
(1, 15, 1, 4, 1, 1)
caused INR: -5.091400967914986
TpsAltruisticFromLsfGain + CumulativeIndividualEstimated_INR + -10.0
None
(1, 15, 1, 4, 1, 1)
caused INR: -5.504060282729332
TpsAltruisticFromLsfGain + CumulativeIndividualEstimated_INR + -12.5
None
(1, 15, 1, 4, 1, 1)
caused INR: -9.855435710018895
TpsAltruisticFromLsfGain + CumulativeIndividualEstimated_INR + -15.0
None
(1, 15, 1, 4, 1, 1)
caused INR: -13.704802727273961
TpsRandomic + IndividualEstimated_INR + -10.0
None
ls_gain_coeffs:
[-115.58972914 -121.26531619 -122.03405826 -127.40008194 -124.36834393
 -133.68006499 -118.37478507 -117.42340315 -127.92663955 -131.71457753
 -130.88910078 -124.04031802 -133.12059894 -138.1610335  -110.95044454]
inrs_hat:  [ -4.6000291  -10.27561615 -11.04435822 -16.4103819  -13.37864389
 -22.69036495  -7.38508503  -6.43370311 -16.93693951 -20.72487749
 -19.89940074 -13.05061797 -22.13089889 -27.17133346   0.0392555 ]
scheduled_ues:  [ 1  2  3  4  5  8  9 10 11 12 13]
(1, 15, 1, 4, 1, 1)
caused INR: -2.4499779699184043
TpsRandomic + IndividualEstimated_INR + -12.5
None
ls_gain_coeffs:
[-120.53594305 -119.47530246 -119.02994383 -127.40008194 -124.36834393
 -138.89337527 -116.6916089  -123.84651825 -127.92663955 -120.8404749
 -135.88050349 -124.04031802 -133.12059894 -130.70619326 -128.55895771]
inrs_hat:  [ -9.54624301  -8.48560242  -8.04024379 -16.4103819  -13.37864389
 -27.90367522  -5.70190886 -12.85681821 -16.93693951  -9.85077486
 -24.89080344 -13.05061797 -22.13089889 -19.71649322 -17.56925766]
scheduled_ues:  [ 3  4  5  7  8 10 11 12 13 14]
(1, 15, 1, 4, 1, 1)
caused INR: -8.364400199759356
TpsRandomic + IndividualEstimated_INR + -15.0
None
ls_gain_coeffs:
[-128.49741712 -121.26531619 -114.31120105 -131.62212619 -134.70386247
 -150.47722601 -111.31239699 -134.67910818 -128.60637737 -131.71457753
 -130.88910078 -113.49708013 -146.33251478 -130.70619326 -119.97621475]
inrs_hat:  [-17.50771708 -10.27561615  -3.32150101 -20.63242615 -23.71416242
 -39.48752597  -0.32269694 -23.68940813 -17.61667733 -20.72487749
 -19.89940074  -2.50738009 -35.34281474 -19.71649322  -8.9865147 ]
scheduled_ues:  [ 0  3  4  5  7  8  9 10 12 13]
(1, 15, 1, 4, 1, 1)
caused INR: -10.636449781314202
TpsRandomic + CumulativeIndividualEstimated_INR + -10.0
None
(1, 15, 1, 4, 1, 1)
caused INR: -7.502484508056404
TpsRandomic + CumulativeIndividualEstimated_INR + -12.5
None
(1, 15, 1, 4, 1, 1)
caused INR: -16.188074590304943
TpsRandomic + CumulativeIndividualEstimated_INR + -15.0
None
(1, 15, 1, 4, 1, 1)
caused INR: -21.48422372322593
Iteration number 18
TpsAltruisticFromLsfGain + IndividualEstimated_INR + -10.0
None
ls_gain_coeffs:
[-144.46293303 -149.04938725 -133.27427756 -145.34531177 -133.9568269
 -135.25579775 -130.87220119 -146.18873717 -146.59372192 -134.56758153
 -116.46173311 -140.46829561 -139.32426751 -146.77942293 -133.87857754]
inrs_hat:  [-33.47323298 -38.05968721 -22.28457751 -34.35561172 -22.96712686
 -24.2660977  -19.88250114 -35.19903713 -35.60402188 -23.57788149
  -5.47203307 -29.47859556 -28.33456747 -35.78972288 -22.88887749]
scheduled_ues:  [ 0  1  2  3  4  5  6  7  8  9 11 12 13 14]
(1, 15, 1, 4, 1, 1)
caused INR: -14.922914653122438
TpsAltruisticFromLsfGain + IndividualEstimated_INR + -12.5
None
ls_gain_coeffs:
[-144.46293303 -149.04938725 -133.27427756 -145.34531177 -133.9568269
 -135.25579775 -130.87220119 -146.18873717 -146.59372192 -134.56758153
 -116.46173311 -140.46829561 -139.32426751 -146.77942293 -133.87857754]
inrs_hat:  [-33.47323298 -38.05968721 -22.28457751 -34.35561172 -22.96712686
 -24.2660977  -19.88250114 -35.19903713 -35.60402188 -23.57788149
  -5.47203307 -29.47859556 -28.33456747 -35.78972288 -22.88887749]
scheduled_ues:  [ 0  1  2  3  4  5  6  7  8  9 11 12 13 14]
(1, 15, 1, 4, 1, 1)
caused INR: -14.922914653122438
TpsAltruisticFromLsfGain + IndividualEstimated_INR + -15.0
None
ls_gain_coeffs:
[-144.46293303 -149.04938725 -133.27427756 -145.34531177 -133.9568269
 -135.25579775 -130.87220119 -146.18873717 -146.59372192 -134.56758153
 -116.46173311 -140.46829561 -139.32426751 -146.77942293 -133.87857754]
inrs_hat:  [-33.47323298 -38.05968721 -22.28457751 -34.35561172 -22.96712686
 -24.2660977  -19.88250114 -35.19903713 -35.60402188 -23.57788149
  -5.47203307 -29.47859556 -28.33456747 -35.78972288 -22.88887749]
scheduled_ues:  [ 0  1  2  3  4  5  6  7  8  9 11 12 13 14]
(1, 15, 1, 4, 1, 1)
caused INR: -14.922914653122438
TpsAltruisticFromLsfGain + CumulativeIndividualEstimated_INR + -10.0
None
(1, 15, 1, 4, 1, 1)
caused INR: -14.922914653122438
TpsAltruisticFromLsfGain + CumulativeIndividualEstimated_INR + -12.5
None
(1, 15, 1, 4, 1, 1)
caused INR: -14.922914653122438
TpsAltruisticFromLsfGain + CumulativeIndividualEstimated_INR + -15.0
None
(1, 15, 1, 4, 1, 1)
caused INR: -17.907096354759435
TpsRandomic + IndividualEstimated_INR + -10.0
None
ls_gain_coeffs:
[-144.46293303 -149.04938725 -115.59766749 -129.07910867 -132.44072881
 -127.32513568 -130.87220119 -140.60646701 -146.59372192 -118.35479202
 -106.56812279 -127.15427551 -126.19807319 -130.50155204 -120.60764588]
inrs_hat:  [-33.47323298 -38.05968721  -4.60796744 -18.08940862 -21.45102877
 -16.33543563 -19.88250114 -29.61676697 -35.60402188  -7.36509197
   4.42157725 -16.16457547 -15.20837315 -19.511852    -9.61794584]
scheduled_ues:  [ 0  1  3  4  5  6  7  8 11 12 13]
(1, 15, 1, 4, 1, 1)
caused INR: -12.822863889373071
TpsRandomic + IndividualEstimated_INR + -12.5
None
ls_gain_coeffs:
[-138.55317178 -135.46910601 -133.27427756 -131.30558774 -132.44072881
 -118.19920578 -130.87220119 -140.60646701 -146.59372192 -128.26417772
  -98.21933741 -137.85103532 -139.32426751 -132.70455049 -120.60764588]
inrs_hat:  [-27.56347173 -24.47940596 -22.28457751 -20.31588769 -21.45102877
  -7.20950574 -19.88250114 -29.61676697 -35.60402188 -17.27447767
  12.77036264 -26.86133528 -28.33456747 -21.71485044  -9.61794584]
scheduled_ues:  [ 0  1  2  3  4  6  7  8  9 11 12 13]
(1, 15, 1, 4, 1, 1)
caused INR: -5.54041452439157
TpsRandomic + IndividualEstimated_INR + -15.0
None
ls_gain_coeffs:
[-144.46293303 -134.33042476 -120.95177271 -129.07910867 -120.50449484
 -118.19920578 -118.51389089 -132.19739558 -129.86777776 -120.88700631
 -116.46173311 -126.28185542 -125.51347887 -132.70455049 -133.87857754]
inrs_hat:  [-33.47323298 -23.34072472  -9.96207266 -18.08940862  -9.5147948
  -7.20950574  -7.52419085 -21.20769554 -18.87807772  -9.89730627
  -5.47203307 -15.29215537 -14.52377883 -21.71485044 -22.88887749]
scheduled_ues:  [ 0  1  3  7  8 11 13 14]
(1, 15, 1, 4, 1, 1)
caused INR: -15.933649415384386
TpsRandomic + CumulativeIndividualEstimated_INR + -10.0
None
(1, 15, 1, 4, 1, 1)
caused INR: -6.6143395002686045
TpsRandomic + CumulativeIndividualEstimated_INR + -12.5
None
(1, 15, 1, 4, 1, 1)
caused INR: -12.35766427596709
TpsRandomic + CumulativeIndividualEstimated_INR + -15.0
None
(1, 15, 1, 4, 1, 1)
caused INR: -19.256158312285656
Iteration number 19
TpsAltruisticFromLsfGain + IndividualEstimated_INR + -10.0
None
ls_gain_coeffs:
[-134.24796998 -118.48604658 -141.55904669 -142.15938304 -134.78660431
 -131.53060073 -150.94387989 -142.19733657 -147.2339385  -134.76648378
 -152.55833883 -132.10466726 -148.19666155 -143.56063593 -142.06516305]
inrs_hat:  [-23.25826993  -7.49634654 -30.56934664 -31.169683   -23.79690427
 -20.54090068 -39.95417984 -31.20763653 -36.24423846 -23.77678374
 -41.56863879 -21.11496721 -37.2069615  -32.57093589 -31.07546301]
scheduled_ues:  [ 0  2  3  4  5  6  7  8  9 10 11 12 13 14]
(1, 15, 1, 4, 1, 1)
caused INR: -24.159179326864866
TpsAltruisticFromLsfGain + IndividualEstimated_INR + -12.5
None
ls_gain_coeffs:
[-134.24796998 -118.48604658 -141.55904669 -142.15938304 -134.78660431
 -131.53060073 -150.94387989 -142.19733657 -147.2339385  -134.76648378
 -152.55833883 -132.10466726 -148.19666155 -143.56063593 -142.06516305]
inrs_hat:  [-23.25826993  -7.49634654 -30.56934664 -31.169683   -23.79690427
 -20.54090068 -39.95417984 -31.20763653 -36.24423846 -23.77678374
 -41.56863879 -21.11496721 -37.2069615  -32.57093589 -31.07546301]
scheduled_ues:  [ 0  2  3  4  5  6  7  8  9 10 11 12 13 14]
(1, 15, 1, 4, 1, 1)
caused INR: -24.159179326864866
TpsAltruisticFromLsfGain + IndividualEstimated_INR + -15.0
None
ls_gain_coeffs:
[-134.24796998 -118.48604658 -141.55904669 -142.15938304 -134.78660431
 -131.53060073 -150.94387989 -142.19733657 -147.2339385  -134.76648378
 -152.55833883 -132.10466726 -148.19666155 -143.56063593 -142.06516305]
inrs_hat:  [-23.25826993  -7.49634654 -30.56934664 -31.169683   -23.79690427
 -20.54090068 -39.95417984 -31.20763653 -36.24423846 -23.77678374
 -41.56863879 -21.11496721 -37.2069615  -32.57093589 -31.07546301]
scheduled_ues:  [ 0  2  3  4  5  6  7  8  9 10 11 12 13 14]
(1, 15, 1, 4, 1, 1)
caused INR: -24.159179326864866
TpsAltruisticFromLsfGain + CumulativeIndividualEstimated_INR + -10.0
None
(1, 15, 1, 4, 1, 1)
caused INR: -24.159179326864866
TpsAltruisticFromLsfGain + CumulativeIndividualEstimated_INR + -12.5
None
(1, 15, 1, 4, 1, 1)
caused INR: -24.159179326864866
TpsAltruisticFromLsfGain + CumulativeIndividualEstimated_INR + -15.0
None
(1, 15, 1, 4, 1, 1)
caused INR: -38.842954389413485
TpsRandomic + IndividualEstimated_INR + -10.0
None
ls_gain_coeffs:
[-134.24796998 -105.60876176 -125.81441555 -142.15938304 -134.78660431
 -131.53060073 -136.72212344 -142.19733657 -130.43234369 -118.16060542
 -143.53094198 -132.10466726 -134.99740548 -130.01750941 -127.84983983]
inrs_hat:  [-23.25826993   5.38093829 -14.82471551 -31.169683   -23.79690427
 -20.54090068 -25.7324234  -31.20763653 -19.44264365  -7.17090538
 -32.54124193 -21.11496721 -24.00770544 -19.02780937 -16.86013979]
scheduled_ues:  [ 0  2  3  4  5  6  7  8 10 11 12 13 14]
(1, 15, 1, 4, 1, 1)
caused INR: -13.76305411910781
TpsRandomic + IndividualEstimated_INR + -12.5
None
ls_gain_coeffs:
[-125.18219967 -117.17899211 -136.60449998 -142.15938304 -134.78660431
 -123.85300149 -148.27364522 -132.93570398 -137.48537388 -134.76648378
 -135.95299131 -117.88131327 -134.99740548 -143.56063593 -127.84983983]
inrs_hat:  [-14.19249963  -6.18929207 -25.61479994 -31.169683   -23.79690427
 -12.86330144 -37.28394518 -21.94600394 -26.49567384 -23.77678374
 -24.96329127  -6.89161323 -24.00770544 -32.57093589 -16.86013979]
scheduled_ues:  [ 0  2  3  4  5  6  7  8  9 10 12 13 14]
(1, 15, 1, 4, 1, 1)
caused INR: -5.164316424839574
TpsRandomic + IndividualEstimated_INR + -15.0
None
ls_gain_coeffs:
[-121.37153108 -118.48604658 -141.55904669 -132.1898289  -121.06537271
 -117.62296781 -137.61220167 -142.19733657 -137.48537388 -126.64143764
 -152.55833883 -117.88131327 -140.85527531 -143.56063593 -126.07611662]
inrs_hat:  [-10.38183104  -7.49634654 -30.56934664 -21.20012886 -10.07567267
  -6.63326777 -26.62250162 -31.20763653 -26.49567384 -15.65173759
 -41.56863879  -6.89161323 -29.86557527 -32.57093589 -15.08641657]
scheduled_ues:  [ 2  3  6  7  8  9 10 12 13 14]
(1, 15, 1, 4, 1, 1)
caused INR: -10.91177058885197
TpsRandomic + CumulativeIndividualEstimated_INR + -10.0
None
(1, 15, 1, 4, 1, 1)
caused INR: -15.618775370409196
TpsRandomic + CumulativeIndividualEstimated_INR + -12.5
None
(1, 15, 1, 4, 1, 1)
caused INR: -14.669067972543154
TpsRandomic + CumulativeIndividualEstimated_INR + -15.0
None
(1, 15, 1, 4, 1, 1)
caused INR: -16.754666883955007
Iteration number 20
TpsAltruisticFromLsfGain + IndividualEstimated_INR + -10.0
None
ls_gain_coeffs:
[-129.7361841  -138.89264688 -149.36901686 -147.3763551  -144.09487394
 -132.03113974 -151.38811501 -141.92038274 -143.95067424 -126.4975737
 -141.22887824 -148.14860936 -144.71581823 -143.48910052 -127.90651232]
inrs_hat:  [-18.74648405 -27.90294684 -38.37931681 -36.38665506 -33.10517389
 -21.0414397  -40.39841496 -30.9306827  -32.9609742  -15.50787366
 -30.23917819 -37.15890932 -33.72611819 -32.49940048 -16.91681228]
scheduled_ues:  [ 0  1  2  3  4  5  6  7  8  9 10 11 12 13 14]
(1, 15, 1, 4, 1, 1)
caused INR: -22.045313502182168
TpsAltruisticFromLsfGain + IndividualEstimated_INR + -12.5
None
ls_gain_coeffs:
[-129.7361841  -138.89264688 -149.36901686 -147.3763551  -144.09487394
 -132.03113974 -151.38811501 -141.92038274 -143.95067424 -126.4975737
 -141.22887824 -148.14860936 -144.71581823 -143.48910052 -127.90651232]
inrs_hat:  [-18.74648405 -27.90294684 -38.37931681 -36.38665506 -33.10517389
 -21.0414397  -40.39841496 -30.9306827  -32.9609742  -15.50787366
 -30.23917819 -37.15890932 -33.72611819 -32.49940048 -16.91681228]
scheduled_ues:  [ 0  1  2  3  4  5  6  7  8  9 10 11 12 13 14]
(1, 15, 1, 4, 1, 1)
caused INR: -22.045313502182168
TpsAltruisticFromLsfGain + IndividualEstimated_INR + -15.0
None
ls_gain_coeffs:
[-129.7361841  -138.89264688 -149.36901686 -147.3763551  -144.09487394
 -132.03113974 -151.38811501 -141.92038274 -143.95067424 -126.4975737
 -141.22887824 -148.14860936 -144.71581823 -143.48910052 -127.90651232]
inrs_hat:  [-18.74648405 -27.90294684 -38.37931681 -36.38665506 -33.10517389
 -21.0414397  -40.39841496 -30.9306827  -32.9609742  -15.50787366
 -30.23917819 -37.15890932 -33.72611819 -32.49940048 -16.91681228]
scheduled_ues:  [ 0  1  2  3  4  5  6  7  8  9 10 11 12 13 14]
(1, 15, 1, 4, 1, 1)
caused INR: -22.045313502182168
TpsAltruisticFromLsfGain + CumulativeIndividualEstimated_INR + -10.0
None
(1, 15, 1, 4, 1, 1)
caused INR: -22.045313502182168
TpsAltruisticFromLsfGain + CumulativeIndividualEstimated_INR + -12.5
None
(1, 15, 1, 4, 1, 1)
caused INR: -15.863440059091442
TpsAltruisticFromLsfGain + CumulativeIndividualEstimated_INR + -15.0
None
(1, 15, 1, 4, 1, 1)
caused INR: -17.938854231011966
TpsRandomic + IndividualEstimated_INR + -10.0
None
ls_gain_coeffs:
[-111.95127415 -130.27394215 -142.63686596 -137.83084006 -134.92671811
 -119.76784589 -143.18251798 -141.92038274 -143.95067424 -126.4975737
 -141.22887824 -131.4574103  -130.63624913 -126.51532584 -127.90651232]
inrs_hat:  [ -0.96157411 -19.28424211 -31.64716592 -26.84114002 -23.93701807
  -8.77814585 -32.19281794 -30.9306827  -32.9609742  -15.50787366
 -30.23917819 -20.46771025 -19.64654909 -15.5256258  -16.91681228]
scheduled_ues:  [ 1  2  3  4  6  7  8  9 10 11 12 13 14]
(1, 15, 1, 4, 1, 1)
caused INR: -21.037643882894198
TpsRandomic + IndividualEstimated_INR + -12.5
None
ls_gain_coeffs:
[-129.7361841  -122.04663208 -142.63686596 -135.93245821 -127.33897495
 -132.03113974 -151.38811501 -129.06665258 -136.3403813  -112.78043948
 -128.22196391 -131.4574103  -138.84892797 -131.44724667 -119.1027642 ]
inrs_hat:  [-18.74648405 -11.05693204 -31.64716592 -24.94275817 -16.3492749
 -21.0414397  -40.39841496 -18.07695254 -25.35068126  -1.79073943
 -17.23226386 -20.46771025 -27.85922793 -20.45754662  -8.11306416]
scheduled_ues:  [ 0  2  3  4  5  6  7  8 10 11 12 13]
(1, 15, 1, 4, 1, 1)
caused INR: -12.01337830283184
TpsRandomic + IndividualEstimated_INR + -15.0
None
ls_gain_coeffs:
[-119.26036318 -138.89264688 -142.63686596 -130.66084914 -144.09487394
 -122.95865653 -138.90612081 -141.92038274 -136.3403813  -109.70816126
 -127.65664958 -139.42713429 -138.84892797 -131.44724667 -127.90651232]
inrs_hat:  [ -8.27066313 -27.90294684 -31.64716592 -19.67114909 -33.10517389
 -11.96895649 -27.91642077 -30.9306827  -25.35068126   1.28153879
 -16.66694953 -28.43743424 -27.85922793 -20.45754662 -16.91681228]
scheduled_ues:  [ 1  2  3  4  6  7  8 10 11 12 13 14]
(1, 15, 1, 4, 1, 1)
caused INR: -10.341383227365522
TpsRandomic + CumulativeIndividualEstimated_INR + -10.0
None
(1, 15, 1, 4, 1, 1)
caused INR: -8.338202721722316
TpsRandomic + CumulativeIndividualEstimated_INR + -12.5
None
(1, 15, 1, 4, 1, 1)
caused INR: -7.448790107295436
TpsRandomic + CumulativeIndividualEstimated_INR + -15.0
None
(1, 15, 1, 4, 1, 1)
caused INR: -17.909510652283686
Iteration number 21
TpsAltruisticFromLsfGain + IndividualEstimated_INR + -10.0
None
ls_gain_coeffs:
[-132.61201722 -148.76578211 -136.63411622 -142.13339389 -135.42654274
 -152.41068951 -147.94225629 -146.58062281 -141.78697908 -123.62113054
 -136.14015702 -136.42089296 -136.99705514 -137.15226116 -139.6805797 ]
inrs_hat:  [-21.62231717 -37.77608207 -25.64441618 -31.14369385 -24.43684269
 -41.42098947 -36.95255624 -35.59092277 -30.79727904 -12.63143049
 -25.15045698 -25.43119291 -26.00735509 -26.16256111 -28.69087966]
scheduled_ues:  [ 0  1  2  3  4  5  6  7  8  9 10 11 12 13 14]
(1, 15, 1, 4, 1, 1)
caused INR: -7.615953582696163
TpsAltruisticFromLsfGain + IndividualEstimated_INR + -12.5
None
ls_gain_coeffs:
[-132.61201722 -148.76578211 -136.63411622 -142.13339389 -135.42654274
 -152.41068951 -147.94225629 -146.58062281 -141.78697908 -123.62113054
 -136.14015702 -136.42089296 -136.99705514 -137.15226116 -139.6805797 ]
inrs_hat:  [-21.62231717 -37.77608207 -25.64441618 -31.14369385 -24.43684269
 -41.42098947 -36.95255624 -35.59092277 -30.79727904 -12.63143049
 -25.15045698 -25.43119291 -26.00735509 -26.16256111 -28.69087966]
scheduled_ues:  [ 0  1  2  3  4  5  6  7  8  9 10 11 12 13 14]
(1, 15, 1, 4, 1, 1)
caused INR: -7.615953582696163
TpsAltruisticFromLsfGain + IndividualEstimated_INR + -15.0
None
ls_gain_coeffs:
[-132.61201722 -148.76578211 -136.63411622 -142.13339389 -135.42654274
 -152.41068951 -147.94225629 -146.58062281 -141.78697908 -123.62113054
 -136.14015702 -136.42089296 -136.99705514 -137.15226116 -139.6805797 ]
inrs_hat:  [-21.62231717 -37.77608207 -25.64441618 -31.14369385 -24.43684269
 -41.42098947 -36.95255624 -35.59092277 -30.79727904 -12.63143049
 -25.15045698 -25.43119291 -26.00735509 -26.16256111 -28.69087966]
scheduled_ues:  [ 0  1  2  3  4  5  6  7  8 10 11 12 13 14]
(1, 15, 1, 4, 1, 1)
caused INR: -16.53016842046851
TpsAltruisticFromLsfGain + CumulativeIndividualEstimated_INR + -10.0
None
(1, 15, 1, 4, 1, 1)
caused INR: -7.615953582696163
TpsAltruisticFromLsfGain + CumulativeIndividualEstimated_INR + -12.5
None
(1, 15, 1, 4, 1, 1)
caused INR: -16.53016842046851
TpsAltruisticFromLsfGain + CumulativeIndividualEstimated_INR + -15.0
None
(1, 15, 1, 4, 1, 1)
caused INR: -16.53016842046851
TpsRandomic + IndividualEstimated_INR + -10.0
None
ls_gain_coeffs:
[-116.03022833 -136.02511048 -130.66569388 -142.13339389 -122.56256104
 -136.01179448 -140.13465877 -130.0563233  -141.78697908 -123.62113054
 -136.14015702 -119.13789387 -136.99705514 -123.29594534 -133.26112547]
inrs_hat:  [ -5.04052828 -25.03541044 -19.67599383 -31.14369385 -11.572861
 -25.02209444 -29.14495872 -19.06662326 -30.79727904 -12.63143049
 -25.15045698  -8.14819383 -26.00735509 -12.30624529 -22.27142543]
scheduled_ues:  [ 1  2  3  4  5  6  7  8  9 10 12 13 14]
(1, 15, 1, 4, 1, 1)
caused INR: -3.8294053001501775
TpsRandomic + IndividualEstimated_INR + -12.5
None
ls_gain_coeffs:
[-132.61201722 -148.76578211 -122.76534912 -125.87419791 -135.42654274
 -139.18409232 -147.94225629 -133.92658593 -128.30611967 -121.8794715
 -128.27473287 -119.13789387 -120.37264013 -137.15226116 -126.18180731]
inrs_hat:  [-21.62231717 -37.77608207 -11.77564908 -14.88449787 -24.43684269
 -28.19439228 -36.95255624 -22.93688588 -17.31641963 -10.88977146
 -17.28503283  -8.14819383  -9.38294009 -26.16256111 -15.19210727]
scheduled_ues:  [ 0  1  3  4  5  6  7  8 10 13 14]
(1, 15, 1, 4, 1, 1)
caused INR: -11.647424673651145
TpsRandomic + IndividualEstimated_INR + -15.0
None
ls_gain_coeffs:
[-116.03022833 -135.72603885 -136.63411622 -142.13339389 -135.42654274
 -145.28109664 -135.04263313 -138.62766068 -128.30611967 -123.62113054
 -123.3579836  -124.53754548 -124.87401986 -124.00330325 -123.50066639]
inrs_hat:  [ -5.04052828 -24.73633881 -25.64441618 -31.14369385 -24.43684269
 -34.29139659 -24.05293309 -27.63796064 -17.31641963 -12.63143049
 -12.36828356 -13.54784543 -13.88431982 -13.0136032  -12.51096635]
scheduled_ues:  [1 2 3 4 5 6 7 8]
(1, 15, 1, 4, 1, 1)
caused INR: -9.911320307587438
TpsRandomic + CumulativeIndividualEstimated_INR + -10.0
None
(1, 15, 1, 4, 1, 1)
caused INR: -19.553073449858026
TpsRandomic + CumulativeIndividualEstimated_INR + -12.5
None
(1, 15, 1, 4, 1, 1)
caused INR: -15.787650183346818
TpsRandomic + CumulativeIndividualEstimated_INR + -15.0
None
(1, 15, 1, 4, 1, 1)
caused INR: -14.550103106088441
Iteration number 22
TpsAltruisticFromLsfGain + IndividualEstimated_INR + -10.0
None
ls_gain_coeffs:
[-143.21997185 -140.1897412  -146.66262327 -120.57265098 -145.49384331
 -151.47362014 -133.87085232 -129.56618259 -146.8837619  -139.92124737
 -131.12939919 -134.64589292 -141.25173494 -138.94019567 -146.11355618]
inrs_hat:  [-32.2302718  -29.20004116 -35.67292323  -9.58295094 -34.50414327
 -40.48392009 -22.88115228 -18.57648254 -35.89406186 -28.93154732
 -20.13969915 -23.65619288 -30.26203489 -27.95049562 -35.12385614]
scheduled_ues:  [ 0  1  2  4  5  6  7  8  9 10 11 12 13 14]
(1, 15, 1, 4, 1, 1)
caused INR: -14.359890887335307
TpsAltruisticFromLsfGain + IndividualEstimated_INR + -12.5
None
ls_gain_coeffs:
[-143.21997185 -140.1897412  -146.66262327 -120.57265098 -145.49384331
 -151.47362014 -133.87085232 -129.56618259 -146.8837619  -139.92124737
 -131.12939919 -134.64589292 -141.25173494 -138.94019567 -146.11355618]
inrs_hat:  [-32.2302718  -29.20004116 -35.67292323  -9.58295094 -34.50414327
 -40.48392009 -22.88115228 -18.57648254 -35.89406186 -28.93154732
 -20.13969915 -23.65619288 -30.26203489 -27.95049562 -35.12385614]
scheduled_ues:  [ 0  1  2  4  5  6  7  8  9 10 11 12 13 14]
(1, 15, 1, 4, 1, 1)
caused INR: -14.359890887335307
TpsAltruisticFromLsfGain + IndividualEstimated_INR + -15.0
None
ls_gain_coeffs:
[-143.21997185 -140.1897412  -146.66262327 -120.57265098 -145.49384331
 -151.47362014 -133.87085232 -129.56618259 -146.8837619  -139.92124737
 -131.12939919 -134.64589292 -141.25173494 -138.94019567 -146.11355618]
inrs_hat:  [-32.2302718  -29.20004116 -35.67292323  -9.58295094 -34.50414327
 -40.48392009 -22.88115228 -18.57648254 -35.89406186 -28.93154732
 -20.13969915 -23.65619288 -30.26203489 -27.95049562 -35.12385614]
scheduled_ues:  [ 0  1  2  4  5  6  7  8  9 10 11 12 13 14]
(1, 15, 1, 4, 1, 1)
caused INR: -14.359890887335307
TpsAltruisticFromLsfGain + CumulativeIndividualEstimated_INR + -10.0
None
(1, 15, 1, 4, 1, 1)
caused INR: -14.359890887335307
TpsAltruisticFromLsfGain + CumulativeIndividualEstimated_INR + -12.5
None
(1, 15, 1, 4, 1, 1)
caused INR: -14.359890887335307
TpsAltruisticFromLsfGain + CumulativeIndividualEstimated_INR + -15.0
None
(1, 15, 1, 4, 1, 1)
caused INR: -24.59650596724613
TpsRandomic + IndividualEstimated_INR + -10.0
None
ls_gain_coeffs:
[-143.21997185 -140.1897412  -138.66939186 -120.57265098 -129.22138978
 -142.77420552 -121.42527394 -128.0705351  -146.8837619  -123.87470407
 -116.78179878 -122.24679029 -127.49861304 -130.7221884  -146.11355618]
inrs_hat:  [-32.2302718  -29.20004116 -27.67969181  -9.58295094 -18.23168973
 -31.78450547 -10.4355739  -17.08083506 -35.89406186 -12.88500402
  -5.79209873 -11.25709025 -16.50891299 -19.73248836 -35.12385614]
scheduled_ues:  [ 0  1  2  4  5  6  7  8  9 11 12 13 14]
(1, 15, 1, 4, 1, 1)
caused INR: -4.1504880834598294
TpsRandomic + IndividualEstimated_INR + -12.5
None
ls_gain_coeffs:
[-133.96629009 -130.86388939 -138.66939186 -102.86496537 -145.49384331
 -142.77420552 -121.42527394 -128.0705351  -136.51153819 -123.87470407
 -131.12939919 -124.48279517 -141.25173494 -138.94019567 -146.11355618]
inrs_hat:  [-22.97659004 -19.87418935 -27.67969181   8.12473467 -34.50414327
 -31.78450547 -10.4355739  -17.08083506 -25.52183815 -12.88500402
 -20.13969915 -13.49309513 -30.26203489 -27.95049562 -35.12385614]
scheduled_ues:  [ 0  1  2  4  5  7  8  9 10 11 12 13 14]
(1, 15, 1, 4, 1, 1)
caused INR: -21.35696683866552
TpsRandomic + IndividualEstimated_INR + -15.0
None
ls_gain_coeffs:
[-126.26637784 -140.1897412  -138.66939186 -107.28024918 -139.1056239
 -139.40723148 -121.42129556 -129.56618259 -146.8837619  -126.05838304
 -131.12939919 -124.48279517 -126.18709114 -130.7221884  -139.52483793]
inrs_hat:  [-15.27667779 -29.20004116 -27.67969181   3.70945087 -28.11592385
 -28.41753144 -10.43159551 -18.57648254 -35.89406186 -15.06868299
 -20.13969915 -13.49309513 -15.19739109 -19.73248836 -28.53513788]
scheduled_ues:  [ 0  1  2  4  5  7  8  9 10 12 13 14]
(1, 15, 1, 4, 1, 1)
caused INR: -9.03049442487635
TpsRandomic + CumulativeIndividualEstimated_INR + -10.0
None
(1, 15, 1, 4, 1, 1)
caused INR: -16.88179134303859
TpsRandomic + CumulativeIndividualEstimated_INR + -12.5
None
(1, 15, 1, 4, 1, 1)
caused INR: -14.763064730521517
TpsRandomic + CumulativeIndividualEstimated_INR + -15.0
None
(1, 15, 1, 4, 1, 1)
caused INR: -9.72512323707609
Iteration number 23
TpsAltruisticFromLsfGain + IndividualEstimated_INR + -10.0
None
ls_gain_coeffs:
[-133.46572246 -149.37398219 -114.57581578 -134.57057057 -137.03031005
 -122.12223378 -145.13550057 -137.43313538 -146.86483285 -112.96872162
 -133.57453313 -129.32399084 -147.81590158 -130.93520192 -143.23475982]
inrs_hat:  [-22.47602241 -38.38428214  -3.58611574 -23.58087053 -26.04061
 -11.13253374 -34.14580053 -26.44343534 -35.87513281  -1.97902158
 -22.58483308 -18.3342908  -36.82620154 -19.94550188 -32.24505978]
scheduled_ues:  [ 0  1  3  4  5  6  7  8 10 11 12 13 14]
(1, 15, 1, 4, 1, 1)
caused INR: -25.77067348568748
TpsAltruisticFromLsfGain + IndividualEstimated_INR + -12.5
None
ls_gain_coeffs:
[-133.46572246 -149.37398219 -114.57581578 -134.57057057 -137.03031005
 -122.12223378 -145.13550057 -137.43313538 -146.86483285 -112.96872162
 -133.57453313 -129.32399084 -147.81590158 -130.93520192 -143.23475982]
inrs_hat:  [-22.47602241 -38.38428214  -3.58611574 -23.58087053 -26.04061
 -11.13253374 -34.14580053 -26.44343534 -35.87513281  -1.97902158
 -22.58483308 -18.3342908  -36.82620154 -19.94550188 -32.24505978]
scheduled_ues:  [ 0  1  3  4  6  7  8 10 11 12 13 14]
(1, 15, 1, 4, 1, 1)
caused INR: -20.83786845220211
TpsAltruisticFromLsfGain + IndividualEstimated_INR + -15.0
None
ls_gain_coeffs:
[-133.46572246 -149.37398219 -114.57581578 -134.57057057 -137.03031005
 -122.12223378 -145.13550057 -137.43313538 -146.86483285 -112.96872162
 -133.57453313 -129.32399084 -147.81590158 -130.93520192 -143.23475982]
inrs_hat:  [-22.47602241 -38.38428214  -3.58611574 -23.58087053 -26.04061
 -11.13253374 -34.14580053 -26.44343534 -35.87513281  -1.97902158
 -22.58483308 -18.3342908  -36.82620154 -19.94550188 -32.24505978]
scheduled_ues:  [ 0  1  3  4  6  7  8 10 11 12 13 14]
(1, 15, 1, 4, 1, 1)
caused INR: -20.83786845220211
TpsAltruisticFromLsfGain + CumulativeIndividualEstimated_INR + -10.0
None
(1, 15, 1, 4, 1, 1)
caused INR: -20.83786845220211
TpsAltruisticFromLsfGain + CumulativeIndividualEstimated_INR + -12.5
None
(1, 15, 1, 4, 1, 1)
caused INR: -20.83786845220211
TpsAltruisticFromLsfGain + CumulativeIndividualEstimated_INR + -15.0
None
(1, 15, 1, 4, 1, 1)
caused INR: -18.603680613655428
TpsRandomic + IndividualEstimated_INR + -10.0
None
ls_gain_coeffs:
[-122.68897277 -149.37398219 -113.35204082 -124.48770313 -124.45325704
 -109.45954144 -145.13550057 -130.99720973 -131.43068898  -94.38836367
 -133.57453313 -118.68604535 -139.96597678 -113.64072153 -129.79085074]
inrs_hat:  [-11.69927273 -38.38428214  -2.36234077 -13.49800309 -13.463557
   1.5301586  -34.14580053 -20.00750968 -20.44098894  16.60133637
 -22.58483308  -7.69634531 -28.97627674  -2.65102149 -18.8011507 ]
scheduled_ues:  [ 0  1  3  4  6  7  8 10 12 14]
(1, 15, 1, 4, 1, 1)
caused INR: -7.367583935771037
TpsRandomic + IndividualEstimated_INR + -12.5
None
ls_gain_coeffs:
[-123.10596701 -132.74436074 -101.3183658  -123.61806712 -137.03031005
 -109.2384491  -132.61451434 -130.99720973 -131.43068898  -94.38836367
 -117.25312221 -110.53774341 -135.12646809 -113.64072153 -130.29200528]
inrs_hat:  [-12.11626697 -21.7546607    9.67133424 -12.62836707 -26.04061
   1.75125095 -21.6248143  -20.00750968 -20.44098894  16.60133637
  -6.26342217   0.45195663 -24.13676805  -2.65102149 -19.30230524]
scheduled_ues:  [ 1  3  4  6  7  8 12 14]
(1, 15, 1, 4, 1, 1)
caused INR: -7.034524013308609
TpsRandomic + IndividualEstimated_INR + -15.0
None
ls_gain_coeffs:
[-122.68897277 -140.43127089 -101.3183658  -134.57057057 -137.03031005
 -109.2384491  -136.64012889 -123.2791798  -131.43068898 -101.86550039
 -120.14785129 -114.83104147 -147.81590158 -122.0307655  -130.29200528]
inrs_hat:  [-11.69927273 -29.44157085   9.67133424 -23.58087053 -26.04061
   1.75125095 -25.65042884 -12.28947976 -20.44098894   9.12419965
  -9.15815125  -3.84134143 -36.82620154 -11.04106545 -19.30230524]
scheduled_ues:  [ 1  3  4  6  8 12 14]
(1, 15, 1, 4, 1, 1)
caused INR: -22.493640268983008
TpsRandomic + CumulativeIndividualEstimated_INR + -10.0
None
(1, 15, 1, 4, 1, 1)
caused INR: -9.996989056752382
TpsRandomic + CumulativeIndividualEstimated_INR + -12.5
None
(1, 15, 1, 4, 1, 1)
caused INR: -13.637061402103265
TpsRandomic + CumulativeIndividualEstimated_INR + -15.0
None
(1, 15, 1, 4, 1, 1)
caused INR: -16.328318739505686
Iteration number 24
TpsAltruisticFromLsfGain + IndividualEstimated_INR + -10.0
None
ls_gain_coeffs:
[-144.31232093 -122.94045622 -136.40690477 -135.80742955 -126.25404995
 -148.82317452 -122.66723397 -139.85497826 -138.23540597 -137.01246474
 -148.79388116 -126.57377961 -139.5750347  -138.96450444 -132.86866516]
inrs_hat:  [-33.32262088 -11.95075617 -25.41720473 -24.8177295  -15.2643499
 -37.83347448 -11.67753393 -28.86527822 -27.24570593 -26.02276469
 -37.80418111 -15.58407956 -28.58533466 -27.9748044  -21.87896511]
scheduled_ues:  [ 0  1  2  3  4  5  6  7  8  9 10 11 12 13 14]
(1, 15, 1, 4, 1, 1)
caused INR: -3.8747967669706602
TpsAltruisticFromLsfGain + IndividualEstimated_INR + -12.5
None
ls_gain_coeffs:
[-144.31232093 -122.94045622 -136.40690477 -135.80742955 -126.25404995
 -148.82317452 -122.66723397 -139.85497826 -138.23540597 -137.01246474
 -148.79388116 -126.57377961 -139.5750347  -138.96450444 -132.86866516]
inrs_hat:  [-33.32262088 -11.95075617 -25.41720473 -24.8177295  -15.2643499
 -37.83347448 -11.67753393 -28.86527822 -27.24570593 -26.02276469
 -37.80418111 -15.58407956 -28.58533466 -27.9748044  -21.87896511]
scheduled_ues:  [ 0  2  3  4  5  7  8  9 10 11 12 13 14]
(1, 15, 1, 4, 1, 1)
caused INR: -9.37437802103494
TpsAltruisticFromLsfGain + IndividualEstimated_INR + -15.0
None
ls_gain_coeffs:
[-144.31232093 -122.94045622 -136.40690477 -135.80742955 -126.25404995
 -148.82317452 -122.66723397 -139.85497826 -138.23540597 -137.01246474
 -148.79388116 -126.57377961 -139.5750347  -138.96450444 -132.86866516]
inrs_hat:  [-33.32262088 -11.95075617 -25.41720473 -24.8177295  -15.2643499
 -37.83347448 -11.67753393 -28.86527822 -27.24570593 -26.02276469
 -37.80418111 -15.58407956 -28.58533466 -27.9748044  -21.87896511]
scheduled_ues:  [ 0  2  3  4  5  7  8  9 10 11 12 13 14]
(1, 15, 1, 4, 1, 1)
caused INR: -9.37437802103494
TpsAltruisticFromLsfGain + CumulativeIndividualEstimated_INR + -10.0
None
(1, 15, 1, 4, 1, 1)
caused INR: -9.37437802103494
TpsAltruisticFromLsfGain + CumulativeIndividualEstimated_INR + -12.5
None
(1, 15, 1, 4, 1, 1)
caused INR: -12.675180167652066
TpsAltruisticFromLsfGain + CumulativeIndividualEstimated_INR + -15.0
None
(1, 15, 1, 4, 1, 1)
caused INR: -11.68103719208525
TpsRandomic + IndividualEstimated_INR + -10.0
None
ls_gain_coeffs:
[-141.98933256 -115.05630987 -119.39641117 -118.94629718 -116.5263618
 -148.82317452 -122.66723397 -135.7472779  -125.75070368 -120.23295369
 -136.1296539  -115.78455353 -123.29344596 -138.96450444 -132.86866516]
inrs_hat:  [-30.99963251  -4.06660983  -8.40671113  -7.95659714  -5.53666176
 -37.83347448 -11.67753393 -24.75757785 -14.76100364  -9.24325365
 -25.13995386  -4.79485349 -12.30374591 -27.9748044  -21.87896511]
scheduled_ues:  [ 0  5  6  7  8 10 12 13 14]
(1, 15, 1, 4, 1, 1)
caused INR: -6.277317761336577
TpsRandomic + IndividualEstimated_INR + -12.5
None
ls_gain_coeffs:
[-141.98933256 -115.05630987 -128.53135849 -124.05112832 -109.10522603
 -134.94292013 -119.93809673 -139.85497826 -138.23540597 -137.01246474
 -140.7162203  -113.40385636 -132.7682328  -122.39319718 -128.9701703 ]
inrs_hat:  [-30.99963251  -4.06660983 -17.54165845 -13.06142828   1.88447401
 -23.95322009  -8.94839669 -28.86527822 -27.24570593 -26.02276469
 -29.72652026  -2.41415632 -21.77853276 -11.40349714 -17.98047025]
scheduled_ues:  [ 0  2  3  5  7  8  9 10 12 14]
(1, 15, 1, 4, 1, 1)
caused INR: -13.605393900747465
TpsRandomic + IndividualEstimated_INR + -15.0
None
ls_gain_coeffs:
[-130.32206201 -105.57406345 -119.39641117 -118.94629718 -116.5263618
 -148.82317452 -119.93809673 -126.04414481 -138.23540597 -123.81094219
 -148.79388116 -126.57377961 -139.5750347  -138.96450444 -128.9701703 ]
inrs_hat:  [-19.33236197   5.41563659  -8.40671113  -7.95659714  -5.53666176
 -37.83347448  -8.94839669 -15.05444476 -27.24570593 -12.82124215
 -37.80418111 -15.58407956 -28.58533466 -27.9748044  -17.98047025]
scheduled_ues:  [ 0  5  7  8 10 11 12 13 14]
(1, 15, 1, 4, 1, 1)
caused INR: -18.44945130159493
TpsRandomic + CumulativeIndividualEstimated_INR + -10.0
None
(1, 15, 1, 4, 1, 1)
caused INR: -7.463860183394731
TpsRandomic + CumulativeIndividualEstimated_INR + -12.5
None
(1, 15, 1, 4, 1, 1)
caused INR: -15.152654270516518
TpsRandomic + CumulativeIndividualEstimated_INR + -15.0
None
(1, 15, 1, 4, 1, 1)
caused INR: -17.004339694604532
Iteration number 25
TpsAltruisticFromLsfGain + IndividualEstimated_INR + -10.0
None
ls_gain_coeffs:
[-147.18509058 -134.41720507 -129.31180927 -144.30872211 -146.80218194
 -149.53458275 -144.72365032 -141.52295694 -144.40534416 -146.64246268
 -150.80031092 -142.43298013 -151.98995636 -136.36691652 -128.690464  ]
inrs_hat:  [-36.19539054 -23.42750502 -18.32210922 -33.31902206 -35.81248189
 -38.54488271 -33.73395028 -30.53325689 -33.41564412 -35.65276264
 -39.81061087 -31.44328009 -41.00025632 -25.37721648 -17.70076396]
scheduled_ues:  [ 0  1  2  3  4  5  6  7  8  9 10 11 12 13 14]
(1, 15, 1, 4, 1, 1)
caused INR: -19.272558000128505
TpsAltruisticFromLsfGain + IndividualEstimated_INR + -12.5
None
ls_gain_coeffs:
[-147.18509058 -134.41720507 -129.31180927 -144.30872211 -146.80218194
 -149.53458275 -144.72365032 -141.52295694 -144.40534416 -146.64246268
 -150.80031092 -142.43298013 -151.98995636 -136.36691652 -128.690464  ]
inrs_hat:  [-36.19539054 -23.42750502 -18.32210922 -33.31902206 -35.81248189
 -38.54488271 -33.73395028 -30.53325689 -33.41564412 -35.65276264
 -39.81061087 -31.44328009 -41.00025632 -25.37721648 -17.70076396]
scheduled_ues:  [ 0  1  2  3  4  5  6  7  8  9 10 11 12 13 14]
(1, 15, 1, 4, 1, 1)
caused INR: -19.272558000128505
TpsAltruisticFromLsfGain + IndividualEstimated_INR + -15.0
None
ls_gain_coeffs:
[-147.18509058 -134.41720507 -129.31180927 -144.30872211 -146.80218194
 -149.53458275 -144.72365032 -141.52295694 -144.40534416 -146.64246268
 -150.80031092 -142.43298013 -151.98995636 -136.36691652 -128.690464  ]
inrs_hat:  [-36.19539054 -23.42750502 -18.32210922 -33.31902206 -35.81248189
 -38.54488271 -33.73395028 -30.53325689 -33.41564412 -35.65276264
 -39.81061087 -31.44328009 -41.00025632 -25.37721648 -17.70076396]
scheduled_ues:  [ 0  1  2  3  4  5  6  7  8  9 10 11 12 13 14]
(1, 15, 1, 4, 1, 1)
caused INR: -19.272558000128505
TpsAltruisticFromLsfGain + CumulativeIndividualEstimated_INR + -10.0
None
(1, 15, 1, 4, 1, 1)
caused INR: -19.272558000128505
TpsAltruisticFromLsfGain + CumulativeIndividualEstimated_INR + -12.5
None
(1, 15, 1, 4, 1, 1)
caused INR: -19.272558000128505
TpsAltruisticFromLsfGain + CumulativeIndividualEstimated_INR + -15.0
None
(1, 15, 1, 4, 1, 1)
caused INR: -24.689582273397694
TpsRandomic + IndividualEstimated_INR + -10.0
None
ls_gain_coeffs:
[-140.85341691 -118.27733485 -117.15063475 -132.19707613 -132.76145912
 -141.0673389  -128.36909324 -124.7608392  -132.14294139 -142.63405161
 -150.80031092 -128.76494723 -138.66580214 -125.78196606 -116.38373898]
inrs_hat:  [-29.86371686  -7.2876348   -6.1609347  -21.20737609 -21.77175908
 -30.07763886 -17.3793932  -13.77113916 -21.15324135 -31.64435157
 -39.81061087 -17.77524719 -27.67610209 -14.79226602  -5.39403894]
scheduled_ues:  [ 0  3  4  5  6  7  8  9 10 11 12 13]
(1, 15, 1, 4, 1, 1)
caused INR: -13.82328256330711
TpsRandomic + IndividualEstimated_INR + -12.5
None
ls_gain_coeffs:
[-140.85341691 -134.41720507 -110.94234789 -127.55562175 -146.80218194
 -137.22180196 -138.13799292 -124.7608392  -127.60972009 -146.64246268
 -138.8105195  -129.37816368 -135.67718917 -125.78196606 -119.76621154]
inrs_hat:  [-29.86371686 -23.42750502   0.04735215 -16.56592171 -35.81248189
 -26.23210192 -27.14829288 -13.77113916 -16.62002004 -35.65276264
 -27.82081946 -18.38846364 -24.68748912 -14.79226602  -8.7765115 ]
scheduled_ues:  [ 0  1  3  4  5  6  7  8  9 10 11 12 13]
(1, 15, 1, 4, 1, 1)
caused INR: -21.871059962104535
TpsRandomic + IndividualEstimated_INR + -15.0
None
ls_gain_coeffs:
[-140.85341691 -134.41720507 -117.15063475 -127.55562175 -131.16233631
 -132.92377043 -128.36909324 -124.7608392  -144.40534416 -142.63405161
 -142.01228159 -129.37816368 -145.1301762  -136.36691652 -128.690464  ]
inrs_hat:  [-29.86371686 -23.42750502  -6.1609347  -16.56592171 -20.17263626
 -21.93407039 -17.3793932  -13.77113916 -33.41564412 -31.64435157
 -31.02258155 -18.38846364 -34.14047615 -25.37721648 -17.70076396]
scheduled_ues:  [ 0  1  3  4  5  6  8  9 10 11 12 13 14]
(1, 15, 1, 4, 1, 1)
caused INR: -12.318489854497997
TpsRandomic + CumulativeIndividualEstimated_INR + -10.0
None
(1, 15, 1, 4, 1, 1)
caused INR: -21.676401176597153
TpsRandomic + CumulativeIndividualEstimated_INR + -12.5
None
(1, 15, 1, 4, 1, 1)
caused INR: -19.60174015826859
TpsRandomic + CumulativeIndividualEstimated_INR + -15.0
None
(1, 15, 1, 4, 1, 1)
caused INR: -18.32824784468236
Iteration number 26
TpsAltruisticFromLsfGain + IndividualEstimated_INR + -10.0
None
ls_gain_coeffs:
[-140.92902647 -135.25580778 -113.12352904 -126.1254774  -138.47163407
 -131.7918395  -153.83548202 -143.30204733 -151.9633512  -132.78962488
 -146.01110993 -133.26131304 -130.65093786 -136.13785696 -140.47504738]
inrs_hat:  [-29.93932643 -24.26610773  -2.133829   -15.13577736 -27.48193403
 -20.80213945 -42.84578198 -32.31234729 -40.97365116 -21.79992484
 -35.02140989 -22.271613   -19.66123781 -25.14815691 -29.48534734]
scheduled_ues:  [ 0  1  3  4  5  6  7  8  9 10 11 12 13 14]
(1, 15, 1, 4, 1, 1)
caused INR: -6.427258895642951
TpsAltruisticFromLsfGain + IndividualEstimated_INR + -12.5
None
ls_gain_coeffs:
[-140.92902647 -135.25580778 -113.12352904 -126.1254774  -138.47163407
 -131.7918395  -153.83548202 -143.30204733 -151.9633512  -132.78962488
 -146.01110993 -133.26131304 -130.65093786 -136.13785696 -140.47504738]
inrs_hat:  [-29.93932643 -24.26610773  -2.133829   -15.13577736 -27.48193403
 -20.80213945 -42.84578198 -32.31234729 -40.97365116 -21.79992484
 -35.02140989 -22.271613   -19.66123781 -25.14815691 -29.48534734]
scheduled_ues:  [ 0  1  3  4  5  6  7  8  9 10 11 12 13 14]
(1, 15, 1, 4, 1, 1)
caused INR: -6.427258895642951
TpsAltruisticFromLsfGain + IndividualEstimated_INR + -15.0
None
ls_gain_coeffs:
[-140.92902647 -135.25580778 -113.12352904 -126.1254774  -138.47163407
 -131.7918395  -153.83548202 -143.30204733 -151.9633512  -132.78962488
 -146.01110993 -133.26131304 -130.65093786 -136.13785696 -140.47504738]
inrs_hat:  [-29.93932643 -24.26610773  -2.133829   -15.13577736 -27.48193403
 -20.80213945 -42.84578198 -32.31234729 -40.97365116 -21.79992484
 -35.02140989 -22.271613   -19.66123781 -25.14815691 -29.48534734]
scheduled_ues:  [ 0  1  3  4  5  6  7  8  9 10 11 12 13 14]
(1, 15, 1, 4, 1, 1)
caused INR: -6.427258895642951
TpsAltruisticFromLsfGain + CumulativeIndividualEstimated_INR + -10.0
None
(1, 15, 1, 4, 1, 1)
caused INR: -6.427258895642951
TpsAltruisticFromLsfGain + CumulativeIndividualEstimated_INR + -12.5
None
(1, 15, 1, 4, 1, 1)
caused INR: -8.050132462453355
TpsAltruisticFromLsfGain + CumulativeIndividualEstimated_INR + -15.0
None
(1, 15, 1, 4, 1, 1)
caused INR: -14.74685106199913
TpsRandomic + IndividualEstimated_INR + -10.0
None
ls_gain_coeffs:
[-128.34902597 -121.86398168 -100.30595876 -108.98897279 -121.59750617
 -118.68721002 -147.15463128 -135.96064828 -151.9633512  -116.30377737
 -146.01110993 -133.26131304 -119.03810342 -136.13785696 -140.47504738]
inrs_hat:  [-17.35932593 -10.87428163  10.68374128   2.00072726 -10.60780612
  -7.69750997 -36.16493123 -24.97094823 -40.97365116  -5.31407733
 -35.02140989 -22.271613    -8.04840338 -25.14815691 -29.48534734]
scheduled_ues:  [ 0  1  4  6  7  8 10 11 13 14]
(1, 15, 1, 4, 1, 1)
caused INR: -9.679680970505538
TpsRandomic + IndividualEstimated_INR + -12.5
None
ls_gain_coeffs:
[-140.72142572 -121.86398168 -100.30595876 -108.98897279 -130.57694397
 -129.80275105 -140.47522101 -126.75697669 -151.9633512  -119.27762278
 -129.49626411 -133.26131304 -119.03810342 -119.39536524 -126.93197839]
inrs_hat:  [-29.73172568 -10.87428163  10.68374128   2.00072726 -19.58724393
 -18.81305101 -29.48552097 -15.76727665 -40.97365116  -8.28792274
 -18.50656407 -22.271613    -8.04840338  -8.4056652  -15.94227835]
scheduled_ues:  [ 0  4  5  6  7  8 10 11 14]
(1, 15, 1, 4, 1, 1)
caused INR: -20.74957055227876
TpsRandomic + IndividualEstimated_INR + -15.0
None
ls_gain_coeffs:
[-128.34902597 -135.25580778 -112.55957362 -114.33503975 -121.59750617
 -131.7918395  -153.83548202 -126.75697669 -141.81361177 -119.27762278
 -138.42566835 -116.0433882  -119.03810342 -119.39536524 -127.48271289]
inrs_hat:  [-17.35932593 -24.26610773  -1.56987358  -3.34533971 -10.60780612
 -20.80213945 -42.84578198 -15.76727665 -30.82391173  -8.28792274
 -27.4359683   -5.05368816  -8.04840338  -8.4056652  -16.49301284]
scheduled_ues:  [ 0  1  5  6  7  8 10 14]
(1, 15, 1, 4, 1, 1)
caused INR: -15.310778861260788
TpsRandomic + CumulativeIndividualEstimated_INR + -10.0
None
(1, 15, 1, 4, 1, 1)
caused INR: -8.754289642850111
TpsRandomic + CumulativeIndividualEstimated_INR + -12.5
None
(1, 15, 1, 4, 1, 1)
caused INR: -10.07819514977429
TpsRandomic + CumulativeIndividualEstimated_INR + -15.0
None
(1, 15, 1, 4, 1, 1)
caused INR: -16.72426549919318
Iteration number 27
TpsAltruisticFromLsfGain + IndividualEstimated_INR + -10.0
None
ls_gain_coeffs:
[-145.16258938 -145.06912303 -139.75343266 -129.55449903 -146.71953536
 -145.55379819 -133.63916319 -148.10534813 -132.25613091 -147.03232156
 -130.91410633 -120.63576288 -118.46036753 -124.21377083 -138.73818928]
inrs_hat:  [-34.17288934 -34.07942298 -28.76373261 -18.56479899 -35.72983532
 -34.56409814 -22.64946315 -37.11564809 -21.26643087 -36.04262151
 -19.92440629  -9.64606283  -7.47066748 -13.22407079 -27.74848924]
scheduled_ues:  [ 0  1  2  3  4  5  6  7  8  9 10 13 14]
(1, 15, 1, 4, 1, 1)
caused INR: -9.730822722132963
TpsAltruisticFromLsfGain + IndividualEstimated_INR + -12.5
None
ls_gain_coeffs:
[-145.16258938 -145.06912303 -139.75343266 -129.55449903 -146.71953536
 -145.55379819 -133.63916319 -148.10534813 -132.25613091 -147.03232156
 -130.91410633 -120.63576288 -118.46036753 -124.21377083 -138.73818928]
inrs_hat:  [-34.17288934 -34.07942298 -28.76373261 -18.56479899 -35.72983532
 -34.56409814 -22.64946315 -37.11564809 -21.26643087 -36.04262151
 -19.92440629  -9.64606283  -7.47066748 -13.22407079 -27.74848924]
scheduled_ues:  [ 0  1  2  3  4  5  6  7  8  9 10 13 14]
(1, 15, 1, 4, 1, 1)
caused INR: -9.730822722132963
TpsAltruisticFromLsfGain + IndividualEstimated_INR + -15.0
None
ls_gain_coeffs:
[-145.16258938 -145.06912303 -139.75343266 -129.55449903 -146.71953536
 -145.55379819 -133.63916319 -148.10534813 -132.25613091 -147.03232156
 -130.91410633 -120.63576288 -118.46036753 -124.21377083 -138.73818928]
inrs_hat:  [-34.17288934 -34.07942298 -28.76373261 -18.56479899 -35.72983532
 -34.56409814 -22.64946315 -37.11564809 -21.26643087 -36.04262151
 -19.92440629  -9.64606283  -7.47066748 -13.22407079 -27.74848924]
scheduled_ues:  [ 0  1  2  3  4  5  6  7  8  9 10 14]
(1, 15, 1, 4, 1, 1)
caused INR: -13.043659360238149
TpsAltruisticFromLsfGain + CumulativeIndividualEstimated_INR + -10.0
None
(1, 15, 1, 4, 1, 1)
caused INR: -9.730822722132963
TpsAltruisticFromLsfGain + CumulativeIndividualEstimated_INR + -12.5
None
(1, 15, 1, 4, 1, 1)
caused INR: -13.043659360238149
TpsAltruisticFromLsfGain + CumulativeIndividualEstimated_INR + -15.0
None
(1, 15, 1, 4, 1, 1)
caused INR: -10.903992380811381
TpsRandomic + IndividualEstimated_INR + -10.0
None
ls_gain_coeffs:
[-131.27509923 -139.68686983 -139.75343266 -115.64997083 -130.21565197
 -134.99461253 -123.14421927 -148.10534813 -116.76094282 -130.768694
 -130.91410633 -106.59348659  -98.31093748 -107.14213271 -125.84613767]
inrs_hat:  [-20.28539919 -28.69716978 -28.76373261  -4.66027079 -19.22595192
 -24.00491249 -12.15451922 -37.11564809  -5.77124278 -19.77899396
 -19.92440629   4.39621345  12.67876256   3.84756734 -14.85643762]
scheduled_ues:  [ 0  1  2  4  5  6  7  9 10 14]
(1, 15, 1, 4, 1, 1)
caused INR: -12.1924447285479
TpsRandomic + IndividualEstimated_INR + -12.5
None
ls_gain_coeffs:
[-142.99375416 -129.03935423 -122.85427022 -115.64997083 -146.71953536
 -128.69366776 -123.14421927 -136.64929382 -127.67574878 -130.768694
 -117.64811317 -106.59348659 -106.05178975 -115.27938886 -138.73818928]
inrs_hat:  [-32.00405411 -18.04965418 -11.86457018  -4.66027079 -35.72983532
 -17.70396772 -12.15451922 -25.65959378 -16.68604873 -19.77899396
  -6.65841313   4.39621345   4.93791029  -4.28968881 -27.74848924]
scheduled_ues:  [ 0  1  4  5  7  8  9 14]
(1, 15, 1, 4, 1, 1)
caused INR: -10.325973754330722
TpsRandomic + IndividualEstimated_INR + -15.0
None
ls_gain_coeffs:
[-142.99375416 -129.03935423 -126.9262428  -129.55449903 -138.93442115
 -128.69366776 -121.73013465 -131.40736629 -132.25613091 -133.41041168
 -121.94240922 -106.59348659 -118.46036753 -115.27938886 -138.73818928]
inrs_hat:  [-32.00405411 -18.04965418 -15.93654275 -18.56479899 -27.94472111
 -17.70396772 -10.74043461 -20.41766625 -21.26643087 -22.42071164
 -10.95270917   4.39621345  -7.47066748  -4.28968881 -27.74848924]
scheduled_ues:  [ 0  1  2  3  4  5  7  8  9 14]
(1, 15, 1, 4, 1, 1)
caused INR: -10.328547968611563
TpsRandomic + CumulativeIndividualEstimated_INR + -10.0
None
(1, 15, 1, 4, 1, 1)
caused INR: -19.155127898799588
TpsRandomic + CumulativeIndividualEstimated_INR + -12.5
None
(1, 15, 1, 4, 1, 1)
caused INR: -24.09480257255805
TpsRandomic + CumulativeIndividualEstimated_INR + -15.0
None
(1, 15, 1, 4, 1, 1)
caused INR: -19.409044726372695
Iteration number 28
TpsAltruisticFromLsfGain + IndividualEstimated_INR + -10.0
None
ls_gain_coeffs:
[-131.6053298  -130.39652418 -146.86235259 -144.43327387 -140.19893007
 -135.39597807 -144.26716473 -146.65092901 -141.21041952 -142.15587149
 -138.66757628 -142.25342856 -149.09086018 -144.94609556 -148.56344489]
inrs_hat:  [-20.61562975 -19.40682413 -35.87265254 -33.44357383 -29.20923003
 -24.40627803 -33.27746469 -35.66122896 -30.22071948 -31.16617144
 -27.67787624 -31.26372852 -38.10116014 -33.95639552 -37.57374485]
scheduled_ues:  [ 0  1  2  3  4  5  6  7  8  9 10 11 12 13 14]
(1, 15, 1, 4, 1, 1)
caused INR: -30.85466568769577
TpsAltruisticFromLsfGain + IndividualEstimated_INR + -12.5
None
ls_gain_coeffs:
[-131.6053298  -130.39652418 -146.86235259 -144.43327387 -140.19893007
 -135.39597807 -144.26716473 -146.65092901 -141.21041952 -142.15587149
 -138.66757628 -142.25342856 -149.09086018 -144.94609556 -148.56344489]
inrs_hat:  [-20.61562975 -19.40682413 -35.87265254 -33.44357383 -29.20923003
 -24.40627803 -33.27746469 -35.66122896 -30.22071948 -31.16617144
 -27.67787624 -31.26372852 -38.10116014 -33.95639552 -37.57374485]
scheduled_ues:  [ 0  1  2  3  4  5  6  7  8  9 10 11 12 13 14]
(1, 15, 1, 4, 1, 1)
caused INR: -30.85466568769577
TpsAltruisticFromLsfGain + IndividualEstimated_INR + -15.0
None
ls_gain_coeffs:
[-131.6053298  -130.39652418 -146.86235259 -144.43327387 -140.19893007
 -135.39597807 -144.26716473 -146.65092901 -141.21041952 -142.15587149
 -138.66757628 -142.25342856 -149.09086018 -144.94609556 -148.56344489]
inrs_hat:  [-20.61562975 -19.40682413 -35.87265254 -33.44357383 -29.20923003
 -24.40627803 -33.27746469 -35.66122896 -30.22071948 -31.16617144
 -27.67787624 -31.26372852 -38.10116014 -33.95639552 -37.57374485]
scheduled_ues:  [ 0  1  2  3  4  5  6  7  8  9 10 11 12 13 14]
(1, 15, 1, 4, 1, 1)
caused INR: -30.85466568769577
TpsAltruisticFromLsfGain + CumulativeIndividualEstimated_INR + -10.0
None
(1, 15, 1, 4, 1, 1)
caused INR: -30.85466568769577
TpsAltruisticFromLsfGain + CumulativeIndividualEstimated_INR + -12.5
None
(1, 15, 1, 4, 1, 1)
caused INR: -30.85466568769577
TpsAltruisticFromLsfGain + CumulativeIndividualEstimated_INR + -15.0
None
(1, 15, 1, 4, 1, 1)
caused INR: -30.85466568769577
TpsRandomic + IndividualEstimated_INR + -10.0
None
ls_gain_coeffs:
[-131.6053298  -120.14074865 -130.20711698 -144.43327387 -127.49992795
 -119.40692092 -131.10218358 -146.65092901 -130.10859628 -127.84799471
 -135.39325629 -128.28175651 -149.09086018 -144.94609556 -136.97030462]
inrs_hat:  [-20.61562975  -9.15104861 -19.21741693 -33.44357383 -16.51022791
  -8.41722087 -20.11248354 -35.66122896 -19.11889624 -16.85829467
 -24.40355624 -17.29205647 -38.10116014 -33.95639552 -25.98060457]
scheduled_ues:  [ 0  2  3  4  6  7  8  9 10 11 12 13 14]
(1, 15, 1, 4, 1, 1)
caused INR: -8.266096430302685
TpsRandomic + IndividualEstimated_INR + -12.5
None
ls_gain_coeffs:
[-131.6053298  -120.14074865 -138.868373   -144.43327387 -140.19893007
 -121.24954676 -144.26716473 -134.08211208 -141.21041952 -136.31399143
 -125.13453628 -142.25342856 -132.45164281 -139.28019146 -139.08034029]
inrs_hat:  [-20.61562975  -9.15104861 -27.87867296 -33.44357383 -29.20923003
 -10.25984672 -33.27746469 -23.09241204 -30.22071948 -25.32429138
 -14.14483624 -31.26372852 -21.46194277 -28.29049142 -28.09064025]
scheduled_ues:  [ 0  2  3  4  6  7  8  9 10 11 12 13 14]
(1, 15, 1, 4, 1, 1)
caused INR: -8.837683559791007
TpsRandomic + IndividualEstimated_INR + -15.0
None
ls_gain_coeffs:
[-119.1324035  -113.47074851 -133.98746096 -140.19154147 -123.41252444
 -121.24954676 -143.18209301 -134.08211208 -141.21041952 -125.86019307
 -125.13453628 -128.28175651 -140.10777272 -139.28019146 -148.56344489]
inrs_hat:  [ -8.14270346  -2.48104846 -22.99776091 -29.20184142 -12.4228244
 -10.25984672 -32.19239296 -23.09241204 -30.22071948 -14.87049303
 -14.14483624 -17.29205647 -29.11807268 -28.29049142 -37.57374485]
scheduled_ues:  [ 2  3  6  7  8 11 12 13 14]
(1, 15, 1, 4, 1, 1)
caused INR: -15.292247043247695
TpsRandomic + CumulativeIndividualEstimated_INR + -10.0
None
(1, 15, 1, 4, 1, 1)
caused INR: -13.701169110703006
TpsRandomic + CumulativeIndividualEstimated_INR + -12.5
None
(1, 15, 1, 4, 1, 1)
caused INR: -8.590087735950116
TpsRandomic + CumulativeIndividualEstimated_INR + -15.0
None
(1, 15, 1, 4, 1, 1)
caused INR: -30.89740761903073
Iteration number 29
TpsAltruisticFromLsfGain + IndividualEstimated_INR + -10.0
None
ls_gain_coeffs:
[-137.5877772  -130.95451463 -141.78557511 -145.02088719 -144.59150045
 -134.48606856 -130.0763117  -142.70657442 -145.23038781 -139.43571723
 -133.88832562 -138.90248757 -145.89844218 -130.72639392 -142.79669226]
inrs_hat:  [-26.59807715 -19.96481459 -30.79587507 -34.03118714 -33.60180041
 -23.49636852 -19.08661165 -31.71687438 -34.24068776 -28.44601719
 -22.89862558 -27.91278753 -34.90874214 -19.73669388 -31.80699222]
scheduled_ues:  [ 0  1  2  3  4  5  6  7  8  9 10 11 12 13 14]
(1, 15, 1, 4, 1, 1)
caused INR: -10.78418019438098
TpsAltruisticFromLsfGain + IndividualEstimated_INR + -12.5
None
ls_gain_coeffs:
[-137.5877772  -130.95451463 -141.78557511 -145.02088719 -144.59150045
 -134.48606856 -130.0763117  -142.70657442 -145.23038781 -139.43571723
 -133.88832562 -138.90248757 -145.89844218 -130.72639392 -142.79669226]
inrs_hat:  [-26.59807715 -19.96481459 -30.79587507 -34.03118714 -33.60180041
 -23.49636852 -19.08661165 -31.71687438 -34.24068776 -28.44601719
 -22.89862558 -27.91278753 -34.90874214 -19.73669388 -31.80699222]
scheduled_ues:  [ 0  1  2  3  4  5  6  7  8  9 10 11 12 13 14]
(1, 15, 1, 4, 1, 1)
caused INR: -10.78418019438098
TpsAltruisticFromLsfGain + IndividualEstimated_INR + -15.0
None
ls_gain_coeffs:
[-137.5877772  -130.95451463 -141.78557511 -145.02088719 -144.59150045
 -134.48606856 -130.0763117  -142.70657442 -145.23038781 -139.43571723
 -133.88832562 -138.90248757 -145.89844218 -130.72639392 -142.79669226]
inrs_hat:  [-26.59807715 -19.96481459 -30.79587507 -34.03118714 -33.60180041
 -23.49636852 -19.08661165 -31.71687438 -34.24068776 -28.44601719
 -22.89862558 -27.91278753 -34.90874214 -19.73669388 -31.80699222]
scheduled_ues:  [ 0  1  2  3  4  5  6  7  8  9 10 11 12 13 14]
(1, 15, 1, 4, 1, 1)
caused INR: -10.78418019438098
TpsAltruisticFromLsfGain + CumulativeIndividualEstimated_INR + -10.0
None
(1, 15, 1, 4, 1, 1)
caused INR: -10.78418019438098
TpsAltruisticFromLsfGain + CumulativeIndividualEstimated_INR + -12.5
None
(1, 15, 1, 4, 1, 1)
caused INR: -10.78418019438098
TpsAltruisticFromLsfGain + CumulativeIndividualEstimated_INR + -15.0
None
(1, 15, 1, 4, 1, 1)
caused INR: -11.911500231491704
TpsRandomic + IndividualEstimated_INR + -10.0
None
ls_gain_coeffs:
[-124.17973295 -120.47835191 -141.78557511 -138.71246376 -131.79598629
 -119.29589164 -116.34226506 -142.70657442 -129.43772724 -139.43571723
 -133.88832562 -122.09589773 -145.89844218 -114.29434497 -133.03882496]
inrs_hat:  [-13.19003291  -9.48865186 -30.79587507 -27.72276372 -20.80628625
  -8.3061916   -5.35256501 -31.71687438 -18.4480272  -28.44601719
 -22.89862558 -11.10619768 -34.90874214  -3.30464493 -22.04912492]
scheduled_ues:  [ 0  2  3  4  7  8  9 10 11 12 14]
(1, 15, 1, 4, 1, 1)
caused INR: -20.479916941141177
TpsRandomic + IndividualEstimated_INR + -12.5
None
ls_gain_coeffs:
[-124.17973295 -120.47835191 -129.19203111 -138.71246376 -131.44207214
 -120.6701801  -130.0763117  -136.97712855 -129.43772724 -126.81490557
 -133.88832562 -122.09589773 -132.93821838 -130.72639392 -142.79669226]
inrs_hat:  [-13.19003291  -9.48865186 -18.20233106 -27.72276372 -20.45237209
  -9.68048006 -19.08661165 -25.98742851 -18.4480272  -15.82520553
 -22.89862558 -11.10619768 -21.94851834 -19.73669388 -31.80699222]
scheduled_ues:  [ 0  2  3  4  6  7  8  9 10 12 13 14]
(1, 15, 1, 4, 1, 1)
caused INR: -7.567836900531719
TpsRandomic + IndividualEstimated_INR + -15.0
None
ls_gain_coeffs:
[-124.66295508 -120.47835191 -141.3297431  -138.71246376 -131.79598629
 -119.29589164 -130.0763117  -126.53654293 -129.43772724 -139.43571723
 -120.08642892 -126.08414871 -145.89844218 -114.29434497 -142.79669226]
inrs_hat:  [-13.67325503  -9.48865186 -30.34004305 -27.72276372 -20.80628625
  -8.3061916  -19.08661165 -15.54684288 -18.4480272  -28.44601719
  -9.09672887 -15.09444867 -34.90874214  -3.30464493 -31.80699222]
scheduled_ues:  [ 2  3  4  6  7  8  9 11 12 14]
(1, 15, 1, 4, 1, 1)
caused INR: -14.018467683886653
TpsRandomic + CumulativeIndividualEstimated_INR + -10.0
None
(1, 15, 1, 4, 1, 1)
caused INR: -11.870066835161623
TpsRandomic + CumulativeIndividualEstimated_INR + -12.5
None
(1, 15, 1, 4, 1, 1)
caused INR: -12.822666609518674
TpsRandomic + CumulativeIndividualEstimated_INR + -15.0
None
(1, 15, 1, 4, 1, 1)
caused INR: -14.232999140502862
Iteration number 30
TpsAltruisticFromLsfGain + IndividualEstimated_INR + -10.0
None
ls_gain_coeffs:
[-144.92209161 -133.21534966 -139.96771349 -135.56610694 -134.19549002
 -127.29372207 -125.0245683  -144.29098859 -148.76320712 -121.70916552
 -146.97257365 -147.15912208 -136.79231311 -128.47929522 -147.83715129]
inrs_hat:  [-33.93239156 -22.22564962 -28.97801345 -24.57640689 -23.20578998
 -16.30402203 -14.03486825 -33.30128854 -37.77350708 -10.71946548
 -35.9828736  -36.16942203 -25.80261307 -17.48959518 -36.84745125]
scheduled_ues:  [ 0  1  2  3  4  5  6  7  8  9 10 11 12 13 14]
(1, 15, 1, 4, 1, 1)
caused INR: -4.08900061433201
TpsAltruisticFromLsfGain + IndividualEstimated_INR + -12.5
None
ls_gain_coeffs:
[-144.92209161 -133.21534966 -139.96771349 -135.56610694 -134.19549002
 -127.29372207 -125.0245683  -144.29098859 -148.76320712 -121.70916552
 -146.97257365 -147.15912208 -136.79231311 -128.47929522 -147.83715129]
inrs_hat:  [-33.93239156 -22.22564962 -28.97801345 -24.57640689 -23.20578998
 -16.30402203 -14.03486825 -33.30128854 -37.77350708 -10.71946548
 -35.9828736  -36.16942203 -25.80261307 -17.48959518 -36.84745125]
scheduled_ues:  [ 0  1  2  3  4  5  6  7  8 10 11 12 13 14]
(1, 15, 1, 4, 1, 1)
caused INR: -6.687277205082131
TpsAltruisticFromLsfGain + IndividualEstimated_INR + -15.0
None
ls_gain_coeffs:
[-144.92209161 -133.21534966 -139.96771349 -135.56610694 -134.19549002
 -127.29372207 -125.0245683  -144.29098859 -148.76320712 -121.70916552
 -146.97257365 -147.15912208 -136.79231311 -128.47929522 -147.83715129]
inrs_hat:  [-33.93239156 -22.22564962 -28.97801345 -24.57640689 -23.20578998
 -16.30402203 -14.03486825 -33.30128854 -37.77350708 -10.71946548
 -35.9828736  -36.16942203 -25.80261307 -17.48959518 -36.84745125]
scheduled_ues:  [ 0  1  2  3  4  5  7  8 10 11 12 13 14]
(1, 15, 1, 4, 1, 1)
caused INR: -7.445332899301686
TpsAltruisticFromLsfGain + CumulativeIndividualEstimated_INR + -10.0
None
(1, 15, 1, 4, 1, 1)
caused INR: -7.445332899301686
TpsAltruisticFromLsfGain + CumulativeIndividualEstimated_INR + -12.5
None
(1, 15, 1, 4, 1, 1)
caused INR: -12.16811806858454
TpsAltruisticFromLsfGain + CumulativeIndividualEstimated_INR + -15.0
None
(1, 15, 1, 4, 1, 1)
caused INR: -15.221255898893089
TpsRandomic + IndividualEstimated_INR + -10.0
None
ls_gain_coeffs:
[-131.66346546 -130.65300717 -126.55583566 -122.33361999 -119.91930085
 -127.29372207 -125.0245683  -144.29098859 -135.04931874 -106.9194398
 -134.17766245 -146.38367435 -126.50618643 -128.47929522 -136.45783745]
inrs_hat:  [-20.67376542 -19.66330713 -15.56613561 -11.34391995  -8.92960081
 -16.30402203 -14.03486825 -33.30128854 -24.0596187    4.07026024
 -23.18796241 -35.3939743  -15.51648638 -17.48959518 -25.46813741]
scheduled_ues:  [ 0  1  2  3  5  6  7  8 10 11 12 13 14]
(1, 15, 1, 4, 1, 1)
caused INR: -9.6003075034016
TpsRandomic + IndividualEstimated_INR + -12.5
None
ls_gain_coeffs:
[-142.47101318 -119.06552134 -137.05687999 -134.37977652 -134.19549002
 -120.51994815 -114.18102139 -144.29098859 -148.76320712 -114.66478835
 -146.97257365 -146.38367435 -126.11284236 -128.47929522 -147.83715129]
inrs_hat:  [-31.48131313  -8.07582129 -26.06717995 -23.39007647 -23.20578998
  -9.53024811  -3.19132135 -33.30128854 -37.77350708  -3.67508831
 -35.9828736  -35.3939743  -15.12314231 -17.48959518 -36.84745125]
scheduled_ues:  [ 0  2  3  4  7  8 10 11 12 13 14]
(1, 15, 1, 4, 1, 1)
caused INR: -14.737112615709723
TpsRandomic + IndividualEstimated_INR + -15.0
None
ls_gain_coeffs:
[-144.92209161 -119.9196355  -137.05687999 -122.33361999 -119.91930085
 -110.33627279 -125.0245683  -136.16024895 -148.76320712 -104.57131408
 -134.17766245 -134.4590395  -136.79231311 -110.79088592 -136.45783745]
inrs_hat:  [-33.93239156  -8.92993546 -26.06717995 -11.34391995  -8.92960081
   0.65342725 -14.03486825 -25.17054891 -37.77350708   6.41838597
 -23.18796241 -23.46933946 -25.80261307   0.19881412 -25.46813741]
scheduled_ues:  [ 0  2  7  8 10 11 12 14]
(1, 15, 1, 4, 1, 1)
caused INR: -17.522114232240867
TpsRandomic + CumulativeIndividualEstimated_INR + -10.0
None
(1, 15, 1, 4, 1, 1)
caused INR: -7.009756277086108
TpsRandomic + CumulativeIndividualEstimated_INR + -12.5
None
(1, 15, 1, 4, 1, 1)
caused INR: -21.645278683762314
TpsRandomic + CumulativeIndividualEstimated_INR + -15.0
None
(1, 15, 1, 4, 1, 1)
caused INR: -18.28631540256301
Iteration number 31
TpsAltruisticFromLsfGain + IndividualEstimated_INR + -10.0
None
ls_gain_coeffs:
[-130.78082004 -147.45694236 -140.90633412 -140.6372255  -121.12566696
 -143.58246313 -133.06081992 -145.3314926  -143.19223068 -142.66581778
 -130.39923627 -143.96975901 -147.86845573 -141.43259776 -150.83298272]
inrs_hat:  [-19.79112    -36.46724231 -29.91663408 -29.64752545 -10.13596692
 -32.59276309 -22.07111988 -34.34179256 -32.20253064 -31.67611773
 -19.40953623 -32.98005897 -36.87875568 -30.44289772 -39.84328268]
scheduled_ues:  [ 0  1  2  3  4  5  6  7  8  9 10 11 12 13 14]
(1, 15, 1, 4, 1, 1)
caused INR: -26.160784214833363
TpsAltruisticFromLsfGain + IndividualEstimated_INR + -12.5
None
ls_gain_coeffs:
[-130.78082004 -147.45694236 -140.90633412 -140.6372255  -121.12566696
 -143.58246313 -133.06081992 -145.3314926  -143.19223068 -142.66581778
 -130.39923627 -143.96975901 -147.86845573 -141.43259776 -150.83298272]
inrs_hat:  [-19.79112    -36.46724231 -29.91663408 -29.64752545 -10.13596692
 -32.59276309 -22.07111988 -34.34179256 -32.20253064 -31.67611773
 -19.40953623 -32.98005897 -36.87875568 -30.44289772 -39.84328268]
scheduled_ues:  [ 0  1  2  3  5  6  7  8  9 10 11 12 13 14]
(1, 15, 1, 4, 1, 1)
caused INR: -16.55685763787359
TpsAltruisticFromLsfGain + IndividualEstimated_INR + -15.0
None
ls_gain_coeffs:
[-130.78082004 -147.45694236 -140.90633412 -140.6372255  -121.12566696
 -143.58246313 -133.06081992 -145.3314926  -143.19223068 -142.66581778
 -130.39923627 -143.96975901 -147.86845573 -141.43259776 -150.83298272]
inrs_hat:  [-19.79112    -36.46724231 -29.91663408 -29.64752545 -10.13596692
 -32.59276309 -22.07111988 -34.34179256 -32.20253064 -31.67611773
 -19.40953623 -32.98005897 -36.87875568 -30.44289772 -39.84328268]
scheduled_ues:  [ 0  1  2  3  5  6  7  8  9 10 11 12 13 14]
(1, 15, 1, 4, 1, 1)
caused INR: -16.55685763787359
TpsAltruisticFromLsfGain + CumulativeIndividualEstimated_INR + -10.0
None
(1, 15, 1, 4, 1, 1)
caused INR: -16.55685763787359
TpsAltruisticFromLsfGain + CumulativeIndividualEstimated_INR + -12.5
None
(1, 15, 1, 4, 1, 1)
caused INR: -16.55685763787359
TpsAltruisticFromLsfGain + CumulativeIndividualEstimated_INR + -15.0
None
(1, 15, 1, 4, 1, 1)
caused INR: -18.719633625213948
TpsRandomic + IndividualEstimated_INR + -10.0
None
ls_gain_coeffs:
[-130.78082004 -131.41108252 -124.48886107 -140.6372255  -104.99981106
 -140.36140439 -118.85398087 -145.3314926  -143.19223068 -125.69512309
 -123.62794832 -130.11409655 -140.20669687 -141.43259776 -134.30081551]
inrs_hat:  [-19.79112    -20.42138247 -13.49916103 -29.64752545   5.98988898
 -29.37170434  -7.86428083 -34.34179256 -32.20253064 -14.70542305
 -12.63824828 -19.12439651 -29.21699683 -30.44289772 -23.31111547]
scheduled_ues:  [ 0  1  2  3  5  7  8  9 10 11 12 13 14]
(1, 15, 1, 4, 1, 1)
caused INR: -3.4174579366495212
TpsRandomic + IndividualEstimated_INR + -12.5
None
ls_gain_coeffs:
[-113.321781   -131.41108252 -140.90633412 -127.08977091 -121.12566696
 -128.99349063 -118.85398087 -132.08238628 -129.70285838 -133.81632149
 -123.62794832 -128.70003409 -147.86845573 -141.43259776 -150.83298272]
inrs_hat:  [ -2.33208096 -20.42138247 -29.91663408 -16.10007086 -10.13596692
 -18.00379059  -7.86428083 -21.09268624 -18.71315834 -22.82662145
 -12.63824828 -17.71033404 -36.87875568 -30.44289772 -39.84328268]
scheduled_ues:  [ 1  2  3  5  7  8  9 10 11 12 13 14]
(1, 15, 1, 4, 1, 1)
caused INR: -14.847354279309766
TpsRandomic + IndividualEstimated_INR + -15.0
None
ls_gain_coeffs:
[-116.81029727 -147.45694236 -134.45531008 -127.08977091 -106.84193901
 -128.99349063 -133.06081992 -128.88405731 -143.19223068 -133.81632149
 -116.7829702  -130.11409655 -140.20669687 -128.74020703 -142.9896896 ]
inrs_hat:  [ -5.82059723 -36.46724231 -23.46561004 -16.10007086   4.14776103
 -18.00379059 -22.07111988 -17.89435727 -32.20253064 -22.82662145
  -5.79327016 -19.12439651 -29.21699683 -17.75050699 -31.99998955]
scheduled_ues:  [ 1  2  3  5  6  7  8  9 11 12 13 14]
(1, 15, 1, 4, 1, 1)
caused INR: -19.26000675701544
TpsRandomic + CumulativeIndividualEstimated_INR + -10.0
None
(1, 15, 1, 4, 1, 1)
caused INR: -12.563800347663586
TpsRandomic + CumulativeIndividualEstimated_INR + -12.5
None
(1, 15, 1, 4, 1, 1)
caused INR: -15.701500882881623
TpsRandomic + CumulativeIndividualEstimated_INR + -15.0
None
(1, 15, 1, 4, 1, 1)
caused INR: -23.32212480981774
Iteration number 32
TpsAltruisticFromLsfGain + IndividualEstimated_INR + -10.0
None
ls_gain_coeffs:
[-126.73474773 -146.6419501  -135.12832196 -142.79498129 -118.07328362
 -138.24028146 -138.60196563 -141.74454765 -141.32258601 -141.70238262
 -132.66980205 -133.67986688 -142.23870695 -130.11010794 -138.53539464]
inrs_hat:  [-15.74504768 -35.65225006 -24.13862192 -31.80528124  -7.08358358
 -27.25058141 -27.61226558 -30.7548476  -30.33288596 -30.71268258
 -21.68010201 -22.69016684 -31.24900691 -19.1204079  -27.5456946 ]
scheduled_ues:  [ 0  1  2  3  5  6  7  8  9 10 11 12 13 14]
(1, 15, 1, 4, 1, 1)
caused INR: -12.076665624810353
TpsAltruisticFromLsfGain + IndividualEstimated_INR + -12.5
None
ls_gain_coeffs:
[-126.73474773 -146.6419501  -135.12832196 -142.79498129 -118.07328362
 -138.24028146 -138.60196563 -141.74454765 -141.32258601 -141.70238262
 -132.66980205 -133.67986688 -142.23870695 -130.11010794 -138.53539464]
inrs_hat:  [-15.74504768 -35.65225006 -24.13862192 -31.80528124  -7.08358358
 -27.25058141 -27.61226558 -30.7548476  -30.33288596 -30.71268258
 -21.68010201 -22.69016684 -31.24900691 -19.1204079  -27.5456946 ]
scheduled_ues:  [ 0  1  2  3  5  6  7  8  9 10 11 12 13 14]
(1, 15, 1, 4, 1, 1)
caused INR: -12.076665624810353
TpsAltruisticFromLsfGain + IndividualEstimated_INR + -15.0
None
ls_gain_coeffs:
[-126.73474773 -146.6419501  -135.12832196 -142.79498129 -118.07328362
 -138.24028146 -138.60196563 -141.74454765 -141.32258601 -141.70238262
 -132.66980205 -133.67986688 -142.23870695 -130.11010794 -138.53539464]
inrs_hat:  [-15.74504768 -35.65225006 -24.13862192 -31.80528124  -7.08358358
 -27.25058141 -27.61226558 -30.7548476  -30.33288596 -30.71268258
 -21.68010201 -22.69016684 -31.24900691 -19.1204079  -27.5456946 ]
scheduled_ues:  [ 0  1  2  3  5  6  7  8  9 10 11 12 13 14]
(1, 15, 1, 4, 1, 1)
caused INR: -12.076665624810353
TpsAltruisticFromLsfGain + CumulativeIndividualEstimated_INR + -10.0
None
(1, 15, 1, 4, 1, 1)
caused INR: -12.076665624810353
TpsAltruisticFromLsfGain + CumulativeIndividualEstimated_INR + -12.5
None
(1, 15, 1, 4, 1, 1)
caused INR: -21.284158433950342
TpsAltruisticFromLsfGain + CumulativeIndividualEstimated_INR + -15.0
None
(1, 15, 1, 4, 1, 1)
caused INR: -16.467688213683164
TpsRandomic + IndividualEstimated_INR + -10.0
None
ls_gain_coeffs:
[-109.6221867  -133.6294907  -121.49974163 -130.25620468 -100.52039785
 -124.73043565 -124.69698778 -136.07893782 -132.49859203 -136.1185197
 -120.44557581 -125.85155121 -130.71044795 -113.85075747 -127.55119827]
inrs_hat:  [  1.36751334 -22.63979065 -10.51004159 -19.26650463  10.4693022
 -13.7407356  -13.70728774 -25.08923777 -21.50889199 -25.12881966
  -9.45587576 -14.86185116 -19.7207479   -2.86105743 -16.56149823]
scheduled_ues:  [ 1  2  3  5  6  7  8  9 11 12 14]
(1, 15, 1, 4, 1, 1)
caused INR: -5.583046951027011
TpsRandomic + IndividualEstimated_INR + -12.5
None
ls_gain_coeffs:
[-117.67161422 -133.05863129 -127.8398191  -142.64921637 -103.76140303
 -135.03554403 -122.60333401 -127.56933415 -129.01543362 -127.7820294
 -122.47584268 -120.83272943 -125.44991292 -113.85075747 -128.23069906]
inrs_hat:  [ -6.68191417 -22.06893125 -16.85011905 -31.65951633   7.22829702
 -24.04584399 -11.61363397 -16.5796341  -18.02573358 -16.79232936
 -11.48614263  -9.84302939 -14.46021287  -2.86105743 -17.24099902]
scheduled_ues:  [ 1  2  3  5  7  8  9 12 14]
(1, 15, 1, 4, 1, 1)
caused INR: -8.452338278940728
TpsRandomic + IndividualEstimated_INR + -15.0
None
ls_gain_coeffs:
[-117.67161422 -144.92937189 -121.49974163 -142.79498129 -100.52039785
 -124.73043565 -122.60333401 -136.07893782 -141.32258601 -127.7820294
 -120.44557581 -120.83272943 -125.44991292 -130.11010794 -127.55119827]
inrs_hat:  [ -6.68191417 -33.93967184 -10.51004159 -31.80528124  10.4693022
 -13.7407356  -11.61363397 -25.08923777 -30.33288596 -16.79232936
  -9.45587576  -9.84302939 -14.46021287 -19.1204079  -16.56149823]
scheduled_ues:  [ 1  3  7  8  9 13 14]
(1, 15, 1, 4, 1, 1)
caused INR: -14.525920627241028
TpsRandomic + CumulativeIndividualEstimated_INR + -10.0
None
(1, 15, 1, 4, 1, 1)
caused INR: -21.45915755957857
TpsRandomic + CumulativeIndividualEstimated_INR + -12.5
None
(1, 15, 1, 4, 1, 1)
caused INR: -22.76377184588946
TpsRandomic + CumulativeIndividualEstimated_INR + -15.0
None
(1, 15, 1, 4, 1, 1)
caused INR: -16.168805225649546
Iteration number 33
TpsAltruisticFromLsfGain + IndividualEstimated_INR + -10.0
None
ls_gain_coeffs:
[-138.82319839 -130.37615242 -146.95641458 -141.09184713 -138.80072757
 -141.7303107  -107.27128867 -151.82974147 -132.15053531 -146.00311332
 -124.86112328 -117.25268289 -144.46343579 -151.08059053 -134.71548029]
inrs_hat:  [-27.83349834 -19.38645238 -35.96671454 -30.10214708 -27.81102752
 -30.74061065   3.71841137 -40.84004142 -21.16083526 -35.01341327
 -13.87142323  -6.26298285 -33.47373574 -40.09089048 -23.72578025]
scheduled_ues:  [ 0  1  2  3  4  5  7  8  9 10 12 13 14]
(1, 15, 1, 4, 1, 1)
caused INR: -22.680732793931742
TpsAltruisticFromLsfGain + IndividualEstimated_INR + -12.5
None
ls_gain_coeffs:
[-138.82319839 -130.37615242 -146.95641458 -141.09184713 -138.80072757
 -141.7303107  -107.27128867 -151.82974147 -132.15053531 -146.00311332
 -124.86112328 -117.25268289 -144.46343579 -151.08059053 -134.71548029]
inrs_hat:  [-27.83349834 -19.38645238 -35.96671454 -30.10214708 -27.81102752
 -30.74061065   3.71841137 -40.84004142 -21.16083526 -35.01341327
 -13.87142323  -6.26298285 -33.47373574 -40.09089048 -23.72578025]
scheduled_ues:  [ 0  1  2  3  4  5  7  8  9 10 12 13 14]
(1, 15, 1, 4, 1, 1)
caused INR: -22.680732793931742
TpsAltruisticFromLsfGain + IndividualEstimated_INR + -15.0
None
ls_gain_coeffs:
[-138.82319839 -130.37615242 -146.95641458 -141.09184713 -138.80072757
 -141.7303107  -107.27128867 -151.82974147 -132.15053531 -146.00311332
 -124.86112328 -117.25268289 -144.46343579 -151.08059053 -134.71548029]
inrs_hat:  [-27.83349834 -19.38645238 -35.96671454 -30.10214708 -27.81102752
 -30.74061065   3.71841137 -40.84004142 -21.16083526 -35.01341327
 -13.87142323  -6.26298285 -33.47373574 -40.09089048 -23.72578025]
scheduled_ues:  [ 0  1  2  3  4  5  7  8  9 12 13 14]
(1, 15, 1, 4, 1, 1)
caused INR: -28.302416042782625
TpsAltruisticFromLsfGain + CumulativeIndividualEstimated_INR + -10.0
None
(1, 15, 1, 4, 1, 1)
caused INR: -22.680732793931742
TpsAltruisticFromLsfGain + CumulativeIndividualEstimated_INR + -12.5
None
(1, 15, 1, 4, 1, 1)
caused INR: -28.302416042782625
TpsAltruisticFromLsfGain + CumulativeIndividualEstimated_INR + -15.0
None
(1, 15, 1, 4, 1, 1)
caused INR: -28.302416042782625
TpsRandomic + IndividualEstimated_INR + -10.0
None
ls_gain_coeffs:
[-133.37694091 -130.37615242 -130.16039193 -124.39744682 -131.89945837
 -127.67578127 -107.27128867 -135.22196407 -132.15053531 -129.43892665
 -124.86112328  -99.25230916 -144.46343579 -137.23327441 -126.15181549]
inrs_hat:  [-22.38724087 -19.38645238 -19.17069188 -13.40774678 -20.90975833
 -16.68608123   3.71841137 -24.23226403 -21.16083526 -18.44922661
 -13.87142323  11.73739089 -33.47373574 -26.24357437 -15.16211545]
scheduled_ues:  [ 0  1  2  3  4  5  7  8  9 10 12 13 14]
(1, 15, 1, 4, 1, 1)
caused INR: -8.331560232092373
TpsRandomic + IndividualEstimated_INR + -12.5
None
ls_gain_coeffs:
[-122.75076007 -128.45139161 -135.30383863 -141.09184713 -122.39022833
 -127.67578127 -107.27128867 -135.22196407 -132.15053531 -132.81471146
 -120.41964904 -102.74732766 -144.46343579 -137.23327441 -134.71548029]
inrs_hat:  [-11.76106003 -17.46169157 -24.31413858 -30.10214708 -11.40052829
 -16.68608123   3.71841137 -24.23226403 -21.16083526 -21.82501141
  -9.429949     8.24237239 -33.47373574 -26.24357437 -23.72578025]
scheduled_ues:  [ 1  2  3  5  7  8  9 12 13 14]
(1, 15, 1, 4, 1, 1)
caused INR: -12.187682250451381
TpsRandomic + IndividualEstimated_INR + -15.0
None
ls_gain_coeffs:
[-124.56617923 -117.29296548 -130.16039193 -128.03679306 -125.32259829
 -135.43059022  -91.28971792 -143.30907108 -114.94317613 -129.43892665
 -109.45854045  -99.25230916 -134.63951246 -135.8275583  -134.71548029]
inrs_hat:  [-13.57647919  -6.30326544 -19.17069188 -17.04709302 -14.33289825
 -24.44089017  19.69998213 -32.31937104  -3.95347609 -18.44922661
   1.53115959  11.73739089 -23.64981241 -24.83785825 -23.72578025]
scheduled_ues:  [ 2  3  5  7  9 12 13 14]
(1, 15, 1, 4, 1, 1)
caused INR: -13.016239982710031
TpsRandomic + CumulativeIndividualEstimated_INR + -10.0
None
(1, 15, 1, 4, 1, 1)
caused INR: -7.68867807945824
TpsRandomic + CumulativeIndividualEstimated_INR + -12.5
None
(1, 15, 1, 4, 1, 1)
caused INR: -15.504147731190606
TpsRandomic + CumulativeIndividualEstimated_INR + -15.0
None
(1, 15, 1, 4, 1, 1)
caused INR: -16.32301653480532
Iteration number 34
TpsAltruisticFromLsfGain + IndividualEstimated_INR + -10.0
None
ls_gain_coeffs:
[-136.80341543 -143.59450136 -149.89891214 -138.45627423 -132.34005605
 -136.37753336 -148.95730229 -131.53694455 -127.7458793  -140.15149111
 -125.52814356 -150.75873589 -152.54236422 -134.4419533  -148.45948407]
inrs_hat:  [-25.81371539 -32.60480132 -38.9092121  -27.46657418 -21.35035601
 -25.38783332 -37.96760225 -20.54724451 -16.75617926 -29.16179107
 -14.53844352 -39.76903585 -41.55266417 -23.45225325 -37.46978403]
scheduled_ues:  [ 0  1  2  3  4  5  6  7  8  9 10 11 12 13 14]
(1, 15, 1, 4, 1, 1)
caused INR: -8.738464441145766
TpsAltruisticFromLsfGain + IndividualEstimated_INR + -12.5
None
ls_gain_coeffs:
[-136.80341543 -143.59450136 -149.89891214 -138.45627423 -132.34005605
 -136.37753336 -148.95730229 -131.53694455 -127.7458793  -140.15149111
 -125.52814356 -150.75873589 -152.54236422 -134.4419533  -148.45948407]
inrs_hat:  [-25.81371539 -32.60480132 -38.9092121  -27.46657418 -21.35035601
 -25.38783332 -37.96760225 -20.54724451 -16.75617926 -29.16179107
 -14.53844352 -39.76903585 -41.55266417 -23.45225325 -37.46978403]
scheduled_ues:  [ 0  1  2  3  4  5  6  7  8  9 10 11 12 13 14]
(1, 15, 1, 4, 1, 1)
caused INR: -8.738464441145766
TpsAltruisticFromLsfGain + IndividualEstimated_INR + -15.0
None
ls_gain_coeffs:
[-136.80341543 -143.59450136 -149.89891214 -138.45627423 -132.34005605
 -136.37753336 -148.95730229 -131.53694455 -127.7458793  -140.15149111
 -125.52814356 -150.75873589 -152.54236422 -134.4419533  -148.45948407]
inrs_hat:  [-25.81371539 -32.60480132 -38.9092121  -27.46657418 -21.35035601
 -25.38783332 -37.96760225 -20.54724451 -16.75617926 -29.16179107
 -14.53844352 -39.76903585 -41.55266417 -23.45225325 -37.46978403]
scheduled_ues:  [ 0  1  2  3  4  5  6  7  8  9 11 12 13 14]
(1, 15, 1, 4, 1, 1)
caused INR: -8.205396895367054
TpsAltruisticFromLsfGain + CumulativeIndividualEstimated_INR + -10.0
None
(1, 15, 1, 4, 1, 1)
caused INR: -8.738464441145766
TpsAltruisticFromLsfGain + CumulativeIndividualEstimated_INR + -12.5
None
(1, 15, 1, 4, 1, 1)
caused INR: -8.205396895367054
TpsAltruisticFromLsfGain + CumulativeIndividualEstimated_INR + -15.0
None
(1, 15, 1, 4, 1, 1)
caused INR: -11.159648949333254
TpsRandomic + IndividualEstimated_INR + -10.0
None
ls_gain_coeffs:
[-123.13683417 -127.00358033 -133.44145531 -122.09232276 -115.67608133
 -123.76199562 -135.26587392 -131.53694455 -113.17940818 -132.63759265
 -114.86654227 -137.07398376 -139.66963592 -126.62779437 -135.44735152]
inrs_hat:  [-12.14713413 -16.01388028 -22.45175527 -11.10262271  -4.68638128
 -12.77229558 -24.27617388 -20.54724451  -2.18970814 -21.64789261
  -3.87684222 -26.08428371 -28.67993587 -15.63809433 -24.45765148]
scheduled_ues:  [ 0  1  2  3  5  6  7  9 11 12 13 14]
(1, 15, 1, 4, 1, 1)
caused INR: -8.752711322181506
TpsRandomic + IndividualEstimated_INR + -12.5
None
ls_gain_coeffs:
[-121.91185291 -127.00358033 -133.44145531 -122.09232276 -115.67608133
 -119.25017642 -148.95730229 -127.67504298 -108.73997385 -140.15149111
 -108.42041113 -150.75873589 -135.97837516 -121.15271825 -135.44735152]
inrs_hat:  [-10.92215287 -16.01388028 -22.45175527 -11.10262271  -4.68638128
  -8.26047638 -37.96760225 -16.68534294   2.24972619 -29.16179107
   2.56928892 -39.76903585 -24.98867512 -10.16301821 -24.45765148]
scheduled_ues:  [ 1  2  6  7  9 11 12 14]
(1, 15, 1, 4, 1, 1)
caused INR: -9.589639663601014
TpsRandomic + IndividualEstimated_INR + -15.0
None
ls_gain_coeffs:
[-121.91185291 -136.02715095 -137.36654644 -138.45627423 -132.34005605
 -136.37753336 -145.20781718 -116.5207435  -116.74213952 -123.4631675
 -114.86654227 -144.6139588  -152.54236422 -134.4419533  -140.85049315]
inrs_hat:  [-10.92215287 -25.0374509  -26.37684639 -27.46657418 -21.35035601
 -25.38783332 -34.21811713  -5.53104346  -5.75243948 -12.47346746
  -3.87684222 -33.62425875 -41.55266417 -23.45225325 -29.86079311]
scheduled_ues:  [ 1  2  3  4  5  6 11 12 13 14]
(1, 15, 1, 4, 1, 1)
caused INR: -13.90691260749016
TpsRandomic + CumulativeIndividualEstimated_INR + -10.0
None
(1, 15, 1, 4, 1, 1)
caused INR: -9.776217328628432
TpsRandomic + CumulativeIndividualEstimated_INR + -12.5
None
(1, 15, 1, 4, 1, 1)
caused INR: -21.636397832085276
TpsRandomic + CumulativeIndividualEstimated_INR + -15.0
None
(1, 15, 1, 4, 1, 1)
caused INR: -14.819705368886957
Iteration number 35
TpsAltruisticFromLsfGain + IndividualEstimated_INR + -10.0
None
ls_gain_coeffs:
[-126.62728793 -137.8435475  -149.82838535 -144.75712104 -142.33844836
 -145.22796404 -144.11758126 -123.60187376 -135.99040246 -136.19704766
 -145.44519751 -136.42536264 -149.91554333 -124.21279335 -150.59339708]
inrs_hat:  [-15.63758789 -26.85384746 -38.8386853  -33.767421   -31.34874832
 -34.23826399 -33.12788122 -12.61217371 -25.00070241 -25.20734762
 -34.45549746 -25.43566259 -38.92584329 -13.22309331 -39.60369704]
scheduled_ues:  [ 0  1  2  3  4  5  6  7  8  9 10 11 12 13 14]
(1, 15, 1, 4, 1, 1)
caused INR: -12.318236590951662
TpsAltruisticFromLsfGain + IndividualEstimated_INR + -12.5
None
ls_gain_coeffs:
[-126.62728793 -137.8435475  -149.82838535 -144.75712104 -142.33844836
 -145.22796404 -144.11758126 -123.60187376 -135.99040246 -136.19704766
 -145.44519751 -136.42536264 -149.91554333 -124.21279335 -150.59339708]
inrs_hat:  [-15.63758789 -26.85384746 -38.8386853  -33.767421   -31.34874832
 -34.23826399 -33.12788122 -12.61217371 -25.00070241 -25.20734762
 -34.45549746 -25.43566259 -38.92584329 -13.22309331 -39.60369704]
scheduled_ues:  [ 0  1  2  3  4  5  6  7  8  9 10 11 12 13 14]
(1, 15, 1, 4, 1, 1)
caused INR: -12.318236590951662
TpsAltruisticFromLsfGain + IndividualEstimated_INR + -15.0
None
ls_gain_coeffs:
[-126.62728793 -137.8435475  -149.82838535 -144.75712104 -142.33844836
 -145.22796404 -144.11758126 -123.60187376 -135.99040246 -136.19704766
 -145.44519751 -136.42536264 -149.91554333 -124.21279335 -150.59339708]
inrs_hat:  [-15.63758789 -26.85384746 -38.8386853  -33.767421   -31.34874832
 -34.23826399 -33.12788122 -12.61217371 -25.00070241 -25.20734762
 -34.45549746 -25.43566259 -38.92584329 -13.22309331 -39.60369704]
scheduled_ues:  [ 0  1  2  3  4  5  6  8  9 10 11 12 14]
(1, 15, 1, 4, 1, 1)
caused INR: -19.407521020193666
TpsAltruisticFromLsfGain + CumulativeIndividualEstimated_INR + -10.0
None
(1, 15, 1, 4, 1, 1)
caused INR: -16.477614571292193
TpsAltruisticFromLsfGain + CumulativeIndividualEstimated_INR + -12.5
None
(1, 15, 1, 4, 1, 1)
caused INR: -19.407521020193666
TpsAltruisticFromLsfGain + CumulativeIndividualEstimated_INR + -15.0
None
(1, 15, 1, 4, 1, 1)
caused INR: -22.44856025328389
TpsRandomic + IndividualEstimated_INR + -10.0
None
ls_gain_coeffs:
[-114.34153996 -125.85550368 -139.82049511 -128.06352549 -127.31461621
 -136.88031188 -144.11758126 -105.94796037 -122.42936051 -122.23519214
 -132.99292872 -136.42536264 -149.91554333 -110.00828191 -143.07109167]
inrs_hat:  [ -3.35183991 -14.86580364 -28.83079507 -17.07382544 -16.32491617
 -25.89061183 -33.12788122   5.04173967 -11.43966047 -11.2454921
 -22.00322868 -25.43566259 -38.92584329   0.98141813 -32.08139163]
scheduled_ues:  [ 1  2  3  4  5  6  8  9 10 11 12 14]
(1, 15, 1, 4, 1, 1)
caused INR: -10.88568473746343
TpsRandomic + IndividualEstimated_INR + -12.5
None
ls_gain_coeffs:
[-114.34153996 -127.86976822 -149.82838535 -144.75712104 -142.33844836
 -132.82405089 -144.11758126 -105.94796037 -134.31123954 -136.19704766
 -136.62192233 -132.76379289 -149.91554333 -110.00828191 -137.5802493 ]
inrs_hat:  [ -3.35183991 -16.88006818 -38.8386853  -33.767421   -31.34874832
 -21.83435085 -33.12788122   5.04173967 -23.3215395  -25.20734762
 -25.63222229 -21.77409284 -38.92584329   0.98141813 -26.59054926]
scheduled_ues:  [ 1  2  3  4  5  6  8  9 10 11 12 14]
(1, 15, 1, 4, 1, 1)
caused INR: -19.41721917821618
TpsRandomic + IndividualEstimated_INR + -15.0
None
ls_gain_coeffs:
[-109.6312207  -137.8435475  -139.82049511 -144.75712104 -128.60573229
 -136.88031188 -131.17280089 -109.29502268 -122.42936051 -136.19704766
 -145.44519751 -132.76379289 -137.86541611 -118.92405904 -143.07109167]
inrs_hat:  [  1.35847934 -26.85384746 -28.83079507 -33.767421   -17.61603224
 -25.89061183 -20.18310084   1.69467736 -11.43966047 -25.20734762
 -34.45549746 -21.77409284 -26.87571607  -7.934359   -32.08139163]
scheduled_ues:  [ 1  2  3  4  5  6  9 10 11 12 14]
(1, 15, 1, 4, 1, 1)
caused INR: -15.244124210288836
TpsRandomic + CumulativeIndividualEstimated_INR + -10.0
None
(1, 15, 1, 4, 1, 1)
caused INR: -13.320977695394998
TpsRandomic + CumulativeIndividualEstimated_INR + -12.5
None
(1, 15, 1, 4, 1, 1)
caused INR: -25.01159317800395
TpsRandomic + CumulativeIndividualEstimated_INR + -15.0
None
(1, 15, 1, 4, 1, 1)
caused INR: -20.624471251580076
Iteration number 36
TpsAltruisticFromLsfGain + IndividualEstimated_INR + -10.0
None
ls_gain_coeffs:
[-131.73726218 -137.59211044 -150.15658912 -139.97655067 -134.21972406
 -130.38449557 -134.06741254 -146.50591505 -141.46968981 -137.48151772
 -138.44243285 -137.1690187  -147.79716672 -139.81366544 -127.7800746 ]
inrs_hat:  [-20.74756214 -26.60241039 -39.16688908 -28.98685063 -23.23002402
 -19.39479553 -23.0777125  -35.51621501 -30.47998977 -26.49181768
 -27.4527328  -26.17931866 -36.80746668 -28.8239654  -16.79037456]
scheduled_ues:  [ 0  1  2  3  4  5  6  7  8  9 10 11 12 13 14]
(1, 15, 1, 4, 1, 1)
caused INR: -8.985155345750668
TpsAltruisticFromLsfGain + IndividualEstimated_INR + -12.5
None
ls_gain_coeffs:
[-131.73726218 -137.59211044 -150.15658912 -139.97655067 -134.21972406
 -130.38449557 -134.06741254 -146.50591505 -141.46968981 -137.48151772
 -138.44243285 -137.1690187  -147.79716672 -139.81366544 -127.7800746 ]
inrs_hat:  [-20.74756214 -26.60241039 -39.16688908 -28.98685063 -23.23002402
 -19.39479553 -23.0777125  -35.51621501 -30.47998977 -26.49181768
 -27.4527328  -26.17931866 -36.80746668 -28.8239654  -16.79037456]
scheduled_ues:  [ 0  1  2  3  4  5  6  7  8  9 10 11 12 13 14]
(1, 15, 1, 4, 1, 1)
caused INR: -8.985155345750668
TpsAltruisticFromLsfGain + IndividualEstimated_INR + -15.0
None
ls_gain_coeffs:
[-131.73726218 -137.59211044 -150.15658912 -139.97655067 -134.21972406
 -130.38449557 -134.06741254 -146.50591505 -141.46968981 -137.48151772
 -138.44243285 -137.1690187  -147.79716672 -139.81366544 -127.7800746 ]
inrs_hat:  [-20.74756214 -26.60241039 -39.16688908 -28.98685063 -23.23002402
 -19.39479553 -23.0777125  -35.51621501 -30.47998977 -26.49181768
 -27.4527328  -26.17931866 -36.80746668 -28.8239654  -16.79037456]
scheduled_ues:  [ 0  1  2  3  4  5  6  7  8  9 10 11 12 13 14]
(1, 15, 1, 4, 1, 1)
caused INR: -8.985155345750668
TpsAltruisticFromLsfGain + CumulativeIndividualEstimated_INR + -10.0
None
(1, 15, 1, 4, 1, 1)
caused INR: -8.985155345750668
TpsAltruisticFromLsfGain + CumulativeIndividualEstimated_INR + -12.5
None
(1, 15, 1, 4, 1, 1)
caused INR: -13.609750903335666
TpsAltruisticFromLsfGain + CumulativeIndividualEstimated_INR + -15.0
None
(1, 15, 1, 4, 1, 1)
caused INR: -18.90802227298545
TpsRandomic + IndividualEstimated_INR + -10.0
None
ls_gain_coeffs:
[-127.21309327 -121.70300438 -133.87857027 -128.48650184 -117.37586501
 -113.37839745 -117.22680394 -146.50591505 -141.46968981 -125.6241047
 -138.44243285 -122.48255285 -131.03592221 -122.83755145 -115.05574203]
inrs_hat:  [-16.22339323 -10.71330434 -22.88887023 -17.4968018   -6.38616497
  -2.38869741  -6.23710389 -35.51621501 -30.47998977 -14.63440466
 -27.4527328  -11.49285281 -20.04622217 -11.8478514   -4.06604199]
scheduled_ues:  [ 0  1  2  3  7  8  9 10 11 12 13]
(1, 15, 1, 4, 1, 1)
caused INR: -5.124012834900265
TpsRandomic + IndividualEstimated_INR + -12.5
None
ls_gain_coeffs:
[-116.27954958 -137.59211044 -143.51903457 -122.76296771 -134.21972406
 -119.27496902 -125.10926147 -146.50591505 -141.46968981 -125.6241047
 -138.44243285 -137.1690187  -147.79716672 -139.81366544 -119.10060881]
inrs_hat:  [ -5.28984953 -26.60241039 -32.52933452 -11.77326767 -23.23002402
  -8.28526897 -14.11956142 -35.51621501 -30.47998977 -14.63440466
 -27.4527328  -26.17931866 -36.80746668 -28.8239654   -8.11090877]
scheduled_ues:  [ 1  2  4  6  7  8  9 10 11 12 13]
(1, 15, 1, 4, 1, 1)
caused INR: -16.19481917782564
TpsRandomic + IndividualEstimated_INR + -15.0
None
ls_gain_coeffs:
[-116.27954958 -137.59211044 -150.15658912 -128.48650184 -117.37586501
 -119.92342589 -117.22680394 -146.50591505 -133.06171717 -127.41932758
 -135.27191075 -137.1690187  -131.03592221 -139.81366544 -115.05574203]
inrs_hat:  [ -5.28984953 -26.60241039 -39.16688908 -17.4968018   -6.38616497
  -8.93372585  -6.23710389 -35.51621501 -22.07201713 -16.42962753
 -24.28221071 -26.17931866 -20.04622217 -28.8239654   -4.06604199]
scheduled_ues:  [ 1  2  3  7  8  9 10 11 12 13]
(1, 15, 1, 4, 1, 1)
caused INR: -17.267794493731884
TpsRandomic + CumulativeIndividualEstimated_INR + -10.0
None
(1, 15, 1, 4, 1, 1)
caused INR: -16.04568538324616
TpsRandomic + CumulativeIndividualEstimated_INR + -12.5
None
(1, 15, 1, 4, 1, 1)
caused INR: -20.99954151151609
TpsRandomic + CumulativeIndividualEstimated_INR + -15.0
None
(1, 15, 1, 4, 1, 1)
caused INR: -16.751585560957622
Iteration number 37
TpsAltruisticFromLsfGain + IndividualEstimated_INR + -10.0
None
ls_gain_coeffs:
[-147.34559018 -146.45805063 -149.1026051  -143.84445326 -136.94518038
 -138.21748416 -144.05412144 -124.01379731 -140.65302796 -134.21293966
 -144.61055725 -124.0624829  -137.03394542 -142.71565827 -133.23711104]
inrs_hat:  [-36.35589013 -35.46835059 -38.11290506 -32.85475321 -25.95548034
 -27.22778412 -33.0644214  -13.02409726 -29.66332792 -23.22323961
 -33.6208572  -13.07278285 -26.04424538 -31.72595822 -22.24741099]
scheduled_ues:  [ 0  1  2  3  4  5  6  7  8  9 10 11 12 13 14]
(1, 15, 1, 4, 1, 1)
caused INR: -34.68440726614281
TpsAltruisticFromLsfGain + IndividualEstimated_INR + -12.5
None
ls_gain_coeffs:
[-147.34559018 -146.45805063 -149.1026051  -143.84445326 -136.94518038
 -138.21748416 -144.05412144 -124.01379731 -140.65302796 -134.21293966
 -144.61055725 -124.0624829  -137.03394542 -142.71565827 -133.23711104]
inrs_hat:  [-36.35589013 -35.46835059 -38.11290506 -32.85475321 -25.95548034
 -27.22778412 -33.0644214  -13.02409726 -29.66332792 -23.22323961
 -33.6208572  -13.07278285 -26.04424538 -31.72595822 -22.24741099]
scheduled_ues:  [ 0  1  2  3  4  5  6  7  8  9 10 11 12 13 14]
(1, 15, 1, 4, 1, 1)
caused INR: -34.68440726614281
TpsAltruisticFromLsfGain + IndividualEstimated_INR + -15.0
None
ls_gain_coeffs:
[-147.34559018 -146.45805063 -149.1026051  -143.84445326 -136.94518038
 -138.21748416 -144.05412144 -124.01379731 -140.65302796 -134.21293966
 -144.61055725 -124.0624829  -137.03394542 -142.71565827 -133.23711104]
inrs_hat:  [-36.35589013 -35.46835059 -38.11290506 -32.85475321 -25.95548034
 -27.22778412 -33.0644214  -13.02409726 -29.66332792 -23.22323961
 -33.6208572  -13.07278285 -26.04424538 -31.72595822 -22.24741099]
scheduled_ues:  [ 0  1  2  3  4  5  6  8  9 10 12 13 14]
(1, 15, 1, 4, 1, 1)
caused INR: -21.36624855217591
TpsAltruisticFromLsfGain + CumulativeIndividualEstimated_INR + -10.0
None
(1, 15, 1, 4, 1, 1)
caused INR: -15.106923742388554
TpsAltruisticFromLsfGain + CumulativeIndividualEstimated_INR + -12.5
None
(1, 15, 1, 4, 1, 1)
caused INR: -21.36624855217591
TpsAltruisticFromLsfGain + CumulativeIndividualEstimated_INR + -15.0
None
(1, 15, 1, 4, 1, 1)
caused INR: -21.36624855217591
TpsRandomic + IndividualEstimated_INR + -10.0
None
ls_gain_coeffs:
[-130.63195357 -136.88007026 -139.80982489 -127.0956557  -119.85547559
 -131.34623423 -131.32806161 -107.63316412 -125.46456451 -121.57623658
 -132.80038386 -109.80885301 -124.73514784 -130.12265967 -133.23711104]
inrs_hat:  [-19.64225353 -25.89037022 -28.82012485 -16.10595566  -8.86577555
 -20.35653418 -20.33836156   3.35653592 -14.47486446 -10.58653653
 -21.81068381   1.18084703 -13.7454478  -19.13295963 -22.24741099]
scheduled_ues:  [ 0  1  2  3  5  6  8  9 10 12 13 14]
(1, 15, 1, 4, 1, 1)
caused INR: -5.275090146196838
TpsRandomic + IndividualEstimated_INR + -12.5
None
ls_gain_coeffs:
[-147.34559018 -136.88007026 -132.42715874 -131.34264113 -127.63447451
 -124.34651567 -135.71002125 -107.63316412 -140.65302796 -133.62763041
 -144.61055725 -117.15826109 -124.73514784 -142.26146249 -119.50936766]
inrs_hat:  [-36.35589013 -25.89037022 -21.4374587  -20.35294108 -16.64477446
 -13.35681563 -24.72032121   3.35653592 -29.66332792 -22.63793037
 -33.6208572   -6.16856105 -13.7454478  -31.27176245  -8.51966761]
scheduled_ues:  [ 0  1  2  3  4  5  6  8  9 10 12 13]
(1, 15, 1, 4, 1, 1)
caused INR: -8.08830294942219
TpsRandomic + IndividualEstimated_INR + -15.0
None
ls_gain_coeffs:
[-147.34559018 -146.45805063 -139.80982489 -143.84445326 -124.51807667
 -131.34623423 -144.05412144 -118.10524753 -126.83799623 -133.62763041
 -144.61055725 -107.26275705 -124.73514784 -129.97126108 -124.80326503]
inrs_hat:  [-36.35589013 -35.46835059 -28.82012485 -32.85475321 -13.52837663
 -20.35653418 -33.0644214   -7.11554749 -15.84829619 -22.63793037
 -33.6208572    3.72694299 -13.7454478  -18.98156104 -13.81356499]
scheduled_ues:  [ 0  1  2  3  5  6  8  9 10 13]
(1, 15, 1, 4, 1, 1)
caused INR: -8.270697967629586
TpsRandomic + CumulativeIndividualEstimated_INR + -10.0
None
(1, 15, 1, 4, 1, 1)
caused INR: -8.40225890614951
TpsRandomic + CumulativeIndividualEstimated_INR + -12.5
None
(1, 15, 1, 4, 1, 1)
caused INR: -22.077101088684167
TpsRandomic + CumulativeIndividualEstimated_INR + -15.0
None
(1, 15, 1, 4, 1, 1)
caused INR: -18.229559392115934
Iteration number 38
TpsAltruisticFromLsfGain + IndividualEstimated_INR + -10.0
None
ls_gain_coeffs:
[-150.74924437 -134.66266657 -140.33942128 -128.26080805 -142.22599002
 -132.70749111 -140.18592734 -147.90432166 -115.31952069 -148.08677347
 -134.15117226 -149.71551174 -147.5486585  -146.5865749  -139.77402772]
inrs_hat:  [-39.75954433 -23.67296652 -29.34972124 -17.27110801 -31.23628997
 -21.71779106 -29.1962273  -36.91462162  -4.32982065 -37.09707342
 -23.16147222 -38.7258117  -36.55895846 -35.59687486 -28.78432768]
scheduled_ues:  [ 0  1  2  3  4  5  6  7  9 10 11 12 13 14]
(1, 15, 1, 4, 1, 1)
caused INR: -15.037095829691275
TpsAltruisticFromLsfGain + IndividualEstimated_INR + -12.5
None
ls_gain_coeffs:
[-150.74924437 -134.66266657 -140.33942128 -128.26080805 -142.22599002
 -132.70749111 -140.18592734 -147.90432166 -115.31952069 -148.08677347
 -134.15117226 -149.71551174 -147.5486585  -146.5865749  -139.77402772]
inrs_hat:  [-39.75954433 -23.67296652 -29.34972124 -17.27110801 -31.23628997
 -21.71779106 -29.1962273  -36.91462162  -4.32982065 -37.09707342
 -23.16147222 -38.7258117  -36.55895846 -35.59687486 -28.78432768]
scheduled_ues:  [ 0  1  2  3  4  5  6  7  9 10 11 12 13 14]
(1, 15, 1, 4, 1, 1)
caused INR: -15.037095829691275
TpsAltruisticFromLsfGain + IndividualEstimated_INR + -15.0
None
ls_gain_coeffs:
[-150.74924437 -134.66266657 -140.33942128 -128.26080805 -142.22599002
 -132.70749111 -140.18592734 -147.90432166 -115.31952069 -148.08677347
 -134.15117226 -149.71551174 -147.5486585  -146.5865749  -139.77402772]
inrs_hat:  [-39.75954433 -23.67296652 -29.34972124 -17.27110801 -31.23628997
 -21.71779106 -29.1962273  -36.91462162  -4.32982065 -37.09707342
 -23.16147222 -38.7258117  -36.55895846 -35.59687486 -28.78432768]
scheduled_ues:  [ 0  1  2  3  4  5  6  7  9 10 11 12 13 14]
(1, 15, 1, 4, 1, 1)
caused INR: -15.037095829691275
TpsAltruisticFromLsfGain + CumulativeIndividualEstimated_INR + -10.0
None
(1, 15, 1, 4, 1, 1)
caused INR: -15.037095829691275
TpsAltruisticFromLsfGain + CumulativeIndividualEstimated_INR + -12.5
None
(1, 15, 1, 4, 1, 1)
caused INR: -15.037095829691275
TpsAltruisticFromLsfGain + CumulativeIndividualEstimated_INR + -15.0
None
(1, 15, 1, 4, 1, 1)
caused INR: -25.446622812286268
TpsRandomic + IndividualEstimated_INR + -10.0
None
ls_gain_coeffs:
[-134.13850795 -120.68144013 -138.38167361 -120.42000321 -142.22599002
 -132.70749111 -129.63807037 -147.90432166  -99.97201291 -131.42829317
 -117.3146953  -133.26454223 -147.5486585  -142.87929704 -123.07158058]
inrs_hat:  [-23.1488079   -9.69174009 -27.39197357  -9.43030317 -31.23628997
 -21.71779106 -18.64837032 -36.91462162  11.01768713 -20.43859313
  -6.32499526 -22.27484219 -36.55895846 -31.88959699 -12.08188054]
scheduled_ues:  [ 0  2  4  5  6  7  9 11 12 13 14]
(1, 15, 1, 4, 1, 1)
caused INR: -5.52355701953107
TpsRandomic + IndividualEstimated_INR + -12.5
None
ls_gain_coeffs:
[-134.13850795 -134.66266657 -140.33942128 -113.74955347 -125.71212631
 -125.8141377  -129.63807037 -131.90865252  -97.06610513 -131.42829317
 -117.3146953  -149.71551174 -147.5486585  -132.90921561 -139.77402772]
inrs_hat:  [-23.1488079  -23.67296652 -29.34972124  -2.75985342 -14.72242627
 -14.82443766 -18.64837032 -20.91895248  13.92359491 -20.43859313
  -6.32499526 -38.7258117  -36.55895846 -21.91951557 -28.78432768]
scheduled_ues:  [ 0  1  2  4  5  6  7  9 11 12 13 14]
(1, 15, 1, 4, 1, 1)
caused INR: -17.438916069780355
TpsRandomic + IndividualEstimated_INR + -15.0
None
ls_gain_coeffs:
[-141.582464   -119.1418137  -126.59265617 -113.74955347 -142.22599002
 -115.95932146 -129.42457365 -131.90865252 -106.60179735 -148.08677347
 -124.21777939 -149.71551174 -147.5486585  -142.87929704 -128.23643677]
inrs_hat:  [-30.59276396  -8.15211365 -15.60295613  -2.75985342 -31.23628997
  -4.96962142 -18.43487361 -20.91895248   4.3879027  -37.09707342
 -13.22807934 -38.7258117  -36.55895846 -31.88959699 -17.24673673]
scheduled_ues:  [ 0  2  4  6  7  9 11 12 13 14]
(1, 15, 1, 4, 1, 1)
caused INR: -10.07242172339881
TpsRandomic + CumulativeIndividualEstimated_INR + -10.0
None
(1, 15, 1, 4, 1, 1)
caused INR: -17.770980793510688
TpsRandomic + CumulativeIndividualEstimated_INR + -12.5
None
(1, 15, 1, 4, 1, 1)
caused INR: -9.730287230500696
TpsRandomic + CumulativeIndividualEstimated_INR + -15.0
None
(1, 15, 1, 4, 1, 1)
caused INR: -18.14285608142114
Iteration number 39
TpsAltruisticFromLsfGain + IndividualEstimated_INR + -10.0
None
ls_gain_coeffs:
[-154.70554914 -132.15319637 -119.14190378 -131.6148091  -134.76357665
 -142.22178598 -143.6488601  -133.67338492 -152.27350502 -146.27169778
 -150.03610137 -138.76516891 -133.62996238 -131.71609756 -131.9566516 ]
inrs_hat:  [-43.7158491  -21.16349632  -8.15220374 -20.62510905 -23.77387661
 -31.23208593 -32.65916006 -22.68368488 -41.28380497 -35.28199774
 -39.04640133 -27.77546887 -22.64026234 -20.72639752 -20.96695156]
scheduled_ues:  [ 0  1  3  4  5  6  7  8  9 10 11 12 13 14]
(1, 15, 1, 4, 1, 1)
caused INR: -19.745629597198185
TpsAltruisticFromLsfGain + IndividualEstimated_INR + -12.5
None
ls_gain_coeffs:
[-154.70554914 -132.15319637 -119.14190378 -131.6148091  -134.76357665
 -142.22178598 -143.6488601  -133.67338492 -152.27350502 -146.27169778
 -150.03610137 -138.76516891 -133.62996238 -131.71609756 -131.9566516 ]
inrs_hat:  [-43.7158491  -21.16349632  -8.15220374 -20.62510905 -23.77387661
 -31.23208593 -32.65916006 -22.68368488 -41.28380497 -35.28199774
 -39.04640133 -27.77546887 -22.64026234 -20.72639752 -20.96695156]
scheduled_ues:  [ 0  1  3  4  5  6  7  8  9 10 11 12 13 14]
(1, 15, 1, 4, 1, 1)
caused INR: -19.745629597198185
TpsAltruisticFromLsfGain + IndividualEstimated_INR + -15.0
None
ls_gain_coeffs:
[-154.70554914 -132.15319637 -119.14190378 -131.6148091  -134.76357665
 -142.22178598 -143.6488601  -133.67338492 -152.27350502 -146.27169778
 -150.03610137 -138.76516891 -133.62996238 -131.71609756 -131.9566516 ]
inrs_hat:  [-43.7158491  -21.16349632  -8.15220374 -20.62510905 -23.77387661
 -31.23208593 -32.65916006 -22.68368488 -41.28380497 -35.28199774
 -39.04640133 -27.77546887 -22.64026234 -20.72639752 -20.96695156]
scheduled_ues:  [ 0  1  3  4  5  6  7  8  9 10 11 12 13 14]
(1, 15, 1, 4, 1, 1)
caused INR: -19.745629597198185
TpsAltruisticFromLsfGain + CumulativeIndividualEstimated_INR + -10.0
None
(1, 15, 1, 4, 1, 1)
caused INR: -19.745629597198185
TpsAltruisticFromLsfGain + CumulativeIndividualEstimated_INR + -12.5
None
(1, 15, 1, 4, 1, 1)
caused INR: -19.745629597198185
TpsAltruisticFromLsfGain + CumulativeIndividualEstimated_INR + -15.0
None
(1, 15, 1, 4, 1, 1)
caused INR: -29.773828703072404
TpsRandomic + IndividualEstimated_INR + -10.0
None
ls_gain_coeffs:
[-147.50903389 -132.15319637 -119.14190378 -121.39548723 -131.76670375
 -132.25456592 -126.81248465 -133.67338492 -139.24707388 -136.79956879
 -150.03610137 -131.16826534 -133.62996238 -114.23331591 -118.57562096]
inrs_hat:  [-36.51933385 -21.16349632  -8.15220374 -10.40578718 -20.77700371
 -21.26486587 -15.82278461 -22.68368488 -28.25737384 -25.80986875
 -39.04640133 -20.17856529 -22.64026234  -3.24361586  -7.58592092]
scheduled_ues:  [ 0  1  3  4  5  6  7  8  9 10 11 12]
(1, 15, 1, 4, 1, 1)
caused INR: -9.766390626849562
TpsRandomic + IndividualEstimated_INR + -12.5
None
ls_gain_coeffs:
[-138.35787568 -132.15319637 -106.69030865 -114.76054785 -131.76670375
 -125.32027477 -131.62126429 -119.39762793 -152.27350502 -146.27169778
 -150.03610137 -138.76516891 -125.35597061 -131.71609756 -118.57562096]
inrs_hat:  [-27.36817563 -21.16349632   4.29939139  -3.77084781 -20.77700371
 -14.33057473 -20.63156424  -8.40792788 -41.28380497 -35.28199774
 -39.04640133 -27.77546887 -14.36627056 -20.72639752  -7.58592092]
scheduled_ues:  [ 0  1  4  5  6  8  9 10 11 12 13]
(1, 15, 1, 4, 1, 1)
caused INR: -26.44135122212657
TpsRandomic + IndividualEstimated_INR + -15.0
None
ls_gain_coeffs:
[-138.35787568 -122.85613138 -108.50707681 -131.6148091  -134.76357665
 -125.32027477 -131.62126429 -117.56347093 -144.97022306 -134.6020188
 -139.40870068 -131.16826534 -125.35597061 -120.13976042 -118.57562096]
inrs_hat:  [-27.36817563 -11.86643133   2.48262323 -20.62510905 -23.77387661
 -14.33057473 -20.63156424  -6.57377089 -33.98052301 -23.61231876
 -28.41900063 -20.17856529 -14.36627056  -9.15006037  -7.58592092]
scheduled_ues:  [ 0  3  4  6  8  9 10 11]
(1, 15, 1, 4, 1, 1)
caused INR: -14.019897686081821
TpsRandomic + CumulativeIndividualEstimated_INR + -10.0
None
(1, 15, 1, 4, 1, 1)
caused INR: -28.250358699512365
TpsRandomic + CumulativeIndividualEstimated_INR + -12.5
None
(1, 15, 1, 4, 1, 1)
caused INR: -28.758512336295357
TpsRandomic + CumulativeIndividualEstimated_INR + -15.0
None
(1, 15, 1, 4, 1, 1)
caused INR: -34.18900320348962
Iteration number 40
TpsAltruisticFromLsfGain + IndividualEstimated_INR + -10.0
None
ls_gain_coeffs:
[-136.29807595 -139.82956159 -136.9649761  -142.2307434  -136.70998085
 -151.92009464 -130.77706409 -148.63769153 -148.89148039 -140.62148416
 -117.01483239 -142.39562857 -117.6818039  -142.89229009 -143.51313166]
inrs_hat:  [-25.30837591 -28.83986155 -25.97527606 -31.24104336 -25.7202808
 -40.93039459 -19.78736404 -37.64799149 -37.90178034 -29.63178412
  -6.02513235 -31.40592853  -6.69210385 -31.90259005 -32.52343162]
scheduled_ues:  [ 0  1  2  3  4  5  6  7  8  9 11 13 14]
(1, 15, 1, 4, 1, 1)
caused INR: -19.09340423685461
TpsAltruisticFromLsfGain + IndividualEstimated_INR + -12.5
None
ls_gain_coeffs:
[-136.29807595 -139.82956159 -136.9649761  -142.2307434  -136.70998085
 -151.92009464 -130.77706409 -148.63769153 -148.89148039 -140.62148416
 -117.01483239 -142.39562857 -117.6818039  -142.89229009 -143.51313166]
inrs_hat:  [-25.30837591 -28.83986155 -25.97527606 -31.24104336 -25.7202808
 -40.93039459 -19.78736404 -37.64799149 -37.90178034 -29.63178412
  -6.02513235 -31.40592853  -6.69210385 -31.90259005 -32.52343162]
scheduled_ues:  [ 0  1  2  3  4  5  6  7  8  9 11 13 14]
(1, 15, 1, 4, 1, 1)
caused INR: -19.09340423685461
TpsAltruisticFromLsfGain + IndividualEstimated_INR + -15.0
None
ls_gain_coeffs:
[-136.29807595 -139.82956159 -136.9649761  -142.2307434  -136.70998085
 -151.92009464 -130.77706409 -148.63769153 -148.89148039 -140.62148416
 -117.01483239 -142.39562857 -117.6818039  -142.89229009 -143.51313166]
inrs_hat:  [-25.30837591 -28.83986155 -25.97527606 -31.24104336 -25.7202808
 -40.93039459 -19.78736404 -37.64799149 -37.90178034 -29.63178412
  -6.02513235 -31.40592853  -6.69210385 -31.90259005 -32.52343162]
scheduled_ues:  [ 0  1  2  3  4  5  6  7  8  9 11 13 14]
(1, 15, 1, 4, 1, 1)
caused INR: -19.09340423685461
TpsAltruisticFromLsfGain + CumulativeIndividualEstimated_INR + -10.0
None
(1, 15, 1, 4, 1, 1)
caused INR: -19.09340423685461
TpsAltruisticFromLsfGain + CumulativeIndividualEstimated_INR + -12.5
None
(1, 15, 1, 4, 1, 1)
caused INR: -19.09340423685461
TpsAltruisticFromLsfGain + CumulativeIndividualEstimated_INR + -15.0
None
(1, 15, 1, 4, 1, 1)
caused INR: -19.09340423685461
TpsRandomic + IndividualEstimated_INR + -10.0
None
ls_gain_coeffs:
[-122.08384791 -124.70310602 -123.78445897 -139.94832107 -130.62997811
 -139.20907264 -120.46788333 -148.63769153 -141.32142376 -131.1606195
 -102.76273695 -125.38274471 -104.49350573 -134.19767962 -128.30956169]
inrs_hat:  [-11.09414786 -13.71340598 -12.79475893 -28.95862103 -19.64027807
 -28.2193726   -9.47818328 -37.64799149 -30.33172371 -20.17091945
   8.22696309 -14.39304467   6.49619431 -23.20797958 -17.31986164]
scheduled_ues:  [ 0  1  2  3  4  5  7  8  9 11 13 14]
(1, 15, 1, 4, 1, 1)
caused INR: -10.32359281021915
TpsRandomic + IndividualEstimated_INR + -12.5
None
ls_gain_coeffs:
[-136.29807595 -126.04553381 -123.78445897 -139.94832107 -122.29074263
 -135.40618441 -120.46788333 -131.8995306  -148.89148039 -140.62148416
 -111.58334606 -132.26897461 -104.86685482 -142.89229009 -128.30956169]
inrs_hat:  [-25.30837591 -15.05583376 -12.79475893 -28.95862103 -11.30104259
 -24.41648436  -9.47818328 -20.90983056 -37.90178034 -29.63178412
  -0.59364602 -21.27927456   6.12284523 -31.90259005 -17.31986164]
scheduled_ues:  [ 0  1  2  3  5  7  8  9 11 13 14]
(1, 15, 1, 4, 1, 1)
caused INR: -15.923512849958376
TpsRandomic + IndividualEstimated_INR + -15.0
None
ls_gain_coeffs:
[-128.34338329 -126.04553381 -123.04554184 -139.94832107 -122.29074263
 -139.20907264 -120.46788333 -131.8995306  -148.89148039 -140.62148416
 -100.9522415  -132.26897461 -104.86685482 -126.12469193 -128.30956169]
inrs_hat:  [-17.35368325 -15.05583376 -12.0558418  -28.95862103 -11.30104259
 -28.2193726   -9.47818328 -20.90983056 -37.90178034 -29.63178412
  10.03745854 -21.27927456   6.12284523 -15.13499188 -17.31986164]
scheduled_ues:  [ 0  1  3  5  7  8  9 11 13 14]
(1, 15, 1, 4, 1, 1)
caused INR: -4.949731297736805
TpsRandomic + CumulativeIndividualEstimated_INR + -10.0
None
(1, 15, 1, 4, 1, 1)
caused INR: -7.08391785490317
TpsRandomic + CumulativeIndividualEstimated_INR + -12.5
None
(1, 15, 1, 4, 1, 1)
caused INR: -20.017920722129663
TpsRandomic + CumulativeIndividualEstimated_INR + -15.0
None
(1, 15, 1, 4, 1, 1)
caused INR: -12.851412032316619
Iteration number 41
TpsAltruisticFromLsfGain + IndividualEstimated_INR + -10.0
None
ls_gain_coeffs:
[-143.94871442 -133.98467215 -137.29186444 -146.56669204 -132.03888015
 -150.72351238 -138.15249292 -126.17581967 -133.47200053 -129.23287636
 -143.70347077 -122.46909052 -150.27207752 -138.12686851 -141.41059502]
inrs_hat:  [-32.95901437 -22.9949721  -26.3021644  -35.576992   -21.0491801
 -39.73381234 -27.16279288 -15.18611962 -22.48230048 -18.24317631
 -32.71377073 -11.47939048 -39.28237748 -27.13716846 -30.42089498]
scheduled_ues:  [ 0  1  2  3  4  5  6  7  8  9 10 11 12 13 14]
(1, 15, 1, 4, 1, 1)
caused INR: -6.133421188262027
TpsAltruisticFromLsfGain + IndividualEstimated_INR + -12.5
None
ls_gain_coeffs:
[-143.94871442 -133.98467215 -137.29186444 -146.56669204 -132.03888015
 -150.72351238 -138.15249292 -126.17581967 -133.47200053 -129.23287636
 -143.70347077 -122.46909052 -150.27207752 -138.12686851 -141.41059502]
inrs_hat:  [-32.95901437 -22.9949721  -26.3021644  -35.576992   -21.0491801
 -39.73381234 -27.16279288 -15.18611962 -22.48230048 -18.24317631
 -32.71377073 -11.47939048 -39.28237748 -27.13716846 -30.42089498]
scheduled_ues:  [ 0  1  2  3  4  5  6  7  8  9 10 12 13 14]
(1, 15, 1, 4, 1, 1)
caused INR: -8.62268694101724
TpsAltruisticFromLsfGain + IndividualEstimated_INR + -15.0
None
ls_gain_coeffs:
[-143.94871442 -133.98467215 -137.29186444 -146.56669204 -132.03888015
 -150.72351238 -138.15249292 -126.17581967 -133.47200053 -129.23287636
 -143.70347077 -122.46909052 -150.27207752 -138.12686851 -141.41059502]
inrs_hat:  [-32.95901437 -22.9949721  -26.3021644  -35.576992   -21.0491801
 -39.73381234 -27.16279288 -15.18611962 -22.48230048 -18.24317631
 -32.71377073 -11.47939048 -39.28237748 -27.13716846 -30.42089498]
scheduled_ues:  [ 0  1  2  3  4  5  6  7  8  9 10 12 13 14]
(1, 15, 1, 4, 1, 1)
caused INR: -8.62268694101724
TpsAltruisticFromLsfGain + CumulativeIndividualEstimated_INR + -10.0
None
(1, 15, 1, 4, 1, 1)
caused INR: -8.62268694101724
TpsAltruisticFromLsfGain + CumulativeIndividualEstimated_INR + -12.5
None
(1, 15, 1, 4, 1, 1)
caused INR: -6.456065099076423
TpsAltruisticFromLsfGain + CumulativeIndividualEstimated_INR + -15.0
None
(1, 15, 1, 4, 1, 1)
caused INR: -10.542951633074209
TpsRandomic + IndividualEstimated_INR + -10.0
None
ls_gain_coeffs:
[-132.20730859 -133.98467215 -123.67535247 -146.56669204 -124.36506405
 -142.00291125 -124.62741705 -109.18248298 -122.94244888 -129.23287636
 -143.70347077 -122.46909052 -136.49422382 -125.80930785 -127.73370063]
inrs_hat:  [-21.21760855 -22.9949721  -12.68565243 -35.576992   -13.37536401
 -31.01321121 -13.63771701   1.80721707 -11.95274883 -18.24317631
 -32.71377073 -11.47939048 -25.50452377 -14.8196078  -16.74400058]
scheduled_ues:  [ 0  1  2  3  4  5  6  8  9 10 11 12 13 14]
(1, 15, 1, 4, 1, 1)
caused INR: -6.139891439464305
TpsRandomic + IndividualEstimated_INR + -12.5
None
ls_gain_coeffs:
[-143.94871442 -133.98467215 -137.29186444 -140.5422961  -115.42714114
 -134.00927232 -134.90206531 -109.18248298 -116.0802767  -114.66060493
 -132.30448842 -107.9893714  -135.15797011 -125.80930785 -141.41059502]
inrs_hat:  [-32.95901437 -22.9949721  -26.3021644  -29.55259606  -4.43744109
 -23.01957228 -23.91236526   1.80721707  -5.09057666  -3.67090489
 -21.31478838   3.00032864 -24.16827007 -14.8196078  -30.42089498]
scheduled_ues:  [ 0  1  2  3  5  6 10 12 13 14]
(1, 15, 1, 4, 1, 1)
caused INR: -20.915884964429885
TpsRandomic + IndividualEstimated_INR + -15.0
None
ls_gain_coeffs:
[-134.31147142 -116.40952303 -122.5004405  -140.5422961  -132.03888015
 -134.00927232 -124.62741705 -119.34821463 -121.65970453 -114.66060493
 -143.70347077 -107.9893714  -146.26331641 -120.74147132 -127.73370063]
inrs_hat:  [-23.32177138  -5.41982299 -11.51074046 -29.55259606 -21.0491801
 -23.01957228 -13.63771701  -8.35851459 -10.67000449  -3.67090489
 -32.71377073   3.00032864 -35.27361636  -9.75177127 -16.74400058]
scheduled_ues:  [ 0  3  4  5 10 12 14]
(1, 15, 1, 4, 1, 1)
caused INR: -17.070218181307464
TpsRandomic + CumulativeIndividualEstimated_INR + -10.0
None
(1, 15, 1, 4, 1, 1)
caused INR: -10.118356157968398
TpsRandomic + CumulativeIndividualEstimated_INR + -12.5
None
(1, 15, 1, 4, 1, 1)
caused INR: -17.693965064002775
TpsRandomic + CumulativeIndividualEstimated_INR + -15.0
None
(1, 15, 1, 4, 1, 1)
caused INR: -10.428418978114262
Iteration number 42
TpsAltruisticFromLsfGain + IndividualEstimated_INR + -10.0
None
ls_gain_coeffs:
[-133.19859322 -152.57590785 -140.91727977 -141.99553577 -125.95738489
 -142.03185354 -139.24056075 -147.85355623 -130.87890743 -144.79388415
 -139.71246344 -132.94453773 -137.46060926 -124.96308785 -131.13398299]
inrs_hat:  [-22.20889318 -41.58620781 -29.92757972 -31.00583573 -14.96768484
 -31.04215349 -28.2508607  -36.86385619 -19.88920739 -33.80418411
 -28.7227634  -21.95483769 -26.47090921 -13.97338781 -20.14428295]
scheduled_ues:  [ 0  1  2  3  4  5  6  7  8  9 10 11 12 13 14]
(1, 15, 1, 4, 1, 1)
caused INR: -10.422739783937896
TpsAltruisticFromLsfGain + IndividualEstimated_INR + -12.5
None
ls_gain_coeffs:
[-133.19859322 -152.57590785 -140.91727977 -141.99553577 -125.95738489
 -142.03185354 -139.24056075 -147.85355623 -130.87890743 -144.79388415
 -139.71246344 -132.94453773 -137.46060926 -124.96308785 -131.13398299]
inrs_hat:  [-22.20889318 -41.58620781 -29.92757972 -31.00583573 -14.96768484
 -31.04215349 -28.2508607  -36.86385619 -19.88920739 -33.80418411
 -28.7227634  -21.95483769 -26.47090921 -13.97338781 -20.14428295]
scheduled_ues:  [ 0  1  2  3  4  5  6  7  8  9 10 11 12 13 14]
(1, 15, 1, 4, 1, 1)
caused INR: -10.422739783937896
TpsAltruisticFromLsfGain + IndividualEstimated_INR + -15.0
None
ls_gain_coeffs:
[-133.19859322 -152.57590785 -140.91727977 -141.99553577 -125.95738489
 -142.03185354 -139.24056075 -147.85355623 -130.87890743 -144.79388415
 -139.71246344 -132.94453773 -137.46060926 -124.96308785 -131.13398299]
inrs_hat:  [-22.20889318 -41.58620781 -29.92757972 -31.00583573 -14.96768484
 -31.04215349 -28.2508607  -36.86385619 -19.88920739 -33.80418411
 -28.7227634  -21.95483769 -26.47090921 -13.97338781 -20.14428295]
scheduled_ues:  [ 0  1  2  3  5  6  7  8  9 10 11 12 14]
(1, 15, 1, 4, 1, 1)
caused INR: -19.789439336393144
TpsAltruisticFromLsfGain + CumulativeIndividualEstimated_INR + -10.0
None
(1, 15, 1, 4, 1, 1)
caused INR: -13.027915159618576
TpsAltruisticFromLsfGain + CumulativeIndividualEstimated_INR + -12.5
None
(1, 15, 1, 4, 1, 1)
caused INR: -19.789439336393144
TpsAltruisticFromLsfGain + CumulativeIndividualEstimated_INR + -15.0
None
(1, 15, 1, 4, 1, 1)
caused INR: -21.01991385474126
TpsRandomic + IndividualEstimated_INR + -10.0
None
ls_gain_coeffs:
[-121.31956093 -138.07080542 -123.91745897 -132.84966551 -112.84964207
 -128.46297215 -139.24056075 -136.36625027 -120.59713505 -136.17967385
 -122.56197551 -120.27592833 -137.46060926 -111.8568576  -115.41107763]
inrs_hat:  [-10.32986089 -27.08110537 -12.92775892 -21.85996546  -1.85994203
 -17.4732721  -28.2508607  -25.37655022  -9.60743501 -25.1899738
 -11.57227546  -9.28622829 -26.47090921  -0.86715756  -4.42137759]
scheduled_ues:  [ 0  1  2  3  5  6  7  9 10 12]
(1, 15, 1, 4, 1, 1)
caused INR: -3.3061980333539958
TpsRandomic + IndividualEstimated_INR + -12.5
None
ls_gain_coeffs:
[-121.79621863 -138.07080542 -123.91745897 -141.99553577 -117.75721883
 -128.46297215 -130.2168746  -131.11526058 -120.59713505 -132.22533894
 -127.70928809 -115.62733206 -124.58682691 -111.8568576  -115.41107763]
inrs_hat:  [-10.80651859 -27.08110537 -12.92775892 -31.00583573  -6.76751879
 -17.4732721  -19.22717456 -20.12556054  -9.60743501 -21.2356389
 -16.71958804  -4.63763202 -13.59712686  -0.86715756  -4.42137759]
scheduled_ues:  [ 1  2  3  5  6  7  9 10 12]
(1, 15, 1, 4, 1, 1)
caused INR: -14.75292011122518
TpsRandomic + IndividualEstimated_INR + -15.0
None
ls_gain_coeffs:
[-115.33708978 -149.4806542  -123.91745897 -132.84966551 -112.84964207
 -135.05415455 -122.17827242 -147.85355623 -118.10384196 -132.22533894
 -129.85626293 -115.62733206 -137.46060926 -112.18917273 -131.13398299]
inrs_hat:  [ -4.34738974 -38.49095416 -12.92775892 -21.85996546  -1.85994203
 -24.06445451 -11.18857237 -36.86385619  -7.11414191 -21.2356389
 -18.86656288  -4.63763202 -26.47090921  -1.19947268 -20.14428295]
scheduled_ues:  [ 1  3  5  7  9 10 12 14]
(1, 15, 1, 4, 1, 1)
caused INR: -16.49838528658355
TpsRandomic + CumulativeIndividualEstimated_INR + -10.0
None
(1, 15, 1, 4, 1, 1)
caused INR: -13.521363818759752
TpsRandomic + CumulativeIndividualEstimated_INR + -12.5
None
(1, 15, 1, 4, 1, 1)
caused INR: -8.679584435928199
TpsRandomic + CumulativeIndividualEstimated_INR + -15.0
None
(1, 15, 1, 4, 1, 1)
caused INR: -14.120727421423425
Iteration number 43
TpsAltruisticFromLsfGain + IndividualEstimated_INR + -10.0
None
ls_gain_coeffs:
[-143.8484478  -146.78175262 -129.09596539 -135.3218577  -144.65416764
 -143.90723856 -139.50777285 -134.62944971 -120.47793539 -142.75479749
 -140.70961175 -135.96534328 -131.02382439 -139.97844765 -134.81396862]
inrs_hat:  [-32.85874776 -35.79205258 -18.10626535 -24.33215766 -33.6644676
 -32.91753852 -28.5180728  -23.63974967  -9.48823534 -31.76509745
 -29.7199117  -24.97564324 -20.03412435 -28.98874761 -23.82426857]
scheduled_ues:  [ 0  1  2  3  4  5  6  7  9 10 11 12 13 14]
(1, 15, 1, 4, 1, 1)
caused INR: -9.39658586501168
TpsAltruisticFromLsfGain + IndividualEstimated_INR + -12.5
None
ls_gain_coeffs:
[-143.8484478  -146.78175262 -129.09596539 -135.3218577  -144.65416764
 -143.90723856 -139.50777285 -134.62944971 -120.47793539 -142.75479749
 -140.70961175 -135.96534328 -131.02382439 -139.97844765 -134.81396862]
inrs_hat:  [-32.85874776 -35.79205258 -18.10626535 -24.33215766 -33.6644676
 -32.91753852 -28.5180728  -23.63974967  -9.48823534 -31.76509745
 -29.7199117  -24.97564324 -20.03412435 -28.98874761 -23.82426857]
scheduled_ues:  [ 0  1  2  3  4  5  6  7  9 10 11 12 13 14]
(1, 15, 1, 4, 1, 1)
caused INR: -9.39658586501168
TpsAltruisticFromLsfGain + IndividualEstimated_INR + -15.0
None
ls_gain_coeffs:
[-143.8484478  -146.78175262 -129.09596539 -135.3218577  -144.65416764
 -143.90723856 -139.50777285 -134.62944971 -120.47793539 -142.75479749
 -140.70961175 -135.96534328 -131.02382439 -139.97844765 -134.81396862]
inrs_hat:  [-32.85874776 -35.79205258 -18.10626535 -24.33215766 -33.6644676
 -32.91753852 -28.5180728  -23.63974967  -9.48823534 -31.76509745
 -29.7199117  -24.97564324 -20.03412435 -28.98874761 -23.82426857]
scheduled_ues:  [ 0  1  2  3  4  5  6  7  9 10 11 12 13 14]
(1, 15, 1, 4, 1, 1)
caused INR: -9.39658586501168
TpsAltruisticFromLsfGain + CumulativeIndividualEstimated_INR + -10.0
None
(1, 15, 1, 4, 1, 1)
caused INR: -9.39658586501168
TpsAltruisticFromLsfGain + CumulativeIndividualEstimated_INR + -12.5
None
(1, 15, 1, 4, 1, 1)
caused INR: -9.39658586501168
TpsAltruisticFromLsfGain + CumulativeIndividualEstimated_INR + -15.0
None
(1, 15, 1, 4, 1, 1)
caused INR: -10.251225750366391
TpsRandomic + IndividualEstimated_INR + -10.0
None
ls_gain_coeffs:
[-130.50314077 -146.42053567 -116.04169192 -121.63082807 -128.13454887
 -128.0263207  -139.50777285 -134.62944971 -117.4998196  -142.75479749
 -140.70961175 -125.50153593 -117.27319228 -126.34872878 -134.81396862]
inrs_hat:  [-19.51344073 -35.43083562  -5.05199188 -10.64112802 -17.14484882
 -17.03662065 -28.5180728  -23.63974967  -6.51011956 -31.76509745
 -29.7199117  -14.51183589  -6.28349224 -15.35902874 -23.82426857]
scheduled_ues:  [ 0  1  3  4  5  6  7  9 10 11 13 14]
(1, 15, 1, 4, 1, 1)
caused INR: -12.739334717356927
TpsRandomic + IndividualEstimated_INR + -12.5
None
ls_gain_coeffs:
[-129.59943374 -134.09934132 -116.04169192 -127.82570857 -144.65416764
 -143.90723856 -126.94852487 -130.36050269 -117.4998196  -126.13039437
 -126.56447317 -135.96534328 -117.27319228 -126.34872878 -134.81396862]
inrs_hat:  [-18.6097337  -23.10964127  -5.05199188 -16.83600853 -33.6644676
 -32.91753852 -15.95882482 -19.37080265  -6.51011956 -15.14069433
 -15.57477312 -24.97564324  -6.28349224 -15.35902874 -23.82426857]
scheduled_ues:  [ 0  1  3  4  5  6  7  9 10 11 13 14]
(1, 15, 1, 4, 1, 1)
caused INR: -3.986869407585182
TpsRandomic + IndividualEstimated_INR + -15.0
None
ls_gain_coeffs:
[-130.50314077 -146.78175262 -116.04169192 -127.82570857 -128.13454887
 -128.0263207  -127.00734886 -120.76486737 -107.04363012 -142.75479749
 -126.56447317 -135.96534328 -117.92770834 -136.41409104 -134.81396862]
inrs_hat:  [-19.51344073 -35.79205258  -5.05199188 -16.83600853 -17.14484882
 -17.03662065 -16.01764881  -9.77516733   3.94606992 -31.76509745
 -15.57477312 -24.97564324  -6.93800829 -25.424391   -23.82426857]
scheduled_ues:  [ 0  1  3  4  5  6  9 10 11 13 14]
(1, 15, 1, 4, 1, 1)
caused INR: -13.523909770488956
TpsRandomic + CumulativeIndividualEstimated_INR + -10.0
None
(1, 15, 1, 4, 1, 1)
caused INR: -7.1414054425556035
TpsRandomic + CumulativeIndividualEstimated_INR + -12.5
None
(1, 15, 1, 4, 1, 1)
caused INR: -10.28118211525997
TpsRandomic + CumulativeIndividualEstimated_INR + -15.0
None
(1, 15, 1, 4, 1, 1)
caused INR: -15.658364376737634
Iteration number 44
TpsAltruisticFromLsfGain + IndividualEstimated_INR + -10.0
None
ls_gain_coeffs:
[-139.04073053 -146.8071984  -123.47879423 -152.60617307 -140.69076738
 -125.29241331 -137.76980108 -126.25587657 -140.8280618  -145.02485016
 -142.51879964 -135.02813443 -132.99027285 -141.9434167  -144.54206901]
inrs_hat:  [-28.05103049 -35.81749836 -12.48909419 -41.61647302 -29.70106733
 -14.30271326 -26.78010104 -15.26617653 -29.83836175 -34.03515012
 -31.5290996  -24.03843438 -22.00057281 -30.95371665 -33.55236897]
scheduled_ues:  [ 0  1  2  3  4  5  6  7  8  9 10 11 12 13 14]
(1, 15, 1, 4, 1, 1)
caused INR: -12.331613999471871
TpsAltruisticFromLsfGain + IndividualEstimated_INR + -12.5
None
ls_gain_coeffs:
[-139.04073053 -146.8071984  -123.47879423 -152.60617307 -140.69076738
 -125.29241331 -137.76980108 -126.25587657 -140.8280618  -145.02485016
 -142.51879964 -135.02813443 -132.99027285 -141.9434167  -144.54206901]
inrs_hat:  [-28.05103049 -35.81749836 -12.48909419 -41.61647302 -29.70106733
 -14.30271326 -26.78010104 -15.26617653 -29.83836175 -34.03515012
 -31.5290996  -24.03843438 -22.00057281 -30.95371665 -33.55236897]
scheduled_ues:  [ 0  1  3  4  5  6  7  8  9 10 11 12 13 14]
(1, 15, 1, 4, 1, 1)
caused INR: -9.884880160560211
TpsAltruisticFromLsfGain + IndividualEstimated_INR + -15.0
None
ls_gain_coeffs:
[-139.04073053 -146.8071984  -123.47879423 -152.60617307 -140.69076738
 -125.29241331 -137.76980108 -126.25587657 -140.8280618  -145.02485016
 -142.51879964 -135.02813443 -132.99027285 -141.9434167  -144.54206901]
inrs_hat:  [-28.05103049 -35.81749836 -12.48909419 -41.61647302 -29.70106733
 -14.30271326 -26.78010104 -15.26617653 -29.83836175 -34.03515012
 -31.5290996  -24.03843438 -22.00057281 -30.95371665 -33.55236897]
scheduled_ues:  [ 0  1  3  4  6  7  8  9 10 11 12 13 14]
(1, 15, 1, 4, 1, 1)
caused INR: -15.39166565302461
TpsAltruisticFromLsfGain + CumulativeIndividualEstimated_INR + -10.0
None
(1, 15, 1, 4, 1, 1)
caused INR: -9.884880160560211
TpsAltruisticFromLsfGain + CumulativeIndividualEstimated_INR + -12.5
None
(1, 15, 1, 4, 1, 1)
caused INR: -15.39166565302461
TpsAltruisticFromLsfGain + CumulativeIndividualEstimated_INR + -15.0
None
(1, 15, 1, 4, 1, 1)
caused INR: -13.020276343367485
TpsRandomic + IndividualEstimated_INR + -10.0
None
ls_gain_coeffs:
[-122.98564178 -135.57704504 -110.78699992 -152.60617307 -127.27092467
 -114.38498557 -125.01614933 -113.43389758 -131.25263355 -131.86995616
 -130.0698499  -122.89887536 -132.99027285 -135.92750355 -131.52177535]
inrs_hat:  [-11.99594174 -24.58734499   0.20270013 -41.61647302 -16.28122462
  -3.39528553 -14.02644929  -2.44419754 -20.26293351 -20.88025611
 -19.08014986 -11.90917532 -22.00057281 -24.9378035  -20.53207531]
scheduled_ues:  [ 0  1  3  4  6  8  9 10 11 12 13 14]
(1, 15, 1, 4, 1, 1)
caused INR: -9.185504532723428
TpsRandomic + IndividualEstimated_INR + -12.5
None
ls_gain_coeffs:
[-122.98564178 -135.57704504 -110.78699992 -135.99508019 -127.27092467
 -125.29241331 -125.01614933 -117.97364211 -140.8280618  -131.86995616
 -142.51879964 -135.02813443 -132.99027285 -135.92750355 -143.67402852]
inrs_hat:  [-11.99594174 -24.58734499   0.20270013 -25.00538015 -16.28122462
 -14.30271326 -14.02644929  -6.98394207 -29.83836175 -20.88025611
 -31.5290996  -24.03843438 -22.00057281 -24.9378035  -32.68432848]
scheduled_ues:  [ 1  3  4  5  6  8  9 10 11 12 13 14]
(1, 15, 1, 4, 1, 1)
caused INR: -11.959001983214703
TpsRandomic + IndividualEstimated_INR + -15.0
None
ls_gain_coeffs:
[-122.98564178 -129.96509032 -110.78699992 -135.99508019 -127.27092467
 -114.38498557 -120.59463644 -113.43389758 -123.83766147 -145.02485016
 -130.0698499  -117.81265203 -116.14171683 -141.9434167  -131.52177535]
inrs_hat:  [-11.99594174 -18.97539028   0.20270013 -25.00538015 -16.28122462
  -3.39528553  -9.6049364   -2.44419754 -12.84796143 -34.03515012
 -19.08014986  -6.82295199  -5.15201679 -30.95371665 -20.53207531]
scheduled_ues:  [ 1  3  4  9 10 13 14]
(1, 15, 1, 4, 1, 1)
caused INR: -26.335589300343404
TpsRandomic + CumulativeIndividualEstimated_INR + -10.0
None
(1, 15, 1, 4, 1, 1)
caused INR: -16.5032240392001
TpsRandomic + CumulativeIndividualEstimated_INR + -12.5
None
(1, 15, 1, 4, 1, 1)
caused INR: -8.53787158204982
TpsRandomic + CumulativeIndividualEstimated_INR + -15.0
None
(1, 15, 1, 4, 1, 1)
caused INR: -20.947560907929514
Iteration number 45
TpsAltruisticFromLsfGain + IndividualEstimated_INR + -10.0
None
ls_gain_coeffs:
[-143.07092044 -132.2295843  -142.71101171 -144.34122109 -139.20947499
 -134.77161602 -146.58055721 -145.28394199 -136.8163574  -149.96787825
 -144.79904872 -137.10188174 -144.09344763 -141.00964697 -144.52932227]
inrs_hat:  [-32.0812204  -21.23988426 -31.72131166 -33.35152105 -28.21977495
 -23.78191598 -35.59085717 -34.29424195 -25.82665736 -38.9781782
 -33.80934868 -26.1121817  -33.10374758 -30.01994693 -33.53962222]
scheduled_ues:  [ 0  1  2  3  4  5  6  7  8  9 10 11 12 13 14]
(1, 15, 1, 4, 1, 1)
caused INR: -27.255437044152178
TpsAltruisticFromLsfGain + IndividualEstimated_INR + -12.5
None
ls_gain_coeffs:
[-143.07092044 -132.2295843  -142.71101171 -144.34122109 -139.20947499
 -134.77161602 -146.58055721 -145.28394199 -136.8163574  -149.96787825
 -144.79904872 -137.10188174 -144.09344763 -141.00964697 -144.52932227]
inrs_hat:  [-32.0812204  -21.23988426 -31.72131166 -33.35152105 -28.21977495
 -23.78191598 -35.59085717 -34.29424195 -25.82665736 -38.9781782
 -33.80934868 -26.1121817  -33.10374758 -30.01994693 -33.53962222]
scheduled_ues:  [ 0  1  2  3  4  5  6  7  8  9 10 11 12 13 14]
(1, 15, 1, 4, 1, 1)
caused INR: -27.255437044152178
TpsAltruisticFromLsfGain + IndividualEstimated_INR + -15.0
None
ls_gain_coeffs:
[-143.07092044 -132.2295843  -142.71101171 -144.34122109 -139.20947499
 -134.77161602 -146.58055721 -145.28394199 -136.8163574  -149.96787825
 -144.79904872 -137.10188174 -144.09344763 -141.00964697 -144.52932227]
inrs_hat:  [-32.0812204  -21.23988426 -31.72131166 -33.35152105 -28.21977495
 -23.78191598 -35.59085717 -34.29424195 -25.82665736 -38.9781782
 -33.80934868 -26.1121817  -33.10374758 -30.01994693 -33.53962222]
scheduled_ues:  [ 0  1  2  3  4  5  6  7  8  9 10 11 12 13 14]
(1, 15, 1, 4, 1, 1)
caused INR: -27.255437044152178
TpsAltruisticFromLsfGain + CumulativeIndividualEstimated_INR + -10.0
None
(1, 15, 1, 4, 1, 1)
caused INR: -27.255437044152178
TpsAltruisticFromLsfGain + CumulativeIndividualEstimated_INR + -12.5
None
(1, 15, 1, 4, 1, 1)
caused INR: -27.255437044152178
TpsAltruisticFromLsfGain + CumulativeIndividualEstimated_INR + -15.0
None
(1, 15, 1, 4, 1, 1)
caused INR: -27.255437044152178
TpsRandomic + IndividualEstimated_INR + -10.0
None
ls_gain_coeffs:
[-129.86605792 -124.07753371 -128.45186333 -127.88999229 -126.48071555
 -128.93253139 -133.05529207 -145.28394199 -136.8163574  -135.6162824
 -131.30386434 -119.96296729 -144.09344763 -141.00964697 -133.12120509]
inrs_hat:  [-18.87635788 -13.08783366 -17.46216329 -16.90029225 -15.49101551
 -17.94283135 -22.06559202 -34.29424195 -25.82665736 -24.62658236
 -20.31416429  -8.97326725 -33.10374758 -30.01994693 -22.13150504]
scheduled_ues:  [ 0  1  2  3  4  5  6  7  8  9 10 12 13 14]
(1, 15, 1, 4, 1, 1)
caused INR: -12.298109677468233
TpsRandomic + IndividualEstimated_INR + -12.5
None
ls_gain_coeffs:
[-135.17426728 -132.2295843  -139.98468914 -130.55940427 -126.48071555
 -128.93253139 -130.16228496 -138.20028232 -131.39764172 -135.6162824
 -131.30386434 -125.01711134 -139.81060157 -131.98596148 -134.50007418]
inrs_hat:  [-24.18456723 -21.23988426 -28.9949891  -19.56970423 -15.49101551
 -17.94283135 -19.17258492 -27.21058227 -20.40794168 -24.62658236
 -20.31416429 -14.02741129 -28.82090153 -20.99626143 -23.51037414]
scheduled_ues:  [ 0  1  2  3  4  5  6  7  8  9 10 11 12 13 14]
(1, 15, 1, 4, 1, 1)
caused INR: -10.382881948528533
TpsRandomic + IndividualEstimated_INR + -15.0
None
ls_gain_coeffs:
[-129.86605792 -115.01614318 -129.36063752 -144.34122109 -138.34799667
 -118.62459998 -130.16228496 -138.20028232 -122.59864576 -147.10288448
 -144.79904872 -125.01711134 -139.81060157 -141.00964697 -133.12120509]
inrs_hat:  [-18.87635788  -4.02644314 -18.37093747 -33.35152105 -27.35829663
  -7.63489994 -19.17258492 -27.21058227 -11.60894571 -36.11318444
 -33.80934868 -14.02741129 -28.82090153 -30.01994693 -22.13150504]
scheduled_ues:  [ 0  2  3  4  6  7  9 10 12 13 14]
(1, 15, 1, 4, 1, 1)
caused INR: -24.070371871111522
TpsRandomic + CumulativeIndividualEstimated_INR + -10.0
None
(1, 15, 1, 4, 1, 1)
caused INR: -8.315427097761013
TpsRandomic + CumulativeIndividualEstimated_INR + -12.5
None
(1, 15, 1, 4, 1, 1)
caused INR: -20.52382785610846
TpsRandomic + CumulativeIndividualEstimated_INR + -15.0
None
(1, 15, 1, 4, 1, 1)
caused INR: -16.004786407513272
Iteration number 46
TpsAltruisticFromLsfGain + IndividualEstimated_INR + -10.0
None
ls_gain_coeffs:
[-148.05044996 -150.5189479  -148.49548753 -141.6121857  -136.48252557
 -145.26442442 -139.36604234 -129.41527221 -141.46327681 -146.37820865
 -143.10331157 -138.32184026 -146.58436112 -121.745852   -140.15301856]
inrs_hat:  [-37.06074992 -39.52924785 -37.50578749 -30.62248566 -25.49282553
 -34.27472437 -28.3763423  -18.42557217 -30.47357677 -35.38850861
 -32.11361153 -27.33214022 -35.59466108 -10.75615195 -29.16331851]
scheduled_ues:  [ 0  1  2  3  4  5  6  7  8  9 10 11 12 13 14]
(1, 15, 1, 4, 1, 1)
caused INR: -8.003236427770988
TpsAltruisticFromLsfGain + IndividualEstimated_INR + -12.5
None
ls_gain_coeffs:
[-148.05044996 -150.5189479  -148.49548753 -141.6121857  -136.48252557
 -145.26442442 -139.36604234 -129.41527221 -141.46327681 -146.37820865
 -143.10331157 -138.32184026 -146.58436112 -121.745852   -140.15301856]
inrs_hat:  [-37.06074992 -39.52924785 -37.50578749 -30.62248566 -25.49282553
 -34.27472437 -28.3763423  -18.42557217 -30.47357677 -35.38850861
 -32.11361153 -27.33214022 -35.59466108 -10.75615195 -29.16331851]
scheduled_ues:  [ 0  1  2  3  4  5  6  7  8  9 10 11 12 14]
(1, 15, 1, 4, 1, 1)
caused INR: -12.513916538920622
TpsAltruisticFromLsfGain + IndividualEstimated_INR + -15.0
None
ls_gain_coeffs:
[-148.05044996 -150.5189479  -148.49548753 -141.6121857  -136.48252557
 -145.26442442 -139.36604234 -129.41527221 -141.46327681 -146.37820865
 -143.10331157 -138.32184026 -146.58436112 -121.745852   -140.15301856]
inrs_hat:  [-37.06074992 -39.52924785 -37.50578749 -30.62248566 -25.49282553
 -34.27472437 -28.3763423  -18.42557217 -30.47357677 -35.38850861
 -32.11361153 -27.33214022 -35.59466108 -10.75615195 -29.16331851]
scheduled_ues:  [ 0  1  2  3  4  5  6  7  8  9 10 11 12 14]
(1, 15, 1, 4, 1, 1)
caused INR: -12.513916538920622
TpsAltruisticFromLsfGain + CumulativeIndividualEstimated_INR + -10.0
None
(1, 15, 1, 4, 1, 1)
caused INR: -12.513916538920622
TpsAltruisticFromLsfGain + CumulativeIndividualEstimated_INR + -12.5
None
(1, 15, 1, 4, 1, 1)
caused INR: -12.513916538920622
TpsAltruisticFromLsfGain + CumulativeIndividualEstimated_INR + -15.0
None
(1, 15, 1, 4, 1, 1)
caused INR: -12.513916538920622
TpsRandomic + IndividualEstimated_INR + -10.0
None
ls_gain_coeffs:
[-141.92750265 -150.5189479  -134.32688645 -128.14469104 -123.01029407
 -145.26442442 -136.79200595 -115.55157015 -127.34464396 -129.50115596
 -143.10331157 -123.986644   -134.00429987 -104.36746937 -127.03300582]
inrs_hat:  [-30.9378026  -39.52924785 -23.33718641 -17.154991   -12.02059402
 -34.27472437 -25.8023059   -4.56187011 -16.35494392 -18.51145592
 -32.11361153 -12.99694396 -23.01459982   6.62223067 -16.04330578]
scheduled_ues:  [ 0  1  2  3  4  5  6  8  9 10 11 12 14]
(1, 15, 1, 4, 1, 1)
caused INR: -12.147351376570061
TpsRandomic + IndividualEstimated_INR + -12.5
None
ls_gain_coeffs:
[-141.92750265 -136.54387936 -148.49548753 -134.44938845 -133.39063106
 -145.26442442 -139.36604234 -115.55157015 -135.20182976 -146.37820865
 -132.32001104 -132.64105149 -146.58436112 -121.745852   -131.8606402 ]
inrs_hat:  [-30.9378026  -25.55417932 -37.50578749 -23.45968841 -22.40093101
 -34.27472437 -28.3763423   -4.56187011 -24.21212972 -35.38850861
 -21.33031099 -21.65135144 -35.59466108 -10.75615195 -20.87094016]
scheduled_ues:  [ 0  1  2  3  4  5  6  8  9 10 11 12 14]
(1, 15, 1, 4, 1, 1)
caused INR: -16.081309551708706
TpsRandomic + IndividualEstimated_INR + -15.0
None
ls_gain_coeffs:
[-148.05044996 -136.54387936 -148.49548753 -141.6121857  -133.39063106
 -128.54546175 -139.36604234 -129.41527221 -141.46327681 -135.50719072
 -143.10331157 -123.986644   -146.58436112 -107.55699094 -140.15301856]
inrs_hat:  [-37.06074992 -25.55417932 -37.50578749 -30.62248566 -22.40093101
 -17.55576171 -28.3763423  -18.42557217 -30.47357677 -24.51749068
 -32.11361153 -12.99694396 -35.59466108   3.43270911 -29.16331851]
scheduled_ues:  [ 0  1  2  3  4  5  6  7  8  9 10 12 14]
(1, 15, 1, 4, 1, 1)
caused INR: -15.667037231919945
TpsRandomic + CumulativeIndividualEstimated_INR + -10.0
None
(1, 15, 1, 4, 1, 1)
caused INR: -10.962888992995891
TpsRandomic + CumulativeIndividualEstimated_INR + -12.5
None
(1, 15, 1, 4, 1, 1)
caused INR: -16.455646354829817
TpsRandomic + CumulativeIndividualEstimated_INR + -15.0
None
(1, 15, 1, 4, 1, 1)
caused INR: -17.409724661092923
Iteration number 47
TpsAltruisticFromLsfGain + IndividualEstimated_INR + -10.0
None
ls_gain_coeffs:
[-132.61962473 -137.37966405 -136.17654365 -143.13483268 -133.49410338
 -146.76578226 -137.29286712 -131.00607888 -145.39478026 -144.62267263
 -126.48139502 -128.13762614 -151.84923535 -151.1873853  -130.4077492 ]
inrs_hat:  [-21.62992469 -26.389964   -25.18684361 -32.14513264 -22.50440333
 -35.77608221 -26.30316707 -20.01637883 -34.40508021 -33.63297258
 -15.49169498 -17.14792609 -40.8595353  -40.19768526 -19.41804916]
scheduled_ues:  [ 0  1  2  3  4  5  6  7  8  9 10 11 12 13 14]
(1, 15, 1, 4, 1, 1)
caused INR: -13.697322560865024
TpsAltruisticFromLsfGain + IndividualEstimated_INR + -12.5
None
ls_gain_coeffs:
[-132.61962473 -137.37966405 -136.17654365 -143.13483268 -133.49410338
 -146.76578226 -137.29286712 -131.00607888 -145.39478026 -144.62267263
 -126.48139502 -128.13762614 -151.84923535 -151.1873853  -130.4077492 ]
inrs_hat:  [-21.62992469 -26.389964   -25.18684361 -32.14513264 -22.50440333
 -35.77608221 -26.30316707 -20.01637883 -34.40508021 -33.63297258
 -15.49169498 -17.14792609 -40.8595353  -40.19768526 -19.41804916]
scheduled_ues:  [ 0  1  2  3  4  5  6  7  8  9 10 11 12 13 14]
(1, 15, 1, 4, 1, 1)
caused INR: -13.697322560865024
TpsAltruisticFromLsfGain + IndividualEstimated_INR + -15.0
None
ls_gain_coeffs:
[-132.61962473 -137.37966405 -136.17654365 -143.13483268 -133.49410338
 -146.76578226 -137.29286712 -131.00607888 -145.39478026 -144.62267263
 -126.48139502 -128.13762614 -151.84923535 -151.1873853  -130.4077492 ]
inrs_hat:  [-21.62992469 -26.389964   -25.18684361 -32.14513264 -22.50440333
 -35.77608221 -26.30316707 -20.01637883 -34.40508021 -33.63297258
 -15.49169498 -17.14792609 -40.8595353  -40.19768526 -19.41804916]
scheduled_ues:  [ 0  1  2  3  4  5  6  7  8  9 10 11 12 13 14]
(1, 15, 1, 4, 1, 1)
caused INR: -13.697322560865024
TpsAltruisticFromLsfGain + CumulativeIndividualEstimated_INR + -10.0
None
(1, 15, 1, 4, 1, 1)
caused INR: -13.697322560865024
TpsAltruisticFromLsfGain + CumulativeIndividualEstimated_INR + -12.5
None
(1, 15, 1, 4, 1, 1)
caused INR: -22.463719655029657
TpsAltruisticFromLsfGain + CumulativeIndividualEstimated_INR + -15.0
None
(1, 15, 1, 4, 1, 1)
caused INR: -20.217093943775755
TpsRandomic + IndividualEstimated_INR + -10.0
None
ls_gain_coeffs:
[-122.33833408 -124.69622596 -122.64917668 -143.13483268 -133.49410338
 -146.76578226 -123.98634512 -122.74239791 -145.39478026 -144.62267263
 -113.44599971 -128.13762614 -135.3378648  -134.42369858 -124.17122878]
inrs_hat:  [-11.34863404 -13.70652592 -11.65947664 -32.14513264 -22.50440333
 -35.77608221 -12.99664507 -11.75269787 -34.40508021 -33.63297258
  -2.45629967 -17.14792609 -24.34816476 -23.43399854 -13.18152874]
scheduled_ues:  [ 0  1  2  3  4  5  6  7  8  9 11 12 13 14]
(1, 15, 1, 4, 1, 1)
caused INR: -4.670439029348891
TpsRandomic + IndividualEstimated_INR + -12.5
None
ls_gain_coeffs:
[-115.7971513  -124.69622596 -134.54789319 -135.72967681 -120.60793655
 -146.76578226 -137.29286712 -131.00607888 -128.69881442 -131.13811948
 -113.74289737 -121.00588473 -138.96078379 -141.88403412 -115.88730906]
inrs_hat:  [ -4.80745126 -13.70652592 -23.55819315 -24.73997677  -9.6182365
 -35.77608221 -26.30316707 -20.01637883 -17.70911438 -20.14841944
  -2.75319732 -10.01618469 -27.97108375 -30.89433408  -4.89760902]
scheduled_ues:  [ 1  2  3  5  6  7  8  9 12 13]
(1, 15, 1, 4, 1, 1)
caused INR: -19.220492814977444
TpsRandomic + IndividualEstimated_INR + -15.0
None
ls_gain_coeffs:
[-132.61962473 -124.69622596 -123.19206016 -143.13483268 -133.49410338
 -132.93613009 -129.24490456 -122.74239791 -128.69881442 -144.62267263
 -126.48139502 -128.13762614 -144.15654581 -134.42369858 -115.88730906]
inrs_hat:  [-21.62992469 -13.70652592 -12.20236012 -32.14513264 -22.50440333
 -21.94643005 -18.25520452 -11.75269787 -17.70911438 -33.63297258
 -15.49169498 -17.14792609 -33.16684576 -23.43399854  -4.89760902]
scheduled_ues:  [ 0  3  4  5  6  8  9 10 11 12 13]
(1, 15, 1, 4, 1, 1)
caused INR: -6.303151802413328
TpsRandomic + CumulativeIndividualEstimated_INR + -10.0
None
(1, 15, 1, 4, 1, 1)
caused INR: -15.886195213135636
TpsRandomic + CumulativeIndividualEstimated_INR + -12.5
None
(1, 15, 1, 4, 1, 1)
caused INR: -24.438487348277146
TpsRandomic + CumulativeIndividualEstimated_INR + -15.0
None
(1, 15, 1, 4, 1, 1)
caused INR: -22.017009584199087
Iteration number 48
TpsAltruisticFromLsfGain + IndividualEstimated_INR + -10.0
None
ls_gain_coeffs:
[-136.67217963 -139.86486464 -142.28784118 -134.90815056 -144.25185073
 -149.23057803 -127.59317685 -141.75541038 -146.53379038 -136.52393784
 -137.09119242 -133.03334338 -121.77626609 -122.42642375 -136.28919079]
inrs_hat:  [-25.68247959 -28.8751646  -31.29814113 -23.91845052 -33.26215068
 -38.24087798 -16.60347681 -30.76571034 -35.54409033 -25.5342378
 -26.10149238 -22.04364333 -10.78656605 -11.4367237  -25.29949074]
scheduled_ues:  [ 0  1  2  3  4  5  6  7  8  9 10 11 12 13 14]
(1, 15, 1, 4, 1, 1)
caused INR: -3.3296070801465016
TpsAltruisticFromLsfGain + IndividualEstimated_INR + -12.5
None
ls_gain_coeffs:
[-136.67217963 -139.86486464 -142.28784118 -134.90815056 -144.25185073
 -149.23057803 -127.59317685 -141.75541038 -146.53379038 -136.52393784
 -137.09119242 -133.03334338 -121.77626609 -122.42642375 -136.28919079]
inrs_hat:  [-25.68247959 -28.8751646  -31.29814113 -23.91845052 -33.26215068
 -38.24087798 -16.60347681 -30.76571034 -35.54409033 -25.5342378
 -26.10149238 -22.04364333 -10.78656605 -11.4367237  -25.29949074]
scheduled_ues:  [ 0  1  2  3  4  5  6  7  8  9 10 11 14]
(1, 15, 1, 4, 1, 1)
caused INR: -15.970164098191574
TpsAltruisticFromLsfGain + IndividualEstimated_INR + -15.0
None
ls_gain_coeffs:
[-136.67217963 -139.86486464 -142.28784118 -134.90815056 -144.25185073
 -149.23057803 -127.59317685 -141.75541038 -146.53379038 -136.52393784
 -137.09119242 -133.03334338 -121.77626609 -122.42642375 -136.28919079]
inrs_hat:  [-25.68247959 -28.8751646  -31.29814113 -23.91845052 -33.26215068
 -38.24087798 -16.60347681 -30.76571034 -35.54409033 -25.5342378
 -26.10149238 -22.04364333 -10.78656605 -11.4367237  -25.29949074]
scheduled_ues:  [ 0  1  2  3  4  5  6  7  8  9 10 11 14]
(1, 15, 1, 4, 1, 1)
caused INR: -15.970164098191574
TpsAltruisticFromLsfGain + CumulativeIndividualEstimated_INR + -10.0
None
(1, 15, 1, 4, 1, 1)
caused INR: -15.970164098191574
TpsAltruisticFromLsfGain + CumulativeIndividualEstimated_INR + -12.5
None
(1, 15, 1, 4, 1, 1)
caused INR: -15.970164098191574
TpsAltruisticFromLsfGain + CumulativeIndividualEstimated_INR + -15.0
None
(1, 15, 1, 4, 1, 1)
caused INR: -18.466341908566356
TpsRandomic + IndividualEstimated_INR + -10.0
None
ls_gain_coeffs:
[-124.7166883  -131.52658567 -128.30064863 -134.90815056 -130.21224157
 -132.47023687 -116.03315571 -141.75541038 -134.01277061 -123.57588347
 -122.80118248 -122.77654494 -108.89431073 -104.9418319  -119.86059295]
inrs_hat:  [-13.72698826 -20.53688562 -17.31094858 -23.91845052 -19.22254153
 -21.48053683  -5.04345567 -30.76571034 -23.02307057 -12.58618342
 -11.81148244 -11.7868449    2.09538931   6.04786814  -8.87089291]
scheduled_ues:  [ 0  1  2  3  4  5  7  8  9 10 11]
(1, 15, 1, 4, 1, 1)
caused INR: -0.6320355708893605
TpsRandomic + IndividualEstimated_INR + -12.5
None
ls_gain_coeffs:
[-120.02142561 -127.37336812 -128.30064863 -125.0091362  -144.25185073
 -139.90978494 -116.03315571 -127.7925278  -146.29553109 -123.82911066
 -137.09119242 -120.05888113 -121.77626609 -104.9418319  -136.28919079]
inrs_hat:  [ -9.03172557 -16.38366807 -17.31094858 -14.01943615 -33.26215068
 -28.92008489  -5.04345567 -16.80282775 -35.30583104 -12.83941061
 -26.10149238  -9.06918109 -10.78656605   6.04786814 -25.29949074]
scheduled_ues:  [ 1  2  3  4  5  7  8  9 10 14]
(1, 15, 1, 4, 1, 1)
caused INR: -9.916227866461426
TpsRandomic + IndividualEstimated_INR + -15.0
None
ls_gain_coeffs:
[-127.76776292 -131.52658567 -142.28784118 -117.71721511 -138.1729299
 -132.47023687 -117.70425186 -125.29664024 -146.29553109 -123.57588347
 -137.09119242 -115.19691304 -103.84745574 -122.42642375 -119.86059295]
inrs_hat:  [-16.77806288 -20.53688562 -31.29814113  -6.72751507 -27.18322986
 -21.48053683  -6.71455182 -14.3069402  -35.30583104 -12.58618342
 -26.10149238  -4.20721299   7.1422443  -11.4367237   -8.87089291]
scheduled_ues:  [ 0  1  2  4  5  8 10]
(1, 15, 1, 4, 1, 1)
caused INR: -12.078782292495072
TpsRandomic + CumulativeIndividualEstimated_INR + -10.0
None
(1, 15, 1, 4, 1, 1)
caused INR: -22.465768133833954
TpsRandomic + CumulativeIndividualEstimated_INR + -12.5
None
(1, 15, 1, 4, 1, 1)
caused INR: -20.770615411106643
TpsRandomic + CumulativeIndividualEstimated_INR + -15.0
None
(1, 15, 1, 4, 1, 1)
caused INR: -24.203981646289154
Iteration number 49
TpsAltruisticFromLsfGain + IndividualEstimated_INR + -10.0
None
ls_gain_coeffs:
[-146.42838809 -150.44198774 -146.00291501 -147.22296615 -133.13164825
 -124.67667061 -144.44567325 -145.20132957 -133.0306415  -150.5754583
 -150.10104228 -146.38732367 -114.14887537 -142.4516874  -134.43241749]
inrs_hat:  [-35.43868805 -39.4522877  -35.01321497 -36.23326611 -22.14194821
 -13.68697056 -33.4559732  -34.21162953 -22.04094146 -39.58575826
 -39.11134224 -35.39762363  -3.15917532 -31.46198735 -23.44271745]
scheduled_ues:  [ 0  1  2  3  4  5  6  7  8  9 10 11 13 14]
(1, 15, 1, 4, 1, 1)
caused INR: -27.916599512839685
TpsAltruisticFromLsfGain + IndividualEstimated_INR + -12.5
None
ls_gain_coeffs:
[-146.42838809 -150.44198774 -146.00291501 -147.22296615 -133.13164825
 -124.67667061 -144.44567325 -145.20132957 -133.0306415  -150.5754583
 -150.10104228 -146.38732367 -114.14887537 -142.4516874  -134.43241749]
inrs_hat:  [-35.43868805 -39.4522877  -35.01321497 -36.23326611 -22.14194821
 -13.68697056 -33.4559732  -34.21162953 -22.04094146 -39.58575826
 -39.11134224 -35.39762363  -3.15917532 -31.46198735 -23.44271745]
scheduled_ues:  [ 0  1  2  3  4  5  6  7  8  9 10 11 13 14]
(1, 15, 1, 4, 1, 1)
caused INR: -27.916599512839685
TpsAltruisticFromLsfGain + IndividualEstimated_INR + -15.0
None
ls_gain_coeffs:
[-146.42838809 -150.44198774 -146.00291501 -147.22296615 -133.13164825
 -124.67667061 -144.44567325 -145.20132957 -133.0306415  -150.5754583
 -150.10104228 -146.38732367 -114.14887537 -142.4516874  -134.43241749]
inrs_hat:  [-35.43868805 -39.4522877  -35.01321497 -36.23326611 -22.14194821
 -13.68697056 -33.4559732  -34.21162953 -22.04094146 -39.58575826
 -39.11134224 -35.39762363  -3.15917532 -31.46198735 -23.44271745]
scheduled_ues:  [ 0  1  2  3  4  6  7  8  9 10 11 13 14]
(1, 15, 1, 4, 1, 1)
caused INR: -42.446952321354196
TpsAltruisticFromLsfGain + CumulativeIndividualEstimated_INR + -10.0
None
(1, 15, 1, 4, 1, 1)
caused INR: -27.916599512839685
TpsAltruisticFromLsfGain + CumulativeIndividualEstimated_INR + -12.5
None
(1, 15, 1, 4, 1, 1)
caused INR: -42.446952321354196
TpsAltruisticFromLsfGain + CumulativeIndividualEstimated_INR + -15.0
None
(1, 15, 1, 4, 1, 1)
caused INR: -42.446952321354196
TpsRandomic + IndividualEstimated_INR + -10.0
None
ls_gain_coeffs:
[-129.86508594 -137.05679083 -139.08384059 -147.22296615 -115.65725504
 -114.04677416 -144.44567325 -134.13247076 -122.34078201 -145.30387628
 -141.40507583 -132.48518806  -95.4922156  -125.8163729  -124.49035187]
inrs_hat:  [-18.87538589 -26.06709079 -28.09414055 -36.23326611  -4.66755499
  -3.05707412 -33.4559732  -23.14277071 -11.35108197 -34.31417624
 -30.41537579 -21.49548801  15.49748444 -14.82667286 -13.50065183]
scheduled_ues:  [ 0  1  2  3  6  7  8  9 10 11 13 14]
(1, 15, 1, 4, 1, 1)
caused INR: -9.098376700387048
TpsRandomic + IndividualEstimated_INR + -12.5
None
ls_gain_coeffs:
[-133.12044314 -134.25180934 -139.08384059 -147.22296615 -133.13164825
 -124.67667061 -135.14745101 -128.35132296 -122.52967352 -150.5754583
 -133.45545898 -130.18771739  -95.4922156  -142.4516874  -124.49035187]
inrs_hat:  [-22.13074309 -23.2621093  -28.09414055 -36.23326611 -22.14194821
 -13.68697056 -24.15775096 -17.36162292 -11.53997347 -39.58575826
 -22.46575893 -19.19801735  15.49748444 -31.46198735 -13.50065183]
scheduled_ues:  [ 0  1  2  3  4  5  6  7  9 10 11 13 14]
(1, 15, 1, 4, 1, 1)
caused INR: -7.535657685865857
TpsRandomic + IndividualEstimated_INR + -15.0
None
ls_gain_coeffs:
[-139.05132873 -143.88842785 -139.08384059 -130.36679162 -120.20716814
 -110.81502912 -144.44567325 -145.20132957 -122.34078201 -134.6623612
 -137.94744213 -140.33184673 -102.57403616 -142.4516874  -123.1470707 ]
inrs_hat:  [-28.06162869 -32.89872781 -28.09414055 -19.37709157  -9.2174681
   0.17467092 -33.4559732  -34.21162953 -11.35108197 -23.67266115
 -26.95774208 -29.34214668   8.41566388 -31.46198735 -12.15737066]
scheduled_ues:  [ 0  1  2  3  6  7  9 10 11 13]
(1, 15, 1, 4, 1, 1)
caused INR: -18.18985052551166
TpsRandomic + CumulativeIndividualEstimated_INR + -10.0
None
(1, 15, 1, 4, 1, 1)
caused INR: -12.317093398300996
TpsRandomic + CumulativeIndividualEstimated_INR + -12.5
None
(1, 15, 1, 4, 1, 1)
caused INR: -14.428383536794442
TpsRandomic + CumulativeIndividualEstimated_INR + -15.0
None
(1, 15, 1, 4, 1, 1)
caused INR: -27.600196437488304
Iteration number 50
TpsAltruisticFromLsfGain + IndividualEstimated_INR + -10.0
None
ls_gain_coeffs:
[-141.95516524 -127.82771271 -124.48586119 -128.35627404 -151.32002132
 -136.56111724 -136.61235643 -123.96666594 -121.62758916 -130.00212226
 -137.35723205 -132.12974608 -146.36139631 -120.6062454  -138.51191491]
inrs_hat:  [-30.9654652  -16.83801267 -13.49616115 -17.366574   -40.33032127
 -25.5714172  -25.62265639 -12.9769659  -10.63788912 -19.01242222
 -26.36753201 -21.14004603 -35.37169627  -9.61654536 -27.52221486]
scheduled_ues:  [ 0  1  2  3  4  5  6  7  8  9 10 11 12 14]
(1, 15, 1, 4, 1, 1)
caused INR: -11.209081609769846
TpsAltruisticFromLsfGain + IndividualEstimated_INR + -12.5
None
ls_gain_coeffs:
[-141.95516524 -127.82771271 -124.48586119 -128.35627404 -151.32002132
 -136.56111724 -136.61235643 -123.96666594 -121.62758916 -130.00212226
 -137.35723205 -132.12974608 -146.36139631 -120.6062454  -138.51191491]
inrs_hat:  [-30.9654652  -16.83801267 -13.49616115 -17.366574   -40.33032127
 -25.5714172  -25.62265639 -12.9769659  -10.63788912 -19.01242222
 -26.36753201 -21.14004603 -35.37169627  -9.61654536 -27.52221486]
scheduled_ues:  [ 0  1  2  3  4  5  6  7  9 10 11 12 14]
(1, 15, 1, 4, 1, 1)
caused INR: -12.633218331484642
TpsAltruisticFromLsfGain + IndividualEstimated_INR + -15.0
None
ls_gain_coeffs:
[-141.95516524 -127.82771271 -124.48586119 -128.35627404 -151.32002132
 -136.56111724 -136.61235643 -123.96666594 -121.62758916 -130.00212226
 -137.35723205 -132.12974608 -146.36139631 -120.6062454  -138.51191491]
inrs_hat:  [-30.9654652  -16.83801267 -13.49616115 -17.366574   -40.33032127
 -25.5714172  -25.62265639 -12.9769659  -10.63788912 -19.01242222
 -26.36753201 -21.14004603 -35.37169627  -9.61654536 -27.52221486]
scheduled_ues:  [ 0  1  3  4  5  6  9 10 11 12 14]
(1, 15, 1, 4, 1, 1)
caused INR: -11.609080647825184
TpsAltruisticFromLsfGain + CumulativeIndividualEstimated_INR + -10.0
None
(1, 15, 1, 4, 1, 1)
caused INR: -11.609080647825184
TpsAltruisticFromLsfGain + CumulativeIndividualEstimated_INR + -12.5
None
(1, 15, 1, 4, 1, 1)
caused INR: -15.058212965317248
TpsAltruisticFromLsfGain + CumulativeIndividualEstimated_INR + -15.0
None
(1, 15, 1, 4, 1, 1)
caused INR: -12.004370797185182
TpsRandomic + IndividualEstimated_INR + -10.0
None
ls_gain_coeffs:
[-125.14846493 -127.82771271 -124.48586119 -110.82594709 -138.96633213
 -119.98698958 -125.51468903 -118.63855633 -109.06062157 -117.4971355
 -124.31776246 -119.04095168 -139.2770329  -107.04583984 -121.63616901]
inrs_hat:  [-14.15876489 -16.83801267 -13.49616115   0.16375295 -27.97663209
  -8.99728954 -14.52498899  -7.64885629   1.92907847  -6.50743545
 -13.32806241  -8.05125164 -28.28733286   3.9438602  -10.64646897]
scheduled_ues:  [ 0  1  2  4  6 10 12 14]
(1, 15, 1, 4, 1, 1)
caused INR: -5.627400354147567
TpsRandomic + IndividualEstimated_INR + -12.5
None
ls_gain_coeffs:
[-141.95516524 -127.82771271 -114.97434967 -113.49414091 -151.32002132
 -128.73720769 -125.51468903 -109.74902941 -104.14536469 -117.4971355
 -137.35723205 -119.04095168 -133.01265454 -103.28970437 -121.63616901]
inrs_hat:  [-30.9654652  -16.83801267  -3.98464963  -2.50444086 -40.33032127
 -17.74750765 -14.52498899   1.24067064   6.84433535  -6.50743545
 -26.36753201  -8.05125164 -22.0229545    7.69999567 -10.64646897]
scheduled_ues:  [ 0  1  4  5  6 10 12]
(1, 15, 1, 4, 1, 1)
caused INR: -7.038155951621363
TpsRandomic + IndividualEstimated_INR + -15.0
None
ls_gain_coeffs:
[-131.26629174 -112.64684163 -107.38084002 -128.35627404 -151.32002132
 -136.56111724 -119.53701154 -109.74902941 -111.67170781 -130.00212226
 -124.31776246 -130.1881629  -129.92404372 -107.04583984 -126.71889133]
inrs_hat:  [-20.27659169  -1.65714159   3.60886002 -17.366574   -40.33032127
 -25.5714172   -8.5473115    1.24067064  -0.68200776 -19.01242222
 -13.32806241 -19.19846285 -18.93434368   3.9438602  -15.72919129]
scheduled_ues:  [ 0  3  4  5  9 11 12 14]
(1, 15, 1, 4, 1, 1)
caused INR: -13.439734604053584
TpsRandomic + CumulativeIndividualEstimated_INR + -10.0
None
(1, 15, 1, 4, 1, 1)
caused INR: -9.542022571654469
TpsRandomic + CumulativeIndividualEstimated_INR + -12.5
None
(1, 15, 1, 4, 1, 1)
caused INR: -12.345059673575093
TpsRandomic + CumulativeIndividualEstimated_INR + -15.0
None
(1, 15, 1, 4, 1, 1)
caused INR: -33.19828863724914
Iteration number 51
TpsAltruisticFromLsfGain + IndividualEstimated_INR + -10.0
None
ls_gain_coeffs:
[-128.5248509  -135.00636055 -128.97186178 -134.56818021 -134.56412324
 -150.34916315 -151.40977346 -149.96666136 -146.29199409 -142.17536876
 -138.14890744 -143.75702895 -140.6920398  -149.9614241  -149.71898091]
inrs_hat:  [-17.53515085 -24.0166605  -17.98216173 -23.57848017 -23.57442319
 -39.35946311 -40.42007341 -38.97696132 -35.30229405 -31.18566872
 -27.15920739 -32.76732891 -29.70233976 -38.97172406 -38.72928087]
scheduled_ues:  [ 0  1  2  3  4  5  6  7  8  9 10 11 12 13 14]
(1, 15, 1, 4, 1, 1)
caused INR: -12.724745026251657
TpsAltruisticFromLsfGain + IndividualEstimated_INR + -12.5
None
ls_gain_coeffs:
[-128.5248509  -135.00636055 -128.97186178 -134.56818021 -134.56412324
 -150.34916315 -151.40977346 -149.96666136 -146.29199409 -142.17536876
 -138.14890744 -143.75702895 -140.6920398  -149.9614241  -149.71898091]
inrs_hat:  [-17.53515085 -24.0166605  -17.98216173 -23.57848017 -23.57442319
 -39.35946311 -40.42007341 -38.97696132 -35.30229405 -31.18566872
 -27.15920739 -32.76732891 -29.70233976 -38.97172406 -38.72928087]
scheduled_ues:  [ 0  1  2  3  4  5  6  7  8  9 10 11 12 13 14]
(1, 15, 1, 4, 1, 1)
caused INR: -12.724745026251657
TpsAltruisticFromLsfGain + IndividualEstimated_INR + -15.0
None
ls_gain_coeffs:
[-128.5248509  -135.00636055 -128.97186178 -134.56818021 -134.56412324
 -150.34916315 -151.40977346 -149.96666136 -146.29199409 -142.17536876
 -138.14890744 -143.75702895 -140.6920398  -149.9614241  -149.71898091]
inrs_hat:  [-17.53515085 -24.0166605  -17.98216173 -23.57848017 -23.57442319
 -39.35946311 -40.42007341 -38.97696132 -35.30229405 -31.18566872
 -27.15920739 -32.76732891 -29.70233976 -38.97172406 -38.72928087]
scheduled_ues:  [ 0  1  2  3  4  5  6  7  8  9 10 11 12 13 14]
(1, 15, 1, 4, 1, 1)
caused INR: -12.724745026251657
TpsAltruisticFromLsfGain + CumulativeIndividualEstimated_INR + -10.0
None
(1, 15, 1, 4, 1, 1)
caused INR: -12.724745026251657
TpsAltruisticFromLsfGain + CumulativeIndividualEstimated_INR + -12.5
None
(1, 15, 1, 4, 1, 1)
caused INR: -12.724745026251657
TpsAltruisticFromLsfGain + CumulativeIndividualEstimated_INR + -15.0
None
(1, 15, 1, 4, 1, 1)
caused INR: -17.954377540977156
TpsRandomic + IndividualEstimated_INR + -10.0
None
ls_gain_coeffs:
[-116.72018595 -127.66962731 -115.4621476  -120.64464784 -134.56412324
 -143.4120639  -141.84015302 -137.65295932 -129.96503578 -142.17536876
 -138.14890744 -126.80671905 -126.88649506 -133.60491707 -132.96146616]
inrs_hat:  [ -5.7304859  -16.67992727  -4.47244755  -9.6549478  -23.57442319
 -32.42236385 -30.85045298 -26.66325928 -18.97533574 -31.18566872
 -27.15920739 -15.817019   -15.89679502 -22.61521703 -21.97176612]
scheduled_ues:  [ 1  4  5  6  7  8  9 10 11 12 13 14]
(1, 15, 1, 4, 1, 1)
caused INR: -13.53011975456277
TpsRandomic + IndividualEstimated_INR + -12.5
None
ls_gain_coeffs:
[-116.72018595 -118.54953735 -128.97186178 -134.56818021 -134.56412324
 -150.34916315 -141.84015302 -137.65295932 -139.88627607 -142.17536876
 -136.39776719 -143.75702895 -140.6920398  -136.77099582 -138.04821937]
inrs_hat:  [ -5.7304859   -7.55983731 -17.98216173 -23.57848017 -23.57442319
 -39.35946311 -30.85045298 -26.66325928 -28.89657602 -31.18566872
 -25.40806715 -32.76732891 -29.70233976 -25.78129578 -27.05851933]
scheduled_ues:  [ 2  3  4  5  6  7  8  9 10 11 12 13 14]
(1, 15, 1, 4, 1, 1)
caused INR: -14.56655102643953
TpsRandomic + IndividualEstimated_INR + -15.0
None
ls_gain_coeffs:
[-111.59456779 -121.87104739 -121.73001185 -120.64464784 -117.69727245
 -143.4120639  -140.15650448 -133.36463178 -129.96503578 -125.29416666
 -136.39776719 -134.07643548 -140.6920398  -142.88043832 -140.31631296]
inrs_hat:  [ -0.60486775 -10.88134735 -10.7403118   -9.6549478   -6.70757241
 -32.42236385 -29.16680444 -22.37493174 -18.97533574 -14.30446662
 -25.40806715 -23.08673544 -29.70233976 -31.89073828 -29.32661291]
scheduled_ues:  [ 5  6  7  8 10 11 12 13 14]
(1, 15, 1, 4, 1, 1)
caused INR: -13.919593151470526
TpsRandomic + CumulativeIndividualEstimated_INR + -10.0
None
(1, 15, 1, 4, 1, 1)
caused INR: -6.869317120753092
TpsRandomic + CumulativeIndividualEstimated_INR + -12.5
None
(1, 15, 1, 4, 1, 1)
caused INR: -13.689413772827148
TpsRandomic + CumulativeIndividualEstimated_INR + -15.0
None
(1, 15, 1, 4, 1, 1)
caused INR: -24.88793140649531
Iteration number 52
TpsAltruisticFromLsfGain + IndividualEstimated_INR + -10.0
None
ls_gain_coeffs:
[-136.81039047 -138.52520885 -138.21238452 -141.74249224 -139.4848415
 -142.40101303 -131.45227178 -139.05525315 -146.26092104 -147.01352402
 -122.80478972 -114.07009533 -122.15294922 -141.04072016 -143.30849592]
inrs_hat:  [-25.82069043 -27.53550881 -27.22268448 -30.7527922  -28.49514146
 -31.41131299 -20.46257173 -28.06555311 -35.27122099 -36.02382398
 -11.81508968  -3.08039529 -11.16324917 -30.05102011 -32.31879588]
scheduled_ues:  [ 0  1  2  3  4  5  6  7  8  9 10 12 13 14]
(1, 15, 1, 4, 1, 1)
caused INR: -4.029589379695257
TpsAltruisticFromLsfGain + IndividualEstimated_INR + -12.5
None
ls_gain_coeffs:
[-136.81039047 -138.52520885 -138.21238452 -141.74249224 -139.4848415
 -142.40101303 -131.45227178 -139.05525315 -146.26092104 -147.01352402
 -122.80478972 -114.07009533 -122.15294922 -141.04072016 -143.30849592]
inrs_hat:  [-25.82069043 -27.53550881 -27.22268448 -30.7527922  -28.49514146
 -31.41131299 -20.46257173 -28.06555311 -35.27122099 -36.02382398
 -11.81508968  -3.08039529 -11.16324917 -30.05102011 -32.31879588]
scheduled_ues:  [ 0  1  2  3  4  5  6  7  8  9 13 14]
(1, 15, 1, 4, 1, 1)
caused INR: -14.00834690903805
TpsAltruisticFromLsfGain + IndividualEstimated_INR + -15.0
None
ls_gain_coeffs:
[-136.81039047 -138.52520885 -138.21238452 -141.74249224 -139.4848415
 -142.40101303 -131.45227178 -139.05525315 -146.26092104 -147.01352402
 -122.80478972 -114.07009533 -122.15294922 -141.04072016 -143.30849592]
inrs_hat:  [-25.82069043 -27.53550881 -27.22268448 -30.7527922  -28.49514146
 -31.41131299 -20.46257173 -28.06555311 -35.27122099 -36.02382398
 -11.81508968  -3.08039529 -11.16324917 -30.05102011 -32.31879588]
scheduled_ues:  [ 0  1  2  3  4  5  6  7  8  9 13 14]
(1, 15, 1, 4, 1, 1)
caused INR: -14.00834690903805
TpsAltruisticFromLsfGain + CumulativeIndividualEstimated_INR + -10.0
None
(1, 15, 1, 4, 1, 1)
caused INR: -12.066030996669712
TpsAltruisticFromLsfGain + CumulativeIndividualEstimated_INR + -12.5
None
(1, 15, 1, 4, 1, 1)
caused INR: -14.00834690903805
TpsAltruisticFromLsfGain + CumulativeIndividualEstimated_INR + -15.0
None
(1, 15, 1, 4, 1, 1)
caused INR: -14.00834690903805
TpsRandomic + IndividualEstimated_INR + -10.0
None
ls_gain_coeffs:
[-123.75873007 -125.42367029 -121.5607821  -129.76222867 -139.4848415
 -136.3878642  -119.38788728 -128.81919254 -146.26092104 -131.32605285
 -115.69171648 -100.25116938 -104.73109418 -141.04072016 -132.83381306]
inrs_hat:  [-12.76903002 -14.43397025 -10.57108206 -18.77252862 -28.49514146
 -25.39816415  -8.39818723 -17.82949249 -35.27122099 -20.33635281
  -4.70201644  10.73853066   6.25860586 -30.05102011 -21.84411301]
scheduled_ues:  [ 0  1  2  3  4  5  7  8  9 13 14]
(1, 15, 1, 4, 1, 1)
caused INR: -14.694691098766677
TpsRandomic + IndividualEstimated_INR + -12.5
None
ls_gain_coeffs:
[-123.75873007 -120.87507536 -126.49836294 -124.8485111  -133.6256569
 -126.02928021 -113.70039516 -128.81919254 -141.02799687 -131.32605285
 -106.0279862  -100.25116938 -122.15294922 -131.41697259 -143.30849592]
inrs_hat:  [-12.76903002  -9.88537532 -15.50866289 -13.85881105 -22.63595686
 -15.03958017  -2.71069512 -17.82949249 -30.03829682 -20.33635281
   4.96171385  10.73853066 -11.16324917 -20.42727254 -32.31879588]
scheduled_ues:  [ 0  2  3  4  5  7  8  9 13 14]
(1, 15, 1, 4, 1, 1)
caused INR: -4.497006984083127
TpsRandomic + IndividualEstimated_INR + -15.0
None
ls_gain_coeffs:
[-120.40552791 -128.76808043 -138.21238452 -141.74249224 -123.15223398
 -128.11229622 -119.38788728 -127.77721662 -130.33070492 -142.14471726
 -115.69171648 -114.07009533 -122.15294922 -124.06191305 -132.64167913]
inrs_hat:  [ -9.41582787 -17.77838039 -27.22268448 -30.7527922  -12.16253393
 -17.12259618  -8.39818723 -16.78751658 -19.34100488 -31.15501722
  -4.70201644  -3.08039529 -11.16324917 -13.07221301 -21.65197909]
scheduled_ues:  [ 1  2  3  5  7  8  9 14]
(1, 15, 1, 4, 1, 1)
caused INR: -17.67038838230961
TpsRandomic + CumulativeIndividualEstimated_INR + -10.0
None
(1, 15, 1, 4, 1, 1)
caused INR: -18.58657115835554
TpsRandomic + CumulativeIndividualEstimated_INR + -12.5
None
(1, 15, 1, 4, 1, 1)
caused INR: -18.55319510594942
TpsRandomic + CumulativeIndividualEstimated_INR + -15.0
None
(1, 15, 1, 4, 1, 1)
caused INR: -21.491682688456834
Iteration number 53
TpsAltruisticFromLsfGain + IndividualEstimated_INR + -10.0
None
ls_gain_coeffs:
[-143.49962122 -130.03209409 -147.3677632  -139.58681716 -125.3554603
 -141.0942387  -117.61706612 -147.25389529 -136.97626332 -129.12748563
 -144.06581951 -122.77879456 -142.06085383 -145.90846185 -113.24240415]
inrs_hat:  [-32.50992118 -19.04239405 -36.37806316 -28.59711711 -14.36576026
 -30.10453866  -6.62736608 -36.26419525 -25.98656327 -18.13778559
 -33.07611946 -11.78909451 -31.07115378 -34.91876181  -2.25270411]
scheduled_ues:  [ 0  1  2  3  4  5  7  8  9 10 11 12 13]
(1, 15, 1, 4, 1, 1)
caused INR: -15.738895404625692
TpsAltruisticFromLsfGain + IndividualEstimated_INR + -12.5
None
ls_gain_coeffs:
[-143.49962122 -130.03209409 -147.3677632  -139.58681716 -125.3554603
 -141.0942387  -117.61706612 -147.25389529 -136.97626332 -129.12748563
 -144.06581951 -122.77879456 -142.06085383 -145.90846185 -113.24240415]
inrs_hat:  [-32.50992118 -19.04239405 -36.37806316 -28.59711711 -14.36576026
 -30.10453866  -6.62736608 -36.26419525 -25.98656327 -18.13778559
 -33.07611946 -11.78909451 -31.07115378 -34.91876181  -2.25270411]
scheduled_ues:  [ 0  1  2  3  4  5  7  8  9 10 12 13]
(1, 15, 1, 4, 1, 1)
caused INR: -15.044548474101047
TpsAltruisticFromLsfGain + IndividualEstimated_INR + -15.0
None
ls_gain_coeffs:
[-143.49962122 -130.03209409 -147.3677632  -139.58681716 -125.3554603
 -141.0942387  -117.61706612 -147.25389529 -136.97626332 -129.12748563
 -144.06581951 -122.77879456 -142.06085383 -145.90846185 -113.24240415]
inrs_hat:  [-32.50992118 -19.04239405 -36.37806316 -28.59711711 -14.36576026
 -30.10453866  -6.62736608 -36.26419525 -25.98656327 -18.13778559
 -33.07611946 -11.78909451 -31.07115378 -34.91876181  -2.25270411]
scheduled_ues:  [ 0  1  2  3  5  7  8  9 10 12 13]
(1, 15, 1, 4, 1, 1)
caused INR: -19.616104315454642
TpsAltruisticFromLsfGain + CumulativeIndividualEstimated_INR + -10.0
None
(1, 15, 1, 4, 1, 1)
caused INR: -15.044548474101047
TpsAltruisticFromLsfGain + CumulativeIndividualEstimated_INR + -12.5
None
(1, 15, 1, 4, 1, 1)
caused INR: -19.616104315454642
TpsAltruisticFromLsfGain + CumulativeIndividualEstimated_INR + -15.0
None
(1, 15, 1, 4, 1, 1)
caused INR: -19.640781330760763
TpsRandomic + IndividualEstimated_INR + -10.0
None
ls_gain_coeffs:
[-127.76052596 -115.49491769 -138.3275482  -139.58681716 -112.52818853
 -141.0942387   -97.45927532 -135.58802844 -136.97626332 -117.00837432
 -130.21846208 -111.37514386 -124.92025756 -129.23533987 -113.24240415]
inrs_hat:  [-16.77082591  -4.50521765 -27.33784815 -28.59711711  -1.53848848
 -30.10453866  13.53042473 -24.5983284  -25.98656327  -6.01867427
 -19.22876203  -0.38544381 -13.93055752 -18.24563983  -2.25270411]
scheduled_ues:  [ 0  2  3  5  7  8 10 12 13]
(1, 15, 1, 4, 1, 1)
caused INR: -7.219556240977231
TpsRandomic + IndividualEstimated_INR + -12.5
None
ls_gain_coeffs:
[-138.55337833 -113.39934129 -147.3677632  -139.58681716 -124.19844497
 -124.10533285 -105.98932611 -130.53021153 -136.97626332 -117.56420665
 -144.06581951 -111.37514386 -142.06085383 -129.23533987  -99.71240079]
inrs_hat:  [-27.56367828  -2.40964124 -36.37806316 -28.59711711 -13.20874493
 -13.1156328    5.00037394 -19.54051148 -25.98656327  -6.5745066
 -33.07611946  -0.38544381 -31.07115378 -18.24563983  11.27729926]
scheduled_ues:  [ 0  2  3  4  5  7  8 10 12 13]
(1, 15, 1, 4, 1, 1)
caused INR: -7.028472432086176
TpsRandomic + IndividualEstimated_INR + -15.0
None
ls_gain_coeffs:
[-127.76052596 -123.74536489 -147.3677632  -139.58681716 -124.19844497
 -130.50808343 -105.98932611 -147.25389529 -121.04627608 -117.56420665
 -144.06581951 -111.37514386 -124.92025756 -145.90846185  -99.71240079]
inrs_hat:  [-16.77082591 -12.75566484 -36.37806316 -28.59711711 -13.20874493
 -19.51838339   5.00037394 -36.26419525 -10.05657603  -6.5745066
 -33.07611946  -0.38544381 -13.93055752 -34.91876181  11.27729926]
scheduled_ues:  [ 0  2  3  5  7 10 13]
(1, 15, 1, 4, 1, 1)
caused INR: -13.620319989800297
TpsRandomic + CumulativeIndividualEstimated_INR + -10.0
None
(1, 15, 1, 4, 1, 1)
caused INR: -12.438876710740153
TpsRandomic + CumulativeIndividualEstimated_INR + -12.5
None
(1, 15, 1, 4, 1, 1)
caused INR: -22.806976980430676
TpsRandomic + CumulativeIndividualEstimated_INR + -15.0
None
(1, 15, 1, 4, 1, 1)
caused INR: -14.659514861975666
Iteration number 54
TpsAltruisticFromLsfGain + IndividualEstimated_INR + -10.0
None
ls_gain_coeffs:
[-150.72084292 -139.4851987  -139.00972109 -145.9344078  -134.65450194
 -137.10547631 -131.32969026 -128.09974876 -145.57609755 -133.13165041
 -137.99779381 -137.91174665 -135.94685756 -147.09889736 -140.19704492]
inrs_hat:  [-39.73114288 -28.49549866 -28.02002105 -34.94470775 -23.6648019
 -26.11577627 -20.33999022 -17.11004872 -34.58639751 -22.14195036
 -27.00809377 -26.92204661 -24.95715751 -36.10919732 -29.20734487]
scheduled_ues:  [ 0  1  2  3  4  5  6  7  8  9 10 11 12 13 14]
(1, 15, 1, 4, 1, 1)
caused INR: -18.247755545607287
TpsAltruisticFromLsfGain + IndividualEstimated_INR + -12.5
None
ls_gain_coeffs:
[-150.72084292 -139.4851987  -139.00972109 -145.9344078  -134.65450194
 -137.10547631 -131.32969026 -128.09974876 -145.57609755 -133.13165041
 -137.99779381 -137.91174665 -135.94685756 -147.09889736 -140.19704492]
inrs_hat:  [-39.73114288 -28.49549866 -28.02002105 -34.94470775 -23.6648019
 -26.11577627 -20.33999022 -17.11004872 -34.58639751 -22.14195036
 -27.00809377 -26.92204661 -24.95715751 -36.10919732 -29.20734487]
scheduled_ues:  [ 0  1  2  3  4  5  6  7  8  9 10 11 12 13 14]
(1, 15, 1, 4, 1, 1)
caused INR: -18.247755545607287
TpsAltruisticFromLsfGain + IndividualEstimated_INR + -15.0
None
ls_gain_coeffs:
[-150.72084292 -139.4851987  -139.00972109 -145.9344078  -134.65450194
 -137.10547631 -131.32969026 -128.09974876 -145.57609755 -133.13165041
 -137.99779381 -137.91174665 -135.94685756 -147.09889736 -140.19704492]
inrs_hat:  [-39.73114288 -28.49549866 -28.02002105 -34.94470775 -23.6648019
 -26.11577627 -20.33999022 -17.11004872 -34.58639751 -22.14195036
 -27.00809377 -26.92204661 -24.95715751 -36.10919732 -29.20734487]
scheduled_ues:  [ 0  1  2  3  4  5  6  7  8  9 10 11 12 13 14]
(1, 15, 1, 4, 1, 1)
caused INR: -18.247755545607287
TpsAltruisticFromLsfGain + CumulativeIndividualEstimated_INR + -10.0
None
(1, 15, 1, 4, 1, 1)
caused INR: -18.247755545607287
TpsAltruisticFromLsfGain + CumulativeIndividualEstimated_INR + -12.5
None
(1, 15, 1, 4, 1, 1)
caused INR: -18.247755545607287
TpsAltruisticFromLsfGain + CumulativeIndividualEstimated_INR + -15.0
None
(1, 15, 1, 4, 1, 1)
caused INR: -15.107063609501223
TpsRandomic + IndividualEstimated_INR + -10.0
None
ls_gain_coeffs:
[-135.99736318 -135.66767536 -129.73099085 -132.93294136 -121.33759883
 -119.86379772 -120.07571914 -125.82344605 -145.57609755 -120.22089175
 -137.24630092 -126.73124385 -135.94685756 -147.09889736 -123.57037181]
inrs_hat:  [-25.00766314 -24.67797531 -18.7412908  -21.94324131 -10.34789878
  -8.87409768  -9.0860191  -14.83374601 -34.58639751  -9.23119171
 -26.25660087 -15.74154381 -24.95715751 -36.10919732 -12.58067177]
scheduled_ues:  [ 0  1  2  3  4  7  8 10 11 12 13 14]
(1, 15, 1, 4, 1, 1)
caused INR: -11.831916240784704
TpsRandomic + IndividualEstimated_INR + -12.5
None
ls_gain_coeffs:
[-147.29802331 -135.66767536 -122.02107753 -144.25480848 -121.33759883
 -126.57937195 -131.32969026 -128.09974876 -129.56117254 -115.78129413
 -137.24630092 -126.73124385 -120.09888979 -130.41570173 -133.2419734 ]
inrs_hat:  [-36.30832326 -24.67797531 -11.03137749 -33.26510844 -10.34789878
 -15.58967191 -20.33999022 -17.11004872 -18.57147249  -4.79159408
 -26.25660087 -15.74154381  -9.10918974 -19.42600169 -22.25227336]
scheduled_ues:  [ 0  1  3  5  6  7  8 10 11 13 14]
(1, 15, 1, 4, 1, 1)
caused INR: -13.859890678222797
TpsRandomic + IndividualEstimated_INR + -15.0
None
ls_gain_coeffs:
[-150.72084292 -135.66767536 -122.02107753 -144.25480848 -126.84380035
 -119.86379772 -120.07571914 -114.14061362 -131.54815206 -120.22089175
 -125.05519855 -120.858121   -121.80207367 -135.62117623 -126.34037022]
inrs_hat:  [-39.73114288 -24.67797531 -11.03137749 -33.26510844 -15.85410031
  -8.87409768  -9.0860191   -3.15091358 -20.55845202  -9.23119171
 -14.06549851  -9.86842096 -10.81237363 -24.63147619 -15.35067018]
scheduled_ues:  [ 0  1  3  4  8 13 14]
(1, 15, 1, 4, 1, 1)
caused INR: -19.79154876029409
TpsRandomic + CumulativeIndividualEstimated_INR + -10.0
None
(1, 15, 1, 4, 1, 1)
caused INR: -13.970140208258528
TpsRandomic + CumulativeIndividualEstimated_INR + -12.5
None
(1, 15, 1, 4, 1, 1)
caused INR: -26.8099329674919
TpsRandomic + CumulativeIndividualEstimated_INR + -15.0
None
(1, 15, 1, 4, 1, 1)
caused INR: -18.108721486357076
Iteration number 55
TpsAltruisticFromLsfGain + IndividualEstimated_INR + -10.0
None
ls_gain_coeffs:
[-149.96935557 -139.9924876  -144.16270093 -129.43998489 -132.87805272
 -143.81067086 -136.10754625 -125.96915018 -147.19770987 -133.24541727
 -144.64473703 -123.90037505 -148.63036875 -129.79890469 -135.22231197]
inrs_hat:  [-38.97965553 -29.00278756 -33.17300089 -18.45028485 -21.88835268
 -32.82097081 -25.1178462  -14.97945014 -36.20800983 -22.25571723
 -33.65503699 -12.91067501 -37.64066871 -18.80920464 -24.23261193]
scheduled_ues:  [ 0  1  2  3  4  5  6  7  8  9 10 11 12 13 14]
(1, 15, 1, 4, 1, 1)
caused INR: -18.23053161741983
TpsAltruisticFromLsfGain + IndividualEstimated_INR + -12.5
None
ls_gain_coeffs:
[-149.96935557 -139.9924876  -144.16270093 -129.43998489 -132.87805272
 -143.81067086 -136.10754625 -125.96915018 -147.19770987 -133.24541727
 -144.64473703 -123.90037505 -148.63036875 -129.79890469 -135.22231197]
inrs_hat:  [-38.97965553 -29.00278756 -33.17300089 -18.45028485 -21.88835268
 -32.82097081 -25.1178462  -14.97945014 -36.20800983 -22.25571723
 -33.65503699 -12.91067501 -37.64066871 -18.80920464 -24.23261193]
scheduled_ues:  [ 0  1  2  3  4  5  6  7  8  9 10 11 12 13 14]
(1, 15, 1, 4, 1, 1)
caused INR: -18.23053161741983
TpsAltruisticFromLsfGain + IndividualEstimated_INR + -15.0
None
ls_gain_coeffs:
[-149.96935557 -139.9924876  -144.16270093 -129.43998489 -132.87805272
 -143.81067086 -136.10754625 -125.96915018 -147.19770987 -133.24541727
 -144.64473703 -123.90037505 -148.63036875 -129.79890469 -135.22231197]
inrs_hat:  [-38.97965553 -29.00278756 -33.17300089 -18.45028485 -21.88835268
 -32.82097081 -25.1178462  -14.97945014 -36.20800983 -22.25571723
 -33.65503699 -12.91067501 -37.64066871 -18.80920464 -24.23261193]
scheduled_ues:  [ 0  1  2  3  4  5  6  8  9 10 12 13 14]
(1, 15, 1, 4, 1, 1)
caused INR: -21.005773368960355
TpsAltruisticFromLsfGain + CumulativeIndividualEstimated_INR + -10.0
None
(1, 15, 1, 4, 1, 1)
caused INR: -23.485851421030503
TpsAltruisticFromLsfGain + CumulativeIndividualEstimated_INR + -12.5
None
(1, 15, 1, 4, 1, 1)
caused INR: -21.005773368960355
TpsAltruisticFromLsfGain + CumulativeIndividualEstimated_INR + -15.0
None
(1, 15, 1, 4, 1, 1)
caused INR: -21.31939938104123
TpsRandomic + IndividualEstimated_INR + -10.0
None
ls_gain_coeffs:
[-133.20409358 -123.12273592 -133.2303236  -126.4793185  -132.83196258
 -143.81067086 -123.59950855 -113.05082731 -133.16174277 -120.86169225
 -144.64473703 -113.8744482  -135.90708962 -129.79890469 -123.60250553]
inrs_hat:  [-22.21439354 -12.13303588 -22.24062356 -15.48961846 -21.84226254
 -32.82097081 -12.60980851  -2.06112726 -22.17204272  -9.8719922
 -33.65503699  -2.88474816 -24.91738958 -18.80920464 -12.61280548]
scheduled_ues:  [ 0  1  2  3  4  5  6  8 10 12 13 14]
(1, 15, 1, 4, 1, 1)
caused INR: -3.631600702127897
TpsRandomic + IndividualEstimated_INR + -12.5
None
ls_gain_coeffs:
[-133.20409358 -123.12273592 -127.32187993 -126.4793185  -132.83196258
 -136.43477698 -123.53307085 -108.84371177 -130.95977421 -120.86169225
 -144.64473703 -106.74534883 -132.15963942 -120.8962381  -135.22231197]
inrs_hat:  [-22.21439354 -12.13303588 -16.33217989 -15.48961846 -21.84226254
 -25.44507694 -12.54337081   2.14598827 -19.97007416  -9.8719922
 -33.65503699   4.24435121 -21.16993938  -9.90653805 -24.23261193]
scheduled_ues:  [ 0  2  3  4  5  6  8 10 12 14]
(1, 15, 1, 4, 1, 1)
caused INR: -14.204520507385025
TpsRandomic + IndividualEstimated_INR + -15.0
None
ls_gain_coeffs:
[-139.23877631 -139.9924876  -127.32187993 -126.4793185  -120.40572596
 -127.30729347 -123.59950855 -117.07819624 -141.19940565 -115.93533141
 -130.55311731 -113.8744482  -132.15963942 -129.79890469 -118.08777906]
inrs_hat:  [-28.24907627 -29.00278756 -16.33217989 -15.48961846  -9.41602592
 -16.31759342 -12.60980851  -6.0884962  -30.20970561  -4.94563137
 -19.56341726  -2.88474816 -21.16993938 -18.80920464  -7.09807902]
scheduled_ues:  [ 0  1  2  3  5  8 10 12 13]
(1, 15, 1, 4, 1, 1)
caused INR: -15.141099084933439
TpsRandomic + CumulativeIndividualEstimated_INR + -10.0
None
(1, 15, 1, 4, 1, 1)
caused INR: -13.557590313211243
TpsRandomic + CumulativeIndividualEstimated_INR + -12.5
None
(1, 15, 1, 4, 1, 1)
caused INR: -27.083549455663313
TpsRandomic + CumulativeIndividualEstimated_INR + -15.0
None
(1, 15, 1, 4, 1, 1)
caused INR: -15.939371533685714
Iteration number 56
TpsAltruisticFromLsfGain + IndividualEstimated_INR + -10.0
None
ls_gain_coeffs:
[-141.52119575 -149.39647441 -129.04639598 -139.99167995 -125.55617715
 -148.90130908 -135.78429265 -140.51340883 -132.29345128 -144.9977698
 -148.81164926 -142.42645599 -144.1571667  -115.8173595  -128.4311464 ]
inrs_hat:  [-30.53149571 -38.40677436 -18.05669594 -29.0019799  -14.56647711
 -37.91160904 -24.79459261 -29.52370879 -21.30375123 -34.00806976
 -37.82194921 -31.43675595 -33.16746666  -4.82765946 -17.44144635]
scheduled_ues:  [ 0  1  2  3  4  5  6  7  8  9 10 11 12 14]
(1, 15, 1, 4, 1, 1)
caused INR: -20.721215376624365
TpsAltruisticFromLsfGain + IndividualEstimated_INR + -12.5
None
ls_gain_coeffs:
[-141.52119575 -149.39647441 -129.04639598 -139.99167995 -125.55617715
 -148.90130908 -135.78429265 -140.51340883 -132.29345128 -144.9977698
 -148.81164926 -142.42645599 -144.1571667  -115.8173595  -128.4311464 ]
inrs_hat:  [-30.53149571 -38.40677436 -18.05669594 -29.0019799  -14.56647711
 -37.91160904 -24.79459261 -29.52370879 -21.30375123 -34.00806976
 -37.82194921 -31.43675595 -33.16746666  -4.82765946 -17.44144635]
scheduled_ues:  [ 0  1  2  3  4  5  6  7  8  9 10 11 12 14]
(1, 15, 1, 4, 1, 1)
caused INR: -20.721215376624365
TpsAltruisticFromLsfGain + IndividualEstimated_INR + -15.0
None
ls_gain_coeffs:
[-141.52119575 -149.39647441 -129.04639598 -139.99167995 -125.55617715
 -148.90130908 -135.78429265 -140.51340883 -132.29345128 -144.9977698
 -148.81164926 -142.42645599 -144.1571667  -115.8173595  -128.4311464 ]
inrs_hat:  [-30.53149571 -38.40677436 -18.05669594 -29.0019799  -14.56647711
 -37.91160904 -24.79459261 -29.52370879 -21.30375123 -34.00806976
 -37.82194921 -31.43675595 -33.16746666  -4.82765946 -17.44144635]
scheduled_ues:  [ 0  1  2  3  5  6  7  8  9 10 11 12 14]
(1, 15, 1, 4, 1, 1)
caused INR: -20.36007540670704
TpsAltruisticFromLsfGain + CumulativeIndividualEstimated_INR + -10.0
None
(1, 15, 1, 4, 1, 1)
caused INR: -20.721215376624365
TpsAltruisticFromLsfGain + CumulativeIndividualEstimated_INR + -12.5
None
(1, 15, 1, 4, 1, 1)
caused INR: -20.36007540670704
TpsAltruisticFromLsfGain + CumulativeIndividualEstimated_INR + -15.0
None
(1, 15, 1, 4, 1, 1)
caused INR: -22.698309083230257
TpsRandomic + IndividualEstimated_INR + -10.0
None
ls_gain_coeffs:
[-131.50279848 -149.39647441 -129.04639598 -123.43284606 -108.55069809
 -146.19515982 -135.78429265 -127.7950302  -115.36296532 -131.09217048
 -141.50329803 -134.70715316 -133.5560916  -115.44635775 -120.03212628]
inrs_hat:  [-20.51309844 -38.40677436 -18.05669594 -12.44314601   2.43900195
 -35.20545978 -24.79459261 -16.80533016  -4.37326528 -20.10247044
 -30.51359799 -23.71745312 -22.56639156  -4.4566577   -9.04242624]
scheduled_ues:  [ 0  1  2  3  5  6  7  9 10 11 12]
(1, 15, 1, 4, 1, 1)
caused INR: -8.205021087459109
TpsRandomic + IndividualEstimated_INR + -12.5
None
ls_gain_coeffs:
[-131.50279848 -149.39647441 -115.9848542  -127.57891142 -125.55617715
 -135.55765933 -135.78429265 -127.7950302  -122.25970343 -144.9977698
 -141.50329803 -128.92994714 -133.46745885 -115.44635775 -115.79554138]
inrs_hat:  [-20.51309844 -38.40677436  -4.99515416 -16.58921138 -14.56647711
 -24.56795928 -24.79459261 -16.80533016 -11.27000339 -34.00806976
 -30.51359799 -17.94024709 -22.4777588   -4.4566577   -4.80584133]
scheduled_ues:  [ 0  1  3  4  5  6  7  9 10 11 12]
(1, 15, 1, 4, 1, 1)
caused INR: -17.16827772553048
TpsRandomic + IndividualEstimated_INR + -15.0
None
ls_gain_coeffs:
[-141.52119575 -147.48969862 -121.05689147 -131.72838069 -108.55069809
 -135.55765933 -135.78429265 -127.51825157 -132.29345128 -138.83747583
 -141.50329803 -142.42645599 -133.46745885 -115.44635775 -120.03212628]
inrs_hat:  [-30.53149571 -36.49999858 -10.06719143 -20.73868065   2.43900195
 -24.56795928 -24.79459261 -16.52855153 -21.30375123 -27.84777579
 -30.51359799 -31.43675595 -22.4777588   -4.4566577   -9.04242624]
scheduled_ues:  [ 0  1  3  5  6  7  8  9 10 11 12]
(1, 15, 1, 4, 1, 1)
caused INR: -15.007502309954404
TpsRandomic + CumulativeIndividualEstimated_INR + -10.0
None
(1, 15, 1, 4, 1, 1)
caused INR: -15.213490490500977
TpsRandomic + CumulativeIndividualEstimated_INR + -12.5
None
(1, 15, 1, 4, 1, 1)
caused INR: -19.75925479413952
TpsRandomic + CumulativeIndividualEstimated_INR + -15.0
None
(1, 15, 1, 4, 1, 1)
caused INR: -19.76289528351645
Iteration number 57
TpsAltruisticFromLsfGain + IndividualEstimated_INR + -10.0
None
ls_gain_coeffs:
[-128.19412165 -144.07426225 -138.17940525 -136.04032681 -142.76136826
 -144.73194112 -150.6547186  -146.66954822 -148.5488313  -130.99672546
 -141.60722587 -145.55257569 -139.38396296 -148.43428872 -142.76512838]
inrs_hat:  [-17.2044216  -33.08456221 -27.1897052  -25.05062676 -31.77166822
 -33.74224108 -39.66501855 -35.67984818 -37.55913125 -20.00702541
 -30.61752582 -34.56287564 -28.39426292 -37.44458868 -31.77542834]
scheduled_ues:  [ 0  1  2  3  4  5  6  7  8  9 10 11 12 13 14]
(1, 15, 1, 4, 1, 1)
caused INR: -15.933079807839297
TpsAltruisticFromLsfGain + IndividualEstimated_INR + -12.5
None
ls_gain_coeffs:
[-128.19412165 -144.07426225 -138.17940525 -136.04032681 -142.76136826
 -144.73194112 -150.6547186  -146.66954822 -148.5488313  -130.99672546
 -141.60722587 -145.55257569 -139.38396296 -148.43428872 -142.76512838]
inrs_hat:  [-17.2044216  -33.08456221 -27.1897052  -25.05062676 -31.77166822
 -33.74224108 -39.66501855 -35.67984818 -37.55913125 -20.00702541
 -30.61752582 -34.56287564 -28.39426292 -37.44458868 -31.77542834]
scheduled_ues:  [ 0  1  2  3  4  5  6  7  8  9 10 11 12 13 14]
(1, 15, 1, 4, 1, 1)
caused INR: -15.933079807839297
TpsAltruisticFromLsfGain + IndividualEstimated_INR + -15.0
None
ls_gain_coeffs:
[-128.19412165 -144.07426225 -138.17940525 -136.04032681 -142.76136826
 -144.73194112 -150.6547186  -146.66954822 -148.5488313  -130.99672546
 -141.60722587 -145.55257569 -139.38396296 -148.43428872 -142.76512838]
inrs_hat:  [-17.2044216  -33.08456221 -27.1897052  -25.05062676 -31.77166822
 -33.74224108 -39.66501855 -35.67984818 -37.55913125 -20.00702541
 -30.61752582 -34.56287564 -28.39426292 -37.44458868 -31.77542834]
scheduled_ues:  [ 0  1  2  3  4  5  6  7  8  9 10 11 12 13 14]
(1, 15, 1, 4, 1, 1)
caused INR: -15.933079807839297
TpsAltruisticFromLsfGain + CumulativeIndividualEstimated_INR + -10.0
None
(1, 15, 1, 4, 1, 1)
caused INR: -15.933079807839297
TpsAltruisticFromLsfGain + CumulativeIndividualEstimated_INR + -12.5
None
(1, 15, 1, 4, 1, 1)
caused INR: -15.933079807839297
TpsAltruisticFromLsfGain + CumulativeIndividualEstimated_INR + -15.0
None
(1, 15, 1, 4, 1, 1)
caused INR: -21.87167422450127
TpsRandomic + IndividualEstimated_INR + -10.0
None
ls_gain_coeffs:
[-120.43376856 -144.07426225 -128.06281318 -119.01820453 -138.53707488
 -131.33994281 -136.48998353 -146.66954822 -138.11807858 -117.55633428
 -124.7387893  -130.71767982 -139.38396296 -148.43428872 -142.70864458]
inrs_hat:  [ -9.44406851 -33.08456221 -17.07311314  -8.02850448 -27.54737484
 -20.35024277 -25.50028349 -35.67984818 -27.12837854  -6.56663424
 -13.74908926 -19.72797977 -28.39426292 -37.44458868 -31.71894454]
scheduled_ues:  [ 1  2  4  5  6  7  8 10 11 12 13 14]
(1, 15, 1, 4, 1, 1)
caused INR: -6.4460540270672695
TpsRandomic + IndividualEstimated_INR + -12.5
None
ls_gain_coeffs:
[-111.42242012 -129.7794691  -138.17940525 -119.01820453 -127.50357268
 -144.73194112 -150.6547186  -134.02808436 -148.5488313  -130.99672546
 -141.60722587 -145.55257569 -138.22541413 -137.29074364 -142.70864458]
inrs_hat:  [ -0.43272008 -18.78976906 -27.1897052   -8.02850448 -16.51387263
 -33.74224108 -39.66501855 -23.03838431 -37.55913125 -20.00702541
 -30.61752582 -34.56287564 -27.23571409 -26.3010436  -31.71894454]
scheduled_ues:  [ 1  2  4  5  6  7  8  9 10 11 12 13 14]
(1, 15, 1, 4, 1, 1)
caused INR: -16.873454445668216
TpsRandomic + IndividualEstimated_INR + -15.0
None
ls_gain_coeffs:
[-111.42242012 -127.75000976 -121.04660201 -136.04032681 -127.50357268
 -128.28614075 -136.48998353 -138.60786303 -148.5488313  -129.49853869
 -131.98351857 -141.96263188 -139.38396296 -131.63468898 -130.28587251]
inrs_hat:  [ -0.43272008 -16.76030972 -10.05690197 -25.05062676 -16.51387263
 -17.29644071 -25.50028349 -27.61816299 -37.55913125 -18.50883865
 -20.99381853 -30.97293184 -28.39426292 -20.64498893 -19.29617247]
scheduled_ues:  [ 1  3  4  5  6  7  8  9 10 11 12 13 14]
(1, 15, 1, 4, 1, 1)
caused INR: -14.106791154166622
TpsRandomic + CumulativeIndividualEstimated_INR + -10.0
None
(1, 15, 1, 4, 1, 1)
caused INR: -18.705592357789907
TpsRandomic + CumulativeIndividualEstimated_INR + -12.5
None
(1, 15, 1, 4, 1, 1)
caused INR: -15.381433850390119
TpsRandomic + CumulativeIndividualEstimated_INR + -15.0
None
(1, 15, 1, 4, 1, 1)
caused INR: -12.714026810906972
Iteration number 58
TpsAltruisticFromLsfGain + IndividualEstimated_INR + -10.0
None
ls_gain_coeffs:
[-144.19685218 -143.02688356 -141.95369518 -114.9397186  -142.71793155
 -142.38155564 -142.01027418 -134.59051719 -145.23509311 -124.25735931
 -144.54523262 -146.83541437 -135.97501371 -138.00358503 -146.06838471]
inrs_hat:  [-33.20715214 -32.03718352 -30.96399513  -3.95001856 -31.72823151
 -31.3918556  -31.02057414 -23.60081715 -34.24539307 -13.26765927
 -33.55553258 -35.84571433 -24.98531367 -27.01388499 -35.07868466]
scheduled_ues:  [ 0  1  2  4  5  6  7  8  9 10 11 12 13 14]
(1, 15, 1, 4, 1, 1)
caused INR: -10.992438057037354
TpsAltruisticFromLsfGain + IndividualEstimated_INR + -12.5
None
ls_gain_coeffs:
[-144.19685218 -143.02688356 -141.95369518 -114.9397186  -142.71793155
 -142.38155564 -142.01027418 -134.59051719 -145.23509311 -124.25735931
 -144.54523262 -146.83541437 -135.97501371 -138.00358503 -146.06838471]
inrs_hat:  [-33.20715214 -32.03718352 -30.96399513  -3.95001856 -31.72823151
 -31.3918556  -31.02057414 -23.60081715 -34.24539307 -13.26765927
 -33.55553258 -35.84571433 -24.98531367 -27.01388499 -35.07868466]
scheduled_ues:  [ 0  1  2  4  5  6  7  8  9 10 11 12 13 14]
(1, 15, 1, 4, 1, 1)
caused INR: -10.992438057037354
TpsAltruisticFromLsfGain + IndividualEstimated_INR + -15.0
None
ls_gain_coeffs:
[-144.19685218 -143.02688356 -141.95369518 -114.9397186  -142.71793155
 -142.38155564 -142.01027418 -134.59051719 -145.23509311 -124.25735931
 -144.54523262 -146.83541437 -135.97501371 -138.00358503 -146.06838471]
inrs_hat:  [-33.20715214 -32.03718352 -30.96399513  -3.95001856 -31.72823151
 -31.3918556  -31.02057414 -23.60081715 -34.24539307 -13.26765927
 -33.55553258 -35.84571433 -24.98531367 -27.01388499 -35.07868466]
scheduled_ues:  [ 0  1  2  4  5  6  7  8 10 11 12 13 14]
(1, 15, 1, 4, 1, 1)
caused INR: -18.781933255992605
TpsAltruisticFromLsfGain + CumulativeIndividualEstimated_INR + -10.0
None
(1, 15, 1, 4, 1, 1)
caused INR: -10.992438057037354
TpsAltruisticFromLsfGain + CumulativeIndividualEstimated_INR + -12.5
None
(1, 15, 1, 4, 1, 1)
caused INR: -18.781933255992605
TpsAltruisticFromLsfGain + CumulativeIndividualEstimated_INR + -15.0
None
(1, 15, 1, 4, 1, 1)
caused INR: -18.781933255992605
TpsRandomic + IndividualEstimated_INR + -10.0
None
ls_gain_coeffs:
[-138.43739132 -130.82151326 -141.95369518 -114.9397186  -142.71793155
 -142.20964398 -142.01027418 -119.96612805 -145.23509311 -124.25735931
 -130.47306882 -138.08371714 -135.97501371 -126.94636197 -129.28964461]
inrs_hat:  [-27.44769128 -19.83181322 -30.96399513  -3.95001856 -31.72823151
 -31.21994394 -31.02057414  -8.97642801 -34.24539307 -13.26765927
 -19.48336878 -27.09401709 -24.98531367 -15.95666193 -18.29994457]
scheduled_ues:  [ 0  1  2  4  5  6  8  9 10 11 12 13 14]
(1, 15, 1, 4, 1, 1)
caused INR: -11.003360322168948
TpsRandomic + IndividualEstimated_INR + -12.5
None
ls_gain_coeffs:
[-128.02559374 -143.02688356 -141.95369518  -96.55695017 -128.58518494
 -129.82534787 -140.15739355 -134.59051719 -132.01617581 -124.25735931
 -138.88966066 -130.22643426 -123.19884615 -121.00612256 -146.06838471]
inrs_hat:  [-17.0358937  -32.03718352 -30.96399513  14.43274988 -17.5954849
 -18.83564782 -29.16769351 -23.60081715 -21.02647577 -13.26765927
 -27.89996062 -19.23673422 -12.2091461  -10.01642251 -35.07868466]
scheduled_ues:  [ 0  1  2  4  5  6  7  8  9 10 11 14]
(1, 15, 1, 4, 1, 1)
caused INR: -4.2985868272579015
TpsRandomic + IndividualEstimated_INR + -15.0
None
ls_gain_coeffs:
[-130.05539616 -133.74347928 -141.95369518 -103.93200054 -142.71793155
 -129.88265175 -128.33342043 -127.75956772 -144.06911716 -105.77908283
 -128.46056474 -138.08371714 -122.86427858 -127.50748315 -136.55789527]
inrs_hat:  [-19.06569611 -22.75377924 -30.96399513   7.05769951 -31.72823151
 -18.89295171 -17.34372038 -16.76986768 -33.07941712   5.21061722
 -17.4708647  -27.09401709 -11.87457853 -16.5177831  -25.56819522]
scheduled_ues:  [ 0  1  2  4  5  6  7  8 10 11 13 14]
(1, 15, 1, 4, 1, 1)
caused INR: -7.335516349396772
TpsRandomic + CumulativeIndividualEstimated_INR + -10.0
None
(1, 15, 1, 4, 1, 1)
caused INR: -17.018516571283293
TpsRandomic + CumulativeIndividualEstimated_INR + -12.5
None
(1, 15, 1, 4, 1, 1)
caused INR: -10.2923557924562
TpsRandomic + CumulativeIndividualEstimated_INR + -15.0
None
(1, 15, 1, 4, 1, 1)
caused INR: -19.499412035068193
Iteration number 59
TpsAltruisticFromLsfGain + IndividualEstimated_INR + -10.0
None
ls_gain_coeffs:
[-134.49817667 -145.17806222 -117.22479851 -139.03431779 -143.09515022
 -133.95685283 -133.2001484  -147.36526051 -140.56129663 -153.29262287
 -144.50836743 -118.59755753 -145.12207571 -133.02162977 -150.77360618]
inrs_hat:  [-23.50847663 -34.18836218  -6.23509846 -28.04461775 -32.10545018
 -22.96715278 -22.21044836 -36.37556047 -29.57159658 -42.30292283
 -33.51866738  -7.60785749 -34.13237566 -22.03192972 -39.78390614]
scheduled_ues:  [ 0  1  3  4  5  6  7  8  9 10 12 13 14]
(1, 15, 1, 4, 1, 1)
caused INR: -26.087179798217576
TpsAltruisticFromLsfGain + IndividualEstimated_INR + -12.5
None
ls_gain_coeffs:
[-134.49817667 -145.17806222 -117.22479851 -139.03431779 -143.09515022
 -133.95685283 -133.2001484  -147.36526051 -140.56129663 -153.29262287
 -144.50836743 -118.59755753 -145.12207571 -133.02162977 -150.77360618]
inrs_hat:  [-23.50847663 -34.18836218  -6.23509846 -28.04461775 -32.10545018
 -22.96715278 -22.21044836 -36.37556047 -29.57159658 -42.30292283
 -33.51866738  -7.60785749 -34.13237566 -22.03192972 -39.78390614]
scheduled_ues:  [ 0  1  3  4  5  6  7  8  9 10 12 13 14]
(1, 15, 1, 4, 1, 1)
caused INR: -26.087179798217576
TpsAltruisticFromLsfGain + IndividualEstimated_INR + -15.0
None
ls_gain_coeffs:
[-134.49817667 -145.17806222 -117.22479851 -139.03431779 -143.09515022
 -133.95685283 -133.2001484  -147.36526051 -140.56129663 -153.29262287
 -144.50836743 -118.59755753 -145.12207571 -133.02162977 -150.77360618]
inrs_hat:  [-23.50847663 -34.18836218  -6.23509846 -28.04461775 -32.10545018
 -22.96715278 -22.21044836 -36.37556047 -29.57159658 -42.30292283
 -33.51866738  -7.60785749 -34.13237566 -22.03192972 -39.78390614]
scheduled_ues:  [ 0  1  3  4  5  6  7  8  9 10 12 13 14]
(1, 15, 1, 4, 1, 1)
caused INR: -26.087179798217576
TpsAltruisticFromLsfGain + CumulativeIndividualEstimated_INR + -10.0
None
(1, 15, 1, 4, 1, 1)
caused INR: -26.087179798217576
TpsAltruisticFromLsfGain + CumulativeIndividualEstimated_INR + -12.5
None
(1, 15, 1, 4, 1, 1)
caused INR: -26.087179798217576
TpsAltruisticFromLsfGain + CumulativeIndividualEstimated_INR + -15.0
None
(1, 15, 1, 4, 1, 1)
caused INR: -26.087179798217576
TpsRandomic + IndividualEstimated_INR + -10.0
None
ls_gain_coeffs:
[-123.55099612 -128.2777171  -105.04158818 -127.40051345 -135.76886369
 -119.2461187  -117.19615943 -147.36526051 -126.62798843 -146.92454807
 -127.57027167 -110.41632022 -131.74476598 -115.78237147 -137.169517  ]
inrs_hat:  [-12.56129608 -17.28801706   5.94811186 -16.41081341 -24.77916365
  -8.25641866  -6.20645939 -36.37556047 -15.63828839 -35.93484803
 -16.58057162   0.57337983 -20.75506593  -4.79267142 -26.17981696]
scheduled_ues:  [ 0  1  3  4  7  8  9 10 12 14]
(1, 15, 1, 4, 1, 1)
caused INR: -19.53079267257136
TpsRandomic + IndividualEstimated_INR + -12.5
None
ls_gain_coeffs:
[-122.91348895 -132.39709062 -106.15342848 -139.03431779 -126.52094479
 -133.95685283 -133.2001484  -140.14251092 -126.62798843 -137.06586782
 -144.50836743 -101.00110982 -131.74476598 -120.89256198 -134.57135691]
inrs_hat:  [-11.92378891 -21.40739057   4.83627157 -28.04461775 -15.53124475
 -22.96715278 -22.21044836 -29.15281088 -15.63828839 -26.07616778
 -33.51866738   9.98859023 -20.75506593  -9.90286194 -23.58165687]
scheduled_ues:  [ 1  3  4  5  6  7  8  9 10 12 14]
(1, 15, 1, 4, 1, 1)
caused INR: -11.486873524379597
TpsRandomic + IndividualEstimated_INR + -15.0
None
ls_gain_coeffs:
[-122.91348895 -132.39709062 -117.22479851 -128.73048009 -126.52094479
 -133.95685283 -119.01886208 -140.14251092 -134.08291942 -153.29262287
 -127.57027167 -118.59755753 -131.74476598 -120.89256198 -144.41479682]
inrs_hat:  [-11.92378891 -21.40739057  -6.23509846 -17.74078004 -15.53124475
 -22.96715278  -8.02916204 -29.15281088 -23.09321938 -42.30292283
 -16.58057162  -7.60785749 -20.75506593  -9.90286194 -33.42509677]
scheduled_ues:  [ 1  3  4  5  7  8  9 10 12 14]
(1, 15, 1, 4, 1, 1)
caused INR: -8.869929448874874
TpsRandomic + CumulativeIndividualEstimated_INR + -10.0
None
(1, 15, 1, 4, 1, 1)
caused INR: -25.284833831777426
TpsRandomic + CumulativeIndividualEstimated_INR + -12.5
None
(1, 15, 1, 4, 1, 1)
caused INR: -15.67430561832547
TpsRandomic + CumulativeIndividualEstimated_INR + -15.0
None
(1, 15, 1, 4, 1, 1)
caused INR: -12.974237367251195
Iteration number 60
TpsAltruisticFromLsfGain + IndividualEstimated_INR + -10.0
None
ls_gain_coeffs:
[-140.49888628 -144.40756425 -147.36038606 -142.63227264 -148.02285917
 -130.96345847 -149.9479895  -124.06915098 -135.24417236 -115.93968487
 -136.6352814  -127.91331975 -142.24858524 -143.72312409 -142.6492665 ]
inrs_hat:  [-29.50918624 -33.41786421 -36.37068601 -31.6425726  -37.03315913
 -19.97375843 -38.95828945 -13.07945094 -24.25447232  -4.94998483
 -25.64558136 -16.92361971 -31.2588852  -32.73342405 -31.65956645]
scheduled_ues:  [ 0  1  2  3  4  5  6  7  8 10 11 12 13 14]
(1, 15, 1, 4, 1, 1)
caused INR: -8.701544712210222
TpsAltruisticFromLsfGain + IndividualEstimated_INR + -12.5
None
ls_gain_coeffs:
[-140.49888628 -144.40756425 -147.36038606 -142.63227264 -148.02285917
 -130.96345847 -149.9479895  -124.06915098 -135.24417236 -115.93968487
 -136.6352814  -127.91331975 -142.24858524 -143.72312409 -142.6492665 ]
inrs_hat:  [-29.50918624 -33.41786421 -36.37068601 -31.6425726  -37.03315913
 -19.97375843 -38.95828945 -13.07945094 -24.25447232  -4.94998483
 -25.64558136 -16.92361971 -31.2588852  -32.73342405 -31.65956645]
scheduled_ues:  [ 0  1  2  3  4  5  6  7  8 10 11 12 13 14]
(1, 15, 1, 4, 1, 1)
caused INR: -8.701544712210222
TpsAltruisticFromLsfGain + IndividualEstimated_INR + -15.0
None
ls_gain_coeffs:
[-140.49888628 -144.40756425 -147.36038606 -142.63227264 -148.02285917
 -130.96345847 -149.9479895  -124.06915098 -135.24417236 -115.93968487
 -136.6352814  -127.91331975 -142.24858524 -143.72312409 -142.6492665 ]
inrs_hat:  [-29.50918624 -33.41786421 -36.37068601 -31.6425726  -37.03315913
 -19.97375843 -38.95828945 -13.07945094 -24.25447232  -4.94998483
 -25.64558136 -16.92361971 -31.2588852  -32.73342405 -31.65956645]
scheduled_ues:  [ 0  1  2  3  4  5  6  8 10 11 12 13 14]
(1, 15, 1, 4, 1, 1)
caused INR: -13.911961561003196
TpsAltruisticFromLsfGain + CumulativeIndividualEstimated_INR + -10.0
None
(1, 15, 1, 4, 1, 1)
caused INR: -8.701544712210222
TpsAltruisticFromLsfGain + CumulativeIndividualEstimated_INR + -12.5
None
(1, 15, 1, 4, 1, 1)
caused INR: -13.911961561003196
TpsAltruisticFromLsfGain + CumulativeIndividualEstimated_INR + -15.0
None
(1, 15, 1, 4, 1, 1)
caused INR: -26.479368066922227
TpsRandomic + IndividualEstimated_INR + -10.0
None
ls_gain_coeffs:
[-140.49888628 -144.40756425 -141.43663049 -129.63273357 -142.0358847
 -122.783172   -133.42129624 -124.06915098 -121.85683213 -107.42610429
 -124.16707342 -118.47055974 -137.95162478 -136.77934982 -142.6492665 ]
inrs_hat:  [-29.50918624 -33.41786421 -30.44693045 -18.64303352 -31.04618466
 -11.79347196 -22.4315962  -13.07945094 -10.86713208   3.56359575
 -13.17737337  -7.48085969 -26.96192473 -25.78964978 -31.65956645]
scheduled_ues:  [ 0  1  2  3  4  5  6  7  8 10 12 13 14]
(1, 15, 1, 4, 1, 1)
caused INR: -9.176108287037394
TpsRandomic + IndividualEstimated_INR + -12.5
None
ls_gain_coeffs:
[-123.96599852 -127.93189488 -147.36038606 -142.63227264 -131.90195878
 -122.783172   -149.9479895  -115.94366289 -132.40695166 -101.43803156
 -124.16707342 -109.9927071  -137.95162478 -127.19195457 -126.0742217 ]
inrs_hat:  [-12.97629848 -16.94219484 -36.37068601 -31.6425726  -20.91225874
 -11.79347196 -38.95828945  -4.95396285 -21.41725161   9.55166849
 -13.17737337   0.99699294 -26.96192473 -16.20225453 -15.08452166]
scheduled_ues:  [ 0  1  2  3  4  6  8 10 12 13 14]
(1, 15, 1, 4, 1, 1)
caused INR: -20.313359656786535
TpsRandomic + IndividualEstimated_INR + -15.0
None
ls_gain_coeffs:
[-133.12922259 -130.92126704 -133.43714096 -142.63227264 -142.0358847
 -130.96345847 -141.92971478 -108.91905495 -121.85683213 -115.93968487
 -136.55545745 -118.47055974 -126.94234493 -136.77934982 -129.63593142]
inrs_hat:  [-22.13952255 -19.93156699 -22.44744091 -31.6425726  -31.04618466
 -19.97375843 -30.94001474   2.07064509 -10.86713208  -4.94998483
 -25.5657574   -7.48085969 -15.95264489 -25.78964978 -18.64623137]
scheduled_ues:  [ 0  1  2  3  4  5  6 10 12 13 14]
(1, 15, 1, 4, 1, 1)
caused INR: -20.711194415918733
TpsRandomic + CumulativeIndividualEstimated_INR + -10.0
None
(1, 15, 1, 4, 1, 1)
caused INR: -10.28659746433782
TpsRandomic + CumulativeIndividualEstimated_INR + -12.5
None
(1, 15, 1, 4, 1, 1)
caused INR: -27.588694183744707
TpsRandomic + CumulativeIndividualEstimated_INR + -15.0
None
(1, 15, 1, 4, 1, 1)
caused INR: -14.703937610995892
Iteration number 61
TpsAltruisticFromLsfGain + IndividualEstimated_INR + -10.0
None
ls_gain_coeffs:
[-141.82853633 -147.95400119 -121.40353475 -141.15022637 -114.70244522
 -148.76903997 -141.11820588 -127.05026948 -136.79302621 -129.35363354
 -133.64188999 -128.84628519 -115.42199576 -136.48217561 -139.76688793]
inrs_hat:  [-30.83883629 -36.96430115 -10.41383471 -30.16052632  -3.71274517
 -37.77933993 -30.12850583 -16.06056944 -25.80332616 -18.3639335
 -22.65218995 -17.85658515  -4.43229571 -25.49247556 -28.77718788]
scheduled_ues:  [ 0  1  2  3  5  6  7  8  9 10 11 13 14]
(1, 15, 1, 4, 1, 1)
caused INR: -11.347784619021553
TpsAltruisticFromLsfGain + IndividualEstimated_INR + -12.5
None
ls_gain_coeffs:
[-141.82853633 -147.95400119 -121.40353475 -141.15022637 -114.70244522
 -148.76903997 -141.11820588 -127.05026948 -136.79302621 -129.35363354
 -133.64188999 -128.84628519 -115.42199576 -136.48217561 -139.76688793]
inrs_hat:  [-30.83883629 -36.96430115 -10.41383471 -30.16052632  -3.71274517
 -37.77933993 -30.12850583 -16.06056944 -25.80332616 -18.3639335
 -22.65218995 -17.85658515  -4.43229571 -25.49247556 -28.77718788]
scheduled_ues:  [ 0  1  3  5  6  7  8  9 10 11 13 14]
(1, 15, 1, 4, 1, 1)
caused INR: -12.19440869652055
TpsAltruisticFromLsfGain + IndividualEstimated_INR + -15.0
None
ls_gain_coeffs:
[-141.82853633 -147.95400119 -121.40353475 -141.15022637 -114.70244522
 -148.76903997 -141.11820588 -127.05026948 -136.79302621 -129.35363354
 -133.64188999 -128.84628519 -115.42199576 -136.48217561 -139.76688793]
inrs_hat:  [-30.83883629 -36.96430115 -10.41383471 -30.16052632  -3.71274517
 -37.77933993 -30.12850583 -16.06056944 -25.80332616 -18.3639335
 -22.65218995 -17.85658515  -4.43229571 -25.49247556 -28.77718788]
scheduled_ues:  [ 0  1  3  5  6  7  8  9 10 11 13 14]
(1, 15, 1, 4, 1, 1)
caused INR: -12.19440869652055
TpsAltruisticFromLsfGain + CumulativeIndividualEstimated_INR + -10.0
None
(1, 15, 1, 4, 1, 1)
caused INR: -12.19440869652055
TpsAltruisticFromLsfGain + CumulativeIndividualEstimated_INR + -12.5
None
(1, 15, 1, 4, 1, 1)
caused INR: -10.48695229100421
TpsAltruisticFromLsfGain + CumulativeIndividualEstimated_INR + -15.0
None
(1, 15, 1, 4, 1, 1)
caused INR: -15.32560731880918
TpsRandomic + IndividualEstimated_INR + -10.0
None
ls_gain_coeffs:
[-127.43299955 -147.95400119 -117.96421587 -127.69475961 -109.22772503
 -135.58966585 -139.67013537 -114.540722   -129.10384563 -118.36247708
 -116.9224018  -119.57805558 -101.03800337 -136.48217561 -139.68385761]
inrs_hat:  [-16.4432995  -36.96430115  -6.97451583 -16.70505957   1.76197501
 -24.59996581 -28.68043533  -3.55102196 -18.11414559  -7.37277704
  -5.93270176  -8.58835554   9.95169667 -25.49247556 -28.69415756]
scheduled_ues:  [ 0  1  3  5  6  8 13 14]
(1, 15, 1, 4, 1, 1)
caused INR: -12.274450864777966
TpsRandomic + IndividualEstimated_INR + -12.5
None
ls_gain_coeffs:
[-128.40996794 -131.23903633 -121.40353475 -141.15022637 -100.43593849
 -135.58966585 -139.67013537 -127.05026948 -120.09396413 -111.60559474
 -133.64188999 -119.57805558 -115.42199576 -121.60349038 -127.26993438]
inrs_hat:  [-17.4202679  -20.24933629 -10.41383471 -30.16052632  10.55376155
 -24.59996581 -28.68043533 -16.06056944  -9.10426409  -0.6158947
 -22.65218995  -8.58835554  -4.43229571 -10.61379034 -16.28023434]
scheduled_ues:  [ 0  1  3  5  6  7 10 14]
(1, 15, 1, 4, 1, 1)
caused INR: -10.593198335375092
TpsRandomic + IndividualEstimated_INR + -15.0
None
ls_gain_coeffs:
[-141.82853633 -139.07092571 -121.40353475 -138.10862611 -114.70244522
 -146.55571761 -127.71122554 -127.05026948 -129.10384563 -117.2903124
 -121.58251185 -116.54098267 -115.42199576 -121.60349038 -139.68385761]
inrs_hat:  [-30.83883629 -28.08122567 -10.41383471 -27.11892607  -3.71274517
 -35.56601756 -16.7215255  -16.06056944 -18.11414559  -6.30061236
 -10.5928118   -5.55128262  -4.43229571 -10.61379034 -28.69415756]
scheduled_ues:  [ 0  1  3  5  6  7  8 14]
(1, 15, 1, 4, 1, 1)
caused INR: -14.54283025506134
TpsRandomic + CumulativeIndividualEstimated_INR + -10.0
None
(1, 15, 1, 4, 1, 1)
caused INR: -13.045492172529073
TpsRandomic + CumulativeIndividualEstimated_INR + -12.5
None
(1, 15, 1, 4, 1, 1)
caused INR: -7.857727147008267
TpsRandomic + CumulativeIndividualEstimated_INR + -15.0
None
(1, 15, 1, 4, 1, 1)
caused INR: -17.24163678164088
Iteration number 62
TpsAltruisticFromLsfGain + IndividualEstimated_INR + -10.0
None
ls_gain_coeffs:
[-140.79265244 -132.60752723 -144.87167249 -133.2544422  -133.44442288
 -116.70879503 -144.27481155 -144.4149499  -156.2047266  -138.76055788
 -140.89097781 -135.09085077 -137.78769968 -123.29233488 -123.60121272]
inrs_hat:  [-29.8029524  -21.61782719 -33.88197245 -22.26474216 -22.45472284
  -5.71909499 -33.2851115  -33.42524986 -45.21502656 -27.77085784
 -29.90127777 -24.10115073 -26.79799963 -12.30263484 -12.61151267]
scheduled_ues:  [ 0  1  2  3  4  6  7  8  9 10 11 12 13 14]
(1, 15, 1, 4, 1, 1)
caused INR: -17.168693687102678
TpsAltruisticFromLsfGain + IndividualEstimated_INR + -12.5
None
ls_gain_coeffs:
[-140.79265244 -132.60752723 -144.87167249 -133.2544422  -133.44442288
 -116.70879503 -144.27481155 -144.4149499  -156.2047266  -138.76055788
 -140.89097781 -135.09085077 -137.78769968 -123.29233488 -123.60121272]
inrs_hat:  [-29.8029524  -21.61782719 -33.88197245 -22.26474216 -22.45472284
  -5.71909499 -33.2851115  -33.42524986 -45.21502656 -27.77085784
 -29.90127777 -24.10115073 -26.79799963 -12.30263484 -12.61151267]
scheduled_ues:  [ 0  1  2  3  4  6  7  8  9 10 11 12 14]
(1, 15, 1, 4, 1, 1)
caused INR: -12.278949911956937
TpsAltruisticFromLsfGain + IndividualEstimated_INR + -15.0
None
ls_gain_coeffs:
[-140.79265244 -132.60752723 -144.87167249 -133.2544422  -133.44442288
 -116.70879503 -144.27481155 -144.4149499  -156.2047266  -138.76055788
 -140.89097781 -135.09085077 -137.78769968 -123.29233488 -123.60121272]
inrs_hat:  [-29.8029524  -21.61782719 -33.88197245 -22.26474216 -22.45472284
  -5.71909499 -33.2851115  -33.42524986 -45.21502656 -27.77085784
 -29.90127777 -24.10115073 -26.79799963 -12.30263484 -12.61151267]
scheduled_ues:  [ 0  1  2  3  4  6  7  8  9 10 11 12]
(1, 15, 1, 4, 1, 1)
caused INR: -26.289777134709812
TpsAltruisticFromLsfGain + CumulativeIndividualEstimated_INR + -10.0
None
(1, 15, 1, 4, 1, 1)
caused INR: -12.278949911956937
TpsAltruisticFromLsfGain + CumulativeIndividualEstimated_INR + -12.5
None
(1, 15, 1, 4, 1, 1)
caused INR: -26.289777134709812
TpsAltruisticFromLsfGain + CumulativeIndividualEstimated_INR + -15.0
None
(1, 15, 1, 4, 1, 1)
caused INR: -26.289777134709812
TpsRandomic + IndividualEstimated_INR + -10.0
None
ls_gain_coeffs:
[-139.36702913 -132.60752723 -128.59497375 -133.2544422  -116.69989593
 -116.70879503 -128.34239698 -127.6297515  -147.52795617 -124.56834569
 -127.71177867 -121.40531705 -126.73281868 -108.72999528 -110.46102486]
inrs_hat:  [-28.37732909 -21.61782719 -17.60527371 -22.26474216  -5.71019588
  -5.71909499 -17.35269694 -16.64005146 -36.53825612 -13.57864565
 -16.72207863 -10.415617   -15.74311864   2.25970476   0.52867518]
scheduled_ues:  [ 0  1  2  3  6  7  8  9 10 11 12]
(1, 15, 1, 4, 1, 1)
caused INR: -5.893266423343249
TpsRandomic + IndividualEstimated_INR + -12.5
None
ls_gain_coeffs:
[-127.87584467 -132.60752723 -131.01315824 -133.2544422  -122.61635373
 -102.71989349 -139.0385897  -144.4149499  -147.52795617 -124.56834569
 -124.01454472 -128.85073314 -137.78769968 -106.56521735 -115.34121186]
inrs_hat:  [-16.88614463 -21.61782719 -20.0234582  -22.26474216 -11.62665368
   8.26980655 -28.04888966 -33.42524986 -36.53825612 -13.57864565
 -13.02484468 -17.8610331  -26.79799963   4.4244827   -4.35151181]
scheduled_ues:  [ 0  1  2  3  6  7  8  9 10 11 12]
(1, 15, 1, 4, 1, 1)
caused INR: -10.961399398139227
TpsRandomic + IndividualEstimated_INR + -15.0
None
ls_gain_coeffs:
[-127.87584467 -118.50432664 -138.61838926 -133.2544422  -116.69989593
 -112.06689041 -130.08780426 -133.79463086 -144.23002107 -122.8177335
 -140.89097781 -118.90722509 -137.78769968 -116.84203942 -110.46102486]
inrs_hat:  [-16.88614463  -7.5146266  -27.62868922 -22.26474216  -5.71019588
  -1.07719037 -19.09810422 -22.80493081 -33.24032102 -11.82803346
 -29.90127777  -7.91752505 -26.79799963  -5.85233937   0.52867518]
scheduled_ues:  [ 0  2  3  6  7  8 10 12]
(1, 15, 1, 4, 1, 1)
caused INR: -19.813253397938727
TpsRandomic + CumulativeIndividualEstimated_INR + -10.0
None
(1, 15, 1, 4, 1, 1)
caused INR: -19.33205370899571
TpsRandomic + CumulativeIndividualEstimated_INR + -12.5
None
(1, 15, 1, 4, 1, 1)
caused INR: -14.20292690418226
TpsRandomic + CumulativeIndividualEstimated_INR + -15.0
None
(1, 15, 1, 4, 1, 1)
caused INR: -17.97166394533675
Iteration number 63
TpsAltruisticFromLsfGain + IndividualEstimated_INR + -10.0
None
ls_gain_coeffs:
[-136.25487504 -120.8946183  -149.24648919 -133.87195946 -134.36935315
 -133.60700818 -131.94478706 -132.06222958 -118.20918635 -145.62450742
 -121.20438477 -121.78632447 -143.72384268 -137.2016812  -143.21897935]
inrs_hat:  [-25.265175    -9.90491825 -38.25678915 -22.88225941 -23.3796531
 -22.61730814 -20.95508701 -21.07252953  -7.21948631 -34.63480738
 -10.21468473 -10.79662442 -32.73414263 -26.21198115 -32.22927931]
scheduled_ues:  [ 0  2  3  4  5  6  7  9 10 11 12 13 14]
(1, 15, 1, 4, 1, 1)
caused INR: -14.886384412377678
TpsAltruisticFromLsfGain + IndividualEstimated_INR + -12.5
None
ls_gain_coeffs:
[-136.25487504 -120.8946183  -149.24648919 -133.87195946 -134.36935315
 -133.60700818 -131.94478706 -132.06222958 -118.20918635 -145.62450742
 -121.20438477 -121.78632447 -143.72384268 -137.2016812  -143.21897935]
inrs_hat:  [-25.265175    -9.90491825 -38.25678915 -22.88225941 -23.3796531
 -22.61730814 -20.95508701 -21.07252953  -7.21948631 -34.63480738
 -10.21468473 -10.79662442 -32.73414263 -26.21198115 -32.22927931]
scheduled_ues:  [ 0  2  3  4  5  6  7  9 12 13 14]
(1, 15, 1, 4, 1, 1)
caused INR: -19.46964391082087
TpsAltruisticFromLsfGain + IndividualEstimated_INR + -15.0
None
ls_gain_coeffs:
[-136.25487504 -120.8946183  -149.24648919 -133.87195946 -134.36935315
 -133.60700818 -131.94478706 -132.06222958 -118.20918635 -145.62450742
 -121.20438477 -121.78632447 -143.72384268 -137.2016812  -143.21897935]
inrs_hat:  [-25.265175    -9.90491825 -38.25678915 -22.88225941 -23.3796531
 -22.61730814 -20.95508701 -21.07252953  -7.21948631 -34.63480738
 -10.21468473 -10.79662442 -32.73414263 -26.21198115 -32.22927931]
scheduled_ues:  [ 0  2  3  4  5  6  7  9 12 13 14]
(1, 15, 1, 4, 1, 1)
caused INR: -19.46964391082087
TpsAltruisticFromLsfGain + CumulativeIndividualEstimated_INR + -10.0
None
(1, 15, 1, 4, 1, 1)
caused INR: -19.46964391082087
TpsAltruisticFromLsfGain + CumulativeIndividualEstimated_INR + -12.5
None
(1, 15, 1, 4, 1, 1)
caused INR: -19.46964391082087
TpsAltruisticFromLsfGain + CumulativeIndividualEstimated_INR + -15.0
None
(1, 15, 1, 4, 1, 1)
caused INR: -34.720588958139864
TpsRandomic + IndividualEstimated_INR + -10.0
None
ls_gain_coeffs:
[-122.31430089 -108.3841764  -134.70295162 -125.61065357 -116.97918057
 -116.3766918  -115.10528627 -118.69619801 -105.15229706 -145.62450742
 -110.72357311 -121.78632447 -135.55103202 -120.46569817 -143.21897935]
inrs_hat:  [-11.32460084   2.60552365 -23.71325158 -14.62095352  -5.98948053
  -5.38699175  -4.11558623  -7.70649797   5.83740299 -34.63480738
   0.26612693 -10.79662442 -24.56133197  -9.47599813 -32.22927931]
scheduled_ues:  [ 0  2  3  9 11 12 14]
(1, 15, 1, 4, 1, 1)
caused INR: -14.2430178561576
TpsRandomic + IndividualEstimated_INR + -12.5
None
ls_gain_coeffs:
[-120.81532673 -108.3841764  -134.70295162 -116.62860291 -123.82620066
 -122.94407785 -131.94478706 -118.69619801 -116.36331846 -128.86026049
 -110.72357311 -108.41384385 -135.55103202 -130.06439468 -143.21897935]
inrs_hat:  [ -9.82562669   2.60552365 -23.71325158  -5.63890286 -12.83650062
 -11.95437781 -20.95508701  -7.70649797  -5.37361842 -17.87056045
   0.26612693   2.5758562  -24.56133197 -19.07469463 -32.22927931]
scheduled_ues:  [ 2  4  6  9 12 13 14]
(1, 15, 1, 4, 1, 1)
caused INR: -7.478571540070677
TpsRandomic + IndividualEstimated_INR + -15.0
None
ls_gain_coeffs:
[-120.81532673 -108.3841764  -135.7539204  -120.08815225 -122.57376048
 -122.94407785 -121.041409   -125.06964234 -116.36331846 -128.86026049
 -110.72357311 -108.41384385 -143.72384268 -130.06439468 -130.72288627]
inrs_hat:  [ -9.82562669   2.60552365 -24.76422036  -9.0984522  -11.58406044
 -11.95437781 -10.05170896 -14.07994229  -5.37361842 -17.87056045
   0.26612693   2.5758562  -32.73414263 -19.07469463 -19.73318622]
scheduled_ues:  [ 2  9 12 13 14]
(1, 15, 1, 4, 1, 1)
caused INR: -16.29732815885997
TpsRandomic + CumulativeIndividualEstimated_INR + -10.0
None
(1, 15, 1, 4, 1, 1)
caused INR: -4.485556959834175
TpsRandomic + CumulativeIndividualEstimated_INR + -12.5
None
(1, 15, 1, 4, 1, 1)
caused INR: -31.068991670895556
TpsRandomic + CumulativeIndividualEstimated_INR + -15.0
None
(1, 15, 1, 4, 1, 1)
caused INR: -17.83213167215171
Iteration number 64
TpsAltruisticFromLsfGain + IndividualEstimated_INR + -10.0
None
ls_gain_coeffs:
[-142.88423646 -149.59658899 -131.80091857 -152.90622968 -123.18618146
 -126.89923802 -143.09602326 -126.4810718  -142.97858125 -129.95975159
 -137.93913982 -133.83033083 -117.94356941 -134.14707164 -137.98800637]
inrs_hat:  [-31.89453642 -38.60688894 -20.81121852 -41.91652963 -12.19648142
 -15.90953797 -32.10632321 -15.49137176 -31.9888812  -18.97005155
 -26.94943978 -22.84063079  -6.95386936 -23.15737159 -26.99830632]
scheduled_ues:  [ 0  1  2  3  4  5  6  7  8  9 10 11 13 14]
(1, 15, 1, 4, 1, 1)
caused INR: -8.367083202755996
TpsAltruisticFromLsfGain + IndividualEstimated_INR + -12.5
None
ls_gain_coeffs:
[-142.88423646 -149.59658899 -131.80091857 -152.90622968 -123.18618146
 -126.89923802 -143.09602326 -126.4810718  -142.97858125 -129.95975159
 -137.93913982 -133.83033083 -117.94356941 -134.14707164 -137.98800637]
inrs_hat:  [-31.89453642 -38.60688894 -20.81121852 -41.91652963 -12.19648142
 -15.90953797 -32.10632321 -15.49137176 -31.9888812  -18.97005155
 -26.94943978 -22.84063079  -6.95386936 -23.15737159 -26.99830632]
scheduled_ues:  [ 0  1  2  3  5  6  7  8  9 10 11 13 14]
(1, 15, 1, 4, 1, 1)
caused INR: -21.649219365759883
TpsAltruisticFromLsfGain + IndividualEstimated_INR + -15.0
None
ls_gain_coeffs:
[-142.88423646 -149.59658899 -131.80091857 -152.90622968 -123.18618146
 -126.89923802 -143.09602326 -126.4810718  -142.97858125 -129.95975159
 -137.93913982 -133.83033083 -117.94356941 -134.14707164 -137.98800637]
inrs_hat:  [-31.89453642 -38.60688894 -20.81121852 -41.91652963 -12.19648142
 -15.90953797 -32.10632321 -15.49137176 -31.9888812  -18.97005155
 -26.94943978 -22.84063079  -6.95386936 -23.15737159 -26.99830632]
scheduled_ues:  [ 0  1  2  3  5  6  7  8  9 10 11 13 14]
(1, 15, 1, 4, 1, 1)
caused INR: -21.649219365759883
TpsAltruisticFromLsfGain + CumulativeIndividualEstimated_INR + -10.0
None
(1, 15, 1, 4, 1, 1)
caused INR: -21.649219365759883
TpsAltruisticFromLsfGain + CumulativeIndividualEstimated_INR + -12.5
None
(1, 15, 1, 4, 1, 1)
caused INR: -20.283006168294932
TpsAltruisticFromLsfGain + CumulativeIndividualEstimated_INR + -15.0
None
(1, 15, 1, 4, 1, 1)
caused INR: -16.98532006669452
TpsRandomic + IndividualEstimated_INR + -10.0
None
ls_gain_coeffs:
[-129.09715487 -141.06823353 -114.9536423  -141.67800537 -103.31849913
 -109.8609987  -129.53620685 -112.23958542 -132.27909705 -123.46657501
 -137.93913982 -133.83033083 -105.39392265 -134.14707164 -125.08305312]
inrs_hat:  [-18.10745482 -30.07853349  -3.96394226 -30.68830533   7.67120091
   1.12870134 -18.54650681  -1.24988538 -21.289397   -12.47687496
 -26.94943978 -22.84063079   5.59577739 -23.15737159 -14.09335307]
scheduled_ues:  [ 0  1  3  6  8  9 10 11 13 14]
(1, 15, 1, 4, 1, 1)
caused INR: -9.475281463941084
TpsRandomic + IndividualEstimated_INR + -12.5
None
ls_gain_coeffs:
[-142.88423646 -137.28891786 -131.80091857 -152.90622968 -123.18618146
 -115.36090458 -129.53620685 -112.23958542 -126.1006341  -116.0714425
 -122.74421485 -126.62879207 -105.28587589 -134.14707164 -125.08305312]
inrs_hat:  [-31.89453642 -26.29921781 -20.81121852 -41.91652963 -12.19648142
  -4.37120454 -18.54650681  -1.24988538 -15.11093406  -5.08174246
 -11.75451481 -15.63909203   5.70382415 -23.15737159 -14.09335307]
scheduled_ues:  [ 0  1  2  3  6  8 11 13 14]
(1, 15, 1, 4, 1, 1)
caused INR: -20.019690458757427
TpsRandomic + IndividualEstimated_INR + -15.0
None
ls_gain_coeffs:
[-142.88423646 -141.06823353 -131.80091857 -141.67800537 -110.16526989
 -116.80269281 -141.41869864 -117.74482325 -132.27909705 -123.46657501
 -137.93913982 -117.31083416 -117.61942913 -119.70562443 -137.98800637]
inrs_hat:  [-31.89453642 -30.07853349 -20.81121852 -30.68830533   0.82443016
  -5.81299277 -30.4289986   -6.7551232  -21.289397   -12.47687496
 -26.94943978  -6.32113412  -6.62972909  -8.71592439 -26.99830632]
scheduled_ues:  [ 0  1  2  3  6  8 10 14]
(1, 15, 1, 4, 1, 1)
caused INR: -15.589362636503761
TpsRandomic + CumulativeIndividualEstimated_INR + -10.0
None
(1, 15, 1, 4, 1, 1)
caused INR: -18.465096950869565
TpsRandomic + CumulativeIndividualEstimated_INR + -12.5
None
(1, 15, 1, 4, 1, 1)
caused INR: -25.68097135363649
TpsRandomic + CumulativeIndividualEstimated_INR + -15.0
None
(1, 15, 1, 4, 1, 1)
caused INR: -18.2009970357288
Iteration number 65
TpsAltruisticFromLsfGain + IndividualEstimated_INR + -10.0
None
ls_gain_coeffs:
[-142.04476788 -134.3623109  -131.36764351 -146.52028997 -132.89324139
 -140.69531767 -138.66084857 -133.81780373 -127.41180933 -145.02038047
 -141.56219551 -135.55960786 -142.56375585 -139.014616   -144.53928348]
inrs_hat:  [-31.05506784 -23.37261086 -20.37794347 -35.53058992 -21.90354135
 -29.70561762 -27.67114853 -22.82810368 -16.42210928 -34.03068043
 -30.57249547 -24.56990782 -31.57405581 -28.02491596 -33.54958344]
scheduled_ues:  [ 0  1  2  3  4  5  6  7  8  9 10 11 12 13 14]
(1, 15, 1, 4, 1, 1)
caused INR: -22.17256095125462
TpsAltruisticFromLsfGain + IndividualEstimated_INR + -12.5
None
ls_gain_coeffs:
[-142.04476788 -134.3623109  -131.36764351 -146.52028997 -132.89324139
 -140.69531767 -138.66084857 -133.81780373 -127.41180933 -145.02038047
 -141.56219551 -135.55960786 -142.56375585 -139.014616   -144.53928348]
inrs_hat:  [-31.05506784 -23.37261086 -20.37794347 -35.53058992 -21.90354135
 -29.70561762 -27.67114853 -22.82810368 -16.42210928 -34.03068043
 -30.57249547 -24.56990782 -31.57405581 -28.02491596 -33.54958344]
scheduled_ues:  [ 0  1  2  3  4  5  6  7  8  9 10 11 12 13 14]
(1, 15, 1, 4, 1, 1)
caused INR: -22.17256095125462
TpsAltruisticFromLsfGain + IndividualEstimated_INR + -15.0
None
ls_gain_coeffs:
[-142.04476788 -134.3623109  -131.36764351 -146.52028997 -132.89324139
 -140.69531767 -138.66084857 -133.81780373 -127.41180933 -145.02038047
 -141.56219551 -135.55960786 -142.56375585 -139.014616   -144.53928348]
inrs_hat:  [-31.05506784 -23.37261086 -20.37794347 -35.53058992 -21.90354135
 -29.70561762 -27.67114853 -22.82810368 -16.42210928 -34.03068043
 -30.57249547 -24.56990782 -31.57405581 -28.02491596 -33.54958344]
scheduled_ues:  [ 0  1  2  3  4  5  6  7  8  9 10 11 12 13 14]
(1, 15, 1, 4, 1, 1)
caused INR: -22.17256095125462
TpsAltruisticFromLsfGain + CumulativeIndividualEstimated_INR + -10.0
None
(1, 15, 1, 4, 1, 1)
caused INR: -22.17256095125462
TpsAltruisticFromLsfGain + CumulativeIndividualEstimated_INR + -12.5
None
(1, 15, 1, 4, 1, 1)
caused INR: -20.959237939468103
TpsAltruisticFromLsfGain + CumulativeIndividualEstimated_INR + -15.0
None
(1, 15, 1, 4, 1, 1)
caused INR: -24.367324454507795
TpsRandomic + IndividualEstimated_INR + -10.0
None
ls_gain_coeffs:
[-142.04476788 -134.3623109  -114.11733315 -129.81606071 -121.9022553
 -124.15371423 -127.06602485 -119.98303682 -114.64080544 -132.16387576
 -126.08445453 -123.54029137 -125.66322275 -124.55018406 -132.1362391 ]
inrs_hat:  [-31.05506784 -23.37261086  -3.12763311 -18.82636066 -10.91255526
 -13.16401419 -16.07632481  -8.99333678  -3.6511054  -21.17417572
 -15.09475448 -12.55059132 -14.67352271 -13.56048401 -21.14653906]
scheduled_ues:  [ 0  1  3  4  5  6  9 10 11 12 13 14]
(1, 15, 1, 4, 1, 1)
caused INR: -2.712326750028127
TpsRandomic + IndividualEstimated_INR + -12.5
None
ls_gain_coeffs:
[-129.41917107 -134.3623109  -122.09970547 -137.29960964 -121.54851999
 -134.15311704 -128.79571649 -131.72805336 -114.80550738 -145.02038047
 -137.00798403 -125.61873504 -142.56375585 -124.55018406 -127.89718078]
inrs_hat:  [-18.42947103 -23.37261086 -11.11000543 -26.3099096  -10.55881995
 -23.16341699 -17.80601644 -20.73835332  -3.81580734 -34.03068043
 -26.01828399 -14.62903499 -31.57405581 -13.56048401 -16.90748074]
scheduled_ues:  [ 0  1  3  5  6  7  9 10 11 12 13 14]
(1, 15, 1, 4, 1, 1)
caused INR: -6.8233310344924
TpsRandomic + IndividualEstimated_INR + -15.0
None
ls_gain_coeffs:
[-142.04476788 -132.47636123 -114.11733315 -134.77411177 -115.50458765
 -126.59591143 -121.71007067 -120.67962027 -114.64080544 -145.02038047
 -137.00798403 -123.54029137 -125.66322275 -125.56160003 -136.09972246]
inrs_hat:  [-31.05506784 -21.48666118  -3.12763311 -23.78441173  -4.5148876
 -15.60621139 -10.72037063  -9.68992023  -3.6511054  -34.03068043
 -26.01828399 -12.55059132 -14.67352271 -14.57189999 -25.11002242]
scheduled_ues:  [ 0  1  3  5  9 10 14]
(1, 15, 1, 4, 1, 1)
caused INR: -14.965299995867639
TpsRandomic + CumulativeIndividualEstimated_INR + -10.0
None
(1, 15, 1, 4, 1, 1)
caused INR: -13.005295002993499
TpsRandomic + CumulativeIndividualEstimated_INR + -12.5
None
(1, 15, 1, 4, 1, 1)
caused INR: -13.557832853741942
TpsRandomic + CumulativeIndividualEstimated_INR + -15.0
None
(1, 15, 1, 4, 1, 1)
caused INR: -19.10384309995478
Iteration number 66
TpsAltruisticFromLsfGain + IndividualEstimated_INR + -10.0
None
ls_gain_coeffs:
[-133.25696872 -136.47093164 -144.60640178 -122.10067312 -146.71592782
 -137.73714605 -131.38293283 -126.62581403 -125.14074491 -129.57840484
 -147.97044148 -139.66555111 -135.33601029 -129.35538669 -132.57809907]
inrs_hat:  [-22.26726867 -25.4812316  -33.61670174 -11.11097308 -35.72622778
 -26.74744601 -20.39323279 -15.63611399 -14.15104487 -18.5887048
 -36.98074144 -28.67585106 -24.34631025 -18.36568665 -21.58839903]
scheduled_ues:  [ 0  1  2  3  4  5  6  7  8  9 10 11 12 13 14]
(1, 15, 1, 4, 1, 1)
caused INR: -12.276162534682795
TpsAltruisticFromLsfGain + IndividualEstimated_INR + -12.5
None
ls_gain_coeffs:
[-133.25696872 -136.47093164 -144.60640178 -122.10067312 -146.71592782
 -137.73714605 -131.38293283 -126.62581403 -125.14074491 -129.57840484
 -147.97044148 -139.66555111 -135.33601029 -129.35538669 -132.57809907]
inrs_hat:  [-22.26726867 -25.4812316  -33.61670174 -11.11097308 -35.72622778
 -26.74744601 -20.39323279 -15.63611399 -14.15104487 -18.5887048
 -36.98074144 -28.67585106 -24.34631025 -18.36568665 -21.58839903]
scheduled_ues:  [ 0  1  2  4  5  6  7  8  9 10 11 12 13 14]
(1, 15, 1, 4, 1, 1)
caused INR: -15.868935725530296
TpsAltruisticFromLsfGain + IndividualEstimated_INR + -15.0
None
ls_gain_coeffs:
[-133.25696872 -136.47093164 -144.60640178 -122.10067312 -146.71592782
 -137.73714605 -131.38293283 -126.62581403 -125.14074491 -129.57840484
 -147.97044148 -139.66555111 -135.33601029 -129.35538669 -132.57809907]
inrs_hat:  [-22.26726867 -25.4812316  -33.61670174 -11.11097308 -35.72622778
 -26.74744601 -20.39323279 -15.63611399 -14.15104487 -18.5887048
 -36.98074144 -28.67585106 -24.34631025 -18.36568665 -21.58839903]
scheduled_ues:  [ 0  1  2  4  5  6  7  9 10 11 12 13 14]
(1, 15, 1, 4, 1, 1)
caused INR: -17.438862280665106
TpsAltruisticFromLsfGain + CumulativeIndividualEstimated_INR + -10.0
None
(1, 15, 1, 4, 1, 1)
caused INR: -17.438862280665106
TpsAltruisticFromLsfGain + CumulativeIndividualEstimated_INR + -12.5
None
(1, 15, 1, 4, 1, 1)
caused INR: -18.677742055770103
TpsAltruisticFromLsfGain + CumulativeIndividualEstimated_INR + -15.0
None
(1, 15, 1, 4, 1, 1)
caused INR: -20.552452109571796
TpsRandomic + IndividualEstimated_INR + -10.0
None
ls_gain_coeffs:
[-133.25696872 -136.47093164 -144.60640178 -109.06628439 -146.71592782
 -121.41501418 -131.38293283 -116.24491615 -114.09346428 -126.34947941
 -137.97074927 -132.85052989 -119.32616094 -120.03421349 -125.82353925]
inrs_hat:  [-22.26726867 -25.4812316  -33.61670174   1.92341565 -35.72622778
 -10.42531414 -20.39323279  -5.2552161   -3.10376423 -15.35977937
 -26.98104923 -21.86082985  -8.33646089  -9.04451344 -14.8338392 ]
scheduled_ues:  [ 0  1  2  4  5  6  9 10 11 14]
(1, 15, 1, 4, 1, 1)
caused INR: -10.159705755898539
TpsRandomic + IndividualEstimated_INR + -12.5
None
ls_gain_coeffs:
[-133.25696872 -122.98919422 -144.60640178 -122.10067312 -135.14673136
 -124.53407924 -118.55933928 -126.62581403 -106.64249984 -116.06049636
 -137.97074927 -139.66555111 -119.32616094 -116.15926832 -125.82353925]
inrs_hat:  [-22.26726867 -11.99949418 -33.61670174 -11.11097308 -24.15703132
 -13.5443792   -7.56963924 -15.63611399   4.34720021  -5.07079632
 -26.98104923 -28.67585106  -8.33646089  -5.16956828 -14.8338392 ]
scheduled_ues:  [ 0  2  4  5  7 10 11 14]
(1, 15, 1, 4, 1, 1)
caused INR: -7.446354332171801
TpsRandomic + IndividualEstimated_INR + -15.0
None
ls_gain_coeffs:
[-119.18066499 -136.47093164 -130.38250183 -108.47349566 -136.58425854
 -124.53407924 -131.38293283 -116.24491615 -114.09346428 -129.57840484
 -147.97044148 -139.66555111 -129.88087207 -129.35538669 -125.82353925]
inrs_hat:  [ -8.19096494 -25.4812316  -19.39280179   2.51620438 -25.59455849
 -13.5443792  -20.39323279  -5.2552161   -3.10376423 -18.5887048
 -36.98074144 -28.67585106 -18.89117203 -18.36568665 -14.8338392 ]
scheduled_ues:  [ 1  2  4  6  9 10 11 12 13]
(1, 15, 1, 4, 1, 1)
caused INR: -37.34425935157483
TpsRandomic + CumulativeIndividualEstimated_INR + -10.0
None
(1, 15, 1, 4, 1, 1)
caused INR: -15.34769463873461
TpsRandomic + CumulativeIndividualEstimated_INR + -12.5
None
(1, 15, 1, 4, 1, 1)
caused INR: -9.681323528781391
TpsRandomic + CumulativeIndividualEstimated_INR + -15.0
None
(1, 15, 1, 4, 1, 1)
caused INR: -8.480700233936167
Iteration number 67
TpsAltruisticFromLsfGain + IndividualEstimated_INR + -10.0
None
ls_gain_coeffs:
[-148.5666656  -143.49320353 -148.89775972 -131.69859088 -143.0655207
 -139.77923925 -133.84432291 -129.03797149 -144.43164244 -145.90511247
 -135.33357286 -137.91053449 -128.04979344 -144.92868331 -146.34219219]
inrs_hat:  [-37.57696556 -32.50350348 -37.90805968 -20.70889083 -32.07582065
 -28.7895392  -22.85462287 -18.04827145 -33.4419424  -34.91541242
 -24.34387282 -26.92083444 -17.0600934  -33.93898327 -35.35249215]
scheduled_ues:  [ 0  1  2  3  4  5  6  7  8  9 10 11 12 13 14]
(1, 15, 1, 4, 1, 1)
caused INR: -13.169881968358714
TpsAltruisticFromLsfGain + IndividualEstimated_INR + -12.5
None
ls_gain_coeffs:
[-148.5666656  -143.49320353 -148.89775972 -131.69859088 -143.0655207
 -139.77923925 -133.84432291 -129.03797149 -144.43164244 -145.90511247
 -135.33357286 -137.91053449 -128.04979344 -144.92868331 -146.34219219]
inrs_hat:  [-37.57696556 -32.50350348 -37.90805968 -20.70889083 -32.07582065
 -28.7895392  -22.85462287 -18.04827145 -33.4419424  -34.91541242
 -24.34387282 -26.92083444 -17.0600934  -33.93898327 -35.35249215]
scheduled_ues:  [ 0  1  2  3  4  5  6  7  8  9 10 11 12 13 14]
(1, 15, 1, 4, 1, 1)
caused INR: -13.169881968358714
TpsAltruisticFromLsfGain + IndividualEstimated_INR + -15.0
None
ls_gain_coeffs:
[-148.5666656  -143.49320353 -148.89775972 -131.69859088 -143.0655207
 -139.77923925 -133.84432291 -129.03797149 -144.43164244 -145.90511247
 -135.33357286 -137.91053449 -128.04979344 -144.92868331 -146.34219219]
inrs_hat:  [-37.57696556 -32.50350348 -37.90805968 -20.70889083 -32.07582065
 -28.7895392  -22.85462287 -18.04827145 -33.4419424  -34.91541242
 -24.34387282 -26.92083444 -17.0600934  -33.93898327 -35.35249215]
scheduled_ues:  [ 0  1  2  3  4  5  6  7  8  9 10 11 12 13 14]
(1, 15, 1, 4, 1, 1)
caused INR: -13.169881968358714
TpsAltruisticFromLsfGain + CumulativeIndividualEstimated_INR + -10.0
None
(1, 15, 1, 4, 1, 1)
caused INR: -13.169881968358714
TpsAltruisticFromLsfGain + CumulativeIndividualEstimated_INR + -12.5
None
(1, 15, 1, 4, 1, 1)
caused INR: -22.194479367673647
TpsAltruisticFromLsfGain + CumulativeIndividualEstimated_INR + -15.0
None
(1, 15, 1, 4, 1, 1)
caused INR: -17.408615169736187
TpsRandomic + IndividualEstimated_INR + -10.0
None
ls_gain_coeffs:
[-145.29197644 -143.49320353 -138.6556217  -131.69859088 -143.0655207
 -132.65785755 -133.84432291 -127.95332169 -138.46365823 -132.41376648
 -125.05598294 -137.91053449 -122.07741118 -133.37853374 -135.34501484]
inrs_hat:  [-34.30227639 -32.50350348 -27.66592166 -20.70889083 -32.07582065
 -21.66815751 -22.85462287 -16.96362165 -27.47395819 -21.42406643
 -14.0662829  -26.92083444 -11.08771113 -22.3888337  -24.3553148 ]
scheduled_ues:  [ 0  1  2  3  4  5  6  7  8  9 10 11 12 13 14]
(1, 15, 1, 4, 1, 1)
caused INR: -18.634429753244014
TpsRandomic + IndividualEstimated_INR + -12.5
None
ls_gain_coeffs:
[-135.03350255 -143.49320353 -132.0989539  -117.31519096 -142.50008364
 -132.65785755 -120.44037401 -116.23482156 -144.43164244 -132.41376648
 -135.33357286 -126.04718849 -113.79811611 -133.37853374 -146.34219219]
inrs_hat:  [-24.0438025  -32.50350348 -21.10925386  -6.32549092 -31.5103836
 -21.66815751  -9.45067397  -5.24512152 -33.4419424  -21.42406643
 -24.34387282 -15.05748845  -2.80841606 -22.3888337  -35.35249215]
scheduled_ues:  [ 0  1  2  4  5  8  9 10 11 13 14]
(1, 15, 1, 4, 1, 1)
caused INR: -8.827851205668022
TpsRandomic + IndividualEstimated_INR + -15.0
None
ls_gain_coeffs:
[-145.29197644 -126.90448141 -148.89775972 -118.28609092 -142.50008364
 -139.77923925 -117.23622287 -115.87327163 -138.46365823 -138.87901213
 -125.05598294 -137.91053449 -128.04979344 -128.19318697 -136.34019277]
inrs_hat:  [-34.30227639 -15.91478137 -37.90805968  -7.29639087 -31.5103836
 -28.7895392   -6.24652282  -4.88357158 -27.47395819 -27.88931209
 -14.0662829  -26.92083444 -17.0600934  -17.20348693 -25.35049273]
scheduled_ues:  [ 0  1  2  4  5  8  9 11 12 13 14]
(1, 15, 1, 4, 1, 1)
caused INR: -15.998661336223655
TpsRandomic + CumulativeIndividualEstimated_INR + -10.0
None
(1, 15, 1, 4, 1, 1)
caused INR: -15.089267510644326
TpsRandomic + CumulativeIndividualEstimated_INR + -12.5
None
(1, 15, 1, 4, 1, 1)
caused INR: -10.841574937479901
TpsRandomic + CumulativeIndividualEstimated_INR + -15.0
None
(1, 15, 1, 4, 1, 1)
caused INR: -25.37880928193209
Iteration number 68
TpsAltruisticFromLsfGain + IndividualEstimated_INR + -10.0
None
ls_gain_coeffs:
[-146.53523135 -145.37677238 -114.9452138  -138.109081   -148.37713915
 -131.25323706 -144.56501359 -128.9583833  -147.58944413 -124.8477721
 -126.6218999  -145.87318667 -131.77222231 -131.9232099  -132.50081568]
inrs_hat:  [-35.54553131 -34.38707233  -3.95551375 -27.11938096 -37.38743911
 -20.26353702 -33.57531354 -17.96868325 -36.59974409 -13.85807206
 -15.63219986 -34.88348663 -20.78252227 -20.93350986 -21.51111564]
scheduled_ues:  [ 0  1  3  4  5  6  7  8  9 10 11 12 13 14]
(1, 15, 1, 4, 1, 1)
caused INR: -7.356828486729304
TpsAltruisticFromLsfGain + IndividualEstimated_INR + -12.5
None
ls_gain_coeffs:
[-146.53523135 -145.37677238 -114.9452138  -138.109081   -148.37713915
 -131.25323706 -144.56501359 -128.9583833  -147.58944413 -124.8477721
 -126.6218999  -145.87318667 -131.77222231 -131.9232099  -132.50081568]
inrs_hat:  [-35.54553131 -34.38707233  -3.95551375 -27.11938096 -37.38743911
 -20.26353702 -33.57531354 -17.96868325 -36.59974409 -13.85807206
 -15.63219986 -34.88348663 -20.78252227 -20.93350986 -21.51111564]
scheduled_ues:  [ 0  1  3  4  5  6  7  8  9 10 11 12 13 14]
(1, 15, 1, 4, 1, 1)
caused INR: -7.356828486729304
TpsAltruisticFromLsfGain + IndividualEstimated_INR + -15.0
None
ls_gain_coeffs:
[-146.53523135 -145.37677238 -114.9452138  -138.109081   -148.37713915
 -131.25323706 -144.56501359 -128.9583833  -147.58944413 -124.8477721
 -126.6218999  -145.87318667 -131.77222231 -131.9232099  -132.50081568]
inrs_hat:  [-35.54553131 -34.38707233  -3.95551375 -27.11938096 -37.38743911
 -20.26353702 -33.57531354 -17.96868325 -36.59974409 -13.85807206
 -15.63219986 -34.88348663 -20.78252227 -20.93350986 -21.51111564]
scheduled_ues:  [ 0  1  3  4  5  6  7  8 10 11 12 13 14]
(1, 15, 1, 4, 1, 1)
caused INR: -30.005637315718502
TpsAltruisticFromLsfGain + CumulativeIndividualEstimated_INR + -10.0
None
(1, 15, 1, 4, 1, 1)
caused INR: -30.005637315718502
TpsAltruisticFromLsfGain + CumulativeIndividualEstimated_INR + -12.5
None
(1, 15, 1, 4, 1, 1)
caused INR: -24.747319360129467
TpsAltruisticFromLsfGain + CumulativeIndividualEstimated_INR + -15.0
None
(1, 15, 1, 4, 1, 1)
caused INR: -29.06010205729202
TpsRandomic + IndividualEstimated_INR + -10.0
None
ls_gain_coeffs:
[-137.08945504 -145.37677238  -99.56140777 -130.25435464 -131.97237933
 -116.91101793 -144.56501359 -128.9583833  -147.58944413 -111.17759179
 -126.6218999  -129.38745148 -116.19516871 -129.08514078 -118.26906402]
inrs_hat:  [-26.099755   -34.38707233  11.42829227 -19.26465459 -20.98267928
  -5.92131788 -33.57531354 -17.96868325 -36.59974409  -0.18789175
 -15.63219986 -18.39775143  -5.20546867 -18.09544073  -7.27936398]
scheduled_ues:  [ 0  1  3  4  6  7  8 10 11 13]
(1, 15, 1, 4, 1, 1)
caused INR: -10.780635976644406
TpsRandomic + IndividualEstimated_INR + -12.5
None
ls_gain_coeffs:
[-137.08945504 -128.88741261  -96.39512752 -125.39414729 -131.97237933
 -131.25323706 -144.56501359 -111.29400738 -134.50700208 -105.55789715
 -109.67388712 -138.85101984 -127.06904192 -117.58956382 -127.13036069]
inrs_hat:  [-26.099755   -17.89771257  14.59457252 -14.40444725 -20.98267928
 -20.26353702 -33.57531354  -0.30430734 -23.51730204   5.4318029
   1.31581292 -27.8613198  -16.07934187  -6.59986378 -16.14066065]
scheduled_ues:  [ 0  1  3  4  5  6  8 11 12 14]
(1, 15, 1, 4, 1, 1)
caused INR: -12.543740263278893
TpsRandomic + IndividualEstimated_INR + -15.0
None
ls_gain_coeffs:
[-137.08945504 -128.88741261 -114.9452138  -138.109081   -141.34305007
 -117.86132749 -136.77465897 -111.29400738 -146.62818106 -112.3798025
 -109.67388712 -129.38745148 -127.06904192 -117.58956382 -116.47891236]
inrs_hat:  [-26.099755   -17.89771257  -3.95551375 -27.11938096 -30.35335002
  -6.87162745 -25.78495893  -0.30430734 -35.63848101  -1.39010246
   1.31581292 -18.39775143 -16.07934187  -6.59986378  -5.48921231]
scheduled_ues:  [ 0  1  3  4  6  8 11 12]
(1, 15, 1, 4, 1, 1)
caused INR: -22.435775760919434
TpsRandomic + CumulativeIndividualEstimated_INR + -10.0
None
(1, 15, 1, 4, 1, 1)
caused INR: -14.637220176526577
TpsRandomic + CumulativeIndividualEstimated_INR + -12.5
None
(1, 15, 1, 4, 1, 1)
caused INR: -7.6494035364258846
TpsRandomic + CumulativeIndividualEstimated_INR + -15.0
None
(1, 15, 1, 4, 1, 1)
caused INR: -24.40974547046391
Iteration number 69
TpsAltruisticFromLsfGain + IndividualEstimated_INR + -10.0
None
ls_gain_coeffs:
[-140.07581136 -148.42188855 -128.62242914 -131.06584387 -134.93650081
 -149.4456671  -135.04012692 -134.6041102  -125.8111512  -142.3277327
 -138.15919577 -141.01493993 -134.08401546 -127.00346516 -123.71527543]
inrs_hat:  [-29.08611132 -37.4321885  -17.63272909 -20.07614383 -23.94680077
 -38.45596706 -24.05042688 -23.61441016 -14.82145116 -31.33803265
 -27.16949573 -30.02523989 -23.09431542 -16.01376512 -12.72557539]
scheduled_ues:  [ 0  1  2  3  4  5  6  7  8  9 10 11 12 13 14]
(1, 15, 1, 4, 1, 1)
caused INR: -12.840406986819183
TpsAltruisticFromLsfGain + IndividualEstimated_INR + -12.5
None
ls_gain_coeffs:
[-140.07581136 -148.42188855 -128.62242914 -131.06584387 -134.93650081
 -149.4456671  -135.04012692 -134.6041102  -125.8111512  -142.3277327
 -138.15919577 -141.01493993 -134.08401546 -127.00346516 -123.71527543]
inrs_hat:  [-29.08611132 -37.4321885  -17.63272909 -20.07614383 -23.94680077
 -38.45596706 -24.05042688 -23.61441016 -14.82145116 -31.33803265
 -27.16949573 -30.02523989 -23.09431542 -16.01376512 -12.72557539]
scheduled_ues:  [ 0  1  2  3  4  5  6  7  8  9 10 11 12 13 14]
(1, 15, 1, 4, 1, 1)
caused INR: -12.840406986819183
TpsAltruisticFromLsfGain + IndividualEstimated_INR + -15.0
None
ls_gain_coeffs:
[-140.07581136 -148.42188855 -128.62242914 -131.06584387 -134.93650081
 -149.4456671  -135.04012692 -134.6041102  -125.8111512  -142.3277327
 -138.15919577 -141.01493993 -134.08401546 -127.00346516 -123.71527543]
inrs_hat:  [-29.08611132 -37.4321885  -17.63272909 -20.07614383 -23.94680077
 -38.45596706 -24.05042688 -23.61441016 -14.82145116 -31.33803265
 -27.16949573 -30.02523989 -23.09431542 -16.01376512 -12.72557539]
scheduled_ues:  [ 0  1  2  3  4  5  6  7  9 10 11 12 13]
(1, 15, 1, 4, 1, 1)
caused INR: -14.548327798430982
TpsAltruisticFromLsfGain + CumulativeIndividualEstimated_INR + -10.0
None
(1, 15, 1, 4, 1, 1)
caused INR: -14.548327798430982
TpsAltruisticFromLsfGain + CumulativeIndividualEstimated_INR + -12.5
None
(1, 15, 1, 4, 1, 1)
caused INR: -15.525120547852707
TpsAltruisticFromLsfGain + CumulativeIndividualEstimated_INR + -15.0
None
(1, 15, 1, 4, 1, 1)
caused INR: -13.628894129787055
TpsRandomic + IndividualEstimated_INR + -10.0
None
ls_gain_coeffs:
[-123.75227145 -136.46466358 -113.64789124 -114.64387934 -122.23157524
 -147.63981213 -135.04012692 -125.5757997  -114.09703883 -125.86811182
 -121.93495068 -127.47158572 -134.08401546 -122.02834953 -111.07824679]
inrs_hat:  [-12.76257141 -25.47496354  -2.6581912   -3.65417929 -11.24187519
 -36.65011209 -24.05042688 -14.58609966  -3.10733879 -14.87841177
 -10.94525063 -16.48188568 -23.09431542 -11.03864949  -0.08854674]
scheduled_ues:  [ 0  1  4  5  6  7  9 10 11 12 13]
(1, 15, 1, 4, 1, 1)
caused INR: -4.02171987205137
TpsRandomic + IndividualEstimated_INR + -12.5
None
ls_gain_coeffs:
[-140.07581136 -148.42188855 -121.02361545 -117.49075812 -134.14652409
 -147.63981213 -118.32474088 -117.26108744 -114.09703883 -128.47748272
 -131.6877468  -127.47158572 -117.90460304 -127.00346516 -123.12898949]
inrs_hat:  [-29.08611132 -37.4321885  -10.0339154   -6.50105807 -23.15682405
 -36.65011209  -7.33504084  -6.2713874   -3.10733879 -17.48778268
 -20.69804676 -16.48188568  -6.914903   -16.01376512 -12.13928945]
scheduled_ues:  [ 0  1  4  5  9 10 11 13]
(1, 15, 1, 4, 1, 1)
caused INR: -21.8159594189629
TpsRandomic + IndividualEstimated_INR + -15.0
None
ls_gain_coeffs:
[-123.75227145 -148.42188855 -128.62242914 -131.06584387 -134.93650081
 -149.4456671  -135.04012692 -117.26108744 -125.8111512  -142.3277327
 -124.62375455 -124.45125916 -120.19176121 -122.02834953 -110.88281814]
inrs_hat:  [-12.76257141 -37.4321885  -17.63272909 -20.07614383 -23.94680077
 -38.45596706 -24.05042688  -6.2713874  -14.82145116 -31.33803265
 -13.63405451 -13.46155911  -9.20206117 -11.03864949   0.10688191]
scheduled_ues:  [1 2 3 4 5 6 9]
(1, 15, 1, 4, 1, 1)
caused INR: -27.96253994975139
TpsRandomic + CumulativeIndividualEstimated_INR + -10.0
None
(1, 15, 1, 4, 1, 1)
caused INR: -6.6548018063776535
TpsRandomic + CumulativeIndividualEstimated_INR + -12.5
None
(1, 15, 1, 4, 1, 1)
caused INR: -47.87063547728806
TpsRandomic + CumulativeIndividualEstimated_INR + -15.0
None
(1, 15, 1, 4, 1, 1)
caused INR: -25.324464111535722
Iteration number 70
TpsAltruisticFromLsfGain + IndividualEstimated_INR + -10.0
None
ls_gain_coeffs:
[-120.32696169 -137.95758184 -134.65432061 -149.32938889 -138.5143448
 -122.85914671 -136.05281256 -131.44441179 -135.00717315 -130.07259064
 -143.14608309 -147.66559865 -149.8227487  -148.32395408 -142.96661884]
inrs_hat:  [ -9.33726164 -26.9678818  -23.66462057 -38.33968885 -27.52464476
 -11.86944667 -25.06311252 -20.45471175 -24.01747311 -19.0828906
 -32.15638305 -36.67589861 -38.83304865 -37.33425403 -31.97691879]
scheduled_ues:  [ 1  2  3  4  5  6  7  8  9 10 11 12 13 14]
(1, 15, 1, 4, 1, 1)
caused INR: -14.5745435201853
TpsAltruisticFromLsfGain + IndividualEstimated_INR + -12.5
None
ls_gain_coeffs:
[-120.32696169 -137.95758184 -134.65432061 -149.32938889 -138.5143448
 -122.85914671 -136.05281256 -131.44441179 -135.00717315 -130.07259064
 -143.14608309 -147.66559865 -149.8227487  -148.32395408 -142.96661884]
inrs_hat:  [ -9.33726164 -26.9678818  -23.66462057 -38.33968885 -27.52464476
 -11.86944667 -25.06311252 -20.45471175 -24.01747311 -19.0828906
 -32.15638305 -36.67589861 -38.83304865 -37.33425403 -31.97691879]
scheduled_ues:  [ 1  2  3  4  6  7  8  9 10 11 12 13 14]
(1, 15, 1, 4, 1, 1)
caused INR: -15.972114918823317
TpsAltruisticFromLsfGain + IndividualEstimated_INR + -15.0
None
ls_gain_coeffs:
[-120.32696169 -137.95758184 -134.65432061 -149.32938889 -138.5143448
 -122.85914671 -136.05281256 -131.44441179 -135.00717315 -130.07259064
 -143.14608309 -147.66559865 -149.8227487  -148.32395408 -142.96661884]
inrs_hat:  [ -9.33726164 -26.9678818  -23.66462057 -38.33968885 -27.52464476
 -11.86944667 -25.06311252 -20.45471175 -24.01747311 -19.0828906
 -32.15638305 -36.67589861 -38.83304865 -37.33425403 -31.97691879]
scheduled_ues:  [ 1  2  3  4  6  7  8  9 10 11 12 13 14]
(1, 15, 1, 4, 1, 1)
caused INR: -15.972114918823317
TpsAltruisticFromLsfGain + CumulativeIndividualEstimated_INR + -10.0
None
(1, 15, 1, 4, 1, 1)
caused INR: -15.972114918823317
TpsAltruisticFromLsfGain + CumulativeIndividualEstimated_INR + -12.5
None
(1, 15, 1, 4, 1, 1)
caused INR: -15.972114918823317
TpsAltruisticFromLsfGain + CumulativeIndividualEstimated_INR + -15.0
None
(1, 15, 1, 4, 1, 1)
caused INR: -19.017976355432026
TpsRandomic + IndividualEstimated_INR + -10.0
None
ls_gain_coeffs:
[-106.89753718 -125.73448905 -117.36783305 -132.56385565 -131.96873468
 -122.19230092 -136.05281256 -119.45746491 -131.93329103 -129.15994862
 -126.33136014 -145.28265123 -140.59749116 -135.76389812 -142.96661884]
inrs_hat:  [  4.09216287 -14.744789    -6.37813301 -21.57415561 -20.97903463
 -11.20260088 -25.06311252  -8.46776486 -20.94359098 -18.17024858
 -15.34166009 -34.29295118 -29.60779112 -24.77419808 -31.97691879]
scheduled_ues:  [ 1  3  4  5  6  8  9 10 11 12 13 14]
(1, 15, 1, 4, 1, 1)
caused INR: -6.268362314832103
TpsRandomic + IndividualEstimated_INR + -12.5
None
ls_gain_coeffs:
[-118.84522492 -137.95758184 -125.00313544 -149.32938889 -131.96873468
 -110.19526478 -126.84130024 -114.61333313 -135.00717315 -129.15994862
 -143.14608309 -134.42968284 -140.59749116 -148.32395408 -129.05210205]
inrs_hat:  [ -7.85552488 -26.9678818  -14.01343539 -38.33968885 -20.97903463
   0.79443526 -15.85160019  -3.62363309 -24.01747311 -18.17024858
 -32.15638305 -23.4399828  -29.60779112 -37.33425403 -18.06240201]
scheduled_ues:  [ 1  2  3  4  6  8  9 10 11 12 13 14]
(1, 15, 1, 4, 1, 1)
caused INR: -10.783912767221292
TpsRandomic + IndividualEstimated_INR + -15.0
None
ls_gain_coeffs:
[-106.89753718 -137.95758184 -117.36783305 -137.69735663 -122.25773364
 -110.19526478 -118.91991177 -119.45746491 -131.93329103 -117.02256263
 -126.33136014 -133.63536704 -138.1344638  -135.76389812 -136.77870818]
inrs_hat:  [  4.09216287 -26.9678818   -6.37813301 -26.70765658 -11.2680336
   0.79443526  -7.93021173  -8.46776486 -20.94359098  -6.03286258
 -15.34166009 -22.64566699 -27.14476376 -24.77419808 -25.78900813]
scheduled_ues:  [ 1  3  8 10 11 12 13 14]
(1, 15, 1, 4, 1, 1)
caused INR: -15.994184121507919
TpsRandomic + CumulativeIndividualEstimated_INR + -10.0
None
(1, 15, 1, 4, 1, 1)
caused INR: -15.940362070196237
TpsRandomic + CumulativeIndividualEstimated_INR + -12.5
None
(1, 15, 1, 4, 1, 1)
caused INR: -22.569256539939488
TpsRandomic + CumulativeIndividualEstimated_INR + -15.0
None
(1, 15, 1, 4, 1, 1)
caused INR: -13.622087818728518
Iteration number 71
TpsAltruisticFromLsfGain + IndividualEstimated_INR + -10.0
None
ls_gain_coeffs:
[-130.92773999 -134.42941691 -141.03048611 -146.19908471 -149.22631948
 -140.94412172 -149.77289136 -138.33086381 -132.94642164 -133.90884367
 -147.56974643 -148.46803168 -148.01071805 -141.58892558 -150.88940001]
inrs_hat:  [-19.93803995 -23.43971687 -30.04078607 -35.20938467 -38.23661943
 -29.95442167 -38.78319131 -27.34116376 -21.9567216  -22.91914363
 -36.58004639 -37.47833164 -37.02101801 -30.59922554 -39.89969997]
scheduled_ues:  [ 0  1  2  3  4  5  6  7  8  9 10 11 12 13 14]
(1, 15, 1, 4, 1, 1)
caused INR: -13.634180920179833
TpsAltruisticFromLsfGain + IndividualEstimated_INR + -12.5
None
ls_gain_coeffs:
[-130.92773999 -134.42941691 -141.03048611 -146.19908471 -149.22631948
 -140.94412172 -149.77289136 -138.33086381 -132.94642164 -133.90884367
 -147.56974643 -148.46803168 -148.01071805 -141.58892558 -150.88940001]
inrs_hat:  [-19.93803995 -23.43971687 -30.04078607 -35.20938467 -38.23661943
 -29.95442167 -38.78319131 -27.34116376 -21.9567216  -22.91914363
 -36.58004639 -37.47833164 -37.02101801 -30.59922554 -39.89969997]
scheduled_ues:  [ 0  1  2  3  4  5  6  7  8  9 10 11 12 13 14]
(1, 15, 1, 4, 1, 1)
caused INR: -13.634180920179833
TpsAltruisticFromLsfGain + IndividualEstimated_INR + -15.0
None
ls_gain_coeffs:
[-130.92773999 -134.42941691 -141.03048611 -146.19908471 -149.22631948
 -140.94412172 -149.77289136 -138.33086381 -132.94642164 -133.90884367
 -147.56974643 -148.46803168 -148.01071805 -141.58892558 -150.88940001]
inrs_hat:  [-19.93803995 -23.43971687 -30.04078607 -35.20938467 -38.23661943
 -29.95442167 -38.78319131 -27.34116376 -21.9567216  -22.91914363
 -36.58004639 -37.47833164 -37.02101801 -30.59922554 -39.89969997]
scheduled_ues:  [ 0  1  2  3  4  5  6  7  8  9 10 11 12 13 14]
(1, 15, 1, 4, 1, 1)
caused INR: -13.634180920179833
TpsAltruisticFromLsfGain + CumulativeIndividualEstimated_INR + -10.0
None
(1, 15, 1, 4, 1, 1)
caused INR: -13.634180920179833
TpsAltruisticFromLsfGain + CumulativeIndividualEstimated_INR + -12.5
None
(1, 15, 1, 4, 1, 1)
caused INR: -13.634180920179833
TpsAltruisticFromLsfGain + CumulativeIndividualEstimated_INR + -15.0
None
(1, 15, 1, 4, 1, 1)
caused INR: -15.00077404971712
TpsRandomic + IndividualEstimated_INR + -10.0
None
ls_gain_coeffs:
[-130.92773999 -127.36275246 -124.0750982  -138.86076738 -141.69118499
 -140.8345636  -133.52197088 -121.10120698 -119.42946081 -121.72887152
 -147.56974643 -141.41664192 -133.9029621  -141.58892558 -150.88940001]
inrs_hat:  [-19.93803995 -16.37305241 -13.08539816 -27.87106734 -30.70148494
 -29.84486356 -22.53227083 -10.11150693  -8.43976076 -10.73917147
 -36.58004639 -30.42694188 -22.91326206 -30.59922554 -39.89969997]
scheduled_ues:  [ 0  1  2  3  4  5  6  7  9 10 11 12 13 14]
(1, 15, 1, 4, 1, 1)
caused INR: -7.552047410225084
TpsRandomic + IndividualEstimated_INR + -12.5
None
ls_gain_coeffs:
[-126.5632068  -127.36275246 -130.3266655  -132.91645142 -141.69118499
 -140.8345636  -149.77289136 -128.08494748 -119.42946081 -133.90884367
 -130.68658341 -148.46803168 -148.01071805 -124.69213539 -137.37243373]
inrs_hat:  [-15.57350676 -16.37305241 -19.33696546 -21.92675138 -30.70148494
 -29.84486356 -38.78319131 -17.09524744  -8.43976076 -22.91914363
 -19.69688337 -37.47833164 -37.02101801 -13.70243535 -26.38273369]
scheduled_ues:  [ 0  1  2  3  4  5  6  7  9 10 11 12 13 14]
(1, 15, 1, 4, 1, 1)
caused INR: -4.181451981507932
TpsRandomic + IndividualEstimated_INR + -15.0
None
ls_gain_coeffs:
[-126.5632068  -120.63207816 -141.03048611 -138.86076738 -132.77362706
 -140.94412172 -149.77289136 -121.10120698 -119.42946081 -116.61379131
 -147.56974643 -132.04581173 -134.73604008 -141.58892558 -134.67325687]
inrs_hat:  [-15.57350676  -9.64237811 -30.04078607 -27.87106734 -21.78392701
 -29.95442167 -38.78319131 -10.11150693  -8.43976076  -5.62409126
 -36.58004639 -21.05611169 -23.74634003 -30.59922554 -23.68355683]
scheduled_ues:  [ 0  2  3  4  5  6 10 11 12 13 14]
(1, 15, 1, 4, 1, 1)
caused INR: -8.564273254070788
TpsRandomic + CumulativeIndividualEstimated_INR + -10.0
None
(1, 15, 1, 4, 1, 1)
caused INR: -10.3466208711531
TpsRandomic + CumulativeIndividualEstimated_INR + -12.5
None
(1, 15, 1, 4, 1, 1)
caused INR: -23.680462518871778
TpsRandomic + CumulativeIndividualEstimated_INR + -15.0
None
(1, 15, 1, 4, 1, 1)
caused INR: -22.271168649138705
Iteration number 72
TpsAltruisticFromLsfGain + IndividualEstimated_INR + -10.0
None
ls_gain_coeffs:
[-116.29090306 -112.97459347 -124.92173291 -125.71941111 -121.47645289
 -140.70271091 -129.70708524 -143.98266425 -147.45223775 -133.40077111
 -149.26184107 -130.74157012 -140.72000343 -138.93212267 -141.12808093]
inrs_hat:  [ -5.30120302  -1.98489342 -13.93203287 -14.72971106 -10.48675284
 -29.71301087 -18.7173852  -32.99296421 -36.46253771 -22.41107106
 -38.27214103 -19.75187008 -29.73030338 -27.94242262 -30.13838088]
scheduled_ues:  [ 2  3  4  5  6  7  8  9 10 11 12 13 14]
(1, 15, 1, 4, 1, 1)
caused INR: -8.519239421544771
TpsAltruisticFromLsfGain + IndividualEstimated_INR + -12.5
None
ls_gain_coeffs:
[-116.29090306 -112.97459347 -124.92173291 -125.71941111 -121.47645289
 -140.70271091 -129.70708524 -143.98266425 -147.45223775 -133.40077111
 -149.26184107 -130.74157012 -140.72000343 -138.93212267 -141.12808093]
inrs_hat:  [ -5.30120302  -1.98489342 -13.93203287 -14.72971106 -10.48675284
 -29.71301087 -18.7173852  -32.99296421 -36.46253771 -22.41107106
 -38.27214103 -19.75187008 -29.73030338 -27.94242262 -30.13838088]
scheduled_ues:  [ 2  3  5  6  7  8  9 10 11 12 13 14]
(1, 15, 1, 4, 1, 1)
caused INR: -14.600435451516418
TpsAltruisticFromLsfGain + IndividualEstimated_INR + -15.0
None
ls_gain_coeffs:
[-116.29090306 -112.97459347 -124.92173291 -125.71941111 -121.47645289
 -140.70271091 -129.70708524 -143.98266425 -147.45223775 -133.40077111
 -149.26184107 -130.74157012 -140.72000343 -138.93212267 -141.12808093]
inrs_hat:  [ -5.30120302  -1.98489342 -13.93203287 -14.72971106 -10.48675284
 -29.71301087 -18.7173852  -32.99296421 -36.46253771 -22.41107106
 -38.27214103 -19.75187008 -29.73030338 -27.94242262 -30.13838088]
scheduled_ues:  [ 5  6  7  8  9 10 11 12 13 14]
(1, 15, 1, 4, 1, 1)
caused INR: -9.670929935849639
TpsAltruisticFromLsfGain + CumulativeIndividualEstimated_INR + -10.0
None
(1, 15, 1, 4, 1, 1)
caused INR: -11.992543420206907
TpsAltruisticFromLsfGain + CumulativeIndividualEstimated_INR + -12.5
None
(1, 15, 1, 4, 1, 1)
caused INR: -9.670929935849639
TpsAltruisticFromLsfGain + CumulativeIndividualEstimated_INR + -15.0
None
(1, 15, 1, 4, 1, 1)
caused INR: -12.855460967442943
TpsRandomic + IndividualEstimated_INR + -10.0
None
ls_gain_coeffs:
[-116.29090306 -112.97459347 -107.74323566 -107.13338397 -109.22180327
 -140.70271091 -122.25530537 -127.17308319 -147.45223775 -116.19049247
 -140.89501953 -124.53828011 -140.72000343 -123.26438766 -133.65679564]
inrs_hat:  [ -5.30120302  -1.98489342   3.24646438   3.85631607   1.76789677
 -29.71301087 -11.26560533 -16.18338314 -36.46253771  -5.20079243
 -29.90531948 -13.54858007 -29.73030338 -12.27468761 -22.6670956 ]
scheduled_ues:  [ 5  6  7  8 10 11 12 13 14]
(1, 15, 1, 4, 1, 1)
caused INR: -3.8493700804119784
TpsRandomic + IndividualEstimated_INR + -12.5
None
ls_gain_coeffs:
[-101.63153024  -94.44881142 -116.06630435 -125.71941111 -109.22180327
 -134.65851876 -122.25530537 -127.17308319 -135.38325422 -116.19049247
 -132.57635935 -130.74157012 -126.39110573 -124.87745516 -127.87340329]
inrs_hat:  [  9.35816981  16.54088863  -5.07660431 -14.72971106   1.76789677
 -23.66881872 -11.26560533 -16.18338314 -24.39355418  -5.20079243
 -21.5866593  -19.75187008 -15.40140568 -13.88775512 -16.88370325]
scheduled_ues:  [ 3  5  7  8 10 11 12 13 14]
(1, 15, 1, 4, 1, 1)
caused INR: -2.630603853433915
TpsRandomic + IndividualEstimated_INR + -15.0
None
ls_gain_coeffs:
[ -99.41375741  -97.49090244 -116.06630435 -125.71941111 -121.47645289
 -140.70271091 -122.25530537 -143.98266425 -135.38325422 -133.40077111
 -136.69929917 -130.74157012 -126.39110573 -138.93212267 -124.54429947]
inrs_hat:  [ 11.57594263  13.4987976   -5.07660431 -14.72971106 -10.48675284
 -29.71301087 -11.26560533 -32.99296421 -24.39355418 -22.41107106
 -25.70959913 -19.75187008 -15.40140568 -27.94242262 -13.55459942]
scheduled_ues:  [ 5  7  8  9 10 11 12 13]
(1, 15, 1, 4, 1, 1)
caused INR: -15.429318394080507
TpsRandomic + CumulativeIndividualEstimated_INR + -10.0
None
(1, 15, 1, 4, 1, 1)
caused INR: -6.558563811190932
TpsRandomic + CumulativeIndividualEstimated_INR + -12.5
None
(1, 15, 1, 4, 1, 1)
caused INR: -16.5810310715367
TpsRandomic + CumulativeIndividualEstimated_INR + -15.0
None
(1, 15, 1, 4, 1, 1)
caused INR: -15.274060740860797
Iteration number 73
TpsAltruisticFromLsfGain + IndividualEstimated_INR + -10.0
None
ls_gain_coeffs:
[-127.35511927 -144.80721765 -141.74501251 -111.33777632 -148.10758178
 -147.23152194 -143.16138774 -137.14887384 -123.30275893 -122.51886925
 -130.26824552 -138.31540276 -144.45039384 -147.63938038 -130.7304882 ]
inrs_hat:  [-16.36541923 -33.81751761 -30.75531247  -0.34807627 -37.11788174
 -36.2418219  -32.1716877  -26.1591738  -12.31305888 -11.52916921
 -19.27854548 -27.32570272 -33.4606938  -36.64968034 -19.74078816]
scheduled_ues:  [ 0  1  2  4  5  6  7  8  9 10 11 12 13 14]
(1, 15, 1, 4, 1, 1)
caused INR: -17.0709831027053
TpsAltruisticFromLsfGain + IndividualEstimated_INR + -12.5
None
ls_gain_coeffs:
[-127.35511927 -144.80721765 -141.74501251 -111.33777632 -148.10758178
 -147.23152194 -143.16138774 -137.14887384 -123.30275893 -122.51886925
 -130.26824552 -138.31540276 -144.45039384 -147.63938038 -130.7304882 ]
inrs_hat:  [-16.36541923 -33.81751761 -30.75531247  -0.34807627 -37.11788174
 -36.2418219  -32.1716877  -26.1591738  -12.31305888 -11.52916921
 -19.27854548 -27.32570272 -33.4606938  -36.64968034 -19.74078816]
scheduled_ues:  [ 0  1  2  4  5  6  7 10 11 12 13 14]
(1, 15, 1, 4, 1, 1)
caused INR: -9.74189854879562
TpsAltruisticFromLsfGain + IndividualEstimated_INR + -15.0
None
ls_gain_coeffs:
[-127.35511927 -144.80721765 -141.74501251 -111.33777632 -148.10758178
 -147.23152194 -143.16138774 -137.14887384 -123.30275893 -122.51886925
 -130.26824552 -138.31540276 -144.45039384 -147.63938038 -130.7304882 ]
inrs_hat:  [-16.36541923 -33.81751761 -30.75531247  -0.34807627 -37.11788174
 -36.2418219  -32.1716877  -26.1591738  -12.31305888 -11.52916921
 -19.27854548 -27.32570272 -33.4606938  -36.64968034 -19.74078816]
scheduled_ues:  [ 0  1  2  4  5  6  7 10 11 12 13 14]
(1, 15, 1, 4, 1, 1)
caused INR: -9.74189854879562
TpsAltruisticFromLsfGain + CumulativeIndividualEstimated_INR + -10.0
None
(1, 15, 1, 4, 1, 1)
caused INR: -9.74189854879562
TpsAltruisticFromLsfGain + CumulativeIndividualEstimated_INR + -12.5
None
(1, 15, 1, 4, 1, 1)
caused INR: -9.74189854879562
TpsAltruisticFromLsfGain + CumulativeIndividualEstimated_INR + -15.0
None
(1, 15, 1, 4, 1, 1)
caused INR: -14.02608007906123
TpsRandomic + IndividualEstimated_INR + -10.0
None
ls_gain_coeffs:
[-117.43776821 -130.9554568  -127.37694079 -111.33777632 -139.82711809
 -132.29500941 -143.16138774 -137.14887384 -123.30275893 -106.55999747
 -122.37908407 -138.31540276 -144.45039384 -137.75091106 -112.94416814]
inrs_hat:  [ -6.44806817 -19.96575676 -16.38724075  -0.34807627 -28.83741805
 -21.30530936 -32.1716877  -26.1591738  -12.31305888   4.42970257
 -11.38938403 -27.32570272 -33.4606938  -26.76121102  -1.95446809]
scheduled_ues:  [ 1  2  4  5  6  7  8 10 11 12 13]
(1, 15, 1, 4, 1, 1)
caused INR: -5.366353223401209
TpsRandomic + IndividualEstimated_INR + -12.5
None
ls_gain_coeffs:
[-127.35511927 -138.61472367 -141.74501251  -97.18698326 -131.54294822
 -147.23152194 -132.59842985 -137.14887384 -112.26626497 -122.51886925
 -115.51375294 -126.50759414 -131.42817835 -130.86997111 -121.01996706]
inrs_hat:  [-16.36541923 -27.62502363 -30.75531247  13.80271679 -20.55324818
 -36.2418219  -21.60872981 -26.1591738   -1.27656493 -11.52916921
  -4.5240529  -15.5178941  -20.43847831 -19.88027107 -10.03026701]
scheduled_ues:  [ 0  1  2  4  5  6  7 11 12 13]
(1, 15, 1, 4, 1, 1)
caused INR: -15.298310843097838
TpsRandomic + IndividualEstimated_INR + -15.0
None
ls_gain_coeffs:
[-127.35511927 -138.61472367 -141.74501251  -97.18698326 -131.54294822
 -133.54246568 -126.23929041 -123.06801095 -112.26626497 -107.67658019
 -130.26824552 -120.66826007 -136.67599347 -137.75091106 -130.7304882 ]
inrs_hat:  [-16.36541923 -27.62502363 -30.75531247  13.80271679 -20.55324818
 -22.55276563 -15.24959036 -12.0783109   -1.27656493   3.31311985
 -19.27854548  -9.67856003 -25.68629342 -26.76121102 -19.74078816]
scheduled_ues:  [ 0  1  2  4  5  6 10 12 13 14]
(1, 15, 1, 4, 1, 1)
caused INR: -24.65274753577933
TpsRandomic + CumulativeIndividualEstimated_INR + -10.0
None
(1, 15, 1, 4, 1, 1)
caused INR: -12.834504810533806
TpsRandomic + CumulativeIndividualEstimated_INR + -12.5
None
(1, 15, 1, 4, 1, 1)
caused INR: -23.38841936016649
TpsRandomic + CumulativeIndividualEstimated_INR + -15.0
None
(1, 15, 1, 4, 1, 1)
caused INR: -20.73500877977867
Iteration number 74
TpsAltruisticFromLsfGain + IndividualEstimated_INR + -10.0
None
ls_gain_coeffs:
[-142.95636574 -134.40366947 -134.55206863 -139.65626918 -148.76717013
 -146.14006073 -131.0687245  -139.31560283 -133.60143835 -132.18770429
 -142.66872516 -127.69732747 -133.88982171 -127.08999961 -138.23913695]
inrs_hat:  [-31.9666657  -23.41396943 -23.56236858 -28.66656914 -37.77747009
 -35.15036069 -20.07902446 -28.32590279 -22.61173831 -21.19800425
 -31.67902512 -16.70762743 -22.90012166 -16.10029956 -27.24943691]
scheduled_ues:  [ 0  1  2  3  4  5  6  7  8  9 10 11 12 13 14]
(1, 15, 1, 4, 1, 1)
caused INR: -14.54903947072927
TpsAltruisticFromLsfGain + IndividualEstimated_INR + -12.5
None
ls_gain_coeffs:
[-142.95636574 -134.40366947 -134.55206863 -139.65626918 -148.76717013
 -146.14006073 -131.0687245  -139.31560283 -133.60143835 -132.18770429
 -142.66872516 -127.69732747 -133.88982171 -127.08999961 -138.23913695]
inrs_hat:  [-31.9666657  -23.41396943 -23.56236858 -28.66656914 -37.77747009
 -35.15036069 -20.07902446 -28.32590279 -22.61173831 -21.19800425
 -31.67902512 -16.70762743 -22.90012166 -16.10029956 -27.24943691]
scheduled_ues:  [ 0  1  2  3  4  5  6  7  8  9 10 11 12 13 14]
(1, 15, 1, 4, 1, 1)
caused INR: -14.54903947072927
TpsAltruisticFromLsfGain + IndividualEstimated_INR + -15.0
None
ls_gain_coeffs:
[-142.95636574 -134.40366947 -134.55206863 -139.65626918 -148.76717013
 -146.14006073 -131.0687245  -139.31560283 -133.60143835 -132.18770429
 -142.66872516 -127.69732747 -133.88982171 -127.08999961 -138.23913695]
inrs_hat:  [-31.9666657  -23.41396943 -23.56236858 -28.66656914 -37.77747009
 -35.15036069 -20.07902446 -28.32590279 -22.61173831 -21.19800425
 -31.67902512 -16.70762743 -22.90012166 -16.10029956 -27.24943691]
scheduled_ues:  [ 0  1  2  3  4  5  6  7  8  9 10 11 12 13 14]
(1, 15, 1, 4, 1, 1)
caused INR: -14.54903947072927
TpsAltruisticFromLsfGain + CumulativeIndividualEstimated_INR + -10.0
None
(1, 15, 1, 4, 1, 1)
caused INR: -14.54903947072927
TpsAltruisticFromLsfGain + CumulativeIndividualEstimated_INR + -12.5
None
(1, 15, 1, 4, 1, 1)
caused INR: -12.944648991361984
TpsAltruisticFromLsfGain + CumulativeIndividualEstimated_INR + -15.0
None
(1, 15, 1, 4, 1, 1)
caused INR: -18.753313683935986
TpsRandomic + IndividualEstimated_INR + -10.0
None
ls_gain_coeffs:
[-130.05605937 -119.21423982 -134.55206863 -139.65626918 -132.51454482
 -144.88458536 -116.636952   -136.60262957 -120.72221171 -120.828746
 -125.94383276 -113.75257287 -123.61209457 -127.08999961 -138.23913695]
inrs_hat:  [-19.06635933  -8.22453978 -23.56236858 -28.66656914 -21.52484478
 -33.89488532  -5.64725196 -25.61292953  -9.73251167  -9.83904596
 -14.95413272  -2.76287282 -12.62239453 -16.10029956 -27.24943691]
scheduled_ues:  [ 0  2  3  4  5  7 10 12 13 14]
(1, 15, 1, 4, 1, 1)
caused INR: -1.646472691915812
TpsRandomic + IndividualEstimated_INR + -12.5
None
ls_gain_coeffs:
[-130.05605937 -119.21423982 -121.42186379 -123.3476872  -132.51454482
 -146.14006073 -117.63203825 -125.06535399 -124.83601225 -114.57799421
 -142.66872516 -120.88365852 -123.61209457 -114.5804276  -131.17813375]
inrs_hat:  [-19.06635933  -8.22453978 -10.43216374 -12.35798716 -21.52484478
 -35.15036069  -6.64233821 -14.07565395 -13.84631221  -3.58829417
 -31.67902512  -9.89395848 -12.62239453  -3.59072756 -20.18843371]
scheduled_ues:  [ 0  4  5  7  8 10 12 14]
(1, 15, 1, 4, 1, 1)
caused INR: -14.906634177780182
TpsRandomic + IndividualEstimated_INR + -15.0
None
ls_gain_coeffs:
[-130.05605937 -119.21423982 -120.73325895 -123.3476872  -132.51454482
 -133.27996894 -131.0687245  -139.31560283 -116.55831198 -120.828746
 -130.10003084 -111.0973157  -120.33625429 -114.5804276  -131.17813375]
inrs_hat:  [-19.06635933  -8.22453978  -9.7435589  -12.35798716 -21.52484478
 -22.2902689  -20.07902446 -28.32590279  -5.56861194  -9.83904596
 -19.1103308   -0.10761565  -9.34655425  -3.59072756 -20.18843371]
scheduled_ues:  [ 0  4  5  6  7 10 14]
(1, 15, 1, 4, 1, 1)
caused INR: -19.364350363578094
TpsRandomic + CumulativeIndividualEstimated_INR + -10.0
None
(1, 15, 1, 4, 1, 1)
caused INR: -9.626752131694548
TpsRandomic + CumulativeIndividualEstimated_INR + -12.5
None
(1, 15, 1, 4, 1, 1)
caused INR: -21.697922250271215
TpsRandomic + CumulativeIndividualEstimated_INR + -15.0
None
(1, 15, 1, 4, 1, 1)
caused INR: -18.410167030474543
Iteration number 75
TpsAltruisticFromLsfGain + IndividualEstimated_INR + -10.0
None
ls_gain_coeffs:
[-145.32713155 -133.77385887 -130.67710166 -115.57637142 -148.35165386
 -136.638697   -130.87407451 -119.99753375 -124.96402504 -137.24968555
 -133.44429811 -124.43618222 -135.20897889 -126.67241486 -135.13005202]
inrs_hat:  [-34.33743151 -22.78415883 -19.68740162  -4.58667137 -37.36195382
 -25.64899695 -19.88437447  -9.0078337  -13.97432499 -26.25998551
 -22.45459806 -13.44648218 -24.21927884 -15.68271481 -24.14035197]
scheduled_ues:  [ 0  1  2  4  5  6  8  9 10 11 12 13 14]
(1, 15, 1, 4, 1, 1)
caused INR: -1.8963421734060022
TpsAltruisticFromLsfGain + IndividualEstimated_INR + -12.5
None
ls_gain_coeffs:
[-145.32713155 -133.77385887 -130.67710166 -115.57637142 -148.35165386
 -136.638697   -130.87407451 -119.99753375 -124.96402504 -137.24968555
 -133.44429811 -124.43618222 -135.20897889 -126.67241486 -135.13005202]
inrs_hat:  [-34.33743151 -22.78415883 -19.68740162  -4.58667137 -37.36195382
 -25.64899695 -19.88437447  -9.0078337  -13.97432499 -26.25998551
 -22.45459806 -13.44648218 -24.21927884 -15.68271481 -24.14035197]
scheduled_ues:  [ 0  1  2  4  5  6  8  9 10 11 12 13 14]
(1, 15, 1, 4, 1, 1)
caused INR: -1.8963421734060022
TpsAltruisticFromLsfGain + IndividualEstimated_INR + -15.0
None
ls_gain_coeffs:
[-145.32713155 -133.77385887 -130.67710166 -115.57637142 -148.35165386
 -136.638697   -130.87407451 -119.99753375 -124.96402504 -137.24968555
 -133.44429811 -124.43618222 -135.20897889 -126.67241486 -135.13005202]
inrs_hat:  [-34.33743151 -22.78415883 -19.68740162  -4.58667137 -37.36195382
 -25.64899695 -19.88437447  -9.0078337  -13.97432499 -26.25998551
 -22.45459806 -13.44648218 -24.21927884 -15.68271481 -24.14035197]
scheduled_ues:  [ 0  1  2  4  5  6  9 10 12 13 14]
(1, 15, 1, 4, 1, 1)
caused INR: -8.131920598354153
TpsAltruisticFromLsfGain + CumulativeIndividualEstimated_INR + -10.0
None
(1, 15, 1, 4, 1, 1)
caused INR: -8.131920598354153
TpsAltruisticFromLsfGain + CumulativeIndividualEstimated_INR + -12.5
None
(1, 15, 1, 4, 1, 1)
caused INR: -13.512151877783536
TpsAltruisticFromLsfGain + CumulativeIndividualEstimated_INR + -15.0
None
(1, 15, 1, 4, 1, 1)
caused INR: -30.86286487262185
TpsRandomic + IndividualEstimated_INR + -10.0
None
ls_gain_coeffs:
[-145.32713155 -121.02480778 -130.67710166 -103.17294471 -134.08304054
 -131.63497297 -114.26117699 -105.86822547 -110.94522275 -128.0189048
 -133.44429811 -124.43618222 -125.27298159 -125.69788205 -135.13005202]
inrs_hat:  [-34.33743151 -10.03510774 -19.68740162   7.81675533 -23.0933405
 -20.64527293  -3.27147694   5.12147458   0.04447729 -17.02920476
 -22.45459806 -13.44648218 -14.28328155 -14.70818201 -24.14035197]
scheduled_ues:  [ 0  1  2  4  5  9 10 11 12 13 14]
(1, 15, 1, 4, 1, 1)
caused INR: -4.232075007665506
TpsRandomic + IndividualEstimated_INR + -12.5
None
ls_gain_coeffs:
[-139.93631022 -133.77385887 -119.83929305 -115.57637142 -132.25602722
 -131.63497297 -123.03003751 -102.8627909  -110.94522275 -120.34081726
 -119.23713109 -118.81627795 -125.27298159 -125.69788205 -125.12087068]
inrs_hat:  [-28.94661018 -22.78415883  -8.84959301  -4.58667137 -21.26632718
 -20.64527293 -12.04033746   8.12690914   0.04447729  -9.35111722
  -8.24743104  -7.8265779  -14.28328155 -14.70818201 -14.13117064]
scheduled_ues:  [ 0  1  4  5 12 13 14]
(1, 15, 1, 4, 1, 1)
caused INR: -6.882531124930057
TpsRandomic + IndividualEstimated_INR + -15.0
None
ls_gain_coeffs:
[-145.32713155 -121.17853333 -113.73751919  -96.55308504 -148.35165386
 -120.86128098 -130.87407451 -112.29895634 -109.36802046 -120.34081726
 -117.47156407 -124.43618222 -123.6013318  -126.67241486 -125.12087068]
inrs_hat:  [-34.33743151 -10.18883328  -2.74781914  14.43661501 -37.36195382
  -9.87158093 -19.88437447  -1.3092563    1.62167958  -9.35111722
  -6.48186402 -13.44648218 -12.61163176 -15.68271481 -14.13117064]
scheduled_ues:  [ 0  4  6 13]
(1, 15, 1, 4, 1, 1)
caused INR: -11.959448530950617
TpsRandomic + CumulativeIndividualEstimated_INR + -10.0
None
(1, 15, 1, 4, 1, 1)
caused INR: -16.06631994969457
TpsRandomic + CumulativeIndividualEstimated_INR + -12.5
None
(1, 15, 1, 4, 1, 1)
caused INR: -12.215265667465285
TpsRandomic + CumulativeIndividualEstimated_INR + -15.0
None
(1, 15, 1, 4, 1, 1)
caused INR: -29.13817633066419
Iteration number 76
TpsAltruisticFromLsfGain + IndividualEstimated_INR + -10.0
None
ls_gain_coeffs:
[-130.29254476 -122.55740356 -134.41868408 -136.22391701 -129.33184802
 -150.12972323 -147.94673734 -148.91684479 -150.29889749 -134.10689313
 -135.38846825 -140.57058111 -147.93379456 -135.93357375 -140.93929883]
inrs_hat:  [-19.30284471 -11.56770352 -23.42898403 -25.23421696 -18.34214797
 -39.14002318 -36.9570373  -37.92714475 -39.30919745 -23.11719309
 -24.39876821 -29.58088107 -36.94409452 -24.94387371 -29.94959879]
scheduled_ues:  [ 0  1  2  3  4  5  6  7  8  9 10 11 12 13 14]
(1, 15, 1, 4, 1, 1)
caused INR: -5.620725924559361
TpsAltruisticFromLsfGain + IndividualEstimated_INR + -12.5
None
ls_gain_coeffs:
[-130.29254476 -122.55740356 -134.41868408 -136.22391701 -129.33184802
 -150.12972323 -147.94673734 -148.91684479 -150.29889749 -134.10689313
 -135.38846825 -140.57058111 -147.93379456 -135.93357375 -140.93929883]
inrs_hat:  [-19.30284471 -11.56770352 -23.42898403 -25.23421696 -18.34214797
 -39.14002318 -36.9570373  -37.92714475 -39.30919745 -23.11719309
 -24.39876821 -29.58088107 -36.94409452 -24.94387371 -29.94959879]
scheduled_ues:  [ 0  2  3  4  5  6  7  8  9 10 11 12 13 14]
(1, 15, 1, 4, 1, 1)
caused INR: -9.17398922214046
TpsAltruisticFromLsfGain + IndividualEstimated_INR + -15.0
None
ls_gain_coeffs:
[-130.29254476 -122.55740356 -134.41868408 -136.22391701 -129.33184802
 -150.12972323 -147.94673734 -148.91684479 -150.29889749 -134.10689313
 -135.38846825 -140.57058111 -147.93379456 -135.93357375 -140.93929883]
inrs_hat:  [-19.30284471 -11.56770352 -23.42898403 -25.23421696 -18.34214797
 -39.14002318 -36.9570373  -37.92714475 -39.30919745 -23.11719309
 -24.39876821 -29.58088107 -36.94409452 -24.94387371 -29.94959879]
scheduled_ues:  [ 0  2  3  4  5  6  7  8  9 10 11 12 13 14]
(1, 15, 1, 4, 1, 1)
caused INR: -9.17398922214046
TpsAltruisticFromLsfGain + CumulativeIndividualEstimated_INR + -10.0
None
(1, 15, 1, 4, 1, 1)
caused INR: -9.17398922214046
TpsAltruisticFromLsfGain + CumulativeIndividualEstimated_INR + -12.5
None
(1, 15, 1, 4, 1, 1)
caused INR: -9.17398922214046
TpsAltruisticFromLsfGain + CumulativeIndividualEstimated_INR + -15.0
None
(1, 15, 1, 4, 1, 1)
caused INR: -19.622756745784354
TpsRandomic + IndividualEstimated_INR + -10.0
None
ls_gain_coeffs:
[-122.79967288 -108.04245921 -117.89526975 -136.22391701 -115.52181354
 -150.12972323 -135.41940701 -133.32505209 -136.70568268 -121.30703324
 -125.85545182 -126.63537634 -134.81059686 -125.10046609 -123.96646067]
inrs_hat:  [-11.80997283   2.94724084  -6.9055697  -25.23421696  -4.5321135
 -39.14002318 -24.42970697 -22.33535204 -25.71598263 -10.3173332
 -14.86575178 -15.6456763  -23.82089682 -14.11076604 -12.97676063]
scheduled_ues:  [ 0  3  5  6  7  8  9 10 11 12 13 14]
(1, 15, 1, 4, 1, 1)
caused INR: -7.70204533863094
TpsRandomic + IndividualEstimated_INR + -12.5
None
ls_gain_coeffs:
[-122.79967288 -122.55740356 -117.89526975 -119.16337724 -129.33184802
 -147.6322252  -135.41940701 -148.91684479 -136.70568268 -134.10689313
 -135.38846825 -126.63537634 -134.81059686 -125.10046609 -131.52115811]
inrs_hat:  [-11.80997283 -11.56770352  -6.9055697   -8.1736772  -18.34214797
 -36.64252515 -24.42970697 -37.92714475 -25.71598263 -23.11719309
 -24.39876821 -15.6456763  -23.82089682 -14.11076604 -20.53145807]
scheduled_ues:  [ 4  5  6  7  8  9 10 11 12 13 14]
(1, 15, 1, 4, 1, 1)
caused INR: -9.17515493161013
TpsRandomic + IndividualEstimated_INR + -15.0
None
ls_gain_coeffs:
[-113.7357717  -108.04245921 -117.89526975 -119.16337724 -129.33184802
 -136.02312454 -131.33627696 -148.91684479 -150.29889749 -134.10689313
 -117.87862442 -140.57058111 -145.88900145 -125.10046609 -128.85336323]
inrs_hat:  [ -2.74607165   2.94724084  -6.9055697   -8.1736772  -18.34214797
 -25.0334245  -20.34657691 -37.92714475 -39.30919745 -23.11719309
  -6.88892438 -29.58088107 -34.89930141 -14.11076604 -17.86366319]
scheduled_ues:  [ 4  5  6  7  8  9 11 12 14]
(1, 15, 1, 4, 1, 1)
caused INR: -9.124470403815065
TpsRandomic + CumulativeIndividualEstimated_INR + -10.0
None
(1, 15, 1, 4, 1, 1)
caused INR: -16.21844290885212
TpsRandomic + CumulativeIndividualEstimated_INR + -12.5
None
(1, 15, 1, 4, 1, 1)
caused INR: -18.17429720701717
TpsRandomic + CumulativeIndividualEstimated_INR + -15.0
None
(1, 15, 1, 4, 1, 1)
caused INR: -34.413257352110385
Iteration number 77
TpsAltruisticFromLsfGain + IndividualEstimated_INR + -10.0
None
ls_gain_coeffs:
[-118.73783122 -138.62264432 -147.3504987  -128.08881488 -126.99344583
 -132.69311961 -150.75274993 -122.60660473 -143.18424399 -147.61767257
 -145.11614543 -145.18661223 -145.0230857  -134.32703534 -147.54920862]
inrs_hat:  [ -7.74813117 -27.63294427 -36.36079866 -17.09911483 -16.00374579
 -21.70341957 -39.76304988 -11.61690468 -32.19454395 -36.62797253
 -34.12644539 -34.19691218 -34.03338566 -23.3373353  -36.55950858]
scheduled_ues:  [ 1  2  3  4  5  6  7  8  9 10 11 12 13 14]
(1, 15, 1, 4, 1, 1)
caused INR: -9.872678954565295
TpsAltruisticFromLsfGain + IndividualEstimated_INR + -12.5
None
ls_gain_coeffs:
[-118.73783122 -138.62264432 -147.3504987  -128.08881488 -126.99344583
 -132.69311961 -150.75274993 -122.60660473 -143.18424399 -147.61767257
 -145.11614543 -145.18661223 -145.0230857  -134.32703534 -147.54920862]
inrs_hat:  [ -7.74813117 -27.63294427 -36.36079866 -17.09911483 -16.00374579
 -21.70341957 -39.76304988 -11.61690468 -32.19454395 -36.62797253
 -34.12644539 -34.19691218 -34.03338566 -23.3373353  -36.55950858]
scheduled_ues:  [ 1  2  3  4  5  6  8  9 10 11 12 13 14]
(1, 15, 1, 4, 1, 1)
caused INR: -14.14910466451769
TpsAltruisticFromLsfGain + IndividualEstimated_INR + -15.0
None
ls_gain_coeffs:
[-118.73783122 -138.62264432 -147.3504987  -128.08881488 -126.99344583
 -132.69311961 -150.75274993 -122.60660473 -143.18424399 -147.61767257
 -145.11614543 -145.18661223 -145.0230857  -134.32703534 -147.54920862]
inrs_hat:  [ -7.74813117 -27.63294427 -36.36079866 -17.09911483 -16.00374579
 -21.70341957 -39.76304988 -11.61690468 -32.19454395 -36.62797253
 -34.12644539 -34.19691218 -34.03338566 -23.3373353  -36.55950858]
scheduled_ues:  [ 1  2  3  4  5  6  8  9 10 11 12 13 14]
(1, 15, 1, 4, 1, 1)
caused INR: -14.14910466451769
TpsAltruisticFromLsfGain + CumulativeIndividualEstimated_INR + -10.0
None
(1, 15, 1, 4, 1, 1)
caused INR: -14.14910466451769
TpsAltruisticFromLsfGain + CumulativeIndividualEstimated_INR + -12.5
None
(1, 15, 1, 4, 1, 1)
caused INR: -19.00627159771852
TpsAltruisticFromLsfGain + CumulativeIndividualEstimated_INR + -15.0
None
(1, 15, 1, 4, 1, 1)
caused INR: -19.934536518984242
TpsRandomic + IndividualEstimated_INR + -10.0
None
ls_gain_coeffs:
[-118.73783122 -126.16892211 -147.3504987  -121.56642351 -126.05719936
 -132.69311961 -137.87480085 -122.60660473 -142.0739408  -130.9051002
 -145.11614543 -136.82059921 -130.98357632 -120.44841566 -131.32719664]
inrs_hat:  [ -7.74813117 -15.17922207 -36.36079866 -10.57672346 -15.06749932
 -21.70341957 -26.88510081 -11.61690468 -31.08424076 -19.91540015
 -34.12644539 -25.83089917 -19.99387627  -9.45871562 -20.33749659]
scheduled_ues:  [ 1  2  3  4  5  6  7  8  9 10 11 12 14]
(1, 15, 1, 4, 1, 1)
caused INR: -2.4664358847572556
TpsRandomic + IndividualEstimated_INR + -12.5
None
ls_gain_coeffs:
[-100.94920879 -138.62264432 -147.3504987  -128.08881488 -114.23976367
 -116.11493958 -150.75274993 -108.25327987 -143.18424399 -147.61767257
 -131.7013359  -132.74344152 -139.32626786 -120.44841566 -147.54920862]
inrs_hat:  [ 10.04049126 -27.63294427 -36.36079866 -17.09911483  -3.25006363
  -5.12523954 -39.76304988   2.73642017 -32.19454395 -36.62797253
 -20.71163586 -21.75374147 -28.33656782  -9.45871562 -36.55950858]
scheduled_ues:  [ 1  2  3  6  8  9 10 11 12 14]
(1, 15, 1, 4, 1, 1)
caused INR: -26.624588929559124
TpsRandomic + IndividualEstimated_INR + -15.0
None
ls_gain_coeffs:
[-105.28270887 -122.0408102  -147.3504987  -111.5771404  -126.99344583
 -116.11493958 -137.87480085 -108.25327987 -142.0739408  -136.98952244
 -131.7013359  -128.56122036 -130.98357632 -127.35994105 -133.78895858]
inrs_hat:  [  5.70699117 -11.05111016 -36.36079866  -0.58744036 -16.00374579
  -5.12523954 -26.88510081   2.73642017 -31.08424076 -25.9998224
 -20.71163586 -17.57152032 -19.99387627 -16.370241   -22.79925854]
scheduled_ues:  [ 2  4  6  8  9 10 11 12 13 14]
(1, 15, 1, 4, 1, 1)
caused INR: -7.565926867840911
TpsRandomic + CumulativeIndividualEstimated_INR + -10.0
None
(1, 15, 1, 4, 1, 1)
caused INR: -16.23710059133806
TpsRandomic + CumulativeIndividualEstimated_INR + -12.5
None
(1, 15, 1, 4, 1, 1)
caused INR: -16.575128197330297
TpsRandomic + CumulativeIndividualEstimated_INR + -15.0
None
(1, 15, 1, 4, 1, 1)
caused INR: -19.351929086570717
Iteration number 78
TpsAltruisticFromLsfGain + IndividualEstimated_INR + -10.0
None
ls_gain_coeffs:
[-145.40106237 -145.31085384 -135.19983547 -134.00372225 -135.80746593
 -134.33479057 -136.65494682 -149.21366563 -148.45213156 -124.4342428
 -139.73942209 -148.28585362 -140.29073742 -142.06737582 -139.97032987]
inrs_hat:  [-34.41136233 -34.3211538  -24.21013543 -23.01402221 -24.81776589
 -23.34509053 -25.66524678 -38.22396559 -37.46243152 -13.44454275
 -28.74972205 -37.29615358 -29.30103738 -31.07767578 -28.98062982]
scheduled_ues:  [ 0  1  2  3  4  5  6  7  8  9 10 11 12 13 14]
(1, 15, 1, 4, 1, 1)
caused INR: -14.505148589318111
TpsAltruisticFromLsfGain + IndividualEstimated_INR + -12.5
None
ls_gain_coeffs:
[-145.40106237 -145.31085384 -135.19983547 -134.00372225 -135.80746593
 -134.33479057 -136.65494682 -149.21366563 -148.45213156 -124.4342428
 -139.73942209 -148.28585362 -140.29073742 -142.06737582 -139.97032987]
inrs_hat:  [-34.41136233 -34.3211538  -24.21013543 -23.01402221 -24.81776589
 -23.34509053 -25.66524678 -38.22396559 -37.46243152 -13.44454275
 -28.74972205 -37.29615358 -29.30103738 -31.07767578 -28.98062982]
scheduled_ues:  [ 0  1  2  3  4  5  6  7  8  9 10 11 12 13 14]
(1, 15, 1, 4, 1, 1)
caused INR: -14.505148589318111
TpsAltruisticFromLsfGain + IndividualEstimated_INR + -15.0
None
ls_gain_coeffs:
[-145.40106237 -145.31085384 -135.19983547 -134.00372225 -135.80746593
 -134.33479057 -136.65494682 -149.21366563 -148.45213156 -124.4342428
 -139.73942209 -148.28585362 -140.29073742 -142.06737582 -139.97032987]
inrs_hat:  [-34.41136233 -34.3211538  -24.21013543 -23.01402221 -24.81776589
 -23.34509053 -25.66524678 -38.22396559 -37.46243152 -13.44454275
 -28.74972205 -37.29615358 -29.30103738 -31.07767578 -28.98062982]
scheduled_ues:  [ 0  1  2  3  4  5  6  7  8 10 11 12 13 14]
(1, 15, 1, 4, 1, 1)
caused INR: -31.3694176795305
TpsAltruisticFromLsfGain + CumulativeIndividualEstimated_INR + -10.0
None
(1, 15, 1, 4, 1, 1)
caused INR: -14.505148589318111
TpsAltruisticFromLsfGain + CumulativeIndividualEstimated_INR + -12.5
None
(1, 15, 1, 4, 1, 1)
caused INR: -31.3694176795305
TpsAltruisticFromLsfGain + CumulativeIndividualEstimated_INR + -15.0
None
(1, 15, 1, 4, 1, 1)
caused INR: -31.3694176795305
TpsRandomic + IndividualEstimated_INR + -10.0
None
ls_gain_coeffs:
[-145.40106237 -128.47241078 -121.64728365 -117.22118042 -135.80746593
 -117.50753195 -121.33568336 -139.27111732 -134.82184251 -116.68619508
 -136.42627947 -131.56631003 -133.8918986  -128.31338697 -123.21191759]
inrs_hat:  [-34.41136233 -17.48271073 -10.6575836   -6.23148038 -24.81776589
  -6.51783191 -10.34598332 -28.28141728 -23.83214247  -5.69649503
 -25.43657943 -20.57660998 -22.90219855 -17.32368692 -12.22221755]
scheduled_ues:  [ 0  1  2  4  6  7  8 10 11 12 13 14]
(1, 15, 1, 4, 1, 1)
caused INR: -3.2152379451542625
TpsRandomic + IndividualEstimated_INR + -12.5
None
ls_gain_coeffs:
[-145.40106237 -145.31085384 -118.87072332 -117.22118042 -120.37543026
 -124.24985341 -132.33845163 -138.02299303 -141.68235012 -116.68619508
 -125.08906034 -131.56631003 -123.89874075 -138.13020926 -132.32181994]
inrs_hat:  [-34.41136233 -34.3211538   -7.88102327  -6.23148038  -9.38573022
 -13.26015337 -21.34875159 -27.03329299 -30.69265008  -5.69649503
 -14.0993603  -20.57660998 -12.9090407  -27.14050921 -21.33211989]
scheduled_ues:  [ 0  1  5  6  7  8 10 11 12 13 14]
(1, 15, 1, 4, 1, 1)
caused INR: -9.087673744218067
TpsRandomic + IndividualEstimated_INR + -15.0
None
ls_gain_coeffs:
[-145.40106237 -128.47241078 -135.19983547 -117.22118042 -135.80746593
 -123.2068105  -136.65494682 -149.21366563 -132.03129632 -110.98705672
 -126.19344122 -137.0509658  -126.3471829  -127.00099811 -123.21191759]
inrs_hat:  [-3.44113623e+01 -1.74827107e+01 -2.42101354e+01 -6.23148038e+00
 -2.48177659e+01 -1.22171105e+01 -2.56652468e+01 -3.82239656e+01
 -2.10415963e+01  2.64332694e-03 -1.52037412e+01 -2.60612658e+01
 -1.53574829e+01 -1.60112981e+01 -1.22222175e+01]
scheduled_ues:  [ 0  1  2  4  6  7  8 10 11 12 13]
(1, 15, 1, 4, 1, 1)
caused INR: -7.660793010485659
TpsRandomic + CumulativeIndividualEstimated_INR + -10.0
None
(1, 15, 1, 4, 1, 1)
caused INR: -10.855513985236593
TpsRandomic + CumulativeIndividualEstimated_INR + -12.5
None
(1, 15, 1, 4, 1, 1)
caused INR: -16.409386089274296
TpsRandomic + CumulativeIndividualEstimated_INR + -15.0
None
(1, 15, 1, 4, 1, 1)
caused INR: -11.747477361273582
Iteration number 79
TpsAltruisticFromLsfGain + IndividualEstimated_INR + -10.0
None
ls_gain_coeffs:
[-128.69232078 -136.96577339 -117.03199396 -138.91130721 -140.53920466
 -151.98317958 -135.90435098 -149.89206298 -123.64012977 -130.71813313
 -150.18694388 -147.12609177 -144.36571909 -119.77365013 -139.69469967]
inrs_hat:  [-17.70262074 -25.97607334  -6.04229391 -27.92160716 -29.54950462
 -40.99347953 -24.91465094 -38.90236293 -12.65042972 -19.72843308
 -39.19724383 -36.13639172 -33.37601905  -8.78395009 -28.70499963]
scheduled_ues:  [ 0  1  3  4  5  6  7  8  9 10 11 12 14]
(1, 15, 1, 4, 1, 1)
caused INR: -15.78259142043975
TpsAltruisticFromLsfGain + IndividualEstimated_INR + -12.5
None
ls_gain_coeffs:
[-128.69232078 -136.96577339 -117.03199396 -138.91130721 -140.53920466
 -151.98317958 -135.90435098 -149.89206298 -123.64012977 -130.71813313
 -150.18694388 -147.12609177 -144.36571909 -119.77365013 -139.69469967]
inrs_hat:  [-17.70262074 -25.97607334  -6.04229391 -27.92160716 -29.54950462
 -40.99347953 -24.91465094 -38.90236293 -12.65042972 -19.72843308
 -39.19724383 -36.13639172 -33.37601905  -8.78395009 -28.70499963]
scheduled_ues:  [ 0  1  3  4  5  6  7  8  9 10 11 12 14]
(1, 15, 1, 4, 1, 1)
caused INR: -15.78259142043975
TpsAltruisticFromLsfGain + IndividualEstimated_INR + -15.0
None
ls_gain_coeffs:
[-128.69232078 -136.96577339 -117.03199396 -138.91130721 -140.53920466
 -151.98317958 -135.90435098 -149.89206298 -123.64012977 -130.71813313
 -150.18694388 -147.12609177 -144.36571909 -119.77365013 -139.69469967]
inrs_hat:  [-17.70262074 -25.97607334  -6.04229391 -27.92160716 -29.54950462
 -40.99347953 -24.91465094 -38.90236293 -12.65042972 -19.72843308
 -39.19724383 -36.13639172 -33.37601905  -8.78395009 -28.70499963]
scheduled_ues:  [ 0  1  3  4  5  6  7  9 10 11 12 14]
(1, 15, 1, 4, 1, 1)
caused INR: -21.08688455055212
TpsAltruisticFromLsfGain + CumulativeIndividualEstimated_INR + -10.0
None
(1, 15, 1, 4, 1, 1)
caused INR: -15.78259142043975
TpsAltruisticFromLsfGain + CumulativeIndividualEstimated_INR + -12.5
None
(1, 15, 1, 4, 1, 1)
caused INR: -21.08688455055212
TpsAltruisticFromLsfGain + CumulativeIndividualEstimated_INR + -15.0
None
(1, 15, 1, 4, 1, 1)
caused INR: -21.870957003701747
TpsRandomic + IndividualEstimated_INR + -10.0
None
ls_gain_coeffs:
[-110.148601   -120.7545558   -96.14638873 -131.15915232 -130.74044056
 -141.81743435 -135.90435098 -149.89206298 -110.57892152 -115.89190531
 -136.5137254  -140.45778397 -137.4647878  -103.04326735 -125.98376408]
inrs_hat:  [  0.84109905  -9.76485575  14.84331132 -20.16945228 -19.75074051
 -30.82773431 -24.91465094 -38.90236293   0.41077852  -4.90220527
 -25.52402536 -29.46808392 -26.47508775   7.94643269 -14.99406403]
scheduled_ues:  [ 3  4  5  6  7 10 11 12 14]
(1, 15, 1, 4, 1, 1)
caused INR: -5.267976833071867
TpsRandomic + IndividualEstimated_INR + -12.5
None
ls_gain_coeffs:
[-128.69232078 -122.63936459 -117.03199396 -131.15915232 -123.54911933
 -135.28493873 -126.11391447 -133.2382032  -114.37798381 -130.71813313
 -136.5137254  -147.12609177 -144.36571909 -119.77365013 -133.2963761 ]
inrs_hat:  [-17.70262074 -11.64966455  -6.04229391 -20.16945228 -12.55941928
 -24.29523868 -15.12421443 -22.24850315  -3.38828376 -19.72843308
 -25.52402536 -36.13639172 -33.37601905  -8.78395009 -22.30667606]
scheduled_ues:  [ 0  3  4  5  6  7  9 10 11 12 14]
(1, 15, 1, 4, 1, 1)
caused INR: -6.794160079763229
TpsRandomic + IndividualEstimated_INR + -15.0
None
ls_gain_coeffs:
[-115.18316052 -120.7545558  -117.03199396 -125.03616083 -140.53920466
 -141.81743435 -126.11391447 -139.83221961 -123.64012977 -127.14119141
 -134.01653521 -140.45778397 -127.90502276 -113.34047597 -123.41927009]
inrs_hat:  [ -4.19346047  -9.76485575  -6.04229391 -14.04646078 -29.54950462
 -30.82773431 -15.12421443 -28.84251957 -12.65042972 -16.15149136
 -23.02683516 -29.46808392 -16.91532272  -2.35077592 -12.42957005]
scheduled_ues:  [ 4  5  6  7  9 10 11 12]
(1, 15, 1, 4, 1, 1)
caused INR: -13.964321883984743
TpsRandomic + CumulativeIndividualEstimated_INR + -10.0
None
(1, 15, 1, 4, 1, 1)
caused INR: -19.593184723343565
TpsRandomic + CumulativeIndividualEstimated_INR + -12.5
None
(1, 15, 1, 4, 1, 1)
caused INR: -13.758718975388879
TpsRandomic + CumulativeIndividualEstimated_INR + -15.0
None
(1, 15, 1, 4, 1, 1)
caused INR: -13.944685017957879
Iteration number 80
TpsAltruisticFromLsfGain + IndividualEstimated_INR + -10.0
None
ls_gain_coeffs:
[-138.08163707 -123.92075723 -126.63288515 -135.77021014 -140.37698863
 -151.64400671 -131.96563046 -130.68719682 -144.62057074 -151.26960904
 -136.14777325 -141.40649952 -137.98302073 -141.89890237 -128.07416311]
inrs_hat:  [-27.09193703 -12.93105719 -15.64318511 -24.7805101  -29.38728858
 -40.65430666 -20.97593041 -19.69749678 -33.6308707  -40.279909
 -25.1580732  -30.41679948 -26.99332069 -30.90920233 -17.08446306]
scheduled_ues:  [ 0  1  2  3  4  5  6  7  8  9 10 11 12 13 14]
(1, 15, 1, 4, 1, 1)
caused INR: -20.9391906446815
TpsAltruisticFromLsfGain + IndividualEstimated_INR + -12.5
None
ls_gain_coeffs:
[-138.08163707 -123.92075723 -126.63288515 -135.77021014 -140.37698863
 -151.64400671 -131.96563046 -130.68719682 -144.62057074 -151.26960904
 -136.14777325 -141.40649952 -137.98302073 -141.89890237 -128.07416311]
inrs_hat:  [-27.09193703 -12.93105719 -15.64318511 -24.7805101  -29.38728858
 -40.65430666 -20.97593041 -19.69749678 -33.6308707  -40.279909
 -25.1580732  -30.41679948 -26.99332069 -30.90920233 -17.08446306]
scheduled_ues:  [ 0  1  2  3  4  5  6  7  8  9 10 11 12 13 14]
(1, 15, 1, 4, 1, 1)
caused INR: -20.9391906446815
TpsAltruisticFromLsfGain + IndividualEstimated_INR + -15.0
None
ls_gain_coeffs:
[-138.08163707 -123.92075723 -126.63288515 -135.77021014 -140.37698863
 -151.64400671 -131.96563046 -130.68719682 -144.62057074 -151.26960904
 -136.14777325 -141.40649952 -137.98302073 -141.89890237 -128.07416311]
inrs_hat:  [-27.09193703 -12.93105719 -15.64318511 -24.7805101  -29.38728858
 -40.65430666 -20.97593041 -19.69749678 -33.6308707  -40.279909
 -25.1580732  -30.41679948 -26.99332069 -30.90920233 -17.08446306]
scheduled_ues:  [ 0  2  3  4  5  6  7  8  9 10 11 12 13 14]
(1, 15, 1, 4, 1, 1)
caused INR: -21.359105816186986
TpsAltruisticFromLsfGain + CumulativeIndividualEstimated_INR + -10.0
None
(1, 15, 1, 4, 1, 1)
caused INR: -21.359105816186986
TpsAltruisticFromLsfGain + CumulativeIndividualEstimated_INR + -12.5
None
(1, 15, 1, 4, 1, 1)
caused INR: -22.07685392396643
TpsAltruisticFromLsfGain + CumulativeIndividualEstimated_INR + -15.0
None
(1, 15, 1, 4, 1, 1)
caused INR: -22.066502304745022
TpsRandomic + IndividualEstimated_INR + -10.0
None
ls_gain_coeffs:
[-125.63766821 -105.56344888 -112.83997518 -118.87834796 -131.32063452
 -139.81637908 -131.96563046 -125.33253195 -127.92202353 -140.23278711
 -125.94753303 -127.17172714 -126.21145102 -125.11849946 -114.69269342]
inrs_hat:  [-14.64796816   5.42625116  -1.85027514  -7.88864792 -20.33093447
 -28.82667904 -20.97593041 -14.34283191 -16.93232349 -29.24308706
 -14.95783298 -16.1820271  -15.22175098 -14.12879941  -3.70299337]
scheduled_ues:  [ 0  4  5  6  7  8  9 10 11 12 13]
(1, 15, 1, 4, 1, 1)
caused INR: -17.542476916220387
TpsRandomic + IndividualEstimated_INR + -12.5
None
ls_gain_coeffs:
[-129.18764627 -105.56344888 -112.83997518 -135.77021014 -123.394287
 -142.36420394 -120.85306959 -116.46070853 -135.19100005 -151.26960904
 -136.14777325 -135.36503053 -126.21145102 -130.17239596 -114.69269342]
inrs_hat:  [-18.19794622   5.42625116  -1.85027514 -24.7805101  -12.40458695
 -31.3745039   -9.86336955  -5.47100849 -24.20130001 -40.279909
 -25.1580732  -24.37533049 -15.22175098 -19.18269591  -3.70299337]
scheduled_ues:  [ 0  3  5  8  9 10 11 12 13]
(1, 15, 1, 4, 1, 1)
caused INR: -30.506927020691652
TpsRandomic + IndividualEstimated_INR + -15.0
None
ls_gain_coeffs:
[-138.08163707 -105.56344888 -112.83997518 -126.76888538 -123.394287
 -139.81637908 -120.85306959 -114.67582024 -127.92202353 -151.26960904
 -125.94753303 -125.04757884 -128.00517277 -130.17239596 -125.25455403]
inrs_hat:  [-27.09193703   5.42625116  -1.85027514 -15.77918534 -12.40458695
 -28.82667904  -9.86336955  -3.6861202  -16.93232349 -40.279909
 -14.95783298 -14.0578788  -17.01547273 -19.18269591 -14.26485399]
scheduled_ues:  [ 0  3  5  8  9 12 13]
(1, 15, 1, 4, 1, 1)
caused INR: -13.468117670937016
TpsRandomic + CumulativeIndividualEstimated_INR + -10.0
None
(1, 15, 1, 4, 1, 1)
caused INR: -13.94012925946397
TpsRandomic + CumulativeIndividualEstimated_INR + -12.5
None
(1, 15, 1, 4, 1, 1)
caused INR: -22.543670858842372
TpsRandomic + CumulativeIndividualEstimated_INR + -15.0
None
(1, 15, 1, 4, 1, 1)
caused INR: -22.85477712155008
Iteration number 81
TpsAltruisticFromLsfGain + IndividualEstimated_INR + -10.0
None
ls_gain_coeffs:
[-142.70242709 -144.24848446 -146.43188968 -128.44900532 -147.6067771
 -142.7810038  -143.46787766 -133.05347473 -141.98530133 -143.94653055
 -149.82482797 -137.7476733  -128.47952178 -126.3048614  -149.20265641]
inrs_hat:  [-31.71272704 -33.25878442 -35.44218964 -17.45930528 -36.61707705
 -31.79130376 -32.47817761 -22.06377469 -30.99560129 -32.95683051
 -38.83512792 -26.75797326 -17.48982174 -15.31516136 -38.21295636]
scheduled_ues:  [ 0  1  2  3  4  5  6  7  8  9 10 11 12 13 14]
(1, 15, 1, 4, 1, 1)
caused INR: -19.1308906870485
TpsAltruisticFromLsfGain + IndividualEstimated_INR + -12.5
None
ls_gain_coeffs:
[-142.70242709 -144.24848446 -146.43188968 -128.44900532 -147.6067771
 -142.7810038  -143.46787766 -133.05347473 -141.98530133 -143.94653055
 -149.82482797 -137.7476733  -128.47952178 -126.3048614  -149.20265641]
inrs_hat:  [-31.71272704 -33.25878442 -35.44218964 -17.45930528 -36.61707705
 -31.79130376 -32.47817761 -22.06377469 -30.99560129 -32.95683051
 -38.83512792 -26.75797326 -17.48982174 -15.31516136 -38.21295636]
scheduled_ues:  [ 0  1  2  3  4  5  6  7  8  9 10 11 12 13 14]
(1, 15, 1, 4, 1, 1)
caused INR: -19.1308906870485
TpsAltruisticFromLsfGain + IndividualEstimated_INR + -15.0
None
ls_gain_coeffs:
[-142.70242709 -144.24848446 -146.43188968 -128.44900532 -147.6067771
 -142.7810038  -143.46787766 -133.05347473 -141.98530133 -143.94653055
 -149.82482797 -137.7476733  -128.47952178 -126.3048614  -149.20265641]
inrs_hat:  [-31.71272704 -33.25878442 -35.44218964 -17.45930528 -36.61707705
 -31.79130376 -32.47817761 -22.06377469 -30.99560129 -32.95683051
 -38.83512792 -26.75797326 -17.48982174 -15.31516136 -38.21295636]
scheduled_ues:  [ 0  1  2  3  4  5  6  7  8  9 10 11 12 13 14]
(1, 15, 1, 4, 1, 1)
caused INR: -19.1308906870485
TpsAltruisticFromLsfGain + CumulativeIndividualEstimated_INR + -10.0
None
(1, 15, 1, 4, 1, 1)
caused INR: -19.1308906870485
TpsAltruisticFromLsfGain + CumulativeIndividualEstimated_INR + -12.5
None
(1, 15, 1, 4, 1, 1)
caused INR: -11.26724418066475
TpsAltruisticFromLsfGain + CumulativeIndividualEstimated_INR + -15.0
None
(1, 15, 1, 4, 1, 1)
caused INR: -16.295398660938897
TpsRandomic + IndividualEstimated_INR + -10.0
None
ls_gain_coeffs:
[-125.76500727 -127.89232844 -131.55383244 -127.50621566 -130.93177672
 -135.1767988  -137.91803007 -118.2030418  -134.50971488 -136.58457024
 -149.82482797 -131.22859468 -120.46078491 -126.3048614  -149.20265641]
inrs_hat:  [-14.77530722 -16.90262839 -20.5641324  -16.51651562 -19.94207667
 -24.18709876 -26.92833003  -7.21334176 -23.52001484 -25.5948702
 -38.83512792 -20.23889464  -9.47108487 -15.31516136 -38.21295636]
scheduled_ues:  [ 0  1  2  3  4  5  6  8  9 10 11 13 14]
(1, 15, 1, 4, 1, 1)
caused INR: -4.604249540121162
TpsRandomic + IndividualEstimated_INR + -12.5
None
ls_gain_coeffs:
[-142.70242709 -137.96975163 -131.55383244 -115.6931421  -135.73605205
 -129.614657   -129.27381209 -118.2030418  -128.48964994 -143.94653055
 -138.73135818 -131.22859468 -120.46078491 -109.25228557 -141.54338477]
inrs_hat:  [-31.71272704 -26.98005158 -20.5641324   -4.70344206 -24.74635201
 -18.62495696 -18.28411204  -7.21334176 -17.49994989 -32.95683051
 -27.74165814 -20.23889464  -9.47108487   1.73741447 -30.55368473]
scheduled_ues:  [ 0  1  2  4  5  6  8  9 10 11 14]
(1, 15, 1, 4, 1, 1)
caused INR: -8.896162682190372
TpsRandomic + IndividualEstimated_INR + -15.0
None
ls_gain_coeffs:
[-125.76500727 -144.24848446 -132.77206106 -127.50621566 -147.6067771
 -129.614657   -127.37512108 -118.2030418  -125.27888241 -130.59569808
 -139.78624676 -137.7476733  -111.71222906 -109.25228557 -136.47438276]
inrs_hat:  [-14.77530722 -33.25878442 -21.78236102 -16.51651562 -36.61707705
 -18.62495696 -16.38542104  -7.21334176 -14.28918237 -19.60599804
 -28.79654672 -26.75797326  -0.72252902   1.73741447 -25.48468272]
scheduled_ues:  [ 1  2  3  4  5  6  9 10 11 14]
(1, 15, 1, 4, 1, 1)
caused INR: -30.441668741012865
TpsRandomic + CumulativeIndividualEstimated_INR + -10.0
None
(1, 15, 1, 4, 1, 1)
caused INR: -5.273409570336302
TpsRandomic + CumulativeIndividualEstimated_INR + -12.5
None
(1, 15, 1, 4, 1, 1)
caused INR: -10.695881867306278
TpsRandomic + CumulativeIndividualEstimated_INR + -15.0
None
(1, 15, 1, 4, 1, 1)
caused INR: -16.85397560343298
Iteration number 82
TpsAltruisticFromLsfGain + IndividualEstimated_INR + -10.0
None
ls_gain_coeffs:
[-132.513443   -132.09371363 -124.88491042 -142.99551671 -126.55692833
 -148.77009773 -134.30190425 -132.61332872 -129.98727753 -127.97621379
 -150.21512936 -125.94829613 -132.41931267 -141.09079804 -149.68453201]
inrs_hat:  [-21.52374296 -21.10401359 -13.89521038 -32.00581667 -15.56722829
 -37.78039768 -23.31220421 -21.62362867 -18.99757748 -16.98651374
 -39.22542932 -14.95859609 -21.42961262 -30.101098   -38.69483197]
scheduled_ues:  [ 0  1  2  3  4  5  6  7  8  9 10 11 12 13 14]
(1, 15, 1, 4, 1, 1)
caused INR: -18.784723524714508
TpsAltruisticFromLsfGain + IndividualEstimated_INR + -12.5
None
ls_gain_coeffs:
[-132.513443   -132.09371363 -124.88491042 -142.99551671 -126.55692833
 -148.77009773 -134.30190425 -132.61332872 -129.98727753 -127.97621379
 -150.21512936 -125.94829613 -132.41931267 -141.09079804 -149.68453201]
inrs_hat:  [-21.52374296 -21.10401359 -13.89521038 -32.00581667 -15.56722829
 -37.78039768 -23.31220421 -21.62362867 -18.99757748 -16.98651374
 -39.22542932 -14.95859609 -21.42961262 -30.101098   -38.69483197]
scheduled_ues:  [ 0  1  2  3  4  5  6  7  8  9 10 11 12 13 14]
(1, 15, 1, 4, 1, 1)
caused INR: -18.784723524714508
TpsAltruisticFromLsfGain + IndividualEstimated_INR + -15.0
None
ls_gain_coeffs:
[-132.513443   -132.09371363 -124.88491042 -142.99551671 -126.55692833
 -148.77009773 -134.30190425 -132.61332872 -129.98727753 -127.97621379
 -150.21512936 -125.94829613 -132.41931267 -141.09079804 -149.68453201]
inrs_hat:  [-21.52374296 -21.10401359 -13.89521038 -32.00581667 -15.56722829
 -37.78039768 -23.31220421 -21.62362867 -18.99757748 -16.98651374
 -39.22542932 -14.95859609 -21.42961262 -30.101098   -38.69483197]
scheduled_ues:  [ 0  1  3  4  5  6  7  8  9 10 12 13 14]
(1, 15, 1, 4, 1, 1)
caused INR: -12.095502711804356
TpsAltruisticFromLsfGain + CumulativeIndividualEstimated_INR + -10.0
None
(1, 15, 1, 4, 1, 1)
caused INR: -12.095502711804356
TpsAltruisticFromLsfGain + CumulativeIndividualEstimated_INR + -12.5
None
(1, 15, 1, 4, 1, 1)
caused INR: -14.809468971476857
TpsAltruisticFromLsfGain + CumulativeIndividualEstimated_INR + -15.0
None
(1, 15, 1, 4, 1, 1)
caused INR: -15.861114108016686
TpsRandomic + IndividualEstimated_INR + -10.0
None
ls_gain_coeffs:
[-132.513443   -132.09371363 -106.70616658 -136.83559097 -108.14125416
 -132.01480081 -120.64594078 -115.78165387 -116.51595008 -113.11577379
 -136.748596   -109.65378916 -115.62753477 -124.72371703 -133.33266132]
inrs_hat:  [-21.52374296 -21.10401359   4.28353346 -25.84589092   2.84844588
 -21.02510076  -9.65624073  -4.79195382  -5.52625003  -2.12607374
 -25.75889595   1.33591088  -4.63783472 -13.73401699 -22.34296128]
scheduled_ues:  [ 0  1  3  5 10 13 14]
(1, 15, 1, 4, 1, 1)
caused INR: -12.330304388941682
TpsRandomic + IndividualEstimated_INR + -12.5
None
ls_gain_coeffs:
[-114.85391298 -120.5210017  -106.70616658 -136.83559097 -126.55692833
 -148.77009773 -132.48035904 -115.78165387 -129.98727753 -113.11577379
 -148.67772931 -120.16893568 -122.25403968 -135.17108632 -133.33266132]
inrs_hat:  [ -3.86421294  -9.53130165   4.28353346 -25.84589092 -15.56722829
 -37.78039768 -21.49065899  -4.79195382 -18.99757748  -2.12607374
 -37.68802927  -9.17923564 -11.26433964 -24.18138628 -22.34296128]
scheduled_ues:  [ 3  4  5  6  8 10 13 14]
(1, 15, 1, 4, 1, 1)
caused INR: -12.727169509919712
TpsRandomic + IndividualEstimated_INR + -15.0
None
ls_gain_coeffs:
[-114.85391298 -121.69440663 -113.85586478 -136.83559097 -111.48765637
 -132.01480081 -120.64594078 -115.78165387 -126.89809517 -127.97621379
 -137.26106268 -109.65378916 -121.44262985 -135.17108632 -149.68453201]
inrs_hat:  [ -3.86421294 -10.70470659  -2.86616473 -25.84589092  -0.49795633
 -21.02510076  -9.65624073  -4.79195382 -15.90839513 -16.98651374
 -26.27136264   1.33591088 -10.45292981 -24.18138628 -38.69483197]
scheduled_ues:  [ 3  5  8  9 10 13 14]
(1, 15, 1, 4, 1, 1)
caused INR: -11.629099918822394
TpsRandomic + CumulativeIndividualEstimated_INR + -10.0
None
(1, 15, 1, 4, 1, 1)
caused INR: -8.972102111296007
TpsRandomic + CumulativeIndividualEstimated_INR + -12.5
None
(1, 15, 1, 4, 1, 1)
caused INR: -12.111520592242965
TpsRandomic + CumulativeIndividualEstimated_INR + -15.0
None
(1, 15, 1, 4, 1, 1)
caused INR: -24.022820016845408
Iteration number 83
TpsAltruisticFromLsfGain + IndividualEstimated_INR + -10.0
None
ls_gain_coeffs:
[-140.99850971 -133.9607914  -138.79530791 -130.10781902 -138.64402637
 -125.54180986 -138.6778224  -129.12968845 -150.65552316 -139.42961832
 -121.05875236 -136.50013292 -137.04788883 -122.57874274 -130.40158739]
inrs_hat:  [-30.00880967 -22.97109135 -27.80560786 -19.11811898 -27.65432632
 -14.55210982 -27.68812235 -18.1399884  -39.66582312 -28.43991827
 -10.06905232 -25.51043288 -26.05818878 -11.5890427  -19.41188735]
scheduled_ues:  [ 0  1  2  3  4  5  6  7  8  9 10 11 12 13 14]
(1, 15, 1, 4, 1, 1)
caused INR: -10.296708484136776
TpsAltruisticFromLsfGain + IndividualEstimated_INR + -12.5
None
ls_gain_coeffs:
[-140.99850971 -133.9607914  -138.79530791 -130.10781902 -138.64402637
 -125.54180986 -138.6778224  -129.12968845 -150.65552316 -139.42961832
 -121.05875236 -136.50013292 -137.04788883 -122.57874274 -130.40158739]
inrs_hat:  [-30.00880967 -22.97109135 -27.80560786 -19.11811898 -27.65432632
 -14.55210982 -27.68812235 -18.1399884  -39.66582312 -28.43991827
 -10.06905232 -25.51043288 -26.05818878 -11.5890427  -19.41188735]
scheduled_ues:  [ 0  1  2  3  4  5  6  7  8  9 11 12 14]
(1, 15, 1, 4, 1, 1)
caused INR: -11.101988090787966
TpsAltruisticFromLsfGain + IndividualEstimated_INR + -15.0
None
ls_gain_coeffs:
[-140.99850971 -133.9607914  -138.79530791 -130.10781902 -138.64402637
 -125.54180986 -138.6778224  -129.12968845 -150.65552316 -139.42961832
 -121.05875236 -136.50013292 -137.04788883 -122.57874274 -130.40158739]
inrs_hat:  [-30.00880967 -22.97109135 -27.80560786 -19.11811898 -27.65432632
 -14.55210982 -27.68812235 -18.1399884  -39.66582312 -28.43991827
 -10.06905232 -25.51043288 -26.05818878 -11.5890427  -19.41188735]
scheduled_ues:  [ 0  1  2  3  4  6  7  8  9 11 12 14]
(1, 15, 1, 4, 1, 1)
caused INR: -10.70728446211698
TpsAltruisticFromLsfGain + CumulativeIndividualEstimated_INR + -10.0
None
(1, 15, 1, 4, 1, 1)
caused INR: -11.101988090787966
TpsAltruisticFromLsfGain + CumulativeIndividualEstimated_INR + -12.5
None
(1, 15, 1, 4, 1, 1)
caused INR: -12.000941105299203
TpsAltruisticFromLsfGain + CumulativeIndividualEstimated_INR + -15.0
None
(1, 15, 1, 4, 1, 1)
caused INR: -15.955142892081708
TpsRandomic + IndividualEstimated_INR + -10.0
None
ls_gain_coeffs:
[-134.26869501 -120.57930233 -130.75277322 -130.10781902 -121.761379
 -110.11378131 -125.50707581 -115.96091525 -136.60624087 -124.11917256
 -121.05875236 -122.92882457 -126.6730644  -110.30140691 -130.40158739]
inrs_hat:  [-23.27899497  -9.58960228 -19.76307317 -19.11811898 -10.77167896
   0.87591873 -14.51737577  -4.97121521 -25.61654083 -13.12947252
 -10.06905232 -11.93912452 -15.68336435   0.68829314 -19.41188735]
scheduled_ues:  [ 0  2  3  4  6  8  9 10 11 12 14]
(1, 15, 1, 4, 1, 1)
caused INR: -8.691859239751377
TpsRandomic + IndividualEstimated_INR + -12.5
None
ls_gain_coeffs:
[-124.57292334 -117.52101786 -122.21353195 -116.90095888 -126.44052813
 -110.11378131 -130.82424644 -129.12968845 -134.62949378 -124.11917256
 -108.11110194 -129.942203   -120.29786317 -112.39636078 -126.71225451]
inrs_hat:  [-13.58322329  -6.53131781 -11.22383191  -5.91125884 -15.45082809
   0.87591873 -19.83454639 -18.1399884  -23.63979373 -13.12947252
   2.87859811 -18.95250295  -9.30816313  -1.40666073 -15.72255447]
scheduled_ues:  [ 0  4  6  7  8  9 11 14]
(1, 15, 1, 4, 1, 1)
caused INR: -8.358745136502383
TpsRandomic + IndividualEstimated_INR + -15.0
None
ls_gain_coeffs:
[-127.31875166 -117.52101786 -138.79530791 -127.8120386  -138.64402637
 -110.11378131 -138.6778224  -129.12968845 -145.09434668 -135.12634968
 -119.54060109 -129.942203   -120.29786317 -105.12808384 -126.71225451]
inrs_hat:  [-16.32905162  -6.53131781 -27.80560786 -16.82233856 -27.65432632
   0.87591873 -27.68812235 -18.1399884  -34.10464664 -24.13664964
  -8.55090104 -18.95250295  -9.30816313   5.8616162  -15.72255447]
scheduled_ues:  [ 0  2  3  4  6  7  8  9 11 14]
(1, 15, 1, 4, 1, 1)
caused INR: -6.573575885982481
TpsRandomic + CumulativeIndividualEstimated_INR + -10.0
None
(1, 15, 1, 4, 1, 1)
caused INR: -11.491502391471611
TpsRandomic + CumulativeIndividualEstimated_INR + -12.5
None
(1, 15, 1, 4, 1, 1)
caused INR: -21.177492813299544
TpsRandomic + CumulativeIndividualEstimated_INR + -15.0
None
(1, 15, 1, 4, 1, 1)
caused INR: -19.551985539872124
Iteration number 84
TpsAltruisticFromLsfGain + IndividualEstimated_INR + -10.0
None
ls_gain_coeffs:
[-134.54493778 -131.696653   -128.06317288 -134.97528537 -141.68578857
 -123.90477146 -134.72438369 -129.44306136 -131.53417482 -136.59438173
 -143.72962317 -124.90279809 -148.96959076 -115.85938735 -125.75644545]
inrs_hat:  [-23.55523774 -20.70695296 -17.07347284 -23.98558533 -30.69608853
 -12.91507142 -23.73468365 -18.45336132 -20.54447478 -25.60468169
 -32.73992313 -13.91309805 -37.97989071  -4.86968731 -14.7667454 ]
scheduled_ues:  [ 0  1  2  3  4  5  6  7  8  9 10 11 12 14]
(1, 15, 1, 4, 1, 1)
caused INR: -4.414973496110316
TpsAltruisticFromLsfGain + IndividualEstimated_INR + -12.5
None
ls_gain_coeffs:
[-134.54493778 -131.696653   -128.06317288 -134.97528537 -141.68578857
 -123.90477146 -134.72438369 -129.44306136 -131.53417482 -136.59438173
 -143.72962317 -124.90279809 -148.96959076 -115.85938735 -125.75644545]
inrs_hat:  [-23.55523774 -20.70695296 -17.07347284 -23.98558533 -30.69608853
 -12.91507142 -23.73468365 -18.45336132 -20.54447478 -25.60468169
 -32.73992313 -13.91309805 -37.97989071  -4.86968731 -14.7667454 ]
scheduled_ues:  [ 0  1  2  3  4  5  6  7  8  9 10 11 12 14]
(1, 15, 1, 4, 1, 1)
caused INR: -4.414973496110316
TpsAltruisticFromLsfGain + IndividualEstimated_INR + -15.0
None
ls_gain_coeffs:
[-134.54493778 -131.696653   -128.06317288 -134.97528537 -141.68578857
 -123.90477146 -134.72438369 -129.44306136 -131.53417482 -136.59438173
 -143.72962317 -124.90279809 -148.96959076 -115.85938735 -125.75644545]
inrs_hat:  [-23.55523774 -20.70695296 -17.07347284 -23.98558533 -30.69608853
 -12.91507142 -23.73468365 -18.45336132 -20.54447478 -25.60468169
 -32.73992313 -13.91309805 -37.97989071  -4.86968731 -14.7667454 ]
scheduled_ues:  [ 0  1  2  3  4  6  7  8  9 10 12]
(1, 15, 1, 4, 1, 1)
caused INR: -10.257787173679986
TpsAltruisticFromLsfGain + CumulativeIndividualEstimated_INR + -10.0
None
(1, 15, 1, 4, 1, 1)
caused INR: -10.257787173679986
TpsAltruisticFromLsfGain + CumulativeIndividualEstimated_INR + -12.5
None
(1, 15, 1, 4, 1, 1)
caused INR: -9.310718025886079
TpsAltruisticFromLsfGain + CumulativeIndividualEstimated_INR + -15.0
None
(1, 15, 1, 4, 1, 1)
caused INR: -13.05213647011469
TpsRandomic + IndividualEstimated_INR + -10.0
None
ls_gain_coeffs:
[-128.08112925 -121.80801432 -113.31710525 -121.16138349 -128.73535299
 -106.93146834 -122.77552395 -129.44306136 -122.79912309 -136.59438173
 -127.26173993 -107.91132221 -148.96959076  -99.36806382 -125.75644545]
inrs_hat:  [-17.09142921 -10.81831428  -2.32740521 -10.17168344 -17.74565295
   4.05823171 -11.78582391 -18.45336132 -11.80942305 -25.60468169
 -16.27203988   3.07837783 -37.97989071  11.62163622 -14.7667454 ]
scheduled_ues:  [ 0  1  3  4  6  7  8  9 10 12 14]
(1, 15, 1, 4, 1, 1)
caused INR: -15.307186248499473
TpsRandomic + IndividualEstimated_INR + -12.5
None
ls_gain_coeffs:
[-128.08112925 -119.44197914 -113.31710525 -121.16138349 -128.73535299
 -116.07504924 -117.26193991 -129.13640325 -114.81671361 -135.02104584
 -129.71384579 -107.91132221 -135.20859736 -109.78480205 -115.96892343]
inrs_hat:  [-17.09142921  -8.4522791   -2.32740521 -10.17168344 -17.74565295
  -5.08534919  -6.27223987 -18.14670321  -3.82701356 -24.03134579
 -18.72414575   3.07837783 -24.21889732   1.20489799  -4.97922339]
scheduled_ues:  [ 0  4  7  9 10 12]
(1, 15, 1, 4, 1, 1)
caused INR: -14.404185458967095
TpsRandomic + IndividualEstimated_INR + -15.0
None
ls_gain_coeffs:
[-120.63907229 -131.696653   -128.06317288 -121.16138349 -124.9177317
 -116.07504924 -117.26193991 -116.89924199 -122.79912309 -123.62833643
 -143.72962317 -124.90279809 -135.86829406 -115.85938735 -125.75644545]
inrs_hat:  [ -9.64937224 -20.70695296 -17.07347284 -10.17168344 -13.92803165
  -5.08534919  -6.27223987  -5.90954195 -11.80942305 -12.63863639
 -32.73992313 -13.91309805 -24.87859402  -4.86968731 -14.7667454 ]
scheduled_ues:  [ 1  2 10 12]
(1, 15, 1, 4, 1, 1)
caused INR: -12.340660628329001
TpsRandomic + CumulativeIndividualEstimated_INR + -10.0
None
(1, 15, 1, 4, 1, 1)
caused INR: -13.962000552978697
TpsRandomic + CumulativeIndividualEstimated_INR + -12.5
None
(1, 15, 1, 4, 1, 1)
caused INR: -8.997120388913904
TpsRandomic + CumulativeIndividualEstimated_INR + -15.0
None
(1, 15, 1, 4, 1, 1)
caused INR: -27.12406167207388
Iteration number 85
TpsAltruisticFromLsfGain + IndividualEstimated_INR + -10.0
None
ls_gain_coeffs:
[-149.70433802 -132.09669693 -149.72920568 -150.03993202 -136.37956688
 -150.12500983 -132.40981954 -129.0665874  -144.46044007 -144.89174064
 -123.19718735 -142.02224812 -128.10549145 -126.06762771 -133.93202286]
inrs_hat:  [-38.71463798 -21.10699689 -38.73950563 -39.05023198 -25.38986684
 -39.13530978 -21.42011949 -18.07688736 -33.47074003 -33.9020406
 -12.2074873  -31.03254807 -17.11579141 -15.07792767 -22.94232282]
scheduled_ues:  [ 0  1  2  3  4  5  6  7  8  9 10 11 12 13 14]
(1, 15, 1, 4, 1, 1)
caused INR: -5.7754482894068975
TpsAltruisticFromLsfGain + IndividualEstimated_INR + -12.5
None
ls_gain_coeffs:
[-149.70433802 -132.09669693 -149.72920568 -150.03993202 -136.37956688
 -150.12500983 -132.40981954 -129.0665874  -144.46044007 -144.89174064
 -123.19718735 -142.02224812 -128.10549145 -126.06762771 -133.93202286]
inrs_hat:  [-38.71463798 -21.10699689 -38.73950563 -39.05023198 -25.38986684
 -39.13530978 -21.42011949 -18.07688736 -33.47074003 -33.9020406
 -12.2074873  -31.03254807 -17.11579141 -15.07792767 -22.94232282]
scheduled_ues:  [ 0  1  2  3  4  5  6  7  8  9 11 12 13 14]
(1, 15, 1, 4, 1, 1)
caused INR: -5.631743322656588
TpsAltruisticFromLsfGain + IndividualEstimated_INR + -15.0
None
ls_gain_coeffs:
[-149.70433802 -132.09669693 -149.72920568 -150.03993202 -136.37956688
 -150.12500983 -132.40981954 -129.0665874  -144.46044007 -144.89174064
 -123.19718735 -142.02224812 -128.10549145 -126.06762771 -133.93202286]
inrs_hat:  [-38.71463798 -21.10699689 -38.73950563 -39.05023198 -25.38986684
 -39.13530978 -21.42011949 -18.07688736 -33.47074003 -33.9020406
 -12.2074873  -31.03254807 -17.11579141 -15.07792767 -22.94232282]
scheduled_ues:  [ 0  1  2  3  4  5  6  7  8  9 11 12 13 14]
(1, 15, 1, 4, 1, 1)
caused INR: -5.631743322656588
TpsAltruisticFromLsfGain + CumulativeIndividualEstimated_INR + -10.0
None
(1, 15, 1, 4, 1, 1)
caused INR: -5.631743322656588
TpsAltruisticFromLsfGain + CumulativeIndividualEstimated_INR + -12.5
None
(1, 15, 1, 4, 1, 1)
caused INR: -11.09781821381025
TpsAltruisticFromLsfGain + CumulativeIndividualEstimated_INR + -15.0
None
(1, 15, 1, 4, 1, 1)
caused INR: -17.326222702855443
TpsRandomic + IndividualEstimated_INR + -10.0
None
ls_gain_coeffs:
[-138.29491589 -118.84301126 -149.72920568 -139.31264539 -130.57052628
 -150.12500983 -126.85681317 -111.44852582 -127.80008859 -136.28343997
 -111.27241601 -125.19712333 -115.3931642  -110.87046723 -126.48035902]
inrs_hat:  [-27.30521585  -7.85331121 -38.73950563 -28.32294535 -19.58082624
 -39.13530978 -15.86711312  -0.45882578 -16.81038855 -25.29373993
  -0.28271597 -14.20742329  -4.40346416   0.11923282 -15.49065897]
scheduled_ues:  [ 0  2  3  4  5  6  8  9 11 14]
(1, 15, 1, 4, 1, 1)
caused INR: -14.331029394601204
TpsRandomic + IndividualEstimated_INR + -12.5
None
ls_gain_coeffs:
[-138.29491589 -132.09669693 -149.72920568 -133.30681147 -130.57052628
 -141.9030594  -126.85681317 -119.52194459 -131.77637499 -144.89174064
 -123.19718735 -125.19712333 -115.12243695 -112.24824747 -133.93202286]
inrs_hat:  [-27.30521585 -21.10699689 -38.73950563 -22.31711142 -19.58082624
 -30.91335935 -15.86711312  -8.53224455 -20.78667495 -33.9020406
 -12.2074873  -14.20742329  -4.1327369   -1.25854743 -22.94232282]
scheduled_ues:  [ 0  1  2  3  4  5  6  8  9 11 14]
(1, 15, 1, 4, 1, 1)
caused INR: -10.845851937389181
TpsRandomic + IndividualEstimated_INR + -15.0
None
ls_gain_coeffs:
[-138.29491589 -132.09669693 -137.52721993 -150.03993202 -136.37956688
 -137.76851261 -126.85681317 -119.52194459 -136.2654022  -144.89174064
 -123.19718735 -125.19712333 -128.10549145 -121.93428698 -120.07524042]
inrs_hat:  [-27.30521585 -21.10699689 -26.53751988 -39.05023198 -25.38986684
 -26.77881257 -15.86711312  -8.53224455 -25.27570215 -33.9020406
 -12.2074873  -14.20742329 -17.11579141 -10.94458694  -9.08554038]
scheduled_ues:  [ 0  1  2  3  4  5  6  8  9 12]
(1, 15, 1, 4, 1, 1)
caused INR: -21.210612975915755
TpsRandomic + CumulativeIndividualEstimated_INR + -10.0
None
(1, 15, 1, 4, 1, 1)
caused INR: -28.26170977127112
TpsRandomic + CumulativeIndividualEstimated_INR + -12.5
None
(1, 15, 1, 4, 1, 1)
caused INR: -10.4465003251672
TpsRandomic + CumulativeIndividualEstimated_INR + -15.0
None
(1, 15, 1, 4, 1, 1)
caused INR: -15.359819841806663
Iteration number 86
TpsAltruisticFromLsfGain + IndividualEstimated_INR + -10.0
None
ls_gain_coeffs:
[-145.04673878 -144.78921875 -142.85215174 -137.9101997  -140.00455619
 -133.86023813 -131.62990065 -134.50405116 -150.16839148 -143.4269087
 -135.72574281 -145.3757008  -140.06078513 -142.2136585  -145.03448954]
inrs_hat:  [-34.05703873 -33.7995187  -31.8624517  -26.92049966 -29.01485614
 -22.87053809 -20.64020061 -23.51435111 -39.17869144 -32.43720865
 -24.73604277 -34.38600075 -29.07108509 -31.22395846 -34.0447895 ]
scheduled_ues:  [ 0  1  2  3  4  5  6  7  8  9 10 11 12 13 14]
(1, 15, 1, 4, 1, 1)
caused INR: -13.39493680851676
TpsAltruisticFromLsfGain + IndividualEstimated_INR + -12.5
None
ls_gain_coeffs:
[-145.04673878 -144.78921875 -142.85215174 -137.9101997  -140.00455619
 -133.86023813 -131.62990065 -134.50405116 -150.16839148 -143.4269087
 -135.72574281 -145.3757008  -140.06078513 -142.2136585  -145.03448954]
inrs_hat:  [-34.05703873 -33.7995187  -31.8624517  -26.92049966 -29.01485614
 -22.87053809 -20.64020061 -23.51435111 -39.17869144 -32.43720865
 -24.73604277 -34.38600075 -29.07108509 -31.22395846 -34.0447895 ]
scheduled_ues:  [ 0  1  2  3  4  5  6  7  8  9 10 11 12 13 14]
(1, 15, 1, 4, 1, 1)
caused INR: -13.39493680851676
TpsAltruisticFromLsfGain + IndividualEstimated_INR + -15.0
None
ls_gain_coeffs:
[-145.04673878 -144.78921875 -142.85215174 -137.9101997  -140.00455619
 -133.86023813 -131.62990065 -134.50405116 -150.16839148 -143.4269087
 -135.72574281 -145.3757008  -140.06078513 -142.2136585  -145.03448954]
inrs_hat:  [-34.05703873 -33.7995187  -31.8624517  -26.92049966 -29.01485614
 -22.87053809 -20.64020061 -23.51435111 -39.17869144 -32.43720865
 -24.73604277 -34.38600075 -29.07108509 -31.22395846 -34.0447895 ]
scheduled_ues:  [ 0  1  2  3  4  5  6  7  8  9 10 11 12 13 14]
(1, 15, 1, 4, 1, 1)
caused INR: -13.39493680851676
TpsAltruisticFromLsfGain + CumulativeIndividualEstimated_INR + -10.0
None
(1, 15, 1, 4, 1, 1)
caused INR: -13.39493680851676
TpsAltruisticFromLsfGain + CumulativeIndividualEstimated_INR + -12.5
None
(1, 15, 1, 4, 1, 1)
caused INR: -13.39493680851676
TpsAltruisticFromLsfGain + CumulativeIndividualEstimated_INR + -15.0
None
(1, 15, 1, 4, 1, 1)
caused INR: -13.39493680851676
TpsRandomic + IndividualEstimated_INR + -10.0
None
ls_gain_coeffs:
[-136.4251401  -144.78921875 -142.85215174 -137.9101997  -132.6390577
 -116.56604383 -127.29525494 -127.01614934 -147.2052664  -135.96025387
 -118.97688068 -145.3757008  -131.77403846 -129.68582678 -133.87444716]
inrs_hat:  [-25.43544006 -33.7995187  -31.8624517  -26.92049966 -21.64935766
  -5.57634379 -16.30555489 -16.0264493  -36.21556635 -24.97055382
  -7.98718063 -34.38600075 -20.78433842 -18.69612674 -22.88474712]
scheduled_ues:  [ 0  1  2  3  4  6  7  8  9 11 12 13 14]
(1, 15, 1, 4, 1, 1)
caused INR: -29.10370700483336
TpsRandomic + IndividualEstimated_INR + -12.5
None
ls_gain_coeffs:
[-128.24524019 -127.90228134 -127.22169376 -137.9101997  -132.6390577
 -122.88504405 -116.29853684 -117.61411672 -136.73908312 -143.4269087
 -118.97688068 -131.27062746 -123.54982734 -142.2136585  -145.03448954]
inrs_hat:  [-17.25554015 -16.91258129 -16.23199372 -26.92049966 -21.64935766
 -11.89534401  -5.3088368   -6.62441668 -25.74938308 -32.43720865
  -7.98718063 -20.28092742 -12.5601273  -31.22395846 -34.0447895 ]
scheduled_ues:  [ 0  1  2  3  4  8  9 11 12 13 14]
(1, 15, 1, 4, 1, 1)
caused INR: -11.701249431545193
TpsRandomic + IndividualEstimated_INR + -15.0
None
ls_gain_coeffs:
[-136.4251401  -133.51611463 -138.06886477 -125.44419105 -123.59262509
 -122.88504405 -116.29853684 -117.61411672 -135.75137476 -130.07086
 -135.72574281 -145.3757008  -127.76721623 -142.2136585  -134.7959404 ]
inrs_hat:  [-25.43544006 -22.52641459 -27.07916473 -14.45449101 -12.60292505
 -11.89534401  -5.3088368   -6.62441668 -24.76167471 -19.08115996
 -24.73604277 -34.38600075 -16.77751618 -31.22395846 -23.80624036]
scheduled_ues:  [ 0  1  2  8  9 10 11 12 13 14]
(1, 15, 1, 4, 1, 1)
caused INR: -25.14657563608626
TpsRandomic + CumulativeIndividualEstimated_INR + -10.0
None
(1, 15, 1, 4, 1, 1)
caused INR: -8.162450912687904
TpsRandomic + CumulativeIndividualEstimated_INR + -12.5
None
(1, 15, 1, 4, 1, 1)
caused INR: -15.730125854764198
TpsRandomic + CumulativeIndividualEstimated_INR + -15.0
None
(1, 15, 1, 4, 1, 1)
caused INR: -15.27597543378699
Iteration number 87
TpsAltruisticFromLsfGain + IndividualEstimated_INR + -10.0
None
ls_gain_coeffs:
[-133.57238648 -140.81427406 -148.33099536 -145.46380902 -140.59459754
 -130.22497315 -132.44645783 -146.86337824 -138.60324682 -149.06962946
 -146.25554583 -142.70069483 -145.32326815 -123.14773791 -143.43165091]
inrs_hat:  [-22.58268643 -29.82457402 -37.34129531 -34.47410898 -29.60489749
 -19.2352731  -21.45675779 -35.8736782  -27.61354677 -38.07992941
 -35.26584579 -31.71099479 -34.33356811 -12.15803787 -32.44195087]
scheduled_ues:  [ 0  1  2  3  4  5  6  7  8  9 10 11 12 13 14]
(1, 15, 1, 4, 1, 1)
caused INR: -6.860598983717549
TpsAltruisticFromLsfGain + IndividualEstimated_INR + -12.5
None
ls_gain_coeffs:
[-133.57238648 -140.81427406 -148.33099536 -145.46380902 -140.59459754
 -130.22497315 -132.44645783 -146.86337824 -138.60324682 -149.06962946
 -146.25554583 -142.70069483 -145.32326815 -123.14773791 -143.43165091]
inrs_hat:  [-22.58268643 -29.82457402 -37.34129531 -34.47410898 -29.60489749
 -19.2352731  -21.45675779 -35.8736782  -27.61354677 -38.07992941
 -35.26584579 -31.71099479 -34.33356811 -12.15803787 -32.44195087]
scheduled_ues:  [ 0  1  2  3  4  5  6  7  8  9 10 11 12 14]
(1, 15, 1, 4, 1, 1)
caused INR: -15.6976882010657
TpsAltruisticFromLsfGain + IndividualEstimated_INR + -15.0
None
ls_gain_coeffs:
[-133.57238648 -140.81427406 -148.33099536 -145.46380902 -140.59459754
 -130.22497315 -132.44645783 -146.86337824 -138.60324682 -149.06962946
 -146.25554583 -142.70069483 -145.32326815 -123.14773791 -143.43165091]
inrs_hat:  [-22.58268643 -29.82457402 -37.34129531 -34.47410898 -29.60489749
 -19.2352731  -21.45675779 -35.8736782  -27.61354677 -38.07992941
 -35.26584579 -31.71099479 -34.33356811 -12.15803787 -32.44195087]
scheduled_ues:  [ 0  1  2  3  4  5  6  7  8  9 10 11 12 14]
(1, 15, 1, 4, 1, 1)
caused INR: -15.6976882010657
TpsAltruisticFromLsfGain + CumulativeIndividualEstimated_INR + -10.0
None
(1, 15, 1, 4, 1, 1)
caused INR: -6.860598983717549
TpsAltruisticFromLsfGain + CumulativeIndividualEstimated_INR + -12.5
None
(1, 15, 1, 4, 1, 1)
caused INR: -15.6976882010657
TpsAltruisticFromLsfGain + CumulativeIndividualEstimated_INR + -15.0
None
(1, 15, 1, 4, 1, 1)
caused INR: -15.6976882010657
TpsRandomic + IndividualEstimated_INR + -10.0
None
ls_gain_coeffs:
[-116.5321791  -128.52407536 -131.61658505 -129.13377285 -133.89307251
 -130.22497315 -119.06481138 -133.70331286 -127.98220089 -149.06962946
 -146.25554583 -129.47016842 -131.10983028 -106.24392378 -132.95922335]
inrs_hat:  [ -5.54247906 -17.53437532 -20.62688501 -18.1440728  -22.90337247
 -19.2352731   -8.07511134 -22.71361282 -16.99250085 -38.07992941
 -35.26584579 -18.48046838 -20.12013024   4.74577627 -21.9695233 ]
scheduled_ues:  [ 1  2  3  4  5  7  8  9 10 11 12 14]
(1, 15, 1, 4, 1, 1)
caused INR: -6.256943331156442
TpsRandomic + IndividualEstimated_INR + -12.5
None
ls_gain_coeffs:
[-133.57238648 -131.45012629 -137.75293508 -129.13377285 -133.89307251
 -117.77751281 -114.76176576 -146.86337824 -121.72600903 -136.03795009
 -139.58242429 -140.3339156  -145.32326815 -123.14773791 -132.67679361]
inrs_hat:  [-22.58268643 -20.46042624 -26.76323504 -18.1440728  -22.90337247
  -6.78781277  -3.77206572 -35.8736782  -10.73630899 -25.04825005
 -28.59272425 -29.34421556 -34.33356811 -12.15803787 -21.68709357]
scheduled_ues:  [ 0  1  2  3  4  7  9 10 11 12 14]
(1, 15, 1, 4, 1, 1)
caused INR: -9.167982563178846
TpsRandomic + IndividualEstimated_INR + -15.0
None
ls_gain_coeffs:
[-116.5321791  -123.76630082 -148.33099536 -129.13377285 -126.79240979
 -130.20739214 -119.06481138 -130.20486994 -127.98220089 -132.62030199
 -132.37106225 -142.70069483 -131.99574922 -106.24392378 -126.59720848]
inrs_hat:  [ -5.54247906 -12.77660078 -37.34129531 -18.1440728  -15.80270975
 -19.2176921   -8.07511134 -19.2151699  -16.99250085 -21.63060194
 -21.3813622  -31.71099479 -21.00604917   4.74577627 -15.60750844]
scheduled_ues:  [ 2  3  4  5  7  8  9 10 11 12 14]
(1, 15, 1, 4, 1, 1)
caused INR: -7.416517943371861
TpsRandomic + CumulativeIndividualEstimated_INR + -10.0
None
(1, 15, 1, 4, 1, 1)
caused INR: -2.995194295685246
TpsRandomic + CumulativeIndividualEstimated_INR + -12.5
None
(1, 15, 1, 4, 1, 1)
caused INR: -13.931508947142675
TpsRandomic + CumulativeIndividualEstimated_INR + -15.0
None
(1, 15, 1, 4, 1, 1)
caused INR: -15.382073380940744
Iteration number 88
TpsAltruisticFromLsfGain + IndividualEstimated_INR + -10.0
None
ls_gain_coeffs:
[-139.95035641 -126.44623972 -131.02876984 -116.4986495  -141.9540826
 -126.66824499 -149.99086495 -149.71453964 -150.71012113 -132.97570517
 -145.35587809 -142.3484418  -148.62817452 -145.78225839 -132.15361639]
inrs_hat:  [-28.96065636 -15.45653967 -20.0390698   -5.50894945 -30.96438255
 -15.67854495 -39.0011649  -38.7248396  -39.72042108 -21.98600512
 -34.36617804 -31.35874176 -37.63847448 -34.79255834 -21.16391635]
scheduled_ues:  [ 0  1  2  4  5  6  7  8  9 10 11 12 13 14]
(1, 15, 1, 4, 1, 1)
caused INR: -27.22868063025189
TpsAltruisticFromLsfGain + IndividualEstimated_INR + -12.5
None
ls_gain_coeffs:
[-139.95035641 -126.44623972 -131.02876984 -116.4986495  -141.9540826
 -126.66824499 -149.99086495 -149.71453964 -150.71012113 -132.97570517
 -145.35587809 -142.3484418  -148.62817452 -145.78225839 -132.15361639]
inrs_hat:  [-28.96065636 -15.45653967 -20.0390698   -5.50894945 -30.96438255
 -15.67854495 -39.0011649  -38.7248396  -39.72042108 -21.98600512
 -34.36617804 -31.35874176 -37.63847448 -34.79255834 -21.16391635]
scheduled_ues:  [ 0  1  2  4  5  6  7  8  9 10 11 12 13 14]
(1, 15, 1, 4, 1, 1)
caused INR: -27.22868063025189
TpsAltruisticFromLsfGain + IndividualEstimated_INR + -15.0
None
ls_gain_coeffs:
[-139.95035641 -126.44623972 -131.02876984 -116.4986495  -141.9540826
 -126.66824499 -149.99086495 -149.71453964 -150.71012113 -132.97570517
 -145.35587809 -142.3484418  -148.62817452 -145.78225839 -132.15361639]
inrs_hat:  [-28.96065636 -15.45653967 -20.0390698   -5.50894945 -30.96438255
 -15.67854495 -39.0011649  -38.7248396  -39.72042108 -21.98600512
 -34.36617804 -31.35874176 -37.63847448 -34.79255834 -21.16391635]
scheduled_ues:  [ 0  1  2  4  5  6  7  8  9 10 11 12 13 14]
(1, 15, 1, 4, 1, 1)
caused INR: -27.22868063025189
TpsAltruisticFromLsfGain + CumulativeIndividualEstimated_INR + -10.0
None
(1, 15, 1, 4, 1, 1)
caused INR: -27.22868063025189
TpsAltruisticFromLsfGain + CumulativeIndividualEstimated_INR + -12.5
None
(1, 15, 1, 4, 1, 1)
caused INR: -15.906951203962794
TpsAltruisticFromLsfGain + CumulativeIndividualEstimated_INR + -15.0
None
(1, 15, 1, 4, 1, 1)
caused INR: -14.635604791068141
TpsRandomic + IndividualEstimated_INR + -10.0
None
ls_gain_coeffs:
[-126.41951645 -124.95299858 -131.02876984 -108.05147405 -140.56605557
 -126.1131724  -149.99086495 -141.96167623 -134.04003804 -116.17360342
 -128.59472676 -127.39506681 -142.66657492 -145.78225839 -115.66467262]
inrs_hat:  [-15.4298164  -13.96329854 -20.0390698    2.93822599 -29.57635552
 -15.12347236 -39.0011649  -30.97197619 -23.050338    -5.18390338
 -17.60502672 -16.40536677 -31.67687488 -34.79255834  -4.67497257]
scheduled_ues:  [ 0  1  2  4  5  6  7  8 10 11 12 13]
(1, 15, 1, 4, 1, 1)
caused INR: -8.294033168883502
TpsRandomic + IndividualEstimated_INR + -12.5
None
ls_gain_coeffs:
[-126.41951645 -124.95299858 -115.59655535 -101.8045757  -140.56605557
 -113.8565966  -133.44931061 -149.71453964 -134.04003804 -132.97570517
 -133.74810287 -138.58077931 -132.50698705 -132.18275459 -132.15361639]
inrs_hat:  [-15.4298164  -13.96329854  -4.60685531   9.18512435 -29.57635552
  -2.86689656 -22.45961057 -38.7248396  -23.050338   -21.98600512
 -22.75840283 -27.59107927 -21.517287   -21.19305455 -21.16391635]
scheduled_ues:  [ 0  1  4  6  7  8  9 10 11 12 13 14]
(1, 15, 1, 4, 1, 1)
caused INR: -9.162108718837024
TpsRandomic + IndividualEstimated_INR + -15.0
None
ls_gain_coeffs:
[-126.41951645 -113.50689267 -126.54284811  -98.70722487 -141.9540826
 -113.8565966  -133.44931061 -133.25791043 -150.71012113 -132.97570517
 -145.35587809 -138.58077931 -148.62817452 -132.18275459 -132.15361639]
inrs_hat:  [-15.4298164   -2.51719263 -15.55314807  12.28247517 -30.96438255
  -2.86689656 -22.45961057 -22.26821039 -39.72042108 -21.98600512
 -34.36617804 -27.59107927 -37.63847448 -21.19305455 -21.16391635]
scheduled_ues:  [ 0  2  4  6  7  8  9 10 11 12 13 14]
(1, 15, 1, 4, 1, 1)
caused INR: -11.461881960010682
TpsRandomic + CumulativeIndividualEstimated_INR + -10.0
None
(1, 15, 1, 4, 1, 1)
caused INR: -11.606660335080289
TpsRandomic + CumulativeIndividualEstimated_INR + -12.5
None
(1, 15, 1, 4, 1, 1)
caused INR: -20.252664604042995
TpsRandomic + CumulativeIndividualEstimated_INR + -15.0
None
(1, 15, 1, 4, 1, 1)
caused INR: -17.175889910951877
Iteration number 89
TpsAltruisticFromLsfGain + IndividualEstimated_INR + -10.0
None
ls_gain_coeffs:
[-145.39941628 -140.19788574 -136.15702433 -141.58208055 -143.78312342
 -138.38825207 -142.54538518 -150.06426912 -140.40974294 -138.17004345
 -123.20999256 -151.34351792 -144.51069976 -129.8647702  -138.21072354]
inrs_hat:  [-34.40971624 -29.2081857  -25.16732429 -30.59238051 -32.79342338
 -27.39855203 -31.55568514 -39.07456908 -29.4200429  -27.18034341
 -12.22029252 -40.35381788 -33.52099972 -18.87507016 -27.2210235 ]
scheduled_ues:  [ 0  1  2  3  4  5  6  7  8  9 10 11 12 13 14]
(1, 15, 1, 4, 1, 1)
caused INR: -23.652004394805026
TpsAltruisticFromLsfGain + IndividualEstimated_INR + -12.5
None
ls_gain_coeffs:
[-145.39941628 -140.19788574 -136.15702433 -141.58208055 -143.78312342
 -138.38825207 -142.54538518 -150.06426912 -140.40974294 -138.17004345
 -123.20999256 -151.34351792 -144.51069976 -129.8647702  -138.21072354]
inrs_hat:  [-34.40971624 -29.2081857  -25.16732429 -30.59238051 -32.79342338
 -27.39855203 -31.55568514 -39.07456908 -29.4200429  -27.18034341
 -12.22029252 -40.35381788 -33.52099972 -18.87507016 -27.2210235 ]
scheduled_ues:  [ 0  1  2  3  4  5  6  7  8  9 11 12 13 14]
(1, 15, 1, 4, 1, 1)
caused INR: -17.43813535559217
TpsAltruisticFromLsfGain + IndividualEstimated_INR + -15.0
None
ls_gain_coeffs:
[-145.39941628 -140.19788574 -136.15702433 -141.58208055 -143.78312342
 -138.38825207 -142.54538518 -150.06426912 -140.40974294 -138.17004345
 -123.20999256 -151.34351792 -144.51069976 -129.8647702  -138.21072354]
inrs_hat:  [-34.40971624 -29.2081857  -25.16732429 -30.59238051 -32.79342338
 -27.39855203 -31.55568514 -39.07456908 -29.4200429  -27.18034341
 -12.22029252 -40.35381788 -33.52099972 -18.87507016 -27.2210235 ]
scheduled_ues:  [ 0  1  2  3  4  5  6  7  8  9 11 12 13 14]
(1, 15, 1, 4, 1, 1)
caused INR: -17.43813535559217
TpsAltruisticFromLsfGain + CumulativeIndividualEstimated_INR + -10.0
None
(1, 15, 1, 4, 1, 1)
caused INR: -23.652004394805026
TpsAltruisticFromLsfGain + CumulativeIndividualEstimated_INR + -12.5
None
(1, 15, 1, 4, 1, 1)
caused INR: -17.43813535559217
TpsAltruisticFromLsfGain + CumulativeIndividualEstimated_INR + -15.0
None
(1, 15, 1, 4, 1, 1)
caused INR: -17.43813535559217
TpsRandomic + IndividualEstimated_INR + -10.0
None
ls_gain_coeffs:
[-145.39941628 -140.19788574 -126.30080144 -141.58208055 -143.78312342
 -138.38825207 -134.21457375 -139.27672088 -140.40974294 -123.61227811
 -106.1450711  -151.34351792 -136.37396879 -117.60894548 -126.87421405]
inrs_hat:  [-34.40971624 -29.2081857  -15.3111014  -30.59238051 -32.79342338
 -27.39855203 -23.2248737  -28.28702083 -29.4200429  -12.62257806
   4.84462894 -40.35381788 -25.38426875  -6.61924544 -15.884514  ]
scheduled_ues:  [ 0  1  2  3  4  5  6  7  8  9 11 12 14]
(1, 15, 1, 4, 1, 1)
caused INR: -6.477522990352329
TpsRandomic + IndividualEstimated_INR + -12.5
None
ls_gain_coeffs:
[-143.21976646 -137.3251474  -124.29837098 -141.58208055 -143.78312342
 -125.93786244 -129.81320228 -150.06426912 -123.48811585 -123.61227811
 -111.14884856 -137.22537577 -127.86738056 -113.06283813 -121.06529605]
inrs_hat:  [-32.23006641 -26.33544735 -13.30867093 -30.59238051 -32.79342338
 -14.94816239 -18.82350224 -39.07456908 -12.4984158  -12.62257806
  -0.15914851 -26.23567573 -16.87768052  -2.07313809 -10.075596  ]
scheduled_ues:  [ 0  1  2  3  4  5  6  7  9 11 12]
(1, 15, 1, 4, 1, 1)
caused INR: -17.097854164043206
TpsRandomic + IndividualEstimated_INR + -15.0
None
ls_gain_coeffs:
[-131.5047164  -140.19788574 -126.30080144 -130.54301587 -131.13499248
 -138.38825207 -134.21457375 -139.27672088 -130.73928846 -138.17004345
 -111.14884856 -135.46007734 -127.86738056 -113.06283813 -121.06529605]
inrs_hat:  [-20.51501636 -29.2081857  -15.3111014  -19.55331583 -20.14529244
 -27.39855203 -23.2248737  -28.28702083 -19.74958841 -27.18034341
  -0.15914851 -24.47037729 -16.87768052  -2.07313809 -10.075596  ]
scheduled_ues:  [ 0  1  2  3  4  5  6  7  8  9 11 12]
(1, 15, 1, 4, 1, 1)
caused INR: -8.038936383315969
TpsRandomic + CumulativeIndividualEstimated_INR + -10.0
None
(1, 15, 1, 4, 1, 1)
caused INR: -8.125147500176357
TpsRandomic + CumulativeIndividualEstimated_INR + -12.5
None
(1, 15, 1, 4, 1, 1)
caused INR: -27.305625142369855
TpsRandomic + CumulativeIndividualEstimated_INR + -15.0
None
(1, 15, 1, 4, 1, 1)
caused INR: -10.021835422121265
Iteration number 90
TpsAltruisticFromLsfGain + IndividualEstimated_INR + -10.0
None
ls_gain_coeffs:
[-140.85412327 -139.75212033 -137.43236498 -129.70625889 -136.06139235
 -150.08388798 -151.51570701 -142.62948808 -119.15792469 -141.06988732
 -137.67191169 -149.3266066  -150.28012402 -145.44096688 -140.56443363]
inrs_hat:  [-29.86442322 -28.76242028 -26.44266494 -18.71655884 -25.07169231
 -39.09418794 -40.52600697 -31.63978804  -8.16822465 -30.08018728
 -26.68221164 -38.33690656 -39.29042398 -34.45126684 -29.57473359]
scheduled_ues:  [ 0  1  2  3  4  5  6  7  9 10 11 12 13 14]
(1, 15, 1, 4, 1, 1)
caused INR: -18.48233507574166
TpsAltruisticFromLsfGain + IndividualEstimated_INR + -12.5
None
ls_gain_coeffs:
[-140.85412327 -139.75212033 -137.43236498 -129.70625889 -136.06139235
 -150.08388798 -151.51570701 -142.62948808 -119.15792469 -141.06988732
 -137.67191169 -149.3266066  -150.28012402 -145.44096688 -140.56443363]
inrs_hat:  [-29.86442322 -28.76242028 -26.44266494 -18.71655884 -25.07169231
 -39.09418794 -40.52600697 -31.63978804  -8.16822465 -30.08018728
 -26.68221164 -38.33690656 -39.29042398 -34.45126684 -29.57473359]
scheduled_ues:  [ 0  1  2  3  4  5  6  7  9 10 11 12 13 14]
(1, 15, 1, 4, 1, 1)
caused INR: -18.48233507574166
TpsAltruisticFromLsfGain + IndividualEstimated_INR + -15.0
None
ls_gain_coeffs:
[-140.85412327 -139.75212033 -137.43236498 -129.70625889 -136.06139235
 -150.08388798 -151.51570701 -142.62948808 -119.15792469 -141.06988732
 -137.67191169 -149.3266066  -150.28012402 -145.44096688 -140.56443363]
inrs_hat:  [-29.86442322 -28.76242028 -26.44266494 -18.71655884 -25.07169231
 -39.09418794 -40.52600697 -31.63978804  -8.16822465 -30.08018728
 -26.68221164 -38.33690656 -39.29042398 -34.45126684 -29.57473359]
scheduled_ues:  [ 0  1  2  3  4  5  6  7  9 10 11 12 13 14]
(1, 15, 1, 4, 1, 1)
caused INR: -18.48233507574166
TpsAltruisticFromLsfGain + CumulativeIndividualEstimated_INR + -10.0
None
(1, 15, 1, 4, 1, 1)
caused INR: -18.48233507574166
TpsAltruisticFromLsfGain + CumulativeIndividualEstimated_INR + -12.5
None
(1, 15, 1, 4, 1, 1)
caused INR: -18.48233507574166
TpsAltruisticFromLsfGain + CumulativeIndividualEstimated_INR + -15.0
None
(1, 15, 1, 4, 1, 1)
caused INR: -18.48233507574166
TpsRandomic + IndividualEstimated_INR + -10.0
None
ls_gain_coeffs:
[-130.18381552 -130.07802277 -133.55671177 -112.89365499 -126.21654133
 -133.6626609  -151.51570701 -134.57631122 -104.91638036 -135.12284624
 -124.44883983 -132.4395939  -134.10230286 -134.42727215 -124.61652894]
inrs_hat:  [-19.19411548 -19.08832273 -22.56701172  -1.90395495 -15.22684129
 -22.67296085 -40.52600697 -23.58661117   6.07331969 -24.1331462
 -13.45913979 -21.44989386 -23.11260282 -23.43757211 -13.62682889]
scheduled_ues:  [ 0  1  2  4  5  6  7  9 10 11 12 13 14]
(1, 15, 1, 4, 1, 1)
caused INR: -6.070211734884831
TpsRandomic + IndividualEstimated_INR + -12.5
None
ls_gain_coeffs:
[-129.97302659 -128.16306684 -137.43236498 -120.11966572 -136.06139235
 -137.40204098 -151.51570701 -129.83852389 -104.91638036 -135.12284624
 -135.32749612 -138.07464796 -134.10230286 -135.25871102 -124.61652894]
inrs_hat:  [-18.98332654 -17.1733668  -26.44266494  -9.12996567 -25.07169231
 -26.41234094 -40.52600697 -18.84882385   6.07331969 -24.1331462
 -24.33779607 -27.08494792 -23.11260282 -24.26901097 -13.62682889]
scheduled_ues:  [ 0  1  2  4  5  6  7  9 10 11 12 13 14]
(1, 15, 1, 4, 1, 1)
caused INR: -7.514335210168882
TpsRandomic + IndividualEstimated_INR + -15.0
None
ls_gain_coeffs:
[-129.97302659 -128.16306684 -133.55671177 -118.10924427 -136.06139235
 -137.40204098 -143.36258103 -142.62948808 -105.81635253 -141.06988732
 -124.44883983 -138.07464796 -143.82288746 -128.62219158 -135.07623867]
inrs_hat:  [-18.98332654 -17.1733668  -22.56701172  -7.11954422 -25.07169231
 -26.41234094 -32.37288099 -31.63978804   5.17334752 -30.08018728
 -13.45913979 -27.08494792 -32.83318741 -17.63249154 -24.08653862]
scheduled_ues:  [ 0  1  2  4  5  6  7  9 11 12 13 14]
(1, 15, 1, 4, 1, 1)
caused INR: -22.154132349774592
TpsRandomic + CumulativeIndividualEstimated_INR + -10.0
None
(1, 15, 1, 4, 1, 1)
caused INR: -8.623055406119112
TpsRandomic + CumulativeIndividualEstimated_INR + -12.5
None
(1, 15, 1, 4, 1, 1)
caused INR: -16.29605419933229
TpsRandomic + CumulativeIndividualEstimated_INR + -15.0
None
(1, 15, 1, 4, 1, 1)
caused INR: -13.127984023999792
Iteration number 91
TpsAltruisticFromLsfGain + IndividualEstimated_INR + -10.0
None
ls_gain_coeffs:
[-148.24089609 -140.36719808 -129.04693779 -132.25216227 -148.38541263
 -126.84847524 -136.71433891 -121.53837698 -133.56276065 -142.67721838
 -147.50848635 -145.7309146  -144.00739208 -133.62586703 -140.56417098]
inrs_hat:  [-37.25119605 -29.37749804 -18.05723775 -21.26246223 -37.39571259
 -15.85877519 -25.72463887 -10.54867694 -22.57306061 -31.68751833
 -36.51878631 -34.74121455 -33.01769204 -22.63616699 -29.57447094]
scheduled_ues:  [ 0  1  2  3  4  5  6  7  8  9 10 11 12 13 14]
(1, 15, 1, 4, 1, 1)
caused INR: -9.929328603554021
TpsAltruisticFromLsfGain + IndividualEstimated_INR + -12.5
None
ls_gain_coeffs:
[-148.24089609 -140.36719808 -129.04693779 -132.25216227 -148.38541263
 -126.84847524 -136.71433891 -121.53837698 -133.56276065 -142.67721838
 -147.50848635 -145.7309146  -144.00739208 -133.62586703 -140.56417098]
inrs_hat:  [-37.25119605 -29.37749804 -18.05723775 -21.26246223 -37.39571259
 -15.85877519 -25.72463887 -10.54867694 -22.57306061 -31.68751833
 -36.51878631 -34.74121455 -33.01769204 -22.63616699 -29.57447094]
scheduled_ues:  [ 0  1  2  3  4  5  6  8  9 10 11 12 13 14]
(1, 15, 1, 4, 1, 1)
caused INR: -12.15909375078333
TpsAltruisticFromLsfGain + IndividualEstimated_INR + -15.0
None
ls_gain_coeffs:
[-148.24089609 -140.36719808 -129.04693779 -132.25216227 -148.38541263
 -126.84847524 -136.71433891 -121.53837698 -133.56276065 -142.67721838
 -147.50848635 -145.7309146  -144.00739208 -133.62586703 -140.56417098]
inrs_hat:  [-37.25119605 -29.37749804 -18.05723775 -21.26246223 -37.39571259
 -15.85877519 -25.72463887 -10.54867694 -22.57306061 -31.68751833
 -36.51878631 -34.74121455 -33.01769204 -22.63616699 -29.57447094]
scheduled_ues:  [ 0  1  2  3  4  5  6  8  9 10 11 12 13 14]
(1, 15, 1, 4, 1, 1)
caused INR: -12.15909375078333
TpsAltruisticFromLsfGain + CumulativeIndividualEstimated_INR + -10.0
None
(1, 15, 1, 4, 1, 1)
caused INR: -12.15909375078333
TpsAltruisticFromLsfGain + CumulativeIndividualEstimated_INR + -12.5
None
(1, 15, 1, 4, 1, 1)
caused INR: -16.12327248609163
TpsAltruisticFromLsfGain + CumulativeIndividualEstimated_INR + -15.0
None
(1, 15, 1, 4, 1, 1)
caused INR: -26.34056184749067
TpsRandomic + IndividualEstimated_INR + -10.0
None
ls_gain_coeffs:
[-135.75910316 -132.67849375 -125.74906466 -125.28849994 -148.38541263
 -113.48609963 -122.76339043 -111.41441249 -122.55559005 -134.06793522
 -131.10697473 -139.8337614  -144.00739208 -133.62586703 -126.94593278]
inrs_hat:  [-24.76940312 -21.68879371 -14.75936462 -14.2987999  -37.39571259
  -2.49639958 -11.77369039  -0.42471245 -11.56589001 -23.07823518
 -20.11727469 -28.84406136 -33.01769204 -22.63616699 -15.95623273]
scheduled_ues:  [ 0  1  2  3  4  6  8  9 10 11 12 13 14]
(1, 15, 1, 4, 1, 1)
caused INR: -6.239134818866921
TpsRandomic + IndividualEstimated_INR + -12.5
None
ls_gain_coeffs:
[-140.08415305 -132.67849375 -115.50604675 -115.42181245 -131.90591251
 -113.48609963 -136.71433891 -121.53837698 -122.55559005 -125.88444447
 -134.39942565 -145.7309146  -142.23413731 -116.3501538  -126.94593278]
inrs_hat:  [-29.09445301 -21.68879371  -4.51634671  -4.43211241 -20.91621246
  -2.49639958 -25.72463887 -10.54867694 -11.56589001 -14.89474442
 -23.4097256  -34.74121455 -31.24443726  -5.36045375 -15.95623273]
scheduled_ues:  [ 0  1  4  6  9 10 11 12 14]
(1, 15, 1, 4, 1, 1)
caused INR: -4.9414681575437855
TpsRandomic + IndividualEstimated_INR + -15.0
None
ls_gain_coeffs:
[-148.24089609 -132.67849375 -125.74906466 -125.28849994 -135.5348559
 -110.09814302 -132.18629348 -109.57977548 -133.56276065 -125.88444447
 -134.39942565 -145.7309146  -130.38362223 -116.3501538  -137.03425637]
inrs_hat:  [-37.25119605 -21.68879371 -14.75936462 -14.2987999  -24.54515585
   0.89155702 -21.19659343   1.40992456 -22.57306061 -14.89474442
 -23.4097256  -34.74121455 -19.39392219  -5.36045375 -26.04455632]
scheduled_ues:  [ 0  1  4  6  8 10 11 12 14]
(1, 15, 1, 4, 1, 1)
caused INR: -8.301111475745328
TpsRandomic + CumulativeIndividualEstimated_INR + -10.0
None
(1, 15, 1, 4, 1, 1)
caused INR: -9.66888971320361
TpsRandomic + CumulativeIndividualEstimated_INR + -12.5
None
(1, 15, 1, 4, 1, 1)
caused INR: -13.245245013222068
TpsRandomic + CumulativeIndividualEstimated_INR + -15.0
None
(1, 15, 1, 4, 1, 1)
caused INR: -25.669586905355093
Iteration number 92
TpsAltruisticFromLsfGain + IndividualEstimated_INR + -10.0
None
ls_gain_coeffs:
[-147.81260918 -143.21008529 -150.44657934 -133.55344021 -126.10098974
 -138.48208359 -146.01432586 -142.37365739 -142.08660631 -118.57833002
 -135.46362273 -122.84927231 -133.34547136 -150.66089355 -142.11999136]
inrs_hat:  [-36.82290913 -32.22038525 -39.4568793  -22.56374017 -15.1112897
 -27.49238355 -35.02462581 -31.38395735 -31.09690627  -7.58862998
 -24.47392268 -11.85957227 -22.35577132 -39.67119351 -31.13029132]
scheduled_ues:  [ 0  1  2  3  4  5  6  7  8 10 11 12 13 14]
(1, 15, 1, 4, 1, 1)
caused INR: -17.389635303785308
TpsAltruisticFromLsfGain + IndividualEstimated_INR + -12.5
None
ls_gain_coeffs:
[-147.81260918 -143.21008529 -150.44657934 -133.55344021 -126.10098974
 -138.48208359 -146.01432586 -142.37365739 -142.08660631 -118.57833002
 -135.46362273 -122.84927231 -133.34547136 -150.66089355 -142.11999136]
inrs_hat:  [-36.82290913 -32.22038525 -39.4568793  -22.56374017 -15.1112897
 -27.49238355 -35.02462581 -31.38395735 -31.09690627  -7.58862998
 -24.47392268 -11.85957227 -22.35577132 -39.67119351 -31.13029132]
scheduled_ues:  [ 0  1  2  3  4  5  6  7  8 10 12 13 14]
(1, 15, 1, 4, 1, 1)
caused INR: -13.580435114536831
TpsAltruisticFromLsfGain + IndividualEstimated_INR + -15.0
None
ls_gain_coeffs:
[-147.81260918 -143.21008529 -150.44657934 -133.55344021 -126.10098974
 -138.48208359 -146.01432586 -142.37365739 -142.08660631 -118.57833002
 -135.46362273 -122.84927231 -133.34547136 -150.66089355 -142.11999136]
inrs_hat:  [-36.82290913 -32.22038525 -39.4568793  -22.56374017 -15.1112897
 -27.49238355 -35.02462581 -31.38395735 -31.09690627  -7.58862998
 -24.47392268 -11.85957227 -22.35577132 -39.67119351 -31.13029132]
scheduled_ues:  [ 0  1  2  3  4  5  6  7  8 10 12 13 14]
(1, 15, 1, 4, 1, 1)
caused INR: -13.580435114536831
TpsAltruisticFromLsfGain + CumulativeIndividualEstimated_INR + -10.0
None
(1, 15, 1, 4, 1, 1)
caused INR: -13.580435114536831
TpsAltruisticFromLsfGain + CumulativeIndividualEstimated_INR + -12.5
None
(1, 15, 1, 4, 1, 1)
caused INR: -13.580435114536831
TpsAltruisticFromLsfGain + CumulativeIndividualEstimated_INR + -15.0
None
(1, 15, 1, 4, 1, 1)
caused INR: -21.7946713491489
TpsRandomic + IndividualEstimated_INR + -10.0
None
ls_gain_coeffs:
[-134.53124645 -143.21008529 -136.38634194 -133.55344021 -113.18623195
 -130.66530082 -135.56013386 -142.37365739 -125.25896395 -105.27528132
 -122.28621735 -122.84927231 -117.5100749  -140.81971514 -133.69447809]
inrs_hat:  [-23.54154641 -32.22038525 -25.39664189 -22.56374017  -2.19653191
 -19.67560077 -24.57043382 -31.38395735 -14.26926391   5.71441873
 -11.29651731 -11.85957227  -6.52037486 -29.83001509 -22.70477804]
scheduled_ues:  [ 0  1  2  3  5  6  7  8 10 11 13 14]
(1, 15, 1, 4, 1, 1)
caused INR: -6.427016200268526
TpsRandomic + IndividualEstimated_INR + -12.5
None
ls_gain_coeffs:
[-147.81260918 -143.21008529 -136.38634194 -118.14775421 -112.71307416
 -130.66530082 -135.31643014 -129.19099989 -129.0957553  -118.57833002
 -122.28621735 -122.84927231 -119.20697313 -150.66089355 -129.07095153]
inrs_hat:  [-36.82290913 -32.22038525 -25.39664189  -7.15805416  -1.72337412
 -19.67560077 -24.32673009 -18.20129984 -18.10605526  -7.58862998
 -11.29651731 -11.85957227  -8.21727309 -39.67119351 -18.08125148]
scheduled_ues:  [ 0  1  2  5  6  7  8 13 14]
(1, 15, 1, 4, 1, 1)
caused INR: -9.339450790502674
TpsRandomic + IndividualEstimated_INR + -15.0
None
ls_gain_coeffs:
[-131.42565873 -137.57438609 -137.19566064 -119.62979721 -124.68151637
 -121.6313529  -135.56013386 -134.59946605 -125.25896395 -118.57833002
 -122.28621735 -110.73014353 -133.34547136 -134.02190044 -125.16191481]
inrs_hat:  [-20.43595868 -26.58468604 -26.2059606   -8.64009717 -13.69181632
 -10.64165285 -24.57043382 -23.609766   -14.26926391  -7.58862998
 -11.29651731   0.25955652 -22.35577132 -23.0322004  -14.17221476]
scheduled_ues:  [ 0  1  2  6  7 12 13]
(1, 15, 1, 4, 1, 1)
caused INR: -22.61217004873318
TpsRandomic + CumulativeIndividualEstimated_INR + -10.0
None
(1, 15, 1, 4, 1, 1)
caused INR: -10.000260685338205
TpsRandomic + CumulativeIndividualEstimated_INR + -12.5
None
(1, 15, 1, 4, 1, 1)
caused INR: -21.540979825942664
TpsRandomic + CumulativeIndividualEstimated_INR + -15.0
None
(1, 15, 1, 4, 1, 1)
caused INR: -15.680753042310446
Iteration number 93
TpsAltruisticFromLsfGain + IndividualEstimated_INR + -10.0
None
ls_gain_coeffs:
[-144.77775717 -145.77056118 -138.3003582  -136.93005513 -143.69593037
 -143.6629549  -140.64503207 -137.74421306 -147.93762359 -128.13320068
 -100.48994476 -138.83461424 -124.88043646 -125.64408754 -143.30167896]
inrs_hat:  [-33.78805713 -34.78086113 -27.31065815 -25.94035508 -32.70623033
 -32.67325486 -29.65533203 -26.75451301 -36.94792354 -17.14350064
  10.49975528 -27.8449142  -13.89073642 -14.6543875  -32.31197892]
scheduled_ues:  [ 0  1  2  3  4  5  6  7  8  9 11 12 13 14]
(1, 15, 1, 4, 1, 1)
caused INR: -10.014749702811683
TpsAltruisticFromLsfGain + IndividualEstimated_INR + -12.5
None
ls_gain_coeffs:
[-144.77775717 -145.77056118 -138.3003582  -136.93005513 -143.69593037
 -143.6629549  -140.64503207 -137.74421306 -147.93762359 -128.13320068
 -100.48994476 -138.83461424 -124.88043646 -125.64408754 -143.30167896]
inrs_hat:  [-33.78805713 -34.78086113 -27.31065815 -25.94035508 -32.70623033
 -32.67325486 -29.65533203 -26.75451301 -36.94792354 -17.14350064
  10.49975528 -27.8449142  -13.89073642 -14.6543875  -32.31197892]
scheduled_ues:  [ 0  1  2  3  4  5  6  7  8  9 11 12 13 14]
(1, 15, 1, 4, 1, 1)
caused INR: -10.014749702811683
TpsAltruisticFromLsfGain + IndividualEstimated_INR + -15.0
None
ls_gain_coeffs:
[-144.77775717 -145.77056118 -138.3003582  -136.93005513 -143.69593037
 -143.6629549  -140.64503207 -137.74421306 -147.93762359 -128.13320068
 -100.48994476 -138.83461424 -124.88043646 -125.64408754 -143.30167896]
inrs_hat:  [-33.78805713 -34.78086113 -27.31065815 -25.94035508 -32.70623033
 -32.67325486 -29.65533203 -26.75451301 -36.94792354 -17.14350064
  10.49975528 -27.8449142  -13.89073642 -14.6543875  -32.31197892]
scheduled_ues:  [ 0  1  2  3  4  5  6  7  8  9 11 14]
(1, 15, 1, 4, 1, 1)
caused INR: -22.2858754215982
TpsAltruisticFromLsfGain + CumulativeIndividualEstimated_INR + -10.0
None
(1, 15, 1, 4, 1, 1)
caused INR: -14.796973175340124
TpsAltruisticFromLsfGain + CumulativeIndividualEstimated_INR + -12.5
None
(1, 15, 1, 4, 1, 1)
caused INR: -22.2858754215982
TpsAltruisticFromLsfGain + CumulativeIndividualEstimated_INR + -15.0
None
(1, 15, 1, 4, 1, 1)
caused INR: -22.2858754215982
TpsRandomic + IndividualEstimated_INR + -10.0
None
ls_gain_coeffs:
[-128.38129078 -133.80756335 -138.3003582  -123.06726577 -127.12110641
 -127.33079954 -124.63589569 -126.61753481 -135.83576251 -111.61363101
 -100.48994476 -138.83461424 -124.88043646 -109.34556556 -126.46398421]
inrs_hat:  [-17.39159073 -22.81786331 -27.31065815 -12.07756573 -16.13140637
 -16.34109949 -13.64619564 -15.62783476 -24.84606247  -0.62393097
  10.49975528 -27.8449142  -13.89073642   1.64413449 -15.47428417]
scheduled_ues:  [ 0  1  2  3  4  5  6  7  8 11 12 14]
(1, 15, 1, 4, 1, 1)
caused INR: -15.366426098316072
TpsRandomic + IndividualEstimated_INR + -12.5
None
ls_gain_coeffs:
[-144.77775717 -128.97216891 -124.0601361  -132.66648706 -143.69593037
 -129.89969597 -140.64503207 -126.61753481 -131.29101059 -121.72323546
 -100.48994476 -128.03169236 -124.88043646 -111.27402655 -126.46398421]
inrs_hat:  [-33.78805713 -17.98246886 -13.07043606 -21.67678701 -32.70623033
 -18.90999593 -29.65533203 -15.62783476 -20.30131054 -10.73353542
  10.49975528 -17.04199232 -13.89073642  -0.2843265  -15.47428417]
scheduled_ues:  [ 0  1  2  3  4  5  6  7  8 11 12 14]
(1, 15, 1, 4, 1, 1)
caused INR: -8.657937614884244
TpsRandomic + IndividualEstimated_INR + -15.0
None
ls_gain_coeffs:
[-138.40854324 -128.97216891 -138.3003582  -132.66648706 -136.38200288
 -137.2035031  -140.64503207 -126.61753481 -139.18785866 -113.94562656
  -98.94871161 -128.03169236 -111.87442093 -111.27402655 -126.46398421]
inrs_hat:  [-27.41884319 -17.98246886 -27.31065815 -21.67678701 -25.39230284
 -26.21380305 -29.65533203 -15.62783476 -28.19815862  -2.95592652
  12.04098843 -17.04199232  -0.88472089  -0.2843265  -15.47428417]
scheduled_ues:  [ 0  1  2  3  4  5  6  7  8 11 14]
(1, 15, 1, 4, 1, 1)
caused INR: -8.596582770068462
TpsRandomic + CumulativeIndividualEstimated_INR + -10.0
None
(1, 15, 1, 4, 1, 1)
caused INR: -12.39175542562239
TpsRandomic + CumulativeIndividualEstimated_INR + -12.5
None
(1, 15, 1, 4, 1, 1)
caused INR: -17.84920651934105
TpsRandomic + CumulativeIndividualEstimated_INR + -15.0
None
(1, 15, 1, 4, 1, 1)
caused INR: -15.16310381203289
Iteration number 94
TpsAltruisticFromLsfGain + IndividualEstimated_INR + -10.0
None
ls_gain_coeffs:
[-130.78985576 -146.48368701 -146.07064578 -142.29201027 -148.41777528
 -128.14074477 -149.33917529 -141.2358737  -130.9034502  -137.85887249
 -137.29506993 -130.75862405 -153.43009204 -127.05643638 -138.48765068]
inrs_hat:  [-19.80015572 -35.49398697 -35.08094574 -31.30231023 -37.42807523
 -17.15104472 -38.34947525 -30.24617366 -19.91375015 -26.86917245
 -26.30536989 -19.76892401 -42.440392   -16.06673634 -27.49795064]
scheduled_ues:  [ 0  1  2  3  4  5  6  7  8  9 10 11 12 13 14]
(1, 15, 1, 4, 1, 1)
caused INR: -8.32680446547254
TpsAltruisticFromLsfGain + IndividualEstimated_INR + -12.5
None
ls_gain_coeffs:
[-130.78985576 -146.48368701 -146.07064578 -142.29201027 -148.41777528
 -128.14074477 -149.33917529 -141.2358737  -130.9034502  -137.85887249
 -137.29506993 -130.75862405 -153.43009204 -127.05643638 -138.48765068]
inrs_hat:  [-19.80015572 -35.49398697 -35.08094574 -31.30231023 -37.42807523
 -17.15104472 -38.34947525 -30.24617366 -19.91375015 -26.86917245
 -26.30536989 -19.76892401 -42.440392   -16.06673634 -27.49795064]
scheduled_ues:  [ 0  1  2  3  4  5  6  7  8  9 10 11 12 13 14]
(1, 15, 1, 4, 1, 1)
caused INR: -8.32680446547254
TpsAltruisticFromLsfGain + IndividualEstimated_INR + -15.0
None
ls_gain_coeffs:
[-130.78985576 -146.48368701 -146.07064578 -142.29201027 -148.41777528
 -128.14074477 -149.33917529 -141.2358737  -130.9034502  -137.85887249
 -137.29506993 -130.75862405 -153.43009204 -127.05643638 -138.48765068]
inrs_hat:  [-19.80015572 -35.49398697 -35.08094574 -31.30231023 -37.42807523
 -17.15104472 -38.34947525 -30.24617366 -19.91375015 -26.86917245
 -26.30536989 -19.76892401 -42.440392   -16.06673634 -27.49795064]
scheduled_ues:  [ 0  1  2  3  4  5  6  7  8  9 10 11 12 13 14]
(1, 15, 1, 4, 1, 1)
caused INR: -8.32680446547254
TpsAltruisticFromLsfGain + CumulativeIndividualEstimated_INR + -10.0
None
(1, 15, 1, 4, 1, 1)
caused INR: -8.32680446547254
TpsAltruisticFromLsfGain + CumulativeIndividualEstimated_INR + -12.5
None
(1, 15, 1, 4, 1, 1)
caused INR: -13.431296239354465
TpsAltruisticFromLsfGain + CumulativeIndividualEstimated_INR + -15.0
None
(1, 15, 1, 4, 1, 1)
caused INR: -15.848494067927588
TpsRandomic + IndividualEstimated_INR + -10.0
None
ls_gain_coeffs:
[-130.78985576 -132.77683014 -133.2348694  -128.36022457 -135.17928755
 -109.91569858 -142.4681647  -141.2358737  -123.8000133  -137.85887249
 -124.06377346 -117.26540673 -142.03686609 -124.44478893 -121.79450754]
inrs_hat:  [-19.80015572 -21.7871301  -22.24516936 -17.37052453 -24.18958751
   1.07400146 -31.47846466 -30.24617366 -12.81031326 -26.86917245
 -13.07407342  -6.27570668 -31.04716604 -13.45508889 -10.80480749]
scheduled_ues:  [ 0  1  2  3  4  6  7  8  9 10 12 13 14]
(1, 15, 1, 4, 1, 1)
caused INR: 0.5839546379046817
TpsRandomic + IndividualEstimated_INR + -12.5
None
ls_gain_coeffs:
[-116.42682593 -132.77683014 -146.07064578 -126.1131259  -134.38239982
 -115.91190062 -142.4681647  -141.2358737  -117.26400804 -127.01577803
 -124.06377346 -130.75862405 -136.74198688 -124.44478893 -138.48765068]
inrs_hat:  [ -5.43712589 -21.7871301  -35.08094574 -15.12342586 -23.39269978
  -4.92220057 -31.47846466 -30.24617366  -6.27430799 -16.02607799
 -13.07407342 -19.76892401 -25.75228684 -13.45508889 -27.49795064]
scheduled_ues:  [ 1  2  3  4  6  7  9 10 11 12 13 14]
(1, 15, 1, 4, 1, 1)
caused INR: -14.017156755593414
TpsRandomic + IndividualEstimated_INR + -15.0
None
ls_gain_coeffs:
[-130.78985576 -146.48368701 -145.47938122 -136.30762723 -146.02711209
 -116.36109655 -149.33917529 -141.2358737  -117.26400804 -127.01577803
 -137.29506993 -123.69114884 -136.74198688 -124.44478893 -121.79450754]
inrs_hat:  [-19.80015572 -35.49398697 -34.48968117 -25.31792719 -35.03741205
  -5.3713965  -38.34947525 -30.24617366  -6.27430799 -16.02607799
 -26.30536989 -12.7014488  -25.75228684 -13.45508889 -10.80480749]
scheduled_ues:  [ 0  1  2  3  4  6  7  9 10 12]
(1, 15, 1, 4, 1, 1)
caused INR: -10.095064472959807
TpsRandomic + CumulativeIndividualEstimated_INR + -10.0
None
(1, 15, 1, 4, 1, 1)
caused INR: -19.10146777441012
TpsRandomic + CumulativeIndividualEstimated_INR + -12.5
None
(1, 15, 1, 4, 1, 1)
caused INR: -10.141898605823345
TpsRandomic + CumulativeIndividualEstimated_INR + -15.0
None
(1, 15, 1, 4, 1, 1)
caused INR: -9.966333589247029
Iteration number 95
TpsAltruisticFromLsfGain + IndividualEstimated_INR + -10.0
None
ls_gain_coeffs:
[-129.51171681 -112.2683628  -131.57941026 -130.97188829 -124.29432161
 -147.17822589 -139.55885629 -133.59785733 -150.87631012 -124.20042582
 -118.57461526 -135.38261184 -150.32865266 -124.94668208 -137.1314794 ]
inrs_hat:  [-18.52201677  -1.27866275 -20.58971021 -19.98218824 -13.30462156
 -36.18852585 -28.56915624 -22.60815729 -39.88661008 -13.21072578
  -7.58491521 -24.3929118  -39.33895262 -13.95698203 -26.14177936]
scheduled_ues:  [ 0  2  3  4  5  6  7  8  9 11 12 13 14]
(1, 15, 1, 4, 1, 1)
caused INR: -8.14677906608413
TpsAltruisticFromLsfGain + IndividualEstimated_INR + -12.5
None
ls_gain_coeffs:
[-129.51171681 -112.2683628  -131.57941026 -130.97188829 -124.29432161
 -147.17822589 -139.55885629 -133.59785733 -150.87631012 -124.20042582
 -118.57461526 -135.38261184 -150.32865266 -124.94668208 -137.1314794 ]
inrs_hat:  [-18.52201677  -1.27866275 -20.58971021 -19.98218824 -13.30462156
 -36.18852585 -28.56915624 -22.60815729 -39.88661008 -13.21072578
  -7.58491521 -24.3929118  -39.33895262 -13.95698203 -26.14177936]
scheduled_ues:  [ 0  2  3  4  5  6  7  8  9 11 12 13 14]
(1, 15, 1, 4, 1, 1)
caused INR: -8.14677906608413
TpsAltruisticFromLsfGain + IndividualEstimated_INR + -15.0
None
ls_gain_coeffs:
[-129.51171681 -112.2683628  -131.57941026 -130.97188829 -124.29432161
 -147.17822589 -139.55885629 -133.59785733 -150.87631012 -124.20042582
 -118.57461526 -135.38261184 -150.32865266 -124.94668208 -137.1314794 ]
inrs_hat:  [-18.52201677  -1.27866275 -20.58971021 -19.98218824 -13.30462156
 -36.18852585 -28.56915624 -22.60815729 -39.88661008 -13.21072578
  -7.58491521 -24.3929118  -39.33895262 -13.95698203 -26.14177936]
scheduled_ues:  [ 0  2  3  5  6  7  8 11 12 14]
(1, 15, 1, 4, 1, 1)
caused INR: -15.46279342434561
TpsAltruisticFromLsfGain + CumulativeIndividualEstimated_INR + -10.0
None
(1, 15, 1, 4, 1, 1)
caused INR: -12.3626608545283
TpsAltruisticFromLsfGain + CumulativeIndividualEstimated_INR + -12.5
None
(1, 15, 1, 4, 1, 1)
caused INR: -15.46279342434561
TpsAltruisticFromLsfGain + CumulativeIndividualEstimated_INR + -15.0
None
(1, 15, 1, 4, 1, 1)
caused INR: -19.476646283235144
TpsRandomic + IndividualEstimated_INR + -10.0
None
ls_gain_coeffs:
[-112.15490258  -99.02160467 -113.93946136 -120.44864351 -124.29432161
 -147.17822589 -139.55885629 -132.04801556 -140.76308622 -106.87350769
 -103.09484885 -118.02271055 -150.32865266 -108.62907685 -129.35768285]
inrs_hat:  [ -1.16520254  11.96809537  -2.94976131  -9.45894347 -13.30462156
 -36.18852585 -28.56915624 -21.05831552 -29.77338618   4.11619235
   7.8948512   -7.0330105  -39.33895262   2.3606232  -18.3679828 ]
scheduled_ues:  [ 4  5  6  7  8 12 14]
(1, 15, 1, 4, 1, 1)
caused INR: -18.521924424802208
TpsRandomic + IndividualEstimated_INR + -12.5
None
ls_gain_coeffs:
[-122.13889547  -99.02160467 -117.25917058 -117.71053624 -117.37787742
 -133.25406566 -139.55885629 -133.59785733 -134.06051921 -106.87350769
 -109.46011603 -118.02271055 -138.37717593 -119.13267423 -129.35768285]
inrs_hat:  [-11.14919543  11.96809537  -6.26947054  -6.7208362   -6.38817738
 -22.26436562 -28.56915624 -22.60815729 -23.07081917   4.11619235
   1.52958401  -7.0330105  -27.38747589  -8.14297419 -18.3679828 ]
scheduled_ues:  [ 5  6  7  8 12 14]
(1, 15, 1, 4, 1, 1)
caused INR: -12.591830586480548
TpsRandomic + IndividualEstimated_INR + -15.0
None
ls_gain_coeffs:
[-112.15490258  -99.02160467 -117.25917058 -120.44864351 -107.60087199
 -147.17822589 -126.79368622 -120.12302949 -139.79955221 -124.20042582
 -118.57461526 -123.45991326 -133.78233823 -119.13267423 -123.96064514]
inrs_hat:  [ -1.16520254  11.96809537  -6.26947054  -9.45894347   3.38882805
 -36.18852585 -15.80398618  -9.13332944 -28.80985216 -13.21072578
  -7.58491521 -12.47021322 -22.79263819  -8.14297419 -12.97094509]
scheduled_ues:  [ 5  6  8 12]
(1, 15, 1, 4, 1, 1)
caused INR: -19.940837354865245
TpsRandomic + CumulativeIndividualEstimated_INR + -10.0
None
(1, 15, 1, 4, 1, 1)
caused INR: -13.94644656861038
TpsRandomic + CumulativeIndividualEstimated_INR + -12.5
None
(1, 15, 1, 4, 1, 1)
caused INR: -12.916349350117933
TpsRandomic + CumulativeIndividualEstimated_INR + -15.0
None
(1, 15, 1, 4, 1, 1)
caused INR: -32.76289315555098
Iteration number 96
TpsAltruisticFromLsfGain + IndividualEstimated_INR + -10.0
None
ls_gain_coeffs:
[-137.10330614 -148.08372603 -119.14140332 -138.16810351 -141.365983
 -144.63835127 -149.08791738 -131.86694252 -130.29498334 -142.57933501
 -148.59025514 -144.20390995 -123.71671943 -144.35524818 -134.43416965]
inrs_hat:  [-26.11360609 -37.09402599  -8.15170327 -27.17840347 -30.37628296
 -33.64865123 -38.09821733 -20.87724247 -19.3052833  -31.58963497
 -37.6005551  -33.21420991 -12.72701939 -33.36554813 -23.4444696 ]
scheduled_ues:  [ 0  1  3  4  5  6  7  8  9 10 11 12 13 14]
(1, 15, 1, 4, 1, 1)
caused INR: -16.0424091738747
TpsAltruisticFromLsfGain + IndividualEstimated_INR + -12.5
None
ls_gain_coeffs:
[-137.10330614 -148.08372603 -119.14140332 -138.16810351 -141.365983
 -144.63835127 -149.08791738 -131.86694252 -130.29498334 -142.57933501
 -148.59025514 -144.20390995 -123.71671943 -144.35524818 -134.43416965]
inrs_hat:  [-26.11360609 -37.09402599  -8.15170327 -27.17840347 -30.37628296
 -33.64865123 -38.09821733 -20.87724247 -19.3052833  -31.58963497
 -37.6005551  -33.21420991 -12.72701939 -33.36554813 -23.4444696 ]
scheduled_ues:  [ 0  1  3  4  5  6  7  8  9 10 11 12 13 14]
(1, 15, 1, 4, 1, 1)
caused INR: -16.0424091738747
TpsAltruisticFromLsfGain + IndividualEstimated_INR + -15.0
None
ls_gain_coeffs:
[-137.10330614 -148.08372603 -119.14140332 -138.16810351 -141.365983
 -144.63835127 -149.08791738 -131.86694252 -130.29498334 -142.57933501
 -148.59025514 -144.20390995 -123.71671943 -144.35524818 -134.43416965]
inrs_hat:  [-26.11360609 -37.09402599  -8.15170327 -27.17840347 -30.37628296
 -33.64865123 -38.09821733 -20.87724247 -19.3052833  -31.58963497
 -37.6005551  -33.21420991 -12.72701939 -33.36554813 -23.4444696 ]
scheduled_ues:  [ 0  1  3  4  5  6  7  8  9 10 11 13 14]
(1, 15, 1, 4, 1, 1)
caused INR: -14.631240687860156
TpsAltruisticFromLsfGain + CumulativeIndividualEstimated_INR + -10.0
None
(1, 15, 1, 4, 1, 1)
caused INR: -16.0424091738747
TpsAltruisticFromLsfGain + CumulativeIndividualEstimated_INR + -12.5
None
(1, 15, 1, 4, 1, 1)
caused INR: -14.631240687860156
TpsAltruisticFromLsfGain + CumulativeIndividualEstimated_INR + -15.0
None
(1, 15, 1, 4, 1, 1)
caused INR: -18.98444178149369
TpsRandomic + IndividualEstimated_INR + -10.0
None
ls_gain_coeffs:
[-132.59098    -141.31536374 -119.14140332 -138.16810351 -139.30276918
 -144.63835127 -132.3981222  -118.01927784 -121.83627464 -125.83273593
 -132.33820363 -138.23992518 -123.71671943 -134.7332278  -134.43416965]
inrs_hat:  [-21.60127996 -30.3256637   -8.15170327 -27.17840347 -28.31306913
 -33.64865123 -21.40842216  -7.02957779 -10.8465746  -14.84303589
 -21.34850359 -27.25022514 -12.72701939 -23.74352776 -23.4444696 ]
scheduled_ues:  [ 0  1  3  4  5  6  8  9 10 11 12 13 14]
(1, 15, 1, 4, 1, 1)
caused INR: -25.71621868174555
TpsRandomic + IndividualEstimated_INR + -12.5
None
ls_gain_coeffs:
[-121.65348871 -141.31536374 -105.09020795 -133.92598452 -128.23664506
 -137.92130506 -138.64632188 -131.86694252 -130.29498334 -134.48884998
 -135.05214102 -138.23992518 -123.71671943 -132.68808409 -120.23915952]
inrs_hat:  [-10.66378867 -30.3256637    5.89949209 -22.93628447 -17.24694502
 -26.93160502 -27.65662184 -20.87724247 -19.3052833  -23.49914993
 -24.06244098 -27.25022514 -12.72701939 -21.69838405  -9.24945948]
scheduled_ues:  [ 1  3  4  5  6  7  8  9 10 11 12 13]
(1, 15, 1, 4, 1, 1)
caused INR: -21.314063806520743
TpsRandomic + IndividualEstimated_INR + -15.0
None
ls_gain_coeffs:
[-121.65348871 -148.08372603 -114.31261722 -133.92598452 -128.23664506
 -128.17822445 -138.64632188 -131.86694252 -116.75061007 -134.48884998
 -148.59025514 -144.20390995 -113.83323675 -134.7332278  -120.23915952]
inrs_hat:  [-10.66378867 -37.09402599  -3.32291718 -22.93628447 -17.24694502
 -17.1885244  -27.65662184 -20.87724247  -5.76091003 -23.49914993
 -37.6005551  -33.21420991  -2.84353671 -23.74352776  -9.24945948]
scheduled_ues:  [ 1  3  4  5  6  7  9 10 11 13]
(1, 15, 1, 4, 1, 1)
caused INR: -4.837650533565871
TpsRandomic + CumulativeIndividualEstimated_INR + -10.0
None
(1, 15, 1, 4, 1, 1)
caused INR: -17.394130695156345
TpsRandomic + CumulativeIndividualEstimated_INR + -12.5
None
(1, 15, 1, 4, 1, 1)
caused INR: -13.219291193292493
TpsRandomic + CumulativeIndividualEstimated_INR + -15.0
None
(1, 15, 1, 4, 1, 1)
caused INR: -12.709083644441659
Iteration number 97
TpsAltruisticFromLsfGain + IndividualEstimated_INR + -10.0
None
ls_gain_coeffs:
[-149.6159657  -147.81861367 -119.6860023  -139.35991107 -147.6606367
 -126.33070148 -139.85383741 -142.7626238  -147.65429798 -145.3250042
 -128.39222317 -131.09113406 -148.11902675 -143.82890716 -146.95616757]
inrs_hat:  [-38.62626565 -36.82891363  -8.69630226 -28.37021102 -36.67093665
 -15.34100144 -28.86413737 -31.77292376 -36.66459794 -34.33530416
 -17.40252312 -20.10143401 -37.12932671 -32.83920712 -35.96646753]
scheduled_ues:  [ 0  1  3  4  5  6  7  8  9 10 11 12 13 14]
(1, 15, 1, 4, 1, 1)
caused INR: -14.554779743039216
TpsAltruisticFromLsfGain + IndividualEstimated_INR + -12.5
None
ls_gain_coeffs:
[-149.6159657  -147.81861367 -119.6860023  -139.35991107 -147.6606367
 -126.33070148 -139.85383741 -142.7626238  -147.65429798 -145.3250042
 -128.39222317 -131.09113406 -148.11902675 -143.82890716 -146.95616757]
inrs_hat:  [-38.62626565 -36.82891363  -8.69630226 -28.37021102 -36.67093665
 -15.34100144 -28.86413737 -31.77292376 -36.66459794 -34.33530416
 -17.40252312 -20.10143401 -37.12932671 -32.83920712 -35.96646753]
scheduled_ues:  [ 0  1  3  4  5  6  7  8  9 10 11 12 13 14]
(1, 15, 1, 4, 1, 1)
caused INR: -14.554779743039216
TpsAltruisticFromLsfGain + IndividualEstimated_INR + -15.0
None
ls_gain_coeffs:
[-149.6159657  -147.81861367 -119.6860023  -139.35991107 -147.6606367
 -126.33070148 -139.85383741 -142.7626238  -147.65429798 -145.3250042
 -128.39222317 -131.09113406 -148.11902675 -143.82890716 -146.95616757]
inrs_hat:  [-38.62626565 -36.82891363  -8.69630226 -28.37021102 -36.67093665
 -15.34100144 -28.86413737 -31.77292376 -36.66459794 -34.33530416
 -17.40252312 -20.10143401 -37.12932671 -32.83920712 -35.96646753]
scheduled_ues:  [ 0  1  3  4  5  6  7  8  9 10 11 12 13 14]
(1, 15, 1, 4, 1, 1)
caused INR: -14.554779743039216
TpsAltruisticFromLsfGain + CumulativeIndividualEstimated_INR + -10.0
None
(1, 15, 1, 4, 1, 1)
caused INR: -14.554779743039216
TpsAltruisticFromLsfGain + CumulativeIndividualEstimated_INR + -12.5
None
(1, 15, 1, 4, 1, 1)
caused INR: -15.75268794467422
TpsAltruisticFromLsfGain + CumulativeIndividualEstimated_INR + -15.0
None
(1, 15, 1, 4, 1, 1)
caused INR: -41.50741664995585
TpsRandomic + IndividualEstimated_INR + -10.0
None
ls_gain_coeffs:
[-140.06857442 -131.50495232 -109.71182451 -136.11142649 -147.6606367
 -109.14245109 -123.07142168 -142.7626238  -147.65429798 -132.79481318
 -128.39222317 -123.76779455 -148.11902675 -143.43538608 -130.63731397]
inrs_hat:  [-29.07887437 -20.51525228   1.27787554 -25.12172645 -36.67093665
   1.84724895 -12.08172164 -31.77292376 -36.66459794 -21.80511313
 -17.40252312 -12.7780945  -37.12932671 -32.44568604 -19.64761392]
scheduled_ues:  [ 0  1  3  4  6  7  8  9 10 11 12 13 14]
(1, 15, 1, 4, 1, 1)
caused INR: -7.276524054474843
TpsRandomic + IndividualEstimated_INR + -12.5
None
ls_gain_coeffs:
[-140.06857442 -147.81861367 -119.6860023  -136.11142649 -136.47335803
 -126.33070148 -123.07142168 -130.14366907 -140.14660927 -132.79481318
 -114.1646552  -114.434988   -139.0005757  -131.12495978 -133.6239294 ]
inrs_hat:  [-29.07887437 -36.82891363  -8.69630226 -25.12172645 -25.48365799
 -15.34100144 -12.08172164 -19.15396903 -29.15690922 -21.80511313
  -3.17495515  -3.44528796 -28.01087566 -20.13525973 -22.63422936]
scheduled_ues:  [ 0  1  3  4  5  7  8  9 12 13 14]
(1, 15, 1, 4, 1, 1)
caused INR: -13.724049244837822
TpsRandomic + IndividualEstimated_INR + -15.0
None
ls_gain_coeffs:
[-149.6159657  -133.86368386 -109.71182451 -125.83548287 -137.78811255
 -114.88600109 -129.94503848 -130.14366907 -147.65429798 -145.3250042
 -115.05763918 -123.76779455 -148.11902675 -143.43538608 -140.09229853]
inrs_hat:  [-38.62626565 -22.87398381   1.27787554 -14.84578283 -26.7984125
  -3.89630105 -18.95533843 -19.15396903 -36.66459794 -34.33530416
  -4.06793914 -12.7780945  -37.12932671 -32.44568604 -29.10259849]
scheduled_ues:  [ 0  1  4  6  7  8  9 12 13 14]
(1, 15, 1, 4, 1, 1)
caused INR: -12.68197344531686
TpsRandomic + CumulativeIndividualEstimated_INR + -10.0
None
(1, 15, 1, 4, 1, 1)
caused INR: -22.20651022426918
TpsRandomic + CumulativeIndividualEstimated_INR + -12.5
None
(1, 15, 1, 4, 1, 1)
caused INR: -16.660244179973546
TpsRandomic + CumulativeIndividualEstimated_INR + -15.0
None
(1, 15, 1, 4, 1, 1)
caused INR: -17.226987885146883
Iteration number 98
TpsAltruisticFromLsfGain + IndividualEstimated_INR + -10.0
None
ls_gain_coeffs:
[-143.29108777 -137.53547357 -136.01265963 -135.72663984 -144.58725471
 -144.78490921 -142.27741145 -120.27557846 -146.87806417 -142.85317997
 -146.59672359 -151.78757081 -128.18869996 -121.10515606 -136.27563125]
inrs_hat:  [-32.30138773 -26.54577352 -25.02295958 -24.7369398  -33.59755466
 -33.79520916 -31.28771141  -9.28587842 -35.88836413 -31.86347993
 -35.60702355 -40.79787077 -17.19899992 -10.11545602 -25.2859312 ]
scheduled_ues:  [ 0  1  2  3  4  5  6  8  9 10 11 12 13 14]
(1, 15, 1, 4, 1, 1)
caused INR: -12.657269658725605
TpsAltruisticFromLsfGain + IndividualEstimated_INR + -12.5
None
ls_gain_coeffs:
[-143.29108777 -137.53547357 -136.01265963 -135.72663984 -144.58725471
 -144.78490921 -142.27741145 -120.27557846 -146.87806417 -142.85317997
 -146.59672359 -151.78757081 -128.18869996 -121.10515606 -136.27563125]
inrs_hat:  [-32.30138773 -26.54577352 -25.02295958 -24.7369398  -33.59755466
 -33.79520916 -31.28771141  -9.28587842 -35.88836413 -31.86347993
 -35.60702355 -40.79787077 -17.19899992 -10.11545602 -25.2859312 ]
scheduled_ues:  [ 0  1  2  3  4  5  6  8  9 10 11 12 14]
(1, 15, 1, 4, 1, 1)
caused INR: -13.73203970278928
TpsAltruisticFromLsfGain + IndividualEstimated_INR + -15.0
None
ls_gain_coeffs:
[-143.29108777 -137.53547357 -136.01265963 -135.72663984 -144.58725471
 -144.78490921 -142.27741145 -120.27557846 -146.87806417 -142.85317997
 -146.59672359 -151.78757081 -128.18869996 -121.10515606 -136.27563125]
inrs_hat:  [-32.30138773 -26.54577352 -25.02295958 -24.7369398  -33.59755466
 -33.79520916 -31.28771141  -9.28587842 -35.88836413 -31.86347993
 -35.60702355 -40.79787077 -17.19899992 -10.11545602 -25.2859312 ]
scheduled_ues:  [ 0  1  2  3  4  5  6  8  9 10 11 12 14]
(1, 15, 1, 4, 1, 1)
caused INR: -13.73203970278928
TpsAltruisticFromLsfGain + CumulativeIndividualEstimated_INR + -10.0
None
(1, 15, 1, 4, 1, 1)
caused INR: -13.73203970278928
TpsAltruisticFromLsfGain + CumulativeIndividualEstimated_INR + -12.5
None
(1, 15, 1, 4, 1, 1)
caused INR: -13.73203970278928
TpsAltruisticFromLsfGain + CumulativeIndividualEstimated_INR + -15.0
None
(1, 15, 1, 4, 1, 1)
caused INR: -20.22537201082074
TpsRandomic + IndividualEstimated_INR + -10.0
None
ls_gain_coeffs:
[-129.37578976 -137.53547357 -136.01265963 -127.63817841 -135.5271243
 -128.03413496 -128.51461577 -106.48468541 -146.87806417 -129.89792561
 -140.62414771 -151.78757081 -128.18869996 -103.6174276  -124.54328728]
inrs_hat:  [-18.38608972 -26.54577352 -25.02295958 -16.64847837 -24.53742426
 -17.04443491 -17.52491572   4.50501464 -35.88836413 -18.90822556
 -29.63444766 -40.79787077 -17.19899992   7.37227244 -13.55358724]
scheduled_ues:  [ 0  1  2  3  4  5  6  8  9 10 11 12 14]
(1, 15, 1, 4, 1, 1)
caused INR: -9.909838590869793
TpsRandomic + IndividualEstimated_INR + -12.5
None
ls_gain_coeffs:
[-126.91194514 -120.71727511 -122.63440067 -135.72663984 -144.58725471
 -132.00530589 -138.3138244  -106.48468541 -141.21727214 -129.89792561
 -140.62414771 -135.83830687 -115.58326741 -110.15178239 -119.08565821]
inrs_hat:  [-15.9222451   -9.72757507 -11.64470062 -24.7369398  -33.59755466
 -21.01560585 -27.32412435   4.50501464 -30.22757209 -18.90822556
 -29.63444766 -24.84860683  -4.59356736   0.83791765  -8.09595816]
scheduled_ues:  [ 0  3  4  5  6  8  9 10 11]
(1, 15, 1, 4, 1, 1)
caused INR: -28.230014547308482
TpsRandomic + IndividualEstimated_INR + -15.0
None
ls_gain_coeffs:
[-129.37578976 -137.53547357 -119.66631069 -123.18008301 -135.5271243
 -136.50456402 -128.51461577 -105.13539235 -130.78310479 -134.69711044
 -140.62414771 -137.77282086 -115.41943485 -110.15178239 -119.08565821]
inrs_hat:  [-18.38608972 -26.54577352  -8.67661065 -12.19038296 -24.53742426
 -25.51486398 -17.52491572   5.85430769 -19.79340475 -23.70741039
 -29.63444766 -26.78312082  -4.42973481   0.83791765  -8.09595816]
scheduled_ues:  [ 0  1  4  5  6  8  9 10 11]
(1, 15, 1, 4, 1, 1)
caused INR: -13.064878579152058
TpsRandomic + CumulativeIndividualEstimated_INR + -10.0
None
(1, 15, 1, 4, 1, 1)
caused INR: -10.578611181893303
TpsRandomic + CumulativeIndividualEstimated_INR + -12.5
None
(1, 15, 1, 4, 1, 1)
caused INR: -12.310347461388755
TpsRandomic + CumulativeIndividualEstimated_INR + -15.0
None
(1, 15, 1, 4, 1, 1)
caused INR: -20.881207441111087
Iteration number 99
TpsAltruisticFromLsfGain + IndividualEstimated_INR + -10.0
None
ls_gain_coeffs:
[-146.20361314 -123.49309036 -146.94917465 -135.83468385 -140.62819338
 -127.6195042  -128.16297302 -145.59773455 -114.74604483 -149.86768043
 -135.33013226 -138.99827171 -137.14538394 -148.65786619 -131.86962271]
inrs_hat:  [-35.21391309 -12.50339031 -35.95947461 -24.84498381 -29.63849334
 -16.62980415 -17.17327298 -34.60803451  -3.75634479 -38.87798039
 -24.34043222 -28.00857167 -26.1556839  -37.66816614 -20.87992267]
scheduled_ues:  [ 0  1  2  3  4  5  6  7  9 10 11 12 13 14]
(1, 15, 1, 4, 1, 1)
caused INR: -11.137467536132679
TpsAltruisticFromLsfGain + IndividualEstimated_INR + -12.5
None
ls_gain_coeffs:
[-146.20361314 -123.49309036 -146.94917465 -135.83468385 -140.62819338
 -127.6195042  -128.16297302 -145.59773455 -114.74604483 -149.86768043
 -135.33013226 -138.99827171 -137.14538394 -148.65786619 -131.86962271]
inrs_hat:  [-35.21391309 -12.50339031 -35.95947461 -24.84498381 -29.63849334
 -16.62980415 -17.17327298 -34.60803451  -3.75634479 -38.87798039
 -24.34043222 -28.00857167 -26.1556839  -37.66816614 -20.87992267]
scheduled_ues:  [ 0  1  2  3  4  5  6  7  9 10 11 12 13 14]
(1, 15, 1, 4, 1, 1)
caused INR: -11.137467536132679
TpsAltruisticFromLsfGain + IndividualEstimated_INR + -15.0
None
ls_gain_coeffs:
[-146.20361314 -123.49309036 -146.94917465 -135.83468385 -140.62819338
 -127.6195042  -128.16297302 -145.59773455 -114.74604483 -149.86768043
 -135.33013226 -138.99827171 -137.14538394 -148.65786619 -131.86962271]
inrs_hat:  [-35.21391309 -12.50339031 -35.95947461 -24.84498381 -29.63849334
 -16.62980415 -17.17327298 -34.60803451  -3.75634479 -38.87798039
 -24.34043222 -28.00857167 -26.1556839  -37.66816614 -20.87992267]
scheduled_ues:  [ 0  2  3  4  5  6  7  9 10 11 12 13 14]
(1, 15, 1, 4, 1, 1)
caused INR: -18.655641701527003
TpsAltruisticFromLsfGain + CumulativeIndividualEstimated_INR + -10.0
None
(1, 15, 1, 4, 1, 1)
caused INR: -18.655641701527003
TpsAltruisticFromLsfGain + CumulativeIndividualEstimated_INR + -12.5
None
(1, 15, 1, 4, 1, 1)
caused INR: -24.69797876673132
TpsAltruisticFromLsfGain + CumulativeIndividualEstimated_INR + -15.0
None
(1, 15, 1, 4, 1, 1)
caused INR: -25.710381353176217
TpsRandomic + IndividualEstimated_INR + -10.0
None
ls_gain_coeffs:
[-129.51403997 -123.49309036 -146.94917465 -121.73570769 -127.29688493
 -127.6195042  -109.64745541 -132.43598457 -114.74604483 -149.86768043
 -135.33013226 -133.90396536 -127.49479711 -141.79648748 -117.94396802]
inrs_hat:  [-18.52433993 -12.50339031 -35.95947461 -10.74600765 -16.30718489
 -16.62980415   1.34224463 -21.44628452  -3.75634479 -38.87798039
 -24.34043222 -22.91426531 -16.50509707 -30.80678744  -6.95426797]
scheduled_ues:  [ 0  1  2  3  4  5  7  9 10 11 12 13]
(1, 15, 1, 4, 1, 1)
caused INR: -0.6156571978469748
TpsRandomic + IndividualEstimated_INR + -12.5
None
ls_gain_coeffs:
[-129.51403997 -123.49309036 -135.59217117 -119.13494269 -133.15555364
 -111.18741724 -117.90153121 -145.59773455  -95.1746085  -149.86768043
 -119.79413886 -138.99827171 -127.49479711 -132.27844856 -131.86962271]
inrs_hat:  [-18.52433993 -12.50339031 -24.60247113  -8.14524265 -22.1658536
  -0.1977172   -6.91183117 -34.60803451  15.81509154 -38.87798039
  -8.80443882 -28.00857167 -16.50509707 -21.28874852 -20.87992267]
scheduled_ues:  [ 0  1  2  4  7  9 11 12 13 14]
(1, 15, 1, 4, 1, 1)
caused INR: -5.720483053743351
TpsRandomic + IndividualEstimated_INR + -15.0
None
ls_gain_coeffs:
[-146.20361314 -123.49309036 -136.9649269  -121.73570769 -127.29688493
 -127.6195042  -113.83497962 -145.59773455 -114.74604483 -133.65128559
 -121.34133556 -123.16046748 -125.85761294 -141.79648748 -131.86962271]
inrs_hat:  [-35.21391309 -12.50339031 -25.97522686 -10.74600765 -16.30718489
 -16.62980415  -2.84527957 -34.60803451  -3.75634479 -22.66158554
 -10.35163552 -12.17076743 -14.8679129  -30.80678744 -20.87992267]
scheduled_ues:  [ 0  2  4  5  7  9 13 14]
(1, 15, 1, 4, 1, 1)
caused INR: -12.038787493728979
TpsRandomic + CumulativeIndividualEstimated_INR + -10.0
None
(1, 15, 1, 4, 1, 1)
caused INR: -12.040837289369456
TpsRandomic + CumulativeIndividualEstimated_INR + -12.5
None
(1, 15, 1, 4, 1, 1)
caused INR: -20.356259513105172
TpsRandomic + CumulativeIndividualEstimated_INR + -15.0
None
(1, 15, 1, 4, 1, 1)
caused INR: -15.245073527045347
Iteration number 100
TpsAltruisticFromLsfGain + IndividualEstimated_INR + -10.0
None
ls_gain_coeffs:
[-126.47793489 -120.63377671 -132.31364285 -126.08713178 -149.87380344
 -152.17045086 -140.25779472 -144.67244598 -142.23490625 -136.53141797
 -146.7981052  -144.77224505 -130.60502492 -121.19851674 -131.30327064]
inrs_hat:  [-15.48823485  -9.64407667 -21.32394281 -15.09743174 -38.8841034
 -41.18075082 -29.26809467 -33.68274594 -31.24520621 -25.54171793
 -35.80840516 -33.78254501 -19.61532487 -10.2088167  -20.31357059]
scheduled_ues:  [ 0  2  3  4  5  6  7  8  9 10 11 12 13 14]
(1, 15, 1, 4, 1, 1)
caused INR: -1.7078365246881964
TpsAltruisticFromLsfGain + IndividualEstimated_INR + -12.5
None
ls_gain_coeffs:
[-126.47793489 -120.63377671 -132.31364285 -126.08713178 -149.87380344
 -152.17045086 -140.25779472 -144.67244598 -142.23490625 -136.53141797
 -146.7981052  -144.77224505 -130.60502492 -121.19851674 -131.30327064]
inrs_hat:  [-15.48823485  -9.64407667 -21.32394281 -15.09743174 -38.8841034
 -41.18075082 -29.26809467 -33.68274594 -31.24520621 -25.54171793
 -35.80840516 -33.78254501 -19.61532487 -10.2088167  -20.31357059]
scheduled_ues:  [ 0  2  3  4  5  6  7  8  9 10 11 12 14]
(1, 15, 1, 4, 1, 1)
caused INR: -5.235468027365611
TpsAltruisticFromLsfGain + IndividualEstimated_INR + -15.0
None
ls_gain_coeffs:
[-126.47793489 -120.63377671 -132.31364285 -126.08713178 -149.87380344
 -152.17045086 -140.25779472 -144.67244598 -142.23490625 -136.53141797
 -146.7981052  -144.77224505 -130.60502492 -121.19851674 -131.30327064]
inrs_hat:  [-15.48823485  -9.64407667 -21.32394281 -15.09743174 -38.8841034
 -41.18075082 -29.26809467 -33.68274594 -31.24520621 -25.54171793
 -35.80840516 -33.78254501 -19.61532487 -10.2088167  -20.31357059]
scheduled_ues:  [ 0  2  3  4  5  6  7  8  9 10 11 12 14]
(1, 15, 1, 4, 1, 1)
caused INR: -5.235468027365611
TpsAltruisticFromLsfGain + CumulativeIndividualEstimated_INR + -10.0
None
(1, 15, 1, 4, 1, 1)
caused INR: -5.235468027365611
TpsAltruisticFromLsfGain + CumulativeIndividualEstimated_INR + -12.5
None
(1, 15, 1, 4, 1, 1)
caused INR: -10.904536332895631
TpsAltruisticFromLsfGain + CumulativeIndividualEstimated_INR + -15.0
None
(1, 15, 1, 4, 1, 1)
caused INR: -11.906449285900663
TpsRandomic + IndividualEstimated_INR + -10.0
None
ls_gain_coeffs:
[-120.48291087 -120.63377671 -132.31364285 -117.06380997 -149.87380344
 -135.37649962 -124.09673686 -144.67244598 -131.98864495 -132.71494194
 -135.17421978 -132.17202839 -113.16864384 -110.21658937 -117.47826864]
inrs_hat:  [ -9.49321082  -9.64407667 -21.32394281  -6.07410993 -38.8841034
 -24.38679958 -13.10703682 -33.68274594 -20.9989449  -21.72524189
 -24.18451974 -21.18232834  -2.1789438    0.77311067  -6.4885686 ]
scheduled_ues:  [ 2  4  5  6  7  8  9 10 11]
(1, 15, 1, 4, 1, 1)
caused INR: -9.906473550164321
TpsRandomic + IndividualEstimated_INR + -12.5
None
ls_gain_coeffs:
[-110.16871844 -104.12158803 -125.38810196 -117.06380997 -143.02538768
 -141.93506727 -140.25779472 -130.65351083 -125.20518003 -122.81765929
 -146.7981052  -132.17202839 -130.60502492 -121.19851674 -131.30327064]
inrs_hat:  [  0.8209816    6.86811201 -14.39840191  -6.07410993 -32.03568764
 -30.94536722 -29.26809467 -19.66381078 -14.21547999 -11.82795925
 -35.80840516 -21.18232834 -19.61532487 -10.2088167  -20.31357059]
scheduled_ues:  [ 2  4  5  6  7  8 10 11 12 14]
(1, 15, 1, 4, 1, 1)
caused INR: -8.84923346768206
TpsRandomic + IndividualEstimated_INR + -15.0
None
ls_gain_coeffs:
[-126.47793489 -120.63377671 -118.68304898 -108.10087176 -143.02538768
 -135.37649962 -140.25779472 -144.67244598 -125.20518003 -122.81765929
 -137.37078035 -144.77224505 -123.02845169 -121.19851674 -117.47826864]
inrs_hat:  [-15.48823485  -9.64407667  -7.69334894   2.88882828 -32.03568764
 -24.38679958 -29.26809467 -33.68274594 -14.21547999 -11.82795925
 -26.38108031 -33.78254501 -12.03875164 -10.2088167   -6.4885686 ]
scheduled_ues:  [ 0  4  5  6  7 10 11]
(1, 15, 1, 4, 1, 1)
caused INR: -16.52771686308903
TpsRandomic + CumulativeIndividualEstimated_INR + -10.0
None
(1, 15, 1, 4, 1, 1)
caused INR: -8.97396245143878
TpsRandomic + CumulativeIndividualEstimated_INR + -12.5
None
(1, 15, 1, 4, 1, 1)
caused INR: -20.58826625575837
TpsRandomic + CumulativeIndividualEstimated_INR + -15.0
None
(1, 15, 1, 4, 1, 1)
caused INR: -10.705496358154402
Job ended at Tue Sep 22 05:26:45 PM UTC 2026
