Job started at Tue Sep 22 04:30:49 PM UTC 2026
source/physical/large_scale_fading.py
source/physical/channel.py
source/physical/antenna_pattern.py
source/physical/antenna_pattern.py
source/physical/large_scale_fading.py
source/physical/channel.py
source/physical/spatial_correlation.py
source/channel_estimation.py
source/physical/antenna_pattern.py
source/physical/antenna_pattern.py
source/geometry/coordinates.py
source/geometry/coordinates.py
source/geometry/sectorization.py
source/geometry/sectorization.py
source/beamforming.py
source/beamforming.py
Iteration number 1
TpsAltruisticFromLsfGain + IndividualEstimated_INR + -10.0
None
ls_gain_coeffs:
[-137.69330489 -132.01161639 -119.76330432 -141.12545979 -127.77321217
 -151.21877417 -128.49729661 -143.58172664 -135.66633636 -133.99807475
 -147.06740259 -135.29473839 -142.88974908 -130.4831744  -138.40508604]
inrs_hat:  [-26.70360484 -21.02191634  -8.77360428 -30.13575974 -16.78351212
 -40.22907413 -17.50759656 -32.5920266  -24.67663631 -23.0083747
 -36.07770254 -24.30503835 -31.90004904 -19.49347436 -27.415386  ]
scheduled_ues:  [ 0  1  3  4  5  6  7  8  9 10 11 12 13 14]
(1, 15, 1, 4, 1, 1)
caused INR: -7.24691571879948
TpsAltruisticFromLsfGain + IndividualEstimated_INR + -12.5
None
ls_gain_coeffs:
[-137.69330489 -132.01161639 -119.76330432 -141.12545979 -127.77321217
 -151.21877417 -128.49729661 -143.58172664 -135.66633636 -133.99807475
 -147.06740259 -135.29473839 -142.88974908 -130.4831744  -138.40508604]
inrs_hat:  [-26.70360484 -21.02191634  -8.77360428 -30.13575974 -16.78351212
 -40.22907413 -17.50759656 -32.5920266  -24.67663631 -23.0083747
 -36.07770254 -24.30503835 -31.90004904 -19.49347436 -27.415386  ]
scheduled_ues:  [ 0  1  3  4  5  6  7  8  9 10 11 12 13 14]
(1, 15, 1, 4, 1, 1)
caused INR: -7.24691571879948
TpsAltruisticFromLsfGain + IndividualEstimated_INR + -15.0
None
ls_gain_coeffs:
[-137.69330489 -132.01161639 -119.76330432 -141.12545979 -127.77321217
 -151.21877417 -128.49729661 -143.58172664 -135.66633636 -133.99807475
 -147.06740259 -135.29473839 -142.88974908 -130.4831744  -138.40508604]
inrs_hat:  [-26.70360484 -21.02191634  -8.77360428 -30.13575974 -16.78351212
 -40.22907413 -17.50759656 -32.5920266  -24.67663631 -23.0083747
 -36.07770254 -24.30503835 -31.90004904 -19.49347436 -27.415386  ]
scheduled_ues:  [ 0  1  3  4  5  6  7  8  9 10 11 12 13 14]
(1, 15, 1, 4, 1, 1)
caused INR: -7.24691571879948
TpsAltruisticFromLsfGain + CumulativeIndividualEstimated_INR + -10.0
None
(1, 15, 1, 4, 1, 1)
caused INR: -7.24691571879948
TpsAltruisticFromLsfGain + CumulativeIndividualEstimated_INR + -12.5
None
(1, 15, 1, 4, 1, 1)
caused INR: -12.426038918169981
TpsAltruisticFromLsfGain + CumulativeIndividualEstimated_INR + -15.0
None
(1, 15, 1, 4, 1, 1)
caused INR: -16.041783607013304
TpsRandomic + IndividualEstimated_INR + -10.0
None
ls_gain_coeffs:
[-129.92196348 -118.55301028 -105.72085097 -127.76805004 -114.06744987
 -151.21877417 -110.5157236  -143.58172664 -125.20013127 -117.70460259
 -141.66159839 -135.29473839 -126.33079032 -118.11059202 -124.30466704]
inrs_hat:  [-18.93226344  -7.56331024   5.26884907 -16.77835     -3.07774983
 -40.22907413   0.47397645 -32.5920266  -14.21043123  -6.71490255
 -30.67189835 -24.30503835 -15.34109028  -7.12089197 -13.31496699]
scheduled_ues:  [ 0  3  5  7  8 10 11 12 14]
(1, 15, 1, 4, 1, 1)
caused INR: -6.9240295374029035
TpsRandomic + IndividualEstimated_INR + -12.5
None
ls_gain_coeffs:
[-123.76887666 -130.48610723 -119.76330432 -141.12545979 -114.69953102
 -137.23046181 -116.0299931  -143.58172664 -118.87554846 -117.70460259
 -141.66159839 -135.29473839 -134.87497169 -112.32132038 -131.72342905]
inrs_hat:  [-12.77917662 -19.49640718  -8.77360428 -30.13575974  -3.70983098
 -26.24076177  -5.04029306 -32.5920266   -7.88584841  -6.71490255
 -30.67189835 -24.30503835 -23.88527165  -1.33162034 -20.73372901]
scheduled_ues:  [ 0  1  3  5  7 10 11 12 14]
(1, 15, 1, 4, 1, 1)
caused INR: -11.51950638739266
TpsRandomic + IndividualEstimated_INR + -15.0
None
ls_gain_coeffs:
[-120.62462007 -132.01161639 -104.11999762 -128.22595491 -114.69953102
 -145.47500677 -110.5157236  -143.58172664 -118.87554846 -119.63053867
 -147.06740259 -123.12549709 -142.88974908 -118.97364874 -131.72342905]
inrs_hat:  [ -9.63492003 -21.02191634   6.86970242 -17.23625487  -3.70983098
 -34.48530673   0.47397645 -32.5920266   -7.88584841  -8.64083863
 -36.07770254 -12.13579704 -31.90004904  -7.9839487  -20.73372901]
scheduled_ues:  [ 1  3  5  7 10 12 14]
(1, 15, 1, 4, 1, 1)
caused INR: -19.36689972912278
TpsRandomic + CumulativeIndividualEstimated_INR + -10.0
None
(1, 15, 1, 4, 1, 1)
caused INR: -16.92860366424285
TpsRandomic + CumulativeIndividualEstimated_INR + -12.5
None
(1, 15, 1, 4, 1, 1)
caused INR: -17.17551893973314
TpsRandomic + CumulativeIndividualEstimated_INR + -15.0
None
(1, 15, 1, 4, 1, 1)
caused INR: -15.493400424360326
Iteration number 2
TpsAltruisticFromLsfGain + IndividualEstimated_INR + -10.0
None
ls_gain_coeffs:
[-143.7319198  -131.56336901 -143.55234177 -137.06764024 -139.92712074
 -147.68287795 -138.69788841 -151.15438651 -135.23497429 -146.51095754
 -147.56982694 -147.64581542 -119.09706687 -144.37624483 -134.85825389]
inrs_hat:  [-32.74221975 -20.57366897 -32.56264173 -26.07794019 -28.9374207
 -36.6931779  -27.70818837 -40.16468647 -24.24527425 -35.5212575
 -36.58012689 -36.65611537  -8.10736683 -33.38654478 -23.86855384]
scheduled_ues:  [ 0  1  2  3  4  5  6  7  8  9 10 11 13 14]
(1, 15, 1, 4, 1, 1)
caused INR: -18.399279080226034
TpsAltruisticFromLsfGain + IndividualEstimated_INR + -12.5
None
ls_gain_coeffs:
[-143.7319198  -131.56336901 -143.55234177 -137.06764024 -139.92712074
 -147.68287795 -138.69788841 -151.15438651 -135.23497429 -146.51095754
 -147.56982694 -147.64581542 -119.09706687 -144.37624483 -134.85825389]
inrs_hat:  [-32.74221975 -20.57366897 -32.56264173 -26.07794019 -28.9374207
 -36.6931779  -27.70818837 -40.16468647 -24.24527425 -35.5212575
 -36.58012689 -36.65611537  -8.10736683 -33.38654478 -23.86855384]
scheduled_ues:  [ 0  1  2  3  4  5  6  7  8  9 10 11 13 14]
(1, 15, 1, 4, 1, 1)
caused INR: -18.399279080226034
TpsAltruisticFromLsfGain + IndividualEstimated_INR + -15.0
None
ls_gain_coeffs:
[-143.7319198  -131.56336901 -143.55234177 -137.06764024 -139.92712074
 -147.68287795 -138.69788841 -151.15438651 -135.23497429 -146.51095754
 -147.56982694 -147.64581542 -119.09706687 -144.37624483 -134.85825389]
inrs_hat:  [-32.74221975 -20.57366897 -32.56264173 -26.07794019 -28.9374207
 -36.6931779  -27.70818837 -40.16468647 -24.24527425 -35.5212575
 -36.58012689 -36.65611537  -8.10736683 -33.38654478 -23.86855384]
scheduled_ues:  [ 0  1  2  3  4  5  6  7  8  9 10 11 13 14]
(1, 15, 1, 4, 1, 1)
caused INR: -18.399279080226034
TpsAltruisticFromLsfGain + CumulativeIndividualEstimated_INR + -10.0
None
(1, 15, 1, 4, 1, 1)
caused INR: -18.399279080226034
TpsAltruisticFromLsfGain + CumulativeIndividualEstimated_INR + -12.5
None
(1, 15, 1, 4, 1, 1)
caused INR: -18.399279080226034
TpsAltruisticFromLsfGain + CumulativeIndividualEstimated_INR + -15.0
None
(1, 15, 1, 4, 1, 1)
caused INR: -18.399279080226034
TpsRandomic + IndividualEstimated_INR + -10.0
None
ls_gain_coeffs:
[-143.7319198  -115.93889053 -126.99992064 -135.92922014 -129.40299815
 -147.68287795 -138.69788841 -151.15438651 -124.34892045 -130.69661018
 -131.54356322 -139.90801097 -117.45594129 -139.2021995  -122.64316843]
inrs_hat:  [-32.74221975  -4.94919049 -16.0102206  -24.9395201  -18.41329811
 -36.6931779  -27.70818837 -40.16468647 -13.35922041 -19.70691014
 -20.55386318 -28.91831093  -6.46624124 -28.21249945 -11.65346839]
scheduled_ues:  [ 0  2  3  4  5  6  7  8  9 10 11 13 14]
(1, 15, 1, 4, 1, 1)
caused INR: -4.36667641890107
TpsRandomic + IndividualEstimated_INR + -12.5
None
ls_gain_coeffs:
[-143.7319198  -126.7890513  -143.55234177 -123.86709351 -129.40299815
 -133.52254418 -126.82341531 -151.15438651 -124.34892045 -146.51095754
 -147.56982694 -131.04793781 -105.56138315 -144.37624483 -122.64316843]
inrs_hat:  [-32.74221975 -15.79935125 -32.56264173 -12.87739346 -18.41329811
 -22.53284414 -15.83371527 -40.16468647 -13.35922041 -35.5212575
 -36.58012689 -20.05823777   5.42831689 -33.38654478 -11.65346839]
scheduled_ues:  [ 0  1  2  3  4  5  6  7  8  9 10 11 13]
(1, 15, 1, 4, 1, 1)
caused INR: -15.725543485519548
TpsRandomic + IndividualEstimated_INR + -15.0
None
ls_gain_coeffs:
[-129.53561515 -115.93889053 -126.99992064 -137.06764024 -122.88741892
 -131.70421847 -121.59292364 -138.89644097 -124.34892045 -132.38298386
 -133.49983428 -131.04793781 -119.09706687 -139.2021995  -134.85825389]
inrs_hat:  [-18.54591511  -4.94919049 -16.0102206  -26.07794019 -11.89771888
 -20.71451843 -10.60322359 -27.90674093 -13.35922041 -21.39328382
 -22.51013424 -20.05823777  -8.10736683 -28.21249945 -23.86855384]
scheduled_ues:  [ 0  2  3  5  7  9 10 11 13 14]
(1, 15, 1, 4, 1, 1)
caused INR: -7.96946432818409
TpsRandomic + CumulativeIndividualEstimated_INR + -10.0
None
(1, 15, 1, 4, 1, 1)
caused INR: -23.01740778618469
TpsRandomic + CumulativeIndividualEstimated_INR + -12.5
None
(1, 15, 1, 4, 1, 1)
caused INR: -12.335964929958195
TpsRandomic + CumulativeIndividualEstimated_INR + -15.0
None
(1, 15, 1, 4, 1, 1)
caused INR: -12.70792585639664
Iteration number 3
TpsAltruisticFromLsfGain + IndividualEstimated_INR + -10.0
None
ls_gain_coeffs:
[-130.40326771 -142.42825282 -131.26176069 -151.15555943 -145.06610127
 -137.38235059 -146.25062846 -135.07298145 -130.54609399 -139.12267662
 -143.02396679 -136.94928158 -148.99052088 -145.11835464 -133.52798963]
inrs_hat:  [-19.41356766 -31.43855278 -20.27206064 -40.16585939 -34.07640123
 -26.39265055 -35.26092841 -24.08328141 -19.55639395 -28.13297657
 -32.03426674 -25.95958153 -38.00082084 -34.1286546  -22.53828959]
scheduled_ues:  [ 0  1  2  3  4  5  6  7  8  9 10 11 12 13 14]
(1, 15, 1, 4, 1, 1)
caused INR: -19.759483222158515
TpsAltruisticFromLsfGain + IndividualEstimated_INR + -12.5
None
ls_gain_coeffs:
[-130.40326771 -142.42825282 -131.26176069 -151.15555943 -145.06610127
 -137.38235059 -146.25062846 -135.07298145 -130.54609399 -139.12267662
 -143.02396679 -136.94928158 -148.99052088 -145.11835464 -133.52798963]
inrs_hat:  [-19.41356766 -31.43855278 -20.27206064 -40.16585939 -34.07640123
 -26.39265055 -35.26092841 -24.08328141 -19.55639395 -28.13297657
 -32.03426674 -25.95958153 -38.00082084 -34.1286546  -22.53828959]
scheduled_ues:  [ 0  1  2  3  4  5  6  7  8  9 10 11 12 13 14]
(1, 15, 1, 4, 1, 1)
caused INR: -19.759483222158515
TpsAltruisticFromLsfGain + IndividualEstimated_INR + -15.0
None
ls_gain_coeffs:
[-130.40326771 -142.42825282 -131.26176069 -151.15555943 -145.06610127
 -137.38235059 -146.25062846 -135.07298145 -130.54609399 -139.12267662
 -143.02396679 -136.94928158 -148.99052088 -145.11835464 -133.52798963]
inrs_hat:  [-19.41356766 -31.43855278 -20.27206064 -40.16585939 -34.07640123
 -26.39265055 -35.26092841 -24.08328141 -19.55639395 -28.13297657
 -32.03426674 -25.95958153 -38.00082084 -34.1286546  -22.53828959]
scheduled_ues:  [ 0  1  2  3  4  5  6  7  8  9 10 11 12 13 14]
(1, 15, 1, 4, 1, 1)
caused INR: -19.759483222158515
TpsAltruisticFromLsfGain + CumulativeIndividualEstimated_INR + -10.0
None
(1, 15, 1, 4, 1, 1)
caused INR: -19.759483222158515
TpsAltruisticFromLsfGain + CumulativeIndividualEstimated_INR + -12.5
None
(1, 15, 1, 4, 1, 1)
caused INR: -19.759483222158515
TpsAltruisticFromLsfGain + CumulativeIndividualEstimated_INR + -15.0
None
(1, 15, 1, 4, 1, 1)
caused INR: -19.14680389507514
TpsRandomic + IndividualEstimated_INR + -10.0
None
ls_gain_coeffs:
[-130.40326771 -132.3014853  -115.66840935 -134.44674257 -128.25932153
 -137.38235059 -146.25062846 -132.32043638 -130.54609399 -125.2744953
 -130.30647172 -136.94928158 -148.99052088 -145.11835464 -117.21609956]
inrs_hat:  [-19.41356766 -21.31178526  -4.6787093  -23.45704253 -17.26962148
 -26.39265055 -35.26092841 -21.33073633 -19.55639395 -14.28479525
 -19.31677168 -25.95958153 -38.00082084 -34.1286546   -6.22639952]
scheduled_ues:  [ 0  1  3  4  5  6  7  8  9 10 11 12 13]
(1, 15, 1, 4, 1, 1)
caused INR: -13.151480503581102
TpsRandomic + IndividualEstimated_INR + -12.5
None
ls_gain_coeffs:
[-117.83056061 -132.3014853  -117.24428502 -134.44674257 -145.06610127
 -137.38235059 -146.25062846 -132.32043638 -116.5655859  -122.79988092
 -130.30647172 -136.94928158 -139.99636924 -138.05255776 -120.06416083]
inrs_hat:  [ -6.84086056 -21.31178526  -6.25458497 -23.45704253 -34.07640123
 -26.39265055 -35.26092841 -21.33073633  -5.57588585 -11.81018088
 -19.31677168 -25.95958153 -29.00666919 -27.06285771  -9.07446078]
scheduled_ues:  [ 1  3  4  5  6  7 10 11 12 13]
(1, 15, 1, 4, 1, 1)
caused INR: -13.210041253788349
TpsRandomic + IndividualEstimated_INR + -15.0
None
ls_gain_coeffs:
[-130.40326771 -125.55637656 -115.66840935 -139.50274848 -145.06610127
 -120.18018515 -129.93765659 -135.07298145 -125.9293697  -122.79988092
 -142.19628159 -120.5105732  -137.05328891 -145.11835464 -126.8096383 ]
inrs_hat:  [-19.41356766 -14.56667651  -4.6787093  -28.51304844 -34.07640123
  -9.19048511 -18.94795655 -24.08328141 -14.93966966 -11.81018088
 -31.20658155  -9.52087316 -26.06358886 -34.1286546  -15.81993826]
scheduled_ues:  [ 0  3  4  6  7 10 12 13 14]
(1, 15, 1, 4, 1, 1)
caused INR: -17.19341860847085
TpsRandomic + CumulativeIndividualEstimated_INR + -10.0
None
(1, 15, 1, 4, 1, 1)
caused INR: -8.072148056666732
TpsRandomic + CumulativeIndividualEstimated_INR + -12.5
None
(1, 15, 1, 4, 1, 1)
caused INR: -30.474183655818035
TpsRandomic + CumulativeIndividualEstimated_INR + -15.0
None
(1, 15, 1, 4, 1, 1)
caused INR: -20.384473212072983
Iteration number 4
TpsAltruisticFromLsfGain + IndividualEstimated_INR + -10.0
None
ls_gain_coeffs:
[-143.88609013 -140.47458005 -141.24778229 -129.90752657 -126.95390506
 -131.84776654 -142.91413414 -140.91280258 -131.657995   -137.77976432
 -135.79059111 -138.36223925 -140.69992319 -146.16472293 -146.46659646]
inrs_hat:  [-32.89639008 -29.48488001 -30.25808225 -18.91782653 -15.96420502
 -20.8580665  -31.9244341  -29.92310253 -20.66829496 -26.79006428
 -24.80089107 -27.37253921 -29.71022315 -35.17502289 -35.47689642]
scheduled_ues:  [ 0  1  2  3  4  5  6  7  8  9 10 11 12 13 14]
(1, 15, 1, 4, 1, 1)
caused INR: -17.938653163596864
TpsAltruisticFromLsfGain + IndividualEstimated_INR + -12.5
None
ls_gain_coeffs:
[-143.88609013 -140.47458005 -141.24778229 -129.90752657 -126.95390506
 -131.84776654 -142.91413414 -140.91280258 -131.657995   -137.77976432
 -135.79059111 -138.36223925 -140.69992319 -146.16472293 -146.46659646]
inrs_hat:  [-32.89639008 -29.48488001 -30.25808225 -18.91782653 -15.96420502
 -20.8580665  -31.9244341  -29.92310253 -20.66829496 -26.79006428
 -24.80089107 -27.37253921 -29.71022315 -35.17502289 -35.47689642]
scheduled_ues:  [ 0  1  2  3  4  5  6  7  8  9 10 11 12 13 14]
(1, 15, 1, 4, 1, 1)
caused INR: -17.938653163596864
TpsAltruisticFromLsfGain + IndividualEstimated_INR + -15.0
None
ls_gain_coeffs:
[-143.88609013 -140.47458005 -141.24778229 -129.90752657 -126.95390506
 -131.84776654 -142.91413414 -140.91280258 -131.657995   -137.77976432
 -135.79059111 -138.36223925 -140.69992319 -146.16472293 -146.46659646]
inrs_hat:  [-32.89639008 -29.48488001 -30.25808225 -18.91782653 -15.96420502
 -20.8580665  -31.9244341  -29.92310253 -20.66829496 -26.79006428
 -24.80089107 -27.37253921 -29.71022315 -35.17502289 -35.47689642]
scheduled_ues:  [ 0  1  2  3  4  5  6  7  8  9 10 11 12 13 14]
(1, 15, 1, 4, 1, 1)
caused INR: -17.938653163596864
TpsAltruisticFromLsfGain + CumulativeIndividualEstimated_INR + -10.0
None
(1, 15, 1, 4, 1, 1)
caused INR: -17.938653163596864
TpsAltruisticFromLsfGain + CumulativeIndividualEstimated_INR + -12.5
None
(1, 15, 1, 4, 1, 1)
caused INR: -26.590235412987294
TpsAltruisticFromLsfGain + CumulativeIndividualEstimated_INR + -15.0
None
(1, 15, 1, 4, 1, 1)
caused INR: -33.76380009792533
TpsRandomic + IndividualEstimated_INR + -10.0
None
ls_gain_coeffs:
[-127.06881541 -140.47458005 -124.97884639 -113.43102657 -110.1368188
 -119.75224471 -129.52278026 -124.31870747 -123.13229872 -129.49450927
 -125.63043656 -138.36223925 -128.97109273 -133.8524166  -134.44500501]
inrs_hat:  [-16.07911537 -29.48488001 -13.98914635  -2.44132653   0.85288124
  -8.76254467 -18.53308022 -13.32900742 -12.14259867 -18.50480923
 -14.64073652 -27.37253921 -17.98139268 -22.86271656 -23.45530497]
scheduled_ues:  [ 0  1  2  6  7  8  9 10 11 12 13 14]
(1, 15, 1, 4, 1, 1)
caused INR: -5.260009683269814
TpsRandomic + IndividualEstimated_INR + -12.5
None
ls_gain_coeffs:
[-127.06881541 -133.57108674 -141.24778229 -116.63533497 -126.95390506
 -115.04353857 -140.06487249 -140.91280258 -131.657995   -120.86125845
 -124.30232712 -138.36223925 -128.97109273 -146.16472293 -137.61448207]
inrs_hat:  [-16.07911537 -22.5813867  -30.25808225  -5.64563493 -15.96420502
  -4.05383852 -29.07517245 -29.92310253 -20.66829496  -9.87155841
 -13.31262707 -27.37253921 -17.98139268 -35.17502289 -26.62478203]
scheduled_ues:  [ 0  1  2  4  6  7  8 10 11 12 13 14]
(1, 15, 1, 4, 1, 1)
caused INR: -6.939245779712433
TpsRandomic + IndividualEstimated_INR + -15.0
None
ls_gain_coeffs:
[-133.926403   -126.65505542 -126.95663598 -129.90752657 -126.95390506
 -115.04353857 -129.52278026 -132.59739282 -131.657995   -137.77976432
 -124.30232712 -131.53399395 -130.74737129 -146.16472293 -134.44500501]
inrs_hat:  [-22.93670295 -15.66535538 -15.96693593 -18.91782653 -15.96420502
  -4.05383852 -18.53308022 -21.60769278 -20.66829496 -26.79006428
 -13.31262707 -20.54429391 -19.75767125 -35.17502289 -23.45530497]
scheduled_ues:  [ 0  1  2  3  4  6  7  8  9 11 12 13 14]
(1, 15, 1, 4, 1, 1)
caused INR: -8.340757001557396
TpsRandomic + CumulativeIndividualEstimated_INR + -10.0
None
(1, 15, 1, 4, 1, 1)
caused INR: -10.099466647951552
TpsRandomic + CumulativeIndividualEstimated_INR + -12.5
None
(1, 15, 1, 4, 1, 1)
caused INR: -16.690109158116144
TpsRandomic + CumulativeIndividualEstimated_INR + -15.0
None
(1, 15, 1, 4, 1, 1)
caused INR: -13.763872268633403
Iteration number 5
TpsAltruisticFromLsfGain + IndividualEstimated_INR + -10.0
None
ls_gain_coeffs:
[-132.64445047 -139.71271221 -141.46295585 -142.45514125 -137.82238925
 -124.64681734 -131.84899924 -144.1508403  -148.64462795 -121.82355229
 -143.53427398 -137.58594309 -138.08605266 -125.02571308 -145.87612986]
inrs_hat:  [-21.65475043 -28.72301217 -30.47325581 -31.4654412  -26.83268921
 -13.6571173  -20.8592992  -33.16114026 -37.65492791 -10.83385225
 -32.54457393 -26.59624305 -27.09635262 -14.03601304 -34.88642982]
scheduled_ues:  [ 0  1  2  3  4  5  6  7  8  9 10 11 12 13 14]
(1, 15, 1, 4, 1, 1)
caused INR: -2.2988529964316307
TpsAltruisticFromLsfGain + IndividualEstimated_INR + -12.5
None
ls_gain_coeffs:
[-132.64445047 -139.71271221 -141.46295585 -142.45514125 -137.82238925
 -124.64681734 -131.84899924 -144.1508403  -148.64462795 -121.82355229
 -143.53427398 -137.58594309 -138.08605266 -125.02571308 -145.87612986]
inrs_hat:  [-21.65475043 -28.72301217 -30.47325581 -31.4654412  -26.83268921
 -13.6571173  -20.8592992  -33.16114026 -37.65492791 -10.83385225
 -32.54457393 -26.59624305 -27.09635262 -14.03601304 -34.88642982]
scheduled_ues:  [ 0  1  2  3  4  5  6  7  8 10 11 12 13 14]
(1, 15, 1, 4, 1, 1)
caused INR: -6.424177118761517
TpsAltruisticFromLsfGain + IndividualEstimated_INR + -15.0
None
ls_gain_coeffs:
[-132.64445047 -139.71271221 -141.46295585 -142.45514125 -137.82238925
 -124.64681734 -131.84899924 -144.1508403  -148.64462795 -121.82355229
 -143.53427398 -137.58594309 -138.08605266 -125.02571308 -145.87612986]
inrs_hat:  [-21.65475043 -28.72301217 -30.47325581 -31.4654412  -26.83268921
 -13.6571173  -20.8592992  -33.16114026 -37.65492791 -10.83385225
 -32.54457393 -26.59624305 -27.09635262 -14.03601304 -34.88642982]
scheduled_ues:  [ 0  1  2  3  4  6  7  8 10 11 12 14]
(1, 15, 1, 4, 1, 1)
caused INR: -16.211027222554254
TpsAltruisticFromLsfGain + CumulativeIndividualEstimated_INR + -10.0
None
(1, 15, 1, 4, 1, 1)
caused INR: -25.709428160728013
TpsAltruisticFromLsfGain + CumulativeIndividualEstimated_INR + -12.5
None
(1, 15, 1, 4, 1, 1)
caused INR: -16.211027222554254
TpsAltruisticFromLsfGain + CumulativeIndividualEstimated_INR + -15.0
None
(1, 15, 1, 4, 1, 1)
caused INR: -16.211027222554254
TpsRandomic + IndividualEstimated_INR + -10.0
None
ls_gain_coeffs:
[-121.66505779 -139.71271221 -124.61871558 -142.45514125 -124.89243586
 -124.64681734 -131.84899924 -144.1508403  -148.64462795 -121.82355229
 -131.48714073 -137.58594309 -124.70490698 -108.5485658  -136.24216149]
inrs_hat:  [-10.67535775 -28.72301217 -13.62901553 -31.4654412  -13.90273582
 -13.6571173  -20.8592992  -33.16114026 -37.65492791 -10.83385225
 -20.49744069 -26.59624305 -13.71520694   2.44113424 -25.25246145]
scheduled_ues:  [ 0  1  2  3  4  5  6  7  8  9 10 11 12 14]
(1, 15, 1, 4, 1, 1)
caused INR: -4.056530841912615
TpsRandomic + IndividualEstimated_INR + -12.5
None
ls_gain_coeffs:
[-115.1831103  -126.30072543 -130.16480301 -142.45514125 -128.94850049
 -115.66383596 -119.23887292 -136.76326876 -148.64462795 -121.82355229
 -134.48838789 -124.23211706 -124.70490698 -118.97239216 -145.87612986]
inrs_hat:  [ -4.19341026 -15.31102539 -19.17510296 -31.4654412  -17.95880044
  -4.67413592  -8.24917287 -25.77356872 -37.65492791 -10.83385225
 -23.49868785 -13.24241702 -13.71520694  -7.98269212 -34.88642982]
scheduled_ues:  [ 1  2  3  4  7  8 10 11 12 14]
(1, 15, 1, 4, 1, 1)
caused INR: -6.344838919013899
TpsRandomic + IndividualEstimated_INR + -15.0
None
ls_gain_coeffs:
[-115.1831103  -131.8667758  -141.46295585 -127.31001116 -137.82238925
 -107.56662116 -114.38462907 -136.76326876 -140.12790899 -108.40037641
 -134.48838789 -137.58594309 -124.70490698 -110.56633944 -145.87612986]
inrs_hat:  [ -4.19341026 -20.87707576 -30.47325581 -16.32031111 -26.83268921
   3.42307889  -3.39492902 -25.77356872 -29.13820894   2.58932363
 -23.49868785 -26.59624305 -13.71520694   0.4233606  -34.88642982]
scheduled_ues:  [ 1  2  3  4  7  8 10 11 14]
(1, 15, 1, 4, 1, 1)
caused INR: -14.280532574289728
TpsRandomic + CumulativeIndividualEstimated_INR + -10.0
None
(1, 15, 1, 4, 1, 1)
caused INR: -13.89267408948526
TpsRandomic + CumulativeIndividualEstimated_INR + -12.5
None
(1, 15, 1, 4, 1, 1)
caused INR: -14.661915209688875
TpsRandomic + CumulativeIndividualEstimated_INR + -15.0
None
(1, 15, 1, 4, 1, 1)
caused INR: -15.887332392277319
Iteration number 6
TpsAltruisticFromLsfGain + IndividualEstimated_INR + -10.0
None
ls_gain_coeffs:
[-146.46815637 -144.68918667 -123.4469338  -130.42951998 -138.19514863
 -144.00890771 -140.89516716 -117.88744301 -144.15121365 -147.26607273
 -149.26354632 -153.76844904 -146.74364313 -139.83101884 -131.50669148]
inrs_hat:  [-35.47845633 -33.69948663 -12.45723376 -19.43981994 -27.20544859
 -33.01920767 -29.90546712  -6.89774297 -33.16151361 -36.27637269
 -38.27384627 -42.778749   -35.75394309 -28.8413188  -20.51699144]
scheduled_ues:  [ 0  1  2  3  4  5  6  8  9 10 11 12 13 14]
(1, 15, 1, 4, 1, 1)
caused INR: -4.86543496632623
TpsAltruisticFromLsfGain + IndividualEstimated_INR + -12.5
None
ls_gain_coeffs:
[-146.46815637 -144.68918667 -123.4469338  -130.42951998 -138.19514863
 -144.00890771 -140.89516716 -117.88744301 -144.15121365 -147.26607273
 -149.26354632 -153.76844904 -146.74364313 -139.83101884 -131.50669148]
inrs_hat:  [-35.47845633 -33.69948663 -12.45723376 -19.43981994 -27.20544859
 -33.01920767 -29.90546712  -6.89774297 -33.16151361 -36.27637269
 -38.27384627 -42.778749   -35.75394309 -28.8413188  -20.51699144]
scheduled_ues:  [ 0  1  3  4  5  6  8  9 10 11 12 13 14]
(1, 15, 1, 4, 1, 1)
caused INR: -8.42138033112187
TpsAltruisticFromLsfGain + IndividualEstimated_INR + -15.0
None
ls_gain_coeffs:
[-146.46815637 -144.68918667 -123.4469338  -130.42951998 -138.19514863
 -144.00890771 -140.89516716 -117.88744301 -144.15121365 -147.26607273
 -149.26354632 -153.76844904 -146.74364313 -139.83101884 -131.50669148]
inrs_hat:  [-35.47845633 -33.69948663 -12.45723376 -19.43981994 -27.20544859
 -33.01920767 -29.90546712  -6.89774297 -33.16151361 -36.27637269
 -38.27384627 -42.778749   -35.75394309 -28.8413188  -20.51699144]
scheduled_ues:  [ 0  1  3  4  5  6  8  9 10 11 12 13 14]
(1, 15, 1, 4, 1, 1)
caused INR: -8.42138033112187
TpsAltruisticFromLsfGain + CumulativeIndividualEstimated_INR + -10.0
None
(1, 15, 1, 4, 1, 1)
caused INR: -4.86543496632623
TpsAltruisticFromLsfGain + CumulativeIndividualEstimated_INR + -12.5
None
(1, 15, 1, 4, 1, 1)
caused INR: -8.42138033112187
TpsAltruisticFromLsfGain + CumulativeIndividualEstimated_INR + -15.0
None
(1, 15, 1, 4, 1, 1)
caused INR: -8.42138033112187
TpsRandomic + IndividualEstimated_INR + -10.0
None
ls_gain_coeffs:
[-131.80142645 -138.78932753 -110.09870544 -112.98006091 -138.19514863
 -127.12007835 -124.03024201 -104.13760332 -139.02426256 -139.21369757
 -149.26354632 -147.19149107 -146.74364313 -126.92158245 -118.49352797]
inrs_hat:  [-20.81172641 -27.79962749   0.8909946   -1.99036086 -27.20544859
 -16.13037831 -13.04054197   6.85209672 -28.03456251 -28.22399752
 -38.27384627 -36.20179103 -35.75394309 -15.93188241  -7.50382793]
scheduled_ues:  [ 0  1  4  5  6  8  9 10 11 12 13]
(1, 15, 1, 4, 1, 1)
caused INR: -12.876088253621463
TpsRandomic + IndividualEstimated_INR + -12.5
None
ls_gain_coeffs:
[-131.80142645 -130.61765329 -123.4469338  -130.42951998 -138.19514863
 -133.51132561 -124.03024201 -117.88744301 -139.02426256 -134.4667256
 -149.26354632 -147.19149107 -142.60922433 -139.83101884 -118.49352797]
inrs_hat:  [-20.81172641 -19.62795324 -12.45723376 -19.43981994 -27.20544859
 -22.52162557 -13.04054197  -6.89774297 -28.03456251 -23.47702556
 -38.27384627 -36.20179103 -31.61952428 -28.8413188   -7.50382793]
scheduled_ues:  [ 0  1  3  4  5  6  8  9 10 11 12 13]
(1, 15, 1, 4, 1, 1)
caused INR: -14.534517235235553
TpsRandomic + IndividualEstimated_INR + -15.0
None
ls_gain_coeffs:
[-143.1304615  -128.48269041 -110.09870544 -117.11180317 -125.02390616
 -127.12007835 -140.89516716 -117.88744301 -130.00062995 -130.61941158
 -136.21109165 -140.38814383 -132.92390353 -126.92158245 -114.28548996]
inrs_hat:  [-32.14076145 -17.49299037   0.8909946   -6.12210312 -14.03420611
 -16.13037831 -29.90546712  -6.89774297 -19.01092991 -19.62971154
 -25.22139161 -29.39844378 -21.93420349 -15.93188241  -3.29578991]
scheduled_ues:  [ 0  1  5  6  8  9 10 11 12 13]
(1, 15, 1, 4, 1, 1)
caused INR: -10.867354488644361
TpsRandomic + CumulativeIndividualEstimated_INR + -10.0
None
(1, 15, 1, 4, 1, 1)
caused INR: -6.5421836681729415
TpsRandomic + CumulativeIndividualEstimated_INR + -12.5
None
(1, 15, 1, 4, 1, 1)
caused INR: -14.481645092199404
TpsRandomic + CumulativeIndividualEstimated_INR + -15.0
None
(1, 15, 1, 4, 1, 1)
caused INR: -15.859195335098875
Iteration number 7
TpsAltruisticFromLsfGain + IndividualEstimated_INR + -10.0
None
ls_gain_coeffs:
[-133.25339097 -144.92553523 -141.96472672 -149.19769104 -124.29796708
 -138.14718799 -131.58126686 -141.56517261 -142.95403128 -137.31292879
 -123.65944498 -134.01980759 -150.48306123 -151.31162819 -132.7759472 ]
inrs_hat:  [-22.26369093 -33.93583519 -30.97502668 -38.207991   -13.30826704
 -27.15748795 -20.59156682 -30.57547257 -31.96433124 -26.32322875
 -12.66974494 -23.03010755 -39.49336119 -40.32192815 -21.78624716]
scheduled_ues:  [ 0  1  2  3  4  5  6  7  8  9 10 11 12 13 14]
(1, 15, 1, 4, 1, 1)
caused INR: -12.211151018814077
TpsAltruisticFromLsfGain + IndividualEstimated_INR + -12.5
None
ls_gain_coeffs:
[-133.25339097 -144.92553523 -141.96472672 -149.19769104 -124.29796708
 -138.14718799 -131.58126686 -141.56517261 -142.95403128 -137.31292879
 -123.65944498 -134.01980759 -150.48306123 -151.31162819 -132.7759472 ]
inrs_hat:  [-22.26369093 -33.93583519 -30.97502668 -38.207991   -13.30826704
 -27.15748795 -20.59156682 -30.57547257 -31.96433124 -26.32322875
 -12.66974494 -23.03010755 -39.49336119 -40.32192815 -21.78624716]
scheduled_ues:  [ 0  1  2  3  4  5  6  7  8  9 10 11 12 13 14]
(1, 15, 1, 4, 1, 1)
caused INR: -12.211151018814077
TpsAltruisticFromLsfGain + IndividualEstimated_INR + -15.0
None
ls_gain_coeffs:
[-133.25339097 -144.92553523 -141.96472672 -149.19769104 -124.29796708
 -138.14718799 -131.58126686 -141.56517261 -142.95403128 -137.31292879
 -123.65944498 -134.01980759 -150.48306123 -151.31162819 -132.7759472 ]
inrs_hat:  [-22.26369093 -33.93583519 -30.97502668 -38.207991   -13.30826704
 -27.15748795 -20.59156682 -30.57547257 -31.96433124 -26.32322875
 -12.66974494 -23.03010755 -39.49336119 -40.32192815 -21.78624716]
scheduled_ues:  [ 0  1  2  3  5  6  7  8  9 11 12 13 14]
(1, 15, 1, 4, 1, 1)
caused INR: -16.454162876834612
TpsAltruisticFromLsfGain + CumulativeIndividualEstimated_INR + -10.0
None
(1, 15, 1, 4, 1, 1)
caused INR: -28.21873853574835
TpsAltruisticFromLsfGain + CumulativeIndividualEstimated_INR + -12.5
None
(1, 15, 1, 4, 1, 1)
caused INR: -16.454162876834612
TpsAltruisticFromLsfGain + CumulativeIndividualEstimated_INR + -15.0
None
(1, 15, 1, 4, 1, 1)
caused INR: -22.275292745959927
TpsRandomic + IndividualEstimated_INR + -10.0
None
ls_gain_coeffs:
[-116.89005164 -136.16653298 -126.1917401  -149.19769104 -105.00234537
 -124.66488631 -117.82794829 -127.37743709 -142.95403128 -137.31292879
 -109.85882804 -134.01980759 -138.69483286 -134.72317757 -115.0330852 ]
inrs_hat:  [ -5.9003516  -25.17683294 -15.20204006 -38.207991     5.98735467
 -13.67518627  -6.83824824 -16.38773705 -31.96433124 -26.32322875
   1.13087201 -23.03010755 -27.70513282 -23.73347752  -4.04338515]
scheduled_ues:  [ 1  2  3  5  7  8  9 11 12 13]
(1, 15, 1, 4, 1, 1)
caused INR: -16.59705774360432
TpsRandomic + IndividualEstimated_INR + -12.5
None
ls_gain_coeffs:
[-116.89005164 -144.92553523 -126.1917401  -136.79815422 -113.37268127
 -138.14718799 -127.64611113 -127.37743709 -136.51690916 -122.79057274
 -119.58239414 -123.26169027 -133.77365037 -134.72317757 -132.7759472 ]
inrs_hat:  [ -5.9003516  -33.93583519 -15.20204006 -25.80845418  -2.38298122
 -27.15748795 -16.65641109 -16.38773705 -25.52720912 -11.80087269
  -8.5926941  -12.27199023 -22.78395033 -23.73347752 -21.78624716]
scheduled_ues:  [ 1  2  3  5  6  7  8 12 13 14]
(1, 15, 1, 4, 1, 1)
caused INR: -12.643721128622786
TpsRandomic + IndividualEstimated_INR + -15.0
None
ls_gain_coeffs:
[-119.63372666 -132.72902826 -136.96764679 -136.79815422 -105.00234537
 -138.14718799 -117.82794829 -136.32676606 -129.0358365  -122.79057274
 -109.85882804 -123.73159467 -133.77365037 -142.56300005 -132.7759472 ]
inrs_hat:  [ -8.64402662 -21.73932822 -25.97794675 -25.80845418   5.98735467
 -27.15748795  -6.83824824 -25.33706602 -18.04613645 -11.80087269
   1.13087201 -12.74189462 -22.78395033 -31.57330001 -21.78624716]
scheduled_ues:  [ 1  2  3  5  7  8 12 13 14]
(1, 15, 1, 4, 1, 1)
caused INR: -16.158821053354306
TpsRandomic + CumulativeIndividualEstimated_INR + -10.0
None
(1, 15, 1, 4, 1, 1)
caused INR: -27.185878045359814
TpsRandomic + CumulativeIndividualEstimated_INR + -12.5
None
(1, 15, 1, 4, 1, 1)
caused INR: -12.897272314369
TpsRandomic + CumulativeIndividualEstimated_INR + -15.0
None
(1, 15, 1, 4, 1, 1)
caused INR: -14.14875975830568
Iteration number 8
TpsAltruisticFromLsfGain + IndividualEstimated_INR + -10.0
None
ls_gain_coeffs:
[-133.43012219 -136.06870627 -126.61082614 -148.45356672 -141.97519549
 -134.54683422 -128.46205656 -124.3199512  -124.5416614  -146.951562
 -129.47049458 -124.13469046 -145.95702483 -151.42722389 -128.37736533]
inrs_hat:  [-22.44042215 -25.07900623 -15.6211261  -37.46386667 -30.98549544
 -23.55713417 -17.47235652 -13.33025116 -13.55196135 -35.96186196
 -18.48079454 -13.14499041 -34.96732479 -40.43752384 -17.38766529]
scheduled_ues:  [ 0  1  2  3  4  5  6  7  8  9 10 11 12 13 14]
(1, 15, 1, 4, 1, 1)
caused INR: -6.972775259953615
TpsAltruisticFromLsfGain + IndividualEstimated_INR + -12.5
None
ls_gain_coeffs:
[-133.43012219 -136.06870627 -126.61082614 -148.45356672 -141.97519549
 -134.54683422 -128.46205656 -124.3199512  -124.5416614  -146.951562
 -129.47049458 -124.13469046 -145.95702483 -151.42722389 -128.37736533]
inrs_hat:  [-22.44042215 -25.07900623 -15.6211261  -37.46386667 -30.98549544
 -23.55713417 -17.47235652 -13.33025116 -13.55196135 -35.96186196
 -18.48079454 -13.14499041 -34.96732479 -40.43752384 -17.38766529]
scheduled_ues:  [ 0  1  2  3  4  5  6  7  8  9 10 11 12 13 14]
(1, 15, 1, 4, 1, 1)
caused INR: -6.972775259953615
TpsAltruisticFromLsfGain + IndividualEstimated_INR + -15.0
None
ls_gain_coeffs:
[-133.43012219 -136.06870627 -126.61082614 -148.45356672 -141.97519549
 -134.54683422 -128.46205656 -124.3199512  -124.5416614  -146.951562
 -129.47049458 -124.13469046 -145.95702483 -151.42722389 -128.37736533]
inrs_hat:  [-22.44042215 -25.07900623 -15.6211261  -37.46386667 -30.98549544
 -23.55713417 -17.47235652 -13.33025116 -13.55196135 -35.96186196
 -18.48079454 -13.14499041 -34.96732479 -40.43752384 -17.38766529]
scheduled_ues:  [ 0  1  2  3  4  5  6  9 10 12 13 14]
(1, 15, 1, 4, 1, 1)
caused INR: -11.872206851196864
TpsAltruisticFromLsfGain + CumulativeIndividualEstimated_INR + -10.0
None
(1, 15, 1, 4, 1, 1)
caused INR: -11.872206851196864
TpsAltruisticFromLsfGain + CumulativeIndividualEstimated_INR + -12.5
None
(1, 15, 1, 4, 1, 1)
caused INR: -11.572079951656526
TpsAltruisticFromLsfGain + CumulativeIndividualEstimated_INR + -15.0
None
(1, 15, 1, 4, 1, 1)
caused INR: -8.20392501248053
TpsRandomic + IndividualEstimated_INR + -10.0
None
ls_gain_coeffs:
[-115.99304811 -127.51106147 -126.61082614 -141.48925856 -141.97519549
 -121.6750428  -126.84075416 -107.0362906  -110.69644254 -133.10219702
 -116.86525124 -106.76595276 -145.95702483 -136.76813954 -110.99791025]
inrs_hat:  [-5.00334807e+00 -1.65213614e+01 -1.56211261e+01 -3.04995585e+01
 -3.09854954e+01 -1.06853428e+01 -1.58510541e+01  3.95340945e+00
  2.93257498e-01 -2.21124970e+01 -5.87555120e+00  4.22374728e+00
 -3.49673248e+01 -2.57784395e+01 -8.21020871e-03]
scheduled_ues:  [ 1  2  3  4  5  6  9 12 13]
(1, 15, 1, 4, 1, 1)
caused INR: -26.210598851524672
TpsRandomic + IndividualEstimated_INR + -12.5
None
ls_gain_coeffs:
[-115.99304811 -123.07459691 -117.98406848 -141.48925856 -125.24148615
 -133.25625997 -128.46205656 -113.38294008 -109.29282369 -133.10219702
 -129.47049458 -124.13469046 -129.14837542 -136.76813954 -110.99791025]
inrs_hat:  [-5.00334807e+00 -1.20848969e+01 -6.99436843e+00 -3.04995585e+01
 -1.42517861e+01 -2.22665599e+01 -1.74723565e+01 -2.39324004e+00
  1.69687635e+00 -2.21124970e+01 -1.84807945e+01 -1.31449904e+01
 -1.81586754e+01 -2.57784395e+01 -8.21020871e-03]
scheduled_ues:  [ 3  4  5  6  9 10 11 12 13]
(1, 15, 1, 4, 1, 1)
caused INR: -16.443418974040757
TpsRandomic + IndividualEstimated_INR + -15.0
None
ls_gain_coeffs:
[-123.19486153 -119.07202919 -113.9856417  -148.45356672 -130.23872978
 -121.24485139 -114.93958829 -107.0362906  -109.29282369 -146.951562
 -116.86525124 -106.76595276 -137.05582086 -151.42722389 -128.37736533]
inrs_hat:  [-12.20516149  -8.08232914  -2.99594165 -37.46386667 -19.24902974
 -10.25515134  -3.94988825   3.95340945   1.69687635 -35.96186196
  -5.8755512    4.22374728 -26.06612082 -40.43752384 -17.38766529]
scheduled_ues:  [ 3  4  9 12 13 14]
(1, 15, 1, 4, 1, 1)
caused INR: -14.713165708647617
TpsRandomic + CumulativeIndividualEstimated_INR + -10.0
None
(1, 15, 1, 4, 1, 1)
caused INR: -6.904241543753924
TpsRandomic + CumulativeIndividualEstimated_INR + -12.5
None
(1, 15, 1, 4, 1, 1)
caused INR: -18.901262778304
TpsRandomic + CumulativeIndividualEstimated_INR + -15.0
None
(1, 15, 1, 4, 1, 1)
caused INR: -14.275121916876564
Iteration number 9
TpsAltruisticFromLsfGain + IndividualEstimated_INR + -10.0
None
ls_gain_coeffs:
[-146.48726751 -144.20122162 -139.97946571 -139.22739509 -139.0987545
 -149.11568511 -150.05355937 -138.29054197 -138.39956141 -147.26330651
 -127.73616239 -122.01841201 -129.41828894 -148.82855123 -127.09502503]
inrs_hat:  [-35.49756746 -33.21152157 -28.98976566 -28.23769504 -28.10905446
 -38.12598506 -39.06385932 -27.30084193 -27.40986137 -36.27360647
 -16.74646235 -11.02871197 -18.4285889  -37.83885119 -16.10532499]
scheduled_ues:  [ 0  1  2  3  4  5  6  7  8  9 10 11 12 13 14]
(1, 15, 1, 4, 1, 1)
caused INR: -11.409864444802842
TpsAltruisticFromLsfGain + IndividualEstimated_INR + -12.5
None
ls_gain_coeffs:
[-146.48726751 -144.20122162 -139.97946571 -139.22739509 -139.0987545
 -149.11568511 -150.05355937 -138.29054197 -138.39956141 -147.26330651
 -127.73616239 -122.01841201 -129.41828894 -148.82855123 -127.09502503]
inrs_hat:  [-35.49756746 -33.21152157 -28.98976566 -28.23769504 -28.10905446
 -38.12598506 -39.06385932 -27.30084193 -27.40986137 -36.27360647
 -16.74646235 -11.02871197 -18.4285889  -37.83885119 -16.10532499]
scheduled_ues:  [ 0  1  2  3  4  5  6  7  8  9 10 12 13 14]
(1, 15, 1, 4, 1, 1)
caused INR: -13.374312897241625
TpsAltruisticFromLsfGain + IndividualEstimated_INR + -15.0
None
ls_gain_coeffs:
[-146.48726751 -144.20122162 -139.97946571 -139.22739509 -139.0987545
 -149.11568511 -150.05355937 -138.29054197 -138.39956141 -147.26330651
 -127.73616239 -122.01841201 -129.41828894 -148.82855123 -127.09502503]
inrs_hat:  [-35.49756746 -33.21152157 -28.98976566 -28.23769504 -28.10905446
 -38.12598506 -39.06385932 -27.30084193 -27.40986137 -36.27360647
 -16.74646235 -11.02871197 -18.4285889  -37.83885119 -16.10532499]
scheduled_ues:  [ 0  1  2  3  4  5  6  7  8  9 10 12 13 14]
(1, 15, 1, 4, 1, 1)
caused INR: -13.374312897241625
TpsAltruisticFromLsfGain + CumulativeIndividualEstimated_INR + -10.0
None
(1, 15, 1, 4, 1, 1)
caused INR: -13.374312897241625
TpsAltruisticFromLsfGain + CumulativeIndividualEstimated_INR + -12.5
None
(1, 15, 1, 4, 1, 1)
caused INR: -14.318018854105702
TpsAltruisticFromLsfGain + CumulativeIndividualEstimated_INR + -15.0
None
(1, 15, 1, 4, 1, 1)
caused INR: -18.16958571663332
TpsRandomic + IndividualEstimated_INR + -10.0
None
ls_gain_coeffs:
[-146.48726751 -127.56512751 -129.6271801  -125.66890188 -139.0987545
 -149.11568511 -144.37316415 -124.5129821  -138.39956141 -140.91814757
 -110.89762381 -107.74762176 -120.8633921  -138.79506597 -108.83961633]
inrs_hat:  [-35.49756746 -16.57542746 -18.63748006 -14.67920184 -28.10905446
 -38.12598506 -33.38346411 -13.52328205 -27.40986137 -29.92844752
   0.09207623   3.24207828  -9.87369206 -27.80536593   2.15008372]
scheduled_ues:  [ 0  1  2  3  4  5  6  7  8  9 13]
(1, 15, 1, 4, 1, 1)
caused INR: -14.625590772217425
TpsRandomic + IndividualEstimated_INR + -12.5
None
ls_gain_coeffs:
[-133.41674439 -135.9164974  -129.6271801  -125.66890188 -126.27784664
 -135.523184   -144.37316415 -123.17702222 -125.61707642 -133.31952536
 -119.00001542 -107.74762176 -120.8633921  -137.85380445 -108.83961633]
inrs_hat:  [-22.42704435 -24.92679735 -18.63748006 -14.67920184 -15.2881466
 -24.53348395 -33.38346411 -12.18732217 -14.62737637 -22.32982532
  -8.01031538   3.24207828  -9.87369206 -26.8641044    2.15008372]
scheduled_ues:  [ 0  1  2  3  4  5  6  8  9 13]
(1, 15, 1, 4, 1, 1)
caused INR: -8.088140901289542
TpsRandomic + IndividualEstimated_INR + -15.0
None
ls_gain_coeffs:
[-133.41674439 -144.20122162 -129.6271801  -137.55205528 -139.0987545
 -149.11568511 -136.155919   -123.17702222 -129.71891255 -140.91814757
 -127.73616239 -114.43778311 -129.41828894 -132.10363521 -116.07188359]
inrs_hat:  [-22.42704435 -33.21152157 -18.63748006 -26.56235524 -28.10905446
 -38.12598506 -25.16621895 -12.18732217 -18.7292125  -29.92844752
 -16.74646235  -3.44808307 -18.4285889  -21.11393517  -5.08218355]
scheduled_ues:  [ 0  1  2  3  4  5  6  8  9 10 12 13]
(1, 15, 1, 4, 1, 1)
caused INR: -10.85117445102668
TpsRandomic + CumulativeIndividualEstimated_INR + -10.0
None
(1, 15, 1, 4, 1, 1)
caused INR: -20.921633161985515
TpsRandomic + CumulativeIndividualEstimated_INR + -12.5
None
(1, 15, 1, 4, 1, 1)
caused INR: -15.757716277764896
TpsRandomic + CumulativeIndividualEstimated_INR + -15.0
None
(1, 15, 1, 4, 1, 1)
caused INR: -15.779842336936284
Iteration number 10
TpsAltruisticFromLsfGain + IndividualEstimated_INR + -10.0
None
ls_gain_coeffs:
[-131.42168149 -148.9038888  -124.6057336  -130.92175105 -140.93946017
 -134.14000294 -137.7775657  -141.98196942 -143.91839541 -130.74673319
 -134.68357352 -141.85073203 -146.03524067 -145.45841877 -135.5078614 ]
inrs_hat:  [-20.43198145 -37.91418876 -13.61603356 -19.93205101 -29.94976012
 -23.1503029  -26.78786566 -30.99226937 -32.92869537 -19.75703314
 -23.69387348 -30.86103199 -35.04554063 -34.46871873 -24.51816136]
scheduled_ues:  [ 0  1  2  3  4  5  6  7  8  9 10 11 12 13 14]
(1, 15, 1, 4, 1, 1)
caused INR: -11.453602637678792
TpsAltruisticFromLsfGain + IndividualEstimated_INR + -12.5
None
ls_gain_coeffs:
[-131.42168149 -148.9038888  -124.6057336  -130.92175105 -140.93946017
 -134.14000294 -137.7775657  -141.98196942 -143.91839541 -130.74673319
 -134.68357352 -141.85073203 -146.03524067 -145.45841877 -135.5078614 ]
inrs_hat:  [-20.43198145 -37.91418876 -13.61603356 -19.93205101 -29.94976012
 -23.1503029  -26.78786566 -30.99226937 -32.92869537 -19.75703314
 -23.69387348 -30.86103199 -35.04554063 -34.46871873 -24.51816136]
scheduled_ues:  [ 0  1  2  3  4  5  6  7  8  9 10 11 12 13 14]
(1, 15, 1, 4, 1, 1)
caused INR: -11.453602637678792
TpsAltruisticFromLsfGain + IndividualEstimated_INR + -15.0
None
ls_gain_coeffs:
[-131.42168149 -148.9038888  -124.6057336  -130.92175105 -140.93946017
 -134.14000294 -137.7775657  -141.98196942 -143.91839541 -130.74673319
 -134.68357352 -141.85073203 -146.03524067 -145.45841877 -135.5078614 ]
inrs_hat:  [-20.43198145 -37.91418876 -13.61603356 -19.93205101 -29.94976012
 -23.1503029  -26.78786566 -30.99226937 -32.92869537 -19.75703314
 -23.69387348 -30.86103199 -35.04554063 -34.46871873 -24.51816136]
scheduled_ues:  [ 0  1  3  4  5  6  7  8  9 10 11 12 13 14]
(1, 15, 1, 4, 1, 1)
caused INR: -15.47629197721323
TpsAltruisticFromLsfGain + CumulativeIndividualEstimated_INR + -10.0
None
(1, 15, 1, 4, 1, 1)
caused INR: -11.453602637678792
TpsAltruisticFromLsfGain + CumulativeIndividualEstimated_INR + -12.5
None
(1, 15, 1, 4, 1, 1)
caused INR: -15.47629197721323
TpsAltruisticFromLsfGain + CumulativeIndividualEstimated_INR + -15.0
None
(1, 15, 1, 4, 1, 1)
caused INR: -27.51476780135697
TpsRandomic + IndividualEstimated_INR + -10.0
None
ls_gain_coeffs:
[-118.50892883 -138.78829844 -110.14334591 -127.65584758 -125.87350789
 -131.77515673 -123.66959706 -125.38025884 -130.13583768 -119.58967243
 -117.32382623 -140.63589511 -146.03524067 -138.81989294 -135.5078614 ]
inrs_hat:  [ -7.51922878 -27.7985984    0.84635414 -16.66614754 -14.88380785
 -20.78545669 -12.67989702 -14.39055879 -19.14613764  -8.59997238
  -6.33412618 -29.64619507 -35.04554063 -27.83019289 -24.51816136]
scheduled_ues:  [ 1  3  4  5  6  7  8 11 12 13 14]
(1, 15, 1, 4, 1, 1)
caused INR: -12.62912661517202
TpsRandomic + IndividualEstimated_INR + -12.5
None
ls_gain_coeffs:
[-120.59178569 -138.78829844 -107.94597078 -127.65584758 -137.00293176
 -134.14000294 -123.66959706 -128.77156568 -137.4019321  -120.56296819
 -123.3051307  -128.59924075 -130.11866045 -129.12505754 -120.99407818]
inrs_hat:  [ -9.60208565 -27.7985984    3.04372926 -16.66614754 -26.01323171
 -23.1503029  -12.67989702 -17.78186564 -26.41223206  -9.57326815
 -12.31543066 -17.60954071 -19.12896041 -18.1353575  -10.00437814]
scheduled_ues:  [ 1  3  4  5  6  7  8 11 12 13]
(1, 15, 1, 4, 1, 1)
caused INR: -8.83991286990611
TpsRandomic + IndividualEstimated_INR + -15.0
None
ls_gain_coeffs:
[-118.50892883 -138.78829844 -118.19019566 -130.92175105 -125.87350789
 -120.1218388  -124.50278138 -128.77156568 -127.54808489 -120.56296819
 -123.3051307  -129.00418639 -140.82277035 -145.45841877 -120.99407818]
inrs_hat:  [ -7.51922878 -27.7985984   -7.20049562 -19.93205101 -14.88380785
  -9.13213876 -13.51308134 -17.78186564 -16.55838485  -9.57326815
 -12.31543066 -18.01448635 -29.8330703  -34.46871873 -10.00437814]
scheduled_ues:  [ 1  3  7  8 11 12 13]
(1, 15, 1, 4, 1, 1)
caused INR: -21.45131102186136
TpsRandomic + CumulativeIndividualEstimated_INR + -10.0
None
(1, 15, 1, 4, 1, 1)
caused INR: -19.513851028037333
TpsRandomic + CumulativeIndividualEstimated_INR + -12.5
None
(1, 15, 1, 4, 1, 1)
caused INR: -17.60808455113561
TpsRandomic + CumulativeIndividualEstimated_INR + -15.0
None
(1, 15, 1, 4, 1, 1)
caused INR: -16.15552459916699
Iteration number 11
TpsAltruisticFromLsfGain + IndividualEstimated_INR + -10.0
None
ls_gain_coeffs:
[-135.44468032 -147.57321364 -151.40369623 -150.50010087 -150.01110365
 -143.90923584 -130.36386328 -131.83545208 -134.43070294 -118.22465759
 -130.39094443 -130.80555968 -138.0213362  -140.98768833 -137.13553082]
inrs_hat:  [-24.45498028 -36.5835136  -40.41399618 -39.51040082 -39.0214036
 -32.91953579 -19.37416323 -20.84575203 -23.44100289  -7.23495754
 -19.40124439 -19.81585963 -27.03163616 -29.99798829 -26.14583077]
scheduled_ues:  [ 0  1  2  3  4  5  6  7  8 10 11 12 13 14]
(1, 15, 1, 4, 1, 1)
caused INR: -33.71013073355017
TpsAltruisticFromLsfGain + IndividualEstimated_INR + -12.5
None
ls_gain_coeffs:
[-135.44468032 -147.57321364 -151.40369623 -150.50010087 -150.01110365
 -143.90923584 -130.36386328 -131.83545208 -134.43070294 -118.22465759
 -130.39094443 -130.80555968 -138.0213362  -140.98768833 -137.13553082]
inrs_hat:  [-24.45498028 -36.5835136  -40.41399618 -39.51040082 -39.0214036
 -32.91953579 -19.37416323 -20.84575203 -23.44100289  -7.23495754
 -19.40124439 -19.81585963 -27.03163616 -29.99798829 -26.14583077]
scheduled_ues:  [ 0  1  2  3  4  5  6  7  8 10 11 12 13 14]
(1, 15, 1, 4, 1, 1)
caused INR: -33.71013073355017
TpsAltruisticFromLsfGain + IndividualEstimated_INR + -15.0
None
ls_gain_coeffs:
[-135.44468032 -147.57321364 -151.40369623 -150.50010087 -150.01110365
 -143.90923584 -130.36386328 -131.83545208 -134.43070294 -118.22465759
 -130.39094443 -130.80555968 -138.0213362  -140.98768833 -137.13553082]
inrs_hat:  [-24.45498028 -36.5835136  -40.41399618 -39.51040082 -39.0214036
 -32.91953579 -19.37416323 -20.84575203 -23.44100289  -7.23495754
 -19.40124439 -19.81585963 -27.03163616 -29.99798829 -26.14583077]
scheduled_ues:  [ 0  1  2  3  4  5  6  7  8 10 11 12 13 14]
(1, 15, 1, 4, 1, 1)
caused INR: -33.71013073355017
TpsAltruisticFromLsfGain + CumulativeIndividualEstimated_INR + -10.0
None
(1, 15, 1, 4, 1, 1)
caused INR: -33.71013073355017
TpsAltruisticFromLsfGain + CumulativeIndividualEstimated_INR + -12.5
None
(1, 15, 1, 4, 1, 1)
caused INR: -35.09266453800429
TpsAltruisticFromLsfGain + CumulativeIndividualEstimated_INR + -15.0
None
(1, 15, 1, 4, 1, 1)
caused INR: -16.701184951489356
TpsRandomic + IndividualEstimated_INR + -10.0
None
ls_gain_coeffs:
[-118.10414105 -130.94575436 -137.6008786  -133.74873667 -139.72978717
 -139.51213443 -113.83576678 -131.83545208 -120.35064356 -102.90639922
 -112.88131691 -121.66794948 -138.0213362  -127.56571446 -137.13553082]
inrs_hat:  [ -7.11444101 -19.95605432 -26.61117856 -22.75903663 -28.74008713
 -28.52243439  -2.84606674 -20.84575203  -9.36094352   8.08330082
  -1.89161686 -10.67824944 -27.03163616 -16.57601442 -26.14583077]
scheduled_ues:  [ 1  2  3  4  5  7 11 12 13 14]
(1, 15, 1, 4, 1, 1)
caused INR: -10.573312143543824
TpsRandomic + IndividualEstimated_INR + -12.5
None
ls_gain_coeffs:
[-118.10414105 -130.94575436 -145.29664132 -139.12827903 -150.01110365
 -143.90923584 -117.2270251  -118.88062462 -134.43070294 -104.3447284
 -117.90735073 -130.80555968 -138.0213362  -127.56571446 -137.13553082]
inrs_hat:  [ -7.11444101 -19.95605432 -34.30694127 -28.13857899 -39.0214036
 -32.91953579  -6.23732506  -7.89092458 -23.44100289   6.64497164
  -6.91765069 -19.81585963 -27.03163616 -16.57601442 -26.14583077]
scheduled_ues:  [ 1  2  3  4  5  8 11 12 13 14]
(1, 15, 1, 4, 1, 1)
caused INR: -12.598269510713465
TpsRandomic + IndividualEstimated_INR + -15.0
None
ls_gain_coeffs:
[-124.27768    -130.94575436 -145.29664132 -133.74873667 -139.17049217
 -128.5362349  -113.83576678 -115.2141247  -120.35064356 -118.22465759
 -120.29688308 -130.80555968 -123.80017102 -140.98768833 -131.02632118]
inrs_hat:  [-13.28797995 -19.95605432 -34.30694127 -22.75903663 -28.18079213
 -17.54653486  -2.84606674  -4.22442466  -9.36094352  -7.23495754
  -9.30718304 -19.81585963 -12.81047097 -29.99798829 -20.03662114]
scheduled_ues:  [ 1  2  3  4  5 11 13 14]
(1, 15, 1, 4, 1, 1)
caused INR: -7.65476788753916
TpsRandomic + CumulativeIndividualEstimated_INR + -10.0
None
(1, 15, 1, 4, 1, 1)
caused INR: -12.396189394021292
TpsRandomic + CumulativeIndividualEstimated_INR + -12.5
None
(1, 15, 1, 4, 1, 1)
caused INR: -19.13787090057393
TpsRandomic + CumulativeIndividualEstimated_INR + -15.0
None
(1, 15, 1, 4, 1, 1)
caused INR: -22.941429418541812
Iteration number 12
TpsAltruisticFromLsfGain + IndividualEstimated_INR + -10.0
None
ls_gain_coeffs:
[-122.98104865 -134.26868992 -131.43698945 -133.99587114 -133.37073843
 -148.5891678  -146.35051416 -119.20734634 -125.13372375 -122.3749461
 -138.37143296 -150.73348434 -141.15564761 -143.01640533 -129.62369473]
inrs_hat:  [-11.99134861 -23.27898988 -20.4472894  -23.0061711  -22.38103838
 -37.59946775 -35.36081412  -8.2176463  -14.1440237  -11.38524606
 -27.38173291 -39.74378429 -30.16594757 -32.02670529 -18.63399468]
scheduled_ues:  [ 0  1  2  3  4  5  6  8  9 10 11 12 13 14]
(1, 15, 1, 4, 1, 1)
caused INR: -3.871600097887125
TpsAltruisticFromLsfGain + IndividualEstimated_INR + -12.5
None
ls_gain_coeffs:
[-122.98104865 -134.26868992 -131.43698945 -133.99587114 -133.37073843
 -148.5891678  -146.35051416 -119.20734634 -125.13372375 -122.3749461
 -138.37143296 -150.73348434 -141.15564761 -143.01640533 -129.62369473]
inrs_hat:  [-11.99134861 -23.27898988 -20.4472894  -23.0061711  -22.38103838
 -37.59946775 -35.36081412  -8.2176463  -14.1440237  -11.38524606
 -27.38173291 -39.74378429 -30.16594757 -32.02670529 -18.63399468]
scheduled_ues:  [ 1  2  3  4  5  6  8 10 11 12 13 14]
(1, 15, 1, 4, 1, 1)
caused INR: -7.250143831838783
TpsAltruisticFromLsfGain + IndividualEstimated_INR + -15.0
None
ls_gain_coeffs:
[-122.98104865 -134.26868992 -131.43698945 -133.99587114 -133.37073843
 -148.5891678  -146.35051416 -119.20734634 -125.13372375 -122.3749461
 -138.37143296 -150.73348434 -141.15564761 -143.01640533 -129.62369473]
inrs_hat:  [-11.99134861 -23.27898988 -20.4472894  -23.0061711  -22.38103838
 -37.59946775 -35.36081412  -8.2176463  -14.1440237  -11.38524606
 -27.38173291 -39.74378429 -30.16594757 -32.02670529 -18.63399468]
scheduled_ues:  [ 1  2  3  4  5  6 10 11 12 13 14]
(1, 15, 1, 4, 1, 1)
caused INR: -11.593322060445946
TpsAltruisticFromLsfGain + CumulativeIndividualEstimated_INR + -10.0
None
(1, 15, 1, 4, 1, 1)
caused INR: -7.250143831838783
TpsAltruisticFromLsfGain + CumulativeIndividualEstimated_INR + -12.5
None
(1, 15, 1, 4, 1, 1)
caused INR: -11.593322060445946
TpsAltruisticFromLsfGain + CumulativeIndividualEstimated_INR + -15.0
None
(1, 15, 1, 4, 1, 1)
caused INR: -16.761634124084843
TpsRandomic + IndividualEstimated_INR + -10.0
None
ls_gain_coeffs:
[-105.87217253 -117.93792011 -125.57863543 -133.99587114 -133.37073843
 -148.5891678  -133.64553581 -119.20734634 -124.99405082 -105.23484691
 -124.48314019 -134.45280705 -124.17172285 -126.02404618 -121.06725238]
inrs_hat:  [  5.11752751  -6.94822007 -14.58893539 -23.0061711  -22.38103838
 -37.59946775 -22.65583576  -8.2176463  -14.00435078   5.75485313
 -13.49344014 -23.46310701 -13.18202281 -15.03434614 -10.07755234]
scheduled_ues:  [ 2  3  4  5  6  8 10 11 12 13 14]
(1, 15, 1, 4, 1, 1)
caused INR: -8.56430118610086
TpsRandomic + IndividualEstimated_INR + -12.5
None
ls_gain_coeffs:
[-112.92156549 -127.80143968 -125.57863543 -117.45740323 -118.1085075
 -133.06892193 -129.6359603  -119.20734634 -124.99405082 -109.15472959
 -124.48314019 -137.2563537  -130.87266085 -143.01640533 -129.62369473]
inrs_hat:  [ -1.93186545 -16.81173964 -14.58893539  -6.46770318  -7.11880746
 -22.07922188 -18.64626025  -8.2176463  -14.00435078   1.83497045
 -13.49344014 -26.26665366 -19.8829608  -32.02670529 -18.63399468]
scheduled_ues:  [ 1  2  5  6  8 10 11 12 13 14]
(1, 15, 1, 4, 1, 1)
caused INR: -15.332384819468663
TpsRandomic + IndividualEstimated_INR + -15.0
None
ls_gain_coeffs:
[-105.87217253 -134.26868992 -131.43698945 -126.63648811 -118.1085075
 -148.5891678  -138.06798479 -100.64906307 -112.59900846 -105.23484691
 -134.03135465 -137.2563537  -129.91238486 -143.01640533 -115.40372367]
inrs_hat:  [  5.11752751 -23.27898988 -20.4472894  -15.64678806  -7.11880746
 -37.59946775 -27.07828474  10.34063697  -1.60930842   5.75485313
 -23.04165461 -26.26665366 -18.92268482 -32.02670529  -4.41402363]
scheduled_ues:  [ 1  2  3  5  6 10 11 12 13]
(1, 15, 1, 4, 1, 1)
caused INR: -12.644770994461666
TpsRandomic + CumulativeIndividualEstimated_INR + -10.0
None
(1, 15, 1, 4, 1, 1)
caused INR: -16.316817305837695
TpsRandomic + CumulativeIndividualEstimated_INR + -12.5
None
(1, 15, 1, 4, 1, 1)
caused INR: -13.833492044249587
TpsRandomic + CumulativeIndividualEstimated_INR + -15.0
None
(1, 15, 1, 4, 1, 1)
caused INR: -16.072137549710565
Iteration number 13
TpsAltruisticFromLsfGain + IndividualEstimated_INR + -10.0
None
ls_gain_coeffs:
[-113.45836172 -136.78805844 -133.08289437 -132.86968986 -127.50182454
 -141.09138092 -139.36693616 -123.84543162 -130.7532628  -114.5899707
 -129.73011252 -125.88681068 -148.67165481 -147.85647089 -147.8126731 ]
inrs_hat:  [ -2.46866168 -25.7983584  -22.09319432 -21.87998981 -16.51212449
 -30.10168088 -28.37723611 -12.85573158 -19.76356276  -3.60027066
 -18.74041248 -14.89711064 -37.68195477 -36.86677085 -36.82297306]
scheduled_ues:  [ 1  2  3  4  5  6  7  8 10 11 12 13 14]
(1, 15, 1, 4, 1, 1)
caused INR: -4.972428095722261
TpsAltruisticFromLsfGain + IndividualEstimated_INR + -12.5
None
ls_gain_coeffs:
[-113.45836172 -136.78805844 -133.08289437 -132.86968986 -127.50182454
 -141.09138092 -139.36693616 -123.84543162 -130.7532628  -114.5899707
 -129.73011252 -125.88681068 -148.67165481 -147.85647089 -147.8126731 ]
inrs_hat:  [ -2.46866168 -25.7983584  -22.09319432 -21.87998981 -16.51212449
 -30.10168088 -28.37723611 -12.85573158 -19.76356276  -3.60027066
 -18.74041248 -14.89711064 -37.68195477 -36.86677085 -36.82297306]
scheduled_ues:  [ 1  2  3  4  5  6  7  8 10 11 12 13 14]
(1, 15, 1, 4, 1, 1)
caused INR: -4.972428095722261
TpsAltruisticFromLsfGain + IndividualEstimated_INR + -15.0
None
ls_gain_coeffs:
[-113.45836172 -136.78805844 -133.08289437 -132.86968986 -127.50182454
 -141.09138092 -139.36693616 -123.84543162 -130.7532628  -114.5899707
 -129.73011252 -125.88681068 -148.67165481 -147.85647089 -147.8126731 ]
inrs_hat:  [ -2.46866168 -25.7983584  -22.09319432 -21.87998981 -16.51212449
 -30.10168088 -28.37723611 -12.85573158 -19.76356276  -3.60027066
 -18.74041248 -14.89711064 -37.68195477 -36.86677085 -36.82297306]
scheduled_ues:  [ 1  2  3  4  5  6  8 10 12 13 14]
(1, 15, 1, 4, 1, 1)
caused INR: -14.531792651995294
TpsAltruisticFromLsfGain + CumulativeIndividualEstimated_INR + -10.0
None
(1, 15, 1, 4, 1, 1)
caused INR: -7.659905099303732
TpsAltruisticFromLsfGain + CumulativeIndividualEstimated_INR + -12.5
None
(1, 15, 1, 4, 1, 1)
caused INR: -11.60283453268857
TpsAltruisticFromLsfGain + CumulativeIndividualEstimated_INR + -15.0
None
(1, 15, 1, 4, 1, 1)
caused INR: -14.448770245786434
TpsRandomic + IndividualEstimated_INR + -10.0
None
ls_gain_coeffs:
[-113.45836172 -136.78805844 -123.6143288  -119.11663799 -127.50182454
 -141.09138092 -129.4680773  -120.89171532 -118.40284291 -101.15299737
 -122.62860901 -112.56078523 -134.78065709 -131.80204213 -136.15075319]
inrs_hat:  [ -2.46866168 -25.7983584  -12.62462876  -8.12693794 -16.51212449
 -30.10168088 -18.47837726  -9.90201527  -7.41314287   9.83670267
 -11.63890896  -1.57108518 -23.79095705 -20.81234209 -25.16105315]
scheduled_ues:  [ 1  2  4  5  6 10 12 13 14]
(1, 15, 1, 4, 1, 1)
caused INR: -11.221430856933042
TpsRandomic + IndividualEstimated_INR + -12.5
None
ls_gain_coeffs:
[ -94.31470438 -136.78805844 -120.40846285 -128.93533425 -127.0979465
 -133.60941126 -127.86327846 -110.41925952 -130.7532628  -114.5899707
 -129.73011252 -125.88681068 -134.78065709 -142.18599116 -136.15075319]
inrs_hat:  [ 16.67499566 -25.7983584   -9.41876281 -17.9456342  -16.10824646
 -22.61971122 -16.87357841   0.57044052 -19.76356276  -3.60027066
 -18.74041248 -14.89711064 -23.79095705 -31.19629112 -25.16105315]
scheduled_ues:  [ 1  3  4  5  6  8 10 11 12 13 14]
(1, 15, 1, 4, 1, 1)
caused INR: -11.003019244724616
TpsRandomic + IndividualEstimated_INR + -15.0
None
ls_gain_coeffs:
[-100.8485149  -127.35603322 -120.40846285 -132.86968986 -127.50182454
 -124.37242613 -127.86327846 -109.43468742 -113.82831189 -114.5899707
 -122.62860901 -112.56078523 -144.32346165 -142.18599116 -131.17657324]
inrs_hat:  [ 10.14118514 -16.36633318  -9.41876281 -21.87998981 -16.51212449
 -13.38272608 -16.87357841   1.55501263  -2.83861185  -3.60027066
 -11.63890896  -1.57108518 -33.33376161 -31.19629112 -20.18687319]
scheduled_ues:  [ 1  3  4  6 12 13 14]
(1, 15, 1, 4, 1, 1)
caused INR: -12.097275537976985
TpsRandomic + CumulativeIndividualEstimated_INR + -10.0
None
(1, 15, 1, 4, 1, 1)
caused INR: -21.20432927489847
TpsRandomic + CumulativeIndividualEstimated_INR + -12.5
None
(1, 15, 1, 4, 1, 1)
caused INR: -34.35821658282097
TpsRandomic + CumulativeIndividualEstimated_INR + -15.0
None
(1, 15, 1, 4, 1, 1)
caused INR: -15.599497186432846
Iteration number 14
TpsAltruisticFromLsfGain + IndividualEstimated_INR + -10.0
None
ls_gain_coeffs:
[-138.71530852 -131.71778498 -145.98122486 -132.84533202 -140.74861453
 -150.98182848 -136.70482861 -131.73404008 -148.53738105 -148.36143076
 -142.62707777 -117.00278452 -139.71663452 -131.03316257 -145.46145299]
inrs_hat:  [-27.72560848 -20.72808493 -34.99152481 -21.85563198 -29.75891448
 -39.99212844 -25.71512856 -20.74434004 -37.54768101 -37.37173071
 -31.63737773  -6.01308448 -28.72693447 -20.04346253 -34.47175295]
scheduled_ues:  [ 0  1  2  3  4  5  6  7  8  9 10 12 13 14]
(1, 15, 1, 4, 1, 1)
caused INR: -9.828661430044399
TpsAltruisticFromLsfGain + IndividualEstimated_INR + -12.5
None
ls_gain_coeffs:
[-138.71530852 -131.71778498 -145.98122486 -132.84533202 -140.74861453
 -150.98182848 -136.70482861 -131.73404008 -148.53738105 -148.36143076
 -142.62707777 -117.00278452 -139.71663452 -131.03316257 -145.46145299]
inrs_hat:  [-27.72560848 -20.72808493 -34.99152481 -21.85563198 -29.75891448
 -39.99212844 -25.71512856 -20.74434004 -37.54768101 -37.37173071
 -31.63737773  -6.01308448 -28.72693447 -20.04346253 -34.47175295]
scheduled_ues:  [ 0  1  2  3  4  5  6  7  8  9 10 12 13 14]
(1, 15, 1, 4, 1, 1)
caused INR: -9.828661430044399
TpsAltruisticFromLsfGain + IndividualEstimated_INR + -15.0
None
ls_gain_coeffs:
[-138.71530852 -131.71778498 -145.98122486 -132.84533202 -140.74861453
 -150.98182848 -136.70482861 -131.73404008 -148.53738105 -148.36143076
 -142.62707777 -117.00278452 -139.71663452 -131.03316257 -145.46145299]
inrs_hat:  [-27.72560848 -20.72808493 -34.99152481 -21.85563198 -29.75891448
 -39.99212844 -25.71512856 -20.74434004 -37.54768101 -37.37173071
 -31.63737773  -6.01308448 -28.72693447 -20.04346253 -34.47175295]
scheduled_ues:  [ 0  1  2  3  4  5  6  7  8  9 10 12 13 14]
(1, 15, 1, 4, 1, 1)
caused INR: -9.828661430044399
TpsAltruisticFromLsfGain + CumulativeIndividualEstimated_INR + -10.0
None
(1, 15, 1, 4, 1, 1)
caused INR: -9.828661430044399
TpsAltruisticFromLsfGain + CumulativeIndividualEstimated_INR + -12.5
None
(1, 15, 1, 4, 1, 1)
caused INR: -9.828661430044399
TpsAltruisticFromLsfGain + CumulativeIndividualEstimated_INR + -15.0
None
(1, 15, 1, 4, 1, 1)
caused INR: -16.55861385735337
TpsRandomic + IndividualEstimated_INR + -10.0
None
ls_gain_coeffs:
[-132.64089583 -115.26792287 -136.53818859 -132.84533202 -123.99434864
 -143.85879972 -131.83785337 -118.4163825  -148.53738105 -132.09967985
 -128.85768216 -114.83412214 -122.60748095 -117.64014532 -136.73409181]
inrs_hat:  [-21.65119579  -4.27822283 -25.54848854 -21.85563198 -13.00464859
 -32.86909967 -20.84815333  -7.42668246 -37.54768101 -21.10997981
 -17.86798211  -3.8444221  -11.6177809   -6.65044528 -25.74439176]
scheduled_ues:  [ 0  2  3  4  5  6  8  9 10 12 14]
(1, 15, 1, 4, 1, 1)
caused INR: -14.424570661540141
TpsRandomic + IndividualEstimated_INR + -12.5
None
ls_gain_coeffs:
[-122.42327144 -118.4582779  -136.53818859 -132.84533202 -128.60488814
 -137.86029459 -131.83785337 -118.4163825  -132.08754372 -132.09967985
 -126.3239631  -103.1154096  -139.71663452 -123.63654485 -133.33165134]
inrs_hat:  [-11.43357139  -7.46857785 -25.54848854 -21.85563198 -17.6151881
 -26.87059455 -20.84815333  -7.42668246 -21.09784367 -21.10997981
 -15.33426305   7.87429044 -28.72693447 -12.6468448  -22.3419513 ]
scheduled_ues:  [ 2  3  4  5  6  8  9 10 12 13 14]
(1, 15, 1, 4, 1, 1)
caused INR: -33.83177230200271
TpsRandomic + IndividualEstimated_INR + -15.0
None
ls_gain_coeffs:
[-138.71530852 -131.71778498 -134.29526717 -132.84533202 -131.82540914
 -143.85879972 -136.70482861 -118.4163825  -141.43062127 -132.09967985
 -126.3239631  -103.83829706 -128.52509647 -114.41754509 -136.73409181]
inrs_hat:  [-27.72560848 -20.72808493 -23.30556712 -21.85563198 -20.83570909
 -32.86909967 -25.71512856  -7.42668246 -30.44092123 -21.10997981
 -15.33426305   7.15140298 -17.53539643  -3.42784504 -25.74439176]
scheduled_ues:  [ 0  1  2  3  4  5  6  8  9 10 12 14]
(1, 15, 1, 4, 1, 1)
caused INR: -15.160255275418377
TpsRandomic + CumulativeIndividualEstimated_INR + -10.0
None
(1, 15, 1, 4, 1, 1)
caused INR: -9.144676978828151
TpsRandomic + CumulativeIndividualEstimated_INR + -12.5
None
(1, 15, 1, 4, 1, 1)
caused INR: -12.37771034537115
TpsRandomic + CumulativeIndividualEstimated_INR + -15.0
None
(1, 15, 1, 4, 1, 1)
caused INR: -12.223066321056397
Iteration number 15
TpsAltruisticFromLsfGain + IndividualEstimated_INR + -10.0
None
ls_gain_coeffs:
[-123.30695595 -132.33954812 -128.0068149  -144.62901633 -135.30359953
 -139.12928368 -126.49034077 -146.39978469 -128.73887617 -126.85148188
 -153.43578017 -140.53945244 -117.54520795 -146.66756255 -150.17719586]
inrs_hat:  [-12.31725591 -21.34984808 -17.01711486 -33.63931629 -24.31389949
 -28.13958364 -15.50064073 -35.41008464 -17.74917612 -15.86178184
 -42.44608012 -29.54975239  -6.55550791 -35.6778625  -39.18749582]
scheduled_ues:  [ 0  1  2  3  4  5  6  7  8  9 10 11 13 14]
(1, 15, 1, 4, 1, 1)
caused INR: -7.42779329600592
TpsAltruisticFromLsfGain + IndividualEstimated_INR + -12.5
None
ls_gain_coeffs:
[-123.30695595 -132.33954812 -128.0068149  -144.62901633 -135.30359953
 -139.12928368 -126.49034077 -146.39978469 -128.73887617 -126.85148188
 -153.43578017 -140.53945244 -117.54520795 -146.66756255 -150.17719586]
inrs_hat:  [-12.31725591 -21.34984808 -17.01711486 -33.63931629 -24.31389949
 -28.13958364 -15.50064073 -35.41008464 -17.74917612 -15.86178184
 -42.44608012 -29.54975239  -6.55550791 -35.6778625  -39.18749582]
scheduled_ues:  [ 1  2  3  4  5  6  7  8  9 10 11 13 14]
(1, 15, 1, 4, 1, 1)
caused INR: -10.74828661344995
TpsAltruisticFromLsfGain + IndividualEstimated_INR + -15.0
None
ls_gain_coeffs:
[-123.30695595 -132.33954812 -128.0068149  -144.62901633 -135.30359953
 -139.12928368 -126.49034077 -146.39978469 -128.73887617 -126.85148188
 -153.43578017 -140.53945244 -117.54520795 -146.66756255 -150.17719586]
inrs_hat:  [-12.31725591 -21.34984808 -17.01711486 -33.63931629 -24.31389949
 -28.13958364 -15.50064073 -35.41008464 -17.74917612 -15.86178184
 -42.44608012 -29.54975239  -6.55550791 -35.6778625  -39.18749582]
scheduled_ues:  [ 1  2  3  4  5  6  7  8  9 10 11 13 14]
(1, 15, 1, 4, 1, 1)
caused INR: -10.74828661344995
TpsAltruisticFromLsfGain + CumulativeIndividualEstimated_INR + -10.0
None
(1, 15, 1, 4, 1, 1)
caused INR: -7.287925347055736
TpsAltruisticFromLsfGain + CumulativeIndividualEstimated_INR + -12.5
None
(1, 15, 1, 4, 1, 1)
caused INR: -7.229361567508937
TpsAltruisticFromLsfGain + CumulativeIndividualEstimated_INR + -15.0
None
(1, 15, 1, 4, 1, 1)
caused INR: -16.945409670617444
TpsRandomic + IndividualEstimated_INR + -10.0
None
ls_gain_coeffs:
[-113.48348657 -132.33954812 -115.38120018 -132.88078084 -127.42738019
 -125.29120319 -126.49034077 -136.89474006 -112.00194325 -114.09844429
 -140.1404592  -140.53945244 -102.47053605 -133.41959903 -141.69630411]
inrs_hat:  [ -2.49378653 -21.34984808  -4.39150014 -21.8910808  -16.43768015
 -14.30150315 -15.50064073 -25.90504002  -1.01224321  -3.10874424
 -29.15075916 -29.54975239   8.51916399 -22.42989898 -30.70660407]
scheduled_ues:  [ 1  3  4  5  6  7 10 11 13 14]
(1, 15, 1, 4, 1, 1)
caused INR: -15.635809021097707
TpsRandomic + IndividualEstimated_INR + -12.5
None
ls_gain_coeffs:
[-113.48348657 -132.33954812 -128.0068149  -132.88078084 -127.42738019
 -123.89472271 -113.25440877 -134.72087731 -115.28452186 -115.86750234
 -140.1404592  -123.99026364 -102.47053605 -139.45857103 -137.71411031]
inrs_hat:  [ -2.49378653 -21.34984808 -17.01711486 -21.8910808  -16.43768015
 -12.90502266  -2.26470873 -23.73117727  -4.29482182  -4.8778023
 -29.15075916 -13.0005636    8.51916399 -28.46887099 -26.72441026]
scheduled_ues:  [ 1  2  3  4  5  7 10 11 13 14]
(1, 15, 1, 4, 1, 1)
caused INR: -5.604796199920573
TpsRandomic + IndividualEstimated_INR + -15.0
None
ls_gain_coeffs:
[-111.1143738  -131.03343782 -115.19718547 -132.88078084 -127.42738019
 -134.93984222 -113.25440877 -129.58700869 -112.00194325 -115.86750234
 -137.19682221 -127.16070459 -103.787072   -130.21828503 -137.71411031]
inrs_hat:  [ -0.12467376 -20.04373778  -4.20748542 -21.8910808  -16.43768015
 -23.95014218  -2.26470873 -18.59730864  -1.01224321  -4.8778023
 -26.20712216 -16.17100454   7.20262804 -19.22858499 -26.72441026]
scheduled_ues:  [ 1  3  4  5  7 10 11 13 14]
(1, 15, 1, 4, 1, 1)
caused INR: -14.769235555552342
TpsRandomic + CumulativeIndividualEstimated_INR + -10.0
None
(1, 15, 1, 4, 1, 1)
caused INR: -11.169274814853072
TpsRandomic + CumulativeIndividualEstimated_INR + -12.5
None
(1, 15, 1, 4, 1, 1)
caused INR: -22.641041763022002
TpsRandomic + CumulativeIndividualEstimated_INR + -15.0
None
(1, 15, 1, 4, 1, 1)
caused INR: -13.336372727807962
Iteration number 16
TpsAltruisticFromLsfGain + IndividualEstimated_INR + -10.0
None
ls_gain_coeffs:
[-141.74976658 -133.9868646  -138.50056015 -139.1549733  -143.34499147
 -148.61383997 -129.2198998  -143.68855629 -134.00427576 -141.03058757
 -133.80816535 -131.56873673 -140.5210018  -139.08471153 -126.73148658]
inrs_hat:  [-30.76006654 -22.99716455 -27.5108601  -28.16527325 -32.35529143
 -37.62413993 -18.23019975 -32.69885624 -23.01457572 -30.04088753
 -22.8184653  -20.57903668 -29.53130176 -28.09501149 -15.74178653]
scheduled_ues:  [ 0  1  2  3  4  5  6  7  8  9 10 11 12 13 14]
(1, 15, 1, 4, 1, 1)
caused INR: -14.430889756694775
TpsAltruisticFromLsfGain + IndividualEstimated_INR + -12.5
None
ls_gain_coeffs:
[-141.74976658 -133.9868646  -138.50056015 -139.1549733  -143.34499147
 -148.61383997 -129.2198998  -143.68855629 -134.00427576 -141.03058757
 -133.80816535 -131.56873673 -140.5210018  -139.08471153 -126.73148658]
inrs_hat:  [-30.76006654 -22.99716455 -27.5108601  -28.16527325 -32.35529143
 -37.62413993 -18.23019975 -32.69885624 -23.01457572 -30.04088753
 -22.8184653  -20.57903668 -29.53130176 -28.09501149 -15.74178653]
scheduled_ues:  [ 0  1  2  3  4  5  6  7  8  9 10 11 12 13 14]
(1, 15, 1, 4, 1, 1)
caused INR: -14.430889756694775
TpsAltruisticFromLsfGain + IndividualEstimated_INR + -15.0
None
ls_gain_coeffs:
[-141.74976658 -133.9868646  -138.50056015 -139.1549733  -143.34499147
 -148.61383997 -129.2198998  -143.68855629 -134.00427576 -141.03058757
 -133.80816535 -131.56873673 -140.5210018  -139.08471153 -126.73148658]
inrs_hat:  [-30.76006654 -22.99716455 -27.5108601  -28.16527325 -32.35529143
 -37.62413993 -18.23019975 -32.69885624 -23.01457572 -30.04088753
 -22.8184653  -20.57903668 -29.53130176 -28.09501149 -15.74178653]
scheduled_ues:  [ 0  1  2  3  4  5  6  7  8  9 10 11 12 13 14]
(1, 15, 1, 4, 1, 1)
caused INR: -14.430889756694775
TpsAltruisticFromLsfGain + CumulativeIndividualEstimated_INR + -10.0
None
(1, 15, 1, 4, 1, 1)
caused INR: -14.430889756694775
TpsAltruisticFromLsfGain + CumulativeIndividualEstimated_INR + -12.5
None
(1, 15, 1, 4, 1, 1)
caused INR: -18.110878407029954
TpsAltruisticFromLsfGain + CumulativeIndividualEstimated_INR + -15.0
None
(1, 15, 1, 4, 1, 1)
caused INR: -16.517709585426093
TpsRandomic + IndividualEstimated_INR + -10.0
None
ls_gain_coeffs:
[-127.00108095 -119.66002882 -124.72729045 -132.77116188 -128.16392994
 -148.61383997 -116.35094759 -134.43482408 -134.00427576 -141.03058757
 -133.80816535 -130.34539912 -131.29490388 -139.08471153 -124.88005511]
inrs_hat:  [-16.01138091  -8.67032878 -13.73759041 -21.78146183 -17.1742299
 -37.62413993  -5.36124754 -23.44512404 -23.01457572 -30.04088753
 -22.8184653  -19.35569908 -20.30520384 -28.09501149 -13.89035506]
scheduled_ues:  [ 0  2  3  4  5  7  8  9 10 11 12 13 14]
(1, 15, 1, 4, 1, 1)
caused INR: -18.860965448540096
TpsRandomic + IndividualEstimated_INR + -12.5
None
ls_gain_coeffs:
[-141.74976658 -126.35788559 -122.40163257 -124.88347547 -139.23579917
 -132.30745683 -115.92359538 -131.9108651  -123.75933423 -124.83228948
 -133.80816535 -118.31157832 -140.5210018  -125.9401143  -113.67274275]
inrs_hat:  [-30.76006654 -15.36818555 -11.41193253 -13.89377542 -28.24609913
 -21.31775679  -4.93389534 -20.92116506 -12.76963419 -13.84258943
 -22.8184653   -7.32187828 -29.53130176 -14.95041426  -2.68304271]
scheduled_ues:  [ 0  1  3  4  5  7  8  9 10 12 13]
(1, 15, 1, 4, 1, 1)
caused INR: -8.246741792123743
TpsRandomic + IndividualEstimated_INR + -15.0
None
ls_gain_coeffs:
[-141.74976658 -116.7881572  -122.40163257 -139.1549733  -128.16392994
 -135.11851561 -129.2198998  -134.43482408 -123.07630881 -141.03058757
 -133.80816535 -118.71935752 -131.29490388 -139.08471153 -124.88005511]
inrs_hat:  [-30.76006654  -5.79845716 -11.41193253 -28.16527325 -17.1742299
 -24.12881556 -18.23019975 -23.44512404 -12.08660877 -30.04088753
 -22.8184653   -7.72965748 -20.30520384 -28.09501149 -13.89035506]
scheduled_ues:  [ 0  3  4  5  6  7  9 10 12 13]
(1, 15, 1, 4, 1, 1)
caused INR: -16.969243504569196
TpsRandomic + CumulativeIndividualEstimated_INR + -10.0
None
(1, 15, 1, 4, 1, 1)
caused INR: -13.104433930802312
TpsRandomic + CumulativeIndividualEstimated_INR + -12.5
None
(1, 15, 1, 4, 1, 1)
caused INR: -20.040503605524496
TpsRandomic + CumulativeIndividualEstimated_INR + -15.0
None
(1, 15, 1, 4, 1, 1)
caused INR: -30.35374842736486
Iteration number 17
TpsAltruisticFromLsfGain + IndividualEstimated_INR + -10.0
None
ls_gain_coeffs:
[-142.5780349  -130.6576018  -144.87047976 -140.83971801 -148.64205814
 -138.57934954 -129.58989768 -118.7034212  -122.005041   -131.31864545
 -143.55995902 -114.06704543 -151.73231071 -134.49299274 -136.04080354]
inrs_hat:  [-31.58833486 -19.66790175 -33.88077972 -29.85001797 -37.6523581
 -27.58964949 -18.60019763  -7.71372116 -11.01534095 -20.32894541
 -32.57025898  -3.07734539 -40.74261067 -23.5032927  -25.0511035 ]
scheduled_ues:  [ 0  1  2  3  4  5  6  8  9 10 12 13 14]
(1, 15, 1, 4, 1, 1)
caused INR: -7.214505116895148
TpsAltruisticFromLsfGain + IndividualEstimated_INR + -12.5
None
ls_gain_coeffs:
[-142.5780349  -130.6576018  -144.87047976 -140.83971801 -148.64205814
 -138.57934954 -129.58989768 -118.7034212  -122.005041   -131.31864545
 -143.55995902 -114.06704543 -151.73231071 -134.49299274 -136.04080354]
inrs_hat:  [-31.58833486 -19.66790175 -33.88077972 -29.85001797 -37.6523581
 -27.58964949 -18.60019763  -7.71372116 -11.01534095 -20.32894541
 -32.57025898  -3.07734539 -40.74261067 -23.5032927  -25.0511035 ]
scheduled_ues:  [ 0  1  2  3  4  5  6  9 10 12 13 14]
(1, 15, 1, 4, 1, 1)
caused INR: -15.21610248521787
TpsAltruisticFromLsfGain + IndividualEstimated_INR + -15.0
None
ls_gain_coeffs:
[-142.5780349  -130.6576018  -144.87047976 -140.83971801 -148.64205814
 -138.57934954 -129.58989768 -118.7034212  -122.005041   -131.31864545
 -143.55995902 -114.06704543 -151.73231071 -134.49299274 -136.04080354]
inrs_hat:  [-31.58833486 -19.66790175 -33.88077972 -29.85001797 -37.6523581
 -27.58964949 -18.60019763  -7.71372116 -11.01534095 -20.32894541
 -32.57025898  -3.07734539 -40.74261067 -23.5032927  -25.0511035 ]
scheduled_ues:  [ 0  1  2  3  4  5  6  9 10 12 13 14]
(1, 15, 1, 4, 1, 1)
caused INR: -15.21610248521787
TpsAltruisticFromLsfGain + CumulativeIndividualEstimated_INR + -10.0
None
(1, 15, 1, 4, 1, 1)
caused INR: -15.21610248521787
TpsAltruisticFromLsfGain + CumulativeIndividualEstimated_INR + -12.5
None
(1, 15, 1, 4, 1, 1)
caused INR: -15.21610248521787
TpsAltruisticFromLsfGain + CumulativeIndividualEstimated_INR + -15.0
None
(1, 15, 1, 4, 1, 1)
caused INR: -21.67474147080138
TpsRandomic + IndividualEstimated_INR + -10.0
None
ls_gain_coeffs:
[-142.5780349  -130.6576018  -144.87047976 -123.72226561 -135.40623092
 -125.75213855 -127.67926841 -105.68442718 -108.29661858 -119.71068192
 -143.55995902 -114.06704543 -151.73231071 -134.49299274 -136.04080354]
inrs_hat:  [-31.58833486 -19.66790175 -33.88077972 -12.73256557 -24.41653088
 -14.76243851 -16.68956837   5.30527286   2.69308147  -8.72098188
 -32.57025898  -3.07734539 -40.74261067 -23.5032927  -25.0511035 ]
scheduled_ues:  [ 0  1  2  3  4  5  6 10 12 13 14]
(1, 15, 1, 4, 1, 1)
caused INR: -13.232866765275848
TpsRandomic + IndividualEstimated_INR + -12.5
None
ls_gain_coeffs:
[-126.28982001 -113.89771148 -128.29054922 -123.72226561 -135.40623092
 -125.36652756 -116.51142125 -118.7034212  -108.29661858 -131.31864545
 -143.24418373 -114.06704543 -151.73231071 -128.36377707 -122.96183763]
inrs_hat:  [-15.30011997  -2.90801144 -17.30084918 -12.73256557 -24.41653088
 -14.37682752  -5.52172121  -7.71372116   2.69308147 -20.32894541
 -32.25448369  -3.07734539 -40.74261067 -17.37407702 -11.97213758]
scheduled_ues:  [ 0  2  3  4  5  9 10 12 13]
(1, 15, 1, 4, 1, 1)
caused INR: -30.8143466046986
TpsRandomic + IndividualEstimated_INR + -15.0
None
ls_gain_coeffs:
[-136.140994   -130.6576018  -131.7912358  -140.83971801 -148.64205814
 -137.42251658 -129.58989768 -116.97123914 -113.38850663 -119.71068192
 -143.55995902 -101.16546119 -138.55333136 -128.36377707 -135.08475467]
inrs_hat:  [-25.15129396 -19.66790175 -20.80153575 -29.85001797 -37.6523581
 -26.43281654 -18.60019763  -5.9815391   -2.39880659  -8.72098188
 -32.57025898   9.82423886 -27.56363132 -17.37407702 -24.09505462]
scheduled_ues:  [ 0  1  2  3  4  5  6 10 12 13 14]
(1, 15, 1, 4, 1, 1)
caused INR: -21.782407228486615
TpsRandomic + CumulativeIndividualEstimated_INR + -10.0
None
(1, 15, 1, 4, 1, 1)
caused INR: -7.3018820360118895
TpsRandomic + CumulativeIndividualEstimated_INR + -12.5
None
(1, 15, 1, 4, 1, 1)
caused INR: -14.145311797378813
TpsRandomic + CumulativeIndividualEstimated_INR + -15.0
None
(1, 15, 1, 4, 1, 1)
caused INR: -20.128550190982924
Iteration number 18
TpsAltruisticFromLsfGain + IndividualEstimated_INR + -10.0
None
ls_gain_coeffs:
[-137.08531071 -140.50892491 -131.81904045 -137.49533605 -127.60110764
 -136.61482315 -147.68855952 -111.07449047 -128.42530506 -135.43107441
 -123.21838592 -138.84408874 -149.95019028 -144.64030172 -140.95381444]
inrs_hat:  [-26.09561067 -29.51922487 -20.82934041 -26.50563601 -16.6114076
 -25.6251231  -36.69885947  -0.08479042 -17.43560502 -24.44137437
 -12.22868588 -27.8543887  -38.96049023 -33.65060168 -29.96411439]
scheduled_ues:  [ 0  1  2  3  4  5  6  8  9 10 11 12 13 14]
(1, 15, 1, 4, 1, 1)
caused INR: -8.578993065386722
TpsAltruisticFromLsfGain + IndividualEstimated_INR + -12.5
None
ls_gain_coeffs:
[-137.08531071 -140.50892491 -131.81904045 -137.49533605 -127.60110764
 -136.61482315 -147.68855952 -111.07449047 -128.42530506 -135.43107441
 -123.21838592 -138.84408874 -149.95019028 -144.64030172 -140.95381444]
inrs_hat:  [-26.09561067 -29.51922487 -20.82934041 -26.50563601 -16.6114076
 -25.6251231  -36.69885947  -0.08479042 -17.43560502 -24.44137437
 -12.22868588 -27.8543887  -38.96049023 -33.65060168 -29.96411439]
scheduled_ues:  [ 0  1  2  3  4  5  6  8  9 11 12 13 14]
(1, 15, 1, 4, 1, 1)
caused INR: -12.272340604315229
TpsAltruisticFromLsfGain + IndividualEstimated_INR + -15.0
None
ls_gain_coeffs:
[-137.08531071 -140.50892491 -131.81904045 -137.49533605 -127.60110764
 -136.61482315 -147.68855952 -111.07449047 -128.42530506 -135.43107441
 -123.21838592 -138.84408874 -149.95019028 -144.64030172 -140.95381444]
inrs_hat:  [-26.09561067 -29.51922487 -20.82934041 -26.50563601 -16.6114076
 -25.6251231  -36.69885947  -0.08479042 -17.43560502 -24.44137437
 -12.22868588 -27.8543887  -38.96049023 -33.65060168 -29.96411439]
scheduled_ues:  [ 0  1  2  3  4  5  6  8  9 11 12 13 14]
(1, 15, 1, 4, 1, 1)
caused INR: -12.272340604315229
TpsAltruisticFromLsfGain + CumulativeIndividualEstimated_INR + -10.0
None
(1, 15, 1, 4, 1, 1)
caused INR: -12.272340604315229
TpsAltruisticFromLsfGain + CumulativeIndividualEstimated_INR + -12.5
None
(1, 15, 1, 4, 1, 1)
caused INR: -16.55463130483928
TpsAltruisticFromLsfGain + CumulativeIndividualEstimated_INR + -15.0
None
(1, 15, 1, 4, 1, 1)
caused INR: -18.87129222979382
TpsRandomic + IndividualEstimated_INR + -10.0
None
ls_gain_coeffs:
[-137.08531071 -123.71591187 -131.81904045 -125.03906429 -110.84505738
 -119.90206863 -133.73250934  -92.94745863 -125.76155738 -123.01480439
 -119.49914459 -126.98100073 -141.01521026 -133.59973045 -132.81582102]
inrs_hat:  [-26.09561067 -12.72621183 -20.82934041 -14.04936425   0.14464266
  -8.91236859 -22.7428093   18.04224141 -14.77185733 -12.02510434
  -8.50944454 -15.99130069 -30.02551022 -22.6100304  -21.82612098]
scheduled_ues:  [ 0  1  2  3  6  8  9 11 12 13 14]
(1, 15, 1, 4, 1, 1)
caused INR: -6.57273635403449
TpsRandomic + IndividualEstimated_INR + -12.5
None
ls_gain_coeffs:
[-130.5821392  -132.59775695 -115.89393492 -125.02439253 -110.84505738
 -128.91554299 -133.73250934  -92.94745863 -125.76155738 -118.8237244
 -123.21838592 -128.94946092 -133.29690114 -144.64030172 -132.81582102]
inrs_hat:  [-19.59243915 -21.6080569   -4.90423488 -14.03469249   0.14464266
 -17.92584295 -22.7428093   18.04224141 -14.77185733  -7.83402435
 -12.22868588 -17.95976088 -22.30720109 -33.65060168 -21.82612098]
scheduled_ues:  [ 0  1  3  5  6  8 11 12 13 14]
(1, 15, 1, 4, 1, 1)
caused INR: -15.871025173761016
TpsRandomic + IndividualEstimated_INR + -15.0
None
ls_gain_coeffs:
[-137.08531071 -140.50892491 -126.59378216 -125.03906429 -114.6712562
 -128.91554299 -147.68855952 -111.07449047 -115.09578917 -135.43107441
 -108.2972917  -138.84408874 -149.95019028 -144.64030172 -127.98751467]
inrs_hat:  [-26.09561067 -29.51922487 -15.60408212 -14.04936425  -3.68155616
 -17.92584295 -36.69885947  -0.08479042  -4.10608912 -24.44137437
   2.69240834 -27.8543887  -38.96049023 -33.65060168 -16.99781463]
scheduled_ues:  [ 0  1  2  5  6  9 11 12 13 14]
(1, 15, 1, 4, 1, 1)
caused INR: -30.71495553625812
TpsRandomic + CumulativeIndividualEstimated_INR + -10.0
None
(1, 15, 1, 4, 1, 1)
caused INR: -7.248019627609964
TpsRandomic + CumulativeIndividualEstimated_INR + -12.5
None
(1, 15, 1, 4, 1, 1)
caused INR: -22.10345529875464
TpsRandomic + CumulativeIndividualEstimated_INR + -15.0
None
(1, 15, 1, 4, 1, 1)
caused INR: -20.448495111074195
Iteration number 19
TpsAltruisticFromLsfGain + IndividualEstimated_INR + -10.0
None
ls_gain_coeffs:
[-138.65584947 -130.23910774 -147.57058028 -136.21357694 -136.99589588
 -150.1520992  -142.82736649 -149.66561969 -131.7107901  -134.23288345
 -146.23072648 -147.40688614 -126.84413479 -132.80203781 -137.16384018]
inrs_hat:  [-27.66614943 -19.2494077  -36.58088023 -25.2238769  -26.00619584
 -39.16239916 -31.83766645 -38.67591965 -20.72109005 -23.24318341
 -35.24102644 -36.4171861  -15.85443474 -21.81233776 -26.17414013]
scheduled_ues:  [ 0  1  2  3  4  5  6  7  8  9 10 11 12 13 14]
(1, 15, 1, 4, 1, 1)
caused INR: -19.550650869343443
TpsAltruisticFromLsfGain + IndividualEstimated_INR + -12.5
None
ls_gain_coeffs:
[-138.65584947 -130.23910774 -147.57058028 -136.21357694 -136.99589588
 -150.1520992  -142.82736649 -149.66561969 -131.7107901  -134.23288345
 -146.23072648 -147.40688614 -126.84413479 -132.80203781 -137.16384018]
inrs_hat:  [-27.66614943 -19.2494077  -36.58088023 -25.2238769  -26.00619584
 -39.16239916 -31.83766645 -38.67591965 -20.72109005 -23.24318341
 -35.24102644 -36.4171861  -15.85443474 -21.81233776 -26.17414013]
scheduled_ues:  [ 0  1  2  3  4  5  6  7  8  9 10 11 12 13 14]
(1, 15, 1, 4, 1, 1)
caused INR: -19.550650869343443
TpsAltruisticFromLsfGain + IndividualEstimated_INR + -15.0
None
ls_gain_coeffs:
[-138.65584947 -130.23910774 -147.57058028 -136.21357694 -136.99589588
 -150.1520992  -142.82736649 -149.66561969 -131.7107901  -134.23288345
 -146.23072648 -147.40688614 -126.84413479 -132.80203781 -137.16384018]
inrs_hat:  [-27.66614943 -19.2494077  -36.58088023 -25.2238769  -26.00619584
 -39.16239916 -31.83766645 -38.67591965 -20.72109005 -23.24318341
 -35.24102644 -36.4171861  -15.85443474 -21.81233776 -26.17414013]
scheduled_ues:  [ 0  1  2  3  4  5  6  7  8  9 10 11 12 13 14]
(1, 15, 1, 4, 1, 1)
caused INR: -19.550650869343443
TpsAltruisticFromLsfGain + CumulativeIndividualEstimated_INR + -10.0
None
(1, 15, 1, 4, 1, 1)
caused INR: -19.550650869343443
TpsAltruisticFromLsfGain + CumulativeIndividualEstimated_INR + -12.5
None
(1, 15, 1, 4, 1, 1)
caused INR: -21.757470269946232
TpsAltruisticFromLsfGain + CumulativeIndividualEstimated_INR + -15.0
None
(1, 15, 1, 4, 1, 1)
caused INR: -28.692897738865135
TpsRandomic + IndividualEstimated_INR + -10.0
None
ls_gain_coeffs:
[-121.7377559  -117.6759859  -137.4801608  -136.21357694 -136.99589588
 -150.1520992  -128.72729968 -142.12296525 -114.33421313 -131.4908827
 -134.31223438 -133.25040444 -114.27578233 -125.9627645  -124.45118634]
inrs_hat:  [-10.74805586  -6.68628586 -26.49046076 -25.2238769  -26.00619584
 -39.16239916 -17.73759964 -31.1332652   -3.34451308 -20.50118265
 -23.32253433 -22.26070439  -3.28608229 -14.97306446 -13.46148629]
scheduled_ues:  [ 0  2  3  4  5  6  7  9 10 11 13 14]
(1, 15, 1, 4, 1, 1)
caused INR: -14.90803493441909
TpsRandomic + IndividualEstimated_INR + -12.5
None
ls_gain_coeffs:
[-126.56449646 -129.87454222 -130.7990083  -136.21357694 -136.99589588
 -137.64352469 -126.48572118 -133.18653495 -124.15884541 -120.8772832
 -146.23072648 -131.47041211 -114.27578233 -116.29730984 -124.45118634]
inrs_hat:  [-15.57479642 -18.88484217 -19.80930825 -25.2238769  -26.00619584
 -26.65382465 -15.49602114 -22.19683491 -13.16914536  -9.88758316
 -35.24102644 -20.48071207  -3.28608229  -5.30760979 -13.46148629]
scheduled_ues:  [ 0  1  2  3  4  5  6  7  8 10 11 14]
(1, 15, 1, 4, 1, 1)
caused INR: -4.625671066895329
TpsRandomic + IndividualEstimated_INR + -15.0
None
ls_gain_coeffs:
[-129.35261534 -117.55446406 -136.5594558  -124.51270157 -124.23996909
 -149.95117568 -142.82736649 -142.12296525 -124.15884541 -134.23288345
 -129.49344644 -131.47041211 -126.84413479 -116.29730984 -136.75725942]
inrs_hat:  [-18.3629153   -6.56476401 -25.56975575 -13.52300153 -13.25026904
 -38.96147563 -31.83766645 -31.1332652  -13.16914536 -23.24318341
 -18.5037464  -20.48071207 -15.85443474  -5.30760979 -25.76755938]
scheduled_ues:  [ 0  2  5  6  7  9 10 11 12 14]
(1, 15, 1, 4, 1, 1)
caused INR: -17.52743957386769
TpsRandomic + CumulativeIndividualEstimated_INR + -10.0
None
(1, 15, 1, 4, 1, 1)
caused INR: -15.481919684744582
TpsRandomic + CumulativeIndividualEstimated_INR + -12.5
None
(1, 15, 1, 4, 1, 1)
caused INR: -10.43248355895189
TpsRandomic + CumulativeIndividualEstimated_INR + -15.0
None
(1, 15, 1, 4, 1, 1)
caused INR: -21.852721726414998
Iteration number 20
TpsAltruisticFromLsfGain + IndividualEstimated_INR + -10.0
None
ls_gain_coeffs:
[-124.79742542 -134.33383454 -117.63999762 -149.46557555 -133.79243141
 -146.92791201 -152.19598808 -126.42631585 -136.68427581 -152.09770057
 -147.95756329 -134.2089856  -134.39808982 -137.54425979 -148.67829183]
inrs_hat:  [-13.80772537 -23.34413449  -6.65029758 -38.47587551 -22.80273137
 -35.93821196 -41.20628803 -15.4366158  -25.69457577 -41.10800053
 -36.96786324 -23.21928556 -23.40838978 -26.55455974 -37.68859179]
scheduled_ues:  [ 0  1  3  4  5  6  7  8  9 10 11 12 13 14]
(1, 15, 1, 4, 1, 1)
caused INR: -14.732199647296083
TpsAltruisticFromLsfGain + IndividualEstimated_INR + -12.5
None
ls_gain_coeffs:
[-124.79742542 -134.33383454 -117.63999762 -149.46557555 -133.79243141
 -146.92791201 -152.19598808 -126.42631585 -136.68427581 -152.09770057
 -147.95756329 -134.2089856  -134.39808982 -137.54425979 -148.67829183]
inrs_hat:  [-13.80772537 -23.34413449  -6.65029758 -38.47587551 -22.80273137
 -35.93821196 -41.20628803 -15.4366158  -25.69457577 -41.10800053
 -36.96786324 -23.21928556 -23.40838978 -26.55455974 -37.68859179]
scheduled_ues:  [ 0  1  3  4  5  6  7  8  9 10 11 12 13 14]
(1, 15, 1, 4, 1, 1)
caused INR: -14.732199647296083
TpsAltruisticFromLsfGain + IndividualEstimated_INR + -15.0
None
ls_gain_coeffs:
[-124.79742542 -134.33383454 -117.63999762 -149.46557555 -133.79243141
 -146.92791201 -152.19598808 -126.42631585 -136.68427581 -152.09770057
 -147.95756329 -134.2089856  -134.39808982 -137.54425979 -148.67829183]
inrs_hat:  [-13.80772537 -23.34413449  -6.65029758 -38.47587551 -22.80273137
 -35.93821196 -41.20628803 -15.4366158  -25.69457577 -41.10800053
 -36.96786324 -23.21928556 -23.40838978 -26.55455974 -37.68859179]
scheduled_ues:  [ 1  3  4  5  6  7  8  9 10 11 12 13 14]
(1, 15, 1, 4, 1, 1)
caused INR: -17.3054581536493
TpsAltruisticFromLsfGain + CumulativeIndividualEstimated_INR + -10.0
None
(1, 15, 1, 4, 1, 1)
caused INR: -14.732199647296083
TpsAltruisticFromLsfGain + CumulativeIndividualEstimated_INR + -12.5
None
(1, 15, 1, 4, 1, 1)
caused INR: -17.3054581536493
TpsAltruisticFromLsfGain + CumulativeIndividualEstimated_INR + -15.0
None
(1, 15, 1, 4, 1, 1)
caused INR: -31.639629758791273
TpsRandomic + IndividualEstimated_INR + -10.0
None
ls_gain_coeffs:
[-116.47190958 -120.87592342 -108.92599571 -133.3784132  -120.46123978
 -146.92791201 -145.62180199 -117.63550131 -123.57339973 -138.70473795
 -136.16588161 -134.2089856  -134.39808982 -137.54425979 -132.36233504]
inrs_hat:  [ -5.48220953  -9.88622338   2.06370434 -22.38871316  -9.47153974
 -35.93821196 -34.63210195  -6.64580127 -12.58369969 -27.71503791
 -25.17618157 -23.21928556 -23.40838978 -26.55455974 -21.372635  ]
scheduled_ues:  [ 3  5  6  8  9 10 11 12 13 14]
(1, 15, 1, 4, 1, 1)
caused INR: -16.80827813749702
TpsRandomic + IndividualEstimated_INR + -12.5
None
ls_gain_coeffs:
[-111.79093205 -134.33383454 -108.92599571 -149.46557555 -132.45804397
 -133.09066515 -135.92184808 -113.98898491 -119.96854933 -152.09770057
 -147.95756329 -134.2089856  -119.37651623 -130.40096536 -135.27687464]
inrs_hat:  [ -0.801232   -23.34413449   2.06370434 -38.47587551 -21.46834393
 -22.10096511 -24.93214804  -2.99928486  -8.97884929 -41.10800053
 -36.96786324 -23.21928556  -8.38681619 -19.41126532 -24.28717459]
scheduled_ues:  [ 1  3  4  5  6  9 10 11 13 14]
(1, 15, 1, 4, 1, 1)
caused INR: -16.544193840064114
TpsRandomic + IndividualEstimated_INR + -15.0
None
ls_gain_coeffs:
[-124.79742542 -117.85254764 -108.92599571 -143.53790773 -120.9060356
 -131.69501829 -138.66349418 -117.63550131 -119.96854933 -149.24361271
 -138.60240206 -129.31667491 -119.37651623 -130.40096536 -132.36233504]
inrs_hat:  [-13.80772537  -6.8628476    2.06370434 -32.54820768  -9.91633555
 -20.70531825 -27.67379414  -6.64580127  -8.97884929 -38.25391267
 -27.61270202 -18.32697487  -8.38681619 -19.41126532 -21.372635  ]
scheduled_ues:  [ 3  5  6  9 10 11 13 14]
(1, 15, 1, 4, 1, 1)
caused INR: -10.884258540958726
TpsRandomic + CumulativeIndividualEstimated_INR + -10.0
None
(1, 15, 1, 4, 1, 1)
caused INR: -21.391512353861273
TpsRandomic + CumulativeIndividualEstimated_INR + -12.5
None
(1, 15, 1, 4, 1, 1)
caused INR: -17.475650409583427
TpsRandomic + CumulativeIndividualEstimated_INR + -15.0
None
(1, 15, 1, 4, 1, 1)
caused INR: -16.010225348085118
Iteration number 21
TpsAltruisticFromLsfGain + IndividualEstimated_INR + -10.0
None
ls_gain_coeffs:
[-135.59580671 -132.86791671 -130.43875558 -135.44271728 -133.80739445
 -128.2122638  -136.66107819 -135.16397476 -132.98031942 -139.14600584
 -130.15797627 -125.71608272 -144.322235   -147.29073853 -135.9479078 ]
inrs_hat:  [-24.60610666 -21.87821666 -19.44905553 -24.45301724 -22.81769441
 -17.22256376 -25.67137814 -24.17427472 -21.99061937 -28.1563058
 -19.16827623 -14.72638268 -33.33253495 -36.30103849 -24.95820776]
scheduled_ues:  [ 0  1  2  3  4  5  6  7  8  9 10 11 12 13 14]
(1, 15, 1, 4, 1, 1)
caused INR: -9.74297695346885
TpsAltruisticFromLsfGain + IndividualEstimated_INR + -12.5
None
ls_gain_coeffs:
[-135.59580671 -132.86791671 -130.43875558 -135.44271728 -133.80739445
 -128.2122638  -136.66107819 -135.16397476 -132.98031942 -139.14600584
 -130.15797627 -125.71608272 -144.322235   -147.29073853 -135.9479078 ]
inrs_hat:  [-24.60610666 -21.87821666 -19.44905553 -24.45301724 -22.81769441
 -17.22256376 -25.67137814 -24.17427472 -21.99061937 -28.1563058
 -19.16827623 -14.72638268 -33.33253495 -36.30103849 -24.95820776]
scheduled_ues:  [ 0  1  2  3  4  5  6  7  8  9 10 11 12 13 14]
(1, 15, 1, 4, 1, 1)
caused INR: -9.74297695346885
TpsAltruisticFromLsfGain + IndividualEstimated_INR + -15.0
None
ls_gain_coeffs:
[-135.59580671 -132.86791671 -130.43875558 -135.44271728 -133.80739445
 -128.2122638  -136.66107819 -135.16397476 -132.98031942 -139.14600584
 -130.15797627 -125.71608272 -144.322235   -147.29073853 -135.9479078 ]
inrs_hat:  [-24.60610666 -21.87821666 -19.44905553 -24.45301724 -22.81769441
 -17.22256376 -25.67137814 -24.17427472 -21.99061937 -28.1563058
 -19.16827623 -14.72638268 -33.33253495 -36.30103849 -24.95820776]
scheduled_ues:  [ 0  1  2  3  4  5  6  7  8  9 10 12 13 14]
(1, 15, 1, 4, 1, 1)
caused INR: -16.34326446854741
TpsAltruisticFromLsfGain + CumulativeIndividualEstimated_INR + -10.0
None
(1, 15, 1, 4, 1, 1)
caused INR: -16.34326446854741
TpsAltruisticFromLsfGain + CumulativeIndividualEstimated_INR + -12.5
None
(1, 15, 1, 4, 1, 1)
caused INR: -18.634358082569623
TpsAltruisticFromLsfGain + CumulativeIndividualEstimated_INR + -15.0
None
(1, 15, 1, 4, 1, 1)
caused INR: -22.21898327875838
TpsRandomic + IndividualEstimated_INR + -10.0
None
ls_gain_coeffs:
[-129.60719838 -121.28185996 -113.56323408 -127.4270909  -133.80739445
 -119.22006162 -135.08353114 -131.48952809 -123.16489433 -129.78957095
 -121.3104036  -112.42010458 -132.57645775 -141.78916316 -122.07310229]
inrs_hat:  [-18.61749834 -10.29215991  -2.57353404 -16.43739085 -22.81769441
  -8.23036158 -24.09383109 -20.49982804 -12.17519429 -18.79987091
 -10.32070355  -1.43040454 -21.58675771 -30.79946312 -11.08340225]
scheduled_ues:  [ 0  1  3  4  6  7  8  9 10 12 13 14]
(1, 15, 1, 4, 1, 1)
caused INR: -0.4158428473744749
TpsRandomic + IndividualEstimated_INR + -12.5
None
ls_gain_coeffs:
[-121.59251226 -132.86791671 -130.43875558 -122.66934572 -126.79987701
 -128.2122638  -123.16778015 -135.16397476 -116.1204328  -122.04771588
 -130.15797627 -112.42010458 -135.14759545 -133.04670662 -131.64829127]
inrs_hat:  [-10.60281221 -21.87821666 -19.44905553 -11.67964568 -15.81017697
 -17.22256376 -12.17808011 -24.17427472  -5.13073276 -11.05801584
 -19.16827623  -1.43040454 -24.15789541 -22.05700658 -20.65859123]
scheduled_ues:  [ 1  2  4  5  7 10 12 13 14]
(1, 15, 1, 4, 1, 1)
caused INR: -13.089211049176193
TpsRandomic + IndividualEstimated_INR + -15.0
None
ls_gain_coeffs:
[-129.60719838 -116.06561233 -119.30642956 -127.4270909  -126.79987701
 -111.31213483 -123.69362917 -120.27274364 -116.1204328  -129.78957095
 -112.49708048 -125.71608272 -144.322235   -131.19713489 -120.63989678]
inrs_hat:  [-18.61749834  -5.07591229  -8.31672952 -16.43739085 -15.81017697
  -0.32243479 -12.70392913  -9.2830436   -5.13073276 -18.79987091
  -1.50738044 -14.72638268 -33.33253495 -20.20743485  -9.65019674]
scheduled_ues:  [ 0  3  4  9 12 13]
(1, 15, 1, 4, 1, 1)
caused INR: -10.791207504413912
TpsRandomic + CumulativeIndividualEstimated_INR + -10.0
None
(1, 15, 1, 4, 1, 1)
caused INR: -7.225024053645229
TpsRandomic + CumulativeIndividualEstimated_INR + -12.5
None
(1, 15, 1, 4, 1, 1)
caused INR: -20.503619418059877
TpsRandomic + CumulativeIndividualEstimated_INR + -15.0
None
(1, 15, 1, 4, 1, 1)
caused INR: -20.4295603309356
Iteration number 22
TpsAltruisticFromLsfGain + IndividualEstimated_INR + -10.0
None
ls_gain_coeffs:
[-145.64617765 -146.5246046  -140.44550722 -147.10448347 -135.28123343
 -137.44197645 -138.90765312 -143.51132623 -145.76427613 -136.00710781
 -148.4516144  -142.45821371 -132.59390608 -149.352177   -150.88426673]
inrs_hat:  [-34.6564776  -35.53490456 -29.45580718 -36.11478343 -24.29153338
 -26.4522764  -27.91795308 -32.52162619 -34.77457608 -25.01740777
 -37.46191436 -31.46851367 -21.60420604 -38.36247695 -39.89456668]
scheduled_ues:  [ 0  1  2  3  4  5  6  7  8  9 10 11 12 13 14]
(1, 15, 1, 4, 1, 1)
caused INR: -21.672837848635723
TpsAltruisticFromLsfGain + IndividualEstimated_INR + -12.5
None
ls_gain_coeffs:
[-145.64617765 -146.5246046  -140.44550722 -147.10448347 -135.28123343
 -137.44197645 -138.90765312 -143.51132623 -145.76427613 -136.00710781
 -148.4516144  -142.45821371 -132.59390608 -149.352177   -150.88426673]
inrs_hat:  [-34.6564776  -35.53490456 -29.45580718 -36.11478343 -24.29153338
 -26.4522764  -27.91795308 -32.52162619 -34.77457608 -25.01740777
 -37.46191436 -31.46851367 -21.60420604 -38.36247695 -39.89456668]
scheduled_ues:  [ 0  1  2  3  4  5  6  7  8  9 10 11 12 13 14]
(1, 15, 1, 4, 1, 1)
caused INR: -21.672837848635723
TpsAltruisticFromLsfGain + IndividualEstimated_INR + -15.0
None
ls_gain_coeffs:
[-145.64617765 -146.5246046  -140.44550722 -147.10448347 -135.28123343
 -137.44197645 -138.90765312 -143.51132623 -145.76427613 -136.00710781
 -148.4516144  -142.45821371 -132.59390608 -149.352177   -150.88426673]
inrs_hat:  [-34.6564776  -35.53490456 -29.45580718 -36.11478343 -24.29153338
 -26.4522764  -27.91795308 -32.52162619 -34.77457608 -25.01740777
 -37.46191436 -31.46851367 -21.60420604 -38.36247695 -39.89456668]
scheduled_ues:  [ 0  1  2  3  4  5  6  7  8  9 10 11 12 13 14]
(1, 15, 1, 4, 1, 1)
caused INR: -21.672837848635723
TpsAltruisticFromLsfGain + CumulativeIndividualEstimated_INR + -10.0
None
(1, 15, 1, 4, 1, 1)
caused INR: -21.672837848635723
TpsAltruisticFromLsfGain + CumulativeIndividualEstimated_INR + -12.5
None
(1, 15, 1, 4, 1, 1)
caused INR: -21.672837848635723
TpsAltruisticFromLsfGain + CumulativeIndividualEstimated_INR + -15.0
None
(1, 15, 1, 4, 1, 1)
caused INR: -21.672837848635723
TpsRandomic + IndividualEstimated_INR + -10.0
None
ls_gain_coeffs:
[-132.51210876 -138.06635998 -128.77909653 -130.31179526 -121.29077369
 -120.71991209 -126.89402201 -127.0003364  -145.76427613 -119.20106993
 -148.4516144  -141.92960094 -132.59390608 -142.99076428 -150.88426673]
inrs_hat:  [-21.52240872 -27.07665993 -17.78939648 -19.32209522 -10.30107365
  -9.73021205 -15.90432197 -16.01063636 -34.77457608  -8.21136989
 -37.46191436 -30.9399009  -21.60420604 -32.00106423 -39.89456668]
scheduled_ues:  [ 0  1  2  3  4  6  7  8 10 11 12 13 14]
(1, 15, 1, 4, 1, 1)
caused INR: -7.020356006480679
TpsRandomic + IndividualEstimated_INR + -12.5
None
ls_gain_coeffs:
[-145.64617765 -129.86081651 -128.77909653 -147.10448347 -135.28123343
 -120.71991209 -126.89402201 -127.0003364  -134.08448454 -119.20106993
 -132.33263277 -129.84040946 -118.44336947 -149.352177   -150.88426673]
inrs_hat:  [-34.6564776  -18.87111647 -17.78939648 -36.11478343 -24.29153338
  -9.73021205 -15.90432197 -16.01063636 -23.0947845   -8.21136989
 -21.34293273 -18.85070941  -7.45366943 -38.36247695 -39.89456668]
scheduled_ues:  [ 0  1  2  3  4  6  7  8 10 11 13 14]
(1, 15, 1, 4, 1, 1)
caused INR: -10.702677467711458
TpsRandomic + IndividualEstimated_INR + -15.0
None
ls_gain_coeffs:
[-138.40475997 -138.06635998 -128.77909653 -136.56347334 -132.95794382
 -137.44197645 -138.90765312 -135.96270618 -145.76427613 -126.4030563
 -132.33263277 -129.84040946 -127.46709626 -142.99076428 -139.16271116]
inrs_hat:  [-27.41505993 -27.07665993 -17.78939648 -25.57377329 -21.96824378
 -26.4522764  -27.91795308 -24.97300614 -34.77457608 -15.41335626
 -21.34293273 -18.85070941 -16.47739621 -32.00106423 -28.17301111]
scheduled_ues:  [ 0  1  2  3  4  5  6  7  8  9 10 11 12 13 14]
(1, 15, 1, 4, 1, 1)
caused INR: -7.696914989978437
TpsRandomic + CumulativeIndividualEstimated_INR + -10.0
None
(1, 15, 1, 4, 1, 1)
caused INR: -15.650532273678113
TpsRandomic + CumulativeIndividualEstimated_INR + -12.5
None
(1, 15, 1, 4, 1, 1)
caused INR: -11.496694623272298
TpsRandomic + CumulativeIndividualEstimated_INR + -15.0
None
(1, 15, 1, 4, 1, 1)
caused INR: -9.384185196549904
Iteration number 23
TpsAltruisticFromLsfGain + IndividualEstimated_INR + -10.0
None
ls_gain_coeffs:
[-125.56688904 -145.20605917 -141.46577601 -138.10331838 -137.76039082
 -154.20894704 -130.94532184 -122.73932338 -142.14132194 -126.63371315
 -129.16651389 -148.80910743 -144.8949673  -133.97706323 -133.80133141]
inrs_hat:  [-14.577189   -34.21635913 -30.47607597 -27.11361833 -26.77069077
 -43.219247   -19.9556218  -11.74962334 -31.15162189 -15.64401311
 -18.17681384 -37.81940739 -33.90526725 -22.98736319 -22.81163137]
scheduled_ues:  [ 0  1  2  3  4  5  6  7  8  9 10 11 12 13 14]
(1, 15, 1, 4, 1, 1)
caused INR: -21.832288456089582
TpsAltruisticFromLsfGain + IndividualEstimated_INR + -12.5
None
ls_gain_coeffs:
[-125.56688904 -145.20605917 -141.46577601 -138.10331838 -137.76039082
 -154.20894704 -130.94532184 -122.73932338 -142.14132194 -126.63371315
 -129.16651389 -148.80910743 -144.8949673  -133.97706323 -133.80133141]
inrs_hat:  [-14.577189   -34.21635913 -30.47607597 -27.11361833 -26.77069077
 -43.219247   -19.9556218  -11.74962334 -31.15162189 -15.64401311
 -18.17681384 -37.81940739 -33.90526725 -22.98736319 -22.81163137]
scheduled_ues:  [ 0  1  2  3  4  5  6  8  9 10 11 12 13 14]
(1, 15, 1, 4, 1, 1)
caused INR: -19.144285927737968
TpsAltruisticFromLsfGain + IndividualEstimated_INR + -15.0
None
ls_gain_coeffs:
[-125.56688904 -145.20605917 -141.46577601 -138.10331838 -137.76039082
 -154.20894704 -130.94532184 -122.73932338 -142.14132194 -126.63371315
 -129.16651389 -148.80910743 -144.8949673  -133.97706323 -133.80133141]
inrs_hat:  [-14.577189   -34.21635913 -30.47607597 -27.11361833 -26.77069077
 -43.219247   -19.9556218  -11.74962334 -31.15162189 -15.64401311
 -18.17681384 -37.81940739 -33.90526725 -22.98736319 -22.81163137]
scheduled_ues:  [ 1  2  3  4  5  6  8  9 10 11 12 13 14]
(1, 15, 1, 4, 1, 1)
caused INR: -19.037277102166858
TpsAltruisticFromLsfGain + CumulativeIndividualEstimated_INR + -10.0
None
(1, 15, 1, 4, 1, 1)
caused INR: -19.037277102166858
TpsAltruisticFromLsfGain + CumulativeIndividualEstimated_INR + -12.5
None
(1, 15, 1, 4, 1, 1)
caused INR: -17.266931593119594
TpsAltruisticFromLsfGain + CumulativeIndividualEstimated_INR + -15.0
None
(1, 15, 1, 4, 1, 1)
caused INR: -16.48865443851377
TpsRandomic + IndividualEstimated_INR + -10.0
None
ls_gain_coeffs:
[-125.56688904 -132.59873461 -128.13669558 -121.01126675 -132.49710942
 -140.11671612 -117.33928135 -122.73932338 -142.14132194 -126.63371315
 -116.23429819 -138.96362207 -144.76107073 -133.97706323 -129.71322073]
inrs_hat:  [-14.577189   -21.60903456 -17.14699554 -10.02156671 -21.50740937
 -29.12701607  -6.34958131 -11.74962334 -31.15162189 -15.64401311
  -5.24459814 -27.97392203 -33.77137069 -22.98736319 -18.72352068]
scheduled_ues:  [ 0  1  2  3  4  5  7  8  9 11 12 13 14]
(1, 15, 1, 4, 1, 1)
caused INR: -16.40394018144297
TpsRandomic + IndividualEstimated_INR + -12.5
None
ls_gain_coeffs:
[-110.58028553 -144.70888547 -141.46577601 -138.10331838 -123.58138313
 -138.46608519 -130.94532184 -122.73932338 -142.14132194 -126.63371315
 -120.83592332 -132.07121474 -132.40873511 -133.97706323 -118.63432429]
inrs_hat:  [  0.40941451 -33.71918543 -30.47607597 -27.11361833 -12.59168308
 -27.47638515 -19.9556218  -11.74962334 -31.15162189 -15.64401311
  -9.84622328 -21.08151469 -21.41903506 -22.98736319  -7.64462425]
scheduled_ues:  [ 1  2  3  4  5  6  8  9 11 12 13]
(1, 15, 1, 4, 1, 1)
caused INR: -19.003133808238314
TpsRandomic + IndividualEstimated_INR + -15.0
None
ls_gain_coeffs:
[-125.56688904 -145.20605917 -141.46577601 -126.85429873 -123.58138313
 -138.46608519 -116.17484086 -107.98350771 -142.14132194 -113.99021345
 -129.16651389 -137.6204074  -132.36410292 -120.02870629 -118.63432429]
inrs_hat:  [-14.577189   -34.21635913 -30.47607597 -15.86459869 -12.59168308
 -27.47638515  -5.18514082   3.00619233 -31.15162189  -3.00051341
 -18.17681384 -26.63070735 -21.37440287  -9.03900625  -7.64462425]
scheduled_ues:  [ 1  2  3  5  8 10 11 12]
(1, 15, 1, 4, 1, 1)
caused INR: -13.26252220878418
TpsRandomic + CumulativeIndividualEstimated_INR + -10.0
None
(1, 15, 1, 4, 1, 1)
caused INR: -36.84987011823597
TpsRandomic + CumulativeIndividualEstimated_INR + -12.5
None
(1, 15, 1, 4, 1, 1)
caused INR: -10.922538874647474
TpsRandomic + CumulativeIndividualEstimated_INR + -15.0
None
(1, 15, 1, 4, 1, 1)
caused INR: -19.32386464267786
Iteration number 24
TpsAltruisticFromLsfGain + IndividualEstimated_INR + -10.0
None
ls_gain_coeffs:
[-144.76722184 -147.90664237 -144.36175877 -126.212237   -123.69422792
 -126.52458466 -148.16043088 -132.60166122 -124.74482666 -140.85507043
 -147.47600069 -129.07071749 -132.32082603 -139.66463154 -150.1037761 ]
inrs_hat:  [-33.7775218  -36.91694233 -33.37205872 -15.22253695 -12.70452788
 -15.53488462 -37.17073083 -21.61196118 -13.75512662 -29.86537039
 -36.48630065 -18.08101745 -21.33112599 -28.6749315  -39.11407605]
scheduled_ues:  [ 0  1  2  3  4  5  6  7  8  9 10 11 12 13 14]
(1, 15, 1, 4, 1, 1)
caused INR: -2.714120584053308
TpsAltruisticFromLsfGain + IndividualEstimated_INR + -12.5
None
ls_gain_coeffs:
[-144.76722184 -147.90664237 -144.36175877 -126.212237   -123.69422792
 -126.52458466 -148.16043088 -132.60166122 -124.74482666 -140.85507043
 -147.47600069 -129.07071749 -132.32082603 -139.66463154 -150.1037761 ]
inrs_hat:  [-33.7775218  -36.91694233 -33.37205872 -15.22253695 -12.70452788
 -15.53488462 -37.17073083 -21.61196118 -13.75512662 -29.86537039
 -36.48630065 -18.08101745 -21.33112599 -28.6749315  -39.11407605]
scheduled_ues:  [ 0  1  2  3  4  5  6  7  8  9 10 11 12 13 14]
(1, 15, 1, 4, 1, 1)
caused INR: -2.714120584053308
TpsAltruisticFromLsfGain + IndividualEstimated_INR + -15.0
None
ls_gain_coeffs:
[-144.76722184 -147.90664237 -144.36175877 -126.212237   -123.69422792
 -126.52458466 -148.16043088 -132.60166122 -124.74482666 -140.85507043
 -147.47600069 -129.07071749 -132.32082603 -139.66463154 -150.1037761 ]
inrs_hat:  [-33.7775218  -36.91694233 -33.37205872 -15.22253695 -12.70452788
 -15.53488462 -37.17073083 -21.61196118 -13.75512662 -29.86537039
 -36.48630065 -18.08101745 -21.33112599 -28.6749315  -39.11407605]
scheduled_ues:  [ 0  1  2  3  5  6  7  9 10 11 12 13 14]
(1, 15, 1, 4, 1, 1)
caused INR: -7.817406951552277
TpsAltruisticFromLsfGain + CumulativeIndividualEstimated_INR + -10.0
None
(1, 15, 1, 4, 1, 1)
caused INR: -7.817406951552277
TpsAltruisticFromLsfGain + CumulativeIndividualEstimated_INR + -12.5
None
(1, 15, 1, 4, 1, 1)
caused INR: -18.788271187852807
TpsAltruisticFromLsfGain + CumulativeIndividualEstimated_INR + -15.0
None
(1, 15, 1, 4, 1, 1)
caused INR: -18.976147228374384
TpsRandomic + IndividualEstimated_INR + -10.0
None
ls_gain_coeffs:
[-130.94871235 -147.90664237 -134.09514659 -111.37255842 -110.36949309
 -121.9951159  -135.68251243 -115.46651366 -110.50843267 -140.85507043
 -130.78042124 -128.15132707 -125.92425359 -139.66463154 -136.85567151]
inrs_hat:  [-19.95901231 -36.91694233 -23.10544654  -0.38285837   0.62020695
 -11.00541586 -24.69281239  -4.47681362   0.48126738 -29.86537039
 -19.79072119 -17.16162702 -14.93455355 -28.6749315  -25.86597147]
scheduled_ues:  [ 0  1  2  5  6  9 10 11 12 13 14]
(1, 15, 1, 4, 1, 1)
caused INR: -6.260909047814618
TpsRandomic + IndividualEstimated_INR + -12.5
None
ls_gain_coeffs:
[-130.94871235 -147.90664237 -127.48752282 -122.61511913 -123.69422792
 -126.52458466 -148.10595321 -123.26444027 -108.71363867 -127.04369656
 -147.47600069 -116.32265401 -132.32082603 -122.3640126  -148.89401922]
inrs_hat:  [-19.95901231 -36.91694233 -16.49782278 -11.62541908 -12.70452788
 -15.53488462 -37.11625316 -12.27474023   2.27606137 -16.05399651
 -36.48630065  -5.33295397 -21.33112599 -11.37431256 -37.90431918]
scheduled_ues:  [ 0  1  2  4  5  6  9 10 12 14]
(1, 15, 1, 4, 1, 1)
caused INR: -5.556016783358929
TpsRandomic + IndividualEstimated_INR + -15.0
None
ls_gain_coeffs:
[-128.31633836 -134.11957539 -134.09514659 -111.37255842 -110.36949309
 -121.9951159  -148.10595321 -132.60166122 -108.71363867 -138.80040962
 -135.0495844  -129.07071749 -117.78149901 -139.66463154 -148.89401922]
inrs_hat:  [-17.32663832 -23.12987535 -23.10544654  -0.38285837   0.62020695
 -11.00541586 -37.11625316 -21.61196118   2.27606137 -27.81070957
 -24.05988436 -18.08101745  -6.79179896 -28.6749315  -37.90431918]
scheduled_ues:  [ 0  1  2  6  7  9 10 11 13 14]
(1, 15, 1, 4, 1, 1)
caused INR: -14.718740910117202
TpsRandomic + CumulativeIndividualEstimated_INR + -10.0
None
(1, 15, 1, 4, 1, 1)
caused INR: -8.673411000351779
TpsRandomic + CumulativeIndividualEstimated_INR + -12.5
None
(1, 15, 1, 4, 1, 1)
caused INR: -17.784406517663072
TpsRandomic + CumulativeIndividualEstimated_INR + -15.0
None
(1, 15, 1, 4, 1, 1)
caused INR: -19.27263372758286
Iteration number 25
TpsAltruisticFromLsfGain + IndividualEstimated_INR + -10.0
None
ls_gain_coeffs:
[-130.97167479 -123.02520329 -146.9017259  -139.77550768 -138.31253683
 -150.16793469 -149.72580209 -140.86341517 -147.22990507 -129.60537862
 -137.91779492 -121.18263171 -146.36996826 -140.90993101 -121.31092195]
inrs_hat:  [-19.98197475 -12.03550324 -35.91202586 -28.78580764 -27.32283678
 -39.17823465 -38.73610204 -29.87371513 -36.24020503 -18.61567857
 -26.92809488 -10.19293167 -35.38026821 -29.92023097 -10.3212219 ]
scheduled_ues:  [ 0  1  2  3  4  5  6  7  8  9 10 11 12 13 14]
(1, 15, 1, 4, 1, 1)
caused INR: -7.332256612949926
TpsAltruisticFromLsfGain + IndividualEstimated_INR + -12.5
None
ls_gain_coeffs:
[-130.97167479 -123.02520329 -146.9017259  -139.77550768 -138.31253683
 -150.16793469 -149.72580209 -140.86341517 -147.22990507 -129.60537862
 -137.91779492 -121.18263171 -146.36996826 -140.90993101 -121.31092195]
inrs_hat:  [-19.98197475 -12.03550324 -35.91202586 -28.78580764 -27.32283678
 -39.17823465 -38.73610204 -29.87371513 -36.24020503 -18.61567857
 -26.92809488 -10.19293167 -35.38026821 -29.92023097 -10.3212219 ]
scheduled_ues:  [ 0  2  3  4  5  6  7  8  9 10 12 13]
(1, 15, 1, 4, 1, 1)
caused INR: -21.15156695463005
TpsAltruisticFromLsfGain + IndividualEstimated_INR + -15.0
None
ls_gain_coeffs:
[-130.97167479 -123.02520329 -146.9017259  -139.77550768 -138.31253683
 -150.16793469 -149.72580209 -140.86341517 -147.22990507 -129.60537862
 -137.91779492 -121.18263171 -146.36996826 -140.90993101 -121.31092195]
inrs_hat:  [-19.98197475 -12.03550324 -35.91202586 -28.78580764 -27.32283678
 -39.17823465 -38.73610204 -29.87371513 -36.24020503 -18.61567857
 -26.92809488 -10.19293167 -35.38026821 -29.92023097 -10.3212219 ]
scheduled_ues:  [ 0  2  3  4  5  6  7  8  9 10 12 13]
(1, 15, 1, 4, 1, 1)
caused INR: -21.15156695463005
TpsAltruisticFromLsfGain + CumulativeIndividualEstimated_INR + -10.0
None
(1, 15, 1, 4, 1, 1)
caused INR: -19.6800303394752
TpsAltruisticFromLsfGain + CumulativeIndividualEstimated_INR + -12.5
None
(1, 15, 1, 4, 1, 1)
caused INR: -21.15156695463005
TpsAltruisticFromLsfGain + CumulativeIndividualEstimated_INR + -15.0
None
(1, 15, 1, 4, 1, 1)
caused INR: -28.82141317119637
TpsRandomic + IndividualEstimated_INR + -10.0
None
ls_gain_coeffs:
[-130.97167479 -107.20818432 -134.16671946 -126.15424319 -138.31253683
 -149.21098072 -146.05407448 -132.66630036 -147.22990507 -111.37706623
 -123.83402093 -103.7876717  -146.36996826 -126.96301777 -104.25148488]
inrs_hat:  [-19.98197475   3.78151573 -23.17701942 -15.16454315 -27.32283678
 -38.22128068 -35.06437444 -21.67660032 -36.24020503  -0.38736619
 -12.84432089   7.20202834 -35.38026821 -15.97331773   6.73821517]
scheduled_ues:  [ 0  2  3  4  5  6  7  8 10 12 13]
(1, 15, 1, 4, 1, 1)
caused INR: -8.224725602328677
TpsRandomic + IndividualEstimated_INR + -12.5
None
ls_gain_coeffs:
[-130.97167479 -123.02520329 -130.39214678 -139.77550768 -126.80697195
 -137.40735003 -149.72580209 -132.66630036 -142.88099095 -116.61401043
 -121.6416538  -108.4755665  -136.25200612 -126.96301777 -121.31092195]
inrs_hat:  [-19.98197475 -12.03550324 -19.40244674 -28.78580764 -15.8172719
 -26.41764999 -38.73610204 -21.67660032 -31.89129091  -5.62431038
 -10.65195376   2.51413355 -25.26230608 -15.97331773 -10.3212219 ]
scheduled_ues:  [ 0  2  3  4  5  6  7  8 12 13]
(1, 15, 1, 4, 1, 1)
caused INR: -17.553790789930723
TpsRandomic + IndividualEstimated_INR + -15.0
None
ls_gain_coeffs:
[-130.97167479 -123.02520329 -134.16671946 -139.77550768 -127.78288451
 -137.08836538 -146.05407448 -132.66630036 -133.33866703 -111.37706623
 -137.91779492 -108.4755665  -129.64590651 -140.90993101 -113.09199382]
inrs_hat:  [-19.98197475 -12.03550324 -23.17701942 -28.78580764 -16.79318447
 -26.09866533 -35.06437444 -21.67660032 -22.34896699  -0.38736619
 -26.92809488   2.51413355 -18.65620647 -29.92023097  -2.10229378]
scheduled_ues:  [ 0  2  3  4  5  6  7  8 10 12 13]
(1, 15, 1, 4, 1, 1)
caused INR: -9.81376962667748
TpsRandomic + CumulativeIndividualEstimated_INR + -10.0
None
(1, 15, 1, 4, 1, 1)
caused INR: -30.163624117305282
TpsRandomic + CumulativeIndividualEstimated_INR + -12.5
None
(1, 15, 1, 4, 1, 1)
caused INR: -18.238190303467825
TpsRandomic + CumulativeIndividualEstimated_INR + -15.0
None
(1, 15, 1, 4, 1, 1)
caused INR: -16.93201360284505
Iteration number 26
TpsAltruisticFromLsfGain + IndividualEstimated_INR + -10.0
None
ls_gain_coeffs:
[-139.78727813 -143.0702293  -135.21798591 -143.76624568 -142.67385328
 -129.98914705 -102.90588041 -133.76315795 -140.4015073  -151.88964068
 -121.79005542 -120.30678336 -129.49342564 -149.35095224 -137.37845226]
inrs_hat:  [-28.79757809 -32.08052926 -24.22828586 -32.77654564 -31.68415324
 -18.99944701   8.08381964 -22.7734579  -29.41180726 -40.89994064
 -10.80035538  -9.31708331 -18.5037256  -38.36125219 -26.38875221]
scheduled_ues:  [ 0  1  2  3  4  5  7  8  9 10 12 13 14]
(1, 15, 1, 4, 1, 1)
caused INR: -6.551070456375667
TpsAltruisticFromLsfGain + IndividualEstimated_INR + -12.5
None
ls_gain_coeffs:
[-139.78727813 -143.0702293  -135.21798591 -143.76624568 -142.67385328
 -129.98914705 -102.90588041 -133.76315795 -140.4015073  -151.88964068
 -121.79005542 -120.30678336 -129.49342564 -149.35095224 -137.37845226]
inrs_hat:  [-28.79757809 -32.08052926 -24.22828586 -32.77654564 -31.68415324
 -18.99944701   8.08381964 -22.7734579  -29.41180726 -40.89994064
 -10.80035538  -9.31708331 -18.5037256  -38.36125219 -26.38875221]
scheduled_ues:  [ 0  1  2  3  4  5  7  8  9 12 13 14]
(1, 15, 1, 4, 1, 1)
caused INR: -10.233258716442817
TpsAltruisticFromLsfGain + IndividualEstimated_INR + -15.0
None
ls_gain_coeffs:
[-139.78727813 -143.0702293  -135.21798591 -143.76624568 -142.67385328
 -129.98914705 -102.90588041 -133.76315795 -140.4015073  -151.88964068
 -121.79005542 -120.30678336 -129.49342564 -149.35095224 -137.37845226]
inrs_hat:  [-28.79757809 -32.08052926 -24.22828586 -32.77654564 -31.68415324
 -18.99944701   8.08381964 -22.7734579  -29.41180726 -40.89994064
 -10.80035538  -9.31708331 -18.5037256  -38.36125219 -26.38875221]
scheduled_ues:  [ 0  1  2  3  4  5  7  8  9 12 13 14]
(1, 15, 1, 4, 1, 1)
caused INR: -10.233258716442817
TpsAltruisticFromLsfGain + CumulativeIndividualEstimated_INR + -10.0
None
(1, 15, 1, 4, 1, 1)
caused INR: -10.233258716442817
TpsAltruisticFromLsfGain + CumulativeIndividualEstimated_INR + -12.5
None
(1, 15, 1, 4, 1, 1)
caused INR: -10.233258716442817
TpsAltruisticFromLsfGain + CumulativeIndividualEstimated_INR + -15.0
None
(1, 15, 1, 4, 1, 1)
caused INR: -14.043666857728851
TpsRandomic + IndividualEstimated_INR + -10.0
None
ls_gain_coeffs:
[-123.22159782 -143.0702293  -135.21798591 -127.16527347 -126.28830689
 -111.59380761  -89.76366808 -119.74025989 -123.53547917 -151.88964068
 -106.65030525 -120.30678336 -129.49342564 -132.68587845 -130.86080667]
inrs_hat:  [-12.23189777 -32.08052926 -24.22828586 -16.17557343 -15.29860685
  -0.60410756  21.22603196  -8.75055985 -12.54577912 -40.89994064
   4.33939479  -9.31708331 -18.5037256  -21.6961784  -19.87110662]
scheduled_ues:  [ 0  1  2  3  4  8  9 12 13 14]
(1, 15, 1, 4, 1, 1)
caused INR: -6.59113216845014
TpsRandomic + IndividualEstimated_INR + -12.5
None
ls_gain_coeffs:
[-127.37765896 -143.0702293  -135.21798591 -127.16527347 -129.09568884
 -129.98914705 -100.80404344 -118.15896184 -123.53547917 -142.72507584
 -121.79005542 -120.30678336 -129.49342564 -149.35095224 -123.67120223]
inrs_hat:  [-16.38795891 -32.08052926 -24.22828586 -16.17557343 -18.1059888
 -18.99944701  10.18565661  -7.16926179 -12.54577912 -31.73537579
 -10.80035538  -9.31708331 -18.5037256  -38.36125219 -12.68150218]
scheduled_ues:  [ 0  1  2  3  4  5  8  9 12 13 14]
(1, 15, 1, 4, 1, 1)
caused INR: -7.333534397139509
TpsRandomic + IndividualEstimated_INR + -15.0
None
ls_gain_coeffs:
[-123.22159782 -130.98183401 -120.87509643 -131.21176225 -126.28830689
 -119.71886873 -102.90588041 -118.15896184 -131.73750122 -142.72507584
 -107.99938034 -101.71035282 -129.49342564 -149.35095224 -137.37845226]
inrs_hat:  [-12.23189777 -19.99213396  -9.88539639 -20.22206221 -15.29860685
  -8.72916869   8.08381964  -7.16926179 -20.74780117 -31.73537579
   2.99031971   9.27934722 -18.5037256  -38.36125219 -26.38875221]
scheduled_ues:  [ 1  3  4  8  9 12 13 14]
(1, 15, 1, 4, 1, 1)
caused INR: -5.4129824704512135
TpsRandomic + CumulativeIndividualEstimated_INR + -10.0
None
(1, 15, 1, 4, 1, 1)
caused INR: -9.692341099357005
TpsRandomic + CumulativeIndividualEstimated_INR + -12.5
None
(1, 15, 1, 4, 1, 1)
caused INR: -16.782923932534892
TpsRandomic + CumulativeIndividualEstimated_INR + -15.0
None
(1, 15, 1, 4, 1, 1)
caused INR: -21.554339762715124
Iteration number 27
TpsAltruisticFromLsfGain + IndividualEstimated_INR + -10.0
None
ls_gain_coeffs:
[-131.09767168 -143.04803743 -137.27870797 -133.49138943 -144.55130264
 -133.38494953 -148.4326531  -133.21030932 -146.71256895 -147.17416631
 -144.79019725 -134.91761289 -134.54208914 -146.66415265 -147.84177273]
inrs_hat:  [-20.10797164 -32.05833738 -26.28900793 -22.50168939 -33.5616026
 -22.39524948 -37.44295306 -22.22060928 -35.72286891 -36.18446626
 -33.80049721 -23.92791284 -23.5523891  -35.67445261 -36.85207268]
scheduled_ues:  [ 0  1  2  3  4  5  6  7  8  9 10 11 12 13 14]
(1, 15, 1, 4, 1, 1)
caused INR: -15.939401907240887
TpsAltruisticFromLsfGain + IndividualEstimated_INR + -12.5
None
ls_gain_coeffs:
[-131.09767168 -143.04803743 -137.27870797 -133.49138943 -144.55130264
 -133.38494953 -148.4326531  -133.21030932 -146.71256895 -147.17416631
 -144.79019725 -134.91761289 -134.54208914 -146.66415265 -147.84177273]
inrs_hat:  [-20.10797164 -32.05833738 -26.28900793 -22.50168939 -33.5616026
 -22.39524948 -37.44295306 -22.22060928 -35.72286891 -36.18446626
 -33.80049721 -23.92791284 -23.5523891  -35.67445261 -36.85207268]
scheduled_ues:  [ 0  1  2  3  4  5  6  7  8  9 10 11 12 13 14]
(1, 15, 1, 4, 1, 1)
caused INR: -15.939401907240887
TpsAltruisticFromLsfGain + IndividualEstimated_INR + -15.0
None
ls_gain_coeffs:
[-131.09767168 -143.04803743 -137.27870797 -133.49138943 -144.55130264
 -133.38494953 -148.4326531  -133.21030932 -146.71256895 -147.17416631
 -144.79019725 -134.91761289 -134.54208914 -146.66415265 -147.84177273]
inrs_hat:  [-20.10797164 -32.05833738 -26.28900793 -22.50168939 -33.5616026
 -22.39524948 -37.44295306 -22.22060928 -35.72286891 -36.18446626
 -33.80049721 -23.92791284 -23.5523891  -35.67445261 -36.85207268]
scheduled_ues:  [ 0  1  2  3  4  5  6  7  8  9 10 11 12 13 14]
(1, 15, 1, 4, 1, 1)
caused INR: -15.939401907240887
TpsAltruisticFromLsfGain + CumulativeIndividualEstimated_INR + -10.0
None
(1, 15, 1, 4, 1, 1)
caused INR: -15.939401907240887
TpsAltruisticFromLsfGain + CumulativeIndividualEstimated_INR + -12.5
None
(1, 15, 1, 4, 1, 1)
caused INR: -15.939401907240887
TpsAltruisticFromLsfGain + CumulativeIndividualEstimated_INR + -15.0
None
(1, 15, 1, 4, 1, 1)
caused INR: -17.72974337744856
TpsRandomic + IndividualEstimated_INR + -10.0
None
ls_gain_coeffs:
[-117.08098378 -126.2684797  -136.5881655  -133.49138943 -131.73172927
 -123.87304363 -134.83745832 -133.21030932 -145.2377211  -147.17416631
 -144.79019725 -118.18661028 -120.62076361 -132.79770482 -134.30203587]
inrs_hat:  [ -6.09128373 -15.27877966 -25.59846546 -22.50168939 -20.74202923
 -12.88334359 -23.84775828 -22.22060928 -34.24802106 -36.18446626
 -33.80049721  -7.19691024  -9.63106356 -21.80800477 -23.31233582]
scheduled_ues:  [ 1  2  3  4  5  6  7  8  9 10 13 14]
(1, 15, 1, 4, 1, 1)
caused INR: -2.269123272015033
TpsRandomic + IndividualEstimated_INR + -12.5
None
ls_gain_coeffs:
[-131.09767168 -130.66637179 -124.60692715 -133.49138943 -136.27410376
 -133.38494953 -134.83745832 -125.91207377 -133.28773705 -147.17416631
 -140.69252537 -118.18661028 -117.92580699 -146.66415265 -133.20389901]
inrs_hat:  [-20.10797164 -19.67667174 -13.61722711 -22.50168939 -25.28440372
 -22.39524948 -23.84775828 -14.92237373 -22.29803701 -36.18446626
 -29.70282533  -7.19691024  -6.93610695 -35.67445261 -22.21419896]
scheduled_ues:  [ 0  1  2  3  4  5  6  7  8  9 10 13 14]
(1, 15, 1, 4, 1, 1)
caused INR: -8.306184312094047
TpsRandomic + IndividualEstimated_INR + -15.0
None
ls_gain_coeffs:
[-131.09767168 -130.66637179 -124.37674633 -123.36329498 -127.78211651
 -133.38494953 -141.9574702  -116.28872108 -133.779353   -132.96032199
 -130.98270662 -118.18661028 -127.67245037 -146.66415265 -133.20389901]
inrs_hat:  [-20.10797164 -19.67667174 -13.38704628 -12.37359494 -16.79241647
 -22.39524948 -30.96777015  -5.29902104 -22.78965296 -21.97062194
 -19.99300658  -7.19691024 -16.68275033 -35.67445261 -22.21419896]
scheduled_ues:  [ 0  1  4  5  6  8  9 10 12 13 14]
(1, 15, 1, 4, 1, 1)
caused INR: -8.624232670702868
TpsRandomic + CumulativeIndividualEstimated_INR + -10.0
None
(1, 15, 1, 4, 1, 1)
caused INR: -10.906078649040584
TpsRandomic + CumulativeIndividualEstimated_INR + -12.5
None
(1, 15, 1, 4, 1, 1)
caused INR: -12.61771366100641
TpsRandomic + CumulativeIndividualEstimated_INR + -15.0
None
(1, 15, 1, 4, 1, 1)
caused INR: -20.020937403640392
Iteration number 28
TpsAltruisticFromLsfGain + IndividualEstimated_INR + -10.0
None
ls_gain_coeffs:
[-130.5372568  -127.61825592 -145.58589954 -136.44624299 -122.39450866
 -131.20256603 -111.7463041  -135.16707845 -129.49349114 -134.82292524
 -140.37189528 -133.47996383 -128.39291468 -135.32322671 -150.64911605]
inrs_hat:  [-19.54755675 -16.62855588 -34.59619949 -25.45654294 -11.40480861
 -20.21286599  -0.75660405 -24.17737841 -18.5037911  -23.8332252
 -29.38219523 -22.49026378 -17.40321464 -24.33352667 -39.65941601]
scheduled_ues:  [ 0  1  2  3  4  5  7  8  9 10 11 12 13 14]
(1, 15, 1, 4, 1, 1)
caused INR: -6.171072806105581
TpsAltruisticFromLsfGain + IndividualEstimated_INR + -12.5
None
ls_gain_coeffs:
[-130.5372568  -127.61825592 -145.58589954 -136.44624299 -122.39450866
 -131.20256603 -111.7463041  -135.16707845 -129.49349114 -134.82292524
 -140.37189528 -133.47996383 -128.39291468 -135.32322671 -150.64911605]
inrs_hat:  [-19.54755675 -16.62855588 -34.59619949 -25.45654294 -11.40480861
 -20.21286599  -0.75660405 -24.17737841 -18.5037911  -23.8332252
 -29.38219523 -22.49026378 -17.40321464 -24.33352667 -39.65941601]
scheduled_ues:  [ 0  1  2  3  5  7  8  9 10 11 12 13 14]
(1, 15, 1, 4, 1, 1)
caused INR: -7.767323168723887
TpsAltruisticFromLsfGain + IndividualEstimated_INR + -15.0
None
ls_gain_coeffs:
[-130.5372568  -127.61825592 -145.58589954 -136.44624299 -122.39450866
 -131.20256603 -111.7463041  -135.16707845 -129.49349114 -134.82292524
 -140.37189528 -133.47996383 -128.39291468 -135.32322671 -150.64911605]
inrs_hat:  [-19.54755675 -16.62855588 -34.59619949 -25.45654294 -11.40480861
 -20.21286599  -0.75660405 -24.17737841 -18.5037911  -23.8332252
 -29.38219523 -22.49026378 -17.40321464 -24.33352667 -39.65941601]
scheduled_ues:  [ 0  1  2  3  5  7  8  9 10 11 12 13 14]
(1, 15, 1, 4, 1, 1)
caused INR: -7.767323168723887
TpsAltruisticFromLsfGain + CumulativeIndividualEstimated_INR + -10.0
None
(1, 15, 1, 4, 1, 1)
caused INR: -7.767323168723887
TpsAltruisticFromLsfGain + CumulativeIndividualEstimated_INR + -12.5
None
(1, 15, 1, 4, 1, 1)
caused INR: -17.631417309341618
TpsAltruisticFromLsfGain + CumulativeIndividualEstimated_INR + -15.0
None
(1, 15, 1, 4, 1, 1)
caused INR: -20.982712022858955
TpsRandomic + IndividualEstimated_INR + -10.0
None
ls_gain_coeffs:
[-130.5372568  -115.01669986 -128.93424571 -129.30975853 -108.33180071
 -125.24360366 -111.7463041  -123.53007986 -112.54132683 -134.82292524
 -140.37189528 -125.98717582 -111.86820979 -135.32322671 -144.68454066]
inrs_hat:  [-19.54755675  -4.02699982 -17.94454566 -18.32005849   2.65789933
 -14.25390362  -0.75660405 -12.54037982  -1.55162679 -23.8332252
 -29.38219523 -14.99747578  -0.87850975 -24.33352667 -33.69484061]
scheduled_ues:  [ 0  2  3  5  7  9 10 11 13 14]
(1, 15, 1, 4, 1, 1)
caused INR: -26.199094197323262
TpsRandomic + IndividualEstimated_INR + -12.5
None
ls_gain_coeffs:
[-130.5372568  -115.01669986 -132.25183525 -129.30975853 -106.71069277
 -114.78832445  -97.01917214 -124.22714575 -118.71366696 -117.27953799
 -123.41225671 -133.47996383 -128.39291468 -121.29309782 -136.8946682 ]
inrs_hat:  [-19.54755675  -4.02699982 -21.26213521 -18.32005849   4.27900727
  -3.79862441  13.9705279  -13.2374457   -7.72396692  -6.28983795
 -12.42255667 -22.49026378 -17.40321464 -10.30339777 -25.90496816]
scheduled_ues:  [ 0  2  3  7 11 12 14]
(1, 15, 1, 4, 1, 1)
caused INR: -12.255972021325581
TpsRandomic + IndividualEstimated_INR + -15.0
None
ls_gain_coeffs:
[-129.88273055 -127.61825592 -138.05825616 -119.77883786 -122.39450866
 -114.78832445  -98.16193812 -124.22714575 -118.71366696 -125.0510631
 -123.41225671 -125.98717582 -121.59538011 -121.29309782 -150.64911605]
inrs_hat:  [-18.89303051 -16.62855588 -27.06855612  -8.78913781 -11.40480861
  -3.79862441  12.82776192 -13.2374457   -7.72396692 -14.06136306
 -12.42255667 -14.99747578 -10.60568007 -10.30339777 -39.65941601]
scheduled_ues:  [ 0  1  2 14]
(1, 15, 1, 4, 1, 1)
caused INR: -17.14057506653854
TpsRandomic + CumulativeIndividualEstimated_INR + -10.0
None
(1, 15, 1, 4, 1, 1)
caused INR: -12.621636380302713
TpsRandomic + CumulativeIndividualEstimated_INR + -12.5
None
(1, 15, 1, 4, 1, 1)
caused INR: -13.597478821599125
TpsRandomic + CumulativeIndividualEstimated_INR + -15.0
None
(1, 15, 1, 4, 1, 1)
caused INR: -17.98769463022479
Iteration number 29
TpsAltruisticFromLsfGain + IndividualEstimated_INR + -10.0
None
ls_gain_coeffs:
[-132.58792629 -147.51815237 -128.99178349 -134.06570681 -148.17771702
 -138.01827314 -137.43734676 -124.89520203 -147.56115893 -145.9767385
 -131.53072226 -140.67508842 -134.33519947 -141.01217616 -137.01028478]
inrs_hat:  [-21.59822625 -36.52845233 -18.00208345 -23.07600677 -37.18801697
 -27.0285731  -26.44764672 -13.90550198 -36.57145889 -34.98703846
 -20.54102222 -29.68538838 -23.34549943 -30.02247612 -26.02058474]
scheduled_ues:  [ 0  1  2  3  4  5  6  7  8  9 10 11 12 13 14]
(1, 15, 1, 4, 1, 1)
caused INR: -13.254069648296571
TpsAltruisticFromLsfGain + IndividualEstimated_INR + -12.5
None
ls_gain_coeffs:
[-132.58792629 -147.51815237 -128.99178349 -134.06570681 -148.17771702
 -138.01827314 -137.43734676 -124.89520203 -147.56115893 -145.9767385
 -131.53072226 -140.67508842 -134.33519947 -141.01217616 -137.01028478]
inrs_hat:  [-21.59822625 -36.52845233 -18.00208345 -23.07600677 -37.18801697
 -27.0285731  -26.44764672 -13.90550198 -36.57145889 -34.98703846
 -20.54102222 -29.68538838 -23.34549943 -30.02247612 -26.02058474]
scheduled_ues:  [ 0  1  2  3  4  5  6  7  8  9 10 11 12 13 14]
(1, 15, 1, 4, 1, 1)
caused INR: -13.254069648296571
TpsAltruisticFromLsfGain + IndividualEstimated_INR + -15.0
None
ls_gain_coeffs:
[-132.58792629 -147.51815237 -128.99178349 -134.06570681 -148.17771702
 -138.01827314 -137.43734676 -124.89520203 -147.56115893 -145.9767385
 -131.53072226 -140.67508842 -134.33519947 -141.01217616 -137.01028478]
inrs_hat:  [-21.59822625 -36.52845233 -18.00208345 -23.07600677 -37.18801697
 -27.0285731  -26.44764672 -13.90550198 -36.57145889 -34.98703846
 -20.54102222 -29.68538838 -23.34549943 -30.02247612 -26.02058474]
scheduled_ues:  [ 0  1  2  3  4  5  6  8  9 10 11 12 13 14]
(1, 15, 1, 4, 1, 1)
caused INR: -13.289863516574172
TpsAltruisticFromLsfGain + CumulativeIndividualEstimated_INR + -10.0
None
(1, 15, 1, 4, 1, 1)
caused INR: -13.254069648296571
TpsAltruisticFromLsfGain + CumulativeIndividualEstimated_INR + -12.5
None
(1, 15, 1, 4, 1, 1)
caused INR: -13.289863516574172
TpsAltruisticFromLsfGain + CumulativeIndividualEstimated_INR + -15.0
None
(1, 15, 1, 4, 1, 1)
caused INR: -17.44149533295023
TpsRandomic + IndividualEstimated_INR + -10.0
None
ls_gain_coeffs:
[-132.58792629 -133.81159567 -112.35629941 -127.07533628 -141.41102939
 -138.01827314 -137.43734676 -110.80087612 -147.56115893 -140.73536199
 -131.53072226 -124.12437097 -117.52876871 -133.63971053 -119.83848738]
inrs_hat:  [-21.59822625 -22.82189563  -1.36659936 -16.08563623 -30.42132935
 -27.0285731  -26.44764672   0.18882393 -36.57145889 -29.74566194
 -20.54102222 -13.13467093  -6.53906867 -22.65001048  -8.84878734]
scheduled_ues:  [ 0  1  3  4  5  6  8  9 10 11 13]
(1, 15, 1, 4, 1, 1)
caused INR: -10.44643032135003
TpsRandomic + IndividualEstimated_INR + -12.5
None
ls_gain_coeffs:
[-132.58792629 -133.81159567 -121.38198242 -127.07533628 -148.17771702
 -124.39472441 -124.60549152 -124.89520203 -147.56115893 -130.04088749
 -131.53072226 -124.12437097 -122.90138313 -127.56950434 -127.68262988]
inrs_hat:  [-21.59822625 -22.82189563 -10.39228237 -16.08563623 -37.18801697
 -13.40502437 -13.61579147 -13.90550198 -36.57145889 -19.05118745
 -20.54102222 -13.13467093 -11.91168308 -16.5798043  -16.69292984]
scheduled_ues:  [ 0  1  3  4  5  6  7  8  9 10 11 13 14]
(1, 15, 1, 4, 1, 1)
caused INR: -4.498943465946117
TpsRandomic + IndividualEstimated_INR + -15.0
None
ls_gain_coeffs:
[-120.0364388  -133.81159567 -115.7722164  -127.07533628 -141.41102939
 -138.01827314 -124.60549152 -117.91276998 -147.56115893 -140.73536199
 -114.939038   -128.46630113 -117.52876871 -133.63971053 -127.68262988]
inrs_hat:  [ -9.04673876 -22.82189563  -4.78251636 -16.08563623 -30.42132935
 -27.0285731  -13.61579147  -6.92306994 -36.57145889 -29.74566194
  -3.94933795 -17.47660108  -6.53906867 -22.65001048 -16.69292984]
scheduled_ues:  [ 1  3  4  5  8  9 11 13 14]
(1, 15, 1, 4, 1, 1)
caused INR: -30.34496120794707
TpsRandomic + CumulativeIndividualEstimated_INR + -10.0
None
(1, 15, 1, 4, 1, 1)
caused INR: -22.298515035919483
TpsRandomic + CumulativeIndividualEstimated_INR + -12.5
None
(1, 15, 1, 4, 1, 1)
caused INR: -16.489961517558957
TpsRandomic + CumulativeIndividualEstimated_INR + -15.0
None
(1, 15, 1, 4, 1, 1)
caused INR: -20.956558477220067
Iteration number 30
TpsAltruisticFromLsfGain + IndividualEstimated_INR + -10.0
None
ls_gain_coeffs:
[-136.04426875 -149.59833503 -151.669335   -131.16400997 -122.56968419
 -129.37791093 -144.55400477 -122.69027478 -126.9308988  -123.09296582
 -110.60102753 -142.45933371 -141.59990069 -132.59252413 -127.71576287]
inrs_hat:  [-25.05456871 -38.60863499 -40.67963495 -20.17430993 -11.57998415
 -18.38821088 -33.56430473 -11.70057474 -15.94119876 -12.10326578
   0.38867251 -31.46963367 -30.61020065 -21.60282408 -16.72606283]
scheduled_ues:  [ 0  1  2  3  4  5  6  7  8  9 11 12 13 14]
(1, 15, 1, 4, 1, 1)
caused INR: -17.773453983752873
TpsAltruisticFromLsfGain + IndividualEstimated_INR + -12.5
None
ls_gain_coeffs:
[-136.04426875 -149.59833503 -151.669335   -131.16400997 -122.56968419
 -129.37791093 -144.55400477 -122.69027478 -126.9308988  -123.09296582
 -110.60102753 -142.45933371 -141.59990069 -132.59252413 -127.71576287]
inrs_hat:  [-25.05456871 -38.60863499 -40.67963495 -20.17430993 -11.57998415
 -18.38821088 -33.56430473 -11.70057474 -15.94119876 -12.10326578
   0.38867251 -31.46963367 -30.61020065 -21.60282408 -16.72606283]
scheduled_ues:  [ 0  1  2  3  5  6  8 11 12 13 14]
(1, 15, 1, 4, 1, 1)
caused INR: -24.109038468348988
TpsAltruisticFromLsfGain + IndividualEstimated_INR + -15.0
None
ls_gain_coeffs:
[-136.04426875 -149.59833503 -151.669335   -131.16400997 -122.56968419
 -129.37791093 -144.55400477 -122.69027478 -126.9308988  -123.09296582
 -110.60102753 -142.45933371 -141.59990069 -132.59252413 -127.71576287]
inrs_hat:  [-25.05456871 -38.60863499 -40.67963495 -20.17430993 -11.57998415
 -18.38821088 -33.56430473 -11.70057474 -15.94119876 -12.10326578
   0.38867251 -31.46963367 -30.61020065 -21.60282408 -16.72606283]
scheduled_ues:  [ 0  1  2  3  5  6  8 11 12 13 14]
(1, 15, 1, 4, 1, 1)
caused INR: -24.109038468348988
TpsAltruisticFromLsfGain + CumulativeIndividualEstimated_INR + -10.0
None
(1, 15, 1, 4, 1, 1)
caused INR: -24.109038468348988
TpsAltruisticFromLsfGain + CumulativeIndividualEstimated_INR + -12.5
None
(1, 15, 1, 4, 1, 1)
caused INR: -22.137773952124945
TpsAltruisticFromLsfGain + CumulativeIndividualEstimated_INR + -15.0
None
(1, 15, 1, 4, 1, 1)
caused INR: -24.03294166167381
TpsRandomic + IndividualEstimated_INR + -10.0
None
ls_gain_coeffs:
[-126.29114235 -133.0543189  -142.66080435 -131.16400997 -108.04217595
 -124.61960602 -131.53155437 -103.95577975 -126.9308988  -110.51944428
 -102.24954211 -142.45933371 -125.91648133 -126.91758698 -127.71576287]
inrs_hat:  [-15.30144231 -22.06461886 -31.6711043  -20.17430993   2.94752409
 -13.62990597 -20.54185432   7.0339203  -15.94119876   0.47025577
   8.74015793 -31.46963367 -14.92678129 -15.92788693 -16.72606283]
scheduled_ues:  [ 0  1  2  3  5  6  8 11 12 13 14]
(1, 15, 1, 4, 1, 1)
caused INR: -15.69364813465485
TpsRandomic + IndividualEstimated_INR + -12.5
None
ls_gain_coeffs:
[-123.31985837 -137.07743812 -139.93071236 -118.19881263 -119.44082183
 -129.37791093 -130.95070396 -103.95577975 -113.37471879 -113.97100541
  -92.59177058 -142.45933371 -141.59990069 -126.91758698 -126.55801247]
inrs_hat:  [-12.33015833 -26.08773808 -28.94101232  -7.20911259  -8.45112179
 -18.38821088 -19.96100391   7.0339203   -2.38501874  -2.98130536
  18.39792946 -31.46963367 -30.61020065 -15.92788693 -15.56831243]
scheduled_ues:  [ 1  2  5  6 11 12 13 14]
(1, 15, 1, 4, 1, 1)
caused INR: -9.412216672349693
TpsRandomic + IndividualEstimated_INR + -15.0
None
ls_gain_coeffs:
[-118.58470036 -149.59833503 -139.93071236 -131.16400997 -108.04217595
 -115.35020929 -131.53155437 -113.25093223 -113.37471879 -106.02442484
 -102.24954211 -125.63415576 -127.53739101 -118.54515731 -127.71576287]
inrs_hat:  [ -7.59500032 -38.60863499 -28.94101232 -20.17430993   2.94752409
  -4.36050925 -20.54185432  -2.26123218  -2.38501874   4.9652752
   8.74015793 -14.64445572 -16.54769097  -7.55545727 -16.72606283]
scheduled_ues:  [ 1  2  3  6 12 14]
(1, 15, 1, 4, 1, 1)
caused INR: -10.568494501770742
TpsRandomic + CumulativeIndividualEstimated_INR + -10.0
None
(1, 15, 1, 4, 1, 1)
caused INR: -19.339423295720856
TpsRandomic + CumulativeIndividualEstimated_INR + -12.5
None
(1, 15, 1, 4, 1, 1)
caused INR: -6.825230641254735
TpsRandomic + CumulativeIndividualEstimated_INR + -15.0
None
(1, 15, 1, 4, 1, 1)
caused INR: -26.422341305930157
Iteration number 31
TpsAltruisticFromLsfGain + IndividualEstimated_INR + -10.0
None
ls_gain_coeffs:
[-132.07707296 -124.73732151 -136.61248418 -129.33132999 -140.50272793
 -144.63789457 -128.69219509 -137.39857159 -133.5703559  -145.87938344
 -146.60420977 -135.82073667 -148.36934392 -126.72734113 -136.34493705]
inrs_hat:  [-21.08737292 -13.74762146 -25.62278414 -18.34162994 -29.51302789
 -33.64819453 -17.70249505 -26.40887155 -22.58065585 -34.8896834
 -35.61450973 -24.83103663 -37.37964388 -15.73764109 -25.355237  ]
scheduled_ues:  [ 0  1  2  3  4  5  6  7  8  9 10 11 12 13 14]
(1, 15, 1, 4, 1, 1)
caused INR: -8.102188644279089
TpsAltruisticFromLsfGain + IndividualEstimated_INR + -12.5
None
ls_gain_coeffs:
[-132.07707296 -124.73732151 -136.61248418 -129.33132999 -140.50272793
 -144.63789457 -128.69219509 -137.39857159 -133.5703559  -145.87938344
 -146.60420977 -135.82073667 -148.36934392 -126.72734113 -136.34493705]
inrs_hat:  [-21.08737292 -13.74762146 -25.62278414 -18.34162994 -29.51302789
 -33.64819453 -17.70249505 -26.40887155 -22.58065585 -34.8896834
 -35.61450973 -24.83103663 -37.37964388 -15.73764109 -25.355237  ]
scheduled_ues:  [ 0  1  2  3  4  5  6  7  8  9 10 11 12 13 14]
(1, 15, 1, 4, 1, 1)
caused INR: -8.102188644279089
TpsAltruisticFromLsfGain + IndividualEstimated_INR + -15.0
None
ls_gain_coeffs:
[-132.07707296 -124.73732151 -136.61248418 -129.33132999 -140.50272793
 -144.63789457 -128.69219509 -137.39857159 -133.5703559  -145.87938344
 -146.60420977 -135.82073667 -148.36934392 -126.72734113 -136.34493705]
inrs_hat:  [-21.08737292 -13.74762146 -25.62278414 -18.34162994 -29.51302789
 -33.64819453 -17.70249505 -26.40887155 -22.58065585 -34.8896834
 -35.61450973 -24.83103663 -37.37964388 -15.73764109 -25.355237  ]
scheduled_ues:  [ 0  2  3  4  5  6  7  8  9 10 11 12 13 14]
(1, 15, 1, 4, 1, 1)
caused INR: -13.66811473879837
TpsAltruisticFromLsfGain + CumulativeIndividualEstimated_INR + -10.0
None
(1, 15, 1, 4, 1, 1)
caused INR: -13.66811473879837
TpsAltruisticFromLsfGain + CumulativeIndividualEstimated_INR + -12.5
None
(1, 15, 1, 4, 1, 1)
caused INR: -12.008109107998399
TpsAltruisticFromLsfGain + CumulativeIndividualEstimated_INR + -15.0
None
(1, 15, 1, 4, 1, 1)
caused INR: -28.85853453372889
TpsRandomic + IndividualEstimated_INR + -10.0
None
ls_gain_coeffs:
[-119.17621571 -109.96456118 -122.8865806  -111.56688557 -134.03845132
 -131.34839888 -111.88931831 -124.6709275  -133.5703559  -129.29569767
 -129.83637659 -135.82073667 -148.36934392 -126.72734113 -128.62963089]
inrs_hat:  [ -8.18651566   1.02513887 -11.89688056  -0.57718552 -23.04875128
 -20.35869883  -0.89961827 -13.68122746 -22.58065585 -18.30599763
 -18.84667654 -24.83103663 -37.37964388 -15.73764109 -17.63993085]
scheduled_ues:  [ 2  4  5  7  8  9 10 11 12 13 14]
(1, 15, 1, 4, 1, 1)
caused INR: -17.341551457006233
TpsRandomic + IndividualEstimated_INR + -12.5
None
ls_gain_coeffs:
[-130.6993012  -109.96456118 -129.67395801 -117.21846428 -127.05493278
 -130.50050318 -111.88931831 -137.39857159 -124.18516794 -138.19440468
 -129.83637659 -122.72291353 -134.17460682 -126.72734113 -122.45716917]
inrs_hat:  [-19.70960115   1.02513887 -18.68425797  -6.22876424 -16.06523274
 -19.51080314  -0.89961827 -26.40887155 -13.1954679  -27.20470463
 -18.84667654 -11.73321349 -23.18490678 -15.73764109 -11.46746913]
scheduled_ues:  [ 0  2  4  5  7  8  9 10 12 13]
(1, 15, 1, 4, 1, 1)
caused INR: -10.959238816519381
TpsRandomic + IndividualEstimated_INR + -15.0
None
ls_gain_coeffs:
[-118.71695845 -124.73732151 -120.05946931 -117.21846428 -140.50272793
 -130.50050318 -120.33721798 -128.5289129  -133.5703559  -138.19440468
 -146.60420977 -135.82073667 -148.36934392 -116.81164006 -119.32260003]
inrs_hat:  [ -7.72725841 -13.74762146  -9.06976926  -6.22876424 -29.51302789
 -19.51080314  -9.34751794 -17.53921285 -22.58065585 -27.20470463
 -35.61450973 -24.83103663 -37.37964388  -5.82194001  -8.33289999]
scheduled_ues:  [ 4  5  7  8  9 10 11 12]
(1, 15, 1, 4, 1, 1)
caused INR: -10.673344764134656
TpsRandomic + CumulativeIndividualEstimated_INR + -10.0
None
(1, 15, 1, 4, 1, 1)
caused INR: -2.4043512449760094
TpsRandomic + CumulativeIndividualEstimated_INR + -12.5
None
(1, 15, 1, 4, 1, 1)
caused INR: -17.638552992378585
TpsRandomic + CumulativeIndividualEstimated_INR + -15.0
None
(1, 15, 1, 4, 1, 1)
caused INR: -26.751191252852248
Iteration number 32
TpsAltruisticFromLsfGain + IndividualEstimated_INR + -10.0
None
ls_gain_coeffs:
[-135.70537218 -123.51308027 -129.96536576 -133.18552017 -146.98320032
 -134.66212007 -135.02552609 -130.86780456 -129.52280537 -134.37538006
 -140.24533871 -133.37419851 -135.42419674 -132.35639968 -133.2136347 ]
inrs_hat:  [-24.71567213 -12.52338022 -18.97566571 -22.19582013 -35.99350028
 -23.67242002 -24.03582605 -19.87810451 -18.53310533 -23.38568001
 -29.25563866 -22.38449846 -24.4344967  -21.36669964 -22.22393465]
scheduled_ues:  [ 0  1  2  3  4  5  6  7  8  9 10 11 12 13 14]
(1, 15, 1, 4, 1, 1)
caused INR: -0.16200818654875687
TpsAltruisticFromLsfGain + IndividualEstimated_INR + -12.5
None
ls_gain_coeffs:
[-135.70537218 -123.51308027 -129.96536576 -133.18552017 -146.98320032
 -134.66212007 -135.02552609 -130.86780456 -129.52280537 -134.37538006
 -140.24533871 -133.37419851 -135.42419674 -132.35639968 -133.2136347 ]
inrs_hat:  [-24.71567213 -12.52338022 -18.97566571 -22.19582013 -35.99350028
 -23.67242002 -24.03582605 -19.87810451 -18.53310533 -23.38568001
 -29.25563866 -22.38449846 -24.4344967  -21.36669964 -22.22393465]
scheduled_ues:  [ 0  1  2  3  4  5  6  7  8  9 10 11 12 13 14]
(1, 15, 1, 4, 1, 1)
caused INR: -0.16200818654875687
TpsAltruisticFromLsfGain + IndividualEstimated_INR + -15.0
None
ls_gain_coeffs:
[-135.70537218 -123.51308027 -129.96536576 -133.18552017 -146.98320032
 -134.66212007 -135.02552609 -130.86780456 -129.52280537 -134.37538006
 -140.24533871 -133.37419851 -135.42419674 -132.35639968 -133.2136347 ]
inrs_hat:  [-24.71567213 -12.52338022 -18.97566571 -22.19582013 -35.99350028
 -23.67242002 -24.03582605 -19.87810451 -18.53310533 -23.38568001
 -29.25563866 -22.38449846 -24.4344967  -21.36669964 -22.22393465]
scheduled_ues:  [ 0  2  3  4  5  6  7  8  9 10 11 12 13 14]
(1, 15, 1, 4, 1, 1)
caused INR: -7.0932188230746345
TpsAltruisticFromLsfGain + CumulativeIndividualEstimated_INR + -10.0
None
(1, 15, 1, 4, 1, 1)
caused INR: -7.0932188230746345
TpsAltruisticFromLsfGain + CumulativeIndividualEstimated_INR + -12.5
None
(1, 15, 1, 4, 1, 1)
caused INR: -17.116547594846608
TpsAltruisticFromLsfGain + CumulativeIndividualEstimated_INR + -15.0
None
(1, 15, 1, 4, 1, 1)
caused INR: -14.86563418382258
TpsRandomic + IndividualEstimated_INR + -10.0
None
ls_gain_coeffs:
[-119.04109404 -104.34028421 -114.66267838 -133.18552017 -143.47225087
 -117.97414266 -121.56497914 -122.15269202 -129.52280537 -116.69230748
 -139.76756195 -133.37419851 -135.42419674 -118.65909428 -116.16872692]
inrs_hat:  [ -8.051394     6.64941583  -3.67297833 -22.19582013 -32.48255083
  -6.98444261 -10.5752791  -11.16299197 -18.53310533  -5.70260744
 -28.77786191 -22.38449846 -24.4344967   -7.66939423  -5.17902688]
scheduled_ues:  [ 3  4  6  7  8 10 11 12]
(1, 15, 1, 4, 1, 1)
caused INR: -9.439941764719485
TpsRandomic + IndividualEstimated_INR + -12.5
None
ls_gain_coeffs:
[-127.19005531 -110.60943882 -129.96536576 -119.68666489 -146.98320032
 -134.66212007 -118.71064274 -117.10255817 -112.69448155 -134.37538006
 -127.64447979 -118.89551644 -131.30387583 -118.65909428 -133.2136347 ]
inrs_hat:  [-16.20035526   0.38026122 -18.97566571  -8.69696485 -35.99350028
 -23.67242002  -7.72094269  -6.11285813  -1.70478151 -23.38568001
 -16.65477974  -7.90581639 -20.31417579  -7.66939423 -22.22393465]
scheduled_ues:  [ 0  2  4  5  9 10 12 14]
(1, 15, 1, 4, 1, 1)
caused INR: -15.275429995278225
TpsRandomic + IndividualEstimated_INR + -15.0
None
ls_gain_coeffs:
[-127.19005531 -123.51308027 -114.66267838 -118.62940961 -143.47225087
 -117.97414266 -118.71064274 -122.15269202 -116.71810241 -134.37538006
 -139.76756195 -118.89551644 -131.30387583 -128.58928347 -116.16872692]
inrs_hat:  [-16.20035526 -12.52338022  -3.67297833  -7.63970957 -32.48255083
  -6.98444261  -7.72094269 -11.16299197  -5.72840237 -23.38568001
 -28.77786191  -7.90581639 -20.31417579 -17.59958342  -5.17902688]
scheduled_ues:  [ 0  4  9 10 12 13]
(1, 15, 1, 4, 1, 1)
caused INR: -33.36936258265888
TpsRandomic + CumulativeIndividualEstimated_INR + -10.0
None
(1, 15, 1, 4, 1, 1)
caused INR: -15.578407305538033
TpsRandomic + CumulativeIndividualEstimated_INR + -12.5
None
(1, 15, 1, 4, 1, 1)
caused INR: -17.228474885431883
TpsRandomic + CumulativeIndividualEstimated_INR + -15.0
None
(1, 15, 1, 4, 1, 1)
caused INR: -25.78287760929198
Iteration number 33
TpsAltruisticFromLsfGain + IndividualEstimated_INR + -10.0
None
ls_gain_coeffs:
[-128.3006667  -136.94645356 -118.167419   -139.12430965 -128.44195304
 -139.03589002 -136.12868239 -145.55195533 -136.7947166  -135.8787629
 -148.62878711 -149.02136356 -142.86778053 -143.0850101  -138.51445825]
inrs_hat:  [-17.31096665 -25.95675352  -7.17771896 -28.13460961 -17.452253
 -28.04618998 -25.13898234 -34.56225528 -25.80501656 -24.88906285
 -37.63908706 -38.03166352 -31.87808049 -32.09531006 -27.52475821]
scheduled_ues:  [ 0  1  3  4  5  6  7  8  9 10 11 12 13 14]
(1, 15, 1, 4, 1, 1)
caused INR: -17.036452091255107
TpsAltruisticFromLsfGain + IndividualEstimated_INR + -12.5
None
ls_gain_coeffs:
[-128.3006667  -136.94645356 -118.167419   -139.12430965 -128.44195304
 -139.03589002 -136.12868239 -145.55195533 -136.7947166  -135.8787629
 -148.62878711 -149.02136356 -142.86778053 -143.0850101  -138.51445825]
inrs_hat:  [-17.31096665 -25.95675352  -7.17771896 -28.13460961 -17.452253
 -28.04618998 -25.13898234 -34.56225528 -25.80501656 -24.88906285
 -37.63908706 -38.03166352 -31.87808049 -32.09531006 -27.52475821]
scheduled_ues:  [ 0  1  3  4  5  6  7  8  9 10 11 12 13 14]
(1, 15, 1, 4, 1, 1)
caused INR: -17.036452091255107
TpsAltruisticFromLsfGain + IndividualEstimated_INR + -15.0
None
ls_gain_coeffs:
[-128.3006667  -136.94645356 -118.167419   -139.12430965 -128.44195304
 -139.03589002 -136.12868239 -145.55195533 -136.7947166  -135.8787629
 -148.62878711 -149.02136356 -142.86778053 -143.0850101  -138.51445825]
inrs_hat:  [-17.31096665 -25.95675352  -7.17771896 -28.13460961 -17.452253
 -28.04618998 -25.13898234 -34.56225528 -25.80501656 -24.88906285
 -37.63908706 -38.03166352 -31.87808049 -32.09531006 -27.52475821]
scheduled_ues:  [ 0  1  3  4  5  6  7  8  9 10 11 12 13 14]
(1, 15, 1, 4, 1, 1)
caused INR: -17.036452091255107
TpsAltruisticFromLsfGain + CumulativeIndividualEstimated_INR + -10.0
None
(1, 15, 1, 4, 1, 1)
caused INR: -17.036452091255107
TpsAltruisticFromLsfGain + CumulativeIndividualEstimated_INR + -12.5
None
(1, 15, 1, 4, 1, 1)
caused INR: -17.036452091255107
TpsAltruisticFromLsfGain + CumulativeIndividualEstimated_INR + -15.0
None
(1, 15, 1, 4, 1, 1)
caused INR: -22.73409992707206
TpsRandomic + IndividualEstimated_INR + -10.0
None
ls_gain_coeffs:
[-115.5593675  -122.89522568 -118.167419   -139.12430965 -127.84688429
 -122.50956559 -136.12868239 -129.42870255 -122.91124397 -133.32612506
 -139.20105181 -149.02136356 -142.86778053 -134.13232167 -136.41814585]
inrs_hat:  [ -4.56966746 -11.90552564  -7.17771896 -28.13460961 -16.85718425
 -11.51986555 -25.13898234 -18.4390025  -11.92154392 -22.33642501
 -28.21135177 -38.03166352 -31.87808049 -23.14262163 -25.42844581]
scheduled_ues:  [ 1  3  4  5  6  7  8  9 10 11 12 13 14]
(1, 15, 1, 4, 1, 1)
caused INR: -7.523559482813564
TpsRandomic + IndividualEstimated_INR + -12.5
None
ls_gain_coeffs:
[-115.2596683  -121.2855978  -118.05289499 -122.83020646 -115.60364054
 -122.50956559 -136.12868239 -129.42870255 -122.91124397 -121.73540434
 -131.85126594 -142.25093024 -142.86778053 -134.13232167 -124.67531665]
inrs_hat:  [ -4.26996826 -10.29589775  -7.06319495 -11.84050642  -4.6139405
 -11.51986555 -25.13898234 -18.4390025  -11.92154392 -10.74570429
 -20.86156589 -31.26123019 -31.87808049 -23.14262163 -13.68561661]
scheduled_ues:  [ 6  7 10 11 12 13 14]
(1, 15, 1, 4, 1, 1)
caused INR: -17.68449522992443
TpsRandomic + IndividualEstimated_INR + -15.0
None
ls_gain_coeffs:
[-127.40156911 -136.94645356 -118.167419   -132.09430689 -115.80199679
 -139.03589002 -121.97332801 -131.40679522 -136.7947166  -133.32612506
 -136.94308006 -149.02136356 -138.64627137 -126.48590495 -124.67531665]
inrs_hat:  [-16.41186906 -25.95675352  -7.17771896 -21.10460684  -4.81229675
 -28.04618998 -10.98362796 -20.41709518 -25.80501656 -22.33642501
 -25.95338002 -38.03166352 -27.65657132 -15.49620491 -13.68561661]
scheduled_ues:  [ 0  1  3  5  7  8  9 10 11 12 13]
(1, 15, 1, 4, 1, 1)
caused INR: -4.368239628426211
TpsRandomic + CumulativeIndividualEstimated_INR + -10.0
None
(1, 15, 1, 4, 1, 1)
caused INR: -12.712468187873851
TpsRandomic + CumulativeIndividualEstimated_INR + -12.5
None
(1, 15, 1, 4, 1, 1)
caused INR: -13.421412779336745
TpsRandomic + CumulativeIndividualEstimated_INR + -15.0
None
(1, 15, 1, 4, 1, 1)
caused INR: -51.45368338905344
Iteration number 34
TpsAltruisticFromLsfGain + IndividualEstimated_INR + -10.0
None
ls_gain_coeffs:
[-147.54643122 -133.8561999  -138.56588329 -126.50274318 -121.99533828
 -132.93141187 -137.72795388 -137.31701225 -144.13095752 -128.17743022
 -143.00315141 -140.09533091 -130.01643544 -131.48110771 -135.10970238]
inrs_hat:  [-36.55673118 -22.86649986 -27.57618325 -15.51304314 -11.00563824
 -21.94171183 -26.73825383 -26.32731221 -33.14125748 -17.18773018
 -32.01345137 -29.10563086 -19.0267354  -20.49140767 -24.12000234]
scheduled_ues:  [ 0  1  2  3  4  5  6  7  8  9 10 11 12 13 14]
(1, 15, 1, 4, 1, 1)
caused INR: -6.83005717058217
TpsAltruisticFromLsfGain + IndividualEstimated_INR + -12.5
None
ls_gain_coeffs:
[-147.54643122 -133.8561999  -138.56588329 -126.50274318 -121.99533828
 -132.93141187 -137.72795388 -137.31701225 -144.13095752 -128.17743022
 -143.00315141 -140.09533091 -130.01643544 -131.48110771 -135.10970238]
inrs_hat:  [-36.55673118 -22.86649986 -27.57618325 -15.51304314 -11.00563824
 -21.94171183 -26.73825383 -26.32731221 -33.14125748 -17.18773018
 -32.01345137 -29.10563086 -19.0267354  -20.49140767 -24.12000234]
scheduled_ues:  [ 0  1  2  3  5  6  7  8  9 10 11 12 13 14]
(1, 15, 1, 4, 1, 1)
caused INR: -8.337475358135965
TpsAltruisticFromLsfGain + IndividualEstimated_INR + -15.0
None
ls_gain_coeffs:
[-147.54643122 -133.8561999  -138.56588329 -126.50274318 -121.99533828
 -132.93141187 -137.72795388 -137.31701225 -144.13095752 -128.17743022
 -143.00315141 -140.09533091 -130.01643544 -131.48110771 -135.10970238]
inrs_hat:  [-36.55673118 -22.86649986 -27.57618325 -15.51304314 -11.00563824
 -21.94171183 -26.73825383 -26.32731221 -33.14125748 -17.18773018
 -32.01345137 -29.10563086 -19.0267354  -20.49140767 -24.12000234]
scheduled_ues:  [ 0  1  2  3  5  6  7  8  9 10 11 12 13 14]
(1, 15, 1, 4, 1, 1)
caused INR: -8.337475358135965
TpsAltruisticFromLsfGain + CumulativeIndividualEstimated_INR + -10.0
None
(1, 15, 1, 4, 1, 1)
caused INR: -8.337475358135965
TpsAltruisticFromLsfGain + CumulativeIndividualEstimated_INR + -12.5
None
(1, 15, 1, 4, 1, 1)
caused INR: -9.381041177491117
TpsAltruisticFromLsfGain + CumulativeIndividualEstimated_INR + -15.0
None
(1, 15, 1, 4, 1, 1)
caused INR: -10.703680872526354
TpsRandomic + IndividualEstimated_INR + -10.0
None
ls_gain_coeffs:
[-147.54643122 -124.51393529 -127.22371081 -113.80108452 -121.99533828
 -120.30444596 -137.72795388 -120.22820835 -144.13095752 -113.54646936
 -143.00315141 -133.7117878  -122.85568614 -115.58293426 -117.86971841]
inrs_hat:  [-36.55673118 -13.52423524 -16.23401077  -2.81138448 -11.00563824
  -9.31474591 -26.73825383  -9.23850831 -33.14125748  -2.55676932
 -32.01345137 -22.72208776 -11.8659861   -4.59323422  -6.88001837]
scheduled_ues:  [ 0  1  2  4  6  8 10 11 12]
(1, 15, 1, 4, 1, 1)
caused INR: -6.225008447937823
TpsRandomic + IndividualEstimated_INR + -12.5
None
ls_gain_coeffs:
[-142.07512397 -124.51393529 -127.22371081 -113.80108452 -121.99533828
 -132.93141187 -130.51059401 -127.40461539 -136.45564778 -128.17743022
 -132.5881616  -140.09533091 -113.06603612 -131.48110771 -117.86971841]
inrs_hat:  [-31.08542392 -13.52423524 -16.23401077  -2.81138448 -11.00563824
 -21.94171183 -19.52089397 -16.41491535 -25.46594774 -17.18773018
 -21.59846156 -29.10563086  -2.07633608 -20.49140767  -6.88001837]
scheduled_ues:  [ 0  1  2  5  6  7  8  9 10 11 13]
(1, 15, 1, 4, 1, 1)
caused INR: -5.148637428712077
TpsRandomic + IndividualEstimated_INR + -15.0
None
ls_gain_coeffs:
[-142.07512397 -133.8561999  -138.56588329 -117.45198525 -104.64536289
 -115.6597392  -121.281578   -137.31701225 -127.50699237 -111.35710851
 -143.00315141 -126.02440567 -130.01643544 -117.31122099 -135.10970238]
inrs_hat:  [-31.08542392 -22.86649986 -27.57618325  -6.46228521   6.34433716
  -4.67003915 -10.29187796 -26.32731221 -16.51729233  -0.36740846
 -32.01345137 -15.03470563 -19.0267354   -6.32152094 -24.12000234]
scheduled_ues:  [ 0  1  2  7  8 10 11 12 14]
(1, 15, 1, 4, 1, 1)
caused INR: -6.2597913863033785
TpsRandomic + CumulativeIndividualEstimated_INR + -10.0
None
(1, 15, 1, 4, 1, 1)
caused INR: -10.67252555126791
TpsRandomic + CumulativeIndividualEstimated_INR + -12.5
None
(1, 15, 1, 4, 1, 1)
caused INR: -15.962132064976016
TpsRandomic + CumulativeIndividualEstimated_INR + -15.0
None
(1, 15, 1, 4, 1, 1)
caused INR: -16.57094856153552
Iteration number 35
TpsAltruisticFromLsfGain + IndividualEstimated_INR + -10.0
None
ls_gain_coeffs:
[-136.07008811 -147.53622902 -123.249254   -144.88544272 -137.24897079
 -124.56342364 -140.32565854 -143.58286603 -151.02229476 -127.55759725
 -138.42421917 -134.36844342 -127.34746968 -143.83799504 -139.3166804 ]
inrs_hat:  [-25.08038807 -36.54652898 -12.25955396 -33.89574268 -26.25927074
 -13.57372359 -29.3359585  -32.59316599 -40.03259472 -16.56789721
 -27.43451913 -23.37874338 -16.35776964 -32.848295   -28.32698036]
scheduled_ues:  [ 0  1  2  3  4  5  6  7  8  9 10 11 12 13 14]
(1, 15, 1, 4, 1, 1)
caused INR: -11.863522617853892
TpsAltruisticFromLsfGain + IndividualEstimated_INR + -12.5
None
ls_gain_coeffs:
[-136.07008811 -147.53622902 -123.249254   -144.88544272 -137.24897079
 -124.56342364 -140.32565854 -143.58286603 -151.02229476 -127.55759725
 -138.42421917 -134.36844342 -127.34746968 -143.83799504 -139.3166804 ]
inrs_hat:  [-25.08038807 -36.54652898 -12.25955396 -33.89574268 -26.25927074
 -13.57372359 -29.3359585  -32.59316599 -40.03259472 -16.56789721
 -27.43451913 -23.37874338 -16.35776964 -32.848295   -28.32698036]
scheduled_ues:  [ 0  1  3  4  5  6  7  8  9 10 11 12 13 14]
(1, 15, 1, 4, 1, 1)
caused INR: -20.47810422464032
TpsAltruisticFromLsfGain + IndividualEstimated_INR + -15.0
None
ls_gain_coeffs:
[-136.07008811 -147.53622902 -123.249254   -144.88544272 -137.24897079
 -124.56342364 -140.32565854 -143.58286603 -151.02229476 -127.55759725
 -138.42421917 -134.36844342 -127.34746968 -143.83799504 -139.3166804 ]
inrs_hat:  [-25.08038807 -36.54652898 -12.25955396 -33.89574268 -26.25927074
 -13.57372359 -29.3359585  -32.59316599 -40.03259472 -16.56789721
 -27.43451913 -23.37874338 -16.35776964 -32.848295   -28.32698036]
scheduled_ues:  [ 0  1  3  4  6  7  8  9 10 11 12 13 14]
(1, 15, 1, 4, 1, 1)
caused INR: -12.113615861754907
TpsAltruisticFromLsfGain + CumulativeIndividualEstimated_INR + -10.0
None
(1, 15, 1, 4, 1, 1)
caused INR: -12.113615861754907
TpsAltruisticFromLsfGain + CumulativeIndividualEstimated_INR + -12.5
None
(1, 15, 1, 4, 1, 1)
caused INR: -10.550523145436754
TpsAltruisticFromLsfGain + CumulativeIndividualEstimated_INR + -15.0
None
(1, 15, 1, 4, 1, 1)
caused INR: -17.144873664245917
TpsRandomic + IndividualEstimated_INR + -10.0
None
ls_gain_coeffs:
[-123.6821281  -147.53622902 -109.3214935  -130.0570868  -128.16457331
 -112.0197607  -129.46581625 -130.41270987 -140.65682967 -125.57485834
 -125.85707298 -120.59303001 -114.67062072 -135.86226919 -135.83164498]
inrs_hat:  [-12.69242805 -36.54652898   1.66820654 -19.06738676 -17.17487327
  -1.03006065 -18.4761162  -19.42300983 -29.66712963 -14.5851583
 -14.86737294  -9.60332997  -3.68092068 -24.87256914 -24.84194494]
scheduled_ues:  [ 0  1  3  4  6  7  8  9 10 13 14]
(1, 15, 1, 4, 1, 1)
caused INR: -9.322712219855985
TpsRandomic + IndividualEstimated_INR + -12.5
None
ls_gain_coeffs:
[-123.6821281  -130.67929989 -107.835333   -144.88544272 -125.40472139
 -115.0401572  -129.46581625 -130.41270987 -151.02229476 -113.79417131
 -138.42421917 -121.25993672 -114.67062072 -135.86226919 -125.71340193]
inrs_hat:  [-12.69242805 -19.68959984   3.15436704 -33.89574268 -14.41502134
  -4.05045715 -18.4761162  -19.42300983 -40.03259472  -2.80447127
 -27.43451913 -10.27023667  -3.68092068 -24.87256914 -14.72370188]
scheduled_ues:  [ 0  1  3  4  6  7  8 10 13 14]
(1, 15, 1, 4, 1, 1)
caused INR: -16.998662824386763
TpsRandomic + IndividualEstimated_INR + -15.0
None
ls_gain_coeffs:
[-136.07008811 -135.88047183 -109.3214935  -144.88544272 -120.56384735
 -112.0197607  -140.32565854 -129.68415371 -140.65682967 -113.79417131
 -125.91984608 -121.25993672 -127.34746968 -131.17015784 -135.83164498]
inrs_hat:  [-25.08038807 -24.89077179   1.66820654 -33.89574268  -9.57414731
  -1.03006065 -29.3359585  -18.69445367 -29.66712963  -2.80447127
 -14.93014603 -10.27023667 -16.35776964 -20.1804578  -24.84194494]
scheduled_ues:  [ 0  1  3  6  7  8 12 13 14]
(1, 15, 1, 4, 1, 1)
caused INR: -9.32924168757887
TpsRandomic + CumulativeIndividualEstimated_INR + -10.0
None
(1, 15, 1, 4, 1, 1)
caused INR: -12.884144960162677
TpsRandomic + CumulativeIndividualEstimated_INR + -12.5
None
(1, 15, 1, 4, 1, 1)
caused INR: -13.03922087348732
TpsRandomic + CumulativeIndividualEstimated_INR + -15.0
None
(1, 15, 1, 4, 1, 1)
caused INR: -18.03575566592952
Iteration number 36
TpsAltruisticFromLsfGain + IndividualEstimated_INR + -10.0
None
ls_gain_coeffs:
[-137.36259928 -140.76604022 -136.45271292 -121.61572242 -141.20377054
 -124.91917699 -144.91284429 -130.33046847 -143.04575863 -135.20653056
 -137.05190867 -130.39228632 -132.46887664 -151.67000368 -127.0840039 ]
inrs_hat:  [-26.37289924 -29.77634017 -25.46301287 -10.62602238 -30.21407049
 -13.92947694 -33.92314425 -19.34076842 -32.05605859 -24.21683051
 -26.06220862 -19.40258628 -21.4791766  -40.68030364 -16.09430386]
scheduled_ues:  [ 0  1  2  3  4  5  6  7  8  9 10 11 12 13 14]
(1, 15, 1, 4, 1, 1)
caused INR: -10.306922967863244
TpsAltruisticFromLsfGain + IndividualEstimated_INR + -12.5
None
ls_gain_coeffs:
[-137.36259928 -140.76604022 -136.45271292 -121.61572242 -141.20377054
 -124.91917699 -144.91284429 -130.33046847 -143.04575863 -135.20653056
 -137.05190867 -130.39228632 -132.46887664 -151.67000368 -127.0840039 ]
inrs_hat:  [-26.37289924 -29.77634017 -25.46301287 -10.62602238 -30.21407049
 -13.92947694 -33.92314425 -19.34076842 -32.05605859 -24.21683051
 -26.06220862 -19.40258628 -21.4791766  -40.68030364 -16.09430386]
scheduled_ues:  [ 0  1  2  4  5  6  7  8  9 10 11 12 13 14]
(1, 15, 1, 4, 1, 1)
caused INR: -14.524183130661433
TpsAltruisticFromLsfGain + IndividualEstimated_INR + -15.0
None
ls_gain_coeffs:
[-137.36259928 -140.76604022 -136.45271292 -121.61572242 -141.20377054
 -124.91917699 -144.91284429 -130.33046847 -143.04575863 -135.20653056
 -137.05190867 -130.39228632 -132.46887664 -151.67000368 -127.0840039 ]
inrs_hat:  [-26.37289924 -29.77634017 -25.46301287 -10.62602238 -30.21407049
 -13.92947694 -33.92314425 -19.34076842 -32.05605859 -24.21683051
 -26.06220862 -19.40258628 -21.4791766  -40.68030364 -16.09430386]
scheduled_ues:  [ 0  1  2  4  6  7  8  9 10 11 12 13 14]
(1, 15, 1, 4, 1, 1)
caused INR: -10.906205727182762
TpsAltruisticFromLsfGain + CumulativeIndividualEstimated_INR + -10.0
None
(1, 15, 1, 4, 1, 1)
caused INR: -10.906205727182762
TpsAltruisticFromLsfGain + CumulativeIndividualEstimated_INR + -12.5
None
(1, 15, 1, 4, 1, 1)
caused INR: -12.65704379967777
TpsAltruisticFromLsfGain + CumulativeIndividualEstimated_INR + -15.0
None
(1, 15, 1, 4, 1, 1)
caused INR: -17.86567949327571
TpsRandomic + IndividualEstimated_INR + -10.0
None
ls_gain_coeffs:
[-131.11649066 -127.80044948 -136.45271292 -118.52754189 -141.20377054
 -114.22151657 -130.73150702 -130.33046847 -143.04575863 -130.1357174
 -134.36961675 -113.64588179 -115.87502768 -149.3510046  -127.0840039 ]
inrs_hat:  [-20.12679061 -16.81074944 -25.46301287  -7.53784184 -30.21407049
  -3.23181653 -19.74180698 -19.34076842 -32.05605859 -19.14601735
 -23.37991671  -2.65618174  -4.88532764 -38.36130456 -16.09430386]
scheduled_ues:  [ 0  1  2  4  6  7  8  9 10 13 14]
(1, 15, 1, 4, 1, 1)
caused INR: -10.691866512129451
TpsRandomic + IndividualEstimated_INR + -12.5
None
ls_gain_coeffs:
[-121.16105569 -140.76604022 -124.50750944 -121.61572242 -124.33037761
 -124.91917699 -144.91284429 -130.33046847 -143.04575863 -130.1357174
 -134.36961675 -130.39228632 -132.46887664 -138.45540399 -110.08344434]
inrs_hat:  [-10.17135565 -29.77634017 -13.5178094  -10.62602238 -13.34067756
 -13.92947694 -33.92314425 -19.34076842 -32.05605859 -19.14601735
 -23.37991671 -19.40258628 -21.4791766  -27.46570394   0.9062557 ]
scheduled_ues:  [ 1  2  4  5  6  7  8  9 10 11 12 13]
(1, 15, 1, 4, 1, 1)
caused INR: -19.394030977486352
TpsRandomic + IndividualEstimated_INR + -15.0
None
ls_gain_coeffs:
[-121.16105569 -140.76604022 -119.78173072 -118.52754189 -141.20377054
 -107.59816222 -130.73150702 -130.33046847 -135.36037427 -121.0746595
 -137.05190867 -130.39228632 -115.87502768 -138.45540399 -127.0840039 ]
inrs_hat:  [-10.17135565 -29.77634017  -8.79203068  -7.53784184 -30.21407049
   3.39153783 -19.74180698 -19.34076842 -24.37067423 -10.08495946
 -26.06220862 -19.40258628  -4.88532764 -27.46570394 -16.09430386]
scheduled_ues:  [ 1  4  6  7  8 10 11 13 14]
(1, 15, 1, 4, 1, 1)
caused INR: -13.78019497173372
TpsRandomic + CumulativeIndividualEstimated_INR + -10.0
None
(1, 15, 1, 4, 1, 1)
caused INR: -16.610887336969387
TpsRandomic + CumulativeIndividualEstimated_INR + -12.5
None
(1, 15, 1, 4, 1, 1)
caused INR: -19.826990581732172
TpsRandomic + CumulativeIndividualEstimated_INR + -15.0
None
(1, 15, 1, 4, 1, 1)
caused INR: -33.60050058664135
Iteration number 37
TpsAltruisticFromLsfGain + IndividualEstimated_INR + -10.0
None
ls_gain_coeffs:
[-119.06024304 -146.06848399 -144.43110008 -146.51740598 -119.64012157
 -145.90428004 -144.24070941 -143.61592605 -115.99626438 -138.44538559
 -139.86716104 -137.97335535 -136.91836248 -149.39843457 -126.39734165]
inrs_hat:  [ -8.070543   -35.07878395 -33.44140003 -35.52770594  -8.65042153
 -34.91458    -33.25100937 -32.62622601  -5.00656433 -27.45568554
 -28.877461   -26.9836553  -25.92866244 -38.40873453 -15.4076416 ]
scheduled_ues:  [ 1  2  3  5  6  7  9 10 11 12 13 14]
(1, 15, 1, 4, 1, 1)
caused INR: -14.591240489050513
TpsAltruisticFromLsfGain + IndividualEstimated_INR + -12.5
None
ls_gain_coeffs:
[-119.06024304 -146.06848399 -144.43110008 -146.51740598 -119.64012157
 -145.90428004 -144.24070941 -143.61592605 -115.99626438 -138.44538559
 -139.86716104 -137.97335535 -136.91836248 -149.39843457 -126.39734165]
inrs_hat:  [ -8.070543   -35.07878395 -33.44140003 -35.52770594  -8.65042153
 -34.91458    -33.25100937 -32.62622601  -5.00656433 -27.45568554
 -28.877461   -26.9836553  -25.92866244 -38.40873453 -15.4076416 ]
scheduled_ues:  [ 1  2  3  5  6  7  9 10 11 12 13 14]
(1, 15, 1, 4, 1, 1)
caused INR: -14.591240489050513
TpsAltruisticFromLsfGain + IndividualEstimated_INR + -15.0
None
ls_gain_coeffs:
[-119.06024304 -146.06848399 -144.43110008 -146.51740598 -119.64012157
 -145.90428004 -144.24070941 -143.61592605 -115.99626438 -138.44538559
 -139.86716104 -137.97335535 -136.91836248 -149.39843457 -126.39734165]
inrs_hat:  [ -8.070543   -35.07878395 -33.44140003 -35.52770594  -8.65042153
 -34.91458    -33.25100937 -32.62622601  -5.00656433 -27.45568554
 -28.877461   -26.9836553  -25.92866244 -38.40873453 -15.4076416 ]
scheduled_ues:  [ 1  2  3  5  6  7  9 10 11 12 13 14]
(1, 15, 1, 4, 1, 1)
caused INR: -14.591240489050513
TpsAltruisticFromLsfGain + CumulativeIndividualEstimated_INR + -10.0
None
(1, 15, 1, 4, 1, 1)
caused INR: -14.591240489050513
TpsAltruisticFromLsfGain + CumulativeIndividualEstimated_INR + -12.5
None
(1, 15, 1, 4, 1, 1)
caused INR: -14.591240489050513
TpsAltruisticFromLsfGain + CumulativeIndividualEstimated_INR + -15.0
None
(1, 15, 1, 4, 1, 1)
caused INR: -22.717552327627327
TpsRandomic + IndividualEstimated_INR + -10.0
None
ls_gain_coeffs:
[-119.06024304 -129.52687845 -144.43110008 -134.46844506  -99.86006409
 -133.33599479 -144.24070941 -127.40012244 -101.19236189 -138.44538559
 -127.95975606 -120.59502274 -136.91836248 -149.39843457 -112.17276915]
inrs_hat:  [ -8.070543   -18.53717841 -33.44140003 -23.47874502  11.12963596
 -22.34629475 -33.25100937 -16.4104224    9.79733815 -27.45568554
 -16.97005602  -9.6053227  -25.92866244 -38.40873453  -1.18306911]
scheduled_ues:  [ 1  2  3  5  6  7  9 10 12 13]
(1, 15, 1, 4, 1, 1)
caused INR: -10.734052007873027
TpsRandomic + IndividualEstimated_INR + -12.5
None
ls_gain_coeffs:
[-101.47464453 -129.52687845 -143.20289437 -146.51740598 -107.18962909
 -137.65052116 -131.60377316 -127.40012244 -108.90935692 -122.08638471
 -139.86716104 -137.97335535 -136.91836248 -133.03580198 -113.0642554 ]
inrs_hat:  [  9.51505551 -18.53717841 -32.21319433 -35.52770594   3.80007095
 -26.66082111 -20.61407311 -16.4104224    2.08034312 -11.09668467
 -28.877461   -26.9836553  -25.92866244 -22.04610194  -2.07455536]
scheduled_ues:  [ 1  2  3  5  6  7 10 11 12 13]
(1, 15, 1, 4, 1, 1)
caused INR: -12.35097542159222
TpsRandomic + IndividualEstimated_INR + -15.0
None
ls_gain_coeffs:
[-101.47464453 -138.4467115  -144.43110008 -137.68394754 -104.97209908
 -133.33599479 -143.94770503 -137.50571652  -98.83005941 -122.08638471
 -139.86716104 -126.25995712 -136.91836248 -142.61703984 -123.7228829 ]
inrs_hat:  [  9.51505551 -27.45701146 -33.44140003 -26.69424749   6.01760097
 -22.34629475 -32.95800499 -26.51601648  12.15964064 -11.09668467
 -28.877461   -15.27025707 -25.92866244 -31.62733979 -12.73318286]
scheduled_ues:  [ 1  2  3  5  6  7 10 11 12 13]
(1, 15, 1, 4, 1, 1)
caused INR: -11.42497932898014
TpsRandomic + CumulativeIndividualEstimated_INR + -10.0
None
(1, 15, 1, 4, 1, 1)
caused INR: -17.314808416880492
TpsRandomic + CumulativeIndividualEstimated_INR + -12.5
None
(1, 15, 1, 4, 1, 1)
caused INR: -13.753825461675827
TpsRandomic + CumulativeIndividualEstimated_INR + -15.0
None
(1, 15, 1, 4, 1, 1)
caused INR: -9.821974222304622
Iteration number 38
TpsAltruisticFromLsfGain + IndividualEstimated_INR + -10.0
None
ls_gain_coeffs:
[-132.93909885 -147.20408528 -142.64486625 -137.12581056 -130.5883544
 -136.17595037 -144.90941723 -135.19542192 -139.10912892 -147.72778181
 -148.17641423 -147.69007087 -148.35990671 -140.04148977 -139.66171033]
inrs_hat:  [-21.94939881 -36.21438523 -31.65516621 -26.13611052 -19.59865436
 -25.18625032 -33.91971719 -24.20572188 -28.11942887 -36.73808177
 -37.18671419 -36.70037083 -37.37020667 -29.05178972 -28.67201029]
scheduled_ues:  [ 0  1  2  3  4  5  6  7  8  9 10 11 12 13 14]
(1, 15, 1, 4, 1, 1)
caused INR: -22.637106841155173
TpsAltruisticFromLsfGain + IndividualEstimated_INR + -12.5
None
ls_gain_coeffs:
[-132.93909885 -147.20408528 -142.64486625 -137.12581056 -130.5883544
 -136.17595037 -144.90941723 -135.19542192 -139.10912892 -147.72778181
 -148.17641423 -147.69007087 -148.35990671 -140.04148977 -139.66171033]
inrs_hat:  [-21.94939881 -36.21438523 -31.65516621 -26.13611052 -19.59865436
 -25.18625032 -33.91971719 -24.20572188 -28.11942887 -36.73808177
 -37.18671419 -36.70037083 -37.37020667 -29.05178972 -28.67201029]
scheduled_ues:  [ 0  1  2  3  4  5  6  7  8  9 10 11 12 13 14]
(1, 15, 1, 4, 1, 1)
caused INR: -22.637106841155173
TpsAltruisticFromLsfGain + IndividualEstimated_INR + -15.0
None
ls_gain_coeffs:
[-132.93909885 -147.20408528 -142.64486625 -137.12581056 -130.5883544
 -136.17595037 -144.90941723 -135.19542192 -139.10912892 -147.72778181
 -148.17641423 -147.69007087 -148.35990671 -140.04148977 -139.66171033]
inrs_hat:  [-21.94939881 -36.21438523 -31.65516621 -26.13611052 -19.59865436
 -25.18625032 -33.91971719 -24.20572188 -28.11942887 -36.73808177
 -37.18671419 -36.70037083 -37.37020667 -29.05178972 -28.67201029]
scheduled_ues:  [ 0  1  2  3  4  5  6  7  8  9 10 11 12 13 14]
(1, 15, 1, 4, 1, 1)
caused INR: -22.637106841155173
TpsAltruisticFromLsfGain + CumulativeIndividualEstimated_INR + -10.0
None
(1, 15, 1, 4, 1, 1)
caused INR: -22.637106841155173
TpsAltruisticFromLsfGain + CumulativeIndividualEstimated_INR + -12.5
None
(1, 15, 1, 4, 1, 1)
caused INR: -22.637106841155173
TpsAltruisticFromLsfGain + CumulativeIndividualEstimated_INR + -15.0
None
(1, 15, 1, 4, 1, 1)
caused INR: -21.47978245097353
TpsRandomic + IndividualEstimated_INR + -10.0
None
ls_gain_coeffs:
[-119.80900441 -147.20408528 -142.64486625 -132.63573926 -122.05744002
 -132.33617271 -134.29086026 -121.84361217 -139.10912892 -147.72778181
 -148.17641423 -132.59930871 -142.59591666 -123.71238664 -132.92993892]
inrs_hat:  [ -8.81930437 -36.21438523 -31.65516621 -21.64603921 -11.06773998
 -21.34647267 -23.30116022 -10.85391213 -28.11942887 -36.73808177
 -37.18671419 -21.60960867 -31.60621661 -12.7226866  -21.94023888]
scheduled_ues:  [ 1  2  3  4  5  6  7  8  9 10 11 12 13 14]
(1, 15, 1, 4, 1, 1)
caused INR: -9.914772834482706
TpsRandomic + IndividualEstimated_INR + -12.5
None
ls_gain_coeffs:
[-119.80900441 -141.11483194 -129.29661615 -123.18752013 -117.03416213
 -121.1744986  -134.29086026 -128.31085245 -126.64438083 -147.72778181
 -148.17641423 -147.69007087 -142.59591666 -140.04148977 -126.19793385]
inrs_hat:  [ -8.81930437 -30.1251319  -18.30691611 -12.19782008  -6.04446209
 -10.18479855 -23.30116022 -17.32115241 -15.65468078 -36.73808177
 -37.18671419 -36.70037083 -31.60621661 -29.05178972 -15.20823381]
scheduled_ues:  [ 1  2  6  7  8  9 10 11 12 13 14]
(1, 15, 1, 4, 1, 1)
caused INR: -13.61186398526849
TpsRandomic + IndividualEstimated_INR + -15.0
None
ls_gain_coeffs:
[-115.35707119 -133.39454285 -139.92491595 -123.18752013 -122.05744002
 -122.45442448 -134.28155887 -128.31085245 -126.62123274 -132.11306347
 -134.93244362 -147.69007087 -142.59591666 -123.71238664 -123.34313639]
inrs_hat:  [ -4.36737115 -22.4048428  -28.93521591 -12.19782008 -11.06773998
 -11.46472444 -23.29185883 -17.32115241 -15.6315327  -21.12336343
 -23.94274358 -36.70037083 -31.60621661 -12.7226866  -12.35343634]
scheduled_ues:  [ 1  2  6  7  8  9 10 11 12]
(1, 15, 1, 4, 1, 1)
caused INR: -11.873390589804718
TpsRandomic + CumulativeIndividualEstimated_INR + -10.0
None
(1, 15, 1, 4, 1, 1)
caused INR: -8.920378542011246
TpsRandomic + CumulativeIndividualEstimated_INR + -12.5
None
(1, 15, 1, 4, 1, 1)
caused INR: -11.769070570285237
TpsRandomic + CumulativeIndividualEstimated_INR + -15.0
None
(1, 15, 1, 4, 1, 1)
caused INR: -12.90367548148562
Iteration number 39
TpsAltruisticFromLsfGain + IndividualEstimated_INR + -10.0
None
ls_gain_coeffs:
[-140.55698306 -147.30724754 -129.85707056 -135.54458974 -146.58952019
 -152.09455759 -139.57748941 -141.71544866 -139.06710339 -137.90734114
 -132.69790388 -141.45722614 -146.78463298 -147.42625766 -139.70829098]
inrs_hat:  [-29.56728301 -36.31754749 -18.86737051 -24.55488969 -35.59982015
 -41.10485755 -28.58778936 -30.72574862 -28.07740334 -26.91764109
 -21.70820384 -30.4675261  -35.79493293 -36.43655762 -28.71859093]
scheduled_ues:  [ 0  1  2  3  4  5  6  7  8  9 10 11 12 13 14]
(1, 15, 1, 4, 1, 1)
caused INR: -11.74837816407177
TpsAltruisticFromLsfGain + IndividualEstimated_INR + -12.5
None
ls_gain_coeffs:
[-140.55698306 -147.30724754 -129.85707056 -135.54458974 -146.58952019
 -152.09455759 -139.57748941 -141.71544866 -139.06710339 -137.90734114
 -132.69790388 -141.45722614 -146.78463298 -147.42625766 -139.70829098]
inrs_hat:  [-29.56728301 -36.31754749 -18.86737051 -24.55488969 -35.59982015
 -41.10485755 -28.58778936 -30.72574862 -28.07740334 -26.91764109
 -21.70820384 -30.4675261  -35.79493293 -36.43655762 -28.71859093]
scheduled_ues:  [ 0  1  2  3  4  5  6  7  8  9 10 11 12 13 14]
(1, 15, 1, 4, 1, 1)
caused INR: -11.74837816407177
TpsAltruisticFromLsfGain + IndividualEstimated_INR + -15.0
None
ls_gain_coeffs:
[-140.55698306 -147.30724754 -129.85707056 -135.54458974 -146.58952019
 -152.09455759 -139.57748941 -141.71544866 -139.06710339 -137.90734114
 -132.69790388 -141.45722614 -146.78463298 -147.42625766 -139.70829098]
inrs_hat:  [-29.56728301 -36.31754749 -18.86737051 -24.55488969 -35.59982015
 -41.10485755 -28.58778936 -30.72574862 -28.07740334 -26.91764109
 -21.70820384 -30.4675261  -35.79493293 -36.43655762 -28.71859093]
scheduled_ues:  [ 0  1  2  3  4  5  6  7  8  9 10 11 12 13 14]
(1, 15, 1, 4, 1, 1)
caused INR: -11.74837816407177
TpsAltruisticFromLsfGain + CumulativeIndividualEstimated_INR + -10.0
None
(1, 15, 1, 4, 1, 1)
caused INR: -11.74837816407177
TpsAltruisticFromLsfGain + CumulativeIndividualEstimated_INR + -12.5
None
(1, 15, 1, 4, 1, 1)
caused INR: -11.74837816407177
TpsAltruisticFromLsfGain + CumulativeIndividualEstimated_INR + -15.0
None
(1, 15, 1, 4, 1, 1)
caused INR: -19.07969787935016
TpsRandomic + IndividualEstimated_INR + -10.0
None
ls_gain_coeffs:
[-127.44273508 -142.95703375 -121.70799374 -122.56297166 -129.71589761
 -152.09455759 -126.93646818 -127.71411054 -130.68148473 -121.71130207
 -122.25932751 -133.27734505 -146.78463298 -141.04670482 -128.49798472]
inrs_hat:  [-16.45303503 -31.96733371 -10.7182937  -11.57327162 -18.72619756
 -41.10485755 -15.94676814 -16.72441049 -19.69178468 -10.72160203
 -11.26962747 -22.28764501 -35.79493293 -30.05700478 -17.50828468]
scheduled_ues:  [ 0  1  2  3  4  5  6  7  8  9 10 11 12 13 14]
(1, 15, 1, 4, 1, 1)
caused INR: -12.07027800707252
TpsRandomic + IndividualEstimated_INR + -12.5
None
ls_gain_coeffs:
[-126.77008709 -142.95703375 -129.85707056 -122.02295358 -129.71589761
 -138.54722092 -127.0361788  -126.15437241 -139.06710339 -131.85221496
 -122.25932751 -124.77746926 -134.20144733 -133.65289191 -128.49798472]
inrs_hat:  [-15.78038705 -31.96733371 -18.86737051 -11.03325354 -18.72619756
 -27.55752088 -16.04647875 -15.16467237 -28.07740334 -20.86251492
 -11.26962747 -13.78776921 -23.21174728 -22.66319187 -17.50828468]
scheduled_ues:  [ 0  1  2  4  5  6  7  8  9 11 12 13 14]
(1, 15, 1, 4, 1, 1)
caused INR: -5.434109419116009
TpsRandomic + IndividualEstimated_INR + -15.0
None
ls_gain_coeffs:
[-126.77008709 -147.30724754 -113.11824034 -135.54458974 -136.53616358
 -138.54722092 -127.0361788  -137.03623429 -125.98571558 -137.90734114
 -132.69790388 -133.27734505 -134.20144733 -147.42625766 -128.49798472]
inrs_hat:  [-15.78038705 -36.31754749  -2.1285403  -24.55488969 -25.54646353
 -27.55752088 -16.04647875 -26.04653424 -14.99601553 -26.91764109
 -21.70820384 -22.28764501 -23.21174728 -36.43655762 -17.50828468]
scheduled_ues:  [ 0  1  3  4  5  6  7  9 10 11 12 13 14]
(1, 15, 1, 4, 1, 1)
caused INR: -8.017539664149
TpsRandomic + CumulativeIndividualEstimated_INR + -10.0
None
(1, 15, 1, 4, 1, 1)
caused INR: -17.244200880316317
TpsRandomic + CumulativeIndividualEstimated_INR + -12.5
None
(1, 15, 1, 4, 1, 1)
caused INR: -13.705290985124494
TpsRandomic + CumulativeIndividualEstimated_INR + -15.0
None
(1, 15, 1, 4, 1, 1)
caused INR: -14.421366389175867
Iteration number 40
TpsAltruisticFromLsfGain + IndividualEstimated_INR + -10.0
None
ls_gain_coeffs:
[-120.31984601 -139.43844921 -124.97061479 -137.32818339 -124.77922748
 -149.11959241 -141.42691572 -150.84915651 -119.32818431 -134.36891295
 -148.41918282 -131.42987747 -143.61005516 -145.27000468 -128.41924491]
inrs_hat:  [ -9.33014597 -28.44874917 -13.98091475 -26.33848335 -13.78952744
 -38.12989237 -30.43721567 -39.85945646  -8.33848427 -23.37921291
 -37.42948277 -20.44017742 -32.62035511 -34.28030463 -17.42954487]
scheduled_ues:  [ 1  2  3  4  5  6  7  9 10 11 12 13 14]
(1, 15, 1, 4, 1, 1)
caused INR: -7.110637075260259
TpsAltruisticFromLsfGain + IndividualEstimated_INR + -12.5
None
ls_gain_coeffs:
[-120.31984601 -139.43844921 -124.97061479 -137.32818339 -124.77922748
 -149.11959241 -141.42691572 -150.84915651 -119.32818431 -134.36891295
 -148.41918282 -131.42987747 -143.61005516 -145.27000468 -128.41924491]
inrs_hat:  [ -9.33014597 -28.44874917 -13.98091475 -26.33848335 -13.78952744
 -38.12989237 -30.43721567 -39.85945646  -8.33848427 -23.37921291
 -37.42948277 -20.44017742 -32.62035511 -34.28030463 -17.42954487]
scheduled_ues:  [ 1  2  3  4  5  6  7  9 10 11 12 13 14]
(1, 15, 1, 4, 1, 1)
caused INR: -7.110637075260259
TpsAltruisticFromLsfGain + IndividualEstimated_INR + -15.0
None
ls_gain_coeffs:
[-120.31984601 -139.43844921 -124.97061479 -137.32818339 -124.77922748
 -149.11959241 -141.42691572 -150.84915651 -119.32818431 -134.36891295
 -148.41918282 -131.42987747 -143.61005516 -145.27000468 -128.41924491]
inrs_hat:  [ -9.33014597 -28.44874917 -13.98091475 -26.33848335 -13.78952744
 -38.12989237 -30.43721567 -39.85945646  -8.33848427 -23.37921291
 -37.42948277 -20.44017742 -32.62035511 -34.28030463 -17.42954487]
scheduled_ues:  [ 1  3  5  6  7  9 10 11 12 13 14]
(1, 15, 1, 4, 1, 1)
caused INR: -15.629277050766024
TpsAltruisticFromLsfGain + CumulativeIndividualEstimated_INR + -10.0
None
(1, 15, 1, 4, 1, 1)
caused INR: -14.223478581073156
TpsAltruisticFromLsfGain + CumulativeIndividualEstimated_INR + -12.5
None
(1, 15, 1, 4, 1, 1)
caused INR: -15.629277050766024
TpsAltruisticFromLsfGain + CumulativeIndividualEstimated_INR + -15.0
None
(1, 15, 1, 4, 1, 1)
caused INR: -14.98637723680421
TpsRandomic + IndividualEstimated_INR + -10.0
None
ls_gain_coeffs:
[-113.1931805  -126.50840468 -112.19229612 -123.80067506 -124.77922748
 -134.97276689 -127.94477544 -134.34489591 -119.32818431 -129.61205745
 -140.56086777 -131.42987747 -143.61005516 -132.25922302 -116.74355188]
inrs_hat:  [ -2.20348046 -15.51870464  -1.20259607 -12.81097502 -13.78952744
 -23.98306685 -16.9550754  -23.35519587  -8.33848427 -18.62235741
 -29.57116772 -20.44017742 -32.62035511 -21.26952298  -5.75385184]
scheduled_ues:  [ 1  3  4  5  6  7  9 10 11 12 13]
(1, 15, 1, 4, 1, 1)
caused INR: -9.499223252301576
TpsRandomic + IndividualEstimated_INR + -12.5
None
ls_gain_coeffs:
[-103.36861428 -126.01996016 -112.19229612 -123.80067506 -112.2667809
 -133.08362085 -127.94477544 -150.84915651 -105.67864299 -134.36891295
 -135.50753918 -120.13006799 -131.02960914 -145.27000468 -116.74355188]
inrs_hat:  [  7.62108576 -15.03026011  -1.20259607 -12.81097502  -1.27708086
 -22.0939208  -16.9550754  -39.85945646   5.31105705 -23.37921291
 -24.51783914  -9.14036795 -20.0399091  -34.28030463  -5.75385184]
scheduled_ues:  [ 1  3  5  6  7  9 10 12 13]
(1, 15, 1, 4, 1, 1)
caused INR: -10.886291245481738
TpsRandomic + IndividualEstimated_INR + -15.0
None
ls_gain_coeffs:
[-105.98564807 -126.01996016 -107.56666781 -123.80067506 -112.2667809
 -134.97276689 -127.94477544 -150.84915651 -105.67864299 -134.36891295
 -148.41918282 -120.13006799 -131.02960914 -128.52412193 -116.74355188]
inrs_hat:  [  5.00405198 -15.03026011   3.42303223 -12.81097502  -1.27708086
 -23.98306685 -16.9550754  -39.85945646   5.31105705 -23.37921291
 -37.42948277  -9.14036795 -20.0399091  -17.53442188  -5.75385184]
scheduled_ues:  [ 1  5  6  7  9 10 12 13]
(1, 15, 1, 4, 1, 1)
caused INR: -7.384843584124111
TpsRandomic + CumulativeIndividualEstimated_INR + -10.0
None
(1, 15, 1, 4, 1, 1)
caused INR: -7.960270694745625
TpsRandomic + CumulativeIndividualEstimated_INR + -12.5
None
(1, 15, 1, 4, 1, 1)
caused INR: -22.576796777182654
TpsRandomic + CumulativeIndividualEstimated_INR + -15.0
None
(1, 15, 1, 4, 1, 1)
caused INR: -29.692867251389046
Iteration number 41
TpsAltruisticFromLsfGain + IndividualEstimated_INR + -10.0
None
ls_gain_coeffs:
[-118.97539395 -146.89699996 -129.91374838 -143.28951337 -122.4715292
 -134.21136733 -141.05072717 -134.43287628 -128.42532786 -129.94761695
 -149.17714598 -145.41013973 -129.9741259  -121.13470442 -114.61754394]
inrs_hat:  [ -7.98569391 -35.90729991 -18.92404834 -32.29981333 -11.48182916
 -23.22166729 -30.06102713 -23.44317623 -17.43562782 -18.9579169
 -38.18744593 -34.42043969 -18.98442585 -10.14500438  -3.6278439 ]
scheduled_ues:  [ 1  2  3  4  5  6  7  8  9 10 11 12 13]
(1, 15, 1, 4, 1, 1)
caused INR: -4.419715975599107
TpsAltruisticFromLsfGain + IndividualEstimated_INR + -12.5
None
ls_gain_coeffs:
[-118.97539395 -146.89699996 -129.91374838 -143.28951337 -122.4715292
 -134.21136733 -141.05072717 -134.43287628 -128.42532786 -129.94761695
 -149.17714598 -145.41013973 -129.9741259  -121.13470442 -114.61754394]
inrs_hat:  [ -7.98569391 -35.90729991 -18.92404834 -32.29981333 -11.48182916
 -23.22166729 -30.06102713 -23.44317623 -17.43562782 -18.9579169
 -38.18744593 -34.42043969 -18.98442585 -10.14500438  -3.6278439 ]
scheduled_ues:  [ 1  2  3  5  6  7  8  9 10 11 12]
(1, 15, 1, 4, 1, 1)
caused INR: -15.946480115275655
TpsAltruisticFromLsfGain + IndividualEstimated_INR + -15.0
None
ls_gain_coeffs:
[-118.97539395 -146.89699996 -129.91374838 -143.28951337 -122.4715292
 -134.21136733 -141.05072717 -134.43287628 -128.42532786 -129.94761695
 -149.17714598 -145.41013973 -129.9741259  -121.13470442 -114.61754394]
inrs_hat:  [ -7.98569391 -35.90729991 -18.92404834 -32.29981333 -11.48182916
 -23.22166729 -30.06102713 -23.44317623 -17.43562782 -18.9579169
 -38.18744593 -34.42043969 -18.98442585 -10.14500438  -3.6278439 ]
scheduled_ues:  [ 1  2  3  5  6  7  8  9 10 11 12]
(1, 15, 1, 4, 1, 1)
caused INR: -15.946480115275655
TpsAltruisticFromLsfGain + CumulativeIndividualEstimated_INR + -10.0
None
(1, 15, 1, 4, 1, 1)
caused INR: -15.946480115275655
TpsAltruisticFromLsfGain + CumulativeIndividualEstimated_INR + -12.5
None
(1, 15, 1, 4, 1, 1)
caused INR: -23.882822301887217
TpsAltruisticFromLsfGain + CumulativeIndividualEstimated_INR + -15.0
None
(1, 15, 1, 4, 1, 1)
caused INR: -25.484751582505076
TpsRandomic + IndividualEstimated_INR + -10.0
None
ls_gain_coeffs:
[-118.97539395 -130.16637707 -112.65588874 -128.64151463 -105.24206959
 -134.21136733 -135.45819347 -120.37728408 -128.42532786 -112.64101181
 -132.97602558 -136.79529031 -118.19954512 -108.6662775   -96.01012799]
inrs_hat:  [ -7.98569391 -19.17667703  -1.66618869 -17.65181459   5.74763045
 -23.22166729 -24.46849342  -9.38758404 -17.43562782  -1.65131177
 -21.98632553 -25.80559027  -7.20984507   2.32342255  14.97957205]
scheduled_ues:  [ 1  3  5  6  8 10 11]
(1, 15, 1, 4, 1, 1)
caused INR: -17.118557742570598
TpsRandomic + IndividualEstimated_INR + -12.5
None
ls_gain_coeffs:
[-117.76619402 -130.16637707 -116.54997174 -139.97991526 -111.72779727
 -119.70045031 -126.74494927 -120.37728408 -122.2434268  -122.29738627
 -135.5006823  -128.53166535 -112.36828195 -108.6662775  -102.62786322]
inrs_hat:  [ -6.77649398 -19.17667703  -5.5602717  -28.99021522  -0.73809723
  -8.71075027 -15.75524923  -9.38758404 -11.25372676 -11.30768623
 -24.51098226 -17.54196531  -1.37858191   2.32342255   8.36183683]
scheduled_ues:  [ 1  3  6 10 11]
(1, 15, 1, 4, 1, 1)
caused INR: -19.674516788252745
TpsRandomic + IndividualEstimated_INR + -15.0
None
ls_gain_coeffs:
[-105.72766067 -146.89699996 -121.20340573 -139.97991526 -111.19794191
 -119.70045031 -135.45819347 -134.43287628 -111.92783067 -122.29738627
 -132.97602558 -128.53166535 -118.97861879 -121.09446404  -96.01012799]
inrs_hat:  [  5.26203938 -35.90729991 -10.21370569 -28.99021522  -0.20824186
  -8.71075027 -24.46849342 -23.44317623  -0.93813062 -11.30768623
 -21.98632553 -17.54196531  -7.98891875 -10.10476399  14.97957205]
scheduled_ues:  [ 1  3  6  7 10 11]
(1, 15, 1, 4, 1, 1)
caused INR: -27.631039421405333
TpsRandomic + CumulativeIndividualEstimated_INR + -10.0
None
(1, 15, 1, 4, 1, 1)
caused INR: -12.076037583936197
TpsRandomic + CumulativeIndividualEstimated_INR + -12.5
None
(1, 15, 1, 4, 1, 1)
caused INR: -25.566327574466932
TpsRandomic + CumulativeIndividualEstimated_INR + -15.0
None
(1, 15, 1, 4, 1, 1)
caused INR: -16.77330349253279
Iteration number 42
TpsAltruisticFromLsfGain + IndividualEstimated_INR + -10.0
None
ls_gain_coeffs:
[-134.82111692 -137.86192863 -134.72432429 -136.99271362 -102.34652273
 -143.00519108 -140.24748892 -133.26959461 -132.02067776 -130.410052
 -145.71291021 -136.25110817 -138.5523822  -136.62701994 -131.55828422]
inrs_hat:  [-23.83141688 -26.87222859 -23.73462425 -26.00301358   8.64317732
 -32.01549104 -29.25778888 -22.27989456 -21.03097772 -19.42035196
 -34.72321016 -25.26140813 -27.56268216 -25.63731989 -20.56858418]
scheduled_ues:  [ 0  1  2  3  5  6  7  8  9 10 11 12 13 14]
(1, 15, 1, 4, 1, 1)
caused INR: -11.546883567833437
TpsAltruisticFromLsfGain + IndividualEstimated_INR + -12.5
None
ls_gain_coeffs:
[-134.82111692 -137.86192863 -134.72432429 -136.99271362 -102.34652273
 -143.00519108 -140.24748892 -133.26959461 -132.02067776 -130.410052
 -145.71291021 -136.25110817 -138.5523822  -136.62701994 -131.55828422]
inrs_hat:  [-23.83141688 -26.87222859 -23.73462425 -26.00301358   8.64317732
 -32.01549104 -29.25778888 -22.27989456 -21.03097772 -19.42035196
 -34.72321016 -25.26140813 -27.56268216 -25.63731989 -20.56858418]
scheduled_ues:  [ 0  1  2  3  5  6  7  8  9 10 11 12 13 14]
(1, 15, 1, 4, 1, 1)
caused INR: -11.546883567833437
TpsAltruisticFromLsfGain + IndividualEstimated_INR + -15.0
None
ls_gain_coeffs:
[-134.82111692 -137.86192863 -134.72432429 -136.99271362 -102.34652273
 -143.00519108 -140.24748892 -133.26959461 -132.02067776 -130.410052
 -145.71291021 -136.25110817 -138.5523822  -136.62701994 -131.55828422]
inrs_hat:  [-23.83141688 -26.87222859 -23.73462425 -26.00301358   8.64317732
 -32.01549104 -29.25778888 -22.27989456 -21.03097772 -19.42035196
 -34.72321016 -25.26140813 -27.56268216 -25.63731989 -20.56858418]
scheduled_ues:  [ 0  1  2  3  5  6  7  8  9 10 11 12 13 14]
(1, 15, 1, 4, 1, 1)
caused INR: -11.546883567833437
TpsAltruisticFromLsfGain + CumulativeIndividualEstimated_INR + -10.0
None
(1, 15, 1, 4, 1, 1)
caused INR: -11.546883567833437
TpsAltruisticFromLsfGain + CumulativeIndividualEstimated_INR + -12.5
None
(1, 15, 1, 4, 1, 1)
caused INR: -14.869598158967392
TpsAltruisticFromLsfGain + CumulativeIndividualEstimated_INR + -15.0
None
(1, 15, 1, 4, 1, 1)
caused INR: -16.18369735832589
TpsRandomic + IndividualEstimated_INR + -10.0
None
ls_gain_coeffs:
[-127.05878683 -120.95776516 -134.72432429 -136.99271362  -86.66694034
 -136.12150099 -123.33141088 -124.82832435 -132.02067776 -121.7400048
 -129.41250276 -136.25110817 -133.1027221  -136.62701994 -118.24171959]
inrs_hat:  [-16.06908679  -9.96806511 -23.73462425 -26.00301358  24.32275971
 -25.13180095 -12.34171084 -13.83862431 -21.03097772 -10.75030476
 -18.42280272 -25.26140813 -22.11302205 -25.63731989  -7.25201954]
scheduled_ues:  [ 0  2  3  5  6  7  8  9 10 11 12 13]
(1, 15, 1, 4, 1, 1)
caused INR: -0.4628474064628036
TpsRandomic + IndividualEstimated_INR + -12.5
None
ls_gain_coeffs:
[-121.93366565 -120.95776516 -134.72432429 -126.71667394  -92.63257556
 -136.12150099 -131.65755902 -116.59770965 -132.02067776 -117.68568635
 -139.42060838 -121.92128429 -138.5523822  -136.62701994 -118.24171959]
inrs_hat:  [-10.94396561  -9.96806511 -23.73462425 -15.7269739   18.35712449
 -25.13180095 -20.66785897  -5.60800961 -21.03097772  -6.69598631
 -28.43090834 -10.93158425 -27.56268216 -25.63731989  -7.25201954]
scheduled_ues:  [ 2  3  5  6  8 10 12 13]
(1, 15, 1, 4, 1, 1)
caused INR: -11.574712690463489
TpsRandomic + IndividualEstimated_INR + -15.0
None
ls_gain_coeffs:
[-134.82111692 -124.70007666 -134.72432429 -136.99271362  -86.66694034
 -129.2314456  -140.24748892 -133.26959461 -114.14647636 -117.68568635
 -131.84599714 -121.92128429 -133.1027221  -136.44044942 -128.93339031]
inrs_hat:  [-23.83141688 -13.71037662 -23.73462425 -26.00301358  24.32275971
 -18.24174555 -29.25778888 -22.27989456  -3.15677631  -6.69598631
 -20.8562971  -10.93158425 -22.11302205 -25.45074938 -17.94369027]
scheduled_ues:  [ 0  2  3  5  6  7 10 12 13 14]
(1, 15, 1, 4, 1, 1)
caused INR: -6.970479017239781
TpsRandomic + CumulativeIndividualEstimated_INR + -10.0
None
(1, 15, 1, 4, 1, 1)
caused INR: -8.547629892924594
TpsRandomic + CumulativeIndividualEstimated_INR + -12.5
None
(1, 15, 1, 4, 1, 1)
caused INR: -12.12510073324599
TpsRandomic + CumulativeIndividualEstimated_INR + -15.0
None
(1, 15, 1, 4, 1, 1)
caused INR: -26.59212570183842
Iteration number 43
TpsAltruisticFromLsfGain + IndividualEstimated_INR + -10.0
None
ls_gain_coeffs:
[-146.46549887 -147.353465   -134.92741992 -140.74772819 -149.43950708
 -140.55560996 -138.11994865 -131.07006748 -119.02476456 -116.16683953
 -130.75924317 -147.67282511 -151.58450539 -150.45956545 -134.4760736 ]
inrs_hat:  [-35.47579882 -36.36376496 -23.93771988 -29.75802814 -38.44980704
 -29.56590992 -27.1302486  -20.08036743  -8.03506452  -5.17713949
 -19.76954313 -36.68312506 -40.59480535 -39.46986541 -23.48637355]
scheduled_ues:  [ 0  1  2  3  4  5  6  7 10 11 12 13 14]
(1, 15, 1, 4, 1, 1)
caused INR: -21.3721345636653
TpsAltruisticFromLsfGain + IndividualEstimated_INR + -12.5
None
ls_gain_coeffs:
[-146.46549887 -147.353465   -134.92741992 -140.74772819 -149.43950708
 -140.55560996 -138.11994865 -131.07006748 -119.02476456 -116.16683953
 -130.75924317 -147.67282511 -151.58450539 -150.45956545 -134.4760736 ]
inrs_hat:  [-35.47579882 -36.36376496 -23.93771988 -29.75802814 -38.44980704
 -29.56590992 -27.1302486  -20.08036743  -8.03506452  -5.17713949
 -19.76954313 -36.68312506 -40.59480535 -39.46986541 -23.48637355]
scheduled_ues:  [ 0  1  2  3  4  5  6  7 10 11 12 13 14]
(1, 15, 1, 4, 1, 1)
caused INR: -21.3721345636653
TpsAltruisticFromLsfGain + IndividualEstimated_INR + -15.0
None
ls_gain_coeffs:
[-146.46549887 -147.353465   -134.92741992 -140.74772819 -149.43950708
 -140.55560996 -138.11994865 -131.07006748 -119.02476456 -116.16683953
 -130.75924317 -147.67282511 -151.58450539 -150.45956545 -134.4760736 ]
inrs_hat:  [-35.47579882 -36.36376496 -23.93771988 -29.75802814 -38.44980704
 -29.56590992 -27.1302486  -20.08036743  -8.03506452  -5.17713949
 -19.76954313 -36.68312506 -40.59480535 -39.46986541 -23.48637355]
scheduled_ues:  [ 0  1  2  3  4  5  6  7 10 11 12 13 14]
(1, 15, 1, 4, 1, 1)
caused INR: -21.3721345636653
TpsAltruisticFromLsfGain + CumulativeIndividualEstimated_INR + -10.0
None
(1, 15, 1, 4, 1, 1)
caused INR: -21.3721345636653
TpsAltruisticFromLsfGain + CumulativeIndividualEstimated_INR + -12.5
None
(1, 15, 1, 4, 1, 1)
caused INR: -21.3721345636653
TpsAltruisticFromLsfGain + CumulativeIndividualEstimated_INR + -15.0
None
(1, 15, 1, 4, 1, 1)
caused INR: -22.80485597923198
TpsRandomic + IndividualEstimated_INR + -10.0
None
ls_gain_coeffs:
[-146.46549887 -141.124496   -126.6225422  -140.74772819 -146.88255717
 -138.67785348 -123.94601231 -116.84813348 -107.1280819  -114.99961631
 -118.26303228 -147.67282511 -151.58450539 -134.33994476 -134.4760736 ]
inrs_hat:  [-35.47579882 -30.13479595 -15.63284216 -29.75802814 -35.89285713
 -27.68815344 -12.95631226  -5.85843344   3.86161815  -4.00991627
  -7.27333224 -36.68312506 -40.59480535 -23.35024472 -23.48637355]
scheduled_ues:  [ 0  1  2  3  4  5  6 11 12 13 14]
(1, 15, 1, 4, 1, 1)
caused INR: -14.562556720036973
TpsRandomic + IndividualEstimated_INR + -12.5
None
ls_gain_coeffs:
[-133.60220501 -131.15758973 -126.6225422  -125.58919616 -136.14559045
 -127.48809113 -132.88628224 -131.07006748 -107.1280819  -103.33616513
 -118.20842139 -137.3932195  -151.58450539 -134.33994476 -134.4760736 ]
inrs_hat:  [-22.61250497 -20.16788969 -15.63284216 -14.59949611 -25.1558904
 -16.49839109 -21.8965822  -20.08036743   3.86161815   7.65353492
  -7.21872134 -26.40351946 -40.59480535 -23.35024472 -23.48637355]
scheduled_ues:  [ 0  1  2  3  4  5  6  7 11 12 13 14]
(1, 15, 1, 4, 1, 1)
caused INR: -9.848836327575288
TpsRandomic + IndividualEstimated_INR + -15.0
None
ls_gain_coeffs:
[-146.46549887 -147.353465   -126.6225422  -125.58919616 -146.88255717
 -138.67785348 -138.11994865 -115.06779949 -107.75728324 -114.99961631
 -118.20842139 -137.3932195  -143.98902646 -150.45956545 -134.4760736 ]
inrs_hat:  [-35.47579882 -36.36376496 -15.63284216 -14.59949611 -35.89285713
 -27.68815344 -27.1302486   -4.07809944   3.2324168   -4.00991627
  -7.21872134 -26.40351946 -32.99932642 -39.46986541 -23.48637355]
scheduled_ues:  [ 0  1  2  4  5  6 11 12 13 14]
(1, 15, 1, 4, 1, 1)
caused INR: -25.12869586539894
TpsRandomic + CumulativeIndividualEstimated_INR + -10.0
None
(1, 15, 1, 4, 1, 1)
caused INR: -9.128910306615476
TpsRandomic + CumulativeIndividualEstimated_INR + -12.5
None
(1, 15, 1, 4, 1, 1)
caused INR: -5.895904985137433
TpsRandomic + CumulativeIndividualEstimated_INR + -15.0
None
(1, 15, 1, 4, 1, 1)
caused INR: -17.57917446373299
Iteration number 44
TpsAltruisticFromLsfGain + IndividualEstimated_INR + -10.0
None
ls_gain_coeffs:
[-138.7665459  -110.05276986 -143.29924629 -150.13594493 -129.19176793
 -134.64979745 -149.56876238 -141.39342157 -136.81843374 -123.7260792
 -138.87077677 -143.87062074 -135.2151866  -145.50170496 -137.65635974]
inrs_hat:  [-27.77684586   0.93693019 -32.30954625 -39.14624489 -18.20206789
 -23.66009741 -38.57906233 -30.40372152 -25.8287337  -12.73637916
 -27.88107673 -32.8809207  -24.22548656 -34.51200492 -26.66665969]
scheduled_ues:  [ 0  2  3  4  5  6  7  8  9 10 11 12 13 14]
(1, 15, 1, 4, 1, 1)
caused INR: -13.92971477718422
TpsAltruisticFromLsfGain + IndividualEstimated_INR + -12.5
None
ls_gain_coeffs:
[-138.7665459  -110.05276986 -143.29924629 -150.13594493 -129.19176793
 -134.64979745 -149.56876238 -141.39342157 -136.81843374 -123.7260792
 -138.87077677 -143.87062074 -135.2151866  -145.50170496 -137.65635974]
inrs_hat:  [-27.77684586   0.93693019 -32.30954625 -39.14624489 -18.20206789
 -23.66009741 -38.57906233 -30.40372152 -25.8287337  -12.73637916
 -27.88107673 -32.8809207  -24.22548656 -34.51200492 -26.66665969]
scheduled_ues:  [ 0  2  3  4  5  6  7  8  9 10 11 12 13 14]
(1, 15, 1, 4, 1, 1)
caused INR: -13.92971477718422
TpsAltruisticFromLsfGain + IndividualEstimated_INR + -15.0
None
ls_gain_coeffs:
[-138.7665459  -110.05276986 -143.29924629 -150.13594493 -129.19176793
 -134.64979745 -149.56876238 -141.39342157 -136.81843374 -123.7260792
 -138.87077677 -143.87062074 -135.2151866  -145.50170496 -137.65635974]
inrs_hat:  [-27.77684586   0.93693019 -32.30954625 -39.14624489 -18.20206789
 -23.66009741 -38.57906233 -30.40372152 -25.8287337  -12.73637916
 -27.88107673 -32.8809207  -24.22548656 -34.51200492 -26.66665969]
scheduled_ues:  [ 0  2  3  4  5  6  7  8 10 11 12 13 14]
(1, 15, 1, 4, 1, 1)
caused INR: -23.96635149127404
TpsAltruisticFromLsfGain + CumulativeIndividualEstimated_INR + -10.0
None
(1, 15, 1, 4, 1, 1)
caused INR: -13.92971477718422
TpsAltruisticFromLsfGain + CumulativeIndividualEstimated_INR + -12.5
None
(1, 15, 1, 4, 1, 1)
caused INR: -23.96635149127404
TpsAltruisticFromLsfGain + CumulativeIndividualEstimated_INR + -15.0
None
(1, 15, 1, 4, 1, 1)
caused INR: -20.961835302923983
TpsRandomic + IndividualEstimated_INR + -10.0
None
ls_gain_coeffs:
[-121.72810098  -94.23213444 -127.32237039 -137.13037347 -118.81580494
 -126.6605083  -135.5128018  -127.77315395 -123.69336043 -117.02203802
 -138.87077677 -142.44222056 -128.73921467 -132.1934758  -123.74990796]
inrs_hat:  [-10.73840094  16.75756561 -16.33267035 -26.14067343  -7.82610489
 -15.67080825 -24.52310176 -16.78345391 -12.70366039  -6.03233797
 -27.88107673 -31.45252052 -17.74951462 -21.20377576 -12.76020792]
scheduled_ues:  [ 0  2  3  5  6  7  8 10 11 12 13 14]
(1, 15, 1, 4, 1, 1)
caused INR: -10.538684584194248
TpsRandomic + IndividualEstimated_INR + -12.5
None
ls_gain_coeffs:
[-121.72810098  -94.23213444 -127.32237039 -142.62177407 -118.81580494
 -118.05715419 -135.5128018  -137.85741871 -123.00988713 -117.02203802
 -126.49515128 -143.87062074 -128.73921467 -132.1934758  -137.65635974]
inrs_hat:  [-10.73840094  16.75756561 -16.33267035 -31.63207403  -7.82610489
  -7.06745415 -24.52310176 -26.86771867 -12.02018708  -6.03233797
 -15.50545123 -32.8809207  -17.74951462 -21.20377576 -26.66665969]
scheduled_ues:  [ 2  3  6  7 10 11 12 13 14]
(1, 15, 1, 4, 1, 1)
caused INR: -11.909474798000048
TpsRandomic + IndividualEstimated_INR + -15.0
None
ls_gain_coeffs:
[-121.72810098  -90.3845402  -127.32237039 -142.62177407 -118.81580494
 -126.6605083  -133.89844123 -127.77315395 -136.81843374 -106.81511841
 -138.87077677 -130.47675396 -121.57325659 -145.50170496 -123.74990796]
inrs_hat:  [-10.73840094  20.60515984 -16.33267035 -31.63207403  -7.82610489
 -15.67080825 -22.90874118 -16.78345391 -25.8287337    4.17458163
 -27.88107673 -19.48705391 -10.58355655 -34.51200492 -12.76020792]
scheduled_ues:  [ 2  3  5  6  7  8 10 11 13]
(1, 15, 1, 4, 1, 1)
caused INR: -19.011263439460883
TpsRandomic + CumulativeIndividualEstimated_INR + -10.0
None
(1, 15, 1, 4, 1, 1)
caused INR: -20.823452890769723
TpsRandomic + CumulativeIndividualEstimated_INR + -12.5
None
(1, 15, 1, 4, 1, 1)
caused INR: -9.953633138785946
TpsRandomic + CumulativeIndividualEstimated_INR + -15.0
None
(1, 15, 1, 4, 1, 1)
caused INR: -25.48920986874125
Iteration number 45
TpsAltruisticFromLsfGain + IndividualEstimated_INR + -10.0
None
ls_gain_coeffs:
[-122.3071836  -142.09928089 -130.06689064 -148.62285859 -142.73230671
 -133.85518367 -145.81489609 -138.047768   -141.20233914 -143.41464834
 -126.96654674 -146.34739386 -141.61295413 -126.33589676 -144.2009189 ]
inrs_hat:  [-11.31748356 -31.10958085 -19.07719059 -37.63315855 -31.74260667
 -22.86548363 -34.82519604 -27.05806796 -30.2126391  -32.42494829
 -15.9768467  -35.35769381 -30.62325409 -15.34619672 -33.21121885]
scheduled_ues:  [ 0  1  2  3  4  5  6  7  8  9 10 11 12 13 14]
(1, 15, 1, 4, 1, 1)
caused INR: -9.369341243089298
TpsAltruisticFromLsfGain + IndividualEstimated_INR + -12.5
None
ls_gain_coeffs:
[-122.3071836  -142.09928089 -130.06689064 -148.62285859 -142.73230671
 -133.85518367 -145.81489609 -138.047768   -141.20233914 -143.41464834
 -126.96654674 -146.34739386 -141.61295413 -126.33589676 -144.2009189 ]
inrs_hat:  [-11.31748356 -31.10958085 -19.07719059 -37.63315855 -31.74260667
 -22.86548363 -34.82519604 -27.05806796 -30.2126391  -32.42494829
 -15.9768467  -35.35769381 -30.62325409 -15.34619672 -33.21121885]
scheduled_ues:  [ 1  2  3  4  5  6  7  8  9 10 11 12 13 14]
(1, 15, 1, 4, 1, 1)
caused INR: -9.37819729866997
TpsAltruisticFromLsfGain + IndividualEstimated_INR + -15.0
None
ls_gain_coeffs:
[-122.3071836  -142.09928089 -130.06689064 -148.62285859 -142.73230671
 -133.85518367 -145.81489609 -138.047768   -141.20233914 -143.41464834
 -126.96654674 -146.34739386 -141.61295413 -126.33589676 -144.2009189 ]
inrs_hat:  [-11.31748356 -31.10958085 -19.07719059 -37.63315855 -31.74260667
 -22.86548363 -34.82519604 -27.05806796 -30.2126391  -32.42494829
 -15.9768467  -35.35769381 -30.62325409 -15.34619672 -33.21121885]
scheduled_ues:  [ 1  2  3  4  5  6  7  8  9 10 11 12 13 14]
(1, 15, 1, 4, 1, 1)
caused INR: -9.37819729866997
TpsAltruisticFromLsfGain + CumulativeIndividualEstimated_INR + -10.0
None
(1, 15, 1, 4, 1, 1)
caused INR: -9.37819729866997
TpsAltruisticFromLsfGain + CumulativeIndividualEstimated_INR + -12.5
None
(1, 15, 1, 4, 1, 1)
caused INR: -7.34226884425203
TpsAltruisticFromLsfGain + CumulativeIndividualEstimated_INR + -15.0
None
(1, 15, 1, 4, 1, 1)
caused INR: -13.401422248034162
TpsRandomic + IndividualEstimated_INR + -10.0
None
ls_gain_coeffs:
[-106.99633137 -132.44058075 -130.06689064 -137.6242539  -136.35460016
 -132.94865533 -132.32818252 -121.02813356 -139.63437442 -143.41464834
 -112.84465393 -143.23173325 -134.62913119 -126.33589676 -144.2009189 ]
inrs_hat:  [  3.99336867 -21.45088071 -19.07719059 -26.63455386 -25.36490012
 -21.95895529 -21.33848248 -10.03843352 -28.64467438 -32.42494829
  -1.85495389 -32.24203321 -23.63943114 -15.34619672 -33.21121885]
scheduled_ues:  [ 1  2  3  4  5  6  7  8  9 11 12 13 14]
(1, 15, 1, 4, 1, 1)
caused INR: -7.474067023056904
TpsRandomic + IndividualEstimated_INR + -12.5
None
ls_gain_coeffs:
[-122.3071836  -125.13354611 -129.16558312 -148.62285859 -136.35460016
 -132.94865533 -145.81489609 -129.65299699 -141.20233914 -143.41464834
 -112.84465393 -146.34739386 -141.61295413 -112.0258039  -127.54600761]
inrs_hat:  [-11.31748356 -14.14384607 -18.17588308 -37.63315855 -25.36490012
 -21.95895529 -34.82519604 -18.66329694 -30.2126391  -32.42494829
  -1.85495389 -35.35769381 -30.62325409  -1.03610386 -16.55630756]
scheduled_ues:  [ 1  2  3  4  5  6  7  8  9 11 12 14]
(1, 15, 1, 4, 1, 1)
caused INR: -19.63401830410366
TpsRandomic + IndividualEstimated_INR + -15.0
None
ls_gain_coeffs:
[-106.99633137 -142.09928089 -117.3248548  -138.6505396  -128.95231443
 -120.80923145 -145.81489609 -129.65299699 -127.71542933 -129.96099195
 -113.68480034 -146.34739386 -141.61295413 -126.33589676 -144.2009189 ]
inrs_hat:  [  3.99336867 -31.10958085  -6.33515476 -27.66083955 -17.96261438
  -9.8195314  -34.82519604 -18.66329694 -16.72572929 -18.9712919
  -2.69510029 -35.35769381 -30.62325409 -15.34619672 -33.21121885]
scheduled_ues:  [ 1  3  4  6  7  8  9 11 12 13 14]
(1, 15, 1, 4, 1, 1)
caused INR: -14.442888689624258
TpsRandomic + CumulativeIndividualEstimated_INR + -10.0
None
(1, 15, 1, 4, 1, 1)
caused INR: -15.634775679523262
TpsRandomic + CumulativeIndividualEstimated_INR + -12.5
None
(1, 15, 1, 4, 1, 1)
caused INR: -10.94908658460942
TpsRandomic + CumulativeIndividualEstimated_INR + -15.0
None
(1, 15, 1, 4, 1, 1)
caused INR: -22.105342342073982
Iteration number 46
TpsAltruisticFromLsfGain + IndividualEstimated_INR + -10.0
None
ls_gain_coeffs:
[-148.73662135 -128.5877898  -133.54348509 -148.38044569 -146.91321285
 -137.45911706 -143.39525492 -145.07633532 -139.63158333 -138.80075966
 -137.34835632 -133.05352276 -146.56143717 -124.18835479 -150.66270834]
inrs_hat:  [-37.7469213  -17.59808975 -22.55378504 -37.39074564 -35.92351281
 -26.46941702 -32.40555488 -34.08663528 -28.64188329 -27.81105962
 -26.35865628 -22.06382272 -35.57173713 -13.19865474 -39.67300829]
scheduled_ues:  [ 0  1  2  3  4  5  6  7  8  9 10 11 12 13 14]
(1, 15, 1, 4, 1, 1)
caused INR: -11.675430891168809
TpsAltruisticFromLsfGain + IndividualEstimated_INR + -12.5
None
ls_gain_coeffs:
[-148.73662135 -128.5877898  -133.54348509 -148.38044569 -146.91321285
 -137.45911706 -143.39525492 -145.07633532 -139.63158333 -138.80075966
 -137.34835632 -133.05352276 -146.56143717 -124.18835479 -150.66270834]
inrs_hat:  [-37.7469213  -17.59808975 -22.55378504 -37.39074564 -35.92351281
 -26.46941702 -32.40555488 -34.08663528 -28.64188329 -27.81105962
 -26.35865628 -22.06382272 -35.57173713 -13.19865474 -39.67300829]
scheduled_ues:  [ 0  1  2  3  4  5  6  7  8  9 10 11 12 13 14]
(1, 15, 1, 4, 1, 1)
caused INR: -11.675430891168809
TpsAltruisticFromLsfGain + IndividualEstimated_INR + -15.0
None
ls_gain_coeffs:
[-148.73662135 -128.5877898  -133.54348509 -148.38044569 -146.91321285
 -137.45911706 -143.39525492 -145.07633532 -139.63158333 -138.80075966
 -137.34835632 -133.05352276 -146.56143717 -124.18835479 -150.66270834]
inrs_hat:  [-37.7469213  -17.59808975 -22.55378504 -37.39074564 -35.92351281
 -26.46941702 -32.40555488 -34.08663528 -28.64188329 -27.81105962
 -26.35865628 -22.06382272 -35.57173713 -13.19865474 -39.67300829]
scheduled_ues:  [ 0  1  2  3  4  5  6  7  8  9 10 11 12 14]
(1, 15, 1, 4, 1, 1)
caused INR: -13.53060604002942
TpsAltruisticFromLsfGain + CumulativeIndividualEstimated_INR + -10.0
None
(1, 15, 1, 4, 1, 1)
caused INR: -11.675430891168809
TpsAltruisticFromLsfGain + CumulativeIndividualEstimated_INR + -12.5
None
(1, 15, 1, 4, 1, 1)
caused INR: -13.53060604002942
TpsAltruisticFromLsfGain + CumulativeIndividualEstimated_INR + -15.0
None
(1, 15, 1, 4, 1, 1)
caused INR: -12.064991817676242
TpsRandomic + IndividualEstimated_INR + -10.0
None
ls_gain_coeffs:
[-132.7587427  -115.27823721 -124.64598489 -148.38044569 -130.44695866
 -137.45911706 -143.39525492 -145.07633532 -122.58592467 -125.38346251
 -124.44140548 -125.26956605 -130.4036286  -105.39095635 -138.41981901]
inrs_hat:  [-21.76904266  -4.28853716 -13.65628485 -37.39074564 -19.45725862
 -26.46941702 -32.40555488 -34.08663528 -11.59622462 -14.39376246
 -13.45170544 -14.27986601 -19.41392855   5.59874369 -27.43011897]
scheduled_ues:  [ 0  2  3  4  5  6  7  8  9 10 11 12 14]
(1, 15, 1, 4, 1, 1)
caused INR: -2.995397758930512
TpsRandomic + IndividualEstimated_INR + -12.5
None
ls_gain_coeffs:
[-132.7587427  -114.41028462 -116.52756443 -133.97906694 -146.91321285
 -137.45911706 -137.30680789 -145.07633532 -139.63158333 -130.49860276
 -124.6740809  -118.20962442 -132.38603689 -124.18835479 -142.15749095]
inrs_hat:  [-21.76904266  -3.42058457  -5.53786439 -22.9893669  -35.92351281
 -26.46941702 -26.31710785 -34.08663528 -28.64188329 -19.50890271
 -13.68438086  -7.21992438 -21.39633684 -13.19865474 -31.1677909 ]
scheduled_ues:  [ 0  3  4  5  6  7  8  9 10 12 13 14]
(1, 15, 1, 4, 1, 1)
caused INR: -11.18283679478665
TpsRandomic + IndividualEstimated_INR + -15.0
None
ls_gain_coeffs:
[-134.52688202 -114.41028462 -116.52756443 -145.44077757 -146.91321285
 -120.69356077 -137.30680789 -130.95943442 -127.4779163  -138.80075966
 -124.44140548 -125.26956605 -132.38603689 -114.45277524 -134.06785498]
inrs_hat:  [-23.53718198  -3.42058457  -5.53786439 -34.45107753 -35.92351281
  -9.70386072 -26.31710785 -19.96973438 -16.48821625 -27.81105962
 -13.45170544 -14.27986601 -21.39633684  -3.4630752  -23.07815494]
scheduled_ues:  [ 0  3  4  6  7  8  9 12 14]
(1, 15, 1, 4, 1, 1)
caused INR: -9.349846912567845
TpsRandomic + CumulativeIndividualEstimated_INR + -10.0
None
(1, 15, 1, 4, 1, 1)
caused INR: -11.29884714797399
TpsRandomic + CumulativeIndividualEstimated_INR + -12.5
None
(1, 15, 1, 4, 1, 1)
caused INR: -23.486787534338596
TpsRandomic + CumulativeIndividualEstimated_INR + -15.0
None
(1, 15, 1, 4, 1, 1)
caused INR: -16.529834923889048
Iteration number 47
TpsAltruisticFromLsfGain + IndividualEstimated_INR + -10.0
None
ls_gain_coeffs:
[-149.30497347 -135.24271412 -134.21155002 -132.20958417 -141.20788336
 -141.89165835 -138.29107308 -142.34736277 -125.38811181 -143.77010054
 -131.31623164 -148.68880502 -138.94634604 -140.55331373 -144.63130975]
inrs_hat:  [-38.31527343 -24.25301408 -23.22184997 -21.21988412 -30.21818331
 -30.90195831 -27.30137304 -31.35766273 -14.39841176 -32.78040049
 -20.3265316  -37.69910497 -27.956646   -29.56361368 -33.6416097 ]
scheduled_ues:  [ 0  1  2  3  4  5  6  7  8  9 10 11 12 13 14]
(1, 15, 1, 4, 1, 1)
caused INR: -8.081629545040803
TpsAltruisticFromLsfGain + IndividualEstimated_INR + -12.5
None
ls_gain_coeffs:
[-149.30497347 -135.24271412 -134.21155002 -132.20958417 -141.20788336
 -141.89165835 -138.29107308 -142.34736277 -125.38811181 -143.77010054
 -131.31623164 -148.68880502 -138.94634604 -140.55331373 -144.63130975]
inrs_hat:  [-38.31527343 -24.25301408 -23.22184997 -21.21988412 -30.21818331
 -30.90195831 -27.30137304 -31.35766273 -14.39841176 -32.78040049
 -20.3265316  -37.69910497 -27.956646   -29.56361368 -33.6416097 ]
scheduled_ues:  [ 0  1  2  3  4  5  6  7  8  9 10 11 12 13 14]
(1, 15, 1, 4, 1, 1)
caused INR: -8.081629545040803
TpsAltruisticFromLsfGain + IndividualEstimated_INR + -15.0
None
ls_gain_coeffs:
[-149.30497347 -135.24271412 -134.21155002 -132.20958417 -141.20788336
 -141.89165835 -138.29107308 -142.34736277 -125.38811181 -143.77010054
 -131.31623164 -148.68880502 -138.94634604 -140.55331373 -144.63130975]
inrs_hat:  [-38.31527343 -24.25301408 -23.22184997 -21.21988412 -30.21818331
 -30.90195831 -27.30137304 -31.35766273 -14.39841176 -32.78040049
 -20.3265316  -37.69910497 -27.956646   -29.56361368 -33.6416097 ]
scheduled_ues:  [ 0  1  2  3  4  5  6  7  9 10 11 12 13 14]
(1, 15, 1, 4, 1, 1)
caused INR: -11.007464046827858
TpsAltruisticFromLsfGain + CumulativeIndividualEstimated_INR + -10.0
None
(1, 15, 1, 4, 1, 1)
caused INR: -8.081629545040803
TpsAltruisticFromLsfGain + CumulativeIndividualEstimated_INR + -12.5
None
(1, 15, 1, 4, 1, 1)
caused INR: -11.007464046827858
TpsAltruisticFromLsfGain + CumulativeIndividualEstimated_INR + -15.0
None
(1, 15, 1, 4, 1, 1)
caused INR: -15.838482172241493
TpsRandomic + IndividualEstimated_INR + -10.0
None
ls_gain_coeffs:
[-139.04658106 -133.8558078  -126.21911338 -115.52899015 -128.53825699
 -125.28469686 -138.29107308 -142.34736277 -111.58422112 -130.82274844
 -115.10960003 -137.36676084 -138.94634604 -140.55331373 -128.46389715]
inrs_hat:  [-28.05688102 -22.86610775 -15.22941334  -4.53929011 -17.54855695
 -14.29499682 -27.30137304 -31.35766273  -0.59452107 -19.8330484
  -4.11989998 -26.3770608  -27.956646   -29.56361368 -17.47419711]
scheduled_ues:  [ 0  1  2  4  5  6  7  9 11 12 13 14]
(1, 15, 1, 4, 1, 1)
caused INR: -20.418708419313496
TpsRandomic + IndividualEstimated_INR + -12.5
None
ls_gain_coeffs:
[-132.56344413 -133.8558078  -134.21155002 -119.68257901 -124.41708529
 -125.28469686 -128.46650147 -139.78123921 -125.38811181 -127.11949818
 -117.24883226 -131.85741091 -125.3894016  -134.75853418 -144.63130975]
inrs_hat:  [-21.57374409 -22.86610775 -23.22184997  -8.69287897 -13.42738525
 -14.29499682 -17.47680143 -28.79153916 -14.39841176 -16.12979814
  -6.25913222 -20.86771086 -14.39970156 -23.76883414 -33.6416097 ]
scheduled_ues:  [ 0  1  2  4  5  6  7  8  9 11 12 13 14]
(1, 15, 1, 4, 1, 1)
caused INR: -17.193023389687767
TpsRandomic + IndividualEstimated_INR + -15.0
None
ls_gain_coeffs:
[-149.30497347 -133.8558078  -117.51531688 -115.52899015 -128.53825699
 -141.89165835 -121.47899564 -142.34736277 -125.38811181 -130.82274844
 -131.31623164 -137.36676084 -132.64748515 -140.55331373 -144.63130975]
inrs_hat:  [-38.31527343 -22.86610775  -6.52561684  -4.53929011 -17.54855695
 -30.90195831 -10.4892956  -31.35766273 -14.39841176 -19.8330484
 -20.3265316  -26.3770608  -21.65778511 -29.56361368 -33.6416097 ]
scheduled_ues:  [ 0  1  4  5  7  9 10 11 12 13 14]
(1, 15, 1, 4, 1, 1)
caused INR: -33.45888063466769
TpsRandomic + CumulativeIndividualEstimated_INR + -10.0
None
(1, 15, 1, 4, 1, 1)
caused INR: -14.92831072284391
TpsRandomic + CumulativeIndividualEstimated_INR + -12.5
None
(1, 15, 1, 4, 1, 1)
caused INR: -17.76803643476809
TpsRandomic + CumulativeIndividualEstimated_INR + -15.0
None
(1, 15, 1, 4, 1, 1)
caused INR: -22.18020044960879
Iteration number 48
TpsAltruisticFromLsfGain + IndividualEstimated_INR + -10.0
None
ls_gain_coeffs:
[-132.64053959 -139.3948536  -135.77108969 -144.27266963 -145.67845421
 -136.63604857 -133.62335866 -149.34186566 -138.43516293 -144.05812298
 -145.42308091 -125.29098457 -130.63100139 -137.37552795 -143.84013443]
inrs_hat:  [-21.65083954 -28.40515355 -24.78138965 -33.28296959 -34.68875417
 -25.64634853 -22.63365861 -38.35216562 -27.44546288 -33.06842294
 -34.43338086 -14.30128453 -19.64130134 -26.3858279  -32.85043438]
scheduled_ues:  [ 0  1  2  3  4  5  6  7  8  9 10 11 12 13 14]
(1, 15, 1, 4, 1, 1)
caused INR: -15.378636028491435
TpsAltruisticFromLsfGain + IndividualEstimated_INR + -12.5
None
ls_gain_coeffs:
[-132.64053959 -139.3948536  -135.77108969 -144.27266963 -145.67845421
 -136.63604857 -133.62335866 -149.34186566 -138.43516293 -144.05812298
 -145.42308091 -125.29098457 -130.63100139 -137.37552795 -143.84013443]
inrs_hat:  [-21.65083954 -28.40515355 -24.78138965 -33.28296959 -34.68875417
 -25.64634853 -22.63365861 -38.35216562 -27.44546288 -33.06842294
 -34.43338086 -14.30128453 -19.64130134 -26.3858279  -32.85043438]
scheduled_ues:  [ 0  1  2  3  4  5  6  7  8  9 10 11 12 13 14]
(1, 15, 1, 4, 1, 1)
caused INR: -15.378636028491435
TpsAltruisticFromLsfGain + IndividualEstimated_INR + -15.0
None
ls_gain_coeffs:
[-132.64053959 -139.3948536  -135.77108969 -144.27266963 -145.67845421
 -136.63604857 -133.62335866 -149.34186566 -138.43516293 -144.05812298
 -145.42308091 -125.29098457 -130.63100139 -137.37552795 -143.84013443]
inrs_hat:  [-21.65083954 -28.40515355 -24.78138965 -33.28296959 -34.68875417
 -25.64634853 -22.63365861 -38.35216562 -27.44546288 -33.06842294
 -34.43338086 -14.30128453 -19.64130134 -26.3858279  -32.85043438]
scheduled_ues:  [ 0  1  2  3  4  5  6  7  8  9 10 12 13 14]
(1, 15, 1, 4, 1, 1)
caused INR: -22.908557210166226
TpsAltruisticFromLsfGain + CumulativeIndividualEstimated_INR + -10.0
None
(1, 15, 1, 4, 1, 1)
caused INR: -15.378636028491435
TpsAltruisticFromLsfGain + CumulativeIndividualEstimated_INR + -12.5
None
(1, 15, 1, 4, 1, 1)
caused INR: -22.908557210166226
TpsAltruisticFromLsfGain + CumulativeIndividualEstimated_INR + -15.0
None
(1, 15, 1, 4, 1, 1)
caused INR: -25.631572557702658
TpsRandomic + IndividualEstimated_INR + -10.0
None
ls_gain_coeffs:
[-117.18256746 -132.31286801 -121.70805136 -129.16248055 -134.81344024
 -136.63604857 -125.8373031  -132.53731142 -125.60905248 -131.90734529
 -131.51097088 -112.41159383 -130.63100139 -124.98631162 -142.34357402]
inrs_hat:  [ -6.19286741 -21.32316797 -10.71835132 -18.17278051 -23.8237402
 -25.64634853 -14.84760306 -21.54761138 -14.61935244 -20.91764525
 -20.52127083  -1.42189379 -19.64130134 -13.99661158 -31.35387398]
scheduled_ues:  [ 1  2  3  4  5  6  7  8  9 10 12 13 14]
(1, 15, 1, 4, 1, 1)
caused INR: -3.0267563544134104
TpsRandomic + IndividualEstimated_INR + -12.5
None
ls_gain_coeffs:
[-118.69075352 -125.7814257  -121.70805136 -140.26978601 -128.87473567
 -123.95336716 -125.8373031  -139.70848188 -130.81844031 -127.34314191
 -139.50937011 -116.870241   -121.67109347 -124.98631162 -130.89968096]
inrs_hat:  [ -7.70105348 -14.79172565 -10.71835132 -29.28008597 -17.88503563
 -12.96366711 -14.84760306 -28.71878184 -19.82874027 -16.35344186
 -28.51967006  -5.88054096 -10.68139343 -13.99661158 -19.90998091]
scheduled_ues:  [ 1  3  4  5  6  7  8  9 10 13 14]
(1, 15, 1, 4, 1, 1)
caused INR: -6.234655828631834
TpsRandomic + IndividualEstimated_INR + -15.0
None
ls_gain_coeffs:
[-132.64053959 -132.31286801 -135.77108969 -144.27266963 -135.3776311
 -136.63604857 -120.45929264 -149.34186566 -130.81844031 -131.90734529
 -139.50937011 -125.29098457 -116.89487063 -128.58511356 -142.34357402]
inrs_hat:  [-21.65083954 -21.32316797 -24.78138965 -33.28296959 -24.38793105
 -25.64634853  -9.4695926  -38.35216562 -19.82874027 -20.91764525
 -28.51967006 -14.30128453  -5.90517058 -17.59541351 -31.35387398]
scheduled_ues:  [ 0  1  2  3  4  5  7  8  9 10 13 14]
(1, 15, 1, 4, 1, 1)
caused INR: -25.426176817817833
TpsRandomic + CumulativeIndividualEstimated_INR + -10.0
None
(1, 15, 1, 4, 1, 1)
caused INR: -16.974240856563817
TpsRandomic + CumulativeIndividualEstimated_INR + -12.5
None
(1, 15, 1, 4, 1, 1)
caused INR: -25.359496845030055
TpsRandomic + CumulativeIndividualEstimated_INR + -15.0
None
(1, 15, 1, 4, 1, 1)
caused INR: -32.19901562529661
Iteration number 49
TpsAltruisticFromLsfGain + IndividualEstimated_INR + -10.0
None
ls_gain_coeffs:
[-135.08647898 -138.27532471 -152.17530546 -131.62149947 -140.08608785
 -139.93760601 -147.08203394 -147.9077002  -154.23259014 -140.7385008
 -141.28948598 -131.83657989 -143.93937365 -145.98342816 -144.83645124]
inrs_hat:  [-24.09677893 -27.28562467 -41.18560541 -20.63179942 -29.09638781
 -28.94790597 -36.09233389 -36.91800016 -43.24289009 -29.74880075
 -30.29978593 -20.84687985 -32.9496736  -34.99372812 -33.8467512 ]
scheduled_ues:  [ 0  1  2  3  4  5  6  7  8  9 10 11 12 13 14]
(1, 15, 1, 4, 1, 1)
caused INR: -17.201316672897192
TpsAltruisticFromLsfGain + IndividualEstimated_INR + -12.5
None
ls_gain_coeffs:
[-135.08647898 -138.27532471 -152.17530546 -131.62149947 -140.08608785
 -139.93760601 -147.08203394 -147.9077002  -154.23259014 -140.7385008
 -141.28948598 -131.83657989 -143.93937365 -145.98342816 -144.83645124]
inrs_hat:  [-24.09677893 -27.28562467 -41.18560541 -20.63179942 -29.09638781
 -28.94790597 -36.09233389 -36.91800016 -43.24289009 -29.74880075
 -30.29978593 -20.84687985 -32.9496736  -34.99372812 -33.8467512 ]
scheduled_ues:  [ 0  1  2  3  4  5  6  7  8  9 10 11 12 13 14]
(1, 15, 1, 4, 1, 1)
caused INR: -17.201316672897192
TpsAltruisticFromLsfGain + IndividualEstimated_INR + -15.0
None
ls_gain_coeffs:
[-135.08647898 -138.27532471 -152.17530546 -131.62149947 -140.08608785
 -139.93760601 -147.08203394 -147.9077002  -154.23259014 -140.7385008
 -141.28948598 -131.83657989 -143.93937365 -145.98342816 -144.83645124]
inrs_hat:  [-24.09677893 -27.28562467 -41.18560541 -20.63179942 -29.09638781
 -28.94790597 -36.09233389 -36.91800016 -43.24289009 -29.74880075
 -30.29978593 -20.84687985 -32.9496736  -34.99372812 -33.8467512 ]
scheduled_ues:  [ 0  1  2  3  4  5  6  7  8  9 10 11 12 13 14]
(1, 15, 1, 4, 1, 1)
caused INR: -17.201316672897192
TpsAltruisticFromLsfGain + CumulativeIndividualEstimated_INR + -10.0
None
(1, 15, 1, 4, 1, 1)
caused INR: -17.201316672897192
TpsAltruisticFromLsfGain + CumulativeIndividualEstimated_INR + -12.5
None
(1, 15, 1, 4, 1, 1)
caused INR: -17.201316672897192
TpsAltruisticFromLsfGain + CumulativeIndividualEstimated_INR + -15.0
None
(1, 15, 1, 4, 1, 1)
caused INR: -17.201316672897192
TpsRandomic + IndividualEstimated_INR + -10.0
None
ls_gain_coeffs:
[-121.58213172 -136.3393362  -141.60167271 -131.62149947 -126.08220778
 -130.00839202 -136.91521515 -136.58764487 -154.23259014 -140.7385008
 -125.14077557 -113.32818642 -131.08649512 -145.98342816 -144.83645124]
inrs_hat:  [-10.59243167 -25.34963616 -30.61197266 -20.63179942 -15.09250773
 -19.01869198 -25.92551511 -25.59794482 -43.24289009 -29.74880075
 -14.15107553  -2.33848638 -20.09679508 -34.99372812 -33.8467512 ]
scheduled_ues:  [ 0  1  2  3  4  5  6  7  8  9 10 12 13 14]
(1, 15, 1, 4, 1, 1)
caused INR: -12.56191386348441
TpsRandomic + IndividualEstimated_INR + -12.5
None
ls_gain_coeffs:
[-118.09538724 -124.5430657  -141.60167271 -131.62149947 -140.08608785
 -123.16444283 -147.08203394 -131.21079114 -138.01718207 -129.45562702
 -127.09526249 -121.42855653 -131.08649512 -132.27011528 -144.83645124]
inrs_hat:  [ -7.1056872  -13.55336566 -30.61197266 -20.63179942 -29.09638781
 -12.17474279 -36.09233389 -20.22109109 -27.02748203 -18.46592698
 -16.10556244 -10.43885648 -20.09679508 -21.28041524 -33.8467512 ]
scheduled_ues:  [ 1  2  3  4  6  7  8  9 10 12 13 14]
(1, 15, 1, 4, 1, 1)
caused INR: -7.906808257505333
TpsRandomic + IndividualEstimated_INR + -15.0
None
ls_gain_coeffs:
[-135.08647898 -125.18839521 -141.60167271 -118.87509764 -137.74266774
 -128.76209365 -136.91521515 -147.9077002  -154.23259014 -130.661596
 -141.28948598 -131.83657989 -130.6752166  -132.27011528 -128.58752134]
inrs_hat:  [-24.09677893 -14.19869517 -30.61197266  -7.88539759 -26.7529677
 -17.7723936  -25.92551511 -36.91800016 -43.24289009 -19.67189596
 -30.29978593 -20.84687985 -19.68551656 -21.28041524 -17.59782129]
scheduled_ues:  [ 0  2  4  5  6  7  8  9 10 11 12 13 14]
(1, 15, 1, 4, 1, 1)
caused INR: -23.078872882090526
TpsRandomic + CumulativeIndividualEstimated_INR + -10.0
None
(1, 15, 1, 4, 1, 1)
caused INR: -13.581076550374805
TpsRandomic + CumulativeIndividualEstimated_INR + -12.5
None
(1, 15, 1, 4, 1, 1)
caused INR: -13.799556069339394
TpsRandomic + CumulativeIndividualEstimated_INR + -15.0
None
(1, 15, 1, 4, 1, 1)
caused INR: -9.02386112531765
Iteration number 50
TpsAltruisticFromLsfGain + IndividualEstimated_INR + -10.0
None
ls_gain_coeffs:
[-140.09435286 -136.72440382 -126.21189112 -128.90007271 -139.82443
 -126.31996496 -141.58255201 -132.8444087  -140.91036915 -146.37107326
 -139.39970838 -145.21566737 -139.02214449 -143.22119819 -111.8277534 ]
inrs_hat:  [-29.10465282 -25.73470378 -15.22219108 -17.91037266 -28.83472995
 -15.33026492 -30.59285197 -21.85470865 -29.92066911 -35.38137321
 -28.41000834 -34.22596733 -28.03244445 -32.23149814  -0.83805336]
scheduled_ues:  [ 0  1  2  3  4  5  6  7  8  9 10 11 12 13]
(1, 15, 1, 4, 1, 1)
caused INR: -10.177569996463394
TpsAltruisticFromLsfGain + IndividualEstimated_INR + -12.5
None
ls_gain_coeffs:
[-140.09435286 -136.72440382 -126.21189112 -128.90007271 -139.82443
 -126.31996496 -141.58255201 -132.8444087  -140.91036915 -146.37107326
 -139.39970838 -145.21566737 -139.02214449 -143.22119819 -111.8277534 ]
inrs_hat:  [-29.10465282 -25.73470378 -15.22219108 -17.91037266 -28.83472995
 -15.33026492 -30.59285197 -21.85470865 -29.92066911 -35.38137321
 -28.41000834 -34.22596733 -28.03244445 -32.23149814  -0.83805336]
scheduled_ues:  [ 0  1  2  3  4  5  6  7  8  9 10 11 12 13]
(1, 15, 1, 4, 1, 1)
caused INR: -10.177569996463394
TpsAltruisticFromLsfGain + IndividualEstimated_INR + -15.0
None
ls_gain_coeffs:
[-140.09435286 -136.72440382 -126.21189112 -128.90007271 -139.82443
 -126.31996496 -141.58255201 -132.8444087  -140.91036915 -146.37107326
 -139.39970838 -145.21566737 -139.02214449 -143.22119819 -111.8277534 ]
inrs_hat:  [-29.10465282 -25.73470378 -15.22219108 -17.91037266 -28.83472995
 -15.33026492 -30.59285197 -21.85470865 -29.92066911 -35.38137321
 -28.41000834 -34.22596733 -28.03244445 -32.23149814  -0.83805336]
scheduled_ues:  [ 0  1  2  3  4  5  6  7  8  9 10 11 12 13]
(1, 15, 1, 4, 1, 1)
caused INR: -10.177569996463394
TpsAltruisticFromLsfGain + CumulativeIndividualEstimated_INR + -10.0
None
(1, 15, 1, 4, 1, 1)
caused INR: -10.177569996463394
TpsAltruisticFromLsfGain + CumulativeIndividualEstimated_INR + -12.5
None
(1, 15, 1, 4, 1, 1)
caused INR: -30.776304669941545
TpsAltruisticFromLsfGain + CumulativeIndividualEstimated_INR + -15.0
None
(1, 15, 1, 4, 1, 1)
caused INR: -30.829749463502083
TpsRandomic + IndividualEstimated_INR + -10.0
None
ls_gain_coeffs:
[-125.95135509 -120.04246186 -126.21189112 -117.84023466 -139.82443
 -109.4421899  -124.89138166 -115.30617973 -128.23135851 -137.82065963
 -122.48326685 -145.21566737 -129.26858607 -129.3544128  -108.8929983 ]
inrs_hat:  [-14.96165504  -9.05276182 -15.22219108  -6.85053461 -28.83472995
   1.54751014 -13.90168161  -4.31647969 -17.24165847 -26.83095959
 -11.49356681 -34.22596733 -18.27888602 -18.36471276   2.09670174]
scheduled_ues:  [ 0  2  4  6  8  9 10 11 12 13]
(1, 15, 1, 4, 1, 1)
caused INR: -14.86403094046894
TpsRandomic + IndividualEstimated_INR + -12.5
None
ls_gain_coeffs:
[-133.90813406 -120.04246186 -115.23097971 -128.90007271 -126.30987272
 -113.82672609 -124.89138166 -132.8444087  -124.22067417 -137.82065963
 -128.94631005 -145.21566737 -127.73853655 -127.92922742 -108.8929983 ]
inrs_hat:  [-22.91843402  -9.05276182  -4.24127967 -17.91037266 -15.32017267
  -2.83702604 -13.90168161 -21.85470865 -13.23097413 -26.83095959
 -17.95661001 -34.22596733 -16.7488365  -16.93952737   2.09670174]
scheduled_ues:  [ 0  3  4  6  7  8  9 10 11 12 13]
(1, 15, 1, 4, 1, 1)
caused INR: -21.140394314029113
TpsRandomic + IndividualEstimated_INR + -15.0
None
ls_gain_coeffs:
[-140.09435286 -136.72440382 -107.69838868 -116.65800074 -126.30987272
 -126.31996496 -132.45452642 -132.8444087  -132.65158984 -146.37107326
 -122.48326685 -128.90473643 -139.02214449 -129.3544128   -97.42965   ]
inrs_hat:  [-29.10465282 -25.73470378   3.29131136  -5.6683007  -15.32017267
 -15.33026492 -21.46482638 -21.85470865 -21.66188979 -35.38137321
 -11.49356681 -17.91503638 -28.03244445 -18.36471276  13.56005004]
scheduled_ues:  [ 0  1  4  5  6  7  8  9 11 12 13]
(1, 15, 1, 4, 1, 1)
caused INR: -6.960733763145295
TpsRandomic + CumulativeIndividualEstimated_INR + -10.0
None
(1, 15, 1, 4, 1, 1)
caused INR: -19.57874143283177
TpsRandomic + CumulativeIndividualEstimated_INR + -12.5
None
(1, 15, 1, 4, 1, 1)
caused INR: -10.499901278116308
TpsRandomic + CumulativeIndividualEstimated_INR + -15.0
None
(1, 15, 1, 4, 1, 1)
caused INR: -20.752330422216865
Iteration number 51
TpsAltruisticFromLsfGain + IndividualEstimated_INR + -10.0
None
ls_gain_coeffs:
[-129.82481984 -132.60598354 -127.56955579 -128.53462468 -127.5701745
 -137.02670169 -150.0806048  -135.62095803 -131.3921191  -150.10013695
 -137.10374192 -132.36562964 -124.71862829 -131.79451977 -143.10236713]
inrs_hat:  [-18.8351198  -21.6162835  -16.57985575 -17.54492464 -16.58047445
 -26.03700164 -39.09090476 -24.63125798 -20.40241905 -39.1104369
 -26.11404188 -21.3759296  -13.72892824 -20.80481973 -32.11266709]
scheduled_ues:  [ 0  1  2  3  4  5  6  7  8  9 10 11 12 13 14]
(1, 15, 1, 4, 1, 1)
caused INR: -21.059037815142396
TpsAltruisticFromLsfGain + IndividualEstimated_INR + -12.5
None
ls_gain_coeffs:
[-129.82481984 -132.60598354 -127.56955579 -128.53462468 -127.5701745
 -137.02670169 -150.0806048  -135.62095803 -131.3921191  -150.10013695
 -137.10374192 -132.36562964 -124.71862829 -131.79451977 -143.10236713]
inrs_hat:  [-18.8351198  -21.6162835  -16.57985575 -17.54492464 -16.58047445
 -26.03700164 -39.09090476 -24.63125798 -20.40241905 -39.1104369
 -26.11404188 -21.3759296  -13.72892824 -20.80481973 -32.11266709]
scheduled_ues:  [ 0  1  2  3  4  5  6  7  8  9 10 11 12 13 14]
(1, 15, 1, 4, 1, 1)
caused INR: -21.059037815142396
TpsAltruisticFromLsfGain + IndividualEstimated_INR + -15.0
None
ls_gain_coeffs:
[-129.82481984 -132.60598354 -127.56955579 -128.53462468 -127.5701745
 -137.02670169 -150.0806048  -135.62095803 -131.3921191  -150.10013695
 -137.10374192 -132.36562964 -124.71862829 -131.79451977 -143.10236713]
inrs_hat:  [-18.8351198  -21.6162835  -16.57985575 -17.54492464 -16.58047445
 -26.03700164 -39.09090476 -24.63125798 -20.40241905 -39.1104369
 -26.11404188 -21.3759296  -13.72892824 -20.80481973 -32.11266709]
scheduled_ues:  [ 0  1  2  3  4  5  6  7  8  9 10 11 13 14]
(1, 15, 1, 4, 1, 1)
caused INR: -17.238786267018906
TpsAltruisticFromLsfGain + CumulativeIndividualEstimated_INR + -10.0
None
(1, 15, 1, 4, 1, 1)
caused INR: -17.606164620367327
TpsAltruisticFromLsfGain + CumulativeIndividualEstimated_INR + -12.5
None
(1, 15, 1, 4, 1, 1)
caused INR: -16.74480675936823
TpsAltruisticFromLsfGain + CumulativeIndividualEstimated_INR + -15.0
None
(1, 15, 1, 4, 1, 1)
caused INR: -16.795809149190866
TpsRandomic + IndividualEstimated_INR + -10.0
None
ls_gain_coeffs:
[-112.98358182 -122.80781807 -109.66881185 -125.27227427 -116.70878683
 -120.10538231 -133.82289647 -126.24375397 -122.35314679 -149.79947543
 -120.29790024 -118.60904709 -107.25375487 -115.38670088 -127.0505425 ]
inrs_hat:  [ -1.99388178 -11.81811803   1.3208882  -14.28257423  -5.71908678
  -9.11568226 -22.83319643 -15.25405392 -11.36344674 -38.80977539
  -9.30820019  -7.61934705   3.73594517  -4.39700084 -16.06084246]
scheduled_ues:  [ 1  3  6  7  8  9 14]
(1, 15, 1, 4, 1, 1)
caused INR: -10.96442088064013
TpsRandomic + IndividualEstimated_INR + -12.5
None
ls_gain_coeffs:
[-112.98358182 -115.47978957 -113.02678192 -128.53462468 -116.70878683
 -123.64195392 -133.82289647 -126.24375397 -131.3921191  -149.79947543
 -126.20177403 -128.42068199 -124.71862829 -117.36981033 -137.48773458]
inrs_hat:  [ -1.99388178  -4.49008952  -2.03708188 -17.54492464  -5.71908678
 -12.65225388 -22.83319643 -15.25405392 -20.40241905 -38.80977539
 -15.21207399 -17.43098194 -13.72892824  -6.38011028 -26.49803454]
scheduled_ues:  [ 3  5  6  7  8  9 10 11 12 14]
(1, 15, 1, 4, 1, 1)
caused INR: -13.857049618754388
TpsRandomic + IndividualEstimated_INR + -15.0
None
ls_gain_coeffs:
[-115.23895939 -120.59336107 -127.56955579 -125.27227427 -114.54663848
 -120.10538231 -150.0806048  -118.43075151 -122.35314679 -137.55831644
 -126.20177403 -117.29406454 -124.71862829 -125.84519144 -129.05495042]
inrs_hat:  [ -4.24925935  -9.60366102 -16.57985575 -14.28257423  -3.55693844
  -9.11568226 -39.09090476  -7.44105147 -11.36344674 -26.5686164
 -15.21207399  -6.3043645  -13.72892824 -14.8554914  -18.06525038]
scheduled_ues:  [ 2  6  9 10 14]
(1, 15, 1, 4, 1, 1)
caused INR: -14.833083213667173
TpsRandomic + CumulativeIndividualEstimated_INR + -10.0
None
(1, 15, 1, 4, 1, 1)
caused INR: -13.40281459320581
TpsRandomic + CumulativeIndividualEstimated_INR + -12.5
None
(1, 15, 1, 4, 1, 1)
caused INR: -22.098983928660203
TpsRandomic + CumulativeIndividualEstimated_INR + -15.0
None
(1, 15, 1, 4, 1, 1)
caused INR: -16.6434007619112
Iteration number 52
TpsAltruisticFromLsfGain + IndividualEstimated_INR + -10.0
None
ls_gain_coeffs:
[-135.85451784 -123.8745668  -137.73661385 -137.21147804 -135.43012629
 -137.28565405 -144.44682133 -138.41594722 -149.88925455 -148.87792745
 -144.54318801 -136.29731614 -148.14335682 -145.04391221 -141.83910965]
inrs_hat:  [-24.86481779 -12.88486675 -26.74691381 -26.221778   -24.44042625
 -26.29595401 -33.45712129 -27.42624718 -38.89955451 -37.8882274
 -33.55348796 -25.30761609 -37.15365678 -34.05421216 -30.84940961]
scheduled_ues:  [ 0  1  2  3  4  5  6  7  8  9 10 11 12 13 14]
(1, 15, 1, 4, 1, 1)
caused INR: -12.080321283330393
TpsAltruisticFromLsfGain + IndividualEstimated_INR + -12.5
None
ls_gain_coeffs:
[-135.85451784 -123.8745668  -137.73661385 -137.21147804 -135.43012629
 -137.28565405 -144.44682133 -138.41594722 -149.88925455 -148.87792745
 -144.54318801 -136.29731614 -148.14335682 -145.04391221 -141.83910965]
inrs_hat:  [-24.86481779 -12.88486675 -26.74691381 -26.221778   -24.44042625
 -26.29595401 -33.45712129 -27.42624718 -38.89955451 -37.8882274
 -33.55348796 -25.30761609 -37.15365678 -34.05421216 -30.84940961]
scheduled_ues:  [ 0  1  2  3  4  5  6  7  8  9 10 11 12 13 14]
(1, 15, 1, 4, 1, 1)
caused INR: -12.080321283330393
TpsAltruisticFromLsfGain + IndividualEstimated_INR + -15.0
None
ls_gain_coeffs:
[-135.85451784 -123.8745668  -137.73661385 -137.21147804 -135.43012629
 -137.28565405 -144.44682133 -138.41594722 -149.88925455 -148.87792745
 -144.54318801 -136.29731614 -148.14335682 -145.04391221 -141.83910965]
inrs_hat:  [-24.86481779 -12.88486675 -26.74691381 -26.221778   -24.44042625
 -26.29595401 -33.45712129 -27.42624718 -38.89955451 -37.8882274
 -33.55348796 -25.30761609 -37.15365678 -34.05421216 -30.84940961]
scheduled_ues:  [ 0  2  3  4  5  6  7  8  9 10 11 12 13 14]
(1, 15, 1, 4, 1, 1)
caused INR: -16.13938599669316
TpsAltruisticFromLsfGain + CumulativeIndividualEstimated_INR + -10.0
None
(1, 15, 1, 4, 1, 1)
caused INR: -12.080321283330393
TpsAltruisticFromLsfGain + CumulativeIndividualEstimated_INR + -12.5
None
(1, 15, 1, 4, 1, 1)
caused INR: -16.13938599669316
TpsAltruisticFromLsfGain + CumulativeIndividualEstimated_INR + -15.0
None
(1, 15, 1, 4, 1, 1)
caused INR: -16.13938599669316
TpsRandomic + IndividualEstimated_INR + -10.0
None
ls_gain_coeffs:
[-130.20562718 -110.72384181 -126.26160681 -136.67421483 -118.11294917
 -128.74096372 -144.44682133 -138.41594722 -135.93046073 -143.66102117
 -139.97434211 -125.69021855 -136.05627898 -138.51968126 -141.83910965]
inrs_hat:  [-19.21592713   0.26585824 -15.27190676 -25.68451479  -7.12324913
 -17.75126368 -33.45712129 -27.42624718 -24.94076069 -32.67132113
 -28.98464206 -14.7005185  -25.06657894 -27.52998121 -30.84940961]
scheduled_ues:  [ 0  2  3  5  6  7  8  9 10 11 12 13 14]
(1, 15, 1, 4, 1, 1)
caused INR: -10.023488913140273
TpsRandomic + IndividualEstimated_INR + -12.5
None
ls_gain_coeffs:
[-130.20562718 -110.01471682 -137.73661385 -137.21147804 -123.65831747
 -120.3374238  -130.39245492 -138.41594722 -149.88925455 -143.66102117
 -129.05569074 -125.69021855 -139.12162437 -145.04391221 -137.69173493]
inrs_hat:  [-19.21592713   0.97498323 -26.74691381 -26.221778   -12.66861743
  -9.34772376 -19.40275488 -27.42624718 -38.89955451 -32.67132113
 -18.0659907  -14.7005185  -28.13192433 -34.05421216 -26.70203488]
scheduled_ues:  [ 0  2  3  4  6  7  8  9 10 11 12 13 14]
(1, 15, 1, 4, 1, 1)
caused INR: -6.518493846258348
TpsRandomic + IndividualEstimated_INR + -15.0
None
ls_gain_coeffs:
[-119.64699073 -121.74719182 -127.2604162  -124.41170257 -135.43012629
 -124.37548388 -144.44682133 -121.27234536 -144.21853845 -148.87792745
 -139.97434211 -124.30628508 -139.12162437 -131.37277296 -126.63259317]
inrs_hat:  [ -8.65729069 -10.75749178 -16.27071615 -13.42200252 -24.44042625
 -13.38578384 -33.45712129 -10.28264532 -33.22883841 -37.8882274
 -28.98464206 -13.31658504 -28.13192433 -20.38307292 -15.64289312]
scheduled_ues:  [ 2  4  6  8  9 10 12 13 14]
(1, 15, 1, 4, 1, 1)
caused INR: -14.939136052642306
TpsRandomic + CumulativeIndividualEstimated_INR + -10.0
None
(1, 15, 1, 4, 1, 1)
caused INR: -36.544767499279025
TpsRandomic + CumulativeIndividualEstimated_INR + -12.5
None
(1, 15, 1, 4, 1, 1)
caused INR: -17.915353004809674
TpsRandomic + CumulativeIndividualEstimated_INR + -15.0
None
(1, 15, 1, 4, 1, 1)
caused INR: -15.461320221336885
Iteration number 53
TpsAltruisticFromLsfGain + IndividualEstimated_INR + -10.0
None
ls_gain_coeffs:
[-142.80482559 -123.95921785 -153.01924529 -129.63291592 -131.93438545
 -135.96042244 -143.89137983 -135.4668932  -126.22693242 -131.94652239
 -129.86029255 -141.11049122 -145.10723325 -144.89218748 -121.92839701]
inrs_hat:  [-31.81512555 -12.96951781 -42.02954525 -18.64321587 -20.9446854
 -24.9707224  -32.90167978 -24.47719316 -15.23723238 -20.95682234
 -18.87059251 -30.12079118 -34.11753321 -33.90248744 -10.93869697]
scheduled_ues:  [ 0  1  2  3  4  5  6  7  8  9 10 11 12 13 14]
(1, 15, 1, 4, 1, 1)
caused INR: -11.572461264273528
TpsAltruisticFromLsfGain + IndividualEstimated_INR + -12.5
None
ls_gain_coeffs:
[-142.80482559 -123.95921785 -153.01924529 -129.63291592 -131.93438545
 -135.96042244 -143.89137983 -135.4668932  -126.22693242 -131.94652239
 -129.86029255 -141.11049122 -145.10723325 -144.89218748 -121.92839701]
inrs_hat:  [-31.81512555 -12.96951781 -42.02954525 -18.64321587 -20.9446854
 -24.9707224  -32.90167978 -24.47719316 -15.23723238 -20.95682234
 -18.87059251 -30.12079118 -34.11753321 -33.90248744 -10.93869697]
scheduled_ues:  [ 0  1  2  3  4  5  6  7  8  9 10 11 12 13]
(1, 15, 1, 4, 1, 1)
caused INR: -11.73374406880317
TpsAltruisticFromLsfGain + IndividualEstimated_INR + -15.0
None
ls_gain_coeffs:
[-142.80482559 -123.95921785 -153.01924529 -129.63291592 -131.93438545
 -135.96042244 -143.89137983 -135.4668932  -126.22693242 -131.94652239
 -129.86029255 -141.11049122 -145.10723325 -144.89218748 -121.92839701]
inrs_hat:  [-31.81512555 -12.96951781 -42.02954525 -18.64321587 -20.9446854
 -24.9707224  -32.90167978 -24.47719316 -15.23723238 -20.95682234
 -18.87059251 -30.12079118 -34.11753321 -33.90248744 -10.93869697]
scheduled_ues:  [ 0  2  3  4  5  6  7  8  9 10 11 12 13]
(1, 15, 1, 4, 1, 1)
caused INR: -11.309530810658202
TpsAltruisticFromLsfGain + CumulativeIndividualEstimated_INR + -10.0
None
(1, 15, 1, 4, 1, 1)
caused INR: -11.309530810658202
TpsAltruisticFromLsfGain + CumulativeIndividualEstimated_INR + -12.5
None
(1, 15, 1, 4, 1, 1)
caused INR: -23.24289449747125
TpsAltruisticFromLsfGain + CumulativeIndividualEstimated_INR + -15.0
None
(1, 15, 1, 4, 1, 1)
caused INR: -36.607976942388206
TpsRandomic + IndividualEstimated_INR + -10.0
None
ls_gain_coeffs:
[-133.80730001 -110.3858864  -153.01924529 -116.54109159 -119.36947434
 -125.64042056 -134.81574833 -121.09707854 -112.85372808 -118.05266078
 -113.17526311 -128.03761803 -128.13010662 -135.36939028 -109.85935655]
inrs_hat:  [-22.81759996   0.60381365 -42.02954525  -5.55139155  -8.3797743
 -14.65072052 -23.82604828 -10.10737849  -1.86402804  -7.06296073
  -2.18556307 -17.04791798 -17.14040657 -24.37969024   1.13034349]
scheduled_ues:  [ 0  2  5  6  7 11 12 13]
(1, 15, 1, 4, 1, 1)
caused INR: -28.28983879649111
TpsRandomic + IndividualEstimated_INR + -12.5
None
ls_gain_coeffs:
[-142.80482559 -109.25415494 -139.71297763 -116.54109159 -131.93438545
 -125.21323459 -143.89137983 -135.4668932  -112.85372808 -124.05552939
 -116.26367368 -128.03761803 -145.10723325 -135.36939028 -104.61441869]
inrs_hat:  [-31.81512555   1.7355451  -28.72327759  -5.55139155 -20.9446854
 -14.22353455 -32.90167978 -24.47719316  -1.86402804 -13.06582935
  -5.27397363 -17.04791798 -34.11753321 -24.37969024   6.37528135]
scheduled_ues:  [ 0  2  4  5  6  7  9 11 12 13]
(1, 15, 1, 4, 1, 1)
caused INR: -22.94191443556143
TpsRandomic + IndividualEstimated_INR + -15.0
None
ls_gain_coeffs:
[-133.80730001 -120.56402348 -139.71297763 -116.54109159 -131.93438545
 -119.20602758 -143.89137983 -119.16886387 -118.79546655 -124.05552939
 -116.26367368 -128.03761803 -128.13010662 -133.39383426 -104.61441869]
inrs_hat:  [-22.81759996  -9.57432344 -28.72327759  -5.55139155 -20.9446854
  -8.21632753 -32.90167978  -8.17916383  -7.80576651 -13.06582935
  -5.27397363 -17.04791798 -17.14040657 -22.40413422   6.37528135]
scheduled_ues:  [ 0  2  4  6 11 12 13]
(1, 15, 1, 4, 1, 1)
caused INR: -18.155611767678693
TpsRandomic + CumulativeIndividualEstimated_INR + -10.0
None
(1, 15, 1, 4, 1, 1)
caused INR: -18.686913214202157
TpsRandomic + CumulativeIndividualEstimated_INR + -12.5
None
(1, 15, 1, 4, 1, 1)
caused INR: -8.435252099923483
TpsRandomic + CumulativeIndividualEstimated_INR + -15.0
None
(1, 15, 1, 4, 1, 1)
caused INR: -32.05695076560091
Iteration number 54
TpsAltruisticFromLsfGain + IndividualEstimated_INR + -10.0
None
ls_gain_coeffs:
[-141.85313535 -118.08201121 -143.95463782 -150.22301494 -143.49357623
 -150.87450255 -123.78404193 -125.7539397  -122.66533349 -119.48601162
 -133.31952601 -144.15039526 -140.80606732 -133.19919181 -149.26104463]
inrs_hat:  [-30.8634353   -7.09231116 -32.96493778 -39.23331489 -32.50387619
 -39.88480251 -12.79434188 -14.76423966 -11.67563344  -8.49631158
 -22.32982597 -33.16069522 -29.81636728 -22.20949176 -38.27134458]
scheduled_ues:  [ 0  2  3  4  5  6  7  8 10 11 12 13 14]
(1, 15, 1, 4, 1, 1)
caused INR: -22.29357906463628
TpsAltruisticFromLsfGain + IndividualEstimated_INR + -12.5
None
ls_gain_coeffs:
[-141.85313535 -118.08201121 -143.95463782 -150.22301494 -143.49357623
 -150.87450255 -123.78404193 -125.7539397  -122.66533349 -119.48601162
 -133.31952601 -144.15039526 -140.80606732 -133.19919181 -149.26104463]
inrs_hat:  [-30.8634353   -7.09231116 -32.96493778 -39.23331489 -32.50387619
 -39.88480251 -12.79434188 -14.76423966 -11.67563344  -8.49631158
 -22.32982597 -33.16069522 -29.81636728 -22.20949176 -38.27134458]
scheduled_ues:  [ 0  2  3  4  5  6  7 10 11 12 13 14]
(1, 15, 1, 4, 1, 1)
caused INR: -12.987473549727909
TpsAltruisticFromLsfGain + IndividualEstimated_INR + -15.0
None
ls_gain_coeffs:
[-141.85313535 -118.08201121 -143.95463782 -150.22301494 -143.49357623
 -150.87450255 -123.78404193 -125.7539397  -122.66533349 -119.48601162
 -133.31952601 -144.15039526 -140.80606732 -133.19919181 -149.26104463]
inrs_hat:  [-30.8634353   -7.09231116 -32.96493778 -39.23331489 -32.50387619
 -39.88480251 -12.79434188 -14.76423966 -11.67563344  -8.49631158
 -22.32982597 -33.16069522 -29.81636728 -22.20949176 -38.27134458]
scheduled_ues:  [ 0  2  3  4  5 10 11 12 13 14]
(1, 15, 1, 4, 1, 1)
caused INR: -18.155667923938484
TpsAltruisticFromLsfGain + CumulativeIndividualEstimated_INR + -10.0
None
(1, 15, 1, 4, 1, 1)
caused INR: -12.824416619817727
TpsAltruisticFromLsfGain + CumulativeIndividualEstimated_INR + -12.5
None
(1, 15, 1, 4, 1, 1)
caused INR: -12.824416619817727
TpsAltruisticFromLsfGain + CumulativeIndividualEstimated_INR + -15.0
None
(1, 15, 1, 4, 1, 1)
caused INR: -18.155667923938484
TpsRandomic + IndividualEstimated_INR + -10.0
None
ls_gain_coeffs:
[-133.74261227 -108.96858896 -127.21198742 -136.20055339 -126.5750868
 -139.57514432 -120.77902565 -125.33847186 -105.08764338 -106.39174319
 -133.31952601 -129.9719081  -123.88590867 -125.36178215 -132.56038463]
inrs_hat:  [-22.75291223   2.02111108 -16.22228738 -25.21085334 -15.58538676
 -28.58544428  -9.7893256  -14.34877182   5.90205666   4.59795685
 -22.32982597 -18.98220805 -12.89620863 -14.37208211 -21.57068459]
scheduled_ues:  [ 0  2  3  4  5  7 10 11 12 13 14]
(1, 15, 1, 4, 1, 1)
caused INR: -5.067261893530204
TpsRandomic + IndividualEstimated_INR + -12.5
None
ls_gain_coeffs:
[-141.85313535 -108.96858896 -131.60960111 -144.62242108 -126.5750868
 -134.13316219 -123.78404193 -125.7539397  -122.66533349 -105.73907476
 -133.31952601 -129.9719081  -140.80606732 -118.94808479 -137.12439782]
inrs_hat:  [-30.8634353    2.02111108 -20.61990106 -33.63272103 -15.58538676
 -23.14346215 -12.79434188 -14.76423966 -11.67563344   5.25062528
 -22.32982597 -18.98220805 -29.81636728  -7.95838475 -26.13469778]
scheduled_ues:  [ 0  2  3  4  5  6  7 10 11 12 14]
(1, 15, 1, 4, 1, 1)
caused INR: -8.053267610304863
TpsRandomic + IndividualEstimated_INR + -15.0
None
ls_gain_coeffs:
[-128.91341669 -108.96858896 -131.60960111 -144.62242108 -143.49357623
 -139.57514432 -120.77902565 -113.03536114 -113.02360091 -106.39174319
 -131.98019807 -127.96502678 -130.27329454 -133.19919181 -140.43797144]
inrs_hat:  [-17.92371665   2.02111108 -20.61990106 -33.63272103 -32.50387619
 -28.58544428  -9.7893256   -2.0456611   -2.03390086   4.59795685
 -20.99049803 -16.97532673 -19.28359449 -22.20949176 -29.4482714 ]
scheduled_ues:  [ 0  2  3  4  5 10 11 12 13 14]
(1, 15, 1, 4, 1, 1)
caused INR: -9.990219723965648
TpsRandomic + CumulativeIndividualEstimated_INR + -10.0
None
(1, 15, 1, 4, 1, 1)
caused INR: -5.194276225746991
TpsRandomic + CumulativeIndividualEstimated_INR + -12.5
None
(1, 15, 1, 4, 1, 1)
caused INR: -10.129234626643772
TpsRandomic + CumulativeIndividualEstimated_INR + -15.0
None
(1, 15, 1, 4, 1, 1)
caused INR: -26.450624994611086
Iteration number 55
TpsAltruisticFromLsfGain + IndividualEstimated_INR + -10.0
None
ls_gain_coeffs:
[-130.92634739 -145.18013645 -140.19008557 -132.04684743 -133.42316475
 -120.88272362 -133.46417489 -148.18273291 -151.55210521 -143.88458403
 -122.34427319 -139.96699166 -129.89159514 -132.10094789 -137.87681854]
inrs_hat:  [-19.93664734 -34.1904364  -29.20038552 -21.05714738 -22.4334647
  -9.89302358 -22.47447485 -37.19303287 -40.56240517 -32.89488399
 -11.35457315 -28.97729161 -18.9018951  -21.11124785 -26.8871185 ]
scheduled_ues:  [ 0  1  2  3  4  6  7  8  9 10 11 12 13 14]
(1, 15, 1, 4, 1, 1)
caused INR: -12.428733754115267
TpsAltruisticFromLsfGain + IndividualEstimated_INR + -12.5
None
ls_gain_coeffs:
[-130.92634739 -145.18013645 -140.19008557 -132.04684743 -133.42316475
 -120.88272362 -133.46417489 -148.18273291 -151.55210521 -143.88458403
 -122.34427319 -139.96699166 -129.89159514 -132.10094789 -137.87681854]
inrs_hat:  [-19.93664734 -34.1904364  -29.20038552 -21.05714738 -22.4334647
  -9.89302358 -22.47447485 -37.19303287 -40.56240517 -32.89488399
 -11.35457315 -28.97729161 -18.9018951  -21.11124785 -26.8871185 ]
scheduled_ues:  [ 0  1  2  3  4  6  7  8  9 11 12 13 14]
(1, 15, 1, 4, 1, 1)
caused INR: -16.4590152258018
TpsAltruisticFromLsfGain + IndividualEstimated_INR + -15.0
None
ls_gain_coeffs:
[-130.92634739 -145.18013645 -140.19008557 -132.04684743 -133.42316475
 -120.88272362 -133.46417489 -148.18273291 -151.55210521 -143.88458403
 -122.34427319 -139.96699166 -129.89159514 -132.10094789 -137.87681854]
inrs_hat:  [-19.93664734 -34.1904364  -29.20038552 -21.05714738 -22.4334647
  -9.89302358 -22.47447485 -37.19303287 -40.56240517 -32.89488399
 -11.35457315 -28.97729161 -18.9018951  -21.11124785 -26.8871185 ]
scheduled_ues:  [ 0  1  2  3  4  6  7  8  9 11 12 13 14]
(1, 15, 1, 4, 1, 1)
caused INR: -16.4590152258018
TpsAltruisticFromLsfGain + CumulativeIndividualEstimated_INR + -10.0
None
(1, 15, 1, 4, 1, 1)
caused INR: -16.4590152258018
TpsAltruisticFromLsfGain + CumulativeIndividualEstimated_INR + -12.5
None
(1, 15, 1, 4, 1, 1)
caused INR: -16.4590152258018
TpsAltruisticFromLsfGain + CumulativeIndividualEstimated_INR + -15.0
None
(1, 15, 1, 4, 1, 1)
caused INR: -17.762751936252446
TpsRandomic + IndividualEstimated_INR + -10.0
None
ls_gain_coeffs:
[-129.82130157 -128.64967465 -131.27074359 -118.0352816  -120.7232677
 -106.75253891 -116.63746904 -148.18273291 -138.64609564 -136.34247178
 -121.46166877 -124.03241122 -129.89159514 -115.1725619  -125.2784292 ]
inrs_hat:  [-18.83160153 -17.65997461 -20.28104355  -7.04558155  -9.73356766
   4.23716114  -5.64776899 -37.19303287 -27.6563956  -25.35277174
 -10.47196873 -13.04271118 -18.9018951   -4.18286186 -14.28872916]
scheduled_ues:  [ 0  1  2  7  8  9 10 11 12 14]
(1, 15, 1, 4, 1, 1)
caused INR: -7.597079513467473
TpsRandomic + IndividualEstimated_INR + -12.5
None
ls_gain_coeffs:
[-129.82130157 -128.64967465 -140.19008557 -118.0352816  -120.7232677
 -105.06395419 -123.76830171 -143.91656845 -135.10154771 -136.34247178
 -121.46166877 -134.64093647 -129.45181756 -122.85360191 -137.87681854]
inrs_hat:  [-18.83160153 -17.65997461 -29.20038552  -7.04558155  -9.73356766
   5.92574585 -12.77860167 -32.92686841 -24.11184767 -25.35277174
 -10.47196873 -23.65123643 -18.46211751 -11.86390187 -26.8871185 ]
scheduled_ues:  [ 0  1  2  6  7  8  9 11 12 14]
(1, 15, 1, 4, 1, 1)
caused INR: -21.906624165043024
TpsRandomic + IndividualEstimated_INR + -15.0
None
ls_gain_coeffs:
[-130.92634739 -145.18013645 -140.19008557 -118.0352816  -116.85736931
 -115.81696948 -116.63746904 -132.89702327 -143.99859978 -143.88458403
 -109.31427025 -124.03241122 -129.45181756 -115.1725619  -121.06812046]
inrs_hat:  [-19.93664734 -34.1904364  -29.20038552  -7.04558155  -5.86766927
  -4.82726944  -5.64776899 -21.90732323 -33.00889974 -32.89488399
   1.6754298  -13.04271118 -18.46211751  -4.18286186 -10.07842042]
scheduled_ues:  [ 0  1  2  7  8  9 12]
(1, 15, 1, 4, 1, 1)
caused INR: -13.262704540869345
TpsRandomic + CumulativeIndividualEstimated_INR + -10.0
None
(1, 15, 1, 4, 1, 1)
caused INR: -15.902872809821556
TpsRandomic + CumulativeIndividualEstimated_INR + -12.5
None
(1, 15, 1, 4, 1, 1)
caused INR: -22.110404041147255
TpsRandomic + CumulativeIndividualEstimated_INR + -15.0
None
(1, 15, 1, 4, 1, 1)
caused INR: -27.41173857076964
Iteration number 56
TpsAltruisticFromLsfGain + IndividualEstimated_INR + -10.0
None
ls_gain_coeffs:
[-132.44385578 -113.4930003  -106.80927419 -145.65566945 -139.01759879
 -117.58207766 -143.55037539 -129.29703996 -147.96649481 -133.99431003
 -130.90250982 -121.6480942  -138.02662579 -147.56876329 -140.02183058]
inrs_hat:  [-21.45415573  -2.50330025   4.18042585 -34.66596941 -28.02789875
  -6.59237762 -32.56067535 -18.30733992 -36.97679477 -23.00460999
 -19.91280977 -10.65839416 -27.03692575 -36.57906324 -29.03213054]
scheduled_ues:  [ 0  3  4  6  7  8  9 10 11 12 13 14]
(1, 15, 1, 4, 1, 1)
caused INR: -14.371659138041819
TpsAltruisticFromLsfGain + IndividualEstimated_INR + -12.5
None
ls_gain_coeffs:
[-132.44385578 -113.4930003  -106.80927419 -145.65566945 -139.01759879
 -117.58207766 -143.55037539 -129.29703996 -147.96649481 -133.99431003
 -130.90250982 -121.6480942  -138.02662579 -147.56876329 -140.02183058]
inrs_hat:  [-21.45415573  -2.50330025   4.18042585 -34.66596941 -28.02789875
  -6.59237762 -32.56067535 -18.30733992 -36.97679477 -23.00460999
 -19.91280977 -10.65839416 -27.03692575 -36.57906324 -29.03213054]
scheduled_ues:  [ 0  3  4  6  7  8  9 10 12 13 14]
(1, 15, 1, 4, 1, 1)
caused INR: -14.859968218031018
TpsAltruisticFromLsfGain + IndividualEstimated_INR + -15.0
None
ls_gain_coeffs:
[-132.44385578 -113.4930003  -106.80927419 -145.65566945 -139.01759879
 -117.58207766 -143.55037539 -129.29703996 -147.96649481 -133.99431003
 -130.90250982 -121.6480942  -138.02662579 -147.56876329 -140.02183058]
inrs_hat:  [-21.45415573  -2.50330025   4.18042585 -34.66596941 -28.02789875
  -6.59237762 -32.56067535 -18.30733992 -36.97679477 -23.00460999
 -19.91280977 -10.65839416 -27.03692575 -36.57906324 -29.03213054]
scheduled_ues:  [ 0  3  4  6  7  8  9 10 12 13 14]
(1, 15, 1, 4, 1, 1)
caused INR: -14.859968218031018
TpsAltruisticFromLsfGain + CumulativeIndividualEstimated_INR + -10.0
None
(1, 15, 1, 4, 1, 1)
caused INR: -14.859968218031018
TpsAltruisticFromLsfGain + CumulativeIndividualEstimated_INR + -12.5
None
(1, 15, 1, 4, 1, 1)
caused INR: -14.859968218031018
TpsAltruisticFromLsfGain + CumulativeIndividualEstimated_INR + -15.0
None
(1, 15, 1, 4, 1, 1)
caused INR: -15.839129798248388
TpsRandomic + IndividualEstimated_INR + -10.0
None
ls_gain_coeffs:
[-132.44385578 -100.65615287  -86.71161379 -128.77529563 -125.28032266
 -117.58207766 -130.74110117 -129.29703996 -131.07703497 -116.972371
 -120.72384074 -104.83111804 -122.73107559 -131.44028815 -140.02183058]
inrs_hat:  [-21.45415573  10.33354718  24.27808625 -17.78559559 -14.29062262
  -6.59237762 -19.75140112 -18.30733992 -20.08733492  -5.98267095
  -9.73414069   6.158582   -11.74137555 -20.45058811 -29.03213054]
scheduled_ues:  [ 0  3  4  6  7  8 12 13 14]
(1, 15, 1, 4, 1, 1)
caused INR: -5.0367286622020915
TpsRandomic + IndividualEstimated_INR + -12.5
None
ls_gain_coeffs:
[-132.44385578 -100.65615287  -94.35743466 -134.3527183  -135.1305704
 -102.86673561 -130.74110117 -129.29703996 -135.87980326 -125.97793151
 -120.72384074 -121.6480942  -138.02662579 -131.44028815 -123.62567199]
inrs_hat:  [-21.45415573  10.33354718  16.63226539 -23.36301826 -24.14087036
   8.12296443 -19.75140112 -18.30733992 -24.89010322 -14.98823146
  -9.73414069 -10.65839416 -27.03692575 -20.45058811 -12.63597195]
scheduled_ues:  [ 0  3  4  6  7  8  9 12 13 14]
(1, 15, 1, 4, 1, 1)
caused INR: -13.535454428528853
TpsRandomic + IndividualEstimated_INR + -15.0
None
ls_gain_coeffs:
[-132.27398141 -100.26090544  -91.50739293 -135.63947296 -125.28032266
 -102.86673561 -130.74110117 -119.54521977 -147.96649481 -133.99431003
 -120.72384074 -115.08502996 -138.02662579 -131.44028815 -140.02183058]
inrs_hat:  [-21.28428136  10.72879461  19.48230712 -24.64977292 -14.29062262
   8.12296443 -19.75140112  -8.55551972 -36.97679477 -23.00460999
  -9.73414069  -4.09532992 -27.03692575 -20.45058811 -29.03213054]
scheduled_ues:  [ 0  3  6  8  9 12 13 14]
(1, 15, 1, 4, 1, 1)
caused INR: -15.502135324114438
TpsRandomic + CumulativeIndividualEstimated_INR + -10.0
None
(1, 15, 1, 4, 1, 1)
caused INR: -24.705258254045148
TpsRandomic + CumulativeIndividualEstimated_INR + -12.5
None
(1, 15, 1, 4, 1, 1)
caused INR: -12.638039592546841
TpsRandomic + CumulativeIndividualEstimated_INR + -15.0
None
(1, 15, 1, 4, 1, 1)
caused INR: -17.59367961748781
Iteration number 57
TpsAltruisticFromLsfGain + IndividualEstimated_INR + -10.0
None
ls_gain_coeffs:
[-132.20459802 -143.03923691 -134.42333543 -121.20610993 -142.90344769
 -132.47708401 -133.46978568 -144.15274426 -127.59197341 -133.38986149
 -136.72376757 -130.98107413 -136.82825448 -146.31164737 -132.99983069]
inrs_hat:  [-21.21489797 -32.04953687 -23.43363539 -10.21640988 -31.91374765
 -21.48738396 -22.48008564 -33.16304422 -16.60227336 -22.40016144
 -25.73406753 -19.99137408 -25.83855444 -35.32194733 -22.01013064]
scheduled_ues:  [ 0  1  2  3  4  5  6  7  8  9 10 11 12 13 14]
(1, 15, 1, 4, 1, 1)
caused INR: -16.535585208755734
TpsAltruisticFromLsfGain + IndividualEstimated_INR + -12.5
None
ls_gain_coeffs:
[-132.20459802 -143.03923691 -134.42333543 -121.20610993 -142.90344769
 -132.47708401 -133.46978568 -144.15274426 -127.59197341 -133.38986149
 -136.72376757 -130.98107413 -136.82825448 -146.31164737 -132.99983069]
inrs_hat:  [-21.21489797 -32.04953687 -23.43363539 -10.21640988 -31.91374765
 -21.48738396 -22.48008564 -33.16304422 -16.60227336 -22.40016144
 -25.73406753 -19.99137408 -25.83855444 -35.32194733 -22.01013064]
scheduled_ues:  [ 0  1  2  4  5  6  7  8  9 10 11 12 13 14]
(1, 15, 1, 4, 1, 1)
caused INR: -16.20124663719759
TpsAltruisticFromLsfGain + IndividualEstimated_INR + -15.0
None
ls_gain_coeffs:
[-132.20459802 -143.03923691 -134.42333543 -121.20610993 -142.90344769
 -132.47708401 -133.46978568 -144.15274426 -127.59197341 -133.38986149
 -136.72376757 -130.98107413 -136.82825448 -146.31164737 -132.99983069]
inrs_hat:  [-21.21489797 -32.04953687 -23.43363539 -10.21640988 -31.91374765
 -21.48738396 -22.48008564 -33.16304422 -16.60227336 -22.40016144
 -25.73406753 -19.99137408 -25.83855444 -35.32194733 -22.01013064]
scheduled_ues:  [ 0  1  2  4  5  6  7  8  9 10 11 12 13 14]
(1, 15, 1, 4, 1, 1)
caused INR: -16.20124663719759
TpsAltruisticFromLsfGain + CumulativeIndividualEstimated_INR + -10.0
None
(1, 15, 1, 4, 1, 1)
caused INR: -16.20124663719759
TpsAltruisticFromLsfGain + CumulativeIndividualEstimated_INR + -12.5
None
(1, 15, 1, 4, 1, 1)
caused INR: -14.42923946852078
TpsAltruisticFromLsfGain + CumulativeIndividualEstimated_INR + -15.0
None
(1, 15, 1, 4, 1, 1)
caused INR: -12.637868255594826
TpsRandomic + IndividualEstimated_INR + -10.0
None
ls_gain_coeffs:
[-118.35178401 -131.1388024  -121.36894376 -103.27405823 -129.57693902
 -122.15511406 -117.94939885 -134.90241928 -121.16693165 -122.22172764
 -120.03894238 -114.07834002 -122.53904692 -132.72786169 -121.66794223]
inrs_hat:  [ -7.36208396 -20.14910235 -10.37924372   7.71564181 -18.58723897
 -11.16541402  -6.9596988  -23.91271924 -10.1772316  -11.23202759
  -9.04924234  -3.08863998 -11.54934688 -21.73816165 -10.67824219]
scheduled_ues:  [ 1  2  4  5  7  8  9 12 13 14]
(1, 15, 1, 4, 1, 1)
caused INR: -2.409107320470578
TpsRandomic + IndividualEstimated_INR + -12.5
None
ls_gain_coeffs:
[-132.20459802 -126.32132349 -117.20382107 -103.27405823 -130.01939335
 -115.51209066 -133.46978568 -127.44371477 -111.19399834 -121.91059253
 -136.72376757 -130.98107413 -120.23704946 -146.31164737 -121.66794223]
inrs_hat:  [-21.21489797 -15.33162345  -6.21412103   7.71564181 -19.02969331
  -4.52239061 -22.48008564 -16.45401472  -0.2042983  -10.92089249
 -25.73406753 -19.99137408  -9.24734942 -35.32194733 -10.67824219]
scheduled_ues:  [ 0  1  4  6  7 10 11 13]
(1, 15, 1, 4, 1, 1)
caused INR: -14.170403493507083
TpsRandomic + IndividualEstimated_INR + -15.0
None
ls_gain_coeffs:
[-132.20459802 -133.94544459 -134.42333543 -121.20610993 -130.01939335
 -132.47708401 -117.94939885 -144.15274426 -111.19399834 -115.84536008
 -129.00374133 -120.28628517 -122.53904692 -142.88509033 -132.99983069]
inrs_hat:  [-21.21489797 -22.95574455 -23.43363539 -10.21640988 -19.02969331
 -21.48738396  -6.9596988  -33.16304422  -0.2042983   -4.85566004
 -18.01404128  -9.29658513 -11.54934688 -31.89539029 -22.01013064]
scheduled_ues:  [ 0  1  2  4  5  7 10 13 14]
(1, 15, 1, 4, 1, 1)
caused INR: -20.656022661829937
TpsRandomic + CumulativeIndividualEstimated_INR + -10.0
None
(1, 15, 1, 4, 1, 1)
caused INR: -15.157076901745459
TpsRandomic + CumulativeIndividualEstimated_INR + -12.5
None
(1, 15, 1, 4, 1, 1)
caused INR: -11.179829644708159
TpsRandomic + CumulativeIndividualEstimated_INR + -15.0
None
(1, 15, 1, 4, 1, 1)
caused INR: -22.080487652683974
Iteration number 58
TpsAltruisticFromLsfGain + IndividualEstimated_INR + -10.0
None
ls_gain_coeffs:
[-143.63358673 -136.9685242  -138.72974053 -141.80202547 -143.78715868
 -130.4945107  -129.35111588 -141.36222594 -133.7698644  -132.75152794
 -129.04316961 -148.6935244  -134.33719428 -136.35345939 -146.04035078]
inrs_hat:  [-32.64388668 -25.97882416 -27.74004048 -30.81232543 -32.79745864
 -19.50481065 -18.36141584 -30.37252589 -22.78016435 -21.76182789
 -18.05346956 -37.70382436 -23.34749424 -25.36375935 -35.05065074]
scheduled_ues:  [ 0  1  2  3  4  5  6  7  8  9 10 11 12 13 14]
(1, 15, 1, 4, 1, 1)
caused INR: -8.419361500828742
TpsAltruisticFromLsfGain + IndividualEstimated_INR + -12.5
None
ls_gain_coeffs:
[-143.63358673 -136.9685242  -138.72974053 -141.80202547 -143.78715868
 -130.4945107  -129.35111588 -141.36222594 -133.7698644  -132.75152794
 -129.04316961 -148.6935244  -134.33719428 -136.35345939 -146.04035078]
inrs_hat:  [-32.64388668 -25.97882416 -27.74004048 -30.81232543 -32.79745864
 -19.50481065 -18.36141584 -30.37252589 -22.78016435 -21.76182789
 -18.05346956 -37.70382436 -23.34749424 -25.36375935 -35.05065074]
scheduled_ues:  [ 0  1  2  3  4  5  6  7  8  9 10 11 12 13 14]
(1, 15, 1, 4, 1, 1)
caused INR: -8.419361500828742
TpsAltruisticFromLsfGain + IndividualEstimated_INR + -15.0
None
ls_gain_coeffs:
[-143.63358673 -136.9685242  -138.72974053 -141.80202547 -143.78715868
 -130.4945107  -129.35111588 -141.36222594 -133.7698644  -132.75152794
 -129.04316961 -148.6935244  -134.33719428 -136.35345939 -146.04035078]
inrs_hat:  [-32.64388668 -25.97882416 -27.74004048 -30.81232543 -32.79745864
 -19.50481065 -18.36141584 -30.37252589 -22.78016435 -21.76182789
 -18.05346956 -37.70382436 -23.34749424 -25.36375935 -35.05065074]
scheduled_ues:  [ 0  1  2  3  4  5  6  7  8  9 10 11 12 13 14]
(1, 15, 1, 4, 1, 1)
caused INR: -8.419361500828742
TpsAltruisticFromLsfGain + CumulativeIndividualEstimated_INR + -10.0
None
(1, 15, 1, 4, 1, 1)
caused INR: -8.419361500828742
TpsAltruisticFromLsfGain + CumulativeIndividualEstimated_INR + -12.5
None
(1, 15, 1, 4, 1, 1)
caused INR: -12.569309747054698
TpsAltruisticFromLsfGain + CumulativeIndividualEstimated_INR + -15.0
None
(1, 15, 1, 4, 1, 1)
caused INR: -9.465559679255446
TpsRandomic + IndividualEstimated_INR + -10.0
None
ls_gain_coeffs:
[-135.7629737  -126.80663438 -131.49342234 -129.11917057 -136.68269329
 -117.41843151 -129.35111588 -127.15039767 -125.93213122 -119.06385874
 -117.22210941 -135.05985177 -124.10076138 -136.35345939 -133.2125115 ]
inrs_hat:  [-24.77327366 -15.81693434 -20.5037223  -18.12947053 -25.69299324
  -6.42873147 -18.36141584 -16.16069763 -14.94243118  -8.0741587
  -6.23240937 -24.07015173 -13.11106133 -25.36375935 -22.22281146]
scheduled_ues:  [ 0  1  2  3  4  6  7  8 11 12 13 14]
(1, 15, 1, 4, 1, 1)
caused INR: -5.54468608667011
TpsRandomic + IndividualEstimated_INR + -12.5
None
ls_gain_coeffs:
[-143.63358673 -136.9685242  -131.49342234 -134.045006   -130.31437093
 -130.4945107  -127.82839865 -125.38016941 -119.54138243 -119.06385874
 -119.28905139 -148.6935244  -117.53067896 -126.95780699 -144.88163294]
inrs_hat:  [-32.64388668 -25.97882416 -20.5037223  -23.05530596 -19.32467088
 -19.50481065 -16.8386986  -14.39046936  -8.55168238  -8.0741587
  -8.29935135 -37.70382436  -6.54097891 -15.96810695 -33.8919329 ]
scheduled_ues:  [ 0  1  2  3  4  5  6  7 11 13 14]
(1, 15, 1, 4, 1, 1)
caused INR: -9.235288714839808
TpsRandomic + IndividualEstimated_INR + -15.0
None
ls_gain_coeffs:
[-130.64592286 -125.27036523 -131.49342234 -141.80202547 -136.68269329
 -120.8523173  -115.89437106 -136.05154114 -116.51595682 -132.75152794
 -112.0347804  -135.05985177 -123.40219654 -119.31535407 -146.04035078]
inrs_hat:  [-19.65622281 -14.28066518 -20.5037223  -30.81232543 -25.69299324
  -9.86261725  -4.90467101 -25.0618411   -5.52625678 -21.76182789
  -1.04508036 -24.07015173 -12.41249649  -8.32565402 -35.05065074]
scheduled_ues:  [ 0  2  3  4  7  9 11 14]
(1, 15, 1, 4, 1, 1)
caused INR: -19.77613032002023
TpsRandomic + CumulativeIndividualEstimated_INR + -10.0
None
(1, 15, 1, 4, 1, 1)
caused INR: -16.27746162645199
TpsRandomic + CumulativeIndividualEstimated_INR + -12.5
None
(1, 15, 1, 4, 1, 1)
caused INR: -13.876221171541
TpsRandomic + CumulativeIndividualEstimated_INR + -15.0
None
(1, 15, 1, 4, 1, 1)
caused INR: -14.890529243841936
Iteration number 59
TpsAltruisticFromLsfGain + IndividualEstimated_INR + -10.0
None
ls_gain_coeffs:
[-133.23466444 -151.65573263 -136.53537097 -137.97328475 -135.71927878
 -141.52776638 -128.54939104 -145.10680421 -135.09549058 -142.96522248
 -132.81513948 -134.42412739 -154.19844292 -133.76400013 -136.77848007]
inrs_hat:  [-22.2449644  -40.66603259 -25.54567092 -26.9835847  -24.72957873
 -30.53806633 -17.559691   -34.11710416 -24.10579053 -31.97552244
 -21.82543944 -23.43442734 -43.20874288 -22.77430008 -25.78878003]
scheduled_ues:  [ 0  1  2  3  4  5  6  7  8  9 10 11 12 13 14]
(1, 15, 1, 4, 1, 1)
caused INR: -12.901886776069457
TpsAltruisticFromLsfGain + IndividualEstimated_INR + -12.5
None
ls_gain_coeffs:
[-133.23466444 -151.65573263 -136.53537097 -137.97328475 -135.71927878
 -141.52776638 -128.54939104 -145.10680421 -135.09549058 -142.96522248
 -132.81513948 -134.42412739 -154.19844292 -133.76400013 -136.77848007]
inrs_hat:  [-22.2449644  -40.66603259 -25.54567092 -26.9835847  -24.72957873
 -30.53806633 -17.559691   -34.11710416 -24.10579053 -31.97552244
 -21.82543944 -23.43442734 -43.20874288 -22.77430008 -25.78878003]
scheduled_ues:  [ 0  1  2  3  4  5  6  7  8  9 10 11 12 13 14]
(1, 15, 1, 4, 1, 1)
caused INR: -12.901886776069457
TpsAltruisticFromLsfGain + IndividualEstimated_INR + -15.0
None
ls_gain_coeffs:
[-133.23466444 -151.65573263 -136.53537097 -137.97328475 -135.71927878
 -141.52776638 -128.54939104 -145.10680421 -135.09549058 -142.96522248
 -132.81513948 -134.42412739 -154.19844292 -133.76400013 -136.77848007]
inrs_hat:  [-22.2449644  -40.66603259 -25.54567092 -26.9835847  -24.72957873
 -30.53806633 -17.559691   -34.11710416 -24.10579053 -31.97552244
 -21.82543944 -23.43442734 -43.20874288 -22.77430008 -25.78878003]
scheduled_ues:  [ 0  1  2  3  4  5  6  7  8  9 10 11 12 13 14]
(1, 15, 1, 4, 1, 1)
caused INR: -12.901886776069457
TpsAltruisticFromLsfGain + CumulativeIndividualEstimated_INR + -10.0
None
(1, 15, 1, 4, 1, 1)
caused INR: -12.901886776069457
TpsAltruisticFromLsfGain + CumulativeIndividualEstimated_INR + -12.5
None
(1, 15, 1, 4, 1, 1)
caused INR: -15.95758969022498
TpsAltruisticFromLsfGain + CumulativeIndividualEstimated_INR + -15.0
None
(1, 15, 1, 4, 1, 1)
caused INR: -20.054573501886455
TpsRandomic + IndividualEstimated_INR + -10.0
None
ls_gain_coeffs:
[-133.23466444 -144.70346701 -119.97527174 -123.12803377 -128.13780596
 -125.10592817 -128.54939104 -133.64252058 -121.93146378 -134.85427468
 -122.66147968 -118.7459553  -137.63880518 -121.75259667 -136.77848007]
inrs_hat:  [-22.2449644  -33.71376697  -8.9855717  -12.13833372 -17.14810591
 -14.11622813 -17.559691   -22.65282054 -10.94176374 -23.86457463
 -11.67177964  -7.75625525 -26.64910514 -10.76289663 -25.78878003]
scheduled_ues:  [ 0  1  3  4  5  6  7  8  9 10 12 13 14]
(1, 15, 1, 4, 1, 1)
caused INR: 1.3019960408245923
TpsRandomic + IndividualEstimated_INR + -12.5
None
ls_gain_coeffs:
[-115.5854496  -135.38837315 -136.53537097 -134.36780828 -135.71927878
 -141.52776638 -113.50604217 -145.10680421 -121.93146378 -142.96522248
 -120.23469035 -120.36424134 -137.63880518 -133.76400013 -134.73516488]
inrs_hat:  [ -4.59574955 -24.39867311 -25.54567092 -23.37810823 -24.72957873
 -30.53806633  -2.51634213 -34.11710416 -10.94176374 -31.97552244
  -9.2449903   -9.3745413  -26.64910514 -22.77430008 -23.74546483]
scheduled_ues:  [ 1  2  3  4  5  7  9 12 13 14]
(1, 15, 1, 4, 1, 1)
caused INR: -14.350143885455648
TpsRandomic + IndividualEstimated_INR + -15.0
None
ls_gain_coeffs:
[-115.5854496  -135.38837315 -129.34349638 -137.97328475 -135.71927878
 -141.52776638 -114.80691661 -145.10680421 -127.82550782 -126.2551612
 -122.66147968 -129.56926925 -137.63880518 -133.76400013 -122.97466994]
inrs_hat:  [ -4.59574955 -24.39867311 -18.35379633 -26.9835847  -24.72957873
 -30.53806633  -3.81721657 -34.11710416 -16.83580778 -15.26546115
 -11.67177964 -18.57956921 -26.64910514 -22.77430008 -11.9849699 ]
scheduled_ues:  [ 1  2  3  4  5  7  8  9 11 12 13]
(1, 15, 1, 4, 1, 1)
caused INR: -5.332487039344428
TpsRandomic + CumulativeIndividualEstimated_INR + -10.0
None
(1, 15, 1, 4, 1, 1)
caused INR: -12.005614312624022
TpsRandomic + CumulativeIndividualEstimated_INR + -12.5
None
(1, 15, 1, 4, 1, 1)
caused INR: -10.271580922081668
TpsRandomic + CumulativeIndividualEstimated_INR + -15.0
None
(1, 15, 1, 4, 1, 1)
caused INR: -12.32956264180056
Iteration number 60
TpsAltruisticFromLsfGain + IndividualEstimated_INR + -10.0
None
ls_gain_coeffs:
[-128.71302467 -147.4838455  -129.02976714 -133.21637471 -138.41853566
 -136.13300613 -123.02373465 -143.13084965 -135.76559924 -151.05387314
 -145.52951722 -149.18905731 -143.56194608 -113.48368604 -133.41403516]
inrs_hat:  [-17.72332462 -36.49414545 -18.0400671  -22.22667466 -27.42883562
 -25.14330609 -12.0340346  -32.14114961 -24.7758992  -40.0641731
 -34.53981718 -38.19935726 -32.57224603  -2.49398599 -22.42433512]
scheduled_ues:  [ 0  1  2  3  4  5  6  7  8  9 10 11 12 14]
(1, 15, 1, 4, 1, 1)
caused INR: -15.8173094346439
TpsAltruisticFromLsfGain + IndividualEstimated_INR + -12.5
None
ls_gain_coeffs:
[-128.71302467 -147.4838455  -129.02976714 -133.21637471 -138.41853566
 -136.13300613 -123.02373465 -143.13084965 -135.76559924 -151.05387314
 -145.52951722 -149.18905731 -143.56194608 -113.48368604 -133.41403516]
inrs_hat:  [-17.72332462 -36.49414545 -18.0400671  -22.22667466 -27.42883562
 -25.14330609 -12.0340346  -32.14114961 -24.7758992  -40.0641731
 -34.53981718 -38.19935726 -32.57224603  -2.49398599 -22.42433512]
scheduled_ues:  [ 0  1  2  3  4  5  7  8  9 10 11 12 14]
(1, 15, 1, 4, 1, 1)
caused INR: -14.631303016599574
TpsAltruisticFromLsfGain + IndividualEstimated_INR + -15.0
None
ls_gain_coeffs:
[-128.71302467 -147.4838455  -129.02976714 -133.21637471 -138.41853566
 -136.13300613 -123.02373465 -143.13084965 -135.76559924 -151.05387314
 -145.52951722 -149.18905731 -143.56194608 -113.48368604 -133.41403516]
inrs_hat:  [-17.72332462 -36.49414545 -18.0400671  -22.22667466 -27.42883562
 -25.14330609 -12.0340346  -32.14114961 -24.7758992  -40.0641731
 -34.53981718 -38.19935726 -32.57224603  -2.49398599 -22.42433512]
scheduled_ues:  [ 0  1  2  3  4  5  7  8  9 10 11 12 14]
(1, 15, 1, 4, 1, 1)
caused INR: -14.631303016599574
TpsAltruisticFromLsfGain + CumulativeIndividualEstimated_INR + -10.0
None
(1, 15, 1, 4, 1, 1)
caused INR: -14.631303016599574
TpsAltruisticFromLsfGain + CumulativeIndividualEstimated_INR + -12.5
None
(1, 15, 1, 4, 1, 1)
caused INR: -14.631303016599574
TpsAltruisticFromLsfGain + CumulativeIndividualEstimated_INR + -15.0
None
(1, 15, 1, 4, 1, 1)
caused INR: -27.54070000863355
TpsRandomic + IndividualEstimated_INR + -10.0
None
ls_gain_coeffs:
[-114.05776279 -147.4838455  -116.00713051 -120.64777048 -131.35550238
 -122.37159266 -115.51793596 -141.21964909 -124.24656958 -135.43030985
 -133.2508762  -143.73814076 -136.96234434 -107.75049742 -133.41403516]
inrs_hat:  [ -3.06806275 -36.49414545  -5.01743047  -9.65807043 -20.36580234
 -11.38189261  -4.52823591 -30.22994905 -13.25686953 -24.4406098
 -22.26117615 -32.74844071 -25.97264429   3.23920262 -22.42433512]
scheduled_ues:  [ 1  4  5  7  8  9 10 11 12 14]
(1, 15, 1, 4, 1, 1)
caused INR: -11.328073339121348
TpsRandomic + IndividualEstimated_INR + -12.5
None
ls_gain_coeffs:
[-128.71302467 -130.99567684 -112.36172397 -133.21637471 -138.41853566
 -122.37159266 -109.29325796 -143.13084965 -126.21875415 -151.05387314
 -133.2508762  -149.18905731 -136.96234434  -97.21996029 -116.66074074]
inrs_hat:  [-17.72332462 -20.0059768   -1.37202393 -22.22667466 -27.42883562
 -11.38189261   1.69644208 -32.14114961 -15.2290541  -40.0641731
 -22.26117615 -38.19935726 -25.97264429  13.76973975  -5.6710407 ]
scheduled_ues:  [ 0  1  3  4  7  8  9 10 11 12]
(1, 15, 1, 4, 1, 1)
caused INR: -12.566975352514778
TpsRandomic + IndividualEstimated_INR + -15.0
None
ls_gain_coeffs:
[-125.39253185 -134.72418487 -121.15791744 -133.21637471 -131.35550238
 -134.15328592 -123.02373465 -129.41511595 -124.24656958 -146.2809282
 -136.56758668 -143.73814076 -127.14329103 -107.75049742 -119.95525561]
inrs_hat:  [-14.40283181 -23.73448483 -10.16821739 -22.22667466 -20.36580234
 -23.16358588 -12.0340346  -18.4254159  -13.25686953 -35.29122815
 -25.57788664 -32.74844071 -16.15359098   3.23920262  -8.96555557]
scheduled_ues:  [ 1  3  4  5  7  9 10 11 12]
(1, 15, 1, 4, 1, 1)
caused INR: -20.301646804199862
TpsRandomic + CumulativeIndividualEstimated_INR + -10.0
None
(1, 15, 1, 4, 1, 1)
caused INR: -9.824689106326751
TpsRandomic + CumulativeIndividualEstimated_INR + -12.5
None
(1, 15, 1, 4, 1, 1)
caused INR: -19.702173722799255
TpsRandomic + CumulativeIndividualEstimated_INR + -15.0
None
(1, 15, 1, 4, 1, 1)
caused INR: -17.8948785536574
Iteration number 61
TpsAltruisticFromLsfGain + IndividualEstimated_INR + -10.0
None
ls_gain_coeffs:
[-121.08452359 -136.18140146 -125.3535869  -140.53199829 -140.04006296
 -131.86416665 -130.05810704 -134.45332658 -145.28156888 -136.32334369
 -146.01422514 -147.77971533 -132.22596678 -145.15024293 -138.23449476]
inrs_hat:  [-10.09482355 -25.19170142 -14.36388686 -29.54229825 -29.05036291
 -20.87446661 -19.068407   -23.46362653 -34.29186884 -25.33364365
 -35.02452509 -36.79001528 -21.23626673 -34.16054289 -27.24479471]
scheduled_ues:  [ 0  1  2  3  4  5  6  7  8  9 10 11 12 13 14]
(1, 15, 1, 4, 1, 1)
caused INR: -12.072437591369034
TpsAltruisticFromLsfGain + IndividualEstimated_INR + -12.5
None
ls_gain_coeffs:
[-121.08452359 -136.18140146 -125.3535869  -140.53199829 -140.04006296
 -131.86416665 -130.05810704 -134.45332658 -145.28156888 -136.32334369
 -146.01422514 -147.77971533 -132.22596678 -145.15024293 -138.23449476]
inrs_hat:  [-10.09482355 -25.19170142 -14.36388686 -29.54229825 -29.05036291
 -20.87446661 -19.068407   -23.46362653 -34.29186884 -25.33364365
 -35.02452509 -36.79001528 -21.23626673 -34.16054289 -27.24479471]
scheduled_ues:  [ 1  2  3  4  5  6  7  8  9 10 11 12 13 14]
(1, 15, 1, 4, 1, 1)
caused INR: -11.877630124633281
TpsAltruisticFromLsfGain + IndividualEstimated_INR + -15.0
None
ls_gain_coeffs:
[-121.08452359 -136.18140146 -125.3535869  -140.53199829 -140.04006296
 -131.86416665 -130.05810704 -134.45332658 -145.28156888 -136.32334369
 -146.01422514 -147.77971533 -132.22596678 -145.15024293 -138.23449476]
inrs_hat:  [-10.09482355 -25.19170142 -14.36388686 -29.54229825 -29.05036291
 -20.87446661 -19.068407   -23.46362653 -34.29186884 -25.33364365
 -35.02452509 -36.79001528 -21.23626673 -34.16054289 -27.24479471]
scheduled_ues:  [ 1  3  4  5  6  7  8  9 10 11 12 13 14]
(1, 15, 1, 4, 1, 1)
caused INR: -20.504990108753827
TpsAltruisticFromLsfGain + CumulativeIndividualEstimated_INR + -10.0
None
(1, 15, 1, 4, 1, 1)
caused INR: -11.877630124633281
TpsAltruisticFromLsfGain + CumulativeIndividualEstimated_INR + -12.5
None
(1, 15, 1, 4, 1, 1)
caused INR: -20.504990108753827
TpsAltruisticFromLsfGain + CumulativeIndividualEstimated_INR + -15.0
None
(1, 15, 1, 4, 1, 1)
caused INR: -14.135756737045464
TpsRandomic + IndividualEstimated_INR + -10.0
None
ls_gain_coeffs:
[-103.71193945 -130.6308788  -114.37396273 -123.48443211 -140.04006296
 -131.86416665 -116.60133759 -127.56897761 -145.28156888 -119.44959662
 -138.87742195 -135.23250037 -132.22596678 -145.15024293 -122.05814472]
inrs_hat:  [  7.2777606  -19.64117875  -3.38426268 -12.49473207 -29.05036291
 -20.87446661  -5.61163755 -16.57927756 -34.29186884  -8.45989658
 -27.88772191 -24.24280033 -21.23626673 -34.16054289 -11.06844468]
scheduled_ues:  [ 1  3  4  5  7  8 10 11 12 13 14]
(1, 15, 1, 4, 1, 1)
caused INR: -7.181259546916304
TpsRandomic + IndividualEstimated_INR + -12.5
None
ls_gain_coeffs:
[-107.53165648 -121.88962724 -108.29334018 -131.62959842 -123.03698601
 -131.86416665 -116.60133759 -134.45332658 -131.76548581 -127.57913091
 -132.3868115  -135.23250037 -119.05175502 -128.86266676 -132.6323697 ]
inrs_hat:  [  3.45804356 -10.89992719   2.69635986 -20.63989838 -12.04728597
 -20.87446661  -5.61163755 -23.46362653 -20.77578576 -16.58943087
 -21.39711146 -24.24280033  -8.06205498 -17.87296672 -21.64266966]
scheduled_ues:  [ 3  5  7  8  9 10 11 13 14]
(1, 15, 1, 4, 1, 1)
caused INR: -14.744583779145206
TpsRandomic + IndividualEstimated_INR + -15.0
None
ls_gain_coeffs:
[-121.08452359 -136.18140146 -108.29334018 -140.53199829 -128.71298372
 -115.21110609 -115.58616813 -134.45332658 -145.28156888 -136.32334369
 -129.41131673 -147.77971533 -119.05175502 -128.86266676 -122.05814472]
inrs_hat:  [-10.09482355 -25.19170142   2.69635986 -29.54229825 -17.72328368
  -4.22140604  -4.59646809 -23.46362653 -34.29186884 -25.33364365
 -18.42161668 -36.79001528  -8.06205498 -17.87296672 -11.06844468]
scheduled_ues:  [ 1  3  4  7  8  9 10 11 13]
(1, 15, 1, 4, 1, 1)
caused INR: -22.958729630535704
TpsRandomic + CumulativeIndividualEstimated_INR + -10.0
None
(1, 15, 1, 4, 1, 1)
caused INR: -14.491302065130132
TpsRandomic + CumulativeIndividualEstimated_INR + -12.5
None
(1, 15, 1, 4, 1, 1)
caused INR: -14.66852364798321
TpsRandomic + CumulativeIndividualEstimated_INR + -15.0
None
(1, 15, 1, 4, 1, 1)
caused INR: -19.873454406487127
Iteration number 62
TpsAltruisticFromLsfGain + IndividualEstimated_INR + -10.0
None
ls_gain_coeffs:
[-138.48905446 -132.10076289 -143.08127741 -142.48096112 -133.8213999
 -148.10610391 -146.87936509 -145.02564306 -116.64004877 -134.27585438
 -143.40937169 -120.78610396 -127.89209696 -121.95714157 -151.13724125]
inrs_hat:  [-27.49935442 -21.11106284 -32.09157737 -31.49126107 -22.83169986
 -37.11640387 -35.88966505 -34.03594302  -5.65034873 -23.28615433
 -32.41967165  -9.79640391 -16.90239692 -10.96744153 -40.1475412 ]
scheduled_ues:  [ 0  1  2  3  4  5  6  7  9 10 12 13 14]
(1, 15, 1, 4, 1, 1)
caused INR: -10.899579088985103
TpsAltruisticFromLsfGain + IndividualEstimated_INR + -12.5
None
ls_gain_coeffs:
[-138.48905446 -132.10076289 -143.08127741 -142.48096112 -133.8213999
 -148.10610391 -146.87936509 -145.02564306 -116.64004877 -134.27585438
 -143.40937169 -120.78610396 -127.89209696 -121.95714157 -151.13724125]
inrs_hat:  [-27.49935442 -21.11106284 -32.09157737 -31.49126107 -22.83169986
 -37.11640387 -35.88966505 -34.03594302  -5.65034873 -23.28615433
 -32.41967165  -9.79640391 -16.90239692 -10.96744153 -40.1475412 ]
scheduled_ues:  [ 0  1  2  3  4  5  6  7  9 10 12 14]
(1, 15, 1, 4, 1, 1)
caused INR: -7.94982149509233
TpsAltruisticFromLsfGain + IndividualEstimated_INR + -15.0
None
ls_gain_coeffs:
[-138.48905446 -132.10076289 -143.08127741 -142.48096112 -133.8213999
 -148.10610391 -146.87936509 -145.02564306 -116.64004877 -134.27585438
 -143.40937169 -120.78610396 -127.89209696 -121.95714157 -151.13724125]
inrs_hat:  [-27.49935442 -21.11106284 -32.09157737 -31.49126107 -22.83169986
 -37.11640387 -35.88966505 -34.03594302  -5.65034873 -23.28615433
 -32.41967165  -9.79640391 -16.90239692 -10.96744153 -40.1475412 ]
scheduled_ues:  [ 0  1  2  3  4  5  6  7  9 10 12 14]
(1, 15, 1, 4, 1, 1)
caused INR: -7.94982149509233
TpsAltruisticFromLsfGain + CumulativeIndividualEstimated_INR + -10.0
None
(1, 15, 1, 4, 1, 1)
caused INR: -7.94982149509233
TpsAltruisticFromLsfGain + CumulativeIndividualEstimated_INR + -12.5
None
(1, 15, 1, 4, 1, 1)
caused INR: -7.94982149509233
TpsAltruisticFromLsfGain + CumulativeIndividualEstimated_INR + -15.0
None
(1, 15, 1, 4, 1, 1)
caused INR: -13.530284596327292
TpsRandomic + IndividualEstimated_INR + -10.0
None
ls_gain_coeffs:
[-125.5104725  -132.10076289 -134.86315016 -128.56964483 -118.13928707
 -131.52995181 -131.04185352 -128.70794571 -116.64004877 -128.15978586
 -141.30106738 -105.37974721 -125.98785992 -104.90687325 -138.93898408]
inrs_hat:  [-14.52077246 -21.11106284 -23.87345012 -17.57994479  -7.14958703
 -20.54025177 -20.05215348 -17.71824567  -5.65034873 -17.17008582
 -30.31136733   5.60995284 -14.99815987   6.0828268  -27.94928404]
scheduled_ues:  [ 0  1  2  3  5  6  7  9 10 12 14]
(1, 15, 1, 4, 1, 1)
caused INR: -13.316367498668846
TpsRandomic + IndividualEstimated_INR + -12.5
None
ls_gain_coeffs:
[-138.48905446 -132.10076289 -143.08127741 -128.56964483 -128.96063066
 -139.93223259 -141.78549773 -145.02564306 -116.64004877 -128.15978586
 -143.40937169 -111.05975404 -127.89209696 -108.36410468 -142.53550821]
inrs_hat:  [-27.49935442 -21.11106284 -32.09157737 -17.57994479 -17.97093061
 -28.94253255 -30.79579769 -34.03594302  -5.65034873 -17.17008582
 -32.41967165  -0.070054   -16.90239692   2.62559537 -31.54580817]
scheduled_ues:  [ 0  1  2  3  4  5  6  7  9 10 12 14]
(1, 15, 1, 4, 1, 1)
caused INR: -5.810362694101986
TpsRandomic + IndividualEstimated_INR + -15.0
None
ls_gain_coeffs:
[-138.48905446 -123.36842875 -126.40230533 -128.56964483 -118.13928707
 -135.56927104 -132.73980931 -138.5052672  -103.43242115 -117.75687537
 -129.56223548 -101.99895062 -127.89209696 -121.95714157 -138.93898408]
inrs_hat:  [-27.49935442 -12.37872871 -15.41260529 -17.57994479  -7.14958703
 -24.579571   -21.75010926 -27.51556715   7.5572789   -6.76717533
 -18.57253544   8.99074942 -16.90239692 -10.96744153 -27.94928404]
scheduled_ues:  [ 0  2  3  5  6  7 10 12 14]
(1, 15, 1, 4, 1, 1)
caused INR: -11.877089112781283
TpsRandomic + CumulativeIndividualEstimated_INR + -10.0
None
(1, 15, 1, 4, 1, 1)
caused INR: -28.888522785781102
TpsRandomic + CumulativeIndividualEstimated_INR + -12.5
None
(1, 15, 1, 4, 1, 1)
caused INR: -22.015680245417343
TpsRandomic + CumulativeIndividualEstimated_INR + -15.0
None
(1, 15, 1, 4, 1, 1)
caused INR: -19.270666159007252
Iteration number 63
TpsAltruisticFromLsfGain + IndividualEstimated_INR + -10.0
None
ls_gain_coeffs:
[-129.08991037 -131.17411318 -128.1205583  -136.49669559 -136.16508922
 -149.02311172 -149.12862761 -126.21833655 -127.79385249 -147.07850814
 -121.62021075 -150.60358563 -123.08338984 -150.94866955 -129.96780904]
inrs_hat:  [-18.10021032 -20.18441314 -17.13085826 -25.50699554 -25.17538918
 -38.03341168 -38.13892757 -15.2286365  -16.80415245 -36.0888081
 -10.6305107  -39.61388558 -12.09368979 -39.95896951 -18.97810899]
scheduled_ues:  [ 0  1  2  3  4  5  6  7  8  9 10 11 12 13 14]
(1, 15, 1, 4, 1, 1)
caused INR: -3.143807844058747
TpsAltruisticFromLsfGain + IndividualEstimated_INR + -12.5
None
ls_gain_coeffs:
[-129.08991037 -131.17411318 -128.1205583  -136.49669559 -136.16508922
 -149.02311172 -149.12862761 -126.21833655 -127.79385249 -147.07850814
 -121.62021075 -150.60358563 -123.08338984 -150.94866955 -129.96780904]
inrs_hat:  [-18.10021032 -20.18441314 -17.13085826 -25.50699554 -25.17538918
 -38.03341168 -38.13892757 -15.2286365  -16.80415245 -36.0888081
 -10.6305107  -39.61388558 -12.09368979 -39.95896951 -18.97810899]
scheduled_ues:  [ 0  1  2  3  4  5  6  7  8  9 11 13 14]
(1, 15, 1, 4, 1, 1)
caused INR: -11.463026247324745
TpsAltruisticFromLsfGain + IndividualEstimated_INR + -15.0
None
ls_gain_coeffs:
[-129.08991037 -131.17411318 -128.1205583  -136.49669559 -136.16508922
 -149.02311172 -149.12862761 -126.21833655 -127.79385249 -147.07850814
 -121.62021075 -150.60358563 -123.08338984 -150.94866955 -129.96780904]
inrs_hat:  [-18.10021032 -20.18441314 -17.13085826 -25.50699554 -25.17538918
 -38.03341168 -38.13892757 -15.2286365  -16.80415245 -36.0888081
 -10.6305107  -39.61388558 -12.09368979 -39.95896951 -18.97810899]
scheduled_ues:  [ 0  1  2  3  4  5  6  7  8  9 11 13 14]
(1, 15, 1, 4, 1, 1)
caused INR: -11.463026247324745
TpsAltruisticFromLsfGain + CumulativeIndividualEstimated_INR + -10.0
None
(1, 15, 1, 4, 1, 1)
caused INR: -12.009861598682441
TpsAltruisticFromLsfGain + CumulativeIndividualEstimated_INR + -12.5
None
(1, 15, 1, 4, 1, 1)
caused INR: -12.482600335788812
TpsAltruisticFromLsfGain + CumulativeIndividualEstimated_INR + -15.0
None
(1, 15, 1, 4, 1, 1)
caused INR: -20.391794758989242
TpsRandomic + IndividualEstimated_INR + -10.0
None
ls_gain_coeffs:
[-118.13755559 -117.05001931 -111.13040902 -123.24638597 -136.16508922
 -140.56120181 -140.26563939 -126.18311251 -126.41088465 -141.64805867
 -108.11214501 -138.027026   -110.47054335 -141.25610903 -115.3753267 ]
inrs_hat:  [ -7.14785555  -6.06031926  -0.14070898 -12.25668593 -25.17538918
 -29.57150176 -29.27593935 -15.19341246 -15.42118461 -30.65835862
   2.87755503 -27.03732596   0.5191567  -30.26640898  -4.38562666]
scheduled_ues:  [ 3  4  5  6  7  8  9 11 13]
(1, 15, 1, 4, 1, 1)
caused INR: -10.222145974579558
TpsRandomic + IndividualEstimated_INR + -12.5
None
ls_gain_coeffs:
[-111.84968331 -117.05001931 -111.13040902 -136.49669559 -136.16264902
 -149.02311172 -137.1986826  -126.18311251 -114.89126321 -132.95319668
 -108.11214501 -134.07729881 -110.47054335 -134.12503517 -115.3753267 ]
inrs_hat:  [ -0.85998327  -6.06031926  -0.14070898 -25.50699554 -25.17294898
 -38.03341168 -26.20898256 -15.19341246  -3.90156317 -21.96349664
   2.87755503 -23.08759876   0.5191567  -23.13533513  -4.38562666]
scheduled_ues:  [ 3  4  5  6  7  9 11 13]
(1, 15, 1, 4, 1, 1)
caused INR: -7.942063492405058
TpsRandomic + IndividualEstimated_INR + -15.0
None
ls_gain_coeffs:
[-111.84968331 -117.05001931 -117.93503436 -128.84601783 -123.72267582
 -149.02311172 -132.511361   -113.7649952  -114.89126321 -132.95319668
 -108.11214501 -134.07729881 -123.08338984 -134.12503517 -129.96780904]
inrs_hat:  [ -0.85998327  -6.06031926  -6.94533432 -17.85631779 -12.73297578
 -38.03341168 -21.52166095  -2.77529516  -3.90156317 -21.96349664
   2.87755503 -23.08759876 -12.09368979 -23.13533513 -18.97810899]
scheduled_ues:  [ 3  5  6  9 11 13 14]
(1, 15, 1, 4, 1, 1)
caused INR: -9.398579771107565
TpsRandomic + CumulativeIndividualEstimated_INR + -10.0
None
(1, 15, 1, 4, 1, 1)
caused INR: -11.5430529104029
TpsRandomic + CumulativeIndividualEstimated_INR + -12.5
None
(1, 15, 1, 4, 1, 1)
caused INR: -11.631795306650545
TpsRandomic + CumulativeIndividualEstimated_INR + -15.0
None
(1, 15, 1, 4, 1, 1)
caused INR: -26.38326451520015
Iteration number 64
TpsAltruisticFromLsfGain + IndividualEstimated_INR + -10.0
None
ls_gain_coeffs:
[-145.393993   -141.87302518 -122.52265207 -149.56932131 -140.60814461
 -137.07872126 -121.0563582  -131.53121775 -146.33029138 -137.84358455
 -151.80789537 -142.80088773 -131.15366045 -147.23028393 -126.18448091]
inrs_hat:  [-34.40429295 -30.88332514 -11.53295202 -38.57962126 -29.61844456
 -26.08902122 -10.06665816 -20.54151771 -35.34059133 -26.8538845
 -40.81819533 -31.81118769 -20.16396041 -36.24058388 -15.19478087]
scheduled_ues:  [ 0  1  2  3  4  5  6  7  8  9 10 11 12 13 14]
(1, 15, 1, 4, 1, 1)
caused INR: -12.13055789115385
TpsAltruisticFromLsfGain + IndividualEstimated_INR + -12.5
None
ls_gain_coeffs:
[-145.393993   -141.87302518 -122.52265207 -149.56932131 -140.60814461
 -137.07872126 -121.0563582  -131.53121775 -146.33029138 -137.84358455
 -151.80789537 -142.80088773 -131.15366045 -147.23028393 -126.18448091]
inrs_hat:  [-34.40429295 -30.88332514 -11.53295202 -38.57962126 -29.61844456
 -26.08902122 -10.06665816 -20.54151771 -35.34059133 -26.8538845
 -40.81819533 -31.81118769 -20.16396041 -36.24058388 -15.19478087]
scheduled_ues:  [ 0  1  3  4  5  7  8  9 10 11 12 13 14]
(1, 15, 1, 4, 1, 1)
caused INR: -13.89164325024943
TpsAltruisticFromLsfGain + IndividualEstimated_INR + -15.0
None
ls_gain_coeffs:
[-145.393993   -141.87302518 -122.52265207 -149.56932131 -140.60814461
 -137.07872126 -121.0563582  -131.53121775 -146.33029138 -137.84358455
 -151.80789537 -142.80088773 -131.15366045 -147.23028393 -126.18448091]
inrs_hat:  [-34.40429295 -30.88332514 -11.53295202 -38.57962126 -29.61844456
 -26.08902122 -10.06665816 -20.54151771 -35.34059133 -26.8538845
 -40.81819533 -31.81118769 -20.16396041 -36.24058388 -15.19478087]
scheduled_ues:  [ 0  1  3  4  5  7  8  9 10 11 12 13 14]
(1, 15, 1, 4, 1, 1)
caused INR: -13.89164325024943
TpsAltruisticFromLsfGain + CumulativeIndividualEstimated_INR + -10.0
None
(1, 15, 1, 4, 1, 1)
caused INR: -13.89164325024943
TpsAltruisticFromLsfGain + CumulativeIndividualEstimated_INR + -12.5
None
(1, 15, 1, 4, 1, 1)
caused INR: -16.445924104812192
TpsAltruisticFromLsfGain + CumulativeIndividualEstimated_INR + -15.0
None
(1, 15, 1, 4, 1, 1)
caused INR: -16.445924104812192
TpsRandomic + IndividualEstimated_INR + -10.0
None
ls_gain_coeffs:
[-145.393993   -130.47967567 -122.52265207 -149.56932131 -129.78964011
 -120.19074615 -121.0563582  -131.53121775 -130.07477828 -126.14973343
 -137.65800633 -142.80088773 -120.17310706 -134.34612385 -126.18448091]
inrs_hat:  [-34.40429295 -19.48997563 -11.53295202 -38.57962126 -18.79994007
  -9.20104611 -10.06665816 -20.54151771 -19.08507823 -15.16003338
 -26.66830629 -31.81118769  -9.18340702 -23.3564238  -15.19478087]
scheduled_ues:  [ 0  1  2  3  4  6  7  8  9 10 11 13 14]
(1, 15, 1, 4, 1, 1)
caused INR: -5.73364499221131
TpsRandomic + IndividualEstimated_INR + -12.5
None
ls_gain_coeffs:
[-131.92180181 -132.19078254 -105.1478924  -140.81693687 -129.75436275
 -123.46158925 -121.0563582  -131.53121775 -132.04394922 -128.74838017
 -151.80789537 -132.81186666 -131.15366045 -134.34612385 -126.18448091]
inrs_hat:  [-20.93210176 -21.2010825    5.84180765 -29.82723683 -18.7646627
 -12.47188921 -10.06665816 -20.54151771 -21.05424917 -17.75868013
 -40.81819533 -21.82216662 -20.16396041 -23.3564238  -15.19478087]
scheduled_ues:  [ 0  1  3  4  7  8  9 10 11 12 13 14]
(1, 15, 1, 4, 1, 1)
caused INR: -10.45122849362386
TpsRandomic + IndividualEstimated_INR + -15.0
None
ls_gain_coeffs:
[-131.92180181 -130.47967567 -105.1478924  -149.56932131 -123.55120143
 -129.36150306 -108.33014606 -114.17020661 -130.07477828 -126.14973343
 -137.65800633 -126.13133844 -120.89720189 -147.23028393 -115.91692913]
inrs_hat:  [-20.93210176 -19.48997563   5.84180765 -38.57962126 -12.56150139
 -18.37180301   2.65955399  -3.18050657 -19.08507823 -15.16003338
 -26.66830629 -15.1416384   -9.90750185 -36.24058388  -4.92722909]
scheduled_ues:  [ 0  1  3  5  8  9 10 11 13]
(1, 15, 1, 4, 1, 1)
caused INR: -6.503567292500422
TpsRandomic + CumulativeIndividualEstimated_INR + -10.0
None
(1, 15, 1, 4, 1, 1)
caused INR: -20.394995549135363
TpsRandomic + CumulativeIndividualEstimated_INR + -12.5
None
(1, 15, 1, 4, 1, 1)
caused INR: -8.739738246068981
TpsRandomic + CumulativeIndividualEstimated_INR + -15.0
None
(1, 15, 1, 4, 1, 1)
caused INR: -27.95318516862812
Iteration number 65
TpsAltruisticFromLsfGain + IndividualEstimated_INR + -10.0
None
ls_gain_coeffs:
[-147.5635412  -144.74457274 -140.40004122 -149.10418248 -131.91883959
 -143.0376971  -145.62071457 -114.51927796 -143.53422252 -140.69080839
 -121.62317682 -134.68838802 -147.79885887 -128.49712979 -148.83942379]
inrs_hat:  [-36.57384116 -33.7548727  -29.41034117 -38.11448244 -20.92913955
 -32.04799705 -34.63101453  -3.52957791 -32.54452248 -29.70110835
 -10.63347678 -23.69868798 -36.80915883 -17.50742974 -37.84972375]
scheduled_ues:  [ 0  1  2  3  4  5  6  8  9 10 11 12 13 14]
(1, 15, 1, 4, 1, 1)
caused INR: -3.285397918175091
TpsAltruisticFromLsfGain + IndividualEstimated_INR + -12.5
None
ls_gain_coeffs:
[-147.5635412  -144.74457274 -140.40004122 -149.10418248 -131.91883959
 -143.0376971  -145.62071457 -114.51927796 -143.53422252 -140.69080839
 -121.62317682 -134.68838802 -147.79885887 -128.49712979 -148.83942379]
inrs_hat:  [-36.57384116 -33.7548727  -29.41034117 -38.11448244 -20.92913955
 -32.04799705 -34.63101453  -3.52957791 -32.54452248 -29.70110835
 -10.63347678 -23.69868798 -36.80915883 -17.50742974 -37.84972375]
scheduled_ues:  [ 0  1  2  3  4  5  6  8  9 11 12 13 14]
(1, 15, 1, 4, 1, 1)
caused INR: -26.158800281071994
TpsAltruisticFromLsfGain + IndividualEstimated_INR + -15.0
None
ls_gain_coeffs:
[-147.5635412  -144.74457274 -140.40004122 -149.10418248 -131.91883959
 -143.0376971  -145.62071457 -114.51927796 -143.53422252 -140.69080839
 -121.62317682 -134.68838802 -147.79885887 -128.49712979 -148.83942379]
inrs_hat:  [-36.57384116 -33.7548727  -29.41034117 -38.11448244 -20.92913955
 -32.04799705 -34.63101453  -3.52957791 -32.54452248 -29.70110835
 -10.63347678 -23.69868798 -36.80915883 -17.50742974 -37.84972375]
scheduled_ues:  [ 0  1  2  3  4  5  6  8  9 11 12 13 14]
(1, 15, 1, 4, 1, 1)
caused INR: -26.158800281071994
TpsAltruisticFromLsfGain + CumulativeIndividualEstimated_INR + -10.0
None
(1, 15, 1, 4, 1, 1)
caused INR: -26.158800281071994
TpsAltruisticFromLsfGain + CumulativeIndividualEstimated_INR + -12.5
None
(1, 15, 1, 4, 1, 1)
caused INR: -26.158800281071994
TpsAltruisticFromLsfGain + CumulativeIndividualEstimated_INR + -15.0
None
(1, 15, 1, 4, 1, 1)
caused INR: -36.74052177380183
TpsRandomic + IndividualEstimated_INR + -10.0
None
ls_gain_coeffs:
[-137.70937709 -131.59532859 -123.36607836 -149.10418248 -115.5525663
 -139.50642102 -145.62071457 -114.51927796 -135.94089828 -123.60198511
 -108.81671412 -122.18215461 -130.96218449 -114.01154703 -141.95627485]
inrs_hat:  [-26.71967705 -20.60562854 -12.37637832 -38.11448244  -4.56286626
 -28.51672098 -34.63101453  -3.52957791 -24.95119824 -12.61228507
   2.17298592 -11.19245456 -19.97248445  -3.02184699 -30.96657481]
scheduled_ues:  [ 0  1  2  3  5  6  8  9 11 12 14]
(1, 15, 1, 4, 1, 1)
caused INR: -6.790698712613851
TpsRandomic + IndividualEstimated_INR + -12.5
None
ls_gain_coeffs:
[-147.5635412  -131.59532859 -130.50035468 -137.61946696 -131.91883959
 -128.24191305 -132.73877171 -102.04166245 -143.53422252 -129.5033496
 -104.19489551 -126.43890738 -147.79885887 -114.01154703 -148.83942379]
inrs_hat:  [-36.57384116 -20.60562854 -19.51065464 -26.62976692 -20.92913955
 -17.25221301 -21.74907167   8.9480376  -32.54452248 -18.51364955
   6.79480454 -15.44920734 -36.80915883  -3.02184699 -37.84972375]
scheduled_ues:  [ 0  1  2  3  4  5  6  8  9 11 12 14]
(1, 15, 1, 4, 1, 1)
caused INR: -17.134060812707204
TpsRandomic + IndividualEstimated_INR + -15.0
None
ls_gain_coeffs:
[-137.70937709 -144.74457274 -123.36607836 -139.56696961 -125.33335047
 -143.0376971  -132.95894314 -114.41123142 -135.94089828 -129.5033496
 -104.19489551 -122.18215461 -130.96218449 -110.77881507 -135.44016802]
inrs_hat:  [-26.71967705 -33.7548727  -12.37637832 -28.57726957 -14.34365043
 -32.04799705 -21.9692431   -3.42153138 -24.95119824 -18.51364955
   6.79480454 -11.19245456 -19.97248445   0.21088498 -24.45046798]
scheduled_ues:  [ 0  1  3  5  6  8  9 12 14]
(1, 15, 1, 4, 1, 1)
caused INR: -23.31427214982748
TpsRandomic + CumulativeIndividualEstimated_INR + -10.0
None
(1, 15, 1, 4, 1, 1)
caused INR: -21.15954053745613
TpsRandomic + CumulativeIndividualEstimated_INR + -12.5
None
(1, 15, 1, 4, 1, 1)
caused INR: -18.82620612669635
TpsRandomic + CumulativeIndividualEstimated_INR + -15.0
None
(1, 15, 1, 4, 1, 1)
caused INR: -9.276955733913654
Iteration number 66
TpsAltruisticFromLsfGain + IndividualEstimated_INR + -10.0
None
ls_gain_coeffs:
[-134.29665439 -138.99644215 -122.06730024 -129.85799436 -139.26368184
 -136.93566296 -132.78117868 -127.12653927 -149.56304552 -142.36244903
 -123.29886315 -119.76488712 -139.01315661 -125.29308833 -135.19385289]
inrs_hat:  [-23.30695435 -28.0067421  -11.0776002  -18.86829432 -28.27398179
 -25.94596291 -21.79147864 -16.13683922 -38.57334548 -31.37274899
 -12.30916311  -8.77518708 -28.02345657 -14.30338829 -24.20415285]
scheduled_ues:  [ 0  1  2  3  4  5  6  7  8  9 10 12 13 14]
(1, 15, 1, 4, 1, 1)
caused INR: -20.980000630772043
TpsAltruisticFromLsfGain + IndividualEstimated_INR + -12.5
None
ls_gain_coeffs:
[-134.29665439 -138.99644215 -122.06730024 -129.85799436 -139.26368184
 -136.93566296 -132.78117868 -127.12653927 -149.56304552 -142.36244903
 -123.29886315 -119.76488712 -139.01315661 -125.29308833 -135.19385289]
inrs_hat:  [-23.30695435 -28.0067421  -11.0776002  -18.86829432 -28.27398179
 -25.94596291 -21.79147864 -16.13683922 -38.57334548 -31.37274899
 -12.30916311  -8.77518708 -28.02345657 -14.30338829 -24.20415285]
scheduled_ues:  [ 0  1  3  4  5  6  7  8  9 12 13 14]
(1, 15, 1, 4, 1, 1)
caused INR: -12.604679107566643
TpsAltruisticFromLsfGain + IndividualEstimated_INR + -15.0
None
ls_gain_coeffs:
[-134.29665439 -138.99644215 -122.06730024 -129.85799436 -139.26368184
 -136.93566296 -132.78117868 -127.12653927 -149.56304552 -142.36244903
 -123.29886315 -119.76488712 -139.01315661 -125.29308833 -135.19385289]
inrs_hat:  [-23.30695435 -28.0067421  -11.0776002  -18.86829432 -28.27398179
 -25.94596291 -21.79147864 -16.13683922 -38.57334548 -31.37274899
 -12.30916311  -8.77518708 -28.02345657 -14.30338829 -24.20415285]
scheduled_ues:  [ 0  1  3  4  5  6  7  8  9 12 14]
(1, 15, 1, 4, 1, 1)
caused INR: -15.629697324267104
TpsAltruisticFromLsfGain + CumulativeIndividualEstimated_INR + -10.0
None
(1, 15, 1, 4, 1, 1)
caused INR: -12.604679107566643
TpsAltruisticFromLsfGain + CumulativeIndividualEstimated_INR + -12.5
None
(1, 15, 1, 4, 1, 1)
caused INR: -17.634921317889127
TpsAltruisticFromLsfGain + CumulativeIndividualEstimated_INR + -15.0
None
(1, 15, 1, 4, 1, 1)
caused INR: -21.009178873567627
TpsRandomic + IndividualEstimated_INR + -10.0
None
ls_gain_coeffs:
[-120.03881167 -135.2137771  -113.28400925 -116.21928554 -125.92542783
 -128.52867225 -118.87035379 -113.27821175 -149.56304552 -131.43072731
 -106.4538362  -119.76488712 -127.92475149 -112.0742018  -135.19385289]
inrs_hat:  [ -9.04911163 -24.22407706  -2.29430921  -5.22958549 -14.93572778
 -17.53897221  -7.88065375  -2.28851171 -38.57334548 -20.44102727
   4.53586384  -8.77518708 -16.93505144  -1.08450176 -24.20415285]
scheduled_ues:  [ 1  4  5  8  9 12 14]
(1, 15, 1, 4, 1, 1)
caused INR: -8.43046741644506
TpsRandomic + IndividualEstimated_INR + -12.5
None
ls_gain_coeffs:
[-120.03881167 -138.99644215 -113.28400925 -129.85799436 -137.91870082
 -119.94032899 -132.78117868 -127.12653927 -136.69533758 -132.02937472
 -106.4538362  -111.23505471 -127.92475149 -122.96122875 -135.19385289]
inrs_hat:  [ -9.04911163 -28.0067421   -2.29430921 -18.86829432 -26.92900078
  -8.95062894 -21.79147864 -16.13683922 -25.70563753 -21.03967468
   4.53586384  -0.24535467 -16.93505144 -11.97152871 -24.20415285]
scheduled_ues:  [ 1  3  4  6  7  8  9 12 14]
(1, 15, 1, 4, 1, 1)
caused INR: -8.818103045786795
TpsRandomic + IndividualEstimated_INR + -15.0
None
ls_gain_coeffs:
[-134.29665439 -135.2137771  -108.98404704 -115.02217672 -126.37375483
 -119.94032899 -118.87035379 -113.27821175 -149.56304552 -125.50925102
 -110.07120089 -111.23505471 -139.01315661 -111.29691528 -135.19385289]
inrs_hat:  [-23.30695435 -24.22407706   2.005653    -4.03247667 -15.38405479
  -8.95062894  -7.88065375  -2.28851171 -38.57334548 -14.51955097
   0.91849915  -0.24535467 -28.02345657  -0.30721524 -24.20415285]
scheduled_ues:  [ 0  1  4  8 12 14]
(1, 15, 1, 4, 1, 1)
caused INR: -17.741771682361108
TpsRandomic + CumulativeIndividualEstimated_INR + -10.0
None
(1, 15, 1, 4, 1, 1)
caused INR: -13.872104597990536
TpsRandomic + CumulativeIndividualEstimated_INR + -12.5
None
(1, 15, 1, 4, 1, 1)
caused INR: -17.170479293777795
TpsRandomic + CumulativeIndividualEstimated_INR + -15.0
None
(1, 15, 1, 4, 1, 1)
caused INR: -13.550239847917535
Iteration number 67
TpsAltruisticFromLsfGain + IndividualEstimated_INR + -10.0
None
ls_gain_coeffs:
[-131.95174278 -144.75589643 -151.9192612  -134.61820787 -141.02301503
 -140.12226997 -118.2262758  -138.81460688 -130.8292102  -148.97911095
 -150.63606598 -139.7533599  -129.4734594  -139.43128819 -131.01813089]
inrs_hat:  [-20.96204273 -33.76619639 -40.92956116 -23.62850783 -30.03331499
 -29.13256992  -7.23657576 -27.82490684 -19.83951016 -37.9894109
 -39.64636594 -28.76365985 -18.48375936 -28.44158815 -20.02843085]
scheduled_ues:  [ 0  1  2  3  4  5  7  8  9 10 11 12 13 14]
(1, 15, 1, 4, 1, 1)
caused INR: -24.521868542498094
TpsAltruisticFromLsfGain + IndividualEstimated_INR + -12.5
None
ls_gain_coeffs:
[-131.95174278 -144.75589643 -151.9192612  -134.61820787 -141.02301503
 -140.12226997 -118.2262758  -138.81460688 -130.8292102  -148.97911095
 -150.63606598 -139.7533599  -129.4734594  -139.43128819 -131.01813089]
inrs_hat:  [-20.96204273 -33.76619639 -40.92956116 -23.62850783 -30.03331499
 -29.13256992  -7.23657576 -27.82490684 -19.83951016 -37.9894109
 -39.64636594 -28.76365985 -18.48375936 -28.44158815 -20.02843085]
scheduled_ues:  [ 0  1  2  3  4  5  7  8  9 10 11 12 13 14]
(1, 15, 1, 4, 1, 1)
caused INR: -24.521868542498094
TpsAltruisticFromLsfGain + IndividualEstimated_INR + -15.0
None
ls_gain_coeffs:
[-131.95174278 -144.75589643 -151.9192612  -134.61820787 -141.02301503
 -140.12226997 -118.2262758  -138.81460688 -130.8292102  -148.97911095
 -150.63606598 -139.7533599  -129.4734594  -139.43128819 -131.01813089]
inrs_hat:  [-20.96204273 -33.76619639 -40.92956116 -23.62850783 -30.03331499
 -29.13256992  -7.23657576 -27.82490684 -19.83951016 -37.9894109
 -39.64636594 -28.76365985 -18.48375936 -28.44158815 -20.02843085]
scheduled_ues:  [ 0  1  2  3  4  5  7  8  9 10 11 12 13 14]
(1, 15, 1, 4, 1, 1)
caused INR: -24.521868542498094
TpsAltruisticFromLsfGain + CumulativeIndividualEstimated_INR + -10.0
None
(1, 15, 1, 4, 1, 1)
caused INR: -24.521868542498094
TpsAltruisticFromLsfGain + CumulativeIndividualEstimated_INR + -12.5
None
(1, 15, 1, 4, 1, 1)
caused INR: -24.521868542498094
TpsAltruisticFromLsfGain + CumulativeIndividualEstimated_INR + -15.0
None
(1, 15, 1, 4, 1, 1)
caused INR: -15.96950393298611
TpsRandomic + IndividualEstimated_INR + -10.0
None
ls_gain_coeffs:
[-131.95174278 -144.73250011 -138.31081075 -134.61820787 -141.02301503
 -123.66360883 -116.83255838 -138.81460688 -115.94863466 -136.05392423
 -150.63606598 -126.7032671  -120.89692844 -139.43128819 -116.91888803]
inrs_hat:  [-20.96204273 -33.74280006 -27.3211107  -23.62850783 -30.03331499
 -12.67390878  -5.84285833 -27.82490684  -4.95893462 -25.06422419
 -39.64636594 -15.71356706  -9.90722839 -28.44158815  -5.92918799]
scheduled_ues:  [ 0  1  2  3  4  5  7  9 10 11 13]
(1, 15, 1, 4, 1, 1)
caused INR: -4.706359028619155
TpsRandomic + IndividualEstimated_INR + -12.5
None
ls_gain_coeffs:
[-118.58563542 -144.73250011 -151.9192612  -117.38332064 -131.72120728
 -123.66360883 -118.2262758  -122.18303157 -127.17074689 -136.05392423
 -142.59031677 -126.09477431 -116.83083429 -139.43128819 -115.26124517]
inrs_hat:  [ -7.59593537 -33.74280006 -40.92956116  -6.3936206  -20.73150724
 -12.67390878  -7.23657576 -11.19333153 -16.18104685 -25.06422419
 -31.60061673 -15.10507427  -5.84113425 -28.44158815  -4.27154513]
scheduled_ues:  [ 1  2  4  5  8  9 10 11 13]
(1, 15, 1, 4, 1, 1)
caused INR: -6.632950282713019
TpsRandomic + IndividualEstimated_INR + -15.0
None
ls_gain_coeffs:
[-131.95174278 -132.30649766 -135.78273131 -121.13929462 -131.72120728
 -133.58663748 -105.32010333 -130.21232423 -115.94863466 -141.46343514
 -150.63606598 -126.7032671  -112.64308136 -125.91991237 -126.04520231]
inrs_hat:  [-20.96204273 -21.31679761 -24.79303127 -10.14959458 -20.73150724
 -22.59693744   5.66959672 -19.22262419  -4.95893462 -30.4737351
 -39.64636594 -15.71356706  -1.65338132 -14.93021233 -15.05550227]
scheduled_ues:  [ 0  1  2  4  5  7  9 10 11 14]
(1, 15, 1, 4, 1, 1)
caused INR: -7.360497607482527
TpsRandomic + CumulativeIndividualEstimated_INR + -10.0
None
(1, 15, 1, 4, 1, 1)
caused INR: -10.859130587635113
TpsRandomic + CumulativeIndividualEstimated_INR + -12.5
None
(1, 15, 1, 4, 1, 1)
caused INR: -8.138057383708993
TpsRandomic + CumulativeIndividualEstimated_INR + -15.0
None
(1, 15, 1, 4, 1, 1)
caused INR: -18.98839389757864
Iteration number 68
TpsAltruisticFromLsfGain + IndividualEstimated_INR + -10.0
None
ls_gain_coeffs:
[-136.47280008 -150.63808109 -145.91135649 -138.42692071 -132.04439688
 -129.44995343 -148.21209121 -136.96412895 -126.59071095 -143.60529753
 -127.03440734 -139.58911472 -134.12861589 -130.65875812 -125.50071547]
inrs_hat:  [-25.48310004 -39.64838105 -34.92165644 -27.43722066 -21.05469684
 -18.46025339 -37.22239116 -25.97442891 -15.6010109  -32.61559749
 -16.0447073  -28.59941467 -23.13891585 -19.66905807 -14.51101543]
scheduled_ues:  [ 0  1  2  3  4  5  6  7  8  9 10 11 12 13 14]
(1, 15, 1, 4, 1, 1)
caused INR: -29.197573611957786
TpsAltruisticFromLsfGain + IndividualEstimated_INR + -12.5
None
ls_gain_coeffs:
[-136.47280008 -150.63808109 -145.91135649 -138.42692071 -132.04439688
 -129.44995343 -148.21209121 -136.96412895 -126.59071095 -143.60529753
 -127.03440734 -139.58911472 -134.12861589 -130.65875812 -125.50071547]
inrs_hat:  [-25.48310004 -39.64838105 -34.92165644 -27.43722066 -21.05469684
 -18.46025339 -37.22239116 -25.97442891 -15.6010109  -32.61559749
 -16.0447073  -28.59941467 -23.13891585 -19.66905807 -14.51101543]
scheduled_ues:  [ 0  1  2  3  4  5  6  7  8  9 10 11 12 13 14]
(1, 15, 1, 4, 1, 1)
caused INR: -29.197573611957786
TpsAltruisticFromLsfGain + IndividualEstimated_INR + -15.0
None
ls_gain_coeffs:
[-136.47280008 -150.63808109 -145.91135649 -138.42692071 -132.04439688
 -129.44995343 -148.21209121 -136.96412895 -126.59071095 -143.60529753
 -127.03440734 -139.58911472 -134.12861589 -130.65875812 -125.50071547]
inrs_hat:  [-25.48310004 -39.64838105 -34.92165644 -27.43722066 -21.05469684
 -18.46025339 -37.22239116 -25.97442891 -15.6010109  -32.61559749
 -16.0447073  -28.59941467 -23.13891585 -19.66905807 -14.51101543]
scheduled_ues:  [ 0  1  2  3  4  5  6  7  8  9 10 11 12 13]
(1, 15, 1, 4, 1, 1)
caused INR: -29.112099599159244
TpsAltruisticFromLsfGain + CumulativeIndividualEstimated_INR + -10.0
None
(1, 15, 1, 4, 1, 1)
caused INR: -29.112099599159244
TpsAltruisticFromLsfGain + CumulativeIndividualEstimated_INR + -12.5
None
(1, 15, 1, 4, 1, 1)
caused INR: -19.259582947821237
TpsAltruisticFromLsfGain + CumulativeIndividualEstimated_INR + -15.0
None
(1, 15, 1, 4, 1, 1)
caused INR: -26.2542089720845
TpsRandomic + IndividualEstimated_INR + -10.0
None
ls_gain_coeffs:
[-136.47280008 -139.5747772  -129.22132823 -121.67047196 -132.04439688
 -116.8192532  -148.21209121 -119.9409407  -119.6888325  -131.05636594
 -110.027182   -126.53166205 -116.73333492 -122.87974987 -117.14006198]
inrs_hat:  [-25.48310004 -28.58507715 -18.23162818 -10.68077192 -21.05469684
  -5.82955316 -37.22239116  -8.95124066  -8.69913246 -20.0666659
   0.96251805 -15.541962    -5.74363487 -11.89004983  -6.15036193]
scheduled_ues:  [ 0  1  2  3  4  6  9 11 13]
(1, 15, 1, 4, 1, 1)
caused INR: -0.8138443009646906
TpsRandomic + IndividualEstimated_INR + -12.5
None
ls_gain_coeffs:
[-136.47280008 -140.56142899 -137.26946055 -138.42692071 -132.04439688
 -129.44995343 -148.21209121 -136.96412895 -112.62411011 -126.8899217
 -127.03440734 -139.58911472 -123.13742913 -130.65875812 -112.61439217]
inrs_hat:  [-25.48310004 -29.57172895 -26.2797605  -27.43722066 -21.05469684
 -18.46025339 -37.22239116 -25.97442891  -1.63441006 -15.90022166
 -16.0447073  -28.59941467 -12.14772909 -19.66905807  -1.62469213]
scheduled_ues:  [ 0  1  2  3  4  5  6  7  9 10 11 13]
(1, 15, 1, 4, 1, 1)
caused INR: -19.59821229432438
TpsRandomic + IndividualEstimated_INR + -15.0
None
ls_gain_coeffs:
[-136.47280008 -140.56142899 -133.61479591 -124.73519922 -118.10190223
 -116.91380332 -143.73146868 -136.96412895 -126.59071095 -135.16507746
 -127.03440734 -126.53166205 -123.13742913 -130.65875812 -125.50071547]
inrs_hat:  [-25.48310004 -29.57172895 -22.62509586 -13.74549918  -7.11220218
  -5.92410327 -32.74176863 -25.97442891 -15.6010109  -24.17537742
 -16.0447073  -15.541962   -12.14772909 -19.66905807 -14.51101543]
scheduled_ues:  [ 0  1  2  6  7  8  9 10 11 13]
(1, 15, 1, 4, 1, 1)
caused INR: -9.945816465041386
TpsRandomic + CumulativeIndividualEstimated_INR + -10.0
None
(1, 15, 1, 4, 1, 1)
caused INR: -6.986789605509765
TpsRandomic + CumulativeIndividualEstimated_INR + -12.5
None
(1, 15, 1, 4, 1, 1)
caused INR: -15.220330481546462
TpsRandomic + CumulativeIndividualEstimated_INR + -15.0
None
(1, 15, 1, 4, 1, 1)
caused INR: -27.82374648556069
Iteration number 69
TpsAltruisticFromLsfGain + IndividualEstimated_INR + -10.0
None
ls_gain_coeffs:
[-143.78649997 -144.55829586 -141.69876281 -151.11791989 -110.16282098
 -146.26374895 -130.57677242 -133.36477294 -151.18355563 -126.80725983
 -140.23156058 -130.78106279 -123.02047777 -149.77005799 -152.42164673]
inrs_hat:  [-32.79679992 -33.56859582 -30.70906277 -40.12821985   0.82687906
 -35.2740489  -19.58707237 -22.3750729  -40.19385559 -15.81755979
 -29.24186053 -19.79136274 -12.03077772 -38.78035794 -41.43194669]
scheduled_ues:  [ 0  1  2  3  5  6  7  8  9 10 11 12 13 14]
(1, 15, 1, 4, 1, 1)
caused INR: -12.559155120036078
TpsAltruisticFromLsfGain + IndividualEstimated_INR + -12.5
None
ls_gain_coeffs:
[-143.78649997 -144.55829586 -141.69876281 -151.11791989 -110.16282098
 -146.26374895 -130.57677242 -133.36477294 -151.18355563 -126.80725983
 -140.23156058 -130.78106279 -123.02047777 -149.77005799 -152.42164673]
inrs_hat:  [-32.79679992 -33.56859582 -30.70906277 -40.12821985   0.82687906
 -35.2740489  -19.58707237 -22.3750729  -40.19385559 -15.81755979
 -29.24186053 -19.79136274 -12.03077772 -38.78035794 -41.43194669]
scheduled_ues:  [ 0  1  2  3  5  6  7  8  9 10 11 13 14]
(1, 15, 1, 4, 1, 1)
caused INR: -27.641227059103205
TpsAltruisticFromLsfGain + IndividualEstimated_INR + -15.0
None
ls_gain_coeffs:
[-143.78649997 -144.55829586 -141.69876281 -151.11791989 -110.16282098
 -146.26374895 -130.57677242 -133.36477294 -151.18355563 -126.80725983
 -140.23156058 -130.78106279 -123.02047777 -149.77005799 -152.42164673]
inrs_hat:  [-32.79679992 -33.56859582 -30.70906277 -40.12821985   0.82687906
 -35.2740489  -19.58707237 -22.3750729  -40.19385559 -15.81755979
 -29.24186053 -19.79136274 -12.03077772 -38.78035794 -41.43194669]
scheduled_ues:  [ 0  1  2  3  5  6  7  8  9 10 11 13 14]
(1, 15, 1, 4, 1, 1)
caused INR: -27.641227059103205
TpsAltruisticFromLsfGain + CumulativeIndividualEstimated_INR + -10.0
None
(1, 15, 1, 4, 1, 1)
caused INR: -27.641227059103205
TpsAltruisticFromLsfGain + CumulativeIndividualEstimated_INR + -12.5
None
(1, 15, 1, 4, 1, 1)
caused INR: -16.749173426554552
TpsAltruisticFromLsfGain + CumulativeIndividualEstimated_INR + -15.0
None
(1, 15, 1, 4, 1, 1)
caused INR: -16.749173426554552
TpsRandomic + IndividualEstimated_INR + -10.0
None
ls_gain_coeffs:
[-126.77377969 -131.26385076 -124.66617582 -151.11791989 -110.16282098
 -146.26374895 -130.57677242 -120.63879436 -138.62111    -122.34486611
 -126.03961215 -118.19022156 -105.93771563 -133.01895066 -135.69777573]
inrs_hat:  [-15.78407965 -20.27415072 -13.67647578 -40.12821985   0.82687906
 -35.2740489  -19.58707237  -9.64909432 -27.63140995 -11.35516607
 -15.04991211  -7.20052152   5.05198441 -22.02925062 -24.70807568]
scheduled_ues:  [ 0  1  2  3  5  6  8  9 10 13 14]
(1, 15, 1, 4, 1, 1)
caused INR: -9.242528755190289
TpsRandomic + IndividualEstimated_INR + -12.5
None
ls_gain_coeffs:
[-143.78649997 -143.27902821 -141.69876281 -143.52579563  -94.25362575
 -146.26374895 -114.12742246 -133.36477294 -138.62111    -126.80725983
 -124.28926373 -118.19022156 -123.02047777 -139.44186306 -152.42164673]
inrs_hat:  [-32.79679992 -32.28932817 -30.70906277 -32.53609559  16.73607429
 -35.2740489   -3.13772242 -22.3750729  -27.63140995 -15.81755979
 -13.29956369  -7.20052152 -12.03077772 -28.45216302 -41.43194669]
scheduled_ues:  [ 0  1  2  3  5  7  8  9 10 13 14]
(1, 15, 1, 4, 1, 1)
caused INR: -20.709492218046492
TpsRandomic + IndividualEstimated_INR + -15.0
None
ls_gain_coeffs:
[-126.77377969 -143.27902821 -129.06290632 -134.71854498 -104.96142813
 -141.89925844 -130.57677242 -133.36477294 -151.18355563 -112.87819526
 -140.23156058 -130.78106279 -109.13505376 -133.01895066 -141.26672729]
inrs_hat:  [-15.78407965 -32.28932817 -18.07320628 -23.72884493   6.02827191
 -30.90955839 -19.58707237 -22.3750729  -40.19385559  -1.88849521
 -29.24186053 -19.79136274   1.85464628 -22.02925062 -30.27702725]
scheduled_ues:  [ 0  1  2  3  5  6  7  8 10 11 13 14]
(1, 15, 1, 4, 1, 1)
caused INR: -12.022973115185039
TpsRandomic + CumulativeIndividualEstimated_INR + -10.0
None
(1, 15, 1, 4, 1, 1)
caused INR: -5.892169346686625
TpsRandomic + CumulativeIndividualEstimated_INR + -12.5
None
(1, 15, 1, 4, 1, 1)
caused INR: -27.465018527516897
TpsRandomic + CumulativeIndividualEstimated_INR + -15.0
None
(1, 15, 1, 4, 1, 1)
caused INR: -15.34139612294555
Iteration number 70
TpsAltruisticFromLsfGain + IndividualEstimated_INR + -10.0
None
ls_gain_coeffs:
[-135.27220249 -149.59557721 -146.323749   -130.48009447 -140.51306531
 -132.02929467 -151.04839849 -137.07601398 -131.89145797 -136.18936922
 -139.45220242 -137.87111087 -141.79181086 -139.81436175 -133.07214035]
inrs_hat:  [-24.28250245 -38.60587717 -35.33404896 -19.49039443 -29.52336527
 -21.03959463 -40.05869844 -26.08631394 -20.90175792 -25.19966917
 -28.46250238 -26.88141082 -30.80211081 -28.82466171 -22.08244031]
scheduled_ues:  [ 0  1  2  3  4  5  6  7  8  9 10 11 12 13 14]
(1, 15, 1, 4, 1, 1)
caused INR: -14.4125290485478
TpsAltruisticFromLsfGain + IndividualEstimated_INR + -12.5
None
ls_gain_coeffs:
[-135.27220249 -149.59557721 -146.323749   -130.48009447 -140.51306531
 -132.02929467 -151.04839849 -137.07601398 -131.89145797 -136.18936922
 -139.45220242 -137.87111087 -141.79181086 -139.81436175 -133.07214035]
inrs_hat:  [-24.28250245 -38.60587717 -35.33404896 -19.49039443 -29.52336527
 -21.03959463 -40.05869844 -26.08631394 -20.90175792 -25.19966917
 -28.46250238 -26.88141082 -30.80211081 -28.82466171 -22.08244031]
scheduled_ues:  [ 0  1  2  3  4  5  6  7  8  9 10 11 12 13 14]
(1, 15, 1, 4, 1, 1)
caused INR: -14.4125290485478
TpsAltruisticFromLsfGain + IndividualEstimated_INR + -15.0
None
ls_gain_coeffs:
[-135.27220249 -149.59557721 -146.323749   -130.48009447 -140.51306531
 -132.02929467 -151.04839849 -137.07601398 -131.89145797 -136.18936922
 -139.45220242 -137.87111087 -141.79181086 -139.81436175 -133.07214035]
inrs_hat:  [-24.28250245 -38.60587717 -35.33404896 -19.49039443 -29.52336527
 -21.03959463 -40.05869844 -26.08631394 -20.90175792 -25.19966917
 -28.46250238 -26.88141082 -30.80211081 -28.82466171 -22.08244031]
scheduled_ues:  [ 0  1  2  3  4  5  6  7  8  9 10 11 12 13 14]
(1, 15, 1, 4, 1, 1)
caused INR: -14.4125290485478
TpsAltruisticFromLsfGain + CumulativeIndividualEstimated_INR + -10.0
None
(1, 15, 1, 4, 1, 1)
caused INR: -14.4125290485478
TpsAltruisticFromLsfGain + CumulativeIndividualEstimated_INR + -12.5
None
(1, 15, 1, 4, 1, 1)
caused INR: -14.4125290485478
TpsAltruisticFromLsfGain + CumulativeIndividualEstimated_INR + -15.0
None
(1, 15, 1, 4, 1, 1)
caused INR: -22.287559693554797
TpsRandomic + IndividualEstimated_INR + -10.0
None
ls_gain_coeffs:
[-120.9669066  -141.22250963 -146.323749   -130.48009447 -140.51306531
 -120.31838381 -137.7411365  -122.5330419  -120.3876724  -123.60593604
 -128.75496321 -130.84328893 -138.68388523 -135.26252133 -126.0213926 ]
inrs_hat:  [ -9.97720655 -30.23280958 -35.33404896 -19.49039443 -29.52336527
  -9.32868376 -26.75143646 -11.54334186  -9.39797236 -12.61623599
 -17.76526317 -19.85358889 -27.69418519 -24.27282129 -15.03169255]
scheduled_ues:  [ 1  2  3  4  6  7  9 10 11 12 13 14]
(1, 15, 1, 4, 1, 1)
caused INR: -7.00863498254825
TpsRandomic + IndividualEstimated_INR + -12.5
None
ls_gain_coeffs:
[-135.27220249 -149.59557721 -132.38253691 -115.18181715 -140.51306531
 -121.39254249 -134.71928183 -133.92395586 -131.89145797 -123.60593604
 -128.49615021 -124.23133866 -138.68388523 -139.81436175 -133.07214035]
inrs_hat:  [-24.28250245 -38.60587717 -21.39283686  -4.19211711 -29.52336527
 -10.40284244 -23.72958179 -22.93425582 -20.90175792 -12.61623599
 -17.50645017 -13.24163861 -27.69418519 -28.82466171 -22.08244031]
scheduled_ues:  [ 0  1  2  4  6  7  8  9 10 11 12 13 14]
(1, 15, 1, 4, 1, 1)
caused INR: -37.25401900230612
TpsRandomic + IndividualEstimated_INR + -15.0
None
ls_gain_coeffs:
[-120.9669066  -149.59557721 -146.323749   -126.19507849 -130.39591193
 -121.39254249 -144.13902717 -122.5330419  -120.3876724  -136.18936922
 -128.75496321 -121.31651379 -128.31423565 -135.26252133 -116.64267765]
inrs_hat:  [ -9.97720655 -38.60587717 -35.33404896 -15.20537845 -19.40621189
 -10.40284244 -33.14932712 -11.54334186  -9.39797236 -25.19966917
 -17.76526317 -10.32681375 -17.3245356  -24.27282129  -5.65297761]
scheduled_ues:  [ 1  2  3  4  6  9 10 12 13]
(1, 15, 1, 4, 1, 1)
caused INR: -8.994570570076444
TpsRandomic + CumulativeIndividualEstimated_INR + -10.0
None
(1, 15, 1, 4, 1, 1)
caused INR: -20.14457221095284
TpsRandomic + CumulativeIndividualEstimated_INR + -12.5
None
(1, 15, 1, 4, 1, 1)
caused INR: -23.578347570770948
TpsRandomic + CumulativeIndividualEstimated_INR + -15.0
None
(1, 15, 1, 4, 1, 1)
caused INR: -22.68491676587705
Iteration number 71
TpsAltruisticFromLsfGain + IndividualEstimated_INR + -10.0
None
ls_gain_coeffs:
[-127.50665584 -125.16562974 -141.98037201 -150.95374018 -148.46258327
 -138.28215711 -131.20485196 -145.64505254 -129.75835671 -125.59965432
 -140.31834438 -145.19935506 -130.80287498 -138.80869542 -140.37940681]
inrs_hat:  [-16.51695579 -14.17592969 -30.99067196 -39.96404013 -37.47288322
 -27.29245706 -20.21515192 -34.6553525  -18.76865666 -14.60995428
 -29.32864433 -34.20965502 -19.81317494 -27.81899537 -29.38970677]
scheduled_ues:  [ 0  1  2  3  4  5  6  7  8  9 10 11 12 13 14]
(1, 15, 1, 4, 1, 1)
caused INR: -18.420984628062943
TpsAltruisticFromLsfGain + IndividualEstimated_INR + -12.5
None
ls_gain_coeffs:
[-127.50665584 -125.16562974 -141.98037201 -150.95374018 -148.46258327
 -138.28215711 -131.20485196 -145.64505254 -129.75835671 -125.59965432
 -140.31834438 -145.19935506 -130.80287498 -138.80869542 -140.37940681]
inrs_hat:  [-16.51695579 -14.17592969 -30.99067196 -39.96404013 -37.47288322
 -27.29245706 -20.21515192 -34.6553525  -18.76865666 -14.60995428
 -29.32864433 -34.20965502 -19.81317494 -27.81899537 -29.38970677]
scheduled_ues:  [ 0  1  2  3  4  5  6  7  8  9 10 11 12 13 14]
(1, 15, 1, 4, 1, 1)
caused INR: -18.420984628062943
TpsAltruisticFromLsfGain + IndividualEstimated_INR + -15.0
None
ls_gain_coeffs:
[-127.50665584 -125.16562974 -141.98037201 -150.95374018 -148.46258327
 -138.28215711 -131.20485196 -145.64505254 -129.75835671 -125.59965432
 -140.31834438 -145.19935506 -130.80287498 -138.80869542 -140.37940681]
inrs_hat:  [-16.51695579 -14.17592969 -30.99067196 -39.96404013 -37.47288322
 -27.29245706 -20.21515192 -34.6553525  -18.76865666 -14.60995428
 -29.32864433 -34.20965502 -19.81317494 -27.81899537 -29.38970677]
scheduled_ues:  [ 0  2  3  4  5  6  7  8 10 11 12 13 14]
(1, 15, 1, 4, 1, 1)
caused INR: -15.185134143293686
TpsAltruisticFromLsfGain + CumulativeIndividualEstimated_INR + -10.0
None
(1, 15, 1, 4, 1, 1)
caused INR: -20.885800571207533
TpsAltruisticFromLsfGain + CumulativeIndividualEstimated_INR + -12.5
None
(1, 15, 1, 4, 1, 1)
caused INR: -12.333207470582062
TpsAltruisticFromLsfGain + CumulativeIndividualEstimated_INR + -15.0
None
(1, 15, 1, 4, 1, 1)
caused INR: -15.622980773323667
TpsRandomic + IndividualEstimated_INR + -10.0
None
ls_gain_coeffs:
[-127.50665584 -110.89499682 -138.91444119 -137.18527185 -148.46258327
 -126.25360605 -114.44273606 -145.64505254 -118.17190658 -113.67175559
 -126.31627002 -129.72901519 -130.80287498 -136.55301301 -124.28556996]
inrs_hat:  [-16.51695579   0.09470322 -27.92474115 -26.19557181 -37.47288322
 -15.26390601  -3.45303602 -34.6553525   -7.18220653  -2.68205555
 -15.32656998 -18.73931515 -19.81317494 -25.56331297 -13.29586991]
scheduled_ues:  [ 0  2  3  4  5  7 10 11 12 13 14]
(1, 15, 1, 4, 1, 1)
caused INR: -18.61341322949797
TpsRandomic + IndividualEstimated_INR + -12.5
None
ls_gain_coeffs:
[-115.91647587 -110.89499682 -141.98037201 -145.00115843 -148.46258327
 -126.25360605 -131.20485196 -140.71085587 -118.17190658 -108.5140409
 -133.93534556 -131.24338513 -113.60456334 -125.61520128 -126.11168838]
inrs_hat:  [ -4.92677583   0.09470322 -30.99067196 -34.01145839 -37.47288322
 -15.26390601 -20.21515192 -29.72115583  -7.18220653   2.47565914
 -22.94564552 -20.25368509  -2.6148633  -14.62550124 -15.12198834]
scheduled_ues:  [ 2  3  4  5  6  7 10 11 13 14]
(1, 15, 1, 4, 1, 1)
caused INR: -10.682311367754435
TpsRandomic + IndividualEstimated_INR + -15.0
None
ls_gain_coeffs:
[-115.91647587 -118.74823135 -128.51679507 -137.18527185 -141.63524692
 -121.46671171 -131.20485196 -145.64505254 -118.17190658 -125.59965432
 -126.31627002 -140.65624526 -122.56495432 -136.55301301 -140.37940681]
inrs_hat:  [ -4.92677583  -7.7585313  -17.52709503 -26.19557181 -30.64554687
 -10.47701166 -20.21515192 -34.6553525   -7.18220653 -14.60995428
 -15.32656998 -29.66654522 -11.57525427 -25.56331297 -29.38970677]
scheduled_ues:  [ 2  3  4  6  7 10 11 13 14]
(1, 15, 1, 4, 1, 1)
caused INR: -14.585925887480215
TpsRandomic + CumulativeIndividualEstimated_INR + -10.0
None
(1, 15, 1, 4, 1, 1)
caused INR: -11.784713483699312
TpsRandomic + CumulativeIndividualEstimated_INR + -12.5
None
(1, 15, 1, 4, 1, 1)
caused INR: -15.479372831813825
TpsRandomic + CumulativeIndividualEstimated_INR + -15.0
None
(1, 15, 1, 4, 1, 1)
caused INR: -24.323353052502025
Iteration number 72
TpsAltruisticFromLsfGain + IndividualEstimated_INR + -10.0
None
ls_gain_coeffs:
[-130.58583834 -146.25422465 -134.65518188 -124.90540916 -137.38466764
 -147.61545404 -136.69360257 -148.29741969 -147.4698169  -146.28124569
 -126.63430634 -146.99310366 -113.78059125 -141.23845856 -148.14491852]
inrs_hat:  [-19.5961383  -35.2645246  -23.66548183 -13.91570912 -26.39496759
 -36.62575399 -25.70390253 -37.30771965 -36.48011686 -35.29154565
 -15.64460629 -36.00340362  -2.79089121 -30.24875851 -37.15521848]
scheduled_ues:  [ 0  1  2  3  4  5  6  7  8  9 10 11 13 14]
(1, 15, 1, 4, 1, 1)
caused INR: -6.211929272535492
TpsAltruisticFromLsfGain + IndividualEstimated_INR + -12.5
None
ls_gain_coeffs:
[-130.58583834 -146.25422465 -134.65518188 -124.90540916 -137.38466764
 -147.61545404 -136.69360257 -148.29741969 -147.4698169  -146.28124569
 -126.63430634 -146.99310366 -113.78059125 -141.23845856 -148.14491852]
inrs_hat:  [-19.5961383  -35.2645246  -23.66548183 -13.91570912 -26.39496759
 -36.62575399 -25.70390253 -37.30771965 -36.48011686 -35.29154565
 -15.64460629 -36.00340362  -2.79089121 -30.24875851 -37.15521848]
scheduled_ues:  [ 0  1  2  3  4  5  6  7  8  9 10 11 13 14]
(1, 15, 1, 4, 1, 1)
caused INR: -6.211929272535492
TpsAltruisticFromLsfGain + IndividualEstimated_INR + -15.0
None
ls_gain_coeffs:
[-130.58583834 -146.25422465 -134.65518188 -124.90540916 -137.38466764
 -147.61545404 -136.69360257 -148.29741969 -147.4698169  -146.28124569
 -126.63430634 -146.99310366 -113.78059125 -141.23845856 -148.14491852]
inrs_hat:  [-19.5961383  -35.2645246  -23.66548183 -13.91570912 -26.39496759
 -36.62575399 -25.70390253 -37.30771965 -36.48011686 -35.29154565
 -15.64460629 -36.00340362  -2.79089121 -30.24875851 -37.15521848]
scheduled_ues:  [ 0  1  2  4  5  6  7  8  9 10 11 13 14]
(1, 15, 1, 4, 1, 1)
caused INR: -12.49834328650175
TpsAltruisticFromLsfGain + CumulativeIndividualEstimated_INR + -10.0
None
(1, 15, 1, 4, 1, 1)
caused INR: -6.211929272535492
TpsAltruisticFromLsfGain + CumulativeIndividualEstimated_INR + -12.5
None
(1, 15, 1, 4, 1, 1)
caused INR: -12.49834328650175
TpsAltruisticFromLsfGain + CumulativeIndividualEstimated_INR + -15.0
None
(1, 15, 1, 4, 1, 1)
caused INR: -20.90980921891792
TpsRandomic + IndividualEstimated_INR + -10.0
None
ls_gain_coeffs:
[-116.42785009 -129.37355052 -120.41072028 -124.90540916 -137.0664741
 -147.61545404 -126.0327668  -137.70741695 -134.15197762 -146.28124569
 -116.21561226 -146.99310366 -102.27924267 -128.59282973 -148.14491852]
inrs_hat:  [ -5.43815005 -18.38385047  -9.42102024 -13.91570912 -26.07677405
 -36.62575399 -15.04306676 -26.71771691 -23.16227757 -35.29154565
  -5.22591222 -36.00340362   8.71045737 -17.60312969 -37.15521848]
scheduled_ues:  [ 1  3  4  5  6  7  8  9 11 13 14]
(1, 15, 1, 4, 1, 1)
caused INR: -6.326716886196304
TpsRandomic + IndividualEstimated_INR + -12.5
None
ls_gain_coeffs:
[-130.58583834 -146.25422465 -134.65518188 -107.75015352 -137.0664741
 -140.83588782 -126.0327668  -137.70741695 -131.00332921 -146.28124569
 -126.63430634 -139.88587552 -113.78059125 -141.23845856 -131.71143969]
inrs_hat:  [-19.5961383  -35.2645246  -23.66548183   3.23954653 -26.07677405
 -29.84618777 -15.04306676 -26.71771691 -20.01362917 -35.29154565
 -15.64460629 -28.89617547  -2.79089121 -30.24875851 -20.72173964]
scheduled_ues:  [ 0  1  2  4  5  6  7  8  9 10 11 13 14]
(1, 15, 1, 4, 1, 1)
caused INR: -7.4816706636901475
TpsRandomic + IndividualEstimated_INR + -15.0
None
ls_gain_coeffs:
[-122.12346208 -135.31007207 -134.65518188 -107.75015352 -124.73093861
 -147.61545404 -126.0327668  -137.84290881 -131.00332921 -129.51470487
 -115.50454281 -139.88587552 -113.78059125 -132.24197869 -141.07081114]
inrs_hat:  [-11.13376204 -24.32037203 -23.66548183   3.23954653 -13.74123857
 -36.62575399 -15.04306676 -26.85320876 -20.01362917 -18.52500483
  -4.51484277 -28.89617547  -2.79089121 -21.25227865 -30.0811111 ]
scheduled_ues:  [ 1  2  5  6  7  8  9 11 13 14]
(1, 15, 1, 4, 1, 1)
caused INR: -20.637142732718434
TpsRandomic + CumulativeIndividualEstimated_INR + -10.0
None
(1, 15, 1, 4, 1, 1)
caused INR: -8.037236182681117
TpsRandomic + CumulativeIndividualEstimated_INR + -12.5
None
(1, 15, 1, 4, 1, 1)
caused INR: -15.03830735319055
TpsRandomic + CumulativeIndividualEstimated_INR + -15.0
None
(1, 15, 1, 4, 1, 1)
caused INR: -11.78367329713845
Iteration number 73
TpsAltruisticFromLsfGain + IndividualEstimated_INR + -10.0
None
ls_gain_coeffs:
[-150.6795388  -142.28357613 -142.99986071 -154.04384272 -129.94870928
 -148.3817128  -147.29099813 -138.51274659 -134.45876209 -143.31111822
 -127.43832942 -133.22062656 -142.97244731 -134.22226999 -134.79014115]
inrs_hat:  [-39.68983875 -31.29387608 -32.01016067 -43.05414267 -18.95900924
 -37.39201276 -36.30129809 -27.52304655 -23.46906205 -32.32141818
 -16.44862938 -22.23092651 -31.98274727 -23.23256995 -23.80044111]
scheduled_ues:  [ 0  1  2  3  4  5  6  7  8  9 10 11 12 13 14]
(1, 15, 1, 4, 1, 1)
caused INR: -14.519244472170742
TpsAltruisticFromLsfGain + IndividualEstimated_INR + -12.5
None
ls_gain_coeffs:
[-150.6795388  -142.28357613 -142.99986071 -154.04384272 -129.94870928
 -148.3817128  -147.29099813 -138.51274659 -134.45876209 -143.31111822
 -127.43832942 -133.22062656 -142.97244731 -134.22226999 -134.79014115]
inrs_hat:  [-39.68983875 -31.29387608 -32.01016067 -43.05414267 -18.95900924
 -37.39201276 -36.30129809 -27.52304655 -23.46906205 -32.32141818
 -16.44862938 -22.23092651 -31.98274727 -23.23256995 -23.80044111]
scheduled_ues:  [ 0  1  2  3  4  5  6  7  8  9 10 11 12 13 14]
(1, 15, 1, 4, 1, 1)
caused INR: -14.519244472170742
TpsAltruisticFromLsfGain + IndividualEstimated_INR + -15.0
None
ls_gain_coeffs:
[-150.6795388  -142.28357613 -142.99986071 -154.04384272 -129.94870928
 -148.3817128  -147.29099813 -138.51274659 -134.45876209 -143.31111822
 -127.43832942 -133.22062656 -142.97244731 -134.22226999 -134.79014115]
inrs_hat:  [-39.68983875 -31.29387608 -32.01016067 -43.05414267 -18.95900924
 -37.39201276 -36.30129809 -27.52304655 -23.46906205 -32.32141818
 -16.44862938 -22.23092651 -31.98274727 -23.23256995 -23.80044111]
scheduled_ues:  [ 0  1  2  3  4  5  6  7  8  9 10 11 12 13 14]
(1, 15, 1, 4, 1, 1)
caused INR: -14.519244472170742
TpsAltruisticFromLsfGain + CumulativeIndividualEstimated_INR + -10.0
None
(1, 15, 1, 4, 1, 1)
caused INR: -14.519244472170742
TpsAltruisticFromLsfGain + CumulativeIndividualEstimated_INR + -12.5
None
(1, 15, 1, 4, 1, 1)
caused INR: -13.011163612060662
TpsAltruisticFromLsfGain + CumulativeIndividualEstimated_INR + -15.0
None
(1, 15, 1, 4, 1, 1)
caused INR: -16.20783458603749
TpsRandomic + IndividualEstimated_INR + -10.0
None
ls_gain_coeffs:
[-150.6795388  -142.28357613 -142.99986071 -140.16193897 -129.94870928
 -148.3817128  -147.29099813 -124.39509666 -134.45876209 -143.31111822
 -124.31251056 -115.81025739 -129.40792423 -133.86220274 -134.79014115]
inrs_hat:  [-39.68983875 -31.29387608 -32.01016067 -29.17223892 -18.95900924
 -37.39201276 -36.30129809 -13.40539662 -23.46906205 -32.32141818
 -13.32281051  -4.82055735 -18.41822418 -22.8725027  -23.80044111]
scheduled_ues:  [ 0  1  2  3  4  5  6  7  8  9 10 12 13 14]
(1, 15, 1, 4, 1, 1)
caused INR: -3.9566937359718386
TpsRandomic + IndividualEstimated_INR + -12.5
None
ls_gain_coeffs:
[-145.01631708 -125.33300428 -127.17818073 -154.04384272 -120.48106903
 -131.56227905 -133.55691822 -124.39509666 -120.77334902 -136.77738059
 -113.9547898  -119.91661096 -142.97244731 -121.54062516 -120.42880374]
inrs_hat:  [-34.02661704 -14.34330424 -16.18848069 -43.05414267  -9.49136898
 -20.57257901 -22.56721818 -13.40539662  -9.78364897 -25.78768055
  -2.96508976  -8.92691092 -31.98274727 -10.55092512  -9.4391037 ]
scheduled_ues:  [ 0  1  2  3  5  6  7  9 12]
(1, 15, 1, 4, 1, 1)
caused INR: -12.00706896535018
TpsRandomic + IndividualEstimated_INR + -15.0
None
ls_gain_coeffs:
[-145.01631708 -125.33300428 -127.17818073 -154.04384272 -120.48106903
 -137.41668551 -130.93550092 -125.23312163 -120.77334902 -127.01006939
 -127.43832942 -133.22062656 -126.38861431 -133.86220274 -118.12175344]
inrs_hat:  [-34.02661704 -14.34330424 -16.18848069 -43.05414267  -9.49136898
 -26.42698547 -19.94580088 -14.24342158  -9.78364897 -16.02036935
 -16.44862938 -22.23092651 -15.39891426 -22.8725027   -7.13205339]
scheduled_ues:  [ 0  2  3  5  6  9 10 11 12 13]
(1, 15, 1, 4, 1, 1)
caused INR: -12.154163279164987
TpsRandomic + CumulativeIndividualEstimated_INR + -10.0
None
(1, 15, 1, 4, 1, 1)
caused INR: -7.10519383633795
TpsRandomic + CumulativeIndividualEstimated_INR + -12.5
None
(1, 15, 1, 4, 1, 1)
caused INR: -19.603328829453
TpsRandomic + CumulativeIndividualEstimated_INR + -15.0
None
(1, 15, 1, 4, 1, 1)
caused INR: -14.119879692842632
Iteration number 74
TpsAltruisticFromLsfGain + IndividualEstimated_INR + -10.0
None
ls_gain_coeffs:
[-126.83277784 -132.30998384 -147.39874818 -147.31918375 -139.02112103
 -118.73769468 -151.21578765 -144.89390454 -139.00437272 -126.78072034
 -139.46817678 -141.07483741 -143.40616248 -140.43720314 -143.48742186]
inrs_hat:  [-15.8430778  -21.32028379 -36.40904814 -36.32948371 -28.03142099
  -7.74799464 -40.22608761 -33.9042045  -28.01467268 -15.7910203
 -28.47847673 -30.08513737 -32.41646244 -29.44750309 -32.49772182]
scheduled_ues:  [ 0  1  2  3  4  6  7  8  9 10 11 12 13 14]
(1, 15, 1, 4, 1, 1)
caused INR: -12.015941057595995
TpsAltruisticFromLsfGain + IndividualEstimated_INR + -12.5
None
ls_gain_coeffs:
[-126.83277784 -132.30998384 -147.39874818 -147.31918375 -139.02112103
 -118.73769468 -151.21578765 -144.89390454 -139.00437272 -126.78072034
 -139.46817678 -141.07483741 -143.40616248 -140.43720314 -143.48742186]
inrs_hat:  [-15.8430778  -21.32028379 -36.40904814 -36.32948371 -28.03142099
  -7.74799464 -40.22608761 -33.9042045  -28.01467268 -15.7910203
 -28.47847673 -30.08513737 -32.41646244 -29.44750309 -32.49772182]
scheduled_ues:  [ 0  1  2  3  4  6  7  8  9 10 11 12 13 14]
(1, 15, 1, 4, 1, 1)
caused INR: -12.015941057595995
TpsAltruisticFromLsfGain + IndividualEstimated_INR + -15.0
None
ls_gain_coeffs:
[-126.83277784 -132.30998384 -147.39874818 -147.31918375 -139.02112103
 -118.73769468 -151.21578765 -144.89390454 -139.00437272 -126.78072034
 -139.46817678 -141.07483741 -143.40616248 -140.43720314 -143.48742186]
inrs_hat:  [-15.8430778  -21.32028379 -36.40904814 -36.32948371 -28.03142099
  -7.74799464 -40.22608761 -33.9042045  -28.01467268 -15.7910203
 -28.47847673 -30.08513737 -32.41646244 -29.44750309 -32.49772182]
scheduled_ues:  [ 0  1  2  3  4  6  7  8  9 10 11 12 13 14]
(1, 15, 1, 4, 1, 1)
caused INR: -12.015941057595995
TpsAltruisticFromLsfGain + CumulativeIndividualEstimated_INR + -10.0
None
(1, 15, 1, 4, 1, 1)
caused INR: -12.015941057595995
TpsAltruisticFromLsfGain + CumulativeIndividualEstimated_INR + -12.5
None
(1, 15, 1, 4, 1, 1)
caused INR: -14.120436218622023
TpsAltruisticFromLsfGain + CumulativeIndividualEstimated_INR + -15.0
None
(1, 15, 1, 4, 1, 1)
caused INR: -15.094805738980526
TpsRandomic + IndividualEstimated_INR + -10.0
None
ls_gain_coeffs:
[-108.49727889 -121.07946534 -130.69827651 -136.29507886 -132.68553046
 -105.02955968 -134.4425772  -137.73784019 -139.00437272 -108.6828113
 -139.46817678 -127.29451202 -132.91406096 -127.82128133 -128.96573504]
inrs_hat:  [  2.49242115 -10.0897653  -19.70857647 -25.30537882 -21.69583042
   5.96014037 -23.45287716 -26.74814015 -28.01467268   2.30688875
 -28.47847673 -16.30481198 -21.92436091 -16.83158128 -17.97603499]
scheduled_ues:  [ 1  2  3  4  6  7  8 10 11 12 13 14]
(1, 15, 1, 4, 1, 1)
caused INR: -10.617734165654563
TpsRandomic + IndividualEstimated_INR + -12.5
None
ls_gain_coeffs:
[-108.49727889 -121.07946534 -135.26573939 -137.22331124 -132.68553046
 -118.73769468 -140.42133772 -128.49954651 -121.81399946 -117.63366204
 -123.30130194 -137.05866124 -132.91406096 -131.99044241 -130.00577845]
inrs_hat:  [  2.49242115 -10.0897653  -24.27603935 -26.2336112  -21.69583042
  -7.74799464 -29.43163768 -17.50984647 -10.82429941  -6.643962
 -12.3116019  -26.0689612  -21.92436091 -21.00074236 -19.01607841]
scheduled_ues:  [ 2  3  4  6  7 11 12 13 14]
(1, 15, 1, 4, 1, 1)
caused INR: -15.104554734569994
TpsRandomic + IndividualEstimated_INR + -15.0
None
ls_gain_coeffs:
[-108.49727889 -121.07946534 -147.39874818 -137.22331124 -132.68553046
 -114.93808966 -151.21578765 -144.89390454 -129.45397283 -108.6828113
 -125.87577432 -141.07483741 -132.52702168 -131.99044241 -130.00577845]
inrs_hat:  [  2.49242115 -10.0897653  -36.40904814 -26.2336112  -21.69583042
  -3.94838961 -40.22608761 -33.9042045  -18.46427278   2.30688875
 -14.88607428 -30.08513737 -21.53732164 -21.00074236 -19.01607841]
scheduled_ues:  [ 2  3  4  6  7  8 11 12 13 14]
(1, 15, 1, 4, 1, 1)
caused INR: -19.257993544851498
TpsRandomic + CumulativeIndividualEstimated_INR + -10.0
None
(1, 15, 1, 4, 1, 1)
caused INR: -10.67343592506139
TpsRandomic + CumulativeIndividualEstimated_INR + -12.5
None
(1, 15, 1, 4, 1, 1)
caused INR: -10.326898238968699
TpsRandomic + CumulativeIndividualEstimated_INR + -15.0
None
(1, 15, 1, 4, 1, 1)
caused INR: -19.371368544172103
Iteration number 75
TpsAltruisticFromLsfGain + IndividualEstimated_INR + -10.0
None
ls_gain_coeffs:
[-141.27076959 -144.7056902  -148.31977483 -127.81131755 -138.08545173
 -128.92990602 -146.87736161 -133.86821842 -123.88913147 -140.17323268
 -137.62060747 -143.49419707 -129.56657561 -136.91861323 -133.30573818]
inrs_hat:  [-30.28106955 -33.71599016 -37.33007478 -16.82161751 -27.09575169
 -17.94020598 -35.88766157 -22.87851838 -12.89943143 -29.18353264
 -26.63090743 -32.50449703 -18.57687556 -25.92891319 -22.31603813]
scheduled_ues:  [ 0  1  2  3  4  5  6  7  8  9 10 11 12 13 14]
(1, 15, 1, 4, 1, 1)
caused INR: -6.020405892516878
TpsAltruisticFromLsfGain + IndividualEstimated_INR + -12.5
None
ls_gain_coeffs:
[-141.27076959 -144.7056902  -148.31977483 -127.81131755 -138.08545173
 -128.92990602 -146.87736161 -133.86821842 -123.88913147 -140.17323268
 -137.62060747 -143.49419707 -129.56657561 -136.91861323 -133.30573818]
inrs_hat:  [-30.28106955 -33.71599016 -37.33007478 -16.82161751 -27.09575169
 -17.94020598 -35.88766157 -22.87851838 -12.89943143 -29.18353264
 -26.63090743 -32.50449703 -18.57687556 -25.92891319 -22.31603813]
scheduled_ues:  [ 0  1  2  3  4  5  6  7  8  9 10 11 12 13 14]
(1, 15, 1, 4, 1, 1)
caused INR: -6.020405892516878
TpsAltruisticFromLsfGain + IndividualEstimated_INR + -15.0
None
ls_gain_coeffs:
[-141.27076959 -144.7056902  -148.31977483 -127.81131755 -138.08545173
 -128.92990602 -146.87736161 -133.86821842 -123.88913147 -140.17323268
 -137.62060747 -143.49419707 -129.56657561 -136.91861323 -133.30573818]
inrs_hat:  [-30.28106955 -33.71599016 -37.33007478 -16.82161751 -27.09575169
 -17.94020598 -35.88766157 -22.87851838 -12.89943143 -29.18353264
 -26.63090743 -32.50449703 -18.57687556 -25.92891319 -22.31603813]
scheduled_ues:  [ 0  1  2  3  4  5  6  7  9 10 11 12 13 14]
(1, 15, 1, 4, 1, 1)
caused INR: -9.285970189443645
TpsAltruisticFromLsfGain + CumulativeIndividualEstimated_INR + -10.0
None
(1, 15, 1, 4, 1, 1)
caused INR: -9.285970189443645
TpsAltruisticFromLsfGain + CumulativeIndividualEstimated_INR + -12.5
None
(1, 15, 1, 4, 1, 1)
caused INR: -12.122364169495691
TpsAltruisticFromLsfGain + CumulativeIndividualEstimated_INR + -15.0
None
(1, 15, 1, 4, 1, 1)
caused INR: -18.25398613324015
TpsRandomic + IndividualEstimated_INR + -10.0
None
ls_gain_coeffs:
[-124.52773624 -133.22923226 -132.15360246 -112.86421943 -129.10582043
 -116.92527465 -146.87736161 -133.86821842 -123.88913147 -138.00170619
 -124.24265192 -130.47854098 -128.39933393 -136.91861323 -119.69546619]
inrs_hat:  [-13.5380362  -22.23953222 -21.16390242  -1.87451938 -18.11612038
  -5.9355746  -35.88766157 -22.87851838 -12.89943143 -27.01200614
 -13.25295187 -19.48884093 -17.40963388 -25.92891319  -8.70576615]
scheduled_ues:  [ 0  1  2  4  6  7  8  9 10 11 12 13]
(1, 15, 1, 4, 1, 1)
caused INR: -11.294956619063008
TpsRandomic + IndividualEstimated_INR + -12.5
None
ls_gain_coeffs:
[-132.93111216 -135.13326095 -134.51880153 -127.81131755 -121.0937658
 -116.92527465 -132.7262569  -121.90944238 -123.88913147 -140.17323268
 -137.62060747 -143.49419707 -128.39933393 -136.91861323 -131.5527302 ]
inrs_hat:  [-21.94141212 -24.14356091 -23.52910149 -16.82161751 -10.10406575
  -5.9355746  -21.73655686 -10.91974233 -12.89943143 -29.18353264
 -26.63090743 -32.50449703 -17.40963388 -25.92891319 -20.56303015]
scheduled_ues:  [ 0  1  2  3  6  8  9 10 11 12 13 14]
(1, 15, 1, 4, 1, 1)
caused INR: -6.672715783857436
TpsRandomic + IndividualEstimated_INR + -15.0
None
ls_gain_coeffs:
[-124.52773624 -127.96044661 -148.31977483 -110.3587213  -138.08545173
 -112.00097478 -130.82588276 -117.20430869 -116.89956098 -140.17323268
 -130.2893998  -130.47854098 -116.73589505 -128.53512709 -131.5527302 ]
inrs_hat:  [-13.5380362  -16.97074656 -37.33007478   0.63097874 -27.09575169
  -1.01127473 -19.83618272  -6.21460865  -5.90986094 -29.18353264
 -19.29969976 -19.48884093  -5.746195   -17.54542704 -20.56303015]
scheduled_ues:  [ 1  2  4  6  9 10 11 13 14]
(1, 15, 1, 4, 1, 1)
caused INR: -9.229624129658486
TpsRandomic + CumulativeIndividualEstimated_INR + -10.0
None
(1, 15, 1, 4, 1, 1)
caused INR: -10.143503275181715
TpsRandomic + CumulativeIndividualEstimated_INR + -12.5
None
(1, 15, 1, 4, 1, 1)
caused INR: -12.992049205715668
TpsRandomic + CumulativeIndividualEstimated_INR + -15.0
None
(1, 15, 1, 4, 1, 1)
caused INR: -11.150619459923565
Iteration number 76
TpsAltruisticFromLsfGain + IndividualEstimated_INR + -10.0
None
ls_gain_coeffs:
[-141.39658852 -138.30963771 -128.41638445 -133.81891431 -130.3827262
 -147.48913585 -148.30830564 -137.26414178 -140.34955814 -143.02045129
 -147.36389158 -137.50007984 -151.80749667 -148.7013767  -147.1064484 ]
inrs_hat:  [-30.40688847 -27.31993767 -17.42668441 -22.82921426 -19.39302615
 -36.49943581 -37.31860559 -26.27444174 -29.3598581  -32.03075125
 -36.37419153 -26.51037979 -40.81779662 -37.71167665 -36.11674836]
scheduled_ues:  [ 0  1  2  3  4  5  6  7  8  9 10 11 12 13 14]
(1, 15, 1, 4, 1, 1)
caused INR: -19.49722077991288
TpsAltruisticFromLsfGain + IndividualEstimated_INR + -12.5
None
ls_gain_coeffs:
[-141.39658852 -138.30963771 -128.41638445 -133.81891431 -130.3827262
 -147.48913585 -148.30830564 -137.26414178 -140.34955814 -143.02045129
 -147.36389158 -137.50007984 -151.80749667 -148.7013767  -147.1064484 ]
inrs_hat:  [-30.40688847 -27.31993767 -17.42668441 -22.82921426 -19.39302615
 -36.49943581 -37.31860559 -26.27444174 -29.3598581  -32.03075125
 -36.37419153 -26.51037979 -40.81779662 -37.71167665 -36.11674836]
scheduled_ues:  [ 0  1  2  3  4  5  6  7  8  9 10 11 12 13 14]
(1, 15, 1, 4, 1, 1)
caused INR: -19.49722077991288
TpsAltruisticFromLsfGain + IndividualEstimated_INR + -15.0
None
ls_gain_coeffs:
[-141.39658852 -138.30963771 -128.41638445 -133.81891431 -130.3827262
 -147.48913585 -148.30830564 -137.26414178 -140.34955814 -143.02045129
 -147.36389158 -137.50007984 -151.80749667 -148.7013767  -147.1064484 ]
inrs_hat:  [-30.40688847 -27.31993767 -17.42668441 -22.82921426 -19.39302615
 -36.49943581 -37.31860559 -26.27444174 -29.3598581  -32.03075125
 -36.37419153 -26.51037979 -40.81779662 -37.71167665 -36.11674836]
scheduled_ues:  [ 0  1  2  3  4  5  6  7  8  9 10 11 12 13 14]
(1, 15, 1, 4, 1, 1)
caused INR: -19.49722077991288
TpsAltruisticFromLsfGain + CumulativeIndividualEstimated_INR + -10.0
None
(1, 15, 1, 4, 1, 1)
caused INR: -19.49722077991288
TpsAltruisticFromLsfGain + CumulativeIndividualEstimated_INR + -12.5
None
(1, 15, 1, 4, 1, 1)
caused INR: -19.49722077991288
TpsAltruisticFromLsfGain + CumulativeIndividualEstimated_INR + -15.0
None
(1, 15, 1, 4, 1, 1)
caused INR: -20.80895501196111
TpsRandomic + IndividualEstimated_INR + -10.0
None
ls_gain_coeffs:
[-141.39658852 -121.28437377 -128.41638445 -124.91518343 -116.72461594
 -134.10649477 -131.59081511 -127.33182992 -140.34955814 -143.02045129
 -130.93746776 -129.0034002  -144.25987443 -135.16575789 -147.1064484 ]
inrs_hat:  [-30.40688847 -10.29467372 -17.42668441 -13.92548339  -5.7349159
 -23.11679472 -20.60111507 -16.34212987 -29.3598581  -32.03075125
 -19.94776771 -18.01370016 -33.27017439 -24.17605785 -36.11674836]
scheduled_ues:  [ 0  1  2  3  5  6  7  8  9 10 11 12 13 14]
(1, 15, 1, 4, 1, 1)
caused INR: -14.454305577921085
TpsRandomic + IndividualEstimated_INR + -12.5
None
ls_gain_coeffs:
[-141.39658852 -127.88114213 -128.41638445 -121.80007798 -113.81977788
 -147.48913585 -131.59081511 -124.67427669 -140.34955814 -129.58456205
 -134.23397143 -129.0034002  -144.25987443 -135.16575789 -133.39706029]
inrs_hat:  [-30.40688847 -16.89144209 -17.42668441 -10.81037794  -2.83007783
 -36.49943581 -20.60111507 -13.68457664 -29.3598581  -18.59486201
 -23.24427139 -18.01370016 -33.27017439 -24.17605785 -22.40736024]
scheduled_ues:  [ 0  1  2  5  6  7  8  9 10 11 12 13 14]
(1, 15, 1, 4, 1, 1)
caused INR: -10.204222206224935
TpsRandomic + IndividualEstimated_INR + -15.0
None
ls_gain_coeffs:
[-131.51542242 -121.28437377 -128.41638445 -121.80007798 -113.81977788
 -140.20247822 -139.23248579 -124.67427669 -130.79859277 -129.58456205
 -140.08256408 -120.86184868 -138.98723338 -135.16575789 -143.30308405]
inrs_hat:  [-20.52572238 -10.29467372 -17.42668441 -10.81037794  -2.83007783
 -29.21277817 -28.24278574 -13.68457664 -19.80889273 -18.59486201
 -29.09286404  -9.87214864 -27.99753334 -24.17605785 -32.31338401]
scheduled_ues:  [ 0  2  5  6  8  9 10 12 13 14]
(1, 15, 1, 4, 1, 1)
caused INR: -13.952573959843074
TpsRandomic + CumulativeIndividualEstimated_INR + -10.0
None
(1, 15, 1, 4, 1, 1)
caused INR: -15.35609850352804
TpsRandomic + CumulativeIndividualEstimated_INR + -12.5
None
(1, 15, 1, 4, 1, 1)
caused INR: -21.534265798588915
TpsRandomic + CumulativeIndividualEstimated_INR + -15.0
None
(1, 15, 1, 4, 1, 1)
caused INR: -36.29306902692681
Iteration number 77
TpsAltruisticFromLsfGain + IndividualEstimated_INR + -10.0
None
ls_gain_coeffs:
[-130.05326816 -120.18048581 -140.60387435 -147.94463358 -130.64817264
 -133.45945932 -145.1347702  -132.14567566 -131.82146982 -145.46984495
 -146.40612937 -134.07791248 -142.38870045 -138.66898401 -145.94946792]
inrs_hat:  [-19.06356812  -9.19078576 -29.61417431 -36.95493354 -19.65847259
 -22.46975928 -34.14507015 -21.15597562 -20.83176977 -34.4801449
 -35.41642933 -23.08821244 -31.39900041 -27.67928397 -34.95976788]
scheduled_ues:  [ 0  2  3  4  5  6  7  8  9 10 11 12 13 14]
(1, 15, 1, 4, 1, 1)
caused INR: -16.305157735045015
TpsAltruisticFromLsfGain + IndividualEstimated_INR + -12.5
None
ls_gain_coeffs:
[-130.05326816 -120.18048581 -140.60387435 -147.94463358 -130.64817264
 -133.45945932 -145.1347702  -132.14567566 -131.82146982 -145.46984495
 -146.40612937 -134.07791248 -142.38870045 -138.66898401 -145.94946792]
inrs_hat:  [-19.06356812  -9.19078576 -29.61417431 -36.95493354 -19.65847259
 -22.46975928 -34.14507015 -21.15597562 -20.83176977 -34.4801449
 -35.41642933 -23.08821244 -31.39900041 -27.67928397 -34.95976788]
scheduled_ues:  [ 0  2  3  4  5  6  7  8  9 10 11 12 13 14]
(1, 15, 1, 4, 1, 1)
caused INR: -16.305157735045015
TpsAltruisticFromLsfGain + IndividualEstimated_INR + -15.0
None
ls_gain_coeffs:
[-130.05326816 -120.18048581 -140.60387435 -147.94463358 -130.64817264
 -133.45945932 -145.1347702  -132.14567566 -131.82146982 -145.46984495
 -146.40612937 -134.07791248 -142.38870045 -138.66898401 -145.94946792]
inrs_hat:  [-19.06356812  -9.19078576 -29.61417431 -36.95493354 -19.65847259
 -22.46975928 -34.14507015 -21.15597562 -20.83176977 -34.4801449
 -35.41642933 -23.08821244 -31.39900041 -27.67928397 -34.95976788]
scheduled_ues:  [ 0  2  3  4  5  6  7  8  9 10 11 12 13 14]
(1, 15, 1, 4, 1, 1)
caused INR: -16.305157735045015
TpsAltruisticFromLsfGain + CumulativeIndividualEstimated_INR + -10.0
None
(1, 15, 1, 4, 1, 1)
caused INR: -16.305157735045015
TpsAltruisticFromLsfGain + CumulativeIndividualEstimated_INR + -12.5
None
(1, 15, 1, 4, 1, 1)
caused INR: -16.305157735045015
TpsAltruisticFromLsfGain + CumulativeIndividualEstimated_INR + -15.0
None
(1, 15, 1, 4, 1, 1)
caused INR: -26.17010714684433
TpsRandomic + IndividualEstimated_INR + -10.0
None
ls_gain_coeffs:
[-130.05326816 -100.46086621 -140.19365038 -131.51722741 -115.23125402
 -116.16593862 -130.53244257 -132.14567566 -122.26785836 -128.72515031
 -129.6276831  -117.37988851 -125.44745482 -137.84773053 -145.94946792]
inrs_hat:  [-19.06356812  10.52883383 -29.20395034 -20.52752737  -4.24155398
  -5.17623858 -19.54274253 -21.15597562 -11.27815832 -17.73545027
 -18.63798306  -6.39018847 -14.45775478 -26.85803048 -34.95976788]
scheduled_ues:  [ 0  2  3  6  7  8  9 10 12 13 14]
(1, 15, 1, 4, 1, 1)
caused INR: -3.4185385235853842
TpsRandomic + IndividualEstimated_INR + -12.5
None
ls_gain_coeffs:
[-113.59634792 -104.27356935 -140.19365038 -140.36194686 -130.64817264
 -133.45945932 -141.89367876 -114.30529663 -131.82146982 -145.46984495
 -134.51016546 -134.07791248 -142.38870045 -137.84773053 -129.04069413]
inrs_hat:  [ -2.60664788   6.71613069 -29.20395034 -29.37224681 -19.65847259
 -22.46975928 -30.90397872  -3.31559659 -20.83176977 -34.4801449
 -23.52046542 -23.08821244 -31.39900041 -26.85803048 -18.05099408]
scheduled_ues:  [ 2  3  4  5  6  8  9 10 11 12 13 14]
(1, 15, 1, 4, 1, 1)
caused INR: -13.181864446502773
TpsRandomic + IndividualEstimated_INR + -15.0
None
ls_gain_coeffs:
[-116.32425541 -109.08976307 -140.19365038 -135.11410796 -116.71891333
 -133.45945932 -130.53244257 -114.30529663 -122.26785836 -134.22043919
 -134.51016546 -124.91862766 -125.44745482 -125.95363285 -135.1984472 ]
inrs_hat:  [ -5.33455537   1.89993697 -29.20395034 -24.12440792  -5.72921329
 -22.46975928 -19.54274253  -3.31559659 -11.27815832 -23.23073915
 -23.52046542 -13.92892761 -14.45775478 -14.96393281 -24.20874715]
scheduled_ues:  [ 2  3  5  6  9 10 14]
(1, 15, 1, 4, 1, 1)
caused INR: -12.35785245548511
TpsRandomic + CumulativeIndividualEstimated_INR + -10.0
None
(1, 15, 1, 4, 1, 1)
caused INR: -6.567392849899639
TpsRandomic + CumulativeIndividualEstimated_INR + -12.5
None
(1, 15, 1, 4, 1, 1)
caused INR: -9.636468397225125
TpsRandomic + CumulativeIndividualEstimated_INR + -15.0
None
(1, 15, 1, 4, 1, 1)
caused INR: -17.47339570205567
Iteration number 78
TpsAltruisticFromLsfGain + IndividualEstimated_INR + -10.0
None
ls_gain_coeffs:
[-146.81069068 -147.12477798 -146.67934118 -134.41446031 -119.7181172
 -124.31992845 -126.38233225 -143.1293112  -145.01838928 -142.00829874
 -133.37590863 -130.8431751  -149.28359939 -143.60471788 -117.02992927]
inrs_hat:  [-35.82099064 -36.13507794 -35.68964114 -23.42476026  -8.72841715
 -13.33022841 -15.39263221 -32.13961116 -34.02868923 -31.01859869
 -22.38620859 -19.85347506 -38.29389935 -32.61501784  -6.04022922]
scheduled_ues:  [ 0  1  2  3  5  6  7  8  9 10 11 12 13]
(1, 15, 1, 4, 1, 1)
caused INR: -18.326627596612028
TpsAltruisticFromLsfGain + IndividualEstimated_INR + -12.5
None
ls_gain_coeffs:
[-146.81069068 -147.12477798 -146.67934118 -134.41446031 -119.7181172
 -124.31992845 -126.38233225 -143.1293112  -145.01838928 -142.00829874
 -133.37590863 -130.8431751  -149.28359939 -143.60471788 -117.02992927]
inrs_hat:  [-35.82099064 -36.13507794 -35.68964114 -23.42476026  -8.72841715
 -13.33022841 -15.39263221 -32.13961116 -34.02868923 -31.01859869
 -22.38620859 -19.85347506 -38.29389935 -32.61501784  -6.04022922]
scheduled_ues:  [ 0  1  2  3  5  6  7  8  9 10 11 12 13]
(1, 15, 1, 4, 1, 1)
caused INR: -18.326627596612028
TpsAltruisticFromLsfGain + IndividualEstimated_INR + -15.0
None
ls_gain_coeffs:
[-146.81069068 -147.12477798 -146.67934118 -134.41446031 -119.7181172
 -124.31992845 -126.38233225 -143.1293112  -145.01838928 -142.00829874
 -133.37590863 -130.8431751  -149.28359939 -143.60471788 -117.02992927]
inrs_hat:  [-35.82099064 -36.13507794 -35.68964114 -23.42476026  -8.72841715
 -13.33022841 -15.39263221 -32.13961116 -34.02868923 -31.01859869
 -22.38620859 -19.85347506 -38.29389935 -32.61501784  -6.04022922]
scheduled_ues:  [ 0  1  2  3  6  7  8  9 10 11 12 13]
(1, 15, 1, 4, 1, 1)
caused INR: -18.458765381400376
TpsAltruisticFromLsfGain + CumulativeIndividualEstimated_INR + -10.0
None
(1, 15, 1, 4, 1, 1)
caused INR: -18.326627596612028
TpsAltruisticFromLsfGain + CumulativeIndividualEstimated_INR + -12.5
None
(1, 15, 1, 4, 1, 1)
caused INR: -18.458765381400376
TpsAltruisticFromLsfGain + CumulativeIndividualEstimated_INR + -15.0
None
(1, 15, 1, 4, 1, 1)
caused INR: -17.4021409584781
TpsRandomic + IndividualEstimated_INR + -10.0
None
ls_gain_coeffs:
[-135.18825707 -131.01948524 -146.67934118 -134.41446031 -106.04833572
 -110.17336521 -126.38233225 -143.1293112  -128.28568243 -125.26742423
 -116.51234759 -130.8431751  -136.26455748 -132.15337225 -103.4452947 ]
inrs_hat:  [-24.19855703 -20.0297852  -35.68964114 -23.42476026   4.94136432
   0.81633483 -15.39263221 -32.13961116 -17.29598239 -14.27772418
  -5.52264755 -19.85347506 -25.27485744 -21.16367221   7.54440535]
scheduled_ues:  [ 0  1  2  3  6  7  8  9 11 12 13]
(1, 15, 1, 4, 1, 1)
caused INR: -14.887519265543176
TpsRandomic + IndividualEstimated_INR + -12.5
None
ls_gain_coeffs:
[-135.18825707 -147.12477798 -132.9855365  -134.41446031 -116.03357276
 -124.31992845 -122.75109365 -126.53719743 -145.01838928 -125.26742423
 -121.79369395 -130.8431751  -149.28359939 -133.73108953 -102.30226012]
inrs_hat:  [-24.19855703 -36.13507794 -21.99583646 -23.42476026  -5.04387272
 -13.33022841 -11.7613936  -15.54749739 -34.02868923 -14.27772418
 -10.8039939  -19.85347506 -38.29389935 -22.74138949   8.68743992]
scheduled_ues:  [ 0  1  2  3  5  7  8  9 11 12 13]
(1, 15, 1, 4, 1, 1)
caused INR: -19.773988680511533
TpsRandomic + IndividualEstimated_INR + -15.0
None
ls_gain_coeffs:
[-135.18825707 -131.01948524 -142.92272714 -134.41446031 -106.04833572
 -108.46840198 -111.51990652 -129.49793287 -136.34953112 -142.00829874
 -133.37590863 -120.25189176 -141.63832851 -126.72143089 -103.4452947 ]
inrs_hat:  [-24.19855703 -20.0297852  -31.9330271  -23.42476026   4.94136432
   2.52129807  -0.53020647 -18.50823283 -25.35983108 -31.01859869
 -22.38620859  -9.26219172 -30.64862846 -15.73173085   7.54440535]
scheduled_ues:  [ 0  1  2  3  7  8  9 10 12 13]
(1, 15, 1, 4, 1, 1)
caused INR: -16.14198616576436
TpsRandomic + CumulativeIndividualEstimated_INR + -10.0
None
(1, 15, 1, 4, 1, 1)
caused INR: -12.393676215907325
TpsRandomic + CumulativeIndividualEstimated_INR + -12.5
None
(1, 15, 1, 4, 1, 1)
caused INR: -26.874008476644548
TpsRandomic + CumulativeIndividualEstimated_INR + -15.0
None
(1, 15, 1, 4, 1, 1)
caused INR: -28.384396074401586
Iteration number 79
TpsAltruisticFromLsfGain + IndividualEstimated_INR + -10.0
None
ls_gain_coeffs:
[-133.03850218 -128.23569313 -135.38589185 -134.22078992 -126.3217242
 -132.79062977 -138.61972404 -150.22461454 -138.74479502 -128.36497807
 -146.16600881 -150.09564186 -141.50359771 -145.68637331 -136.44712753]
inrs_hat:  [-22.04880214 -17.24599308 -24.39619181 -23.23108987 -15.33202415
 -21.80092973 -27.630024   -39.2349145  -27.75509498 -17.37527803
 -35.17630877 -39.10594181 -30.51389766 -34.69667327 -25.45742749]
scheduled_ues:  [ 0  1  2  3  4  5  6  7  8  9 10 11 12 13 14]
(1, 15, 1, 4, 1, 1)
caused INR: -11.102744966285513
TpsAltruisticFromLsfGain + IndividualEstimated_INR + -12.5
None
ls_gain_coeffs:
[-133.03850218 -128.23569313 -135.38589185 -134.22078992 -126.3217242
 -132.79062977 -138.61972404 -150.22461454 -138.74479502 -128.36497807
 -146.16600881 -150.09564186 -141.50359771 -145.68637331 -136.44712753]
inrs_hat:  [-22.04880214 -17.24599308 -24.39619181 -23.23108987 -15.33202415
 -21.80092973 -27.630024   -39.2349145  -27.75509498 -17.37527803
 -35.17630877 -39.10594181 -30.51389766 -34.69667327 -25.45742749]
scheduled_ues:  [ 0  1  2  3  4  5  6  7  8  9 10 11 12 13 14]
(1, 15, 1, 4, 1, 1)
caused INR: -11.102744966285513
TpsAltruisticFromLsfGain + IndividualEstimated_INR + -15.0
None
ls_gain_coeffs:
[-133.03850218 -128.23569313 -135.38589185 -134.22078992 -126.3217242
 -132.79062977 -138.61972404 -150.22461454 -138.74479502 -128.36497807
 -146.16600881 -150.09564186 -141.50359771 -145.68637331 -136.44712753]
inrs_hat:  [-22.04880214 -17.24599308 -24.39619181 -23.23108987 -15.33202415
 -21.80092973 -27.630024   -39.2349145  -27.75509498 -17.37527803
 -35.17630877 -39.10594181 -30.51389766 -34.69667327 -25.45742749]
scheduled_ues:  [ 0  1  2  3  4  5  6  7  8  9 10 11 12 13 14]
(1, 15, 1, 4, 1, 1)
caused INR: -11.102744966285513
TpsAltruisticFromLsfGain + CumulativeIndividualEstimated_INR + -10.0
None
(1, 15, 1, 4, 1, 1)
caused INR: -11.102744966285513
TpsAltruisticFromLsfGain + CumulativeIndividualEstimated_INR + -12.5
None
(1, 15, 1, 4, 1, 1)
caused INR: -16.873589859689623
TpsAltruisticFromLsfGain + CumulativeIndividualEstimated_INR + -15.0
None
(1, 15, 1, 4, 1, 1)
caused INR: -17.21009534701226
TpsRandomic + IndividualEstimated_INR + -10.0
None
ls_gain_coeffs:
[-133.03850218 -116.25801213 -135.38589185 -117.54288318 -112.91034697
 -132.79062977 -124.6751279  -133.46057099 -138.74479502 -117.10372881
 -138.80908229 -135.20225248 -127.6638643  -129.53922333 -125.82012625]
inrs_hat:  [-22.04880214  -5.26831209 -24.39619181  -6.55318314  -1.92064692
 -21.80092973 -13.68542785 -22.47087095 -27.75509498  -6.11402877
 -27.81938225 -24.21255244 -16.67416426 -18.54952328 -14.8304262 ]
scheduled_ues:  [ 0  2  5  6  7  8 10 11 12 13 14]
(1, 15, 1, 4, 1, 1)
caused INR: -18.235486129120353
TpsRandomic + IndividualEstimated_INR + -12.5
None
ls_gain_coeffs:
[-116.44404687 -128.23569313 -118.90651676 -117.54288318 -111.94056974
 -118.8289389  -138.61972404 -150.22461454 -121.86816562 -115.66907336
 -138.80908229 -136.42814717 -141.50359771 -145.68637331 -125.90604622]
inrs_hat:  [ -5.45434683 -17.24599308  -7.91681672  -6.55318314  -0.9508697
  -7.83923886 -27.630024   -39.2349145  -10.87846558  -4.67937332
 -27.81938225 -25.43844713 -30.51389766 -34.69667327 -14.91634618]
scheduled_ues:  [ 1  6  7 10 11 12 13 14]
(1, 15, 1, 4, 1, 1)
caused INR: -14.490656246996462
TpsRandomic + IndividualEstimated_INR + -15.0
None
ls_gain_coeffs:
[-125.47825256 -116.25801213 -118.90651676 -134.22078992 -126.3217242
 -132.79062977 -138.61972404 -139.43188777 -128.22693073 -128.36497807
 -129.63195868 -135.20225248 -124.99748851 -131.77522084 -136.44712753]
inrs_hat:  [-14.48855251  -5.26831209  -7.91681672 -23.23108987 -15.33202415
 -21.80092973 -27.630024   -28.44218773 -17.23723069 -17.37527803
 -18.64225864 -24.21255244 -14.00778847 -20.7855208  -25.45742749]
scheduled_ues:  [ 3  4  5  6  7  8  9 10 11 13 14]
(1, 15, 1, 4, 1, 1)
caused INR: -9.114894536259943
TpsRandomic + CumulativeIndividualEstimated_INR + -10.0
None
(1, 15, 1, 4, 1, 1)
caused INR: -13.127455127953123
TpsRandomic + CumulativeIndividualEstimated_INR + -12.5
None
(1, 15, 1, 4, 1, 1)
caused INR: -26.753767963659318
TpsRandomic + CumulativeIndividualEstimated_INR + -15.0
None
(1, 15, 1, 4, 1, 1)
caused INR: -19.711485922710434
Iteration number 80
TpsAltruisticFromLsfGain + IndividualEstimated_INR + -10.0
None
ls_gain_coeffs:
[-150.46681685 -145.75629992 -130.66491835 -149.27043241 -136.79179023
 -153.71335383 -139.55138627 -136.45813922 -146.43148811 -134.39894537
 -129.43472851 -142.80891782 -142.7889463  -140.05035071 -138.13586823]
inrs_hat:  [-39.47711681 -34.76659988 -19.6752183  -38.28073237 -25.80209018
 -42.72365379 -28.56168623 -25.46843918 -35.44178807 -23.40924533
 -18.44502847 -31.81921777 -31.79924626 -29.06065067 -27.14616818]
scheduled_ues:  [ 0  1  2  3  4  5  6  7  8  9 10 11 12 13 14]
(1, 15, 1, 4, 1, 1)
caused INR: -9.755086922757481
TpsAltruisticFromLsfGain + IndividualEstimated_INR + -12.5
None
ls_gain_coeffs:
[-150.46681685 -145.75629992 -130.66491835 -149.27043241 -136.79179023
 -153.71335383 -139.55138627 -136.45813922 -146.43148811 -134.39894537
 -129.43472851 -142.80891782 -142.7889463  -140.05035071 -138.13586823]
inrs_hat:  [-39.47711681 -34.76659988 -19.6752183  -38.28073237 -25.80209018
 -42.72365379 -28.56168623 -25.46843918 -35.44178807 -23.40924533
 -18.44502847 -31.81921777 -31.79924626 -29.06065067 -27.14616818]
scheduled_ues:  [ 0  1  2  3  4  5  6  7  8  9 10 11 12 13 14]
(1, 15, 1, 4, 1, 1)
caused INR: -9.755086922757481
TpsAltruisticFromLsfGain + IndividualEstimated_INR + -15.0
None
ls_gain_coeffs:
[-150.46681685 -145.75629992 -130.66491835 -149.27043241 -136.79179023
 -153.71335383 -139.55138627 -136.45813922 -146.43148811 -134.39894537
 -129.43472851 -142.80891782 -142.7889463  -140.05035071 -138.13586823]
inrs_hat:  [-39.47711681 -34.76659988 -19.6752183  -38.28073237 -25.80209018
 -42.72365379 -28.56168623 -25.46843918 -35.44178807 -23.40924533
 -18.44502847 -31.81921777 -31.79924626 -29.06065067 -27.14616818]
scheduled_ues:  [ 0  1  2  3  4  5  6  7  8  9 10 11 12 13 14]
(1, 15, 1, 4, 1, 1)
caused INR: -9.755086922757481
TpsAltruisticFromLsfGain + CumulativeIndividualEstimated_INR + -10.0
None
(1, 15, 1, 4, 1, 1)
caused INR: -9.755086922757481
TpsAltruisticFromLsfGain + CumulativeIndividualEstimated_INR + -12.5
None
(1, 15, 1, 4, 1, 1)
caused INR: -9.755086922757481
TpsAltruisticFromLsfGain + CumulativeIndividualEstimated_INR + -15.0
None
(1, 15, 1, 4, 1, 1)
caused INR: -13.381535543989258
TpsRandomic + IndividualEstimated_INR + -10.0
None
ls_gain_coeffs:
[-138.03017007 -129.31813613 -127.79234215 -135.30994124 -122.46812984
 -147.07554527 -126.85566627 -124.51760212 -132.52596321 -134.39894537
 -129.43472851 -133.2191594  -132.25945088 -136.77807828 -138.13586823]
inrs_hat:  [-27.04047003 -18.32843609 -16.80264211 -24.3202412  -11.4784298
 -36.08584523 -15.86596623 -13.52790208 -21.53626317 -23.40924533
 -18.44502847 -22.22945936 -21.26975084 -25.78837824 -27.14616818]
scheduled_ues:  [ 0  1  2  3  4  5  6  7  8  9 10 11 12 13 14]
(1, 15, 1, 4, 1, 1)
caused INR: -8.089571138157355
TpsRandomic + IndividualEstimated_INR + -12.5
None
ls_gain_coeffs:
[-142.25985835 -129.31813613 -127.79234215 -144.71375889 -133.96869965
 -140.36039638 -126.60154627 -127.53182924 -146.43148811 -124.60344122
 -124.03944601 -130.88077027 -132.25945088 -125.42723576 -138.13586823]
inrs_hat:  [-31.2701583  -18.32843609 -16.80264211 -33.72405885 -22.9789996
 -29.37069634 -15.61184623 -16.54212919 -35.44178807 -13.61374117
 -13.04974596 -19.89107023 -21.26975084 -14.43753571 -27.14616818]
scheduled_ues:  [ 0  1  2  3  4  5  6  7  8  9 10 11 12 13 14]
(1, 15, 1, 4, 1, 1)
caused INR: -1.623883943403087
TpsRandomic + IndividualEstimated_INR + -15.0
None
ls_gain_coeffs:
[-133.92421421 -129.31813613 -127.79234215 -133.79105006 -133.96869965
 -147.07554527 -126.60154627 -136.45813922 -132.52596321 -124.60344122
 -129.43472851 -142.80891782 -132.0891373  -125.42723576 -121.09043587]
inrs_hat:  [-22.93451417 -18.32843609 -16.80264211 -22.80135002 -22.9789996
 -36.08584523 -15.61184623 -25.46843918 -21.53626317 -13.61374117
 -18.44502847 -31.81921777 -21.09943725 -14.43753571 -10.10073583]
scheduled_ues:  [ 0  1  2  3  4  5  6  7  8 10 11 12]
(1, 15, 1, 4, 1, 1)
caused INR: -8.966867308786581
TpsRandomic + CumulativeIndividualEstimated_INR + -10.0
None
(1, 15, 1, 4, 1, 1)
caused INR: -19.90270379162947
TpsRandomic + CumulativeIndividualEstimated_INR + -12.5
None
(1, 15, 1, 4, 1, 1)
caused INR: -11.386858200672336
TpsRandomic + CumulativeIndividualEstimated_INR + -15.0
None
(1, 15, 1, 4, 1, 1)
caused INR: -26.98526175895649
Iteration number 81
TpsAltruisticFromLsfGain + IndividualEstimated_INR + -10.0
None
ls_gain_coeffs:
[-132.48292516 -131.99678217 -134.56787499 -146.77714684 -123.93177831
 -133.42422774 -151.23824412 -136.03964233 -147.66894052 -131.89381754
 -142.20707684 -128.53046288 -149.74164726 -133.30810527 -153.1409596 ]
inrs_hat:  [-21.49322512 -21.00708212 -23.57817495 -35.7874468  -12.94207826
 -22.4345277  -40.24854408 -25.04994229 -36.67924047 -20.90411749
 -31.21737679 -17.54076284 -38.75194722 -22.31840523 -42.15125955]
scheduled_ues:  [ 0  1  2  3  4  5  6  7  8  9 10 11 12 13 14]
(1, 15, 1, 4, 1, 1)
caused INR: -6.075659998069964
TpsAltruisticFromLsfGain + IndividualEstimated_INR + -12.5
None
ls_gain_coeffs:
[-132.48292516 -131.99678217 -134.56787499 -146.77714684 -123.93177831
 -133.42422774 -151.23824412 -136.03964233 -147.66894052 -131.89381754
 -142.20707684 -128.53046288 -149.74164726 -133.30810527 -153.1409596 ]
inrs_hat:  [-21.49322512 -21.00708212 -23.57817495 -35.7874468  -12.94207826
 -22.4345277  -40.24854408 -25.04994229 -36.67924047 -20.90411749
 -31.21737679 -17.54076284 -38.75194722 -22.31840523 -42.15125955]
scheduled_ues:  [ 0  1  2  3  4  5  6  7  8  9 10 11 12 13 14]
(1, 15, 1, 4, 1, 1)
caused INR: -6.075659998069964
TpsAltruisticFromLsfGain + IndividualEstimated_INR + -15.0
None
ls_gain_coeffs:
[-132.48292516 -131.99678217 -134.56787499 -146.77714684 -123.93177831
 -133.42422774 -151.23824412 -136.03964233 -147.66894052 -131.89381754
 -142.20707684 -128.53046288 -149.74164726 -133.30810527 -153.1409596 ]
inrs_hat:  [-21.49322512 -21.00708212 -23.57817495 -35.7874468  -12.94207826
 -22.4345277  -40.24854408 -25.04994229 -36.67924047 -20.90411749
 -31.21737679 -17.54076284 -38.75194722 -22.31840523 -42.15125955]
scheduled_ues:  [ 0  1  2  3  5  6  7  8  9 10 11 12 13 14]
(1, 15, 1, 4, 1, 1)
caused INR: -8.269306214643299
TpsAltruisticFromLsfGain + CumulativeIndividualEstimated_INR + -10.0
None
(1, 15, 1, 4, 1, 1)
caused INR: -8.269306214643299
TpsAltruisticFromLsfGain + CumulativeIndividualEstimated_INR + -12.5
None
(1, 15, 1, 4, 1, 1)
caused INR: -11.129042805287074
TpsAltruisticFromLsfGain + CumulativeIndividualEstimated_INR + -15.0
None
(1, 15, 1, 4, 1, 1)
caused INR: -12.00518710868095
TpsRandomic + IndividualEstimated_INR + -10.0
None
ls_gain_coeffs:
[-132.48292516 -120.38922356 -134.56787499 -133.182782   -111.28212301
 -129.95558441 -135.7297537  -118.45371146 -131.66508991 -131.89381754
 -131.57170095 -112.06127586 -138.02968106 -133.30810527 -153.1409596 ]
inrs_hat:  [-21.49322512  -9.39952352 -23.57817495 -22.19308196  -0.29242297
 -18.96588437 -24.74005366  -7.46401142 -20.67538987 -20.90411749
 -20.58200091  -1.07157582 -27.03998101 -22.31840523 -42.15125955]
scheduled_ues:  [ 0  2  3  5  6  8  9 10 12 13 14]
(1, 15, 1, 4, 1, 1)
caused INR: -24.911864671719826
TpsRandomic + IndividualEstimated_INR + -12.5
None
ls_gain_coeffs:
[-119.23124394 -113.7885827  -134.56787499 -140.17115495 -123.93177831
 -119.8264133  -151.23824412 -118.45371146 -147.66894052 -121.09224835
 -125.18814442 -112.06127586 -138.02968106 -116.37721018 -143.5379003 ]
inrs_hat:  [ -8.24154389  -2.79888266 -23.57817495 -29.1814549  -12.94207826
  -8.83671325 -40.24854408  -7.46401142 -36.67924047 -10.10254831
 -14.19844437  -1.07157582 -27.03998101  -5.38751014 -32.54820025]
scheduled_ues:  [ 2  3  4  6  8 10 12 14]
(1, 15, 1, 4, 1, 1)
caused INR: -14.463504770375927
TpsRandomic + IndividualEstimated_INR + -15.0
None
ls_gain_coeffs:
[-132.48292516 -119.62954185 -130.22647015 -133.182782   -123.30761242
 -119.8264133  -146.63790849 -118.45371146 -142.26814597 -115.00474454
 -142.20707684 -121.79372045 -149.74164726 -116.37721018 -141.68012805]
inrs_hat:  [-21.49322512  -8.6398418  -19.23677011 -22.19308196 -12.31791238
  -8.83671325 -35.64820845  -7.46401142 -31.27844593  -4.0150445
 -31.21737679 -10.8040204  -38.75194722  -5.38751014 -30.69042801]
scheduled_ues:  [ 0  2  3  6  8 10 12 14]
(1, 15, 1, 4, 1, 1)
caused INR: -23.22371693481431
TpsRandomic + CumulativeIndividualEstimated_INR + -10.0
None
(1, 15, 1, 4, 1, 1)
caused INR: -15.173193710622533
TpsRandomic + CumulativeIndividualEstimated_INR + -12.5
None
(1, 15, 1, 4, 1, 1)
caused INR: -8.14206407557936
TpsRandomic + CumulativeIndividualEstimated_INR + -15.0
None
(1, 15, 1, 4, 1, 1)
caused INR: -23.369875926941596
Iteration number 82
TpsAltruisticFromLsfGain + IndividualEstimated_INR + -10.0
None
ls_gain_coeffs:
[-146.13945239 -136.86313912 -130.76259452 -140.4345988  -142.06647528
 -136.8524593  -147.42797008 -148.95507278 -139.24882708 -141.10949823
 -144.54192461 -139.1221979  -138.68841211 -135.79990553 -150.66167009]
inrs_hat:  [-35.14975235 -25.87343908 -19.77289448 -29.44489875 -31.07677524
 -25.86275926 -36.43827004 -37.96537273 -28.25912704 -30.11979819
 -33.55222457 -28.13249785 -27.69871207 -24.81020548 -39.67197005]
scheduled_ues:  [ 0  1  2  3  4  5  6  7  8  9 10 11 12 13 14]
(1, 15, 1, 4, 1, 1)
caused INR: -20.6094328583665
TpsAltruisticFromLsfGain + IndividualEstimated_INR + -12.5
None
ls_gain_coeffs:
[-146.13945239 -136.86313912 -130.76259452 -140.4345988  -142.06647528
 -136.8524593  -147.42797008 -148.95507278 -139.24882708 -141.10949823
 -144.54192461 -139.1221979  -138.68841211 -135.79990553 -150.66167009]
inrs_hat:  [-35.14975235 -25.87343908 -19.77289448 -29.44489875 -31.07677524
 -25.86275926 -36.43827004 -37.96537273 -28.25912704 -30.11979819
 -33.55222457 -28.13249785 -27.69871207 -24.81020548 -39.67197005]
scheduled_ues:  [ 0  1  2  3  4  5  6  7  8  9 10 11 12 13 14]
(1, 15, 1, 4, 1, 1)
caused INR: -20.6094328583665
TpsAltruisticFromLsfGain + IndividualEstimated_INR + -15.0
None
ls_gain_coeffs:
[-146.13945239 -136.86313912 -130.76259452 -140.4345988  -142.06647528
 -136.8524593  -147.42797008 -148.95507278 -139.24882708 -141.10949823
 -144.54192461 -139.1221979  -138.68841211 -135.79990553 -150.66167009]
inrs_hat:  [-35.14975235 -25.87343908 -19.77289448 -29.44489875 -31.07677524
 -25.86275926 -36.43827004 -37.96537273 -28.25912704 -30.11979819
 -33.55222457 -28.13249785 -27.69871207 -24.81020548 -39.67197005]
scheduled_ues:  [ 0  1  2  3  4  5  6  7  8  9 10 11 12 13 14]
(1, 15, 1, 4, 1, 1)
caused INR: -20.6094328583665
TpsAltruisticFromLsfGain + CumulativeIndividualEstimated_INR + -10.0
None
(1, 15, 1, 4, 1, 1)
caused INR: -20.6094328583665
TpsAltruisticFromLsfGain + CumulativeIndividualEstimated_INR + -12.5
None
(1, 15, 1, 4, 1, 1)
caused INR: -20.6094328583665
TpsAltruisticFromLsfGain + CumulativeIndividualEstimated_INR + -15.0
None
(1, 15, 1, 4, 1, 1)
caused INR: -20.6094328583665
TpsRandomic + IndividualEstimated_INR + -10.0
None
ls_gain_coeffs:
[-129.27652397 -127.46152102 -126.6710108  -140.4345988  -128.64205726
 -128.87837411 -135.49373001 -132.56298527 -131.97724175 -124.18971551
 -131.47776767 -124.89692348 -125.34352319 -121.77798704 -150.66167009]
inrs_hat:  [-18.28682393 -16.47182098 -15.68131076 -29.44489875 -17.65235722
 -17.88867406 -24.50402996 -21.57328523 -20.98754171 -13.20001547
 -20.48806763 -13.90722343 -14.35382315 -10.78828699 -39.67197005]
scheduled_ues:  [ 0  1  2  3  4  5  6  7  8  9 10 11 12 13 14]
(1, 15, 1, 4, 1, 1)
caused INR: -2.9691903690903083
TpsRandomic + IndividualEstimated_INR + -12.5
None
ls_gain_coeffs:
[-146.13945239 -136.86313912 -126.6710108  -140.4345988  -139.11802122
 -123.67311009 -147.42797008 -132.56298527 -139.24882708 -124.18971551
 -127.84431412 -136.44668627 -138.68841211 -120.19766855 -150.66167009]
inrs_hat:  [-35.14975235 -25.87343908 -15.68131076 -29.44489875 -28.12832118
 -12.68341005 -36.43827004 -21.57328523 -28.25912704 -13.20001547
 -16.85461408 -25.45698623 -27.69871207  -9.2079685  -39.67197005]
scheduled_ues:  [ 0  1  2  3  4  5  6  7  8  9 10 11 12 14]
(1, 15, 1, 4, 1, 1)
caused INR: -8.933103709019653
TpsRandomic + IndividualEstimated_INR + -15.0
None
ls_gain_coeffs:
[-146.13945239 -120.10971769 -115.59327204 -140.4345988  -127.65923924
 -128.87837411 -135.49373001 -132.56298527 -125.53358868 -129.89059659
 -144.54192461 -124.89692348 -124.44023428 -120.19766855 -134.00976959]
inrs_hat:  [-35.14975235  -9.12001764  -4.603572   -29.44489875 -16.6695392
 -17.88867406 -24.50402996 -21.57328523 -14.54388863 -18.90089655
 -33.55222457 -13.90722343 -13.45053423  -9.2079685  -23.02006954]
scheduled_ues:  [ 0  3  4  5  6  7  9 10 14]
(1, 15, 1, 4, 1, 1)
caused INR: -12.016420923632689
TpsRandomic + CumulativeIndividualEstimated_INR + -10.0
None
(1, 15, 1, 4, 1, 1)
caused INR: -11.915423567386396
TpsRandomic + CumulativeIndividualEstimated_INR + -12.5
None
(1, 15, 1, 4, 1, 1)
caused INR: -5.345348526159375
TpsRandomic + CumulativeIndividualEstimated_INR + -15.0
None
(1, 15, 1, 4, 1, 1)
caused INR: -19.35029793955141
Iteration number 83
TpsAltruisticFromLsfGain + IndividualEstimated_INR + -10.0
None
ls_gain_coeffs:
[-143.42788994 -128.37892009 -136.75995613 -150.33937533 -146.67591626
 -138.61541687 -123.56957976 -149.53431864 -140.53934294 -133.36115612
 -122.78777856 -130.71252645 -134.34340787 -146.47064919 -126.1838991 ]
inrs_hat:  [-32.4381899  -17.38922005 -25.77025608 -39.34967529 -35.68621622
 -27.62571683 -12.57987971 -38.54461859 -29.54964289 -22.37145608
 -11.79807852 -19.7228264  -23.35370783 -35.48094914 -15.19419905]
scheduled_ues:  [ 0  1  2  3  4  5  6  7  8  9 10 11 12 13 14]
(1, 15, 1, 4, 1, 1)
caused INR: -9.11385650989616
TpsAltruisticFromLsfGain + IndividualEstimated_INR + -12.5
None
ls_gain_coeffs:
[-143.42788994 -128.37892009 -136.75995613 -150.33937533 -146.67591626
 -138.61541687 -123.56957976 -149.53431864 -140.53934294 -133.36115612
 -122.78777856 -130.71252645 -134.34340787 -146.47064919 -126.1838991 ]
inrs_hat:  [-32.4381899  -17.38922005 -25.77025608 -39.34967529 -35.68621622
 -27.62571683 -12.57987971 -38.54461859 -29.54964289 -22.37145608
 -11.79807852 -19.7228264  -23.35370783 -35.48094914 -15.19419905]
scheduled_ues:  [ 0  1  2  3  4  5  6  7  8  9 11 12 13 14]
(1, 15, 1, 4, 1, 1)
caused INR: -17.151480958110966
TpsAltruisticFromLsfGain + IndividualEstimated_INR + -15.0
None
ls_gain_coeffs:
[-143.42788994 -128.37892009 -136.75995613 -150.33937533 -146.67591626
 -138.61541687 -123.56957976 -149.53431864 -140.53934294 -133.36115612
 -122.78777856 -130.71252645 -134.34340787 -146.47064919 -126.1838991 ]
inrs_hat:  [-32.4381899  -17.38922005 -25.77025608 -39.34967529 -35.68621622
 -27.62571683 -12.57987971 -38.54461859 -29.54964289 -22.37145608
 -11.79807852 -19.7228264  -23.35370783 -35.48094914 -15.19419905]
scheduled_ues:  [ 0  1  2  3  4  5  7  8  9 11 12 13 14]
(1, 15, 1, 4, 1, 1)
caused INR: -20.281169538350635
TpsAltruisticFromLsfGain + CumulativeIndividualEstimated_INR + -10.0
None
(1, 15, 1, 4, 1, 1)
caused INR: -20.281169538350635
TpsAltruisticFromLsfGain + CumulativeIndividualEstimated_INR + -12.5
None
(1, 15, 1, 4, 1, 1)
caused INR: -32.610646297490284
TpsAltruisticFromLsfGain + CumulativeIndividualEstimated_INR + -15.0
None
(1, 15, 1, 4, 1, 1)
caused INR: -20.890973963813803
TpsRandomic + IndividualEstimated_INR + -10.0
None
ls_gain_coeffs:
[-130.43309511 -128.37892009 -127.40627358 -150.33937533 -146.67591626
 -126.06929007 -107.15403256 -138.70627626 -124.29082171 -133.36115612
 -108.46964444 -130.71252645 -134.34340787 -141.60253123 -113.60954763]
inrs_hat:  [-19.44339507 -17.38922005 -16.41657353 -39.34967529 -35.68621622
 -15.07959003   3.83566749 -27.71657622 -13.30112166 -22.37145608
   2.5200556  -19.7228264  -23.35370783 -30.61283119  -2.61984759]
scheduled_ues:  [ 0  1  2  3  4  5  7  8  9 11 12 13]
(1, 15, 1, 4, 1, 1)
caused INR: -24.698056735050375
TpsRandomic + IndividualEstimated_INR + -12.5
None
ls_gain_coeffs:
[-143.42788994 -119.66803177 -119.85584672 -136.76460881 -140.28449829
 -126.06929007 -111.64773815 -139.46510699 -126.19428232 -133.36115612
 -101.38817799 -117.56490271 -120.46390962 -132.4063432  -126.1838991 ]
inrs_hat:  [-32.4381899   -8.67833173  -8.86614667 -25.77490877 -29.29479825
 -15.07959003  -0.65803811 -28.47540695 -15.20458228 -22.37145608
   9.60152206  -6.57520267  -9.47420958 -21.41664316 -15.19419905]
scheduled_ues:  [ 0  3  4  5  7  8  9 13 14]
(1, 15, 1, 4, 1, 1)
caused INR: -15.991721185210057
TpsRandomic + IndividualEstimated_INR + -15.0
None
ls_gain_coeffs:
[-135.33208111 -119.66803177 -136.75995613 -143.89004479 -130.41365865
 -126.06929007 -103.18008536 -139.46510699 -140.53934294 -124.51548278
 -122.78777856 -117.56490271 -120.46390962 -130.78363722 -126.1838991 ]
inrs_hat:  [-24.34238107  -8.67833173 -25.77025608 -32.90034475 -19.42395861
 -15.07959003   7.80961469 -28.47540695 -29.54964289 -13.52578274
 -11.79807852  -6.57520267  -9.47420958 -19.79393717 -15.19419905]
scheduled_ues:  [ 0  2  3  4  5  7  8 13 14]
(1, 15, 1, 4, 1, 1)
caused INR: -10.228685746026407
TpsRandomic + CumulativeIndividualEstimated_INR + -10.0
None
(1, 15, 1, 4, 1, 1)
caused INR: -14.943934646762926
TpsRandomic + CumulativeIndividualEstimated_INR + -12.5
None
(1, 15, 1, 4, 1, 1)
caused INR: -20.088746699467336
TpsRandomic + CumulativeIndividualEstimated_INR + -15.0
None
(1, 15, 1, 4, 1, 1)
caused INR: -13.848852694251143
Iteration number 84
TpsAltruisticFromLsfGain + IndividualEstimated_INR + -10.0
None
ls_gain_coeffs:
[-130.13868468 -149.02697621 -139.78720833 -144.77830954 -149.88419661
 -149.24578145 -142.87865667 -136.97269907 -137.98642484 -140.50773492
 -146.59874106 -106.9085122  -136.13746818 -132.63483827 -135.90795123]
inrs_hat:  [-19.14898464 -38.03727617 -28.79750828 -33.7886095  -38.89449656
 -38.2560814  -31.88895662 -25.98299903 -26.9967248  -29.51803487
 -35.60904102   4.08118784 -25.14776814 -21.64513823 -24.91825119]
scheduled_ues:  [ 0  1  2  3  4  5  6  7  8  9 10 12 13 14]
(1, 15, 1, 4, 1, 1)
caused INR: -18.914593751590097
TpsAltruisticFromLsfGain + IndividualEstimated_INR + -12.5
None
ls_gain_coeffs:
[-130.13868468 -149.02697621 -139.78720833 -144.77830954 -149.88419661
 -149.24578145 -142.87865667 -136.97269907 -137.98642484 -140.50773492
 -146.59874106 -106.9085122  -136.13746818 -132.63483827 -135.90795123]
inrs_hat:  [-19.14898464 -38.03727617 -28.79750828 -33.7886095  -38.89449656
 -38.2560814  -31.88895662 -25.98299903 -26.9967248  -29.51803487
 -35.60904102   4.08118784 -25.14776814 -21.64513823 -24.91825119]
scheduled_ues:  [ 0  1  2  3  4  5  6  7  8  9 10 12 13 14]
(1, 15, 1, 4, 1, 1)
caused INR: -18.914593751590097
TpsAltruisticFromLsfGain + IndividualEstimated_INR + -15.0
None
ls_gain_coeffs:
[-130.13868468 -149.02697621 -139.78720833 -144.77830954 -149.88419661
 -149.24578145 -142.87865667 -136.97269907 -137.98642484 -140.50773492
 -146.59874106 -106.9085122  -136.13746818 -132.63483827 -135.90795123]
inrs_hat:  [-19.14898464 -38.03727617 -28.79750828 -33.7886095  -38.89449656
 -38.2560814  -31.88895662 -25.98299903 -26.9967248  -29.51803487
 -35.60904102   4.08118784 -25.14776814 -21.64513823 -24.91825119]
scheduled_ues:  [ 0  1  2  3  4  5  6  7  8  9 10 12 13 14]
(1, 15, 1, 4, 1, 1)
caused INR: -18.914593751590097
TpsAltruisticFromLsfGain + CumulativeIndividualEstimated_INR + -10.0
None
(1, 15, 1, 4, 1, 1)
caused INR: -18.914593751590097
TpsAltruisticFromLsfGain + CumulativeIndividualEstimated_INR + -12.5
None
(1, 15, 1, 4, 1, 1)
caused INR: -18.914593751590097
TpsAltruisticFromLsfGain + CumulativeIndividualEstimated_INR + -15.0
None
(1, 15, 1, 4, 1, 1)
caused INR: -17.31637208436625
TpsRandomic + IndividualEstimated_INR + -10.0
None
ls_gain_coeffs:
[-116.54630927 -149.02697621 -125.45009723 -133.76637615 -149.88419661
 -140.32541036 -133.03284377 -136.97269907 -137.98642484 -130.67968549
 -134.66023286 -104.27681535 -123.12824881 -132.63483827 -135.90795123]
inrs_hat:  [ -5.55660923 -38.03727617 -14.46039718 -22.7766761  -38.89449656
 -29.33571032 -22.04314373 -25.98299903 -26.9967248  -19.68998544
 -23.67053281   6.71288469 -12.13854877 -21.64513823 -24.91825119]
scheduled_ues:  [ 1  2  3  4  5  6  7  8  9 10 12 13 14]
(1, 15, 1, 4, 1, 1)
caused INR: -9.189455011538207
TpsRandomic + IndividualEstimated_INR + -12.5
None
ls_gain_coeffs:
[-116.54630927 -132.55762778 -125.45009723 -133.76637615 -149.88419661
 -149.24578145 -142.87865667 -122.63701284 -124.45742444 -140.50773492
 -146.59874106 -104.27681535 -134.43461007 -128.26950552 -133.42869891]
inrs_hat:  [ -5.55660923 -21.56792774 -14.46039718 -22.7766761  -38.89449656
 -38.2560814  -31.88895662 -11.64731279 -13.4677244  -29.51803487
 -35.60904102   6.71288469 -23.44491003 -17.27980548 -22.43899887]
scheduled_ues:  [ 1  2  3  4  5  6  8  9 10 12 13 14]
(1, 15, 1, 4, 1, 1)
caused INR: -5.018419141010327
TpsRandomic + IndividualEstimated_INR + -15.0
None
ls_gain_coeffs:
[-123.32032587 -136.35139002 -134.10067503 -133.76637615 -146.8781306
 -149.24578145 -142.87865667 -131.20862139 -137.98642484 -123.83373896
 -137.38699897  -93.58967992 -122.56062944 -117.28301644 -135.90795123]
inrs_hat:  [-12.33062583 -25.36168998 -23.11097499 -22.7766761  -35.88843055
 -38.2560814  -31.88895662 -20.21892135 -26.9967248  -12.84403892
 -26.39729893  17.40002013 -11.5709294   -6.2933164  -24.91825119]
scheduled_ues:  [ 1  2  3  4  5  6  7  8 10 14]
(1, 15, 1, 4, 1, 1)
caused INR: -11.032195074288747
TpsRandomic + CumulativeIndividualEstimated_INR + -10.0
None
(1, 15, 1, 4, 1, 1)
caused INR: -9.841950953448737
TpsRandomic + CumulativeIndividualEstimated_INR + -12.5
None
(1, 15, 1, 4, 1, 1)
caused INR: -7.988044306747764
TpsRandomic + CumulativeIndividualEstimated_INR + -15.0
None
(1, 15, 1, 4, 1, 1)
caused INR: -10.214290699436237
Iteration number 85
TpsAltruisticFromLsfGain + IndividualEstimated_INR + -10.0
None
ls_gain_coeffs:
[-143.81966606 -126.08595694 -147.13731757 -139.73045634 -147.02375394
 -134.52633471 -140.72631123 -136.9999186  -149.32644254 -139.44627286
 -142.51844681 -126.31417091 -138.38858558 -130.84168969 -144.43705961]
inrs_hat:  [-32.82996602 -15.0962569  -36.14761753 -28.7407563  -36.0340539
 -23.53663466 -29.73661119 -26.01021856 -38.3367425  -28.45657281
 -31.52874676 -15.32447086 -27.39888554 -19.85198965 -33.44735957]
scheduled_ues:  [ 0  1  2  3  4  5  6  7  8  9 10 11 12 13 14]
(1, 15, 1, 4, 1, 1)
caused INR: -13.369943915200103
TpsAltruisticFromLsfGain + IndividualEstimated_INR + -12.5
None
ls_gain_coeffs:
[-143.81966606 -126.08595694 -147.13731757 -139.73045634 -147.02375394
 -134.52633471 -140.72631123 -136.9999186  -149.32644254 -139.44627286
 -142.51844681 -126.31417091 -138.38858558 -130.84168969 -144.43705961]
inrs_hat:  [-32.82996602 -15.0962569  -36.14761753 -28.7407563  -36.0340539
 -23.53663466 -29.73661119 -26.01021856 -38.3367425  -28.45657281
 -31.52874676 -15.32447086 -27.39888554 -19.85198965 -33.44735957]
scheduled_ues:  [ 0  1  2  3  4  5  6  7  8  9 10 11 12 13 14]
(1, 15, 1, 4, 1, 1)
caused INR: -13.369943915200103
TpsAltruisticFromLsfGain + IndividualEstimated_INR + -15.0
None
ls_gain_coeffs:
[-143.81966606 -126.08595694 -147.13731757 -139.73045634 -147.02375394
 -134.52633471 -140.72631123 -136.9999186  -149.32644254 -139.44627286
 -142.51844681 -126.31417091 -138.38858558 -130.84168969 -144.43705961]
inrs_hat:  [-32.82996602 -15.0962569  -36.14761753 -28.7407563  -36.0340539
 -23.53663466 -29.73661119 -26.01021856 -38.3367425  -28.45657281
 -31.52874676 -15.32447086 -27.39888554 -19.85198965 -33.44735957]
scheduled_ues:  [ 0  1  2  3  4  5  6  7  8  9 10 11 12 13 14]
(1, 15, 1, 4, 1, 1)
caused INR: -13.369943915200103
TpsAltruisticFromLsfGain + CumulativeIndividualEstimated_INR + -10.0
None
(1, 15, 1, 4, 1, 1)
caused INR: -13.369943915200103
TpsAltruisticFromLsfGain + CumulativeIndividualEstimated_INR + -12.5
None
(1, 15, 1, 4, 1, 1)
caused INR: -17.96861456721903
TpsAltruisticFromLsfGain + CumulativeIndividualEstimated_INR + -15.0
None
(1, 15, 1, 4, 1, 1)
caused INR: -13.518076271063602
TpsRandomic + IndividualEstimated_INR + -10.0
None
ls_gain_coeffs:
[-129.40877254 -126.08595694 -142.79617025 -125.61654555 -131.93676675
 -128.74070085 -124.09015435 -129.42650204 -136.15973118 -139.44627286
 -125.99091245 -111.34083521 -132.34684872 -117.53795527 -139.19573068]
inrs_hat:  [-18.4190725  -15.0962569  -31.80647021 -14.62684551 -20.94706671
 -17.75100081 -13.1004543  -18.43680199 -25.17003113 -28.45657281
 -15.00121241  -0.35113517 -21.35714868  -6.54825522 -28.20603064]
scheduled_ues:  [ 0  1  2  3  4  5  6  7  8  9 10 12 14]
(1, 15, 1, 4, 1, 1)
caused INR: -3.8120170204983754
TpsRandomic + IndividualEstimated_INR + -12.5
None
ls_gain_coeffs:
[-129.40877254 -126.04412403 -142.79617025 -123.84309412 -131.93676675
 -134.52633471 -124.09015435 -136.9999186  -149.32644254 -129.51538365
 -133.99691788 -111.34083521 -138.38858558 -130.84168969 -144.43705961]
inrs_hat:  [-18.4190725  -15.05442398 -31.80647021 -12.85339408 -20.94706671
 -23.53663466 -13.1004543  -26.01021856 -38.3367425  -18.5256836
 -23.00721784  -0.35113517 -27.39888554 -19.85198965 -33.44735957]
scheduled_ues:  [ 0  1  2  3  4  5  6  7  8  9 10 12 13 14]
(1, 15, 1, 4, 1, 1)
caused INR: -6.9359498453961095
TpsRandomic + IndividualEstimated_INR + -15.0
None
ls_gain_coeffs:
[-129.40877254 -126.04412403 -131.80161936 -139.73045634 -143.05567315
 -118.40493856 -124.09015435 -136.9999186  -135.43461982 -129.51538365
 -133.99691788 -111.34083521 -122.11519701 -116.67582084 -130.24834997]
inrs_hat:  [-18.4190725  -15.05442398 -20.81191931 -28.7407563  -32.06597311
  -7.41523852 -13.1004543  -26.01021856 -24.44491977 -18.5256836
 -23.00721784  -0.35113517 -11.12549697  -5.6861208  -19.25864992]
scheduled_ues:  [ 0  1  2  3  4  7  8  9 10 14]
(1, 15, 1, 4, 1, 1)
caused INR: -7.8065269562846265
TpsRandomic + CumulativeIndividualEstimated_INR + -10.0
None
(1, 15, 1, 4, 1, 1)
caused INR: -10.497115421005558
TpsRandomic + CumulativeIndividualEstimated_INR + -12.5
None
(1, 15, 1, 4, 1, 1)
caused INR: -11.788282116509542
TpsRandomic + CumulativeIndividualEstimated_INR + -15.0
None
(1, 15, 1, 4, 1, 1)
caused INR: -19.20885276029449
Iteration number 86
TpsAltruisticFromLsfGain + IndividualEstimated_INR + -10.0
None
ls_gain_coeffs:
[-149.36213928 -129.45342524 -144.94425507 -129.27240463 -147.31224471
 -130.07999812 -132.68731022 -131.49449987 -133.99714201 -145.60153011
 -133.4272321  -123.48803085 -136.73955072 -136.28017265 -143.78534884]
inrs_hat:  [-38.37243924 -18.4637252  -33.95455502 -18.28270459 -36.32254466
 -19.09029808 -21.69761017 -20.50479983 -23.00744197 -34.61183007
 -22.43753206 -12.4983308  -25.74985068 -25.29047261 -32.7956488 ]
scheduled_ues:  [ 0  1  2  3  4  5  6  7  8  9 10 11 12 13 14]
(1, 15, 1, 4, 1, 1)
caused INR: -6.840291300960618
TpsAltruisticFromLsfGain + IndividualEstimated_INR + -12.5
None
ls_gain_coeffs:
[-149.36213928 -129.45342524 -144.94425507 -129.27240463 -147.31224471
 -130.07999812 -132.68731022 -131.49449987 -133.99714201 -145.60153011
 -133.4272321  -123.48803085 -136.73955072 -136.28017265 -143.78534884]
inrs_hat:  [-38.37243924 -18.4637252  -33.95455502 -18.28270459 -36.32254466
 -19.09029808 -21.69761017 -20.50479983 -23.00744197 -34.61183007
 -22.43753206 -12.4983308  -25.74985068 -25.29047261 -32.7956488 ]
scheduled_ues:  [ 0  1  2  3  4  5  6  7  8  9 10 12 13 14]
(1, 15, 1, 4, 1, 1)
caused INR: -11.30276183923031
TpsAltruisticFromLsfGain + IndividualEstimated_INR + -15.0
None
ls_gain_coeffs:
[-149.36213928 -129.45342524 -144.94425507 -129.27240463 -147.31224471
 -130.07999812 -132.68731022 -131.49449987 -133.99714201 -145.60153011
 -133.4272321  -123.48803085 -136.73955072 -136.28017265 -143.78534884]
inrs_hat:  [-38.37243924 -18.4637252  -33.95455502 -18.28270459 -36.32254466
 -19.09029808 -21.69761017 -20.50479983 -23.00744197 -34.61183007
 -22.43753206 -12.4983308  -25.74985068 -25.29047261 -32.7956488 ]
scheduled_ues:  [ 0  1  2  3  4  5  6  7  8  9 10 12 13 14]
(1, 15, 1, 4, 1, 1)
caused INR: -11.30276183923031
TpsAltruisticFromLsfGain + CumulativeIndividualEstimated_INR + -10.0
None
(1, 15, 1, 4, 1, 1)
caused INR: -11.30276183923031
TpsAltruisticFromLsfGain + CumulativeIndividualEstimated_INR + -12.5
None
(1, 15, 1, 4, 1, 1)
caused INR: -12.19084544853512
TpsAltruisticFromLsfGain + CumulativeIndividualEstimated_INR + -15.0
None
(1, 15, 1, 4, 1, 1)
caused INR: -16.44501350293116
TpsRandomic + IndividualEstimated_INR + -10.0
None
ls_gain_coeffs:
[-149.36213928 -120.53398856 -142.68920309 -129.27240463 -144.68461519
 -113.07946269 -132.68731022 -131.49449987 -120.28308428 -145.60153011
 -121.40519755 -110.32043831 -127.70226597 -136.28017265 -143.78534884]
inrs_hat:  [-38.37243924  -9.54428852 -31.69950305 -18.28270459 -33.69491515
  -2.08976265 -21.69761017 -20.50479983  -9.29338424 -34.61183007
 -10.41549751   0.66926173 -16.71256593 -25.29047261 -32.7956488 ]
scheduled_ues:  [ 0  2  3  4  6  7  9 10 12 13 14]
(1, 15, 1, 4, 1, 1)
caused INR: -15.47381715694364
TpsRandomic + IndividualEstimated_INR + -12.5
None
ls_gain_coeffs:
[-138.09172262 -114.14213343 -131.75097108 -129.27240463 -144.68461519
 -120.68516438 -119.06053474 -118.69744733 -130.17976881 -141.71604871
 -121.40519755 -123.48803085 -136.73955072 -122.82756518 -140.98315353]
inrs_hat:  [-27.10202257  -3.15243338 -20.76127103 -18.28270459 -33.69491515
  -9.69546434  -8.0708347   -7.70774729 -19.19006877 -30.72634867
 -10.41549751 -12.4983308  -25.74985068 -11.83786513 -29.99345349]
scheduled_ues:  [ 0  2  3  4  8  9 12 14]
(1, 15, 1, 4, 1, 1)
caused INR: -11.806887132037849
TpsRandomic + IndividualEstimated_INR + -15.0
None
ls_gain_coeffs:
[-149.36213928 -129.45342524 -144.94425507 -116.67456205 -133.1188917
 -120.68516438 -119.06053474 -118.69744733 -119.01062654 -130.56960918
 -124.40014187 -110.32043831 -124.45396357 -122.82756518 -129.47561864]
inrs_hat:  [-38.37243924 -18.4637252  -33.95455502  -5.68486201 -22.12919165
  -9.69546434  -8.0708347   -7.70774729  -8.0209265  -19.57990913
 -13.41044183   0.66926173 -13.46426353 -11.83786513 -18.48591859]
scheduled_ues:  [ 0  1  2  4  9 14]
(1, 15, 1, 4, 1, 1)
caused INR: -15.724123477368705
TpsRandomic + CumulativeIndividualEstimated_INR + -10.0
None
(1, 15, 1, 4, 1, 1)
caused INR: -11.416747986101496
TpsRandomic + CumulativeIndividualEstimated_INR + -12.5
None
(1, 15, 1, 4, 1, 1)
caused INR: -13.730400673562551
TpsRandomic + CumulativeIndividualEstimated_INR + -15.0
None
(1, 15, 1, 4, 1, 1)
caused INR: -16.407334333109283
Iteration number 87
TpsAltruisticFromLsfGain + IndividualEstimated_INR + -10.0
None
ls_gain_coeffs:
[-128.43194849 -149.74630109 -137.07236113 -118.39192676 -124.2439459
 -150.49933663 -123.65243585 -134.93187633 -131.34326566 -129.9483721
 -141.42836516 -132.20040573 -146.30674098 -121.31043442 -128.20764278]
inrs_hat:  [-17.44224844 -38.75660105 -26.08266108  -7.40222671 -13.25424586
 -39.50963658 -12.66273581 -23.94217629 -20.35356562 -18.95867205
 -30.43866511 -21.21070569 -35.31704093 -10.32073438 -17.21794273]
scheduled_ues:  [ 0  1  2  4  5  6  7  8  9 10 11 12 13 14]
(1, 15, 1, 4, 1, 1)
caused INR: -8.678273304536685
TpsAltruisticFromLsfGain + IndividualEstimated_INR + -12.5
None
ls_gain_coeffs:
[-128.43194849 -149.74630109 -137.07236113 -118.39192676 -124.2439459
 -150.49933663 -123.65243585 -134.93187633 -131.34326566 -129.9483721
 -141.42836516 -132.20040573 -146.30674098 -121.31043442 -128.20764278]
inrs_hat:  [-17.44224844 -38.75660105 -26.08266108  -7.40222671 -13.25424586
 -39.50963658 -12.66273581 -23.94217629 -20.35356562 -18.95867205
 -30.43866511 -21.21070569 -35.31704093 -10.32073438 -17.21794273]
scheduled_ues:  [ 0  1  2  4  5  6  7  8  9 10 11 12 14]
(1, 15, 1, 4, 1, 1)
caused INR: -7.64797572650496
TpsAltruisticFromLsfGain + IndividualEstimated_INR + -15.0
None
ls_gain_coeffs:
[-128.43194849 -149.74630109 -137.07236113 -118.39192676 -124.2439459
 -150.49933663 -123.65243585 -134.93187633 -131.34326566 -129.9483721
 -141.42836516 -132.20040573 -146.30674098 -121.31043442 -128.20764278]
inrs_hat:  [-17.44224844 -38.75660105 -26.08266108  -7.40222671 -13.25424586
 -39.50963658 -12.66273581 -23.94217629 -20.35356562 -18.95867205
 -30.43866511 -21.21070569 -35.31704093 -10.32073438 -17.21794273]
scheduled_ues:  [ 0  1  2  5  7  8  9 10 11 12 14]
(1, 15, 1, 4, 1, 1)
caused INR: -23.86602248726394
TpsAltruisticFromLsfGain + CumulativeIndividualEstimated_INR + -10.0
None
(1, 15, 1, 4, 1, 1)
caused INR: -23.86602248726394
TpsAltruisticFromLsfGain + CumulativeIndividualEstimated_INR + -12.5
None
(1, 15, 1, 4, 1, 1)
caused INR: -22.623345537160976
TpsAltruisticFromLsfGain + CumulativeIndividualEstimated_INR + -15.0
None
(1, 15, 1, 4, 1, 1)
caused INR: -21.597201389760826
TpsRandomic + IndividualEstimated_INR + -10.0
None
ls_gain_coeffs:
[-113.99337732 -137.91058497 -137.07236113 -104.47386102 -124.2439459
 -150.49933663 -113.22394453 -121.49613569 -130.11327711 -120.47650279
 -124.95654026 -120.69595619 -132.03391179 -103.86147396 -118.63019441]
inrs_hat:  [ -3.00367727 -26.92088493 -26.08266108   6.51583902 -13.25424586
 -39.50963658  -2.23424449 -10.50643565 -19.12357706  -9.48680275
 -13.96684022  -9.70625615 -21.04421174   7.12822608  -7.64049437]
scheduled_ues:  [ 1  2  4  5  7  8 10 12]
(1, 15, 1, 4, 1, 1)
caused INR: -10.883328096018758
TpsRandomic + IndividualEstimated_INR + -12.5
None
ls_gain_coeffs:
[-128.43194849 -140.7341731  -129.66392844 -104.47386102 -124.2439459
 -139.66277166 -123.65243585 -120.50199506 -131.34326566 -112.96831447
 -134.77340541 -122.33880729 -146.30674098 -121.31043442 -116.42571868]
inrs_hat:  [-17.44224844 -29.74447306 -18.67422839   6.51583902 -13.25424586
 -28.67307161 -12.66273581  -9.51229501 -20.35356562  -1.97861443
 -23.78370537 -11.34910725 -35.31704093 -10.32073438  -5.43601864]
scheduled_ues:  [ 0  1  2  4  5  6  8 10 12]
(1, 15, 1, 4, 1, 1)
caused INR: -5.830075031367764
TpsRandomic + IndividualEstimated_INR + -15.0
None
ls_gain_coeffs:
[-113.99337732 -149.74630109 -120.62499217 -104.47386102 -107.02406598
 -140.39803431 -113.22394453 -134.93187633 -130.11327711 -117.90172615
 -127.58127511 -132.20040573 -132.94952638 -103.86147396 -111.30715655]
inrs_hat:  [ -3.00367727 -38.75660105  -9.63529213   6.51583902   3.96563407
 -29.40833427  -2.23424449 -23.94217629 -19.12357706  -6.91202611
 -16.59157507 -21.21070569 -21.95982634   7.12822608  -0.3174565 ]
scheduled_ues:  [ 1  5  7  8 10 11 12]
(1, 15, 1, 4, 1, 1)
caused INR: -13.697715952931764
TpsRandomic + CumulativeIndividualEstimated_INR + -10.0
None
(1, 15, 1, 4, 1, 1)
caused INR: -9.330091522711838
TpsRandomic + CumulativeIndividualEstimated_INR + -12.5
None
(1, 15, 1, 4, 1, 1)
caused INR: -19.113930062539225
TpsRandomic + CumulativeIndividualEstimated_INR + -15.0
None
(1, 15, 1, 4, 1, 1)
caused INR: -25.565636482091683
Iteration number 88
TpsAltruisticFromLsfGain + IndividualEstimated_INR + -10.0
None
ls_gain_coeffs:
[-124.67431333 -153.8215079  -149.3401345  -144.89743488 -139.71555973
 -137.41113707 -135.94420634 -147.96011718 -145.24538691 -143.03015728
 -139.55585134 -141.74999841 -139.81177323 -131.19778767 -139.83433515]
inrs_hat:  [-13.68461329 -42.83180786 -38.35043445 -33.90773484 -28.72585969
 -26.42143702 -24.9545063  -36.97041714 -34.25568686 -32.04045723
 -28.5661513  -30.76029836 -28.82207319 -20.20808763 -28.8446351 ]
scheduled_ues:  [ 0  1  2  3  4  5  6  7  8  9 10 11 12 13 14]
(1, 15, 1, 4, 1, 1)
caused INR: -12.647401903423436
TpsAltruisticFromLsfGain + IndividualEstimated_INR + -12.5
None
ls_gain_coeffs:
[-124.67431333 -153.8215079  -149.3401345  -144.89743488 -139.71555973
 -137.41113707 -135.94420634 -147.96011718 -145.24538691 -143.03015728
 -139.55585134 -141.74999841 -139.81177323 -131.19778767 -139.83433515]
inrs_hat:  [-13.68461329 -42.83180786 -38.35043445 -33.90773484 -28.72585969
 -26.42143702 -24.9545063  -36.97041714 -34.25568686 -32.04045723
 -28.5661513  -30.76029836 -28.82207319 -20.20808763 -28.8446351 ]
scheduled_ues:  [ 0  1  2  3  4  5  6  7  8  9 10 11 12 13 14]
(1, 15, 1, 4, 1, 1)
caused INR: -12.647401903423436
TpsAltruisticFromLsfGain + IndividualEstimated_INR + -15.0
None
ls_gain_coeffs:
[-124.67431333 -153.8215079  -149.3401345  -144.89743488 -139.71555973
 -137.41113707 -135.94420634 -147.96011718 -145.24538691 -143.03015728
 -139.55585134 -141.74999841 -139.81177323 -131.19778767 -139.83433515]
inrs_hat:  [-13.68461329 -42.83180786 -38.35043445 -33.90773484 -28.72585969
 -26.42143702 -24.9545063  -36.97041714 -34.25568686 -32.04045723
 -28.5661513  -30.76029836 -28.82207319 -20.20808763 -28.8446351 ]
scheduled_ues:  [ 1  2  3  4  5  6  7  8  9 10 11 12 13 14]
(1, 15, 1, 4, 1, 1)
caused INR: -17.82497313662501
TpsAltruisticFromLsfGain + CumulativeIndividualEstimated_INR + -10.0
None
(1, 15, 1, 4, 1, 1)
caused INR: -12.647401903423436
TpsAltruisticFromLsfGain + CumulativeIndividualEstimated_INR + -12.5
None
(1, 15, 1, 4, 1, 1)
caused INR: -17.82497313662501
TpsAltruisticFromLsfGain + CumulativeIndividualEstimated_INR + -15.0
None
(1, 15, 1, 4, 1, 1)
caused INR: -17.82497313662501
TpsRandomic + IndividualEstimated_INR + -10.0
None
ls_gain_coeffs:
[-107.93085136 -139.93453685 -139.65996721 -138.13072855 -126.64528819
 -134.46877142 -126.22572543 -135.11489831 -141.3525849  -128.60739092
 -123.1423682  -138.10415183 -136.59942711 -118.04372275 -128.01487409]
inrs_hat:  [  3.05884868 -28.9448368  -28.67026717 -27.14102851 -15.65558814
 -23.47907138 -15.23602539 -24.12519826 -30.36288486 -17.61769088
 -12.15266816 -27.11445178 -25.60972707  -7.0540227  -17.02517405]
scheduled_ues:  [ 1  2  3  4  5  6  7  8  9 10 11 12 14]
(1, 15, 1, 4, 1, 1)
caused INR: -4.332623949469696
TpsRandomic + IndividualEstimated_INR + -12.5
None
ls_gain_coeffs:
[-107.93085136 -139.93453685 -137.89792849 -131.20049142 -126.64528819
 -137.41113707 -123.66414828 -131.25954464 -141.3525849  -137.04836467
 -133.45206885 -141.74999841 -125.22860915 -131.19778767 -130.93694619]
inrs_hat:  [  3.05884868 -28.9448368  -26.90822845 -20.21079137 -15.65558814
 -26.42143702 -12.67444824 -20.2698446  -30.36288486 -26.05866463
 -22.46236881 -30.76029836 -14.23890911 -20.20808763 -19.94724614]
scheduled_ues:  [ 1  2  3  4  5  6  7  8  9 10 11 12 13 14]
(1, 15, 1, 4, 1, 1)
caused INR: -10.128288112474227
TpsRandomic + IndividualEstimated_INR + -15.0
None
ls_gain_coeffs:
[-107.93085136 -153.8215079  -132.55814785 -128.44480998 -126.95962396
 -137.41113707 -123.66414828 -147.96011718 -131.50618624 -137.04836467
 -139.55585134 -141.74999841 -139.81177323 -131.19778767 -130.93694619]
inrs_hat:  [  3.05884868 -42.83180786 -21.56844781 -17.45510994 -15.96992392
 -26.42143702 -12.67444824 -36.97041714 -20.51648619 -26.05866463
 -28.5661513  -30.76029836 -28.82207319 -20.20808763 -19.94724614]
scheduled_ues:  [ 1  2  3  4  5  7  8  9 10 11 12 13 14]
(1, 15, 1, 4, 1, 1)
caused INR: -13.707547695655013
TpsRandomic + CumulativeIndividualEstimated_INR + -10.0
None
(1, 15, 1, 4, 1, 1)
caused INR: -11.548017901171193
TpsRandomic + CumulativeIndividualEstimated_INR + -12.5
None
(1, 15, 1, 4, 1, 1)
caused INR: -22.225794531189557
TpsRandomic + CumulativeIndividualEstimated_INR + -15.0
None
(1, 15, 1, 4, 1, 1)
caused INR: -14.996790134877887
Iteration number 89
TpsAltruisticFromLsfGain + IndividualEstimated_INR + -10.0
None
ls_gain_coeffs:
[-142.27452621 -142.99402748 -133.30813441 -132.59928445 -140.98011182
 -132.87602424 -148.98546779 -146.34972451 -140.34430626 -132.8264106
 -141.73915117 -143.24765627 -135.49892426 -131.85445582 -147.4398206 ]
inrs_hat:  [-31.28482617 -32.00432744 -22.31843437 -21.60958441 -29.99041178
 -21.8863242  -37.99576775 -35.36002447 -29.35460622 -21.83671056
 -30.74945112 -32.25795622 -24.50922421 -20.86475578 -36.45012055]
scheduled_ues:  [ 0  1  2  3  4  5  6  7  8  9 10 11 12 13 14]
(1, 15, 1, 4, 1, 1)
caused INR: -33.74612784756272
TpsAltruisticFromLsfGain + IndividualEstimated_INR + -12.5
None
ls_gain_coeffs:
[-142.27452621 -142.99402748 -133.30813441 -132.59928445 -140.98011182
 -132.87602424 -148.98546779 -146.34972451 -140.34430626 -132.8264106
 -141.73915117 -143.24765627 -135.49892426 -131.85445582 -147.4398206 ]
inrs_hat:  [-31.28482617 -32.00432744 -22.31843437 -21.60958441 -29.99041178
 -21.8863242  -37.99576775 -35.36002447 -29.35460622 -21.83671056
 -30.74945112 -32.25795622 -24.50922421 -20.86475578 -36.45012055]
scheduled_ues:  [ 0  1  2  3  4  5  6  7  8  9 10 11 12 13 14]
(1, 15, 1, 4, 1, 1)
caused INR: -33.74612784756272
TpsAltruisticFromLsfGain + IndividualEstimated_INR + -15.0
None
ls_gain_coeffs:
[-142.27452621 -142.99402748 -133.30813441 -132.59928445 -140.98011182
 -132.87602424 -148.98546779 -146.34972451 -140.34430626 -132.8264106
 -141.73915117 -143.24765627 -135.49892426 -131.85445582 -147.4398206 ]
inrs_hat:  [-31.28482617 -32.00432744 -22.31843437 -21.60958441 -29.99041178
 -21.8863242  -37.99576775 -35.36002447 -29.35460622 -21.83671056
 -30.74945112 -32.25795622 -24.50922421 -20.86475578 -36.45012055]
scheduled_ues:  [ 0  1  2  3  4  5  6  7  8  9 10 11 12 13 14]
(1, 15, 1, 4, 1, 1)
caused INR: -33.74612784756272
TpsAltruisticFromLsfGain + CumulativeIndividualEstimated_INR + -10.0
None
(1, 15, 1, 4, 1, 1)
caused INR: -33.74612784756272
TpsAltruisticFromLsfGain + CumulativeIndividualEstimated_INR + -12.5
None
(1, 15, 1, 4, 1, 1)
caused INR: -33.74612784756272
TpsAltruisticFromLsfGain + CumulativeIndividualEstimated_INR + -15.0
None
(1, 15, 1, 4, 1, 1)
caused INR: -24.22651726474642
TpsRandomic + IndividualEstimated_INR + -10.0
None
ls_gain_coeffs:
[-142.27452621 -132.14851806 -121.9170398  -118.76378673 -130.91149202
 -119.48731789 -140.26350206 -133.50760545 -129.14187266 -115.45357198
 -141.73915117 -130.17075859 -121.90037983 -125.77256993 -134.53751504]
inrs_hat:  [-31.28482617 -21.15881802 -10.92733975  -7.77408669 -19.92179198
  -8.49761784 -29.27380202 -22.51790541 -18.15217262  -4.46387194
 -30.74945112 -19.18105855 -10.91067978 -14.78286989 -23.54781499]
scheduled_ues:  [ 0  1  2  4  6  7  8 10 11 12 13 14]
(1, 15, 1, 4, 1, 1)
caused INR: -9.913563849395278
TpsRandomic + IndividualEstimated_INR + -12.5
None
ls_gain_coeffs:
[-130.41806519 -142.99402748 -123.45357633 -118.76378673 -130.91149202
 -118.54021153 -136.83235606 -133.10708639 -129.20447543 -115.45357198
 -131.15571079 -143.24765627 -120.7434354  -131.85445582 -147.4398206 ]
inrs_hat:  [-19.42836515 -32.00432744 -12.46387629  -7.77408669 -19.92179198
  -7.55051149 -25.84265601 -22.11738635 -18.21477538  -4.46387194
 -20.16601075 -32.25795622  -9.75373535 -20.86475578 -36.45012055]
scheduled_ues:  [ 0  1  4  6  7  8 10 11 13 14]
(1, 15, 1, 4, 1, 1)
caused INR: -15.429962065571914
TpsRandomic + IndividualEstimated_INR + -15.0
None
ls_gain_coeffs:
[-125.48126536 -132.14851806 -121.9170398  -114.88309061 -140.98011182
 -119.48731789 -140.26350206 -133.50760545 -122.95237404 -132.8264106
 -131.15571079 -135.47633227 -120.7434354  -131.85445582 -147.4398206 ]
inrs_hat:  [-14.49156531 -21.15881802 -10.92733975  -3.89339056 -29.99041178
  -8.49761784 -29.27380202 -22.51790541 -11.962674   -21.83671056
 -20.16601075 -24.48663222  -9.75373535 -20.86475578 -36.45012055]
scheduled_ues:  [ 1  4  6  7  9 10 11 13 14]
(1, 15, 1, 4, 1, 1)
caused INR: -19.908019709297303
TpsRandomic + CumulativeIndividualEstimated_INR + -10.0
None
(1, 15, 1, 4, 1, 1)
caused INR: -16.316330331350876
TpsRandomic + CumulativeIndividualEstimated_INR + -12.5
None
(1, 15, 1, 4, 1, 1)
caused INR: -8.56680313003623
TpsRandomic + CumulativeIndividualEstimated_INR + -15.0
None
(1, 15, 1, 4, 1, 1)
caused INR: -30.450447936798785
Iteration number 90
TpsAltruisticFromLsfGain + IndividualEstimated_INR + -10.0
None
ls_gain_coeffs:
[-133.40318651 -142.92278717 -139.53723541 -155.90720943 -124.14929741
 -127.78976243 -122.55883586 -137.89862505 -130.11138117 -143.93399519
 -128.91727576 -151.6586216  -148.65245634 -138.87681619 -133.56213656]
inrs_hat:  [-22.41348647 -31.93308713 -28.54753537 -44.91750939 -13.15959736
 -16.80006239 -11.56913582 -26.90892501 -19.12168113 -32.94429515
 -17.92757572 -40.66892155 -37.6627563  -27.88711614 -22.57243652]
scheduled_ues:  [ 0  1  2  3  4  5  6  7  8  9 10 11 12 13 14]
(1, 15, 1, 4, 1, 1)
caused INR: -9.14678040117766
TpsAltruisticFromLsfGain + IndividualEstimated_INR + -12.5
None
ls_gain_coeffs:
[-133.40318651 -142.92278717 -139.53723541 -155.90720943 -124.14929741
 -127.78976243 -122.55883586 -137.89862505 -130.11138117 -143.93399519
 -128.91727576 -151.6586216  -148.65245634 -138.87681619 -133.56213656]
inrs_hat:  [-22.41348647 -31.93308713 -28.54753537 -44.91750939 -13.15959736
 -16.80006239 -11.56913582 -26.90892501 -19.12168113 -32.94429515
 -17.92757572 -40.66892155 -37.6627563  -27.88711614 -22.57243652]
scheduled_ues:  [ 0  1  2  3  4  5  7  8  9 10 11 12 13 14]
(1, 15, 1, 4, 1, 1)
caused INR: -13.180145168540475
TpsAltruisticFromLsfGain + IndividualEstimated_INR + -15.0
None
ls_gain_coeffs:
[-133.40318651 -142.92278717 -139.53723541 -155.90720943 -124.14929741
 -127.78976243 -122.55883586 -137.89862505 -130.11138117 -143.93399519
 -128.91727576 -151.6586216  -148.65245634 -138.87681619 -133.56213656]
inrs_hat:  [-22.41348647 -31.93308713 -28.54753537 -44.91750939 -13.15959736
 -16.80006239 -11.56913582 -26.90892501 -19.12168113 -32.94429515
 -17.92757572 -40.66892155 -37.6627563  -27.88711614 -22.57243652]
scheduled_ues:  [ 0  1  2  3  5  7  8  9 10 11 12 13 14]
(1, 15, 1, 4, 1, 1)
caused INR: -14.02641903694806
TpsAltruisticFromLsfGain + CumulativeIndividualEstimated_INR + -10.0
None
(1, 15, 1, 4, 1, 1)
caused INR: -14.02641903694806
TpsAltruisticFromLsfGain + CumulativeIndividualEstimated_INR + -12.5
None
(1, 15, 1, 4, 1, 1)
caused INR: -17.045562383962583
TpsAltruisticFromLsfGain + CumulativeIndividualEstimated_INR + -15.0
None
(1, 15, 1, 4, 1, 1)
caused INR: -12.646666971543834
TpsRandomic + IndividualEstimated_INR + -10.0
None
ls_gain_coeffs:
[-133.40318651 -141.67836889 -126.39400793 -155.90720943 -106.74451663
 -127.78976243 -122.55883586 -126.12010448 -113.25200108 -138.70693755
 -114.78679392 -141.59818706 -135.02477456 -129.58872953 -125.79080696]
inrs_hat:  [-22.41348647 -30.68866884 -15.40430789 -44.91750939   4.24518341
 -16.80006239 -11.56913582 -15.13040443  -2.26230104 -27.71723751
  -3.79709388 -30.60848702 -24.03507452 -18.59902948 -14.80110691]
scheduled_ues:  [ 0  1  2  3  5  6  7  9 11 12 13 14]
(1, 15, 1, 4, 1, 1)
caused INR: -16.631658705437317
TpsRandomic + IndividualEstimated_INR + -12.5
None
ls_gain_coeffs:
[-116.42718271 -130.06638108 -123.16251581 -146.13366973 -112.95599857
 -118.42262084 -122.55883586 -127.86779017 -113.25200108 -138.70693755
 -128.91727576 -151.6586216  -135.02477456 -126.90413715 -125.79080696]
inrs_hat:  [ -5.43748266 -19.07668103 -12.17281577 -35.14396969  -1.96629852
  -7.43292079 -11.56913582 -16.87809013  -2.26230104 -27.71723751
 -17.92757572 -40.66892155 -24.03507452 -15.9144371  -14.80110691]
scheduled_ues:  [ 1  3  7  9 10 11 12 13 14]
(1, 15, 1, 4, 1, 1)
caused INR: -8.917017440403619
TpsRandomic + IndividualEstimated_INR + -15.0
None
ls_gain_coeffs:
[-116.42718271 -130.06638108 -126.39400793 -144.74034276 -112.95599857
 -118.42262084 -107.12905903 -120.77314732 -119.61023496 -128.0076901
 -114.78679392 -151.6586216  -132.35636892 -138.87681619 -133.56213656]
inrs_hat:  [ -5.43748266 -19.07668103 -15.40430789 -33.75064272  -1.96629852
  -7.43292079   3.86064102  -9.78344728  -8.62053491 -17.01799005
  -3.79709388 -40.66892155 -21.36666888 -27.88711614 -22.57243652]
scheduled_ues:  [ 1  2  3  9 11 12 13 14]
(1, 15, 1, 4, 1, 1)
caused INR: -11.095895969187453
TpsRandomic + CumulativeIndividualEstimated_INR + -10.0
None
(1, 15, 1, 4, 1, 1)
caused INR: -16.830535707701447
TpsRandomic + CumulativeIndividualEstimated_INR + -12.5
None
(1, 15, 1, 4, 1, 1)
caused INR: -13.295046801920167
TpsRandomic + CumulativeIndividualEstimated_INR + -15.0
None
(1, 15, 1, 4, 1, 1)
caused INR: -18.58147009204779
Iteration number 91
TpsAltruisticFromLsfGain + IndividualEstimated_INR + -10.0
None
ls_gain_coeffs:
[-118.83931814 -150.58039338 -135.26427841 -148.69646607 -145.94762348
 -128.66316928 -134.09882917 -146.68300741 -138.84242497 -134.39193334
 -138.1928854  -127.1485917  -144.37604026 -136.82883567 -149.03791845]
inrs_hat:  [ -7.8496181  -39.59069334 -24.27457837 -37.70676603 -34.95792344
 -17.67346924 -23.10912912 -35.69330737 -27.85272492 -23.40223329
 -27.20318536 -16.15889165 -33.38634022 -25.83913563 -38.04821841]
scheduled_ues:  [ 1  2  3  4  5  6  7  8  9 10 11 12 13 14]
(1, 15, 1, 4, 1, 1)
caused INR: -6.801031301675657
TpsAltruisticFromLsfGain + IndividualEstimated_INR + -12.5
None
ls_gain_coeffs:
[-118.83931814 -150.58039338 -135.26427841 -148.69646607 -145.94762348
 -128.66316928 -134.09882917 -146.68300741 -138.84242497 -134.39193334
 -138.1928854  -127.1485917  -144.37604026 -136.82883567 -149.03791845]
inrs_hat:  [ -7.8496181  -39.59069334 -24.27457837 -37.70676603 -34.95792344
 -17.67346924 -23.10912912 -35.69330737 -27.85272492 -23.40223329
 -27.20318536 -16.15889165 -33.38634022 -25.83913563 -38.04821841]
scheduled_ues:  [ 1  2  3  4  5  6  7  8  9 10 11 12 13 14]
(1, 15, 1, 4, 1, 1)
caused INR: -6.801031301675657
TpsAltruisticFromLsfGain + IndividualEstimated_INR + -15.0
None
ls_gain_coeffs:
[-118.83931814 -150.58039338 -135.26427841 -148.69646607 -145.94762348
 -128.66316928 -134.09882917 -146.68300741 -138.84242497 -134.39193334
 -138.1928854  -127.1485917  -144.37604026 -136.82883567 -149.03791845]
inrs_hat:  [ -7.8496181  -39.59069334 -24.27457837 -37.70676603 -34.95792344
 -17.67346924 -23.10912912 -35.69330737 -27.85272492 -23.40223329
 -27.20318536 -16.15889165 -33.38634022 -25.83913563 -38.04821841]
scheduled_ues:  [ 1  2  3  4  5  6  7  8  9 10 11 12 13 14]
(1, 15, 1, 4, 1, 1)
caused INR: -6.801031301675657
TpsAltruisticFromLsfGain + CumulativeIndividualEstimated_INR + -10.0
None
(1, 15, 1, 4, 1, 1)
caused INR: -6.801031301675657
TpsAltruisticFromLsfGain + CumulativeIndividualEstimated_INR + -12.5
None
(1, 15, 1, 4, 1, 1)
caused INR: -13.465601890980196
TpsAltruisticFromLsfGain + CumulativeIndividualEstimated_INR + -15.0
None
(1, 15, 1, 4, 1, 1)
caused INR: -15.591902403159356
TpsRandomic + IndividualEstimated_INR + -10.0
None
ls_gain_coeffs:
[-114.72984866 -137.66663295 -117.8462265  -148.69646607 -145.19040022
 -128.66316928 -120.68920791 -136.42887993 -125.11761785 -121.82419602
 -121.63484671 -119.81609267 -144.37604026 -136.82883567 -144.68234522]
inrs_hat:  [ -3.74014862 -26.67693291  -6.85652646 -37.70676603 -34.20070017
 -17.67346924  -9.69950787 -25.43917988 -14.1279178  -10.83449598
 -10.64514666  -8.82639263 -33.38634022 -25.83913563 -33.69264517]
scheduled_ues:  [ 1  3  4  5  7  8  9 10 12 13 14]
(1, 15, 1, 4, 1, 1)
caused INR: -8.24053815962084
TpsRandomic + IndividualEstimated_INR + -12.5
None
ls_gain_coeffs:
[-105.02789498 -137.66663295 -135.26427841 -145.4851493  -133.25361573
 -128.66316928 -134.09882917 -129.88760601 -125.11761785 -117.74950197
 -123.86993256 -109.81865902 -134.06055403 -120.37440796 -144.68234522]
inrs_hat:  [  5.96180506 -26.67693291 -24.27457837 -34.49544926 -22.26391568
 -17.67346924 -23.10912912 -18.89790596 -14.1279178   -6.75980193
 -12.88023252   1.17104103 -23.07085398  -9.38470791 -33.69264517]
scheduled_ues:  [ 1  2  3  4  5  6  7  8 10 12 14]
(1, 15, 1, 4, 1, 1)
caused INR: -2.413041942357199
TpsRandomic + IndividualEstimated_INR + -15.0
None
ls_gain_coeffs:
[-103.65807182 -137.66663295 -117.8462265  -148.69646607 -133.00120797
 -114.59435973 -131.1947654  -135.78793209 -138.84242497 -117.74950197
 -123.86993256 -109.81865902 -127.48858792 -120.37440796 -135.14446071]
inrs_hat:  [  7.33162822 -26.67693291  -6.85652646 -37.70676603 -22.01150793
  -3.60465968 -20.20506535 -24.79823205 -27.85272492  -6.75980193
 -12.88023252   1.17104103 -16.49888787  -9.38470791 -24.15476066]
scheduled_ues:  [ 1  3  4  6  7  8 12 14]
(1, 15, 1, 4, 1, 1)
caused INR: -31.730459918420255
TpsRandomic + CumulativeIndividualEstimated_INR + -10.0
None
(1, 15, 1, 4, 1, 1)
caused INR: -13.835685884794797
TpsRandomic + CumulativeIndividualEstimated_INR + -12.5
None
(1, 15, 1, 4, 1, 1)
caused INR: -14.033567049544931
TpsRandomic + CumulativeIndividualEstimated_INR + -15.0
None
(1, 15, 1, 4, 1, 1)
caused INR: -16.721874768847368
Iteration number 92
TpsAltruisticFromLsfGain + IndividualEstimated_INR + -10.0
None
ls_gain_coeffs:
[-140.61529173 -147.77092532 -128.51930177 -139.24431831 -146.3297482
 -145.36739741 -122.9267948  -147.0883828  -150.27061523 -143.74300973
 -143.6524385  -137.43454633 -147.54401448 -133.53690535 -146.73715823]
inrs_hat:  [-29.62559169 -36.78122528 -17.52960173 -28.25461827 -35.34004815
 -34.37769737 -11.93709475 -36.09868275 -39.28091519 -32.75330968
 -32.66273846 -26.44484629 -36.55431444 -22.54720531 -35.74745819]
scheduled_ues:  [ 0  1  2  3  4  5  6  7  8  9 10 11 12 13 14]
(1, 15, 1, 4, 1, 1)
caused INR: -10.347495227400444
TpsAltruisticFromLsfGain + IndividualEstimated_INR + -12.5
None
ls_gain_coeffs:
[-140.61529173 -147.77092532 -128.51930177 -139.24431831 -146.3297482
 -145.36739741 -122.9267948  -147.0883828  -150.27061523 -143.74300973
 -143.6524385  -137.43454633 -147.54401448 -133.53690535 -146.73715823]
inrs_hat:  [-29.62559169 -36.78122528 -17.52960173 -28.25461827 -35.34004815
 -34.37769737 -11.93709475 -36.09868275 -39.28091519 -32.75330968
 -32.66273846 -26.44484629 -36.55431444 -22.54720531 -35.74745819]
scheduled_ues:  [ 0  1  2  3  4  5  7  8  9 10 11 12 13 14]
(1, 15, 1, 4, 1, 1)
caused INR: -22.85649120699906
TpsAltruisticFromLsfGain + IndividualEstimated_INR + -15.0
None
ls_gain_coeffs:
[-140.61529173 -147.77092532 -128.51930177 -139.24431831 -146.3297482
 -145.36739741 -122.9267948  -147.0883828  -150.27061523 -143.74300973
 -143.6524385  -137.43454633 -147.54401448 -133.53690535 -146.73715823]
inrs_hat:  [-29.62559169 -36.78122528 -17.52960173 -28.25461827 -35.34004815
 -34.37769737 -11.93709475 -36.09868275 -39.28091519 -32.75330968
 -32.66273846 -26.44484629 -36.55431444 -22.54720531 -35.74745819]
scheduled_ues:  [ 0  1  2  3  4  5  7  8  9 10 11 12 13 14]
(1, 15, 1, 4, 1, 1)
caused INR: -22.85649120699906
TpsAltruisticFromLsfGain + CumulativeIndividualEstimated_INR + -10.0
None
(1, 15, 1, 4, 1, 1)
caused INR: -10.347495227400444
TpsAltruisticFromLsfGain + CumulativeIndividualEstimated_INR + -12.5
None
(1, 15, 1, 4, 1, 1)
caused INR: -22.85649120699906
TpsAltruisticFromLsfGain + CumulativeIndividualEstimated_INR + -15.0
None
(1, 15, 1, 4, 1, 1)
caused INR: -22.85649120699906
TpsRandomic + IndividualEstimated_INR + -10.0
None
ls_gain_coeffs:
[-128.14317978 -137.60029984 -128.51930177 -139.24431831 -135.87392193
 -135.95615061 -108.74093617 -142.98012049 -136.95253924 -130.29186929
 -129.37463811 -132.14065131 -131.19326508 -116.00087679 -146.73715823]
inrs_hat:  [-17.15347973 -26.61059979 -17.52960173 -28.25461827 -24.88422189
 -24.96645057   2.24876388 -31.99042044 -25.96283919 -19.30216925
 -18.38493807 -21.15095127 -20.20356504  -5.01117674 -35.74745819]
scheduled_ues:  [ 0  1  2  3  4  5  7  8  9 10 11 12 14]
(1, 15, 1, 4, 1, 1)
caused INR: -7.57886435788416
TpsRandomic + IndividualEstimated_INR + -12.5
None
ls_gain_coeffs:
[-128.11266782 -137.60029984 -128.51930177 -126.77829877 -146.3297482
 -135.95615061 -116.10075653 -147.0883828  -148.95590124 -143.74300973
 -129.37463811 -132.14065131 -140.86280157 -121.36846537 -133.25644622]
inrs_hat:  [-17.12296778 -26.61059979 -17.52960173 -15.78859872 -35.34004815
 -24.96645057  -5.11105648 -36.09868275 -37.96620119 -32.75330968
 -18.38493807 -21.15095127 -29.87310153 -10.37876533 -22.26674618]
scheduled_ues:  [ 0  1  2  3  4  5  7  8  9 10 11 12 14]
(1, 15, 1, 4, 1, 1)
caused INR: -9.567546519688939
TpsRandomic + IndividualEstimated_INR + -15.0
None
ls_gain_coeffs:
[-140.61529173 -130.95601096 -115.01952486 -126.79050854 -135.70717394
 -145.36739741 -108.74093617 -131.90794126 -136.95253924 -143.74300973
 -129.37463811 -121.46368299 -147.54401448 -123.0748882  -145.17849021]
inrs_hat:  [-29.62559169 -19.96631092  -4.02982481 -15.8008085  -24.7174739
 -34.37769737   2.24876388 -20.91824121 -25.96283919 -32.75330968
 -18.38493807 -10.47398294 -36.55431444 -12.08518815 -34.18879017]
scheduled_ues:  [ 0  1  3  4  5  7  8  9 10 12 14]
(1, 15, 1, 4, 1, 1)
caused INR: -8.498045421838565
TpsRandomic + CumulativeIndividualEstimated_INR + -10.0
None
(1, 15, 1, 4, 1, 1)
caused INR: -12.219856741469254
TpsRandomic + CumulativeIndividualEstimated_INR + -12.5
None
(1, 15, 1, 4, 1, 1)
caused INR: -14.622768750445616
TpsRandomic + CumulativeIndividualEstimated_INR + -15.0
None
(1, 15, 1, 4, 1, 1)
caused INR: -14.178934418016706
Iteration number 93
TpsAltruisticFromLsfGain + IndividualEstimated_INR + -10.0
None
ls_gain_coeffs:
[-124.27235843 -134.34311226 -138.49463694 -125.18728516 -142.97730117
 -126.20063754 -130.89891496 -147.43325913 -110.12359817 -150.9504679
 -133.13254991 -118.3828086  -143.50264667 -136.06492681 -130.2810347 ]
inrs_hat:  [-13.28265839 -23.35341221 -27.50493689 -14.19758511 -31.98760112
 -15.2109375  -19.90921492 -36.44355908   0.86610188 -39.96076785
 -22.14284986  -7.39310856 -32.51294663 -25.07522677 -19.29133465]
scheduled_ues:  [ 0  1  2  3  4  5  6  7  9 10 12 13 14]
(1, 15, 1, 4, 1, 1)
caused INR: -11.085150892518381
TpsAltruisticFromLsfGain + IndividualEstimated_INR + -12.5
None
ls_gain_coeffs:
[-124.27235843 -134.34311226 -138.49463694 -125.18728516 -142.97730117
 -126.20063754 -130.89891496 -147.43325913 -110.12359817 -150.9504679
 -133.13254991 -118.3828086  -143.50264667 -136.06492681 -130.2810347 ]
inrs_hat:  [-13.28265839 -23.35341221 -27.50493689 -14.19758511 -31.98760112
 -15.2109375  -19.90921492 -36.44355908   0.86610188 -39.96076785
 -22.14284986  -7.39310856 -32.51294663 -25.07522677 -19.29133465]
scheduled_ues:  [ 0  1  2  3  4  5  6  7  9 10 12 13 14]
(1, 15, 1, 4, 1, 1)
caused INR: -11.085150892518381
TpsAltruisticFromLsfGain + IndividualEstimated_INR + -15.0
None
ls_gain_coeffs:
[-124.27235843 -134.34311226 -138.49463694 -125.18728516 -142.97730117
 -126.20063754 -130.89891496 -147.43325913 -110.12359817 -150.9504679
 -133.13254991 -118.3828086  -143.50264667 -136.06492681 -130.2810347 ]
inrs_hat:  [-13.28265839 -23.35341221 -27.50493689 -14.19758511 -31.98760112
 -15.2109375  -19.90921492 -36.44355908   0.86610188 -39.96076785
 -22.14284986  -7.39310856 -32.51294663 -25.07522677 -19.29133465]
scheduled_ues:  [ 1  2  4  5  6  7  9 10 12 13 14]
(1, 15, 1, 4, 1, 1)
caused INR: -10.550320044994365
TpsAltruisticFromLsfGain + CumulativeIndividualEstimated_INR + -10.0
None
(1, 15, 1, 4, 1, 1)
caused INR: -10.550320044994365
TpsAltruisticFromLsfGain + CumulativeIndividualEstimated_INR + -12.5
None
(1, 15, 1, 4, 1, 1)
caused INR: -22.973470800064064
TpsAltruisticFromLsfGain + CumulativeIndividualEstimated_INR + -15.0
None
(1, 15, 1, 4, 1, 1)
caused INR: -25.9638500910538
TpsRandomic + IndividualEstimated_INR + -10.0
None
ls_gain_coeffs:
[-123.71141569 -134.34311226 -122.08549765 -106.40091687 -138.35105921
 -116.5338021  -130.89891496 -133.54984063  -95.90636883 -142.60875285
 -126.12817133 -105.91211039 -130.21135964 -126.85349601 -114.59741808]
inrs_hat:  [-12.72171565 -23.35341221 -11.09579761   4.58878317 -27.36135916
  -5.54410206 -19.90921492 -22.56014059  15.08333122 -31.6190528
 -15.13847129   5.07758966 -19.2216596  -15.86379597  -3.60771804]
scheduled_ues:  [ 0  1  2  4  6  7  9 10 12 13]
(1, 15, 1, 4, 1, 1)
caused INR: -14.284680353176139
TpsRandomic + IndividualEstimated_INR + -12.5
None
ls_gain_coeffs:
[-111.64377752 -120.1129462  -138.49463694 -125.18728516 -128.99362051
 -108.96190521 -113.74279832 -133.54984063 -110.12359817 -134.43678313
 -126.12817133 -100.46928723 -130.21135964 -119.37543372 -114.59741808]
inrs_hat:  [ -0.65407748  -9.12324616 -27.50493689 -14.19758511 -18.00392047
   2.02779483  -2.75309828 -22.56014059   0.86610188 -23.44708308
 -15.13847129  10.52041281 -19.2216596   -8.38573367  -3.60771804]
scheduled_ues:  [ 2  3  4  7  9 10 12]
(1, 15, 1, 4, 1, 1)
caused INR: -11.15707592116511
TpsRandomic + IndividualEstimated_INR + -15.0
None
ls_gain_coeffs:
[-124.27235843 -120.1129462  -122.08549765 -125.18728516 -142.97730117
 -126.20063754 -113.74279832 -133.54984063 -104.79671014 -150.9504679
 -116.65756245 -100.46928723 -142.22811613 -119.37543372 -114.59741808]
inrs_hat:  [-13.28265839  -9.12324616 -11.09579761 -14.19758511 -31.98760112
 -15.2109375   -2.75309828 -22.56014059   6.1929899  -39.96076785
  -5.66786241  10.52041281 -31.23841608  -8.38573367  -3.60771804]
scheduled_ues:  [ 4  5  7  9 12]
(1, 15, 1, 4, 1, 1)
caused INR: -11.76024287411902
TpsRandomic + CumulativeIndividualEstimated_INR + -10.0
None
(1, 15, 1, 4, 1, 1)
caused INR: -15.651528414028563
TpsRandomic + CumulativeIndividualEstimated_INR + -12.5
None
(1, 15, 1, 4, 1, 1)
caused INR: -21.79875469851284
TpsRandomic + CumulativeIndividualEstimated_INR + -15.0
None
(1, 15, 1, 4, 1, 1)
caused INR: -10.844076805319586
Iteration number 94
TpsAltruisticFromLsfGain + IndividualEstimated_INR + -10.0
None
ls_gain_coeffs:
[-143.54912032 -150.07158388 -153.1564585  -137.12937004 -130.24843463
 -138.87780417 -147.23364372 -137.82701635 -143.92728171 -128.94791674
 -123.99151028 -126.75233332 -147.22807014 -147.45869345 -120.9309644 ]
inrs_hat:  [-32.55942028 -39.08188384 -42.16675846 -26.13967    -19.25873459
 -27.88810413 -36.24394368 -26.83731631 -32.93758166 -17.95821669
 -13.00181024 -15.76263328 -36.2383701  -36.46899341  -9.94126436]
scheduled_ues:  [ 0  1  2  3  4  5  6  7  8  9 10 11 12 13]
(1, 15, 1, 4, 1, 1)
caused INR: -16.631630916793544
TpsAltruisticFromLsfGain + IndividualEstimated_INR + -12.5
None
ls_gain_coeffs:
[-143.54912032 -150.07158388 -153.1564585  -137.12937004 -130.24843463
 -138.87780417 -147.23364372 -137.82701635 -143.92728171 -128.94791674
 -123.99151028 -126.75233332 -147.22807014 -147.45869345 -120.9309644 ]
inrs_hat:  [-32.55942028 -39.08188384 -42.16675846 -26.13967    -19.25873459
 -27.88810413 -36.24394368 -26.83731631 -32.93758166 -17.95821669
 -13.00181024 -15.76263328 -36.2383701  -36.46899341  -9.94126436]
scheduled_ues:  [ 0  1  2  3  4  5  6  7  8  9 10 11 12 13]
(1, 15, 1, 4, 1, 1)
caused INR: -16.631630916793544
TpsAltruisticFromLsfGain + IndividualEstimated_INR + -15.0
None
ls_gain_coeffs:
[-143.54912032 -150.07158388 -153.1564585  -137.12937004 -130.24843463
 -138.87780417 -147.23364372 -137.82701635 -143.92728171 -128.94791674
 -123.99151028 -126.75233332 -147.22807014 -147.45869345 -120.9309644 ]
inrs_hat:  [-32.55942028 -39.08188384 -42.16675846 -26.13967    -19.25873459
 -27.88810413 -36.24394368 -26.83731631 -32.93758166 -17.95821669
 -13.00181024 -15.76263328 -36.2383701  -36.46899341  -9.94126436]
scheduled_ues:  [ 0  1  2  3  4  5  6  7  8  9 11 12 13]
(1, 15, 1, 4, 1, 1)
caused INR: -15.735400767012923
TpsAltruisticFromLsfGain + CumulativeIndividualEstimated_INR + -10.0
None
(1, 15, 1, 4, 1, 1)
caused INR: -15.735400767012923
TpsAltruisticFromLsfGain + CumulativeIndividualEstimated_INR + -12.5
None
(1, 15, 1, 4, 1, 1)
caused INR: -21.803289939368785
TpsAltruisticFromLsfGain + CumulativeIndividualEstimated_INR + -15.0
None
(1, 15, 1, 4, 1, 1)
caused INR: -12.21016262551746
TpsRandomic + IndividualEstimated_INR + -10.0
None
ls_gain_coeffs:
[-143.54912032 -136.44905734 -153.1564585  -126.74354062 -112.80935585
 -125.03552438 -147.23364372 -121.1124152  -130.8911477  -110.70619722
 -122.60993055 -121.27317129 -139.30143682 -134.92754494 -120.9309644 ]
inrs_hat:  [-32.55942028 -25.4593573  -42.16675846 -15.75384057  -1.81965581
 -14.04582434 -36.24394368 -10.12271515 -19.90144766   0.28350283
 -11.62023051 -10.28347125 -28.31173678 -23.93784489  -9.94126436]
scheduled_ues:  [ 0  1  2  3  5  6  7  8 10 11 12 13]
(1, 15, 1, 4, 1, 1)
caused INR: -1.0514250899505098
TpsRandomic + IndividualEstimated_INR + -12.5
None
ls_gain_coeffs:
[-133.2406577  -136.44905734 -136.50924265 -137.12937004 -122.1694755
 -138.87780417 -147.23364372 -121.1124152  -136.02660122 -119.17476049
 -122.60993055 -126.75233332 -130.63743229 -134.92754494 -106.70428091]
inrs_hat:  [-22.25095765 -25.4593573  -25.51954261 -26.13967    -11.17977545
 -27.88810413 -36.24394368 -10.12271515 -25.03690118  -8.18506044
 -11.62023051 -15.76263328 -19.64773224 -23.93784489   4.28541913]
scheduled_ues:  [ 0  1  2  3  5  6  8 11 12 13]
(1, 15, 1, 4, 1, 1)
caused INR: -14.449435019129657
TpsRandomic + IndividualEstimated_INR + -15.0
None
ls_gain_coeffs:
[-143.54912032 -150.07158388 -144.01458412 -125.5460214  -130.24843463
 -122.75861951 -137.00922556 -121.1124152  -136.02660122 -119.17476049
 -123.99151028 -112.48434598 -130.63743229 -134.92754494 -120.9309644 ]
inrs_hat:  [-32.55942028 -39.08188384 -33.02488408 -14.55632136 -19.25873459
 -11.76891947 -26.01952552 -10.12271515 -25.03690118  -8.18506044
 -13.00181024  -1.49464594 -19.64773224 -23.93784489  -9.94126436]
scheduled_ues:  [ 0  1  2  4  6  8 12 13]
(1, 15, 1, 4, 1, 1)
caused INR: -5.863817485387304
TpsRandomic + CumulativeIndividualEstimated_INR + -10.0
None
(1, 15, 1, 4, 1, 1)
caused INR: -8.781638004985979
TpsRandomic + CumulativeIndividualEstimated_INR + -12.5
None
(1, 15, 1, 4, 1, 1)
caused INR: -14.66660893822336
TpsRandomic + CumulativeIndividualEstimated_INR + -15.0
None
(1, 15, 1, 4, 1, 1)
caused INR: -30.232611893229546
Iteration number 95
TpsAltruisticFromLsfGain + IndividualEstimated_INR + -10.0
None
ls_gain_coeffs:
[-143.62421118 -132.86970051 -146.22851215 -129.67855394 -148.9764001
 -130.85666006 -145.90621378 -124.75865381 -135.27724855 -121.44325015
 -139.73645911 -143.63368094 -140.27181707 -132.13765236 -138.3965942 ]
inrs_hat:  [-32.63451113 -21.88000047 -35.23881211 -18.6888539  -37.98670006
 -19.86696002 -34.91651374 -13.76895377 -24.28754851 -10.4535501
 -28.74675907 -32.6439809  -29.28211703 -21.14795232 -27.40689415]
scheduled_ues:  [ 0  1  2  3  4  5  6  7  8  9 10 11 12 13 14]
(1, 15, 1, 4, 1, 1)
caused INR: -4.832214204652335
TpsAltruisticFromLsfGain + IndividualEstimated_INR + -12.5
None
ls_gain_coeffs:
[-143.62421118 -132.86970051 -146.22851215 -129.67855394 -148.9764001
 -130.85666006 -145.90621378 -124.75865381 -135.27724855 -121.44325015
 -139.73645911 -143.63368094 -140.27181707 -132.13765236 -138.3965942 ]
inrs_hat:  [-32.63451113 -21.88000047 -35.23881211 -18.6888539  -37.98670006
 -19.86696002 -34.91651374 -13.76895377 -24.28754851 -10.4535501
 -28.74675907 -32.6439809  -29.28211703 -21.14795232 -27.40689415]
scheduled_ues:  [ 0  1  2  3  4  5  6  7  8 10 11 12 13 14]
(1, 15, 1, 4, 1, 1)
caused INR: -11.444726198671018
TpsAltruisticFromLsfGain + IndividualEstimated_INR + -15.0
None
ls_gain_coeffs:
[-143.62421118 -132.86970051 -146.22851215 -129.67855394 -148.9764001
 -130.85666006 -145.90621378 -124.75865381 -135.27724855 -121.44325015
 -139.73645911 -143.63368094 -140.27181707 -132.13765236 -138.3965942 ]
inrs_hat:  [-32.63451113 -21.88000047 -35.23881211 -18.6888539  -37.98670006
 -19.86696002 -34.91651374 -13.76895377 -24.28754851 -10.4535501
 -28.74675907 -32.6439809  -29.28211703 -21.14795232 -27.40689415]
scheduled_ues:  [ 0  1  2  3  4  5  6  8 10 11 12 13 14]
(1, 15, 1, 4, 1, 1)
caused INR: -8.497400760261801
TpsAltruisticFromLsfGain + CumulativeIndividualEstimated_INR + -10.0
None
(1, 15, 1, 4, 1, 1)
caused INR: -11.444726198671018
TpsAltruisticFromLsfGain + CumulativeIndividualEstimated_INR + -12.5
None
(1, 15, 1, 4, 1, 1)
caused INR: -8.497400760261801
TpsAltruisticFromLsfGain + CumulativeIndividualEstimated_INR + -15.0
None
(1, 15, 1, 4, 1, 1)
caused INR: -23.138148605675216
TpsRandomic + IndividualEstimated_INR + -10.0
None
ls_gain_coeffs:
[-126.81325921 -127.77025742 -146.22851215 -129.67855394 -133.23723382
 -117.20785102 -131.70288178 -112.43115363 -130.48445745 -121.44325015
 -133.65356804 -143.63368094 -133.87232813 -132.13765236 -138.3965942 ]
inrs_hat:  [-15.82355916 -16.78055738 -35.23881211 -18.6888539  -22.24753378
  -6.21815098 -20.71318174  -1.44145359 -19.4947574  -10.4535501
 -22.66386799 -32.6439809  -22.88262808 -21.14795232 -27.40689415]
scheduled_ues:  [ 0  1  2  3  4  6  8  9 10 11 12 13 14]
(1, 15, 1, 4, 1, 1)
caused INR: -5.859657022640532
TpsRandomic + IndividualEstimated_INR + -12.5
None
ls_gain_coeffs:
[-131.28957825 -127.77025742 -135.43334784 -112.13546424 -134.88601696
 -117.81145554 -131.70288178 -124.75865381 -119.64045448 -121.44325015
 -125.42314471 -143.63368094 -140.27181707 -125.80854249 -138.3965942 ]
inrs_hat:  [-20.29987821 -16.78055738 -24.4436478   -1.1457642  -23.89631692
  -6.8217555  -20.71318174 -13.76895377  -8.65075444 -10.4535501
 -14.43344467 -32.6439809  -29.28211703 -14.81884245 -27.40689415]
scheduled_ues:  [ 0  1  2  4  6  7 10 11 12 13 14]
(1, 15, 1, 4, 1, 1)
caused INR: -2.7369975899123222
TpsRandomic + IndividualEstimated_INR + -15.0
None
ls_gain_coeffs:
[-126.81325921 -127.77025742 -135.43334784 -129.67855394 -148.9764001
 -117.20785102 -140.62101777 -106.04868005 -121.23805152 -103.89751224
 -139.73645911 -133.77510362 -126.40790743 -125.80854249 -121.90789628]
inrs_hat:  [-15.82355916 -16.78055738 -24.4436478  -18.6888539  -37.98670006
  -6.21815098 -29.63131773   4.94101999 -10.24835147   7.0921878
 -28.74675907 -22.78540358 -15.41820739 -14.81884245 -10.91819624]
scheduled_ues:  [ 0  1  2  3  4  6 10 11 12]
(1, 15, 1, 4, 1, 1)
caused INR: -18.553216245386114
TpsRandomic + CumulativeIndividualEstimated_INR + -10.0
None
(1, 15, 1, 4, 1, 1)
caused INR: -5.900847772837794
TpsRandomic + CumulativeIndividualEstimated_INR + -12.5
None
(1, 15, 1, 4, 1, 1)
caused INR: -27.94285166602498
TpsRandomic + CumulativeIndividualEstimated_INR + -15.0
None
(1, 15, 1, 4, 1, 1)
caused INR: -20.52362675588981
Iteration number 96
TpsAltruisticFromLsfGain + IndividualEstimated_INR + -10.0
None
ls_gain_coeffs:
[-136.70218281 -140.02987435 -132.02190434 -148.48217042 -139.65176079
 -130.23328218 -142.66080124 -145.91534232 -129.63974366 -145.62401712
 -148.27256913 -129.87838722 -124.88998846 -133.87749222 -143.4162627 ]
inrs_hat:  [-25.71248277 -29.0401743  -21.0322043  -37.49247037 -28.66206075
 -19.24358214 -31.6711012  -34.92564227 -18.65004362 -34.63431708
 -37.28286908 -18.88868717 -13.90028842 -22.88779217 -32.42656266]
scheduled_ues:  [ 0  1  2  3  4  5  6  7  8  9 10 11 12 13 14]
(1, 15, 1, 4, 1, 1)
caused INR: -6.395297517992922
TpsAltruisticFromLsfGain + IndividualEstimated_INR + -12.5
None
ls_gain_coeffs:
[-136.70218281 -140.02987435 -132.02190434 -148.48217042 -139.65176079
 -130.23328218 -142.66080124 -145.91534232 -129.63974366 -145.62401712
 -148.27256913 -129.87838722 -124.88998846 -133.87749222 -143.4162627 ]
inrs_hat:  [-25.71248277 -29.0401743  -21.0322043  -37.49247037 -28.66206075
 -19.24358214 -31.6711012  -34.92564227 -18.65004362 -34.63431708
 -37.28286908 -18.88868717 -13.90028842 -22.88779217 -32.42656266]
scheduled_ues:  [ 0  1  2  3  4  5  6  7  8  9 10 11 12 13 14]
(1, 15, 1, 4, 1, 1)
caused INR: -6.395297517992922
TpsAltruisticFromLsfGain + IndividualEstimated_INR + -15.0
None
ls_gain_coeffs:
[-136.70218281 -140.02987435 -132.02190434 -148.48217042 -139.65176079
 -130.23328218 -142.66080124 -145.91534232 -129.63974366 -145.62401712
 -148.27256913 -129.87838722 -124.88998846 -133.87749222 -143.4162627 ]
inrs_hat:  [-25.71248277 -29.0401743  -21.0322043  -37.49247037 -28.66206075
 -19.24358214 -31.6711012  -34.92564227 -18.65004362 -34.63431708
 -37.28286908 -18.88868717 -13.90028842 -22.88779217 -32.42656266]
scheduled_ues:  [ 0  1  2  3  4  5  6  7  8  9 10 11 13 14]
(1, 15, 1, 4, 1, 1)
caused INR: -6.346880919231454
TpsAltruisticFromLsfGain + CumulativeIndividualEstimated_INR + -10.0
None
(1, 15, 1, 4, 1, 1)
caused INR: -6.395297517992922
TpsAltruisticFromLsfGain + CumulativeIndividualEstimated_INR + -12.5
None
(1, 15, 1, 4, 1, 1)
caused INR: -8.519998528872897
TpsAltruisticFromLsfGain + CumulativeIndividualEstimated_INR + -15.0
None
(1, 15, 1, 4, 1, 1)
caused INR: -18.979351568306573
TpsRandomic + IndividualEstimated_INR + -10.0
None
ls_gain_coeffs:
[-119.54352984 -128.65949793 -116.12770618 -146.04086779 -139.65176079
 -130.23328218 -129.32754335 -145.91534232 -113.06012469 -132.90082262
 -142.59592246 -116.91678328 -107.99483118 -133.87749222 -136.80009708]
inrs_hat:  [ -8.5538298  -17.66979788  -5.13800614 -35.05116775 -28.66206075
 -19.24358214 -18.33784331 -34.92564227  -2.07042465 -21.91112258
 -31.60622241  -5.92708323   2.99486886 -22.88779217 -25.81039704]
scheduled_ues:  [ 1  3  4  5  6  7  9 10 13 14]
(1, 15, 1, 4, 1, 1)
caused INR: -9.04771798354046
TpsRandomic + IndividualEstimated_INR + -12.5
None
ls_gain_coeffs:
[-125.43293767 -128.65949793 -126.8430071  -148.48217042 -122.83077905
 -120.5464239  -142.66080124 -132.95259483 -115.12913418 -133.04161987
 -132.25622692 -116.91678328 -107.99483118 -116.37526612 -143.4162627 ]
inrs_hat:  [-14.44323762 -17.66979788 -15.85330706 -37.49247037 -11.84107901
  -9.55672385 -31.6711012  -21.96289479  -4.13943413 -22.05191983
 -21.26652688  -5.92708323   2.99486886  -5.38556607 -32.42656266]
scheduled_ues:  [ 0  1  2  3  6  7  9 10 14]
(1, 15, 1, 4, 1, 1)
caused INR: -17.0335549360688
TpsRandomic + IndividualEstimated_INR + -15.0
None
ls_gain_coeffs:
[-125.43293767 -123.08226899 -117.85400526 -148.48217042 -122.83077905
 -112.26081572 -142.66080124 -132.95259483 -129.63974366 -133.04161987
 -134.35813139 -129.87838722 -111.28655713 -133.87749222 -143.4162627 ]
inrs_hat:  [-14.44323762 -12.09256895  -6.86430522 -37.49247037 -11.84107901
  -1.27111567 -31.6711012  -21.96289479 -18.65004362 -22.05191983
 -23.36843135 -18.88868717  -0.29685709 -22.88779217 -32.42656266]
scheduled_ues:  [ 3  6  7  8  9 10 11 13 14]
(1, 15, 1, 4, 1, 1)
caused INR: -9.410910606449299
TpsRandomic + CumulativeIndividualEstimated_INR + -10.0
None
(1, 15, 1, 4, 1, 1)
caused INR: -11.47630706213564
TpsRandomic + CumulativeIndividualEstimated_INR + -12.5
None
(1, 15, 1, 4, 1, 1)
caused INR: -28.44052958121353
TpsRandomic + CumulativeIndividualEstimated_INR + -15.0
None
(1, 15, 1, 4, 1, 1)
caused INR: -18.49983270409817
Iteration number 97
TpsAltruisticFromLsfGain + IndividualEstimated_INR + -10.0
None
ls_gain_coeffs:
[-124.93329562 -122.07035593 -137.46576505 -122.44628257 -151.31525226
 -144.83062693 -124.25993542 -130.92480224 -128.3668083  -124.17383135
 -141.13151863 -148.60545953 -149.13964489 -144.60871014 -133.35061775]
inrs_hat:  [-13.94359557 -11.08065588 -26.47606501 -11.45658253 -40.32555222
 -33.84092688 -13.27023538 -19.93510219 -17.37710826 -13.18413131
 -30.14181859 -37.61575949 -38.14994485 -33.61901009 -22.3609177 ]
scheduled_ues:  [ 0  1  2  3  4  5  6  7  8  9 10 11 12 13 14]
(1, 15, 1, 4, 1, 1)
caused INR: -11.010195148820305
TpsAltruisticFromLsfGain + IndividualEstimated_INR + -12.5
None
ls_gain_coeffs:
[-124.93329562 -122.07035593 -137.46576505 -122.44628257 -151.31525226
 -144.83062693 -124.25993542 -130.92480224 -128.3668083  -124.17383135
 -141.13151863 -148.60545953 -149.13964489 -144.60871014 -133.35061775]
inrs_hat:  [-13.94359557 -11.08065588 -26.47606501 -11.45658253 -40.32555222
 -33.84092688 -13.27023538 -19.93510219 -17.37710826 -13.18413131
 -30.14181859 -37.61575949 -38.14994485 -33.61901009 -22.3609177 ]
scheduled_ues:  [ 0  2  4  5  6  7  8  9 10 11 12 13 14]
(1, 15, 1, 4, 1, 1)
caused INR: -17.17983994857996
TpsAltruisticFromLsfGain + IndividualEstimated_INR + -15.0
None
ls_gain_coeffs:
[-124.93329562 -122.07035593 -137.46576505 -122.44628257 -151.31525226
 -144.83062693 -124.25993542 -130.92480224 -128.3668083  -124.17383135
 -141.13151863 -148.60545953 -149.13964489 -144.60871014 -133.35061775]
inrs_hat:  [-13.94359557 -11.08065588 -26.47606501 -11.45658253 -40.32555222
 -33.84092688 -13.27023538 -19.93510219 -17.37710826 -13.18413131
 -30.14181859 -37.61575949 -38.14994485 -33.61901009 -22.3609177 ]
scheduled_ues:  [ 2  4  5  7  8 10 11 12 13 14]
(1, 15, 1, 4, 1, 1)
caused INR: -23.642536480880132
TpsAltruisticFromLsfGain + CumulativeIndividualEstimated_INR + -10.0
None
(1, 15, 1, 4, 1, 1)
caused INR: -33.72067608325578
TpsAltruisticFromLsfGain + CumulativeIndividualEstimated_INR + -12.5
None
(1, 15, 1, 4, 1, 1)
caused INR: -23.642536480880132
TpsAltruisticFromLsfGain + CumulativeIndividualEstimated_INR + -15.0
None
(1, 15, 1, 4, 1, 1)
caused INR: -21.106419769437736
TpsRandomic + IndividualEstimated_INR + -10.0
None
ls_gain_coeffs:
[-107.83532003 -122.07035593 -123.74384094 -108.64181144 -143.6350376
 -130.94198303 -124.25993542 -130.92480224 -128.3668083  -124.17383135
 -141.13151863 -134.09230983 -141.2176656  -132.83728471 -121.62897801]
inrs_hat:  [  3.15438002 -11.08065588 -12.75414089   2.34788861 -32.64533756
 -19.95228298 -13.27023538 -19.93510219 -17.37710826 -13.18413131
 -30.14181859 -23.10260979 -30.22796556 -21.84758466 -10.63927797]
scheduled_ues:  [ 1  2  4  5  6  7  8  9 10 11 12 13 14]
(1, 15, 1, 4, 1, 1)
caused INR: -1.7575770681910168
TpsRandomic + IndividualEstimated_INR + -12.5
None
ls_gain_coeffs:
[-107.83532003 -102.51890957 -122.46351682 -108.64181144 -151.31525226
 -138.51716705 -124.25993542 -116.12568011 -113.45403389 -124.17383135
 -124.11900913 -135.12808468 -149.13964489 -144.60871014 -115.77260131]
inrs_hat:  [  3.15438002   8.47079047 -11.47381677   2.34788861 -40.32555222
 -27.52746701 -13.27023538  -5.13598007  -2.46433385 -13.18413131
 -13.12930909 -24.13838464 -38.14994485 -33.61901009  -4.78290127]
scheduled_ues:  [ 4  5  6  9 10 11 12 13]
(1, 15, 1, 4, 1, 1)
caused INR: -14.649493125280229
TpsRandomic + IndividualEstimated_INR + -15.0
None
ls_gain_coeffs:
[-114.97480325 -107.81409787 -123.74384094 -118.35766917 -134.89420876
 -128.50877504 -113.77171261 -116.12568011 -128.3668083  -122.21103587
 -129.20633067 -134.09230983 -141.2176656  -132.83728471 -133.35061775]
inrs_hat:  [ -3.98510321   3.17560217 -12.75414089  -7.36796913 -23.90450871
 -17.519075    -2.78201257  -5.13598007 -17.37710826 -11.22133582
 -18.21663063 -23.10260979 -30.22796556 -21.84758466 -22.3609177 ]
scheduled_ues:  [ 4  5  8 10 11 12 13 14]
(1, 15, 1, 4, 1, 1)
caused INR: -16.56630584598069
TpsRandomic + CumulativeIndividualEstimated_INR + -10.0
None
(1, 15, 1, 4, 1, 1)
caused INR: -17.629920875879247
TpsRandomic + CumulativeIndividualEstimated_INR + -12.5
None
(1, 15, 1, 4, 1, 1)
caused INR: -25.132042685438442
TpsRandomic + CumulativeIndividualEstimated_INR + -15.0
None
(1, 15, 1, 4, 1, 1)
caused INR: -30.633388969728728
Iteration number 98
TpsAltruisticFromLsfGain + IndividualEstimated_INR + -10.0
None
ls_gain_coeffs:
[-146.36785869 -139.03180504 -136.03288632 -127.11755056 -150.08956855
 -112.95147451 -142.57952334 -133.0642418  -132.50870822 -134.30388058
 -148.80219335 -125.95267346 -144.91125616 -140.20598811 -128.90013057]
inrs_hat:  [-35.37815865 -28.042105   -25.04318628 -16.12785051 -39.0998685
  -1.96177446 -31.5898233  -22.07454176 -21.51900818 -23.31418053
 -37.8124933  -14.96297341 -33.92155612 -29.21628807 -17.91043053]
scheduled_ues:  [ 0  1  2  3  4  6  7  8  9 10 11 12 13 14]
(1, 15, 1, 4, 1, 1)
caused INR: -21.267556404215252
TpsAltruisticFromLsfGain + IndividualEstimated_INR + -12.5
None
ls_gain_coeffs:
[-146.36785869 -139.03180504 -136.03288632 -127.11755056 -150.08956855
 -112.95147451 -142.57952334 -133.0642418  -132.50870822 -134.30388058
 -148.80219335 -125.95267346 -144.91125616 -140.20598811 -128.90013057]
inrs_hat:  [-35.37815865 -28.042105   -25.04318628 -16.12785051 -39.0998685
  -1.96177446 -31.5898233  -22.07454176 -21.51900818 -23.31418053
 -37.8124933  -14.96297341 -33.92155612 -29.21628807 -17.91043053]
scheduled_ues:  [ 0  1  2  3  4  6  7  8  9 10 11 12 13 14]
(1, 15, 1, 4, 1, 1)
caused INR: -21.267556404215252
TpsAltruisticFromLsfGain + IndividualEstimated_INR + -15.0
None
ls_gain_coeffs:
[-146.36785869 -139.03180504 -136.03288632 -127.11755056 -150.08956855
 -112.95147451 -142.57952334 -133.0642418  -132.50870822 -134.30388058
 -148.80219335 -125.95267346 -144.91125616 -140.20598811 -128.90013057]
inrs_hat:  [-35.37815865 -28.042105   -25.04318628 -16.12785051 -39.0998685
  -1.96177446 -31.5898233  -22.07454176 -21.51900818 -23.31418053
 -37.8124933  -14.96297341 -33.92155612 -29.21628807 -17.91043053]
scheduled_ues:  [ 0  1  2  3  4  6  7  8  9 10 12 13 14]
(1, 15, 1, 4, 1, 1)
caused INR: -20.553579383013975
TpsAltruisticFromLsfGain + CumulativeIndividualEstimated_INR + -10.0
None
(1, 15, 1, 4, 1, 1)
caused INR: -21.267556404215252
TpsAltruisticFromLsfGain + CumulativeIndividualEstimated_INR + -12.5
None
(1, 15, 1, 4, 1, 1)
caused INR: -18.93873741831695
TpsAltruisticFromLsfGain + CumulativeIndividualEstimated_INR + -15.0
None
(1, 15, 1, 4, 1, 1)
caused INR: -13.083682166188726
TpsRandomic + IndividualEstimated_INR + -10.0
None
ls_gain_coeffs:
[-137.84811338 -134.76105574 -136.03288632 -111.20134237 -147.18122623
  -99.07485045 -142.57952334 -120.87745744 -120.20805598 -133.44598831
 -135.41994219 -112.05094171 -144.91125616 -126.83067999 -118.17843785]
inrs_hat:  [-26.85841333 -23.7713557  -25.04318628  -0.21164232 -36.19152618
  11.91484959 -31.5898233   -9.8877574   -9.21835594 -22.45628827
 -24.43024215  -1.06124166 -33.92155612 -15.84097995  -7.1887378 ]
scheduled_ues:  [ 0  1  2  4  6  9 10 12 13]
(1, 15, 1, 4, 1, 1)
caused INR: -10.910910347657154
TpsRandomic + IndividualEstimated_INR + -12.5
None
ls_gain_coeffs:
[-146.36785869 -125.16662194 -129.93948249 -121.90563827 -150.08956855
 -112.95147451 -125.66917099 -120.87745744 -114.04197291 -133.44598831
 -135.41994219 -121.5722782  -132.5058264  -123.543103   -111.87098662]
inrs_hat:  [-35.37815865 -14.1769219  -18.94978244 -10.91593823 -39.0998685
  -1.96177446 -14.67947095  -9.8877574   -3.05227287 -22.45628827
 -24.43024215 -10.58257816 -21.51612635 -12.55340296  -0.88128658]
scheduled_ues:  [ 0  1  2  4  6  9 10 12 13]
(1, 15, 1, 4, 1, 1)
caused INR: -26.70556366718582
TpsRandomic + IndividualEstimated_INR + -15.0
None
ls_gain_coeffs:
[-137.84811338 -134.76105574 -119.66322426 -127.11755056 -147.18122623
  -97.63982639 -142.57952334 -133.0642418  -120.31748984 -121.57631649
 -135.41994219 -125.95267346 -127.97061505 -123.543103   -111.87098662]
inrs_hat:  [-26.85841333 -23.7713557   -8.67352421 -16.12785051 -36.19152618
  13.34987365 -31.5898233  -22.07454176  -9.3277898  -10.58661644
 -24.43024215 -14.96297341 -16.98091501 -12.55340296  -0.88128658]
scheduled_ues:  [ 0  1  3  4  6  7 10 12]
(1, 15, 1, 4, 1, 1)
caused INR: -9.030071016805945
TpsRandomic + CumulativeIndividualEstimated_INR + -10.0
None
(1, 15, 1, 4, 1, 1)
caused INR: -11.225824050618161
TpsRandomic + CumulativeIndividualEstimated_INR + -12.5
None
(1, 15, 1, 4, 1, 1)
caused INR: -17.524549434597716
TpsRandomic + CumulativeIndividualEstimated_INR + -15.0
None
(1, 15, 1, 4, 1, 1)
caused INR: -18.097758763711518
Iteration number 99
TpsAltruisticFromLsfGain + IndividualEstimated_INR + -10.0
None
ls_gain_coeffs:
[-140.87284305 -148.12954372 -147.12916371 -143.9279775  -111.17998277
 -147.39459183 -143.02548728 -133.96923438 -142.79844391 -120.1782278
 -121.61895628 -130.95023005 -140.00692769 -147.13264235 -143.6806044 ]
inrs_hat:  [-29.88314301 -37.13984368 -36.13946367 -32.93827745  -0.19028272
 -36.40489179 -32.03578724 -22.97953434 -31.80874386  -9.18852775
 -10.62925623 -19.96053001 -29.01722765 -36.14294231 -32.69090435]
scheduled_ues:  [ 0  1  2  3  5  6  7  8 10 11 12 13 14]
(1, 15, 1, 4, 1, 1)
caused INR: -6.1385997803763335
TpsAltruisticFromLsfGain + IndividualEstimated_INR + -12.5
None
ls_gain_coeffs:
[-140.87284305 -148.12954372 -147.12916371 -143.9279775  -111.17998277
 -147.39459183 -143.02548728 -133.96923438 -142.79844391 -120.1782278
 -121.61895628 -130.95023005 -140.00692769 -147.13264235 -143.6806044 ]
inrs_hat:  [-29.88314301 -37.13984368 -36.13946367 -32.93827745  -0.19028272
 -36.40489179 -32.03578724 -22.97953434 -31.80874386  -9.18852775
 -10.62925623 -19.96053001 -29.01722765 -36.14294231 -32.69090435]
scheduled_ues:  [ 0  1  2  3  5  6  7  8 11 12 13 14]
(1, 15, 1, 4, 1, 1)
caused INR: -16.29694519985556
TpsAltruisticFromLsfGain + IndividualEstimated_INR + -15.0
None
ls_gain_coeffs:
[-140.87284305 -148.12954372 -147.12916371 -143.9279775  -111.17998277
 -147.39459183 -143.02548728 -133.96923438 -142.79844391 -120.1782278
 -121.61895628 -130.95023005 -140.00692769 -147.13264235 -143.6806044 ]
inrs_hat:  [-29.88314301 -37.13984368 -36.13946367 -32.93827745  -0.19028272
 -36.40489179 -32.03578724 -22.97953434 -31.80874386  -9.18852775
 -10.62925623 -19.96053001 -29.01722765 -36.14294231 -32.69090435]
scheduled_ues:  [ 0  1  2  3  5  6  7  8 11 12 13 14]
(1, 15, 1, 4, 1, 1)
caused INR: -16.29694519985556
TpsAltruisticFromLsfGain + CumulativeIndividualEstimated_INR + -10.0
None
(1, 15, 1, 4, 1, 1)
caused INR: -16.29694519985556
TpsAltruisticFromLsfGain + CumulativeIndividualEstimated_INR + -12.5
None
(1, 15, 1, 4, 1, 1)
caused INR: -16.29694519985556
TpsAltruisticFromLsfGain + CumulativeIndividualEstimated_INR + -15.0
None
(1, 15, 1, 4, 1, 1)
caused INR: -16.29694519985556
TpsRandomic + IndividualEstimated_INR + -10.0
None
ls_gain_coeffs:
[-140.87284305 -137.11976417 -147.12916371 -143.9279775  -111.17998277
 -138.87641248 -143.02548728 -133.96923438 -130.17169861 -107.6627085
 -101.12131873 -130.95023005 -122.86444053 -147.13264235 -129.80394014]
inrs_hat:  [-29.88314301 -26.13006412 -36.13946367 -32.93827745  -0.19028272
 -27.88671244 -32.03578724 -22.97953434 -19.18199857   3.32699155
   9.86838132 -19.96053001 -11.87474049 -36.14294231 -18.8142401 ]
scheduled_ues:  [ 0  1  2  3  5  6  7  8 11 12 13 14]
(1, 15, 1, 4, 1, 1)
caused INR: -7.9229891034807585
TpsRandomic + IndividualEstimated_INR + -12.5
None
ls_gain_coeffs:
[-140.87284305 -137.11976417 -133.71788427 -136.42842176  -97.45609725
 -135.06998776 -129.75205955 -125.95898676 -134.31252764 -107.6627085
 -121.61895628 -122.10406684 -122.86444053 -143.07757104 -143.6806044 ]
inrs_hat:  [-29.88314301 -26.13006412 -22.72818422 -25.43872171  13.53360279
 -24.08028771 -18.7623595  -14.96928672 -23.3228276    3.32699155
 -10.62925623 -11.1143668  -11.87474049 -32.087871   -32.69090435]
scheduled_ues:  [ 0  1  2  3  5  6  7  8 13 14]
(1, 15, 1, 4, 1, 1)
caused INR: -17.804070334640784
TpsRandomic + IndividualEstimated_INR + -15.0
None
ls_gain_coeffs:
[-124.23823545 -137.11976417 -144.22012537 -143.9279775  -111.17998277
 -138.87641248 -135.48553583 -125.95898676 -130.17169861 -110.10692683
 -109.53489995 -117.64536402 -140.00692769 -147.13264235 -143.6806044 ]
inrs_hat:  [-13.2485354  -26.13006412 -33.23042533 -32.93827745  -0.19028272
 -27.88671244 -24.49583579 -14.96928672 -19.18199857   0.88277321
   1.45480009  -6.65566397 -29.01722765 -36.14294231 -32.69090435]
scheduled_ues:  [ 1  2  3  5  6  8 12 13 14]
(1, 15, 1, 4, 1, 1)
caused INR: -14.330541320780924
TpsRandomic + CumulativeIndividualEstimated_INR + -10.0
None
(1, 15, 1, 4, 1, 1)
caused INR: -6.845513715414215
TpsRandomic + CumulativeIndividualEstimated_INR + -12.5
None
(1, 15, 1, 4, 1, 1)
caused INR: -12.666983912521337
TpsRandomic + CumulativeIndividualEstimated_INR + -15.0
None
(1, 15, 1, 4, 1, 1)
caused INR: -22.15803133904835
Iteration number 100
TpsAltruisticFromLsfGain + IndividualEstimated_INR + -10.0
None
ls_gain_coeffs:
[-131.12590002 -152.25452355 -143.35080572 -129.26362517 -110.79672504
 -136.91904501 -132.86642374 -147.8196078  -137.65066079 -150.26903756
 -134.19964853 -125.69145775 -137.37958878 -145.87396338 -142.79341392]
inrs_hat:  [-20.13619998 -41.2648235  -32.36110567 -18.27392512   0.19297501
 -25.92934496 -21.8767237  -36.82990776 -26.66096075 -39.27933752
 -23.20994849 -14.7017577  -26.38988873 -34.88426334 -31.80371388]
scheduled_ues:  [ 0  1  2  3  5  6  7  8  9 10 11 12 13 14]
(1, 15, 1, 4, 1, 1)
caused INR: -7.278567601417749
TpsAltruisticFromLsfGain + IndividualEstimated_INR + -12.5
None
ls_gain_coeffs:
[-131.12590002 -152.25452355 -143.35080572 -129.26362517 -110.79672504
 -136.91904501 -132.86642374 -147.8196078  -137.65066079 -150.26903756
 -134.19964853 -125.69145775 -137.37958878 -145.87396338 -142.79341392]
inrs_hat:  [-20.13619998 -41.2648235  -32.36110567 -18.27392512   0.19297501
 -25.92934496 -21.8767237  -36.82990776 -26.66096075 -39.27933752
 -23.20994849 -14.7017577  -26.38988873 -34.88426334 -31.80371388]
scheduled_ues:  [ 0  1  2  3  5  6  7  8  9 10 11 12 13 14]
(1, 15, 1, 4, 1, 1)
caused INR: -7.278567601417749
TpsAltruisticFromLsfGain + IndividualEstimated_INR + -15.0
None
ls_gain_coeffs:
[-131.12590002 -152.25452355 -143.35080572 -129.26362517 -110.79672504
 -136.91904501 -132.86642374 -147.8196078  -137.65066079 -150.26903756
 -134.19964853 -125.69145775 -137.37958878 -145.87396338 -142.79341392]
inrs_hat:  [-20.13619998 -41.2648235  -32.36110567 -18.27392512   0.19297501
 -25.92934496 -21.8767237  -36.82990776 -26.66096075 -39.27933752
 -23.20994849 -14.7017577  -26.38988873 -34.88426334 -31.80371388]
scheduled_ues:  [ 0  1  2  3  5  6  7  8  9 10 12 13 14]
(1, 15, 1, 4, 1, 1)
caused INR: -8.65370603847971
TpsAltruisticFromLsfGain + CumulativeIndividualEstimated_INR + -10.0
None
(1, 15, 1, 4, 1, 1)
caused INR: -7.278567601417749
TpsAltruisticFromLsfGain + CumulativeIndividualEstimated_INR + -12.5
None
(1, 15, 1, 4, 1, 1)
caused INR: -8.65370603847971
TpsAltruisticFromLsfGain + CumulativeIndividualEstimated_INR + -15.0
None
(1, 15, 1, 4, 1, 1)
caused INR: -9.115474290765189
TpsRandomic + IndividualEstimated_INR + -10.0
None
ls_gain_coeffs:
[-130.5922816  -141.73312913 -127.20680018 -114.04888257  -92.11149865
 -123.94014732 -119.88435616 -133.92615982 -128.40243233 -133.85179151
 -122.84891965 -125.69145775 -135.98160137 -145.87396338 -129.85291409]
inrs_hat:  [-19.60258156 -30.74342909 -16.21710014  -3.05918253  18.8782014
 -12.95044728  -8.89465611 -22.93645977 -17.41273228 -22.86209147
 -11.85921961 -14.7017577  -24.99190133 -34.88426334 -18.86321405]
scheduled_ues:  [ 0  1  2  5  7  8  9 10 11 12 13 14]
(1, 15, 1, 4, 1, 1)
caused INR: -23.19065968989542
TpsRandomic + IndividualEstimated_INR + -12.5
None
ls_gain_coeffs:
[-118.32855441 -141.85493151 -137.69233693 -114.04888257 -101.43128545
 -123.40284964 -123.77700494 -132.47431183 -137.65066079 -150.26903756
 -134.19964853 -125.69145775 -124.47199297 -131.53207412 -142.79341392]
inrs_hat:  [ -7.33885437 -30.86523147 -26.70263689  -3.05918253   9.55841459
 -12.4131496  -12.78730489 -21.48461179 -26.66096075 -39.27933752
 -23.20994849 -14.7017577  -13.48229293 -20.54237408 -31.80371388]
scheduled_ues:  [ 1  2  6  7  8  9 10 11 12 13 14]
(1, 15, 1, 4, 1, 1)
caused INR: -9.668157179162463
TpsRandomic + IndividualEstimated_INR + -15.0
None
ls_gain_coeffs:
[-131.12590002 -141.73312913 -129.16286343 -125.10391128 -101.43128545
 -123.94014732 -123.77700494 -133.92615982 -137.65066079 -150.26903756
 -123.7632749  -112.41840819 -137.37958878 -131.53207412 -129.85291409]
inrs_hat:  [-20.13619998 -30.74342909 -18.17316339 -14.11421123   9.55841459
 -12.95044728 -12.78730489 -22.93645977 -26.66096075 -39.27933752
 -12.77357486  -1.42870815 -26.38988873 -20.54237408 -18.86321405]
scheduled_ues:  [ 0  1  2  7  8  9 12 13 14]
(1, 15, 1, 4, 1, 1)
caused INR: -18.907270727096993
TpsRandomic + CumulativeIndividualEstimated_INR + -10.0
None
(1, 15, 1, 4, 1, 1)
caused INR: -16.862695365872924
TpsRandomic + CumulativeIndividualEstimated_INR + -12.5
None
(1, 15, 1, 4, 1, 1)
caused INR: -40.626386999681465
TpsRandomic + CumulativeIndividualEstimated_INR + -15.0
None
(1, 15, 1, 4, 1, 1)
caused INR: -27.3023111930852
Job ended at Tue Sep 22 05:25:17 PM UTC 2026
