Job started at Tue Sep 22 04:30:49 PM UTC 2026
source/physical/large_scale_fading.py
source/physical/channel.py
source/physical/antenna_pattern.py
source/physical/antenna_pattern.py
source/physical/large_scale_fading.py
source/physical/channel.py
source/physical/spatial_correlation.py
source/channel_estimation.py
source/physical/antenna_pattern.py
source/physical/antenna_pattern.py
source/geometry/coordinates.py
source/geometry/coordinates.py
source/geometry/sectorization.py
source/geometry/sectorization.py
source/beamforming.py
source/beamforming.py
Iteration number 1
TpsAltruisticFromLsfGain + IndividualEstimated_INR + -10.0
None
ls_gain_coeffs:
[-121.62972933 -143.97700797 -137.71583152 -122.63713542 -139.98783804
 -140.58324695 -134.48652966 -146.81360918 -148.55880761 -144.81493636
 -136.52862277 -140.50777329 -145.67379681 -144.72845566 -135.43461993]
inrs_hat:  [-10.64002929 -32.98730793 -26.72613147 -11.64743537 -28.99813799
 -29.5935469  -23.49682962 -35.82390914 -37.56910757 -33.82523632
 -25.53892273 -29.51807325 -34.68409676 -33.73875562 -24.44491989]
scheduled_ues:  [ 0  1  2  3  4  5  6  7  8  9 10 11 12 13 14]
(1, 15, 1, 4, 1, 1)
caused INR: -8.013926346132422
TpsAltruisticFromLsfGain + IndividualEstimated_INR + -12.5
None
ls_gain_coeffs:
[-121.62972933 -143.97700797 -137.71583152 -122.63713542 -139.98783804
 -140.58324695 -134.48652966 -146.81360918 -148.55880761 -144.81493636
 -136.52862277 -140.50777329 -145.67379681 -144.72845566 -135.43461993]
inrs_hat:  [-10.64002929 -32.98730793 -26.72613147 -11.64743537 -28.99813799
 -29.5935469  -23.49682962 -35.82390914 -37.56910757 -33.82523632
 -25.53892273 -29.51807325 -34.68409676 -33.73875562 -24.44491989]
scheduled_ues:  [ 1  2  4  5  6  7  8  9 10 11 12 13 14]
(1, 15, 1, 4, 1, 1)
caused INR: -17.660619508983714
TpsAltruisticFromLsfGain + IndividualEstimated_INR + -15.0
None
ls_gain_coeffs:
[-121.62972933 -143.97700797 -137.71583152 -122.63713542 -139.98783804
 -140.58324695 -134.48652966 -146.81360918 -148.55880761 -144.81493636
 -136.52862277 -140.50777329 -145.67379681 -144.72845566 -135.43461993]
inrs_hat:  [-10.64002929 -32.98730793 -26.72613147 -11.64743537 -28.99813799
 -29.5935469  -23.49682962 -35.82390914 -37.56910757 -33.82523632
 -25.53892273 -29.51807325 -34.68409676 -33.73875562 -24.44491989]
scheduled_ues:  [ 1  2  4  5  6  7  8  9 10 11 12 13 14]
(1, 15, 1, 4, 1, 1)
caused INR: -17.660619508983714
TpsAltruisticFromLsfGain + CumulativeIndividualEstimated_INR + -10.0
None
(1, 15, 1, 4, 1, 1)
caused INR: -13.902573675242492
TpsAltruisticFromLsfGain + CumulativeIndividualEstimated_INR + -12.5
None
(1, 15, 1, 4, 1, 1)
caused INR: -17.660619508983714
TpsAltruisticFromLsfGain + CumulativeIndividualEstimated_INR + -15.0
None
(1, 15, 1, 4, 1, 1)
caused INR: -17.660619508983714
TpsRandomic + IndividualEstimated_INR + -10.0
None
ls_gain_coeffs:
[-108.07503941 -133.81033028 -137.71583152 -115.70798218 -127.61243472
 -127.00890407 -121.98314005 -130.27892172 -148.55880761 -136.44275043
 -126.3967578  -137.94255693 -132.34224941 -127.87319016 -118.90794335]
inrs_hat:  [  2.91466063 -22.82063024 -26.72613147  -4.71828213 -16.62273468
 -16.01920403 -10.99344001 -19.28922167 -37.56910757 -25.45305038
 -15.40705775 -26.95285689 -21.35254937 -16.88349012  -7.91824331]
scheduled_ues:  [ 1  2  4  5  6  7  8  9 10 11 12 13]
(1, 15, 1, 4, 1, 1)
caused INR: -29.835399276192874
TpsRandomic + IndividualEstimated_INR + -12.5
None
ls_gain_coeffs:
[-118.29045958 -126.96022455 -130.74597513 -108.49412533 -139.98783804
 -140.58324695 -134.48652966 -130.27892172 -136.76101026 -136.44275043
 -126.3967578  -137.94255693 -144.33887571 -134.23561195 -135.43461993]
inrs_hat:  [ -7.30075953 -15.97052451 -19.75627509   2.49557471 -28.99813799
 -29.5935469  -23.49682962 -19.28922167 -25.77131021 -25.45305038
 -15.40705775 -26.95285689 -33.34917567 -23.24591191 -24.44491989]
scheduled_ues:  [ 1  2  4  5  6  7  8  9 10 11 12 13 14]
(1, 15, 1, 4, 1, 1)
caused INR: -10.826172282448699
TpsRandomic + IndividualEstimated_INR + -15.0
None
ls_gain_coeffs:
[-106.9619495  -132.55171882 -123.65065731 -105.88025375 -139.98783804
 -124.20542159 -121.98314005 -130.27892172 -136.76101026 -144.81493636
 -119.34851503 -126.35602905 -145.67379681 -144.72845566 -135.43461993]
inrs_hat:  [  4.02775055 -21.56201878 -12.66095727   5.10944629 -28.99813799
 -13.21572155 -10.99344001 -19.28922167 -25.77131021 -33.82523632
  -8.35881498 -15.36632901 -34.68409676 -33.73875562 -24.44491989]
scheduled_ues:  [ 1  4  7  8  9 11 12 13 14]
(1, 15, 1, 4, 1, 1)
caused INR: -18.115027401835352
TpsRandomic + CumulativeIndividualEstimated_INR + -10.0
None
(1, 15, 1, 4, 1, 1)
caused INR: -16.766671124317625
TpsRandomic + CumulativeIndividualEstimated_INR + -12.5
None
(1, 15, 1, 4, 1, 1)
caused INR: -12.06932022495661
TpsRandomic + CumulativeIndividualEstimated_INR + -15.0
None
(1, 15, 1, 4, 1, 1)
caused INR: -10.130896544869517
Iteration number 2
TpsAltruisticFromLsfGain + IndividualEstimated_INR + -10.0
None
ls_gain_coeffs:
[-141.05157055 -146.93085132 -122.14755448 -148.51574668 -131.58827385
 -138.082954   -145.96071741 -127.00932982 -139.13037244 -148.5036116
 -147.52685076 -149.40185524 -145.45615299 -141.83081335 -144.11599458]
inrs_hat:  [-30.06187051 -35.94115127 -11.15785443 -37.52604664 -20.59857381
 -27.09325396 -34.97101736 -16.01962978 -28.1406724  -37.51391155
 -36.53715072 -38.4121552  -34.46645295 -30.8411133  -33.12629453]
scheduled_ues:  [ 0  1  2  3  4  5  6  7  8  9 10 11 12 13 14]
(1, 15, 1, 4, 1, 1)
caused INR: -12.691414734135613
TpsAltruisticFromLsfGain + IndividualEstimated_INR + -12.5
None
ls_gain_coeffs:
[-141.05157055 -146.93085132 -122.14755448 -148.51574668 -131.58827385
 -138.082954   -145.96071741 -127.00932982 -139.13037244 -148.5036116
 -147.52685076 -149.40185524 -145.45615299 -141.83081335 -144.11599458]
inrs_hat:  [-30.06187051 -35.94115127 -11.15785443 -37.52604664 -20.59857381
 -27.09325396 -34.97101736 -16.01962978 -28.1406724  -37.51391155
 -36.53715072 -38.4121552  -34.46645295 -30.8411133  -33.12629453]
scheduled_ues:  [ 0  1  3  4  5  6  7  8  9 10 11 12 13 14]
(1, 15, 1, 4, 1, 1)
caused INR: -24.776721659836795
TpsAltruisticFromLsfGain + IndividualEstimated_INR + -15.0
None
ls_gain_coeffs:
[-141.05157055 -146.93085132 -122.14755448 -148.51574668 -131.58827385
 -138.082954   -145.96071741 -127.00932982 -139.13037244 -148.5036116
 -147.52685076 -149.40185524 -145.45615299 -141.83081335 -144.11599458]
inrs_hat:  [-30.06187051 -35.94115127 -11.15785443 -37.52604664 -20.59857381
 -27.09325396 -34.97101736 -16.01962978 -28.1406724  -37.51391155
 -36.53715072 -38.4121552  -34.46645295 -30.8411133  -33.12629453]
scheduled_ues:  [ 0  1  3  4  5  6  7  8  9 10 11 12 13 14]
(1, 15, 1, 4, 1, 1)
caused INR: -24.776721659836795
TpsAltruisticFromLsfGain + CumulativeIndividualEstimated_INR + -10.0
None
(1, 15, 1, 4, 1, 1)
caused INR: -24.776721659836795
TpsAltruisticFromLsfGain + CumulativeIndividualEstimated_INR + -12.5
None
(1, 15, 1, 4, 1, 1)
caused INR: -24.776721659836795
TpsAltruisticFromLsfGain + CumulativeIndividualEstimated_INR + -15.0
None
(1, 15, 1, 4, 1, 1)
caused INR: -17.467067338402355
TpsRandomic + IndividualEstimated_INR + -10.0
None
ls_gain_coeffs:
[-128.3535692  -130.08318397 -122.14755448 -148.51574668 -131.58827385
 -131.59761022 -132.14877838 -127.00932982 -135.30550066 -148.5036116
 -134.03038709 -149.40185524 -145.45615299 -135.84312744 -144.11599458]
inrs_hat:  [-17.36386916 -19.09348393 -11.15785443 -37.52604664 -20.59857381
 -20.60791017 -21.15907834 -16.01962978 -24.31580062 -37.51391155
 -23.04068704 -38.4121552  -34.46645295 -24.85342739 -33.12629453]
scheduled_ues:  [ 0  1  2  3  4  5  6  7  8  9 10 11 12 13 14]
(1, 15, 1, 4, 1, 1)
caused INR: -11.78929232686695
TpsRandomic + IndividualEstimated_INR + -12.5
None
ls_gain_coeffs:
[-128.3535692  -135.62489845 -105.10823043 -145.69318734 -131.58827385
 -121.67332131 -129.60384669 -127.00932982 -135.30550066 -132.01622101
 -144.36225974 -149.24422258 -141.52339007 -141.83081335 -144.11599458]
inrs_hat:  [-17.36386916 -24.6351984    5.88146962 -34.7034873  -20.59857381
 -10.68362126 -18.61414664 -16.01962978 -24.31580062 -21.02652097
 -33.37255969 -38.25452253 -30.53369002 -30.8411133  -33.12629453]
scheduled_ues:  [ 0  1  3  4  6  7  8  9 10 11 12 13 14]
(1, 15, 1, 4, 1, 1)
caused INR: -29.28665635576449
TpsRandomic + IndividualEstimated_INR + -15.0
None
ls_gain_coeffs:
[-124.45327709 -130.08318397 -122.14755448 -135.13329357 -117.83178127
 -124.1906324  -139.50051499 -118.65065578 -135.30550066 -135.71975033
 -132.97552341 -149.24422258 -131.70363202 -135.84312744 -131.09969038]
inrs_hat:  [-13.46357705 -19.09348393 -11.15785443 -24.14359352  -6.84208122
 -13.20093236 -28.51081495  -7.66095573 -24.31580062 -24.73005028
 -21.98582337 -38.25452253 -20.71393197 -24.85342739 -20.10999034]
scheduled_ues:  [ 1  3  6  8  9 10 11 12 13 14]
(1, 15, 1, 4, 1, 1)
caused INR: -9.448224604794373
TpsRandomic + CumulativeIndividualEstimated_INR + -10.0
None
(1, 15, 1, 4, 1, 1)
caused INR: -13.494512747062487
TpsRandomic + CumulativeIndividualEstimated_INR + -12.5
None
(1, 15, 1, 4, 1, 1)
caused INR: -19.071815814790067
TpsRandomic + CumulativeIndividualEstimated_INR + -15.0
None
(1, 15, 1, 4, 1, 1)
caused INR: -34.31895028866843
Iteration number 3
TpsAltruisticFromLsfGain + IndividualEstimated_INR + -10.0
None
ls_gain_coeffs:
[-137.13762732 -143.62412541 -127.52390646 -117.45030038 -144.00252696
 -141.63893977 -144.77806993 -138.71364352 -142.97347136 -123.16174296
 -149.3828465  -123.507624   -132.84156944 -120.0298741  -130.97544297]
inrs_hat:  [-26.14792727 -32.63442537 -16.53420642  -6.46060034 -33.01282692
 -30.64923972 -33.78836989 -27.72394347 -31.98377132 -12.17204291
 -38.39314645 -12.51792396 -21.85186939  -9.04017406 -19.98574293]
scheduled_ues:  [ 0  1  2  4  5  6  7  8  9 10 11 12 14]
(1, 15, 1, 4, 1, 1)
caused INR: -14.457533096566337
TpsAltruisticFromLsfGain + IndividualEstimated_INR + -12.5
None
ls_gain_coeffs:
[-137.13762732 -143.62412541 -127.52390646 -117.45030038 -144.00252696
 -141.63893977 -144.77806993 -138.71364352 -142.97347136 -123.16174296
 -149.3828465  -123.507624   -132.84156944 -120.0298741  -130.97544297]
inrs_hat:  [-26.14792727 -32.63442537 -16.53420642  -6.46060034 -33.01282692
 -30.64923972 -33.78836989 -27.72394347 -31.98377132 -12.17204291
 -38.39314645 -12.51792396 -21.85186939  -9.04017406 -19.98574293]
scheduled_ues:  [ 0  1  2  4  5  6  7  8 10 11 12 14]
(1, 15, 1, 4, 1, 1)
caused INR: -14.09958734740794
TpsAltruisticFromLsfGain + IndividualEstimated_INR + -15.0
None
ls_gain_coeffs:
[-137.13762732 -143.62412541 -127.52390646 -117.45030038 -144.00252696
 -141.63893977 -144.77806993 -138.71364352 -142.97347136 -123.16174296
 -149.3828465  -123.507624   -132.84156944 -120.0298741  -130.97544297]
inrs_hat:  [-26.14792727 -32.63442537 -16.53420642  -6.46060034 -33.01282692
 -30.64923972 -33.78836989 -27.72394347 -31.98377132 -12.17204291
 -38.39314645 -12.51792396 -21.85186939  -9.04017406 -19.98574293]
scheduled_ues:  [ 0  1  2  4  5  6  7  8 10 12 14]
(1, 15, 1, 4, 1, 1)
caused INR: -12.234542212390709
TpsAltruisticFromLsfGain + CumulativeIndividualEstimated_INR + -10.0
None
(1, 15, 1, 4, 1, 1)
caused INR: -12.234542212390709
TpsAltruisticFromLsfGain + CumulativeIndividualEstimated_INR + -12.5
None
(1, 15, 1, 4, 1, 1)
caused INR: -12.234542212390709
TpsAltruisticFromLsfGain + CumulativeIndividualEstimated_INR + -15.0
None
(1, 15, 1, 4, 1, 1)
caused INR: -23.976056653869886
TpsRandomic + IndividualEstimated_INR + -10.0
None
ls_gain_coeffs:
[-122.68417732 -131.07482709 -116.90050751 -105.66083815 -144.00252696
 -128.56838508 -135.02503763 -131.96020061 -141.97636479 -104.34945304
 -136.54155444 -119.58192408 -121.98057153 -109.215022   -130.51941152]
inrs_hat:  [-11.69447728 -20.08512704  -5.91080746   5.3288619  -33.01282692
 -17.57868504 -24.03533759 -20.97050057 -30.98666475   6.640247
 -25.5518544   -8.59222404 -10.99087148   1.77467804 -19.52971148]
scheduled_ues:  [ 0  1  4  5  6  7  8 10 12 14]
(1, 15, 1, 4, 1, 1)
caused INR: -18.60026560871128
TpsRandomic + IndividualEstimated_INR + -12.5
None
ls_gain_coeffs:
[-137.13762732 -131.07482709 -110.50484539 -105.66083815 -127.63973459
 -128.56838508 -135.02503763 -131.96020061 -129.86713365 -113.475758
 -136.54155444 -119.58192408 -115.64132004 -102.56132748 -118.229822  ]
inrs_hat:  [-26.14792727 -20.08512704   0.48485465   5.3288619  -16.65003454
 -17.57868504 -24.03533759 -20.97050057 -18.8774336   -2.48605796
 -25.5518544   -8.59222404  -4.65162      8.42837257  -7.24012196]
scheduled_ues:  [ 0  1  4  5  6  7  8 10]
(1, 15, 1, 4, 1, 1)
caused INR: -9.828910249657246
TpsRandomic + IndividualEstimated_INR + -15.0
None
ls_gain_coeffs:
[-122.68417732 -126.85643724 -116.90050751 -117.45030038 -127.63973459
 -139.7520757  -133.39748044 -138.71364352 -142.97347136 -113.475758
 -141.70051072 -109.75745736 -132.84156944 -109.215022   -130.97544297]
inrs_hat:  [-11.69447728 -15.8667372   -5.91080746  -6.46060034 -16.65003454
 -28.76237566 -22.4077804  -27.72394347 -31.98377132  -2.48605796
 -30.71081068   1.23224268 -21.85186939   1.77467804 -19.98574293]
scheduled_ues:  [ 1  4  5  6  7  8 10 12 14]
(1, 15, 1, 4, 1, 1)
caused INR: -4.649576886472424
TpsRandomic + CumulativeIndividualEstimated_INR + -10.0
None
(1, 15, 1, 4, 1, 1)
caused INR: -10.57027030238669
TpsRandomic + CumulativeIndividualEstimated_INR + -12.5
None
(1, 15, 1, 4, 1, 1)
caused INR: -18.61961655988901
TpsRandomic + CumulativeIndividualEstimated_INR + -15.0
None
(1, 15, 1, 4, 1, 1)
caused INR: -19.413396944154904
Iteration number 4
TpsAltruisticFromLsfGain + IndividualEstimated_INR + -10.0
None
ls_gain_coeffs:
[-142.62884197 -149.17802938 -144.78144001 -151.73200844 -147.15344299
 -131.95463103 -133.37569762 -138.82326079 -133.43037171 -149.33014346
 -124.7185877  -142.90759142 -124.05813024 -140.42204359 -125.98934604]
inrs_hat:  [-31.63914192 -38.18832933 -33.79173997 -40.74230839 -36.16374294
 -20.96493099 -22.38599757 -27.83356074 -22.44067166 -38.34044341
 -13.72888766 -31.91789138 -13.06843019 -29.43234355 -14.99964599]
scheduled_ues:  [ 0  1  2  3  4  5  6  7  8  9 10 11 12 13 14]
(1, 15, 1, 4, 1, 1)
caused INR: -4.872657516851777
TpsAltruisticFromLsfGain + IndividualEstimated_INR + -12.5
None
ls_gain_coeffs:
[-142.62884197 -149.17802938 -144.78144001 -151.73200844 -147.15344299
 -131.95463103 -133.37569762 -138.82326079 -133.43037171 -149.33014346
 -124.7185877  -142.90759142 -124.05813024 -140.42204359 -125.98934604]
inrs_hat:  [-31.63914192 -38.18832933 -33.79173997 -40.74230839 -36.16374294
 -20.96493099 -22.38599757 -27.83356074 -22.44067166 -38.34044341
 -13.72888766 -31.91789138 -13.06843019 -29.43234355 -14.99964599]
scheduled_ues:  [ 0  1  2  3  4  5  6  7  8  9 10 11 12 13 14]
(1, 15, 1, 4, 1, 1)
caused INR: -4.872657516851777
TpsAltruisticFromLsfGain + IndividualEstimated_INR + -15.0
None
ls_gain_coeffs:
[-142.62884197 -149.17802938 -144.78144001 -151.73200844 -147.15344299
 -131.95463103 -133.37569762 -138.82326079 -133.43037171 -149.33014346
 -124.7185877  -142.90759142 -124.05813024 -140.42204359 -125.98934604]
inrs_hat:  [-31.63914192 -38.18832933 -33.79173997 -40.74230839 -36.16374294
 -20.96493099 -22.38599757 -27.83356074 -22.44067166 -38.34044341
 -13.72888766 -31.91789138 -13.06843019 -29.43234355 -14.99964599]
scheduled_ues:  [ 0  1  2  3  4  5  6  7  8  9 11 13]
(1, 15, 1, 4, 1, 1)
caused INR: -17.718419225297627
TpsAltruisticFromLsfGain + CumulativeIndividualEstimated_INR + -10.0
None
(1, 15, 1, 4, 1, 1)
caused INR: -7.682657072278024
TpsAltruisticFromLsfGain + CumulativeIndividualEstimated_INR + -12.5
None
(1, 15, 1, 4, 1, 1)
caused INR: -17.718419225297627
TpsAltruisticFromLsfGain + CumulativeIndividualEstimated_INR + -15.0
None
(1, 15, 1, 4, 1, 1)
caused INR: -17.718419225297627
TpsRandomic + IndividualEstimated_INR + -10.0
None
ls_gain_coeffs:
[-132.79046749 -141.35072026 -128.19983463 -135.4466145  -147.15344299
 -131.95463103 -133.37569762 -138.82326079 -119.84671116 -135.84264187
 -111.75434434 -130.33042264 -109.3437378  -130.79633154 -111.969508  ]
inrs_hat:  [-21.80076744 -30.36102022 -17.21013459 -24.45691446 -36.16374294
 -20.96493099 -22.38599757 -27.83356074  -8.85701112 -24.85294183
  -0.76464429 -19.34072259   1.64596225 -19.8066315   -0.97980796]
scheduled_ues:  [ 0  1  2  3  4  5  6  7  9 11 13]
(1, 15, 1, 4, 1, 1)
caused INR: -10.529094423130974
TpsRandomic + IndividualEstimated_INR + -12.5
None
ls_gain_coeffs:
[-132.79046749 -149.17802938 -144.78144001 -144.85224064 -130.48919379
 -119.54706779 -117.20001644 -121.91858616 -120.41774143 -149.33014346
 -123.15065761 -130.33042264 -109.3437378  -123.7409769  -121.25463194]
inrs_hat:  [-21.80076744 -38.18832933 -33.79173997 -33.86254059 -19.49949374
  -8.55736775  -6.2103164  -10.92888612  -9.42804139 -38.34044341
 -12.16095756 -19.34072259   1.64596225 -12.75127685 -10.2649319 ]
scheduled_ues:  [ 0  1  2  3  4  9 11 13]
(1, 15, 1, 4, 1, 1)
caused INR: -7.587125281110585
TpsRandomic + IndividualEstimated_INR + -15.0
None
ls_gain_coeffs:
[-125.52341402 -132.68228061 -131.93488222 -151.73200844 -130.48919379
 -119.54706779 -133.37569762 -125.92926315 -120.41774143 -133.01346099
 -123.15065761 -130.19485385 -117.23975291 -123.7409769  -111.969508  ]
inrs_hat:  [-14.53371397 -21.69258057 -20.94518217 -40.74230839 -19.49949374
  -8.55736775 -22.38599757 -14.93956311  -9.42804139 -22.02376095
 -12.16095756 -19.20515381  -6.25005287 -12.75127685  -0.97980796]
scheduled_ues:  [ 1  2  3  4  6  9 11]
(1, 15, 1, 4, 1, 1)
caused INR: -9.573166949110272
TpsRandomic + CumulativeIndividualEstimated_INR + -10.0
None
(1, 15, 1, 4, 1, 1)
caused INR: -5.839588880824733
TpsRandomic + CumulativeIndividualEstimated_INR + -12.5
None
(1, 15, 1, 4, 1, 1)
caused INR: -6.888415092770554
TpsRandomic + CumulativeIndividualEstimated_INR + -15.0
None
(1, 15, 1, 4, 1, 1)
caused INR: -17.13890932895889
Iteration number 5
TpsAltruisticFromLsfGain + IndividualEstimated_INR + -10.0
None
ls_gain_coeffs:
[-143.56745717 -129.70017082 -145.64001508 -137.19304686 -130.12138076
 -132.54197923 -139.06323494 -146.82123861 -130.63494967 -135.1523495
 -125.99843258 -136.82965883 -128.73723048 -131.31676366 -126.49780858]
inrs_hat:  [-32.57775713 -18.71047077 -34.65031503 -26.20334681 -19.13168071
 -21.55227919 -28.0735349  -35.83153857 -19.64524963 -24.16264945
 -15.00873253 -25.83995879 -17.74753044 -20.32706362 -15.50810854]
scheduled_ues:  [ 0  1  2  3  4  5  6  7  8  9 10 11 12 13 14]
(1, 15, 1, 4, 1, 1)
caused INR: -10.600903546049274
TpsAltruisticFromLsfGain + IndividualEstimated_INR + -12.5
None
ls_gain_coeffs:
[-143.56745717 -129.70017082 -145.64001508 -137.19304686 -130.12138076
 -132.54197923 -139.06323494 -146.82123861 -130.63494967 -135.1523495
 -125.99843258 -136.82965883 -128.73723048 -131.31676366 -126.49780858]
inrs_hat:  [-32.57775713 -18.71047077 -34.65031503 -26.20334681 -19.13168071
 -21.55227919 -28.0735349  -35.83153857 -19.64524963 -24.16264945
 -15.00873253 -25.83995879 -17.74753044 -20.32706362 -15.50810854]
scheduled_ues:  [ 0  1  2  3  4  5  6  7  8  9 10 11 12 13 14]
(1, 15, 1, 4, 1, 1)
caused INR: -10.600903546049274
TpsAltruisticFromLsfGain + IndividualEstimated_INR + -15.0
None
ls_gain_coeffs:
[-143.56745717 -129.70017082 -145.64001508 -137.19304686 -130.12138076
 -132.54197923 -139.06323494 -146.82123861 -130.63494967 -135.1523495
 -125.99843258 -136.82965883 -128.73723048 -131.31676366 -126.49780858]
inrs_hat:  [-32.57775713 -18.71047077 -34.65031503 -26.20334681 -19.13168071
 -21.55227919 -28.0735349  -35.83153857 -19.64524963 -24.16264945
 -15.00873253 -25.83995879 -17.74753044 -20.32706362 -15.50810854]
scheduled_ues:  [ 0  1  2  3  4  5  6  7  8  9 10 11 12 13 14]
(1, 15, 1, 4, 1, 1)
caused INR: -10.600903546049274
TpsAltruisticFromLsfGain + CumulativeIndividualEstimated_INR + -10.0
None
(1, 15, 1, 4, 1, 1)
caused INR: -19.112142292733875
TpsAltruisticFromLsfGain + CumulativeIndividualEstimated_INR + -12.5
None
(1, 15, 1, 4, 1, 1)
caused INR: -35.22917749950927
TpsAltruisticFromLsfGain + CumulativeIndividualEstimated_INR + -15.0
None
(1, 15, 1, 4, 1, 1)
caused INR: -26.01359347785817
TpsRandomic + IndividualEstimated_INR + -10.0
None
ls_gain_coeffs:
[-134.06000453 -114.10235926 -128.81630332 -121.63074885 -116.59814142
 -123.97663371 -122.49980116 -130.70557733 -130.63494967 -127.9571217
 -115.68154698 -120.34217079 -114.72357917 -118.46502297 -115.47119917]
inrs_hat:  [-23.07030448  -3.11265921 -17.82660327 -10.64104881  -5.60844137
 -12.98693367 -11.51010112 -19.71587729 -19.64524963 -16.96742165
  -4.69184693  -9.35247075  -3.73387913  -7.47532292  -4.48149913]
scheduled_ues:  [0 2 3 5 6 7 8 9]
(1, 15, 1, 4, 1, 1)
caused INR: -27.984536879205987
TpsRandomic + IndividualEstimated_INR + -12.5
None
ls_gain_coeffs:
[-126.76175103 -115.68046504 -137.25454396 -121.63074885 -130.12138076
 -132.54197923 -132.49133026 -133.09296288 -130.63494967 -127.9571217
 -112.68326161 -136.82965883 -114.72357917 -114.59328799 -126.49780858]
inrs_hat:  [-15.77205098  -4.69076499 -26.26484391 -10.64104881 -19.13168071
 -21.55227919 -21.50163022 -22.10326284 -19.64524963 -16.96742165
  -1.69356157 -25.83995879  -3.73387913  -3.60358795 -15.50810854]
scheduled_ues:  [ 0  2  4  5  6  7  8  9 11 14]
(1, 15, 1, 4, 1, 1)
caused INR: -20.014424613923026
TpsRandomic + IndividualEstimated_INR + -15.0
None
ls_gain_coeffs:
[-126.76175103 -124.96585348 -145.64001508 -137.19304686 -128.49892175
 -119.06260257 -139.06323494 -133.09296288 -127.24498153 -118.72201322
 -112.68326161 -120.34217079 -114.72357917 -131.31676366 -126.49780858]
inrs_hat:  [-15.77205098 -13.97615343 -34.65031503 -26.20334681 -17.5092217
  -8.07290253 -28.0735349  -22.10326284 -16.25528149  -7.73231317
  -1.69356157  -9.35247075  -3.73387913 -20.32706362 -15.50810854]
scheduled_ues:  [ 0  2  3  4  6  7  8 13 14]
(1, 15, 1, 4, 1, 1)
caused INR: -7.27684592454268
TpsRandomic + CumulativeIndividualEstimated_INR + -10.0
None
(1, 15, 1, 4, 1, 1)
caused INR: -15.799358367006713
TpsRandomic + CumulativeIndividualEstimated_INR + -12.5
None
(1, 15, 1, 4, 1, 1)
caused INR: -9.068194915567265
TpsRandomic + CumulativeIndividualEstimated_INR + -15.0
None
(1, 15, 1, 4, 1, 1)
caused INR: -25.32501131913857
Iteration number 6
TpsAltruisticFromLsfGain + IndividualEstimated_INR + -10.0
None
ls_gain_coeffs:
[-146.92104429 -153.3139216  -131.99949432 -140.90193677 -142.34074691
 -116.83688791 -145.51461804 -150.75309108 -126.4139289  -143.14591974
 -130.78266001 -136.48547995 -131.73606187 -144.68383312 -134.21676022]
inrs_hat:  [-35.93134425 -42.32422155 -21.00979427 -29.91223673 -31.35104686
  -5.84718787 -34.524918   -39.76339104 -15.42422885 -32.1562197
 -19.79295997 -25.49577991 -20.74636183 -33.69413307 -23.22706018]
scheduled_ues:  [ 0  1  2  3  4  6  7  8  9 10 11 12 13 14]
(1, 15, 1, 4, 1, 1)
caused INR: -13.323867601484649
TpsAltruisticFromLsfGain + IndividualEstimated_INR + -12.5
None
ls_gain_coeffs:
[-146.92104429 -153.3139216  -131.99949432 -140.90193677 -142.34074691
 -116.83688791 -145.51461804 -150.75309108 -126.4139289  -143.14591974
 -130.78266001 -136.48547995 -131.73606187 -144.68383312 -134.21676022]
inrs_hat:  [-35.93134425 -42.32422155 -21.00979427 -29.91223673 -31.35104686
  -5.84718787 -34.524918   -39.76339104 -15.42422885 -32.1562197
 -19.79295997 -25.49577991 -20.74636183 -33.69413307 -23.22706018]
scheduled_ues:  [ 0  1  2  3  4  6  7  8  9 10 11 12 13 14]
(1, 15, 1, 4, 1, 1)
caused INR: -13.323867601484649
TpsAltruisticFromLsfGain + IndividualEstimated_INR + -15.0
None
ls_gain_coeffs:
[-146.92104429 -153.3139216  -131.99949432 -140.90193677 -142.34074691
 -116.83688791 -145.51461804 -150.75309108 -126.4139289  -143.14591974
 -130.78266001 -136.48547995 -131.73606187 -144.68383312 -134.21676022]
inrs_hat:  [-35.93134425 -42.32422155 -21.00979427 -29.91223673 -31.35104686
  -5.84718787 -34.524918   -39.76339104 -15.42422885 -32.1562197
 -19.79295997 -25.49577991 -20.74636183 -33.69413307 -23.22706018]
scheduled_ues:  [ 0  1  2  3  4  6  7  8  9 10 11 12 13 14]
(1, 15, 1, 4, 1, 1)
caused INR: -13.323867601484649
TpsAltruisticFromLsfGain + CumulativeIndividualEstimated_INR + -10.0
None
(1, 15, 1, 4, 1, 1)
caused INR: -13.323867601484649
TpsAltruisticFromLsfGain + CumulativeIndividualEstimated_INR + -12.5
None
(1, 15, 1, 4, 1, 1)
caused INR: -22.31692147609683
TpsAltruisticFromLsfGain + CumulativeIndividualEstimated_INR + -15.0
None
(1, 15, 1, 4, 1, 1)
caused INR: -30.353775242043334
TpsRandomic + IndividualEstimated_INR + -10.0
None
ls_gain_coeffs:
[-139.60494211 -143.29341228 -122.1201449  -136.78265782 -142.34074691
  -98.57618261 -129.74583149 -150.75309108 -109.47851849 -126.79721245
 -130.78266001 -128.58107233 -121.01714862 -144.68383312 -117.0247144 ]
inrs_hat:  [-28.61524207 -32.30371224 -11.13044486 -25.79295777 -31.35104686
  12.41351743 -18.75613144 -39.76339104   1.51118155 -15.80751241
 -19.79295997 -17.59137229 -10.02744858 -33.69413307  -6.03501435]
scheduled_ues:  [ 0  1  2  3  4  6  7  9 10 11 12 13]
(1, 15, 1, 4, 1, 1)
caused INR: -14.024124044597086
TpsRandomic + IndividualEstimated_INR + -12.5
None
ls_gain_coeffs:
[-139.60494211 -142.42275437 -115.10604629 -127.08724379 -142.34074691
 -105.95914683 -129.74583149 -139.99596427 -109.47851849 -143.14591974
 -130.78266001 -128.58107233 -131.73606187 -131.93053847 -117.0247144 ]
inrs_hat:  [-28.61524207 -31.43305432  -4.11634625 -16.09754374 -31.35104686
   5.03055322 -18.75613144 -29.00626422   1.51118155 -32.1562197
 -19.79295997 -17.59137229 -20.74636183 -20.94083843  -6.03501435]
scheduled_ues:  [ 0  1  3  4  6  7  9 10 11 12 13]
(1, 15, 1, 4, 1, 1)
caused INR: -15.462419549199037
TpsRandomic + IndividualEstimated_INR + -15.0
None
ls_gain_coeffs:
[-130.34737171 -153.3139216  -122.1201449  -125.7141508  -131.1423482
  -98.57618261 -145.51461804 -139.99596427 -126.4139289  -129.14073425
 -117.82105094 -123.81245656 -114.7800773  -144.68383312 -125.21621705]
inrs_hat:  [-19.35767167 -42.32422155 -11.13044486 -14.72445076 -20.15264815
  12.41351743 -34.524918   -29.00626422 -15.42422885 -18.15103421
  -6.8313509  -12.82275652  -3.79037726 -33.69413307 -14.22651701]
scheduled_ues:  [ 0  1  4  6  7  8  9 13]
(1, 15, 1, 4, 1, 1)
caused INR: -11.327338278918127
TpsRandomic + CumulativeIndividualEstimated_INR + -10.0
None
(1, 15, 1, 4, 1, 1)
caused INR: -7.622316881305512
TpsRandomic + CumulativeIndividualEstimated_INR + -12.5
None
(1, 15, 1, 4, 1, 1)
caused INR: -13.623385851420096
TpsRandomic + CumulativeIndividualEstimated_INR + -15.0
None
(1, 15, 1, 4, 1, 1)
caused INR: -20.141114592315418
Iteration number 7
TpsAltruisticFromLsfGain + IndividualEstimated_INR + -10.0
None
ls_gain_coeffs:
[-151.15923801 -144.78604238 -147.43345057 -126.22667359 -118.98909775
 -131.01441682 -131.63132509 -137.24726992 -130.16221689 -121.93639461
 -147.74033366 -142.83756056 -147.12228897 -146.08932955 -132.98755691]
inrs_hat:  [-40.16953797 -33.79634234 -36.44375052 -15.23697354  -7.99939771
 -20.02471677 -20.64162505 -26.25756988 -19.17251685 -10.94669457
 -36.75063362 -31.84786051 -36.13258893 -35.09962951 -21.99785687]
scheduled_ues:  [ 0  1  2  3  5  6  7  8  9 10 11 12 13 14]
(1, 15, 1, 4, 1, 1)
caused INR: -7.955261328161081
TpsAltruisticFromLsfGain + IndividualEstimated_INR + -12.5
None
ls_gain_coeffs:
[-151.15923801 -144.78604238 -147.43345057 -126.22667359 -118.98909775
 -131.01441682 -131.63132509 -137.24726992 -130.16221689 -121.93639461
 -147.74033366 -142.83756056 -147.12228897 -146.08932955 -132.98755691]
inrs_hat:  [-40.16953797 -33.79634234 -36.44375052 -15.23697354  -7.99939771
 -20.02471677 -20.64162505 -26.25756988 -19.17251685 -10.94669457
 -36.75063362 -31.84786051 -36.13258893 -35.09962951 -21.99785687]
scheduled_ues:  [ 0  1  2  3  5  6  7  8 10 11 12 13 14]
(1, 15, 1, 4, 1, 1)
caused INR: -18.472953369695823
TpsAltruisticFromLsfGain + IndividualEstimated_INR + -15.0
None
ls_gain_coeffs:
[-151.15923801 -144.78604238 -147.43345057 -126.22667359 -118.98909775
 -131.01441682 -131.63132509 -137.24726992 -130.16221689 -121.93639461
 -147.74033366 -142.83756056 -147.12228897 -146.08932955 -132.98755691]
inrs_hat:  [-40.16953797 -33.79634234 -36.44375052 -15.23697354  -7.99939771
 -20.02471677 -20.64162505 -26.25756988 -19.17251685 -10.94669457
 -36.75063362 -31.84786051 -36.13258893 -35.09962951 -21.99785687]
scheduled_ues:  [ 0  1  2  3  5  6  7  8 10 11 12 13 14]
(1, 15, 1, 4, 1, 1)
caused INR: -18.472953369695823
TpsAltruisticFromLsfGain + CumulativeIndividualEstimated_INR + -10.0
None
(1, 15, 1, 4, 1, 1)
caused INR: -18.472953369695823
TpsAltruisticFromLsfGain + CumulativeIndividualEstimated_INR + -12.5
None
(1, 15, 1, 4, 1, 1)
caused INR: -14.393999109712912
TpsAltruisticFromLsfGain + CumulativeIndividualEstimated_INR + -15.0
None
(1, 15, 1, 4, 1, 1)
caused INR: -17.273479502289337
TpsRandomic + IndividualEstimated_INR + -10.0
None
ls_gain_coeffs:
[-138.08910364 -135.30661618 -133.34104337 -120.28719925  -98.68167979
 -131.01441682 -117.77673956 -122.9760304  -130.16221689 -121.93639461
 -146.89716527 -142.83756056 -146.96862041 -129.80566206 -132.98755691]
inrs_hat:  [-27.0994036  -24.31691613 -22.35134333  -9.2974992   12.30802025
 -20.02471677  -6.78703952 -11.98633036 -19.17251685 -10.94669457
 -35.90746522 -31.84786051 -35.97892036 -18.81596202 -21.99785687]
scheduled_ues:  [ 0  1  2  5  7  8  9 10 11 12 13 14]
(1, 15, 1, 4, 1, 1)
caused INR: -17.26709212005617
TpsRandomic + IndividualEstimated_INR + -12.5
None
ls_gain_coeffs:
[-138.08910364 -127.93215116 -133.34104337 -109.82542403 -103.81921353
 -122.935842   -127.39236849 -122.9760304  -123.5552075  -107.95378719
 -135.01767753 -128.87344189 -147.12228897 -129.80566206 -116.03279662]
inrs_hat:  [-27.0994036  -16.94245112 -22.35134333   1.16427602   7.17048651
 -11.94614195 -16.40266845 -11.98633036 -12.56550745   3.03591286
 -24.02797748 -17.88374185 -36.13258893 -18.81596202  -5.04309658]
scheduled_ues:  [ 0  1  2  6  8 10 11 12 13]
(1, 15, 1, 4, 1, 1)
caused INR: -1.3019156832990963
TpsRandomic + IndividualEstimated_INR + -15.0
None
ls_gain_coeffs:
[-151.15923801 -132.99928615 -131.36939773 -109.82542403  -98.68167979
 -122.935842   -117.77673956 -131.75835137 -116.34431725 -107.95378719
 -146.89716527 -137.37983198 -147.12228897 -139.71135213 -116.03279662]
inrs_hat:  [-40.16953797 -22.00958611 -20.37969769   1.16427602  12.30802025
 -11.94614195  -6.78703952 -20.76865133  -5.35461721   3.03591286
 -35.90746522 -26.39013193 -36.13258893 -28.72165208  -5.04309658]
scheduled_ues:  [ 0  1  2  7 10 11 12 13]
(1, 15, 1, 4, 1, 1)
caused INR: -33.19870179541216
TpsRandomic + CumulativeIndividualEstimated_INR + -10.0
None
(1, 15, 1, 4, 1, 1)
caused INR: -11.633979683816325
TpsRandomic + CumulativeIndividualEstimated_INR + -12.5
None
(1, 15, 1, 4, 1, 1)
caused INR: -6.431377379305841
TpsRandomic + CumulativeIndividualEstimated_INR + -15.0
None
(1, 15, 1, 4, 1, 1)
caused INR: -21.36358998075425
Iteration number 8
TpsAltruisticFromLsfGain + IndividualEstimated_INR + -10.0
None
ls_gain_coeffs:
[-150.12959816 -132.42426212 -133.76560946 -139.8845425  -130.53113521
 -138.22003653 -134.98610867 -129.3415535  -148.16019031 -124.40241202
 -140.61087516 -137.14065087 -146.10429961 -130.39746982 -151.70310555]
inrs_hat:  [-39.13989811 -21.43456208 -22.77590942 -28.89484246 -19.54143517
 -27.23033648 -23.99640863 -18.35185345 -37.17049027 -13.41271197
 -29.62117511 -26.15095082 -35.11459957 -19.40776978 -40.71340551]
scheduled_ues:  [ 0  1  2  3  4  5  6  7  8  9 10 11 12 13 14]
(1, 15, 1, 4, 1, 1)
caused INR: -6.243006722683701
TpsAltruisticFromLsfGain + IndividualEstimated_INR + -12.5
None
ls_gain_coeffs:
[-150.12959816 -132.42426212 -133.76560946 -139.8845425  -130.53113521
 -138.22003653 -134.98610867 -129.3415535  -148.16019031 -124.40241202
 -140.61087516 -137.14065087 -146.10429961 -130.39746982 -151.70310555]
inrs_hat:  [-39.13989811 -21.43456208 -22.77590942 -28.89484246 -19.54143517
 -27.23033648 -23.99640863 -18.35185345 -37.17049027 -13.41271197
 -29.62117511 -26.15095082 -35.11459957 -19.40776978 -40.71340551]
scheduled_ues:  [ 0  1  2  3  4  5  6  7  8  9 10 11 12 13 14]
(1, 15, 1, 4, 1, 1)
caused INR: -6.243006722683701
TpsAltruisticFromLsfGain + IndividualEstimated_INR + -15.0
None
ls_gain_coeffs:
[-150.12959816 -132.42426212 -133.76560946 -139.8845425  -130.53113521
 -138.22003653 -134.98610867 -129.3415535  -148.16019031 -124.40241202
 -140.61087516 -137.14065087 -146.10429961 -130.39746982 -151.70310555]
inrs_hat:  [-39.13989811 -21.43456208 -22.77590942 -28.89484246 -19.54143517
 -27.23033648 -23.99640863 -18.35185345 -37.17049027 -13.41271197
 -29.62117511 -26.15095082 -35.11459957 -19.40776978 -40.71340551]
scheduled_ues:  [ 0  1  2  3  4  5  6  7  8 10 11 12 13 14]
(1, 15, 1, 4, 1, 1)
caused INR: -6.7258246613815
TpsAltruisticFromLsfGain + CumulativeIndividualEstimated_INR + -10.0
None
(1, 15, 1, 4, 1, 1)
caused INR: -6.7258246613815
TpsAltruisticFromLsfGain + CumulativeIndividualEstimated_INR + -12.5
None
(1, 15, 1, 4, 1, 1)
caused INR: -7.479584794320032
TpsAltruisticFromLsfGain + CumulativeIndividualEstimated_INR + -15.0
None
(1, 15, 1, 4, 1, 1)
caused INR: -9.206994791463893
TpsRandomic + IndividualEstimated_INR + -10.0
None
ls_gain_coeffs:
[-136.84565324 -122.27561685 -132.42536865 -130.58771362 -120.83460408
 -138.22003653 -134.98610867 -124.20070647 -131.53363826 -110.50084437
 -123.59743664 -125.68025711 -146.10429961 -130.39746982 -151.70310555]
inrs_hat:  [-25.8559532  -11.28591681 -21.4356686  -19.59801358  -9.84490404
 -27.23033648 -23.99640863 -13.21100643 -20.54393822   0.48885568
 -12.6077366  -14.69055707 -35.11459957 -19.40776978 -40.71340551]
scheduled_ues:  [ 0  1  2  3  5  6  7  8 10 11 12 13 14]
(1, 15, 1, 4, 1, 1)
caused INR: -16.858781558140837
TpsRandomic + IndividualEstimated_INR + -12.5
None
ls_gain_coeffs:
[-136.84565324 -121.29941881 -133.76560946 -130.58771362 -117.13785925
 -121.38495854 -122.8368619  -129.3415535  -135.88730487 -110.50084437
 -130.57008632 -127.69118745 -129.48817517 -130.39746982 -151.70310555]
inrs_hat:  [-25.8559532  -10.30971876 -22.77590942 -19.59801358  -6.14815921
 -10.3952585  -11.84716186 -18.35185345 -24.89760483   0.48885568
 -19.58038628 -16.7014874  -18.49847513 -19.40776978 -40.71340551]
scheduled_ues:  [ 0  2  3  7  8 10 11 12 13 14]
(1, 15, 1, 4, 1, 1)
caused INR: -12.609620039870217
TpsRandomic + IndividualEstimated_INR + -15.0
None
ls_gain_coeffs:
[-133.81531882 -132.42426212 -120.43051559 -123.23956876 -112.76543167
 -130.31951933 -125.11832454 -124.20070647 -135.88730487 -120.02250907
 -123.59743664 -125.68025711 -133.64309054 -115.17544399 -138.45457218]
inrs_hat:  [-22.82561877 -21.43456208  -9.44081554 -12.24986872  -1.77573162
 -19.32981928 -14.12862449 -13.21100643 -24.89760483  -9.03280903
 -12.6077366  -14.69055707 -22.6533905   -4.18574394 -27.46487213]
scheduled_ues:  [ 0  1  5  8 12 14]
(1, 15, 1, 4, 1, 1)
caused INR: -19.12845679698656
TpsRandomic + CumulativeIndividualEstimated_INR + -10.0
None
(1, 15, 1, 4, 1, 1)
caused INR: -7.364240072822769
TpsRandomic + CumulativeIndividualEstimated_INR + -12.5
None
(1, 15, 1, 4, 1, 1)
caused INR: -9.71739494652259
TpsRandomic + CumulativeIndividualEstimated_INR + -15.0
None
(1, 15, 1, 4, 1, 1)
caused INR: -12.405296849332696
Iteration number 9
TpsAltruisticFromLsfGain + IndividualEstimated_INR + -10.0
None
ls_gain_coeffs:
[-148.7268716  -150.82926014 -128.62483314 -142.95938732 -142.08123861
 -131.52553577 -149.75336203 -145.53617804 -144.85453005 -137.29137068
 -144.02923351 -137.57445056 -141.73344654 -145.91828623 -140.91211177]
inrs_hat:  [-37.73717156 -39.83956009 -17.6351331  -31.96968727 -31.09153857
 -20.53583573 -38.76366199 -34.546478   -33.86483001 -26.30167064
 -33.03953347 -26.58475051 -30.7437465  -34.92858619 -29.92241173]
scheduled_ues:  [ 0  1  2  3  4  5  6  7  8  9 10 11 12 13 14]
(1, 15, 1, 4, 1, 1)
caused INR: -11.36425872973571
TpsAltruisticFromLsfGain + IndividualEstimated_INR + -12.5
None
ls_gain_coeffs:
[-148.7268716  -150.82926014 -128.62483314 -142.95938732 -142.08123861
 -131.52553577 -149.75336203 -145.53617804 -144.85453005 -137.29137068
 -144.02923351 -137.57445056 -141.73344654 -145.91828623 -140.91211177]
inrs_hat:  [-37.73717156 -39.83956009 -17.6351331  -31.96968727 -31.09153857
 -20.53583573 -38.76366199 -34.546478   -33.86483001 -26.30167064
 -33.03953347 -26.58475051 -30.7437465  -34.92858619 -29.92241173]
scheduled_ues:  [ 0  1  2  3  4  5  6  7  8  9 10 11 12 13 14]
(1, 15, 1, 4, 1, 1)
caused INR: -11.36425872973571
TpsAltruisticFromLsfGain + IndividualEstimated_INR + -15.0
None
ls_gain_coeffs:
[-148.7268716  -150.82926014 -128.62483314 -142.95938732 -142.08123861
 -131.52553577 -149.75336203 -145.53617804 -144.85453005 -137.29137068
 -144.02923351 -137.57445056 -141.73344654 -145.91828623 -140.91211177]
inrs_hat:  [-37.73717156 -39.83956009 -17.6351331  -31.96968727 -31.09153857
 -20.53583573 -38.76366199 -34.546478   -33.86483001 -26.30167064
 -33.03953347 -26.58475051 -30.7437465  -34.92858619 -29.92241173]
scheduled_ues:  [ 0  1  2  3  4  5  6  7  8  9 10 11 12 13 14]
(1, 15, 1, 4, 1, 1)
caused INR: -11.36425872973571
TpsAltruisticFromLsfGain + CumulativeIndividualEstimated_INR + -10.0
None
(1, 15, 1, 4, 1, 1)
caused INR: -11.36425872973571
TpsAltruisticFromLsfGain + CumulativeIndividualEstimated_INR + -12.5
None
(1, 15, 1, 4, 1, 1)
caused INR: -11.36425872973571
TpsAltruisticFromLsfGain + CumulativeIndividualEstimated_INR + -15.0
None
(1, 15, 1, 4, 1, 1)
caused INR: -16.482705458740718
TpsRandomic + IndividualEstimated_INR + -10.0
None
ls_gain_coeffs:
[-148.7268716  -140.1376074  -128.62483314 -128.79215502 -142.08123861
 -113.87756584 -141.98968001 -145.53617804 -128.01816902 -136.2226941
 -144.02923351 -137.57445056 -141.73344654 -129.51131617 -128.25887432]
inrs_hat:  [-37.73717156 -29.14790735 -17.6351331  -17.80245497 -31.09153857
  -2.88786579 -30.99997997 -34.546478   -17.02846898 -25.23299406
 -33.03953347 -26.58475051 -30.7437465  -18.52161613 -17.26917428]
scheduled_ues:  [ 0  1  2  3  4  6  7  8  9 10 11 12 13 14]
(1, 15, 1, 4, 1, 1)
caused INR: -9.43149037543937
TpsRandomic + IndividualEstimated_INR + -12.5
None
ls_gain_coeffs:
[-137.0665512  -150.82926014 -128.62483314 -128.79215502 -127.89923337
 -120.85793817 -141.98968001 -132.89381895 -133.6725631  -124.49354516
 -135.44018799 -137.57445056 -141.73344654 -145.91828623 -128.25887432]
inrs_hat:  [-26.07685116 -39.83956009 -17.6351331  -17.80245497 -16.90953332
  -9.86823812 -30.99997997 -21.90411891 -22.68286305 -13.50384511
 -24.45048795 -26.58475051 -30.7437465  -34.92858619 -17.26917428]
scheduled_ues:  [ 0  1  2  3  4  6  7  8  9 10 11 12 13 14]
(1, 15, 1, 4, 1, 1)
caused INR: -5.171320919812236
TpsRandomic + IndividualEstimated_INR + -15.0
None
ls_gain_coeffs:
[-137.0665512  -140.32314198 -128.62483314 -142.95938732 -142.08123861
 -113.87756584 -136.94003903 -132.89381895 -134.80537495 -136.2226941
 -127.41614968 -120.53863804 -127.8358294  -138.69397787 -124.25383516]
inrs_hat:  [-26.07685116 -29.33344194 -17.6351331  -31.96968727 -31.09153857
  -2.88786579 -25.95033899 -21.90411891 -23.8156749  -25.23299406
 -16.42644964  -9.548938   -16.84612936 -27.70427782 -13.26413512]
scheduled_ues:  [ 0  1  2  3  4  6  7  8  9 10 12 13]
(1, 15, 1, 4, 1, 1)
caused INR: -10.30740761103182
TpsRandomic + CumulativeIndividualEstimated_INR + -10.0
None
(1, 15, 1, 4, 1, 1)
caused INR: -13.084259821319492
TpsRandomic + CumulativeIndividualEstimated_INR + -12.5
None
(1, 15, 1, 4, 1, 1)
caused INR: -15.059445540289676
TpsRandomic + CumulativeIndividualEstimated_INR + -15.0
None
(1, 15, 1, 4, 1, 1)
caused INR: -15.073629718635402
Iteration number 10
TpsAltruisticFromLsfGain + IndividualEstimated_INR + -10.0
None
ls_gain_coeffs:
[-121.17908559 -145.35819805 -144.99950669 -132.51840531 -145.3265033
 -131.69326918 -142.31094064 -130.70527117 -131.02030293 -138.66889204
 -137.8636838  -138.67990103 -133.24514987 -143.86664969 -134.57278553]
inrs_hat:  [-10.18938555 -34.36849801 -34.00980665 -21.52870527 -34.33680326
 -20.70356913 -31.3212406  -19.71557113 -20.03060289 -27.679192
 -26.87398375 -27.69020099 -22.25544983 -32.87694965 -23.58308549]
scheduled_ues:  [ 0  1  2  3  4  5  6  7  8  9 10 11 12 13 14]
(1, 15, 1, 4, 1, 1)
caused INR: -4.370748660721097
TpsAltruisticFromLsfGain + IndividualEstimated_INR + -12.5
None
ls_gain_coeffs:
[-121.17908559 -145.35819805 -144.99950669 -132.51840531 -145.3265033
 -131.69326918 -142.31094064 -130.70527117 -131.02030293 -138.66889204
 -137.8636838  -138.67990103 -133.24514987 -143.86664969 -134.57278553]
inrs_hat:  [-10.18938555 -34.36849801 -34.00980665 -21.52870527 -34.33680326
 -20.70356913 -31.3212406  -19.71557113 -20.03060289 -27.679192
 -26.87398375 -27.69020099 -22.25544983 -32.87694965 -23.58308549]
scheduled_ues:  [ 1  2  3  4  5  6  7  8  9 10 11 12 13 14]
(1, 15, 1, 4, 1, 1)
caused INR: -20.150368384179224
TpsAltruisticFromLsfGain + IndividualEstimated_INR + -15.0
None
ls_gain_coeffs:
[-121.17908559 -145.35819805 -144.99950669 -132.51840531 -145.3265033
 -131.69326918 -142.31094064 -130.70527117 -131.02030293 -138.66889204
 -137.8636838  -138.67990103 -133.24514987 -143.86664969 -134.57278553]
inrs_hat:  [-10.18938555 -34.36849801 -34.00980665 -21.52870527 -34.33680326
 -20.70356913 -31.3212406  -19.71557113 -20.03060289 -27.679192
 -26.87398375 -27.69020099 -22.25544983 -32.87694965 -23.58308549]
scheduled_ues:  [ 1  2  3  4  5  6  7  8  9 10 11 12 13 14]
(1, 15, 1, 4, 1, 1)
caused INR: -20.150368384179224
TpsAltruisticFromLsfGain + CumulativeIndividualEstimated_INR + -10.0
None
(1, 15, 1, 4, 1, 1)
caused INR: -20.150368384179224
TpsAltruisticFromLsfGain + CumulativeIndividualEstimated_INR + -12.5
None
(1, 15, 1, 4, 1, 1)
caused INR: -20.150368384179224
TpsAltruisticFromLsfGain + CumulativeIndividualEstimated_INR + -15.0
None
(1, 15, 1, 4, 1, 1)
caused INR: -18.199612520573485
TpsRandomic + IndividualEstimated_INR + -10.0
None
ls_gain_coeffs:
[-104.18376518 -141.65331963 -144.99950669 -132.51840531 -131.12388116
 -131.69326918 -128.35569501 -113.89386046 -113.82494237 -125.97145432
 -124.98314516 -126.10112074 -125.33382799 -138.18671809 -126.60031474]
inrs_hat:  [  6.80593487 -30.66361959 -34.00980665 -21.52870527 -20.13418112
 -20.70356913 -17.36599496  -2.90416042  -2.83524233 -14.98175428
 -13.99344512 -15.11142069 -14.34412795 -27.19701804 -15.6106147 ]
scheduled_ues:  [ 1  2  3  4  5  6  9 10 11 12 13 14]
(1, 15, 1, 4, 1, 1)
caused INR: -6.207345767631142
TpsRandomic + IndividualEstimated_INR + -12.5
None
ls_gain_coeffs:
[-121.17908559 -141.65331963 -131.50038596 -132.51840531 -132.00439223
 -117.30905217 -128.35569501 -120.99065609 -131.02030293 -130.88233226
 -137.8636838  -138.67990103 -119.51627245 -143.86664969 -134.57278553]
inrs_hat:  [-10.18938555 -30.66361959 -20.51068592 -21.52870527 -21.01469219
  -6.31935213 -17.36599496 -10.00095605 -20.03060289 -19.89263222
 -26.87398375 -27.69020099  -8.52657241 -32.87694965 -23.58308549]
scheduled_ues:  [ 1  2  3  4  6  8  9 10 11 13 14]
(1, 15, 1, 4, 1, 1)
caused INR: -16.049296961484007
TpsRandomic + IndividualEstimated_INR + -15.0
None
ls_gain_coeffs:
[-104.18376518 -141.65331963 -130.44286524 -119.03054453 -131.12388116
 -123.93651462 -142.31094064 -120.99065609 -116.70827674 -130.88233226
 -137.8636838  -129.60930341 -133.24514987 -127.71590291 -134.57278553]
inrs_hat:  [  6.80593487 -30.66361959 -19.45316519  -8.04084449 -20.13418112
 -12.94681458 -31.3212406  -10.00095605  -5.7185767  -19.89263222
 -26.87398375 -18.61960337 -22.25544983 -16.72620287 -23.58308549]
scheduled_ues:  [ 1  2  4  6  9 10 11 12 13 14]
(1, 15, 1, 4, 1, 1)
caused INR: -9.668170332821171
TpsRandomic + CumulativeIndividualEstimated_INR + -10.0
None
(1, 15, 1, 4, 1, 1)
caused INR: -21.30977896985335
TpsRandomic + CumulativeIndividualEstimated_INR + -12.5
None
(1, 15, 1, 4, 1, 1)
caused INR: -10.555625701172763
TpsRandomic + CumulativeIndividualEstimated_INR + -15.0
None
(1, 15, 1, 4, 1, 1)
caused INR: -11.693084253590154
Iteration number 11
TpsAltruisticFromLsfGain + IndividualEstimated_INR + -10.0
None
ls_gain_coeffs:
[-138.53658982 -127.43810529 -146.95335629 -149.82539724 -138.95058814
 -133.04953274 -134.74702968 -122.11201163  -78.7147471  -121.56628683
 -130.58165119 -148.31162481 -146.31356938 -141.04990687 -138.19653909]
inrs_hat:  [-27.54688977 -16.44840525 -35.96365625 -38.83569719 -27.96088809
 -22.05983269 -23.75732964 -11.12231159  32.27495295 -10.57658679
 -19.59195115 -37.32192476 -35.32386934 -30.06020682 -27.20683905]
scheduled_ues:  [ 0  1  2  3  4  5  6  7  9 10 11 12 13 14]
(1, 15, 1, 4, 1, 1)
caused INR: -15.53836943825284
TpsAltruisticFromLsfGain + IndividualEstimated_INR + -12.5
None
ls_gain_coeffs:
[-138.53658982 -127.43810529 -146.95335629 -149.82539724 -138.95058814
 -133.04953274 -134.74702968 -122.11201163  -78.7147471  -121.56628683
 -130.58165119 -148.31162481 -146.31356938 -141.04990687 -138.19653909]
inrs_hat:  [-27.54688977 -16.44840525 -35.96365625 -38.83569719 -27.96088809
 -22.05983269 -23.75732964 -11.12231159  32.27495295 -10.57658679
 -19.59195115 -37.32192476 -35.32386934 -30.06020682 -27.20683905]
scheduled_ues:  [ 0  1  2  3  4  5  6 10 11 12 13 14]
(1, 15, 1, 4, 1, 1)
caused INR: -21.375513692128557
TpsAltruisticFromLsfGain + IndividualEstimated_INR + -15.0
None
ls_gain_coeffs:
[-138.53658982 -127.43810529 -146.95335629 -149.82539724 -138.95058814
 -133.04953274 -134.74702968 -122.11201163  -78.7147471  -121.56628683
 -130.58165119 -148.31162481 -146.31356938 -141.04990687 -138.19653909]
inrs_hat:  [-27.54688977 -16.44840525 -35.96365625 -38.83569719 -27.96088809
 -22.05983269 -23.75732964 -11.12231159  32.27495295 -10.57658679
 -19.59195115 -37.32192476 -35.32386934 -30.06020682 -27.20683905]
scheduled_ues:  [ 0  1  2  3  4  5  6 10 11 12 13 14]
(1, 15, 1, 4, 1, 1)
caused INR: -21.375513692128557
TpsAltruisticFromLsfGain + CumulativeIndividualEstimated_INR + -10.0
None
(1, 15, 1, 4, 1, 1)
caused INR: -21.375513692128557
TpsAltruisticFromLsfGain + CumulativeIndividualEstimated_INR + -12.5
None
(1, 15, 1, 4, 1, 1)
caused INR: -21.375513692128557
TpsAltruisticFromLsfGain + CumulativeIndividualEstimated_INR + -15.0
None
(1, 15, 1, 4, 1, 1)
caused INR: -20.481549845520213
TpsRandomic + IndividualEstimated_INR + -10.0
None
ls_gain_coeffs:
[-124.19805378 -114.67042154 -139.88016305 -140.08847214 -138.95058814
 -120.34178797 -117.86794312 -110.23896957  -78.7147471  -108.45570297
 -113.05673807 -131.48366648 -129.7192875  -129.56682454 -138.19653909]
inrs_hat:  [-13.20835374  -3.68072149 -28.89046301 -29.0987721  -27.96088809
  -9.35208793  -6.87824307   0.75073048  32.27495295   2.53399708
  -2.06703802 -20.49396644 -18.72958745 -18.5771245  -27.20683905]
scheduled_ues:  [ 0  2  3  4 11 12 13 14]
(1, 15, 1, 4, 1, 1)
caused INR: -29.422491661351913
TpsRandomic + IndividualEstimated_INR + -12.5
None
ls_gain_coeffs:
[-124.19805378 -114.67042154 -133.73225459 -133.01801184 -137.6510964
 -116.40538034 -120.12301349 -122.11201163  -66.24480233 -108.7901949
 -119.73725716 -138.58011661 -129.7192875  -129.56682454 -138.19653909]
inrs_hat:  [-13.20835374  -3.68072149 -22.74255454 -22.02831179 -26.66139636
  -5.41568029  -9.13331345 -11.12231159  44.74489771   2.19950515
  -8.74755711 -27.59041657 -18.72958745 -18.5771245  -27.20683905]
scheduled_ues:  [ 0  2  3  4 11 12 13 14]
(1, 15, 1, 4, 1, 1)
caused INR: -12.911906037475653
TpsRandomic + IndividualEstimated_INR + -15.0
None
ls_gain_coeffs:
[-138.53658982 -114.67042154 -133.73225459 -140.08847214 -125.64266031
 -133.04953274 -117.86794312 -111.88822939  -78.7147471  -121.56628683
 -118.81781898 -138.58011661 -146.31356938 -141.04990687 -124.80657666]
inrs_hat:  [-27.54688977  -3.68072149 -22.74255454 -29.0987721  -14.65296027
 -22.05983269  -6.87824307  -0.89852935  32.27495295 -10.57658679
  -7.82811893 -27.59041657 -35.32386934 -30.06020682 -13.81687662]
scheduled_ues:  [ 0  2  3  5 11 12 13]
(1, 15, 1, 4, 1, 1)
caused INR: -28.05105368045906
TpsRandomic + CumulativeIndividualEstimated_INR + -10.0
None
(1, 15, 1, 4, 1, 1)
caused INR: -17.189960021099424
TpsRandomic + CumulativeIndividualEstimated_INR + -12.5
None
(1, 15, 1, 4, 1, 1)
caused INR: -32.07680193278786
TpsRandomic + CumulativeIndividualEstimated_INR + -15.0
None
(1, 15, 1, 4, 1, 1)
caused INR: -22.527863866461047
Iteration number 12
TpsAltruisticFromLsfGain + IndividualEstimated_INR + -10.0
None
ls_gain_coeffs:
[-146.19076764 -125.88493956 -130.30853709 -126.99144643 -124.36216477
 -139.7180061  -114.48491544 -116.50390655 -128.83732597 -138.90437863
 -152.4978593  -123.41481477 -145.13893373 -137.2296743  -144.51733723]
inrs_hat:  [-35.2010676  -14.89523952 -19.31883705 -16.00174639 -13.37246473
 -28.72830606  -3.49521539  -5.51420651 -17.84762592 -27.91467859
 -41.50815925 -12.42511473 -34.14923368 -26.23997426 -33.52763719]
scheduled_ues:  [ 0  1  2  3  4  5  8  9 10 11 12 13 14]
(1, 15, 1, 4, 1, 1)
caused INR: -26.575523043591268
TpsAltruisticFromLsfGain + IndividualEstimated_INR + -12.5
None
ls_gain_coeffs:
[-146.19076764 -125.88493956 -130.30853709 -126.99144643 -124.36216477
 -139.7180061  -114.48491544 -116.50390655 -128.83732597 -138.90437863
 -152.4978593  -123.41481477 -145.13893373 -137.2296743  -144.51733723]
inrs_hat:  [-35.2010676  -14.89523952 -19.31883705 -16.00174639 -13.37246473
 -28.72830606  -3.49521539  -5.51420651 -17.84762592 -27.91467859
 -41.50815925 -12.42511473 -34.14923368 -26.23997426 -33.52763719]
scheduled_ues:  [ 0  1  2  3  4  5  8  9 10 12 13 14]
(1, 15, 1, 4, 1, 1)
caused INR: -10.908073507179123
TpsAltruisticFromLsfGain + IndividualEstimated_INR + -15.0
None
ls_gain_coeffs:
[-146.19076764 -125.88493956 -130.30853709 -126.99144643 -124.36216477
 -139.7180061  -114.48491544 -116.50390655 -128.83732597 -138.90437863
 -152.4978593  -123.41481477 -145.13893373 -137.2296743  -144.51733723]
inrs_hat:  [-35.2010676  -14.89523952 -19.31883705 -16.00174639 -13.37246473
 -28.72830606  -3.49521539  -5.51420651 -17.84762592 -27.91467859
 -41.50815925 -12.42511473 -34.14923368 -26.23997426 -33.52763719]
scheduled_ues:  [ 0  2  3  5  8  9 10 12 13 14]
(1, 15, 1, 4, 1, 1)
caused INR: -23.16681719056795
TpsAltruisticFromLsfGain + CumulativeIndividualEstimated_INR + -10.0
None
(1, 15, 1, 4, 1, 1)
caused INR: -13.97041416005978
TpsAltruisticFromLsfGain + CumulativeIndividualEstimated_INR + -12.5
None
(1, 15, 1, 4, 1, 1)
caused INR: -26.11951409015313
TpsAltruisticFromLsfGain + CumulativeIndividualEstimated_INR + -15.0
None
(1, 15, 1, 4, 1, 1)
caused INR: -21.35811243739475
TpsRandomic + IndividualEstimated_INR + -10.0
None
ls_gain_coeffs:
[-133.10267483 -125.56577321 -130.30853709 -126.99144643 -116.76413408
 -131.13510175  -99.61882555  -98.07344248 -115.53147817 -126.81089306
 -152.4978593  -110.18139985 -129.98797015 -135.36723901 -144.51733723]
inrs_hat:  [-22.11297478 -14.57607317 -19.31883705 -16.00174639  -5.77443403
 -20.1454017   11.37087449  12.91625756  -4.54177813 -15.82119301
 -41.50815925   0.8083002  -18.99827011 -24.37753896 -33.52763719]
scheduled_ues:  [ 0  1  2  3  5  9 10 12 13 14]
(1, 15, 1, 4, 1, 1)
caused INR: -4.074102964476688
TpsRandomic + IndividualEstimated_INR + -12.5
None
ls_gain_coeffs:
[-146.19076764 -113.23056199 -130.30853709 -110.04414916 -110.7922564
 -127.26572425  -95.86564363  -98.07344248 -115.53147817 -121.77697692
 -152.4978593  -122.22709238 -141.07488837 -124.16726254 -133.95128686]
inrs_hat:  [-35.2010676   -2.24086195 -19.31883705   0.94555088   0.19744365
 -16.27602421  15.12405641  12.91625756  -4.54177813 -10.78727687
 -41.50815925 -11.23739234 -30.08518833 -13.17756249 -22.96158682]
scheduled_ues:  [ 0  2  5 10 12 13 14]
(1, 15, 1, 4, 1, 1)
caused INR: -7.452431792484118
TpsRandomic + IndividualEstimated_INR + -15.0
None
ls_gain_coeffs:
[-133.10267483 -113.33695078 -116.42942805 -114.40557874 -110.7922564
 -131.13510175 -104.55406171 -116.50390655 -110.83797477 -126.81089306
 -135.89114599 -122.22709238 -131.34265194 -124.16726254 -127.45046658]
inrs_hat:  [-22.11297478  -2.34725073  -5.439728    -3.41587869   0.19744365
 -20.1454017    6.43563833  -5.51420651   0.15172527 -15.82119301
 -24.90144594 -11.23739234 -20.3529519  -13.17756249 -16.46076654]
scheduled_ues:  [ 0  5  9 10 12 14]
(1, 15, 1, 4, 1, 1)
caused INR: -16.09081886170452
TpsRandomic + CumulativeIndividualEstimated_INR + -10.0
None
(1, 15, 1, 4, 1, 1)
caused INR: -7.000537587489014
TpsRandomic + CumulativeIndividualEstimated_INR + -12.5
None
(1, 15, 1, 4, 1, 1)
caused INR: -16.644514228660345
TpsRandomic + CumulativeIndividualEstimated_INR + -15.0
None
(1, 15, 1, 4, 1, 1)
caused INR: -18.53792564644997
Iteration number 13
TpsAltruisticFromLsfGain + IndividualEstimated_INR + -10.0
None
ls_gain_coeffs:
[-122.05361526 -153.60856935 -133.13584584 -130.67053227 -151.10223866
 -138.03793505 -145.85494188 -144.7369835  -147.84322782 -134.82293014
 -140.03378976 -135.67557177 -129.12566585 -143.38313303 -141.65092007]
inrs_hat:  [-11.06391522 -42.61886931 -22.1461458  -19.68083222 -40.11253862
 -27.048235   -34.86524184 -33.74728346 -36.85352778 -23.83323009
 -29.04408972 -24.68587172 -18.13596581 -32.39343299 -30.66122003]
scheduled_ues:  [ 0  1  2  3  4  5  6  7  8  9 10 11 12 13 14]
(1, 15, 1, 4, 1, 1)
caused INR: -3.580986973816231
TpsAltruisticFromLsfGain + IndividualEstimated_INR + -12.5
None
ls_gain_coeffs:
[-122.05361526 -153.60856935 -133.13584584 -130.67053227 -151.10223866
 -138.03793505 -145.85494188 -144.7369835  -147.84322782 -134.82293014
 -140.03378976 -135.67557177 -129.12566585 -143.38313303 -141.65092007]
inrs_hat:  [-11.06391522 -42.61886931 -22.1461458  -19.68083222 -40.11253862
 -27.048235   -34.86524184 -33.74728346 -36.85352778 -23.83323009
 -29.04408972 -24.68587172 -18.13596581 -32.39343299 -30.66122003]
scheduled_ues:  [ 1  2  3  4  5  6  7  8  9 10 11 12 13 14]
(1, 15, 1, 4, 1, 1)
caused INR: -9.894511176149852
TpsAltruisticFromLsfGain + IndividualEstimated_INR + -15.0
None
ls_gain_coeffs:
[-122.05361526 -153.60856935 -133.13584584 -130.67053227 -151.10223866
 -138.03793505 -145.85494188 -144.7369835  -147.84322782 -134.82293014
 -140.03378976 -135.67557177 -129.12566585 -143.38313303 -141.65092007]
inrs_hat:  [-11.06391522 -42.61886931 -22.1461458  -19.68083222 -40.11253862
 -27.048235   -34.86524184 -33.74728346 -36.85352778 -23.83323009
 -29.04408972 -24.68587172 -18.13596581 -32.39343299 -30.66122003]
scheduled_ues:  [ 1  2  3  4  5  6  7  8  9 10 11 12 13 14]
(1, 15, 1, 4, 1, 1)
caused INR: -9.894511176149852
TpsAltruisticFromLsfGain + CumulativeIndividualEstimated_INR + -10.0
None
(1, 15, 1, 4, 1, 1)
caused INR: -9.894511176149852
TpsAltruisticFromLsfGain + CumulativeIndividualEstimated_INR + -12.5
None
(1, 15, 1, 4, 1, 1)
caused INR: -9.894511176149852
TpsAltruisticFromLsfGain + CumulativeIndividualEstimated_INR + -15.0
None
(1, 15, 1, 4, 1, 1)
caused INR: -10.231945061475983
TpsRandomic + IndividualEstimated_INR + -10.0
None
ls_gain_coeffs:
[-114.54732821 -139.75472311 -133.13584584 -130.67053227 -140.40718015
 -124.1916263  -128.99678512 -138.31106947 -147.84322782 -133.54479185
 -140.03378976 -119.32304131 -114.90403497 -135.00070695 -140.52089393]
inrs_hat:  [ -3.55762817 -28.76502307 -22.1461458  -19.68083222 -29.41748011
 -13.20192626 -18.00708507 -27.32136942 -36.85352778 -22.55509181
 -29.04408972  -8.33334126  -3.91433493 -24.0110069  -29.53119388]
scheduled_ues:  [ 1  2  3  4  5  6  7  8  9 10 13 14]
(1, 15, 1, 4, 1, 1)
caused INR: -9.48825379024925
TpsRandomic + IndividualEstimated_INR + -12.5
None
ls_gain_coeffs:
[-107.99467439 -139.75472311 -116.31589024 -113.81637162 -151.10223866
 -121.97758554 -145.85494188 -130.95699127 -143.17281415 -121.95528404
 -129.10492149 -135.67557177 -114.90403497 -143.38313303 -140.52089393]
inrs_hat:  [  2.99502565 -28.76502307  -5.32619019  -2.82667157 -40.11253862
 -10.98788549 -34.86524184 -19.96729123 -32.18311411 -10.965584
 -18.11522145 -24.68587172  -3.91433493 -32.39343299 -29.53119388]
scheduled_ues:  [ 1  4  6  7  8 10 11 13 14]
(1, 15, 1, 4, 1, 1)
caused INR: -16.202855411058113
TpsRandomic + IndividualEstimated_INR + -15.0
None
ls_gain_coeffs:
[-122.05361526 -137.54952516 -116.31589024 -119.60803923 -140.40718015
 -132.20514477 -145.85494188 -144.7369835  -133.84482327 -121.95528404
 -140.03378976 -119.32304131 -123.78557321 -143.38313303 -141.65092007]
inrs_hat:  [-11.06391522 -26.55982511  -5.32619019  -8.61833918 -29.41748011
 -21.21544473 -34.86524184 -33.74728346 -22.85512322 -10.965584
 -29.04408972  -8.33334126 -12.79587317 -32.39343299 -30.66122003]
scheduled_ues:  [ 1  4  5  6  7  8 10 13 14]
(1, 15, 1, 4, 1, 1)
caused INR: -26.87305741481206
TpsRandomic + CumulativeIndividualEstimated_INR + -10.0
None
(1, 15, 1, 4, 1, 1)
caused INR: -10.403210049963256
TpsRandomic + CumulativeIndividualEstimated_INR + -12.5
None
(1, 15, 1, 4, 1, 1)
caused INR: -12.462359163865557
TpsRandomic + CumulativeIndividualEstimated_INR + -15.0
None
(1, 15, 1, 4, 1, 1)
caused INR: -11.876613262168807
Iteration number 14
TpsAltruisticFromLsfGain + IndividualEstimated_INR + -10.0
None
ls_gain_coeffs:
[-146.05071141 -134.9964978  -124.95168662 -136.2951621  -144.30343133
 -135.37328088 -149.50645172 -136.93798276 -132.66375006 -143.89028555
 -145.7877532  -151.71124537 -134.68571585 -128.48906268 -143.7306264 ]
inrs_hat:  [-35.06101137 -24.00679776 -13.96198658 -25.30546206 -33.31373128
 -24.38358084 -38.51675168 -25.94828272 -21.67405001 -32.90058551
 -34.79805316 -40.72154533 -23.69601581 -17.49936263 -32.74092635]
scheduled_ues:  [ 0  1  2  3  4  5  6  7  8  9 10 11 12 13 14]
(1, 15, 1, 4, 1, 1)
caused INR: -12.145205698027704
TpsAltruisticFromLsfGain + IndividualEstimated_INR + -12.5
None
ls_gain_coeffs:
[-146.05071141 -134.9964978  -124.95168662 -136.2951621  -144.30343133
 -135.37328088 -149.50645172 -136.93798276 -132.66375006 -143.89028555
 -145.7877532  -151.71124537 -134.68571585 -128.48906268 -143.7306264 ]
inrs_hat:  [-35.06101137 -24.00679776 -13.96198658 -25.30546206 -33.31373128
 -24.38358084 -38.51675168 -25.94828272 -21.67405001 -32.90058551
 -34.79805316 -40.72154533 -23.69601581 -17.49936263 -32.74092635]
scheduled_ues:  [ 0  1  2  3  4  5  6  7  8  9 10 11 12 13 14]
(1, 15, 1, 4, 1, 1)
caused INR: -12.145205698027704
TpsAltruisticFromLsfGain + IndividualEstimated_INR + -15.0
None
ls_gain_coeffs:
[-146.05071141 -134.9964978  -124.95168662 -136.2951621  -144.30343133
 -135.37328088 -149.50645172 -136.93798276 -132.66375006 -143.89028555
 -145.7877532  -151.71124537 -134.68571585 -128.48906268 -143.7306264 ]
inrs_hat:  [-35.06101137 -24.00679776 -13.96198658 -25.30546206 -33.31373128
 -24.38358084 -38.51675168 -25.94828272 -21.67405001 -32.90058551
 -34.79805316 -40.72154533 -23.69601581 -17.49936263 -32.74092635]
scheduled_ues:  [ 0  1  3  4  5  6  7  8  9 10 11 12 13 14]
(1, 15, 1, 4, 1, 1)
caused INR: -17.888267754163763
TpsAltruisticFromLsfGain + CumulativeIndividualEstimated_INR + -10.0
None
(1, 15, 1, 4, 1, 1)
caused INR: -12.145205698027704
TpsAltruisticFromLsfGain + CumulativeIndividualEstimated_INR + -12.5
None
(1, 15, 1, 4, 1, 1)
caused INR: -17.888267754163763
TpsAltruisticFromLsfGain + CumulativeIndividualEstimated_INR + -15.0
None
(1, 15, 1, 4, 1, 1)
caused INR: -13.194722755284406
TpsRandomic + IndividualEstimated_INR + -10.0
None
ls_gain_coeffs:
[-146.05071141 -126.03477346 -111.07669496 -136.2951621  -131.19318966
 -131.56098148 -143.12316943 -123.63657972 -115.48196649 -127.23527263
 -131.94954166 -139.53913536 -123.49915319 -121.8102691  -143.7306264 ]
inrs_hat:  [-35.06101137 -15.04507342  -0.08699491 -25.30546206 -20.20348962
 -20.57128143 -32.13346939 -12.64687968  -4.49226645 -16.24557259
 -20.95984161 -28.54943531 -12.50945314 -10.82056906 -32.74092635]
scheduled_ues:  [ 0  1  3  4  5  6  7  9 10 11 12 13 14]
(1, 15, 1, 4, 1, 1)
caused INR: -1.3971832955334902
TpsRandomic + IndividualEstimated_INR + -12.5
None
ls_gain_coeffs:
[-133.52865714 -134.9964978  -111.07669496 -136.2951621  -144.30343133
 -121.66091441 -143.12316943 -123.63657972 -132.66375006 -127.23527263
 -145.7877532  -135.17389513 -124.68488107 -114.65476436 -126.7230266 ]
inrs_hat:  [-22.5389571  -24.00679776  -0.08699491 -25.30546206 -33.31373128
 -10.67121437 -32.13346939 -12.64687968 -21.67405001 -16.24557259
 -34.79805316 -24.18419508 -13.69518103  -3.66506432 -15.73332655]
scheduled_ues:  [ 0  1  3  4  6  7  8  9 10 11 12 14]
(1, 15, 1, 4, 1, 1)
caused INR: -9.249338065680496
TpsRandomic + IndividualEstimated_INR + -15.0
None
ls_gain_coeffs:
[-137.27596598 -122.03935607 -120.65151163 -136.2951621  -130.52454799
 -131.56098148 -149.50645172 -123.63657972 -123.78937818 -127.23527263
 -145.7877532  -143.2502549  -134.68571585 -128.48906268 -143.7306264 ]
inrs_hat:  [-26.28626594 -11.04965602  -9.66181159 -25.30546206 -19.53484795
 -20.57128143 -38.51675168 -12.64687968 -12.79967813 -16.24557259
 -34.79805316 -32.26055486 -23.69601581 -17.49936263 -32.74092635]
scheduled_ues:  [ 0  3  4  5  6  9 10 11 12 13 14]
(1, 15, 1, 4, 1, 1)
caused INR: -13.94339597559047
TpsRandomic + CumulativeIndividualEstimated_INR + -10.0
None
(1, 15, 1, 4, 1, 1)
caused INR: -27.50547603227718
TpsRandomic + CumulativeIndividualEstimated_INR + -12.5
None
(1, 15, 1, 4, 1, 1)
caused INR: -19.337251022345463
TpsRandomic + CumulativeIndividualEstimated_INR + -15.0
None
(1, 15, 1, 4, 1, 1)
caused INR: -16.23016565527007
Iteration number 15
TpsAltruisticFromLsfGain + IndividualEstimated_INR + -10.0
None
ls_gain_coeffs:
[-136.31978252 -136.6836486  -143.16339564 -140.81059526 -126.76362639
 -134.96826643 -121.57350334 -132.69371699 -139.33893567 -150.16948479
 -143.68759552 -148.44392468 -141.68329937 -143.20076211 -134.27811548]
inrs_hat:  [-25.33008248 -25.69394855 -32.17369559 -29.82089522 -15.77392635
 -23.97856638 -10.58380329 -21.70401694 -28.34923563 -39.17978475
 -32.69789547 -37.45422464 -30.69359932 -32.21106207 -23.28841544]
scheduled_ues:  [ 0  1  2  3  4  5  6  7  8  9 10 11 12 13 14]
(1, 15, 1, 4, 1, 1)
caused INR: -14.423107096845344
TpsAltruisticFromLsfGain + IndividualEstimated_INR + -12.5
None
ls_gain_coeffs:
[-136.31978252 -136.6836486  -143.16339564 -140.81059526 -126.76362639
 -134.96826643 -121.57350334 -132.69371699 -139.33893567 -150.16948479
 -143.68759552 -148.44392468 -141.68329937 -143.20076211 -134.27811548]
inrs_hat:  [-25.33008248 -25.69394855 -32.17369559 -29.82089522 -15.77392635
 -23.97856638 -10.58380329 -21.70401694 -28.34923563 -39.17978475
 -32.69789547 -37.45422464 -30.69359932 -32.21106207 -23.28841544]
scheduled_ues:  [ 0  1  2  3  4  5  7  8  9 10 11 12 13 14]
(1, 15, 1, 4, 1, 1)
caused INR: -11.181736284799422
TpsAltruisticFromLsfGain + IndividualEstimated_INR + -15.0
None
ls_gain_coeffs:
[-136.31978252 -136.6836486  -143.16339564 -140.81059526 -126.76362639
 -134.96826643 -121.57350334 -132.69371699 -139.33893567 -150.16948479
 -143.68759552 -148.44392468 -141.68329937 -143.20076211 -134.27811548]
inrs_hat:  [-25.33008248 -25.69394855 -32.17369559 -29.82089522 -15.77392635
 -23.97856638 -10.58380329 -21.70401694 -28.34923563 -39.17978475
 -32.69789547 -37.45422464 -30.69359932 -32.21106207 -23.28841544]
scheduled_ues:  [ 0  1  2  3  4  5  7  8  9 10 11 12 13 14]
(1, 15, 1, 4, 1, 1)
caused INR: -11.181736284799422
TpsAltruisticFromLsfGain + CumulativeIndividualEstimated_INR + -10.0
None
(1, 15, 1, 4, 1, 1)
caused INR: -11.181736284799422
TpsAltruisticFromLsfGain + CumulativeIndividualEstimated_INR + -12.5
None
(1, 15, 1, 4, 1, 1)
caused INR: -11.181736284799422
TpsAltruisticFromLsfGain + CumulativeIndividualEstimated_INR + -15.0
None
(1, 15, 1, 4, 1, 1)
caused INR: -8.573236893627794
TpsRandomic + IndividualEstimated_INR + -10.0
None
ls_gain_coeffs:
[-122.58720716 -123.01866174 -129.82720779 -128.17588591 -126.76362639
 -134.96826643 -117.87740473 -132.2945335  -139.33893567 -139.35628484
 -143.68759552 -138.71941826 -132.74511067 -133.94504142 -134.27811548]
inrs_hat:  [-11.59750711 -12.0289617  -18.83750775 -17.18618586 -15.77392635
 -23.97856638  -6.88770469 -21.30483346 -28.34923563 -28.3665848
 -32.69789547 -27.72971821 -21.75541063 -22.95534137 -23.28841544]
scheduled_ues:  [ 0  1  2  3  4  5  7  8  9 10 11 12 13 14]
(1, 15, 1, 4, 1, 1)
caused INR: -8.551055185052817
TpsRandomic + IndividualEstimated_INR + -12.5
None
ls_gain_coeffs:
[-122.58720716 -123.01866174 -128.93261995 -128.17588591 -126.76362639
 -123.95500639 -121.57350334 -120.11905582 -139.09103517 -139.81481805
 -143.68759552 -137.08276492 -132.74511067 -131.44933041 -118.41511438]
inrs_hat:  [-11.59750711 -12.0289617  -17.94291991 -17.18618586 -15.77392635
 -12.96530634 -10.58380329  -9.12935578 -28.10133512 -28.82511801
 -32.69789547 -26.09306488 -21.75541063 -20.45963037  -7.42541434]
scheduled_ues:  [ 2  3  4  5  8  9 10 11 12 13]
(1, 15, 1, 4, 1, 1)
caused INR: -6.051987994395822
TpsRandomic + IndividualEstimated_INR + -15.0
None
ls_gain_coeffs:
[-130.02257645 -136.6836486  -143.16339564 -128.17588591 -126.76362639
 -118.18475302 -121.57350334 -132.69371699 -139.33893567 -139.81481805
 -135.00841403 -131.68029159 -124.84559834 -143.20076211 -118.41511438]
inrs_hat:  [-19.03287641 -25.69394855 -32.17369559 -17.18618586 -15.77392635
  -7.19505297 -10.58380329 -21.70401694 -28.34923563 -28.82511801
 -24.01871399 -20.69059155 -13.8558983  -32.21106207  -7.42541434]
scheduled_ues:  [ 0  1  2  3  4  7  8  9 10 11 13]
(1, 15, 1, 4, 1, 1)
caused INR: -9.119071271470181
TpsRandomic + CumulativeIndividualEstimated_INR + -10.0
None
(1, 15, 1, 4, 1, 1)
caused INR: -10.772766855540809
TpsRandomic + CumulativeIndividualEstimated_INR + -12.5
None
(1, 15, 1, 4, 1, 1)
caused INR: -7.8096605660906615
TpsRandomic + CumulativeIndividualEstimated_INR + -15.0
None
(1, 15, 1, 4, 1, 1)
caused INR: -14.414435680093407
Iteration number 16
TpsAltruisticFromLsfGain + IndividualEstimated_INR + -10.0
None
ls_gain_coeffs:
[-148.77704795 -141.32009275 -130.61507466 -138.22679445 -140.76617853
 -124.52949997 -138.27556498 -129.05366214 -153.14548894 -128.61292773
 -126.10640253 -141.27871766 -134.47919702 -131.95201368 -135.59472486]
inrs_hat:  [-37.7873479  -30.33039271 -19.62537462 -27.23709441 -29.77647849
 -13.53979993 -27.28586493 -18.0639621  -42.1557889  -17.62322769
 -15.11670249 -30.28901762 -23.48949698 -20.96231364 -24.60502481]
scheduled_ues:  [ 0  1  2  3  4  5  6  7  8  9 10 11 12 13 14]
(1, 15, 1, 4, 1, 1)
caused INR: -8.551040284548613
TpsAltruisticFromLsfGain + IndividualEstimated_INR + -12.5
None
ls_gain_coeffs:
[-148.77704795 -141.32009275 -130.61507466 -138.22679445 -140.76617853
 -124.52949997 -138.27556498 -129.05366214 -153.14548894 -128.61292773
 -126.10640253 -141.27871766 -134.47919702 -131.95201368 -135.59472486]
inrs_hat:  [-37.7873479  -30.33039271 -19.62537462 -27.23709441 -29.77647849
 -13.53979993 -27.28586493 -18.0639621  -42.1557889  -17.62322769
 -15.11670249 -30.28901762 -23.48949698 -20.96231364 -24.60502481]
scheduled_ues:  [ 0  1  2  3  4  5  6  7  8  9 10 11 12 13 14]
(1, 15, 1, 4, 1, 1)
caused INR: -8.551040284548613
TpsAltruisticFromLsfGain + IndividualEstimated_INR + -15.0
None
ls_gain_coeffs:
[-148.77704795 -141.32009275 -130.61507466 -138.22679445 -140.76617853
 -124.52949997 -138.27556498 -129.05366214 -153.14548894 -128.61292773
 -126.10640253 -141.27871766 -134.47919702 -131.95201368 -135.59472486]
inrs_hat:  [-37.7873479  -30.33039271 -19.62537462 -27.23709441 -29.77647849
 -13.53979993 -27.28586493 -18.0639621  -42.1557889  -17.62322769
 -15.11670249 -30.28901762 -23.48949698 -20.96231364 -24.60502481]
scheduled_ues:  [ 0  1  2  3  4  6  7  8  9 10 11 12 13 14]
(1, 15, 1, 4, 1, 1)
caused INR: -17.914747513689854
TpsAltruisticFromLsfGain + CumulativeIndividualEstimated_INR + -10.0
None
(1, 15, 1, 4, 1, 1)
caused INR: -17.914747513689854
TpsAltruisticFromLsfGain + CumulativeIndividualEstimated_INR + -12.5
None
(1, 15, 1, 4, 1, 1)
caused INR: -23.230175990373535
TpsAltruisticFromLsfGain + CumulativeIndividualEstimated_INR + -15.0
None
(1, 15, 1, 4, 1, 1)
caused INR: -15.753860092638746
TpsRandomic + IndividualEstimated_INR + -10.0
None
ls_gain_coeffs:
[-134.19115525 -138.40187157 -130.61507466 -121.33620219 -123.83469485
 -107.38425878 -138.27556498 -115.40571    -142.15788641 -111.08736681
 -116.30116896 -128.2581124  -120.68868056 -131.95201368 -121.39872054]
inrs_hat:  [-23.20145521 -27.41217153 -19.62537462 -10.34650215 -12.8449948
   3.60544126 -27.28586493  -4.41600996 -31.16818637  -0.09766677
  -5.31146891 -17.26841235  -9.69898052 -20.96231364 -10.4090205 ]
scheduled_ues:  [ 0  1  2  3  4  6  8 11 13 14]
(1, 15, 1, 4, 1, 1)
caused INR: -16.481237151138682
TpsRandomic + IndividualEstimated_INR + -12.5
None
ls_gain_coeffs:
[-148.77704795 -127.90575236 -121.76459057 -138.22679445 -130.48360811
 -124.52949997 -129.77814097 -119.11618044 -136.47510782 -128.61292773
 -116.30116896 -141.27871766 -121.36313879 -115.87471893 -130.15301872]
inrs_hat:  [-37.7873479  -16.91605231 -10.77489053 -27.23709441 -19.49390807
 -13.53979993 -18.78844092  -8.1264804  -25.48540777 -17.62322769
  -5.31146891 -30.28901762 -10.37343875  -4.88501889 -19.16331868]
scheduled_ues:  [ 0  1  3  4  5  6  8  9 11 14]
(1, 15, 1, 4, 1, 1)
caused INR: -10.411855307710354
TpsRandomic + IndividualEstimated_INR + -15.0
None
ls_gain_coeffs:
[-148.77704795 -141.32009275 -121.76459057 -124.78986712 -123.83469485
 -116.83423374 -125.38464694 -115.40571    -153.14548894 -111.08736681
 -116.30116896 -134.12026146 -120.68868056 -131.95201368 -121.39872054]
inrs_hat:  [-37.7873479  -30.33039271 -10.77489053 -13.80016707 -12.8449948
  -5.8445337  -14.3949469   -4.41600996 -42.1557889   -0.09766677
  -5.31146891 -23.13056141  -9.69898052 -20.96231364 -10.4090205 ]
scheduled_ues:  [ 0  1  8 11 13]
(1, 15, 1, 4, 1, 1)
caused INR: -18.138754324034863
TpsRandomic + CumulativeIndividualEstimated_INR + -10.0
None
(1, 15, 1, 4, 1, 1)
caused INR: -15.911886737331615
TpsRandomic + CumulativeIndividualEstimated_INR + -12.5
None
(1, 15, 1, 4, 1, 1)
caused INR: -14.491218489456832
TpsRandomic + CumulativeIndividualEstimated_INR + -15.0
None
(1, 15, 1, 4, 1, 1)
caused INR: -23.195476845851143
Iteration number 17
TpsAltruisticFromLsfGain + IndividualEstimated_INR + -10.0
None
ls_gain_coeffs:
[-136.30722529 -126.50736341 -133.88409595 -142.90152654 -134.94634327
 -126.68050618 -142.87476378 -132.2542979  -151.70637645 -135.80122648
 -146.66023619 -133.92718724 -140.89752549 -139.78971234 -137.45702443]
inrs_hat:  [-25.31752524 -15.51766337 -22.89439591 -31.9118265  -23.95664323
 -15.69080613 -31.88506373 -21.26459786 -40.7166764  -24.81152644
 -35.67053614 -22.9374872  -29.90782545 -28.8000123  -26.46732439]
scheduled_ues:  [ 0  1  2  3  4  5  6  7  8  9 10 11 12 13 14]
(1, 15, 1, 4, 1, 1)
caused INR: -11.789402254917654
TpsAltruisticFromLsfGain + IndividualEstimated_INR + -12.5
None
ls_gain_coeffs:
[-136.30722529 -126.50736341 -133.88409595 -142.90152654 -134.94634327
 -126.68050618 -142.87476378 -132.2542979  -151.70637645 -135.80122648
 -146.66023619 -133.92718724 -140.89752549 -139.78971234 -137.45702443]
inrs_hat:  [-25.31752524 -15.51766337 -22.89439591 -31.9118265  -23.95664323
 -15.69080613 -31.88506373 -21.26459786 -40.7166764  -24.81152644
 -35.67053614 -22.9374872  -29.90782545 -28.8000123  -26.46732439]
scheduled_ues:  [ 0  1  2  3  4  5  6  7  8  9 10 11 12 13 14]
(1, 15, 1, 4, 1, 1)
caused INR: -11.789402254917654
TpsAltruisticFromLsfGain + IndividualEstimated_INR + -15.0
None
ls_gain_coeffs:
[-136.30722529 -126.50736341 -133.88409595 -142.90152654 -134.94634327
 -126.68050618 -142.87476378 -132.2542979  -151.70637645 -135.80122648
 -146.66023619 -133.92718724 -140.89752549 -139.78971234 -137.45702443]
inrs_hat:  [-25.31752524 -15.51766337 -22.89439591 -31.9118265  -23.95664323
 -15.69080613 -31.88506373 -21.26459786 -40.7166764  -24.81152644
 -35.67053614 -22.9374872  -29.90782545 -28.8000123  -26.46732439]
scheduled_ues:  [ 0  1  2  3  4  5  6  7  8  9 10 11 12 13 14]
(1, 15, 1, 4, 1, 1)
caused INR: -11.789402254917654
TpsAltruisticFromLsfGain + CumulativeIndividualEstimated_INR + -10.0
None
(1, 15, 1, 4, 1, 1)
caused INR: -11.789402254917654
TpsAltruisticFromLsfGain + CumulativeIndividualEstimated_INR + -12.5
None
(1, 15, 1, 4, 1, 1)
caused INR: -12.87475220636364
TpsAltruisticFromLsfGain + CumulativeIndividualEstimated_INR + -15.0
None
(1, 15, 1, 4, 1, 1)
caused INR: -14.112779938725271
TpsRandomic + IndividualEstimated_INR + -10.0
None
ls_gain_coeffs:
[-136.30722529 -116.66021775 -116.93188882 -142.90152654 -127.42828759
 -124.26974585 -125.98131861 -122.26687205 -140.2962673  -135.80122648
 -133.43545826 -117.06646697 -138.4569307  -126.89821751 -137.45702443]
inrs_hat:  [-25.31752524  -5.67051771  -5.94218878 -31.9118265  -16.43858754
 -13.28004581 -14.99161856 -11.277172   -29.30656726 -24.81152644
 -22.44575822  -6.07676692 -27.46723066 -15.90851747 -26.46732439]
scheduled_ues:  [ 0  3  4  5  6  7  8  9 10 12 13 14]
(1, 15, 1, 4, 1, 1)
caused INR: -12.71598858323963
TpsRandomic + IndividualEstimated_INR + -12.5
None
ls_gain_coeffs:
[-119.12135983 -113.19104432 -133.88409595 -142.90152654 -127.42828759
 -112.63173263 -142.87476378 -132.2542979  -140.2962673  -127.30995307
 -130.22445904 -117.06646697 -138.4569307  -122.59427648 -123.63922436]
inrs_hat:  [ -8.13165978  -2.20134427 -22.89439591 -31.9118265  -16.43858754
  -1.64203258 -31.88506373 -21.26459786 -29.30656726 -16.32025303
 -19.23475899  -6.07676692 -27.46723066 -11.60457643 -12.64952432]
scheduled_ues:  [ 2  3  4  6  7  8  9 10 12 14]
(1, 15, 1, 4, 1, 1)
caused INR: -11.590154327327935
TpsRandomic + IndividualEstimated_INR + -15.0
None
ls_gain_coeffs:
[-123.34841763 -116.66021775 -119.89975307 -125.92626963 -134.94634327
 -113.4353194  -133.28032813 -120.26489956 -141.96323675 -135.80122648
 -133.43545826 -133.92718724 -140.89752549 -122.59427648 -135.39272433]
inrs_hat:  [-12.35871759  -5.67051771  -8.91005302 -14.93656959 -23.95664323
  -2.44561936 -22.29062808  -9.27519952 -30.9735367  -24.81152644
 -22.44575822 -22.9374872  -29.90782545 -11.60457643 -24.40302429]
scheduled_ues:  [ 4  6  8  9 10 11 12 14]
(1, 15, 1, 4, 1, 1)
caused INR: -11.798903997397012
TpsRandomic + CumulativeIndividualEstimated_INR + -10.0
None
(1, 15, 1, 4, 1, 1)
caused INR: -12.725247488184642
TpsRandomic + CumulativeIndividualEstimated_INR + -12.5
None
(1, 15, 1, 4, 1, 1)
caused INR: -22.390495456071363
TpsRandomic + CumulativeIndividualEstimated_INR + -15.0
None
(1, 15, 1, 4, 1, 1)
caused INR: -27.01497598603437
Iteration number 18
TpsAltruisticFromLsfGain + IndividualEstimated_INR + -10.0
None
ls_gain_coeffs:
[-133.77035487 -151.97582566 -135.37950724 -130.80373316 -116.3478859
 -129.63729679 -127.96936922 -148.87244301 -149.24099587 -125.50111871
 -136.1936977  -147.04190414 -136.02304098 -146.82840664 -147.67214294]
inrs_hat:  [-22.78065483 -40.98612561 -24.3898072  -19.81403312  -5.35818585
 -18.64759674 -16.97966917 -37.88274297 -38.25129583 -14.51141867
 -25.20399765 -36.05220409 -25.03334094 -35.8387066  -36.6824429 ]
scheduled_ues:  [ 0  1  2  3  5  6  7  8  9 10 11 12 13 14]
(1, 15, 1, 4, 1, 1)
caused INR: -6.090225017745031
TpsAltruisticFromLsfGain + IndividualEstimated_INR + -12.5
None
ls_gain_coeffs:
[-133.77035487 -151.97582566 -135.37950724 -130.80373316 -116.3478859
 -129.63729679 -127.96936922 -148.87244301 -149.24099587 -125.50111871
 -136.1936977  -147.04190414 -136.02304098 -146.82840664 -147.67214294]
inrs_hat:  [-22.78065483 -40.98612561 -24.3898072  -19.81403312  -5.35818585
 -18.64759674 -16.97966917 -37.88274297 -38.25129583 -14.51141867
 -25.20399765 -36.05220409 -25.03334094 -35.8387066  -36.6824429 ]
scheduled_ues:  [ 0  1  2  3  5  6  7  8  9 10 11 12 13 14]
(1, 15, 1, 4, 1, 1)
caused INR: -6.090225017745031
TpsAltruisticFromLsfGain + IndividualEstimated_INR + -15.0
None
ls_gain_coeffs:
[-133.77035487 -151.97582566 -135.37950724 -130.80373316 -116.3478859
 -129.63729679 -127.96936922 -148.87244301 -149.24099587 -125.50111871
 -136.1936977  -147.04190414 -136.02304098 -146.82840664 -147.67214294]
inrs_hat:  [-22.78065483 -40.98612561 -24.3898072  -19.81403312  -5.35818585
 -18.64759674 -16.97966917 -37.88274297 -38.25129583 -14.51141867
 -25.20399765 -36.05220409 -25.03334094 -35.8387066  -36.6824429 ]
scheduled_ues:  [ 0  1  2  3  5  6  7  8 10 11 12 13 14]
(1, 15, 1, 4, 1, 1)
caused INR: -7.778588768188957
TpsAltruisticFromLsfGain + CumulativeIndividualEstimated_INR + -10.0
None
(1, 15, 1, 4, 1, 1)
caused INR: -6.090225017745031
TpsAltruisticFromLsfGain + CumulativeIndividualEstimated_INR + -12.5
None
(1, 15, 1, 4, 1, 1)
caused INR: -12.376009858813282
TpsAltruisticFromLsfGain + CumulativeIndividualEstimated_INR + -15.0
None
(1, 15, 1, 4, 1, 1)
caused INR: -15.40333631850812
TpsRandomic + IndividualEstimated_INR + -10.0
None
ls_gain_coeffs:
[-128.06905786 -139.21059863 -135.37950724 -113.98596896 -111.50578905
 -111.64103209 -118.35597329 -136.49824795 -136.11605368 -125.50111871
 -136.1936977  -133.80490197 -119.01257335 -146.82840664 -133.6440448 ]
inrs_hat:  [-17.07935781 -28.22089859 -24.3898072   -2.99626892  -0.516089
  -0.65133204  -7.36627325 -25.50854791 -25.12635364 -14.51141867
 -25.20399765 -22.81520192  -8.02287331 -35.8387066  -22.65434476]
scheduled_ues:  [ 0  1  2  7  8  9 10 11 13 14]
(1, 15, 1, 4, 1, 1)
caused INR: -12.266498393974242
TpsRandomic + IndividualEstimated_INR + -12.5
None
ls_gain_coeffs:
[-117.66310206 -151.97582566 -118.55834163 -121.46980382 -111.50578905
 -120.62575394 -118.35597329 -136.49824795 -136.11605368 -117.00584056
 -123.83136619 -139.87972198 -128.33548239 -140.8948013  -133.6440448 ]
inrs_hat:  [ -6.67340202 -40.98612561  -7.56864159 -10.48010378  -0.516089
  -9.6360539   -7.36627325 -25.50854791 -25.12635364  -6.01614051
 -12.84166615 -28.89002194 -17.34578235 -29.90510125 -22.65434476]
scheduled_ues:  [ 1  7  8 10 11 12 13 14]
(1, 15, 1, 4, 1, 1)
caused INR: -22.802938345558353
TpsRandomic + IndividualEstimated_INR + -15.0
None
ls_gain_coeffs:
[-128.06905786 -144.40862273 -123.8340887  -113.98596896 -116.3478859
 -120.62575394 -127.96936922 -140.41755882 -141.98179313 -112.48795984
 -127.81817001 -147.04190414 -122.13126431 -140.8948013  -147.67214294]
inrs_hat:  [-17.07935781 -33.41892269 -12.84438866  -2.99626892  -5.35818585
  -9.6360539  -16.97966917 -29.42785877 -30.99209309  -1.49825979
 -16.82846996 -36.05220409 -11.14156426 -29.90510125 -36.6824429 ]
scheduled_ues:  [ 0  1  6  7  8 10 11 13 14]
(1, 15, 1, 4, 1, 1)
caused INR: -11.961893936339154
TpsRandomic + CumulativeIndividualEstimated_INR + -10.0
None
(1, 15, 1, 4, 1, 1)
caused INR: -9.595796347447584
TpsRandomic + CumulativeIndividualEstimated_INR + -12.5
None
(1, 15, 1, 4, 1, 1)
caused INR: -34.56838980243917
TpsRandomic + CumulativeIndividualEstimated_INR + -15.0
None
(1, 15, 1, 4, 1, 1)
caused INR: -23.003799711823866
Iteration number 19
TpsAltruisticFromLsfGain + IndividualEstimated_INR + -10.0
None
ls_gain_coeffs:
[-151.8087923  -117.70008504 -147.0948778  -132.98736577 -138.13225233
 -146.3127113  -146.65301539 -121.4140874  -141.59734817 -134.2347306
 -149.54027049 -140.58220992 -150.35974971 -148.62236596 -124.35075628]
inrs_hat:  [-40.81909226  -6.71038499 -36.10517776 -21.99766573 -27.14255229
 -35.32301126 -35.66331535 -10.42438736 -30.60764813 -23.24503056
 -38.55057045 -29.59250988 -39.37004966 -37.63266592 -13.36105624]
scheduled_ues:  [ 0  2  3  4  5  6  7  8  9 10 11 12 13 14]
(1, 15, 1, 4, 1, 1)
caused INR: -4.99745718581546
TpsAltruisticFromLsfGain + IndividualEstimated_INR + -12.5
None
ls_gain_coeffs:
[-151.8087923  -117.70008504 -147.0948778  -132.98736577 -138.13225233
 -146.3127113  -146.65301539 -121.4140874  -141.59734817 -134.2347306
 -149.54027049 -140.58220992 -150.35974971 -148.62236596 -124.35075628]
inrs_hat:  [-40.81909226  -6.71038499 -36.10517776 -21.99766573 -27.14255229
 -35.32301126 -35.66331535 -10.42438736 -30.60764813 -23.24503056
 -38.55057045 -29.59250988 -39.37004966 -37.63266592 -13.36105624]
scheduled_ues:  [ 0  2  3  4  5  6  8  9 10 11 12 13 14]
(1, 15, 1, 4, 1, 1)
caused INR: -8.563216608149505
TpsAltruisticFromLsfGain + IndividualEstimated_INR + -15.0
None
ls_gain_coeffs:
[-151.8087923  -117.70008504 -147.0948778  -132.98736577 -138.13225233
 -146.3127113  -146.65301539 -121.4140874  -141.59734817 -134.2347306
 -149.54027049 -140.58220992 -150.35974971 -148.62236596 -124.35075628]
inrs_hat:  [-40.81909226  -6.71038499 -36.10517776 -21.99766573 -27.14255229
 -35.32301126 -35.66331535 -10.42438736 -30.60764813 -23.24503056
 -38.55057045 -29.59250988 -39.37004966 -37.63266592 -13.36105624]
scheduled_ues:  [ 0  2  3  4  5  6  8  9 10 11 12 13]
(1, 15, 1, 4, 1, 1)
caused INR: -17.911637234553616
TpsAltruisticFromLsfGain + CumulativeIndividualEstimated_INR + -10.0
None
(1, 15, 1, 4, 1, 1)
caused INR: -8.563216608149505
TpsAltruisticFromLsfGain + CumulativeIndividualEstimated_INR + -12.5
None
(1, 15, 1, 4, 1, 1)
caused INR: -17.911637234553616
TpsAltruisticFromLsfGain + CumulativeIndividualEstimated_INR + -15.0
None
(1, 15, 1, 4, 1, 1)
caused INR: -17.911637234553616
TpsRandomic + IndividualEstimated_INR + -10.0
None
ls_gain_coeffs:
[-135.30519711 -117.70008504 -146.95931088 -120.00553897 -126.95148811
 -130.06060186 -133.92562368 -119.86868806 -128.4479743  -118.66424195
 -133.0791557  -127.47217375 -150.35974971 -140.44799743 -117.76967126]
inrs_hat:  [-24.31549707  -6.71038499 -35.96961084  -9.01583893 -15.96178806
 -19.07090182 -22.93592363  -8.87898801 -17.45827425  -7.67454191
 -22.08945565 -16.48247371 -39.37004966 -29.45829739  -6.77997122]
scheduled_ues:  [ 0  2  4  5  6  8 10 11 12 13]
(1, 15, 1, 4, 1, 1)
caused INR: -9.301895533743952
TpsRandomic + IndividualEstimated_INR + -12.5
None
ls_gain_coeffs:
[-139.06272396  -98.34413161 -147.0948778  -120.00553897 -126.95148811
 -132.44200549 -133.63983196 -121.4140874  -141.59734817 -134.2347306
 -136.36576912 -140.58220992 -150.35974971 -132.02657134 -117.76967126]
inrs_hat:  [-28.07302391  12.64556843 -36.10517776  -9.01583893 -15.96178806
 -21.45230544 -22.65013192 -10.42438736 -30.60764813 -23.24503056
 -25.37606908 -29.59250988 -39.37004966 -21.0368713   -6.77997122]
scheduled_ues:  [ 0  2  4  5  6  8  9 10 11 12 13]
(1, 15, 1, 4, 1, 1)
caused INR: -11.237446886406016
TpsRandomic + IndividualEstimated_INR + -15.0
None
ls_gain_coeffs:
[-143.98927027 -101.80130832 -134.60808883 -115.61206892 -121.22040992
 -140.12079824 -146.65301539 -119.86868806 -141.59734817 -129.54139762
 -142.23414227 -140.58220992 -133.63240647 -132.02657134 -107.70954928]
inrs_hat:  [-32.99957023   9.18839172 -23.61838878  -4.62236888 -10.23070988
 -29.13109819 -35.66331535  -8.87898801 -30.60764813 -18.55169758
 -31.24444223 -29.59250988 -22.64270643 -21.0368713    3.28015076]
scheduled_ues:  [ 0  2  5  6  8  9 10 11 12 13]
(1, 15, 1, 4, 1, 1)
caused INR: -26.608809115431065
TpsRandomic + CumulativeIndividualEstimated_INR + -10.0
None
(1, 15, 1, 4, 1, 1)
caused INR: -9.963384992831545
TpsRandomic + CumulativeIndividualEstimated_INR + -12.5
None
(1, 15, 1, 4, 1, 1)
caused INR: -10.630796138190293
TpsRandomic + CumulativeIndividualEstimated_INR + -15.0
None
(1, 15, 1, 4, 1, 1)
caused INR: -17.225776132668816
Iteration number 20
TpsAltruisticFromLsfGain + IndividualEstimated_INR + -10.0
None
ls_gain_coeffs:
[-137.10184432 -149.28979252 -134.62945245 -135.77441446 -134.99449767
 -137.67449332 -129.03028239 -137.25852082 -124.00414722 -112.69371658
 -149.80003346 -123.91324652 -134.87900775 -145.80464486 -125.89389445]
inrs_hat:  [-26.11214428 -38.30009247 -23.63975241 -24.78471441 -24.00479763
 -26.68479328 -18.04058234 -26.26882078 -13.01444717  -1.70401654
 -38.81033342 -12.92354647 -23.88930771 -34.81494482 -14.9041944 ]
scheduled_ues:  [ 0  1  2  3  4  5  6  7  8 10 11 12 13 14]
(1, 15, 1, 4, 1, 1)
caused INR: -5.268196878097855
TpsAltruisticFromLsfGain + IndividualEstimated_INR + -12.5
None
ls_gain_coeffs:
[-137.10184432 -149.28979252 -134.62945245 -135.77441446 -134.99449767
 -137.67449332 -129.03028239 -137.25852082 -124.00414722 -112.69371658
 -149.80003346 -123.91324652 -134.87900775 -145.80464486 -125.89389445]
inrs_hat:  [-26.11214428 -38.30009247 -23.63975241 -24.78471441 -24.00479763
 -26.68479328 -18.04058234 -26.26882078 -13.01444717  -1.70401654
 -38.81033342 -12.92354647 -23.88930771 -34.81494482 -14.9041944 ]
scheduled_ues:  [ 0  1  2  3  4  5  6  7  8 10 11 12 13 14]
(1, 15, 1, 4, 1, 1)
caused INR: -5.268196878097855
TpsAltruisticFromLsfGain + IndividualEstimated_INR + -15.0
None
ls_gain_coeffs:
[-137.10184432 -149.28979252 -134.62945245 -135.77441446 -134.99449767
 -137.67449332 -129.03028239 -137.25852082 -124.00414722 -112.69371658
 -149.80003346 -123.91324652 -134.87900775 -145.80464486 -125.89389445]
inrs_hat:  [-26.11214428 -38.30009247 -23.63975241 -24.78471441 -24.00479763
 -26.68479328 -18.04058234 -26.26882078 -13.01444717  -1.70401654
 -38.81033342 -12.92354647 -23.88930771 -34.81494482 -14.9041944 ]
scheduled_ues:  [ 0  1  2  3  4  5  6  7 10 12 13]
(1, 15, 1, 4, 1, 1)
caused INR: -10.642116738320318
TpsAltruisticFromLsfGain + CumulativeIndividualEstimated_INR + -10.0
None
(1, 15, 1, 4, 1, 1)
caused INR: -10.495503214836312
TpsAltruisticFromLsfGain + CumulativeIndividualEstimated_INR + -12.5
None
(1, 15, 1, 4, 1, 1)
caused INR: -10.642116738320318
TpsAltruisticFromLsfGain + CumulativeIndividualEstimated_INR + -15.0
None
(1, 15, 1, 4, 1, 1)
caused INR: -13.734603885140839
TpsRandomic + IndividualEstimated_INR + -10.0
None
ls_gain_coeffs:
[-137.10184432 -133.02087239 -118.21557465 -135.34685476 -132.38526596
 -123.42883609 -115.93458958 -124.72345846 -124.00414722 -112.69371658
 -149.80003346 -123.91324652 -134.87900775 -133.98024543 -117.91059195]
inrs_hat:  [-26.11214428 -22.03117234  -7.22587461 -24.35715472 -21.39556592
 -12.43913604  -4.94488953 -13.73375841 -13.01444717  -1.70401654
 -38.81033342 -12.92354647 -23.88930771 -22.99054539  -6.9208919 ]
scheduled_ues:  [ 0  1  3  4  5  7  8 10 11 12 13]
(1, 15, 1, 4, 1, 1)
caused INR: -12.329282667389549
TpsRandomic + IndividualEstimated_INR + -12.5
None
ls_gain_coeffs:
[-120.81642559 -135.77490999 -118.21557465 -123.19029456 -134.99449767
 -137.67449332 -115.28049677 -136.97813373 -109.80770979 -100.92726987
 -135.61537542 -123.91324652 -118.44585474 -129.04328027 -108.2077599 ]
inrs_hat:  [ -9.82672555 -24.78520994  -7.22587461 -12.20059452 -24.00479763
 -26.68479328  -4.29079672 -25.98843368   1.18199026  10.06243017
 -24.62567537 -12.92354647  -7.4561547  -18.05358022   2.78194014]
scheduled_ues:  [ 1  4  5  7 10 11 13]
(1, 15, 1, 4, 1, 1)
caused INR: -8.14689724827758
TpsRandomic + IndividualEstimated_INR + -15.0
None
ls_gain_coeffs:
[-122.73833496 -142.70843479 -118.21557465 -135.77441446 -120.81340986
 -131.77494023 -127.06800396 -124.72345846 -109.80770979  -93.49351844
 -133.79344151 -107.56693293 -118.44585474 -129.04328027 -117.91059195]
inrs_hat:  [-11.74863491 -31.71873474  -7.22587461 -24.78471441  -9.82370982
 -20.78524018 -16.07830392 -13.73375841   1.18199026  17.49618161
 -22.80374146   3.42276712  -7.4561547  -18.05358022  -6.9208919 ]
scheduled_ues:  [ 1  3  5  6 10 13]
(1, 15, 1, 4, 1, 1)
caused INR: -12.408118059835207
TpsRandomic + CumulativeIndividualEstimated_INR + -10.0
None
(1, 15, 1, 4, 1, 1)
caused INR: -19.661929272115987
TpsRandomic + CumulativeIndividualEstimated_INR + -12.5
None
(1, 15, 1, 4, 1, 1)
caused INR: -9.675269868172693
TpsRandomic + CumulativeIndividualEstimated_INR + -15.0
None
(1, 15, 1, 4, 1, 1)
caused INR: -14.136392977817867
Iteration number 21
TpsAltruisticFromLsfGain + IndividualEstimated_INR + -10.0
None
ls_gain_coeffs:
[-133.36566289 -133.11103071 -144.6332075  -144.39265702 -123.03741579
 -129.82458014 -128.7180045  -130.25008792 -132.26226049 -119.05773034
 -136.6712808  -141.33956564 -137.61209624 -123.00928364 -135.64013779]
inrs_hat:  [-22.37596285 -22.12133066 -33.64350746 -33.40295697 -12.04771575
 -18.8348801  -17.72830446 -19.26038788 -21.27256044  -8.06803029
 -25.68158075 -30.34986559 -26.6223962  -12.0195836  -24.65043775]
scheduled_ues:  [ 0  1  2  3  4  5  6  7  8 10 11 12 13 14]
(1, 15, 1, 4, 1, 1)
caused INR: -18.38444763733552
TpsAltruisticFromLsfGain + IndividualEstimated_INR + -12.5
None
ls_gain_coeffs:
[-133.36566289 -133.11103071 -144.6332075  -144.39265702 -123.03741579
 -129.82458014 -128.7180045  -130.25008792 -132.26226049 -119.05773034
 -136.6712808  -141.33956564 -137.61209624 -123.00928364 -135.64013779]
inrs_hat:  [-22.37596285 -22.12133066 -33.64350746 -33.40295697 -12.04771575
 -18.8348801  -17.72830446 -19.26038788 -21.27256044  -8.06803029
 -25.68158075 -30.34986559 -26.6223962  -12.0195836  -24.65043775]
scheduled_ues:  [ 0  1  2  3  5  6  7  8 10 11 12 14]
(1, 15, 1, 4, 1, 1)
caused INR: -5.936481803356536
TpsAltruisticFromLsfGain + IndividualEstimated_INR + -15.0
None
ls_gain_coeffs:
[-133.36566289 -133.11103071 -144.6332075  -144.39265702 -123.03741579
 -129.82458014 -128.7180045  -130.25008792 -132.26226049 -119.05773034
 -136.6712808  -141.33956564 -137.61209624 -123.00928364 -135.64013779]
inrs_hat:  [-22.37596285 -22.12133066 -33.64350746 -33.40295697 -12.04771575
 -18.8348801  -17.72830446 -19.26038788 -21.27256044  -8.06803029
 -25.68158075 -30.34986559 -26.6223962  -12.0195836  -24.65043775]
scheduled_ues:  [ 0  1  2  3  5  6  7  8 10 11 12 14]
(1, 15, 1, 4, 1, 1)
caused INR: -5.936481803356536
TpsAltruisticFromLsfGain + CumulativeIndividualEstimated_INR + -10.0
None
(1, 15, 1, 4, 1, 1)
caused INR: -5.936481803356536
TpsAltruisticFromLsfGain + CumulativeIndividualEstimated_INR + -12.5
None
(1, 15, 1, 4, 1, 1)
caused INR: -10.77314829432768
TpsAltruisticFromLsfGain + CumulativeIndividualEstimated_INR + -15.0
None
(1, 15, 1, 4, 1, 1)
caused INR: -19.44862931739491
TpsRandomic + IndividualEstimated_INR + -10.0
None
ls_gain_coeffs:
[-117.01114707 -120.357566   -136.36036764 -144.39265702 -123.03741579
 -111.8634642  -111.91351837 -113.37486178 -122.49524201 -109.01487054
 -123.92758242 -141.33956564 -126.2278184  -105.81261372 -121.94933561]
inrs_hat:  [ -6.02144702  -9.36786595 -25.37066759 -33.40295697 -12.04771575
  -0.87376415  -0.92381832  -2.38516174 -11.50554197   1.97482951
 -12.93788238 -30.34986559 -15.23811835   5.17708633 -10.95963557]
scheduled_ues:  [ 2  3  4  8 10 11 12 14]
(1, 15, 1, 4, 1, 1)
caused INR: -14.898957532815482
TpsRandomic + IndividualEstimated_INR + -12.5
None
ls_gain_coeffs:
[-133.36566289 -133.11103071 -132.09993886 -127.64997858 -119.7023855
 -115.85816973 -120.68139455 -120.01726661 -115.40144919 -119.05773034
 -136.6712808  -141.33956564 -127.98835603 -123.00928364 -131.89253125]
inrs_hat:  [-22.37596285 -22.12133066 -21.11023882 -16.66027854  -8.71268546
  -4.86846968  -9.6916945   -9.02756657  -4.41174915  -8.06803029
 -25.68158075 -30.34986559 -16.99865599 -12.0195836  -20.90283121]
scheduled_ues:  [ 0  1  2  3 10 11 12 14]
(1, 15, 1, 4, 1, 1)
caused INR: -8.768272971165556
TpsRandomic + IndividualEstimated_INR + -15.0
None
ls_gain_coeffs:
[-117.01114707 -120.04570129 -128.00935325 -144.39265702 -119.7023855
 -120.31035867 -128.7180045  -119.17405696 -115.40144919 -109.01487054
 -123.62548404 -127.20570399 -137.61209624 -110.37447869 -135.64013779]
inrs_hat:  [ -6.02144702  -9.05600125 -17.01965321 -33.40295697  -8.71268546
  -9.32065862 -17.72830446  -8.18435691  -4.41174915   1.97482951
 -12.635784   -16.21600394 -26.6223962    0.61522135 -24.65043775]
scheduled_ues:  [ 2  3  6 11 12 14]
(1, 15, 1, 4, 1, 1)
caused INR: -9.444591137571674
TpsRandomic + CumulativeIndividualEstimated_INR + -10.0
None
(1, 15, 1, 4, 1, 1)
caused INR: -30.78330674312754
TpsRandomic + CumulativeIndividualEstimated_INR + -12.5
None
(1, 15, 1, 4, 1, 1)
caused INR: -18.94041702875403
TpsRandomic + CumulativeIndividualEstimated_INR + -15.0
None
(1, 15, 1, 4, 1, 1)
caused INR: -9.305865650530393
Iteration number 22
TpsAltruisticFromLsfGain + IndividualEstimated_INR + -10.0
None
ls_gain_coeffs:
[-150.50478976 -128.0430833  -144.14272918 -144.28901343 -118.15225593
 -141.42247238 -125.52624068 -128.58665873 -125.52587065 -139.35623287
 -143.67077743 -119.52904727 -139.72173477 -146.86701782 -149.72504687]
inrs_hat:  [-39.51508972 -17.05338325 -33.15302914 -33.29931339  -7.16255589
 -30.43277234 -14.53654064 -17.59695869 -14.53617061 -28.36653283
 -32.68107739  -8.53934723 -28.73203473 -35.87731778 -38.73534683]
scheduled_ues:  [ 0  1  2  3  5  6  7  8  9 10 12 13 14]
(1, 15, 1, 4, 1, 1)
caused INR: -10.208643766917792
TpsAltruisticFromLsfGain + IndividualEstimated_INR + -12.5
None
ls_gain_coeffs:
[-150.50478976 -128.0430833  -144.14272918 -144.28901343 -118.15225593
 -141.42247238 -125.52624068 -128.58665873 -125.52587065 -139.35623287
 -143.67077743 -119.52904727 -139.72173477 -146.86701782 -149.72504687]
inrs_hat:  [-39.51508972 -17.05338325 -33.15302914 -33.29931339  -7.16255589
 -30.43277234 -14.53654064 -17.59695869 -14.53617061 -28.36653283
 -32.68107739  -8.53934723 -28.73203473 -35.87731778 -38.73534683]
scheduled_ues:  [ 0  1  2  3  5  6  7  8  9 10 12 13 14]
(1, 15, 1, 4, 1, 1)
caused INR: -10.208643766917792
TpsAltruisticFromLsfGain + IndividualEstimated_INR + -15.0
None
ls_gain_coeffs:
[-150.50478976 -128.0430833  -144.14272918 -144.28901343 -118.15225593
 -141.42247238 -125.52624068 -128.58665873 -125.52587065 -139.35623287
 -143.67077743 -119.52904727 -139.72173477 -146.86701782 -149.72504687]
inrs_hat:  [-39.51508972 -17.05338325 -33.15302914 -33.29931339  -7.16255589
 -30.43277234 -14.53654064 -17.59695869 -14.53617061 -28.36653283
 -32.68107739  -8.53934723 -28.73203473 -35.87731778 -38.73534683]
scheduled_ues:  [ 0  1  2  3  5  7  9 10 12 13 14]
(1, 15, 1, 4, 1, 1)
caused INR: -9.194996053495888
TpsAltruisticFromLsfGain + CumulativeIndividualEstimated_INR + -10.0
None
(1, 15, 1, 4, 1, 1)
caused INR: -8.567356539622411
TpsAltruisticFromLsfGain + CumulativeIndividualEstimated_INR + -12.5
None
(1, 15, 1, 4, 1, 1)
caused INR: -9.194996053495888
TpsAltruisticFromLsfGain + CumulativeIndividualEstimated_INR + -15.0
None
(1, 15, 1, 4, 1, 1)
caused INR: -13.200853855838785
TpsRandomic + IndividualEstimated_INR + -10.0
None
ls_gain_coeffs:
[-137.43225489 -110.91836171 -131.39915318 -127.37039291 -102.27308666
 -127.12695714 -110.73316265 -127.23754525 -123.39509148 -139.35623287
 -143.67077743 -108.24357667 -122.68596286 -139.5249129  -137.86874107]
inrs_hat:  [-26.44255484   0.07133834 -20.40945314 -16.38069287   8.71661339
 -16.1372571    0.25653739 -16.24784521 -12.40539143 -28.36653283
 -32.68107739   2.74612337 -11.69626281 -28.53521285 -26.87904103]
scheduled_ues:  [ 0  2  3  5  7  8  9 10 12 13 14]
(1, 15, 1, 4, 1, 1)
caused INR: -3.892136672509804
TpsRandomic + IndividualEstimated_INR + -12.5
None
ls_gain_coeffs:
[-150.50478976 -117.95204202 -131.39915318 -144.28901343 -107.83954811
 -127.12695714 -110.73316265 -127.23754525 -111.6637512  -139.35623287
 -129.09919829 -107.34354688 -128.94148813 -130.39473627 -137.86874107]
inrs_hat:  [-39.51508972  -6.96234198 -20.40945314 -33.29931339   3.15015194
 -16.1372571    0.25653739 -16.24784521  -0.67405116 -28.36653283
 -18.10949825   3.64615317 -17.95178809 -19.40503622 -26.87904103]
scheduled_ues:  [ 0  2  3  5  7  9 10 12 13 14]
(1, 15, 1, 4, 1, 1)
caused INR: -18.467079163389375
TpsRandomic + IndividualEstimated_INR + -15.0
None
ls_gain_coeffs:
[-148.61198513 -110.91836171 -131.39915318 -134.89275923 -118.15225593
 -135.86072666 -121.99902364 -115.24564974 -123.39509148 -128.00286088
 -129.09919829 -107.34354688 -128.87203758 -139.5249129  -149.72504687]
inrs_hat:  [-37.62228509   0.07133834 -20.40945314 -23.90305919  -7.16255589
 -24.87102662 -11.00932359  -4.2559497  -12.40539143 -17.01316083
 -18.10949825   3.64615317 -17.88233754 -28.53521285 -38.73534683]
scheduled_ues:  [ 0  2  3  5  9 10 12 13 14]
(1, 15, 1, 4, 1, 1)
caused INR: -9.59208081818912
TpsRandomic + CumulativeIndividualEstimated_INR + -10.0
None
(1, 15, 1, 4, 1, 1)
caused INR: -10.477961524599708
TpsRandomic + CumulativeIndividualEstimated_INR + -12.5
None
(1, 15, 1, 4, 1, 1)
caused INR: -27.98291310250082
TpsRandomic + CumulativeIndividualEstimated_INR + -15.0
None
(1, 15, 1, 4, 1, 1)
caused INR: -11.040461229707583
Iteration number 23
TpsAltruisticFromLsfGain + IndividualEstimated_INR + -10.0
None
ls_gain_coeffs:
[-134.74538027 -146.88182814 -143.62901632 -131.78992067 -148.11406393
 -145.03943174 -146.62048753 -140.22027594 -148.28166647 -128.34826433
 -135.18971319 -141.8602826  -123.23509367 -140.59687293 -121.00784034]
inrs_hat:  [-23.75568023 -35.8921281  -32.63931628 -20.80022063 -37.12436388
 -34.0497317  -35.63078749 -29.2305759  -37.29196643 -17.35856429
 -24.20001315 -30.87058256 -12.24539363 -29.60717289 -10.01814029]
scheduled_ues:  [ 0  1  2  3  4  5  6  7  8  9 10 11 12 13 14]
(1, 15, 1, 4, 1, 1)
caused INR: -4.211042986819329
TpsAltruisticFromLsfGain + IndividualEstimated_INR + -12.5
None
ls_gain_coeffs:
[-134.74538027 -146.88182814 -143.62901632 -131.78992067 -148.11406393
 -145.03943174 -146.62048753 -140.22027594 -148.28166647 -128.34826433
 -135.18971319 -141.8602826  -123.23509367 -140.59687293 -121.00784034]
inrs_hat:  [-23.75568023 -35.8921281  -32.63931628 -20.80022063 -37.12436388
 -34.0497317  -35.63078749 -29.2305759  -37.29196643 -17.35856429
 -24.20001315 -30.87058256 -12.24539363 -29.60717289 -10.01814029]
scheduled_ues:  [ 0  1  2  3  4  5  6  7  8  9 10 11 13]
(1, 15, 1, 4, 1, 1)
caused INR: -13.754530943972982
TpsAltruisticFromLsfGain + IndividualEstimated_INR + -15.0
None
ls_gain_coeffs:
[-134.74538027 -146.88182814 -143.62901632 -131.78992067 -148.11406393
 -145.03943174 -146.62048753 -140.22027594 -148.28166647 -128.34826433
 -135.18971319 -141.8602826  -123.23509367 -140.59687293 -121.00784034]
inrs_hat:  [-23.75568023 -35.8921281  -32.63931628 -20.80022063 -37.12436388
 -34.0497317  -35.63078749 -29.2305759  -37.29196643 -17.35856429
 -24.20001315 -30.87058256 -12.24539363 -29.60717289 -10.01814029]
scheduled_ues:  [ 0  1  2  3  4  5  6  7  8  9 10 11 13]
(1, 15, 1, 4, 1, 1)
caused INR: -13.754530943972982
TpsAltruisticFromLsfGain + CumulativeIndividualEstimated_INR + -10.0
None
(1, 15, 1, 4, 1, 1)
caused INR: -6.822800644563803
TpsAltruisticFromLsfGain + CumulativeIndividualEstimated_INR + -12.5
None
(1, 15, 1, 4, 1, 1)
caused INR: -13.754530943972982
TpsAltruisticFromLsfGain + CumulativeIndividualEstimated_INR + -15.0
None
(1, 15, 1, 4, 1, 1)
caused INR: -31.096542972859144
TpsRandomic + IndividualEstimated_INR + -10.0
None
ls_gain_coeffs:
[-122.4266279  -133.73405967 -126.78678365 -129.42604773 -148.11406393
 -145.03943174 -146.62048753 -125.58711499 -131.65522479 -110.6467988
 -121.55432732 -131.81207141 -106.60807844 -123.97717097 -121.00784034]
inrs_hat:  [-11.43692786 -22.74435963 -15.79708361 -18.43634768 -37.12436388
 -34.0497317  -35.63078749 -14.59741495 -20.66552475   0.34290125
 -10.56462728 -20.82237137   4.3816216  -12.98747092 -10.01814029]
scheduled_ues:  [ 0  1  2  3  4  5  6  7  8 10 11 13 14]
(1, 15, 1, 4, 1, 1)
caused INR: 0.6558209810177753
TpsRandomic + IndividualEstimated_INR + -12.5
None
ls_gain_coeffs:
[-125.38665449 -139.47838538 -132.15182337 -118.56036302 -131.53392486
 -135.52913235 -140.06479588 -125.58711499 -131.65522479 -110.6467988
 -131.60835559 -141.8602826  -123.23509367 -123.97717097 -107.7042513 ]
inrs_hat:  [-14.39695445 -28.48868534 -21.16212332  -7.57066298 -20.54422482
 -24.5394323  -29.07509584 -14.59741495 -20.66552475   0.34290125
 -20.61865554 -30.87058256 -12.24539363 -12.98747092   3.28544874]
scheduled_ues:  [ 0  1  2  4  5  6  7  8 10 11 13]
(1, 15, 1, 4, 1, 1)
caused INR: -7.626687615647531
TpsRandomic + IndividualEstimated_INR + -15.0
None
ls_gain_coeffs:
[-122.4266279  -146.88182814 -132.15182337 -117.77240538 -131.53392486
 -135.52913235 -132.96743197 -140.22027594 -131.65522479 -113.75920065
 -135.18971319 -130.51561706 -108.70078606 -132.72781091 -107.7042513 ]
inrs_hat:  [-11.43692786 -35.8921281  -21.16212332  -6.78270533 -20.54422482
 -24.5394323  -21.97773193 -29.2305759  -20.66552475  -2.7695006
 -24.20001315 -19.52591701   2.28891399 -21.73811087   3.28544874]
scheduled_ues:  [ 1  2  4  5  6  7  8 10 11 13]
(1, 15, 1, 4, 1, 1)
caused INR: -26.081834529983986
TpsRandomic + CumulativeIndividualEstimated_INR + -10.0
None
(1, 15, 1, 4, 1, 1)
caused INR: -21.63656345681927
TpsRandomic + CumulativeIndividualEstimated_INR + -12.5
None
(1, 15, 1, 4, 1, 1)
caused INR: -14.857341132963581
TpsRandomic + CumulativeIndividualEstimated_INR + -15.0
None
(1, 15, 1, 4, 1, 1)
caused INR: -23.369652728553362
Iteration number 24
TpsAltruisticFromLsfGain + IndividualEstimated_INR + -10.0
None
ls_gain_coeffs:
[-138.58196722 -130.71312867 -153.08855792 -151.22374342 -137.45031644
 -138.28300769 -129.36631948 -141.14333309 -141.99717406 -123.02748082
 -137.9414006  -146.92292434 -146.34106084 -150.65887034 -147.64082503]
inrs_hat:  [-27.59226718 -19.72342863 -42.09885788 -40.23404337 -26.46061639
 -27.29330765 -18.37661944 -30.15363305 -31.00747401 -12.03778078
 -26.95170055 -35.9332243  -35.3513608  -39.6691703  -36.65112498]
scheduled_ues:  [ 0  1  2  3  4  5  6  7  8  9 10 11 12 13 14]
(1, 15, 1, 4, 1, 1)
caused INR: -13.201476855395793
TpsAltruisticFromLsfGain + IndividualEstimated_INR + -12.5
None
ls_gain_coeffs:
[-138.58196722 -130.71312867 -153.08855792 -151.22374342 -137.45031644
 -138.28300769 -129.36631948 -141.14333309 -141.99717406 -123.02748082
 -137.9414006  -146.92292434 -146.34106084 -150.65887034 -147.64082503]
inrs_hat:  [-27.59226718 -19.72342863 -42.09885788 -40.23404337 -26.46061639
 -27.29330765 -18.37661944 -30.15363305 -31.00747401 -12.03778078
 -26.95170055 -35.9332243  -35.3513608  -39.6691703  -36.65112498]
scheduled_ues:  [ 0  1  2  3  4  5  6  7  8 10 11 12 13 14]
(1, 15, 1, 4, 1, 1)
caused INR: -13.381489185111095
TpsAltruisticFromLsfGain + IndividualEstimated_INR + -15.0
None
ls_gain_coeffs:
[-138.58196722 -130.71312867 -153.08855792 -151.22374342 -137.45031644
 -138.28300769 -129.36631948 -141.14333309 -141.99717406 -123.02748082
 -137.9414006  -146.92292434 -146.34106084 -150.65887034 -147.64082503]
inrs_hat:  [-27.59226718 -19.72342863 -42.09885788 -40.23404337 -26.46061639
 -27.29330765 -18.37661944 -30.15363305 -31.00747401 -12.03778078
 -26.95170055 -35.9332243  -35.3513608  -39.6691703  -36.65112498]
scheduled_ues:  [ 0  1  2  3  4  5  6  7  8 10 11 12 13 14]
(1, 15, 1, 4, 1, 1)
caused INR: -13.381489185111095
TpsAltruisticFromLsfGain + CumulativeIndividualEstimated_INR + -10.0
None
(1, 15, 1, 4, 1, 1)
caused INR: -13.201476855395793
TpsAltruisticFromLsfGain + CumulativeIndividualEstimated_INR + -12.5
None
(1, 15, 1, 4, 1, 1)
caused INR: -13.381489185111095
TpsAltruisticFromLsfGain + CumulativeIndividualEstimated_INR + -15.0
None
(1, 15, 1, 4, 1, 1)
caused INR: -20.200261949823812
TpsRandomic + IndividualEstimated_INR + -10.0
None
ls_gain_coeffs:
[-122.42676507 -113.35928092 -140.09624978 -138.51058425 -120.28628883
 -123.30884997 -129.36631948 -128.32743636 -141.99717406 -108.38430446
 -137.9414006  -131.83269578 -129.60116736 -136.69086897 -147.64082503]
inrs_hat:  [-11.43706503  -2.36958088 -29.10654973 -27.5208842   -9.29658879
 -12.31914993 -18.37661944 -17.33773631 -31.00747401   2.60539559
 -26.95170055 -20.84299574 -18.61146731 -25.70116892 -36.65112498]
scheduled_ues:  [ 0  2  3  5  6  7  8 10 11 12 13 14]
(1, 15, 1, 4, 1, 1)
caused INR: -9.961801033619366
TpsRandomic + IndividualEstimated_INR + -12.5
None
ls_gain_coeffs:
[-122.42676507 -113.35928092 -136.74406087 -134.72383067 -126.0843229
 -134.48417111 -117.9094314  -127.95313962 -135.48385868 -123.02748082
 -121.08200919 -146.92292434 -134.96171265 -150.65887034 -138.19407643]
inrs_hat:  [-11.43706503  -2.36958088 -25.75436082 -23.73413063 -15.09462286
 -23.49447107  -6.91973136 -16.96343958 -24.49415864 -12.03778078
 -10.09230915 -35.9332243  -23.97201261 -39.6691703  -27.20437638]
scheduled_ues:  [ 2  3  4  5  7  8 11 12 13 14]
(1, 15, 1, 4, 1, 1)
caused INR: -18.268018055685182
TpsRandomic + IndividualEstimated_INR + -15.0
None
ls_gain_coeffs:
[-132.22668293 -118.79019218 -140.09624978 -138.51058425 -120.28628883
 -123.30884997 -117.9094314  -140.02044289 -135.48385868 -119.72511627
 -128.74227278 -133.15701006 -146.34106084 -136.69086897 -138.19407643]
inrs_hat:  [-21.23698288  -7.80049214 -29.10654973 -27.5208842   -9.29658879
 -12.31914993  -6.91973136 -29.03074284 -24.49415864  -8.73541623
 -17.75257274 -22.16731002 -35.3513608  -25.70116892 -27.20437638]
scheduled_ues:  [ 0  2  3  7  8 10 11 12 13 14]
(1, 15, 1, 4, 1, 1)
caused INR: -15.7348016833482
TpsRandomic + CumulativeIndividualEstimated_INR + -10.0
None
(1, 15, 1, 4, 1, 1)
caused INR: -13.78488114409253
TpsRandomic + CumulativeIndividualEstimated_INR + -12.5
None
(1, 15, 1, 4, 1, 1)
caused INR: -15.088638482535215
TpsRandomic + CumulativeIndividualEstimated_INR + -15.0
None
(1, 15, 1, 4, 1, 1)
caused INR: -23.20835314607691
Iteration number 25
TpsAltruisticFromLsfGain + IndividualEstimated_INR + -10.0
None
ls_gain_coeffs:
[-148.0112628  -139.99741778 -145.11517013 -143.74945207 -118.05335918
 -136.2838152  -145.34197863 -151.73285467 -141.0589555  -141.92996594
 -133.46938406 -147.43740375 -134.16625155 -132.00164744 -122.83219046]
inrs_hat:  [-37.02156276 -29.00771774 -34.12547009 -32.75975202  -7.06365914
 -25.29411515 -34.35227859 -40.74315462 -30.06925545 -30.9402659
 -22.47968401 -36.4477037  -23.17655151 -21.01194739 -11.84249042]
scheduled_ues:  [ 0  1  2  3  5  6  7  8  9 10 11 12 13 14]
(1, 15, 1, 4, 1, 1)
caused INR: -5.747350882246282
TpsAltruisticFromLsfGain + IndividualEstimated_INR + -12.5
None
ls_gain_coeffs:
[-148.0112628  -139.99741778 -145.11517013 -143.74945207 -118.05335918
 -136.2838152  -145.34197863 -151.73285467 -141.0589555  -141.92996594
 -133.46938406 -147.43740375 -134.16625155 -132.00164744 -122.83219046]
inrs_hat:  [-37.02156276 -29.00771774 -34.12547009 -32.75975202  -7.06365914
 -25.29411515 -34.35227859 -40.74315462 -30.06925545 -30.9402659
 -22.47968401 -36.4477037  -23.17655151 -21.01194739 -11.84249042]
scheduled_ues:  [ 0  1  2  3  5  6  7  8  9 10 11 12 13]
(1, 15, 1, 4, 1, 1)
caused INR: -14.532570311259672
TpsAltruisticFromLsfGain + IndividualEstimated_INR + -15.0
None
ls_gain_coeffs:
[-148.0112628  -139.99741778 -145.11517013 -143.74945207 -118.05335918
 -136.2838152  -145.34197863 -151.73285467 -141.0589555  -141.92996594
 -133.46938406 -147.43740375 -134.16625155 -132.00164744 -122.83219046]
inrs_hat:  [-37.02156276 -29.00771774 -34.12547009 -32.75975202  -7.06365914
 -25.29411515 -34.35227859 -40.74315462 -30.06925545 -30.9402659
 -22.47968401 -36.4477037  -23.17655151 -21.01194739 -11.84249042]
scheduled_ues:  [ 0  1  2  3  5  6  7  8  9 10 11 12 13]
(1, 15, 1, 4, 1, 1)
caused INR: -14.532570311259672
TpsAltruisticFromLsfGain + CumulativeIndividualEstimated_INR + -10.0
None
(1, 15, 1, 4, 1, 1)
caused INR: -5.747350882246282
TpsAltruisticFromLsfGain + CumulativeIndividualEstimated_INR + -12.5
None
(1, 15, 1, 4, 1, 1)
caused INR: -14.532570311259672
TpsAltruisticFromLsfGain + CumulativeIndividualEstimated_INR + -15.0
None
(1, 15, 1, 4, 1, 1)
caused INR: -14.532570311259672
TpsRandomic + IndividualEstimated_INR + -10.0
None
ls_gain_coeffs:
[-144.39925274 -133.57513137 -128.26958622 -126.97027065 -104.80146955
 -122.92415177 -128.92442233 -140.91224247 -141.0589555  -127.73585926
 -133.46938406 -134.35527893 -116.79047894 -121.50844714 -105.86433883]
inrs_hat:  [-33.4095527  -22.58543133 -17.27988618 -15.9805706    6.18823049
 -11.93445173 -17.93472229 -29.92254243 -30.06925545 -16.74615922
 -22.47968401 -23.36557889  -5.8007789  -10.51874709   5.12536121]
scheduled_ues:  [ 0  1  2  3  5  6  7  8  9 10 11 13]
(1, 15, 1, 4, 1, 1)
caused INR: -6.250362669986664
TpsRandomic + IndividualEstimated_INR + -12.5
None
ls_gain_coeffs:
[-144.39925274 -126.14098229 -135.17579492 -135.05128479 -100.15844372
 -127.22302768 -131.69315479 -140.91224247 -129.56255805 -125.86652006
 -122.61869344 -147.43740375 -120.91746598 -121.50844714 -122.83219046]
inrs_hat:  [-33.4095527  -15.15128225 -24.18609487 -24.06158474  10.83125633
 -16.23332764 -20.70345475 -29.92254243 -18.57285801 -14.87682002
 -11.62899339 -36.4477037   -9.92776594 -10.51874709 -11.84249042]
scheduled_ues:  [ 0  1  2  3  5  6  7  8  9 11]
(1, 15, 1, 4, 1, 1)
caused INR: -7.440477948977293
TpsRandomic + IndividualEstimated_INR + -15.0
None
ls_gain_coeffs:
[-144.39925274 -126.14098229 -128.26958622 -135.05128479 -118.05335918
 -118.85278973 -128.92442233 -140.91224247 -130.78093247 -127.73585926
 -123.08248163 -147.43740375 -134.16625155 -132.00164744 -114.42405176]
inrs_hat:  [-33.4095527  -15.15128225 -17.27988618 -24.06158474  -7.06365914
  -7.86308968 -17.93472229 -29.92254243 -19.79123243 -16.74615922
 -12.09278158 -36.4477037  -23.17655151 -21.01194739  -3.43435172]
scheduled_ues:  [ 0  1  2  3  6  7  8  9 11 12 13]
(1, 15, 1, 4, 1, 1)
caused INR: -7.891639687300803
TpsRandomic + CumulativeIndividualEstimated_INR + -10.0
None
(1, 15, 1, 4, 1, 1)
caused INR: -6.906544964013871
TpsRandomic + CumulativeIndividualEstimated_INR + -12.5
None
(1, 15, 1, 4, 1, 1)
caused INR: -13.244608327150566
TpsRandomic + CumulativeIndividualEstimated_INR + -15.0
None
(1, 15, 1, 4, 1, 1)
caused INR: -15.697230250096306
Iteration number 26
TpsAltruisticFromLsfGain + IndividualEstimated_INR + -10.0
None
ls_gain_coeffs:
[-144.45968223 -140.06993815 -125.35256034 -134.16126302 -147.44614276
 -133.48378718 -150.76749334 -125.71113516 -133.06048848 -141.92350884
 -144.60115859 -150.96603888 -147.64429209 -139.27976311 -144.60573801]
inrs_hat:  [-33.46998218 -29.0802381  -14.3628603  -23.17156297 -36.45644272
 -22.49408714 -39.77779329 -14.72143512 -22.07078844 -30.9338088
 -33.61145855 -39.97633883 -36.65459204 -28.29006307 -33.61603796]
scheduled_ues:  [ 0  1  2  3  4  5  6  7  8  9 10 11 12 13 14]
(1, 15, 1, 4, 1, 1)
caused INR: -23.356469256024837
TpsAltruisticFromLsfGain + IndividualEstimated_INR + -12.5
None
ls_gain_coeffs:
[-144.45968223 -140.06993815 -125.35256034 -134.16126302 -147.44614276
 -133.48378718 -150.76749334 -125.71113516 -133.06048848 -141.92350884
 -144.60115859 -150.96603888 -147.64429209 -139.27976311 -144.60573801]
inrs_hat:  [-33.46998218 -29.0802381  -14.3628603  -23.17156297 -36.45644272
 -22.49408714 -39.77779329 -14.72143512 -22.07078844 -30.9338088
 -33.61145855 -39.97633883 -36.65459204 -28.29006307 -33.61603796]
scheduled_ues:  [ 0  1  2  3  4  5  6  7  8  9 10 11 12 13 14]
(1, 15, 1, 4, 1, 1)
caused INR: -23.356469256024837
TpsAltruisticFromLsfGain + IndividualEstimated_INR + -15.0
None
ls_gain_coeffs:
[-144.45968223 -140.06993815 -125.35256034 -134.16126302 -147.44614276
 -133.48378718 -150.76749334 -125.71113516 -133.06048848 -141.92350884
 -144.60115859 -150.96603888 -147.64429209 -139.27976311 -144.60573801]
inrs_hat:  [-33.46998218 -29.0802381  -14.3628603  -23.17156297 -36.45644272
 -22.49408714 -39.77779329 -14.72143512 -22.07078844 -30.9338088
 -33.61145855 -39.97633883 -36.65459204 -28.29006307 -33.61603796]
scheduled_ues:  [ 0  1  3  4  5  6  8  9 10 11 12 13 14]
(1, 15, 1, 4, 1, 1)
caused INR: -22.93006315794489
TpsAltruisticFromLsfGain + CumulativeIndividualEstimated_INR + -10.0
None
(1, 15, 1, 4, 1, 1)
caused INR: -23.356469256024837
TpsAltruisticFromLsfGain + CumulativeIndividualEstimated_INR + -12.5
None
(1, 15, 1, 4, 1, 1)
caused INR: -13.96129223705486
TpsAltruisticFromLsfGain + CumulativeIndividualEstimated_INR + -15.0
None
(1, 15, 1, 4, 1, 1)
caused INR: -22.93006315794489
TpsRandomic + IndividualEstimated_INR + -10.0
None
ls_gain_coeffs:
[-128.24444083 -140.06993815 -108.26964455 -120.03329761 -147.44614276
 -123.34944023 -134.06368293 -125.71113516 -120.69883702 -128.35985549
 -132.11277373 -134.89335142 -147.64429209 -122.47408674 -131.91064394]
inrs_hat:  [-17.25474079 -29.0802381    2.72005549  -9.04359757 -36.45644272
 -12.35974019 -23.07398289 -14.72143512  -9.70913698 -17.37015545
 -21.12307369 -23.90365138 -36.65459204 -11.48438669 -20.92094389]
scheduled_ues:  [ 0  1  4  5  6  7  9 10 11 12 13 14]
(1, 15, 1, 4, 1, 1)
caused INR: -4.494013640319261
TpsRandomic + IndividualEstimated_INR + -12.5
None
ls_gain_coeffs:
[-130.4453438  -140.06993815 -108.26964455 -120.03329761 -136.95320395
 -121.68245502 -150.76749334 -114.98050683 -120.69883702 -141.92350884
 -135.96320136 -134.89335142 -147.64429209 -139.27976311 -143.8452558 ]
inrs_hat:  [-19.45564376 -29.0802381    2.72005549  -9.04359757 -25.96350391
 -10.69275498 -39.77779329  -3.99080678  -9.70913698 -30.9338088
 -24.97350132 -23.90365138 -36.65459204 -28.29006307 -32.85555575]
scheduled_ues:  [ 0  1  4  6  9 10 11 12 13 14]
(1, 15, 1, 4, 1, 1)
caused INR: -17.234339601937336
TpsRandomic + IndividualEstimated_INR + -15.0
None
ls_gain_coeffs:
[-128.24444083 -127.00992002 -116.01375483 -118.3469322  -147.44614276
 -116.29514762 -140.31018945 -114.98050683 -116.34608606 -141.92350884
 -127.81718755 -150.96603888 -147.64429209 -139.27976311 -144.60573801]
inrs_hat:  [-17.25474079 -16.02021998  -5.02405479  -7.35723216 -36.45644272
  -5.30544758 -29.3204894   -3.99080678  -5.35638601 -30.9338088
 -16.8274875  -39.97633883 -36.65459204 -28.29006307 -33.61603796]
scheduled_ues:  [ 0  1  4  6  9 10 11 12 13 14]
(1, 15, 1, 4, 1, 1)
caused INR: -9.218544357087097
TpsRandomic + CumulativeIndividualEstimated_INR + -10.0
None
(1, 15, 1, 4, 1, 1)
caused INR: -9.54448907062724
TpsRandomic + CumulativeIndividualEstimated_INR + -12.5
None
(1, 15, 1, 4, 1, 1)
caused INR: -16.24828838782049
TpsRandomic + CumulativeIndividualEstimated_INR + -15.0
None
(1, 15, 1, 4, 1, 1)
caused INR: -15.951251941635316
Iteration number 27
TpsAltruisticFromLsfGain + IndividualEstimated_INR + -10.0
None
ls_gain_coeffs:
[-115.99685852 -127.61064857 -148.6911775  -113.2433114  -136.54741029
 -139.54406329 -108.48236136 -138.49356852 -127.63383926 -131.99278894
 -141.69818821 -127.75591417 -131.09512649 -136.0153296  -140.91814936]
inrs_hat:  [ -5.00715848 -16.62094853 -37.70147746  -2.25361136 -25.55771025
 -28.55436325   2.50733869 -27.50386847 -16.64413922 -21.0030889
 -30.70848817 -16.76621412 -20.10542645 -25.02562956 -29.92844932]
scheduled_ues:  [ 1  2  4  5  7  8  9 10 11 12 13 14]
(1, 15, 1, 4, 1, 1)
caused INR: -13.908403242872796
TpsAltruisticFromLsfGain + IndividualEstimated_INR + -12.5
None
ls_gain_coeffs:
[-115.99685852 -127.61064857 -148.6911775  -113.2433114  -136.54741029
 -139.54406329 -108.48236136 -138.49356852 -127.63383926 -131.99278894
 -141.69818821 -127.75591417 -131.09512649 -136.0153296  -140.91814936]
inrs_hat:  [ -5.00715848 -16.62094853 -37.70147746  -2.25361136 -25.55771025
 -28.55436325   2.50733869 -27.50386847 -16.64413922 -21.0030889
 -30.70848817 -16.76621412 -20.10542645 -25.02562956 -29.92844932]
scheduled_ues:  [ 1  2  4  5  7  8  9 10 11 12 13 14]
(1, 15, 1, 4, 1, 1)
caused INR: -13.908403242872796
TpsAltruisticFromLsfGain + IndividualEstimated_INR + -15.0
None
ls_gain_coeffs:
[-115.99685852 -127.61064857 -148.6911775  -113.2433114  -136.54741029
 -139.54406329 -108.48236136 -138.49356852 -127.63383926 -131.99278894
 -141.69818821 -127.75591417 -131.09512649 -136.0153296  -140.91814936]
inrs_hat:  [ -5.00715848 -16.62094853 -37.70147746  -2.25361136 -25.55771025
 -28.55436325   2.50733869 -27.50386847 -16.64413922 -21.0030889
 -30.70848817 -16.76621412 -20.10542645 -25.02562956 -29.92844932]
scheduled_ues:  [ 1  2  4  5  7  8  9 10 11 12 13 14]
(1, 15, 1, 4, 1, 1)
caused INR: -13.908403242872796
TpsAltruisticFromLsfGain + CumulativeIndividualEstimated_INR + -10.0
None
(1, 15, 1, 4, 1, 1)
caused INR: -13.908403242872796
TpsAltruisticFromLsfGain + CumulativeIndividualEstimated_INR + -12.5
None
(1, 15, 1, 4, 1, 1)
caused INR: -22.65849173080287
TpsAltruisticFromLsfGain + CumulativeIndividualEstimated_INR + -15.0
None
(1, 15, 1, 4, 1, 1)
caused INR: -20.272590981896485
TpsRandomic + IndividualEstimated_INR + -10.0
None
ls_gain_coeffs:
[-103.08293467 -121.85914306 -137.78467161 -113.2433114  -120.10550732
 -126.32288449 -108.48236136 -124.34817885 -127.63383926 -120.97517216
 -127.82659117 -127.75591417 -117.01784291 -122.456079   -140.91814936]
inrs_hat:  [  7.90676537 -10.86944302 -26.79497156  -2.25361136  -9.11580727
 -15.33318445   2.50733869 -13.3584788  -16.64413922  -9.98547212
 -16.83689112 -16.76621412  -6.02814287 -11.46637895 -29.92844932]
scheduled_ues:  [ 1  2  5  7  8 10 11 13 14]
(1, 15, 1, 4, 1, 1)
caused INR: -6.1602224072939755
TpsRandomic + IndividualEstimated_INR + -12.5
None
ls_gain_coeffs:
[ -95.2650442  -111.33471156 -138.46729137 -113.2433114  -136.54741029
 -122.90069788 -108.48236136 -138.49356852 -119.87216424 -120.97517216
 -126.39659412 -127.75591417 -131.09512649 -123.0149043  -130.74641632]
inrs_hat:  [ 15.72465584  -0.34501152 -27.47759132  -2.25361136 -25.55771025
 -11.91099784   2.50733869 -27.50386847  -8.8824642   -9.98547212
 -15.40689408 -16.76621412 -20.10542645 -12.02520426 -19.75671627]
scheduled_ues:  [ 2  4  7 10 11 12 14]
(1, 15, 1, 4, 1, 1)
caused INR: -11.230190944352977
TpsRandomic + IndividualEstimated_INR + -15.0
None
ls_gain_coeffs:
[ -95.2650442  -111.33471156 -148.6911775   -97.04079046 -122.35784643
 -122.90069788  -95.99374394 -132.23939971 -110.75495168 -131.99278894
 -141.69818821 -127.75591417 -126.18807576 -123.0149043  -130.74641632]
inrs_hat:  [ 15.72465584  -0.34501152 -37.70147746  13.94890958 -11.36814639
 -11.91099784  14.9959561  -21.24969966   0.23474836 -21.0030889
 -30.70848817 -16.76621412 -15.19837572 -12.02520426 -19.75671627]
scheduled_ues:  [ 2  7  9 10 11 12 14]
(1, 15, 1, 4, 1, 1)
caused INR: -12.304104085731957
TpsRandomic + CumulativeIndividualEstimated_INR + -10.0
None
(1, 15, 1, 4, 1, 1)
caused INR: -6.055960147917628
TpsRandomic + CumulativeIndividualEstimated_INR + -12.5
None
(1, 15, 1, 4, 1, 1)
caused INR: -7.853864369588175
TpsRandomic + CumulativeIndividualEstimated_INR + -15.0
None
(1, 15, 1, 4, 1, 1)
caused INR: -20.81502873855609
Iteration number 28
TpsAltruisticFromLsfGain + IndividualEstimated_INR + -10.0
None
ls_gain_coeffs:
[-144.29918972 -148.47153219 -127.29578596 -130.11025901 -149.20957571
 -131.54717221 -132.74409845 -144.10316173 -138.10448785 -137.50941182
 -138.96314054 -121.86546015 -144.41693066 -129.49846558 -135.02611367]
inrs_hat:  [-33.30948967 -37.48183215 -16.30608591 -19.12055896 -38.21987567
 -20.55747217 -21.75439841 -33.11346168 -27.1147878  -26.51971178
 -27.97344049 -10.87576011 -33.42723062 -18.50876553 -24.03641363]
scheduled_ues:  [ 0  1  2  3  4  5  6  7  8  9 10 11 12 13 14]
(1, 15, 1, 4, 1, 1)
caused INR: -3.393184000485588
TpsAltruisticFromLsfGain + IndividualEstimated_INR + -12.5
None
ls_gain_coeffs:
[-144.29918972 -148.47153219 -127.29578596 -130.11025901 -149.20957571
 -131.54717221 -132.74409845 -144.10316173 -138.10448785 -137.50941182
 -138.96314054 -121.86546015 -144.41693066 -129.49846558 -135.02611367]
inrs_hat:  [-33.30948967 -37.48183215 -16.30608591 -19.12055896 -38.21987567
 -20.55747217 -21.75439841 -33.11346168 -27.1147878  -26.51971178
 -27.97344049 -10.87576011 -33.42723062 -18.50876553 -24.03641363]
scheduled_ues:  [ 0  1  2  3  4  5  6  7  8  9 10 12 13 14]
(1, 15, 1, 4, 1, 1)
caused INR: -14.363507686293165
TpsAltruisticFromLsfGain + IndividualEstimated_INR + -15.0
None
ls_gain_coeffs:
[-144.29918972 -148.47153219 -127.29578596 -130.11025901 -149.20957571
 -131.54717221 -132.74409845 -144.10316173 -138.10448785 -137.50941182
 -138.96314054 -121.86546015 -144.41693066 -129.49846558 -135.02611367]
inrs_hat:  [-33.30948967 -37.48183215 -16.30608591 -19.12055896 -38.21987567
 -20.55747217 -21.75439841 -33.11346168 -27.1147878  -26.51971178
 -27.97344049 -10.87576011 -33.42723062 -18.50876553 -24.03641363]
scheduled_ues:  [ 0  1  2  3  4  5  6  7  8  9 10 12 13 14]
(1, 15, 1, 4, 1, 1)
caused INR: -14.363507686293165
TpsAltruisticFromLsfGain + CumulativeIndividualEstimated_INR + -10.0
None
(1, 15, 1, 4, 1, 1)
caused INR: -14.363507686293165
TpsAltruisticFromLsfGain + CumulativeIndividualEstimated_INR + -12.5
None
(1, 15, 1, 4, 1, 1)
caused INR: -14.265681628188776
TpsAltruisticFromLsfGain + CumulativeIndividualEstimated_INR + -15.0
None
(1, 15, 1, 4, 1, 1)
caused INR: -21.1472616780029
TpsRandomic + IndividualEstimated_INR + -10.0
None
ls_gain_coeffs:
[-127.46985965 -145.75420824 -127.29578596 -130.11025901 -133.21727693
 -122.32560894 -115.51041145 -139.04589938 -126.760192   -128.62049113
 -125.55027044 -107.56706229 -129.06332651 -129.49846558 -132.34579288]
inrs_hat:  [-16.48015961 -34.7645082  -16.30608591 -19.12055896 -22.22757688
 -11.3359089   -4.52071141 -28.05619934 -15.77049196 -17.63079108
 -14.56057039   3.42263775 -18.07362647 -18.50876553 -21.35609284]
scheduled_ues:  [ 0  1  2  3  4  5  7  8  9 10 12 13 14]
(1, 15, 1, 4, 1, 1)
caused INR: -13.674361303176557
TpsRandomic + IndividualEstimated_INR + -12.5
None
ls_gain_coeffs:
[-127.46985965 -145.75420824 -114.2632929  -130.11025901 -135.04182887
 -114.67746976 -132.74409845 -129.97580761 -121.10635764 -125.08750436
 -138.96314054 -108.49546122 -144.41693066 -120.83800951 -121.69107341]
inrs_hat:  [-16.48015961 -34.7645082   -3.27359286 -19.12055896 -24.05212882
  -3.68776972 -21.75439841 -18.98610757 -10.1166576  -14.09780432
 -27.97344049   2.49423882 -33.42723062  -9.84830946 -10.70137336]
scheduled_ues:  [ 0  1  3  4  6  7  9 10 12]
(1, 15, 1, 4, 1, 1)
caused INR: -3.7013055417619083
TpsRandomic + IndividualEstimated_INR + -15.0
None
ls_gain_coeffs:
[-134.65661506 -134.21838289 -118.95145692 -116.72798138 -143.83432499
 -114.67746976 -123.82746716 -129.97580761 -121.10635764 -120.63319774
 -138.96314054 -107.56706229 -140.04892444 -120.83800951 -120.79763314]
inrs_hat:  [-23.66691502 -23.22868285  -7.96175688  -5.73828133 -32.84462494
  -3.68776972 -12.83776712 -18.98610757 -10.1166576   -9.6434977
 -27.97344049   3.42263775 -29.0592244   -9.84830946  -9.8079331 ]
scheduled_ues:  [ 0  1  4  7 10 12]
(1, 15, 1, 4, 1, 1)
caused INR: -11.0139128270354
TpsRandomic + CumulativeIndividualEstimated_INR + -10.0
None
(1, 15, 1, 4, 1, 1)
caused INR: -27.305694335367722
TpsRandomic + CumulativeIndividualEstimated_INR + -12.5
None
(1, 15, 1, 4, 1, 1)
caused INR: -21.757076524888504
TpsRandomic + CumulativeIndividualEstimated_INR + -15.0
None
(1, 15, 1, 4, 1, 1)
caused INR: -16.445501203248977
Iteration number 29
TpsAltruisticFromLsfGain + IndividualEstimated_INR + -10.0
None
ls_gain_coeffs:
[-136.48993157 -148.02601562 -135.46332228 -149.11810236 -133.98711304
 -138.77565086 -142.61951673 -121.32528231 -147.38691839 -126.59093999
 -130.23455893 -130.19244124 -132.3949256  -135.45485886 -148.67480467]
inrs_hat:  [-25.50023153 -37.03631558 -24.47362224 -38.12840232 -22.997413
 -27.78595081 -31.62981669 -10.33558227 -36.39721835 -15.60123994
 -19.24485889 -19.2027412  -21.40522556 -24.46515882 -37.68510462]
scheduled_ues:  [ 0  1  2  3  4  5  6  7  8  9 10 11 12 13 14]
(1, 15, 1, 4, 1, 1)
caused INR: -6.7898455411372645
TpsAltruisticFromLsfGain + IndividualEstimated_INR + -12.5
None
ls_gain_coeffs:
[-136.48993157 -148.02601562 -135.46332228 -149.11810236 -133.98711304
 -138.77565086 -142.61951673 -121.32528231 -147.38691839 -126.59093999
 -130.23455893 -130.19244124 -132.3949256  -135.45485886 -148.67480467]
inrs_hat:  [-25.50023153 -37.03631558 -24.47362224 -38.12840232 -22.997413
 -27.78595081 -31.62981669 -10.33558227 -36.39721835 -15.60123994
 -19.24485889 -19.2027412  -21.40522556 -24.46515882 -37.68510462]
scheduled_ues:  [ 0  1  2  3  4  5  6  8  9 10 11 12 13 14]
(1, 15, 1, 4, 1, 1)
caused INR: -13.067038279613142
TpsAltruisticFromLsfGain + IndividualEstimated_INR + -15.0
None
ls_gain_coeffs:
[-136.48993157 -148.02601562 -135.46332228 -149.11810236 -133.98711304
 -138.77565086 -142.61951673 -121.32528231 -147.38691839 -126.59093999
 -130.23455893 -130.19244124 -132.3949256  -135.45485886 -148.67480467]
inrs_hat:  [-25.50023153 -37.03631558 -24.47362224 -38.12840232 -22.997413
 -27.78595081 -31.62981669 -10.33558227 -36.39721835 -15.60123994
 -19.24485889 -19.2027412  -21.40522556 -24.46515882 -37.68510462]
scheduled_ues:  [ 0  1  2  3  4  5  6  8  9 10 11 12 13 14]
(1, 15, 1, 4, 1, 1)
caused INR: -13.067038279613142
TpsAltruisticFromLsfGain + CumulativeIndividualEstimated_INR + -10.0
None
(1, 15, 1, 4, 1, 1)
caused INR: -13.067038279613142
TpsAltruisticFromLsfGain + CumulativeIndividualEstimated_INR + -12.5
None
(1, 15, 1, 4, 1, 1)
caused INR: -12.646488704453349
TpsAltruisticFromLsfGain + CumulativeIndividualEstimated_INR + -15.0
None
(1, 15, 1, 4, 1, 1)
caused INR: -25.37623219070591
TpsRandomic + IndividualEstimated_INR + -10.0
None
ls_gain_coeffs:
[-136.48993157 -131.61164145 -123.55570169 -135.64382228 -119.68287544
 -124.84856359 -142.61951673 -106.48233838 -141.75524778 -119.95243085
 -112.74840967 -118.01187959 -119.68860654 -128.77959662 -132.37059272]
inrs_hat:  [-25.50023153 -20.62194141 -12.56600165 -24.65412224  -8.6931754
 -13.85886355 -31.62981669   4.50736166 -30.76554774  -8.96273081
  -1.75870963  -7.02217955  -8.6989065  -17.78989658 -21.38089267]
scheduled_ues:  [ 0  1  2  3  5  6  8 13 14]
(1, 15, 1, 4, 1, 1)
caused INR: -8.55732954660316
TpsRandomic + IndividualEstimated_INR + -12.5
None
ls_gain_coeffs:
[-136.48993157 -131.61164145 -118.45671081 -135.64382228 -133.98711304
 -138.77565086 -136.79894338 -117.72326641 -141.75524778 -109.82751397
 -112.74840967 -118.01187959 -132.3949256  -121.89684948 -135.25292654]
inrs_hat:  [-25.50023153 -20.62194141  -7.46701077 -24.65412224 -22.997413
 -27.78595081 -25.80924334  -6.73356637 -30.76554774   1.16218607
  -1.75870963  -7.02217955 -21.40522556 -10.90714944 -24.2632265 ]
scheduled_ues:  [ 0  1  3  4  5  6  8 12 14]
(1, 15, 1, 4, 1, 1)
caused INR: -12.084802026241487
TpsRandomic + IndividualEstimated_INR + -15.0
None
ls_gain_coeffs:
[-126.61574862 -131.61164145 -135.46332228 -135.64382228 -119.68287544
 -124.84856359 -136.79894338 -121.32528231 -141.75524778 -119.95243085
 -130.23455893 -130.19244124 -119.68860654 -128.77959662 -135.25292654]
inrs_hat:  [-15.62604858 -20.62194141 -24.47362224 -24.65412224  -8.6931754
 -13.85886355 -25.80924334 -10.33558227 -30.76554774  -8.96273081
 -19.24485889 -19.2027412   -8.6989065  -17.78989658 -24.2632265 ]
scheduled_ues:  [ 0  1  2  3  6  8 10 11 13 14]
(1, 15, 1, 4, 1, 1)
caused INR: -10.040488955145614
TpsRandomic + CumulativeIndividualEstimated_INR + -10.0
None
(1, 15, 1, 4, 1, 1)
caused INR: -4.279720852991719
TpsRandomic + CumulativeIndividualEstimated_INR + -12.5
None
(1, 15, 1, 4, 1, 1)
caused INR: -15.110579346334287
TpsRandomic + CumulativeIndividualEstimated_INR + -15.0
None
(1, 15, 1, 4, 1, 1)
caused INR: -24.896079752117238
Iteration number 30
TpsAltruisticFromLsfGain + IndividualEstimated_INR + -10.0
None
ls_gain_coeffs:
[-134.52654164 -132.28181956 -147.13390004 -131.37398663 -146.40607635
 -133.96045268 -140.81037149 -126.85809273 -141.7473118  -139.67680111
 -124.61737245 -130.33441264 -148.63140938 -141.67514355 -147.52663526]
inrs_hat:  [-23.5368416  -21.29211952 -36.1442     -20.38428659 -35.4163763
 -22.97075264 -29.82067145 -15.86839268 -30.75761176 -28.68710107
 -13.6276724  -19.34471259 -37.64170933 -30.6854435  -36.53693521]
scheduled_ues:  [ 0  1  2  3  4  5  6  7  8  9 10 11 12 13 14]
(1, 15, 1, 4, 1, 1)
caused INR: -10.713495366864718
TpsAltruisticFromLsfGain + IndividualEstimated_INR + -12.5
None
ls_gain_coeffs:
[-134.52654164 -132.28181956 -147.13390004 -131.37398663 -146.40607635
 -133.96045268 -140.81037149 -126.85809273 -141.7473118  -139.67680111
 -124.61737245 -130.33441264 -148.63140938 -141.67514355 -147.52663526]
inrs_hat:  [-23.5368416  -21.29211952 -36.1442     -20.38428659 -35.4163763
 -22.97075264 -29.82067145 -15.86839268 -30.75761176 -28.68710107
 -13.6276724  -19.34471259 -37.64170933 -30.6854435  -36.53693521]
scheduled_ues:  [ 0  1  2  3  4  5  6  7  8  9 10 11 12 13 14]
(1, 15, 1, 4, 1, 1)
caused INR: -10.713495366864718
TpsAltruisticFromLsfGain + IndividualEstimated_INR + -15.0
None
ls_gain_coeffs:
[-134.52654164 -132.28181956 -147.13390004 -131.37398663 -146.40607635
 -133.96045268 -140.81037149 -126.85809273 -141.7473118  -139.67680111
 -124.61737245 -130.33441264 -148.63140938 -141.67514355 -147.52663526]
inrs_hat:  [-23.5368416  -21.29211952 -36.1442     -20.38428659 -35.4163763
 -22.97075264 -29.82067145 -15.86839268 -30.75761176 -28.68710107
 -13.6276724  -19.34471259 -37.64170933 -30.6854435  -36.53693521]
scheduled_ues:  [ 0  1  2  3  4  5  6  7  8  9 11 12 13 14]
(1, 15, 1, 4, 1, 1)
caused INR: -11.662728479052063
TpsAltruisticFromLsfGain + CumulativeIndividualEstimated_INR + -10.0
None
(1, 15, 1, 4, 1, 1)
caused INR: -11.662728479052063
TpsAltruisticFromLsfGain + CumulativeIndividualEstimated_INR + -12.5
None
(1, 15, 1, 4, 1, 1)
caused INR: -12.979476199386735
TpsAltruisticFromLsfGain + CumulativeIndividualEstimated_INR + -15.0
None
(1, 15, 1, 4, 1, 1)
caused INR: -13.32339316302068
TpsRandomic + IndividualEstimated_INR + -10.0
None
ls_gain_coeffs:
[-123.63898588 -125.28069731 -142.22463534 -117.3710414  -146.40607635
 -133.96045268 -127.1921937  -112.00307695 -124.75491115 -139.67680111
 -115.06734844 -112.60139491 -139.83769905 -124.96465859 -136.78227878]
inrs_hat:  [-12.64928584 -14.29099726 -31.23493529  -6.38134136 -35.4163763
 -22.97075264 -16.20249365  -1.01337691 -13.76521111 -28.68710107
  -4.0776484   -1.61169486 -28.84799901 -13.97495854 -25.79257873]
scheduled_ues:  [ 0  1  2  4  5  6  8  9 12 13 14]
(1, 15, 1, 4, 1, 1)
caused INR: -10.303099718481342
TpsRandomic + IndividualEstimated_INR + -12.5
None
ls_gain_coeffs:
[-124.32384475 -132.28181956 -133.05587847 -115.80969617 -132.69051189
 -120.8918951  -140.81037149 -112.00307695 -132.47881517 -123.56553254
 -124.61737245 -112.60139491 -136.55372059 -124.96465859 -147.52663526]
inrs_hat:  [-13.33414471 -21.29211952 -22.06617843  -4.81999613 -21.70081185
  -9.90219505 -29.82067145  -1.01337691 -21.48911513 -12.5758325
 -13.6276724   -1.61169486 -25.56402055 -13.97495854 -36.53693521]
scheduled_ues:  [ 0  1  2  4  6  8  9 10 12 13 14]
(1, 15, 1, 4, 1, 1)
caused INR: -13.28706430689667
TpsRandomic + IndividualEstimated_INR + -15.0
None
ls_gain_coeffs:
[-117.76061532 -118.82637635 -133.05587847 -117.3710414  -146.40607635
 -120.26493751 -127.1921937  -123.23796907 -132.47881517 -133.68063265
 -115.06734844 -130.33441264 -131.97490982 -141.67514355 -136.78227878]
inrs_hat:  [ -6.77091527  -7.83667631 -22.06617843  -6.38134136 -35.4163763
  -9.27523747 -16.20249365 -12.24826902 -21.48911513 -22.6909326
  -4.0776484  -19.34471259 -20.98520978 -30.6854435  -25.79257873]
scheduled_ues:  [ 2  4  6  8  9 11 12 13 14]
(1, 15, 1, 4, 1, 1)
caused INR: -10.715826408485125
TpsRandomic + CumulativeIndividualEstimated_INR + -10.0
None
(1, 15, 1, 4, 1, 1)
caused INR: -13.249511981480858
TpsRandomic + CumulativeIndividualEstimated_INR + -12.5
None
(1, 15, 1, 4, 1, 1)
caused INR: -9.931234657640054
TpsRandomic + CumulativeIndividualEstimated_INR + -15.0
None
(1, 15, 1, 4, 1, 1)
caused INR: -7.263588993632543
Iteration number 31
TpsAltruisticFromLsfGain + IndividualEstimated_INR + -10.0
None
ls_gain_coeffs:
[-112.77582983 -137.4073735  -137.18747849 -134.72567498 -142.66906112
 -138.23689    -145.47967428 -140.71528776 -144.07767641 -132.1483063
 -150.12022673 -135.02111028 -138.66341489 -133.71161607 -140.15438812]
inrs_hat:  [ -1.78612979 -26.41767345 -26.19777845 -23.73597494 -31.67936108
 -27.24718996 -34.48997423 -29.72558772 -33.08797637 -21.15860626
 -39.13052669 -24.03141024 -27.67371485 -22.72191603 -29.16468808]
scheduled_ues:  [ 1  2  3  4  5  6  7  8  9 10 11 12 13 14]
(1, 15, 1, 4, 1, 1)
caused INR: -11.902281310000724
TpsAltruisticFromLsfGain + IndividualEstimated_INR + -12.5
None
ls_gain_coeffs:
[-112.77582983 -137.4073735  -137.18747849 -134.72567498 -142.66906112
 -138.23689    -145.47967428 -140.71528776 -144.07767641 -132.1483063
 -150.12022673 -135.02111028 -138.66341489 -133.71161607 -140.15438812]
inrs_hat:  [ -1.78612979 -26.41767345 -26.19777845 -23.73597494 -31.67936108
 -27.24718996 -34.48997423 -29.72558772 -33.08797637 -21.15860626
 -39.13052669 -24.03141024 -27.67371485 -22.72191603 -29.16468808]
scheduled_ues:  [ 1  2  3  4  5  6  7  8  9 10 11 12 13 14]
(1, 15, 1, 4, 1, 1)
caused INR: -11.902281310000724
TpsAltruisticFromLsfGain + IndividualEstimated_INR + -15.0
None
ls_gain_coeffs:
[-112.77582983 -137.4073735  -137.18747849 -134.72567498 -142.66906112
 -138.23689    -145.47967428 -140.71528776 -144.07767641 -132.1483063
 -150.12022673 -135.02111028 -138.66341489 -133.71161607 -140.15438812]
inrs_hat:  [ -1.78612979 -26.41767345 -26.19777845 -23.73597494 -31.67936108
 -27.24718996 -34.48997423 -29.72558772 -33.08797637 -21.15860626
 -39.13052669 -24.03141024 -27.67371485 -22.72191603 -29.16468808]
scheduled_ues:  [ 1  2  3  4  5  6  7  8  9 10 11 12 13 14]
(1, 15, 1, 4, 1, 1)
caused INR: -11.902281310000724
TpsAltruisticFromLsfGain + CumulativeIndividualEstimated_INR + -10.0
None
(1, 15, 1, 4, 1, 1)
caused INR: -11.902281310000724
TpsAltruisticFromLsfGain + CumulativeIndividualEstimated_INR + -12.5
None
(1, 15, 1, 4, 1, 1)
caused INR: -11.902281310000724
TpsAltruisticFromLsfGain + CumulativeIndividualEstimated_INR + -15.0
None
(1, 15, 1, 4, 1, 1)
caused INR: -12.39657576887164
TpsRandomic + IndividualEstimated_INR + -10.0
None
ls_gain_coeffs:
[-100.16063894 -121.05248733 -120.64305018 -120.46764779 -125.72154822
 -121.21483071 -134.57960704 -130.34686991 -130.55381341 -120.46797287
 -141.8772202  -118.50647737 -125.41067313 -117.23592713 -127.61850779]
inrs_hat:  [ 10.8290611  -10.06278729  -9.65335014  -9.47794775 -14.73184818
 -10.22513067 -23.58990699 -19.35716986 -19.56411337  -9.47827283
 -30.88752016  -7.51677733 -14.42097309  -6.24622708 -16.62880775]
scheduled_ues:  [ 1  4  5  6  7  8 10 12 14]
(1, 15, 1, 4, 1, 1)
caused INR: -4.472865626710904
TpsRandomic + IndividualEstimated_INR + -12.5
None
ls_gain_coeffs:
[-112.77582983 -121.05248733 -137.18747849 -121.37586139 -142.66906112
 -125.84723339 -134.57960704 -140.71528776 -144.07767641 -114.71318694
 -141.8772202  -120.54299383 -137.44670225 -117.23592713 -140.15438812]
inrs_hat:  [ -1.78612979 -10.06278729 -26.19777845 -10.38616134 -31.67936108
 -14.85753334 -23.58990699 -29.72558772 -33.08797637  -3.72348689
 -30.88752016  -9.55329378 -26.45700221  -6.24622708 -29.16468808]
scheduled_ues:  [ 2  4  5  6  7  8 10 12 14]
(1, 15, 1, 4, 1, 1)
caused INR: -19.281080049333145
TpsRandomic + IndividualEstimated_INR + -15.0
None
ls_gain_coeffs:
[-100.24743439 -137.4073735  -130.11053267 -121.37586139 -131.7242376
 -125.84723339 -128.53176737 -129.47924086 -130.55381341 -114.71318694
 -137.69721507 -118.50647737 -125.41067313 -120.56001436 -127.66564796]
inrs_hat:  [ 10.74226566 -26.41767345 -19.12083263 -10.38616134 -20.73453755
 -14.85753334 -17.54206732 -18.48954082 -19.56411337  -3.72348689
 -26.70751502  -7.51677733 -14.42097309  -9.57031431 -16.67594791]
scheduled_ues:  [ 1  2  4  6  7  8 10 14]
(1, 15, 1, 4, 1, 1)
caused INR: -10.825958877626276
TpsRandomic + CumulativeIndividualEstimated_INR + -10.0
None
(1, 15, 1, 4, 1, 1)
caused INR: -17.390459731357023
TpsRandomic + CumulativeIndividualEstimated_INR + -12.5
None
(1, 15, 1, 4, 1, 1)
caused INR: -16.326177018962493
TpsRandomic + CumulativeIndividualEstimated_INR + -15.0
None
(1, 15, 1, 4, 1, 1)
caused INR: -26.18195021236119
Iteration number 32
TpsAltruisticFromLsfGain + IndividualEstimated_INR + -10.0
None
ls_gain_coeffs:
[-119.90705958 -124.47521896 -115.46878899 -126.80817439 -145.26584551
 -132.50513999 -146.47128949 -130.5289612  -125.73637744 -120.64380863
 -136.73623544 -146.3323167  -132.63434868 -144.37732772 -144.93129831]
inrs_hat:  [ -8.91735953 -13.48551892  -4.47908894 -15.81847434 -34.27614547
 -21.51543994 -35.48158944 -19.53926116 -14.7466774   -9.65410859
 -25.74653539 -35.34261666 -21.64464863 -33.38762768 -33.94159827]
scheduled_ues:  [ 1  3  4  5  6  7  8 10 11 12 13 14]
(1, 15, 1, 4, 1, 1)
caused INR: -12.9906900643282
TpsAltruisticFromLsfGain + IndividualEstimated_INR + -12.5
None
ls_gain_coeffs:
[-119.90705958 -124.47521896 -115.46878899 -126.80817439 -145.26584551
 -132.50513999 -146.47128949 -130.5289612  -125.73637744 -120.64380863
 -136.73623544 -146.3323167  -132.63434868 -144.37732772 -144.93129831]
inrs_hat:  [ -8.91735953 -13.48551892  -4.47908894 -15.81847434 -34.27614547
 -21.51543994 -35.48158944 -19.53926116 -14.7466774   -9.65410859
 -25.74653539 -35.34261666 -21.64464863 -33.38762768 -33.94159827]
scheduled_ues:  [ 1  3  4  5  6  7  8 10 11 12 13 14]
(1, 15, 1, 4, 1, 1)
caused INR: -12.9906900643282
TpsAltruisticFromLsfGain + IndividualEstimated_INR + -15.0
None
ls_gain_coeffs:
[-119.90705958 -124.47521896 -115.46878899 -126.80817439 -145.26584551
 -132.50513999 -146.47128949 -130.5289612  -125.73637744 -120.64380863
 -136.73623544 -146.3323167  -132.63434868 -144.37732772 -144.93129831]
inrs_hat:  [ -8.91735953 -13.48551892  -4.47908894 -15.81847434 -34.27614547
 -21.51543994 -35.48158944 -19.53926116 -14.7466774   -9.65410859
 -25.74653539 -35.34261666 -21.64464863 -33.38762768 -33.94159827]
scheduled_ues:  [ 3  4  5  6  7 10 11 12 13 14]
(1, 15, 1, 4, 1, 1)
caused INR: -14.309357600836506
TpsAltruisticFromLsfGain + CumulativeIndividualEstimated_INR + -10.0
None
(1, 15, 1, 4, 1, 1)
caused INR: -14.327093350570031
TpsAltruisticFromLsfGain + CumulativeIndividualEstimated_INR + -12.5
None
(1, 15, 1, 4, 1, 1)
caused INR: -14.309357600836506
TpsAltruisticFromLsfGain + CumulativeIndividualEstimated_INR + -15.0
None
(1, 15, 1, 4, 1, 1)
caused INR: -17.62377949243468
TpsRandomic + IndividualEstimated_INR + -10.0
None
ls_gain_coeffs:
[-106.76756094 -107.30508906 -113.60421529 -111.58920241 -137.26838587
 -125.12290322 -132.82932042 -122.16493259 -124.15579664 -110.85064913
 -127.29768963 -146.3323167  -132.63434868 -131.44788112 -144.93129831]
inrs_hat:  [  4.22213911   3.68461098  -2.61451525  -0.59950237 -26.27868583
 -14.13320318 -21.83962038 -11.17523255 -13.1660966    0.13905091
 -16.30798958 -35.34261666 -21.64464863 -20.45818108 -33.94159827]
scheduled_ues:  [ 4  5  6  7  8 10 11 12 13 14]
(1, 15, 1, 4, 1, 1)
caused INR: -4.353160949166633
TpsRandomic + IndividualEstimated_INR + -12.5
None
ls_gain_coeffs:
[-106.0696623  -113.65816482 -102.40566442 -112.9778884  -145.26584551
 -118.98968445 -146.47128949 -117.72076655 -112.76791717 -108.16862908
 -124.63124456 -129.72191631 -118.82551509 -131.44788112 -128.09171834]
inrs_hat:  [  4.92003775  -2.66846477   8.58403562  -1.98818836 -34.27614547
  -7.99998441 -35.48158944  -6.7310665   -1.77821713   2.82107097
 -13.64154451 -18.73221627  -7.83581504 -20.45818108 -17.1020183 ]
scheduled_ues:  [ 4  6 10 11 13 14]
(1, 15, 1, 4, 1, 1)
caused INR: -11.815740316406645
TpsRandomic + IndividualEstimated_INR + -15.0
None
ls_gain_coeffs:
[-106.0696623  -124.47521896 -113.60421529 -126.80817439 -137.26838587
 -125.12290322 -146.47128949 -122.16493259 -125.73637744 -108.16862908
 -127.29768963 -129.72191631 -118.82551509 -136.4846463  -144.93129831]
inrs_hat:  [  4.92003775 -13.48551892  -2.61451525 -15.81847434 -26.27868583
 -14.13320318 -35.48158944 -11.17523255 -14.7466774    2.82107097
 -16.30798958 -18.73221627  -7.83581504 -25.49494626 -33.94159827]
scheduled_ues:  [ 3  4  6 10 11 13 14]
(1, 15, 1, 4, 1, 1)
caused INR: -16.17102526746617
TpsRandomic + CumulativeIndividualEstimated_INR + -10.0
None
(1, 15, 1, 4, 1, 1)
caused INR: -17.08768984795444
TpsRandomic + CumulativeIndividualEstimated_INR + -12.5
None
(1, 15, 1, 4, 1, 1)
caused INR: -16.801585729163506
TpsRandomic + CumulativeIndividualEstimated_INR + -15.0
None
(1, 15, 1, 4, 1, 1)
caused INR: -14.249745119864324
Iteration number 33
TpsAltruisticFromLsfGain + IndividualEstimated_INR + -10.0
None
ls_gain_coeffs:
[-141.7646213  -146.73064156 -147.81990119 -129.62164005 -129.17038846
 -132.23338419 -121.39134888 -115.59027489 -136.29644508 -133.34678366
 -144.99858494 -128.24130573 -115.5643548  -124.6683008  -143.8912506 ]
inrs_hat:  [-30.77492125 -35.74094152 -36.83020115 -18.63194001 -18.18068842
 -21.24368415 -10.40164883  -4.60057485 -25.30674503 -22.35708362
 -34.0088849  -17.25160569  -4.57465476 -13.67860076 -32.90155056]
scheduled_ues:  [ 0  1  2  3  4  5  6  8  9 10 11 13 14]
(1, 15, 1, 4, 1, 1)
caused INR: -8.759308199955242
TpsAltruisticFromLsfGain + IndividualEstimated_INR + -12.5
None
ls_gain_coeffs:
[-141.7646213  -146.73064156 -147.81990119 -129.62164005 -129.17038846
 -132.23338419 -121.39134888 -115.59027489 -136.29644508 -133.34678366
 -144.99858494 -128.24130573 -115.5643548  -124.6683008  -143.8912506 ]
inrs_hat:  [-30.77492125 -35.74094152 -36.83020115 -18.63194001 -18.18068842
 -21.24368415 -10.40164883  -4.60057485 -25.30674503 -22.35708362
 -34.0088849  -17.25160569  -4.57465476 -13.67860076 -32.90155056]
scheduled_ues:  [ 0  1  2  3  4  5  8  9 10 11 13 14]
(1, 15, 1, 4, 1, 1)
caused INR: -14.343535330132635
TpsAltruisticFromLsfGain + IndividualEstimated_INR + -15.0
None
ls_gain_coeffs:
[-141.7646213  -146.73064156 -147.81990119 -129.62164005 -129.17038846
 -132.23338419 -121.39134888 -115.59027489 -136.29644508 -133.34678366
 -144.99858494 -128.24130573 -115.5643548  -124.6683008  -143.8912506 ]
inrs_hat:  [-30.77492125 -35.74094152 -36.83020115 -18.63194001 -18.18068842
 -21.24368415 -10.40164883  -4.60057485 -25.30674503 -22.35708362
 -34.0088849  -17.25160569  -4.57465476 -13.67860076 -32.90155056]
scheduled_ues:  [ 0  1  2  3  4  5  8  9 10 11 14]
(1, 15, 1, 4, 1, 1)
caused INR: -13.125523820095793
TpsAltruisticFromLsfGain + CumulativeIndividualEstimated_INR + -10.0
None
(1, 15, 1, 4, 1, 1)
caused INR: -13.125523820095793
TpsAltruisticFromLsfGain + CumulativeIndividualEstimated_INR + -12.5
None
(1, 15, 1, 4, 1, 1)
caused INR: -10.579105239060254
TpsAltruisticFromLsfGain + CumulativeIndividualEstimated_INR + -15.0
None
(1, 15, 1, 4, 1, 1)
caused INR: -21.494571211738812
TpsRandomic + IndividualEstimated_INR + -10.0
None
ls_gain_coeffs:
[-125.06599836 -133.271204   -134.81169271 -121.47802229 -114.52905189
 -121.55941311 -107.6329004  -100.30490967 -119.10278933 -116.57876659
 -132.52280014 -124.46246386 -115.5643548  -110.66053605 -143.8912506 ]
inrs_hat:  [-14.07629831 -22.28150396 -23.82199267 -10.48832224  -3.53935185
 -10.56971307   3.35679965  10.68479038  -8.11308929  -5.58906655
 -21.53310009 -13.47276382  -4.57465476   0.32916399 -32.90155056]
scheduled_ues:  [ 0  1  2  3  5 10 11 14]
(1, 15, 1, 4, 1, 1)
caused INR: -2.3205413834148767
TpsRandomic + IndividualEstimated_INR + -12.5
None
ls_gain_coeffs:
[-134.37007198 -133.78012278 -131.39867362 -116.75192961 -125.87078361
 -121.55941311 -107.6329004  -100.30490967 -119.10278933 -122.1366304
 -132.48861534 -113.28047782 -115.5643548  -110.66053605 -137.69033468]
inrs_hat:  [-23.38037194 -22.79042274 -20.40897358  -5.76222956 -14.88108356
 -10.56971307   3.35679965  10.68479038  -8.11308929 -11.14693036
 -21.49891529  -2.29077777  -4.57465476   0.32916399 -26.70063463]
scheduled_ues:  [ 0  1  2  4 10 14]
(1, 15, 1, 4, 1, 1)
caused INR: -19.750138686616648
TpsRandomic + IndividualEstimated_INR + -15.0
None
ls_gain_coeffs:
[-141.7646213  -145.20388522 -134.81169271 -129.62164005 -129.17038846
 -121.71490572 -121.39134888 -111.32462706 -136.29644508 -116.57876659
 -144.89603054 -124.46246386 -107.47643439 -108.15213785 -137.69033468]
inrs_hat:  [-30.77492125 -34.21418518 -23.82199267 -18.63194001 -18.18068842
 -10.72520568 -10.40164883  -0.33492701 -25.30674503  -5.58906655
 -33.90633049 -13.47276382   3.51326566   2.83756219 -26.70063463]
scheduled_ues:  [ 0  1  2  3  4  8 10 14]
(1, 15, 1, 4, 1, 1)
caused INR: -16.530659658211995
TpsRandomic + CumulativeIndividualEstimated_INR + -10.0
None
(1, 15, 1, 4, 1, 1)
caused INR: -15.070666663442225
TpsRandomic + CumulativeIndividualEstimated_INR + -12.5
None
(1, 15, 1, 4, 1, 1)
caused INR: -14.597498938634047
TpsRandomic + CumulativeIndividualEstimated_INR + -15.0
None
(1, 15, 1, 4, 1, 1)
caused INR: -17.272871492355154
Iteration number 34
TpsAltruisticFromLsfGain + IndividualEstimated_INR + -10.0
None
ls_gain_coeffs:
[-133.03797987 -152.56402695 -133.82720197 -141.72585833 -134.35536916
 -144.94866696 -123.94538141 -128.7238126  -139.90443844 -144.0046538
 -133.1038723  -131.3185987  -139.73829014 -127.93959176 -141.577595  ]
inrs_hat:  [-22.04827982 -41.57432691 -22.83750193 -30.73615829 -23.36566912
 -33.95896691 -12.95568136 -17.73411255 -28.9147384  -33.01495376
 -22.11417226 -20.32889865 -28.7485901  -16.94989172 -30.58789496]
scheduled_ues:  [ 0  1  2  3  4  5  6  7  8  9 10 11 12 13 14]
(1, 15, 1, 4, 1, 1)
caused INR: -8.899413541224938
TpsAltruisticFromLsfGain + IndividualEstimated_INR + -12.5
None
ls_gain_coeffs:
[-133.03797987 -152.56402695 -133.82720197 -141.72585833 -134.35536916
 -144.94866696 -123.94538141 -128.7238126  -139.90443844 -144.0046538
 -133.1038723  -131.3185987  -139.73829014 -127.93959176 -141.577595  ]
inrs_hat:  [-22.04827982 -41.57432691 -22.83750193 -30.73615829 -23.36566912
 -33.95896691 -12.95568136 -17.73411255 -28.9147384  -33.01495376
 -22.11417226 -20.32889865 -28.7485901  -16.94989172 -30.58789496]
scheduled_ues:  [ 0  1  2  3  4  5  6  7  8  9 10 11 12 13 14]
(1, 15, 1, 4, 1, 1)
caused INR: -8.899413541224938
TpsAltruisticFromLsfGain + IndividualEstimated_INR + -15.0
None
ls_gain_coeffs:
[-133.03797987 -152.56402695 -133.82720197 -141.72585833 -134.35536916
 -144.94866696 -123.94538141 -128.7238126  -139.90443844 -144.0046538
 -133.1038723  -131.3185987  -139.73829014 -127.93959176 -141.577595  ]
inrs_hat:  [-22.04827982 -41.57432691 -22.83750193 -30.73615829 -23.36566912
 -33.95896691 -12.95568136 -17.73411255 -28.9147384  -33.01495376
 -22.11417226 -20.32889865 -28.7485901  -16.94989172 -30.58789496]
scheduled_ues:  [ 0  1  2  3  4  5  7  8  9 10 11 12 13 14]
(1, 15, 1, 4, 1, 1)
caused INR: -13.93781261262892
TpsAltruisticFromLsfGain + CumulativeIndividualEstimated_INR + -10.0
None
(1, 15, 1, 4, 1, 1)
caused INR: -13.93781261262892
TpsAltruisticFromLsfGain + CumulativeIndividualEstimated_INR + -12.5
None
(1, 15, 1, 4, 1, 1)
caused INR: -15.153630083944236
TpsAltruisticFromLsfGain + CumulativeIndividualEstimated_INR + -15.0
None
(1, 15, 1, 4, 1, 1)
caused INR: -17.53364555247743
TpsRandomic + IndividualEstimated_INR + -10.0
None
ls_gain_coeffs:
[-115.4115066  -135.92932601 -119.60819283 -124.73033787 -134.35536916
 -128.06539406 -113.11372713 -125.18555779 -123.20829434 -127.52086742
 -116.38309593 -126.61864049 -129.81921896 -127.93959176 -141.577595  ]
inrs_hat:  [ -4.42180656 -24.93962596  -8.61849279 -13.74063782 -23.36566912
 -17.07569401  -2.12402708 -14.19585774 -12.21859429 -16.53116737
  -5.39339589 -15.62894044 -18.82951892 -16.94989172 -30.58789496]
scheduled_ues:  [ 1  3  4  5  7  8  9 11 12 13 14]
(1, 15, 1, 4, 1, 1)
caused INR: -14.473831240879143
TpsRandomic + IndividualEstimated_INR + -12.5
None
ls_gain_coeffs:
[-118.67391131 -135.92932601 -119.60819283 -124.73033787 -134.35536916
 -133.52810713 -123.94538141 -113.92337606 -130.7756016  -135.89261368
 -126.55872128 -131.3185987  -139.73829014 -112.0891659  -141.577595  ]
inrs_hat:  [ -7.68421127 -24.93962596  -8.61849279 -13.74063782 -23.36566912
 -22.53840708 -12.95568136  -2.93367601 -19.78590155 -24.90291364
 -15.56902124 -20.32889865 -28.7485901   -1.09946586 -30.58789496]
scheduled_ues:  [ 1  3  4  5  6  8  9 10 11 12 14]
(1, 15, 1, 4, 1, 1)
caused INR: -11.14414916880456
TpsRandomic + IndividualEstimated_INR + -15.0
None
ls_gain_coeffs:
[-118.67391131 -143.71124943 -117.83078369 -141.72585833 -118.27880523
 -135.04428098 -112.13068319 -115.10279433 -139.90443844 -131.59072115
 -116.38309593 -117.31034596 -122.80191285 -113.79357883 -125.23312148]
inrs_hat:  [ -7.68421127 -32.72154938  -6.84108365 -30.73615829  -7.28910519
 -24.05458094  -1.14098314  -4.11309428 -28.9147384  -20.60102111
  -5.39339589  -6.32064592 -11.81221281  -2.80387879 -14.24342143]
scheduled_ues:  [1 3 5 8 9]
(1, 15, 1, 4, 1, 1)
caused INR: -24.17073603144125
TpsRandomic + CumulativeIndividualEstimated_INR + -10.0
None
(1, 15, 1, 4, 1, 1)
caused INR: -17.42549824280625
TpsRandomic + CumulativeIndividualEstimated_INR + -12.5
None
(1, 15, 1, 4, 1, 1)
caused INR: -12.956441659170107
TpsRandomic + CumulativeIndividualEstimated_INR + -15.0
None
(1, 15, 1, 4, 1, 1)
caused INR: -29.17923421762657
Iteration number 35
TpsAltruisticFromLsfGain + IndividualEstimated_INR + -10.0
None
ls_gain_coeffs:
[-144.63725175 -132.42924869 -138.6465128  -143.20846403 -141.78187577
 -123.40209804 -145.90809658 -154.47620123 -131.9940906  -134.64041344
 -149.08412392 -126.44541753 -145.06612872 -149.76629874 -149.77092921]
inrs_hat:  [-33.6475517  -21.43954865 -27.65681276 -32.21876399 -30.79217573
 -12.412398   -34.91839653 -43.48650118 -21.00439055 -23.6507134
 -38.09442388 -15.45571749 -34.07642868 -38.7765987  -38.78122917]
scheduled_ues:  [ 0  1  2  3  4  5  6  7  8  9 10 11 12 13 14]
(1, 15, 1, 4, 1, 1)
caused INR: -10.933517072365957
TpsAltruisticFromLsfGain + IndividualEstimated_INR + -12.5
None
ls_gain_coeffs:
[-144.63725175 -132.42924869 -138.6465128  -143.20846403 -141.78187577
 -123.40209804 -145.90809658 -154.47620123 -131.9940906  -134.64041344
 -149.08412392 -126.44541753 -145.06612872 -149.76629874 -149.77092921]
inrs_hat:  [-33.6475517  -21.43954865 -27.65681276 -32.21876399 -30.79217573
 -12.412398   -34.91839653 -43.48650118 -21.00439055 -23.6507134
 -38.09442388 -15.45571749 -34.07642868 -38.7765987  -38.78122917]
scheduled_ues:  [ 0  1  2  3  4  6  7  8  9 10 11 12 13 14]
(1, 15, 1, 4, 1, 1)
caused INR: -20.651078328401002
TpsAltruisticFromLsfGain + IndividualEstimated_INR + -15.0
None
ls_gain_coeffs:
[-144.63725175 -132.42924869 -138.6465128  -143.20846403 -141.78187577
 -123.40209804 -145.90809658 -154.47620123 -131.9940906  -134.64041344
 -149.08412392 -126.44541753 -145.06612872 -149.76629874 -149.77092921]
inrs_hat:  [-33.6475517  -21.43954865 -27.65681276 -32.21876399 -30.79217573
 -12.412398   -34.91839653 -43.48650118 -21.00439055 -23.6507134
 -38.09442388 -15.45571749 -34.07642868 -38.7765987  -38.78122917]
scheduled_ues:  [ 0  1  2  3  4  6  7  8  9 10 11 12 13 14]
(1, 15, 1, 4, 1, 1)
caused INR: -20.651078328401002
TpsAltruisticFromLsfGain + CumulativeIndividualEstimated_INR + -10.0
None
(1, 15, 1, 4, 1, 1)
caused INR: -20.651078328401002
TpsAltruisticFromLsfGain + CumulativeIndividualEstimated_INR + -12.5
None
(1, 15, 1, 4, 1, 1)
caused INR: -20.651078328401002
TpsAltruisticFromLsfGain + CumulativeIndividualEstimated_INR + -15.0
None
(1, 15, 1, 4, 1, 1)
caused INR: -17.47051783096978
TpsRandomic + IndividualEstimated_INR + -10.0
None
ls_gain_coeffs:
[-132.22008161 -118.6476349  -126.33217958 -132.47200047 -141.65849714
 -123.40209804 -132.06551162 -144.7371478  -118.49590111 -121.85132452
 -135.61624444 -114.29867793 -131.80128245 -149.76629874 -136.82075208]
inrs_hat:  [-21.23038157  -7.65793485 -15.34247954 -21.48230043 -30.6687971
 -12.412398   -21.07581158 -33.74744775  -7.50620106 -10.86162447
 -24.6265444   -3.30897789 -20.8115824  -38.7765987  -25.83105204]
scheduled_ues:  [ 0  2  3  4  5  6  7  9 10 12 13 14]
(1, 15, 1, 4, 1, 1)
caused INR: -11.317033326792323
TpsRandomic + IndividualEstimated_INR + -12.5
None
ls_gain_coeffs:
[-132.22008161 -125.73161798 -121.91495388 -132.50763716 -129.29914956
 -106.67559743 -132.06551162 -144.7371478  -115.5612696  -134.64041344
 -142.38321169 -126.44541753 -131.80128245 -149.76629874 -141.96081136]
inrs_hat:  [-21.23038157 -14.74191793 -10.92525383 -21.51793712 -18.30944952
   4.31410261 -21.07581158 -33.74744775  -4.57156956 -23.6507134
 -31.39351165 -15.45571749 -20.8115824  -38.7765987  -30.97111132]
scheduled_ues:  [ 0  1  3  4  6  7  9 10 11 12 13 14]
(1, 15, 1, 4, 1, 1)
caused INR: -14.385692869505611
TpsRandomic + IndividualEstimated_INR + -15.0
None
ls_gain_coeffs:
[-144.63725175 -115.96882644 -126.33217958 -132.50763716 -141.78187577
 -123.40209804 -145.90809658 -154.47620123 -118.49590111 -134.64041344
 -149.08412392 -126.44541753 -130.97803617 -133.01888346 -136.82075208]
inrs_hat:  [-33.6475517   -4.97912639 -15.34247954 -21.51793712 -30.79217573
 -12.412398   -34.91839653 -43.48650118  -7.50620106 -23.6507134
 -38.09442388 -15.45571749 -19.98833613 -22.02918342 -25.83105204]
scheduled_ues:  [ 0  2  3  4  6  7  9 10 11 12 13 14]
(1, 15, 1, 4, 1, 1)
caused INR: -7.377645072779133
TpsRandomic + CumulativeIndividualEstimated_INR + -10.0
None
(1, 15, 1, 4, 1, 1)
caused INR: -18.5887719064361
TpsRandomic + CumulativeIndividualEstimated_INR + -12.5
None
(1, 15, 1, 4, 1, 1)
caused INR: -9.839356445728995
TpsRandomic + CumulativeIndividualEstimated_INR + -15.0
None
(1, 15, 1, 4, 1, 1)
caused INR: -21.61334354490228
Iteration number 36
TpsAltruisticFromLsfGain + IndividualEstimated_INR + -10.0
None
ls_gain_coeffs:
[-128.99268659 -127.07948578 -141.81434934 -137.69399807 -126.91232462
 -138.51425213 -147.61764978 -128.77122145 -149.45217912 -136.54627325
 -128.97550074 -152.24212571 -129.18966859 -146.86601582 -141.4893145 ]
inrs_hat:  [-18.00298655 -16.08978574 -30.82464929 -26.70429802 -15.92262458
 -27.52455209 -36.62794974 -17.78152141 -38.46247908 -25.55657321
 -17.9858007  -41.25242567 -18.19996855 -35.87631578 -30.49961446]
scheduled_ues:  [ 0  1  2  3  4  5  6  7  8  9 10 11 12 13 14]
(1, 15, 1, 4, 1, 1)
caused INR: -7.205861799429938
TpsAltruisticFromLsfGain + IndividualEstimated_INR + -12.5
None
ls_gain_coeffs:
[-128.99268659 -127.07948578 -141.81434934 -137.69399807 -126.91232462
 -138.51425213 -147.61764978 -128.77122145 -149.45217912 -136.54627325
 -128.97550074 -152.24212571 -129.18966859 -146.86601582 -141.4893145 ]
inrs_hat:  [-18.00298655 -16.08978574 -30.82464929 -26.70429802 -15.92262458
 -27.52455209 -36.62794974 -17.78152141 -38.46247908 -25.55657321
 -17.9858007  -41.25242567 -18.19996855 -35.87631578 -30.49961446]
scheduled_ues:  [ 0  1  2  3  4  5  6  7  8  9 10 11 12 13 14]
(1, 15, 1, 4, 1, 1)
caused INR: -7.205861799429938
TpsAltruisticFromLsfGain + IndividualEstimated_INR + -15.0
None
ls_gain_coeffs:
[-128.99268659 -127.07948578 -141.81434934 -137.69399807 -126.91232462
 -138.51425213 -147.61764978 -128.77122145 -149.45217912 -136.54627325
 -128.97550074 -152.24212571 -129.18966859 -146.86601582 -141.4893145 ]
inrs_hat:  [-18.00298655 -16.08978574 -30.82464929 -26.70429802 -15.92262458
 -27.52455209 -36.62794974 -17.78152141 -38.46247908 -25.55657321
 -17.9858007  -41.25242567 -18.19996855 -35.87631578 -30.49961446]
scheduled_ues:  [ 0  1  2  3  4  5  6  7  8  9 10 11 12 13 14]
(1, 15, 1, 4, 1, 1)
caused INR: -7.205861799429938
TpsAltruisticFromLsfGain + CumulativeIndividualEstimated_INR + -10.0
None
(1, 15, 1, 4, 1, 1)
caused INR: -5.8744447409313505
TpsAltruisticFromLsfGain + CumulativeIndividualEstimated_INR + -12.5
None
(1, 15, 1, 4, 1, 1)
caused INR: -6.066664458575759
TpsAltruisticFromLsfGain + CumulativeIndividualEstimated_INR + -15.0
None
(1, 15, 1, 4, 1, 1)
caused INR: -9.737622217649182
TpsRandomic + IndividualEstimated_INR + -10.0
None
ls_gain_coeffs:
[-117.99651804 -113.14709337 -130.09934246 -137.69399807 -126.31578112
 -135.21316553 -147.61764978 -116.82733947 -141.00876067 -136.54627325
 -115.04152685 -138.34307908 -119.22028491 -133.19495056 -126.19149332]
inrs_hat:  [ -7.006818    -2.15739332 -19.10964242 -26.70429802 -15.32608107
 -24.22346549 -36.62794974  -5.83763943 -30.01906063 -25.55657321
  -4.05182681 -27.35337904  -8.23058486 -22.20525051 -15.20179327]
scheduled_ues:  [ 2  3  4  5  6  8  9 11 13 14]
(1, 15, 1, 4, 1, 1)
caused INR: -12.771465779851328
TpsRandomic + IndividualEstimated_INR + -12.5
None
ls_gain_coeffs:
[-128.99268659 -122.60710853 -141.81434934 -123.52817262 -114.27187679
 -123.87192773 -137.48946698 -116.82733947 -141.00876067 -136.54627325
 -115.04152685 -146.64860007 -117.62047023 -146.86601582 -141.4893145 ]
inrs_hat:  [-18.00298655 -11.61740849 -30.82464929 -12.53847258  -3.28217675
 -12.88222769 -26.49976694  -5.83763943 -30.01906063 -25.55657321
  -4.05182681 -35.65890002  -6.63077019 -35.87631578 -30.49961446]
scheduled_ues:  [ 0  2  3  5  6  8  9 11 13 14]
(1, 15, 1, 4, 1, 1)
caused INR: -5.0758087280687025
TpsRandomic + IndividualEstimated_INR + -15.0
None
ls_gain_coeffs:
[-128.99268659 -122.60710853 -131.79177684 -137.69399807 -126.31578112
 -138.51425213 -147.61764978 -116.82733947 -132.84108798 -120.12503062
 -128.97550074 -146.64860007 -119.22028491 -146.86601582 -126.19149332]
inrs_hat:  [-18.00298655 -11.61740849 -20.8020768  -26.70429802 -15.32608107
 -27.52455209 -36.62794974  -5.83763943 -21.85138793  -9.13533058
 -17.9858007  -35.65890002  -8.23058486 -35.87631578 -15.20179327]
scheduled_ues:  [ 0  2  3  4  5  6  8 10 11 13 14]
(1, 15, 1, 4, 1, 1)
caused INR: -11.910746360831222
TpsRandomic + CumulativeIndividualEstimated_INR + -10.0
None
(1, 15, 1, 4, 1, 1)
caused INR: -9.082841126953252
TpsRandomic + CumulativeIndividualEstimated_INR + -12.5
None
(1, 15, 1, 4, 1, 1)
caused INR: -6.488551490930945
TpsRandomic + CumulativeIndividualEstimated_INR + -15.0
None
(1, 15, 1, 4, 1, 1)
caused INR: -16.29025446609095
Iteration number 37
TpsAltruisticFromLsfGain + IndividualEstimated_INR + -10.0
None
ls_gain_coeffs:
[-147.29730519 -150.60505738 -146.21053782 -126.86371495 -142.03408566
 -134.77721685 -145.14977241 -128.50597802 -145.91487627 -145.93691404
 -138.35075327 -147.65837524 -136.35347561 -121.68095969 -139.95440768]
inrs_hat:  [-36.30760515 -39.61535734 -35.22083777 -15.8740149  -31.04438562
 -23.7875168  -34.16007236 -17.51627798 -34.92517623 -34.947214
 -27.36105323 -36.66867519 -25.36377556 -10.69125965 -28.96470764]
scheduled_ues:  [ 0  1  2  3  4  5  6  7  8  9 10 11 12 13 14]
(1, 15, 1, 4, 1, 1)
caused INR: -3.473749814878497
TpsAltruisticFromLsfGain + IndividualEstimated_INR + -12.5
None
ls_gain_coeffs:
[-147.29730519 -150.60505738 -146.21053782 -126.86371495 -142.03408566
 -134.77721685 -145.14977241 -128.50597802 -145.91487627 -145.93691404
 -138.35075327 -147.65837524 -136.35347561 -121.68095969 -139.95440768]
inrs_hat:  [-36.30760515 -39.61535734 -35.22083777 -15.8740149  -31.04438562
 -23.7875168  -34.16007236 -17.51627798 -34.92517623 -34.947214
 -27.36105323 -36.66867519 -25.36377556 -10.69125965 -28.96470764]
scheduled_ues:  [ 0  1  2  3  4  5  6  7  8  9 10 11 12 14]
(1, 15, 1, 4, 1, 1)
caused INR: -13.899626725347371
TpsAltruisticFromLsfGain + IndividualEstimated_INR + -15.0
None
ls_gain_coeffs:
[-147.29730519 -150.60505738 -146.21053782 -126.86371495 -142.03408566
 -134.77721685 -145.14977241 -128.50597802 -145.91487627 -145.93691404
 -138.35075327 -147.65837524 -136.35347561 -121.68095969 -139.95440768]
inrs_hat:  [-36.30760515 -39.61535734 -35.22083777 -15.8740149  -31.04438562
 -23.7875168  -34.16007236 -17.51627798 -34.92517623 -34.947214
 -27.36105323 -36.66867519 -25.36377556 -10.69125965 -28.96470764]
scheduled_ues:  [ 0  1  2  3  4  5  6  7  8  9 10 11 12 14]
(1, 15, 1, 4, 1, 1)
caused INR: -13.899626725347371
TpsAltruisticFromLsfGain + CumulativeIndividualEstimated_INR + -10.0
None
(1, 15, 1, 4, 1, 1)
caused INR: -13.899626725347371
TpsAltruisticFromLsfGain + CumulativeIndividualEstimated_INR + -12.5
None
(1, 15, 1, 4, 1, 1)
caused INR: -17.481746033914014
TpsAltruisticFromLsfGain + CumulativeIndividualEstimated_INR + -15.0
None
(1, 15, 1, 4, 1, 1)
caused INR: -17.481746033914014
TpsRandomic + IndividualEstimated_INR + -10.0
None
ls_gain_coeffs:
[-130.73707586 -141.15135497 -132.04212051 -109.84933571 -128.94985684
 -134.77721685 -145.14977241 -111.49127953 -144.39009269 -145.93691404
 -126.73926273 -147.65837524 -127.55996857 -119.53546    -126.63134034]
inrs_hat:  [-19.74737581 -30.16165492 -21.05242046   1.14036433 -17.96015679
 -23.7875168  -34.16007236  -0.50157949 -33.40039264 -34.947214
 -15.74956269 -36.66867519 -16.57026853  -8.54575996 -15.64164029]
scheduled_ues:  [ 0  1  2  4  5  6  8  9 10 11 12 14]
(1, 15, 1, 4, 1, 1)
caused INR: -16.54316937205961
TpsRandomic + IndividualEstimated_INR + -12.5
None
ls_gain_coeffs:
[-147.29730519 -141.15135497 -130.0068544  -119.06370612 -128.30722801
 -121.92515331 -130.49691709 -111.49127953 -132.96501508 -129.18026468
 -120.97934086 -130.89003079 -127.55996857 -108.52419313 -139.95440768]
inrs_hat:  [-36.30760515 -30.16165492 -19.01715436  -8.07400607 -17.31752797
 -10.93545327 -19.50721705  -0.50157949 -21.97531503 -18.19056464
  -9.98964082 -19.90033075 -16.57026853   2.46550692 -28.96470764]
scheduled_ues:  [ 0  1  2  4  6  8  9 11 12 14]
(1, 15, 1, 4, 1, 1)
caused INR: -36.71935947890501
TpsRandomic + IndividualEstimated_INR + -15.0
None
ls_gain_coeffs:
[-147.29730519 -150.60505738 -132.04212051 -126.86371495 -142.03408566
 -134.77721685 -131.60254475 -117.67077296 -145.91487627 -129.18026468
 -120.97934086 -137.63814346 -127.55996857 -121.68095969 -125.74987299]
inrs_hat:  [-36.30760515 -39.61535734 -21.05242046 -15.8740149  -31.04438562
 -23.7875168  -20.61284471  -6.68107292 -34.92517623 -18.19056464
  -9.98964082 -26.64844342 -16.57026853 -10.69125965 -14.76017295]
scheduled_ues:  [ 0  1  2  3  4  5  6  8  9 11 12]
(1, 15, 1, 4, 1, 1)
caused INR: -19.798972357656158
TpsRandomic + CumulativeIndividualEstimated_INR + -10.0
None
(1, 15, 1, 4, 1, 1)
caused INR: -17.449960124012094
TpsRandomic + CumulativeIndividualEstimated_INR + -12.5
None
(1, 15, 1, 4, 1, 1)
caused INR: -8.199928801520663
TpsRandomic + CumulativeIndividualEstimated_INR + -15.0
None
(1, 15, 1, 4, 1, 1)
caused INR: -24.210483806275093
Iteration number 38
TpsAltruisticFromLsfGain + IndividualEstimated_INR + -10.0
None
ls_gain_coeffs:
[-146.75010467 -146.15439714 -148.36869233 -132.7853836  -144.1949471
 -142.09260695 -137.27254796 -125.17676315 -146.77161364 -143.44413475
 -136.44752918 -150.71545845 -121.31730561 -144.99875071 -135.89576206]
inrs_hat:  [-35.76040463 -35.1646971  -37.37899229 -21.79568356 -33.20524705
 -31.10290691 -26.28284792 -14.1870631  -35.7819136  -32.45443471
 -25.45782914 -39.7257584  -10.32760557 -34.00905067 -24.90606202]
scheduled_ues:  [ 0  1  2  3  4  5  6  7  8  9 10 11 12 13 14]
(1, 15, 1, 4, 1, 1)
caused INR: -7.322307711980366
TpsAltruisticFromLsfGain + IndividualEstimated_INR + -12.5
None
ls_gain_coeffs:
[-146.75010467 -146.15439714 -148.36869233 -132.7853836  -144.1949471
 -142.09260695 -137.27254796 -125.17676315 -146.77161364 -143.44413475
 -136.44752918 -150.71545845 -121.31730561 -144.99875071 -135.89576206]
inrs_hat:  [-35.76040463 -35.1646971  -37.37899229 -21.79568356 -33.20524705
 -31.10290691 -26.28284792 -14.1870631  -35.7819136  -32.45443471
 -25.45782914 -39.7257584  -10.32760557 -34.00905067 -24.90606202]
scheduled_ues:  [ 0  1  2  3  4  5  6  7  8  9 10 11 13 14]
(1, 15, 1, 4, 1, 1)
caused INR: -17.17011133850224
TpsAltruisticFromLsfGain + IndividualEstimated_INR + -15.0
None
ls_gain_coeffs:
[-146.75010467 -146.15439714 -148.36869233 -132.7853836  -144.1949471
 -142.09260695 -137.27254796 -125.17676315 -146.77161364 -143.44413475
 -136.44752918 -150.71545845 -121.31730561 -144.99875071 -135.89576206]
inrs_hat:  [-35.76040463 -35.1646971  -37.37899229 -21.79568356 -33.20524705
 -31.10290691 -26.28284792 -14.1870631  -35.7819136  -32.45443471
 -25.45782914 -39.7257584  -10.32760557 -34.00905067 -24.90606202]
scheduled_ues:  [ 0  1  2  3  4  5  6  8  9 10 11 13 14]
(1, 15, 1, 4, 1, 1)
caused INR: -21.544875399607974
TpsAltruisticFromLsfGain + CumulativeIndividualEstimated_INR + -10.0
None
(1, 15, 1, 4, 1, 1)
caused INR: -17.17011133850224
TpsAltruisticFromLsfGain + CumulativeIndividualEstimated_INR + -12.5
None
(1, 15, 1, 4, 1, 1)
caused INR: -21.544875399607974
TpsAltruisticFromLsfGain + CumulativeIndividualEstimated_INR + -15.0
None
(1, 15, 1, 4, 1, 1)
caused INR: -21.544875399607974
TpsRandomic + IndividualEstimated_INR + -10.0
None
ls_gain_coeffs:
[-129.9901921  -146.15439714 -136.51548926 -132.26803247 -144.1949471
 -131.00212664 -137.27254796 -110.98507518 -130.49821892 -131.83380335
 -126.90791701 -150.71545845 -104.94690898 -143.66197333 -124.37692764]
inrs_hat:  [-1.90004921e+01 -3.51646971e+01 -2.55257892e+01 -2.12783324e+01
 -3.32052471e+01 -2.00124266e+01 -2.62828479e+01  4.62486062e-03
 -1.95085189e+01 -2.08441033e+01 -1.59182170e+01 -3.97257584e+01
  6.04279106e+00 -3.26722733e+01 -1.33872276e+01]
scheduled_ues:  [ 0  1  2  3  4  5  6  8  9 10 11 13 14]
(1, 15, 1, 4, 1, 1)
caused INR: -22.446612082346245
TpsRandomic + IndividualEstimated_INR + -12.5
None
ls_gain_coeffs:
[-129.9901921  -133.76512911 -148.36869233 -120.17133323 -127.38258614
 -142.09260695 -137.27254796 -125.17676315 -140.61133315 -131.83380335
 -126.90791701 -133.95391897 -104.94690898 -132.11155825 -125.34382015]
inrs_hat:  [-19.00049205 -22.77542906 -37.37899229  -9.18163318 -16.3928861
 -31.10290691 -26.28284792 -14.1870631  -29.6216331  -20.84410331
 -15.91821696 -22.96421892   6.04279106 -21.12185821 -14.35412011]
scheduled_ues:  [ 0  1  2  4  5  6  7  8  9 10 11 13 14]
(1, 15, 1, 4, 1, 1)
caused INR: -11.437988181218753
TpsRandomic + IndividualEstimated_INR + -15.0
None
ls_gain_coeffs:
[-134.43592987 -137.68909829 -131.55057392 -120.17133323 -144.1949471
 -131.95272035 -119.87552597 -125.17676315 -146.77161364 -133.69306742
 -136.44752918 -133.95391897 -104.94690898 -143.66197333 -118.6395739 ]
inrs_hat:  [-23.44622982 -26.69939825 -20.56087387  -9.18163318 -33.20524705
 -20.96302031  -8.88582593 -14.1870631  -35.7819136  -22.70336738
 -25.45782914 -22.96421892   6.04279106 -32.67227329  -7.64987385]
scheduled_ues:  [ 0  1  2  4  5  8  9 10 11 13]
(1, 15, 1, 4, 1, 1)
caused INR: -21.45035248543868
TpsRandomic + CumulativeIndividualEstimated_INR + -10.0
None
(1, 15, 1, 4, 1, 1)
caused INR: -10.903018272801406
TpsRandomic + CumulativeIndividualEstimated_INR + -12.5
None
(1, 15, 1, 4, 1, 1)
caused INR: -20.930398808467498
TpsRandomic + CumulativeIndividualEstimated_INR + -15.0
None
(1, 15, 1, 4, 1, 1)
caused INR: -24.983831772656675
Iteration number 39
TpsAltruisticFromLsfGain + IndividualEstimated_INR + -10.0
None
ls_gain_coeffs:
[-122.82369301 -124.00800824 -139.80446564 -145.46502871 -137.99422981
 -140.05540663 -144.50015992 -141.63251577 -125.54990534 -144.43900802
 -140.98572944 -140.35060691 -131.14690864 -131.682638   -135.27431504]
inrs_hat:  [-11.83399297 -13.0183082  -28.8147656  -34.47532867 -27.00452976
 -29.06570659 -33.51045987 -30.64281573 -14.5602053  -33.44930798
 -29.9960294  -29.36090686 -20.1572086  -20.69293796 -24.28461499]
scheduled_ues:  [ 0  1  2  3  4  5  6  7  8  9 10 11 12 13 14]
(1, 15, 1, 4, 1, 1)
caused INR: -18.33316284014032
TpsAltruisticFromLsfGain + IndividualEstimated_INR + -12.5
None
ls_gain_coeffs:
[-122.82369301 -124.00800824 -139.80446564 -145.46502871 -137.99422981
 -140.05540663 -144.50015992 -141.63251577 -125.54990534 -144.43900802
 -140.98572944 -140.35060691 -131.14690864 -131.682638   -135.27431504]
inrs_hat:  [-11.83399297 -13.0183082  -28.8147656  -34.47532867 -27.00452976
 -29.06570659 -33.51045987 -30.64281573 -14.5602053  -33.44930798
 -29.9960294  -29.36090686 -20.1572086  -20.69293796 -24.28461499]
scheduled_ues:  [ 1  2  3  4  5  6  7  8  9 10 11 12 13 14]
(1, 15, 1, 4, 1, 1)
caused INR: -11.478549081330574
TpsAltruisticFromLsfGain + IndividualEstimated_INR + -15.0
None
ls_gain_coeffs:
[-122.82369301 -124.00800824 -139.80446564 -145.46502871 -137.99422981
 -140.05540663 -144.50015992 -141.63251577 -125.54990534 -144.43900802
 -140.98572944 -140.35060691 -131.14690864 -131.682638   -135.27431504]
inrs_hat:  [-11.83399297 -13.0183082  -28.8147656  -34.47532867 -27.00452976
 -29.06570659 -33.51045987 -30.64281573 -14.5602053  -33.44930798
 -29.9960294  -29.36090686 -20.1572086  -20.69293796 -24.28461499]
scheduled_ues:  [ 2  3  4  5  6  7  9 10 11 12 13 14]
(1, 15, 1, 4, 1, 1)
caused INR: -16.573430953981973
TpsAltruisticFromLsfGain + CumulativeIndividualEstimated_INR + -10.0
None
(1, 15, 1, 4, 1, 1)
caused INR: -12.956330515577468
TpsAltruisticFromLsfGain + CumulativeIndividualEstimated_INR + -12.5
None
(1, 15, 1, 4, 1, 1)
caused INR: -16.573430953981973
TpsAltruisticFromLsfGain + CumulativeIndividualEstimated_INR + -15.0
None
(1, 15, 1, 4, 1, 1)
caused INR: -16.573430953981973
TpsRandomic + IndividualEstimated_INR + -10.0
None
ls_gain_coeffs:
[-122.77958119 -109.65234457 -131.89709202 -139.22307522 -125.28274795
 -137.38524969 -130.53011627 -141.63251577 -114.38355807 -136.43879474
 -138.24544334 -140.35060691 -113.68282896 -131.682638   -121.19387095]
inrs_hat:  [-11.78988114   1.33735547 -20.90739198 -28.23337518 -14.2930479
 -26.39554964 -19.54041623 -30.64281573  -3.39385803 -25.44909469
 -27.2557433  -29.36090686  -2.69312892 -20.69293796 -10.20417091]
scheduled_ues:  [ 0  2  3  4  5  6  7  9 10 11 13 14]
(1, 15, 1, 4, 1, 1)
caused INR: -2.176653476313519
TpsRandomic + IndividualEstimated_INR + -12.5
None
ls_gain_coeffs:
[-122.82369301 -109.65234457 -139.80446564 -129.23462417 -125.28274795
 -125.833702   -128.36034389 -127.99901074 -125.54990534 -127.79195086
 -138.24544334 -128.26093438 -116.88647986 -114.56740807 -121.19387095]
inrs_hat:  [-11.83399297   1.33735547 -28.8147656  -18.24492413 -14.2930479
 -14.84400196 -17.37064385 -17.0093107  -14.5602053  -16.80225082
 -27.2557433  -17.27123434  -5.89677982  -3.57770802 -10.20417091]
scheduled_ues:  [ 2  3  4  5  6  7  8  9 10 11]
(1, 15, 1, 4, 1, 1)
caused INR: -8.456409831506633
TpsRandomic + IndividualEstimated_INR + -15.0
None
ls_gain_coeffs:
[-122.82369301 -121.13691273 -122.80093585 -145.46502871 -125.01286609
 -125.833702   -128.36034389 -125.08704991 -111.93559771 -131.58670699
 -140.98572944 -140.35060691 -116.88647986 -118.25854565 -121.19387095]
inrs_hat:  [-11.83399297 -10.14721269 -11.8112358  -34.47532867 -14.02316604
 -14.84400196 -17.37064385 -14.09734986  -0.94589767 -20.59700695
 -29.9960294  -29.36090686  -5.89677982  -7.2688456  -10.20417091]
scheduled_ues:  [ 3  6  9 10 11]
(1, 15, 1, 4, 1, 1)
caused INR: -11.97167557894736
TpsRandomic + CumulativeIndividualEstimated_INR + -10.0
None
(1, 15, 1, 4, 1, 1)
caused INR: -12.870931182356205
TpsRandomic + CumulativeIndividualEstimated_INR + -12.5
None
(1, 15, 1, 4, 1, 1)
caused INR: -14.078579758015104
TpsRandomic + CumulativeIndividualEstimated_INR + -15.0
None
(1, 15, 1, 4, 1, 1)
caused INR: -15.732230236783774
Iteration number 40
TpsAltruisticFromLsfGain + IndividualEstimated_INR + -10.0
None
ls_gain_coeffs:
[-146.33975337 -145.13723738 -141.07088736 -142.06887288 -133.44712939
 -141.85627889 -139.16138319 -147.04824445 -129.21243252 -141.13220144
 -149.54456717 -134.13088934 -142.52148956 -136.07799575 -140.31759786]
inrs_hat:  [-35.35005333 -34.14753734 -30.08118732 -31.07917283 -22.45742934
 -30.86657885 -28.17168315 -36.05854441 -18.22273248 -30.14250139
 -38.55486712 -23.1411893  -31.53178952 -25.08829571 -29.32789782]
scheduled_ues:  [ 0  1  2  3  4  5  6  7  8  9 10 11 12 13 14]
(1, 15, 1, 4, 1, 1)
caused INR: -15.909464214254228
TpsAltruisticFromLsfGain + IndividualEstimated_INR + -12.5
None
ls_gain_coeffs:
[-146.33975337 -145.13723738 -141.07088736 -142.06887288 -133.44712939
 -141.85627889 -139.16138319 -147.04824445 -129.21243252 -141.13220144
 -149.54456717 -134.13088934 -142.52148956 -136.07799575 -140.31759786]
inrs_hat:  [-35.35005333 -34.14753734 -30.08118732 -31.07917283 -22.45742934
 -30.86657885 -28.17168315 -36.05854441 -18.22273248 -30.14250139
 -38.55486712 -23.1411893  -31.53178952 -25.08829571 -29.32789782]
scheduled_ues:  [ 0  1  2  3  4  5  6  7  8  9 10 11 12 13 14]
(1, 15, 1, 4, 1, 1)
caused INR: -15.909464214254228
TpsAltruisticFromLsfGain + IndividualEstimated_INR + -15.0
None
ls_gain_coeffs:
[-146.33975337 -145.13723738 -141.07088736 -142.06887288 -133.44712939
 -141.85627889 -139.16138319 -147.04824445 -129.21243252 -141.13220144
 -149.54456717 -134.13088934 -142.52148956 -136.07799575 -140.31759786]
inrs_hat:  [-35.35005333 -34.14753734 -30.08118732 -31.07917283 -22.45742934
 -30.86657885 -28.17168315 -36.05854441 -18.22273248 -30.14250139
 -38.55486712 -23.1411893  -31.53178952 -25.08829571 -29.32789782]
scheduled_ues:  [ 0  1  2  3  4  5  6  7  8  9 10 11 12 13 14]
(1, 15, 1, 4, 1, 1)
caused INR: -15.909464214254228
TpsAltruisticFromLsfGain + CumulativeIndividualEstimated_INR + -10.0
None
(1, 15, 1, 4, 1, 1)
caused INR: -15.909464214254228
TpsAltruisticFromLsfGain + CumulativeIndividualEstimated_INR + -12.5
None
(1, 15, 1, 4, 1, 1)
caused INR: -15.909464214254228
TpsAltruisticFromLsfGain + CumulativeIndividualEstimated_INR + -15.0
None
(1, 15, 1, 4, 1, 1)
caused INR: -32.010133332633
TpsRandomic + IndividualEstimated_INR + -10.0
None
ls_gain_coeffs:
[-132.40266552 -134.60906003 -128.09385786 -127.9690247  -133.44712939
 -135.86815995 -125.50292557 -130.23453878 -129.21243252 -130.53182387
 -136.459186   -121.05166234 -125.60809723 -122.59738876 -134.10672542]
inrs_hat:  [-21.41296547 -23.61935998 -17.10415782 -16.97932466 -22.45742934
 -24.87845991 -14.51322553 -19.24483874 -18.22273248 -19.54212383
 -25.46948596 -10.0619623  -14.61839718 -11.60768872 -23.11702538]
scheduled_ues:  [ 0  1  2  3  4  5  6  7  8  9 10 11 12 13 14]
(1, 15, 1, 4, 1, 1)
caused INR: -2.5987297196554
TpsRandomic + IndividualEstimated_INR + -12.5
None
ls_gain_coeffs:
[-130.04476362 -145.13723738 -128.09385786 -127.9690247  -119.09339013
 -141.85627889 -125.50292557 -147.04824445 -117.38791836 -124.18111479
 -142.36509305 -134.13088934 -130.36728344 -136.07799575 -134.10672542]
inrs_hat:  [-19.05506358 -34.14753734 -17.10415782 -16.97932466  -8.10369008
 -30.86657885 -14.51322553 -36.05854441  -6.39821832 -13.19141475
 -31.37539301 -23.1411893  -19.3775834  -25.08829571 -23.11702538]
scheduled_ues:  [ 0  1  2  3  5  6  7  9 10 11 12 13 14]
(1, 15, 1, 4, 1, 1)
caused INR: -6.665013236257458
TpsRandomic + IndividualEstimated_INR + -15.0
None
ls_gain_coeffs:
[-140.12846172 -145.13723738 -128.36157261 -127.9690247  -119.09339013
 -135.86815995 -125.50292557 -147.04824445 -117.38791836 -124.18111479
 -149.54456717 -134.13088934 -130.36728344 -121.55838177 -134.10672542]
inrs_hat:  [-29.13876168 -34.14753734 -17.37187257 -16.97932466  -8.10369008
 -24.87845991 -14.51322553 -36.05854441  -6.39821832 -13.19141475
 -38.55486712 -23.1411893  -19.3775834  -10.56868173 -23.11702538]
scheduled_ues:  [ 0  1  2  3  5  7 10 11 12 14]
(1, 15, 1, 4, 1, 1)
caused INR: -7.007779197177301
TpsRandomic + CumulativeIndividualEstimated_INR + -10.0
None
(1, 15, 1, 4, 1, 1)
caused INR: -18.26779529630595
TpsRandomic + CumulativeIndividualEstimated_INR + -12.5
None
(1, 15, 1, 4, 1, 1)
caused INR: -14.999402667075902
TpsRandomic + CumulativeIndividualEstimated_INR + -15.0
None
(1, 15, 1, 4, 1, 1)
caused INR: -19.00916380021109
Iteration number 41
TpsAltruisticFromLsfGain + IndividualEstimated_INR + -10.0
None
ls_gain_coeffs:
[-136.32784587 -129.7821935  -133.95809172 -135.64063176 -134.2638965
 -148.12652891 -138.70909526 -141.984492   -146.76399289 -142.10316113
 -138.69039479 -148.68355618 -137.97321492 -135.86930184 -129.60545721]
inrs_hat:  [-25.33814582 -18.79249346 -22.96839168 -24.65093171 -23.27419645
 -37.13682887 -27.71939522 -30.99479195 -35.77429284 -31.11346108
 -27.70069475 -37.69385613 -26.98351488 -24.8796018  -18.61575716]
scheduled_ues:  [ 0  1  2  3  4  5  6  7  8  9 10 11 12 13 14]
(1, 15, 1, 4, 1, 1)
caused INR: -8.305911303593899
TpsAltruisticFromLsfGain + IndividualEstimated_INR + -12.5
None
ls_gain_coeffs:
[-136.32784587 -129.7821935  -133.95809172 -135.64063176 -134.2638965
 -148.12652891 -138.70909526 -141.984492   -146.76399289 -142.10316113
 -138.69039479 -148.68355618 -137.97321492 -135.86930184 -129.60545721]
inrs_hat:  [-25.33814582 -18.79249346 -22.96839168 -24.65093171 -23.27419645
 -37.13682887 -27.71939522 -30.99479195 -35.77429284 -31.11346108
 -27.70069475 -37.69385613 -26.98351488 -24.8796018  -18.61575716]
scheduled_ues:  [ 0  1  2  3  4  5  6  7  8  9 10 11 12 13 14]
(1, 15, 1, 4, 1, 1)
caused INR: -8.305911303593899
TpsAltruisticFromLsfGain + IndividualEstimated_INR + -15.0
None
ls_gain_coeffs:
[-136.32784587 -129.7821935  -133.95809172 -135.64063176 -134.2638965
 -148.12652891 -138.70909526 -141.984492   -146.76399289 -142.10316113
 -138.69039479 -148.68355618 -137.97321492 -135.86930184 -129.60545721]
inrs_hat:  [-25.33814582 -18.79249346 -22.96839168 -24.65093171 -23.27419645
 -37.13682887 -27.71939522 -30.99479195 -35.77429284 -31.11346108
 -27.70069475 -37.69385613 -26.98351488 -24.8796018  -18.61575716]
scheduled_ues:  [ 0  1  2  3  4  5  6  7  8  9 10 11 12 13 14]
(1, 15, 1, 4, 1, 1)
caused INR: -8.305911303593899
TpsAltruisticFromLsfGain + CumulativeIndividualEstimated_INR + -10.0
None
(1, 15, 1, 4, 1, 1)
caused INR: -8.305911303593899
TpsAltruisticFromLsfGain + CumulativeIndividualEstimated_INR + -12.5
None
(1, 15, 1, 4, 1, 1)
caused INR: -8.305911303593899
TpsAltruisticFromLsfGain + CumulativeIndividualEstimated_INR + -15.0
None
(1, 15, 1, 4, 1, 1)
caused INR: -12.954465863855562
TpsRandomic + IndividualEstimated_INR + -10.0
None
ls_gain_coeffs:
[-129.40238628 -127.44308101 -125.97033874 -118.79624245 -117.35419453
 -133.17348956 -127.22008385 -141.984492   -136.3066584  -125.20499482
 -138.69039479 -148.68355618 -124.32596306 -127.38610851 -121.20732922]
inrs_hat:  [-18.41268623 -16.45338096 -14.98063869  -7.80654241  -6.36449449
 -22.18378952 -16.23038381 -30.99479195 -25.31695835 -14.21529477
 -27.70069475 -37.69385613 -13.33626302 -16.39640847 -10.21762917]
scheduled_ues:  [ 0  1  2  5  6  7  8  9 10 11 12 13 14]
(1, 15, 1, 4, 1, 1)
caused INR: 0.7635792505372142
TpsRandomic + IndividualEstimated_INR + -12.5
None
ls_gain_coeffs:
[-119.75134011 -127.44308101 -117.05714229 -124.87527241 -120.09390977
 -134.42920924 -128.31038535 -141.984492   -129.88507723 -131.29214361
 -127.04074886 -136.63594786 -136.16473713 -127.38610851 -112.84647947]
inrs_hat:  [ -8.76164007 -16.45338096  -6.06744225 -13.88557237  -9.10420972
 -23.43950919 -17.3206853  -30.99479195 -18.89537718 -20.30244357
 -16.05104882 -25.64624782 -25.17503709 -16.39640847  -1.85677943]
scheduled_ues:  [ 1  3  5  6  7  8  9 10 11 12 13]
(1, 15, 1, 4, 1, 1)
caused INR: -6.017279193598308
TpsRandomic + IndividualEstimated_INR + -15.0
None
ls_gain_coeffs:
[-122.54189395 -116.56088934 -133.95809172 -124.87527241 -127.0560793
 -134.42920924 -127.22008385 -129.38476186 -135.90509606 -131.29214361
 -138.69039479 -136.63594786 -137.97321492 -135.86930184 -121.20732922]
inrs_hat:  [-11.5521939   -5.57118929 -22.96839168 -13.88557237 -16.06637925
 -23.43950919 -16.23038381 -18.39506181 -24.91539602 -20.30244357
 -27.70069475 -25.64624782 -26.98351488 -24.8796018  -10.21762917]
scheduled_ues:  [ 2  4  5  6  7  8  9 10 11 12 13]
(1, 15, 1, 4, 1, 1)
caused INR: -9.482014314955043
TpsRandomic + CumulativeIndividualEstimated_INR + -10.0
None
(1, 15, 1, 4, 1, 1)
caused INR: -14.973483692842834
TpsRandomic + CumulativeIndividualEstimated_INR + -12.5
None
(1, 15, 1, 4, 1, 1)
caused INR: -16.05499464849658
TpsRandomic + CumulativeIndividualEstimated_INR + -15.0
None
(1, 15, 1, 4, 1, 1)
caused INR: -10.65692300611352
Iteration number 42
TpsAltruisticFromLsfGain + IndividualEstimated_INR + -10.0
None
ls_gain_coeffs:
[-111.05883082 -125.91418813 -127.83437803 -114.99768455 -138.68848182
 -137.21858725 -151.71984594 -143.20092275 -133.48367697 -127.02708406
 -123.37414115 -142.87650996 -149.87646116 -144.12181469 -133.24238287]
inrs_hat:  [ -0.06913078 -14.92448808 -16.84467799  -4.00798451 -27.69878178
 -26.22888721 -40.7301459  -32.2112227  -22.49397693 -16.03738402
 -12.38444111 -31.88680991 -38.88676111 -33.13211465 -22.25268283]
scheduled_ues:  [ 1  2  4  5  6  7  8  9 10 11 12 13 14]
(1, 15, 1, 4, 1, 1)
caused INR: -3.6005668912286315
TpsAltruisticFromLsfGain + IndividualEstimated_INR + -12.5
None
ls_gain_coeffs:
[-111.05883082 -125.91418813 -127.83437803 -114.99768455 -138.68848182
 -137.21858725 -151.71984594 -143.20092275 -133.48367697 -127.02708406
 -123.37414115 -142.87650996 -149.87646116 -144.12181469 -133.24238287]
inrs_hat:  [ -0.06913078 -14.92448808 -16.84467799  -4.00798451 -27.69878178
 -26.22888721 -40.7301459  -32.2112227  -22.49397693 -16.03738402
 -12.38444111 -31.88680991 -38.88676111 -33.13211465 -22.25268283]
scheduled_ues:  [ 1  2  4  5  6  7  8  9 11 12 13 14]
(1, 15, 1, 4, 1, 1)
caused INR: -6.992985501960068
TpsAltruisticFromLsfGain + IndividualEstimated_INR + -15.0
None
ls_gain_coeffs:
[-111.05883082 -125.91418813 -127.83437803 -114.99768455 -138.68848182
 -137.21858725 -151.71984594 -143.20092275 -133.48367697 -127.02708406
 -123.37414115 -142.87650996 -149.87646116 -144.12181469 -133.24238287]
inrs_hat:  [ -0.06913078 -14.92448808 -16.84467799  -4.00798451 -27.69878178
 -26.22888721 -40.7301459  -32.2112227  -22.49397693 -16.03738402
 -12.38444111 -31.88680991 -38.88676111 -33.13211465 -22.25268283]
scheduled_ues:  [ 2  4  5  6  7  8  9 11 12 13 14]
(1, 15, 1, 4, 1, 1)
caused INR: -5.888968531989736
TpsAltruisticFromLsfGain + CumulativeIndividualEstimated_INR + -10.0
None
(1, 15, 1, 4, 1, 1)
caused INR: -6.992985501960068
TpsAltruisticFromLsfGain + CumulativeIndividualEstimated_INR + -12.5
None
(1, 15, 1, 4, 1, 1)
caused INR: -7.813586353560553
TpsAltruisticFromLsfGain + CumulativeIndividualEstimated_INR + -15.0
None
(1, 15, 1, 4, 1, 1)
caused INR: -17.31827544402321
TpsRandomic + IndividualEstimated_INR + -10.0
None
ls_gain_coeffs:
[-111.05883082 -113.09396655 -121.16032564 -105.14250711 -132.21567471
 -123.07565759 -151.71984594 -143.20092275 -133.48367697 -113.04011848
 -110.92657402 -128.69538354 -133.79149254 -136.66096716 -133.24238287]
inrs_hat:  [ -0.06913078  -2.1042665  -10.1706256    5.84719293 -21.22597467
 -12.08595755 -40.7301459  -32.2112227  -22.49397693  -2.05041843
   0.06312602 -17.70568349 -22.8017925  -25.67126712 -22.25268283]
scheduled_ues:  [ 2  4  5  6  7  8 11 12 13 14]
(1, 15, 1, 4, 1, 1)
caused INR: -31.5679114241904
TpsRandomic + IndividualEstimated_INR + -12.5
None
ls_gain_coeffs:
[ -91.86318274 -113.09396655 -121.16032564 -114.99768455 -125.16723623
 -123.07565759 -145.78536695 -129.16343706 -133.48367697 -122.39098731
 -105.94938812 -126.62844012 -135.97092903 -136.66096716 -133.24238287]
inrs_hat:  [ 19.1265173   -2.1042665  -10.1706256   -4.00798451 -14.17753618
 -12.08595755 -34.79566691 -18.17373701 -22.49397693 -11.40128727
   5.04031193 -15.63874008 -24.98122898 -25.67126712 -22.25268283]
scheduled_ues:  [ 4  6  7  8 11 12 13 14]
(1, 15, 1, 4, 1, 1)
caused INR: -6.904937709525679
TpsRandomic + IndividualEstimated_INR + -15.0
None
ls_gain_coeffs:
[ -95.34378632 -125.91418813 -121.16032564 -105.14250711 -132.21567471
 -132.11459826 -135.58683218 -138.41326568 -116.68817407 -122.39098731
 -123.37414115 -126.62844012 -133.79149254 -144.12181469 -116.85112705]
inrs_hat:  [ 15.64591372 -14.92448808 -10.1706256    5.84719293 -21.22597467
 -21.12489822 -24.59713213 -27.42356564  -5.69847403 -11.40128727
 -12.38444111 -15.63874008 -22.8017925  -33.13211465  -5.86142701]
scheduled_ues:  [ 4  5  6  7 11 12 13]
(1, 15, 1, 4, 1, 1)
caused INR: -10.45019571315091
TpsRandomic + CumulativeIndividualEstimated_INR + -10.0
None
(1, 15, 1, 4, 1, 1)
caused INR: -11.57608117316679
TpsRandomic + CumulativeIndividualEstimated_INR + -12.5
None
(1, 15, 1, 4, 1, 1)
caused INR: -12.245771462840992
TpsRandomic + CumulativeIndividualEstimated_INR + -15.0
None
(1, 15, 1, 4, 1, 1)
caused INR: -17.683734327011805
Iteration number 43
TpsAltruisticFromLsfGain + IndividualEstimated_INR + -10.0
None
ls_gain_coeffs:
[-138.48735062 -134.17070585 -140.48883764 -133.29354063 -146.94389907
 -135.15545752 -127.51837834 -138.71682904 -111.82536112 -138.021056
 -126.35705788 -123.26738127 -131.55628887 -132.32178291 -132.15502197]
inrs_hat:  [-27.49765058 -23.1810058  -29.4991376  -22.30384058 -35.95419902
 -24.16575748 -16.5286783  -27.72712899  -0.83566107 -27.03135596
 -15.36735783 -12.27768123 -20.56658883 -21.33208286 -21.16532192]
scheduled_ues:  [ 0  1  2  3  4  5  6  7  9 10 11 12 13 14]
(1, 15, 1, 4, 1, 1)
caused INR: -7.927337269903571
TpsAltruisticFromLsfGain + IndividualEstimated_INR + -12.5
None
ls_gain_coeffs:
[-138.48735062 -134.17070585 -140.48883764 -133.29354063 -146.94389907
 -135.15545752 -127.51837834 -138.71682904 -111.82536112 -138.021056
 -126.35705788 -123.26738127 -131.55628887 -132.32178291 -132.15502197]
inrs_hat:  [-27.49765058 -23.1810058  -29.4991376  -22.30384058 -35.95419902
 -24.16575748 -16.5286783  -27.72712899  -0.83566107 -27.03135596
 -15.36735783 -12.27768123 -20.56658883 -21.33208286 -21.16532192]
scheduled_ues:  [ 0  1  2  3  4  5  6  7  9 10 12 13 14]
(1, 15, 1, 4, 1, 1)
caused INR: -14.380671553911487
TpsAltruisticFromLsfGain + IndividualEstimated_INR + -15.0
None
ls_gain_coeffs:
[-138.48735062 -134.17070585 -140.48883764 -133.29354063 -146.94389907
 -135.15545752 -127.51837834 -138.71682904 -111.82536112 -138.021056
 -126.35705788 -123.26738127 -131.55628887 -132.32178291 -132.15502197]
inrs_hat:  [-27.49765058 -23.1810058  -29.4991376  -22.30384058 -35.95419902
 -24.16575748 -16.5286783  -27.72712899  -0.83566107 -27.03135596
 -15.36735783 -12.27768123 -20.56658883 -21.33208286 -21.16532192]
scheduled_ues:  [ 0  1  2  3  4  5  6  7  9 10 12 13 14]
(1, 15, 1, 4, 1, 1)
caused INR: -14.380671553911487
TpsAltruisticFromLsfGain + CumulativeIndividualEstimated_INR + -10.0
None
(1, 15, 1, 4, 1, 1)
caused INR: -14.380671553911487
TpsAltruisticFromLsfGain + CumulativeIndividualEstimated_INR + -12.5
None
(1, 15, 1, 4, 1, 1)
caused INR: -12.474017228571967
TpsAltruisticFromLsfGain + CumulativeIndividualEstimated_INR + -15.0
None
(1, 15, 1, 4, 1, 1)
caused INR: -17.16424761310214
TpsRandomic + IndividualEstimated_INR + -10.0
None
ls_gain_coeffs:
[-125.86361807 -121.65929894 -139.05871099 -118.82406006 -133.84713428
 -135.15545752 -115.04719293 -127.02157331 -111.82536112 -130.20827137
 -122.93313942 -123.26738127 -123.93680762 -117.95680034 -131.22802245]
inrs_hat:  [-14.87391803 -10.6695989  -28.06901095  -7.83436002 -22.85743424
 -24.16575748  -4.05749289 -16.03187327  -0.83566107 -19.21857133
 -11.94343937 -12.27768123 -12.94710757  -6.9671003  -20.2383224 ]
scheduled_ues:  [ 0  1  2  4  5  7  9 10 11 12 14]
(1, 15, 1, 4, 1, 1)
caused INR: -2.7621843941493527
TpsRandomic + IndividualEstimated_INR + -12.5
None
ls_gain_coeffs:
[-138.21415179 -117.53965423 -139.05871099 -126.44865297 -144.97840471
 -117.82089061 -127.42962211 -121.48563435 -111.82536112 -125.24102909
 -126.35705788 -109.18756065 -123.93680762 -117.95680034 -131.22802245]
inrs_hat:  [-27.22445175  -6.54995419 -28.06901095 -15.45895293 -33.98870467
  -6.83119057 -16.43992206 -10.49593431  -0.83566107 -14.25132905
 -15.36735783   1.80213939 -12.94710757  -6.9671003  -20.2383224 ]
scheduled_ues:  [ 0  2  3  4  6  9 10 12 14]
(1, 15, 1, 4, 1, 1)
caused INR: -7.839581005429601
TpsRandomic + IndividualEstimated_INR + -15.0
None
ls_gain_coeffs:
[-125.86361807 -134.17070585 -139.05871099 -126.44865297 -133.84713428
 -135.15545752 -127.51837834 -138.71682904  -96.10844903 -130.20827137
 -126.35705788 -109.18756065 -131.55628887 -125.66241419 -131.22802245]
inrs_hat:  [-14.87391803 -23.1810058  -28.06901095 -15.45895293 -22.85743424
 -24.16575748 -16.5286783  -27.72712899  14.88125101 -19.21857133
 -15.36735783   1.80213939 -20.56658883 -14.67271415 -20.2383224 ]
scheduled_ues:  [ 1  2  3  4  5  6  7  9 10 12 14]
(1, 15, 1, 4, 1, 1)
caused INR: -13.451186529914342
TpsRandomic + CumulativeIndividualEstimated_INR + -10.0
None
(1, 15, 1, 4, 1, 1)
caused INR: -10.686635889663236
TpsRandomic + CumulativeIndividualEstimated_INR + -12.5
None
(1, 15, 1, 4, 1, 1)
caused INR: -12.695979996120073
TpsRandomic + CumulativeIndividualEstimated_INR + -15.0
None
(1, 15, 1, 4, 1, 1)
caused INR: -22.196600761134157
Iteration number 44
TpsAltruisticFromLsfGain + IndividualEstimated_INR + -10.0
None
ls_gain_coeffs:
[-144.06670174 -135.78862767 -140.65715122 -131.28733969 -145.07642609
  -79.63377331 -135.69074569 -138.49338995 -145.25275988 -151.9979214
 -134.3467468  -116.40261549 -140.81409687 -139.63929018 -129.7008787 ]
inrs_hat:  [-33.07700169 -24.79892762 -29.66745118 -20.29763964 -34.08672604
  31.35592673 -24.70104565 -27.50368991 -34.26305984 -41.00822136
 -23.35704676  -5.41291545 -29.82439683 -28.64959013 -18.71117865]
scheduled_ues:  [ 0  1  2  3  4  6  7  8  9 10 12 13 14]
(1, 15, 1, 4, 1, 1)
caused INR: -20.915964786813205
TpsAltruisticFromLsfGain + IndividualEstimated_INR + -12.5
None
ls_gain_coeffs:
[-144.06670174 -135.78862767 -140.65715122 -131.28733969 -145.07642609
  -79.63377331 -135.69074569 -138.49338995 -145.25275988 -151.9979214
 -134.3467468  -116.40261549 -140.81409687 -139.63929018 -129.7008787 ]
inrs_hat:  [-33.07700169 -24.79892762 -29.66745118 -20.29763964 -34.08672604
  31.35592673 -24.70104565 -27.50368991 -34.26305984 -41.00822136
 -23.35704676  -5.41291545 -29.82439683 -28.64959013 -18.71117865]
scheduled_ues:  [ 0  1  2  3  4  6  7  8  9 10 12 13 14]
(1, 15, 1, 4, 1, 1)
caused INR: -20.915964786813205
TpsAltruisticFromLsfGain + IndividualEstimated_INR + -15.0
None
ls_gain_coeffs:
[-144.06670174 -135.78862767 -140.65715122 -131.28733969 -145.07642609
  -79.63377331 -135.69074569 -138.49338995 -145.25275988 -151.9979214
 -134.3467468  -116.40261549 -140.81409687 -139.63929018 -129.7008787 ]
inrs_hat:  [-33.07700169 -24.79892762 -29.66745118 -20.29763964 -34.08672604
  31.35592673 -24.70104565 -27.50368991 -34.26305984 -41.00822136
 -23.35704676  -5.41291545 -29.82439683 -28.64959013 -18.71117865]
scheduled_ues:  [ 0  1  2  3  4  6  7  8  9 10 12 13 14]
(1, 15, 1, 4, 1, 1)
caused INR: -20.915964786813205
TpsAltruisticFromLsfGain + CumulativeIndividualEstimated_INR + -10.0
None
(1, 15, 1, 4, 1, 1)
caused INR: -20.915964786813205
TpsAltruisticFromLsfGain + CumulativeIndividualEstimated_INR + -12.5
None
(1, 15, 1, 4, 1, 1)
caused INR: -20.915964786813205
TpsAltruisticFromLsfGain + CumulativeIndividualEstimated_INR + -15.0
None
(1, 15, 1, 4, 1, 1)
caused INR: -15.555860858772599
TpsRandomic + IndividualEstimated_INR + -10.0
None
ls_gain_coeffs:
[-130.29391247 -125.63129784 -127.46845656 -122.30633651 -136.65757822
  -79.63377331 -119.34424895 -138.49338995 -133.56255503 -138.03741718
 -126.65338122 -100.9945773  -126.98737896 -131.79722946 -118.83521245]
inrs_hat:  [-19.30421243 -14.6415978  -16.47875651 -11.31663646 -25.66787817
  31.35592673  -8.35454891 -27.50368991 -22.57285499 -27.04771713
 -15.66368117   9.99512274 -15.99767892 -20.80752942  -7.84551241]
scheduled_ues:  [ 0  1  2  3  4  7  8  9 10 12 13]
(1, 15, 1, 4, 1, 1)
caused INR: -0.33683888703193116
TpsRandomic + IndividualEstimated_INR + -12.5
None
ls_gain_coeffs:
[-130.29391247 -125.63129784 -127.46845656 -119.1235156  -136.65757822
  -73.39819923 -119.34424895 -122.2122691  -128.54017293 -138.03741718
 -134.3467468  -111.95295821 -126.98737896 -131.79722946 -112.65063015]
inrs_hat:  [-19.30421243 -14.6415978  -16.47875651  -8.13381556 -25.66787817
  37.59150081  -8.35454891 -11.22256906 -17.55047289 -27.04771713
 -23.35704676  -0.96325816 -15.99767892 -20.80752942  -1.66093011]
scheduled_ues:  [ 0  1  2  4  8  9 10 12 13]
(1, 15, 1, 4, 1, 1)
caused INR: -4.520415481504959
TpsRandomic + IndividualEstimated_INR + -15.0
None
ls_gain_coeffs:
[-130.29391247 -135.78862767 -127.46845656 -119.1235156  -136.65757822
  -79.63377331 -128.75495686 -138.49338995 -145.25275988 -135.97403957
 -126.65338122 -102.4777964  -136.65874314 -122.90360139 -118.83521245]
inrs_hat:  [-19.30421243 -24.79892762 -16.47875651  -8.13381556 -25.66787817
  31.35592673 -17.76525682 -27.50368991 -34.26305984 -24.98433952
 -15.66368117   8.51190365 -25.66904309 -11.91390135  -7.84551241]
scheduled_ues:  [ 0  1  2  4  6  7  8  9 10 12]
(1, 15, 1, 4, 1, 1)
caused INR: -5.158679581878197
TpsRandomic + CumulativeIndividualEstimated_INR + -10.0
None
(1, 15, 1, 4, 1, 1)
caused INR: -10.23095602199173
TpsRandomic + CumulativeIndividualEstimated_INR + -12.5
None
(1, 15, 1, 4, 1, 1)
caused INR: -13.764557858039876
TpsRandomic + CumulativeIndividualEstimated_INR + -15.0
None
(1, 15, 1, 4, 1, 1)
caused INR: -19.315250523724103
Iteration number 45
TpsAltruisticFromLsfGain + IndividualEstimated_INR + -10.0
None
ls_gain_coeffs:
[-141.32623007 -143.1095228  -142.88956359 -126.3798814  -121.93319974
 -137.12468146 -142.89425726 -149.41877305 -148.53029959 -139.40530789
 -129.21947712 -137.45457151 -145.01353412 -149.03616923 -144.46205572]
inrs_hat:  [-30.33653003 -32.11982276 -31.89986354 -15.39018135 -10.9434997
 -26.13498142 -31.90455722 -38.429073   -37.54059955 -28.41560785
 -18.22977707 -26.46487147 -34.02383408 -38.04646918 -33.47235568]
scheduled_ues:  [ 0  1  2  3  4  5  6  7  8  9 10 11 12 13 14]
(1, 15, 1, 4, 1, 1)
caused INR: -9.674952474666698
TpsAltruisticFromLsfGain + IndividualEstimated_INR + -12.5
None
ls_gain_coeffs:
[-141.32623007 -143.1095228  -142.88956359 -126.3798814  -121.93319974
 -137.12468146 -142.89425726 -149.41877305 -148.53029959 -139.40530789
 -129.21947712 -137.45457151 -145.01353412 -149.03616923 -144.46205572]
inrs_hat:  [-30.33653003 -32.11982276 -31.89986354 -15.39018135 -10.9434997
 -26.13498142 -31.90455722 -38.429073   -37.54059955 -28.41560785
 -18.22977707 -26.46487147 -34.02383408 -38.04646918 -33.47235568]
scheduled_ues:  [ 0  1  2  3  5  6  7  8  9 10 11 12 13 14]
(1, 15, 1, 4, 1, 1)
caused INR: -18.507282422421664
TpsAltruisticFromLsfGain + IndividualEstimated_INR + -15.0
None
ls_gain_coeffs:
[-141.32623007 -143.1095228  -142.88956359 -126.3798814  -121.93319974
 -137.12468146 -142.89425726 -149.41877305 -148.53029959 -139.40530789
 -129.21947712 -137.45457151 -145.01353412 -149.03616923 -144.46205572]
inrs_hat:  [-30.33653003 -32.11982276 -31.89986354 -15.39018135 -10.9434997
 -26.13498142 -31.90455722 -38.429073   -37.54059955 -28.41560785
 -18.22977707 -26.46487147 -34.02383408 -38.04646918 -33.47235568]
scheduled_ues:  [ 0  1  2  3  5  6  7  8  9 10 11 12 13 14]
(1, 15, 1, 4, 1, 1)
caused INR: -18.507282422421664
TpsAltruisticFromLsfGain + CumulativeIndividualEstimated_INR + -10.0
None
(1, 15, 1, 4, 1, 1)
caused INR: -18.507282422421664
TpsAltruisticFromLsfGain + CumulativeIndividualEstimated_INR + -12.5
None
(1, 15, 1, 4, 1, 1)
caused INR: -18.507282422421664
TpsAltruisticFromLsfGain + CumulativeIndividualEstimated_INR + -15.0
None
(1, 15, 1, 4, 1, 1)
caused INR: -20.051126644351996
TpsRandomic + IndividualEstimated_INR + -10.0
None
ls_gain_coeffs:
[-134.74289167 -142.39018752 -142.88956359 -126.3798814  -119.84339441
 -124.24274595 -136.02939778 -143.46289284 -139.03102659 -132.18104794
 -115.23805985 -123.93745685 -131.44835901 -149.03616923 -132.6018663 ]
inrs_hat:  [-23.75319163 -31.40048748 -31.89986354 -15.39018135  -8.85369437
 -13.2530459  -25.03969773 -32.47319279 -28.04132655 -21.19134789
  -4.24835981 -12.94775681 -20.45865897 -38.04646918 -21.61216626]
scheduled_ues:  [ 0  1  2  3  5  6  7  8  9 11 12 13 14]
(1, 15, 1, 4, 1, 1)
caused INR: -17.611706870884312
TpsRandomic + IndividualEstimated_INR + -12.5
None
ls_gain_coeffs:
[-127.45051217 -143.1095228  -130.97372363 -121.25601458 -119.84339441
 -124.24274595 -142.89425726 -133.31931662 -131.85949252 -132.18104794
 -115.23805985 -121.17995048 -128.47326205 -138.56730571 -135.11399514]
inrs_hat:  [-16.46081213 -32.11982276 -19.98402358 -10.26631454  -8.85369437
 -13.2530459  -31.90455722 -22.32961658 -20.86979248 -21.19134789
  -4.24835981 -10.19025044 -17.483562   -27.57760567 -24.1242951 ]
scheduled_ues:  [ 0  1  2  5  6  7  8  9 12 13 14]
(1, 15, 1, 4, 1, 1)
caused INR: -21.450287918571718
TpsRandomic + IndividualEstimated_INR + -15.0
None
ls_gain_coeffs:
[-134.74289167 -130.18836595 -133.54125077 -110.52237019 -108.79499796
 -137.12468146 -142.89425726 -133.31931662 -148.53029959 -122.77586668
 -113.69824259 -121.17995048 -128.47326205 -149.03616923 -132.6018663 ]
inrs_hat:  [-23.75319163 -19.19866591 -22.55155073   0.46732986   2.19470208
 -26.13498142 -31.90455722 -22.32961658 -37.54059955 -11.78616663
  -2.70854255 -10.19025044 -17.483562   -38.04646918 -21.61216626]
scheduled_ues:  [ 0  1  2  5  6  7  8 12 13 14]
(1, 15, 1, 4, 1, 1)
caused INR: -6.237177569065042
TpsRandomic + CumulativeIndividualEstimated_INR + -10.0
None
(1, 15, 1, 4, 1, 1)
caused INR: -10.48572284334955
TpsRandomic + CumulativeIndividualEstimated_INR + -12.5
None
(1, 15, 1, 4, 1, 1)
caused INR: -12.977440042418152
TpsRandomic + CumulativeIndividualEstimated_INR + -15.0
None
(1, 15, 1, 4, 1, 1)
caused INR: -15.136294545135634
Iteration number 46
TpsAltruisticFromLsfGain + IndividualEstimated_INR + -10.0
None
ls_gain_coeffs:
[-138.39938481 -132.03170782 -144.37923457 -131.81768509 -123.9141968
 -136.3803761  -134.11217956 -146.99588504 -137.52091176 -129.26879731
 -136.21078308 -143.76074424 -132.96317523 -133.59705256 -140.52314489]
inrs_hat:  [-27.40968477 -21.04200778 -33.38953452 -20.82798505 -12.92449675
 -25.39067605 -23.12247952 -36.006185   -26.53121172 -18.27909727
 -25.22108303 -32.7710442  -21.97347519 -22.60735252 -29.53344485]
scheduled_ues:  [ 0  1  2  3  4  5  6  7  8  9 10 11 12 13 14]
(1, 15, 1, 4, 1, 1)
caused INR: -10.997972407423307
TpsAltruisticFromLsfGain + IndividualEstimated_INR + -12.5
None
ls_gain_coeffs:
[-138.39938481 -132.03170782 -144.37923457 -131.81768509 -123.9141968
 -136.3803761  -134.11217956 -146.99588504 -137.52091176 -129.26879731
 -136.21078308 -143.76074424 -132.96317523 -133.59705256 -140.52314489]
inrs_hat:  [-27.40968477 -21.04200778 -33.38953452 -20.82798505 -12.92449675
 -25.39067605 -23.12247952 -36.006185   -26.53121172 -18.27909727
 -25.22108303 -32.7710442  -21.97347519 -22.60735252 -29.53344485]
scheduled_ues:  [ 0  1  2  3  4  5  6  7  8  9 10 11 12 13 14]
(1, 15, 1, 4, 1, 1)
caused INR: -10.997972407423307
TpsAltruisticFromLsfGain + IndividualEstimated_INR + -15.0
None
ls_gain_coeffs:
[-138.39938481 -132.03170782 -144.37923457 -131.81768509 -123.9141968
 -136.3803761  -134.11217956 -146.99588504 -137.52091176 -129.26879731
 -136.21078308 -143.76074424 -132.96317523 -133.59705256 -140.52314489]
inrs_hat:  [-27.40968477 -21.04200778 -33.38953452 -20.82798505 -12.92449675
 -25.39067605 -23.12247952 -36.006185   -26.53121172 -18.27909727
 -25.22108303 -32.7710442  -21.97347519 -22.60735252 -29.53344485]
scheduled_ues:  [ 0  1  2  3  5  6  7  8  9 10 11 12 13 14]
(1, 15, 1, 4, 1, 1)
caused INR: -22.26603935893283
TpsAltruisticFromLsfGain + CumulativeIndividualEstimated_INR + -10.0
None
(1, 15, 1, 4, 1, 1)
caused INR: -22.26603935893283
TpsAltruisticFromLsfGain + CumulativeIndividualEstimated_INR + -12.5
None
(1, 15, 1, 4, 1, 1)
caused INR: -21.58922408470518
TpsAltruisticFromLsfGain + CumulativeIndividualEstimated_INR + -15.0
None
(1, 15, 1, 4, 1, 1)
caused INR: -21.68820629033202
TpsRandomic + IndividualEstimated_INR + -10.0
None
ls_gain_coeffs:
[-138.39938481 -128.15112058 -130.23160459 -131.81768509 -123.9141968
 -119.37326218 -124.3146191  -133.75017633 -124.97799549 -116.45045271
 -136.21078308 -138.80580677 -120.44160443 -116.60152843 -123.53710648]
inrs_hat:  [-27.40968477 -17.16142054 -19.24190454 -20.82798505 -12.92449675
  -8.38356214 -13.32491906 -22.76047629 -13.98829545  -5.46075267
 -25.22108303 -27.81610673  -9.45190439  -5.61182838 -12.54740644]
scheduled_ues:  [ 0  1  2  3  4  6  7  8 10 11 14]
(1, 15, 1, 4, 1, 1)
caused INR: -13.118314674250078
TpsRandomic + IndividualEstimated_INR + -12.5
None
ls_gain_coeffs:
[-138.39938481 -117.00304966 -144.37923457 -115.03922764 -106.83689533
 -119.37326218 -134.11217956 -133.75017633 -128.42079428 -128.13856352
 -129.25006318 -129.66749842 -132.96317523 -133.59705256 -140.52314489]
inrs_hat:  [-27.40968477  -6.01334962 -33.38953452  -4.0495276    4.15280472
  -8.38356214 -23.12247952 -22.76047629 -17.43109423 -17.14886348
 -18.26036314 -18.67779838 -21.97347519 -22.60735252 -29.53344485]
scheduled_ues:  [ 0  2  6  7  8  9 10 11 12 13 14]
(1, 15, 1, 4, 1, 1)
caused INR: -8.998880289635515
TpsRandomic + IndividualEstimated_INR + -15.0
None
ls_gain_coeffs:
[-128.42551507 -117.00304966 -144.37923457 -119.29825399 -106.83689533
 -136.3803761  -134.11217956 -130.60285432 -120.47859488 -129.26879731
 -136.21078308 -138.80580677 -132.96317523 -125.24659077 -129.8683303 ]
inrs_hat:  [-17.43581502  -6.01334962 -33.38953452  -8.30855395   4.15280472
 -25.39067605 -23.12247952 -19.61315428  -9.48889484 -18.27909727
 -25.22108303 -27.81610673 -21.97347519 -14.25689073 -18.87863026]
scheduled_ues:  [ 0  2  5  6  7  9 10 11 12 14]
(1, 15, 1, 4, 1, 1)
caused INR: -8.311206429289088
TpsRandomic + CumulativeIndividualEstimated_INR + -10.0
None
(1, 15, 1, 4, 1, 1)
caused INR: -5.409663742570454
TpsRandomic + CumulativeIndividualEstimated_INR + -12.5
None
(1, 15, 1, 4, 1, 1)
caused INR: -10.375606060801502
TpsRandomic + CumulativeIndividualEstimated_INR + -15.0
None
(1, 15, 1, 4, 1, 1)
caused INR: -9.996277000450844
Iteration number 47
TpsAltruisticFromLsfGain + IndividualEstimated_INR + -10.0
None
ls_gain_coeffs:
[-140.05008995 -127.96298943 -143.6259751  -143.3287766  -140.04868997
 -136.15404425 -151.59315668 -126.98117854 -147.61125632 -134.2947618
 -131.65662654 -145.50068136 -106.13322389 -128.41349954 -139.01134188]
inrs_hat:  [-29.06038991 -16.97328939 -32.63627506 -32.33907656 -29.05898993
 -25.16434421 -40.60345663 -15.9914785  -36.62155628 -23.30506176
 -20.6669265  -34.51098132   4.85647615 -17.4237995  -28.02164184]
scheduled_ues:  [ 0  1  2  3  4  5  6  7  8  9 10 11 13 14]
(1, 15, 1, 4, 1, 1)
caused INR: -20.67823904981232
TpsAltruisticFromLsfGain + IndividualEstimated_INR + -12.5
None
ls_gain_coeffs:
[-140.05008995 -127.96298943 -143.6259751  -143.3287766  -140.04868997
 -136.15404425 -151.59315668 -126.98117854 -147.61125632 -134.2947618
 -131.65662654 -145.50068136 -106.13322389 -128.41349954 -139.01134188]
inrs_hat:  [-29.06038991 -16.97328939 -32.63627506 -32.33907656 -29.05898993
 -25.16434421 -40.60345663 -15.9914785  -36.62155628 -23.30506176
 -20.6669265  -34.51098132   4.85647615 -17.4237995  -28.02164184]
scheduled_ues:  [ 0  1  2  3  4  5  6  7  8  9 10 11 13 14]
(1, 15, 1, 4, 1, 1)
caused INR: -20.67823904981232
TpsAltruisticFromLsfGain + IndividualEstimated_INR + -15.0
None
ls_gain_coeffs:
[-140.05008995 -127.96298943 -143.6259751  -143.3287766  -140.04868997
 -136.15404425 -151.59315668 -126.98117854 -147.61125632 -134.2947618
 -131.65662654 -145.50068136 -106.13322389 -128.41349954 -139.01134188]
inrs_hat:  [-29.06038991 -16.97328939 -32.63627506 -32.33907656 -29.05898993
 -25.16434421 -40.60345663 -15.9914785  -36.62155628 -23.30506176
 -20.6669265  -34.51098132   4.85647615 -17.4237995  -28.02164184]
scheduled_ues:  [ 0  1  2  3  4  5  6  7  8  9 10 11 13 14]
(1, 15, 1, 4, 1, 1)
caused INR: -20.67823904981232
TpsAltruisticFromLsfGain + CumulativeIndividualEstimated_INR + -10.0
None
(1, 15, 1, 4, 1, 1)
caused INR: -20.67823904981232
TpsAltruisticFromLsfGain + CumulativeIndividualEstimated_INR + -12.5
None
(1, 15, 1, 4, 1, 1)
caused INR: -16.48277417483571
TpsAltruisticFromLsfGain + CumulativeIndividualEstimated_INR + -15.0
None
(1, 15, 1, 4, 1, 1)
caused INR: -26.762331107188416
TpsRandomic + IndividualEstimated_INR + -10.0
None
ls_gain_coeffs:
[-126.46417576 -113.75435048 -143.6259751  -134.12662214 -123.64915793
 -122.88158905 -146.79435072 -120.26520349 -131.52609529 -117.56547442
 -118.98515841 -139.40394313 -106.13322389 -128.41349954 -137.92261822]
inrs_hat:  [-15.47447572  -2.76465043 -32.63627506 -23.1369221  -12.65945789
 -11.89188901 -35.80465067  -9.27550344 -20.53639525  -6.57577438
  -7.99545837 -28.41424309   4.85647615 -17.4237995  -26.93291818]
scheduled_ues:  [ 0  2  3  4  5  6  8 11 13 14]
(1, 15, 1, 4, 1, 1)
caused INR: -16.533709149150525
TpsRandomic + IndividualEstimated_INR + -12.5
None
ls_gain_coeffs:
[-140.05008995 -113.75435048 -135.31531681 -126.50118619 -126.06599935
 -122.88158905 -151.59315668 -110.40940814 -147.61125632 -123.40296121
 -131.65662654 -145.50068136 -103.58309896 -115.06350262 -126.20683399]
inrs_hat:  [-29.06038991  -2.76465043 -24.32561677 -15.51148614 -15.07629931
 -11.89188901 -40.60345663   0.5802919  -36.62155628 -12.41326117
 -20.6669265  -34.51098132   7.40660108  -4.07380257 -15.21713395]
scheduled_ues:  [ 0  2  3  4  6  8 10 11 14]
(1, 15, 1, 4, 1, 1)
caused INR: -15.206416438797515
TpsRandomic + IndividualEstimated_INR + -15.0
None
ls_gain_coeffs:
[-123.47118472 -113.75435048 -130.14762545 -134.12662214 -123.64915793
 -136.15404425 -137.55195469 -120.26520349 -147.61125632 -117.56547442
 -130.96702216 -139.40394313  -92.84158225 -128.41349954 -126.20683399]
inrs_hat:  [-12.48148467  -2.76465043 -19.1579254  -23.1369221  -12.65945789
 -25.16434421 -26.56225465  -9.27550344 -36.62155628  -6.57577438
 -19.97732211 -28.41424309  18.1481178  -17.4237995  -15.21713395]
scheduled_ues:  [ 2  3  5  6  8 10 11 13 14]
(1, 15, 1, 4, 1, 1)
caused INR: -16.98033519168041
TpsRandomic + CumulativeIndividualEstimated_INR + -10.0
None
(1, 15, 1, 4, 1, 1)
caused INR: -17.887278292896937
TpsRandomic + CumulativeIndividualEstimated_INR + -12.5
None
(1, 15, 1, 4, 1, 1)
caused INR: -11.66809629050784
TpsRandomic + CumulativeIndividualEstimated_INR + -15.0
None
(1, 15, 1, 4, 1, 1)
caused INR: -23.166992826147318
Iteration number 48
TpsAltruisticFromLsfGain + IndividualEstimated_INR + -10.0
None
ls_gain_coeffs:
[-133.06724687 -146.30170317 -143.16447415 -140.20444102 -141.83053001
 -150.06883146 -144.73976048 -144.13798726 -141.60904606 -133.86233277
 -149.10343613 -128.79770365 -128.95140731 -142.03803692 -127.50107226]
inrs_hat:  [-22.07754683 -35.31200312 -32.17477411 -29.21474098 -30.84082996
 -39.07913141 -33.75006044 -33.14828722 -30.61934601 -22.87263272
 -38.11373608 -17.80800361 -17.96170726 -31.04833687 -16.51137222]
scheduled_ues:  [ 0  1  2  3  4  5  6  7  8  9 10 11 12 13 14]
(1, 15, 1, 4, 1, 1)
caused INR: -17.31668513533516
TpsAltruisticFromLsfGain + IndividualEstimated_INR + -12.5
None
ls_gain_coeffs:
[-133.06724687 -146.30170317 -143.16447415 -140.20444102 -141.83053001
 -150.06883146 -144.73976048 -144.13798726 -141.60904606 -133.86233277
 -149.10343613 -128.79770365 -128.95140731 -142.03803692 -127.50107226]
inrs_hat:  [-22.07754683 -35.31200312 -32.17477411 -29.21474098 -30.84082996
 -39.07913141 -33.75006044 -33.14828722 -30.61934601 -22.87263272
 -38.11373608 -17.80800361 -17.96170726 -31.04833687 -16.51137222]
scheduled_ues:  [ 0  1  2  3  4  5  6  7  8  9 10 11 12 13 14]
(1, 15, 1, 4, 1, 1)
caused INR: -17.31668513533516
TpsAltruisticFromLsfGain + IndividualEstimated_INR + -15.0
None
ls_gain_coeffs:
[-133.06724687 -146.30170317 -143.16447415 -140.20444102 -141.83053001
 -150.06883146 -144.73976048 -144.13798726 -141.60904606 -133.86233277
 -149.10343613 -128.79770365 -128.95140731 -142.03803692 -127.50107226]
inrs_hat:  [-22.07754683 -35.31200312 -32.17477411 -29.21474098 -30.84082996
 -39.07913141 -33.75006044 -33.14828722 -30.61934601 -22.87263272
 -38.11373608 -17.80800361 -17.96170726 -31.04833687 -16.51137222]
scheduled_ues:  [ 0  1  2  3  4  5  6  7  8  9 10 11 12 13 14]
(1, 15, 1, 4, 1, 1)
caused INR: -17.31668513533516
TpsAltruisticFromLsfGain + CumulativeIndividualEstimated_INR + -10.0
None
(1, 15, 1, 4, 1, 1)
caused INR: -17.31668513533516
TpsAltruisticFromLsfGain + CumulativeIndividualEstimated_INR + -12.5
None
(1, 15, 1, 4, 1, 1)
caused INR: -17.617293956230874
TpsAltruisticFromLsfGain + CumulativeIndividualEstimated_INR + -15.0
None
(1, 15, 1, 4, 1, 1)
caused INR: -21.349253163566765
TpsRandomic + IndividualEstimated_INR + -10.0
None
ls_gain_coeffs:
[-131.41988894 -137.79777341 -143.16447415 -125.96322125 -127.80709258
 -140.73156108 -144.73976048 -127.1241799  -129.70332729 -126.69140449
 -135.17679587 -111.80195858 -128.95140731 -125.18467837 -112.79745021]
inrs_hat:  [-20.43018889 -26.80807337 -32.17477411 -14.97352121 -16.81739254
 -29.74186104 -33.75006044 -16.13447986 -18.71362725 -15.70170445
 -24.18709582  -0.81225854 -17.96170726 -14.19497833  -1.80775017]
scheduled_ues:  [ 0  1  2  3  4  5  6  7  8  9 10 12 13]
(1, 15, 1, 4, 1, 1)
caused INR: -11.67700500788234
TpsRandomic + IndividualEstimated_INR + -12.5
None
ls_gain_coeffs:
[-133.06724687 -133.73616918 -143.16447415 -140.20444102 -141.83053001
 -133.32439206 -144.73976048 -133.89955526 -131.90530106 -116.83473053
 -143.2547005  -128.79770365 -115.14607085 -125.18467837 -127.50107226]
inrs_hat:  [-22.07754683 -22.74646914 -32.17477411 -29.21474098 -30.84082996
 -22.33469202 -33.75006044 -22.90985522 -20.91560101  -5.84503048
 -32.26500045 -17.80800361  -4.15637081 -14.19497833 -16.51137222]
scheduled_ues:  [ 0  1  2  3  4  5  6  7  8 10 11 13 14]
(1, 15, 1, 4, 1, 1)
caused INR: -15.708292898276747
TpsRandomic + IndividualEstimated_INR + -15.0
None
ls_gain_coeffs:
[-120.07652756 -137.79777341 -129.75917958 -134.15285926 -137.08501773
 -140.73156108 -128.53132797 -144.13798726 -131.90530106 -126.69140449
 -143.2547005  -119.00531694 -124.86019793 -142.03803692 -112.79745021]
inrs_hat:  [ -9.08682752 -26.80807337 -18.76947954 -23.16315922 -26.09531769
 -29.74186104 -17.54162793 -33.14828722 -20.91560101 -15.70170445
 -32.26500045  -8.01561689 -13.87049789 -31.04833687  -1.80775017]
scheduled_ues:  [ 1  2  3  4  5  6  7  8  9 10 13]
(1, 15, 1, 4, 1, 1)
caused INR: -7.614717183594701
TpsRandomic + CumulativeIndividualEstimated_INR + -10.0
None
(1, 15, 1, 4, 1, 1)
caused INR: -5.806270522861386
TpsRandomic + CumulativeIndividualEstimated_INR + -12.5
None
(1, 15, 1, 4, 1, 1)
caused INR: -19.189791459803104
TpsRandomic + CumulativeIndividualEstimated_INR + -15.0
None
(1, 15, 1, 4, 1, 1)
caused INR: -13.966515487343829
Iteration number 49
TpsAltruisticFromLsfGain + IndividualEstimated_INR + -10.0
None
ls_gain_coeffs:
[-126.38571197 -136.38786393 -131.09271057 -119.97528196 -137.53216932
 -136.28581193 -136.70317762 -148.52933233 -145.90075432 -139.63161476
 -145.60125611 -142.51842132 -151.29152371 -130.1018107  -149.85461717]
inrs_hat:  [-15.39601193 -25.39816389 -20.10301052  -8.98558192 -26.54246928
 -25.29611189 -25.71347757 -37.53963228 -34.91105428 -28.64191472
 -34.61155607 -31.52872127 -40.30182367 -19.11211066 -38.86491713]
scheduled_ues:  [ 0  1  2  4  5  6  7  8  9 10 11 12 13 14]
(1, 15, 1, 4, 1, 1)
caused INR: -9.61163607521531
TpsAltruisticFromLsfGain + IndividualEstimated_INR + -12.5
None
ls_gain_coeffs:
[-126.38571197 -136.38786393 -131.09271057 -119.97528196 -137.53216932
 -136.28581193 -136.70317762 -148.52933233 -145.90075432 -139.63161476
 -145.60125611 -142.51842132 -151.29152371 -130.1018107  -149.85461717]
inrs_hat:  [-15.39601193 -25.39816389 -20.10301052  -8.98558192 -26.54246928
 -25.29611189 -25.71347757 -37.53963228 -34.91105428 -28.64191472
 -34.61155607 -31.52872127 -40.30182367 -19.11211066 -38.86491713]
scheduled_ues:  [ 0  1  2  4  5  6  7  8  9 10 11 12 13 14]
(1, 15, 1, 4, 1, 1)
caused INR: -9.61163607521531
TpsAltruisticFromLsfGain + IndividualEstimated_INR + -15.0
None
ls_gain_coeffs:
[-126.38571197 -136.38786393 -131.09271057 -119.97528196 -137.53216932
 -136.28581193 -136.70317762 -148.52933233 -145.90075432 -139.63161476
 -145.60125611 -142.51842132 -151.29152371 -130.1018107  -149.85461717]
inrs_hat:  [-15.39601193 -25.39816389 -20.10301052  -8.98558192 -26.54246928
 -25.29611189 -25.71347757 -37.53963228 -34.91105428 -28.64191472
 -34.61155607 -31.52872127 -40.30182367 -19.11211066 -38.86491713]
scheduled_ues:  [ 0  1  2  4  5  6  7  8  9 10 11 12 13 14]
(1, 15, 1, 4, 1, 1)
caused INR: -9.61163607521531
TpsAltruisticFromLsfGain + CumulativeIndividualEstimated_INR + -10.0
None
(1, 15, 1, 4, 1, 1)
caused INR: -9.61163607521531
TpsAltruisticFromLsfGain + CumulativeIndividualEstimated_INR + -12.5
None
(1, 15, 1, 4, 1, 1)
caused INR: -18.26068306903123
TpsAltruisticFromLsfGain + CumulativeIndividualEstimated_INR + -15.0
None
(1, 15, 1, 4, 1, 1)
caused INR: -21.353759471378574
TpsRandomic + IndividualEstimated_INR + -10.0
None
ls_gain_coeffs:
[-126.38571197 -128.62773293 -116.64276001 -109.68523706 -137.53216932
 -128.4508536  -130.08614815 -132.96064785 -139.91000829 -130.61730032
 -135.8757871  -142.51842132 -137.99202661 -129.38878557 -149.85461717]
inrs_hat:  [-15.39601193 -17.63803289  -5.65305997   1.30446298 -26.54246928
 -17.46115355 -19.0964481  -21.97094781 -28.92030825 -19.62760028
 -24.88608706 -31.52872127 -27.00232657 -18.39908553 -38.86491713]
scheduled_ues:  [ 0  1  4  5  6  7  8  9 10 11 12 13 14]
(1, 15, 1, 4, 1, 1)
caused INR: -14.283279931070174
TpsRandomic + IndividualEstimated_INR + -12.5
None
ls_gain_coeffs:
[-111.82291777 -119.89133327 -116.64276001 -109.68523706 -120.84135418
 -136.28581193 -136.70317762 -143.83870562 -131.86646231 -139.63161476
 -145.60125611 -139.53068334 -137.99202661 -117.42253566 -149.85461717]
inrs_hat:  [ -0.83321773  -8.90163323  -5.65305997   1.30446298  -9.85165414
 -25.29611189 -25.71347757 -32.84900557 -20.87676227 -28.64191472
 -34.61155607 -28.5409833  -27.00232657  -6.43283562 -38.86491713]
scheduled_ues:  [ 5  6  7  8  9 10 11 12 14]
(1, 15, 1, 4, 1, 1)
caused INR: -21.01095811598227
TpsRandomic + IndividualEstimated_INR + -15.0
None
ls_gain_coeffs:
[-119.93234237 -123.5965336  -116.64276001 -106.56223364 -127.82878504
 -121.99892664 -130.08614815 -134.52419009 -139.91000829 -122.60842835
 -134.25404632 -128.084996   -151.29152371 -117.42253566 -135.6015179 ]
inrs_hat:  [ -8.94264233 -12.60683356  -5.65305997   4.4274664  -16.839085
 -11.0092266  -19.0964481  -23.53449005 -28.92030825 -11.61872831
 -23.26434627 -17.09529596 -40.30182367  -6.43283562 -24.61181786]
scheduled_ues:  [ 4  6  7  8 10 11 12 14]
(1, 15, 1, 4, 1, 1)
caused INR: -17.562472454955792
TpsRandomic + CumulativeIndividualEstimated_INR + -10.0
None
(1, 15, 1, 4, 1, 1)
caused INR: -7.377074955078409
TpsRandomic + CumulativeIndividualEstimated_INR + -12.5
None
(1, 15, 1, 4, 1, 1)
caused INR: -12.717373684974886
TpsRandomic + CumulativeIndividualEstimated_INR + -15.0
None
(1, 15, 1, 4, 1, 1)
caused INR: -25.640425326970636
Iteration number 50
TpsAltruisticFromLsfGain + IndividualEstimated_INR + -10.0
None
ls_gain_coeffs:
[-144.38121416 -135.47793135 -139.87720485 -143.80416908 -136.61799784
 -126.78720148 -123.4005912  -131.94251403 -137.47701756 -144.80855549
 -136.62218509 -135.59665372 -131.45360875 -141.59429137 -130.66488647]
inrs_hat:  [-33.39151412 -24.48823131 -28.88750481 -32.81446904 -25.62829779
 -15.79750143 -12.41089115 -20.95281398 -26.48731751 -33.81885544
 -25.63248504 -24.60695368 -20.46390871 -30.60459133 -19.67518643]
scheduled_ues:  [ 0  1  2  3  4  5  6  7  8  9 10 11 12 13 14]
(1, 15, 1, 4, 1, 1)
caused INR: -6.631682666034483
TpsAltruisticFromLsfGain + IndividualEstimated_INR + -12.5
None
ls_gain_coeffs:
[-144.38121416 -135.47793135 -139.87720485 -143.80416908 -136.61799784
 -126.78720148 -123.4005912  -131.94251403 -137.47701756 -144.80855549
 -136.62218509 -135.59665372 -131.45360875 -141.59429137 -130.66488647]
inrs_hat:  [-33.39151412 -24.48823131 -28.88750481 -32.81446904 -25.62829779
 -15.79750143 -12.41089115 -20.95281398 -26.48731751 -33.81885544
 -25.63248504 -24.60695368 -20.46390871 -30.60459133 -19.67518643]
scheduled_ues:  [ 0  1  2  3  4  5  7  8  9 10 11 12 13 14]
(1, 15, 1, 4, 1, 1)
caused INR: -15.627826350989924
TpsAltruisticFromLsfGain + IndividualEstimated_INR + -15.0
None
ls_gain_coeffs:
[-144.38121416 -135.47793135 -139.87720485 -143.80416908 -136.61799784
 -126.78720148 -123.4005912  -131.94251403 -137.47701756 -144.80855549
 -136.62218509 -135.59665372 -131.45360875 -141.59429137 -130.66488647]
inrs_hat:  [-33.39151412 -24.48823131 -28.88750481 -32.81446904 -25.62829779
 -15.79750143 -12.41089115 -20.95281398 -26.48731751 -33.81885544
 -25.63248504 -24.60695368 -20.46390871 -30.60459133 -19.67518643]
scheduled_ues:  [ 0  1  2  3  4  5  7  8  9 10 11 12 13 14]
(1, 15, 1, 4, 1, 1)
caused INR: -15.627826350989924
TpsAltruisticFromLsfGain + CumulativeIndividualEstimated_INR + -10.0
None
(1, 15, 1, 4, 1, 1)
caused INR: -15.627826350989924
TpsAltruisticFromLsfGain + CumulativeIndividualEstimated_INR + -12.5
None
(1, 15, 1, 4, 1, 1)
caused INR: -27.513308992821447
TpsAltruisticFromLsfGain + CumulativeIndividualEstimated_INR + -15.0
None
(1, 15, 1, 4, 1, 1)
caused INR: -27.498151099771896
TpsRandomic + IndividualEstimated_INR + -10.0
None
ls_gain_coeffs:
[-129.13070478 -122.26553411 -139.87720485 -143.80416908 -135.14872582
 -125.94346989 -123.4005912  -115.21997543 -124.71036456 -128.58482574
 -123.17870401 -119.03179373 -117.47319869 -124.84149461 -130.66488647]
inrs_hat:  [-18.14100473 -11.27583407 -28.88750481 -32.81446904 -24.15902578
 -14.95376984 -12.41089115  -4.23027539 -13.72066451 -17.5951257
 -12.18900397  -8.04209369  -6.48349864 -13.85179457 -19.67518643]
scheduled_ues:  [ 0  1  2  3  4  5  6  8  9 10 13 14]
(1, 15, 1, 4, 1, 1)
caused INR: 3.263394040640602
TpsRandomic + IndividualEstimated_INR + -12.5
None
ls_gain_coeffs:
[-144.38121416 -122.26553411 -129.25129938 -132.84441844 -136.61799784
 -113.78311375 -123.4005912  -131.94251403 -137.47701756 -128.58482574
 -136.62218509 -119.03179373 -125.41507716 -128.32839653 -130.66488647]
inrs_hat:  [-33.39151412 -11.27583407 -18.26159934 -21.85471839 -25.62829779
  -2.79341371 -12.41089115 -20.95281398 -26.48731751 -17.5951257
 -25.63248504  -8.04209369 -14.42537712 -17.33869649 -19.67518643]
scheduled_ues:  [ 0  2  3  4  7  8  9 10 12 13 14]
(1, 15, 1, 4, 1, 1)
caused INR: -20.30069895347786
TpsRandomic + IndividualEstimated_INR + -15.0
None
ls_gain_coeffs:
[-130.53515947 -127.61339079 -122.55662103 -126.81976063 -136.61799784
 -114.06435761 -110.25404916 -131.94251403 -128.17942764 -130.82352268
 -123.17870401 -135.59665372 -115.22333792 -124.84149461 -117.94838713]
inrs_hat:  [-19.54545943 -16.62369075 -11.56692099 -15.83006059 -25.62829779
  -3.07465757   0.73565088 -20.95281398 -17.18972759 -19.83382264
 -12.18900397 -24.60695368  -4.23363788 -13.85179457  -6.95868709]
scheduled_ues:  [ 0  1  3  4  7  8  9 11]
(1, 15, 1, 4, 1, 1)
caused INR: -5.3369898360970875
TpsRandomic + CumulativeIndividualEstimated_INR + -10.0
None
(1, 15, 1, 4, 1, 1)
caused INR: -24.061800449409585
TpsRandomic + CumulativeIndividualEstimated_INR + -12.5
None
(1, 15, 1, 4, 1, 1)
caused INR: -14.064874362743874
TpsRandomic + CumulativeIndividualEstimated_INR + -15.0
None
(1, 15, 1, 4, 1, 1)
caused INR: -27.529347030422233
Iteration number 51
TpsAltruisticFromLsfGain + IndividualEstimated_INR + -10.0
None
ls_gain_coeffs:
[-140.37961661 -142.63245063 -140.64733333 -140.74915918 -141.83744802
 -146.77946992 -130.6815441  -131.26228339 -141.6786383  -135.14758338
 -133.3907171  -141.13608519 -134.03713116 -144.07804134 -129.37668039]
inrs_hat:  [-29.38991657 -31.64275059 -29.65763329 -29.75945913 -30.84774797
 -35.78976987 -19.69184405 -20.27258335 -30.68893825 -24.15788334
 -22.40101706 -30.14638515 -23.04743112 -33.0883413  -18.38698035]
scheduled_ues:  [ 0  1  2  3  4  5  6  7  8  9 10 11 12 13 14]
(1, 15, 1, 4, 1, 1)
caused INR: -18.09570827032854
TpsAltruisticFromLsfGain + IndividualEstimated_INR + -12.5
None
ls_gain_coeffs:
[-140.37961661 -142.63245063 -140.64733333 -140.74915918 -141.83744802
 -146.77946992 -130.6815441  -131.26228339 -141.6786383  -135.14758338
 -133.3907171  -141.13608519 -134.03713116 -144.07804134 -129.37668039]
inrs_hat:  [-29.38991657 -31.64275059 -29.65763329 -29.75945913 -30.84774797
 -35.78976987 -19.69184405 -20.27258335 -30.68893825 -24.15788334
 -22.40101706 -30.14638515 -23.04743112 -33.0883413  -18.38698035]
scheduled_ues:  [ 0  1  2  3  4  5  6  7  8  9 10 11 12 13 14]
(1, 15, 1, 4, 1, 1)
caused INR: -18.09570827032854
TpsAltruisticFromLsfGain + IndividualEstimated_INR + -15.0
None
ls_gain_coeffs:
[-140.37961661 -142.63245063 -140.64733333 -140.74915918 -141.83744802
 -146.77946992 -130.6815441  -131.26228339 -141.6786383  -135.14758338
 -133.3907171  -141.13608519 -134.03713116 -144.07804134 -129.37668039]
inrs_hat:  [-29.38991657 -31.64275059 -29.65763329 -29.75945913 -30.84774797
 -35.78976987 -19.69184405 -20.27258335 -30.68893825 -24.15788334
 -22.40101706 -30.14638515 -23.04743112 -33.0883413  -18.38698035]
scheduled_ues:  [ 0  1  2  3  4  5  6  7  8  9 10 11 12 13 14]
(1, 15, 1, 4, 1, 1)
caused INR: -18.09570827032854
TpsAltruisticFromLsfGain + CumulativeIndividualEstimated_INR + -10.0
None
(1, 15, 1, 4, 1, 1)
caused INR: -18.09570827032854
TpsAltruisticFromLsfGain + CumulativeIndividualEstimated_INR + -12.5
None
(1, 15, 1, 4, 1, 1)
caused INR: -33.01995483959888
TpsAltruisticFromLsfGain + CumulativeIndividualEstimated_INR + -15.0
None
(1, 15, 1, 4, 1, 1)
caused INR: -21.388924617707715
TpsRandomic + IndividualEstimated_INR + -10.0
None
ls_gain_coeffs:
[-124.07237632 -128.88656245 -140.64733333 -125.69545103 -126.7020093
 -129.93256046 -116.25379799 -131.26228339 -129.11031298 -118.03310061
 -116.07332233 -124.29046876 -117.17353984 -130.74560374 -122.97906336]
inrs_hat:  [-13.08267627 -17.8968624  -29.65763329 -14.70575098 -15.71230926
 -18.94286042  -5.26409795 -20.27258335 -18.12061293  -7.04340057
  -5.08362229 -13.30076871  -6.18383979 -19.7559037  -11.98936331]
scheduled_ues:  [ 0  1  2  3  4  5  7  8 11 13 14]
(1, 15, 1, 4, 1, 1)
caused INR: -6.029750682845265
TpsRandomic + IndividualEstimated_INR + -12.5
None
ls_gain_coeffs:
[-124.07237632 -126.31908575 -135.02844607 -127.0015051  -126.7020093
 -135.62447435 -116.25379799 -131.26228339 -125.23554964 -118.03310061
 -121.11924957 -141.13608519 -134.03713116 -127.51287909 -112.67000237]
inrs_hat:  [-13.08267627 -15.32938571 -24.03874603 -16.01180506 -15.71230926
 -24.63477431  -5.26409795 -20.27258335 -14.2458496   -7.04340057
 -10.12954953 -30.14638515 -23.04743112 -16.52317905  -1.68030232]
scheduled_ues:  [ 0  1  2  3  4  5  7  8 11 12 13]
(1, 15, 1, 4, 1, 1)
caused INR: -15.137938934377932
TpsRandomic + IndividualEstimated_INR + -15.0
None
ls_gain_coeffs:
[-133.6978135  -136.19320906 -124.45980849 -125.69545103 -141.83744802
 -129.93256046 -130.6815441  -119.99711241 -129.11031298 -135.14758338
 -121.11924957 -131.80871851 -134.03713116 -144.07804134 -129.37668039]
inrs_hat:  [-22.70811346 -25.20350902 -13.47010845 -14.70575098 -30.84774797
 -18.94286042 -19.69184405  -9.00741237 -18.12061293 -24.15788334
 -10.12954953 -20.81901846 -23.04743112 -33.0883413  -18.38698035]
scheduled_ues:  [ 0  1  4  5  6  8  9 11 12 13 14]
(1, 15, 1, 4, 1, 1)
caused INR: -16.686157762346184
TpsRandomic + CumulativeIndividualEstimated_INR + -10.0
None
(1, 15, 1, 4, 1, 1)
caused INR: -7.614386468095294
TpsRandomic + CumulativeIndividualEstimated_INR + -12.5
None
(1, 15, 1, 4, 1, 1)
caused INR: -17.31398072810112
TpsRandomic + CumulativeIndividualEstimated_INR + -15.0
None
(1, 15, 1, 4, 1, 1)
caused INR: -16.844025651140846
Iteration number 52
TpsAltruisticFromLsfGain + IndividualEstimated_INR + -10.0
None
ls_gain_coeffs:
[-149.99682134 -132.58859511 -137.17931967 -139.29699654 -150.40048882
 -139.54055667 -122.71337666 -143.36467093 -145.58114012 -129.2725638
 -125.27009652 -135.34608662 -123.32736785 -145.8147521  -139.79281619]
inrs_hat:  [-39.0071213  -21.59889506 -26.18961962 -28.3072965  -39.41078877
 -28.55085663 -11.72367662 -32.37497088 -34.59144008 -18.28286375
 -14.28039648 -24.35638658 -12.33766781 -34.82505205 -28.80311615]
scheduled_ues:  [ 0  1  2  3  4  5  6  7  8  9 10 11 12 13 14]
(1, 15, 1, 4, 1, 1)
caused INR: -3.56735344427503
TpsAltruisticFromLsfGain + IndividualEstimated_INR + -12.5
None
ls_gain_coeffs:
[-149.99682134 -132.58859511 -137.17931967 -139.29699654 -150.40048882
 -139.54055667 -122.71337666 -143.36467093 -145.58114012 -129.2725638
 -125.27009652 -135.34608662 -123.32736785 -145.8147521  -139.79281619]
inrs_hat:  [-39.0071213  -21.59889506 -26.18961962 -28.3072965  -39.41078877
 -28.55085663 -11.72367662 -32.37497088 -34.59144008 -18.28286375
 -14.28039648 -24.35638658 -12.33766781 -34.82505205 -28.80311615]
scheduled_ues:  [ 0  1  2  3  4  5  7  8  9 10 11 13 14]
(1, 15, 1, 4, 1, 1)
caused INR: -7.024244558516905
TpsAltruisticFromLsfGain + IndividualEstimated_INR + -15.0
None
ls_gain_coeffs:
[-149.99682134 -132.58859511 -137.17931967 -139.29699654 -150.40048882
 -139.54055667 -122.71337666 -143.36467093 -145.58114012 -129.2725638
 -125.27009652 -135.34608662 -123.32736785 -145.8147521  -139.79281619]
inrs_hat:  [-39.0071213  -21.59889506 -26.18961962 -28.3072965  -39.41078877
 -28.55085663 -11.72367662 -32.37497088 -34.59144008 -18.28286375
 -14.28039648 -24.35638658 -12.33766781 -34.82505205 -28.80311615]
scheduled_ues:  [ 0  1  2  3  4  5  7  8  9 11 13 14]
(1, 15, 1, 4, 1, 1)
caused INR: -12.844221257169831
TpsAltruisticFromLsfGain + CumulativeIndividualEstimated_INR + -10.0
None
(1, 15, 1, 4, 1, 1)
caused INR: -7.024244558516905
TpsAltruisticFromLsfGain + CumulativeIndividualEstimated_INR + -12.5
None
(1, 15, 1, 4, 1, 1)
caused INR: -12.844221257169831
TpsAltruisticFromLsfGain + CumulativeIndividualEstimated_INR + -15.0
None
(1, 15, 1, 4, 1, 1)
caused INR: -19.699913759840662
TpsRandomic + IndividualEstimated_INR + -10.0
None
ls_gain_coeffs:
[-143.22825573 -115.369404   -124.31897989 -126.75829956 -150.40048882
 -127.88652241 -105.58436952 -130.42572285 -143.82506483 -115.13859756
 -125.27009652 -125.18157427 -108.18607019 -137.94624747 -125.86262514]
inrs_hat:  [-32.23855569  -4.37970396 -13.32927985 -15.76859952 -39.41078877
 -16.89682237   5.40533052 -19.4360228  -32.83536479  -4.14889751
 -14.28039648 -14.19187423   2.80362985 -26.95654743 -14.87292509]
scheduled_ues:  [ 0  2  3  4  5  7  8 10 11 13 14]
(1, 15, 1, 4, 1, 1)
caused INR: -14.868442125128178
TpsRandomic + IndividualEstimated_INR + -12.5
None
ls_gain_coeffs:
[-143.22825573 -119.22214478 -137.17931967 -126.80684805 -137.65818139
 -122.36899424 -114.80448059 -130.42572285 -145.58114012 -115.13859756
 -117.43595296 -125.18157427 -113.61376815 -129.19564596 -123.49893339]
inrs_hat:  [-32.23855569  -8.23244473 -26.18961962 -15.81714801 -26.66848135
 -11.37929419  -3.81478055 -19.4360228  -34.59144008  -4.14889751
  -6.44625292 -14.19187423  -2.62406811 -18.20594591 -12.50923335]
scheduled_ues:  [ 0  2  3  4  7  8 11 13 14]
(1, 15, 1, 4, 1, 1)
caused INR: -11.927899186154981
TpsRandomic + IndividualEstimated_INR + -15.0
None
ls_gain_coeffs:
[-149.99682134 -132.58859511 -135.92310034 -139.15135107 -133.95868866
 -129.29306606 -105.58436952 -135.37458408 -132.55418169 -112.83802603
 -125.27009652 -123.34672401 -113.61376815 -132.88664445 -133.57684164]
inrs_hat:  [-39.0071213  -21.59889506 -24.93340029 -28.16165102 -22.96898861
 -18.30336602   5.40533052 -24.38488404 -21.56448165  -1.84832599
 -14.28039648 -12.35702396  -2.62406811 -21.8969444  -22.5871416 ]
scheduled_ues:  [ 0  1  2  3  4  5  7  8 13 14]
(1, 15, 1, 4, 1, 1)
caused INR: -11.671991291159124
TpsRandomic + CumulativeIndividualEstimated_INR + -10.0
None
(1, 15, 1, 4, 1, 1)
caused INR: -6.502805239833544
TpsRandomic + CumulativeIndividualEstimated_INR + -12.5
None
(1, 15, 1, 4, 1, 1)
caused INR: -7.108532630791484
TpsRandomic + CumulativeIndividualEstimated_INR + -15.0
None
(1, 15, 1, 4, 1, 1)
caused INR: -19.422951217012777
Iteration number 53
TpsAltruisticFromLsfGain + IndividualEstimated_INR + -10.0
None
ls_gain_coeffs:
[-139.53908876 -150.68316218 -107.76932341 -146.07832187 -130.05369211
 -150.83434837 -136.56091051 -149.99511981 -145.38067436 -147.74349397
 -134.43041357 -145.14612604 -133.78241954 -134.08370759 -141.91920208]
inrs_hat:  [-28.54938872 -39.69346213   3.22037663 -35.08862183 -19.06399207
 -39.84464833 -25.57121047 -39.00541976 -34.39097431 -36.75379393
 -23.44071352 -34.156426   -22.7927195  -23.09400755 -30.92950204]
scheduled_ues:  [ 0  1  3  4  5  6  7  8  9 10 11 12 13 14]
(1, 15, 1, 4, 1, 1)
caused INR: -23.4087641924689
TpsAltruisticFromLsfGain + IndividualEstimated_INR + -12.5
None
ls_gain_coeffs:
[-139.53908876 -150.68316218 -107.76932341 -146.07832187 -130.05369211
 -150.83434837 -136.56091051 -149.99511981 -145.38067436 -147.74349397
 -134.43041357 -145.14612604 -133.78241954 -134.08370759 -141.91920208]
inrs_hat:  [-28.54938872 -39.69346213   3.22037663 -35.08862183 -19.06399207
 -39.84464833 -25.57121047 -39.00541976 -34.39097431 -36.75379393
 -23.44071352 -34.156426   -22.7927195  -23.09400755 -30.92950204]
scheduled_ues:  [ 0  1  3  4  5  6  7  8  9 10 11 12 13 14]
(1, 15, 1, 4, 1, 1)
caused INR: -23.4087641924689
TpsAltruisticFromLsfGain + IndividualEstimated_INR + -15.0
None
ls_gain_coeffs:
[-139.53908876 -150.68316218 -107.76932341 -146.07832187 -130.05369211
 -150.83434837 -136.56091051 -149.99511981 -145.38067436 -147.74349397
 -134.43041357 -145.14612604 -133.78241954 -134.08370759 -141.91920208]
inrs_hat:  [-28.54938872 -39.69346213   3.22037663 -35.08862183 -19.06399207
 -39.84464833 -25.57121047 -39.00541976 -34.39097431 -36.75379393
 -23.44071352 -34.156426   -22.7927195  -23.09400755 -30.92950204]
scheduled_ues:  [ 0  1  3  4  5  6  7  8  9 10 11 12 13 14]
(1, 15, 1, 4, 1, 1)
caused INR: -23.4087641924689
TpsAltruisticFromLsfGain + CumulativeIndividualEstimated_INR + -10.0
None
(1, 15, 1, 4, 1, 1)
caused INR: -23.4087641924689
TpsAltruisticFromLsfGain + CumulativeIndividualEstimated_INR + -12.5
None
(1, 15, 1, 4, 1, 1)
caused INR: -23.4087641924689
TpsAltruisticFromLsfGain + CumulativeIndividualEstimated_INR + -15.0
None
(1, 15, 1, 4, 1, 1)
caused INR: -22.31121997141729
TpsRandomic + IndividualEstimated_INR + -10.0
None
ls_gain_coeffs:
[-126.90301309 -134.19117853 -107.76932341 -140.19290046 -116.67504303
 -142.56301202 -121.61309259 -138.84682009 -136.84341332 -147.74349397
 -117.13560915 -134.38767714 -120.82725654 -120.95761285 -136.59687924]
inrs_hat:  [-15.91331305 -23.20147849   3.22037663 -29.20320042  -5.68534298
 -31.57331197 -10.62339255 -27.85712004 -25.85371327 -36.75379393
  -6.14590911 -23.3979771   -9.8375565   -9.96791281 -25.6071792 ]
scheduled_ues:  [ 0  1  3  5  6  7  8  9 11 14]
(1, 15, 1, 4, 1, 1)
caused INR: -9.80298158469311
TpsRandomic + IndividualEstimated_INR + -12.5
None
ls_gain_coeffs:
[-139.53908876 -143.1631029  -100.46721028 -140.19290046 -130.05369211
 -138.55840961 -122.86620155 -133.16747263 -136.84341332 -131.28639116
 -124.85453702 -134.38767714 -123.43330967 -120.95761285 -125.92938686]
inrs_hat:  [-28.54938872 -32.17340285  10.52248977 -29.20320042 -19.06399207
 -27.56870957 -11.87650151 -22.17777258 -25.85371327 -20.29669111
 -13.86483697 -23.3979771  -12.44360962  -9.96791281 -14.93968681]
scheduled_ues:  [ 0  1  3  4  5  7  8  9 10 11 14]
(1, 15, 1, 4, 1, 1)
caused INR: -5.80465603352798
TpsRandomic + IndividualEstimated_INR + -15.0
None
ls_gain_coeffs:
[-126.90301309 -150.68316218 -100.46721028 -140.19290046 -130.05369211
 -134.33991081 -122.86620155 -149.99511981 -132.95382583 -131.28639116
 -124.85453702 -134.38767714 -120.82725654 -125.73506116 -125.92938686]
inrs_hat:  [-15.91331305 -39.69346213  10.52248977 -29.20320042 -19.06399207
 -23.35021077 -11.87650151 -39.00541976 -21.96412579 -20.29669111
 -13.86483697 -23.3979771   -9.8375565  -14.74536111 -14.93968681]
scheduled_ues:  [ 0  1  3  4  5  7  8  9 11]
(1, 15, 1, 4, 1, 1)
caused INR: -29.197527239064218
TpsRandomic + CumulativeIndividualEstimated_INR + -10.0
None
(1, 15, 1, 4, 1, 1)
caused INR: -25.704852109519585
TpsRandomic + CumulativeIndividualEstimated_INR + -12.5
None
(1, 15, 1, 4, 1, 1)
caused INR: -16.77840260841942
TpsRandomic + CumulativeIndividualEstimated_INR + -15.0
None
(1, 15, 1, 4, 1, 1)
caused INR: -22.953604950620708
Iteration number 54
TpsAltruisticFromLsfGain + IndividualEstimated_INR + -10.0
None
ls_gain_coeffs:
[-146.9991819  -127.30975064 -134.14373035 -140.04741264 -121.63840608
 -119.27287629 -135.34411671 -152.13640856 -135.07736685 -138.97509685
 -147.08378846 -141.79664558 -134.10837282 -139.04208569 -143.15973511]
inrs_hat:  [-36.00948186 -16.3200506  -23.1540303  -29.0577126  -10.64870603
  -8.28317625 -24.35441667 -41.14670852 -24.08766681 -27.9853968
 -36.09408842 -30.80694554 -23.11867277 -28.05238564 -32.17003506]
scheduled_ues:  [ 0  1  2  3  4  6  7  8  9 10 11 12 13 14]
(1, 15, 1, 4, 1, 1)
caused INR: -13.820745942408125
TpsAltruisticFromLsfGain + IndividualEstimated_INR + -12.5
None
ls_gain_coeffs:
[-146.9991819  -127.30975064 -134.14373035 -140.04741264 -121.63840608
 -119.27287629 -135.34411671 -152.13640856 -135.07736685 -138.97509685
 -147.08378846 -141.79664558 -134.10837282 -139.04208569 -143.15973511]
inrs_hat:  [-36.00948186 -16.3200506  -23.1540303  -29.0577126  -10.64870603
  -8.28317625 -24.35441667 -41.14670852 -24.08766681 -27.9853968
 -36.09408842 -30.80694554 -23.11867277 -28.05238564 -32.17003506]
scheduled_ues:  [ 0  1  2  3  6  7  8  9 10 11 12 13 14]
(1, 15, 1, 4, 1, 1)
caused INR: -22.426863645017562
TpsAltruisticFromLsfGain + IndividualEstimated_INR + -15.0
None
ls_gain_coeffs:
[-146.9991819  -127.30975064 -134.14373035 -140.04741264 -121.63840608
 -119.27287629 -135.34411671 -152.13640856 -135.07736685 -138.97509685
 -147.08378846 -141.79664558 -134.10837282 -139.04208569 -143.15973511]
inrs_hat:  [-36.00948186 -16.3200506  -23.1540303  -29.0577126  -10.64870603
  -8.28317625 -24.35441667 -41.14670852 -24.08766681 -27.9853968
 -36.09408842 -30.80694554 -23.11867277 -28.05238564 -32.17003506]
scheduled_ues:  [ 0  1  2  3  6  7  8  9 10 11 12 13 14]
(1, 15, 1, 4, 1, 1)
caused INR: -22.426863645017562
TpsAltruisticFromLsfGain + CumulativeIndividualEstimated_INR + -10.0
None
(1, 15, 1, 4, 1, 1)
caused INR: -22.426863645017562
TpsAltruisticFromLsfGain + CumulativeIndividualEstimated_INR + -12.5
None
(1, 15, 1, 4, 1, 1)
caused INR: -22.426863645017562
TpsAltruisticFromLsfGain + CumulativeIndividualEstimated_INR + -15.0
None
(1, 15, 1, 4, 1, 1)
caused INR: -16.290562535587043
TpsRandomic + IndividualEstimated_INR + -10.0
None
ls_gain_coeffs:
[-130.21247173 -116.36479148 -116.95096441 -140.04741264 -108.92086738
 -107.11268162 -118.79165812 -135.65350428 -135.07736685 -138.97509685
 -140.25107421 -124.83357219 -117.05369758 -126.67088718 -135.11923449]
inrs_hat:  [-19.22277169  -5.37509144  -5.96126436 -29.0577126    2.06883266
   3.87701843  -7.80195807 -24.66380423 -24.08766681 -27.9853968
 -29.26137417 -13.84387215  -6.06399753 -15.68118713 -24.12953445]
scheduled_ues:  [ 0  3  7  8  9 10 11 13 14]
(1, 15, 1, 4, 1, 1)
caused INR: -9.36617919833915
TpsRandomic + IndividualEstimated_INR + -12.5
None
ls_gain_coeffs:
[-135.90541363 -116.36479148 -124.01778513 -123.93354319 -108.92086738
 -101.59930122 -122.29293661 -139.56759253 -117.61563275 -126.34264371
 -140.25107421 -124.83357219 -134.10837282 -130.25991064 -126.49148807]
inrs_hat:  [-24.91571359  -5.37509144 -13.02808509 -12.94384315   2.06883266
   9.39039882 -11.30323656 -28.57789249  -6.62593271 -15.35294366
 -29.26137417 -13.84387215 -23.11867277 -19.27021059 -15.50178803]
scheduled_ues:  [ 0  2  3  7  9 10 11 12 13 14]
(1, 15, 1, 4, 1, 1)
caused INR: -8.240208288835788
TpsRandomic + IndividualEstimated_INR + -15.0
None
ls_gain_coeffs:
[-146.9991819  -116.36479148 -124.01778513 -123.93354319 -111.60314992
 -107.11268162 -118.79165812 -144.18101603 -125.24895701 -138.97509685
 -130.76201462 -131.50661249 -126.1303589  -122.24459891 -143.15973511]
inrs_hat:  [-36.00948186  -5.37509144 -13.02808509 -12.94384315  -0.61344987
   3.87701843  -7.80195807 -33.19131598 -14.25925697 -27.9853968
 -19.77231457 -20.51691245 -15.14065886 -11.25489886 -32.17003506]
scheduled_ues:  [ 0  7  9 10 11 12 14]
(1, 15, 1, 4, 1, 1)
caused INR: -21.568504831820903
TpsRandomic + CumulativeIndividualEstimated_INR + -10.0
None
(1, 15, 1, 4, 1, 1)
caused INR: -12.010995681002257
TpsRandomic + CumulativeIndividualEstimated_INR + -12.5
None
(1, 15, 1, 4, 1, 1)
caused INR: -13.968272063530376
TpsRandomic + CumulativeIndividualEstimated_INR + -15.0
None
(1, 15, 1, 4, 1, 1)
caused INR: -27.722539817526652
Iteration number 55
TpsAltruisticFromLsfGain + IndividualEstimated_INR + -10.0
None
ls_gain_coeffs:
[-129.89398167 -137.30988326 -143.70227151 -135.7401733  -136.86116566
 -134.14419344 -129.55971973 -140.94679234 -126.80271084 -143.16781427
 -149.51594885 -132.60146217 -139.39448601 -132.82387088 -134.71792159]
inrs_hat:  [-18.90428162 -26.32018322 -32.71257147 -24.75047326 -25.87146562
 -23.1544934  -18.57001969 -29.9570923  -15.8130108  -32.17811422
 -38.5262488  -21.61176212 -28.40478596 -21.83417083 -23.72822154]
scheduled_ues:  [ 0  1  2  3  4  5  6  7  8  9 10 11 12 13 14]
(1, 15, 1, 4, 1, 1)
caused INR: -9.0833009965613
TpsAltruisticFromLsfGain + IndividualEstimated_INR + -12.5
None
ls_gain_coeffs:
[-129.89398167 -137.30988326 -143.70227151 -135.7401733  -136.86116566
 -134.14419344 -129.55971973 -140.94679234 -126.80271084 -143.16781427
 -149.51594885 -132.60146217 -139.39448601 -132.82387088 -134.71792159]
inrs_hat:  [-18.90428162 -26.32018322 -32.71257147 -24.75047326 -25.87146562
 -23.1544934  -18.57001969 -29.9570923  -15.8130108  -32.17811422
 -38.5262488  -21.61176212 -28.40478596 -21.83417083 -23.72822154]
scheduled_ues:  [ 0  1  2  3  4  5  6  7  8  9 10 11 12 13 14]
(1, 15, 1, 4, 1, 1)
caused INR: -9.0833009965613
TpsAltruisticFromLsfGain + IndividualEstimated_INR + -15.0
None
ls_gain_coeffs:
[-129.89398167 -137.30988326 -143.70227151 -135.7401733  -136.86116566
 -134.14419344 -129.55971973 -140.94679234 -126.80271084 -143.16781427
 -149.51594885 -132.60146217 -139.39448601 -132.82387088 -134.71792159]
inrs_hat:  [-18.90428162 -26.32018322 -32.71257147 -24.75047326 -25.87146562
 -23.1544934  -18.57001969 -29.9570923  -15.8130108  -32.17811422
 -38.5262488  -21.61176212 -28.40478596 -21.83417083 -23.72822154]
scheduled_ues:  [ 0  1  2  3  4  5  6  7  8  9 10 11 12 13 14]
(1, 15, 1, 4, 1, 1)
caused INR: -9.0833009965613
TpsAltruisticFromLsfGain + CumulativeIndividualEstimated_INR + -10.0
None
(1, 15, 1, 4, 1, 1)
caused INR: -9.0833009965613
TpsAltruisticFromLsfGain + CumulativeIndividualEstimated_INR + -12.5
None
(1, 15, 1, 4, 1, 1)
caused INR: -10.836794226018325
TpsAltruisticFromLsfGain + CumulativeIndividualEstimated_INR + -15.0
None
(1, 15, 1, 4, 1, 1)
caused INR: -14.814661825323158
TpsRandomic + IndividualEstimated_INR + -10.0
None
ls_gain_coeffs:
[-129.89398167 -137.30988326 -134.58621721 -135.44314921 -124.33643045
 -134.14419344 -117.97481282 -126.6335337  -113.26168124 -126.30513798
 -133.07817858 -116.32013175 -122.29917485 -132.82387088 -128.49721073]
inrs_hat:  [-18.90428162 -26.32018322 -23.59651717 -24.45344916 -13.34673041
 -23.1544934   -6.98511277 -15.64383366  -2.2719812  -15.31543794
 -22.08847854  -5.33043171 -11.30947481 -21.83417083 -17.50751068]
scheduled_ues:  [ 0  1  2  3  4  5  7  9 10 12 13 14]
(1, 15, 1, 4, 1, 1)
caused INR: -2.823312516018302
TpsRandomic + IndividualEstimated_INR + -12.5
None
ls_gain_coeffs:
[-129.89398167 -137.30988326 -126.80429202 -135.44314921 -124.33643045
 -128.83367626 -129.55971973 -140.94679234 -112.16225164 -126.30513798
 -133.07817858 -118.97913877 -129.51213234 -126.988402   -134.71792159]
inrs_hat:  [-18.90428162 -26.32018322 -15.81459198 -24.45344916 -13.34673041
 -17.84397622 -18.57001969 -29.9570923   -1.17255159 -15.31543794
 -22.08847854  -7.98943873 -18.5224323  -15.99870196 -23.72822154]
scheduled_ues:  [ 0  1  2  3  4  5  6  7  9 10 12 13 14]
(1, 15, 1, 4, 1, 1)
caused INR: -12.800086884793489
TpsRandomic + IndividualEstimated_INR + -15.0
None
ls_gain_coeffs:
[-121.29521137 -120.30715545 -126.80429202 -135.44314921 -124.25329524
 -118.16224865 -117.97481282 -134.92563412 -123.50442203 -133.91999583
 -136.49651467 -116.32013175 -129.51213234 -132.82387088 -118.12918101]
inrs_hat:  [-10.30551133  -9.31745541 -15.81459198 -24.45344916 -13.2635952
  -7.17254861  -6.98511277 -23.93593408 -12.51472199 -22.93029579
 -25.50681463  -5.33043171 -18.5224323  -21.83417083  -7.13948097]
scheduled_ues:  [ 2  3  7  9 10 12 13]
(1, 15, 1, 4, 1, 1)
caused INR: -13.108413007538601
TpsRandomic + CumulativeIndividualEstimated_INR + -10.0
None
(1, 15, 1, 4, 1, 1)
caused INR: -14.031730834957498
TpsRandomic + CumulativeIndividualEstimated_INR + -12.5
None
(1, 15, 1, 4, 1, 1)
caused INR: -14.121490652872556
TpsRandomic + CumulativeIndividualEstimated_INR + -15.0
None
(1, 15, 1, 4, 1, 1)
caused INR: -26.257357858589785
Iteration number 56
TpsAltruisticFromLsfGain + IndividualEstimated_INR + -10.0
None
ls_gain_coeffs:
[-130.6267831  -114.1902306  -137.26065352 -136.77272329 -127.70488635
 -135.24253517 -148.627986   -133.80630465 -131.32848279 -148.20805293
 -147.50481764 -118.41203631 -138.66423336 -120.47958609 -144.10369147]
inrs_hat:  [-19.63708306  -3.20053055 -26.27095348 -25.78302325 -16.71518631
 -24.25283513 -37.63828596 -22.8166046  -20.33878274 -37.21835289
 -36.5151176   -7.42233627 -27.67453332  -9.48988604 -33.11399143]
scheduled_ues:  [ 0  2  3  4  5  6  7  8  9 10 12 14]
(1, 15, 1, 4, 1, 1)
caused INR: -6.965623194673954
TpsAltruisticFromLsfGain + IndividualEstimated_INR + -12.5
None
ls_gain_coeffs:
[-130.6267831  -114.1902306  -137.26065352 -136.77272329 -127.70488635
 -135.24253517 -148.627986   -133.80630465 -131.32848279 -148.20805293
 -147.50481764 -118.41203631 -138.66423336 -120.47958609 -144.10369147]
inrs_hat:  [-19.63708306  -3.20053055 -26.27095348 -25.78302325 -16.71518631
 -24.25283513 -37.63828596 -22.8166046  -20.33878274 -37.21835289
 -36.5151176   -7.42233627 -27.67453332  -9.48988604 -33.11399143]
scheduled_ues:  [ 0  2  3  4  5  6  7  8  9 10 12 14]
(1, 15, 1, 4, 1, 1)
caused INR: -6.965623194673954
TpsAltruisticFromLsfGain + IndividualEstimated_INR + -15.0
None
ls_gain_coeffs:
[-130.6267831  -114.1902306  -137.26065352 -136.77272329 -127.70488635
 -135.24253517 -148.627986   -133.80630465 -131.32848279 -148.20805293
 -147.50481764 -118.41203631 -138.66423336 -120.47958609 -144.10369147]
inrs_hat:  [-19.63708306  -3.20053055 -26.27095348 -25.78302325 -16.71518631
 -24.25283513 -37.63828596 -22.8166046  -20.33878274 -37.21835289
 -36.5151176   -7.42233627 -27.67453332  -9.48988604 -33.11399143]
scheduled_ues:  [ 0  2  3  4  5  6  7  8  9 10 12 14]
(1, 15, 1, 4, 1, 1)
caused INR: -6.965623194673954
TpsAltruisticFromLsfGain + CumulativeIndividualEstimated_INR + -10.0
None
(1, 15, 1, 4, 1, 1)
caused INR: -6.965623194673954
TpsAltruisticFromLsfGain + CumulativeIndividualEstimated_INR + -12.5
None
(1, 15, 1, 4, 1, 1)
caused INR: -12.821310668590797
TpsAltruisticFromLsfGain + CumulativeIndividualEstimated_INR + -15.0
None
(1, 15, 1, 4, 1, 1)
caused INR: -17.370743843876262
TpsRandomic + IndividualEstimated_INR + -10.0
None
ls_gain_coeffs:
[-112.85059987 -114.1902306  -125.4911869  -136.77272329 -115.01312449
 -118.13585058 -140.86789626 -116.44666645 -131.32848279 -131.85065843
 -147.50481764 -103.56447912 -124.00806356 -117.82052946 -136.85967978]
inrs_hat:  [ -1.86089983  -3.20053055 -14.50148686 -25.78302325  -4.02342445
  -7.14615054 -29.87819622  -5.45696641 -20.33878274 -20.86095839
 -36.5151176    7.42522092 -13.01836351  -6.83082941 -25.86997973]
scheduled_ues:  [ 2  3  6  8  9 10 12 14]
(1, 15, 1, 4, 1, 1)
caused INR: -16.752777356015994
TpsRandomic + IndividualEstimated_INR + -12.5
None
ls_gain_coeffs:
[-112.85059987 -114.1902306  -137.26065352 -124.06630744 -117.3428708
 -135.24253517 -140.86789626 -116.44666645 -129.60588967 -134.92588997
 -147.50481764 -118.41203631 -138.66423336 -117.82052946 -130.84508856]
inrs_hat:  [ -1.86089983  -3.20053055 -26.27095348 -13.0766074   -6.35317075
 -24.25283513 -29.87819622  -5.45696641 -18.61618962 -23.93618992
 -36.5151176   -7.42233627 -27.67453332  -6.83082941 -19.85538851]
scheduled_ues:  [ 2  3  5  6  8  9 10 12 14]
(1, 15, 1, 4, 1, 1)
caused INR: -16.312636103708222
TpsRandomic + IndividualEstimated_INR + -15.0
None
ls_gain_coeffs:
[-117.81288626 -108.65726198 -120.08595337 -127.69159954 -115.01312449
 -135.24253517 -140.86789626 -125.38734107 -117.73848737 -148.20805293
 -147.50481764 -104.76745772 -138.66423336 -117.82052946 -136.85967978]
inrs_hat:  [ -6.82318622   2.33243806  -9.09625332 -16.7018995   -4.02342445
 -24.25283513 -29.87819622 -14.39764103  -6.74878733 -37.21835289
 -36.5151176    6.22224233 -27.67453332  -6.83082941 -25.86997973]
scheduled_ues:  [ 3  5  6  9 10 12 14]
(1, 15, 1, 4, 1, 1)
caused INR: -10.574959644716337
TpsRandomic + CumulativeIndividualEstimated_INR + -10.0
None
(1, 15, 1, 4, 1, 1)
caused INR: -7.787386594583903
TpsRandomic + CumulativeIndividualEstimated_INR + -12.5
None
(1, 15, 1, 4, 1, 1)
caused INR: -18.580834565132932
TpsRandomic + CumulativeIndividualEstimated_INR + -15.0
None
(1, 15, 1, 4, 1, 1)
caused INR: -13.197250260561528
Iteration number 57
TpsAltruisticFromLsfGain + IndividualEstimated_INR + -10.0
None
ls_gain_coeffs:
[-137.17523481 -153.32825907 -137.10096104 -126.94987082 -136.17447077
 -147.66461796 -150.04215145 -122.91979587 -149.11150825 -147.92085064
 -136.41681208 -137.06111861 -122.19160689 -134.32093996 -126.97936631]
inrs_hat:  [-26.18553476 -42.33855903 -26.111261   -15.96017078 -25.18477073
 -36.67491792 -39.05245141 -11.93009583 -38.12180821 -36.93115059
 -25.42711204 -26.07141856 -11.20190684 -23.33123992 -15.98966627]
scheduled_ues:  [ 0  1  2  3  4  5  6  7  8  9 10 11 12 13 14]
(1, 15, 1, 4, 1, 1)
caused INR: -7.406942108024892
TpsAltruisticFromLsfGain + IndividualEstimated_INR + -12.5
None
ls_gain_coeffs:
[-137.17523481 -153.32825907 -137.10096104 -126.94987082 -136.17447077
 -147.66461796 -150.04215145 -122.91979587 -149.11150825 -147.92085064
 -136.41681208 -137.06111861 -122.19160689 -134.32093996 -126.97936631]
inrs_hat:  [-26.18553476 -42.33855903 -26.111261   -15.96017078 -25.18477073
 -36.67491792 -39.05245141 -11.93009583 -38.12180821 -36.93115059
 -25.42711204 -26.07141856 -11.20190684 -23.33123992 -15.98966627]
scheduled_ues:  [ 0  1  2  3  4  5  6  8  9 10 11 13 14]
(1, 15, 1, 4, 1, 1)
caused INR: -20.65681373356487
TpsAltruisticFromLsfGain + IndividualEstimated_INR + -15.0
None
ls_gain_coeffs:
[-137.17523481 -153.32825907 -137.10096104 -126.94987082 -136.17447077
 -147.66461796 -150.04215145 -122.91979587 -149.11150825 -147.92085064
 -136.41681208 -137.06111861 -122.19160689 -134.32093996 -126.97936631]
inrs_hat:  [-26.18553476 -42.33855903 -26.111261   -15.96017078 -25.18477073
 -36.67491792 -39.05245141 -11.93009583 -38.12180821 -36.93115059
 -25.42711204 -26.07141856 -11.20190684 -23.33123992 -15.98966627]
scheduled_ues:  [ 0  1  2  3  4  5  6  8  9 10 11 13 14]
(1, 15, 1, 4, 1, 1)
caused INR: -20.65681373356487
TpsAltruisticFromLsfGain + CumulativeIndividualEstimated_INR + -10.0
None
(1, 15, 1, 4, 1, 1)
caused INR: -20.65681373356487
TpsAltruisticFromLsfGain + CumulativeIndividualEstimated_INR + -12.5
None
(1, 15, 1, 4, 1, 1)
caused INR: -22.48188875398935
TpsAltruisticFromLsfGain + CumulativeIndividualEstimated_INR + -15.0
None
(1, 15, 1, 4, 1, 1)
caused INR: -25.73449292142758
TpsRandomic + IndividualEstimated_INR + -10.0
None
ls_gain_coeffs:
[-135.96467547 -153.32825907 -120.13367079 -126.94987082 -119.86982255
 -140.67489586 -137.06739637 -122.91979587 -149.11150825 -140.07961502
 -136.41681208 -137.06111861 -114.79809978 -134.32093996 -126.97936631]
inrs_hat:  [-24.97497542 -42.33855903  -9.14397075 -15.96017078  -8.88012251
 -29.68519582 -26.07769632 -11.93009583 -38.12180821 -29.08991498
 -25.42711204 -26.07141856  -3.80839974 -23.33123992 -15.98966627]
scheduled_ues:  [ 0  1  3  5  6  7  8  9 10 11 13 14]
(1, 15, 1, 4, 1, 1)
caused INR: -7.982744018038705
TpsRandomic + IndividualEstimated_INR + -12.5
None
ls_gain_coeffs:
[-137.17523481 -141.45914953 -128.79589008 -126.94987082 -122.55542325
 -147.66461796 -142.5665871  -110.32704246 -139.23577325 -135.28270597
 -119.31593216 -120.53647931 -122.19160689 -121.9722152  -126.97936631]
inrs_hat:  [-26.18553476 -30.46944948 -17.80619003 -15.96017078 -11.56572321
 -36.67491792 -31.57688706   0.66265758 -28.2460732  -24.29300592
  -8.32623211  -9.54677927 -11.20190684 -10.98251516 -15.98966627]
scheduled_ues:  [ 0  1  2  3  5  6  8  9 14]
(1, 15, 1, 4, 1, 1)
caused INR: -17.187987813520426
TpsRandomic + IndividualEstimated_INR + -15.0
None
ls_gain_coeffs:
[-137.17523481 -136.60206563 -123.9130515  -112.25346652 -122.55542325
 -131.28955011 -137.06739637 -108.92052623 -139.23577325 -131.4603605
 -127.08064533 -122.87115028 -114.79809978 -116.86912552 -121.29986443]
inrs_hat:  [-26.18553476 -25.61236559 -12.92335146  -1.26376648 -11.56572321
 -20.29985007 -26.07769632   2.06917382 -28.2460732  -20.47066045
 -16.09094529 -11.88145023  -3.80839974  -5.87942548 -10.31016438]
scheduled_ues:  [ 0  1  5  6  8  9 10]
(1, 15, 1, 4, 1, 1)
caused INR: -34.152238844778104
TpsRandomic + CumulativeIndividualEstimated_INR + -10.0
None
(1, 15, 1, 4, 1, 1)
caused INR: -20.969746481657737
TpsRandomic + CumulativeIndividualEstimated_INR + -12.5
None
(1, 15, 1, 4, 1, 1)
caused INR: -18.214246478665935
TpsRandomic + CumulativeIndividualEstimated_INR + -15.0
None
(1, 15, 1, 4, 1, 1)
caused INR: -23.423917414151383
Iteration number 58
TpsAltruisticFromLsfGain + IndividualEstimated_INR + -10.0
None
ls_gain_coeffs:
[-134.61543242 -138.09943306 -136.56325089 -142.16560701 -151.17753214
 -143.14279485 -141.2815315  -134.14848119 -133.35607746 -144.28463034
 -140.85502021 -140.72926585 -140.17887969 -140.37059587 -127.42880438]
inrs_hat:  [-23.62573238 -27.10973302 -25.57355085 -31.17590697 -40.18783209
 -32.1530948  -30.29183145 -23.15878115 -22.36637741 -33.29493029
 -29.86532016 -29.73956581 -29.18917964 -29.38089583 -16.43910433]
scheduled_ues:  [ 0  1  2  3  4  5  6  7  8  9 10 11 12 13 14]
(1, 15, 1, 4, 1, 1)
caused INR: -18.67888845422685
TpsAltruisticFromLsfGain + IndividualEstimated_INR + -12.5
None
ls_gain_coeffs:
[-134.61543242 -138.09943306 -136.56325089 -142.16560701 -151.17753214
 -143.14279485 -141.2815315  -134.14848119 -133.35607746 -144.28463034
 -140.85502021 -140.72926585 -140.17887969 -140.37059587 -127.42880438]
inrs_hat:  [-23.62573238 -27.10973302 -25.57355085 -31.17590697 -40.18783209
 -32.1530948  -30.29183145 -23.15878115 -22.36637741 -33.29493029
 -29.86532016 -29.73956581 -29.18917964 -29.38089583 -16.43910433]
scheduled_ues:  [ 0  1  2  3  4  5  6  7  8  9 10 11 12 13 14]
(1, 15, 1, 4, 1, 1)
caused INR: -18.67888845422685
TpsAltruisticFromLsfGain + IndividualEstimated_INR + -15.0
None
ls_gain_coeffs:
[-134.61543242 -138.09943306 -136.56325089 -142.16560701 -151.17753214
 -143.14279485 -141.2815315  -134.14848119 -133.35607746 -144.28463034
 -140.85502021 -140.72926585 -140.17887969 -140.37059587 -127.42880438]
inrs_hat:  [-23.62573238 -27.10973302 -25.57355085 -31.17590697 -40.18783209
 -32.1530948  -30.29183145 -23.15878115 -22.36637741 -33.29493029
 -29.86532016 -29.73956581 -29.18917964 -29.38089583 -16.43910433]
scheduled_ues:  [ 0  1  2  3  4  5  6  7  8  9 10 11 12 13 14]
(1, 15, 1, 4, 1, 1)
caused INR: -18.67888845422685
TpsAltruisticFromLsfGain + CumulativeIndividualEstimated_INR + -10.0
None
(1, 15, 1, 4, 1, 1)
caused INR: -18.67888845422685
TpsAltruisticFromLsfGain + CumulativeIndividualEstimated_INR + -12.5
None
(1, 15, 1, 4, 1, 1)
caused INR: -18.67888845422685
TpsAltruisticFromLsfGain + CumulativeIndividualEstimated_INR + -15.0
None
(1, 15, 1, 4, 1, 1)
caused INR: -13.057485753141705
TpsRandomic + IndividualEstimated_INR + -10.0
None
ls_gain_coeffs:
[-120.41665192 -125.10225823 -123.95405593 -142.16560701 -139.84415204
 -126.23447168 -124.2802506  -131.68777117 -133.35607746 -134.45915982
 -126.30523282 -124.57038709 -126.85527109 -139.86560351 -108.75561703]
inrs_hat:  [ -9.42695188 -14.11255818 -12.96435589 -31.17590697 -28.854452
 -15.24477163 -13.29055056 -20.69807113 -22.36637741 -23.46945978
 -15.31553278 -13.58068705 -15.86557105 -28.87590346   2.23408301]
scheduled_ues:  [ 1  2  3  4  5  6  7  8  9 10 11 12 13]
(1, 15, 1, 4, 1, 1)
caused INR: -9.003923250388272
TpsRandomic + IndividualEstimated_INR + -12.5
None
ls_gain_coeffs:
[-117.03475152 -125.38004564 -123.95405593 -125.11375549 -141.58382063
 -132.24744336 -131.08132559 -120.06640784 -117.0859362  -134.45915982
 -140.85502021 -135.1088161  -140.17887969 -127.59233429 -127.42880438]
inrs_hat:  [ -6.04505148 -14.3903456  -12.96435589 -14.12405544 -30.59412059
 -21.25774331 -20.09162554  -9.0767078   -6.09623616 -23.46945978
 -29.86532016 -24.11911605 -29.18917964 -16.60263425 -16.43910433]
scheduled_ues:  [ 1  2  3  4  5  6  9 10 11 12 13 14]
(1, 15, 1, 4, 1, 1)
caused INR: -12.93564946015843
TpsRandomic + IndividualEstimated_INR + -15.0
None
ls_gain_coeffs:
[-126.09445112 -138.09943306 -123.95405593 -131.98917494 -139.84415204
 -143.14279485 -141.2815315  -120.88664452 -127.11720269 -133.01657247
 -127.35932651 -124.57038709 -137.53285391 -127.76066508 -112.38970062]
inrs_hat:  [-15.10475107 -27.10973302 -12.96435589 -20.9994749  -28.854452
 -32.1530948  -30.29183145  -9.89694447 -16.12750265 -22.02687242
 -16.36962647 -13.58068705 -26.54315387 -16.77096504  -1.40000058]
scheduled_ues:  [ 0  1  3  4  5  6  8  9 10 12 13]
(1, 15, 1, 4, 1, 1)
caused INR: -12.200975595258663
TpsRandomic + CumulativeIndividualEstimated_INR + -10.0
None
(1, 15, 1, 4, 1, 1)
caused INR: -10.719929253140714
TpsRandomic + CumulativeIndividualEstimated_INR + -12.5
None
(1, 15, 1, 4, 1, 1)
caused INR: -15.361876566967961
TpsRandomic + CumulativeIndividualEstimated_INR + -15.0
None
(1, 15, 1, 4, 1, 1)
caused INR: -12.618784390806105
Iteration number 59
TpsAltruisticFromLsfGain + IndividualEstimated_INR + -10.0
None
ls_gain_coeffs:
[-139.98160045 -149.10139812 -134.12755382 -143.91999277 -132.56023091
 -127.55035966 -138.67569048 -150.38114996 -129.88441836 -142.55135994
 -143.94857568 -127.22728021 -130.78352352 -144.64343084 -133.55518842]
inrs_hat:  [-28.9919004  -38.11169807 -23.13785378 -32.93029272 -21.57053087
 -16.56065962 -27.68599043 -39.39144991 -18.89471831 -31.5616599
 -32.95887563 -16.23758016 -19.79382347 -33.6537308  -22.56548838]
scheduled_ues:  [ 0  1  2  3  4  5  6  7  8  9 10 11 12 13 14]
(1, 15, 1, 4, 1, 1)
caused INR: -13.98171312591218
TpsAltruisticFromLsfGain + IndividualEstimated_INR + -12.5
None
ls_gain_coeffs:
[-139.98160045 -149.10139812 -134.12755382 -143.91999277 -132.56023091
 -127.55035966 -138.67569048 -150.38114996 -129.88441836 -142.55135994
 -143.94857568 -127.22728021 -130.78352352 -144.64343084 -133.55518842]
inrs_hat:  [-28.9919004  -38.11169807 -23.13785378 -32.93029272 -21.57053087
 -16.56065962 -27.68599043 -39.39144991 -18.89471831 -31.5616599
 -32.95887563 -16.23758016 -19.79382347 -33.6537308  -22.56548838]
scheduled_ues:  [ 0  1  2  3  4  5  6  7  8  9 10 11 12 13 14]
(1, 15, 1, 4, 1, 1)
caused INR: -13.98171312591218
TpsAltruisticFromLsfGain + IndividualEstimated_INR + -15.0
None
ls_gain_coeffs:
[-139.98160045 -149.10139812 -134.12755382 -143.91999277 -132.56023091
 -127.55035966 -138.67569048 -150.38114996 -129.88441836 -142.55135994
 -143.94857568 -127.22728021 -130.78352352 -144.64343084 -133.55518842]
inrs_hat:  [-28.9919004  -38.11169807 -23.13785378 -32.93029272 -21.57053087
 -16.56065962 -27.68599043 -39.39144991 -18.89471831 -31.5616599
 -32.95887563 -16.23758016 -19.79382347 -33.6537308  -22.56548838]
scheduled_ues:  [ 0  1  2  3  4  5  6  7  8  9 10 11 12 13 14]
(1, 15, 1, 4, 1, 1)
caused INR: -13.98171312591218
TpsAltruisticFromLsfGain + CumulativeIndividualEstimated_INR + -10.0
None
(1, 15, 1, 4, 1, 1)
caused INR: -13.98171312591218
TpsAltruisticFromLsfGain + CumulativeIndividualEstimated_INR + -12.5
None
(1, 15, 1, 4, 1, 1)
caused INR: -24.954048131694734
TpsAltruisticFromLsfGain + CumulativeIndividualEstimated_INR + -15.0
None
(1, 15, 1, 4, 1, 1)
caused INR: -22.91095519321791
TpsRandomic + IndividualEstimated_INR + -10.0
None
ls_gain_coeffs:
[-139.98160045 -135.53371387 -127.56154191 -130.13997069 -132.56023091
 -127.55035966 -123.82290194 -141.93026581 -117.12758303 -128.86561614
 -143.94857568 -108.26009466 -130.78352352 -135.49437917 -133.55518842]
inrs_hat:  [-28.9919004  -24.54401383 -16.57184187 -19.15027065 -21.57053087
 -16.56065962 -12.8332019  -30.94056576  -6.13788299 -17.87591609
 -32.95887563   2.72960539 -19.79382347 -24.50467913 -22.56548838]
scheduled_ues:  [ 0  1  2  3  4  5  6  7  9 10 12 13 14]
(1, 15, 1, 4, 1, 1)
caused INR: -3.835639352127964
TpsRandomic + IndividualEstimated_INR + -12.5
None
ls_gain_coeffs:
[-124.52045518 -147.41227175 -120.45598505 -141.91235966 -124.18105537
 -108.85501378 -138.67569048 -150.38114996 -117.12758303 -142.55135994
 -129.10018079 -113.30894823 -130.78352352 -144.64343084 -121.14986461]
inrs_hat:  [-13.53075513 -36.4225717   -9.466285   -30.92265961 -13.19135533
   2.13468627 -27.68599043 -39.39144991  -6.13788299 -31.5616599
 -18.11048075  -2.31924818 -19.79382347 -33.6537308  -10.16016457]
scheduled_ues:  [ 0  1  3  4  6  7  9 10 12 13]
(1, 15, 1, 4, 1, 1)
caused INR: -15.371064098680671
TpsRandomic + IndividualEstimated_INR + -15.0
None
ls_gain_coeffs:
[-124.52045518 -147.41227175 -134.12755382 -143.91999277 -124.18105537
 -108.85501378 -135.05890768 -150.38114996 -128.93871239 -127.62147233
 -143.94857568 -115.65284108 -130.78352352 -144.64343084 -116.11120404]
inrs_hat:  [-13.53075513 -36.4225717  -23.13785378 -32.93029272 -13.19135533
   2.13468627 -24.06920763 -39.39144991 -17.94901235 -16.63177229
 -32.95887563  -4.66314104 -19.79382347 -33.6537308   -5.121504  ]
scheduled_ues:  [ 1  2  3  6  7  8  9 10 12 13]
(1, 15, 1, 4, 1, 1)
caused INR: -14.298190690348827
TpsRandomic + CumulativeIndividualEstimated_INR + -10.0
None
(1, 15, 1, 4, 1, 1)
caused INR: -16.26523663179207
TpsRandomic + CumulativeIndividualEstimated_INR + -12.5
None
(1, 15, 1, 4, 1, 1)
caused INR: -12.22927404791146
TpsRandomic + CumulativeIndividualEstimated_INR + -15.0
None
(1, 15, 1, 4, 1, 1)
caused INR: -13.811545775936292
Iteration number 60
TpsAltruisticFromLsfGain + IndividualEstimated_INR + -10.0
None
ls_gain_coeffs:
[-144.05683919 -138.77279764 -146.64702396 -130.65982471 -144.17775775
 -140.46935394 -131.00141741 -129.80666736 -141.03501442 -128.6372122
 -122.54400611 -152.92604675 -131.83338688 -148.76749752 -124.53892438]
inrs_hat:  [-33.06713915 -27.7830976  -35.65732391 -19.67012466 -33.18805771
 -29.4796539  -20.01171737 -18.81696732 -30.04531438 -17.64751216
 -11.55430607 -41.9363467  -20.84368684 -37.77779747 -13.54922434]
scheduled_ues:  [ 0  1  2  3  4  5  6  7  8  9 10 11 12 13 14]
(1, 15, 1, 4, 1, 1)
caused INR: -4.6773961349692215
TpsAltruisticFromLsfGain + IndividualEstimated_INR + -12.5
None
ls_gain_coeffs:
[-144.05683919 -138.77279764 -146.64702396 -130.65982471 -144.17775775
 -140.46935394 -131.00141741 -129.80666736 -141.03501442 -128.6372122
 -122.54400611 -152.92604675 -131.83338688 -148.76749752 -124.53892438]
inrs_hat:  [-33.06713915 -27.7830976  -35.65732391 -19.67012466 -33.18805771
 -29.4796539  -20.01171737 -18.81696732 -30.04531438 -17.64751216
 -11.55430607 -41.9363467  -20.84368684 -37.77779747 -13.54922434]
scheduled_ues:  [ 0  1  2  3  4  5  6  7  8  9 11 12 13 14]
(1, 15, 1, 4, 1, 1)
caused INR: -10.64996132640384
TpsAltruisticFromLsfGain + IndividualEstimated_INR + -15.0
None
ls_gain_coeffs:
[-144.05683919 -138.77279764 -146.64702396 -130.65982471 -144.17775775
 -140.46935394 -131.00141741 -129.80666736 -141.03501442 -128.6372122
 -122.54400611 -152.92604675 -131.83338688 -148.76749752 -124.53892438]
inrs_hat:  [-33.06713915 -27.7830976  -35.65732391 -19.67012466 -33.18805771
 -29.4796539  -20.01171737 -18.81696732 -30.04531438 -17.64751216
 -11.55430607 -41.9363467  -20.84368684 -37.77779747 -13.54922434]
scheduled_ues:  [ 0  1  2  3  4  5  6  7  8  9 11 12 13]
(1, 15, 1, 4, 1, 1)
caused INR: -18.725231095487345
TpsAltruisticFromLsfGain + CumulativeIndividualEstimated_INR + -10.0
None
(1, 15, 1, 4, 1, 1)
caused INR: -18.725231095487345
TpsAltruisticFromLsfGain + CumulativeIndividualEstimated_INR + -12.5
None
(1, 15, 1, 4, 1, 1)
caused INR: -15.61775944672478
TpsAltruisticFromLsfGain + CumulativeIndividualEstimated_INR + -15.0
None
(1, 15, 1, 4, 1, 1)
caused INR: -17.373409165757693
TpsRandomic + IndividualEstimated_INR + -10.0
None
ls_gain_coeffs:
[-127.25731916 -121.65102155 -138.6765262  -120.54282601 -140.22809026
 -125.88437066 -131.00141741 -129.80666736 -139.07343886 -115.00293197
 -112.54772971 -136.42124541 -115.20694737 -141.964361   -111.22642756]
inrs_hat:  [-16.26761912 -10.66132151 -27.68682616  -9.55312597 -29.23839022
 -14.89467061 -20.01171737 -18.81696732 -28.08373882  -4.01323193
  -1.55802967 -25.43154537  -4.21724732 -30.97466095  -0.23672752]
scheduled_ues:  [ 0  1  2  4  5  6  7  8 11 13]
(1, 15, 1, 4, 1, 1)
caused INR: -3.656250052845626
TpsRandomic + IndividualEstimated_INR + -12.5
None
ls_gain_coeffs:
[-144.05683919 -138.77279764 -130.03755044 -130.65982471 -144.17775775
 -125.88437066 -113.08529924 -128.88556054 -127.9395559  -116.58170727
 -112.54772971 -145.10978714 -115.20694737 -148.76749752 -113.67089219]
inrs_hat:  [-33.06713915 -27.7830976  -19.0478504  -19.67012466 -33.18805771
 -14.89467061  -2.0955992  -17.89586049 -16.94985586  -5.59200723
  -1.55802967 -34.1200871   -4.21724732 -37.77779747  -2.68119214]
scheduled_ues:  [ 0  1  2  3  4  5  7  8 11 13]
(1, 15, 1, 4, 1, 1)
caused INR: -13.627110602644649
TpsRandomic + IndividualEstimated_INR + -15.0
None
ls_gain_coeffs:
[-131.58883692 -129.06252443 -133.84017468 -130.65982471 -140.22809026
 -126.9560623  -117.89936223 -117.05803175 -139.07343886 -128.6372122
 -110.22377307 -136.42124541 -118.99658611 -141.964361   -124.53892438]
inrs_hat:  [-20.59913687 -18.07282439 -22.85047464 -19.67012466 -29.23839022
 -15.96636226  -6.90966218  -6.06833171 -28.08373882 -17.64751216
   0.76592697 -25.43154537  -8.00688607 -30.97466095 -13.54922434]
scheduled_ues:  [ 0  1  2  3  4  5  8  9 11 13]
(1, 15, 1, 4, 1, 1)
caused INR: -24.54211094615853
TpsRandomic + CumulativeIndividualEstimated_INR + -10.0
None
(1, 15, 1, 4, 1, 1)
caused INR: -9.576302340148123
TpsRandomic + CumulativeIndividualEstimated_INR + -12.5
None
(1, 15, 1, 4, 1, 1)
caused INR: -27.781442128781784
TpsRandomic + CumulativeIndividualEstimated_INR + -15.0
None
(1, 15, 1, 4, 1, 1)
caused INR: -16.670395030934138
Iteration number 61
TpsAltruisticFromLsfGain + IndividualEstimated_INR + -10.0
None
ls_gain_coeffs:
[-142.91549231 -123.03911552 -129.06395954 -141.69095553 -127.56355486
 -147.91278201 -142.22538637 -151.53296704 -129.7258459  -150.28583574
 -144.75034245 -148.77353758 -135.92891565 -125.68896486 -136.23159006]
inrs_hat:  [-31.92579227 -12.04941547 -18.07425949 -30.70125548 -16.57385482
 -36.92308197 -31.23568633 -40.543267   -18.73614586 -39.2961357
 -33.7606424  -37.78383754 -24.93921561 -14.69926481 -25.24189002]
scheduled_ues:  [ 0  1  2  3  4  5  6  7  8  9 10 11 12 13 14]
(1, 15, 1, 4, 1, 1)
caused INR: -5.078086235277684
TpsAltruisticFromLsfGain + IndividualEstimated_INR + -12.5
None
ls_gain_coeffs:
[-142.91549231 -123.03911552 -129.06395954 -141.69095553 -127.56355486
 -147.91278201 -142.22538637 -151.53296704 -129.7258459  -150.28583574
 -144.75034245 -148.77353758 -135.92891565 -125.68896486 -136.23159006]
inrs_hat:  [-31.92579227 -12.04941547 -18.07425949 -30.70125548 -16.57385482
 -36.92308197 -31.23568633 -40.543267   -18.73614586 -39.2961357
 -33.7606424  -37.78383754 -24.93921561 -14.69926481 -25.24189002]
scheduled_ues:  [ 0  2  3  4  5  6  7  8  9 10 11 12 13 14]
(1, 15, 1, 4, 1, 1)
caused INR: -21.61693413159794
TpsAltruisticFromLsfGain + IndividualEstimated_INR + -15.0
None
ls_gain_coeffs:
[-142.91549231 -123.03911552 -129.06395954 -141.69095553 -127.56355486
 -147.91278201 -142.22538637 -151.53296704 -129.7258459  -150.28583574
 -144.75034245 -148.77353758 -135.92891565 -125.68896486 -136.23159006]
inrs_hat:  [-31.92579227 -12.04941547 -18.07425949 -30.70125548 -16.57385482
 -36.92308197 -31.23568633 -40.543267   -18.73614586 -39.2961357
 -33.7606424  -37.78383754 -24.93921561 -14.69926481 -25.24189002]
scheduled_ues:  [ 0  2  3  4  5  6  7  8  9 10 11 12 14]
(1, 15, 1, 4, 1, 1)
caused INR: -15.848611926743004
TpsAltruisticFromLsfGain + CumulativeIndividualEstimated_INR + -10.0
None
(1, 15, 1, 4, 1, 1)
caused INR: -21.61693413159794
TpsAltruisticFromLsfGain + CumulativeIndividualEstimated_INR + -12.5
None
(1, 15, 1, 4, 1, 1)
caused INR: -30.323253653667003
TpsAltruisticFromLsfGain + CumulativeIndividualEstimated_INR + -15.0
None
(1, 15, 1, 4, 1, 1)
caused INR: -19.12276222594646
TpsRandomic + IndividualEstimated_INR + -10.0
None
ls_gain_coeffs:
[-140.43397397 -109.19579033 -119.81943678 -141.69095553 -110.55454441
 -131.09838495 -133.45481069 -144.6181151  -129.7258459  -144.88992067
 -131.46983562 -148.77353758 -130.16250084 -125.68896486 -123.31336438]
inrs_hat:  [-29.44427393   1.79390971  -8.82973674 -30.70125548   0.43515563
 -20.1086849  -22.46511064 -33.62841506 -18.73614586 -33.90022063
 -20.48013558 -37.78383754 -19.17280079 -14.69926481 -12.32366434]
scheduled_ues:  [ 0  3  5  6  7  8  9 10 11 12 13 14]
(1, 15, 1, 4, 1, 1)
caused INR: -7.426415663299695
TpsRandomic + IndividualEstimated_INR + -12.5
None
ls_gain_coeffs:
[-128.81954675 -118.83393997 -129.06395954 -130.42216277 -127.56355486
 -131.09838495 -133.45481069 -151.53296704 -123.89793311 -134.33013208
 -137.43359218 -148.77353758 -119.64303911 -110.2617343  -136.23159006]
inrs_hat:  [-17.82984671  -7.84423993 -18.07425949 -19.43246273 -16.57385482
 -20.1086849  -22.46511064 -40.543267   -12.90823307 -23.34043204
 -26.44389214 -37.78383754  -8.65333907   0.72796575 -25.24189002]
scheduled_ues:  [ 0  2  3  4  5  6  7  8  9 10 11 14]
(1, 15, 1, 4, 1, 1)
caused INR: -8.586849996913461
TpsRandomic + IndividualEstimated_INR + -15.0
None
ls_gain_coeffs:
[-129.64671953 -123.03911552 -129.06395954 -124.73802604 -118.02224992
 -147.91278201 -142.22538637 -151.53296704 -129.7258459  -136.2119435
 -128.2309139  -132.63039693 -119.64303911 -110.2617343  -123.31336438]
inrs_hat:  [-18.65701949 -12.04941547 -18.07425949 -13.748326    -7.03254988
 -36.92308197 -31.23568633 -40.543267   -18.73614586 -25.22224346
 -17.24121386 -21.64069688  -8.65333907   0.72796575 -12.32366434]
scheduled_ues:  [ 0  2  5  6  7  8  9 10 11]
(1, 15, 1, 4, 1, 1)
caused INR: -12.966479578630302
TpsRandomic + CumulativeIndividualEstimated_INR + -10.0
None
(1, 15, 1, 4, 1, 1)
caused INR: -19.793854887583144
TpsRandomic + CumulativeIndividualEstimated_INR + -12.5
None
(1, 15, 1, 4, 1, 1)
caused INR: -17.243171579146914
TpsRandomic + CumulativeIndividualEstimated_INR + -15.0
None
(1, 15, 1, 4, 1, 1)
caused INR: -14.4802389500483
Iteration number 62
TpsAltruisticFromLsfGain + IndividualEstimated_INR + -10.0
None
ls_gain_coeffs:
[-142.18453072 -135.46701035 -143.42411057 -149.38974622 -111.54489174
 -126.28925942 -142.43764282 -131.79913597 -132.70020708 -110.62917981
 -127.71638178 -143.06405807 -115.23518211 -152.1624788  -132.36267976]
inrs_hat:  [-31.19483068 -24.4773103  -32.43441053 -38.40004618  -0.5551917
 -15.29955938 -31.44794277 -20.80943593 -21.71050703   0.36052023
 -16.72668173 -32.07435803  -4.24548207 -41.17277876 -21.37297972]
scheduled_ues:  [ 0  1  2  3  5  6  7  8 10 11 13 14]
(1, 15, 1, 4, 1, 1)
caused INR: -10.531772318299954
TpsAltruisticFromLsfGain + IndividualEstimated_INR + -12.5
None
ls_gain_coeffs:
[-142.18453072 -135.46701035 -143.42411057 -149.38974622 -111.54489174
 -126.28925942 -142.43764282 -131.79913597 -132.70020708 -110.62917981
 -127.71638178 -143.06405807 -115.23518211 -152.1624788  -132.36267976]
inrs_hat:  [-31.19483068 -24.4773103  -32.43441053 -38.40004618  -0.5551917
 -15.29955938 -31.44794277 -20.80943593 -21.71050703   0.36052023
 -16.72668173 -32.07435803  -4.24548207 -41.17277876 -21.37297972]
scheduled_ues:  [ 0  1  2  3  5  6  7  8 10 11 13 14]
(1, 15, 1, 4, 1, 1)
caused INR: -10.531772318299954
TpsAltruisticFromLsfGain + IndividualEstimated_INR + -15.0
None
ls_gain_coeffs:
[-142.18453072 -135.46701035 -143.42411057 -149.38974622 -111.54489174
 -126.28925942 -142.43764282 -131.79913597 -132.70020708 -110.62917981
 -127.71638178 -143.06405807 -115.23518211 -152.1624788  -132.36267976]
inrs_hat:  [-31.19483068 -24.4773103  -32.43441053 -38.40004618  -0.5551917
 -15.29955938 -31.44794277 -20.80943593 -21.71050703   0.36052023
 -16.72668173 -32.07435803  -4.24548207 -41.17277876 -21.37297972]
scheduled_ues:  [ 0  1  2  3  5  6  7  8 10 11 13 14]
(1, 15, 1, 4, 1, 1)
caused INR: -10.531772318299954
TpsAltruisticFromLsfGain + CumulativeIndividualEstimated_INR + -10.0
None
(1, 15, 1, 4, 1, 1)
caused INR: -10.531772318299954
TpsAltruisticFromLsfGain + CumulativeIndividualEstimated_INR + -12.5
None
(1, 15, 1, 4, 1, 1)
caused INR: -15.99781453291531
TpsAltruisticFromLsfGain + CumulativeIndividualEstimated_INR + -15.0
None
(1, 15, 1, 4, 1, 1)
caused INR: -21.3842295663561
TpsRandomic + IndividualEstimated_INR + -10.0
None
ls_gain_coeffs:
[-129.55643894 -135.46701035 -143.42411057 -136.51118517  -93.0190685
 -117.80051229 -125.48284432 -116.47224685 -132.70020708 -103.14858726
 -114.92409332 -143.06405807  -96.37736011 -143.73017322 -115.11811844]
inrs_hat:  [-18.5667389  -24.4773103  -32.43441053 -25.52148512  17.97063154
  -6.81081224 -14.49314428  -5.4825468  -21.71050703   7.84111278
  -3.93439328 -32.07435803  14.61233994 -32.74047318  -4.1284184 ]
scheduled_ues:  [ 0  1  2  3  6  8 11 13]
(1, 15, 1, 4, 1, 1)
caused INR: -7.021930117576158
TpsRandomic + IndividualEstimated_INR + -12.5
None
ls_gain_coeffs:
[-141.62505539 -135.46701035 -129.30519011 -136.51118517  -96.06118012
 -109.13243428 -130.59163454 -131.79913597 -132.70020708 -103.14858726
 -127.71638178 -126.56445155 -103.63348204 -135.56558742 -132.36267976]
inrs_hat:  [-30.63535535 -24.4773103  -18.31549007 -25.52148512  14.92851992
   1.85726576 -19.6019345  -20.80943593 -21.71050703   7.84111278
 -16.72668173 -15.57475151   7.35621801 -24.57588737 -21.37297972]
scheduled_ues:  [ 0  1  2  3  6  7  8 10 11 13 14]
(1, 15, 1, 4, 1, 1)
caused INR: -9.928386517702986
TpsRandomic + IndividualEstimated_INR + -15.0
None
ls_gain_coeffs:
[-141.62505539 -125.61323621 -138.39214919 -136.51118517  -93.0190685
 -126.28925942 -132.81565411 -117.91489141 -115.32158094  -93.20051811
 -110.54217697 -136.04355236 -103.63348204 -139.84260161 -115.11811844]
inrs_hat:  [-30.63535535 -14.62353616 -27.40244915 -25.52148512  17.97063154
 -15.29955938 -21.82595406  -6.92519137  -4.3318809   17.78918193
   0.44752307 -25.05385231   7.35621801 -28.85290157  -4.1284184 ]
scheduled_ues:  [ 0  2  3  5  6 11 13]
(1, 15, 1, 4, 1, 1)
caused INR: -11.434924420995742
TpsRandomic + CumulativeIndividualEstimated_INR + -10.0
None
(1, 15, 1, 4, 1, 1)
caused INR: -21.184515396651665
TpsRandomic + CumulativeIndividualEstimated_INR + -12.5
None
(1, 15, 1, 4, 1, 1)
caused INR: -10.053660965212215
TpsRandomic + CumulativeIndividualEstimated_INR + -15.0
None
(1, 15, 1, 4, 1, 1)
caused INR: -22.033027952009903
Iteration number 63
TpsAltruisticFromLsfGain + IndividualEstimated_INR + -10.0
None
ls_gain_coeffs:
[-121.78305474 -143.36377003 -139.38375743 -130.94597426 -138.13638328
 -143.73675803 -135.89057092 -140.799263   -142.36601926 -131.63027699
 -146.56884214 -138.62448969 -143.55040064 -135.99194462 -139.806682  ]
inrs_hat:  [-10.7933547  -32.37406999 -28.39405738 -19.95627422 -27.14668324
 -32.74705798 -24.90087088 -29.80956295 -31.37631922 -20.64057695
 -35.5791421  -27.63478965 -32.5607006  -25.00224458 -28.81698195]
scheduled_ues:  [ 0  1  2  3  4  5  6  7  8  9 10 11 12 13 14]
(1, 15, 1, 4, 1, 1)
caused INR: -14.02405488052173
TpsAltruisticFromLsfGain + IndividualEstimated_INR + -12.5
None
ls_gain_coeffs:
[-121.78305474 -143.36377003 -139.38375743 -130.94597426 -138.13638328
 -143.73675803 -135.89057092 -140.799263   -142.36601926 -131.63027699
 -146.56884214 -138.62448969 -143.55040064 -135.99194462 -139.806682  ]
inrs_hat:  [-10.7933547  -32.37406999 -28.39405738 -19.95627422 -27.14668324
 -32.74705798 -24.90087088 -29.80956295 -31.37631922 -20.64057695
 -35.5791421  -27.63478965 -32.5607006  -25.00224458 -28.81698195]
scheduled_ues:  [ 1  2  3  4  5  6  7  8  9 10 11 12 13 14]
(1, 15, 1, 4, 1, 1)
caused INR: -23.783548127200476
TpsAltruisticFromLsfGain + IndividualEstimated_INR + -15.0
None
ls_gain_coeffs:
[-121.78305474 -143.36377003 -139.38375743 -130.94597426 -138.13638328
 -143.73675803 -135.89057092 -140.799263   -142.36601926 -131.63027699
 -146.56884214 -138.62448969 -143.55040064 -135.99194462 -139.806682  ]
inrs_hat:  [-10.7933547  -32.37406999 -28.39405738 -19.95627422 -27.14668324
 -32.74705798 -24.90087088 -29.80956295 -31.37631922 -20.64057695
 -35.5791421  -27.63478965 -32.5607006  -25.00224458 -28.81698195]
scheduled_ues:  [ 1  2  3  4  5  6  7  8  9 10 11 12 13 14]
(1, 15, 1, 4, 1, 1)
caused INR: -23.783548127200476
TpsAltruisticFromLsfGain + CumulativeIndividualEstimated_INR + -10.0
None
(1, 15, 1, 4, 1, 1)
caused INR: -23.783548127200476
TpsAltruisticFromLsfGain + CumulativeIndividualEstimated_INR + -12.5
None
(1, 15, 1, 4, 1, 1)
caused INR: -23.783548127200476
TpsAltruisticFromLsfGain + CumulativeIndividualEstimated_INR + -15.0
None
(1, 15, 1, 4, 1, 1)
caused INR: -21.037526659091277
TpsRandomic + IndividualEstimated_INR + -10.0
None
ls_gain_coeffs:
[-121.78305474 -135.9051788  -132.64589511 -119.92978928 -124.5410547
 -130.15744682 -135.89057092 -128.78105696 -140.82697237 -119.93410526
 -135.2369537  -121.6761359  -143.55040064 -119.2080153  -123.92972484]
inrs_hat:  [-10.7933547  -24.91547875 -21.65619506  -8.94008924 -13.55135465
 -19.16774678 -24.90087088 -17.79135692 -29.83727233  -8.94440522
 -24.24725366 -10.68643586 -32.5607006   -8.21831525 -12.9400248 ]
scheduled_ues:  [ 0  1  2  4  5  6  7  8 10 11 12 14]
(1, 15, 1, 4, 1, 1)
caused INR: -5.269942224253578
TpsRandomic + IndividualEstimated_INR + -12.5
None
ls_gain_coeffs:
[-107.09431369 -135.9051788  -132.64589511 -130.94597426 -121.82485563
 -127.30878024 -122.86769696 -128.78105696 -129.41140363 -119.93944916
 -135.2369537  -126.85712683 -143.55040064 -128.17042857 -123.92972484]
inrs_hat:  [  3.89538635 -24.91547875 -21.65619506 -19.95627422 -10.83515558
 -16.3190802  -11.87799692 -17.79135692 -18.42170359  -8.94974911
 -24.24725366 -15.86742678 -32.5607006  -17.18072853 -12.9400248 ]
scheduled_ues:  [ 1  2  3  5  7  8 10 11 12 13 14]
(1, 15, 1, 4, 1, 1)
caused INR: -11.416868505036298
TpsRandomic + IndividualEstimated_INR + -15.0
None
ls_gain_coeffs:
[-107.09431369 -135.9051788  -139.38375743 -118.27340847 -138.13638328
 -127.30878024 -123.15833394 -131.72270621 -129.41140363 -119.93944916
 -135.2369537  -126.85712683 -130.15044546 -128.17042857 -125.64740342]
inrs_hat:  [  3.89538635 -24.91547875 -28.39405738  -7.28370843 -27.14668324
 -16.3190802  -12.1686339  -20.73300617 -18.42170359  -8.94974911
 -24.24725366 -15.86742678 -19.16074541 -17.18072853 -14.65770338]
scheduled_ues:  [ 1  2  4  5  7  8 10 11 12 13]
(1, 15, 1, 4, 1, 1)
caused INR: -14.450088296998974
TpsRandomic + CumulativeIndividualEstimated_INR + -10.0
None
(1, 15, 1, 4, 1, 1)
caused INR: -16.27688876643057
TpsRandomic + CumulativeIndividualEstimated_INR + -12.5
None
(1, 15, 1, 4, 1, 1)
caused INR: -17.20481098749644
TpsRandomic + CumulativeIndividualEstimated_INR + -15.0
None
(1, 15, 1, 4, 1, 1)
caused INR: -14.299246055502799
Iteration number 64
TpsAltruisticFromLsfGain + IndividualEstimated_INR + -10.0
None
ls_gain_coeffs:
[-140.23241921 -147.57852961 -145.60876865 -121.27480858 -145.79599994
 -146.9617026  -147.5553404  -148.86918615 -144.50963709 -134.07721764
 -136.86879687 -144.9977098  -130.19792394 -140.05054374 -133.59282196]
inrs_hat:  [-29.24271916 -36.58882957 -34.6190686  -10.28510853 -34.8062999
 -35.97200256 -36.56564035 -37.87948611 -33.51993705 -23.0875176
 -25.87909683 -34.00800976 -19.2082239  -29.0608437  -22.60312192]
scheduled_ues:  [ 0  1  2  3  4  5  6  7  8  9 10 11 12 13 14]
(1, 15, 1, 4, 1, 1)
caused INR: -5.618753183273637
TpsAltruisticFromLsfGain + IndividualEstimated_INR + -12.5
None
ls_gain_coeffs:
[-140.23241921 -147.57852961 -145.60876865 -121.27480858 -145.79599994
 -146.9617026  -147.5553404  -148.86918615 -144.50963709 -134.07721764
 -136.86879687 -144.9977098  -130.19792394 -140.05054374 -133.59282196]
inrs_hat:  [-29.24271916 -36.58882957 -34.6190686  -10.28510853 -34.8062999
 -35.97200256 -36.56564035 -37.87948611 -33.51993705 -23.0875176
 -25.87909683 -34.00800976 -19.2082239  -29.0608437  -22.60312192]
scheduled_ues:  [ 0  1  2  4  5  6  7  8  9 10 11 12 13 14]
(1, 15, 1, 4, 1, 1)
caused INR: -12.943229499675596
TpsAltruisticFromLsfGain + IndividualEstimated_INR + -15.0
None
ls_gain_coeffs:
[-140.23241921 -147.57852961 -145.60876865 -121.27480858 -145.79599994
 -146.9617026  -147.5553404  -148.86918615 -144.50963709 -134.07721764
 -136.86879687 -144.9977098  -130.19792394 -140.05054374 -133.59282196]
inrs_hat:  [-29.24271916 -36.58882957 -34.6190686  -10.28510853 -34.8062999
 -35.97200256 -36.56564035 -37.87948611 -33.51993705 -23.0875176
 -25.87909683 -34.00800976 -19.2082239  -29.0608437  -22.60312192]
scheduled_ues:  [ 0  1  2  4  5  6  7  8  9 10 11 12 13 14]
(1, 15, 1, 4, 1, 1)
caused INR: -12.943229499675596
TpsAltruisticFromLsfGain + CumulativeIndividualEstimated_INR + -10.0
None
(1, 15, 1, 4, 1, 1)
caused INR: -12.943229499675596
TpsAltruisticFromLsfGain + CumulativeIndividualEstimated_INR + -12.5
None
(1, 15, 1, 4, 1, 1)
caused INR: -12.943229499675596
TpsAltruisticFromLsfGain + CumulativeIndividualEstimated_INR + -15.0
None
(1, 15, 1, 4, 1, 1)
caused INR: -12.943229499675596
TpsRandomic + IndividualEstimated_INR + -10.0
None
ls_gain_coeffs:
[-140.23241921 -130.79830951 -132.92609467 -112.44436856 -133.14799487
 -133.29970846 -144.93978747 -132.51056029 -127.61634672 -120.19967382
 -132.3432289  -128.80110586 -130.19792394 -135.17655626 -133.59282196]
inrs_hat:  [-29.24271916 -19.80860946 -21.93639463  -1.45466851 -22.15829483
 -22.31000841 -33.95008743 -21.52086025 -16.62664668  -9.20997378
 -21.35352885 -17.81140582 -19.2082239  -24.18685622 -22.60312192]
scheduled_ues:  [ 0  1  2  4  5  6  7  8 10 11 12 13 14]
(1, 15, 1, 4, 1, 1)
caused INR: -22.507121494504045
TpsRandomic + IndividualEstimated_INR + -12.5
None
ls_gain_coeffs:
[-130.31940625 -147.57852961 -145.60876865 -121.27480858 -137.50956433
 -146.9617026  -144.93978747 -132.51056029 -135.10625006 -126.0945166
 -122.91867421 -139.10395162 -116.49951727 -135.17655626 -133.59282196]
inrs_hat:  [-19.3297062  -36.58882957 -34.6190686  -10.28510853 -26.51986429
 -35.97200256 -33.95008743 -21.52086025 -24.11655002 -15.10481655
 -11.92897417 -28.11425157  -5.50981723 -24.18685622 -22.60312192]
scheduled_ues:  [ 0  1  2  4  5  6  7  8  9 11 13 14]
(1, 15, 1, 4, 1, 1)
caused INR: -15.510653682912546
TpsRandomic + IndividualEstimated_INR + -15.0
None
ls_gain_coeffs:
[-130.31940625 -130.79830951 -145.60876865 -112.44436856 -145.79599994
 -130.45402749 -147.5553404  -148.86918615 -127.61634672 -120.19967382
 -132.3432289  -144.9977098  -113.6109208  -125.98428125 -119.59695612]
inrs_hat:  [-19.3297062  -19.80860946 -34.6190686   -1.45466851 -34.8062999
 -19.46432745 -36.56564035 -37.87948611 -16.62664668  -9.20997378
 -21.35352885 -34.00800976  -2.62122076 -14.99458121  -8.60725607]
scheduled_ues:  [ 0  1  2  4  5  6  7  8 10 11]
(1, 15, 1, 4, 1, 1)
caused INR: -13.31978886158576
TpsRandomic + CumulativeIndividualEstimated_INR + -10.0
None
(1, 15, 1, 4, 1, 1)
caused INR: -12.362533225975756
TpsRandomic + CumulativeIndividualEstimated_INR + -12.5
None
(1, 15, 1, 4, 1, 1)
caused INR: -21.353463979120953
TpsRandomic + CumulativeIndividualEstimated_INR + -15.0
None
(1, 15, 1, 4, 1, 1)
caused INR: -19.563987037043432
Iteration number 65
TpsAltruisticFromLsfGain + IndividualEstimated_INR + -10.0
None
ls_gain_coeffs:
[-129.95089562 -123.8947744  -138.44456629 -139.61240884 -135.68405743
 -136.35088868 -132.53026667 -148.1875012  -124.28409537 -135.88985187
 -144.94012241 -134.73849222 -138.12003066 -128.69498716 -135.61186394]
inrs_hat:  [-18.96119557 -12.90507436 -27.45486625 -28.62270879 -24.69435739
 -25.36118863 -21.54056662 -37.19780115 -13.29439532 -24.90015182
 -33.95042237 -23.74879218 -27.13033062 -17.70528711 -24.62216389]
scheduled_ues:  [ 0  1  2  3  4  5  6  7  8  9 10 11 12 13 14]
(1, 15, 1, 4, 1, 1)
caused INR: -11.2033181511521
TpsAltruisticFromLsfGain + IndividualEstimated_INR + -12.5
None
ls_gain_coeffs:
[-129.95089562 -123.8947744  -138.44456629 -139.61240884 -135.68405743
 -136.35088868 -132.53026667 -148.1875012  -124.28409537 -135.88985187
 -144.94012241 -134.73849222 -138.12003066 -128.69498716 -135.61186394]
inrs_hat:  [-18.96119557 -12.90507436 -27.45486625 -28.62270879 -24.69435739
 -25.36118863 -21.54056662 -37.19780115 -13.29439532 -24.90015182
 -33.95042237 -23.74879218 -27.13033062 -17.70528711 -24.62216389]
scheduled_ues:  [ 0  1  2  3  4  5  6  7  8  9 10 11 12 13 14]
(1, 15, 1, 4, 1, 1)
caused INR: -11.2033181511521
TpsAltruisticFromLsfGain + IndividualEstimated_INR + -15.0
None
ls_gain_coeffs:
[-129.95089562 -123.8947744  -138.44456629 -139.61240884 -135.68405743
 -136.35088868 -132.53026667 -148.1875012  -124.28409537 -135.88985187
 -144.94012241 -134.73849222 -138.12003066 -128.69498716 -135.61186394]
inrs_hat:  [-18.96119557 -12.90507436 -27.45486625 -28.62270879 -24.69435739
 -25.36118863 -21.54056662 -37.19780115 -13.29439532 -24.90015182
 -33.95042237 -23.74879218 -27.13033062 -17.70528711 -24.62216389]
scheduled_ues:  [ 0  2  3  4  5  6  7  9 10 11 12 13 14]
(1, 15, 1, 4, 1, 1)
caused INR: -16.02202432976489
TpsAltruisticFromLsfGain + CumulativeIndividualEstimated_INR + -10.0
None
(1, 15, 1, 4, 1, 1)
caused INR: -16.02202432976489
TpsAltruisticFromLsfGain + CumulativeIndividualEstimated_INR + -12.5
None
(1, 15, 1, 4, 1, 1)
caused INR: -23.03087462954052
TpsAltruisticFromLsfGain + CumulativeIndividualEstimated_INR + -15.0
None
(1, 15, 1, 4, 1, 1)
caused INR: -17.51758428176987
TpsRandomic + IndividualEstimated_INR + -10.0
None
ls_gain_coeffs:
[-119.15595225 -106.49949072 -134.47737988 -129.71343839 -119.69460011
 -121.17836665 -130.58594647 -136.87332234 -110.49222046 -129.01791851
 -144.94012241 -117.69293164 -124.55398654 -128.69498716 -135.61186394]
inrs_hat:  [ -8.16625221   4.49020932 -23.48767984 -18.72373835  -8.70490007
 -10.18866661 -19.59624642 -25.8836223    0.49747958 -18.02821847
 -33.95042237  -6.7032316  -13.5642865  -17.70528711 -24.62216389]
scheduled_ues:  [ 2  3  5  6  7  9 10 12 13 14]
(1, 15, 1, 4, 1, 1)
caused INR: -11.001972440316585
TpsRandomic + IndividualEstimated_INR + -12.5
None
ls_gain_coeffs:
[-112.01413131 -106.49949072 -123.35817535 -122.60050041 -135.68405743
 -122.54382766 -119.44055993 -148.1875012  -105.46343194 -135.88985187
 -131.43996482 -134.73849222 -131.45547307 -128.69498716 -127.13715288]
inrs_hat:  [ -1.02443127   4.49020932 -12.36847531 -11.61080037 -24.69435739
 -11.55412762  -8.45085989 -37.19780115   5.52626811 -24.90015182
 -20.45026478 -23.74879218 -20.46577303 -17.70528711 -16.14745284]
scheduled_ues:  [ 4  7  9 10 11 12 13 14]
(1, 15, 1, 4, 1, 1)
caused INR: -9.038451192790802
TpsRandomic + IndividualEstimated_INR + -15.0
None
ls_gain_coeffs:
[-119.15595225 -112.73626119 -134.47737988 -139.61240884 -121.46852877
 -132.25450564 -132.53026667 -131.49761028 -110.49222046 -135.88985187
 -131.43996482 -117.69293164 -124.55398654 -117.06996222 -118.79288237]
inrs_hat:  [ -8.16625221  -1.74656115 -23.48767984 -28.62270879 -10.47882873
 -21.2648056  -21.54056662 -20.50791023   0.49747958 -24.90015182
 -20.45026478  -6.7032316  -13.5642865   -6.08026217  -7.80318232]
scheduled_ues:  [ 2  3  5  6  7  9 10]
(1, 15, 1, 4, 1, 1)
caused INR: -10.313978518668955
TpsRandomic + CumulativeIndividualEstimated_INR + -10.0
None
(1, 15, 1, 4, 1, 1)
caused INR: -13.622981667648439
TpsRandomic + CumulativeIndividualEstimated_INR + -12.5
None
(1, 15, 1, 4, 1, 1)
caused INR: -12.00894153580422
TpsRandomic + CumulativeIndividualEstimated_INR + -15.0
None
(1, 15, 1, 4, 1, 1)
caused INR: -16.41971428714727
Iteration number 66
TpsAltruisticFromLsfGain + IndividualEstimated_INR + -10.0
None
ls_gain_coeffs:
[-146.4163999  -122.30808096 -130.40985646 -124.72417846 -144.17273124
 -124.3231271  -142.64793589 -128.93643796 -139.33216675 -124.18123109
 -140.59898382 -147.52875253 -135.44474453 -129.21267187 -139.97345039]
inrs_hat:  [-35.42669986 -11.31838092 -19.42015642 -13.73447841 -33.1830312
 -13.33342706 -31.65823585 -17.94673791 -28.34246671 -13.19153104
 -29.60928377 -36.53905248 -24.45504449 -18.22297183 -28.98375034]
scheduled_ues:  [ 0  1  2  3  4  5  6  7  8  9 10 11 12 13 14]
(1, 15, 1, 4, 1, 1)
caused INR: -6.213794304197927
TpsAltruisticFromLsfGain + IndividualEstimated_INR + -12.5
None
ls_gain_coeffs:
[-146.4163999  -122.30808096 -130.40985646 -124.72417846 -144.17273124
 -124.3231271  -142.64793589 -128.93643796 -139.33216675 -124.18123109
 -140.59898382 -147.52875253 -135.44474453 -129.21267187 -139.97345039]
inrs_hat:  [-35.42669986 -11.31838092 -19.42015642 -13.73447841 -33.1830312
 -13.33342706 -31.65823585 -17.94673791 -28.34246671 -13.19153104
 -29.60928377 -36.53905248 -24.45504449 -18.22297183 -28.98375034]
scheduled_ues:  [ 0  2  3  4  5  6  7  8  9 10 11 12 13 14]
(1, 15, 1, 4, 1, 1)
caused INR: -6.767333138945684
TpsAltruisticFromLsfGain + IndividualEstimated_INR + -15.0
None
ls_gain_coeffs:
[-146.4163999  -122.30808096 -130.40985646 -124.72417846 -144.17273124
 -124.3231271  -142.64793589 -128.93643796 -139.33216675 -124.18123109
 -140.59898382 -147.52875253 -135.44474453 -129.21267187 -139.97345039]
inrs_hat:  [-35.42669986 -11.31838092 -19.42015642 -13.73447841 -33.1830312
 -13.33342706 -31.65823585 -17.94673791 -28.34246671 -13.19153104
 -29.60928377 -36.53905248 -24.45504449 -18.22297183 -28.98375034]
scheduled_ues:  [ 0  2  4  6  7  8 10 11 12 13 14]
(1, 15, 1, 4, 1, 1)
caused INR: -19.17736282974373
TpsAltruisticFromLsfGain + CumulativeIndividualEstimated_INR + -10.0
None
(1, 15, 1, 4, 1, 1)
caused INR: -12.536114424861925
TpsAltruisticFromLsfGain + CumulativeIndividualEstimated_INR + -12.5
None
(1, 15, 1, 4, 1, 1)
caused INR: -19.17736282974373
TpsAltruisticFromLsfGain + CumulativeIndividualEstimated_INR + -15.0
None
(1, 15, 1, 4, 1, 1)
caused INR: -23.106164000939486
TpsRandomic + IndividualEstimated_INR + -10.0
None
ls_gain_coeffs:
[-134.99524026 -108.35977223 -115.50619619 -106.45928386 -142.74840372
 -124.3231271  -133.05246914 -114.37076131 -126.81582293 -109.80116165
 -134.25350801 -134.67368848 -135.44474453 -111.15794078 -128.66251098]
inrs_hat:  [-24.00554021   2.62992782  -4.51649614   4.53041618 -31.75870367
 -13.33342706 -22.0627691   -3.38106127 -15.82612288   1.18853839
 -23.26380797 -23.68398844 -24.45504449  -0.16824074 -17.67281094]
scheduled_ues:  [ 0  4  5  6  8 10 11 12 14]
(1, 15, 1, 4, 1, 1)
caused INR: -4.865705979421219
TpsRandomic + IndividualEstimated_INR + -12.5
None
ls_gain_coeffs:
[-134.99524026 -120.04801786 -115.50619619 -115.29534958 -144.17273124
 -110.02584096 -142.64793589 -125.75032299 -122.76557941 -124.18123109
 -134.25350801 -146.90855646 -135.44474453 -129.21267187 -128.66251098]
inrs_hat:  [-24.00554021  -9.05831782  -4.51649614  -4.30564954 -33.1830312
   0.96385908 -31.65823585 -14.76062294 -11.77587937 -13.19153104
 -23.26380797 -35.91885641 -24.45504449 -18.22297183 -17.67281094]
scheduled_ues:  [ 0  4  6  7  9 10 11 12 13 14]
(1, 15, 1, 4, 1, 1)
caused INR: -23.765251415591383
TpsRandomic + IndividualEstimated_INR + -15.0
None
ls_gain_coeffs:
[-129.55044303 -108.35977223 -123.02367564 -110.06481815 -130.78157956
 -110.02584096 -133.05246914 -114.37076131 -126.81582293 -110.77039637
 -140.59898382 -146.90855646 -127.16117183 -119.60472414 -128.66251098]
inrs_hat:  [-18.56074299   2.62992782 -12.03397559   0.9248819  -19.79187951
   0.96385908 -22.0627691   -3.38106127 -15.82612288   0.21930367
 -29.60928377 -35.91885641 -16.17147179  -8.61502409 -17.67281094]
scheduled_ues:  [ 0  4  6  8 10 11 12 14]
(1, 15, 1, 4, 1, 1)
caused INR: -5.585852272424416
TpsRandomic + CumulativeIndividualEstimated_INR + -10.0
None
(1, 15, 1, 4, 1, 1)
caused INR: -10.212690555376527
TpsRandomic + CumulativeIndividualEstimated_INR + -12.5
None
(1, 15, 1, 4, 1, 1)
caused INR: -13.55346980285098
TpsRandomic + CumulativeIndividualEstimated_INR + -15.0
None
(1, 15, 1, 4, 1, 1)
caused INR: -13.863373900228357
Iteration number 67
TpsAltruisticFromLsfGain + IndividualEstimated_INR + -10.0
None
ls_gain_coeffs:
[-138.03195257 -114.46251548 -136.54701363 -137.97582179 -130.30765804
 -145.10735453 -143.04421451 -149.00137562 -138.87247807 -147.68330447
 -128.18722483 -134.24193245 -147.14448198 -127.98332824 -137.01096322]
inrs_hat:  [-27.04225253  -3.47281544 -25.55731358 -26.98612175 -19.317958
 -34.11765448 -32.05451446 -38.01167558 -27.88277802 -36.69360443
 -17.19752479 -23.25223241 -36.15478193 -16.99362819 -26.02126317]
scheduled_ues:  [ 0  2  3  4  5  6  7  8  9 10 11 12 13 14]
(1, 15, 1, 4, 1, 1)
caused INR: -17.432575136589712
TpsAltruisticFromLsfGain + IndividualEstimated_INR + -12.5
None
ls_gain_coeffs:
[-138.03195257 -114.46251548 -136.54701363 -137.97582179 -130.30765804
 -145.10735453 -143.04421451 -149.00137562 -138.87247807 -147.68330447
 -128.18722483 -134.24193245 -147.14448198 -127.98332824 -137.01096322]
inrs_hat:  [-27.04225253  -3.47281544 -25.55731358 -26.98612175 -19.317958
 -34.11765448 -32.05451446 -38.01167558 -27.88277802 -36.69360443
 -17.19752479 -23.25223241 -36.15478193 -16.99362819 -26.02126317]
scheduled_ues:  [ 0  2  3  4  5  6  7  8  9 10 11 12 13 14]
(1, 15, 1, 4, 1, 1)
caused INR: -17.432575136589712
TpsAltruisticFromLsfGain + IndividualEstimated_INR + -15.0
None
ls_gain_coeffs:
[-138.03195257 -114.46251548 -136.54701363 -137.97582179 -130.30765804
 -145.10735453 -143.04421451 -149.00137562 -138.87247807 -147.68330447
 -128.18722483 -134.24193245 -147.14448198 -127.98332824 -137.01096322]
inrs_hat:  [-27.04225253  -3.47281544 -25.55731358 -26.98612175 -19.317958
 -34.11765448 -32.05451446 -38.01167558 -27.88277802 -36.69360443
 -17.19752479 -23.25223241 -36.15478193 -16.99362819 -26.02126317]
scheduled_ues:  [ 0  2  3  4  5  6  7  8  9 10 11 12 13 14]
(1, 15, 1, 4, 1, 1)
caused INR: -17.432575136589712
TpsAltruisticFromLsfGain + CumulativeIndividualEstimated_INR + -10.0
None
(1, 15, 1, 4, 1, 1)
caused INR: -17.432575136589712
TpsAltruisticFromLsfGain + CumulativeIndividualEstimated_INR + -12.5
None
(1, 15, 1, 4, 1, 1)
caused INR: -20.120829452649247
TpsAltruisticFromLsfGain + CumulativeIndividualEstimated_INR + -15.0
None
(1, 15, 1, 4, 1, 1)
caused INR: -19.025483449355598
TpsRandomic + IndividualEstimated_INR + -10.0
None
ls_gain_coeffs:
[-138.03195257  -96.8058941  -123.17773628 -129.68787107 -113.64743759
 -130.97362317 -143.04421451 -132.4539157  -136.15533949 -134.34325765
 -128.18722483 -116.75061762 -134.34932322 -118.49010051 -129.71555796]
inrs_hat:  [-27.04225253  14.18380595 -12.18803624 -18.69817103  -2.65773754
 -19.98392312 -32.05451446 -21.46421566 -25.16563945 -23.35355761
 -17.19752479  -5.76091758 -23.35962318  -7.50040046 -18.72585791]
scheduled_ues:  [ 0  2  3  5  6  7  8  9 10 12 14]
(1, 15, 1, 4, 1, 1)
caused INR: -14.702186310699261
TpsRandomic + IndividualEstimated_INR + -12.5
None
ls_gain_coeffs:
[-120.89720794  -96.8058941  -123.64157495 -124.88012621 -122.49225756
 -130.97362317 -132.52459503 -149.00137562 -138.87247807 -134.34325765
 -117.69198803 -122.05751354 -139.29683928 -118.49010051 -137.01096322]
inrs_hat:  [ -9.9075079   14.18380595 -12.65187491 -13.89042617 -11.50255751
 -19.98392312 -21.53489499 -38.01167558 -27.88277802 -23.35355761
  -6.70228798 -11.0678135  -28.30713923  -7.50040046 -26.02126317]
scheduled_ues:  [ 2  3  5  6  7  8  9 12 14]
(1, 15, 1, 4, 1, 1)
caused INR: -23.564568789615873
TpsRandomic + IndividualEstimated_INR + -15.0
None
ls_gain_coeffs:
[-138.03195257 -114.46251548 -135.15549761 -137.97582179 -122.49225756
 -145.10735453 -126.25619694 -140.4863836  -136.15533949 -140.75469032
 -128.18722483 -116.75061762 -147.14448198 -109.9619609  -123.90072445]
inrs_hat:  [-27.04225253  -3.47281544 -24.16579757 -26.98612175 -11.50255751
 -34.11765448 -15.2664969  -29.49668355 -25.16563945 -29.76499028
 -17.19752479  -5.76091758 -36.15478193   1.02773915 -12.91102441]
scheduled_ues:  [ 0  2  3  5  6  7  8  9 10 12]
(1, 15, 1, 4, 1, 1)
caused INR: -14.0615089278442
TpsRandomic + CumulativeIndividualEstimated_INR + -10.0
None
(1, 15, 1, 4, 1, 1)
caused INR: -13.025541037056513
TpsRandomic + CumulativeIndividualEstimated_INR + -12.5
None
(1, 15, 1, 4, 1, 1)
caused INR: -13.623650978799295
TpsRandomic + CumulativeIndividualEstimated_INR + -15.0
None
(1, 15, 1, 4, 1, 1)
caused INR: -20.445234931514754
Iteration number 68
TpsAltruisticFromLsfGain + IndividualEstimated_INR + -10.0
None
ls_gain_coeffs:
[-133.93613871 -144.75582635 -132.2364534  -134.53993641 -144.50515844
 -147.66328398 -146.55584406 -140.23026764 -133.22057721 -125.8088337
 -135.96256472 -122.33904309 -142.94082169 -148.46894914 -141.72350113]
inrs_hat:  [-22.94643867 -33.76612631 -21.24675336 -23.55023636 -33.5154584
 -36.67358394 -35.56614401 -29.2405676  -22.23087717 -14.81913366
 -24.97286467 -11.34934304 -31.95112165 -37.4792491  -30.73380108]
scheduled_ues:  [ 0  1  2  3  4  5  6  7  8  9 10 11 12 13 14]
(1, 15, 1, 4, 1, 1)
caused INR: -10.861126161473813
TpsAltruisticFromLsfGain + IndividualEstimated_INR + -12.5
None
ls_gain_coeffs:
[-133.93613871 -144.75582635 -132.2364534  -134.53993641 -144.50515844
 -147.66328398 -146.55584406 -140.23026764 -133.22057721 -125.8088337
 -135.96256472 -122.33904309 -142.94082169 -148.46894914 -141.72350113]
inrs_hat:  [-22.94643867 -33.76612631 -21.24675336 -23.55023636 -33.5154584
 -36.67358394 -35.56614401 -29.2405676  -22.23087717 -14.81913366
 -24.97286467 -11.34934304 -31.95112165 -37.4792491  -30.73380108]
scheduled_ues:  [ 0  1  2  3  4  5  6  7  8  9 10 12 13 14]
(1, 15, 1, 4, 1, 1)
caused INR: -6.9124132647441
TpsAltruisticFromLsfGain + IndividualEstimated_INR + -15.0
None
ls_gain_coeffs:
[-133.93613871 -144.75582635 -132.2364534  -134.53993641 -144.50515844
 -147.66328398 -146.55584406 -140.23026764 -133.22057721 -125.8088337
 -135.96256472 -122.33904309 -142.94082169 -148.46894914 -141.72350113]
inrs_hat:  [-22.94643867 -33.76612631 -21.24675336 -23.55023636 -33.5154584
 -36.67358394 -35.56614401 -29.2405676  -22.23087717 -14.81913366
 -24.97286467 -11.34934304 -31.95112165 -37.4792491  -30.73380108]
scheduled_ues:  [ 0  1  2  3  4  5  6  7  8 10 12 13 14]
(1, 15, 1, 4, 1, 1)
caused INR: -11.521010447311772
TpsAltruisticFromLsfGain + CumulativeIndividualEstimated_INR + -10.0
None
(1, 15, 1, 4, 1, 1)
caused INR: -6.9124132647441
TpsAltruisticFromLsfGain + CumulativeIndividualEstimated_INR + -12.5
None
(1, 15, 1, 4, 1, 1)
caused INR: -11.521010447311772
TpsAltruisticFromLsfGain + CumulativeIndividualEstimated_INR + -15.0
None
(1, 15, 1, 4, 1, 1)
caused INR: -11.521010447311772
TpsRandomic + IndividualEstimated_INR + -10.0
None
ls_gain_coeffs:
[-133.93613871 -128.37525041 -132.2364534  -121.72160221 -130.70657583
 -147.66328398 -140.03609883 -126.98168401 -120.75612317 -112.96388262
 -135.96256472 -111.92056145 -139.85216767 -148.46894914 -135.25963365]
inrs_hat:  [-22.94643867 -17.38555037 -21.24675336 -10.73190216 -19.71687578
 -36.67358394 -29.04639879 -15.99198397  -9.76642313  -1.97418257
 -24.97286467  -0.93086141 -28.86246763 -37.4792491  -24.2699336 ]
scheduled_ues:  [ 0  1  2  3  4  5  6  7 10 12 13 14]
(1, 15, 1, 4, 1, 1)
caused INR: -10.784659626023693
TpsRandomic + IndividualEstimated_INR + -12.5
None
ls_gain_coeffs:
[-133.93613871 -144.75582635 -126.34510006 -124.70846831 -130.70657583
 -132.57668039 -140.03609883 -140.23026764 -133.22057721 -108.83868947
 -118.88390489 -122.33904309 -142.94082169 -135.72118098 -127.77703673]
inrs_hat:  [-22.94643867 -33.76612631 -15.35540002 -13.71876827 -19.71687578
 -21.58698035 -29.04639879 -29.2405676  -22.23087717   2.15101057
  -7.89420484 -11.34934304 -31.95112165 -24.73148094 -16.78733668]
scheduled_ues:  [ 0  1  2  3  4  5  6  7  8 12 13 14]
(1, 15, 1, 4, 1, 1)
caused INR: -17.344300832964276
TpsRandomic + IndividualEstimated_INR + -15.0
None
ls_gain_coeffs:
[-133.93613871 -144.75582635 -117.83106896 -134.53993641 -128.07506805
 -133.89918219 -146.55584406 -140.23026764 -133.18629615 -117.15509632
 -118.88390489 -111.92056145 -142.94082169 -135.72118098 -141.72350113]
inrs_hat:  [-22.94643867 -33.76612631  -6.84136891 -23.55023636 -17.08536801
 -22.90948215 -35.56614401 -29.2405676  -22.19659611  -6.16539628
  -7.89420484  -0.93086141 -31.95112165 -24.73148094 -30.73380108]
scheduled_ues:  [ 0  1  3  4  5  6  7  8 12 13 14]
(1, 15, 1, 4, 1, 1)
caused INR: -9.79327603135592
TpsRandomic + CumulativeIndividualEstimated_INR + -10.0
None
(1, 15, 1, 4, 1, 1)
caused INR: -8.930688366925635
TpsRandomic + CumulativeIndividualEstimated_INR + -12.5
None
(1, 15, 1, 4, 1, 1)
caused INR: -7.505517590014637
TpsRandomic + CumulativeIndividualEstimated_INR + -15.0
None
(1, 15, 1, 4, 1, 1)
caused INR: -21.913999433163323
Iteration number 69
TpsAltruisticFromLsfGain + IndividualEstimated_INR + -10.0
None
ls_gain_coeffs:
[-133.75228301 -137.08928077 -140.03024682 -142.83293727 -152.12836471
 -138.86119018 -121.61129106 -128.99026281 -147.82102033 -140.65625643
 -148.24385501 -136.74270102 -128.89047447 -129.39725327 -139.2824597 ]
inrs_hat:  [-22.76258296 -26.09958073 -29.04054678 -31.84323723 -41.13866466
 -27.87149014 -10.62159102 -18.00056276 -36.83132028 -29.66655639
 -37.25415497 -25.75300098 -17.90077443 -18.40755322 -28.29275966]
scheduled_ues:  [ 0  1  2  3  4  5  6  7  8  9 10 11 12 13 14]
(1, 15, 1, 4, 1, 1)
caused INR: -7.180237326238782
TpsAltruisticFromLsfGain + IndividualEstimated_INR + -12.5
None
ls_gain_coeffs:
[-133.75228301 -137.08928077 -140.03024682 -142.83293727 -152.12836471
 -138.86119018 -121.61129106 -128.99026281 -147.82102033 -140.65625643
 -148.24385501 -136.74270102 -128.89047447 -129.39725327 -139.2824597 ]
inrs_hat:  [-22.76258296 -26.09958073 -29.04054678 -31.84323723 -41.13866466
 -27.87149014 -10.62159102 -18.00056276 -36.83132028 -29.66655639
 -37.25415497 -25.75300098 -17.90077443 -18.40755322 -28.29275966]
scheduled_ues:  [ 0  1  2  3  4  5  7  8  9 10 11 12 13 14]
(1, 15, 1, 4, 1, 1)
caused INR: -16.403581420985574
TpsAltruisticFromLsfGain + IndividualEstimated_INR + -15.0
None
ls_gain_coeffs:
[-133.75228301 -137.08928077 -140.03024682 -142.83293727 -152.12836471
 -138.86119018 -121.61129106 -128.99026281 -147.82102033 -140.65625643
 -148.24385501 -136.74270102 -128.89047447 -129.39725327 -139.2824597 ]
inrs_hat:  [-22.76258296 -26.09958073 -29.04054678 -31.84323723 -41.13866466
 -27.87149014 -10.62159102 -18.00056276 -36.83132028 -29.66655639
 -37.25415497 -25.75300098 -17.90077443 -18.40755322 -28.29275966]
scheduled_ues:  [ 0  1  2  3  4  5  7  8  9 10 11 12 13 14]
(1, 15, 1, 4, 1, 1)
caused INR: -16.403581420985574
TpsAltruisticFromLsfGain + CumulativeIndividualEstimated_INR + -10.0
None
(1, 15, 1, 4, 1, 1)
caused INR: -16.403581420985574
TpsAltruisticFromLsfGain + CumulativeIndividualEstimated_INR + -12.5
None
(1, 15, 1, 4, 1, 1)
caused INR: -11.73124563671193
TpsAltruisticFromLsfGain + CumulativeIndividualEstimated_INR + -15.0
None
(1, 15, 1, 4, 1, 1)
caused INR: -8.845255612420624
TpsRandomic + IndividualEstimated_INR + -10.0
None
ls_gain_coeffs:
[-120.6628831  -137.08928077 -123.24494459 -142.83293727 -152.12836471
 -124.93106916 -102.45585593 -128.99026281 -147.82102033 -126.69768906
 -148.24385501 -136.74270102 -128.89047447 -129.39725327 -125.15496313]
inrs_hat:  [ -9.67318306 -26.09958073 -12.25524455 -31.84323723 -41.13866466
 -13.94136912   8.53384411 -18.00056276 -36.83132028 -15.70798901
 -37.25415497 -25.75300098 -17.90077443 -18.40755322 -14.16526309]
scheduled_ues:  [ 1  2  3  4  5  7  8  9 10 11 12 13 14]
(1, 15, 1, 4, 1, 1)
caused INR: -9.207690759796064
TpsRandomic + IndividualEstimated_INR + -12.5
None
ls_gain_coeffs:
[-125.30310897 -128.12491901 -140.03024682 -130.00890663 -136.26927512
 -124.93106916 -121.61129106 -124.19346207 -147.82102033 -125.18072168
 -145.6768488  -136.74270102 -111.16679672 -121.05685038 -133.87464194]
inrs_hat:  [-14.31340893 -17.13521896 -29.04054678 -19.01920659 -25.27957507
 -13.94136912 -10.62159102 -13.20376202 -36.83132028 -14.19102164
 -34.68714876 -25.75300098  -0.17709667 -10.06715033 -22.8849419 ]
scheduled_ues:  [ 0  1  2  3  4  5  7  8  9 10 11 14]
(1, 15, 1, 4, 1, 1)
caused INR: -13.722807671367612
TpsRandomic + IndividualEstimated_INR + -15.0
None
ls_gain_coeffs:
[-120.6628831  -128.12491901 -127.42079237 -126.04466617 -137.97801991
 -122.31057375 -102.45585593 -124.19346207 -140.69039886 -136.10535431
 -134.94658628 -124.13027278 -120.28491206 -129.39725327 -139.2824597 ]
inrs_hat:  [ -9.67318306 -17.13521896 -16.43109233 -15.05496612 -26.98831987
 -11.32087371   8.53384411 -13.20376202 -29.70069882 -25.11565426
 -23.95688623 -13.14057274  -9.29521202 -18.40755322 -28.29275966]
scheduled_ues:  [ 1  2  3  4  8  9 10 13 14]
(1, 15, 1, 4, 1, 1)
caused INR: -4.241776587928275
TpsRandomic + CumulativeIndividualEstimated_INR + -10.0
None
(1, 15, 1, 4, 1, 1)
caused INR: -12.091293460807492
TpsRandomic + CumulativeIndividualEstimated_INR + -12.5
None
(1, 15, 1, 4, 1, 1)
caused INR: -17.143469147472004
TpsRandomic + CumulativeIndividualEstimated_INR + -15.0
None
(1, 15, 1, 4, 1, 1)
caused INR: -25.512081524575827
Iteration number 70
TpsAltruisticFromLsfGain + IndividualEstimated_INR + -10.0
None
ls_gain_coeffs:
[-146.38021162 -143.56777911 -140.712822   -133.37774773 -134.37215588
 -150.48561678 -147.1685354  -131.21903722 -147.72567379 -133.86381513
 -144.19903841 -145.33342876 -145.09590846 -141.96665901 -150.31956352]
inrs_hat:  [-35.39051158 -32.57807906 -29.72312195 -22.38804768 -23.38245583
 -39.49591674 -36.17883535 -20.22933718 -36.73597375 -22.87411509
 -33.20933837 -34.34372871 -34.10620842 -30.97695896 -39.32986348]
scheduled_ues:  [ 0  1  2  3  4  5  6  7  8  9 10 11 12 13 14]
(1, 15, 1, 4, 1, 1)
caused INR: -22.232545363331134
TpsAltruisticFromLsfGain + IndividualEstimated_INR + -12.5
None
ls_gain_coeffs:
[-146.38021162 -143.56777911 -140.712822   -133.37774773 -134.37215588
 -150.48561678 -147.1685354  -131.21903722 -147.72567379 -133.86381513
 -144.19903841 -145.33342876 -145.09590846 -141.96665901 -150.31956352]
inrs_hat:  [-35.39051158 -32.57807906 -29.72312195 -22.38804768 -23.38245583
 -39.49591674 -36.17883535 -20.22933718 -36.73597375 -22.87411509
 -33.20933837 -34.34372871 -34.10620842 -30.97695896 -39.32986348]
scheduled_ues:  [ 0  1  2  3  4  5  6  7  8  9 10 11 12 13 14]
(1, 15, 1, 4, 1, 1)
caused INR: -22.232545363331134
TpsAltruisticFromLsfGain + IndividualEstimated_INR + -15.0
None
ls_gain_coeffs:
[-146.38021162 -143.56777911 -140.712822   -133.37774773 -134.37215588
 -150.48561678 -147.1685354  -131.21903722 -147.72567379 -133.86381513
 -144.19903841 -145.33342876 -145.09590846 -141.96665901 -150.31956352]
inrs_hat:  [-35.39051158 -32.57807906 -29.72312195 -22.38804768 -23.38245583
 -39.49591674 -36.17883535 -20.22933718 -36.73597375 -22.87411509
 -33.20933837 -34.34372871 -34.10620842 -30.97695896 -39.32986348]
scheduled_ues:  [ 0  1  2  3  4  5  6  7  8  9 10 11 12 13 14]
(1, 15, 1, 4, 1, 1)
caused INR: -22.232545363331134
TpsAltruisticFromLsfGain + CumulativeIndividualEstimated_INR + -10.0
None
(1, 15, 1, 4, 1, 1)
caused INR: -22.232545363331134
TpsAltruisticFromLsfGain + CumulativeIndividualEstimated_INR + -12.5
None
(1, 15, 1, 4, 1, 1)
caused INR: -22.232545363331134
TpsAltruisticFromLsfGain + CumulativeIndividualEstimated_INR + -15.0
None
(1, 15, 1, 4, 1, 1)
caused INR: -22.232545363331134
TpsRandomic + IndividualEstimated_INR + -10.0
None
ls_gain_coeffs:
[-146.38021162 -136.68518795 -124.96325114 -133.37774773 -128.72455042
 -150.48561678 -131.04158861 -131.21903722 -147.72567379 -133.86381513
 -132.49949306 -128.55908241 -136.61973441 -141.96665901 -133.59207063]
inrs_hat:  [-35.39051158 -25.69548791 -13.9735511  -22.38804768 -17.73485037
 -39.49591674 -20.05188857 -20.22933718 -36.73597375 -22.87411509
 -21.50979302 -17.56938237 -25.63003437 -30.97695896 -22.60237059]
scheduled_ues:  [ 0  1  2  3  4  5  6  7  8  9 10 11 12 13 14]
(1, 15, 1, 4, 1, 1)
caused INR: -16.621405908177042
TpsRandomic + IndividualEstimated_INR + -12.5
None
ls_gain_coeffs:
[-133.67142419 -126.93697393 -126.61723657 -118.14658707 -128.72455042
 -135.13698059 -141.42111821 -119.49443842 -134.92755317 -133.86381513
 -134.57563648 -145.33342876 -136.61973441 -128.63641806 -139.14561253]
inrs_hat:  [-22.68172415 -15.94727389 -15.62753653  -7.15688702 -17.73485037
 -24.14728055 -30.43141817  -8.50473838 -23.93785312 -22.87411509
 -23.58593644 -34.34372871 -25.63003437 -17.64671801 -28.15591249]
scheduled_ues:  [ 0  1  2  4  5  6  8  9 10 11 12 13 14]
(1, 15, 1, 4, 1, 1)
caused INR: -9.94598503118193
TpsRandomic + IndividualEstimated_INR + -15.0
None
ls_gain_coeffs:
[-146.38021162 -126.93697393 -124.96325114 -129.19340674 -118.24061982
 -135.13698059 -147.1685354  -131.21903722 -147.72567379 -123.38131253
 -132.49949306 -136.49407162 -132.65717221 -141.96665901 -140.48012873]
inrs_hat:  [-35.39051158 -15.94727389 -13.9735511  -18.20370669  -7.25091977
 -24.14728055 -36.17883535 -20.22933718 -36.73597375 -12.39161248
 -21.50979302 -25.50437157 -21.66747217 -30.97695896 -29.49042869]
scheduled_ues:  [ 0  1  3  5  6  7  8 10 11 12 13 14]
(1, 15, 1, 4, 1, 1)
caused INR: -10.353990249674217
TpsRandomic + CumulativeIndividualEstimated_INR + -10.0
None
(1, 15, 1, 4, 1, 1)
caused INR: -13.683652992517361
TpsRandomic + CumulativeIndividualEstimated_INR + -12.5
None
(1, 15, 1, 4, 1, 1)
caused INR: -22.511968955125347
TpsRandomic + CumulativeIndividualEstimated_INR + -15.0
None
(1, 15, 1, 4, 1, 1)
caused INR: -28.01092187202739
Iteration number 71
TpsAltruisticFromLsfGain + IndividualEstimated_INR + -10.0
None
ls_gain_coeffs:
[-151.39683299 -127.0971313  -123.84802298 -143.13171704 -139.87840686
 -150.30993754 -129.35186906 -136.33063899 -124.16837714 -145.49843666
 -141.43869161 -136.98885883 -144.05096714 -143.41846613 -137.59859209]
inrs_hat:  [-40.40713295 -16.10743126 -12.85832294 -32.14201699 -28.88870682
 -39.32023749 -18.36216902 -25.34093894 -13.17867709 -34.50873662
 -30.44899157 -25.99915878 -33.0612671  -32.42876609 -26.60889205]
scheduled_ues:  [ 0  1  2  3  4  5  6  7  8  9 10 11 12 13 14]
(1, 15, 1, 4, 1, 1)
caused INR: -14.022616869985626
TpsAltruisticFromLsfGain + IndividualEstimated_INR + -12.5
None
ls_gain_coeffs:
[-151.39683299 -127.0971313  -123.84802298 -143.13171704 -139.87840686
 -150.30993754 -129.35186906 -136.33063899 -124.16837714 -145.49843666
 -141.43869161 -136.98885883 -144.05096714 -143.41846613 -137.59859209]
inrs_hat:  [-40.40713295 -16.10743126 -12.85832294 -32.14201699 -28.88870682
 -39.32023749 -18.36216902 -25.34093894 -13.17867709 -34.50873662
 -30.44899157 -25.99915878 -33.0612671  -32.42876609 -26.60889205]
scheduled_ues:  [ 0  1  2  3  4  5  6  7  8  9 10 11 12 13 14]
(1, 15, 1, 4, 1, 1)
caused INR: -14.022616869985626
TpsAltruisticFromLsfGain + IndividualEstimated_INR + -15.0
None
ls_gain_coeffs:
[-151.39683299 -127.0971313  -123.84802298 -143.13171704 -139.87840686
 -150.30993754 -129.35186906 -136.33063899 -124.16837714 -145.49843666
 -141.43869161 -136.98885883 -144.05096714 -143.41846613 -137.59859209]
inrs_hat:  [-40.40713295 -16.10743126 -12.85832294 -32.14201699 -28.88870682
 -39.32023749 -18.36216902 -25.34093894 -13.17867709 -34.50873662
 -30.44899157 -25.99915878 -33.0612671  -32.42876609 -26.60889205]
scheduled_ues:  [ 0  1  3  4  5  6  7  9 10 11 12 13 14]
(1, 15, 1, 4, 1, 1)
caused INR: -8.675155325684674
TpsAltruisticFromLsfGain + CumulativeIndividualEstimated_INR + -10.0
None
(1, 15, 1, 4, 1, 1)
caused INR: -12.022288616271421
TpsAltruisticFromLsfGain + CumulativeIndividualEstimated_INR + -12.5
None
(1, 15, 1, 4, 1, 1)
caused INR: -8.675155325684674
TpsAltruisticFromLsfGain + CumulativeIndividualEstimated_INR + -15.0
None
(1, 15, 1, 4, 1, 1)
caused INR: -8.980741384695929
TpsRandomic + IndividualEstimated_INR + -10.0
None
ls_gain_coeffs:
[-138.96249132 -127.0971313  -110.16766972 -133.96460351 -139.87840686
 -150.30993754 -129.35186906 -119.56945373 -107.36624114 -132.8125201
 -141.43869161 -122.91347549 -144.05096714 -127.01328266 -137.59859209]
inrs_hat:  [-27.97279127 -16.10743126   0.82203032 -22.97490346 -28.88870682
 -39.32023749 -18.36216902  -8.57975369   3.6234589  -21.82282005
 -30.44899157 -11.92377544 -33.0612671  -16.02358262 -26.60889205]
scheduled_ues:  [ 0  1  3  4  5  6  9 10 11 12 13 14]
(1, 15, 1, 4, 1, 1)
caused INR: -10.478992574877257
TpsRandomic + IndividualEstimated_INR + -12.5
None
ls_gain_coeffs:
[-151.39683299 -127.0971313  -121.98989309 -130.99103869 -139.87840686
 -150.30993754 -112.48188712 -126.85768983 -107.36624114 -145.49843666
 -124.43924922 -120.33714101 -130.94698891 -143.41846613 -136.83646124]
inrs_hat:  [-40.40713295 -16.10743126 -11.00019305 -20.00133865 -28.88870682
 -39.32023749  -1.49218707 -15.86798978   3.6234589  -34.50873662
 -13.44954918  -9.34744097 -19.95728887 -32.42876609 -25.8467612 ]
scheduled_ues:  [ 0  1  3  4  5  7  9 10 12 13 14]
(1, 15, 1, 4, 1, 1)
caused INR: -21.036081726932725
TpsRandomic + IndividualEstimated_INR + -15.0
None
ls_gain_coeffs:
[-151.39683299 -112.49606364 -123.84802298 -133.96460351 -128.00949796
 -138.08136514 -112.48188712 -119.56945373 -107.36624114 -128.556641
 -141.43869161 -136.98885883 -143.0573998  -127.01328266 -124.64890486]
inrs_hat:  [-40.40713295  -1.5063636  -12.85832294 -22.97490346 -17.01979792
 -27.0916651   -1.49218707  -8.57975369   3.6234589  -17.56694096
 -30.44899157 -25.99915878 -32.06769976 -16.02358262 -13.65920481]
scheduled_ues:  [ 0  3  4  5  9 10 11 12 13]
(1, 15, 1, 4, 1, 1)
caused INR: -12.340766887156931
TpsRandomic + CumulativeIndividualEstimated_INR + -10.0
None
(1, 15, 1, 4, 1, 1)
caused INR: -8.251737958903696
TpsRandomic + CumulativeIndividualEstimated_INR + -12.5
None
(1, 15, 1, 4, 1, 1)
caused INR: -9.746041950620587
TpsRandomic + CumulativeIndividualEstimated_INR + -15.0
None
(1, 15, 1, 4, 1, 1)
caused INR: -17.02245415538615
Iteration number 72
TpsAltruisticFromLsfGain + IndividualEstimated_INR + -10.0
None
ls_gain_coeffs:
[-133.06321773 -133.29032077 -121.78047977 -129.31710923 -140.62099893
  -99.48012572 -145.29726359 -125.63886334 -126.39703432 -146.96683641
 -143.33414493 -129.55113182 -145.98792085 -138.49013533 -118.19555481]
inrs_hat:  [-22.07351769 -22.30062073 -10.79077972 -18.32740919 -29.63129888
  11.50957432 -34.30756355 -14.6491633  -15.40733428 -35.97713637
 -32.34444489 -18.56143178 -34.99822081 -27.50043529  -7.20585477]
scheduled_ues:  [ 0  1  2  3  4  6  7  8  9 10 11 12 13]
(1, 15, 1, 4, 1, 1)
caused INR: -18.16152797363792
TpsAltruisticFromLsfGain + IndividualEstimated_INR + -12.5
None
ls_gain_coeffs:
[-133.06321773 -133.29032077 -121.78047977 -129.31710923 -140.62099893
  -99.48012572 -145.29726359 -125.63886334 -126.39703432 -146.96683641
 -143.33414493 -129.55113182 -145.98792085 -138.49013533 -118.19555481]
inrs_hat:  [-22.07351769 -22.30062073 -10.79077972 -18.32740919 -29.63129888
  11.50957432 -34.30756355 -14.6491633  -15.40733428 -35.97713637
 -32.34444489 -18.56143178 -34.99822081 -27.50043529  -7.20585477]
scheduled_ues:  [ 0  1  3  4  6  7  8  9 10 11 12 13]
(1, 15, 1, 4, 1, 1)
caused INR: -14.653150054860342
TpsAltruisticFromLsfGain + IndividualEstimated_INR + -15.0
None
ls_gain_coeffs:
[-133.06321773 -133.29032077 -121.78047977 -129.31710923 -140.62099893
  -99.48012572 -145.29726359 -125.63886334 -126.39703432 -146.96683641
 -143.33414493 -129.55113182 -145.98792085 -138.49013533 -118.19555481]
inrs_hat:  [-22.07351769 -22.30062073 -10.79077972 -18.32740919 -29.63129888
  11.50957432 -34.30756355 -14.6491633  -15.40733428 -35.97713637
 -32.34444489 -18.56143178 -34.99822081 -27.50043529  -7.20585477]
scheduled_ues:  [ 0  1  3  4  6  8  9 10 11 12 13]
(1, 15, 1, 4, 1, 1)
caused INR: -14.983591237992059
TpsAltruisticFromLsfGain + CumulativeIndividualEstimated_INR + -10.0
None
(1, 15, 1, 4, 1, 1)
caused INR: -14.983591237992059
TpsAltruisticFromLsfGain + CumulativeIndividualEstimated_INR + -12.5
None
(1, 15, 1, 4, 1, 1)
caused INR: -38.30922580869129
TpsAltruisticFromLsfGain + CumulativeIndividualEstimated_INR + -15.0
None
(1, 15, 1, 4, 1, 1)
caused INR: -24.35822203390422
TpsRandomic + IndividualEstimated_INR + -10.0
None
ls_gain_coeffs:
[-115.86031247 -133.29032077 -117.20237717 -117.53850596 -127.29761614
  -85.16767527 -131.78001359 -118.84042429 -126.39703432 -139.7816454
 -129.36619305 -116.75863126 -139.53690229 -121.60684859 -103.37587565]
inrs_hat:  [ -4.87061243 -22.30062073  -6.21267713  -6.54880592 -16.3079161
  25.82202477 -20.79031355  -7.85072424 -15.40733428 -28.79194536
 -18.37649301  -5.76893121 -28.54720225 -10.61714854   7.61382439]
scheduled_ues:  [ 1  4  6  8  9 10 12 13]
(1, 15, 1, 4, 1, 1)
caused INR: -7.192729544710987
TpsRandomic + IndividualEstimated_INR + -12.5
None
ls_gain_coeffs:
[-124.22030684 -116.78567473 -121.78047977 -119.783997   -127.29761614
  -99.48012572 -131.78001359 -118.84042429 -111.03753882 -139.7816454
 -143.33414493 -116.93408154 -145.98792085 -126.91393998 -111.06131733]
inrs_hat:  [-13.2306068   -5.79597469 -10.79077972  -8.79429696 -16.3079161
  11.50957432 -20.79031355  -7.85072424  -0.04783878 -28.79194536
 -32.34444489  -5.9443815  -34.99822081 -15.92423993  -0.07161729]
scheduled_ues:  [ 0  4  6  9 10 12 13]
(1, 15, 1, 4, 1, 1)
caused INR: -11.55689631880799
TpsRandomic + IndividualEstimated_INR + -15.0
None
ls_gain_coeffs:
[-133.06321773 -126.02424813 -121.78047977 -119.783997   -127.73850754
  -85.16767527 -131.78001359 -111.58855874 -111.03753882 -133.72708305
 -137.02748436 -116.93408154 -145.98792085 -138.49013533 -118.19555481]
inrs_hat:  [-22.07351769 -15.03454809 -10.79077972  -8.79429696 -16.74880749
  25.82202477 -20.79031355  -0.5988587   -0.04783878 -22.73738301
 -26.03778432  -5.9443815  -34.99822081 -27.50043529  -7.20585477]
scheduled_ues:  [ 0  1  4  6  9 10 12 13]
(1, 15, 1, 4, 1, 1)
caused INR: -5.610166966135122
TpsRandomic + CumulativeIndividualEstimated_INR + -10.0
None
(1, 15, 1, 4, 1, 1)
caused INR: -7.584345965911465
TpsRandomic + CumulativeIndividualEstimated_INR + -12.5
None
(1, 15, 1, 4, 1, 1)
caused INR: -12.929492751567311
TpsRandomic + CumulativeIndividualEstimated_INR + -15.0
None
(1, 15, 1, 4, 1, 1)
caused INR: -14.86017597829709
Iteration number 73
TpsAltruisticFromLsfGain + IndividualEstimated_INR + -10.0
None
ls_gain_coeffs:
[-138.84187673 -123.17254378 -146.62114594 -148.3355002  -120.54649874
 -118.6480236  -143.12739425 -131.37125607 -147.59324137 -145.56875794
 -148.12618167 -141.84336174 -133.57063772 -136.76667377 -150.96371823]
inrs_hat:  [-27.85217668 -12.18284374 -35.6314459  -37.34580016  -9.5567987
  -7.65832356 -32.13769421 -20.38155602 -36.60354132 -34.5790579
 -37.13648163 -30.8536617  -22.58093768 -25.77697373 -39.97401819]
scheduled_ues:  [ 0  1  2  3  6  7  8  9 10 11 12 13 14]
(1, 15, 1, 4, 1, 1)
caused INR: -5.525204027639187
TpsAltruisticFromLsfGain + IndividualEstimated_INR + -12.5
None
ls_gain_coeffs:
[-138.84187673 -123.17254378 -146.62114594 -148.3355002  -120.54649874
 -118.6480236  -143.12739425 -131.37125607 -147.59324137 -145.56875794
 -148.12618167 -141.84336174 -133.57063772 -136.76667377 -150.96371823]
inrs_hat:  [-27.85217668 -12.18284374 -35.6314459  -37.34580016  -9.5567987
  -7.65832356 -32.13769421 -20.38155602 -36.60354132 -34.5790579
 -37.13648163 -30.8536617  -22.58093768 -25.77697373 -39.97401819]
scheduled_ues:  [ 0  2  3  6  7  8  9 10 11 12 13 14]
(1, 15, 1, 4, 1, 1)
caused INR: -19.590150200770058
TpsAltruisticFromLsfGain + IndividualEstimated_INR + -15.0
None
ls_gain_coeffs:
[-138.84187673 -123.17254378 -146.62114594 -148.3355002  -120.54649874
 -118.6480236  -143.12739425 -131.37125607 -147.59324137 -145.56875794
 -148.12618167 -141.84336174 -133.57063772 -136.76667377 -150.96371823]
inrs_hat:  [-27.85217668 -12.18284374 -35.6314459  -37.34580016  -9.5567987
  -7.65832356 -32.13769421 -20.38155602 -36.60354132 -34.5790579
 -37.13648163 -30.8536617  -22.58093768 -25.77697373 -39.97401819]
scheduled_ues:  [ 0  2  3  6  7  8  9 10 11 12 13 14]
(1, 15, 1, 4, 1, 1)
caused INR: -19.590150200770058
TpsAltruisticFromLsfGain + CumulativeIndividualEstimated_INR + -10.0
None
(1, 15, 1, 4, 1, 1)
caused INR: -5.525204027639187
TpsAltruisticFromLsfGain + CumulativeIndividualEstimated_INR + -12.5
None
(1, 15, 1, 4, 1, 1)
caused INR: -19.590150200770058
TpsAltruisticFromLsfGain + CumulativeIndividualEstimated_INR + -15.0
None
(1, 15, 1, 4, 1, 1)
caused INR: -19.590150200770058
TpsRandomic + IndividualEstimated_INR + -10.0
None
ls_gain_coeffs:
[-122.02854125 -106.55828209 -138.20010221 -131.59157013 -109.82071184
 -118.6480236  -142.71871579 -118.67773946 -135.01967947 -128.78125129
 -137.71126666 -136.10899155 -133.57063772 -120.46243279 -134.63413306]
inrs_hat:  [-11.03884121   4.43141795 -27.21040216 -20.60187008   1.16898821
  -7.65832356 -31.72901575  -7.68803941 -24.02997943 -17.79155124
 -26.72156661 -25.11929151 -22.58093768  -9.47273275 -23.64443302]
scheduled_ues:  [ 0  2  3  6  8  9 10 11 12 14]
(1, 15, 1, 4, 1, 1)
caused INR: -15.342708648647703
TpsRandomic + IndividualEstimated_INR + -12.5
None
ls_gain_coeffs:
[-131.05285976 -123.17254378 -134.05620213 -139.82845034 -120.54649874
 -100.62718543 -130.41334195 -118.67773946 -147.59324137 -133.48532496
 -137.59946688 -125.7059685  -119.37614712 -122.39375328 -137.65509753]
inrs_hat:  [-20.06315972 -12.18284374 -23.06650208 -28.8387503   -9.5567987
  10.36251462 -19.4236419   -7.68803941 -36.60354132 -22.49562492
 -26.60976684 -14.71626846  -8.38644707 -11.40405324 -26.66539749]
scheduled_ues:  [ 0  2  3  6  8  9 10 11 14]
(1, 15, 1, 4, 1, 1)
caused INR: -25.751874820806332
TpsRandomic + IndividualEstimated_INR + -15.0
None
ls_gain_coeffs:
[-131.05285976 -123.17254378 -134.05620213 -139.82845034 -120.54649874
 -108.89219666 -130.5495681  -118.42582285 -147.59324137 -145.56875794
 -131.43456677 -127.74454545 -128.07999462 -120.46243279 -150.96371823]
inrs_hat:  [-20.06315972 -12.18284374 -23.06650208 -28.8387503   -9.5567987
   2.09750339 -19.55986806  -7.4361228  -36.60354132 -34.5790579
 -20.44486673 -16.75484541 -17.09029458  -9.47273275 -39.97401819]
scheduled_ues:  [ 0  2  3  6  8  9 10 11 12 14]
(1, 15, 1, 4, 1, 1)
caused INR: -13.222706305571595
TpsRandomic + CumulativeIndividualEstimated_INR + -10.0
None
(1, 15, 1, 4, 1, 1)
caused INR: -28.24779322460123
TpsRandomic + CumulativeIndividualEstimated_INR + -12.5
None
(1, 15, 1, 4, 1, 1)
caused INR: -15.206897397648033
TpsRandomic + CumulativeIndividualEstimated_INR + -15.0
None
(1, 15, 1, 4, 1, 1)
caused INR: -27.520517712047955
Iteration number 74
TpsAltruisticFromLsfGain + IndividualEstimated_INR + -10.0
None
ls_gain_coeffs:
[-148.35199505 -133.92794891 -135.03416009 -137.1187315  -132.57001518
 -142.9840654  -142.37119005 -146.91267551 -133.09538841 -140.91879122
 -137.64397983 -130.07907118 -130.2293788  -145.34383041 -140.16796442]
inrs_hat:  [-37.362295   -22.93824887 -24.04446005 -26.12903146 -21.58031513
 -31.99436536 -31.38149001 -35.92297546 -22.10568836 -29.92909117
 -26.65427978 -19.08937114 -19.23967876 -34.35413037 -29.17826437]
scheduled_ues:  [ 0  1  2  3  4  5  6  7  8  9 10 11 12 13 14]
(1, 15, 1, 4, 1, 1)
caused INR: -15.404860136960929
TpsAltruisticFromLsfGain + IndividualEstimated_INR + -12.5
None
ls_gain_coeffs:
[-148.35199505 -133.92794891 -135.03416009 -137.1187315  -132.57001518
 -142.9840654  -142.37119005 -146.91267551 -133.09538841 -140.91879122
 -137.64397983 -130.07907118 -130.2293788  -145.34383041 -140.16796442]
inrs_hat:  [-37.362295   -22.93824887 -24.04446005 -26.12903146 -21.58031513
 -31.99436536 -31.38149001 -35.92297546 -22.10568836 -29.92909117
 -26.65427978 -19.08937114 -19.23967876 -34.35413037 -29.17826437]
scheduled_ues:  [ 0  1  2  3  4  5  6  7  8  9 10 11 12 13 14]
(1, 15, 1, 4, 1, 1)
caused INR: -15.404860136960929
TpsAltruisticFromLsfGain + IndividualEstimated_INR + -15.0
None
ls_gain_coeffs:
[-148.35199505 -133.92794891 -135.03416009 -137.1187315  -132.57001518
 -142.9840654  -142.37119005 -146.91267551 -133.09538841 -140.91879122
 -137.64397983 -130.07907118 -130.2293788  -145.34383041 -140.16796442]
inrs_hat:  [-37.362295   -22.93824887 -24.04446005 -26.12903146 -21.58031513
 -31.99436536 -31.38149001 -35.92297546 -22.10568836 -29.92909117
 -26.65427978 -19.08937114 -19.23967876 -34.35413037 -29.17826437]
scheduled_ues:  [ 0  1  2  3  4  5  6  7  8  9 10 11 12 13 14]
(1, 15, 1, 4, 1, 1)
caused INR: -15.404860136960929
TpsAltruisticFromLsfGain + CumulativeIndividualEstimated_INR + -10.0
None
(1, 15, 1, 4, 1, 1)
caused INR: -15.404860136960929
TpsAltruisticFromLsfGain + CumulativeIndividualEstimated_INR + -12.5
None
(1, 15, 1, 4, 1, 1)
caused INR: -15.404860136960929
TpsAltruisticFromLsfGain + CumulativeIndividualEstimated_INR + -15.0
None
(1, 15, 1, 4, 1, 1)
caused INR: -27.480238703832768
TpsRandomic + IndividualEstimated_INR + -10.0
None
ls_gain_coeffs:
[-148.35199505 -121.32194069 -119.88078717 -133.75049647 -122.32521841
 -126.71700432 -136.30950921 -130.54992103 -133.09538841 -123.95540044
 -124.90686771 -123.97406384 -116.44696438 -145.34383041 -126.4056363 ]
inrs_hat:  [-37.362295   -10.33224065  -8.89108712 -22.76079642 -11.33551837
 -15.72730428 -25.31980917 -19.56022099 -22.10568836 -12.9657004
 -13.91716766 -12.9843638   -5.45726434 -34.35413037 -15.41593626]
scheduled_ues:  [ 0  1  3  4  5  6  7  8  9 10 11 13 14]
(1, 15, 1, 4, 1, 1)
caused INR: -8.17851306954241
TpsRandomic + IndividualEstimated_INR + -12.5
None
ls_gain_coeffs:
[-148.35199505 -121.32194069 -121.23667363 -123.55438649 -122.32521841
 -129.00299923 -142.37119005 -133.68900218 -116.24782904 -129.44258278
 -129.87939124 -115.99616982 -116.44696438 -130.65885889 -123.44881124]
inrs_hat:  [-37.362295   -10.33224065 -10.24697359 -12.56468644 -11.33551837
 -18.01329919 -31.38149001 -22.69930214  -5.258129   -18.45288274
 -18.8896912   -5.00646978  -5.45726434 -19.66915885 -12.4591112 ]
scheduled_ues:  [ 0  3  5  6  7  9 10 13]
(1, 15, 1, 4, 1, 1)
caused INR: -13.917362653450079
TpsRandomic + IndividualEstimated_INR + -15.0
None
ls_gain_coeffs:
[-148.35199505 -121.32194069 -135.03416009 -123.55438649 -122.32521841
 -142.9840654  -128.26908467 -139.85243988 -122.48375765 -123.95540044
 -121.17232947 -130.07907118 -130.2293788  -130.65885889 -123.44881124]
inrs_hat:  [-37.362295   -10.33224065 -24.04446005 -12.56468644 -11.33551837
 -31.99436536 -17.27938463 -28.86273984 -11.4940576  -12.9657004
 -10.18262943 -19.08937114 -19.23967876 -19.66915885 -12.4591112 ]
scheduled_ues:  [ 0  2  5  6  7 11 12 13]
(1, 15, 1, 4, 1, 1)
caused INR: -8.269147869256532
TpsRandomic + CumulativeIndividualEstimated_INR + -10.0
None
(1, 15, 1, 4, 1, 1)
caused INR: -11.588344784339322
TpsRandomic + CumulativeIndividualEstimated_INR + -12.5
None
(1, 15, 1, 4, 1, 1)
caused INR: -14.027923549760061
TpsRandomic + CumulativeIndividualEstimated_INR + -15.0
None
(1, 15, 1, 4, 1, 1)
caused INR: -31.06117166989926
Iteration number 75
TpsAltruisticFromLsfGain + IndividualEstimated_INR + -10.0
None
ls_gain_coeffs:
[-131.60490077 -145.89400206 -140.0024693  -145.50189067 -140.61940879
 -142.5547228  -133.34687656 -144.15967996 -136.1393791  -142.50216807
 -124.96970387 -148.17903699 -139.44547007 -126.2279605  -140.14346213]
inrs_hat:  [-20.61520072 -34.90430201 -29.01276926 -34.51219063 -29.62970875
 -31.56502276 -22.35717652 -33.16997992 -25.14967906 -31.51246802
 -13.98000383 -37.18933695 -28.45577002 -15.23826045 -29.15376208]
scheduled_ues:  [ 0  1  2  3  4  5  6  7  8  9 10 11 12 13 14]
(1, 15, 1, 4, 1, 1)
caused INR: -12.747337769608741
TpsAltruisticFromLsfGain + IndividualEstimated_INR + -12.5
None
ls_gain_coeffs:
[-131.60490077 -145.89400206 -140.0024693  -145.50189067 -140.61940879
 -142.5547228  -133.34687656 -144.15967996 -136.1393791  -142.50216807
 -124.96970387 -148.17903699 -139.44547007 -126.2279605  -140.14346213]
inrs_hat:  [-20.61520072 -34.90430201 -29.01276926 -34.51219063 -29.62970875
 -31.56502276 -22.35717652 -33.16997992 -25.14967906 -31.51246802
 -13.98000383 -37.18933695 -28.45577002 -15.23826045 -29.15376208]
scheduled_ues:  [ 0  1  2  3  4  5  6  7  8  9 10 11 12 13 14]
(1, 15, 1, 4, 1, 1)
caused INR: -12.747337769608741
TpsAltruisticFromLsfGain + IndividualEstimated_INR + -15.0
None
ls_gain_coeffs:
[-131.60490077 -145.89400206 -140.0024693  -145.50189067 -140.61940879
 -142.5547228  -133.34687656 -144.15967996 -136.1393791  -142.50216807
 -124.96970387 -148.17903699 -139.44547007 -126.2279605  -140.14346213]
inrs_hat:  [-20.61520072 -34.90430201 -29.01276926 -34.51219063 -29.62970875
 -31.56502276 -22.35717652 -33.16997992 -25.14967906 -31.51246802
 -13.98000383 -37.18933695 -28.45577002 -15.23826045 -29.15376208]
scheduled_ues:  [ 0  1  2  3  4  5  6  7  8  9 11 12 13 14]
(1, 15, 1, 4, 1, 1)
caused INR: -9.318747582307228
TpsAltruisticFromLsfGain + CumulativeIndividualEstimated_INR + -10.0
None
(1, 15, 1, 4, 1, 1)
caused INR: -12.747337769608741
TpsAltruisticFromLsfGain + CumulativeIndividualEstimated_INR + -12.5
None
(1, 15, 1, 4, 1, 1)
caused INR: -9.318747582307228
TpsAltruisticFromLsfGain + CumulativeIndividualEstimated_INR + -15.0
None
(1, 15, 1, 4, 1, 1)
caused INR: -18.079184821657567
TpsRandomic + IndividualEstimated_INR + -10.0
None
ls_gain_coeffs:
[-120.41856051 -134.04044432 -133.55585018 -145.50189067 -123.70116278
 -128.3393991  -133.34687656 -127.27548704 -135.95078287 -135.5631475
 -116.89502821 -134.13435246 -123.41309611 -126.2279605  -128.02453161]
inrs_hat:  [ -9.42886047 -23.05074428 -22.56615014 -34.51219063 -12.71146274
 -17.34969906 -22.35717652 -16.28578699 -24.96108282 -24.57344745
  -5.90532816 -23.14465242 -12.42339607 -15.23826045 -17.03483156]
scheduled_ues:  [ 1  2  3  4  5  6  7  8  9 11 12 13 14]
(1, 15, 1, 4, 1, 1)
caused INR: -3.9192964123895404
TpsRandomic + IndividualEstimated_INR + -12.5
None
ls_gain_coeffs:
[-131.60490077 -136.83601292 -140.0024693  -144.80345546 -132.03912562
 -128.3393991  -124.05232957 -131.5893325  -135.95078287 -142.50216807
 -124.96970387 -132.53126793 -123.41309611 -126.2279605  -123.51915479]
inrs_hat:  [-20.61520072 -25.84631287 -29.01276926 -33.81375541 -21.04942558
 -17.34969906 -13.06262952 -20.59963246 -24.96108282 -31.51246802
 -13.98000383 -21.54156788 -12.42339607 -15.23826045 -12.52945475]
scheduled_ues:  [ 0  1  2  3  4  5  6  7  8  9 10 11 13 14]
(1, 15, 1, 4, 1, 1)
caused INR: -6.250449124205276
TpsRandomic + IndividualEstimated_INR + -15.0
None
ls_gain_coeffs:
[-120.41856051 -145.89400206 -125.94662222 -132.82747893 -127.80479993
 -126.44492675 -116.02681187 -144.15967996 -123.57204828 -142.50216807
 -111.8106583  -134.13435246 -139.44547007 -115.19883441 -123.51915479]
inrs_hat:  [ -9.42886047 -34.90430201 -14.95692218 -21.83777889 -16.81509989
 -15.45522671  -5.03711183 -33.16997992 -12.58234824 -31.51246802
  -0.82095826 -23.14465242 -28.45577002  -4.20913437 -12.52945475]
scheduled_ues:  [ 1  3  4  5  7  9 11 12]
(1, 15, 1, 4, 1, 1)
caused INR: -14.212288328345359
TpsRandomic + CumulativeIndividualEstimated_INR + -10.0
None
(1, 15, 1, 4, 1, 1)
caused INR: -9.538262942249036
TpsRandomic + CumulativeIndividualEstimated_INR + -12.5
None
(1, 15, 1, 4, 1, 1)
caused INR: -15.11298921563915
TpsRandomic + CumulativeIndividualEstimated_INR + -15.0
None
(1, 15, 1, 4, 1, 1)
caused INR: -15.473943698564963
Iteration number 76
TpsAltruisticFromLsfGain + IndividualEstimated_INR + -10.0
None
ls_gain_coeffs:
[-133.40812947 -148.00439868 -140.47786703 -146.90515273 -131.3326876
 -147.79641465 -136.32715681 -139.47424576 -134.35397058 -146.27366068
 -139.60566686 -145.11793515 -145.04018343 -130.99838433 -131.76223118]
inrs_hat:  [-22.41842942 -37.01469864 -29.48816698 -35.91545269 -20.34298756
 -36.80671461 -25.33745677 -28.48454572 -23.36427054 -35.28396064
 -28.61596682 -34.12823511 -34.05048339 -20.00868429 -20.77253114]
scheduled_ues:  [ 0  1  2  3  4  5  6  7  8  9 10 11 12 13 14]
(1, 15, 1, 4, 1, 1)
caused INR: -25.791952452233772
TpsAltruisticFromLsfGain + IndividualEstimated_INR + -12.5
None
ls_gain_coeffs:
[-133.40812947 -148.00439868 -140.47786703 -146.90515273 -131.3326876
 -147.79641465 -136.32715681 -139.47424576 -134.35397058 -146.27366068
 -139.60566686 -145.11793515 -145.04018343 -130.99838433 -131.76223118]
inrs_hat:  [-22.41842942 -37.01469864 -29.48816698 -35.91545269 -20.34298756
 -36.80671461 -25.33745677 -28.48454572 -23.36427054 -35.28396064
 -28.61596682 -34.12823511 -34.05048339 -20.00868429 -20.77253114]
scheduled_ues:  [ 0  1  2  3  4  5  6  7  8  9 10 11 12 13 14]
(1, 15, 1, 4, 1, 1)
caused INR: -25.791952452233772
TpsAltruisticFromLsfGain + IndividualEstimated_INR + -15.0
None
ls_gain_coeffs:
[-133.40812947 -148.00439868 -140.47786703 -146.90515273 -131.3326876
 -147.79641465 -136.32715681 -139.47424576 -134.35397058 -146.27366068
 -139.60566686 -145.11793515 -145.04018343 -130.99838433 -131.76223118]
inrs_hat:  [-22.41842942 -37.01469864 -29.48816698 -35.91545269 -20.34298756
 -36.80671461 -25.33745677 -28.48454572 -23.36427054 -35.28396064
 -28.61596682 -34.12823511 -34.05048339 -20.00868429 -20.77253114]
scheduled_ues:  [ 0  1  2  3  4  5  6  7  8  9 10 11 12 13 14]
(1, 15, 1, 4, 1, 1)
caused INR: -25.791952452233772
TpsAltruisticFromLsfGain + CumulativeIndividualEstimated_INR + -10.0
None
(1, 15, 1, 4, 1, 1)
caused INR: -25.791952452233772
TpsAltruisticFromLsfGain + CumulativeIndividualEstimated_INR + -12.5
None
(1, 15, 1, 4, 1, 1)
caused INR: -25.791952452233772
TpsAltruisticFromLsfGain + CumulativeIndividualEstimated_INR + -15.0
None
(1, 15, 1, 4, 1, 1)
caused INR: -23.15405549850162
TpsRandomic + IndividualEstimated_INR + -10.0
None
ls_gain_coeffs:
[-133.40812947 -134.44481768 -140.47786703 -146.90515273 -116.66706356
 -139.13804114 -136.32715681 -123.51340403 -134.35397058 -146.27366068
 -123.01456593 -128.53526784 -145.04018343 -117.94544513 -131.76223118]
inrs_hat:  [-22.41842942 -23.45511763 -29.48816698 -35.91545269  -5.67736352
 -28.14834109 -25.33745677 -12.52370399 -23.36427054 -35.28396064
 -12.02486589 -17.5455678  -34.05048339  -6.95574509 -20.77253114]
scheduled_ues:  [ 0  1  2  3  5  6  7  8  9 10 11 12 14]
(1, 15, 1, 4, 1, 1)
caused INR: -9.197275442030092
TpsRandomic + IndividualEstimated_INR + -12.5
None
ls_gain_coeffs:
[-133.40812947 -131.57639754 -140.47786703 -130.61048661 -114.36204222
 -131.11824256 -136.32715681 -139.47424576 -134.35397058 -137.97908376
 -130.58364126 -128.53526784 -145.04018343 -117.94544513 -121.04138983]
inrs_hat:  [-22.41842942 -20.5866975  -29.48816698 -19.62078656  -3.37234217
 -20.12854251 -25.33745677 -28.48454572 -23.36427054 -26.98938371
 -19.59394122 -17.5455678  -34.05048339  -6.95574509 -10.05168979]
scheduled_ues:  [ 0  1  2  3  5  6  7  8  9 10 11 12]
(1, 15, 1, 4, 1, 1)
caused INR: -22.61910013198385
TpsRandomic + IndividualEstimated_INR + -15.0
None
ls_gain_coeffs:
[-118.94446307 -134.44481768 -140.47786703 -130.61048661 -114.36204222
 -135.54004397 -128.83453804 -139.47424576 -124.86501102 -137.97908376
 -127.88709061 -136.97548114 -128.84719455 -117.94544513 -119.76593449]
inrs_hat:  [ -7.95476303 -23.45511763 -29.48816698 -19.62078656  -3.37234217
 -24.55034393 -17.844838   -28.48454572 -13.87531097 -26.98938371
 -16.89739057 -25.9857811  -17.85749451  -6.95574509  -8.77623445]
scheduled_ues:  [ 1  2  3  5  6  7  9 10 11 12]
(1, 15, 1, 4, 1, 1)
caused INR: -11.565064979129549
TpsRandomic + CumulativeIndividualEstimated_INR + -10.0
None
(1, 15, 1, 4, 1, 1)
caused INR: -21.784399776997216
TpsRandomic + CumulativeIndividualEstimated_INR + -12.5
None
(1, 15, 1, 4, 1, 1)
caused INR: -12.801420797590197
TpsRandomic + CumulativeIndividualEstimated_INR + -15.0
None
(1, 15, 1, 4, 1, 1)
caused INR: -17.842786815449674
Iteration number 77
TpsAltruisticFromLsfGain + IndividualEstimated_INR + -10.0
None
ls_gain_coeffs:
[-140.89488926 -145.42247117 -132.20355837 -143.1998297  -143.56187934
 -139.84703664 -146.09565423 -138.79894558 -142.22717222 -145.65659479
 -125.33717453 -139.32410842 -124.7301023  -127.23419158 -136.84541241]
inrs_hat:  [-29.90518921 -34.43277113 -21.21385833 -32.21012965 -32.5721793
 -28.8573366  -35.10595418 -27.80924554 -31.23747217 -34.66689475
 -14.34747449 -28.33440837 -13.74040225 -16.24449154 -25.85571237]
scheduled_ues:  [ 0  1  2  3  4  5  6  7  8  9 10 11 12 13 14]
(1, 15, 1, 4, 1, 1)
caused INR: -8.702868476475151
TpsAltruisticFromLsfGain + IndividualEstimated_INR + -12.5
None
ls_gain_coeffs:
[-140.89488926 -145.42247117 -132.20355837 -143.1998297  -143.56187934
 -139.84703664 -146.09565423 -138.79894558 -142.22717222 -145.65659479
 -125.33717453 -139.32410842 -124.7301023  -127.23419158 -136.84541241]
inrs_hat:  [-29.90518921 -34.43277113 -21.21385833 -32.21012965 -32.5721793
 -28.8573366  -35.10595418 -27.80924554 -31.23747217 -34.66689475
 -14.34747449 -28.33440837 -13.74040225 -16.24449154 -25.85571237]
scheduled_ues:  [ 0  1  2  3  4  5  6  7  8  9 10 11 12 13 14]
(1, 15, 1, 4, 1, 1)
caused INR: -8.702868476475151
TpsAltruisticFromLsfGain + IndividualEstimated_INR + -15.0
None
ls_gain_coeffs:
[-140.89488926 -145.42247117 -132.20355837 -143.1998297  -143.56187934
 -139.84703664 -146.09565423 -138.79894558 -142.22717222 -145.65659479
 -125.33717453 -139.32410842 -124.7301023  -127.23419158 -136.84541241]
inrs_hat:  [-29.90518921 -34.43277113 -21.21385833 -32.21012965 -32.5721793
 -28.8573366  -35.10595418 -27.80924554 -31.23747217 -34.66689475
 -14.34747449 -28.33440837 -13.74040225 -16.24449154 -25.85571237]
scheduled_ues:  [ 0  1  2  3  4  5  6  7  8  9 11 13 14]
(1, 15, 1, 4, 1, 1)
caused INR: -12.634726967895862
TpsAltruisticFromLsfGain + CumulativeIndividualEstimated_INR + -10.0
None
(1, 15, 1, 4, 1, 1)
caused INR: -11.843679567043804
TpsAltruisticFromLsfGain + CumulativeIndividualEstimated_INR + -12.5
None
(1, 15, 1, 4, 1, 1)
caused INR: -12.634726967895862
TpsAltruisticFromLsfGain + CumulativeIndividualEstimated_INR + -15.0
None
(1, 15, 1, 4, 1, 1)
caused INR: -21.183465127038268
TpsRandomic + IndividualEstimated_INR + -10.0
None
ls_gain_coeffs:
[-126.54007898 -145.42247117 -132.20355837 -134.30617819 -127.00932179
 -123.33351623 -146.09565423 -124.85548532 -127.58290003 -143.13501787
 -125.33717453 -139.32410842 -124.7301023  -122.28564909 -127.18886705]
inrs_hat:  [-15.55037894 -34.43277113 -21.21385833 -23.31647814 -16.01962175
 -12.34381618 -35.10595418 -13.86578527 -16.59319998 -32.14531783
 -14.34747449 -28.33440837 -13.74040225 -11.29594905 -16.199167  ]
scheduled_ues:  [ 0  1  2  3  4  5  6  7  8  9 10 11 12 13 14]
(1, 15, 1, 4, 1, 1)
caused INR: -4.571931720525902
TpsRandomic + IndividualEstimated_INR + -12.5
None
ls_gain_coeffs:
[-135.15525842 -139.23884505 -132.20355837 -143.1998297  -143.56187934
 -139.84703664 -140.85434974 -138.79894558 -138.92316393 -132.37446915
 -114.12436919 -122.75952701 -105.91590187 -122.28564909 -124.42400247]
inrs_hat:  [-24.16555838 -28.249145   -21.21385833 -32.21012965 -32.5721793
 -28.8573366  -29.8646497  -27.80924554 -27.93346389 -21.38476911
  -3.13466915 -11.76982697   5.07379817 -11.29594905 -13.43430242]
scheduled_ues:  [ 0  1  2  3  4  5  6  7  8  9 14]
(1, 15, 1, 4, 1, 1)
caused INR: -10.931125244927124
TpsRandomic + IndividualEstimated_INR + -15.0
None
ls_gain_coeffs:
[-124.6268687  -131.31023314 -132.20355837 -126.45642278 -136.22870868
 -139.84703664 -146.09565423 -138.79894558 -127.58290003 -145.65659479
 -114.12436919 -130.64836454 -124.7301023  -113.14307742 -136.84541241]
inrs_hat:  [-13.63716866 -20.3205331  -21.21385833 -15.46672274 -25.23900864
 -28.8573366  -35.10595418 -27.80924554 -16.59319998 -34.66689475
  -3.13466915 -19.65866449 -13.74040225  -2.15337737 -25.85571237]
scheduled_ues:  [ 1  2  3  4  5  6  7  8  9 11 14]
(1, 15, 1, 4, 1, 1)
caused INR: -8.639484272980372
TpsRandomic + CumulativeIndividualEstimated_INR + -10.0
None
(1, 15, 1, 4, 1, 1)
caused INR: -15.33084667722001
TpsRandomic + CumulativeIndividualEstimated_INR + -12.5
None
(1, 15, 1, 4, 1, 1)
caused INR: -18.790881830132637
TpsRandomic + CumulativeIndividualEstimated_INR + -15.0
None
(1, 15, 1, 4, 1, 1)
caused INR: -16.787539023725785
Iteration number 78
TpsAltruisticFromLsfGain + IndividualEstimated_INR + -10.0
None
ls_gain_coeffs:
[-145.67088924 -147.45156699 -131.17164409 -135.66323069 -141.73489246
 -139.7548169  -145.41060398 -137.12289173 -130.71206499 -131.48480271
 -142.0251869  -141.24101526 -138.22115791 -143.35574466 -138.33731653]
inrs_hat:  [-34.6811892  -36.46186694 -20.18194405 -24.67353065 -30.74519241
 -28.76511685 -34.42090393 -26.13319168 -19.72236495 -20.49510267
 -31.03548686 -30.25131522 -27.23145787 -32.36604462 -27.34761649]
scheduled_ues:  [ 0  1  2  3  4  5  6  7  8  9 10 11 12 13 14]
(1, 15, 1, 4, 1, 1)
caused INR: -14.256776163260998
TpsAltruisticFromLsfGain + IndividualEstimated_INR + -12.5
None
ls_gain_coeffs:
[-145.67088924 -147.45156699 -131.17164409 -135.66323069 -141.73489246
 -139.7548169  -145.41060398 -137.12289173 -130.71206499 -131.48480271
 -142.0251869  -141.24101526 -138.22115791 -143.35574466 -138.33731653]
inrs_hat:  [-34.6811892  -36.46186694 -20.18194405 -24.67353065 -30.74519241
 -28.76511685 -34.42090393 -26.13319168 -19.72236495 -20.49510267
 -31.03548686 -30.25131522 -27.23145787 -32.36604462 -27.34761649]
scheduled_ues:  [ 0  1  2  3  4  5  6  7  8  9 10 11 12 13 14]
(1, 15, 1, 4, 1, 1)
caused INR: -14.256776163260998
TpsAltruisticFromLsfGain + IndividualEstimated_INR + -15.0
None
ls_gain_coeffs:
[-145.67088924 -147.45156699 -131.17164409 -135.66323069 -141.73489246
 -139.7548169  -145.41060398 -137.12289173 -130.71206499 -131.48480271
 -142.0251869  -141.24101526 -138.22115791 -143.35574466 -138.33731653]
inrs_hat:  [-34.6811892  -36.46186694 -20.18194405 -24.67353065 -30.74519241
 -28.76511685 -34.42090393 -26.13319168 -19.72236495 -20.49510267
 -31.03548686 -30.25131522 -27.23145787 -32.36604462 -27.34761649]
scheduled_ues:  [ 0  1  2  3  4  5  6  7  8  9 10 11 12 13 14]
(1, 15, 1, 4, 1, 1)
caused INR: -14.256776163260998
TpsAltruisticFromLsfGain + CumulativeIndividualEstimated_INR + -10.0
None
(1, 15, 1, 4, 1, 1)
caused INR: -14.256776163260998
TpsAltruisticFromLsfGain + CumulativeIndividualEstimated_INR + -12.5
None
(1, 15, 1, 4, 1, 1)
caused INR: -14.256776163260998
TpsAltruisticFromLsfGain + CumulativeIndividualEstimated_INR + -15.0
None
(1, 15, 1, 4, 1, 1)
caused INR: -24.312662055228557
TpsRandomic + IndividualEstimated_INR + -10.0
None
ls_gain_coeffs:
[-145.67088924 -143.00642387 -118.40116313 -121.8620801  -141.73489246
 -139.7548169  -139.58091142 -137.12289173 -130.71206499 -131.48480271
 -130.91737613 -141.24101526 -121.46924504 -142.60213394 -134.13887011]
inrs_hat:  [-34.6811892  -32.01672383  -7.41146308 -10.87238006 -30.74519241
 -28.76511685 -28.59121137 -26.13319168 -19.72236495 -20.49510267
 -19.92767609 -30.25131522 -10.479545   -31.6124339  -23.14917007]
scheduled_ues:  [ 0  1  3  4  5  6  7  8  9 10 11 12 13 14]
(1, 15, 1, 4, 1, 1)
caused INR: -2.320681590123364
TpsRandomic + IndividualEstimated_INR + -12.5
None
ls_gain_coeffs:
[-145.67088924 -133.52825262 -130.67832264 -121.8620801  -125.35124775
 -126.11493901 -145.41060398 -120.06409865 -115.38115967 -131.48480271
 -142.0251869  -141.24101526 -124.86083556 -130.66294109 -123.09675225]
inrs_hat:  [-34.6811892  -22.53855257 -19.6886226  -10.87238006 -14.3615477
 -15.12523897 -34.42090393  -9.07439861  -4.39145963 -20.49510267
 -31.03548686 -30.25131522 -13.87113552 -19.67324105 -12.10705221]
scheduled_ues:  [ 0  1  2  4  5  6  9 10 11 12 13]
(1, 15, 1, 4, 1, 1)
caused INR: -4.754370994849736
TpsRandomic + IndividualEstimated_INR + -15.0
None
ls_gain_coeffs:
[-145.67088924 -143.00642387 -118.56560361 -121.8620801  -141.73489246
 -133.51434415 -131.47747885 -127.0813907  -116.82581233 -116.63045253
 -131.79569006 -137.6237332  -138.22115791 -130.41173751 -134.13887011]
inrs_hat:  [-34.6811892  -32.01672383  -7.57590357 -10.87238006 -30.74519241
 -22.5246441  -20.48777881 -16.09169065  -5.83611229  -5.64075248
 -20.80599002 -26.63403316 -27.23145787 -19.42203747 -23.14917007]
scheduled_ues:  [ 0  1  4  5  6  7 10 11 12 13 14]
(1, 15, 1, 4, 1, 1)
caused INR: -12.035992107269315
TpsRandomic + CumulativeIndividualEstimated_INR + -10.0
None
(1, 15, 1, 4, 1, 1)
caused INR: -14.268958349063581
TpsRandomic + CumulativeIndividualEstimated_INR + -12.5
None
(1, 15, 1, 4, 1, 1)
caused INR: -14.033825847255265
TpsRandomic + CumulativeIndividualEstimated_INR + -15.0
None
(1, 15, 1, 4, 1, 1)
caused INR: -25.986268348907764
Iteration number 79
TpsAltruisticFromLsfGain + IndividualEstimated_INR + -10.0
None
ls_gain_coeffs:
[-131.68481243 -147.56721945 -119.80469714 -146.86208953 -147.82021033
 -140.14916836 -141.72236184 -141.5116208  -127.50818289 -142.86611179
 -124.91520729 -134.88239033 -140.41324107 -146.60696466 -135.78408023]
inrs_hat:  [-20.69511239 -36.57751941  -8.8149971  -35.87238949 -36.83051029
 -29.15946832 -30.7326618  -30.52192075 -16.51848284 -31.87641174
 -13.92550725 -23.89269029 -29.42354103 -35.61726462 -24.79438019]
scheduled_ues:  [ 0  1  3  4  5  6  7  8  9 10 11 12 13 14]
(1, 15, 1, 4, 1, 1)
caused INR: -2.969241527283687
TpsAltruisticFromLsfGain + IndividualEstimated_INR + -12.5
None
ls_gain_coeffs:
[-131.68481243 -147.56721945 -119.80469714 -146.86208953 -147.82021033
 -140.14916836 -141.72236184 -141.5116208  -127.50818289 -142.86611179
 -124.91520729 -134.88239033 -140.41324107 -146.60696466 -135.78408023]
inrs_hat:  [-20.69511239 -36.57751941  -8.8149971  -35.87238949 -36.83051029
 -29.15946832 -30.7326618  -30.52192075 -16.51848284 -31.87641174
 -13.92550725 -23.89269029 -29.42354103 -35.61726462 -24.79438019]
scheduled_ues:  [ 0  1  3  4  5  6  7  8  9 10 11 12 13 14]
(1, 15, 1, 4, 1, 1)
caused INR: -2.969241527283687
TpsAltruisticFromLsfGain + IndividualEstimated_INR + -15.0
None
ls_gain_coeffs:
[-131.68481243 -147.56721945 -119.80469714 -146.86208953 -147.82021033
 -140.14916836 -141.72236184 -141.5116208  -127.50818289 -142.86611179
 -124.91520729 -134.88239033 -140.41324107 -146.60696466 -135.78408023]
inrs_hat:  [-20.69511239 -36.57751941  -8.8149971  -35.87238949 -36.83051029
 -29.15946832 -30.7326618  -30.52192075 -16.51848284 -31.87641174
 -13.92550725 -23.89269029 -29.42354103 -35.61726462 -24.79438019]
scheduled_ues:  [ 0  1  3  4  5  6  7  8  9 11 12 13 14]
(1, 15, 1, 4, 1, 1)
caused INR: -13.374303305207377
TpsAltruisticFromLsfGain + CumulativeIndividualEstimated_INR + -10.0
None
(1, 15, 1, 4, 1, 1)
caused INR: -2.969241527283687
TpsAltruisticFromLsfGain + CumulativeIndividualEstimated_INR + -12.5
None
(1, 15, 1, 4, 1, 1)
caused INR: -13.374303305207377
TpsAltruisticFromLsfGain + CumulativeIndividualEstimated_INR + -15.0
None
(1, 15, 1, 4, 1, 1)
caused INR: -16.526876145430563
TpsRandomic + IndividualEstimated_INR + -10.0
None
ls_gain_coeffs:
[-131.68481243 -143.95510067 -107.1101021  -135.98953653 -134.02190939
 -130.63990468 -124.88903794 -141.5116208  -110.40383323 -142.86611179
 -124.24756498 -131.32353669 -127.40572445 -133.82340553 -119.05543407]
inrs_hat:  [-20.69511239 -32.96540063   3.87959795 -24.99983648 -23.03220934
 -19.65020464 -13.8993379  -30.52192075   0.58586681 -31.87641174
 -13.25786493 -20.33383664 -16.41602441 -22.83370549  -8.06573402]
scheduled_ues:  [ 0  1  3  4  5  6  7  9 10 11 12 13]
(1, 15, 1, 4, 1, 1)
caused INR: -19.764361388669577
TpsRandomic + IndividualEstimated_INR + -12.5
None
ls_gain_coeffs:
[-114.58311148 -147.56721945 -119.04571201 -135.98953653 -147.82021033
 -140.14916836 -131.80862112 -124.99360342 -127.50818289 -129.48074826
 -124.24756498 -120.06822124 -140.41324107 -146.60696466 -135.78408023]
inrs_hat:  [ -3.59341143 -36.57751941  -8.05601196 -24.99983648 -36.83051029
 -29.15946832 -20.81892108 -14.00390337 -16.51848284 -18.49104821
 -13.25786493  -9.07852119 -29.42354103 -35.61726462 -24.79438019]
scheduled_ues:  [ 1  3  4  5  6  7  8  9 10 12 13 14]
(1, 15, 1, 4, 1, 1)
caused INR: -16.594247315825008
TpsRandomic + IndividualEstimated_INR + -15.0
None
ls_gain_coeffs:
[-117.79317313 -143.95510067 -119.04571201 -136.43127052 -131.59569813
 -130.63990468 -131.80862112 -134.79140488 -116.58843313 -129.95263002
 -112.02851241 -131.32353669 -123.55462044 -146.09402597 -126.32654609]
inrs_hat:  [ -6.80347309 -32.96540063  -8.05601196 -25.44157047 -20.60599809
 -19.65020464 -20.81892108 -23.80170483  -5.59873309 -18.96292998
  -1.03881237 -20.33383664 -12.5649204  -35.10432593 -15.33684605]
scheduled_ues:  [ 1  3  4  5  6  7  9 11 13 14]
(1, 15, 1, 4, 1, 1)
caused INR: -10.145152028803338
TpsRandomic + CumulativeIndividualEstimated_INR + -10.0
None
(1, 15, 1, 4, 1, 1)
caused INR: -15.77516676031967
TpsRandomic + CumulativeIndividualEstimated_INR + -12.5
None
(1, 15, 1, 4, 1, 1)
caused INR: -5.968839341839557
TpsRandomic + CumulativeIndividualEstimated_INR + -15.0
None
(1, 15, 1, 4, 1, 1)
caused INR: -11.83913870776795
Iteration number 80
TpsAltruisticFromLsfGain + IndividualEstimated_INR + -10.0
None
ls_gain_coeffs:
[-146.66807184 -133.36397348 -139.53460165 -137.31577064 -138.50182413
 -142.94226921 -128.47726554 -143.85638483 -117.22060282 -139.44967467
 -146.4387318  -144.12010065 -130.40965551 -143.93388793 -130.67674677]
inrs_hat:  [-35.67837179 -22.37427344 -28.54490161 -26.3260706  -27.51212409
 -31.95256917 -17.4875655  -32.86668479  -6.23090278 -28.45997463
 -35.44903176 -33.13040061 -19.41995546 -32.94418789 -19.68704673]
scheduled_ues:  [ 0  1  2  3  4  5  6  7  9 10 11 12 13 14]
(1, 15, 1, 4, 1, 1)
caused INR: -21.610473692908077
TpsAltruisticFromLsfGain + IndividualEstimated_INR + -12.5
None
ls_gain_coeffs:
[-146.66807184 -133.36397348 -139.53460165 -137.31577064 -138.50182413
 -142.94226921 -128.47726554 -143.85638483 -117.22060282 -139.44967467
 -146.4387318  -144.12010065 -130.40965551 -143.93388793 -130.67674677]
inrs_hat:  [-35.67837179 -22.37427344 -28.54490161 -26.3260706  -27.51212409
 -31.95256917 -17.4875655  -32.86668479  -6.23090278 -28.45997463
 -35.44903176 -33.13040061 -19.41995546 -32.94418789 -19.68704673]
scheduled_ues:  [ 0  1  2  3  4  5  6  7  9 10 11 12 13 14]
(1, 15, 1, 4, 1, 1)
caused INR: -21.610473692908077
TpsAltruisticFromLsfGain + IndividualEstimated_INR + -15.0
None
ls_gain_coeffs:
[-146.66807184 -133.36397348 -139.53460165 -137.31577064 -138.50182413
 -142.94226921 -128.47726554 -143.85638483 -117.22060282 -139.44967467
 -146.4387318  -144.12010065 -130.40965551 -143.93388793 -130.67674677]
inrs_hat:  [-35.67837179 -22.37427344 -28.54490161 -26.3260706  -27.51212409
 -31.95256917 -17.4875655  -32.86668479  -6.23090278 -28.45997463
 -35.44903176 -33.13040061 -19.41995546 -32.94418789 -19.68704673]
scheduled_ues:  [ 0  1  2  3  4  5  6  7  9 10 11 12 13 14]
(1, 15, 1, 4, 1, 1)
caused INR: -21.610473692908077
TpsAltruisticFromLsfGain + CumulativeIndividualEstimated_INR + -10.0
None
(1, 15, 1, 4, 1, 1)
caused INR: -21.610473692908077
TpsAltruisticFromLsfGain + CumulativeIndividualEstimated_INR + -12.5
None
(1, 15, 1, 4, 1, 1)
caused INR: -21.610473692908077
TpsAltruisticFromLsfGain + CumulativeIndividualEstimated_INR + -15.0
None
(1, 15, 1, 4, 1, 1)
caused INR: -15.812885728683275
TpsRandomic + IndividualEstimated_INR + -10.0
None
ls_gain_coeffs:
[-137.3562072  -116.58341796 -123.04443167 -137.31577064 -128.11841094
 -132.42816248 -111.32115931 -133.15329787 -112.01551628 -122.80772126
 -139.63875638 -127.25644172 -121.93200213 -130.20628328 -114.04635622]
inrs_hat:  [-26.36650716  -5.59371791 -12.05473163 -26.3260706  -17.1287109
 -21.43846244  -0.33145926 -22.16359782  -1.02581624 -11.81802122
 -28.64905634 -16.26674167 -10.94230208 -19.21658324  -3.05665618]
scheduled_ues:  [ 0  2  3  4  5  7  9 10 11 12 13]
(1, 15, 1, 4, 1, 1)
caused INR: -6.080006243129756
TpsRandomic + IndividualEstimated_INR + -12.5
None
ls_gain_coeffs:
[-135.0187415  -116.58341796 -123.04443167 -121.23775359 -121.74225131
 -131.81725548 -116.13818019 -133.20427561 -101.30894513 -126.07950224
 -146.4387318  -144.12010065 -121.93200213 -127.56614594 -114.04635622]
inrs_hat:  [-24.02904146  -5.59371791 -12.05473163 -10.24805354 -10.75255127
 -20.82755544  -5.14848015 -22.21457557   9.68075491 -15.0898022
 -35.44903176 -33.13040061 -10.94230208 -16.5764459   -3.05665618]
scheduled_ues:  [ 0  5  7  9 10 11 13]
(1, 15, 1, 4, 1, 1)
caused INR: -12.721689597696628
TpsRandomic + IndividualEstimated_INR + -15.0
None
ls_gain_coeffs:
[-129.96667435 -116.58341796 -123.04443167 -131.86114506 -121.74225131
 -132.42816248 -116.13818019 -126.95798674 -112.01551628 -126.07950224
 -139.63875638 -133.86293049 -117.86695332 -127.56614594 -130.67674677]
inrs_hat:  [-18.97697431  -5.59371791 -12.05473163 -20.87144502 -10.75255127
 -21.43846244  -5.14848015 -15.9682867   -1.02581624 -15.0898022
 -28.64905634 -22.87323045  -6.87725328 -16.5764459  -19.68704673]
scheduled_ues:  [ 0  3  5  7  9 10 11 13 14]
(1, 15, 1, 4, 1, 1)
caused INR: -17.35248221465013
TpsRandomic + CumulativeIndividualEstimated_INR + -10.0
None
(1, 15, 1, 4, 1, 1)
caused INR: -11.519091595539063
TpsRandomic + CumulativeIndividualEstimated_INR + -12.5
None
(1, 15, 1, 4, 1, 1)
caused INR: -18.482257120399257
TpsRandomic + CumulativeIndividualEstimated_INR + -15.0
None
(1, 15, 1, 4, 1, 1)
caused INR: -11.011582029379339
Iteration number 81
TpsAltruisticFromLsfGain + IndividualEstimated_INR + -10.0
None
ls_gain_coeffs:
[-133.3488826  -142.34221527 -144.41928448 -141.02822959 -127.7106958
 -144.37934171 -131.92826584 -135.71374996 -133.74639751 -144.19638364
 -145.29980225 -149.46456646 -148.5728803  -137.52537487 -131.08184767]
inrs_hat:  [-22.35918256 -31.35251523 -33.42958444 -30.03852955 -16.72099576
 -33.38964167 -20.9385658  -24.72404992 -22.75669746 -33.2066836
 -34.31010221 -38.47486641 -37.58318026 -26.53567482 -20.09214763]
scheduled_ues:  [ 0  1  2  3  4  5  6  7  8  9 10 11 12 13 14]
(1, 15, 1, 4, 1, 1)
caused INR: -12.349154960057259
TpsAltruisticFromLsfGain + IndividualEstimated_INR + -12.5
None
ls_gain_coeffs:
[-133.3488826  -142.34221527 -144.41928448 -141.02822959 -127.7106958
 -144.37934171 -131.92826584 -135.71374996 -133.74639751 -144.19638364
 -145.29980225 -149.46456646 -148.5728803  -137.52537487 -131.08184767]
inrs_hat:  [-22.35918256 -31.35251523 -33.42958444 -30.03852955 -16.72099576
 -33.38964167 -20.9385658  -24.72404992 -22.75669746 -33.2066836
 -34.31010221 -38.47486641 -37.58318026 -26.53567482 -20.09214763]
scheduled_ues:  [ 0  1  2  3  4  5  6  7  8  9 10 11 12 13 14]
(1, 15, 1, 4, 1, 1)
caused INR: -12.349154960057259
TpsAltruisticFromLsfGain + IndividualEstimated_INR + -15.0
None
ls_gain_coeffs:
[-133.3488826  -142.34221527 -144.41928448 -141.02822959 -127.7106958
 -144.37934171 -131.92826584 -135.71374996 -133.74639751 -144.19638364
 -145.29980225 -149.46456646 -148.5728803  -137.52537487 -131.08184767]
inrs_hat:  [-22.35918256 -31.35251523 -33.42958444 -30.03852955 -16.72099576
 -33.38964167 -20.9385658  -24.72404992 -22.75669746 -33.2066836
 -34.31010221 -38.47486641 -37.58318026 -26.53567482 -20.09214763]
scheduled_ues:  [ 0  1  2  3  4  5  6  7  8  9 10 11 12 13 14]
(1, 15, 1, 4, 1, 1)
caused INR: -12.349154960057259
TpsAltruisticFromLsfGain + CumulativeIndividualEstimated_INR + -10.0
None
(1, 15, 1, 4, 1, 1)
caused INR: -12.349154960057259
TpsAltruisticFromLsfGain + CumulativeIndividualEstimated_INR + -12.5
None
(1, 15, 1, 4, 1, 1)
caused INR: -13.557617887839761
TpsAltruisticFromLsfGain + CumulativeIndividualEstimated_INR + -15.0
None
(1, 15, 1, 4, 1, 1)
caused INR: -13.344464979160124
TpsRandomic + IndividualEstimated_INR + -10.0
None
ls_gain_coeffs:
[-121.06977234 -135.0975297  -131.95369244 -128.84990857 -119.86129151
 -144.37934171 -131.67138437 -122.65962215 -117.71621961 -134.41826087
 -145.29980225 -142.28669133 -142.61149995 -125.81815636 -125.75919229]
inrs_hat:  [-10.0800723  -24.10782966 -20.9639924  -17.86020853  -8.87159147
 -33.38964167 -20.68168432 -11.6699221   -6.72651956 -23.42856082
 -34.31010221 -31.29699128 -31.6217999  -14.82845632 -14.76949224]
scheduled_ues:  [ 0  1  2  3  5  6  7  9 10 11 12 13 14]
(1, 15, 1, 4, 1, 1)
caused INR: -6.133858155995242
TpsRandomic + IndividualEstimated_INR + -12.5
None
ls_gain_coeffs:
[-124.54352249 -142.34221527 -131.95369244 -132.57783879 -127.7106958
 -127.85152457 -119.40103868 -122.65962215 -133.74639751 -144.19638364
 -141.63607943 -142.28669133 -142.61149995 -127.69565728 -131.08184767]
inrs_hat:  [-13.55382245 -31.35251523 -20.9639924  -21.58813874 -16.72099576
 -16.86182452  -8.41133864 -11.6699221  -22.75669746 -33.2066836
 -30.64637939 -31.29699128 -31.6217999  -16.70595723 -20.09214763]
scheduled_ues:  [ 0  1  2  3  4  5  8  9 10 11 12 13 14]
(1, 15, 1, 4, 1, 1)
caused INR: -18.754664968082814
TpsRandomic + IndividualEstimated_INR + -15.0
None
ls_gain_coeffs:
[-121.06977234 -128.83441335 -144.41928448 -128.84990857 -114.66242248
 -127.85152457 -119.31541153 -122.65962215 -119.51050856 -132.69928884
 -131.63696131 -133.11694411 -132.45737387 -127.69565728 -115.09181075]
inrs_hat:  [-10.0800723  -17.8447133  -33.42958444 -17.86020853  -3.67272244
 -16.86182452  -8.32571148 -11.6699221   -8.52080851 -21.7095888
 -20.64726127 -22.12724407 -21.46767383 -16.70595723  -4.10211071]
scheduled_ues:  [ 1  2  3  5  9 10 11 12 13]
(1, 15, 1, 4, 1, 1)
caused INR: -12.460650063926229
TpsRandomic + CumulativeIndividualEstimated_INR + -10.0
None
(1, 15, 1, 4, 1, 1)
caused INR: -14.998924082680896
TpsRandomic + CumulativeIndividualEstimated_INR + -12.5
None
(1, 15, 1, 4, 1, 1)
caused INR: -11.224406153441853
TpsRandomic + CumulativeIndividualEstimated_INR + -15.0
None
(1, 15, 1, 4, 1, 1)
caused INR: -37.98234588746158
Iteration number 82
TpsAltruisticFromLsfGain + IndividualEstimated_INR + -10.0
None
ls_gain_coeffs:
[-141.1341466  -148.65624374 -131.5032523  -137.44795275 -134.17802747
 -140.09956975 -140.31198631 -117.89131004 -129.28298914 -129.63609454
 -131.57853545 -143.85402662 -134.31295536 -143.9244422  -149.87751923]
inrs_hat:  [-30.14444656 -37.6665437  -20.51355226 -26.45825271 -23.18832743
 -29.10986971 -29.32228627  -6.90161    -18.2932891  -18.6463945
 -20.58883541 -32.86432658 -23.32325532 -32.93474216 -38.88781919]
scheduled_ues:  [ 0  1  2  3  4  5  6  8  9 10 11 12 13 14]
(1, 15, 1, 4, 1, 1)
caused INR: -13.616525707371867
TpsAltruisticFromLsfGain + IndividualEstimated_INR + -12.5
None
ls_gain_coeffs:
[-141.1341466  -148.65624374 -131.5032523  -137.44795275 -134.17802747
 -140.09956975 -140.31198631 -117.89131004 -129.28298914 -129.63609454
 -131.57853545 -143.85402662 -134.31295536 -143.9244422  -149.87751923]
inrs_hat:  [-30.14444656 -37.6665437  -20.51355226 -26.45825271 -23.18832743
 -29.10986971 -29.32228627  -6.90161    -18.2932891  -18.6463945
 -20.58883541 -32.86432658 -23.32325532 -32.93474216 -38.88781919]
scheduled_ues:  [ 0  1  2  3  4  5  6  8  9 10 11 12 13 14]
(1, 15, 1, 4, 1, 1)
caused INR: -13.616525707371867
TpsAltruisticFromLsfGain + IndividualEstimated_INR + -15.0
None
ls_gain_coeffs:
[-141.1341466  -148.65624374 -131.5032523  -137.44795275 -134.17802747
 -140.09956975 -140.31198631 -117.89131004 -129.28298914 -129.63609454
 -131.57853545 -143.85402662 -134.31295536 -143.9244422  -149.87751923]
inrs_hat:  [-30.14444656 -37.6665437  -20.51355226 -26.45825271 -23.18832743
 -29.10986971 -29.32228627  -6.90161    -18.2932891  -18.6463945
 -20.58883541 -32.86432658 -23.32325532 -32.93474216 -38.88781919]
scheduled_ues:  [ 0  1  2  3  4  5  6  8  9 10 11 12 13 14]
(1, 15, 1, 4, 1, 1)
caused INR: -13.616525707371867
TpsAltruisticFromLsfGain + CumulativeIndividualEstimated_INR + -10.0
None
(1, 15, 1, 4, 1, 1)
caused INR: -13.616525707371867
TpsAltruisticFromLsfGain + CumulativeIndividualEstimated_INR + -12.5
None
(1, 15, 1, 4, 1, 1)
caused INR: -18.464876462610455
TpsAltruisticFromLsfGain + CumulativeIndividualEstimated_INR + -15.0
None
(1, 15, 1, 4, 1, 1)
caused INR: -20.033950696358712
TpsRandomic + IndividualEstimated_INR + -10.0
None
ls_gain_coeffs:
[-141.1341466  -135.01612609 -114.25248048 -137.44795275 -123.4648242
 -123.20422991 -140.31198631 -117.89131004 -115.89305337 -115.64088376
 -117.58379489 -132.55993522 -121.62930345 -130.87065975 -137.71134181]
inrs_hat:  [-30.14444656 -24.02642605  -3.26278044 -26.45825271 -12.47512415
 -12.21452986 -29.32228627  -6.90161     -4.90335333  -4.65118372
  -6.59409485 -21.57023518 -10.63960341 -19.88095971 -26.72164177]
scheduled_ues:  [ 0  1  3  4  5  6 11 12 13 14]
(1, 15, 1, 4, 1, 1)
caused INR: -3.1885882165080797
TpsRandomic + IndividualEstimated_INR + -12.5
None
ls_gain_coeffs:
[-124.45422355 -148.65624374 -114.25248048 -137.44795275 -121.68986854
 -140.09956975 -126.42631452 -117.89131004 -114.9447176  -115.64088376
 -115.06589001 -143.85402662 -121.38725154 -143.9244422  -137.71134181]
inrs_hat:  [-13.46452351 -37.6665437   -3.26278044 -26.45825271 -10.7001685
 -29.10986971 -15.43661448  -6.90161     -3.95501755  -4.65118372
  -4.07618996 -32.86432658 -10.39755149 -32.93474216 -26.72164177]
scheduled_ues:  [ 0  1  3  5  6 11 13 14]
(1, 15, 1, 4, 1, 1)
caused INR: -15.065018003813279
TpsRandomic + IndividualEstimated_INR + -15.0
None
ls_gain_coeffs:
[-124.45422355 -133.81760844 -123.87599816 -137.44795275 -116.35654637
 -123.20422991 -140.31198631 -117.89131004 -126.43798182 -116.41768915
 -131.57853545 -132.55993522 -134.31295536 -143.9244422  -141.16188328]
inrs_hat:  [-13.46452351 -22.8279084  -12.88629812 -26.45825271  -5.36684633
 -12.21452986 -29.32228627  -6.90161    -15.44828178  -5.42798911
 -20.58883541 -21.57023518 -23.32325532 -32.93474216 -30.17218324]
scheduled_ues:  [ 1  3  6  8 10 11 12 13 14]
(1, 15, 1, 4, 1, 1)
caused INR: -26.65403680585751
TpsRandomic + CumulativeIndividualEstimated_INR + -10.0
None
(1, 15, 1, 4, 1, 1)
caused INR: -12.807933672780978
TpsRandomic + CumulativeIndividualEstimated_INR + -12.5
None
(1, 15, 1, 4, 1, 1)
caused INR: -13.535218642495686
TpsRandomic + CumulativeIndividualEstimated_INR + -15.0
None
(1, 15, 1, 4, 1, 1)
caused INR: -10.28007698424332
Iteration number 83
TpsAltruisticFromLsfGain + IndividualEstimated_INR + -10.0
None
ls_gain_coeffs:
[-133.23787681 -148.22226945 -120.74541616 -145.07691492 -124.01955931
 -137.8748821  -144.93290291 -132.54547436 -132.13383538 -138.44018973
 -125.84704744 -139.45088541 -138.97416974 -138.04129613 -120.03206598]
inrs_hat:  [-22.24817677 -37.23256941  -9.75571611 -34.08721488 -13.02985927
 -26.88518206 -33.94320286 -21.55577431 -21.14413533 -27.45048968
 -14.8573474  -28.46118537 -27.9844697  -27.05159609  -9.04236593]
scheduled_ues:  [ 0  1  3  4  5  6  7  8  9 10 11 12 13]
(1, 15, 1, 4, 1, 1)
caused INR: -9.016033798337341
TpsAltruisticFromLsfGain + IndividualEstimated_INR + -12.5
None
ls_gain_coeffs:
[-133.23787681 -148.22226945 -120.74541616 -145.07691492 -124.01955931
 -137.8748821  -144.93290291 -132.54547436 -132.13383538 -138.44018973
 -125.84704744 -139.45088541 -138.97416974 -138.04129613 -120.03206598]
inrs_hat:  [-22.24817677 -37.23256941  -9.75571611 -34.08721488 -13.02985927
 -26.88518206 -33.94320286 -21.55577431 -21.14413533 -27.45048968
 -14.8573474  -28.46118537 -27.9844697  -27.05159609  -9.04236593]
scheduled_ues:  [ 0  1  3  4  5  6  7  8  9 10 11 12 13]
(1, 15, 1, 4, 1, 1)
caused INR: -9.016033798337341
TpsAltruisticFromLsfGain + IndividualEstimated_INR + -15.0
None
ls_gain_coeffs:
[-133.23787681 -148.22226945 -120.74541616 -145.07691492 -124.01955931
 -137.8748821  -144.93290291 -132.54547436 -132.13383538 -138.44018973
 -125.84704744 -139.45088541 -138.97416974 -138.04129613 -120.03206598]
inrs_hat:  [-22.24817677 -37.23256941  -9.75571611 -34.08721488 -13.02985927
 -26.88518206 -33.94320286 -21.55577431 -21.14413533 -27.45048968
 -14.8573474  -28.46118537 -27.9844697  -27.05159609  -9.04236593]
scheduled_ues:  [ 0  1  3  5  6  7  8  9 11 12 13]
(1, 15, 1, 4, 1, 1)
caused INR: -16.12571238301442
TpsAltruisticFromLsfGain + CumulativeIndividualEstimated_INR + -10.0
None
(1, 15, 1, 4, 1, 1)
caused INR: -12.974925169294352
TpsAltruisticFromLsfGain + CumulativeIndividualEstimated_INR + -12.5
None
(1, 15, 1, 4, 1, 1)
caused INR: -16.12571238301442
TpsAltruisticFromLsfGain + CumulativeIndividualEstimated_INR + -15.0
None
(1, 15, 1, 4, 1, 1)
caused INR: -16.12571238301442
TpsRandomic + IndividualEstimated_INR + -10.0
None
ls_gain_coeffs:
[-117.01787378 -146.78746238 -107.96483419 -145.07691492 -114.97198576
 -125.06303741 -128.19303582 -123.45988301 -115.18495052 -121.59090023
 -124.27868132 -131.77058677 -128.90759554 -123.60835807 -120.03206598]
inrs_hat:  [ -6.02817374 -35.79776234   3.02486586 -34.08721488  -3.98228572
 -14.07333736 -17.20333577 -12.47018296  -4.19525048 -10.60120018
 -13.28898128 -20.78088672 -17.91789549 -12.61865803  -9.04236593]
scheduled_ues:  [ 1  3  5  6  7  9 10 11 12 13]
(1, 15, 1, 4, 1, 1)
caused INR: -2.706231189502628
TpsRandomic + IndividualEstimated_INR + -12.5
None
ls_gain_coeffs:
[-119.36501779 -134.82413141 -120.2369432  -134.48008012 -124.01955931
 -125.06303741 -144.93290291 -120.6596966  -121.70041535 -121.59090023
 -125.84704744 -126.28191336 -138.97416974 -138.04129613 -107.09479081]
inrs_hat:  [ -8.37531775 -23.83443136  -9.24724316 -23.49038008 -13.02985927
 -14.07333736 -33.94320286  -9.66999655 -10.7107153  -10.60120018
 -14.8573474  -15.29221332 -27.9844697  -27.05159609   3.89490923]
scheduled_ues:  [ 1  3  4  5  6 10 11 12 13]
(1, 15, 1, 4, 1, 1)
caused INR: -3.4173627171013345
TpsRandomic + IndividualEstimated_INR + -15.0
None
ls_gain_coeffs:
[-133.23787681 -134.82413141 -108.13432517 -134.58638124 -111.42732526
 -125.06303741 -132.85006241 -120.6596966  -132.13383538 -125.41879564
 -112.35987003 -126.28191336 -138.97416974 -135.05428905 -107.09479081]
inrs_hat:  [-22.24817677 -23.83443136   2.85537487 -23.5966812   -0.43762521
 -14.07333736 -21.86036237  -9.66999655 -21.14413533 -14.42909559
  -1.37016999 -15.29221332 -27.9844697  -24.064589     3.89490923]
scheduled_ues:  [ 0  1  3  6  8 11 12 13]
(1, 15, 1, 4, 1, 1)
caused INR: -26.566818470004797
TpsRandomic + CumulativeIndividualEstimated_INR + -10.0
None
(1, 15, 1, 4, 1, 1)
caused INR: -8.251702210729839
TpsRandomic + CumulativeIndividualEstimated_INR + -12.5
None
(1, 15, 1, 4, 1, 1)
caused INR: -9.726665076615465
TpsRandomic + CumulativeIndividualEstimated_INR + -15.0
None
(1, 15, 1, 4, 1, 1)
caused INR: -15.818479173930795
Iteration number 84
TpsAltruisticFromLsfGain + IndividualEstimated_INR + -10.0
None
ls_gain_coeffs:
[-130.16748102 -119.8360467  -122.77937055 -121.39523242 -145.07144526
 -138.54930293 -137.40315225 -137.99707027 -143.91024776 -115.67941644
 -144.37529027 -142.32906408 -145.36362824 -148.58134154 -145.74590704]
inrs_hat:  [-19.17778097  -8.84634666 -11.78967051 -10.40553238 -34.08174522
 -27.55960289 -26.41345221 -27.00737022 -32.92054771  -4.68971639
 -33.38559022 -31.33936404 -34.3739282  -37.5916415  -34.756207  ]
scheduled_ues:  [ 0  2  3  4  5  6  7  8 10 11 12 13 14]
(1, 15, 1, 4, 1, 1)
caused INR: -6.6132551349922934
TpsAltruisticFromLsfGain + IndividualEstimated_INR + -12.5
None
ls_gain_coeffs:
[-130.16748102 -119.8360467  -122.77937055 -121.39523242 -145.07144526
 -138.54930293 -137.40315225 -137.99707027 -143.91024776 -115.67941644
 -144.37529027 -142.32906408 -145.36362824 -148.58134154 -145.74590704]
inrs_hat:  [-19.17778097  -8.84634666 -11.78967051 -10.40553238 -34.08174522
 -27.55960289 -26.41345221 -27.00737022 -32.92054771  -4.68971639
 -33.38559022 -31.33936404 -34.3739282  -37.5916415  -34.756207  ]
scheduled_ues:  [ 0  4  5  6  7  8 10 11 12 13 14]
(1, 15, 1, 4, 1, 1)
caused INR: -22.32315510090202
TpsAltruisticFromLsfGain + IndividualEstimated_INR + -15.0
None
ls_gain_coeffs:
[-130.16748102 -119.8360467  -122.77937055 -121.39523242 -145.07144526
 -138.54930293 -137.40315225 -137.99707027 -143.91024776 -115.67941644
 -144.37529027 -142.32906408 -145.36362824 -148.58134154 -145.74590704]
inrs_hat:  [-19.17778097  -8.84634666 -11.78967051 -10.40553238 -34.08174522
 -27.55960289 -26.41345221 -27.00737022 -32.92054771  -4.68971639
 -33.38559022 -31.33936404 -34.3739282  -37.5916415  -34.756207  ]
scheduled_ues:  [ 0  4  5  6  7  8 10 11 12 13 14]
(1, 15, 1, 4, 1, 1)
caused INR: -22.32315510090202
TpsAltruisticFromLsfGain + CumulativeIndividualEstimated_INR + -10.0
None
(1, 15, 1, 4, 1, 1)
caused INR: -14.899537197099216
TpsAltruisticFromLsfGain + CumulativeIndividualEstimated_INR + -12.5
None
(1, 15, 1, 4, 1, 1)
caused INR: -22.32315510090202
TpsAltruisticFromLsfGain + CumulativeIndividualEstimated_INR + -15.0
None
(1, 15, 1, 4, 1, 1)
caused INR: -22.32315510090202
TpsRandomic + IndividualEstimated_INR + -10.0
None
ls_gain_coeffs:
[-113.8428748  -105.45962205 -110.01610014 -118.87792686 -130.21070004
 -121.63126875 -131.12819194 -137.99707027 -138.00757058  -99.1643491
 -137.16941745 -142.32906408 -133.16130516 -136.40763618 -135.78874394]
inrs_hat:  [ -2.85317476   5.53007799   0.97359991  -7.88822682 -19.221
 -10.6415687  -20.1384919  -27.00737022 -27.01787054  11.82535094
 -26.17971741 -31.33936404 -22.17160512 -25.41793613 -24.79904389]
scheduled_ues:  [ 4  5  6  7  8 10 11 12 13 14]
(1, 15, 1, 4, 1, 1)
caused INR: -9.262000096992004
TpsRandomic + IndividualEstimated_INR + -12.5
None
ls_gain_coeffs:
[-113.8428748  -112.16172259 -110.01610014 -118.87792686 -130.21070004
 -130.13626573 -137.40315225 -125.58134133 -143.91024776  -95.09088176
 -127.85313148 -142.32906408 -136.4911815  -148.58134154 -145.74590704]
inrs_hat:  [ -2.85317476  -1.17202255   0.97359991  -7.88822682 -19.221
 -19.14656569 -26.41345221 -14.59164129 -32.92054771  15.89881828
 -16.86343144 -31.33936404 -25.50148146 -37.5916415  -34.756207  ]
scheduled_ues:  [ 4  5  6  7  8 10 11 12 13 14]
(1, 15, 1, 4, 1, 1)
caused INR: -18.060947640735904
TpsRandomic + IndividualEstimated_INR + -15.0
None
ls_gain_coeffs:
[-130.16748102 -119.8360467  -121.8143593  -118.87792686 -131.42027265
 -130.13626573 -137.40315225 -128.7347133  -138.00757058 -115.67941644
 -130.97844551 -125.50323185 -128.60544333 -139.79342501 -135.78874394]
inrs_hat:  [-19.17778097  -8.84634666 -10.82465926  -7.88822682 -20.43057261
 -19.14656569 -26.41345221 -17.74501326 -27.01787054  -4.68971639
 -19.98874546 -14.51353181 -17.61574329 -28.80372497 -24.79904389]
scheduled_ues:  [ 0  4  5  6  7  8 10 12 13 14]
(1, 15, 1, 4, 1, 1)
caused INR: -13.196002067020626
TpsRandomic + CumulativeIndividualEstimated_INR + -10.0
None
(1, 15, 1, 4, 1, 1)
caused INR: -14.508752671563375
TpsRandomic + CumulativeIndividualEstimated_INR + -12.5
None
(1, 15, 1, 4, 1, 1)
caused INR: -14.910877652413909
TpsRandomic + CumulativeIndividualEstimated_INR + -15.0
None
(1, 15, 1, 4, 1, 1)
caused INR: -19.295364268639474
Iteration number 85
TpsAltruisticFromLsfGain + IndividualEstimated_INR + -10.0
None
ls_gain_coeffs:
[-141.7278445  -131.55194794 -141.26602058 -133.36427432 -148.09763019
 -130.47616449 -148.07602175 -126.65671378 -143.75167668 -132.91788846
 -137.86112885 -129.44530674 -131.9593451  -141.16341641 -126.91156505]
inrs_hat:  [-30.73814446 -20.5622479  -30.27632053 -22.37457427 -37.10793015
 -19.48646444 -37.08632171 -15.66701374 -32.76197664 -21.92818841
 -26.8714288  -18.4556067  -20.96964506 -30.17371636 -15.921865  ]
scheduled_ues:  [ 0  1  2  3  4  5  6  7  8  9 10 11 12 13 14]
(1, 15, 1, 4, 1, 1)
caused INR: -8.932424210805873
TpsAltruisticFromLsfGain + IndividualEstimated_INR + -12.5
None
ls_gain_coeffs:
[-141.7278445  -131.55194794 -141.26602058 -133.36427432 -148.09763019
 -130.47616449 -148.07602175 -126.65671378 -143.75167668 -132.91788846
 -137.86112885 -129.44530674 -131.9593451  -141.16341641 -126.91156505]
inrs_hat:  [-30.73814446 -20.5622479  -30.27632053 -22.37457427 -37.10793015
 -19.48646444 -37.08632171 -15.66701374 -32.76197664 -21.92818841
 -26.8714288  -18.4556067  -20.96964506 -30.17371636 -15.921865  ]
scheduled_ues:  [ 0  1  2  3  4  5  6  7  8  9 10 11 12 13 14]
(1, 15, 1, 4, 1, 1)
caused INR: -8.932424210805873
TpsAltruisticFromLsfGain + IndividualEstimated_INR + -15.0
None
ls_gain_coeffs:
[-141.7278445  -131.55194794 -141.26602058 -133.36427432 -148.09763019
 -130.47616449 -148.07602175 -126.65671378 -143.75167668 -132.91788846
 -137.86112885 -129.44530674 -131.9593451  -141.16341641 -126.91156505]
inrs_hat:  [-30.73814446 -20.5622479  -30.27632053 -22.37457427 -37.10793015
 -19.48646444 -37.08632171 -15.66701374 -32.76197664 -21.92818841
 -26.8714288  -18.4556067  -20.96964506 -30.17371636 -15.921865  ]
scheduled_ues:  [ 0  1  2  3  4  5  6  7  8  9 10 11 12 13 14]
(1, 15, 1, 4, 1, 1)
caused INR: -8.932424210805873
TpsAltruisticFromLsfGain + CumulativeIndividualEstimated_INR + -10.0
None
(1, 15, 1, 4, 1, 1)
caused INR: -12.487817662472452
TpsAltruisticFromLsfGain + CumulativeIndividualEstimated_INR + -12.5
None
(1, 15, 1, 4, 1, 1)
caused INR: -17.002507650659805
TpsAltruisticFromLsfGain + CumulativeIndividualEstimated_INR + -15.0
None
(1, 15, 1, 4, 1, 1)
caused INR: -13.157317218469093
TpsRandomic + IndividualEstimated_INR + -10.0
None
ls_gain_coeffs:
[-125.14719911 -113.91802806 -124.5074474  -133.36427432 -148.09763019
 -130.47616449 -132.57207491 -115.57137388 -134.30087829 -132.91788846
 -121.18372581 -119.28687    -118.84925135 -135.1741388  -110.2112923 ]
inrs_hat:  [-14.15749907  -2.92832801 -13.51774735 -22.37457427 -37.10793015
 -19.48646444 -21.58237487  -4.58167384 -23.31117825 -21.92818841
 -10.19402576  -8.29716996  -7.85955131 -24.18443875   0.77840775]
scheduled_ues:  [ 0  2  3  4  5  6  8  9 10 13]
(1, 15, 1, 4, 1, 1)
caused INR: -14.069988295711692
TpsRandomic + IndividualEstimated_INR + -12.5
None
ls_gain_coeffs:
[-125.14719911 -120.27249046 -124.5074474  -124.04665386 -148.09763019
 -122.61558012 -132.57207491 -126.65671378 -143.75167668 -122.80057003
 -126.96400487 -119.28687    -118.1807576  -124.91752229 -113.21464796]
inrs_hat:  [-14.15749907  -9.28279041 -13.51774735 -13.05695381 -37.10793015
 -11.62588008 -21.58237487 -15.66701374 -32.76197664 -11.81086998
 -15.97430483  -8.29716996  -7.19105755 -13.92782224  -2.22494792]
scheduled_ues:  [ 0  2  3  4  6  7  8 10 13]
(1, 15, 1, 4, 1, 1)
caused INR: -7.558255855894118
TpsRandomic + IndividualEstimated_INR + -15.0
None
ls_gain_coeffs:
[-125.14719911 -120.27249046 -132.06935622 -120.59576651 -137.67128344
 -116.17113214 -132.57207491 -126.65671378 -127.00431802 -122.80057003
 -126.96400487 -119.28687    -131.9593451  -141.16341641 -126.91156505]
inrs_hat:  [-14.15749907  -9.28279041 -21.07965618  -9.60606646 -26.6815834
  -5.1814321  -21.58237487 -15.66701374 -16.01461798 -11.81086998
 -15.97430483  -8.29716996 -20.96964506 -30.17371636 -15.921865  ]
scheduled_ues:  [ 2  4  6  7  8 10 12 13 14]
(1, 15, 1, 4, 1, 1)
caused INR: -8.492662261671619
TpsRandomic + CumulativeIndividualEstimated_INR + -10.0
None
(1, 15, 1, 4, 1, 1)
caused INR: -12.55628134930651
TpsRandomic + CumulativeIndividualEstimated_INR + -12.5
None
(1, 15, 1, 4, 1, 1)
caused INR: -13.108129963083206
TpsRandomic + CumulativeIndividualEstimated_INR + -15.0
None
(1, 15, 1, 4, 1, 1)
caused INR: -24.013070623627687
Iteration number 86
TpsAltruisticFromLsfGain + IndividualEstimated_INR + -10.0
None
ls_gain_coeffs:
[-135.20788331 -125.28346736 -142.87989164 -148.68312507 -136.04523639
 -129.44683061 -127.02756278 -135.50065784 -148.5649509  -124.32463475
 -140.45923294 -149.36310128 -142.51844841 -120.43872002 -133.53008111]
inrs_hat:  [-24.21818327 -14.29376731 -31.89019159 -37.69342503 -25.05553634
 -18.45713057 -16.03786274 -24.5109578  -37.57525086 -13.33493471
 -29.4695329  -38.37340124 -31.52874837  -9.44901998 -22.54038106]
scheduled_ues:  [ 0  1  2  3  4  5  6  7  8  9 10 11 12 14]
(1, 15, 1, 4, 1, 1)
caused INR: -16.24912040812211
TpsAltruisticFromLsfGain + IndividualEstimated_INR + -12.5
None
ls_gain_coeffs:
[-135.20788331 -125.28346736 -142.87989164 -148.68312507 -136.04523639
 -129.44683061 -127.02756278 -135.50065784 -148.5649509  -124.32463475
 -140.45923294 -149.36310128 -142.51844841 -120.43872002 -133.53008111]
inrs_hat:  [-24.21818327 -14.29376731 -31.89019159 -37.69342503 -25.05553634
 -18.45713057 -16.03786274 -24.5109578  -37.57525086 -13.33493471
 -29.4695329  -38.37340124 -31.52874837  -9.44901998 -22.54038106]
scheduled_ues:  [ 0  1  2  3  4  5  6  7  8  9 10 11 12 14]
(1, 15, 1, 4, 1, 1)
caused INR: -16.24912040812211
TpsAltruisticFromLsfGain + IndividualEstimated_INR + -15.0
None
ls_gain_coeffs:
[-135.20788331 -125.28346736 -142.87989164 -148.68312507 -136.04523639
 -129.44683061 -127.02756278 -135.50065784 -148.5649509  -124.32463475
 -140.45923294 -149.36310128 -142.51844841 -120.43872002 -133.53008111]
inrs_hat:  [-24.21818327 -14.29376731 -31.89019159 -37.69342503 -25.05553634
 -18.45713057 -16.03786274 -24.5109578  -37.57525086 -13.33493471
 -29.4695329  -38.37340124 -31.52874837  -9.44901998 -22.54038106]
scheduled_ues:  [ 0  2  3  4  5  6  7  8 10 11 12 14]
(1, 15, 1, 4, 1, 1)
caused INR: -5.267889110631188
TpsAltruisticFromLsfGain + CumulativeIndividualEstimated_INR + -10.0
None
(1, 15, 1, 4, 1, 1)
caused INR: -6.341313729556813
TpsAltruisticFromLsfGain + CumulativeIndividualEstimated_INR + -12.5
None
(1, 15, 1, 4, 1, 1)
caused INR: -9.361175231690318
TpsAltruisticFromLsfGain + CumulativeIndividualEstimated_INR + -15.0
None
(1, 15, 1, 4, 1, 1)
caused INR: -11.885886297859312
TpsRandomic + IndividualEstimated_INR + -10.0
None
ls_gain_coeffs:
[-135.20788331 -116.39105037 -128.48662863 -135.18293228 -124.34902659
 -112.42612476 -115.8978494  -121.8730607  -135.01767671 -113.80800492
 -124.03764306 -136.58885268 -126.03496841 -120.43872002 -133.53008111]
inrs_hat:  [-24.21818327  -5.40135033 -17.49692858 -24.19323224 -13.35932655
  -1.43642472  -4.90814935 -10.88336065 -24.02797666  -2.81830488
 -13.04794301 -25.59915264 -15.04526837  -9.44901998 -22.54038106]
scheduled_ues:  [ 0  2  3  4  7  8 10 11 12 14]
(1, 15, 1, 4, 1, 1)
caused INR: -22.436008336244484
TpsRandomic + IndividualEstimated_INR + -12.5
None
ls_gain_coeffs:
[-129.63578712 -112.7506387  -142.87989164 -135.18293228 -124.34902659
 -122.29491795 -127.02756278 -133.72166212 -145.24792832 -124.32463475
 -124.03764306 -132.96878892 -135.68221379 -112.71054291 -120.45877918]
inrs_hat:  [-18.64608708  -1.76093866 -31.89019159 -24.19323224 -13.35932655
 -11.30521791 -16.03786274 -22.73196208 -34.25822828 -13.33493471
 -13.04794301 -21.97908887 -24.69251375  -1.72084287  -9.46907914]
scheduled_ues:  [ 0  2  3  4  6  7  8  9 10 11 12]
(1, 15, 1, 4, 1, 1)
caused INR: -6.6940340827519575
TpsRandomic + IndividualEstimated_INR + -15.0
None
ls_gain_coeffs:
[-135.20788331 -108.35004454 -129.46246013 -132.3482512  -119.30374406
 -122.29491795 -127.02756278 -133.72166212 -148.5649509  -112.30905687
 -140.45923294 -136.58885268 -142.51844841 -112.71054291 -119.82907726]
inrs_hat:  [-24.21818327   2.63965551 -18.47276009 -21.35855116  -8.31404402
 -11.30521791 -16.03786274 -22.73196208 -37.57525086  -1.31935682
 -29.4695329  -25.59915264 -31.52874837  -1.72084287  -8.83937721]
scheduled_ues:  [ 0  2  3  6  7  8 10 11 12]
(1, 15, 1, 4, 1, 1)
caused INR: -11.713742948374472
TpsRandomic + CumulativeIndividualEstimated_INR + -10.0
None
(1, 15, 1, 4, 1, 1)
caused INR: -37.13313996992828
TpsRandomic + CumulativeIndividualEstimated_INR + -12.5
None
(1, 15, 1, 4, 1, 1)
caused INR: -9.499352430008296
TpsRandomic + CumulativeIndividualEstimated_INR + -15.0
None
(1, 15, 1, 4, 1, 1)
caused INR: -16.74201317518978
Iteration number 87
TpsAltruisticFromLsfGain + IndividualEstimated_INR + -10.0
None
ls_gain_coeffs:
[-142.29148076 -133.33848991 -135.57288663 -127.33612567 -130.06106157
 -125.6902269  -145.42091615 -137.10458485 -148.81868557 -107.74072948
 -124.67661732 -134.94529359 -135.18009517 -145.29624372 -135.44402529]
inrs_hat:  [-31.30178071 -22.34878986 -24.58318658 -16.34642563 -19.07136152
 -14.70052685 -34.43121611 -26.11488481 -37.82898553   3.24897056
 -13.68691728 -23.95559354 -24.19039513 -34.30654368 -24.45432524]
scheduled_ues:  [ 0  1  2  3  4  5  6  7  8 10 11 12 13 14]
(1, 15, 1, 4, 1, 1)
caused INR: -11.990357871086918
TpsAltruisticFromLsfGain + IndividualEstimated_INR + -12.5
None
ls_gain_coeffs:
[-142.29148076 -133.33848991 -135.57288663 -127.33612567 -130.06106157
 -125.6902269  -145.42091615 -137.10458485 -148.81868557 -107.74072948
 -124.67661732 -134.94529359 -135.18009517 -145.29624372 -135.44402529]
inrs_hat:  [-31.30178071 -22.34878986 -24.58318658 -16.34642563 -19.07136152
 -14.70052685 -34.43121611 -26.11488481 -37.82898553   3.24897056
 -13.68691728 -23.95559354 -24.19039513 -34.30654368 -24.45432524]
scheduled_ues:  [ 0  1  2  3  4  5  6  7  8 10 11 12 13 14]
(1, 15, 1, 4, 1, 1)
caused INR: -11.990357871086918
TpsAltruisticFromLsfGain + IndividualEstimated_INR + -15.0
None
ls_gain_coeffs:
[-142.29148076 -133.33848991 -135.57288663 -127.33612567 -130.06106157
 -125.6902269  -145.42091615 -137.10458485 -148.81868557 -107.74072948
 -124.67661732 -134.94529359 -135.18009517 -145.29624372 -135.44402529]
inrs_hat:  [-31.30178071 -22.34878986 -24.58318658 -16.34642563 -19.07136152
 -14.70052685 -34.43121611 -26.11488481 -37.82898553   3.24897056
 -13.68691728 -23.95559354 -24.19039513 -34.30654368 -24.45432524]
scheduled_ues:  [ 0  1  2  3  4  6  7  8 11 12 13 14]
(1, 15, 1, 4, 1, 1)
caused INR: -15.603972658945903
TpsAltruisticFromLsfGain + CumulativeIndividualEstimated_INR + -10.0
None
(1, 15, 1, 4, 1, 1)
caused INR: -12.98472121005921
TpsAltruisticFromLsfGain + CumulativeIndividualEstimated_INR + -12.5
None
(1, 15, 1, 4, 1, 1)
caused INR: -14.521373432374281
TpsAltruisticFromLsfGain + CumulativeIndividualEstimated_INR + -15.0
None
(1, 15, 1, 4, 1, 1)
caused INR: -15.926569286151025
TpsRandomic + IndividualEstimated_INR + -10.0
None
ls_gain_coeffs:
[-128.36412488 -118.21410011 -135.57288663 -109.24370058 -123.00831571
 -112.41840009 -142.18081346 -126.27819617 -135.64678177  -92.81327098
 -119.95249335 -118.45213764 -127.05555319 -131.98319216 -123.91367041]
inrs_hat:  [-17.37442484  -7.22440006 -24.58318658   1.74599946 -12.01861567
  -1.42870005 -31.19111342 -15.28849613 -24.65708173  18.17642906
  -8.9627933   -7.4624376  -16.06585314 -20.99349212 -12.92397037]
scheduled_ues:  [ 0  2  4  6  7  8 12 13 14]
(1, 15, 1, 4, 1, 1)
caused INR: -16.53457748308275
TpsRandomic + IndividualEstimated_INR + -12.5
None
ls_gain_coeffs:
[-135.9035463  -133.33848991 -127.42205155 -109.24370058 -123.00831571
 -108.65705354 -130.81924769 -137.10458485 -134.91647798  -87.28336841
 -109.08560134 -134.94529359 -121.69924763 -145.29624372 -124.9136904 ]
inrs_hat:  [-24.91384626 -22.34878986 -16.43235151   1.74599946 -12.01861567
   2.33264651 -19.82954765 -26.11488481 -23.92677793  23.70633163
   1.90409871 -23.95559354 -10.70954759 -34.30654368 -13.92399036]
scheduled_ues:  [ 0  1  2  6  7  8 11 13 14]
(1, 15, 1, 4, 1, 1)
caused INR: -17.190180838080998
TpsRandomic + IndividualEstimated_INR + -15.0
None
ls_gain_coeffs:
[-128.36412488 -119.55549501 -118.96139028 -109.24370058 -116.46344252
 -125.6902269  -142.18081346 -120.3715491  -135.64678177  -94.19506585
 -124.67661732 -128.79053815 -118.15660041 -131.98319216 -135.44402529]
inrs_hat:  [-17.37442484  -8.56579496  -7.97169023   1.74599946  -5.47374247
 -14.70052685 -31.19111342  -9.38184906 -24.65708173  16.79463419
 -13.68691728 -17.8008381   -7.16690037 -20.99349212 -24.45432524]
scheduled_ues:  [ 0  6  8 11 13 14]
(1, 15, 1, 4, 1, 1)
caused INR: -9.703169806111502
TpsRandomic + CumulativeIndividualEstimated_INR + -10.0
None
(1, 15, 1, 4, 1, 1)
caused INR: -11.016647917618226
TpsRandomic + CumulativeIndividualEstimated_INR + -12.5
None
(1, 15, 1, 4, 1, 1)
caused INR: -23.22924985554442
TpsRandomic + CumulativeIndividualEstimated_INR + -15.0
None
(1, 15, 1, 4, 1, 1)
caused INR: -18.620216291396975
Iteration number 88
TpsAltruisticFromLsfGain + IndividualEstimated_INR + -10.0
None
ls_gain_coeffs:
[-128.9730625  -122.07428725 -130.33662189 -154.64707242 -134.55301075
 -143.28788016 -122.61651735 -131.00010085 -136.68071252 -144.22177519
 -141.35685666 -130.80806703 -135.72685889 -104.34476856 -140.4869165 ]
inrs_hat:  [-17.98336245 -11.08458721 -19.34692185 -43.65737238 -23.56331071
 -32.29818012 -11.62681731 -20.0104008  -25.69101248 -33.23207515
 -30.36715662 -19.81836699 -24.73715885   6.64493149 -29.49721646]
scheduled_ues:  [ 0  1  2  3  4  5  6  7  8  9 10 11 12 14]
(1, 15, 1, 4, 1, 1)
caused INR: -9.702526961221459
TpsAltruisticFromLsfGain + IndividualEstimated_INR + -12.5
None
ls_gain_coeffs:
[-128.9730625  -122.07428725 -130.33662189 -154.64707242 -134.55301075
 -143.28788016 -122.61651735 -131.00010085 -136.68071252 -144.22177519
 -141.35685666 -130.80806703 -135.72685889 -104.34476856 -140.4869165 ]
inrs_hat:  [-17.98336245 -11.08458721 -19.34692185 -43.65737238 -23.56331071
 -32.29818012 -11.62681731 -20.0104008  -25.69101248 -33.23207515
 -30.36715662 -19.81836699 -24.73715885   6.64493149 -29.49721646]
scheduled_ues:  [ 0  2  3  4  5  7  8  9 10 11 12 14]
(1, 15, 1, 4, 1, 1)
caused INR: -15.140199379743747
TpsAltruisticFromLsfGain + IndividualEstimated_INR + -15.0
None
ls_gain_coeffs:
[-128.9730625  -122.07428725 -130.33662189 -154.64707242 -134.55301075
 -143.28788016 -122.61651735 -131.00010085 -136.68071252 -144.22177519
 -141.35685666 -130.80806703 -135.72685889 -104.34476856 -140.4869165 ]
inrs_hat:  [-17.98336245 -11.08458721 -19.34692185 -43.65737238 -23.56331071
 -32.29818012 -11.62681731 -20.0104008  -25.69101248 -33.23207515
 -30.36715662 -19.81836699 -24.73715885   6.64493149 -29.49721646]
scheduled_ues:  [ 0  2  3  4  5  7  8  9 10 11 12 14]
(1, 15, 1, 4, 1, 1)
caused INR: -15.140199379743747
TpsAltruisticFromLsfGain + CumulativeIndividualEstimated_INR + -10.0
None
(1, 15, 1, 4, 1, 1)
caused INR: -15.140199379743747
TpsAltruisticFromLsfGain + CumulativeIndividualEstimated_INR + -12.5
None
(1, 15, 1, 4, 1, 1)
caused INR: -15.461779780513709
TpsAltruisticFromLsfGain + CumulativeIndividualEstimated_INR + -15.0
None
(1, 15, 1, 4, 1, 1)
caused INR: -14.721173904481066
TpsRandomic + IndividualEstimated_INR + -10.0
None
ls_gain_coeffs:
[-115.81496397 -105.08292235 -130.33662189 -154.64707242 -120.12421104
 -131.31755669 -118.37304154 -128.49743605 -130.25882554 -144.22177519
 -128.2035146  -118.1796882  -128.55657482  -91.04760982 -138.73759189]
inrs_hat:  [ -4.82526393   5.90677769 -19.34692185 -43.65737238  -9.134511
 -20.32785664  -7.3833415  -17.507736   -19.2691255  -33.23207515
 -17.21381456  -7.18998816 -17.56687478  19.94209022 -27.74789185]
scheduled_ues:  [ 2  3  5  7  8  9 10 12 14]
(1, 15, 1, 4, 1, 1)
caused INR: -11.034621612534592
TpsRandomic + IndividualEstimated_INR + -12.5
None
ls_gain_coeffs:
[-115.81496397 -105.08292235 -115.07193132 -137.99292594 -120.12421104
 -143.28788016 -108.76042541 -116.89005765 -130.25882554 -131.67062874
 -140.28924358 -117.99290937 -119.26367546  -90.19205109 -127.4622083 ]
inrs_hat:  [ -4.82526393   5.90677769  -4.08223127 -27.0032259   -9.134511
 -32.29818012   2.22927463  -5.9003576  -19.2691255  -20.68092869
 -29.29954353  -7.00320933  -8.27397541  20.79764895 -16.47250826]
scheduled_ues:  [ 3  5  8  9 10 14]
(1, 15, 1, 4, 1, 1)
caused INR: -35.90159345634018
TpsRandomic + IndividualEstimated_INR + -15.0
None
ls_gain_coeffs:
[-115.81496397 -122.07428725 -126.10198603 -145.71603361 -118.13701133
 -143.28788016 -108.76042541 -131.00010085 -122.53302659 -131.67062874
 -141.35685666 -117.99290937 -135.72685889  -90.19205109 -127.4622083 ]
inrs_hat:  [ -4.82526393 -11.08458721 -15.11228598 -34.72633357  -7.14731128
 -32.29818012   2.22927463 -20.0104008  -11.54332655 -20.68092869
 -30.36715662  -7.00320933 -24.73715885  20.79764895 -16.47250826]
scheduled_ues:  [ 2  3  5  7  9 10 12 14]
(1, 15, 1, 4, 1, 1)
caused INR: -22.03594304170927
TpsRandomic + CumulativeIndividualEstimated_INR + -10.0
None
(1, 15, 1, 4, 1, 1)
caused INR: -10.220192046607249
TpsRandomic + CumulativeIndividualEstimated_INR + -12.5
None
(1, 15, 1, 4, 1, 1)
caused INR: -13.810765765733537
TpsRandomic + CumulativeIndividualEstimated_INR + -15.0
None
(1, 15, 1, 4, 1, 1)
caused INR: -18.797160652867223
Iteration number 89
TpsAltruisticFromLsfGain + IndividualEstimated_INR + -10.0
None
ls_gain_coeffs:
[-140.31536584 -148.15370656 -138.50591467 -134.34545582 -140.37360952
 -133.97084241 -141.3599982  -135.1664878  -134.5189959  -137.12464641
 -148.14571906 -144.7899369  -143.51576015 -134.8729842  -134.59107568]
inrs_hat:  [-29.3256658  -37.16400652 -27.51621463 -23.35575578 -29.38390948
 -22.98114237 -30.37029816 -24.17678776 -23.52929586 -26.13494637
 -37.15601902 -33.80023685 -32.5260601  -23.88328415 -23.60137564]
scheduled_ues:  [ 0  1  2  3  4  5  6  7  8  9 10 11 12 13 14]
(1, 15, 1, 4, 1, 1)
caused INR: -20.687472139082455
TpsAltruisticFromLsfGain + IndividualEstimated_INR + -12.5
None
ls_gain_coeffs:
[-140.31536584 -148.15370656 -138.50591467 -134.34545582 -140.37360952
 -133.97084241 -141.3599982  -135.1664878  -134.5189959  -137.12464641
 -148.14571906 -144.7899369  -143.51576015 -134.8729842  -134.59107568]
inrs_hat:  [-29.3256658  -37.16400652 -27.51621463 -23.35575578 -29.38390948
 -22.98114237 -30.37029816 -24.17678776 -23.52929586 -26.13494637
 -37.15601902 -33.80023685 -32.5260601  -23.88328415 -23.60137564]
scheduled_ues:  [ 0  1  2  3  4  5  6  7  8  9 10 11 12 13 14]
(1, 15, 1, 4, 1, 1)
caused INR: -20.687472139082455
TpsAltruisticFromLsfGain + IndividualEstimated_INR + -15.0
None
ls_gain_coeffs:
[-140.31536584 -148.15370656 -138.50591467 -134.34545582 -140.37360952
 -133.97084241 -141.3599982  -135.1664878  -134.5189959  -137.12464641
 -148.14571906 -144.7899369  -143.51576015 -134.8729842  -134.59107568]
inrs_hat:  [-29.3256658  -37.16400652 -27.51621463 -23.35575578 -29.38390948
 -22.98114237 -30.37029816 -24.17678776 -23.52929586 -26.13494637
 -37.15601902 -33.80023685 -32.5260601  -23.88328415 -23.60137564]
scheduled_ues:  [ 0  1  2  3  4  5  6  7  8  9 10 11 12 13 14]
(1, 15, 1, 4, 1, 1)
caused INR: -20.687472139082455
TpsAltruisticFromLsfGain + CumulativeIndividualEstimated_INR + -10.0
None
(1, 15, 1, 4, 1, 1)
caused INR: -20.687472139082455
TpsAltruisticFromLsfGain + CumulativeIndividualEstimated_INR + -12.5
None
(1, 15, 1, 4, 1, 1)
caused INR: -20.687472139082455
TpsAltruisticFromLsfGain + CumulativeIndividualEstimated_INR + -15.0
None
(1, 15, 1, 4, 1, 1)
caused INR: -19.589310779262924
TpsRandomic + IndividualEstimated_INR + -10.0
None
ls_gain_coeffs:
[-140.31536584 -136.12474942 -121.90227627 -121.52119762 -126.62566021
 -133.97084241 -130.47785716 -122.64984453 -134.5189959  -137.12464641
 -135.36603439 -134.55599958 -143.51576015 -118.12155818 -120.76180281]
inrs_hat:  [-29.3256658  -25.13504938 -10.91257623 -10.53149757 -15.63596016
 -22.98114237 -19.48815712 -11.66014449 -23.52929586 -26.13494637
 -24.37633435 -23.56629953 -32.5260601   -7.13185814  -9.77210276]
scheduled_ues:  [ 0  1  2  3  4  5  6  7  8  9 10 11 12]
(1, 15, 1, 4, 1, 1)
caused INR: -9.140014860009565
TpsRandomic + IndividualEstimated_INR + -12.5
None
ls_gain_coeffs:
[-131.53150908 -131.51205017 -138.50591467 -121.52119762 -126.62566021
 -130.07643613 -131.00183468 -135.1664878  -118.46409167 -137.12464641
 -148.14571906 -144.7899369  -129.82458346 -124.71880146 -134.59107568]
inrs_hat:  [-20.54180904 -20.52235012 -27.51621463 -10.53149757 -15.63596016
 -19.08673608 -20.01213464 -24.17678776  -7.47439163 -26.13494637
 -37.15601902 -33.80023685 -18.83488341 -13.72910142 -23.60137564]
scheduled_ues:  [ 0  1  2  4  5  6  7  9 10 11 12 13 14]
(1, 15, 1, 4, 1, 1)
caused INR: -18.749848451239902
TpsRandomic + IndividualEstimated_INR + -15.0
None
ls_gain_coeffs:
[-123.74887251 -136.12474942 -121.90227627 -134.34545582 -140.37360952
 -133.97084241 -130.47785716 -122.64984453 -128.98303695 -121.04329093
 -148.14571906 -133.80334265 -129.82458346 -124.71880146 -134.59107568]
inrs_hat:  [-12.75917246 -25.13504938 -10.91257623 -23.35575578 -29.38390948
 -22.98114237 -19.48815712 -11.66014449 -17.99333691 -10.05359089
 -37.15601902 -22.81364261 -18.83488341 -13.72910142 -23.60137564]
scheduled_ues:  [ 1  3  4  5  6  8 10 11 12 14]
(1, 15, 1, 4, 1, 1)
caused INR: -10.81176020789732
TpsRandomic + CumulativeIndividualEstimated_INR + -10.0
None
(1, 15, 1, 4, 1, 1)
caused INR: -19.06859087961346
TpsRandomic + CumulativeIndividualEstimated_INR + -12.5
None
(1, 15, 1, 4, 1, 1)
caused INR: -23.989451226946912
TpsRandomic + CumulativeIndividualEstimated_INR + -15.0
None
(1, 15, 1, 4, 1, 1)
caused INR: -14.032251753811622
Iteration number 90
TpsAltruisticFromLsfGain + IndividualEstimated_INR + -10.0
None
ls_gain_coeffs:
[-133.6522265  -139.934741   -143.40917878 -127.19583138 -136.73829844
 -146.42296359 -142.0175192  -150.13165811 -138.41418532 -142.21765969
 -131.04443938 -145.61410222 -145.44908525 -129.69540191 -132.25915863]
inrs_hat:  [-22.66252646 -28.94504096 -32.41947874 -16.20613134 -25.7485984
 -35.43326355 -31.02781916 -39.14195807 -27.42448528 -31.22795965
 -20.05473934 -34.62440218 -34.45938521 -18.70570186 -21.26945859]
scheduled_ues:  [ 0  1  2  3  4  5  6  7  8  9 10 11 12 13 14]
(1, 15, 1, 4, 1, 1)
caused INR: -16.501094577434547
TpsAltruisticFromLsfGain + IndividualEstimated_INR + -12.5
None
ls_gain_coeffs:
[-133.6522265  -139.934741   -143.40917878 -127.19583138 -136.73829844
 -146.42296359 -142.0175192  -150.13165811 -138.41418532 -142.21765969
 -131.04443938 -145.61410222 -145.44908525 -129.69540191 -132.25915863]
inrs_hat:  [-22.66252646 -28.94504096 -32.41947874 -16.20613134 -25.7485984
 -35.43326355 -31.02781916 -39.14195807 -27.42448528 -31.22795965
 -20.05473934 -34.62440218 -34.45938521 -18.70570186 -21.26945859]
scheduled_ues:  [ 0  1  2  3  4  5  6  7  8  9 10 11 12 13 14]
(1, 15, 1, 4, 1, 1)
caused INR: -16.501094577434547
TpsAltruisticFromLsfGain + IndividualEstimated_INR + -15.0
None
ls_gain_coeffs:
[-133.6522265  -139.934741   -143.40917878 -127.19583138 -136.73829844
 -146.42296359 -142.0175192  -150.13165811 -138.41418532 -142.21765969
 -131.04443938 -145.61410222 -145.44908525 -129.69540191 -132.25915863]
inrs_hat:  [-22.66252646 -28.94504096 -32.41947874 -16.20613134 -25.7485984
 -35.43326355 -31.02781916 -39.14195807 -27.42448528 -31.22795965
 -20.05473934 -34.62440218 -34.45938521 -18.70570186 -21.26945859]
scheduled_ues:  [ 0  1  2  3  4  5  6  7  8  9 10 11 12 13 14]
(1, 15, 1, 4, 1, 1)
caused INR: -16.501094577434547
TpsAltruisticFromLsfGain + CumulativeIndividualEstimated_INR + -10.0
None
(1, 15, 1, 4, 1, 1)
caused INR: -16.501094577434547
TpsAltruisticFromLsfGain + CumulativeIndividualEstimated_INR + -12.5
None
(1, 15, 1, 4, 1, 1)
caused INR: -14.320727873310448
TpsAltruisticFromLsfGain + CumulativeIndividualEstimated_INR + -15.0
None
(1, 15, 1, 4, 1, 1)
caused INR: -19.65989001761834
TpsRandomic + IndividualEstimated_INR + -10.0
None
ls_gain_coeffs:
[-121.27669483 -126.75279308 -132.65755956 -116.95118343 -119.81310555
 -146.42296359 -127.82586383 -135.26264218 -138.41418532 -135.69903475
 -115.79549087 -129.15406802 -145.02917596 -116.90284977 -114.76212769]
inrs_hat:  [-10.28699479 -15.76309304 -21.66785952  -5.96148339  -8.82340551
 -35.43326355 -16.83616378 -24.27294213 -27.42448528 -24.70933471
  -4.80579083 -18.16436798 -34.03947591  -5.91314973  -3.77242764]
scheduled_ues:  [ 0  1  2  5  6  7  8  9 11 12]
(1, 15, 1, 4, 1, 1)
caused INR: -12.877635971469022
TpsRandomic + IndividualEstimated_INR + -12.5
None
ls_gain_coeffs:
[-124.97535226 -132.39684159 -126.34809011 -110.15809496 -127.32111087
 -139.28767964 -127.82586383 -150.13165811 -138.41418532 -135.69903475
 -131.04443938 -132.36033371 -145.02917596 -128.64254551 -114.76212769]
inrs_hat:  [-13.98565221 -21.40714155 -15.35839006   0.83160508 -16.33141082
 -28.29797959 -16.83616378 -39.14195807 -27.42448528 -24.70933471
 -20.05473934 -21.37063367 -34.03947591 -17.65284546  -3.77242764]
scheduled_ues:  [ 0  1  2  4  5  6  7  8  9 10 11 12 13]
(1, 15, 1, 4, 1, 1)
caused INR: -18.365621881657187
TpsRandomic + IndividualEstimated_INR + -15.0
None
ls_gain_coeffs:
[-124.97535226 -132.39684159 -132.65755956 -127.19583138 -127.32111087
 -139.28767964 -125.73771794 -136.47635014 -126.46894974 -142.21765969
 -115.79549087 -132.36033371 -145.44908525 -129.69540191 -119.49915044]
inrs_hat:  [-13.98565221 -21.40714155 -21.66785952 -16.20613134 -16.33141082
 -28.29797959 -14.74801789 -25.4866501  -15.4792497  -31.22795965
  -4.80579083 -21.37063367 -34.45938521 -18.70570186  -8.5094504 ]
scheduled_ues:  [ 1  2  3  4  5  7  8  9 11 12 13]
(1, 15, 1, 4, 1, 1)
caused INR: -13.116158513142544
TpsRandomic + CumulativeIndividualEstimated_INR + -10.0
None
(1, 15, 1, 4, 1, 1)
caused INR: -9.21621775525255
TpsRandomic + CumulativeIndividualEstimated_INR + -12.5
None
(1, 15, 1, 4, 1, 1)
caused INR: -13.907578014168656
TpsRandomic + CumulativeIndividualEstimated_INR + -15.0
None
(1, 15, 1, 4, 1, 1)
caused INR: -26.709919978670563
Iteration number 91
TpsAltruisticFromLsfGain + IndividualEstimated_INR + -10.0
None
ls_gain_coeffs:
[-132.82049753 -124.17632381 -132.88927994 -149.23155649 -135.44868415
 -138.61404963 -144.6201351  -119.16434324 -135.53335879 -128.05913921
 -141.88958877 -135.85723149 -138.45970294 -144.81698385 -124.16068208]
inrs_hat:  [-21.83079749 -13.18662377 -21.8995799  -38.24185644 -24.45898411
 -27.62434958 -33.63043506  -8.1746432  -24.54365874 -17.06943917
 -30.89988873 -24.86753145 -27.4700029  -33.82728381 -13.17098204]
scheduled_ues:  [ 0  1  2  3  4  5  6  8  9 10 11 12 13 14]
(1, 15, 1, 4, 1, 1)
caused INR: -12.320090628263054
TpsAltruisticFromLsfGain + IndividualEstimated_INR + -12.5
None
ls_gain_coeffs:
[-132.82049753 -124.17632381 -132.88927994 -149.23155649 -135.44868415
 -138.61404963 -144.6201351  -119.16434324 -135.53335879 -128.05913921
 -141.88958877 -135.85723149 -138.45970294 -144.81698385 -124.16068208]
inrs_hat:  [-21.83079749 -13.18662377 -21.8995799  -38.24185644 -24.45898411
 -27.62434958 -33.63043506  -8.1746432  -24.54365874 -17.06943917
 -30.89988873 -24.86753145 -27.4700029  -33.82728381 -13.17098204]
scheduled_ues:  [ 0  1  2  3  4  5  6  8  9 10 11 12 13 14]
(1, 15, 1, 4, 1, 1)
caused INR: -12.320090628263054
TpsAltruisticFromLsfGain + IndividualEstimated_INR + -15.0
None
ls_gain_coeffs:
[-132.82049753 -124.17632381 -132.88927994 -149.23155649 -135.44868415
 -138.61404963 -144.6201351  -119.16434324 -135.53335879 -128.05913921
 -141.88958877 -135.85723149 -138.45970294 -144.81698385 -124.16068208]
inrs_hat:  [-21.83079749 -13.18662377 -21.8995799  -38.24185644 -24.45898411
 -27.62434958 -33.63043506  -8.1746432  -24.54365874 -17.06943917
 -30.89988873 -24.86753145 -27.4700029  -33.82728381 -13.17098204]
scheduled_ues:  [ 0  2  3  4  5  6  8  9 10 11 12 13]
(1, 15, 1, 4, 1, 1)
caused INR: -14.795460788922135
TpsAltruisticFromLsfGain + CumulativeIndividualEstimated_INR + -10.0
None
(1, 15, 1, 4, 1, 1)
caused INR: -19.20717135204025
TpsAltruisticFromLsfGain + CumulativeIndividualEstimated_INR + -12.5
None
(1, 15, 1, 4, 1, 1)
caused INR: -14.795460788922135
TpsAltruisticFromLsfGain + CumulativeIndividualEstimated_INR + -15.0
None
(1, 15, 1, 4, 1, 1)
caused INR: -16.117087040095576
TpsRandomic + IndividualEstimated_INR + -10.0
None
ls_gain_coeffs:
[-118.58558846 -112.30152959 -119.78569115 -135.33876647 -118.03452858
 -127.114377   -127.75410687 -104.65649478 -125.78248538 -119.23294041
 -124.97049444 -122.44781077 -124.65960426 -142.80464402 -110.19407257]
inrs_hat:  [ -7.59588841  -1.31182955  -8.7959911  -24.34906643  -7.04482853
 -16.12467696 -16.76440682   6.33320527 -14.79278533  -8.24324037
 -13.9807944  -11.45811072 -13.66990422 -31.81494398   0.79562747]
scheduled_ues:  [ 3  5  6  8 10 11 12 13]
(1, 15, 1, 4, 1, 1)
caused INR: -3.7956097359105034
TpsRandomic + IndividualEstimated_INR + -12.5
None
ls_gain_coeffs:
[-126.86477386 -112.30152959 -125.2536556  -149.23155649 -135.44868415
 -127.114377   -134.6686615  -116.06497055 -125.78248538 -111.25439424
 -131.92793402 -135.85723149 -121.78042697 -131.70460391 -110.19407257]
inrs_hat:  [-15.87507381  -1.31182955 -14.26395555 -38.24185644 -24.45898411
 -16.12467696 -23.67896146  -5.0752705  -14.79278533  -0.2646942
 -20.93823398 -24.86753145 -10.79072692 -20.71490387   0.79562747]
scheduled_ues:  [ 0  2  3  4  5  6  8 10 11 13]
(1, 15, 1, 4, 1, 1)
caused INR: -10.978570516650425
TpsRandomic + IndividualEstimated_INR + -15.0
None
ls_gain_coeffs:
[-132.82049753 -112.30152959 -119.78569115 -135.33876647 -123.58320788
 -138.61404963 -144.6201351  -119.16434324 -135.53335879 -111.25439424
 -131.92793402 -135.85723149 -131.34284967 -131.70460391 -119.58565355]
inrs_hat:  [-21.83079749  -1.31182955  -8.7959911  -24.34906643 -12.59350783
 -27.62434958 -33.63043506  -8.1746432  -24.54365874  -0.2646942
 -20.93823398 -24.86753145 -20.35314963 -20.71490387  -8.5959535 ]
scheduled_ues:  [ 0  3  5  6  8 10 11 12 13]
(1, 15, 1, 4, 1, 1)
caused INR: -10.92607184960405
TpsRandomic + CumulativeIndividualEstimated_INR + -10.0
None
(1, 15, 1, 4, 1, 1)
caused INR: -6.205278720993581
TpsRandomic + CumulativeIndividualEstimated_INR + -12.5
None
(1, 15, 1, 4, 1, 1)
caused INR: -23.266324222868228
TpsRandomic + CumulativeIndividualEstimated_INR + -15.0
None
(1, 15, 1, 4, 1, 1)
caused INR: -9.220499368799945
Iteration number 92
TpsAltruisticFromLsfGain + IndividualEstimated_INR + -10.0
None
ls_gain_coeffs:
[-114.33655542 -129.91952334 -148.60524031 -136.84177187 -143.50875019
 -150.30293143 -119.40259296 -141.87384405 -134.96564335 -143.82799007
 -142.77543382 -142.37974221 -143.70946792 -146.59358133 -126.53629433]
inrs_hat:  [ -3.34685537 -18.9298233  -37.61554026 -25.85207182 -32.51905015
 -39.31323139  -8.41289292 -30.88414401 -23.97594331 -32.83829003
 -31.78573378 -31.39004217 -32.71976788 -35.60388128 -15.54659429]
scheduled_ues:  [ 1  2  3  4  5  7  8  9 10 11 12 13 14]
(1, 15, 1, 4, 1, 1)
caused INR: -11.82733528367314
TpsAltruisticFromLsfGain + IndividualEstimated_INR + -12.5
None
ls_gain_coeffs:
[-114.33655542 -129.91952334 -148.60524031 -136.84177187 -143.50875019
 -150.30293143 -119.40259296 -141.87384405 -134.96564335 -143.82799007
 -142.77543382 -142.37974221 -143.70946792 -146.59358133 -126.53629433]
inrs_hat:  [ -3.34685537 -18.9298233  -37.61554026 -25.85207182 -32.51905015
 -39.31323139  -8.41289292 -30.88414401 -23.97594331 -32.83829003
 -31.78573378 -31.39004217 -32.71976788 -35.60388128 -15.54659429]
scheduled_ues:  [ 1  2  3  4  5  7  8  9 10 11 12 13 14]
(1, 15, 1, 4, 1, 1)
caused INR: -11.82733528367314
TpsAltruisticFromLsfGain + IndividualEstimated_INR + -15.0
None
ls_gain_coeffs:
[-114.33655542 -129.91952334 -148.60524031 -136.84177187 -143.50875019
 -150.30293143 -119.40259296 -141.87384405 -134.96564335 -143.82799007
 -142.77543382 -142.37974221 -143.70946792 -146.59358133 -126.53629433]
inrs_hat:  [ -3.34685537 -18.9298233  -37.61554026 -25.85207182 -32.51905015
 -39.31323139  -8.41289292 -30.88414401 -23.97594331 -32.83829003
 -31.78573378 -31.39004217 -32.71976788 -35.60388128 -15.54659429]
scheduled_ues:  [ 1  2  3  4  5  7  8  9 10 11 12 13 14]
(1, 15, 1, 4, 1, 1)
caused INR: -11.82733528367314
TpsAltruisticFromLsfGain + CumulativeIndividualEstimated_INR + -10.0
None
(1, 15, 1, 4, 1, 1)
caused INR: -11.82733528367314
TpsAltruisticFromLsfGain + CumulativeIndividualEstimated_INR + -12.5
None
(1, 15, 1, 4, 1, 1)
caused INR: -11.82733528367314
TpsAltruisticFromLsfGain + CumulativeIndividualEstimated_INR + -15.0
None
(1, 15, 1, 4, 1, 1)
caused INR: -19.353406896776846
TpsRandomic + IndividualEstimated_INR + -10.0
None
ls_gain_coeffs:
[-101.32969576 -129.91952334 -148.60524031 -121.04010126 -131.0705156
 -136.56592059 -119.40259296 -131.73896814 -124.85451167 -129.55216118
 -142.77543382 -131.73543947 -129.92489427 -132.58426138 -114.34219723]
inrs_hat:  [  9.66000429 -18.9298233  -37.61554026 -10.05040122 -20.08081556
 -25.57622055  -8.41289292 -20.7492681  -13.86481163 -18.56246114
 -31.78573378 -20.74573942 -18.93519423 -21.59456134  -3.35249718]
scheduled_ues:  [ 1  2  3  4  5  7  8  9 10 11 12 13]
(1, 15, 1, 4, 1, 1)
caused INR: -11.230498128541322
TpsRandomic + IndividualEstimated_INR + -12.5
None
ls_gain_coeffs:
[-100.7644361  -129.91952334 -148.60524031 -136.84177187 -126.79986682
 -136.56592059 -106.45676569 -141.87384405 -117.64388788 -143.82799007
 -142.77543382 -131.73543947 -130.5963811  -130.32043968 -116.8189281 ]
inrs_hat:  [ 10.22526395 -18.9298233  -37.61554026 -25.85207182 -15.81016677
 -25.57622055   4.53293435 -30.88414401  -6.65418783 -32.83829003
 -31.78573378 -20.74573942 -19.60668105 -19.33073964  -5.82922806]
scheduled_ues:  [ 1  2  3  4  5  7  9 10 11 12 13]
(1, 15, 1, 4, 1, 1)
caused INR: -5.353947890843598
TpsRandomic + IndividualEstimated_INR + -15.0
None
ls_gain_coeffs:
[-114.33655542 -123.00651283 -135.43661584 -131.80166596 -134.97081803
 -134.01401204 -119.40259296 -124.84418052 -124.85451167 -143.82799007
 -142.77543382 -125.33026366 -143.70946792 -146.59358133 -109.35976266]
inrs_hat:  [ -3.34685537 -12.01681279 -24.4469158  -20.81196592 -23.98111799
 -23.024312    -8.41289292 -13.85448047 -13.86481163 -32.83829003
 -31.78573378 -14.34056362 -32.71976788 -35.60388128   1.62993738]
scheduled_ues:  [ 2  3  4  5  9 10 12 13]
(1, 15, 1, 4, 1, 1)
caused INR: -25.455150136524352
TpsRandomic + CumulativeIndividualEstimated_INR + -10.0
None
(1, 15, 1, 4, 1, 1)
caused INR: -7.781262925932583
TpsRandomic + CumulativeIndividualEstimated_INR + -12.5
None
(1, 15, 1, 4, 1, 1)
caused INR: -12.559628346741707
TpsRandomic + CumulativeIndividualEstimated_INR + -15.0
None
(1, 15, 1, 4, 1, 1)
caused INR: -13.254198673351134
Iteration number 93
TpsAltruisticFromLsfGain + IndividualEstimated_INR + -10.0
None
ls_gain_coeffs:
[-126.7270396  -145.60782337 -144.69804402 -145.7886852  -122.52983552
 -135.41842525 -130.85814951 -139.37177537 -113.68520825 -131.80166997
 -136.46036107 -144.67833012 -129.0566588  -146.30785702 -131.68501082]
inrs_hat:  [-15.73733955 -34.61812333 -33.70834398 -34.79898515 -11.54013548
 -24.42872521 -19.86844946 -28.38207533  -2.69550821 -20.81196993
 -25.47066103 -33.68863008 -18.06695876 -35.31815698 -20.69531077]
scheduled_ues:  [ 0  1  2  3  4  5  6  7  9 10 11 12 13 14]
(1, 15, 1, 4, 1, 1)
caused INR: -4.313426626985045
TpsAltruisticFromLsfGain + IndividualEstimated_INR + -12.5
None
ls_gain_coeffs:
[-126.7270396  -145.60782337 -144.69804402 -145.7886852  -122.52983552
 -135.41842525 -130.85814951 -139.37177537 -113.68520825 -131.80166997
 -136.46036107 -144.67833012 -129.0566588  -146.30785702 -131.68501082]
inrs_hat:  [-15.73733955 -34.61812333 -33.70834398 -34.79898515 -11.54013548
 -24.42872521 -19.86844946 -28.38207533  -2.69550821 -20.81196993
 -25.47066103 -33.68863008 -18.06695876 -35.31815698 -20.69531077]
scheduled_ues:  [ 0  1  2  3  5  6  7  9 10 11 12 13 14]
(1, 15, 1, 4, 1, 1)
caused INR: -15.034637341496875
TpsAltruisticFromLsfGain + IndividualEstimated_INR + -15.0
None
ls_gain_coeffs:
[-126.7270396  -145.60782337 -144.69804402 -145.7886852  -122.52983552
 -135.41842525 -130.85814951 -139.37177537 -113.68520825 -131.80166997
 -136.46036107 -144.67833012 -129.0566588  -146.30785702 -131.68501082]
inrs_hat:  [-15.73733955 -34.61812333 -33.70834398 -34.79898515 -11.54013548
 -24.42872521 -19.86844946 -28.38207533  -2.69550821 -20.81196993
 -25.47066103 -33.68863008 -18.06695876 -35.31815698 -20.69531077]
scheduled_ues:  [ 0  1  2  3  5  6  7  9 10 11 12 13 14]
(1, 15, 1, 4, 1, 1)
caused INR: -15.034637341496875
TpsAltruisticFromLsfGain + CumulativeIndividualEstimated_INR + -10.0
None
(1, 15, 1, 4, 1, 1)
caused INR: -15.034637341496875
TpsAltruisticFromLsfGain + CumulativeIndividualEstimated_INR + -12.5
None
(1, 15, 1, 4, 1, 1)
caused INR: -13.416705805926853
TpsAltruisticFromLsfGain + CumulativeIndividualEstimated_INR + -15.0
None
(1, 15, 1, 4, 1, 1)
caused INR: -21.594786814070744
TpsRandomic + IndividualEstimated_INR + -10.0
None
ls_gain_coeffs:
[-113.72833956 -145.60782337 -127.98955132 -128.94669661 -109.85192238
 -135.41842525 -116.36552541 -131.59356681  -94.92106527 -119.82258608
 -136.46036107 -130.43358257 -115.20239    -129.88093599 -117.46899959]
inrs_hat:  [ -2.73863952 -34.61812333 -16.99985128 -17.95699656   1.13777767
 -24.42872521  -5.37582537 -20.60386676  16.06863478  -8.83288603
 -25.47066103 -19.44388253  -4.21268996 -18.89123595  -6.47929955]
scheduled_ues:  [ 1  2  3  5  7 10 11 13]
(1, 15, 1, 4, 1, 1)
caused INR: -9.35759461375016
TpsRandomic + IndividualEstimated_INR + -12.5
None
ls_gain_coeffs:
[-118.00042294 -137.52358325 -144.69804402 -145.7886852  -122.52983552
 -125.45216343 -122.85448974 -131.59356681 -100.42003685 -131.80166997
 -136.46036107 -128.63043502 -115.20239    -132.87501318 -117.46899959]
inrs_hat:  [ -7.0107229  -26.5338832  -33.70834398 -34.79898515 -11.54013548
 -14.46246339 -11.8647897  -20.60386676  10.5696632  -20.81196993
 -25.47066103 -17.64073497  -4.21268996 -21.88531313  -6.47929955]
scheduled_ues:  [ 1  2  3  5  7  9 10 11 13]
(1, 15, 1, 4, 1, 1)
caused INR: -24.43243508377742
TpsRandomic + IndividualEstimated_INR + -15.0
None
ls_gain_coeffs:
[-109.64358125 -137.52358325 -127.98955132 -145.7886852  -122.17536581
 -123.7055949  -122.85448974 -131.59356681 -113.68520825 -114.73831973
 -122.42778018 -128.63043502 -111.36194459 -132.87501318 -117.46899959]
inrs_hat:  [  1.34611879 -26.5338832  -16.99985128 -34.79898515 -11.18566576
 -12.71589486 -11.8647897  -20.60386676  -2.69550821  -3.74861969
 -11.43808014 -17.64073497  -0.37224454 -21.88531313  -6.47929955]
scheduled_ues:  [ 1  2  3  7 11 13]
(1, 15, 1, 4, 1, 1)
caused INR: -22.993310505786656
TpsRandomic + CumulativeIndividualEstimated_INR + -10.0
None
(1, 15, 1, 4, 1, 1)
caused INR: -15.246722388118982
TpsRandomic + CumulativeIndividualEstimated_INR + -12.5
None
(1, 15, 1, 4, 1, 1)
caused INR: -11.077878604894293
TpsRandomic + CumulativeIndividualEstimated_INR + -15.0
None
(1, 15, 1, 4, 1, 1)
caused INR: -12.221743590972933
Iteration number 94
TpsAltruisticFromLsfGain + IndividualEstimated_INR + -10.0
None
ls_gain_coeffs:
[-138.52862697 -129.42717667 -133.36326458 -147.62209797 -133.41884513
 -125.64760655 -142.54513473 -145.90097864 -135.57296338 -127.11215818
 -136.82747804 -149.76788897 -141.48071512 -121.26939076 -133.21745899]
inrs_hat:  [-27.53892693 -18.43747662 -22.37356454 -36.63239793 -22.42914508
 -14.65790651 -31.55543469 -34.91127859 -24.58326334 -16.12245813
 -25.83777799 -38.77818893 -30.49101507 -10.27969071 -22.22775894]
scheduled_ues:  [ 0  1  2  3  4  5  6  7  8  9 10 11 12 13 14]
(1, 15, 1, 4, 1, 1)
caused INR: -7.409142171261398
TpsAltruisticFromLsfGain + IndividualEstimated_INR + -12.5
None
ls_gain_coeffs:
[-138.52862697 -129.42717667 -133.36326458 -147.62209797 -133.41884513
 -125.64760655 -142.54513473 -145.90097864 -135.57296338 -127.11215818
 -136.82747804 -149.76788897 -141.48071512 -121.26939076 -133.21745899]
inrs_hat:  [-27.53892693 -18.43747662 -22.37356454 -36.63239793 -22.42914508
 -14.65790651 -31.55543469 -34.91127859 -24.58326334 -16.12245813
 -25.83777799 -38.77818893 -30.49101507 -10.27969071 -22.22775894]
scheduled_ues:  [ 0  1  2  3  4  5  6  7  8  9 10 11 12 14]
(1, 15, 1, 4, 1, 1)
caused INR: -23.227699672254314
TpsAltruisticFromLsfGain + IndividualEstimated_INR + -15.0
None
ls_gain_coeffs:
[-138.52862697 -129.42717667 -133.36326458 -147.62209797 -133.41884513
 -125.64760655 -142.54513473 -145.90097864 -135.57296338 -127.11215818
 -136.82747804 -149.76788897 -141.48071512 -121.26939076 -133.21745899]
inrs_hat:  [-27.53892693 -18.43747662 -22.37356454 -36.63239793 -22.42914508
 -14.65790651 -31.55543469 -34.91127859 -24.58326334 -16.12245813
 -25.83777799 -38.77818893 -30.49101507 -10.27969071 -22.22775894]
scheduled_ues:  [ 0  1  2  3  4  6  7  8  9 10 11 12 14]
(1, 15, 1, 4, 1, 1)
caused INR: -12.527250578225038
TpsAltruisticFromLsfGain + CumulativeIndividualEstimated_INR + -10.0
None
(1, 15, 1, 4, 1, 1)
caused INR: -12.527250578225038
TpsAltruisticFromLsfGain + CumulativeIndividualEstimated_INR + -12.5
None
(1, 15, 1, 4, 1, 1)
caused INR: -29.195559859304726
TpsAltruisticFromLsfGain + CumulativeIndividualEstimated_INR + -15.0
None
(1, 15, 1, 4, 1, 1)
caused INR: -20.46531713960536
TpsRandomic + IndividualEstimated_INR + -10.0
None
ls_gain_coeffs:
[-125.48887941 -119.96356847 -133.36326458 -138.47065063 -133.41884513
 -108.25668241 -136.50813096 -130.33512168 -118.53490915 -127.11215818
 -136.82747804 -149.76788897 -124.53209793 -116.87730159 -133.21745899]
inrs_hat:  [-14.49917937  -8.97386842 -22.37356454 -27.48095058 -22.42914508
   2.73301763 -25.51843092 -19.34542164  -7.5452091  -16.12245813
 -25.83777799 -38.77818893 -13.54239789  -5.88760155 -22.22775894]
scheduled_ues:  [ 0  2  3  4  6  7  9 10 11 12 14]
(1, 15, 1, 4, 1, 1)
caused INR: -23.590075198640918
TpsRandomic + IndividualEstimated_INR + -12.5
None
ls_gain_coeffs:
[-121.54551054 -119.96356847 -115.91043588 -147.62209797 -122.94846431
 -116.17345405 -136.50813096 -130.33512168 -135.57296338 -119.53084351
 -136.82747804 -141.04559496 -129.93571498 -116.87730159 -115.88559477]
inrs_hat:  [-10.55581049  -8.97386842  -4.92073584 -36.63239793 -11.95876427
  -5.18375401 -25.51843092 -19.34542164 -24.58326334  -8.54114347
 -25.83777799 -30.05589492 -18.94601493  -5.88760155  -4.89589473]
scheduled_ues:  [ 3  6  7  8 10 11 12]
(1, 15, 1, 4, 1, 1)
caused INR: -14.619095473399055
TpsRandomic + IndividualEstimated_INR + -15.0
None
ls_gain_coeffs:
[-125.48887941 -111.68493888 -121.87612741 -135.82114565 -116.0240671
 -112.78151077 -142.54513473 -130.33512168 -135.57296338 -119.53084351
 -136.66857217 -133.17223424 -129.93571498 -116.87730159 -133.21745899]
inrs_hat:  [-14.49917937  -0.69523884 -10.88642737 -24.8314456   -5.03436705
  -1.79181073 -31.55543469 -19.34542164 -24.58326334  -8.54114347
 -25.67887213 -22.18253419 -18.94601493  -5.88760155 -22.22775894]
scheduled_ues:  [ 3  6  7  8 10 11 12 14]
(1, 15, 1, 4, 1, 1)
caused INR: -14.129795411574111
TpsRandomic + CumulativeIndividualEstimated_INR + -10.0
None
(1, 15, 1, 4, 1, 1)
caused INR: -8.748078393842352
TpsRandomic + CumulativeIndividualEstimated_INR + -12.5
None
(1, 15, 1, 4, 1, 1)
caused INR: -20.757802743121452
TpsRandomic + CumulativeIndividualEstimated_INR + -15.0
None
(1, 15, 1, 4, 1, 1)
caused INR: -18.82915115213202
Iteration number 95
TpsAltruisticFromLsfGain + IndividualEstimated_INR + -10.0
None
ls_gain_coeffs:
[-124.71469021 -141.45341705 -134.82546318 -129.76297816 -132.16096433
 -111.48445275 -135.2639693  -133.01431643 -124.84205476 -138.14919354
 -137.06237324 -135.69619218 -143.92796518 -137.34332404 -142.65385313]
inrs_hat:  [-13.72499017 -30.463717   -23.83576314 -18.77327811 -21.17126428
  -0.49475271 -24.27426925 -22.02461639 -13.85235472 -27.15949349
 -26.0726732  -24.70649213 -32.93826513 -26.353624   -31.66415309]
scheduled_ues:  [ 0  1  2  3  4  6  7  8  9 10 11 12 13 14]
(1, 15, 1, 4, 1, 1)
caused INR: -16.580368167268496
TpsAltruisticFromLsfGain + IndividualEstimated_INR + -12.5
None
ls_gain_coeffs:
[-124.71469021 -141.45341705 -134.82546318 -129.76297816 -132.16096433
 -111.48445275 -135.2639693  -133.01431643 -124.84205476 -138.14919354
 -137.06237324 -135.69619218 -143.92796518 -137.34332404 -142.65385313]
inrs_hat:  [-13.72499017 -30.463717   -23.83576314 -18.77327811 -21.17126428
  -0.49475271 -24.27426925 -22.02461639 -13.85235472 -27.15949349
 -26.0726732  -24.70649213 -32.93826513 -26.353624   -31.66415309]
scheduled_ues:  [ 0  1  2  3  4  6  7  8  9 10 11 12 13 14]
(1, 15, 1, 4, 1, 1)
caused INR: -16.580368167268496
TpsAltruisticFromLsfGain + IndividualEstimated_INR + -15.0
None
ls_gain_coeffs:
[-124.71469021 -141.45341705 -134.82546318 -129.76297816 -132.16096433
 -111.48445275 -135.2639693  -133.01431643 -124.84205476 -138.14919354
 -137.06237324 -135.69619218 -143.92796518 -137.34332404 -142.65385313]
inrs_hat:  [-13.72499017 -30.463717   -23.83576314 -18.77327811 -21.17126428
  -0.49475271 -24.27426925 -22.02461639 -13.85235472 -27.15949349
 -26.0726732  -24.70649213 -32.93826513 -26.353624   -31.66415309]
scheduled_ues:  [ 1  2  3  4  6  7  9 10 11 12 13 14]
(1, 15, 1, 4, 1, 1)
caused INR: -19.824431684184546
TpsAltruisticFromLsfGain + CumulativeIndividualEstimated_INR + -10.0
None
(1, 15, 1, 4, 1, 1)
caused INR: -18.18956817305155
TpsAltruisticFromLsfGain + CumulativeIndividualEstimated_INR + -12.5
None
(1, 15, 1, 4, 1, 1)
caused INR: -19.824431684184546
TpsAltruisticFromLsfGain + CumulativeIndividualEstimated_INR + -15.0
None
(1, 15, 1, 4, 1, 1)
caused INR: -27.777102484987463
TpsRandomic + IndividualEstimated_INR + -10.0
None
ls_gain_coeffs:
[-111.82589011 -141.45341705 -118.42238535 -129.76297816 -131.63327764
 -111.48445275 -125.26075647 -125.89065456 -112.33118538 -138.14919354
 -134.52061324 -123.22270834 -130.3670254  -137.34332404 -136.59890775]
inrs_hat:  [ -0.83619006 -30.463717    -7.43268531 -18.77327811 -20.64357759
  -0.49475271 -14.27105643 -14.90095452  -1.34148534 -27.15949349
 -23.5309132  -12.23300829 -19.37732535 -26.353624   -25.6092077 ]
scheduled_ues:  [ 1  3  4  6  7  9 10 11 12 13 14]
(1, 15, 1, 4, 1, 1)
caused INR: -9.85077900818194
TpsRandomic + IndividualEstimated_INR + -12.5
None
ls_gain_coeffs:
[-124.71469021 -141.45341705 -128.04296774 -112.83002166 -132.16096433
  -96.09228545 -125.26075647 -133.01431643 -106.42115749 -138.14919354
 -123.77351991 -123.22270834 -143.92796518 -124.25853414 -136.59890775]
inrs_hat:  [-13.72499017 -30.463717   -17.0532677   -1.84032162 -21.17126428
  14.8974146  -14.27105643 -22.02461639   4.56854255 -27.15949349
 -12.78381986 -12.23300829 -32.93826513 -13.2688341  -25.6092077 ]
scheduled_ues:  [ 0  1  2  4  6  7  9 10 12 13 14]
(1, 15, 1, 4, 1, 1)
caused INR: -4.366183282945939
TpsRandomic + IndividualEstimated_INR + -15.0
None
ls_gain_coeffs:
[-111.82589011 -141.45341705 -128.04296774 -129.76297816 -119.54346876
 -111.48445275 -124.21628837 -116.16409673 -112.9527296  -121.82515338
 -122.92626658 -135.69619218 -136.93238401 -124.25853414 -128.45854922]
inrs_hat:  [ -0.83619006 -30.463717   -17.0532677  -18.77327811  -8.55376872
  -0.49475271 -13.22658833  -5.17439669  -1.96302956 -10.83545333
 -11.93656653 -24.70649213 -25.94268397 -13.2688341  -17.46884918]
scheduled_ues:  [ 1  2  3 11 12 14]
(1, 15, 1, 4, 1, 1)
caused INR: -22.824075144606674
TpsRandomic + CumulativeIndividualEstimated_INR + -10.0
None
(1, 15, 1, 4, 1, 1)
caused INR: -14.339285189398161
TpsRandomic + CumulativeIndividualEstimated_INR + -12.5
None
(1, 15, 1, 4, 1, 1)
caused INR: -26.53864854797579
TpsRandomic + CumulativeIndividualEstimated_INR + -15.0
None
(1, 15, 1, 4, 1, 1)
caused INR: -20.45908128933192
Iteration number 96
TpsAltruisticFromLsfGain + IndividualEstimated_INR + -10.0
None
ls_gain_coeffs:
[-145.0800157  -146.63695296 -149.59458925 -132.86520958 -152.04898208
 -122.70996966 -120.13995912 -144.6196397  -129.43587855 -128.31323856
 -149.31375061 -147.05553543 -148.25975851 -114.53668683 -144.46918319]
inrs_hat:  [-34.09031565 -35.64725292 -38.60488921 -21.87550954 -41.05928203
 -11.72026962  -9.15025908 -33.62993966 -18.44617851 -17.32353852
 -38.32405057 -36.06583539 -37.27005847  -3.54698679 -33.47948315]
scheduled_ues:  [ 0  1  2  3  4  5  7  8  9 10 11 12 14]
(1, 15, 1, 4, 1, 1)
caused INR: -10.45069643465453
TpsAltruisticFromLsfGain + IndividualEstimated_INR + -12.5
None
ls_gain_coeffs:
[-145.0800157  -146.63695296 -149.59458925 -132.86520958 -152.04898208
 -122.70996966 -120.13995912 -144.6196397  -129.43587855 -128.31323856
 -149.31375061 -147.05553543 -148.25975851 -114.53668683 -144.46918319]
inrs_hat:  [-34.09031565 -35.64725292 -38.60488921 -21.87550954 -41.05928203
 -11.72026962  -9.15025908 -33.62993966 -18.44617851 -17.32353852
 -38.32405057 -36.06583539 -37.27005847  -3.54698679 -33.47948315]
scheduled_ues:  [ 0  1  2  3  4  7  8  9 10 11 12 14]
(1, 15, 1, 4, 1, 1)
caused INR: -16.045982652998433
TpsAltruisticFromLsfGain + IndividualEstimated_INR + -15.0
None
ls_gain_coeffs:
[-145.0800157  -146.63695296 -149.59458925 -132.86520958 -152.04898208
 -122.70996966 -120.13995912 -144.6196397  -129.43587855 -128.31323856
 -149.31375061 -147.05553543 -148.25975851 -114.53668683 -144.46918319]
inrs_hat:  [-34.09031565 -35.64725292 -38.60488921 -21.87550954 -41.05928203
 -11.72026962  -9.15025908 -33.62993966 -18.44617851 -17.32353852
 -38.32405057 -36.06583539 -37.27005847  -3.54698679 -33.47948315]
scheduled_ues:  [ 0  1  2  3  4  7  8  9 10 11 12 14]
(1, 15, 1, 4, 1, 1)
caused INR: -16.045982652998433
TpsAltruisticFromLsfGain + CumulativeIndividualEstimated_INR + -10.0
None
(1, 15, 1, 4, 1, 1)
caused INR: -16.045982652998433
TpsAltruisticFromLsfGain + CumulativeIndividualEstimated_INR + -12.5
None
(1, 15, 1, 4, 1, 1)
caused INR: -16.045982652998433
TpsAltruisticFromLsfGain + CumulativeIndividualEstimated_INR + -15.0
None
(1, 15, 1, 4, 1, 1)
caused INR: -18.831056433346674
TpsRandomic + IndividualEstimated_INR + -10.0
None
ls_gain_coeffs:
[-132.8665223  -143.59827131 -133.76871433 -117.58012266 -152.04898208
 -109.83189936 -104.70237338 -144.6196397  -111.94639871 -114.93332119
 -137.62271046 -137.20603606 -148.25975851 -112.89760405 -137.6648224 ]
inrs_hat:  [-21.87682226 -32.60857127 -22.77901429  -6.59042261 -41.05928203
   1.15780068   6.28732666 -33.62993966  -0.95669866  -3.94362115
 -26.63301041 -26.21633601 -37.27005847  -1.90790401 -26.67512236]
scheduled_ues:  [ 0  1  2  4  7 10 11 12 14]
(1, 15, 1, 4, 1, 1)
caused INR: -11.420758453829533
TpsRandomic + IndividualEstimated_INR + -12.5
None
ls_gain_coeffs:
[-128.22640667 -143.59827131 -144.51817687 -119.00186612 -136.08230043
 -122.70996966 -106.20036625 -144.27957915 -114.69069447 -111.50369052
 -132.62516626 -137.20603606 -148.25975851 -101.54872591 -144.46918319]
inrs_hat:  [-17.23670663 -32.60857127 -33.52847683  -8.01216608 -25.09260038
 -11.72026962   4.78933379 -33.2898791   -3.70099443  -0.51399048
 -21.63546621 -26.21633601 -37.27005847   9.44097414 -33.47948315]
scheduled_ues:  [ 0  1  2  4  7 10 11 12 14]
(1, 15, 1, 4, 1, 1)
caused INR: -14.295885857859199
TpsRandomic + IndividualEstimated_INR + -15.0
None
ls_gain_coeffs:
[-128.22640667 -132.1695652  -135.46085179 -119.00186612 -136.08230043
 -113.7977702  -106.20036625 -144.27957915 -129.43587855 -111.50369052
 -140.06922206 -147.05553543 -139.20637513 -112.89760405 -144.46918319]
inrs_hat:  [-17.23670663 -21.17986515 -24.47115175  -8.01216608 -25.09260038
  -2.80807015   4.78933379 -33.2898791  -18.44617851  -0.51399048
 -29.07952201 -36.06583539 -28.21667509  -1.90790401 -33.47948315]
scheduled_ues:  [ 0  1  2  4  7  8 10 11 12 14]
(1, 15, 1, 4, 1, 1)
caused INR: -13.05063078223096
TpsRandomic + CumulativeIndividualEstimated_INR + -10.0
None
(1, 15, 1, 4, 1, 1)
caused INR: -9.545171958587122
TpsRandomic + CumulativeIndividualEstimated_INR + -12.5
None
(1, 15, 1, 4, 1, 1)
caused INR: -22.563126248979803
TpsRandomic + CumulativeIndividualEstimated_INR + -15.0
None
(1, 15, 1, 4, 1, 1)
caused INR: -21.18169004284974
Iteration number 97
TpsAltruisticFromLsfGain + IndividualEstimated_INR + -10.0
None
ls_gain_coeffs:
[-145.63800613 -131.61074965 -128.13065133 -126.71219355 -120.80090798
 -152.22625005 -135.47479108 -141.92154219 -129.58138753 -148.18747997
 -133.48141115 -146.742767   -123.23387842 -137.58765772 -145.76419557]
inrs_hat:  [-34.64830609 -20.62104961 -17.14095129 -15.7224935   -9.81120794
 -41.23655001 -24.48509104 -30.93184214 -18.59168748 -37.19777993
 -22.49171111 -35.75306696 -12.24417838 -26.59795768 -34.77449553]
scheduled_ues:  [ 0  1  2  3  5  6  7  8  9 10 11 12 13 14]
(1, 15, 1, 4, 1, 1)
caused INR: -4.765809391640452
TpsAltruisticFromLsfGain + IndividualEstimated_INR + -12.5
None
ls_gain_coeffs:
[-145.63800613 -131.61074965 -128.13065133 -126.71219355 -120.80090798
 -152.22625005 -135.47479108 -141.92154219 -129.58138753 -148.18747997
 -133.48141115 -146.742767   -123.23387842 -137.58765772 -145.76419557]
inrs_hat:  [-34.64830609 -20.62104961 -17.14095129 -15.7224935   -9.81120794
 -41.23655001 -24.48509104 -30.93184214 -18.59168748 -37.19777993
 -22.49171111 -35.75306696 -12.24417838 -26.59795768 -34.77449553]
scheduled_ues:  [ 0  1  2  3  5  6  7  8  9 10 11 13 14]
(1, 15, 1, 4, 1, 1)
caused INR: -12.838545240253618
TpsAltruisticFromLsfGain + IndividualEstimated_INR + -15.0
None
ls_gain_coeffs:
[-145.63800613 -131.61074965 -128.13065133 -126.71219355 -120.80090798
 -152.22625005 -135.47479108 -141.92154219 -129.58138753 -148.18747997
 -133.48141115 -146.742767   -123.23387842 -137.58765772 -145.76419557]
inrs_hat:  [-34.64830609 -20.62104961 -17.14095129 -15.7224935   -9.81120794
 -41.23655001 -24.48509104 -30.93184214 -18.59168748 -37.19777993
 -22.49171111 -35.75306696 -12.24417838 -26.59795768 -34.77449553]
scheduled_ues:  [ 0  1  2  3  5  6  7  8  9 10 11 13 14]
(1, 15, 1, 4, 1, 1)
caused INR: -12.838545240253618
TpsAltruisticFromLsfGain + CumulativeIndividualEstimated_INR + -10.0
None
(1, 15, 1, 4, 1, 1)
caused INR: -12.838545240253618
TpsAltruisticFromLsfGain + CumulativeIndividualEstimated_INR + -12.5
None
(1, 15, 1, 4, 1, 1)
caused INR: -11.084632841553447
TpsAltruisticFromLsfGain + CumulativeIndividualEstimated_INR + -15.0
None
(1, 15, 1, 4, 1, 1)
caused INR: -13.837673333281602
TpsRandomic + IndividualEstimated_INR + -10.0
None
ls_gain_coeffs:
[-134.88478367 -123.45122607 -128.02210721 -115.80708323 -103.25034492
 -138.15375621 -125.06512011 -128.19255115 -111.75625657 -138.04796772
 -120.51112412 -130.35369048 -123.23387842 -120.74590192 -139.90310989]
inrs_hat:  [-23.89508363 -12.46152603 -17.03240717  -4.81738319   7.73935512
 -27.16405617 -14.07542007 -17.20285111  -0.76655653 -27.05826768
  -9.52142408 -19.36399043 -12.24417838  -9.75620188 -28.91340984]
scheduled_ues:  [ 0  1  2  5  6  7  9 11 12 14]
(1, 15, 1, 4, 1, 1)
caused INR: -8.344695080761026
TpsRandomic + IndividualEstimated_INR + -12.5
None
ls_gain_coeffs:
[-134.88478367 -118.88915008 -115.61668858 -115.80708323 -108.3555691
 -147.33356853 -125.06512011 -138.05936908 -120.22561996 -138.04796772
 -131.89535007 -132.84010684 -116.61999261 -125.27524267 -145.76419557]
inrs_hat:  [-23.89508363  -7.89945003  -4.62698854  -4.81738319   2.63413095
 -36.34386849 -14.07542007 -27.06966904  -9.23591992 -27.05826768
 -20.90565003 -21.8504068   -5.63029257 -14.28554262 -34.77449553]
scheduled_ues:  [ 0  5  6  7  9 10 11 13 14]
(1, 15, 1, 4, 1, 1)
caused INR: -12.098737507492626
TpsRandomic + IndividualEstimated_INR + -15.0
None
ls_gain_coeffs:
[-145.63800613 -131.61074965 -128.02210721 -113.46231332 -110.58672075
 -136.52286237 -118.16020022 -138.05936908 -111.75625657 -148.18747997
 -133.48141115 -130.35369048 -123.23387842 -120.74590192 -129.54009783]
inrs_hat:  [-34.64830609 -20.62104961 -17.03240717  -2.47261328   0.4029793
 -25.53316233  -7.17050017 -27.06966904  -0.76655653 -37.19777993
 -22.49171111 -19.36399043 -12.24417838  -9.75620188 -18.55039778]
scheduled_ues:  [ 0  1  2  5  7  9 10 11 14]
(1, 15, 1, 4, 1, 1)
caused INR: -15.523396574882078
TpsRandomic + CumulativeIndividualEstimated_INR + -10.0
None
(1, 15, 1, 4, 1, 1)
caused INR: -6.768077597591608
TpsRandomic + CumulativeIndividualEstimated_INR + -12.5
None
(1, 15, 1, 4, 1, 1)
caused INR: -13.247716334467455
TpsRandomic + CumulativeIndividualEstimated_INR + -15.0
None
(1, 15, 1, 4, 1, 1)
caused INR: -16.730122239639538
Iteration number 98
TpsAltruisticFromLsfGain + IndividualEstimated_INR + -10.0
None
ls_gain_coeffs:
[-144.24274601 -144.75263388 -131.92635493 -125.63004612 -138.54732271
 -139.41997818 -144.58293271 -125.92892288 -131.36541577 -146.81434002
 -134.5645274  -154.32756153 -150.9602022  -142.83773981 -123.51599969]
inrs_hat:  [-33.25304597 -33.76293383 -20.93665489 -14.64034607 -27.55762267
 -28.43027813 -33.59323267 -14.93922284 -20.37571573 -35.82463998
 -23.57482735 -43.33786148 -39.97050216 -31.84803977 -12.52629965]
scheduled_ues:  [ 0  1  2  3  4  5  6  7  8  9 10 11 12 13 14]
(1, 15, 1, 4, 1, 1)
caused INR: -2.252129488801317
TpsAltruisticFromLsfGain + IndividualEstimated_INR + -12.5
None
ls_gain_coeffs:
[-144.24274601 -144.75263388 -131.92635493 -125.63004612 -138.54732271
 -139.41997818 -144.58293271 -125.92892288 -131.36541577 -146.81434002
 -134.5645274  -154.32756153 -150.9602022  -142.83773981 -123.51599969]
inrs_hat:  [-33.25304597 -33.76293383 -20.93665489 -14.64034607 -27.55762267
 -28.43027813 -33.59323267 -14.93922284 -20.37571573 -35.82463998
 -23.57482735 -43.33786148 -39.97050216 -31.84803977 -12.52629965]
scheduled_ues:  [ 0  1  2  3  4  5  6  7  8  9 10 11 12 13 14]
(1, 15, 1, 4, 1, 1)
caused INR: -2.252129488801317
TpsAltruisticFromLsfGain + IndividualEstimated_INR + -15.0
None
ls_gain_coeffs:
[-144.24274601 -144.75263388 -131.92635493 -125.63004612 -138.54732271
 -139.41997818 -144.58293271 -125.92892288 -131.36541577 -146.81434002
 -134.5645274  -154.32756153 -150.9602022  -142.83773981 -123.51599969]
inrs_hat:  [-33.25304597 -33.76293383 -20.93665489 -14.64034607 -27.55762267
 -28.43027813 -33.59323267 -14.93922284 -20.37571573 -35.82463998
 -23.57482735 -43.33786148 -39.97050216 -31.84803977 -12.52629965]
scheduled_ues:  [ 0  1  2  4  5  6  8  9 10 11 12 13]
(1, 15, 1, 4, 1, 1)
caused INR: -15.882419124535257
TpsAltruisticFromLsfGain + CumulativeIndividualEstimated_INR + -10.0
None
(1, 15, 1, 4, 1, 1)
caused INR: -8.541679306886184
TpsAltruisticFromLsfGain + CumulativeIndividualEstimated_INR + -12.5
None
(1, 15, 1, 4, 1, 1)
caused INR: -15.882419124535257
TpsAltruisticFromLsfGain + CumulativeIndividualEstimated_INR + -15.0
None
(1, 15, 1, 4, 1, 1)
caused INR: -15.882419124535257
TpsRandomic + IndividualEstimated_INR + -10.0
None
ls_gain_coeffs:
[-138.21531955 -144.75263388 -118.91877828 -115.60038122 -138.54732271
 -138.41341436 -144.58293271 -125.92892288 -119.04906819 -146.81434002
 -120.55801317 -138.19235984 -134.57118009 -130.01520085 -109.29633172]
inrs_hat:  [-27.2256195  -33.76293383  -7.92907823  -4.61068117 -27.55762267
 -27.42371431 -33.59323267 -14.93922284  -8.05936814 -35.82463998
  -9.56831313 -27.20265979 -23.58148005 -19.02550081   1.69336832]
scheduled_ues:  [ 0  1  4  5  6  7  9 11 12 13]
(1, 15, 1, 4, 1, 1)
caused INR: -13.185784635785565
TpsRandomic + IndividualEstimated_INR + -12.5
None
ls_gain_coeffs:
[-128.02210469 -128.00674366 -131.92635493 -107.1706696  -124.47535644
 -126.30733563 -130.09750193 -125.92892288 -114.57555864 -146.81434002
 -120.55801317 -154.32756153 -143.73747959 -126.25592519 -123.51599969]
inrs_hat:  [-17.03240465 -17.01704361 -20.93665489   3.81903045 -13.48565639
 -15.31763559 -19.10780189 -14.93922284  -3.58585859 -35.82463998
  -9.56831313 -43.33786148 -32.74777954 -15.26622515 -12.52629965]
scheduled_ues:  [ 0  1  2  4  5  6  7  9 11 12 13 14]
(1, 15, 1, 4, 1, 1)
caused INR: -11.04926466448602
TpsRandomic + IndividualEstimated_INR + -15.0
None
ls_gain_coeffs:
[-138.21531955 -144.75263388 -130.22842497 -111.18255798 -138.54732271
 -139.41997818 -144.58293271 -111.82886766 -122.54364909 -130.47972567
 -120.55801317 -148.28680415 -150.9602022  -126.25592519 -123.51599969]
inrs_hat:  [-27.2256195  -33.76293383 -19.23872492  -0.19285794 -27.55762267
 -28.43027813 -33.59323267  -0.83916762 -11.55394904 -19.49002563
  -9.56831313 -37.2971041  -39.97050216 -15.26622515 -12.52629965]
scheduled_ues:  [ 0  1  2  4  5  6  9 11 12 13]
(1, 15, 1, 4, 1, 1)
caused INR: -5.572443914920027
TpsRandomic + CumulativeIndividualEstimated_INR + -10.0
None
(1, 15, 1, 4, 1, 1)
caused INR: -6.792471825759274
TpsRandomic + CumulativeIndividualEstimated_INR + -12.5
None
(1, 15, 1, 4, 1, 1)
caused INR: -20.80178282886935
TpsRandomic + CumulativeIndividualEstimated_INR + -15.0
None
(1, 15, 1, 4, 1, 1)
caused INR: -17.02359185736322
Iteration number 99
TpsAltruisticFromLsfGain + IndividualEstimated_INR + -10.0
None
ls_gain_coeffs:
[-128.58147172 -149.24572274 -130.92902232 -128.52210498 -146.58162344
 -140.75216671 -142.41874273 -144.89401265 -146.30072969 -142.11940568
 -146.01133297 -140.75896294 -142.15851533 -150.49513731 -129.72993432]
inrs_hat:  [-17.59177168 -38.2560227  -19.93932227 -17.53240494 -35.59192339
 -29.76246666 -31.42904269 -33.90431261 -35.31102965 -31.12970563
 -35.02163293 -29.7692629  -31.16881529 -39.50543727 -18.74023428]
scheduled_ues:  [ 0  1  2  3  4  5  6  7  8  9 10 11 12 13 14]
(1, 15, 1, 4, 1, 1)
caused INR: -17.285406437054935
TpsAltruisticFromLsfGain + IndividualEstimated_INR + -12.5
None
ls_gain_coeffs:
[-128.58147172 -149.24572274 -130.92902232 -128.52210498 -146.58162344
 -140.75216671 -142.41874273 -144.89401265 -146.30072969 -142.11940568
 -146.01133297 -140.75896294 -142.15851533 -150.49513731 -129.72993432]
inrs_hat:  [-17.59177168 -38.2560227  -19.93932227 -17.53240494 -35.59192339
 -29.76246666 -31.42904269 -33.90431261 -35.31102965 -31.12970563
 -35.02163293 -29.7692629  -31.16881529 -39.50543727 -18.74023428]
scheduled_ues:  [ 0  1  2  3  4  5  6  7  8  9 10 11 12 13 14]
(1, 15, 1, 4, 1, 1)
caused INR: -17.285406437054935
TpsAltruisticFromLsfGain + IndividualEstimated_INR + -15.0
None
ls_gain_coeffs:
[-128.58147172 -149.24572274 -130.92902232 -128.52210498 -146.58162344
 -140.75216671 -142.41874273 -144.89401265 -146.30072969 -142.11940568
 -146.01133297 -140.75896294 -142.15851533 -150.49513731 -129.72993432]
inrs_hat:  [-17.59177168 -38.2560227  -19.93932227 -17.53240494 -35.59192339
 -29.76246666 -31.42904269 -33.90431261 -35.31102965 -31.12970563
 -35.02163293 -29.7692629  -31.16881529 -39.50543727 -18.74023428]
scheduled_ues:  [ 0  1  2  3  4  5  6  7  8  9 10 11 12 13 14]
(1, 15, 1, 4, 1, 1)
caused INR: -17.285406437054935
TpsAltruisticFromLsfGain + CumulativeIndividualEstimated_INR + -10.0
None
(1, 15, 1, 4, 1, 1)
caused INR: -17.285406437054935
TpsAltruisticFromLsfGain + CumulativeIndividualEstimated_INR + -12.5
None
(1, 15, 1, 4, 1, 1)
caused INR: -22.299888013933995
TpsAltruisticFromLsfGain + CumulativeIndividualEstimated_INR + -15.0
None
(1, 15, 1, 4, 1, 1)
caused INR: -15.461405782377625
TpsRandomic + IndividualEstimated_INR + -10.0
None
ls_gain_coeffs:
[-115.00445011 -139.57940311 -121.53940826 -128.52210498 -135.20966301
 -133.89096714 -129.67186726 -129.86814927 -146.30072969 -142.11940568
 -133.05611481 -126.66973117 -142.15851533 -137.32592899 -112.87093798]
inrs_hat:  [ -4.01475007 -28.58970307 -10.54970821 -17.53240494 -24.21996296
 -22.90126709 -18.68216722 -18.87844923 -35.31102965 -31.12970563
 -22.06641477 -15.68003113 -31.16881529 -26.33622895  -1.88123794]
scheduled_ues:  [ 1  2  3  4  5  6  7  8  9 10 11 12 13]
(1, 15, 1, 4, 1, 1)
caused INR: -17.581229600061917
TpsRandomic + IndividualEstimated_INR + -12.5
None
ls_gain_coeffs:
[-115.00445011 -139.57940311 -113.99974273 -121.06417248 -136.73227349
 -126.95084299 -141.96082953 -131.16028096 -129.71924334 -142.11940568
 -138.40026789 -124.51742804 -142.15851533 -136.59832067 -118.63469311]
inrs_hat:  [ -4.01475007 -28.58970307  -3.01004269 -10.07447244 -25.74257344
 -15.96114295 -30.97112948 -20.17058092 -18.7295433  -31.12970563
 -27.41056784 -13.527728   -31.16881529 -25.60862063  -7.64499307]
scheduled_ues:  [ 1  4  5  6  7  8  9 10 11 12 13]
(1, 15, 1, 4, 1, 1)
caused INR: -11.205105342016095
TpsRandomic + IndividualEstimated_INR + -15.0
None
ls_gain_coeffs:
[-128.58147172 -139.57940311 -130.92902232 -128.52210498 -135.20966301
 -133.89096714 -129.82450499 -131.16028096 -146.30072969 -129.59365938
 -129.50739135 -140.75896294 -125.37259259 -137.32592899 -118.63469311]
inrs_hat:  [-17.59177168 -28.58970307 -19.93932227 -17.53240494 -24.21996296
 -22.90126709 -18.83480495 -20.17058092 -35.31102965 -18.60395933
 -18.51769131 -29.7692629  -14.38289255 -26.33622895  -7.64499307]
scheduled_ues:  [ 0  1  2  3  4  5  6  7  8  9 10 11 13]
(1, 15, 1, 4, 1, 1)
caused INR: -9.76750805314509
TpsRandomic + CumulativeIndividualEstimated_INR + -10.0
None
(1, 15, 1, 4, 1, 1)
caused INR: -9.896490166021334
TpsRandomic + CumulativeIndividualEstimated_INR + -12.5
None
(1, 15, 1, 4, 1, 1)
caused INR: -14.861468180782033
TpsRandomic + CumulativeIndividualEstimated_INR + -15.0
None
(1, 15, 1, 4, 1, 1)
caused INR: -22.864771845325272
Iteration number 100
TpsAltruisticFromLsfGain + IndividualEstimated_INR + -10.0
None
ls_gain_coeffs:
[-132.15062994 -134.89843197 -133.72763248 -146.27040354 -154.51547609
 -143.41549189 -135.54134145 -131.71996355 -141.8560909  -130.88907535
 -125.17564097 -148.40168839 -110.87838638 -131.80405284 -146.06360786]
inrs_hat:  [-21.16092989 -23.90873192 -22.73793243 -35.2807035  -43.52577605
 -32.42579185 -24.5516414  -20.73026351 -30.86639085 -19.89937531
 -14.18594093 -37.41198835   0.11131366 -20.81435279 -35.07390782]
scheduled_ues:  [ 0  1  2  3  4  5  6  7  8  9 10 11 13 14]
(1, 15, 1, 4, 1, 1)
caused INR: -21.573925962265044
TpsAltruisticFromLsfGain + IndividualEstimated_INR + -12.5
None
ls_gain_coeffs:
[-132.15062994 -134.89843197 -133.72763248 -146.27040354 -154.51547609
 -143.41549189 -135.54134145 -131.71996355 -141.8560909  -130.88907535
 -125.17564097 -148.40168839 -110.87838638 -131.80405284 -146.06360786]
inrs_hat:  [-21.16092989 -23.90873192 -22.73793243 -35.2807035  -43.52577605
 -32.42579185 -24.5516414  -20.73026351 -30.86639085 -19.89937531
 -14.18594093 -37.41198835   0.11131366 -20.81435279 -35.07390782]
scheduled_ues:  [ 0  1  2  3  4  5  6  7  8  9 10 11 13 14]
(1, 15, 1, 4, 1, 1)
caused INR: -21.573925962265044
TpsAltruisticFromLsfGain + IndividualEstimated_INR + -15.0
None
ls_gain_coeffs:
[-132.15062994 -134.89843197 -133.72763248 -146.27040354 -154.51547609
 -143.41549189 -135.54134145 -131.71996355 -141.8560909  -130.88907535
 -125.17564097 -148.40168839 -110.87838638 -131.80405284 -146.06360786]
inrs_hat:  [-21.16092989 -23.90873192 -22.73793243 -35.2807035  -43.52577605
 -32.42579185 -24.5516414  -20.73026351 -30.86639085 -19.89937531
 -14.18594093 -37.41198835   0.11131366 -20.81435279 -35.07390782]
scheduled_ues:  [ 0  1  2  3  4  5  6  7  8  9 11 13 14]
(1, 15, 1, 4, 1, 1)
caused INR: -22.204709269591525
TpsAltruisticFromLsfGain + CumulativeIndividualEstimated_INR + -10.0
None
(1, 15, 1, 4, 1, 1)
caused INR: -21.573925962265044
TpsAltruisticFromLsfGain + CumulativeIndividualEstimated_INR + -12.5
None
(1, 15, 1, 4, 1, 1)
caused INR: -22.204709269591525
TpsAltruisticFromLsfGain + CumulativeIndividualEstimated_INR + -15.0
None
(1, 15, 1, 4, 1, 1)
caused INR: -16.995109085042458
TpsRandomic + IndividualEstimated_INR + -10.0
None
ls_gain_coeffs:
[-132.15062994 -120.51163936 -119.94998851 -132.31995319 -138.57348458
 -143.37651926 -122.52532469 -126.17431598 -129.60298311 -116.70067349
 -125.17564097 -131.57811615 -110.24102247 -131.80405284 -132.59107851]
inrs_hat:  [-21.16092989  -9.52193932  -8.96028847 -21.33025314 -27.58378454
 -32.38681922 -11.53562465 -15.18461594 -18.61328306  -5.71097345
 -14.18594093 -20.58841611   0.74867757 -20.81435279 -21.60137846]
scheduled_ues:  [ 0  3  4  5  6  7  8 10 11 13 14]
(1, 15, 1, 4, 1, 1)
caused INR: -7.2982408263470795
TpsRandomic + IndividualEstimated_INR + -12.5
None
ls_gain_coeffs:
[-122.05816003 -127.88108143 -133.72763248 -132.31995319 -149.26488883
 -130.94791014 -128.14603768 -115.58126517 -124.93815767 -125.64866977
 -112.05877817 -131.57811615  -98.22433175 -130.24331818 -146.06360786]
inrs_hat:  [-11.06845998 -16.89138139 -22.73793243 -21.33025314 -38.27518878
 -19.9582101  -17.15633764  -4.59156513 -13.94845762 -14.65896972
  -1.06907812 -20.58841611  12.7653683  -19.25361814 -35.07390782]
scheduled_ues:  [ 1  2  3  4  5  6  8  9 11 13 14]
(1, 15, 1, 4, 1, 1)
caused INR: -5.5504161039654125
TpsRandomic + IndividualEstimated_INR + -15.0
None
ls_gain_coeffs:
[-120.83928604 -120.51163936 -116.97975588 -129.8784812  -149.26488883
 -143.37651926 -128.14603768 -126.17431598 -124.93815767 -125.64866977
 -111.38351536 -138.37577445  -98.01187711 -130.24331818 -132.59107851]
inrs_hat:  [ -9.84958599  -9.52193932  -5.99005584 -18.88878116 -38.27518878
 -32.38681922 -17.15633764 -15.18461594 -13.94845762 -14.65896972
  -0.39381531 -27.38607441  12.97782293 -19.25361814 -21.60137846]
scheduled_ues:  [ 3  4  5  6  7 11 13 14]
(1, 15, 1, 4, 1, 1)
caused INR: -11.515831377208103
TpsRandomic + CumulativeIndividualEstimated_INR + -10.0
None
(1, 15, 1, 4, 1, 1)
caused INR: -11.146925479273515
TpsRandomic + CumulativeIndividualEstimated_INR + -12.5
None
(1, 15, 1, 4, 1, 1)
caused INR: -12.948124979229352
TpsRandomic + CumulativeIndividualEstimated_INR + -15.0
None
(1, 15, 1, 4, 1, 1)
caused INR: -10.705969389874046
Job ended at Tue Sep 22 05:24:24 PM UTC 2026
