Job started at Tue Sep 22 04:30:49 PM UTC 2026
source/physical/large_scale_fading.py
source/physical/channel.py
source/physical/antenna_pattern.py
source/physical/antenna_pattern.py
source/physical/large_scale_fading.py
source/physical/channel.py
source/physical/spatial_correlation.py
source/channel_estimation.py
source/physical/antenna_pattern.py
source/physical/antenna_pattern.py
source/geometry/coordinates.py
source/geometry/coordinates.py
source/geometry/sectorization.py
source/geometry/sectorization.py
source/beamforming.py
source/beamforming.py
Iteration number 1
TpsAltruisticFromLsfGain + IndividualEstimated_INR + -10.0
None
ls_gain_coeffs:
[-150.84659517 -130.05311697 -140.7950239  -128.04629871 -139.48790258
 -125.1888143  -145.66689172 -120.35791153 -134.89758097 -146.00263272
 -132.78455813 -150.56854852 -142.16341903 -132.62243861 -125.19924584]
inrs_hat:  [-39.85689513 -19.06341693 -29.80532385 -17.05659867 -28.49820253
 -14.19911425 -34.67719167  -9.36821149 -23.90788093 -35.01293267
 -21.79485808 -39.57884847 -31.17371899 -21.63273857 -14.2095458 ]
scheduled_ues:  [ 0  1  2  3  4  5  6  8  9 10 11 12 13 14]
(1, 15, 1, 4, 1, 1)
caused INR: -10.638748683659287
TpsAltruisticFromLsfGain + IndividualEstimated_INR + -12.5
None
ls_gain_coeffs:
[-150.84659517 -130.05311697 -140.7950239  -128.04629871 -139.48790258
 -125.1888143  -145.66689172 -120.35791153 -134.89758097 -146.00263272
 -132.78455813 -150.56854852 -142.16341903 -132.62243861 -125.19924584]
inrs_hat:  [-39.85689513 -19.06341693 -29.80532385 -17.05659867 -28.49820253
 -14.19911425 -34.67719167  -9.36821149 -23.90788093 -35.01293267
 -21.79485808 -39.57884847 -31.17371899 -21.63273857 -14.2095458 ]
scheduled_ues:  [ 0  1  2  3  4  5  6  8  9 10 11 12 13 14]
(1, 15, 1, 4, 1, 1)
caused INR: -10.638748683659287
TpsAltruisticFromLsfGain + IndividualEstimated_INR + -15.0
None
ls_gain_coeffs:
[-150.84659517 -130.05311697 -140.7950239  -128.04629871 -139.48790258
 -125.1888143  -145.66689172 -120.35791153 -134.89758097 -146.00263272
 -132.78455813 -150.56854852 -142.16341903 -132.62243861 -125.19924584]
inrs_hat:  [-39.85689513 -19.06341693 -29.80532385 -17.05659867 -28.49820253
 -14.19911425 -34.67719167  -9.36821149 -23.90788093 -35.01293267
 -21.79485808 -39.57884847 -31.17371899 -21.63273857 -14.2095458 ]
scheduled_ues:  [ 0  1  2  3  4  6  8  9 10 11 12 13]
(1, 15, 1, 4, 1, 1)
caused INR: -21.125367308885494
TpsAltruisticFromLsfGain + CumulativeIndividualEstimated_INR + -10.0
None
(1, 15, 1, 4, 1, 1)
caused INR: -15.643911228874286
TpsAltruisticFromLsfGain + CumulativeIndividualEstimated_INR + -12.5
None
(1, 15, 1, 4, 1, 1)
caused INR: -21.125367308885494
TpsAltruisticFromLsfGain + CumulativeIndividualEstimated_INR + -15.0
None
(1, 15, 1, 4, 1, 1)
caused INR: -27.301642446609474
TpsRandomic + IndividualEstimated_INR + -10.0
None
ls_gain_coeffs:
[-137.04706661 -113.53044211 -123.94331785 -119.05564409 -126.21418966
 -123.90759917 -145.66689172 -109.30115277 -124.35827866 -135.43023705
 -132.78455813 -134.80046584 -133.18579509 -119.10336367 -110.88001724]
inrs_hat:  [-26.05736657  -2.54074207 -12.9536178   -8.06594404 -15.22448962
 -12.91789913 -34.67719167   1.68854727 -13.36857862 -24.440537
 -21.79485808 -23.8107658  -22.19609505  -8.11366363   0.1096828 ]
scheduled_ues:  [ 0  2  4  5  6  8  9 10 11 12]
(1, 15, 1, 4, 1, 1)
caused INR: -8.321392082797633
TpsRandomic + IndividualEstimated_INR + -12.5
None
ls_gain_coeffs:
[-144.71519208 -116.19781185 -127.49201438 -115.67362889 -126.63024612
 -111.89307088 -139.96643013 -109.30115277 -117.50180831 -135.43023705
 -132.78455813 -134.80046584 -142.16341903 -116.14459019 -125.19924584]
inrs_hat:  [-33.72549204  -5.20811181 -16.50231434  -4.68392885 -15.64054608
  -0.90337083 -28.97673009   1.68854727  -6.51210826 -24.440537
 -21.79485808 -23.8107658  -31.17371899  -5.15489015 -14.2095458 ]
scheduled_ues:  [ 0  2  4  6  9 10 11 12 14]
(1, 15, 1, 4, 1, 1)
caused INR: -17.296891057688022
TpsRandomic + IndividualEstimated_INR + -15.0
None
ls_gain_coeffs:
[-134.66032935 -130.05311697 -132.83622131 -111.14383649 -126.63024612
 -125.1888143  -145.66689172 -109.30115277 -117.50180831 -129.16401593
 -119.30567775 -145.5788245  -129.85855714 -125.62741671 -125.19924584]
inrs_hat:  [-23.6706293  -19.06341693 -21.84652127  -0.15413645 -15.64054608
 -14.19911425 -34.67719167   1.68854727  -6.51210826 -18.17431588
  -8.31597771 -34.58912446 -18.8688571  -14.63771667 -14.2095458 ]
scheduled_ues:  [ 0  1  2  4  6  9 11 12]
(1, 15, 1, 4, 1, 1)
caused INR: -13.222290519383513
TpsRandomic + CumulativeIndividualEstimated_INR + -10.0
None
(1, 15, 1, 4, 1, 1)
caused INR: -20.477496486547206
TpsRandomic + CumulativeIndividualEstimated_INR + -12.5
None
(1, 15, 1, 4, 1, 1)
caused INR: -15.75709486142896
TpsRandomic + CumulativeIndividualEstimated_INR + -15.0
None
(1, 15, 1, 4, 1, 1)
caused INR: -23.372689287466244
Iteration number 2
TpsAltruisticFromLsfGain + IndividualEstimated_INR + -10.0
None
ls_gain_coeffs:
[-129.68004438 -136.54695851 -132.1163792  -144.2969506  -123.70203713
 -138.33160045 -147.80632206 -125.18607284 -141.04466982 -140.38174883
 -126.85107586 -139.80899597 -144.7812517  -143.00676334 -148.24727719]
inrs_hat:  [-18.69034434 -25.55725847 -21.12667916 -33.30725056 -12.71233709
 -27.34190041 -36.81662202 -14.1963728  -30.05496978 -29.39204878
 -15.86137582 -28.81929592 -33.79155166 -32.0170633  -37.25757714]
scheduled_ues:  [ 0  1  2  3  4  5  6  7  8  9 10 11 12 13 14]
(1, 15, 1, 4, 1, 1)
caused INR: -2.938109290767787
TpsAltruisticFromLsfGain + IndividualEstimated_INR + -12.5
None
ls_gain_coeffs:
[-129.68004438 -136.54695851 -132.1163792  -144.2969506  -123.70203713
 -138.33160045 -147.80632206 -125.18607284 -141.04466982 -140.38174883
 -126.85107586 -139.80899597 -144.7812517  -143.00676334 -148.24727719]
inrs_hat:  [-18.69034434 -25.55725847 -21.12667916 -33.30725056 -12.71233709
 -27.34190041 -36.81662202 -14.1963728  -30.05496978 -29.39204878
 -15.86137582 -28.81929592 -33.79155166 -32.0170633  -37.25757714]
scheduled_ues:  [ 0  1  2  3  4  5  6  7  8  9 10 11 12 13 14]
(1, 15, 1, 4, 1, 1)
caused INR: -2.938109290767787
TpsAltruisticFromLsfGain + IndividualEstimated_INR + -15.0
None
ls_gain_coeffs:
[-129.68004438 -136.54695851 -132.1163792  -144.2969506  -123.70203713
 -138.33160045 -147.80632206 -125.18607284 -141.04466982 -140.38174883
 -126.85107586 -139.80899597 -144.7812517  -143.00676334 -148.24727719]
inrs_hat:  [-18.69034434 -25.55725847 -21.12667916 -33.30725056 -12.71233709
 -27.34190041 -36.81662202 -14.1963728  -30.05496978 -29.39204878
 -15.86137582 -28.81929592 -33.79155166 -32.0170633  -37.25757714]
scheduled_ues:  [ 0  1  2  3  5  6  8  9 10 11 12 13 14]
(1, 15, 1, 4, 1, 1)
caused INR: -12.893574123246418
TpsAltruisticFromLsfGain + CumulativeIndividualEstimated_INR + -10.0
None
(1, 15, 1, 4, 1, 1)
caused INR: -5.045287908422896
TpsAltruisticFromLsfGain + CumulativeIndividualEstimated_INR + -12.5
None
(1, 15, 1, 4, 1, 1)
caused INR: -16.620995545938438
TpsAltruisticFromLsfGain + CumulativeIndividualEstimated_INR + -15.0
None
(1, 15, 1, 4, 1, 1)
caused INR: -16.620995545938438
TpsRandomic + IndividualEstimated_INR + -10.0
None
ls_gain_coeffs:
[-120.20277132 -122.97414811 -121.62319134 -133.85484435 -123.70203713
 -138.14913024 -147.80632206 -108.14622973 -129.59757234 -136.07809459
 -126.85107586 -138.39795202 -131.04261796 -126.20909961 -148.24727719]
inrs_hat:  [ -9.21307127 -11.98444806 -10.6334913  -22.8651443  -12.71233709
 -27.1594302  -36.81662202   2.84347031 -18.6078723  -25.08839455
 -15.86137582 -27.40825198 -20.05291791 -15.21939956 -37.25757714]
scheduled_ues:  [ 1  2  3  4  5  6  8  9 10 11 12 13 14]
(1, 15, 1, 4, 1, 1)
caused INR: -5.622491269415688
TpsRandomic + IndividualEstimated_INR + -12.5
None
ls_gain_coeffs:
[-120.20277132 -136.54695851 -121.20816964 -144.2969506  -123.70203713
 -125.76835364 -140.82410399 -108.14622973 -129.59757234 -126.50559742
 -108.63972558 -139.80899597 -128.33805872 -133.79622496 -148.24727719]
inrs_hat:  [ -9.21307127 -25.55725847 -10.21846959 -33.30725056 -12.71233709
 -14.7786536  -29.83440395   2.84347031 -18.6078723  -15.51589737
   2.34997447 -28.81929592 -17.34835868 -22.80652492 -37.25757714]
scheduled_ues:  [ 1  3  4  5  6  8  9 11 12 13 14]
(1, 15, 1, 4, 1, 1)
caused INR: -14.38241495979765
TpsRandomic + IndividualEstimated_INR + -15.0
None
ls_gain_coeffs:
[-112.83801078 -122.97414811 -121.62319134 -127.40709934 -109.79269189
 -125.82917705 -131.36814755 -115.04617187 -129.59757234 -140.38174883
 -111.96528313 -139.80899597 -144.7812517  -126.20909961 -134.07491018]
inrs_hat:  [ -1.84831073 -11.98444806 -10.6334913  -16.4173993    1.19700815
 -14.839477   -20.3784475   -4.05647183 -18.6078723  -29.39204878
  -0.97558309 -28.81929592 -33.79155166 -15.21939956 -23.08521013]
scheduled_ues:  [ 3  6  8  9 11 12 13 14]
(1, 15, 1, 4, 1, 1)
caused INR: -19.33384930689368
TpsRandomic + CumulativeIndividualEstimated_INR + -10.0
None
(1, 15, 1, 4, 1, 1)
caused INR: -10.85823223051868
TpsRandomic + CumulativeIndividualEstimated_INR + -12.5
None
(1, 15, 1, 4, 1, 1)
caused INR: -18.97656349156005
TpsRandomic + CumulativeIndividualEstimated_INR + -15.0
None
(1, 15, 1, 4, 1, 1)
caused INR: -23.208009626871377
Iteration number 3
TpsAltruisticFromLsfGain + IndividualEstimated_INR + -10.0
None
ls_gain_coeffs:
[-142.1953309  -139.10399366 -130.52917933 -137.7473554  -116.70525802
 -146.47075857 -135.57586545 -140.18924237 -146.96876406 -145.30335338
 -122.16369841 -133.93654177 -140.45228887 -145.04031059 -124.15296186]
inrs_hat:  [-31.20563086 -28.11429362 -19.53947929 -26.75765536  -5.71555798
 -35.48105852 -24.5861654  -29.19954232 -35.97906401 -34.31365333
 -11.17399837 -22.94684173 -29.46258882 -34.05061054 -13.16326182]
scheduled_ues:  [ 0  1  2  3  5  6  7  8  9 10 11 12 13 14]
(1, 15, 1, 4, 1, 1)
caused INR: -5.649252012721597
TpsAltruisticFromLsfGain + IndividualEstimated_INR + -12.5
None
ls_gain_coeffs:
[-142.1953309  -139.10399366 -130.52917933 -137.7473554  -116.70525802
 -146.47075857 -135.57586545 -140.18924237 -146.96876406 -145.30335338
 -122.16369841 -133.93654177 -140.45228887 -145.04031059 -124.15296186]
inrs_hat:  [-31.20563086 -28.11429362 -19.53947929 -26.75765536  -5.71555798
 -35.48105852 -24.5861654  -29.19954232 -35.97906401 -34.31365333
 -11.17399837 -22.94684173 -29.46258882 -34.05061054 -13.16326182]
scheduled_ues:  [ 0  1  2  3  5  6  7  8  9 11 12 13 14]
(1, 15, 1, 4, 1, 1)
caused INR: -8.323642511286325
TpsAltruisticFromLsfGain + IndividualEstimated_INR + -15.0
None
ls_gain_coeffs:
[-142.1953309  -139.10399366 -130.52917933 -137.7473554  -116.70525802
 -146.47075857 -135.57586545 -140.18924237 -146.96876406 -145.30335338
 -122.16369841 -133.93654177 -140.45228887 -145.04031059 -124.15296186]
inrs_hat:  [-31.20563086 -28.11429362 -19.53947929 -26.75765536  -5.71555798
 -35.48105852 -24.5861654  -29.19954232 -35.97906401 -34.31365333
 -11.17399837 -22.94684173 -29.46258882 -34.05061054 -13.16326182]
scheduled_ues:  [ 0  1  2  3  5  6  7  8  9 11 12 13]
(1, 15, 1, 4, 1, 1)
caused INR: -11.365625540498673
TpsAltruisticFromLsfGain + CumulativeIndividualEstimated_INR + -10.0
None
(1, 15, 1, 4, 1, 1)
caused INR: -8.323642511286325
TpsAltruisticFromLsfGain + CumulativeIndividualEstimated_INR + -12.5
None
(1, 15, 1, 4, 1, 1)
caused INR: -11.365625540498673
TpsAltruisticFromLsfGain + CumulativeIndividualEstimated_INR + -15.0
None
(1, 15, 1, 4, 1, 1)
caused INR: -11.365625540498673
TpsRandomic + IndividualEstimated_INR + -10.0
None
ls_gain_coeffs:
[-133.63042602 -125.05168263 -130.52917933 -137.7473554  -104.30256531
 -132.39627762 -121.40534514 -140.18924237 -146.96876406 -131.29788202
 -110.66932486 -133.93654177 -140.45228887 -145.04031059 -110.20532734]
inrs_hat:  [-22.64072597 -14.06198259 -19.53947929 -26.75765536   6.68713473
 -21.40657757 -10.41564509 -29.19954232 -35.97906401 -20.30818198
   0.32037518 -22.94684173 -29.46258882 -34.05061054   0.7843727 ]
scheduled_ues:  [ 0  1  2  3  5  6  7  8  9 11 12 13]
(1, 15, 1, 4, 1, 1)
caused INR: -4.6290381252674075
TpsRandomic + IndividualEstimated_INR + -12.5
None
ls_gain_coeffs:
[-129.59447608 -125.05168263 -122.16043017 -137.7473554  -105.12392346
 -132.39627762 -121.40534514 -140.18924237 -136.16026579 -142.95754634
 -110.66932486 -133.93654177 -129.16028417 -144.88297251 -110.9583446 ]
inrs_hat:  [-1.86047760e+01 -1.40619826e+01 -1.11707301e+01 -2.67576554e+01
  5.86577658e+00 -2.14065776e+01 -1.04156451e+01 -2.91995423e+01
 -2.51705657e+01 -3.19678463e+01  3.20375184e-01 -2.29468417e+01
 -1.81705841e+01 -3.38932725e+01  3.13554442e-02]
scheduled_ues:  [ 0  1  3  5  7  8  9 11 12 13]
(1, 15, 1, 4, 1, 1)
caused INR: -22.236681048639333
TpsRandomic + IndividualEstimated_INR + -15.0
None
ls_gain_coeffs:
[-133.63042602 -139.10399366 -130.52917933 -128.26558287 -105.12392346
 -140.8692182  -135.57586545 -130.15181661 -136.72908087 -142.95754634
 -108.34152754 -119.60629299 -130.56499566 -145.04031059 -121.89391008]
inrs_hat:  [-22.64072597 -28.11429362 -19.53947929 -17.27588283   5.86577658
 -29.87951816 -24.5861654  -19.16211657 -25.73938083 -31.9678463
   2.6481725   -8.61659295 -19.57529562 -34.05061054 -10.90421003]
scheduled_ues:  [ 0  1  2  3  5  6  7  8  9 12 13]
(1, 15, 1, 4, 1, 1)
caused INR: -15.626442241637266
TpsRandomic + CumulativeIndividualEstimated_INR + -10.0
None
(1, 15, 1, 4, 1, 1)
caused INR: -14.17780070876712
TpsRandomic + CumulativeIndividualEstimated_INR + -12.5
None
(1, 15, 1, 4, 1, 1)
caused INR: -25.893799216600208
TpsRandomic + CumulativeIndividualEstimated_INR + -15.0
None
(1, 15, 1, 4, 1, 1)
caused INR: -8.910523877959864
Iteration number 4
TpsAltruisticFromLsfGain + IndividualEstimated_INR + -10.0
None
ls_gain_coeffs:
[-133.09526286 -125.43308386 -128.20657254 -149.29668988 -137.63586357
 -139.68538531 -134.29319908 -141.87036769 -142.77944885 -133.76797037
 -145.68147464 -145.13664349 -133.54647736 -136.94405263 -150.37920444]
inrs_hat:  [-22.10556281 -14.44338381 -17.2168725  -38.30698984 -26.64616353
 -28.69568526 -23.30349904 -30.88066765 -31.78974881 -22.77827033
 -34.6917746  -34.14694344 -22.55677731 -25.95435259 -39.3895044 ]
scheduled_ues:  [ 0  1  2  3  4  5  6  7  8  9 10 11 12 13 14]
(1, 15, 1, 4, 1, 1)
caused INR: -7.53401021550885
TpsAltruisticFromLsfGain + IndividualEstimated_INR + -12.5
None
ls_gain_coeffs:
[-133.09526286 -125.43308386 -128.20657254 -149.29668988 -137.63586357
 -139.68538531 -134.29319908 -141.87036769 -142.77944885 -133.76797037
 -145.68147464 -145.13664349 -133.54647736 -136.94405263 -150.37920444]
inrs_hat:  [-22.10556281 -14.44338381 -17.2168725  -38.30698984 -26.64616353
 -28.69568526 -23.30349904 -30.88066765 -31.78974881 -22.77827033
 -34.6917746  -34.14694344 -22.55677731 -25.95435259 -39.3895044 ]
scheduled_ues:  [ 0  1  2  3  4  5  6  7  8  9 10 11 12 13 14]
(1, 15, 1, 4, 1, 1)
caused INR: -7.53401021550885
TpsAltruisticFromLsfGain + IndividualEstimated_INR + -15.0
None
ls_gain_coeffs:
[-133.09526286 -125.43308386 -128.20657254 -149.29668988 -137.63586357
 -139.68538531 -134.29319908 -141.87036769 -142.77944885 -133.76797037
 -145.68147464 -145.13664349 -133.54647736 -136.94405263 -150.37920444]
inrs_hat:  [-22.10556281 -14.44338381 -17.2168725  -38.30698984 -26.64616353
 -28.69568526 -23.30349904 -30.88066765 -31.78974881 -22.77827033
 -34.6917746  -34.14694344 -22.55677731 -25.95435259 -39.3895044 ]
scheduled_ues:  [ 0  2  3  4  5  6  7  8  9 10 11 12 13 14]
(1, 15, 1, 4, 1, 1)
caused INR: -12.170686314157361
TpsAltruisticFromLsfGain + CumulativeIndividualEstimated_INR + -10.0
None
(1, 15, 1, 4, 1, 1)
caused INR: -7.53401021550885
TpsAltruisticFromLsfGain + CumulativeIndividualEstimated_INR + -12.5
None
(1, 15, 1, 4, 1, 1)
caused INR: -12.170686314157361
TpsAltruisticFromLsfGain + CumulativeIndividualEstimated_INR + -15.0
None
(1, 15, 1, 4, 1, 1)
caused INR: -10.691837626205835
TpsRandomic + IndividualEstimated_INR + -10.0
None
ls_gain_coeffs:
[-132.18938728 -125.43308386 -111.64497189 -149.29668988 -126.91416608
 -139.68538531 -128.46934    -141.87036769 -129.47387542 -117.58753695
 -129.6089756  -130.87710124 -122.26575218 -120.44287603 -144.12134848]
inrs_hat:  [-21.19968723 -14.44338381  -0.65527185 -38.30698984 -15.92446604
 -28.69568526 -17.47963996 -30.88066765 -18.48417537  -6.59783691
 -18.61927555 -19.88740119 -11.27605214  -9.45317599 -33.13164844]
scheduled_ues:  [ 0  1  3  4  5  6  7  8 10 11 12 14]
(1, 15, 1, 4, 1, 1)
caused INR: -14.409574349520959
TpsRandomic + IndividualEstimated_INR + -12.5
None
ls_gain_coeffs:
[-132.18938728 -112.36113619 -128.20657254 -135.25432518 -126.81048644
 -126.20609201 -120.31378599 -125.31754894 -125.98371636 -127.96831233
 -145.68147464 -130.87710124 -122.26575218 -130.20338656 -136.77248648]
inrs_hat:  [-21.19968723  -1.37143615 -17.2168725  -24.26462514 -15.82078639
 -15.21639197  -9.32408595 -14.3278489  -14.99401631 -16.97861229
 -34.6917746  -19.88740119 -11.27605214 -19.21368652 -25.78278644]
scheduled_ues:  [ 0  2  3  4  5  7  8  9 10 11 13 14]
(1, 15, 1, 4, 1, 1)
caused INR: -6.134869004141591
TpsRandomic + IndividualEstimated_INR + -15.0
None
ls_gain_coeffs:
[-120.0497458  -123.54204086 -120.96528693 -133.30086277 -126.81048644
 -126.20609201 -128.46934    -127.97336348 -125.98371636 -119.64836157
 -145.68147464 -131.78607236 -123.67440259 -130.20338656 -144.12134848]
inrs_hat:  [ -9.06004576 -12.55234082  -9.97558689 -22.31116273 -15.82078639
 -15.21639197 -17.47963996 -16.98366344 -14.99401631  -8.65866153
 -34.6917746  -20.79637232 -12.68470255 -19.21368652 -33.13164844]
scheduled_ues:  [ 3  4  5  6  7 10 11 13 14]
(1, 15, 1, 4, 1, 1)
caused INR: -6.338671645831518
TpsRandomic + CumulativeIndividualEstimated_INR + -10.0
None
(1, 15, 1, 4, 1, 1)
caused INR: -14.489966428671682
TpsRandomic + CumulativeIndividualEstimated_INR + -12.5
None
(1, 15, 1, 4, 1, 1)
caused INR: -26.79274108439639
TpsRandomic + CumulativeIndividualEstimated_INR + -15.0
None
(1, 15, 1, 4, 1, 1)
caused INR: -19.48871906285827
Iteration number 5
TpsAltruisticFromLsfGain + IndividualEstimated_INR + -10.0
None
ls_gain_coeffs:
[-120.74882422 -131.83195565 -117.9560956  -121.79348187 -135.22725837
 -133.47400388 -142.34299003 -127.71857688 -139.05721239 -145.3965498
 -134.93879829 -128.82329982 -138.13744587 -146.15669417 -147.22156685]
inrs_hat:  [ -9.75912418 -20.84225561  -6.96639555 -10.80378182 -24.23755833
 -22.48430383 -31.35328999 -16.72887684 -28.06751235 -34.40684975
 -23.94909825 -17.83359977 -27.14774583 -35.16699413 -36.2318668 ]
scheduled_ues:  [ 1  3  4  5  6  7  8  9 10 11 12 13 14]
(1, 15, 1, 4, 1, 1)
caused INR: -17.78275114071161
TpsAltruisticFromLsfGain + IndividualEstimated_INR + -12.5
None
ls_gain_coeffs:
[-120.74882422 -131.83195565 -117.9560956  -121.79348187 -135.22725837
 -133.47400388 -142.34299003 -127.71857688 -139.05721239 -145.3965498
 -134.93879829 -128.82329982 -138.13744587 -146.15669417 -147.22156685]
inrs_hat:  [ -9.75912418 -20.84225561  -6.96639555 -10.80378182 -24.23755833
 -22.48430383 -31.35328999 -16.72887684 -28.06751235 -34.40684975
 -23.94909825 -17.83359977 -27.14774583 -35.16699413 -36.2318668 ]
scheduled_ues:  [ 1  4  5  6  7  8  9 10 11 12 13 14]
(1, 15, 1, 4, 1, 1)
caused INR: -10.61659378647753
TpsAltruisticFromLsfGain + IndividualEstimated_INR + -15.0
None
ls_gain_coeffs:
[-120.74882422 -131.83195565 -117.9560956  -121.79348187 -135.22725837
 -133.47400388 -142.34299003 -127.71857688 -139.05721239 -145.3965498
 -134.93879829 -128.82329982 -138.13744587 -146.15669417 -147.22156685]
inrs_hat:  [ -9.75912418 -20.84225561  -6.96639555 -10.80378182 -24.23755833
 -22.48430383 -31.35328999 -16.72887684 -28.06751235 -34.40684975
 -23.94909825 -17.83359977 -27.14774583 -35.16699413 -36.2318668 ]
scheduled_ues:  [ 1  4  5  6  7  8  9 10 11 12 13 14]
(1, 15, 1, 4, 1, 1)
caused INR: -10.61659378647753
TpsAltruisticFromLsfGain + CumulativeIndividualEstimated_INR + -10.0
None
(1, 15, 1, 4, 1, 1)
caused INR: -10.61659378647753
TpsAltruisticFromLsfGain + CumulativeIndividualEstimated_INR + -12.5
None
(1, 15, 1, 4, 1, 1)
caused INR: -13.252687096075565
TpsAltruisticFromLsfGain + CumulativeIndividualEstimated_INR + -15.0
None
(1, 15, 1, 4, 1, 1)
caused INR: -14.805212863659174
TpsRandomic + IndividualEstimated_INR + -10.0
None
ls_gain_coeffs:
[-106.4436591  -131.83195565 -113.60297326 -121.79348187 -129.77403593
 -133.47400388 -125.47656209 -127.71857688 -134.2736341  -132.65440549
 -125.10588851 -120.5479675  -121.46984712 -146.15669417 -130.52302596]
inrs_hat:  [  4.54604094 -20.84225561  -2.61327321 -10.80378182 -18.78433589
 -22.48430383 -14.48686205 -16.72887684 -23.28393405 -21.66470545
 -14.11618847  -9.55826746 -10.48014708 -35.16699413 -19.53332592]
scheduled_ues:  [ 1  3  4  5  6  7  8  9 10 12 13 14]
(1, 15, 1, 4, 1, 1)
caused INR: -22.07565434091694
TpsRandomic + IndividualEstimated_INR + -12.5
None
ls_gain_coeffs:
[-120.74882422 -123.4224438  -117.9560956  -121.79348187 -121.03372014
 -123.87976589 -130.30929127 -117.83021523 -134.2736341  -132.65440549
 -122.65668332 -115.97848059 -121.46984712 -134.54743467 -138.38670248]
inrs_hat:  [ -9.75912418 -12.43274375  -6.96639555 -10.80378182 -10.04402009
 -12.89006585 -19.31959123  -6.84051519 -23.28393405 -21.66470545
 -11.66698328  -4.98878055 -10.48014708 -23.55773463 -27.39700243]
scheduled_ues:  [ 5  6  8  9 13 14]
(1, 15, 1, 4, 1, 1)
caused INR: -16.985297354348965
TpsRandomic + IndividualEstimated_INR + -15.0
None
ls_gain_coeffs:
[-120.74882422 -119.38565309 -104.06345482 -105.7263839  -135.22725837
 -116.01156112 -142.34299003 -117.83021523 -123.4265602  -145.3965498
 -122.65668332 -120.5479675  -121.46984712 -136.87829066 -138.38670248]
inrs_hat:  [ -9.75912418  -8.39595304   6.92624523   5.26331615 -24.23755833
  -5.02186107 -31.35328999  -6.84051519 -12.43686015 -34.40684975
 -11.66698328  -9.55826746 -10.48014708 -25.88859062 -27.39700243]
scheduled_ues:  [ 4  6  9 13 14]
(1, 15, 1, 4, 1, 1)
caused INR: -31.067581544301657
TpsRandomic + CumulativeIndividualEstimated_INR + -10.0
None
(1, 15, 1, 4, 1, 1)
caused INR: -6.897773318883814
TpsRandomic + CumulativeIndividualEstimated_INR + -12.5
None
(1, 15, 1, 4, 1, 1)
caused INR: -9.54113942714131
TpsRandomic + CumulativeIndividualEstimated_INR + -15.0
None
(1, 15, 1, 4, 1, 1)
caused INR: -17.8841578093817
Iteration number 6
TpsAltruisticFromLsfGain + IndividualEstimated_INR + -10.0
None
ls_gain_coeffs:
[-139.12707579 -142.15167956 -147.49771809 -141.14036486 -144.18049028
 -117.04694217 -137.19027452 -143.58255426 -135.18365976 -142.39458232
 -139.38559388 -136.95345542 -144.53399232 -138.87486669 -152.97827409]
inrs_hat:  [-28.13737574 -31.16197952 -36.50801805 -30.15066481 -33.19079024
  -6.05724212 -26.20057447 -32.59285422 -24.19395972 -31.40488228
 -28.39589384 -25.96375538 -33.54429227 -27.88516664 -41.98857404]
scheduled_ues:  [ 0  1  2  3  4  6  7  8  9 10 11 12 13 14]
(1, 15, 1, 4, 1, 1)
caused INR: -18.703576835847503
TpsAltruisticFromLsfGain + IndividualEstimated_INR + -12.5
None
ls_gain_coeffs:
[-139.12707579 -142.15167956 -147.49771809 -141.14036486 -144.18049028
 -117.04694217 -137.19027452 -143.58255426 -135.18365976 -142.39458232
 -139.38559388 -136.95345542 -144.53399232 -138.87486669 -152.97827409]
inrs_hat:  [-28.13737574 -31.16197952 -36.50801805 -30.15066481 -33.19079024
  -6.05724212 -26.20057447 -32.59285422 -24.19395972 -31.40488228
 -28.39589384 -25.96375538 -33.54429227 -27.88516664 -41.98857404]
scheduled_ues:  [ 0  1  2  3  4  6  7  8  9 10 11 12 13 14]
(1, 15, 1, 4, 1, 1)
caused INR: -18.703576835847503
TpsAltruisticFromLsfGain + IndividualEstimated_INR + -15.0
None
ls_gain_coeffs:
[-139.12707579 -142.15167956 -147.49771809 -141.14036486 -144.18049028
 -117.04694217 -137.19027452 -143.58255426 -135.18365976 -142.39458232
 -139.38559388 -136.95345542 -144.53399232 -138.87486669 -152.97827409]
inrs_hat:  [-28.13737574 -31.16197952 -36.50801805 -30.15066481 -33.19079024
  -6.05724212 -26.20057447 -32.59285422 -24.19395972 -31.40488228
 -28.39589384 -25.96375538 -33.54429227 -27.88516664 -41.98857404]
scheduled_ues:  [ 0  1  2  3  4  6  7  8  9 10 11 12 13 14]
(1, 15, 1, 4, 1, 1)
caused INR: -18.703576835847503
TpsAltruisticFromLsfGain + CumulativeIndividualEstimated_INR + -10.0
None
(1, 15, 1, 4, 1, 1)
caused INR: -18.703576835847503
TpsAltruisticFromLsfGain + CumulativeIndividualEstimated_INR + -12.5
None
(1, 15, 1, 4, 1, 1)
caused INR: -18.703576835847503
TpsAltruisticFromLsfGain + CumulativeIndividualEstimated_INR + -15.0
None
(1, 15, 1, 4, 1, 1)
caused INR: -18.703576835847503
TpsRandomic + IndividualEstimated_INR + -10.0
None
ls_gain_coeffs:
[-126.071605   -131.84674942 -147.49771809 -141.14036486 -144.18049028
  -99.52547751 -123.85557308 -126.63913798 -119.80770647 -142.39458232
 -136.74054847 -136.95345542 -138.19812434 -132.34167391 -139.8197026 ]
inrs_hat:  [-15.08190496 -20.85704938 -36.50801805 -30.15066481 -33.19079024
  11.46422253 -12.86587304 -15.64943793  -8.81800643 -31.40488228
 -25.75084842 -25.96375538 -27.20842429 -21.35197386 -28.83000255]
scheduled_ues:  [ 0  1  2  3  4  6  7  9 10 11 12 13 14]
(1, 15, 1, 4, 1, 1)
caused INR: -13.863396512198596
TpsRandomic + IndividualEstimated_INR + -12.5
None
ls_gain_coeffs:
[-126.071605   -130.5487     -135.03582181 -127.05173694 -144.18049028
 -109.10344338 -123.85557308 -131.52230246 -119.80770647 -125.86127573
 -136.74054847 -136.95345542 -128.24194554 -138.87486669 -139.8197026 ]
inrs_hat:  [-15.08190496 -19.55899996 -24.04612177 -16.0620369  -33.19079024
   1.88625667 -12.86587304 -20.53260241  -8.81800643 -14.87157568
 -25.75084842 -25.96375538 -17.2522455  -27.88516664 -28.83000255]
scheduled_ues:  [ 0  1  2  3  4  6  7  9 10 11 12 13 14]
(1, 15, 1, 4, 1, 1)
caused INR: -6.194076726467395
TpsRandomic + IndividualEstimated_INR + -15.0
None
ls_gain_coeffs:
[-122.44564016 -142.15167956 -147.49771809 -127.8752509  -133.03418361
  -99.52547751 -128.73128361 -131.52230246 -135.18365976 -129.03536564
 -125.18063027 -120.95777119 -144.53399232 -132.34167391 -152.97827409]
inrs_hat:  [-11.45594012 -31.16197952 -36.50801805 -16.88555086 -22.04448356
  11.46422253 -17.74158356 -20.53260241 -24.19395972 -18.0456656
 -14.19093023  -9.96807115 -33.54429227 -21.35197386 -41.98857404]
scheduled_ues:  [ 1  2  3  4  6  7  8  9 12 13 14]
(1, 15, 1, 4, 1, 1)
caused INR: -32.07814575149673
TpsRandomic + CumulativeIndividualEstimated_INR + -10.0
None
(1, 15, 1, 4, 1, 1)
caused INR: -10.751817496320813
TpsRandomic + CumulativeIndividualEstimated_INR + -12.5
None
(1, 15, 1, 4, 1, 1)
caused INR: -15.199424901486399
TpsRandomic + CumulativeIndividualEstimated_INR + -15.0
None
(1, 15, 1, 4, 1, 1)
caused INR: -43.796656528455685
Iteration number 7
TpsAltruisticFromLsfGain + IndividualEstimated_INR + -10.0
None
ls_gain_coeffs:
[-131.33377666 -134.15416956  -98.44167297 -144.64449601 -136.68262898
 -143.97005226 -145.992377   -134.12505656 -151.99877881 -147.15016241
 -142.26671205 -147.47374889 -135.05368507 -136.10861932 -132.72604798]
inrs_hat:  [-20.34407662 -23.16446952  12.54802707 -33.65479596 -25.69292894
 -32.98035222 -35.00267695 -23.13535652 -41.00907877 -36.16046236
 -31.27701201 -36.48404884 -24.06398503 -25.11891928 -21.73634793]
scheduled_ues:  [ 0  1  3  4  5  6  7  8  9 10 11 12 13 14]
(1, 15, 1, 4, 1, 1)
caused INR: -24.19392509181202
TpsAltruisticFromLsfGain + IndividualEstimated_INR + -12.5
None
ls_gain_coeffs:
[-131.33377666 -134.15416956  -98.44167297 -144.64449601 -136.68262898
 -143.97005226 -145.992377   -134.12505656 -151.99877881 -147.15016241
 -142.26671205 -147.47374889 -135.05368507 -136.10861932 -132.72604798]
inrs_hat:  [-20.34407662 -23.16446952  12.54802707 -33.65479596 -25.69292894
 -32.98035222 -35.00267695 -23.13535652 -41.00907877 -36.16046236
 -31.27701201 -36.48404884 -24.06398503 -25.11891928 -21.73634793]
scheduled_ues:  [ 0  1  3  4  5  6  7  8  9 10 11 12 13 14]
(1, 15, 1, 4, 1, 1)
caused INR: -24.19392509181202
TpsAltruisticFromLsfGain + IndividualEstimated_INR + -15.0
None
ls_gain_coeffs:
[-131.33377666 -134.15416956  -98.44167297 -144.64449601 -136.68262898
 -143.97005226 -145.992377   -134.12505656 -151.99877881 -147.15016241
 -142.26671205 -147.47374889 -135.05368507 -136.10861932 -132.72604798]
inrs_hat:  [-20.34407662 -23.16446952  12.54802707 -33.65479596 -25.69292894
 -32.98035222 -35.00267695 -23.13535652 -41.00907877 -36.16046236
 -31.27701201 -36.48404884 -24.06398503 -25.11891928 -21.73634793]
scheduled_ues:  [ 0  1  3  4  5  6  7  8  9 10 11 12 13 14]
(1, 15, 1, 4, 1, 1)
caused INR: -24.19392509181202
TpsAltruisticFromLsfGain + CumulativeIndividualEstimated_INR + -10.0
None
(1, 15, 1, 4, 1, 1)
caused INR: -24.19392509181202
TpsAltruisticFromLsfGain + CumulativeIndividualEstimated_INR + -12.5
None
(1, 15, 1, 4, 1, 1)
caused INR: -24.19392509181202
TpsAltruisticFromLsfGain + CumulativeIndividualEstimated_INR + -15.0
None
(1, 15, 1, 4, 1, 1)
caused INR: -21.25314802623848
TpsRandomic + IndividualEstimated_INR + -10.0
None
ls_gain_coeffs:
[-116.07935712 -119.67967395  -95.37693924 -127.77395837 -129.47996429
 -143.97005226 -129.17646651 -118.34239095 -142.68337333 -147.15016241
 -142.26671205 -133.47393159 -135.05368507 -119.73931505 -122.29837516]
inrs_hat:  [ -5.08965708  -8.68997391  15.6127608  -16.78425833 -18.49026425
 -32.98035222 -18.18676647  -7.35269091 -31.69367329 -36.16046236
 -31.27701201 -22.48423155 -24.06398503  -8.74961501 -11.30867511]
scheduled_ues:  [ 3  4  5  6  8  9 10 11 12 14]
(1, 15, 1, 4, 1, 1)
caused INR: -19.717865757372046
TpsRandomic + IndividualEstimated_INR + -12.5
None
ls_gain_coeffs:
[-116.07935712 -134.15416956  -95.37693924 -135.11020918 -120.27184536
 -131.06201396 -145.992377   -118.34239095 -135.31118442 -139.36829964
 -125.77489828 -134.25304024 -121.1437861  -119.73931505 -121.71904461]
inrs_hat:  [ -5.08965708 -23.16446952  15.6127608  -24.12050914  -9.28214532
 -20.07231391 -35.00267695  -7.35269091 -24.32148438 -28.3785996
 -14.78519823 -23.2633402  -10.15408606  -8.74961501 -10.72934457]
scheduled_ues:  [ 1  3  5  6  8  9 10 11]
(1, 15, 1, 4, 1, 1)
caused INR: -21.598003933864376
TpsRandomic + IndividualEstimated_INR + -15.0
None
ls_gain_coeffs:
[-127.11454735 -128.05548273  -83.95691715 -135.11020918 -129.47996429
 -131.06201396 -129.17646651 -134.12505656 -151.99877881 -139.36829964
 -142.26671205 -145.13642295 -121.1437861  -129.28125579 -121.71904461]
inrs_hat:  [-16.12484731 -17.06578268  27.03278289 -24.12050914 -18.49026425
 -20.07231391 -18.18676647 -23.13535652 -41.00907877 -28.3785996
 -31.27701201 -34.14672291 -10.15408606 -18.29155575 -10.72934457]
scheduled_ues:  [ 0  1  3  4  5  6  7  8  9 10 11 13]
(1, 15, 1, 4, 1, 1)
caused INR: -7.045333054468006
TpsRandomic + CumulativeIndividualEstimated_INR + -10.0
None
(1, 15, 1, 4, 1, 1)
caused INR: -14.466924364743958
TpsRandomic + CumulativeIndividualEstimated_INR + -12.5
None
(1, 15, 1, 4, 1, 1)
caused INR: -14.178543536803037
TpsRandomic + CumulativeIndividualEstimated_INR + -15.0
None
(1, 15, 1, 4, 1, 1)
caused INR: -12.324729696417844
Iteration number 8
TpsAltruisticFromLsfGain + IndividualEstimated_INR + -10.0
None
ls_gain_coeffs:
[-131.77518354 -149.40044626 -149.20728643 -145.7467377  -117.01907592
 -133.93349225 -122.63644502 -149.13958628 -137.88664345 -142.28646884
 -120.95154311 -130.68449104 -150.64572299 -147.70431222 -124.0695774 ]
inrs_hat:  [-20.78548349 -38.41074621 -38.21758639 -34.75703766  -6.02937587
 -22.9437922  -11.64674498 -38.14988624 -26.8969434  -31.2967688
  -9.96184307 -19.694791   -39.65602295 -36.71461218 -13.07987736]
scheduled_ues:  [ 0  1  2  3  5  6  7  8  9 11 12 13 14]
(1, 15, 1, 4, 1, 1)
caused INR: -11.295619812793289
TpsAltruisticFromLsfGain + IndividualEstimated_INR + -12.5
None
ls_gain_coeffs:
[-131.77518354 -149.40044626 -149.20728643 -145.7467377  -117.01907592
 -133.93349225 -122.63644502 -149.13958628 -137.88664345 -142.28646884
 -120.95154311 -130.68449104 -150.64572299 -147.70431222 -124.0695774 ]
inrs_hat:  [-20.78548349 -38.41074621 -38.21758639 -34.75703766  -6.02937587
 -22.9437922  -11.64674498 -38.14988624 -26.8969434  -31.2967688
  -9.96184307 -19.694791   -39.65602295 -36.71461218 -13.07987736]
scheduled_ues:  [ 0  1  2  3  5  7  8  9 11 12 13 14]
(1, 15, 1, 4, 1, 1)
caused INR: -13.233141330713034
TpsAltruisticFromLsfGain + IndividualEstimated_INR + -15.0
None
ls_gain_coeffs:
[-131.77518354 -149.40044626 -149.20728643 -145.7467377  -117.01907592
 -133.93349225 -122.63644502 -149.13958628 -137.88664345 -142.28646884
 -120.95154311 -130.68449104 -150.64572299 -147.70431222 -124.0695774 ]
inrs_hat:  [-20.78548349 -38.41074621 -38.21758639 -34.75703766  -6.02937587
 -22.9437922  -11.64674498 -38.14988624 -26.8969434  -31.2967688
  -9.96184307 -19.694791   -39.65602295 -36.71461218 -13.07987736]
scheduled_ues:  [ 0  1  2  3  5  7  8  9 11 12 13]
(1, 15, 1, 4, 1, 1)
caused INR: -13.365957672554256
TpsAltruisticFromLsfGain + CumulativeIndividualEstimated_INR + -10.0
None
(1, 15, 1, 4, 1, 1)
caused INR: -13.233141330713034
TpsAltruisticFromLsfGain + CumulativeIndividualEstimated_INR + -12.5
None
(1, 15, 1, 4, 1, 1)
caused INR: -13.365957672554256
TpsAltruisticFromLsfGain + CumulativeIndividualEstimated_INR + -15.0
None
(1, 15, 1, 4, 1, 1)
caused INR: -13.365957672554256
TpsRandomic + IndividualEstimated_INR + -10.0
None
ls_gain_coeffs:
[-124.26222953 -135.34768807 -136.30542223 -128.99814297 -115.20297539
 -120.72211424 -122.63644502 -149.13958628 -124.11099786 -142.28646884
 -120.95154311 -130.68449104 -140.13993719 -135.57438666 -112.90065517]
inrs_hat:  [-13.27252949 -24.35798803 -25.31572218 -18.00844292  -4.21327535
  -9.7324142  -11.64674498 -38.14988624 -13.12129781 -31.2967688
  -9.96184307 -19.694791   -29.15023715 -24.58468662  -1.91095513]
scheduled_ues:  [ 0  1  2  3  6  7  8  9 11 12 13]
(1, 15, 1, 4, 1, 1)
caused INR: -15.394910522759522
TpsRandomic + IndividualEstimated_INR + -12.5
None
ls_gain_coeffs:
[-124.26222953 -143.93513458 -132.63760358 -128.99814297 -103.97210907
 -126.5540554  -120.32709604 -136.30546177 -124.77802065 -142.28646884
 -108.18565059 -115.03959637 -140.10015511 -135.57438666 -112.90065517]
inrs_hat:  [-13.27252949 -32.94543453 -21.64790353 -18.00844292   7.01759097
 -15.56435535  -9.337396   -25.31576173 -13.78832061 -31.2967688
   2.80404945  -4.04989633 -29.11045507 -24.58468662  -1.91095513]
scheduled_ues:  [ 0  1  2  3  5  7  8  9 12 13]
(1, 15, 1, 4, 1, 1)
caused INR: -17.04703289969927
TpsRandomic + IndividualEstimated_INR + -15.0
None
ls_gain_coeffs:
[-115.09652582 -149.40044626 -149.20728643 -132.72907361 -117.01907592
 -133.93349225 -109.42506203 -149.13958628 -124.77802065 -127.50051665
 -120.95154311 -130.68449104 -133.89924615 -138.92432774 -112.94833372]
inrs_hat:  [ -4.10682578 -38.41074621 -38.21758639 -21.73937357  -6.02937587
 -22.9437922    1.56463801 -38.14988624 -13.78832061 -16.51081661
  -9.96184307 -19.694791   -22.90954611 -27.9346277   -1.95863368]
scheduled_ues:  [ 1  2  3  5  7  9 11 12 13]
(1, 15, 1, 4, 1, 1)
caused INR: -16.338546367656516
TpsRandomic + CumulativeIndividualEstimated_INR + -10.0
None
(1, 15, 1, 4, 1, 1)
caused INR: -21.290201689811994
TpsRandomic + CumulativeIndividualEstimated_INR + -12.5
None
(1, 15, 1, 4, 1, 1)
caused INR: -20.978162948531967
TpsRandomic + CumulativeIndividualEstimated_INR + -15.0
None
(1, 15, 1, 4, 1, 1)
caused INR: -18.162313242281222
Iteration number 9
TpsAltruisticFromLsfGain + IndividualEstimated_INR + -10.0
None
ls_gain_coeffs:
[-130.83120603 -148.02508696 -130.9579567  -142.31126089 -151.31670289
 -136.26946942 -132.86467221 -129.34170631 -145.57899299 -140.57392841
 -140.7599201  -124.03363991 -134.57188259 -148.07263109 -135.57025338]
inrs_hat:  [-19.84150598 -37.03538692 -19.96825665 -31.32156085 -40.32700285
 -25.27976938 -21.87497217 -18.35200626 -34.58929294 -29.58422837
 -29.77022006 -13.04393987 -23.58218254 -37.08293105 -24.58055334]
scheduled_ues:  [ 0  1  2  3  4  5  6  7  8  9 10 11 12 13 14]
(1, 15, 1, 4, 1, 1)
caused INR: -13.015236016383486
TpsAltruisticFromLsfGain + IndividualEstimated_INR + -12.5
None
ls_gain_coeffs:
[-130.83120603 -148.02508696 -130.9579567  -142.31126089 -151.31670289
 -136.26946942 -132.86467221 -129.34170631 -145.57899299 -140.57392841
 -140.7599201  -124.03363991 -134.57188259 -148.07263109 -135.57025338]
inrs_hat:  [-19.84150598 -37.03538692 -19.96825665 -31.32156085 -40.32700285
 -25.27976938 -21.87497217 -18.35200626 -34.58929294 -29.58422837
 -29.77022006 -13.04393987 -23.58218254 -37.08293105 -24.58055334]
scheduled_ues:  [ 0  1  2  3  4  5  6  7  8  9 10 11 12 13 14]
(1, 15, 1, 4, 1, 1)
caused INR: -13.015236016383486
TpsAltruisticFromLsfGain + IndividualEstimated_INR + -15.0
None
ls_gain_coeffs:
[-130.83120603 -148.02508696 -130.9579567  -142.31126089 -151.31670289
 -136.26946942 -132.86467221 -129.34170631 -145.57899299 -140.57392841
 -140.7599201  -124.03363991 -134.57188259 -148.07263109 -135.57025338]
inrs_hat:  [-19.84150598 -37.03538692 -19.96825665 -31.32156085 -40.32700285
 -25.27976938 -21.87497217 -18.35200626 -34.58929294 -29.58422837
 -29.77022006 -13.04393987 -23.58218254 -37.08293105 -24.58055334]
scheduled_ues:  [ 0  1  2  3  4  5  6  7  8  9 10 12 13 14]
(1, 15, 1, 4, 1, 1)
caused INR: -24.913680000882028
TpsAltruisticFromLsfGain + CumulativeIndividualEstimated_INR + -10.0
None
(1, 15, 1, 4, 1, 1)
caused INR: -24.913680000882028
TpsAltruisticFromLsfGain + CumulativeIndividualEstimated_INR + -12.5
None
(1, 15, 1, 4, 1, 1)
caused INR: -24.913680000882028
TpsAltruisticFromLsfGain + CumulativeIndividualEstimated_INR + -15.0
None
(1, 15, 1, 4, 1, 1)
caused INR: -19.64112756163367
TpsRandomic + IndividualEstimated_INR + -10.0
None
ls_gain_coeffs:
[-129.2655744  -131.23847916 -116.6903938  -142.31126089 -134.62786519
 -123.99511728 -115.53854061 -129.34170631 -145.57899299 -137.01954097
 -128.75854877 -105.34309449 -121.13411878 -148.07263109 -120.55341547]
inrs_hat:  [-18.27587436 -20.24877912  -5.70069376 -31.32156085 -23.63816515
 -13.00541724  -4.54884057 -18.35200626 -34.58929294 -26.02984093
 -17.76884873   5.64660555 -10.14441874 -37.08293105  -9.56371542]
scheduled_ues:  [ 0  1  3  4  5  7  8  9 10 12 13]
(1, 15, 1, 4, 1, 1)
caused INR: -4.6556201230806185
TpsRandomic + IndividualEstimated_INR + -12.5
None
ls_gain_coeffs:
[-117.34585161 -138.00808333 -116.6903938  -142.31126089 -139.20212686
 -119.05891286 -115.53854061 -116.61198709 -132.43284292 -126.9475326
 -140.7599201  -105.34309449 -121.13411878 -131.94708702 -120.55341547]
inrs_hat:  [ -6.35615157 -27.01838329  -5.70069376 -31.32156085 -28.21242682
  -8.06921282  -4.54884057  -5.62228705 -21.44314287 -15.95783256
 -29.77022006   5.64660555 -10.14441874 -20.95738698  -9.56371542]
scheduled_ues:  [ 1  3  4  8  9 10 13]
(1, 15, 1, 4, 1, 1)
caused INR: -25.601908370208935
TpsRandomic + IndividualEstimated_INR + -15.0
None
ls_gain_coeffs:
[-117.34585161 -148.02508696 -116.6903938  -127.89312337 -134.62786519
 -123.99511728 -132.86467221 -116.61198709 -143.46534278 -137.01954097
 -131.12028441 -124.03363991 -121.63220068 -134.17887091 -131.70739651]
inrs_hat:  [ -6.35615157 -37.03538692  -5.70069376 -16.90342333 -23.63816515
 -13.00541724 -21.87497217  -5.62228705 -32.47564273 -26.02984093
 -20.13058437 -13.04393987 -10.64250064 -23.18917087 -20.71769647]
scheduled_ues:  [ 1  3  4  6  8  9 10 13 14]
(1, 15, 1, 4, 1, 1)
caused INR: -20.978129782836508
TpsRandomic + CumulativeIndividualEstimated_INR + -10.0
None
(1, 15, 1, 4, 1, 1)
caused INR: -14.353185431733932
TpsRandomic + CumulativeIndividualEstimated_INR + -12.5
None
(1, 15, 1, 4, 1, 1)
caused INR: -16.857712003882636
TpsRandomic + CumulativeIndividualEstimated_INR + -15.0
None
(1, 15, 1, 4, 1, 1)
caused INR: -16.237776046409248
Iteration number 10
TpsAltruisticFromLsfGain + IndividualEstimated_INR + -10.0
None
ls_gain_coeffs:
[-128.94880987 -146.70582513 -139.91946425 -142.21583095 -143.16816965
 -144.42546475 -145.40827009 -124.27020817 -147.98826133 -147.11599082
 -126.67388967 -136.7049799  -131.26941105 -144.10058784 -117.60285718]
inrs_hat:  [-17.95910983 -35.71612509 -28.92976421 -31.22613091 -32.17846961
 -33.43576471 -34.41857004 -13.28050813 -36.99856129 -36.12629078
 -15.68418963 -25.71527986 -20.27971101 -33.1108878   -6.61315714]
scheduled_ues:  [ 0  1  2  3  4  5  6  7  8  9 10 11 12 13]
(1, 15, 1, 4, 1, 1)
caused INR: -8.856526974489787
TpsAltruisticFromLsfGain + IndividualEstimated_INR + -12.5
None
ls_gain_coeffs:
[-128.94880987 -146.70582513 -139.91946425 -142.21583095 -143.16816965
 -144.42546475 -145.40827009 -124.27020817 -147.98826133 -147.11599082
 -126.67388967 -136.7049799  -131.26941105 -144.10058784 -117.60285718]
inrs_hat:  [-17.95910983 -35.71612509 -28.92976421 -31.22613091 -32.17846961
 -33.43576471 -34.41857004 -13.28050813 -36.99856129 -36.12629078
 -15.68418963 -25.71527986 -20.27971101 -33.1108878   -6.61315714]
scheduled_ues:  [ 0  1  2  3  4  5  6  7  8  9 10 11 12 13]
(1, 15, 1, 4, 1, 1)
caused INR: -8.856526974489787
TpsAltruisticFromLsfGain + IndividualEstimated_INR + -15.0
None
ls_gain_coeffs:
[-128.94880987 -146.70582513 -139.91946425 -142.21583095 -143.16816965
 -144.42546475 -145.40827009 -124.27020817 -147.98826133 -147.11599082
 -126.67388967 -136.7049799  -131.26941105 -144.10058784 -117.60285718]
inrs_hat:  [-17.95910983 -35.71612509 -28.92976421 -31.22613091 -32.17846961
 -33.43576471 -34.41857004 -13.28050813 -36.99856129 -36.12629078
 -15.68418963 -25.71527986 -20.27971101 -33.1108878   -6.61315714]
scheduled_ues:  [ 0  1  2  3  4  5  6  8  9 10 11 12 13]
(1, 15, 1, 4, 1, 1)
caused INR: -13.280636795893939
TpsAltruisticFromLsfGain + CumulativeIndividualEstimated_INR + -10.0
None
(1, 15, 1, 4, 1, 1)
caused INR: -13.280636795893939
TpsAltruisticFromLsfGain + CumulativeIndividualEstimated_INR + -12.5
None
(1, 15, 1, 4, 1, 1)
caused INR: -16.839223630154642
TpsAltruisticFromLsfGain + CumulativeIndividualEstimated_INR + -15.0
None
(1, 15, 1, 4, 1, 1)
caused INR: -16.332943076128533
TpsRandomic + IndividualEstimated_INR + -10.0
None
ls_gain_coeffs:
[-128.94880987 -137.93201863 -125.65203747 -129.74486861 -133.92356828
 -143.82606003 -138.8465188  -122.91549668 -147.98826133 -137.75844594
 -116.31402763 -120.07984923 -119.57839337 -128.76155489 -117.60285718]
inrs_hat:  [-17.95910983 -26.94231858 -14.66233743 -18.75516856 -22.93386823
 -32.83635999 -27.85681876 -11.92579664 -36.99856129 -26.7687459
  -5.32432758  -9.09014918  -8.58869333 -17.77185485  -6.61315714]
scheduled_ues:  [ 0  1  2  3  4  5  6  7  8  9 13]
(1, 15, 1, 4, 1, 1)
caused INR: -7.538745772466326
TpsRandomic + IndividualEstimated_INR + -12.5
None
ls_gain_coeffs:
[-113.6564776  -137.93201863 -123.82621069 -129.74486861 -143.16816965
 -131.58426161 -138.8465188  -110.92546718 -132.75979263 -135.38908698
 -109.6681371  -124.62163695 -121.58410331 -139.75443842 -107.72941733]
inrs_hat:  [ -2.66677756 -26.94231858 -12.83651064 -18.75516856 -32.17846961
 -20.59456156 -27.85681876   0.06423287 -21.77009258 -24.39938694
   1.32156294 -13.6319369  -10.59440327 -28.76473838   3.26028271]
scheduled_ues:  [ 1  2  3  4  5  6  8  9 11 13]
(1, 15, 1, 4, 1, 1)
caused INR: -12.38921271083571
TpsRandomic + IndividualEstimated_INR + -15.0
None
ls_gain_coeffs:
[-128.94880987 -137.93201863 -134.44198391 -142.17178743 -133.92356828
 -144.42546475 -145.40827009 -110.92546718 -143.80795827 -135.38908698
 -109.6681371  -136.7049799  -114.36044834 -130.21027137 -107.72941733]
inrs_hat:  [-17.95910983 -26.94231858 -23.45228386 -31.18208739 -22.93386823
 -33.43576471 -34.41857004   0.06423287 -32.81825823 -24.39938694
   1.32156294 -25.71527986  -3.3707483  -19.22057132   3.26028271]
scheduled_ues:  [ 0  1  2  3  4  5  6  8  9 11 13]
(1, 15, 1, 4, 1, 1)
caused INR: -12.223139776067413
TpsRandomic + CumulativeIndividualEstimated_INR + -10.0
None
(1, 15, 1, 4, 1, 1)
caused INR: -11.320241172152182
TpsRandomic + CumulativeIndividualEstimated_INR + -12.5
None
(1, 15, 1, 4, 1, 1)
caused INR: -17.513144465342716
TpsRandomic + CumulativeIndividualEstimated_INR + -15.0
None
(1, 15, 1, 4, 1, 1)
caused INR: -23.018357670454492
Iteration number 11
TpsAltruisticFromLsfGain + IndividualEstimated_INR + -10.0
None
ls_gain_coeffs:
[-144.22535607 -134.33103547 -126.79881191 -132.63887176 -134.33651275
 -136.9591467  -130.22396945 -128.11397223 -121.90670881 -131.71879288
 -144.27076535 -153.86411534 -134.00547709 -146.81639001 -131.84861159]
inrs_hat:  [-33.23565602 -23.34133543 -15.80911187 -21.64917172 -23.3468127
 -25.96944665 -19.23426941 -17.12427219 -10.91700876 -20.72909284
 -33.2810653  -42.87441529 -23.01577704 -35.82668997 -20.85891155]
scheduled_ues:  [ 0  1  2  3  4  5  6  7  8  9 10 11 12 13 14]
(1, 15, 1, 4, 1, 1)
caused INR: -8.403700599772952
TpsAltruisticFromLsfGain + IndividualEstimated_INR + -12.5
None
ls_gain_coeffs:
[-144.22535607 -134.33103547 -126.79881191 -132.63887176 -134.33651275
 -136.9591467  -130.22396945 -128.11397223 -121.90670881 -131.71879288
 -144.27076535 -153.86411534 -134.00547709 -146.81639001 -131.84861159]
inrs_hat:  [-33.23565602 -23.34133543 -15.80911187 -21.64917172 -23.3468127
 -25.96944665 -19.23426941 -17.12427219 -10.91700876 -20.72909284
 -33.2810653  -42.87441529 -23.01577704 -35.82668997 -20.85891155]
scheduled_ues:  [ 0  1  2  3  4  5  6  7  9 10 11 12 13 14]
(1, 15, 1, 4, 1, 1)
caused INR: -13.064834613079972
TpsAltruisticFromLsfGain + IndividualEstimated_INR + -15.0
None
ls_gain_coeffs:
[-144.22535607 -134.33103547 -126.79881191 -132.63887176 -134.33651275
 -136.9591467  -130.22396945 -128.11397223 -121.90670881 -131.71879288
 -144.27076535 -153.86411534 -134.00547709 -146.81639001 -131.84861159]
inrs_hat:  [-33.23565602 -23.34133543 -15.80911187 -21.64917172 -23.3468127
 -25.96944665 -19.23426941 -17.12427219 -10.91700876 -20.72909284
 -33.2810653  -42.87441529 -23.01577704 -35.82668997 -20.85891155]
scheduled_ues:  [ 0  1  2  3  4  5  6  7  9 10 11 12 13 14]
(1, 15, 1, 4, 1, 1)
caused INR: -13.064834613079972
TpsAltruisticFromLsfGain + CumulativeIndividualEstimated_INR + -10.0
None
(1, 15, 1, 4, 1, 1)
caused INR: -13.064834613079972
TpsAltruisticFromLsfGain + CumulativeIndividualEstimated_INR + -12.5
None
(1, 15, 1, 4, 1, 1)
caused INR: -11.159350218089601
TpsAltruisticFromLsfGain + CumulativeIndividualEstimated_INR + -15.0
None
(1, 15, 1, 4, 1, 1)
caused INR: -19.721692394069912
TpsRandomic + IndividualEstimated_INR + -10.0
None
ls_gain_coeffs:
[-130.30229979 -125.18239974 -109.81428652 -115.26694847 -134.33651275
 -124.75601716 -116.74688698 -113.48372785 -104.54385623 -116.91087429
 -131.81220317 -138.55117933 -124.02874613 -146.81639001 -115.37896118]
inrs_hat:  [-19.31259974 -14.1926997    1.17541352  -4.27724843 -23.3468127
 -13.76631712  -5.75718694  -2.49402781   6.44584381  -5.92117425
 -20.82250312 -27.56147929 -13.03904609 -35.82668997  -4.38926114]
scheduled_ues:  [ 0  1  4  5 10 11 12 13]
(1, 15, 1, 4, 1, 1)
caused INR: -10.992890870451593
TpsRandomic + IndividualEstimated_INR + -12.5
None
ls_gain_coeffs:
[-130.30229979 -125.18239974 -126.79881191 -121.43221743 -120.84231629
 -119.81708117 -115.71140451 -114.57805004 -111.90181648 -131.71879288
 -127.72665036 -139.98684733 -124.02874613 -146.81639001 -115.37896118]
inrs_hat:  [-19.31259974 -14.1926997  -15.80911187 -10.44251739  -9.85261624
  -8.82738113  -4.72170447  -3.58835     -0.91211643 -20.72909284
 -16.73695032 -28.99714729 -13.03904609 -35.82668997  -4.38926114]
scheduled_ues:  [ 0  1  2  9 10 11 12 13]
(1, 15, 1, 4, 1, 1)
caused INR: -2.3174848922429927
TpsRandomic + IndividualEstimated_INR + -15.0
None
ls_gain_coeffs:
[-127.75181179 -125.18239974 -126.79881191 -115.26694847 -119.78971983
 -136.9591467  -116.74688698 -128.11397223 -104.54385623 -124.28259304
 -144.27076535 -139.98684733 -121.70382907 -134.83468451 -118.71144807]
inrs_hat:  [-16.76211175 -14.1926997  -15.80911187  -4.27724843  -8.80001978
 -25.96944665  -5.75718694 -17.12427219   6.44584381 -13.29289299
 -33.2810653  -28.99714729 -10.71412903 -23.84498446  -7.72174803]
scheduled_ues:  [ 0  2  5  7 10 11 13]
(1, 15, 1, 4, 1, 1)
caused INR: -9.334684098440372
TpsRandomic + CumulativeIndividualEstimated_INR + -10.0
None
(1, 15, 1, 4, 1, 1)
caused INR: -11.229912926073961
TpsRandomic + CumulativeIndividualEstimated_INR + -12.5
None
(1, 15, 1, 4, 1, 1)
caused INR: -15.050482580836611
TpsRandomic + CumulativeIndividualEstimated_INR + -15.0
None
(1, 15, 1, 4, 1, 1)
caused INR: -23.947864811738064
Iteration number 12
TpsAltruisticFromLsfGain + IndividualEstimated_INR + -10.0
None
ls_gain_coeffs:
[-142.88113275 -138.99771071 -136.77013815 -134.06000691 -143.28304825
 -139.8645624  -132.3728576  -133.79214749 -144.23845212 -147.80022384
 -122.56065069 -124.9361481  -132.9962585  -149.39520891 -137.15413611]
inrs_hat:  [-31.89143271 -28.00801066 -25.78043811 -23.07030687 -32.2933482
 -28.87486236 -21.38315755 -22.80244745 -33.24875208 -36.8105238
 -11.57095064 -13.94644806 -22.00655845 -38.40550887 -26.16443606]
scheduled_ues:  [ 0  1  2  3  4  5  6  7  8  9 10 11 12 13 14]
(1, 15, 1, 4, 1, 1)
caused INR: -21.22007792826174
TpsAltruisticFromLsfGain + IndividualEstimated_INR + -12.5
None
ls_gain_coeffs:
[-142.88113275 -138.99771071 -136.77013815 -134.06000691 -143.28304825
 -139.8645624  -132.3728576  -133.79214749 -144.23845212 -147.80022384
 -122.56065069 -124.9361481  -132.9962585  -149.39520891 -137.15413611]
inrs_hat:  [-31.89143271 -28.00801066 -25.78043811 -23.07030687 -32.2933482
 -28.87486236 -21.38315755 -22.80244745 -33.24875208 -36.8105238
 -11.57095064 -13.94644806 -22.00655845 -38.40550887 -26.16443606]
scheduled_ues:  [ 0  1  2  3  4  5  6  7  8  9 11 12 13 14]
(1, 15, 1, 4, 1, 1)
caused INR: -16.96152110166614
TpsAltruisticFromLsfGain + IndividualEstimated_INR + -15.0
None
ls_gain_coeffs:
[-142.88113275 -138.99771071 -136.77013815 -134.06000691 -143.28304825
 -139.8645624  -132.3728576  -133.79214749 -144.23845212 -147.80022384
 -122.56065069 -124.9361481  -132.9962585  -149.39520891 -137.15413611]
inrs_hat:  [-31.89143271 -28.00801066 -25.78043811 -23.07030687 -32.2933482
 -28.87486236 -21.38315755 -22.80244745 -33.24875208 -36.8105238
 -11.57095064 -13.94644806 -22.00655845 -38.40550887 -26.16443606]
scheduled_ues:  [ 0  1  2  3  4  5  6  7  8  9 12 13 14]
(1, 15, 1, 4, 1, 1)
caused INR: -13.422026961460407
TpsAltruisticFromLsfGain + CumulativeIndividualEstimated_INR + -10.0
None
(1, 15, 1, 4, 1, 1)
caused INR: -16.96152110166614
TpsAltruisticFromLsfGain + CumulativeIndividualEstimated_INR + -12.5
None
(1, 15, 1, 4, 1, 1)
caused INR: -13.422026961460407
TpsAltruisticFromLsfGain + CumulativeIndividualEstimated_INR + -15.0
None
(1, 15, 1, 4, 1, 1)
caused INR: -19.73134033752189
TpsRandomic + IndividualEstimated_INR + -10.0
None
ls_gain_coeffs:
[-137.3604117  -138.99771071 -127.49174265 -117.56159295 -137.24057749
 -125.22957588 -115.89562463 -116.47713715 -144.23845212 -138.51345881
 -113.81483134 -124.9361481  -116.11447555 -149.39520891 -137.15413611]
inrs_hat:  [-26.37071166 -28.00801066 -16.5020426   -6.57189291 -26.25087745
 -14.23987584  -4.90592459  -5.4874371  -33.24875208 -27.52375876
  -2.8251313  -13.94644806  -5.1247755  -38.40550887 -26.16443606]
scheduled_ues:  [ 0  1  2  4  5  8  9 11 13 14]
(1, 15, 1, 4, 1, 1)
caused INR: -15.55288373043311
TpsRandomic + IndividualEstimated_INR + -12.5
None
ls_gain_coeffs:
[-126.79683277 -132.16639515 -127.49174265 -134.06000691 -129.26859296
 -139.8645624  -125.61396449 -116.47713715 -144.23845212 -130.98598898
 -113.81483134 -112.83163145 -122.44877919 -132.62948636 -124.0097984 ]
inrs_hat:  [-15.80713272 -21.17669511 -16.5020426  -23.07030687 -18.27889292
 -28.87486236 -14.62426444  -5.4874371  -33.24875208 -19.99628893
  -2.8251313   -1.84193141 -11.45907914 -21.63978632 -13.02009836]
scheduled_ues:  [ 0  1  2  3  4  5  6  8  9 13 14]
(1, 15, 1, 4, 1, 1)
caused INR: -18.58525943866966
TpsRandomic + IndividualEstimated_INR + -15.0
None
ls_gain_coeffs:
[-137.3604117  -122.23495936 -119.71861471 -126.55039712 -129.26859296
 -125.22957588 -132.3728576  -133.79214749 -131.02841756 -138.51345881
 -109.13795947 -112.83163145 -122.22177191 -132.62948636 -120.33029128]
inrs_hat:  [-26.37071166 -11.24525932  -8.72891467 -15.56069708 -18.27889292
 -14.23987584 -21.38315755 -22.80244745 -20.03871752 -27.52375876
   1.85174057  -1.84193141 -11.23207187 -21.63978632  -9.34059123]
scheduled_ues:  [ 0  3  4  6  7  8  9 13]
(1, 15, 1, 4, 1, 1)
caused INR: -19.879017200308414
TpsRandomic + CumulativeIndividualEstimated_INR + -10.0
None
(1, 15, 1, 4, 1, 1)
caused INR: -11.823190524075155
TpsRandomic + CumulativeIndividualEstimated_INR + -12.5
None
(1, 15, 1, 4, 1, 1)
caused INR: -20.10449459813167
TpsRandomic + CumulativeIndividualEstimated_INR + -15.0
None
(1, 15, 1, 4, 1, 1)
caused INR: -19.458710949023935
Iteration number 13
TpsAltruisticFromLsfGain + IndividualEstimated_INR + -10.0
None
ls_gain_coeffs:
[-124.19292686 -132.73265591 -125.32250474 -146.26246562 -134.95386529
 -142.88912405 -146.96324916 -131.80183244 -152.01226037 -139.04407392
 -136.22548855 -138.1839093  -140.65396081 -127.48587509 -128.17007443]
inrs_hat:  [-13.20322682 -21.74295587 -14.33280469 -35.27276557 -23.96416525
 -31.89942401 -35.97354912 -20.81213239 -41.02256033 -28.05437387
 -25.23578851 -27.19420925 -29.66426077 -16.49617505 -17.18037439]
scheduled_ues:  [ 0  1  2  3  4  5  6  7  8  9 10 11 12 13 14]
(1, 15, 1, 4, 1, 1)
caused INR: -15.24405850781757
TpsAltruisticFromLsfGain + IndividualEstimated_INR + -12.5
None
ls_gain_coeffs:
[-124.19292686 -132.73265591 -125.32250474 -146.26246562 -134.95386529
 -142.88912405 -146.96324916 -131.80183244 -152.01226037 -139.04407392
 -136.22548855 -138.1839093  -140.65396081 -127.48587509 -128.17007443]
inrs_hat:  [-13.20322682 -21.74295587 -14.33280469 -35.27276557 -23.96416525
 -31.89942401 -35.97354912 -20.81213239 -41.02256033 -28.05437387
 -25.23578851 -27.19420925 -29.66426077 -16.49617505 -17.18037439]
scheduled_ues:  [ 0  1  2  3  4  5  6  7  8  9 10 11 12 13 14]
(1, 15, 1, 4, 1, 1)
caused INR: -15.24405850781757
TpsAltruisticFromLsfGain + IndividualEstimated_INR + -15.0
None
ls_gain_coeffs:
[-124.19292686 -132.73265591 -125.32250474 -146.26246562 -134.95386529
 -142.88912405 -146.96324916 -131.80183244 -152.01226037 -139.04407392
 -136.22548855 -138.1839093  -140.65396081 -127.48587509 -128.17007443]
inrs_hat:  [-13.20322682 -21.74295587 -14.33280469 -35.27276557 -23.96416525
 -31.89942401 -35.97354912 -20.81213239 -41.02256033 -28.05437387
 -25.23578851 -27.19420925 -29.66426077 -16.49617505 -17.18037439]
scheduled_ues:  [ 1  3  4  5  6  7  8  9 10 11 12 13 14]
(1, 15, 1, 4, 1, 1)
caused INR: -14.64944474885896
TpsAltruisticFromLsfGain + CumulativeIndividualEstimated_INR + -10.0
None
(1, 15, 1, 4, 1, 1)
caused INR: -14.64944474885896
TpsAltruisticFromLsfGain + CumulativeIndividualEstimated_INR + -12.5
None
(1, 15, 1, 4, 1, 1)
caused INR: -14.69763055037632
TpsAltruisticFromLsfGain + CumulativeIndividualEstimated_INR + -15.0
None
(1, 15, 1, 4, 1, 1)
caused INR: -19.68794849821434
TpsRandomic + IndividualEstimated_INR + -10.0
None
ls_gain_coeffs:
[-110.73621319 -115.85210886 -111.68145304 -139.3052518  -132.21585926
 -142.88912405 -134.81962753 -123.41949593 -152.01226037 -127.4186432
 -122.57745495 -129.73019765 -127.54800464 -116.17963677 -110.69360953]
inrs_hat:  [  0.25348685  -4.86240882  -0.691753   -28.31555175 -21.22615922
 -31.89942401 -23.82992748 -12.42979589 -41.02256033 -16.42894315
 -11.5877549  -18.74049761 -16.5583046   -5.18993672   0.29609051]
scheduled_ues:  [ 3  4  5  6  7  8  9 10 11 12]
(1, 15, 1, 4, 1, 1)
caused INR: -6.599761347213631
TpsRandomic + IndividualEstimated_INR + -12.5
None
ls_gain_coeffs:
[-121.14758584 -115.85210886 -121.72414966 -132.94219819 -120.68692794
 -136.1293198  -137.86366255 -118.11536529 -144.89081583 -128.96612663
 -121.37102134 -125.60891303 -127.54800464 -127.48587509 -110.69360953]
inrs_hat:  [-10.1578858   -4.86240882 -10.73444961 -21.95249815  -9.69722789
 -25.13961975 -26.87396251  -7.12566525 -33.90111579 -17.97642659
 -10.3813213  -14.61921299 -16.5583046  -16.49617505   0.29609051]
scheduled_ues:  [ 3  5  6  8  9 11 12 13]
(1, 15, 1, 4, 1, 1)
caused INR: -9.916866868868809
TpsRandomic + IndividualEstimated_INR + -15.0
None
ls_gain_coeffs:
[-109.72109952 -126.07423534 -121.72414966 -146.26246562 -132.21585926
 -126.45872422 -137.86366255 -114.54663061 -138.96063985 -128.96612663
 -122.57745495 -129.73019765 -138.6608923  -127.48587509 -114.87190849]
inrs_hat:  [  1.26860053 -15.0845353  -10.73444961 -35.27276557 -21.22615922
 -15.46902417 -26.87396251  -3.55693057 -27.97093981 -17.97642659
 -11.5877549  -18.74049761 -27.67119226 -16.49617505  -3.88220845]
scheduled_ues:  [ 1  3  4  5  6  8  9 11 12 13]
(1, 15, 1, 4, 1, 1)
caused INR: -9.042896909572809
TpsRandomic + CumulativeIndividualEstimated_INR + -10.0
None
(1, 15, 1, 4, 1, 1)
caused INR: -11.133041844694475
TpsRandomic + CumulativeIndividualEstimated_INR + -12.5
None
(1, 15, 1, 4, 1, 1)
caused INR: -13.826709488986705
TpsRandomic + CumulativeIndividualEstimated_INR + -15.0
None
(1, 15, 1, 4, 1, 1)
caused INR: -13.460924689308074
Iteration number 14
TpsAltruisticFromLsfGain + IndividualEstimated_INR + -10.0
None
ls_gain_coeffs:
[-146.65973754 -136.40056995 -146.78022372 -151.94461775 -151.6455125
 -142.67014612 -128.50026586 -148.05660323 -147.24255397 -142.38894425
 -147.08993102 -131.70421643 -146.53020012 -150.24398603 -127.34611539]
inrs_hat:  [-35.6700375  -25.41086991 -35.79052368 -40.9549177  -40.65581245
 -31.68044608 -17.51056582 -37.06690319 -36.25285393 -31.39924421
 -36.10023098 -20.71451638 -35.54050008 -39.25428599 -16.35641534]
scheduled_ues:  [ 0  1  2  3  4  5  6  7  8  9 10 11 12 13 14]
(1, 15, 1, 4, 1, 1)
caused INR: -10.869868626642498
TpsAltruisticFromLsfGain + IndividualEstimated_INR + -12.5
None
ls_gain_coeffs:
[-146.65973754 -136.40056995 -146.78022372 -151.94461775 -151.6455125
 -142.67014612 -128.50026586 -148.05660323 -147.24255397 -142.38894425
 -147.08993102 -131.70421643 -146.53020012 -150.24398603 -127.34611539]
inrs_hat:  [-35.6700375  -25.41086991 -35.79052368 -40.9549177  -40.65581245
 -31.68044608 -17.51056582 -37.06690319 -36.25285393 -31.39924421
 -36.10023098 -20.71451638 -35.54050008 -39.25428599 -16.35641534]
scheduled_ues:  [ 0  1  2  3  4  5  6  7  8  9 10 11 12 13 14]
(1, 15, 1, 4, 1, 1)
caused INR: -10.869868626642498
TpsAltruisticFromLsfGain + IndividualEstimated_INR + -15.0
None
ls_gain_coeffs:
[-146.65973754 -136.40056995 -146.78022372 -151.94461775 -151.6455125
 -142.67014612 -128.50026586 -148.05660323 -147.24255397 -142.38894425
 -147.08993102 -131.70421643 -146.53020012 -150.24398603 -127.34611539]
inrs_hat:  [-35.6700375  -25.41086991 -35.79052368 -40.9549177  -40.65581245
 -31.68044608 -17.51056582 -37.06690319 -36.25285393 -31.39924421
 -36.10023098 -20.71451638 -35.54050008 -39.25428599 -16.35641534]
scheduled_ues:  [ 0  1  2  3  4  5  6  7  8  9 10 11 12 13 14]
(1, 15, 1, 4, 1, 1)
caused INR: -10.869868626642498
TpsAltruisticFromLsfGain + CumulativeIndividualEstimated_INR + -10.0
None
(1, 15, 1, 4, 1, 1)
caused INR: -10.869868626642498
TpsAltruisticFromLsfGain + CumulativeIndividualEstimated_INR + -12.5
None
(1, 15, 1, 4, 1, 1)
caused INR: -10.869868626642498
TpsAltruisticFromLsfGain + CumulativeIndividualEstimated_INR + -15.0
None
(1, 15, 1, 4, 1, 1)
caused INR: -16.983055584807456
TpsRandomic + IndividualEstimated_INR + -10.0
None
ls_gain_coeffs:
[-130.58612544 -123.24626437 -130.0758114  -141.25885401 -136.88532022
 -142.67014612 -116.80557608 -133.02905951 -138.54052682 -133.68490734
 -147.08993102 -118.21777237 -133.69428716 -134.43124069 -110.75282916]
inrs_hat:  [-19.5964254  -12.25656433 -19.08611136 -30.26915396 -25.89562018
 -31.68044608  -5.81587604 -22.03935947 -27.55082677 -22.6952073
 -36.10023098  -7.22807232 -22.70458711 -23.44154065   0.23687088]
scheduled_ues:  [ 0  1  2  3  4  5  7  8  9 10 12 13]
(1, 15, 1, 4, 1, 1)
caused INR: -9.931299772159774
TpsRandomic + IndividualEstimated_INR + -12.5
None
ls_gain_coeffs:
[-141.20840424 -135.33151159 -130.0758114  -141.25885401 -138.04461636
 -125.74941335 -116.80557608 -133.02905951 -135.00975983 -133.68490734
 -136.22464733 -131.70421643 -145.34726122 -150.24398603 -127.34611539]
inrs_hat:  [-30.2187042  -24.34181154 -19.08611136 -30.26915396 -27.05491632
 -14.75971331  -5.81587604 -22.03935947 -24.02005978 -22.6952073
 -25.23494729 -20.71451638 -34.35756118 -39.25428599 -16.35641534]
scheduled_ues:  [ 0  1  2  3  4  5  7  8  9 10 11 12 13 14]
(1, 15, 1, 4, 1, 1)
caused INR: -10.655571021936986
TpsRandomic + IndividualEstimated_INR + -15.0
None
ls_gain_coeffs:
[-132.40544664 -136.40056995 -146.78022372 -141.25885401 -148.16762409
 -142.67014612 -128.50026586 -133.02905951 -130.55434332 -133.68490734
 -136.22464733 -122.18509977 -146.53020012 -145.18726802 -110.75282916]
inrs_hat:  [-21.41574659 -25.41086991 -35.79052368 -30.26915396 -37.17792404
 -31.68044608 -17.51056582 -22.03935947 -19.56464328 -22.6952073
 -25.23494729 -11.19539973 -35.54050008 -34.19756797   0.23687088]
scheduled_ues:  [ 0  1  2  3  4  5  6  7  8  9 10 12 13]
(1, 15, 1, 4, 1, 1)
caused INR: -10.186103115450237
TpsRandomic + CumulativeIndividualEstimated_INR + -10.0
None
(1, 15, 1, 4, 1, 1)
caused INR: -8.914371760797309
TpsRandomic + CumulativeIndividualEstimated_INR + -12.5
None
(1, 15, 1, 4, 1, 1)
caused INR: -28.915460754563448
TpsRandomic + CumulativeIndividualEstimated_INR + -15.0
None
(1, 15, 1, 4, 1, 1)
caused INR: -18.14590248928902
Iteration number 15
TpsAltruisticFromLsfGain + IndividualEstimated_INR + -10.0
None
ls_gain_coeffs:
[-148.61102066 -133.77011745 -130.33831811 -140.54030921 -136.54535949
 -136.28865837 -126.35789929 -142.64461569 -137.23920644 -143.89874994
 -140.10543564 -146.38129968 -146.05959599 -127.7928537  -140.53846296]
inrs_hat:  [-37.62132062 -22.78041741 -19.34861807 -29.55060917 -25.55565945
 -25.29895833 -15.36819924 -31.65491564 -26.2495064  -32.9090499
 -29.1157356  -35.39159963 -35.06989595 -16.80315366 -29.54876292]
scheduled_ues:  [ 0  1  2  3  4  5  6  7  8  9 10 11 12 13 14]
(1, 15, 1, 4, 1, 1)
caused INR: -7.958776131330138
TpsAltruisticFromLsfGain + IndividualEstimated_INR + -12.5
None
ls_gain_coeffs:
[-148.61102066 -133.77011745 -130.33831811 -140.54030921 -136.54535949
 -136.28865837 -126.35789929 -142.64461569 -137.23920644 -143.89874994
 -140.10543564 -146.38129968 -146.05959599 -127.7928537  -140.53846296]
inrs_hat:  [-37.62132062 -22.78041741 -19.34861807 -29.55060917 -25.55565945
 -25.29895833 -15.36819924 -31.65491564 -26.2495064  -32.9090499
 -29.1157356  -35.39159963 -35.06989595 -16.80315366 -29.54876292]
scheduled_ues:  [ 0  1  2  3  4  5  6  7  8  9 10 11 12 13 14]
(1, 15, 1, 4, 1, 1)
caused INR: -7.958776131330138
TpsAltruisticFromLsfGain + IndividualEstimated_INR + -15.0
None
ls_gain_coeffs:
[-148.61102066 -133.77011745 -130.33831811 -140.54030921 -136.54535949
 -136.28865837 -126.35789929 -142.64461569 -137.23920644 -143.89874994
 -140.10543564 -146.38129968 -146.05959599 -127.7928537  -140.53846296]
inrs_hat:  [-37.62132062 -22.78041741 -19.34861807 -29.55060917 -25.55565945
 -25.29895833 -15.36819924 -31.65491564 -26.2495064  -32.9090499
 -29.1157356  -35.39159963 -35.06989595 -16.80315366 -29.54876292]
scheduled_ues:  [ 0  1  2  3  4  5  6  7  8  9 10 11 12 13 14]
(1, 15, 1, 4, 1, 1)
caused INR: -7.958776131330138
TpsAltruisticFromLsfGain + CumulativeIndividualEstimated_INR + -10.0
None
(1, 15, 1, 4, 1, 1)
caused INR: -7.958776131330138
TpsAltruisticFromLsfGain + CumulativeIndividualEstimated_INR + -12.5
None
(1, 15, 1, 4, 1, 1)
caused INR: -9.364931912474702
TpsAltruisticFromLsfGain + CumulativeIndividualEstimated_INR + -15.0
None
(1, 15, 1, 4, 1, 1)
caused INR: -13.7758890687369
TpsRandomic + IndividualEstimated_INR + -10.0
None
ls_gain_coeffs:
[-135.33988511 -119.69158894 -117.90232634 -123.49726101 -125.50251517
 -122.76163346 -120.69220996 -126.30616211 -120.50538396 -127.18887258
 -140.10543564 -129.53770442 -134.13749692 -127.7928537  -127.07767408]
inrs_hat:  [-24.35018506  -8.7018889   -6.9126263  -12.50756097 -14.51281513
 -11.77193341  -9.70250992 -15.31646207  -9.51568392 -16.19917254
 -29.1157356  -18.54800438 -23.14779688 -16.80315366 -16.08797403]
scheduled_ues:  [ 0  3  4  5  7  9 10 11 12 13 14]
(1, 15, 1, 4, 1, 1)
caused INR: -16.79673965083978
TpsRandomic + IndividualEstimated_INR + -12.5
None
ls_gain_coeffs:
[-135.33988511 -119.69158894 -130.33831811 -123.49726101 -125.50251517
 -119.3262131  -110.13917307 -142.64461569 -129.3773468  -143.89874994
 -140.10543564 -146.38129968 -134.13749692 -110.71279063 -133.11163797]
inrs_hat:  [-24.35018506  -8.7018889  -19.34861807 -12.50756097 -14.51281513
  -8.33651305   0.85052697 -31.65491564 -18.38764676 -32.9090499
 -29.1157356  -35.39159963 -23.14779688   0.27690941 -22.12193792]
scheduled_ues:  [ 0  2  3  4  7  8  9 10 11 12 14]
(1, 15, 1, 4, 1, 1)
caused INR: -5.042781374683376
TpsRandomic + IndividualEstimated_INR + -15.0
None
ls_gain_coeffs:
[-141.39802543 -133.77011745 -112.93193657 -123.49726101 -125.50251517
 -128.33239274 -110.13917307 -136.2566357  -120.50538396 -143.89874994
 -126.83182753 -135.99864407 -129.23947517 -116.73918861 -133.11163797]
inrs_hat:  [-30.40832538 -22.78041741  -1.94223652 -12.50756097 -14.51281513
 -17.3426927    0.85052697 -25.26693566  -9.51568392 -32.9090499
 -15.84212748 -25.00894403 -18.24977513  -5.74948857 -22.12193792]
scheduled_ues:  [ 0  1  5  7  9 10 11 12 14]
(1, 15, 1, 4, 1, 1)
caused INR: -9.793998515494248
TpsRandomic + CumulativeIndividualEstimated_INR + -10.0
None
(1, 15, 1, 4, 1, 1)
caused INR: -13.164748405033475
TpsRandomic + CumulativeIndividualEstimated_INR + -12.5
None
(1, 15, 1, 4, 1, 1)
caused INR: -11.597148231067527
TpsRandomic + CumulativeIndividualEstimated_INR + -15.0
None
(1, 15, 1, 4, 1, 1)
caused INR: -21.79055284776977
Iteration number 16
TpsAltruisticFromLsfGain + IndividualEstimated_INR + -10.0
None
ls_gain_coeffs:
[-140.49982396 -105.73613496 -122.19599699 -146.15491557 -130.07942407
 -143.97573855 -131.05000202 -141.55709062 -125.30434429 -125.63808892
 -131.51400091 -140.35355736 -143.07011172 -135.00099309 -151.36087621]
inrs_hat:  [-29.51012391   5.25356509 -11.20629695 -35.16521553 -19.08972403
 -32.98603851 -20.06030198 -30.56739058 -14.31464425 -14.64838888
 -20.52430087 -29.36385732 -32.08041168 -24.01129305 -40.37117617]
scheduled_ues:  [ 0  2  3  4  5  6  7  8  9 10 11 12 13 14]
(1, 15, 1, 4, 1, 1)
caused INR: -21.892026894984703
TpsAltruisticFromLsfGain + IndividualEstimated_INR + -12.5
None
ls_gain_coeffs:
[-140.49982396 -105.73613496 -122.19599699 -146.15491557 -130.07942407
 -143.97573855 -131.05000202 -141.55709062 -125.30434429 -125.63808892
 -131.51400091 -140.35355736 -143.07011172 -135.00099309 -151.36087621]
inrs_hat:  [-29.51012391   5.25356509 -11.20629695 -35.16521553 -19.08972403
 -32.98603851 -20.06030198 -30.56739058 -14.31464425 -14.64838888
 -20.52430087 -29.36385732 -32.08041168 -24.01129305 -40.37117617]
scheduled_ues:  [ 0  3  4  5  6  7  8  9 10 11 12 13 14]
(1, 15, 1, 4, 1, 1)
caused INR: -20.793452143892026
TpsAltruisticFromLsfGain + IndividualEstimated_INR + -15.0
None
ls_gain_coeffs:
[-140.49982396 -105.73613496 -122.19599699 -146.15491557 -130.07942407
 -143.97573855 -131.05000202 -141.55709062 -125.30434429 -125.63808892
 -131.51400091 -140.35355736 -143.07011172 -135.00099309 -151.36087621]
inrs_hat:  [-29.51012391   5.25356509 -11.20629695 -35.16521553 -19.08972403
 -32.98603851 -20.06030198 -30.56739058 -14.31464425 -14.64838888
 -20.52430087 -29.36385732 -32.08041168 -24.01129305 -40.37117617]
scheduled_ues:  [ 0  3  4  5  6  7 10 11 12 13 14]
(1, 15, 1, 4, 1, 1)
caused INR: -21.39248629790153
TpsAltruisticFromLsfGain + CumulativeIndividualEstimated_INR + -10.0
None
(1, 15, 1, 4, 1, 1)
caused INR: -27.720679419259675
TpsAltruisticFromLsfGain + CumulativeIndividualEstimated_INR + -12.5
None
(1, 15, 1, 4, 1, 1)
caused INR: -21.39248629790153
TpsAltruisticFromLsfGain + CumulativeIndividualEstimated_INR + -15.0
None
(1, 15, 1, 4, 1, 1)
caused INR: -16.89711270390484
TpsRandomic + IndividualEstimated_INR + -10.0
None
ls_gain_coeffs:
[-123.88844497  -90.41886366 -110.47699696 -140.51123386 -116.7056484
 -128.68427885 -125.57782088 -127.52622257 -114.61934579 -125.63808892
 -122.45562364 -126.28432611 -130.32801077 -117.91141425 -134.64147872]
inrs_hat:  [-12.89874493  20.57083638   0.51270308 -29.52153382  -5.71594835
 -17.6945788  -14.58812084 -16.53652253  -3.62964575 -14.64838888
 -11.4659236  -15.29462606 -19.33831072  -6.9217142  -23.65177868]
scheduled_ues:  [ 0  3  5  6  7  9 10 11 12 14]
(1, 15, 1, 4, 1, 1)
caused INR: -3.3139723461871733
TpsRandomic + IndividualEstimated_INR + -12.5
None
ls_gain_coeffs:
[-140.49982396  -92.01721092 -105.01576613 -131.99091575 -130.07942407
 -143.97573855 -131.05000202 -135.98752307 -108.19266195 -111.6424461
 -122.45562364 -124.10264475 -130.02750981 -135.00099309 -151.36087621]
inrs_hat:  [-29.51012391  18.97248912   5.97393391 -21.00121571 -19.08972403
 -32.98603851 -20.06030198 -24.99782303   2.79703809  -0.65274605
 -11.4659236  -13.1129447  -19.03780977 -24.01129305 -40.37117617]
scheduled_ues:  [ 0  3  4  5  6  7 11 12 13 14]
(1, 15, 1, 4, 1, 1)
caused INR: -12.915056898897408
TpsRandomic + IndividualEstimated_INR + -15.0
None
ls_gain_coeffs:
[-140.49982396 -105.73613496 -105.01576613 -146.15491557 -116.7056484
 -139.70094899 -114.96028126 -127.52622257 -125.30434429 -125.63808892
 -122.45562364 -134.36256339 -130.32801077 -117.91141425 -134.64147872]
inrs_hat:  [-29.51012391   5.25356509   5.97393391 -35.16521553  -5.71594835
 -28.71124895  -3.97058122 -16.53652253 -14.31464425 -14.64838888
 -11.4659236  -23.37286335 -19.33831072  -6.9217142  -23.65177868]
scheduled_ues:  [ 0  3  5  7 11 12 14]
(1, 15, 1, 4, 1, 1)
caused INR: -11.724847270697754
TpsRandomic + CumulativeIndividualEstimated_INR + -10.0
None
(1, 15, 1, 4, 1, 1)
caused INR: -3.6425304968608376
TpsRandomic + CumulativeIndividualEstimated_INR + -12.5
None
(1, 15, 1, 4, 1, 1)
caused INR: -14.349382550299257
TpsRandomic + CumulativeIndividualEstimated_INR + -15.0
None
(1, 15, 1, 4, 1, 1)
caused INR: -13.719552832816053
Iteration number 17
TpsAltruisticFromLsfGain + IndividualEstimated_INR + -10.0
None
ls_gain_coeffs:
[-139.61864396 -138.50784886 -147.01061075 -115.15102438 -137.57736914
 -137.93058777 -150.26631847 -137.09178402 -148.43075976 -146.94246128
 -146.8802916  -143.18006076 -134.0996551  -102.77109873 -133.78940791]
inrs_hat:  [-28.62894392 -27.51814882 -36.02091071  -4.16132434 -26.5876691
 -26.94088772 -39.27661843 -26.10208398 -37.44105972 -35.95276124
 -35.89059156 -32.19036071 -23.10995505   8.21860131 -22.79970787]
scheduled_ues:  [ 0  1  2  4  5  6  7  8  9 10 11 12 14]
(1, 15, 1, 4, 1, 1)
caused INR: -14.943659902215554
TpsAltruisticFromLsfGain + IndividualEstimated_INR + -12.5
None
ls_gain_coeffs:
[-139.61864396 -138.50784886 -147.01061075 -115.15102438 -137.57736914
 -137.93058777 -150.26631847 -137.09178402 -148.43075976 -146.94246128
 -146.8802916  -143.18006076 -134.0996551  -102.77109873 -133.78940791]
inrs_hat:  [-28.62894392 -27.51814882 -36.02091071  -4.16132434 -26.5876691
 -26.94088772 -39.27661843 -26.10208398 -37.44105972 -35.95276124
 -35.89059156 -32.19036071 -23.10995505   8.21860131 -22.79970787]
scheduled_ues:  [ 0  1  2  4  5  6  7  8  9 10 11 12 14]
(1, 15, 1, 4, 1, 1)
caused INR: -14.943659902215554
TpsAltruisticFromLsfGain + IndividualEstimated_INR + -15.0
None
ls_gain_coeffs:
[-139.61864396 -138.50784886 -147.01061075 -115.15102438 -137.57736914
 -137.93058777 -150.26631847 -137.09178402 -148.43075976 -146.94246128
 -146.8802916  -143.18006076 -134.0996551  -102.77109873 -133.78940791]
inrs_hat:  [-28.62894392 -27.51814882 -36.02091071  -4.16132434 -26.5876691
 -26.94088772 -39.27661843 -26.10208398 -37.44105972 -35.95276124
 -35.89059156 -32.19036071 -23.10995505   8.21860131 -22.79970787]
scheduled_ues:  [ 0  1  2  4  5  6  7  8  9 10 11 12 14]
(1, 15, 1, 4, 1, 1)
caused INR: -14.943659902215554
TpsAltruisticFromLsfGain + CumulativeIndividualEstimated_INR + -10.0
None
(1, 15, 1, 4, 1, 1)
caused INR: -14.943659902215554
TpsAltruisticFromLsfGain + CumulativeIndividualEstimated_INR + -12.5
None
(1, 15, 1, 4, 1, 1)
caused INR: -14.943659902215554
TpsAltruisticFromLsfGain + CumulativeIndividualEstimated_INR + -15.0
None
(1, 15, 1, 4, 1, 1)
caused INR: -14.943659902215554
TpsRandomic + IndividualEstimated_INR + -10.0
None
ls_gain_coeffs:
[-139.61864396 -121.76712583 -142.90159491 -101.60881432 -137.57736914
 -137.93058777 -150.26631847 -137.09178402 -143.27656152 -130.13487875
 -136.15288438 -143.18006076 -121.58562044  -89.44249567 -120.05677422]
inrs_hat:  [-28.62894392 -10.77742579 -31.91189486   9.38088573 -26.5876691
 -26.94088772 -39.27661843 -26.10208398 -32.28686148 -19.1451787
 -25.16318434 -32.19036071 -10.5959204   21.54720437  -9.06707417]
scheduled_ues:  [ 0  1  2  4  5  6  7  8  9 10 11 12]
(1, 15, 1, 4, 1, 1)
caused INR: -6.948878830592799
TpsRandomic + IndividualEstimated_INR + -12.5
None
ls_gain_coeffs:
[-122.64455662 -138.50784886 -133.1993388  -101.60881432 -137.57736914
 -129.83716219 -133.60064973 -129.67219317 -143.27656152 -136.76335156
 -129.95208511 -143.18006076 -121.58562044  -89.8859972  -126.36193216]
inrs_hat:  [-11.65485658 -27.51814882 -22.20963876   9.38088573 -26.5876691
 -18.84746214 -22.61094969 -18.68249313 -32.28686148 -25.77365152
 -18.96238507 -32.19036071 -10.5959204   21.10370284 -15.37223212]
scheduled_ues:  [ 1  2  4  5  6  7  8  9 10 11 14]
(1, 15, 1, 4, 1, 1)
caused INR: -11.80847841213355
TpsRandomic + IndividualEstimated_INR + -15.0
None
ls_gain_coeffs:
[-129.11009058 -121.76712583 -147.01061075 -111.84919419 -125.14386596
 -121.40791061 -138.49535162 -120.66189338 -134.27109368 -130.13487875
 -136.15288438 -126.65994061 -121.62183777  -89.8859972  -133.78940791]
inrs_hat:  [-18.12039053 -10.77742579 -36.02091071  -0.85949414 -14.15416591
 -10.41821057 -27.50565157  -9.67219333 -23.28139364 -19.1451787
 -25.16318434 -15.67024057 -10.63213772  21.10370284 -22.79970787]
scheduled_ues:  [ 0  2  6  8  9 10 11 14]
(1, 15, 1, 4, 1, 1)
caused INR: -19.65539086319155
TpsRandomic + CumulativeIndividualEstimated_INR + -10.0
None
(1, 15, 1, 4, 1, 1)
caused INR: -13.90736652746514
TpsRandomic + CumulativeIndividualEstimated_INR + -12.5
None
(1, 15, 1, 4, 1, 1)
caused INR: -7.765042756330015
TpsRandomic + CumulativeIndividualEstimated_INR + -15.0
None
(1, 15, 1, 4, 1, 1)
caused INR: -16.654402189100985
Iteration number 18
TpsAltruisticFromLsfGain + IndividualEstimated_INR + -10.0
None
ls_gain_coeffs:
[-129.80871132 -130.71189362 -134.45238308 -143.81635777 -137.52011167
 -140.11941126 -128.35817826 -124.05126871 -143.41933447 -139.76207183
 -138.61082808 -143.8936544  -133.31715799 -140.73209141 -130.3052662 ]
inrs_hat:  [-18.81901128 -19.72219357 -23.46268303 -32.82665772 -26.53041163
 -29.12971121 -17.36847821 -13.06156867 -32.42963443 -28.77237179
 -27.62112804 -32.90395435 -22.32745795 -29.74239137 -19.31556615]
scheduled_ues:  [ 0  1  2  3  4  5  6  7  8  9 10 11 12 13 14]
(1, 15, 1, 4, 1, 1)
caused INR: -8.134267952378826
TpsAltruisticFromLsfGain + IndividualEstimated_INR + -12.5
None
ls_gain_coeffs:
[-129.80871132 -130.71189362 -134.45238308 -143.81635777 -137.52011167
 -140.11941126 -128.35817826 -124.05126871 -143.41933447 -139.76207183
 -138.61082808 -143.8936544  -133.31715799 -140.73209141 -130.3052662 ]
inrs_hat:  [-18.81901128 -19.72219357 -23.46268303 -32.82665772 -26.53041163
 -29.12971121 -17.36847821 -13.06156867 -32.42963443 -28.77237179
 -27.62112804 -32.90395435 -22.32745795 -29.74239137 -19.31556615]
scheduled_ues:  [ 0  1  2  3  4  5  6  7  8  9 10 11 12 13 14]
(1, 15, 1, 4, 1, 1)
caused INR: -8.134267952378826
TpsAltruisticFromLsfGain + IndividualEstimated_INR + -15.0
None
ls_gain_coeffs:
[-129.80871132 -130.71189362 -134.45238308 -143.81635777 -137.52011167
 -140.11941126 -128.35817826 -124.05126871 -143.41933447 -139.76207183
 -138.61082808 -143.8936544  -133.31715799 -140.73209141 -130.3052662 ]
inrs_hat:  [-18.81901128 -19.72219357 -23.46268303 -32.82665772 -26.53041163
 -29.12971121 -17.36847821 -13.06156867 -32.42963443 -28.77237179
 -27.62112804 -32.90395435 -22.32745795 -29.74239137 -19.31556615]
scheduled_ues:  [ 0  1  2  3  4  5  6  8  9 10 11 12 13 14]
(1, 15, 1, 4, 1, 1)
caused INR: -15.588018013193075
TpsAltruisticFromLsfGain + CumulativeIndividualEstimated_INR + -10.0
None
(1, 15, 1, 4, 1, 1)
caused INR: -15.588018013193075
TpsAltruisticFromLsfGain + CumulativeIndividualEstimated_INR + -12.5
None
(1, 15, 1, 4, 1, 1)
caused INR: -21.840195403556617
TpsAltruisticFromLsfGain + CumulativeIndividualEstimated_INR + -15.0
None
(1, 15, 1, 4, 1, 1)
caused INR: -19.89777259475587
TpsRandomic + IndividualEstimated_INR + -10.0
None
ls_gain_coeffs:
[-113.09059955 -115.04009448 -134.17371053 -133.48969429 -122.47382715
 -127.37370637 -128.35817826 -113.03976983 -130.9116174  -139.76207183
 -129.25956771 -143.8936544  -125.84389772 -127.76669707 -130.3052662 ]
inrs_hat:  [ -2.10089951  -4.05039444 -23.18401049 -22.49999425 -11.4841271
 -16.38400633 -17.36847821  -2.05006979 -19.92191735 -28.77237179
 -18.26986767 -32.90395435 -14.85419768 -16.77699703 -19.31556615]
scheduled_ues:  [ 2  3  4  5  6  8  9 10 11 12 13 14]
(1, 15, 1, 4, 1, 1)
caused INR: -7.056933336222962
TpsRandomic + IndividualEstimated_INR + -12.5
None
ls_gain_coeffs:
[-121.65030274 -116.65519405 -121.91789223 -126.91727695 -122.47382715
 -123.33715187 -128.35817826 -113.03976983 -130.9116174  -130.01264961
 -138.61082808 -127.04618673 -116.66816061 -127.24290273 -130.3052662 ]
inrs_hat:  [-10.66060269  -5.66549401 -10.92819218 -15.9275769  -11.4841271
 -12.34745183 -17.36847821  -2.05006979 -19.92191735 -19.02294956
 -27.62112804 -16.05648669  -5.67846056 -16.25320269 -19.31556615]
scheduled_ues:  [ 3  6  8  9 10 11 13 14]
(1, 15, 1, 4, 1, 1)
caused INR: -11.431845141433001
TpsRandomic + IndividualEstimated_INR + -15.0
None
ls_gain_coeffs:
[-113.09059955 -130.71189362 -134.45238308 -133.48969429 -133.61308489
 -123.33715187 -116.38420324 -112.97499394 -143.41933447 -128.35072037
 -121.64884549 -133.30818134 -133.31715799 -127.24290273 -113.25191213]
inrs_hat:  [ -2.10089951 -19.72219357 -23.46268303 -22.49999425 -22.62338484
 -12.34745183  -5.3945032   -1.9852939  -32.42963443 -17.36102032
 -10.65914544 -22.3184813  -22.32745795 -16.25320269  -2.26221209]
scheduled_ues:  [ 1  2  3  4  8  9 11 12 13]
(1, 15, 1, 4, 1, 1)
caused INR: -10.909240576101926
TpsRandomic + CumulativeIndividualEstimated_INR + -10.0
None
(1, 15, 1, 4, 1, 1)
caused INR: -14.700528801068762
TpsRandomic + CumulativeIndividualEstimated_INR + -12.5
None
(1, 15, 1, 4, 1, 1)
caused INR: -26.764013954542094
TpsRandomic + CumulativeIndividualEstimated_INR + -15.0
None
(1, 15, 1, 4, 1, 1)
caused INR: -19.995286277146455
Iteration number 19
TpsAltruisticFromLsfGain + IndividualEstimated_INR + -10.0
None
ls_gain_coeffs:
[-142.94177614 -128.61392624 -145.31827512 -130.61886224 -128.20873336
 -147.58369773 -147.89274067 -141.15686362 -115.55101918 -138.68992866
 -146.15901304 -147.72463877 -131.13853107 -143.77985777 -134.1978723 ]
inrs_hat:  [-31.95207609 -17.6242262  -34.32857507 -19.6291622  -17.21903331
 -36.59399769 -36.90304063 -30.16716358  -4.56131914 -27.70022861
 -35.16931299 -36.73493873 -20.14883102 -32.79015773 -23.20817225]
scheduled_ues:  [ 0  1  2  3  4  5  6  7  9 10 11 12 13 14]
(1, 15, 1, 4, 1, 1)
caused INR: -10.463343945088145
TpsAltruisticFromLsfGain + IndividualEstimated_INR + -12.5
None
ls_gain_coeffs:
[-142.94177614 -128.61392624 -145.31827512 -130.61886224 -128.20873336
 -147.58369773 -147.89274067 -141.15686362 -115.55101918 -138.68992866
 -146.15901304 -147.72463877 -131.13853107 -143.77985777 -134.1978723 ]
inrs_hat:  [-31.95207609 -17.6242262  -34.32857507 -19.6291622  -17.21903331
 -36.59399769 -36.90304063 -30.16716358  -4.56131914 -27.70022861
 -35.16931299 -36.73493873 -20.14883102 -32.79015773 -23.20817225]
scheduled_ues:  [ 0  1  2  3  4  5  6  7  9 10 11 12 13 14]
(1, 15, 1, 4, 1, 1)
caused INR: -10.463343945088145
TpsAltruisticFromLsfGain + IndividualEstimated_INR + -15.0
None
ls_gain_coeffs:
[-142.94177614 -128.61392624 -145.31827512 -130.61886224 -128.20873336
 -147.58369773 -147.89274067 -141.15686362 -115.55101918 -138.68992866
 -146.15901304 -147.72463877 -131.13853107 -143.77985777 -134.1978723 ]
inrs_hat:  [-31.95207609 -17.6242262  -34.32857507 -19.6291622  -17.21903331
 -36.59399769 -36.90304063 -30.16716358  -4.56131914 -27.70022861
 -35.16931299 -36.73493873 -20.14883102 -32.79015773 -23.20817225]
scheduled_ues:  [ 0  1  2  3  4  5  6  7  9 10 11 12 13 14]
(1, 15, 1, 4, 1, 1)
caused INR: -10.463343945088145
TpsAltruisticFromLsfGain + CumulativeIndividualEstimated_INR + -10.0
None
(1, 15, 1, 4, 1, 1)
caused INR: -10.463343945088145
TpsAltruisticFromLsfGain + CumulativeIndividualEstimated_INR + -12.5
None
(1, 15, 1, 4, 1, 1)
caused INR: -17.03022119987174
TpsAltruisticFromLsfGain + CumulativeIndividualEstimated_INR + -15.0
None
(1, 15, 1, 4, 1, 1)
caused INR: -15.38946591010079
TpsRandomic + IndividualEstimated_INR + -10.0
None
ls_gain_coeffs:
[-130.86630519 -128.61392624 -144.94747268 -121.79119816 -112.12544878
 -147.58369773 -147.89274067 -141.11339525 -100.88895844 -125.1313618
 -129.27056097 -131.05667796 -118.16852615 -133.40620428 -117.31444774]
inrs_hat:  [-19.87660515 -17.6242262  -33.95777264 -10.80149812  -1.13574874
 -36.59399769 -36.90304063 -30.1236952   10.10074161 -14.14166176
 -18.28086093 -20.06697792  -7.1788261  -22.41650423  -6.3247477 ]
scheduled_ues:  [ 0  1  2  3  5  6  7  9 10 11 13]
(1, 15, 1, 4, 1, 1)
caused INR: -8.744777927135042
TpsRandomic + IndividualEstimated_INR + -12.5
None
ls_gain_coeffs:
[-142.94177614 -112.69426108 -132.62947349 -121.79119816 -112.12544878
 -138.51696547 -138.25969711 -141.15686362 -115.55101918 -130.95842161
 -136.84229355 -139.62359981 -118.16852615 -126.93266844 -117.31444774]
inrs_hat:  [-31.95207609  -1.70456104 -21.63977345 -10.80149812  -1.13574874
 -27.52726543 -27.26999706 -30.16716358  -4.56131914 -19.96872157
 -25.8525935  -28.63389977  -7.1788261  -15.9429684   -6.3247477 ]
scheduled_ues:  [ 0  2  5  6  7  9 10 11 13]
(1, 15, 1, 4, 1, 1)
caused INR: -20.625607515742956
TpsRandomic + IndividualEstimated_INR + -15.0
None
ls_gain_coeffs:
[-126.22121332 -114.43329366 -132.7530743  -130.61886224 -113.94629107
 -135.70306725 -136.39924289 -141.11339525 -115.55101918 -138.68992866
 -134.14042839 -139.62359981 -129.55331631 -126.93266844 -119.99819992]
inrs_hat:  [-15.23151328  -3.44359362 -21.76337426 -19.6291622   -2.95659103
 -24.7133672  -25.40954284 -30.1236952   -4.56131914 -27.70022861
 -23.15072835 -28.63389977 -18.56361626 -15.9429684   -9.00849988]
scheduled_ues:  [ 0  2  3  5  6  7  9 10 11 12 13]
(1, 15, 1, 4, 1, 1)
caused INR: -8.237773140929377
TpsRandomic + CumulativeIndividualEstimated_INR + -10.0
None
(1, 15, 1, 4, 1, 1)
caused INR: -15.33251778452376
TpsRandomic + CumulativeIndividualEstimated_INR + -12.5
None
(1, 15, 1, 4, 1, 1)
caused INR: -21.124126764515214
TpsRandomic + CumulativeIndividualEstimated_INR + -15.0
None
(1, 15, 1, 4, 1, 1)
caused INR: -20.389528208599977
Iteration number 20
TpsAltruisticFromLsfGain + IndividualEstimated_INR + -10.0
None
ls_gain_coeffs:
[-141.39068639 -148.79373334 -138.05642549 -133.25606185 -128.41162049
 -135.70294977 -143.06481792 -129.24631332 -146.95280109 -149.83751678
 -149.46880197 -143.34941088 -145.70439633 -145.51974337 -148.91529642]
inrs_hat:  [-30.40098635 -37.8040333  -27.06672545 -22.26636181 -17.42192044
 -24.71324973 -32.07511788 -18.25661328 -35.96310105 -38.84781673
 -38.47910193 -32.35971083 -34.71469629 -34.53004332 -37.92559638]
scheduled_ues:  [ 0  1  2  3  4  5  6  7  8  9 10 11 12 13 14]
(1, 15, 1, 4, 1, 1)
caused INR: -26.859279552826685
TpsAltruisticFromLsfGain + IndividualEstimated_INR + -12.5
None
ls_gain_coeffs:
[-141.39068639 -148.79373334 -138.05642549 -133.25606185 -128.41162049
 -135.70294977 -143.06481792 -129.24631332 -146.95280109 -149.83751678
 -149.46880197 -143.34941088 -145.70439633 -145.51974337 -148.91529642]
inrs_hat:  [-30.40098635 -37.8040333  -27.06672545 -22.26636181 -17.42192044
 -24.71324973 -32.07511788 -18.25661328 -35.96310105 -38.84781673
 -38.47910193 -32.35971083 -34.71469629 -34.53004332 -37.92559638]
scheduled_ues:  [ 0  1  2  3  4  5  6  7  8  9 10 11 12 13 14]
(1, 15, 1, 4, 1, 1)
caused INR: -26.859279552826685
TpsAltruisticFromLsfGain + IndividualEstimated_INR + -15.0
None
ls_gain_coeffs:
[-141.39068639 -148.79373334 -138.05642549 -133.25606185 -128.41162049
 -135.70294977 -143.06481792 -129.24631332 -146.95280109 -149.83751678
 -149.46880197 -143.34941088 -145.70439633 -145.51974337 -148.91529642]
inrs_hat:  [-30.40098635 -37.8040333  -27.06672545 -22.26636181 -17.42192044
 -24.71324973 -32.07511788 -18.25661328 -35.96310105 -38.84781673
 -38.47910193 -32.35971083 -34.71469629 -34.53004332 -37.92559638]
scheduled_ues:  [ 0  1  2  3  4  5  6  7  8  9 10 11 12 13 14]
(1, 15, 1, 4, 1, 1)
caused INR: -26.859279552826685
TpsAltruisticFromLsfGain + CumulativeIndividualEstimated_INR + -10.0
None
(1, 15, 1, 4, 1, 1)
caused INR: -26.859279552826685
TpsAltruisticFromLsfGain + CumulativeIndividualEstimated_INR + -12.5
None
(1, 15, 1, 4, 1, 1)
caused INR: -26.859279552826685
TpsAltruisticFromLsfGain + CumulativeIndividualEstimated_INR + -15.0
None
(1, 15, 1, 4, 1, 1)
caused INR: -39.90824990396087
TpsRandomic + IndividualEstimated_INR + -10.0
None
ls_gain_coeffs:
[-141.39068639 -132.51240242 -125.37584091 -121.5577694  -118.91930546
 -128.75674979 -143.06481792 -111.74872192 -138.88227815 -133.04110796
 -135.69296828 -130.6226638  -131.45135266 -132.79182941 -148.91529642]
inrs_hat:  [-30.40098635 -21.52270237 -14.38614087 -10.56806935  -7.92960542
 -17.76704974 -32.07511788  -0.75902188 -27.8925781  -22.05140791
 -24.70326824 -19.63296375 -20.46165262 -21.80212937 -37.92559638]
scheduled_ues:  [ 0  1  2  3  5  6  8  9 10 11 12 13 14]
(1, 15, 1, 4, 1, 1)
caused INR: -20.933463210913033
TpsRandomic + IndividualEstimated_INR + -12.5
None
ls_gain_coeffs:
[-124.81745431 -141.99883202 -125.37584091 -123.78743302 -128.41162049
 -135.70294977 -133.18476659 -129.24631332 -146.95280109 -139.20537982
 -134.35873459 -130.6226638  -140.27006532 -145.51974337 -143.83671308]
inrs_hat:  [-13.82775427 -31.00913198 -14.38614087 -12.79773298 -17.42192044
 -24.71324973 -22.19506654 -18.25661328 -35.96310105 -28.21567978
 -23.36903455 -19.63296375 -29.28036528 -34.53004332 -32.84701304]
scheduled_ues:  [ 0  1  2  3  4  5  6  7  8  9 10 11 12 13 14]
(1, 15, 1, 4, 1, 1)
caused INR: -6.87404105011543
TpsRandomic + IndividualEstimated_INR + -15.0
None
ls_gain_coeffs:
[-133.07871959 -135.46757281 -125.37584091 -133.25606185 -110.11002522
 -122.17556413 -126.21912419 -111.74872192 -146.95280109 -149.83751678
 -145.46610091 -143.34941088 -140.27006532 -145.51974337 -148.91529642]
inrs_hat:  [-22.08901954 -24.47787277 -14.38614087 -22.26636181   0.87967482
 -11.18586409 -15.22942415  -0.75902188 -35.96310105 -38.84781673
 -34.47640086 -32.35971083 -29.28036528 -34.53004332 -37.92559638]
scheduled_ues:  [ 0  1  3  6  8  9 10 11 12 13 14]
(1, 15, 1, 4, 1, 1)
caused INR: -21.277768941542618
TpsRandomic + CumulativeIndividualEstimated_INR + -10.0
None
(1, 15, 1, 4, 1, 1)
caused INR: -19.898696352328532
TpsRandomic + CumulativeIndividualEstimated_INR + -12.5
None
(1, 15, 1, 4, 1, 1)
caused INR: -14.195373172927477
TpsRandomic + CumulativeIndividualEstimated_INR + -15.0
None
(1, 15, 1, 4, 1, 1)
caused INR: -20.746115517692427
Iteration number 21
TpsAltruisticFromLsfGain + IndividualEstimated_INR + -10.0
None
ls_gain_coeffs:
[-148.61790532 -139.06216911 -132.45131012 -132.46363169 -121.75592615
 -142.59763115 -131.30315008 -135.43432398 -134.95535333 -148.12693377
 -117.61878038 -135.3023242  -147.05384018 -146.94277551 -137.84986876]
inrs_hat:  [-37.62820527 -28.07246907 -21.46161008 -21.47393165 -10.76622611
 -31.60793111 -20.31345004 -24.44462394 -23.96565329 -37.13723373
  -6.62908034 -24.31262416 -36.06414014 -35.95307547 -26.86016872]
scheduled_ues:  [ 0  1  2  3  4  5  6  7  8  9 11 12 13 14]
(1, 15, 1, 4, 1, 1)
caused INR: -4.731760614685998
TpsAltruisticFromLsfGain + IndividualEstimated_INR + -12.5
None
ls_gain_coeffs:
[-148.61790532 -139.06216911 -132.45131012 -132.46363169 -121.75592615
 -142.59763115 -131.30315008 -135.43432398 -134.95535333 -148.12693377
 -117.61878038 -135.3023242  -147.05384018 -146.94277551 -137.84986876]
inrs_hat:  [-37.62820527 -28.07246907 -21.46161008 -21.47393165 -10.76622611
 -31.60793111 -20.31345004 -24.44462394 -23.96565329 -37.13723373
  -6.62908034 -24.31262416 -36.06414014 -35.95307547 -26.86016872]
scheduled_ues:  [ 0  1  2  3  5  6  7  8  9 11 12 13 14]
(1, 15, 1, 4, 1, 1)
caused INR: -13.109746325961748
TpsAltruisticFromLsfGain + IndividualEstimated_INR + -15.0
None
ls_gain_coeffs:
[-148.61790532 -139.06216911 -132.45131012 -132.46363169 -121.75592615
 -142.59763115 -131.30315008 -135.43432398 -134.95535333 -148.12693377
 -117.61878038 -135.3023242  -147.05384018 -146.94277551 -137.84986876]
inrs_hat:  [-37.62820527 -28.07246907 -21.46161008 -21.47393165 -10.76622611
 -31.60793111 -20.31345004 -24.44462394 -23.96565329 -37.13723373
  -6.62908034 -24.31262416 -36.06414014 -35.95307547 -26.86016872]
scheduled_ues:  [ 0  1  2  3  5  6  7  8  9 11 12 13 14]
(1, 15, 1, 4, 1, 1)
caused INR: -13.109746325961748
TpsAltruisticFromLsfGain + CumulativeIndividualEstimated_INR + -10.0
None
(1, 15, 1, 4, 1, 1)
caused INR: -13.109746325961748
TpsAltruisticFromLsfGain + CumulativeIndividualEstimated_INR + -12.5
None
(1, 15, 1, 4, 1, 1)
caused INR: -13.109746325961748
TpsAltruisticFromLsfGain + CumulativeIndividualEstimated_INR + -15.0
None
(1, 15, 1, 4, 1, 1)
caused INR: -13.868665935474137
TpsRandomic + IndividualEstimated_INR + -10.0
None
ls_gain_coeffs:
[-132.28851894 -121.87613949 -118.30222838 -118.13487441 -111.02429482
 -125.72929052 -131.30315008 -135.43432398 -134.95535333 -148.12693377
 -117.61878038 -122.32733954 -133.04595259 -130.14423134 -127.56214749]
inrs_hat:  [-2.12988189e+01 -1.08864394e+01 -7.31252834e+00 -7.14517436e+00
 -3.45947723e-02 -1.47395905e+01 -2.03134500e+01 -2.44446239e+01
 -2.39656533e+01 -3.71372337e+01 -6.62908034e+00 -1.13376395e+01
 -2.20562525e+01 -1.91545313e+01 -1.65724474e+01]
scheduled_ues:  [ 0  1  5  6  7  8  9 11 12 13 14]
(1, 15, 1, 4, 1, 1)
caused INR: -11.399478297091115
TpsRandomic + IndividualEstimated_INR + -12.5
None
ls_gain_coeffs:
[-148.61790532 -127.64898687 -132.45131012 -125.32955879 -121.75592615
 -131.2702743  -123.85355932 -128.78153197 -126.91481354 -135.38041326
 -111.08837187 -122.32733954 -141.33765995 -146.94277551 -126.25847872]
inrs_hat:  [-37.62820527 -16.65928682 -21.46161008 -14.33985875 -10.76622611
 -20.28057426 -12.86385927 -17.79183193 -15.92511349 -24.39071322
  -0.09867183 -11.33763949 -30.34795991 -35.95307547 -15.26877868]
scheduled_ues:  [ 0  1  2  3  5  6  7  8  9 12 13 14]
(1, 15, 1, 4, 1, 1)
caused INR: -10.95261500572631
TpsRandomic + IndividualEstimated_INR + -15.0
None
ls_gain_coeffs:
[-132.28851894 -128.54489212 -129.89008752 -118.13487441 -121.75592615
 -132.62990674 -114.7699307  -121.11455495 -126.91481354 -148.12693377
 -103.00037755 -135.3023242  -147.05384018 -134.80832118 -120.68951311]
inrs_hat:  [-21.2988189  -17.55519208 -18.90038747  -7.14517436 -10.76622611
 -21.6402067   -3.78023065 -10.12485491 -15.92511349 -37.13723373
   7.9893225  -24.31262416 -36.06414014 -23.81862113  -9.69981306]
scheduled_ues:  [ 0  1  2  5  8  9 11 12 13]
(1, 15, 1, 4, 1, 1)
caused INR: -11.895715270281254
TpsRandomic + CumulativeIndividualEstimated_INR + -10.0
None
(1, 15, 1, 4, 1, 1)
caused INR: -9.416723257110421
TpsRandomic + CumulativeIndividualEstimated_INR + -12.5
None
(1, 15, 1, 4, 1, 1)
caused INR: -14.445761182629745
TpsRandomic + CumulativeIndividualEstimated_INR + -15.0
None
(1, 15, 1, 4, 1, 1)
caused INR: -11.323472026671705
Iteration number 22
TpsAltruisticFromLsfGain + IndividualEstimated_INR + -10.0
None
ls_gain_coeffs:
[-138.21960019 -143.38495759 -141.32325456 -136.25711764 -145.00526174
 -145.97558423 -129.08224777 -130.51214017 -118.05428623 -132.20420802
 -141.88416244 -133.69993071 -115.78474478 -146.89497203 -131.78818177]
inrs_hat:  [-27.22990015 -32.39525755 -30.33355451 -25.2674176  -34.0155617
 -34.98588419 -18.09254773 -19.52244013  -7.06458619 -21.21450797
 -30.89446239 -22.71023067  -4.79504474 -35.90527199 -20.79848172]
scheduled_ues:  [ 0  1  2  3  4  5  6  7  9 10 11 13 14]
(1, 15, 1, 4, 1, 1)
caused INR: -7.931529037509868
TpsAltruisticFromLsfGain + IndividualEstimated_INR + -12.5
None
ls_gain_coeffs:
[-138.21960019 -143.38495759 -141.32325456 -136.25711764 -145.00526174
 -145.97558423 -129.08224777 -130.51214017 -118.05428623 -132.20420802
 -141.88416244 -133.69993071 -115.78474478 -146.89497203 -131.78818177]
inrs_hat:  [-27.22990015 -32.39525755 -30.33355451 -25.2674176  -34.0155617
 -34.98588419 -18.09254773 -19.52244013  -7.06458619 -21.21450797
 -30.89446239 -22.71023067  -4.79504474 -35.90527199 -20.79848172]
scheduled_ues:  [ 0  1  2  3  4  5  6  7  9 10 11 13 14]
(1, 15, 1, 4, 1, 1)
caused INR: -7.931529037509868
TpsAltruisticFromLsfGain + IndividualEstimated_INR + -15.0
None
ls_gain_coeffs:
[-138.21960019 -143.38495759 -141.32325456 -136.25711764 -145.00526174
 -145.97558423 -129.08224777 -130.51214017 -118.05428623 -132.20420802
 -141.88416244 -133.69993071 -115.78474478 -146.89497203 -131.78818177]
inrs_hat:  [-27.22990015 -32.39525755 -30.33355451 -25.2674176  -34.0155617
 -34.98588419 -18.09254773 -19.52244013  -7.06458619 -21.21450797
 -30.89446239 -22.71023067  -4.79504474 -35.90527199 -20.79848172]
scheduled_ues:  [ 0  1  2  3  4  5  6  7  9 10 11 13 14]
(1, 15, 1, 4, 1, 1)
caused INR: -7.931529037509868
TpsAltruisticFromLsfGain + CumulativeIndividualEstimated_INR + -10.0
None
(1, 15, 1, 4, 1, 1)
caused INR: -7.931529037509868
TpsAltruisticFromLsfGain + CumulativeIndividualEstimated_INR + -12.5
None
(1, 15, 1, 4, 1, 1)
caused INR: -7.931529037509868
TpsAltruisticFromLsfGain + CumulativeIndividualEstimated_INR + -15.0
None
(1, 15, 1, 4, 1, 1)
caused INR: -14.681758166939382
TpsRandomic + IndividualEstimated_INR + -10.0
None
ls_gain_coeffs:
[-121.7346735  -143.38495759 -135.93894267 -119.430011   -136.48066286
 -133.36738643 -126.16714709 -112.57671579 -109.94376493 -120.23957728
 -135.87771003 -133.69993071 -115.78474478 -130.41457641 -131.78818177]
inrs_hat:  [-10.74497345 -32.39525755 -24.94924263  -8.44031095 -25.49096282
 -22.37768638 -15.17744705  -1.58701575   1.04593511  -9.24987724
 -24.88800999 -22.71023067  -4.79504474 -19.42487636 -20.79848172]
scheduled_ues:  [ 0  1  2  4  5  6 10 11 13 14]
(1, 15, 1, 4, 1, 1)
caused INR: -6.834330086768038
TpsRandomic + IndividualEstimated_INR + -12.5
None
ls_gain_coeffs:
[-125.30677164 -142.12247786 -135.93894267 -136.25711764 -132.403134
 -133.36738643 -126.16714709 -112.57671579 -100.58519361 -120.23957728
 -127.7805616  -116.99854823 -102.31286105 -139.55571896 -131.78818177]
inrs_hat:  [-14.3170716  -31.13277782 -24.94924263 -25.2674176  -21.41343396
 -22.37768638 -15.17744705  -1.58701575  10.40450643  -9.24987724
 -16.79086156  -6.00884818   8.676839   -28.56601892 -20.79848172]
scheduled_ues:  [ 0  1  2  3  4  5  6 10 13 14]
(1, 15, 1, 4, 1, 1)
caused INR: -9.359632700884939
TpsRandomic + IndividualEstimated_INR + -15.0
None
ls_gain_coeffs:
[-138.21960019 -143.38495759 -135.93894267 -129.22170618 -128.22109843
 -137.70150274 -129.08224777 -122.2714036  -109.94376493 -115.00944657
 -127.7805616  -116.99854823 -105.70192295 -130.41457641 -118.90114808]
inrs_hat:  [-27.22990015 -32.39525755 -24.94924263 -18.23200614 -17.23139839
 -26.71180269 -18.09254773 -11.28170356   1.04593511  -4.01974652
 -16.79086156  -6.00884818   5.28777709 -19.42487636  -7.91144804]
scheduled_ues:  [ 0  1  2  3  4  5  6 10 13]
(1, 15, 1, 4, 1, 1)
caused INR: -12.71393977313851
TpsRandomic + CumulativeIndividualEstimated_INR + -10.0
None
(1, 15, 1, 4, 1, 1)
caused INR: -25.504569497679523
TpsRandomic + CumulativeIndividualEstimated_INR + -12.5
None
(1, 15, 1, 4, 1, 1)
caused INR: -13.562261856189268
TpsRandomic + CumulativeIndividualEstimated_INR + -15.0
None
(1, 15, 1, 4, 1, 1)
caused INR: -20.513887366187397
Iteration number 23
TpsAltruisticFromLsfGain + IndividualEstimated_INR + -10.0
None
ls_gain_coeffs:
[-142.72877896 -134.56222169 -138.83227298 -143.24800598 -149.13998236
 -151.65833354 -148.382996   -135.26629545 -141.00722069 -133.0386008
 -130.48754038 -114.75046782 -136.58744519 -128.96605206 -117.64221136]
inrs_hat:  [-31.73907892 -23.57252164 -27.84257294 -32.25830594 -38.15028231
 -40.6686335  -37.39329596 -24.27659541 -30.01752064 -22.04890075
 -19.49784033  -3.76076777 -25.59774515 -17.97635202  -6.65251132]
scheduled_ues:  [ 0  1  2  3  4  5  6  7  8  9 10 12 13]
(1, 15, 1, 4, 1, 1)
caused INR: -16.638466627852562
TpsAltruisticFromLsfGain + IndividualEstimated_INR + -12.5
None
ls_gain_coeffs:
[-142.72877896 -134.56222169 -138.83227298 -143.24800598 -149.13998236
 -151.65833354 -148.382996   -135.26629545 -141.00722069 -133.0386008
 -130.48754038 -114.75046782 -136.58744519 -128.96605206 -117.64221136]
inrs_hat:  [-31.73907892 -23.57252164 -27.84257294 -32.25830594 -38.15028231
 -40.6686335  -37.39329596 -24.27659541 -30.01752064 -22.04890075
 -19.49784033  -3.76076777 -25.59774515 -17.97635202  -6.65251132]
scheduled_ues:  [ 0  1  2  3  4  5  6  7  8  9 10 12 13]
(1, 15, 1, 4, 1, 1)
caused INR: -16.638466627852562
TpsAltruisticFromLsfGain + IndividualEstimated_INR + -15.0
None
ls_gain_coeffs:
[-142.72877896 -134.56222169 -138.83227298 -143.24800598 -149.13998236
 -151.65833354 -148.382996   -135.26629545 -141.00722069 -133.0386008
 -130.48754038 -114.75046782 -136.58744519 -128.96605206 -117.64221136]
inrs_hat:  [-31.73907892 -23.57252164 -27.84257294 -32.25830594 -38.15028231
 -40.6686335  -37.39329596 -24.27659541 -30.01752064 -22.04890075
 -19.49784033  -3.76076777 -25.59774515 -17.97635202  -6.65251132]
scheduled_ues:  [ 0  1  2  3  4  5  6  7  8  9 10 12 13]
(1, 15, 1, 4, 1, 1)
caused INR: -16.638466627852562
TpsAltruisticFromLsfGain + CumulativeIndividualEstimated_INR + -10.0
None
(1, 15, 1, 4, 1, 1)
caused INR: -16.638466627852562
TpsAltruisticFromLsfGain + CumulativeIndividualEstimated_INR + -12.5
None
(1, 15, 1, 4, 1, 1)
caused INR: -16.638466627852562
TpsAltruisticFromLsfGain + CumulativeIndividualEstimated_INR + -15.0
None
(1, 15, 1, 4, 1, 1)
caused INR: -16.055380276467282
TpsRandomic + IndividualEstimated_INR + -10.0
None
ls_gain_coeffs:
[-130.61109055 -119.32002439 -125.36129865 -136.70166811 -132.51545645
 -138.08265453 -136.36540648 -118.72080116 -131.98257372 -133.0386008
 -121.62027382  -96.04891256 -132.94873541 -127.69673992 -114.16238138]
inrs_hat:  [-19.62139051  -8.33032435 -14.37159861 -25.71196806 -21.52575641
 -27.09295449 -25.37570644  -7.73110111 -20.99287368 -22.04890075
 -10.63057378  14.94078748 -21.95903536 -16.70703987  -3.17268134]
scheduled_ues:  [ 0  2  3  4  5  6  8  9 10 12 13]
(1, 15, 1, 4, 1, 1)
caused INR: -10.931098948131236
TpsRandomic + IndividualEstimated_INR + -12.5
None
ls_gain_coeffs:
[-133.67620942 -134.56222169 -124.33192433 -129.565569   -149.13998236
 -135.35427856 -131.68214302 -118.72080116 -131.98257372 -133.0386008
 -118.21187122 -102.68308683 -122.93294193 -127.69673992 -102.88072471]
inrs_hat:  [-22.68650938 -23.57252164 -13.34222429 -18.57586896 -38.15028231
 -24.36457852 -20.69244298  -7.73110111 -20.99287368 -22.04890075
  -7.22217118   8.30661322 -11.94324189 -16.70703987   8.10897533]
scheduled_ues:  [ 0  1  2  3  4  5  6  8  9 13]
(1, 15, 1, 4, 1, 1)
caused INR: -7.6333121902130285
TpsRandomic + IndividualEstimated_INR + -15.0
None
ls_gain_coeffs:
[-130.61109055 -130.36132574 -124.33192433 -143.24800598 -149.13998236
 -135.35427856 -148.382996   -135.26629545 -131.98257372 -121.55434892
 -113.69527252 -114.75046782 -136.58744519 -128.96605206 -102.88072471]
inrs_hat:  [-19.62139051 -19.3716257  -13.34222429 -32.25830594 -38.15028231
 -24.36457852 -37.39329596 -24.27659541 -20.99287368 -10.56464888
  -2.70557248  -3.76076777 -25.59774515 -17.97635202   8.10897533]
scheduled_ues:  [ 0  1  3  4  5  6  7  8 12 13]
(1, 15, 1, 4, 1, 1)
caused INR: -10.327089829716849
TpsRandomic + CumulativeIndividualEstimated_INR + -10.0
None
(1, 15, 1, 4, 1, 1)
caused INR: -15.189952611518061
TpsRandomic + CumulativeIndividualEstimated_INR + -12.5
None
(1, 15, 1, 4, 1, 1)
caused INR: -22.11337416806355
TpsRandomic + CumulativeIndividualEstimated_INR + -15.0
None
(1, 15, 1, 4, 1, 1)
caused INR: -22.00497023616071
Iteration number 24
TpsAltruisticFromLsfGain + IndividualEstimated_INR + -10.0
None
ls_gain_coeffs:
[-144.06149022 -130.78168486 -139.32545882 -125.66129285 -143.69803119
 -132.90765326 -139.62372568 -149.31490974 -149.04250046 -133.31003092
 -131.7925274  -139.10259318 -131.34282534 -143.81853743 -143.96760194]
inrs_hat:  [-33.07179017 -19.79198481 -28.33575877 -14.67159281 -32.70833114
 -21.91795322 -28.63402564 -38.3252097  -38.05280041 -22.32033087
 -20.80282736 -28.11289314 -20.3531253  -32.82883739 -32.9779019 ]
scheduled_ues:  [ 0  1  2  3  4  5  6  7  8  9 10 11 12 13 14]
(1, 15, 1, 4, 1, 1)
caused INR: -7.75467168849387
TpsAltruisticFromLsfGain + IndividualEstimated_INR + -12.5
None
ls_gain_coeffs:
[-144.06149022 -130.78168486 -139.32545882 -125.66129285 -143.69803119
 -132.90765326 -139.62372568 -149.31490974 -149.04250046 -133.31003092
 -131.7925274  -139.10259318 -131.34282534 -143.81853743 -143.96760194]
inrs_hat:  [-33.07179017 -19.79198481 -28.33575877 -14.67159281 -32.70833114
 -21.91795322 -28.63402564 -38.3252097  -38.05280041 -22.32033087
 -20.80282736 -28.11289314 -20.3531253  -32.82883739 -32.9779019 ]
scheduled_ues:  [ 0  1  2  3  4  5  6  7  8  9 10 11 12 13 14]
(1, 15, 1, 4, 1, 1)
caused INR: -7.75467168849387
TpsAltruisticFromLsfGain + IndividualEstimated_INR + -15.0
None
ls_gain_coeffs:
[-144.06149022 -130.78168486 -139.32545882 -125.66129285 -143.69803119
 -132.90765326 -139.62372568 -149.31490974 -149.04250046 -133.31003092
 -131.7925274  -139.10259318 -131.34282534 -143.81853743 -143.96760194]
inrs_hat:  [-33.07179017 -19.79198481 -28.33575877 -14.67159281 -32.70833114
 -21.91795322 -28.63402564 -38.3252097  -38.05280041 -22.32033087
 -20.80282736 -28.11289314 -20.3531253  -32.82883739 -32.9779019 ]
scheduled_ues:  [ 0  1  2  4  5  6  7  8  9 10 11 12 13 14]
(1, 15, 1, 4, 1, 1)
caused INR: -11.569913338385213
TpsAltruisticFromLsfGain + CumulativeIndividualEstimated_INR + -10.0
None
(1, 15, 1, 4, 1, 1)
caused INR: -7.75467168849387
TpsAltruisticFromLsfGain + CumulativeIndividualEstimated_INR + -12.5
None
(1, 15, 1, 4, 1, 1)
caused INR: -11.569913338385213
TpsAltruisticFromLsfGain + CumulativeIndividualEstimated_INR + -15.0
None
(1, 15, 1, 4, 1, 1)
caused INR: -17.94382063028729
TpsRandomic + IndividualEstimated_INR + -10.0
None
ls_gain_coeffs:
[-131.32694119 -119.44865716 -139.32545882 -125.66129285 -140.05406035
 -118.60699331 -126.92369265 -132.62249403 -136.70118184 -133.31003092
 -131.7925274  -122.16294343 -114.75995397 -128.20421678 -143.96760194]
inrs_hat:  [-20.33724115  -8.45895712 -28.33575877 -14.67159281 -29.0643603
  -7.61729326 -15.9339926  -21.63279399 -25.7114818  -22.32033087
 -20.80282736 -11.17324339  -3.77025393 -17.21451674 -32.9779019 ]
scheduled_ues:  [ 0  2  3  4  6  7  8  9 10 11 13 14]
(1, 15, 1, 4, 1, 1)
caused INR: -1.9245924796774363
TpsRandomic + IndividualEstimated_INR + -12.5
None
ls_gain_coeffs:
[-131.32694119 -119.44865716 -126.21375147 -118.35928581 -143.69803119
 -115.98382789 -122.86087587 -139.38028542 -132.43812975 -116.09274004
 -115.32674659 -139.10259318 -123.63883139 -143.81853743 -137.02626716]
inrs_hat:  [-20.33724115  -8.45895712 -15.22405143  -7.36958576 -32.70833114
  -4.99412785 -11.87117582 -28.39058537 -21.44842971  -5.10304
  -4.33704655 -28.11289314 -12.64913134 -32.82883739 -26.03656712]
scheduled_ues:  [ 0  2  4  7  8 11 12 13 14]
(1, 15, 1, 4, 1, 1)
caused INR: -21.214350515483126
TpsRandomic + IndividualEstimated_INR + -15.0
None
ls_gain_coeffs:
[-131.03399217 -113.90452122 -139.32545882 -125.66129285 -140.05406035
 -118.60699331 -122.86087587 -149.31490974 -132.43812975 -120.77887101
 -125.31309895 -130.08178442 -131.34282534 -128.20421678 -137.02626716]
inrs_hat:  [-20.04429213  -2.91482117 -28.33575877 -14.67159281 -29.0643603
  -7.61729326 -11.87117582 -38.3252097  -21.44842971  -9.78917097
 -14.3233989  -19.09208437 -20.3531253  -17.21451674 -26.03656712]
scheduled_ues:  [ 0  2  4  7  8 11 12 13 14]
(1, 15, 1, 4, 1, 1)
caused INR: -15.732036820887924
TpsRandomic + CumulativeIndividualEstimated_INR + -10.0
None
(1, 15, 1, 4, 1, 1)
caused INR: -12.884203559978582
TpsRandomic + CumulativeIndividualEstimated_INR + -12.5
None
(1, 15, 1, 4, 1, 1)
caused INR: -12.99841425186948
TpsRandomic + CumulativeIndividualEstimated_INR + -15.0
None
(1, 15, 1, 4, 1, 1)
caused INR: -22.826601671288408
Iteration number 25
TpsAltruisticFromLsfGain + IndividualEstimated_INR + -10.0
None
ls_gain_coeffs:
[-127.11622968 -138.45116501 -139.18364069 -136.84633283 -134.72561573
 -141.07861435 -119.07286454 -131.64201317 -116.85726655 -114.71692781
 -149.92259266 -135.05677881 -136.51386274 -117.58043033 -146.92995456]
inrs_hat:  [-16.12652964 -27.46146497 -28.19394064 -25.85663279 -23.73591569
 -30.08891431  -8.08316449 -20.65231312  -5.86756651  -3.72722776
 -38.93289262 -24.06707877 -25.5241627   -6.59073029 -35.94025452]
scheduled_ues:  [ 0  1  2  3  4  5  7 10 11 12 14]
(1, 15, 1, 4, 1, 1)
caused INR: -17.734208053715687
TpsAltruisticFromLsfGain + IndividualEstimated_INR + -12.5
None
ls_gain_coeffs:
[-127.11622968 -138.45116501 -139.18364069 -136.84633283 -134.72561573
 -141.07861435 -119.07286454 -131.64201317 -116.85726655 -114.71692781
 -149.92259266 -135.05677881 -136.51386274 -117.58043033 -146.92995456]
inrs_hat:  [-16.12652964 -27.46146497 -28.19394064 -25.85663279 -23.73591569
 -30.08891431  -8.08316449 -20.65231312  -5.86756651  -3.72722776
 -38.93289262 -24.06707877 -25.5241627   -6.59073029 -35.94025452]
scheduled_ues:  [ 0  1  2  3  4  5  7 10 11 12 14]
(1, 15, 1, 4, 1, 1)
caused INR: -17.734208053715687
TpsAltruisticFromLsfGain + IndividualEstimated_INR + -15.0
None
ls_gain_coeffs:
[-127.11622968 -138.45116501 -139.18364069 -136.84633283 -134.72561573
 -141.07861435 -119.07286454 -131.64201317 -116.85726655 -114.71692781
 -149.92259266 -135.05677881 -136.51386274 -117.58043033 -146.92995456]
inrs_hat:  [-16.12652964 -27.46146497 -28.19394064 -25.85663279 -23.73591569
 -30.08891431  -8.08316449 -20.65231312  -5.86756651  -3.72722776
 -38.93289262 -24.06707877 -25.5241627   -6.59073029 -35.94025452]
scheduled_ues:  [ 0  1  2  3  4  5  7 10 11 12 14]
(1, 15, 1, 4, 1, 1)
caused INR: -17.734208053715687
TpsAltruisticFromLsfGain + CumulativeIndividualEstimated_INR + -10.0
None
(1, 15, 1, 4, 1, 1)
caused INR: -17.734208053715687
TpsAltruisticFromLsfGain + CumulativeIndividualEstimated_INR + -12.5
None
(1, 15, 1, 4, 1, 1)
caused INR: -17.734208053715687
TpsAltruisticFromLsfGain + CumulativeIndividualEstimated_INR + -15.0
None
(1, 15, 1, 4, 1, 1)
caused INR: -16.656613567412453
TpsRandomic + IndividualEstimated_INR + -10.0
None
ls_gain_coeffs:
[-118.38189151 -121.47490923 -139.18364069 -129.95089172 -134.72561573
 -127.2602449  -109.12877278 -120.80652383 -116.85726655  -95.94917824
 -133.07131357 -117.74160652 -122.61663254 -117.58043033 -135.54336087]
inrs_hat:  [ -7.39219147 -10.48520919 -28.19394064 -18.96119168 -23.73591569
 -16.27054485   1.86092727  -9.81682379  -5.86756651  15.04052181
 -22.08161353  -6.75190647 -11.6269325   -6.59073029 -24.55366083]
scheduled_ues:  [ 1  2  3  4  5 10 12 14]
(1, 15, 1, 4, 1, 1)
caused INR: -9.576947509192973
TpsRandomic + IndividualEstimated_INR + -12.5
None
ls_gain_coeffs:
[-118.38189151 -138.45116501 -125.57138148 -120.23738451 -122.2402961
 -134.34430063 -119.07286454 -120.80652383 -103.12630045 -103.16996731
 -140.77720433 -126.27098012 -119.69984364 -117.58043033 -137.34571378]
inrs_hat:  [ -7.39219147 -27.46146497 -14.58168144  -9.24768446 -11.25059606
 -23.35460059  -8.08316449  -9.81682379   7.86339959   7.81973274
 -29.78750429 -15.28128008  -8.7101436   -6.59073029 -26.35601373]
scheduled_ues:  [ 1  2  5 10 11 14]
(1, 15, 1, 4, 1, 1)
caused INR: -12.08000955652522
TpsRandomic + IndividualEstimated_INR + -15.0
None
ls_gain_coeffs:
[-118.38189151 -138.45116501 -139.18364069 -120.23738451 -134.59445684
 -124.58147276 -109.12877278 -120.80652383 -112.98916825  -95.94917824
 -137.80702282 -126.27098012 -129.22465474 -115.18831503 -130.22373732]
inrs_hat:  [ -7.39219147 -27.46146497 -28.19394064  -9.24768446 -23.60475679
 -13.59177272   1.86092727  -9.81682379  -1.99946821  15.04052181
 -26.81732278 -15.28128008 -18.23495469  -4.19861499 -19.23403728]
scheduled_ues:  [ 1  2  4 10 11 12 14]
(1, 15, 1, 4, 1, 1)
caused INR: -8.830006094725647
TpsRandomic + CumulativeIndividualEstimated_INR + -10.0
None
(1, 15, 1, 4, 1, 1)
caused INR: -15.368326146376937
TpsRandomic + CumulativeIndividualEstimated_INR + -12.5
None
(1, 15, 1, 4, 1, 1)
caused INR: -23.978101107409763
TpsRandomic + CumulativeIndividualEstimated_INR + -15.0
None
(1, 15, 1, 4, 1, 1)
caused INR: -12.16762919692686
Iteration number 26
TpsAltruisticFromLsfGain + IndividualEstimated_INR + -10.0
None
ls_gain_coeffs:
[-124.2125532  -127.96344484 -134.81513737 -144.04095317 -118.54786584
 -123.9676441  -130.16599254 -133.84239502 -129.24182821 -123.0613331
 -134.57500239 -146.19672315 -138.81190791 -146.15042337 -145.98929774]
inrs_hat:  [-13.22285316 -16.9737448  -23.82543733 -33.05125312  -7.5581658
 -12.97794405 -19.1762925  -22.85269498 -18.25212816 -12.07163306
 -23.58530235 -35.20702311 -27.82220787 -35.16072333 -34.9995977 ]
scheduled_ues:  [ 0  1  2  3  5  6  7  8  9 10 11 12 13 14]
(1, 15, 1, 4, 1, 1)
caused INR: -6.450832349138615
TpsAltruisticFromLsfGain + IndividualEstimated_INR + -12.5
None
ls_gain_coeffs:
[-124.2125532  -127.96344484 -134.81513737 -144.04095317 -118.54786584
 -123.9676441  -130.16599254 -133.84239502 -129.24182821 -123.0613331
 -134.57500239 -146.19672315 -138.81190791 -146.15042337 -145.98929774]
inrs_hat:  [-13.22285316 -16.9737448  -23.82543733 -33.05125312  -7.5581658
 -12.97794405 -19.1762925  -22.85269498 -18.25212816 -12.07163306
 -23.58530235 -35.20702311 -27.82220787 -35.16072333 -34.9995977 ]
scheduled_ues:  [ 0  1  2  3  5  6  7  8 10 11 12 13 14]
(1, 15, 1, 4, 1, 1)
caused INR: -8.148198351573189
TpsAltruisticFromLsfGain + IndividualEstimated_INR + -15.0
None
ls_gain_coeffs:
[-124.2125532  -127.96344484 -134.81513737 -144.04095317 -118.54786584
 -123.9676441  -130.16599254 -133.84239502 -129.24182821 -123.0613331
 -134.57500239 -146.19672315 -138.81190791 -146.15042337 -145.98929774]
inrs_hat:  [-13.22285316 -16.9737448  -23.82543733 -33.05125312  -7.5581658
 -12.97794405 -19.1762925  -22.85269498 -18.25212816 -12.07163306
 -23.58530235 -35.20702311 -27.82220787 -35.16072333 -34.9995977 ]
scheduled_ues:  [ 1  2  3  6  7  8 10 11 12 13 14]
(1, 15, 1, 4, 1, 1)
caused INR: -11.111176243483838
TpsAltruisticFromLsfGain + CumulativeIndividualEstimated_INR + -10.0
None
(1, 15, 1, 4, 1, 1)
caused INR: -11.111176243483838
TpsAltruisticFromLsfGain + CumulativeIndividualEstimated_INR + -12.5
None
(1, 15, 1, 4, 1, 1)
caused INR: -11.693710611781052
TpsAltruisticFromLsfGain + CumulativeIndividualEstimated_INR + -15.0
None
(1, 15, 1, 4, 1, 1)
caused INR: -10.396499893049953
TpsRandomic + IndividualEstimated_INR + -10.0
None
ls_gain_coeffs:
[-117.1181741  -127.96344484 -120.93687354 -127.25846716 -104.73177662
 -123.9676441  -130.16599254 -120.32651572 -129.24182821 -110.72733088
 -134.57500239 -132.53667651 -125.51563694 -146.15042337 -129.23695007]
inrs_hat:  [ -6.12847406 -16.9737448   -9.9471735  -16.26876712   6.25792342
 -12.97794405 -19.1762925   -9.33681568 -18.25212816   0.26236917
 -23.58530235 -21.54697646 -14.5259369  -35.16072333 -18.24725002]
scheduled_ues:  [ 1  3  5  6  8 10 11 12 13 14]
(1, 15, 1, 4, 1, 1)
caused INR: -10.42639624424929
TpsRandomic + IndividualEstimated_INR + -12.5
None
ls_gain_coeffs:
[-124.2125532  -127.96344484 -120.93687354 -127.25846716 -103.35728741
 -106.65258816 -114.85904756 -132.23097607 -129.24182821 -123.0613331
 -119.32767816 -132.53667651 -125.51563694 -132.20579061 -145.98929774]
inrs_hat:  [-13.22285316 -16.9737448   -9.9471735  -16.26876712   7.63241263
   4.33711188  -3.86934751 -21.24127603 -18.25212816 -12.07163306
  -8.33797812 -21.54697646 -14.5259369  -21.21609057 -34.9995977 ]
scheduled_ues:  [ 0  1  3  7  8 11 12 13 14]
(1, 15, 1, 4, 1, 1)
caused INR: -18.90744467271758
TpsRandomic + IndividualEstimated_INR + -15.0
None
ls_gain_coeffs:
[-117.1181741  -123.72407098 -117.90251765 -135.43105419 -104.73177662
 -113.7368573  -116.29172005 -132.23097607 -118.20910516 -123.0613331
 -120.73054028 -139.78601135 -125.51563694 -132.20579061 -137.06718087]
inrs_hat:  [ -6.12847406 -12.73437093  -6.91281761 -24.44135414   6.25792342
  -2.74715725  -5.30202001 -21.24127603  -7.21940512 -12.07163306
  -9.74084023 -28.79631131 -14.5259369  -21.21609057 -26.07748082]
scheduled_ues:  [ 3  7 11 13 14]
(1, 15, 1, 4, 1, 1)
caused INR: -25.82851126962838
TpsRandomic + CumulativeIndividualEstimated_INR + -10.0
None
(1, 15, 1, 4, 1, 1)
caused INR: -20.24371989636816
TpsRandomic + CumulativeIndividualEstimated_INR + -12.5
None
(1, 15, 1, 4, 1, 1)
caused INR: -12.44754955147059
TpsRandomic + CumulativeIndividualEstimated_INR + -15.0
None
(1, 15, 1, 4, 1, 1)
caused INR: -16.49207690811943
Iteration number 27
TpsAltruisticFromLsfGain + IndividualEstimated_INR + -10.0
None
ls_gain_coeffs:
[-129.63963125 -143.4619214  -135.8291087  -148.70402045 -149.96933319
 -140.83416732 -152.16279691 -123.05729138 -127.35814729 -138.85106352
 -127.10745041 -124.54669941 -143.35462605 -131.40688464 -140.23998221]
inrs_hat:  [-18.64993121 -32.47222136 -24.83940866 -37.71432041 -38.97963315
 -29.84446727 -41.17309686 -12.06759133 -16.36844725 -27.86136348
 -16.11775036 -13.55699937 -32.36492601 -20.41718459 -29.25028217]
scheduled_ues:  [ 0  1  2  3  4  5  6  7  8  9 10 11 12 13 14]
(1, 15, 1, 4, 1, 1)
caused INR: -3.1967193755566004
TpsAltruisticFromLsfGain + IndividualEstimated_INR + -12.5
None
ls_gain_coeffs:
[-129.63963125 -143.4619214  -135.8291087  -148.70402045 -149.96933319
 -140.83416732 -152.16279691 -123.05729138 -127.35814729 -138.85106352
 -127.10745041 -124.54669941 -143.35462605 -131.40688464 -140.23998221]
inrs_hat:  [-18.64993121 -32.47222136 -24.83940866 -37.71432041 -38.97963315
 -29.84446727 -41.17309686 -12.06759133 -16.36844725 -27.86136348
 -16.11775036 -13.55699937 -32.36492601 -20.41718459 -29.25028217]
scheduled_ues:  [ 0  1  2  3  4  5  6  8  9 10 11 12 13 14]
(1, 15, 1, 4, 1, 1)
caused INR: -3.7327762886378455
TpsAltruisticFromLsfGain + IndividualEstimated_INR + -15.0
None
ls_gain_coeffs:
[-129.63963125 -143.4619214  -135.8291087  -148.70402045 -149.96933319
 -140.83416732 -152.16279691 -123.05729138 -127.35814729 -138.85106352
 -127.10745041 -124.54669941 -143.35462605 -131.40688464 -140.23998221]
inrs_hat:  [-18.64993121 -32.47222136 -24.83940866 -37.71432041 -38.97963315
 -29.84446727 -41.17309686 -12.06759133 -16.36844725 -27.86136348
 -16.11775036 -13.55699937 -32.36492601 -20.41718459 -29.25028217]
scheduled_ues:  [ 0  1  2  3  4  5  6  8  9 10 12 13 14]
(1, 15, 1, 4, 1, 1)
caused INR: -6.214514449251012
TpsAltruisticFromLsfGain + CumulativeIndividualEstimated_INR + -10.0
None
(1, 15, 1, 4, 1, 1)
caused INR: -6.214514449251012
TpsAltruisticFromLsfGain + CumulativeIndividualEstimated_INR + -12.5
None
(1, 15, 1, 4, 1, 1)
caused INR: -9.797024701648771
TpsAltruisticFromLsfGain + CumulativeIndividualEstimated_INR + -15.0
None
(1, 15, 1, 4, 1, 1)
caused INR: -12.553180508618688
TpsRandomic + IndividualEstimated_INR + -10.0
None
ls_gain_coeffs:
[-112.37158188 -137.54713615 -127.91286832 -140.43715826 -137.45713996
 -134.53488184 -152.16279691 -123.05729138 -126.32145063 -138.85106352
 -127.10745041 -110.84689117 -126.50902905 -131.40688464 -124.43534989]
inrs_hat:  [ -1.38188184 -26.55743611 -16.92316828 -29.44745821 -26.46743992
 -23.5451818  -41.17309686 -12.06759133 -15.33175059 -27.86136348
 -16.11775036   0.14280887 -15.51932901 -20.41718459 -13.44564985]
scheduled_ues:  [ 1  2  3  4  5  6  7  8  9 10 12 13 14]
(1, 15, 1, 4, 1, 1)
caused INR: -9.847423948005282
TpsRandomic + IndividualEstimated_INR + -12.5
None
ls_gain_coeffs:
[-115.75207659 -143.4619214  -122.10734504 -140.43715826 -141.70209094
 -124.48197665 -152.16279691 -115.95033407 -114.22541619 -138.85106352
 -112.93309897 -110.84689117 -131.55367903 -117.63565086 -135.19543373]
inrs_hat:  [ -4.76237654 -32.47222136 -11.117645   -29.44745821 -30.71239089
 -13.49227661 -41.17309686  -4.96063402  -3.23571614 -27.86136348
  -1.94339892   0.14280887 -20.56397898  -6.64595082 -24.20573369]
scheduled_ues:  [ 1  3  4  5  6  9 12 14]
(1, 15, 1, 4, 1, 1)
caused INR: -15.175129052604747
TpsRandomic + IndividualEstimated_INR + -15.0
None
ls_gain_coeffs:
[-115.75207659 -143.4619214  -135.8291087  -148.70402045 -133.35881545
 -124.48197665 -135.76652709 -106.04837851 -114.57098174 -131.57722223
 -121.90919609 -110.84689117 -143.35462605 -117.63565086 -135.19543373]
inrs_hat:  [ -4.76237654 -32.47222136 -24.83940866 -37.71432041 -22.36911541
 -13.49227661 -24.77682704   4.94132154  -3.5812817  -20.58752219
 -10.91949604   0.14280887 -32.36492601  -6.64595082 -24.20573369]
scheduled_ues:  [ 1  2  3  4  6  9 12 14]
(1, 15, 1, 4, 1, 1)
caused INR: -14.826671454039532
TpsRandomic + CumulativeIndividualEstimated_INR + -10.0
None
(1, 15, 1, 4, 1, 1)
caused INR: -19.068594095422707
TpsRandomic + CumulativeIndividualEstimated_INR + -12.5
None
(1, 15, 1, 4, 1, 1)
caused INR: -10.568162421549435
TpsRandomic + CumulativeIndividualEstimated_INR + -15.0
None
(1, 15, 1, 4, 1, 1)
caused INR: -22.174130670503025
Iteration number 28
TpsAltruisticFromLsfGain + IndividualEstimated_INR + -10.0
None
ls_gain_coeffs:
[-147.82549267 -143.52856285 -131.48587629 -129.54345354 -126.89203062
 -130.68186734 -128.70647781 -124.9151133  -151.31359688 -147.92497171
 -147.92264463 -135.53788139 -145.0609165  -124.07600949 -146.87576908]
inrs_hat:  [-36.83579262 -32.5388628  -20.49617625 -18.5537535  -15.90233058
 -19.6921673  -17.71677777 -13.92541325 -40.32389684 -36.93527166
 -36.93294459 -24.54818135 -34.07121645 -13.08630945 -35.88606904]
scheduled_ues:  [ 0  1  2  3  4  5  6  7  8  9 10 11 12 13 14]
(1, 15, 1, 4, 1, 1)
caused INR: -5.972804504260559
TpsAltruisticFromLsfGain + IndividualEstimated_INR + -12.5
None
ls_gain_coeffs:
[-147.82549267 -143.52856285 -131.48587629 -129.54345354 -126.89203062
 -130.68186734 -128.70647781 -124.9151133  -151.31359688 -147.92497171
 -147.92264463 -135.53788139 -145.0609165  -124.07600949 -146.87576908]
inrs_hat:  [-36.83579262 -32.5388628  -20.49617625 -18.5537535  -15.90233058
 -19.6921673  -17.71677777 -13.92541325 -40.32389684 -36.93527166
 -36.93294459 -24.54818135 -34.07121645 -13.08630945 -35.88606904]
scheduled_ues:  [ 0  1  2  3  4  5  6  7  8  9 10 11 12 13 14]
(1, 15, 1, 4, 1, 1)
caused INR: -5.972804504260559
TpsAltruisticFromLsfGain + IndividualEstimated_INR + -15.0
None
ls_gain_coeffs:
[-147.82549267 -143.52856285 -131.48587629 -129.54345354 -126.89203062
 -130.68186734 -128.70647781 -124.9151133  -151.31359688 -147.92497171
 -147.92264463 -135.53788139 -145.0609165  -124.07600949 -146.87576908]
inrs_hat:  [-36.83579262 -32.5388628  -20.49617625 -18.5537535  -15.90233058
 -19.6921673  -17.71677777 -13.92541325 -40.32389684 -36.93527166
 -36.93294459 -24.54818135 -34.07121645 -13.08630945 -35.88606904]
scheduled_ues:  [ 0  1  2  3  4  5  6  8  9 10 11 12 14]
(1, 15, 1, 4, 1, 1)
caused INR: -7.905610407128274
TpsAltruisticFromLsfGain + CumulativeIndividualEstimated_INR + -10.0
None
(1, 15, 1, 4, 1, 1)
caused INR: -7.905610407128274
TpsAltruisticFromLsfGain + CumulativeIndividualEstimated_INR + -12.5
None
(1, 15, 1, 4, 1, 1)
caused INR: -9.533412549604755
TpsAltruisticFromLsfGain + CumulativeIndividualEstimated_INR + -15.0
None
(1, 15, 1, 4, 1, 1)
caused INR: -11.63679166721968
TpsRandomic + IndividualEstimated_INR + -10.0
None
ls_gain_coeffs:
[-138.62987121 -143.52856285 -131.48587629 -119.00200621 -120.44500091
 -117.17303505 -128.70647781 -119.46240747 -151.31359688 -134.91068484
 -131.54685382 -135.53788139 -145.0609165  -124.07600949 -146.87576908]
inrs_hat:  [-27.64017116 -32.5388628  -20.49617625  -8.01230616  -9.45530087
  -6.18333501 -17.71677777  -8.47270743 -40.32389684 -23.92098479
 -20.55715378 -24.54818135 -34.07121645 -13.08630945 -35.88606904]
scheduled_ues:  [ 0  1  2  6  8  9 10 11 12 13 14]
(1, 15, 1, 4, 1, 1)
caused INR: -15.457899524905699
TpsRandomic + IndividualEstimated_INR + -12.5
None
ls_gain_coeffs:
[-138.62987121 -143.52856285 -119.54192794 -119.00200621 -126.89203062
 -130.68186734 -115.37103221 -110.65594469 -145.34157167 -140.11383857
 -147.92264463 -121.44006539 -129.92317322 -111.60997588 -130.10161705]
inrs_hat:  [-27.64017116 -32.5388628   -8.5522279   -8.01230616 -15.90233058
 -19.6921673   -4.38133216   0.33375535 -34.35187163 -29.12413852
 -36.93294459 -10.45036535 -18.93347318  -0.62027584 -19.11191701]
scheduled_ues:  [ 0  1  4  5  8  9 10 12 14]
(1, 15, 1, 4, 1, 1)
caused INR: -7.822247247895612
TpsRandomic + IndividualEstimated_INR + -15.0
None
ls_gain_coeffs:
[-131.01666472 -130.61922502 -120.84326056 -112.64042403 -110.36886429
 -130.68186734 -127.3657094  -110.65594469 -145.34157167 -147.92497171
 -147.92264463 -135.53788139 -141.01670158 -111.60997588 -136.30411541]
inrs_hat:  [-20.02696467 -19.62952497  -9.85356052  -1.65072399   0.62083576
 -19.6921673  -16.37600936   0.33375535 -34.35187163 -36.93527166
 -36.93294459 -24.54818135 -30.02700154  -0.62027584 -25.31441536]
scheduled_ues:  [ 0  1  5  6  8  9 10 11 12 14]
(1, 15, 1, 4, 1, 1)
caused INR: -10.566280242374264
TpsRandomic + CumulativeIndividualEstimated_INR + -10.0
None
(1, 15, 1, 4, 1, 1)
caused INR: -13.624937989365588
TpsRandomic + CumulativeIndividualEstimated_INR + -12.5
None
(1, 15, 1, 4, 1, 1)
caused INR: -14.263327732787335
TpsRandomic + CumulativeIndividualEstimated_INR + -15.0
None
(1, 15, 1, 4, 1, 1)
caused INR: -18.42937541707404
Iteration number 29
TpsAltruisticFromLsfGain + IndividualEstimated_INR + -10.0
None
ls_gain_coeffs:
[-112.85618296 -129.45176035 -132.63491055 -143.22860874 -117.3925782
 -144.16040406 -143.94435081 -124.39564402 -128.56355291 -147.95206307
 -116.88776333 -144.42202183 -141.78083181 -141.03618305 -120.22014034]
inrs_hat:  [ -1.86648291 -18.46206031 -21.6452105  -32.2389087   -6.40287816
 -33.17070402 -32.95465076 -13.40594398 -17.57385287 -36.96236303
  -5.89806329 -33.43232179 -30.79113177 -30.046483    -9.2304403 ]
scheduled_ues:  [ 1  2  3  5  6  7  8  9 11 12 13]
(1, 15, 1, 4, 1, 1)
caused INR: -10.324520143616745
TpsAltruisticFromLsfGain + IndividualEstimated_INR + -12.5
None
ls_gain_coeffs:
[-112.85618296 -129.45176035 -132.63491055 -143.22860874 -117.3925782
 -144.16040406 -143.94435081 -124.39564402 -128.56355291 -147.95206307
 -116.88776333 -144.42202183 -141.78083181 -141.03618305 -120.22014034]
inrs_hat:  [ -1.86648291 -18.46206031 -21.6452105  -32.2389087   -6.40287816
 -33.17070402 -32.95465076 -13.40594398 -17.57385287 -36.96236303
  -5.89806329 -33.43232179 -30.79113177 -30.046483    -9.2304403 ]
scheduled_ues:  [ 1  2  3  5  6  7  8  9 11 12 13]
(1, 15, 1, 4, 1, 1)
caused INR: -10.324520143616745
TpsAltruisticFromLsfGain + IndividualEstimated_INR + -15.0
None
ls_gain_coeffs:
[-112.85618296 -129.45176035 -132.63491055 -143.22860874 -117.3925782
 -144.16040406 -143.94435081 -124.39564402 -128.56355291 -147.95206307
 -116.88776333 -144.42202183 -141.78083181 -141.03618305 -120.22014034]
inrs_hat:  [ -1.86648291 -18.46206031 -21.6452105  -32.2389087   -6.40287816
 -33.17070402 -32.95465076 -13.40594398 -17.57385287 -36.96236303
  -5.89806329 -33.43232179 -30.79113177 -30.046483    -9.2304403 ]
scheduled_ues:  [ 1  2  3  5  6  8  9 11 12 13]
(1, 15, 1, 4, 1, 1)
caused INR: -9.449300338313844
TpsAltruisticFromLsfGain + CumulativeIndividualEstimated_INR + -10.0
None
(1, 15, 1, 4, 1, 1)
caused INR: -10.324520143616745
TpsAltruisticFromLsfGain + CumulativeIndividualEstimated_INR + -12.5
None
(1, 15, 1, 4, 1, 1)
caused INR: -9.449300338313844
TpsAltruisticFromLsfGain + CumulativeIndividualEstimated_INR + -15.0
None
(1, 15, 1, 4, 1, 1)
caused INR: -13.696477665229619
TpsRandomic + IndividualEstimated_INR + -10.0
None
ls_gain_coeffs:
[ -97.51614276 -129.45176035 -115.18004469 -126.51507824 -103.7382013
 -127.22619878 -127.22738138 -111.72000063 -115.96455277 -139.98355961
 -103.7911193  -144.42202183 -141.78083181 -125.77944779 -105.56225518]
inrs_hat:  [ 13.47355729 -18.46206031  -4.19034464 -15.5253782    7.25149874
 -16.23649874 -16.23768133  -0.73030059  -4.97485273 -28.99385957
   7.19858074 -33.43232179 -30.79113177 -14.78974775   5.42744486]
scheduled_ues:  [ 1  3  5  6  9 11 12 13]
(1, 15, 1, 4, 1, 1)
caused INR: -17.15302236363405
TpsRandomic + IndividualEstimated_INR + -12.5
None
ls_gain_coeffs:
[ -97.51614276 -129.45176035 -121.2912718  -126.51507824 -117.3925782
 -132.52725474 -135.56566872 -124.39564402 -115.96455277 -131.37554937
 -103.7911193  -144.42202183 -134.91918272 -141.03618305 -103.34597002]
inrs_hat:  [ 13.47355729 -18.46206031 -10.30157176 -15.5253782   -6.40287816
 -21.5375547  -24.57596868 -13.40594398  -4.97485273 -20.38584933
   7.19858074 -33.43232179 -23.92948268 -30.046483     7.64373002]
scheduled_ues:  [ 1  3  5  6  7  9 11 12 13]
(1, 15, 1, 4, 1, 1)
caused INR: -15.061852881309818
TpsRandomic + IndividualEstimated_INR + -15.0
None
ls_gain_coeffs:
[ -90.48921754 -129.45176035 -121.51041757 -126.51507824 -103.7382013
 -127.22619878 -135.56566872 -115.6791312  -115.96455277 -139.98355961
 -116.88776333 -130.33043715 -141.78083181 -125.77944779 -103.34597002]
inrs_hat:  [ 20.50048251 -18.46206031 -10.52071752 -15.5253782    7.25149874
 -16.23649874 -24.57596868  -4.68943116  -4.97485273 -28.99385957
  -5.89806329 -19.34073711 -30.79113177 -14.78974775   7.64373002]
scheduled_ues:  [ 1  3  5  6  9 11 12]
(1, 15, 1, 4, 1, 1)
caused INR: -31.521441185716856
TpsRandomic + CumulativeIndividualEstimated_INR + -10.0
None
(1, 15, 1, 4, 1, 1)
caused INR: -10.761275799156138
TpsRandomic + CumulativeIndividualEstimated_INR + -12.5
None
(1, 15, 1, 4, 1, 1)
caused INR: -13.77822946652344
TpsRandomic + CumulativeIndividualEstimated_INR + -15.0
None
(1, 15, 1, 4, 1, 1)
caused INR: -14.76961352891417
Iteration number 30
TpsAltruisticFromLsfGain + IndividualEstimated_INR + -10.0
None
ls_gain_coeffs:
[-113.63022078 -140.7358003  -157.29149997 -149.24944551 -131.37523957
 -142.19219869 -128.93392542 -127.70142266 -123.17267815 -148.20761932
 -124.63426134 -124.5292033  -132.63279116 -124.04516221 -131.8372504 ]
inrs_hat:  [ -2.64052074 -29.74610026 -46.30179992 -38.25974547 -20.38553953
 -31.20249865 -17.94422537 -16.71172262 -12.18297811 -37.21791928
 -13.6445613  -13.53950325 -21.64309112 -13.05546216 -20.84755035]
scheduled_ues:  [ 1  2  3  4  5  6  7  8  9 10 11 12 13 14]
(1, 15, 1, 4, 1, 1)
caused INR: -2.457935973314938
TpsAltruisticFromLsfGain + IndividualEstimated_INR + -12.5
None
ls_gain_coeffs:
[-113.63022078 -140.7358003  -157.29149997 -149.24944551 -131.37523957
 -142.19219869 -128.93392542 -127.70142266 -123.17267815 -148.20761932
 -124.63426134 -124.5292033  -132.63279116 -124.04516221 -131.8372504 ]
inrs_hat:  [ -2.64052074 -29.74610026 -46.30179992 -38.25974547 -20.38553953
 -31.20249865 -17.94422537 -16.71172262 -12.18297811 -37.21791928
 -13.6445613  -13.53950325 -21.64309112 -13.05546216 -20.84755035]
scheduled_ues:  [ 1  2  3  4  5  6  7  9 10 11 12 13 14]
(1, 15, 1, 4, 1, 1)
caused INR: -5.4793952610441465
TpsAltruisticFromLsfGain + IndividualEstimated_INR + -15.0
None
ls_gain_coeffs:
[-113.63022078 -140.7358003  -157.29149997 -149.24944551 -131.37523957
 -142.19219869 -128.93392542 -127.70142266 -123.17267815 -148.20761932
 -124.63426134 -124.5292033  -132.63279116 -124.04516221 -131.8372504 ]
inrs_hat:  [ -2.64052074 -29.74610026 -46.30179992 -38.25974547 -20.38553953
 -31.20249865 -17.94422537 -16.71172262 -12.18297811 -37.21791928
 -13.6445613  -13.53950325 -21.64309112 -13.05546216 -20.84755035]
scheduled_ues:  [ 1  2  3  4  5  6  7  9 12 14]
(1, 15, 1, 4, 1, 1)
caused INR: -9.586236135463018
TpsAltruisticFromLsfGain + CumulativeIndividualEstimated_INR + -10.0
None
(1, 15, 1, 4, 1, 1)
caused INR: -9.586236135463018
TpsAltruisticFromLsfGain + CumulativeIndividualEstimated_INR + -12.5
None
(1, 15, 1, 4, 1, 1)
caused INR: -10.349527024028848
TpsAltruisticFromLsfGain + CumulativeIndividualEstimated_INR + -15.0
None
(1, 15, 1, 4, 1, 1)
caused INR: -15.34145869972832
TpsRandomic + IndividualEstimated_INR + -10.0
None
ls_gain_coeffs:
[-100.13172489 -124.3742087  -146.358952   -142.57182981 -119.03087441
 -140.23924863 -128.93392542 -113.25286706 -107.60028066 -137.24990637
 -112.08735552 -114.53198609 -132.63279116 -107.86777978 -119.13586561]
inrs_hat:  [ 10.85797515 -13.38450865 -35.36925196 -31.58212976  -8.04117437
 -29.24954859 -17.94422537  -2.26316702   3.38941938 -26.26020633
  -1.09765548  -3.54228605 -21.64309112   3.12192026  -8.14616557]
scheduled_ues:  [ 1  2  3  5  6  9 12]
(1, 15, 1, 4, 1, 1)
caused INR: -16.810185302253238
TpsRandomic + IndividualEstimated_INR + -12.5
None
ls_gain_coeffs:
[-110.45953312 -126.65394385 -147.37306009 -133.0058065  -114.72421698
 -142.19219869 -123.02560935 -113.25286706 -109.16567941 -137.76178517
 -124.47630261 -114.53198609 -117.07416193 -107.86777978 -114.69495617]
inrs_hat:  [  0.53016693 -15.66424381 -36.38336005 -22.01610645  -3.73451694
 -31.20249865 -12.03590931  -2.26316702   1.82402064 -26.77208513
 -13.48660257  -3.54228605  -6.08446189   3.12192026  -3.70525613]
scheduled_ues:  [ 1  2  3  5  9 10]
(1, 15, 1, 4, 1, 1)
caused INR: -8.353670825599298
TpsRandomic + IndividualEstimated_INR + -15.0
None
ls_gain_coeffs:
[-113.63022078 -140.7358003  -147.37306009 -142.57182981 -119.03087441
 -129.09961534 -128.93392542 -127.70142266 -109.16567941 -131.28504577
 -112.08735552 -112.1167574  -127.95724732 -124.04516221 -119.13586561]
inrs_hat:  [ -2.64052074 -29.74610026 -36.38336005 -31.58212976  -8.04117437
 -18.1099153  -17.94422537 -16.71172262   1.82402064 -20.29534573
  -1.09765548  -1.12705736 -16.96754727 -13.05546216  -8.14616557]
scheduled_ues:  [ 1  2  3  5  6  7  9 12]
(1, 15, 1, 4, 1, 1)
caused INR: -7.936638569626203
TpsRandomic + CumulativeIndividualEstimated_INR + -10.0
None
(1, 15, 1, 4, 1, 1)
caused INR: -14.29047760710882
TpsRandomic + CumulativeIndividualEstimated_INR + -12.5
None
(1, 15, 1, 4, 1, 1)
caused INR: -8.364865678304945
TpsRandomic + CumulativeIndividualEstimated_INR + -15.0
None
(1, 15, 1, 4, 1, 1)
caused INR: -22.846517759847565
Iteration number 31
TpsAltruisticFromLsfGain + IndividualEstimated_INR + -10.0
None
ls_gain_coeffs:
[-143.43327974 -153.18387694 -135.95451973 -129.4000171  -119.2150706
 -151.68779624 -126.66685262 -137.45949295 -120.28023337 -151.73421716
 -149.08707722 -138.5993833  -127.58447206 -136.66805956 -142.61954869]
inrs_hat:  [-32.44357969 -42.1941769  -24.96481969 -18.41031706  -8.22537056
 -40.6980962  -15.67715258 -26.46979291  -9.29053333 -40.74451712
 -38.09737718 -27.60968326 -16.59477202 -25.67835952 -31.62984865]
scheduled_ues:  [ 0  1  2  3  5  6  7  9 10 11 12 13 14]
(1, 15, 1, 4, 1, 1)
caused INR: -18.857385693382575
TpsAltruisticFromLsfGain + IndividualEstimated_INR + -12.5
None
ls_gain_coeffs:
[-143.43327974 -153.18387694 -135.95451973 -129.4000171  -119.2150706
 -151.68779624 -126.66685262 -137.45949295 -120.28023337 -151.73421716
 -149.08707722 -138.5993833  -127.58447206 -136.66805956 -142.61954869]
inrs_hat:  [-32.44357969 -42.1941769  -24.96481969 -18.41031706  -8.22537056
 -40.6980962  -15.67715258 -26.46979291  -9.29053333 -40.74451712
 -38.09737718 -27.60968326 -16.59477202 -25.67835952 -31.62984865]
scheduled_ues:  [ 0  1  2  3  5  6  7  9 10 11 12 13 14]
(1, 15, 1, 4, 1, 1)
caused INR: -18.857385693382575
TpsAltruisticFromLsfGain + IndividualEstimated_INR + -15.0
None
ls_gain_coeffs:
[-143.43327974 -153.18387694 -135.95451973 -129.4000171  -119.2150706
 -151.68779624 -126.66685262 -137.45949295 -120.28023337 -151.73421716
 -149.08707722 -138.5993833  -127.58447206 -136.66805956 -142.61954869]
inrs_hat:  [-32.44357969 -42.1941769  -24.96481969 -18.41031706  -8.22537056
 -40.6980962  -15.67715258 -26.46979291  -9.29053333 -40.74451712
 -38.09737718 -27.60968326 -16.59477202 -25.67835952 -31.62984865]
scheduled_ues:  [ 0  1  2  3  5  6  7  9 10 11 12 13 14]
(1, 15, 1, 4, 1, 1)
caused INR: -18.857385693382575
TpsAltruisticFromLsfGain + CumulativeIndividualEstimated_INR + -10.0
None
(1, 15, 1, 4, 1, 1)
caused INR: -18.857385693382575
TpsAltruisticFromLsfGain + CumulativeIndividualEstimated_INR + -12.5
None
(1, 15, 1, 4, 1, 1)
caused INR: -14.290093058268873
TpsAltruisticFromLsfGain + CumulativeIndividualEstimated_INR + -15.0
None
(1, 15, 1, 4, 1, 1)
caused INR: -23.837884291437078
TpsRandomic + IndividualEstimated_INR + -10.0
None
ls_gain_coeffs:
[-143.43327974 -136.96771371 -118.90757062 -115.35947077 -119.2150706
 -135.6470287  -109.60213802 -120.8776914  -120.28023337 -151.73421716
 -141.10589309 -122.22239208 -114.37544754 -136.66805956 -134.37617144]
inrs_hat:  [-32.44357969 -25.97801367  -7.91787057  -4.36977073  -8.22537056
 -24.65732865   1.38756202  -9.88799136  -9.29053333 -40.74451712
 -30.11619305 -11.23269204  -3.38574749 -25.67835952 -23.38647139]
scheduled_ues:  [ 0  1  5  9 10 11 13 14]
(1, 15, 1, 4, 1, 1)
caused INR: -12.228214030278382
TpsRandomic + IndividualEstimated_INR + -12.5
None
ls_gain_coeffs:
[-126.4464477  -136.96771371 -135.95451973 -127.00159761 -105.51358418
 -146.01100323 -109.60213802 -129.9898707  -105.78614896 -141.88980592
 -141.10589309 -132.59023429 -113.60802301 -136.66805956 -130.04312597]
inrs_hat:  [-15.45674766 -25.97801367 -24.96481969 -16.01189757   5.47611587
 -35.02130319   1.38756202 -19.00017066   5.20355108 -30.90010588
 -30.11619305 -21.60053424  -2.61832297 -25.67835952 -19.05342593]
scheduled_ues:  [ 0  1  2  3  5  7  9 10 11 13 14]
(1, 15, 1, 4, 1, 1)
caused INR: -6.65422223011456
TpsRandomic + IndividualEstimated_INR + -15.0
None
ls_gain_coeffs:
[-131.73295625 -153.18387694 -127.83384079 -127.00159761 -117.32524096
 -146.01100323 -115.24556948 -137.45949295 -120.28023337 -141.88980592
 -136.32872058 -122.22239208 -114.37544754 -123.75793121 -125.9888487 ]
inrs_hat:  [-20.74325621 -42.1941769  -16.84414075 -16.01189757  -6.33554092
 -35.02130319  -4.25586943 -26.46979291  -9.29053333 -30.90010588
 -25.33902054 -11.23269204  -3.38574749 -12.76823117 -14.99914866]
scheduled_ues:  [ 0  1  2  3  5  7  9 10]
(1, 15, 1, 4, 1, 1)
caused INR: -21.24335559565024
TpsRandomic + CumulativeIndividualEstimated_INR + -10.0
None
(1, 15, 1, 4, 1, 1)
caused INR: -22.21231936201466
TpsRandomic + CumulativeIndividualEstimated_INR + -12.5
None
(1, 15, 1, 4, 1, 1)
caused INR: -22.411953863370194
TpsRandomic + CumulativeIndividualEstimated_INR + -15.0
None
(1, 15, 1, 4, 1, 1)
caused INR: -23.395708810332874
Iteration number 32
TpsAltruisticFromLsfGain + IndividualEstimated_INR + -10.0
None
ls_gain_coeffs:
[-137.31581622 -138.4947722  -123.08412984 -141.40187717 -151.19235696
 -137.74418347 -133.50229381 -145.633196   -130.63060601 -128.945759
 -131.48951937 -144.0001319  -145.47461522 -132.68998124 -147.85795973]
inrs_hat:  [-26.32611618 -27.50507215 -12.0944298  -30.41217713 -40.20265692
 -26.75448343 -22.51259376 -34.64349595 -19.64090597 -17.95605895
 -20.49981933 -33.01043186 -34.48491517 -21.7002812  -36.86825968]
scheduled_ues:  [ 0  1  2  3  4  5  6  7  8  9 10 11 12 13 14]
(1, 15, 1, 4, 1, 1)
caused INR: -15.586771853436064
TpsAltruisticFromLsfGain + IndividualEstimated_INR + -12.5
None
ls_gain_coeffs:
[-137.31581622 -138.4947722  -123.08412984 -141.40187717 -151.19235696
 -137.74418347 -133.50229381 -145.633196   -130.63060601 -128.945759
 -131.48951937 -144.0001319  -145.47461522 -132.68998124 -147.85795973]
inrs_hat:  [-26.32611618 -27.50507215 -12.0944298  -30.41217713 -40.20265692
 -26.75448343 -22.51259376 -34.64349595 -19.64090597 -17.95605895
 -20.49981933 -33.01043186 -34.48491517 -21.7002812  -36.86825968]
scheduled_ues:  [ 0  1  3  4  5  6  7  8  9 10 11 12 13 14]
(1, 15, 1, 4, 1, 1)
caused INR: -8.724734317221722
TpsAltruisticFromLsfGain + IndividualEstimated_INR + -15.0
None
ls_gain_coeffs:
[-137.31581622 -138.4947722  -123.08412984 -141.40187717 -151.19235696
 -137.74418347 -133.50229381 -145.633196   -130.63060601 -128.945759
 -131.48951937 -144.0001319  -145.47461522 -132.68998124 -147.85795973]
inrs_hat:  [-26.32611618 -27.50507215 -12.0944298  -30.41217713 -40.20265692
 -26.75448343 -22.51259376 -34.64349595 -19.64090597 -17.95605895
 -20.49981933 -33.01043186 -34.48491517 -21.7002812  -36.86825968]
scheduled_ues:  [ 0  1  3  4  5  6  7  8  9 10 11 12 13 14]
(1, 15, 1, 4, 1, 1)
caused INR: -8.724734317221722
TpsAltruisticFromLsfGain + CumulativeIndividualEstimated_INR + -10.0
None
(1, 15, 1, 4, 1, 1)
caused INR: -8.724734317221722
TpsAltruisticFromLsfGain + CumulativeIndividualEstimated_INR + -12.5
None
(1, 15, 1, 4, 1, 1)
caused INR: -11.975807138853657
TpsAltruisticFromLsfGain + CumulativeIndividualEstimated_INR + -15.0
None
(1, 15, 1, 4, 1, 1)
caused INR: -11.793837723324138
TpsRandomic + IndividualEstimated_INR + -10.0
None
ls_gain_coeffs:
[-137.31581622 -128.25131959 -113.90501569 -124.49225969 -151.19235696
 -128.03646271 -133.50229381 -145.633196   -127.88330523 -128.945759
 -129.40289338 -132.06515744 -143.61236995 -118.15553055 -135.28782351]
inrs_hat:  [-26.32611618 -17.26161955  -2.91531565 -13.50255964 -40.20265692
 -17.04676267 -22.51259376 -34.64349595 -16.89360518 -17.95605895
 -18.41319334 -21.0754574  -32.6226699   -7.16583051 -24.29812347]
scheduled_ues:  [ 0  1  3  4  5  6  7  8  9 10 11 12 14]
(1, 15, 1, 4, 1, 1)
caused INR: -3.5912717954361577
TpsRandomic + IndividualEstimated_INR + -12.5
None
ls_gain_coeffs:
[-124.74459454 -138.4947722  -110.05637671 -129.37169136 -144.10389196
 -125.64604579 -131.73772804 -128.98111863 -117.27323908 -115.28658847
 -118.35237738 -134.509336   -131.79151837 -118.15553055 -139.7182687 ]
inrs_hat:  [-13.7548945  -27.50507215   0.93332334 -18.38199132 -33.11419191
 -14.65634575 -20.748028   -17.99141859  -6.28353904  -4.29688843
  -7.36267733 -23.51963596 -20.80181833  -7.16583051 -28.72856866]
scheduled_ues:  [ 0  1  3  4  5  6  7 11 12 14]
(1, 15, 1, 4, 1, 1)
caused INR: -13.41674341139215
TpsRandomic + IndividualEstimated_INR + -15.0
None
ls_gain_coeffs:
[-124.74459454 -127.1423007  -113.90501569 -141.40187717 -151.19235696
 -128.03646271 -131.73772804 -145.633196   -116.35747216 -115.28658847
 -129.40289338 -134.509336   -131.79151837 -125.22679279 -135.28782351]
inrs_hat:  [-13.7548945  -16.15260066  -2.91531565 -30.41217713 -40.20265692
 -17.04676267 -20.748028   -34.64349595  -5.36777211  -4.29688843
 -18.41319334 -23.51963596 -20.80181833 -14.23709275 -24.29812347]
scheduled_ues:  [ 1  3  4  5  6  7 10 11 12 14]
(1, 15, 1, 4, 1, 1)
caused INR: -7.587781954960318
TpsRandomic + CumulativeIndividualEstimated_INR + -10.0
None
(1, 15, 1, 4, 1, 1)
caused INR: -10.65767648301996
TpsRandomic + CumulativeIndividualEstimated_INR + -12.5
None
(1, 15, 1, 4, 1, 1)
caused INR: -8.144397753204485
TpsRandomic + CumulativeIndividualEstimated_INR + -15.0
None
(1, 15, 1, 4, 1, 1)
caused INR: -24.770350422277385
Iteration number 33
TpsAltruisticFromLsfGain + IndividualEstimated_INR + -10.0
None
ls_gain_coeffs:
[-148.31163864 -142.35088465 -133.23459538 -140.01193227 -139.247112
 -118.08155407 -137.60088891 -136.31077276 -129.57560957 -124.0857807
 -137.27340298 -140.41739991 -141.75158885 -126.32039447 -149.47658601]
inrs_hat:  [-37.3219386  -31.3611846  -22.24489533 -29.02223223 -28.25741195
  -7.09185403 -26.61118886 -25.32107272 -18.58590953 -13.09608066
 -26.28370293 -29.42769987 -30.76188881 -15.33069443 -38.48688596]
scheduled_ues:  [ 0  1  2  3  4  6  7  8  9 10 11 12 13 14]
(1, 15, 1, 4, 1, 1)
caused INR: -11.3315085833846
TpsAltruisticFromLsfGain + IndividualEstimated_INR + -12.5
None
ls_gain_coeffs:
[-148.31163864 -142.35088465 -133.23459538 -140.01193227 -139.247112
 -118.08155407 -137.60088891 -136.31077276 -129.57560957 -124.0857807
 -137.27340298 -140.41739991 -141.75158885 -126.32039447 -149.47658601]
inrs_hat:  [-37.3219386  -31.3611846  -22.24489533 -29.02223223 -28.25741195
  -7.09185403 -26.61118886 -25.32107272 -18.58590953 -13.09608066
 -26.28370293 -29.42769987 -30.76188881 -15.33069443 -38.48688596]
scheduled_ues:  [ 0  1  2  3  4  6  7  8  9 10 11 12 13 14]
(1, 15, 1, 4, 1, 1)
caused INR: -11.3315085833846
TpsAltruisticFromLsfGain + IndividualEstimated_INR + -15.0
None
ls_gain_coeffs:
[-148.31163864 -142.35088465 -133.23459538 -140.01193227 -139.247112
 -118.08155407 -137.60088891 -136.31077276 -129.57560957 -124.0857807
 -137.27340298 -140.41739991 -141.75158885 -126.32039447 -149.47658601]
inrs_hat:  [-37.3219386  -31.3611846  -22.24489533 -29.02223223 -28.25741195
  -7.09185403 -26.61118886 -25.32107272 -18.58590953 -13.09608066
 -26.28370293 -29.42769987 -30.76188881 -15.33069443 -38.48688596]
scheduled_ues:  [ 0  1  2  3  4  6  7  8 10 11 12 13 14]
(1, 15, 1, 4, 1, 1)
caused INR: -17.10355366096148
TpsAltruisticFromLsfGain + CumulativeIndividualEstimated_INR + -10.0
None
(1, 15, 1, 4, 1, 1)
caused INR: -17.10355366096148
TpsAltruisticFromLsfGain + CumulativeIndividualEstimated_INR + -12.5
None
(1, 15, 1, 4, 1, 1)
caused INR: -11.905969355158451
TpsAltruisticFromLsfGain + CumulativeIndividualEstimated_INR + -15.0
None
(1, 15, 1, 4, 1, 1)
caused INR: -13.221154079145997
TpsRandomic + IndividualEstimated_INR + -10.0
None
ls_gain_coeffs:
[-148.31163864 -141.79920489 -115.6584766  -123.04889389 -131.92470886
 -100.10631378 -124.92855955 -123.70518012 -117.27077219 -124.0857807
 -124.79473207 -123.35919366 -130.78971634 -117.6853195  -149.47658601]
inrs_hat:  [-37.3219386  -30.80950485  -4.66877656 -12.05919385 -20.93500882
  10.88338626 -13.9388595  -12.71548008  -6.28107214 -13.09608066
 -13.80503202 -12.36949362 -19.8000163   -6.69561946 -38.48688596]
scheduled_ues:  [ 0  1  3  4  6  7  9 10 11 12 14]
(1, 15, 1, 4, 1, 1)
caused INR: -6.386255441820734
TpsRandomic + IndividualEstimated_INR + -12.5
None
ls_gain_coeffs:
[-136.13381994 -129.54149814 -121.23662275 -140.01193227 -139.247112
 -100.10631378 -124.92855955 -123.70518012 -117.27077219 -114.58972808
 -120.20350701 -127.75788657 -130.78971634 -117.6853195  -141.04044746]
inrs_hat:  [-25.14411989 -18.5517981  -10.24692271 -29.02223223 -28.25741195
  10.88338626 -13.9388595  -12.71548008  -6.28107214  -3.60002804
  -9.21380696 -16.76818653 -19.8000163   -6.69561946 -30.05074742]
scheduled_ues:  [ 0  1  3  4  6  7 11 12 14]
(1, 15, 1, 4, 1, 1)
caused INR: -7.598223736473963
TpsRandomic + IndividualEstimated_INR + -15.0
None
ls_gain_coeffs:
[-131.67739235 -142.35088465 -115.6584766  -129.88796835 -125.7531983
 -118.08155407 -137.60088891 -136.0647838  -119.29250174 -124.0857807
 -128.05388194 -123.35919366 -124.73682194 -109.39353863 -141.04044746]
inrs_hat:  [-20.68769231 -31.3611846   -4.66877656 -18.8982683  -14.76349826
  -7.09185403 -26.61118886 -25.07508375  -8.30280169 -13.09608066
 -17.0641819  -12.36949362 -13.7471219    1.59616142 -30.05074742]
scheduled_ues:  [ 0  1  3  6  7 10 14]
(1, 15, 1, 4, 1, 1)
caused INR: -9.877417039188106
TpsRandomic + CumulativeIndividualEstimated_INR + -10.0
None
(1, 15, 1, 4, 1, 1)
caused INR: -13.214888019839371
TpsRandomic + CumulativeIndividualEstimated_INR + -12.5
None
(1, 15, 1, 4, 1, 1)
caused INR: -17.22153559299941
TpsRandomic + CumulativeIndividualEstimated_INR + -15.0
None
(1, 15, 1, 4, 1, 1)
caused INR: -16.471064970969046
Iteration number 34
TpsAltruisticFromLsfGain + IndividualEstimated_INR + -10.0
None
ls_gain_coeffs:
[-116.45932615 -148.03831463 -146.88906244 -149.16821501 -139.18207885
 -113.98109255 -132.32589251 -132.03573543 -130.3410503  -137.96598327
 -126.70383664 -145.00982255 -138.59143438 -141.40965907 -133.74496704]
inrs_hat:  [ -5.4696261  -37.04861458 -35.8993624  -38.17851497 -28.1923788
  -2.99139251 -21.33619246 -21.04603538 -19.35135026 -26.97628323
 -15.71413659 -34.02012251 -27.60173434 -30.41995902 -22.755267  ]
scheduled_ues:  [ 1  2  3  4  6  7  8  9 10 11 12 13 14]
(1, 15, 1, 4, 1, 1)
caused INR: -10.670677895056592
TpsAltruisticFromLsfGain + IndividualEstimated_INR + -12.5
None
ls_gain_coeffs:
[-116.45932615 -148.03831463 -146.88906244 -149.16821501 -139.18207885
 -113.98109255 -132.32589251 -132.03573543 -130.3410503  -137.96598327
 -126.70383664 -145.00982255 -138.59143438 -141.40965907 -133.74496704]
inrs_hat:  [ -5.4696261  -37.04861458 -35.8993624  -38.17851497 -28.1923788
  -2.99139251 -21.33619246 -21.04603538 -19.35135026 -26.97628323
 -15.71413659 -34.02012251 -27.60173434 -30.41995902 -22.755267  ]
scheduled_ues:  [ 1  2  3  4  6  7  8  9 10 11 12 13 14]
(1, 15, 1, 4, 1, 1)
caused INR: -10.670677895056592
TpsAltruisticFromLsfGain + IndividualEstimated_INR + -15.0
None
ls_gain_coeffs:
[-116.45932615 -148.03831463 -146.88906244 -149.16821501 -139.18207885
 -113.98109255 -132.32589251 -132.03573543 -130.3410503  -137.96598327
 -126.70383664 -145.00982255 -138.59143438 -141.40965907 -133.74496704]
inrs_hat:  [ -5.4696261  -37.04861458 -35.8993624  -38.17851497 -28.1923788
  -2.99139251 -21.33619246 -21.04603538 -19.35135026 -26.97628323
 -15.71413659 -34.02012251 -27.60173434 -30.41995902 -22.755267  ]
scheduled_ues:  [ 1  2  3  4  6  7  8  9 10 11 12 13 14]
(1, 15, 1, 4, 1, 1)
caused INR: -10.670677895056592
TpsAltruisticFromLsfGain + CumulativeIndividualEstimated_INR + -10.0
None
(1, 15, 1, 4, 1, 1)
caused INR: -10.670677895056592
TpsAltruisticFromLsfGain + CumulativeIndividualEstimated_INR + -12.5
None
(1, 15, 1, 4, 1, 1)
caused INR: -12.797523441212313
TpsAltruisticFromLsfGain + CumulativeIndividualEstimated_INR + -15.0
None
(1, 15, 1, 4, 1, 1)
caused INR: -16.36026128485129
TpsRandomic + IndividualEstimated_INR + -10.0
None
ls_gain_coeffs:
[-103.65610078 -137.46854515 -136.40544058 -146.39106835 -122.65780348
  -95.70825546 -125.7486378  -119.11097915 -117.49755946 -133.49859904
 -117.7099642  -136.43354829 -138.59143438 -139.80997311 -133.74496704]
inrs_hat:  [  7.33359926 -26.47884511 -25.41574054 -35.40136831 -11.66810344
  15.28144458 -14.75893776  -8.1212791   -6.50785941 -22.50889899
  -6.72026415 -25.44384825 -27.60173434 -28.82027306 -22.755267  ]
scheduled_ues:  [ 1  2  3  4  6  9 11 12 13 14]
(1, 15, 1, 4, 1, 1)
caused INR: -9.379601385216109
TpsRandomic + IndividualEstimated_INR + -12.5
None
ls_gain_coeffs:
[-103.83691346 -137.46854515 -136.40544058 -146.39106835 -122.65780348
 -104.8546053  -115.5557629  -132.03573543 -130.3410503  -122.54612712
 -126.70383664 -128.15651527 -132.2864189  -128.43483041 -133.74496704]
inrs_hat:  [  7.15278658 -26.47884511 -25.41574054 -35.40136831 -11.66810344
   6.13509475  -4.56606286 -21.04603538 -19.35135026 -11.55642707
 -15.71413659 -17.16681523 -21.29671885 -17.44513037 -22.755267  ]
scheduled_ues:  [ 1  2  3  7  8 10 11 12 13 14]
(1, 15, 1, 4, 1, 1)
caused INR: -9.821207402356508
TpsRandomic + IndividualEstimated_INR + -15.0
None
ls_gain_coeffs:
[-103.83691346 -148.03831463 -146.88906244 -135.80089946 -139.18207885
  -99.00350562 -117.80448801 -130.58626658 -118.95279809 -137.96598327
 -117.7099642  -132.32108226 -124.33934089 -127.90160176 -117.0541554 ]
inrs_hat:  [  7.15278658 -37.04861458 -35.8993624  -24.81119942 -28.1923788
  11.98619442  -6.81478796 -19.59656654  -7.96309805 -26.97628323
  -6.72026415 -21.33138221 -13.34964084 -16.91190172  -6.06445535]
scheduled_ues:  [ 1  2  3  4  7  9 11 13]
(1, 15, 1, 4, 1, 1)
caused INR: -12.901014955973904
TpsRandomic + CumulativeIndividualEstimated_INR + -10.0
None
(1, 15, 1, 4, 1, 1)
caused INR: -14.604420648865851
TpsRandomic + CumulativeIndividualEstimated_INR + -12.5
None
(1, 15, 1, 4, 1, 1)
caused INR: -15.562285613340219
TpsRandomic + CumulativeIndividualEstimated_INR + -15.0
None
(1, 15, 1, 4, 1, 1)
caused INR: -17.605046180628264
Iteration number 35
TpsAltruisticFromLsfGain + IndividualEstimated_INR + -10.0
None
ls_gain_coeffs:
[-135.18397438 -135.85297733 -119.01658852 -132.25219555 -116.54166257
 -148.54401227 -125.07073894 -143.07437761 -135.92647157 -137.8775237
 -133.35339221 -140.1089847  -140.1603228  -125.67108016 -130.34979514]
inrs_hat:  [-24.19427434 -24.86327728  -8.02688848 -21.2624955   -5.55196252
 -37.55431223 -14.0810389  -32.08467756 -24.93677153 -26.88782365
 -22.36369217 -29.11928466 -29.17062276 -14.68138012 -19.3600951 ]
scheduled_ues:  [ 0  1  3  5  6  7  8  9 10 11 12 13 14]
(1, 15, 1, 4, 1, 1)
caused INR: -11.672746343946807
TpsAltruisticFromLsfGain + IndividualEstimated_INR + -12.5
None
ls_gain_coeffs:
[-135.18397438 -135.85297733 -119.01658852 -132.25219555 -116.54166257
 -148.54401227 -125.07073894 -143.07437761 -135.92647157 -137.8775237
 -133.35339221 -140.1089847  -140.1603228  -125.67108016 -130.34979514]
inrs_hat:  [-24.19427434 -24.86327728  -8.02688848 -21.2624955   -5.55196252
 -37.55431223 -14.0810389  -32.08467756 -24.93677153 -26.88782365
 -22.36369217 -29.11928466 -29.17062276 -14.68138012 -19.3600951 ]
scheduled_ues:  [ 0  1  3  5  6  7  8  9 10 11 12 13 14]
(1, 15, 1, 4, 1, 1)
caused INR: -11.672746343946807
TpsAltruisticFromLsfGain + IndividualEstimated_INR + -15.0
None
ls_gain_coeffs:
[-135.18397438 -135.85297733 -119.01658852 -132.25219555 -116.54166257
 -148.54401227 -125.07073894 -143.07437761 -135.92647157 -137.8775237
 -133.35339221 -140.1089847  -140.1603228  -125.67108016 -130.34979514]
inrs_hat:  [-24.19427434 -24.86327728  -8.02688848 -21.2624955   -5.55196252
 -37.55431223 -14.0810389  -32.08467756 -24.93677153 -26.88782365
 -22.36369217 -29.11928466 -29.17062276 -14.68138012 -19.3600951 ]
scheduled_ues:  [ 0  1  3  5  7  8  9 10 11 12 14]
(1, 15, 1, 4, 1, 1)
caused INR: -33.165570369140255
TpsAltruisticFromLsfGain + CumulativeIndividualEstimated_INR + -10.0
None
(1, 15, 1, 4, 1, 1)
caused INR: -13.315675764520742
TpsAltruisticFromLsfGain + CumulativeIndividualEstimated_INR + -12.5
None
(1, 15, 1, 4, 1, 1)
caused INR: -33.165570369140255
TpsAltruisticFromLsfGain + CumulativeIndividualEstimated_INR + -15.0
None
(1, 15, 1, 4, 1, 1)
caused INR: -18.51176419650401
TpsRandomic + IndividualEstimated_INR + -10.0
None
ls_gain_coeffs:
[-121.24622217 -135.85297733 -116.41097847 -117.783561    -98.63455911
 -135.56375804 -114.84799072 -132.12324959 -126.55827913 -124.47659008
 -120.18530947 -132.11189919 -123.17619776 -113.95384788 -117.76263204]
inrs_hat:  [-10.25652213 -24.86327728  -5.42127842  -6.79386096  12.35514094
 -24.574058    -3.85829067 -21.13354954 -15.56857909 -13.48689003
  -9.19560942 -21.12219915 -12.18649771  -2.96414784  -6.772932  ]
scheduled_ues:  [ 0  1  5  7  8  9 11 12]
(1, 15, 1, 4, 1, 1)
caused INR: -10.24707428192334
TpsRandomic + IndividualEstimated_INR + -12.5
None
ls_gain_coeffs:
[-121.24622217 -119.12346985 -119.01658852 -125.18081703 -116.54166257
 -146.92804958 -114.84799072 -132.12324959 -135.92647157 -137.8775237
 -131.17394398 -123.48593934 -123.17619776 -113.95384788 -129.91310584]
inrs_hat:  [-10.25652213  -8.13376981  -8.02688848 -14.19111699  -5.55196252
 -35.93834954  -3.85829067 -21.13354954 -24.93677153 -26.88782365
 -20.18424394 -12.4962393  -12.18649771  -2.96414784 -18.9234058 ]
scheduled_ues:  [ 3  5  7  8  9 10 14]
(1, 15, 1, 4, 1, 1)
caused INR: -15.74530292920871
TpsRandomic + IndividualEstimated_INR + -15.0
None
ls_gain_coeffs:
[-118.6994681  -121.49967456 -116.41097847 -125.18081703 -107.32221479
 -135.56375804 -107.9945134  -143.07437761 -126.55827913 -137.8775237
 -119.45882673 -123.48593934 -128.75280401 -115.67160835 -117.76263204]
inrs_hat:  [ -7.70976806 -10.50997452  -5.42127842 -14.19111699   3.66748526
 -24.574058     2.99518664 -32.08467756 -15.56857909 -26.88782365
  -8.46912668 -12.4962393  -17.76310397  -4.68190831  -6.772932  ]
scheduled_ues:  [ 5  7  8  9 12]
(1, 15, 1, 4, 1, 1)
caused INR: -16.22828975293815
TpsRandomic + CumulativeIndividualEstimated_INR + -10.0
None
(1, 15, 1, 4, 1, 1)
caused INR: -12.982887851444637
TpsRandomic + CumulativeIndividualEstimated_INR + -12.5
None
(1, 15, 1, 4, 1, 1)
caused INR: -14.862013171008506
TpsRandomic + CumulativeIndividualEstimated_INR + -15.0
None
(1, 15, 1, 4, 1, 1)
caused INR: -25.384486113190746
Iteration number 36
TpsAltruisticFromLsfGain + IndividualEstimated_INR + -10.0
None
ls_gain_coeffs:
[-148.00573789 -142.77224418 -135.04954991 -128.81799575 -119.50023071
 -134.89943164 -124.01050392 -140.97410421 -145.6862029  -148.1481831
 -114.57155526 -142.87816481 -126.98042075 -115.86787204 -131.3328477 ]
inrs_hat:  [-37.01603784 -31.78254414 -24.05984987 -17.82829571  -8.51053066
 -23.90973159 -13.02080388 -29.98440417 -34.69650286 -37.15848305
  -3.58185522 -31.88846477 -15.99072071  -4.87817199 -20.34314766]
scheduled_ues:  [ 0  1  2  3  5  6  7  8  9 11 12 14]
(1, 15, 1, 4, 1, 1)
caused INR: -13.14248529274092
TpsAltruisticFromLsfGain + IndividualEstimated_INR + -12.5
None
ls_gain_coeffs:
[-148.00573789 -142.77224418 -135.04954991 -128.81799575 -119.50023071
 -134.89943164 -124.01050392 -140.97410421 -145.6862029  -148.1481831
 -114.57155526 -142.87816481 -126.98042075 -115.86787204 -131.3328477 ]
inrs_hat:  [-37.01603784 -31.78254414 -24.05984987 -17.82829571  -8.51053066
 -23.90973159 -13.02080388 -29.98440417 -34.69650286 -37.15848305
  -3.58185522 -31.88846477 -15.99072071  -4.87817199 -20.34314766]
scheduled_ues:  [ 0  1  2  3  5  6  7  8  9 11 12 14]
(1, 15, 1, 4, 1, 1)
caused INR: -13.14248529274092
TpsAltruisticFromLsfGain + IndividualEstimated_INR + -15.0
None
ls_gain_coeffs:
[-148.00573789 -142.77224418 -135.04954991 -128.81799575 -119.50023071
 -134.89943164 -124.01050392 -140.97410421 -145.6862029  -148.1481831
 -114.57155526 -142.87816481 -126.98042075 -115.86787204 -131.3328477 ]
inrs_hat:  [-37.01603784 -31.78254414 -24.05984987 -17.82829571  -8.51053066
 -23.90973159 -13.02080388 -29.98440417 -34.69650286 -37.15848305
  -3.58185522 -31.88846477 -15.99072071  -4.87817199 -20.34314766]
scheduled_ues:  [ 0  1  2  3  5  7  8  9 11 12 14]
(1, 15, 1, 4, 1, 1)
caused INR: -12.465466169333535
TpsAltruisticFromLsfGain + CumulativeIndividualEstimated_INR + -10.0
None
(1, 15, 1, 4, 1, 1)
caused INR: -12.465466169333535
TpsAltruisticFromLsfGain + CumulativeIndividualEstimated_INR + -12.5
None
(1, 15, 1, 4, 1, 1)
caused INR: -17.843738535825203
TpsAltruisticFromLsfGain + CumulativeIndividualEstimated_INR + -15.0
None
(1, 15, 1, 4, 1, 1)
caused INR: -19.62572998794402
TpsRandomic + IndividualEstimated_INR + -10.0
None
ls_gain_coeffs:
[-135.55785341 -126.62992732 -135.04954991 -128.81799575 -102.70903412
 -121.09142573 -124.01050392 -133.05331037 -129.33954937 -135.12291638
 -112.75865013 -135.44992613 -123.41508141 -100.88386695 -116.62261658]
inrs_hat:  [-24.56815337 -15.64022728 -24.05984987 -17.82829571   8.28066592
 -10.10172568 -13.02080388 -22.06361032 -18.34984933 -24.13321634
  -1.76895009 -24.46022608 -12.42538137  10.1058331   -5.63291653]
scheduled_ues:  [ 0  1  2  3  5  6  7  8  9 11 12]
(1, 15, 1, 4, 1, 1)
caused INR: -3.9971784475015193
TpsRandomic + IndividualEstimated_INR + -12.5
None
ls_gain_coeffs:
[-131.42400867 -142.77224418 -123.56082505 -114.47463876 -119.50023071
 -134.89943164 -113.16486698 -133.05331037 -129.33954937 -135.12291638
 -112.75865013 -129.27942554 -113.35037431 -115.86787204 -131.3328477 ]
inrs_hat:  [-20.43430863 -31.78254414 -12.57112501  -3.48493872  -8.51053066
 -23.90973159  -2.17516693 -22.06361032 -18.34984933 -24.13321634
  -1.76895009 -18.28972549  -2.36067426  -4.87817199 -20.34314766]
scheduled_ues:  [ 0  1  2  5  7  8  9 11 14]
(1, 15, 1, 4, 1, 1)
caused INR: -9.195006113822988
TpsRandomic + IndividualEstimated_INR + -15.0
None
ls_gain_coeffs:
[-131.42400867 -142.77224418 -118.32625625 -128.81799575 -102.70903412
 -119.72501982 -124.01050392 -133.05331037 -139.17698171 -140.58358901
 -114.57155526 -129.27942554 -123.41508141 -115.86787204 -116.62261658]
inrs_hat:  [-20.43430863 -31.78254414  -7.33655621 -17.82829571   8.28066592
  -8.73531977 -13.02080388 -22.06361032 -28.18728167 -29.59388896
  -3.58185522 -18.28972549 -12.42538137  -4.87817199  -5.63291653]
scheduled_ues:  [ 0  1  3  7  8  9 11]
(1, 15, 1, 4, 1, 1)
caused INR: -27.957287476362485
TpsRandomic + CumulativeIndividualEstimated_INR + -10.0
None
(1, 15, 1, 4, 1, 1)
caused INR: -8.117671593370382
TpsRandomic + CumulativeIndividualEstimated_INR + -12.5
None
(1, 15, 1, 4, 1, 1)
caused INR: -15.314701427718092
TpsRandomic + CumulativeIndividualEstimated_INR + -15.0
None
(1, 15, 1, 4, 1, 1)
caused INR: -13.230209080920961
Iteration number 37
TpsAltruisticFromLsfGain + IndividualEstimated_INR + -10.0
None
ls_gain_coeffs:
[-147.43837611 -144.12793031 -142.46707022 -148.99692908 -129.03699276
 -137.5702307  -149.07795421 -132.93971641 -125.26222956 -142.71703021
 -148.41416854 -148.85595397 -133.02560501 -129.589485   -142.78364268]
inrs_hat:  [-36.44867607 -33.13823027 -31.47737018 -38.00722903 -18.04729272
 -26.58053065 -38.08825417 -21.95001637 -14.27252952 -31.72733016
 -37.42446849 -37.86625392 -22.03590496 -18.59978496 -31.79394264]
scheduled_ues:  [ 0  1  2  3  4  5  6  7  8  9 10 11 12 13 14]
(1, 15, 1, 4, 1, 1)
caused INR: -10.804069160332377
TpsAltruisticFromLsfGain + IndividualEstimated_INR + -12.5
None
ls_gain_coeffs:
[-147.43837611 -144.12793031 -142.46707022 -148.99692908 -129.03699276
 -137.5702307  -149.07795421 -132.93971641 -125.26222956 -142.71703021
 -148.41416854 -148.85595397 -133.02560501 -129.589485   -142.78364268]
inrs_hat:  [-36.44867607 -33.13823027 -31.47737018 -38.00722903 -18.04729272
 -26.58053065 -38.08825417 -21.95001637 -14.27252952 -31.72733016
 -37.42446849 -37.86625392 -22.03590496 -18.59978496 -31.79394264]
scheduled_ues:  [ 0  1  2  3  4  5  6  7  8  9 10 11 12 13 14]
(1, 15, 1, 4, 1, 1)
caused INR: -10.804069160332377
TpsAltruisticFromLsfGain + IndividualEstimated_INR + -15.0
None
ls_gain_coeffs:
[-147.43837611 -144.12793031 -142.46707022 -148.99692908 -129.03699276
 -137.5702307  -149.07795421 -132.93971641 -125.26222956 -142.71703021
 -148.41416854 -148.85595397 -133.02560501 -129.589485   -142.78364268]
inrs_hat:  [-36.44867607 -33.13823027 -31.47737018 -38.00722903 -18.04729272
 -26.58053065 -38.08825417 -21.95001637 -14.27252952 -31.72733016
 -37.42446849 -37.86625392 -22.03590496 -18.59978496 -31.79394264]
scheduled_ues:  [ 0  1  2  3  4  5  6  7  9 10 11 12 13 14]
(1, 15, 1, 4, 1, 1)
caused INR: -8.63612732699071
TpsAltruisticFromLsfGain + CumulativeIndividualEstimated_INR + -10.0
None
(1, 15, 1, 4, 1, 1)
caused INR: -10.804069160332377
TpsAltruisticFromLsfGain + CumulativeIndividualEstimated_INR + -12.5
None
(1, 15, 1, 4, 1, 1)
caused INR: -8.63612732699071
TpsAltruisticFromLsfGain + CumulativeIndividualEstimated_INR + -15.0
None
(1, 15, 1, 4, 1, 1)
caused INR: -17.212916943661153
TpsRandomic + IndividualEstimated_INR + -10.0
None
ls_gain_coeffs:
[-140.29653517 -138.08259591 -142.46707022 -148.99692908 -121.57344492
 -137.5702307  -135.38662494 -119.21901825 -125.26222956 -134.75255321
 -135.31581192 -138.80623973 -123.18739995 -129.589485   -130.69270504]
inrs_hat:  [-29.30683513 -27.09289586 -31.47737018 -38.00722903 -10.58374488
 -26.58053065 -24.3969249   -8.22931821 -14.27252952 -23.76285317
 -24.32611187 -27.81653968 -12.1976999  -18.59978496 -19.703005  ]
scheduled_ues:  [ 0  1  2  3  4  5  6  8  9 10 11 12 13 14]
(1, 15, 1, 4, 1, 1)
caused INR: -15.452342855169551
TpsRandomic + IndividualEstimated_INR + -12.5
None
ls_gain_coeffs:
[-134.17912302 -138.08259591 -129.36257676 -136.39784655 -111.62369486
 -122.18335609 -142.88021275 -119.21901825 -108.82440446 -129.53516277
 -135.64419023 -137.44298866 -123.18739995 -113.34336132 -142.78364268]
inrs_hat:  [-23.18942297 -27.09289586 -18.37287672 -25.40814651  -0.63399481
 -11.19365605 -31.89051271  -8.22931821   2.16529559 -18.54546273
 -24.65449018 -26.45328862 -12.1976999   -2.35366128 -31.79394264]
scheduled_ues:  [ 0  1  2  3  6  9 10 11 14]
(1, 15, 1, 4, 1, 1)
caused INR: -11.143540174305326
TpsRandomic + IndividualEstimated_INR + -15.0
None
ls_gain_coeffs:
[-134.17912302 -144.12793031 -142.46707022 -132.36283669 -129.03699276
 -137.5702307  -132.91261885 -132.93971641 -119.00767698 -129.53516277
 -135.64419023 -131.90381419 -123.18739995 -123.84406464 -125.92139598]
inrs_hat:  [-23.18942297 -33.13823027 -31.47737018 -21.37313665 -18.04729272
 -26.58053065 -21.9229188  -21.95001637  -8.01797694 -18.54546273
 -24.65449018 -20.91411415 -12.1976999  -12.8543646  -14.93169594]
scheduled_ues:  [ 0  1  2  3  4  5  6  7  9 10 11]
(1, 15, 1, 4, 1, 1)
caused INR: -6.754211105520524
TpsRandomic + CumulativeIndividualEstimated_INR + -10.0
None
(1, 15, 1, 4, 1, 1)
caused INR: -15.600237873144396
TpsRandomic + CumulativeIndividualEstimated_INR + -12.5
None
(1, 15, 1, 4, 1, 1)
caused INR: -3.972217232935058
TpsRandomic + CumulativeIndividualEstimated_INR + -15.0
None
(1, 15, 1, 4, 1, 1)
caused INR: -14.784947159083027
Iteration number 38
TpsAltruisticFromLsfGain + IndividualEstimated_INR + -10.0
None
ls_gain_coeffs:
[-143.10090426 -121.79826033 -118.23216678 -147.91096673 -145.35569042
 -146.86493936 -128.39860001 -138.21808211 -146.35057634 -147.72655289
 -142.22763817 -102.23711107 -147.33842021 -125.15850684 -125.6721859 ]
inrs_hat:  [-32.11120421 -10.80856029  -7.24246674 -36.92126669 -34.36599038
 -35.87523931 -17.40889997 -27.22838207 -35.36087629 -36.73685285
 -31.23793812   8.75258897 -36.34872017 -14.1688068  -14.68248586]
scheduled_ues:  [ 0  1  3  4  5  6  7  8  9 10 12 13 14]
(1, 15, 1, 4, 1, 1)
caused INR: -8.44053486425286
TpsAltruisticFromLsfGain + IndividualEstimated_INR + -12.5
None
ls_gain_coeffs:
[-143.10090426 -121.79826033 -118.23216678 -147.91096673 -145.35569042
 -146.86493936 -128.39860001 -138.21808211 -146.35057634 -147.72655289
 -142.22763817 -102.23711107 -147.33842021 -125.15850684 -125.6721859 ]
inrs_hat:  [-32.11120421 -10.80856029  -7.24246674 -36.92126669 -34.36599038
 -35.87523931 -17.40889997 -27.22838207 -35.36087629 -36.73685285
 -31.23793812   8.75258897 -36.34872017 -14.1688068  -14.68248586]
scheduled_ues:  [ 0  3  4  5  6  7  8  9 10 12 13 14]
(1, 15, 1, 4, 1, 1)
caused INR: -8.128569542642953
TpsAltruisticFromLsfGain + IndividualEstimated_INR + -15.0
None
ls_gain_coeffs:
[-143.10090426 -121.79826033 -118.23216678 -147.91096673 -145.35569042
 -146.86493936 -128.39860001 -138.21808211 -146.35057634 -147.72655289
 -142.22763817 -102.23711107 -147.33842021 -125.15850684 -125.6721859 ]
inrs_hat:  [-32.11120421 -10.80856029  -7.24246674 -36.92126669 -34.36599038
 -35.87523931 -17.40889997 -27.22838207 -35.36087629 -36.73685285
 -31.23793812   8.75258897 -36.34872017 -14.1688068  -14.68248586]
scheduled_ues:  [ 0  3  4  5  6  7  8  9 10 12]
(1, 15, 1, 4, 1, 1)
caused INR: -13.420294000756364
TpsAltruisticFromLsfGain + CumulativeIndividualEstimated_INR + -10.0
None
(1, 15, 1, 4, 1, 1)
caused INR: -8.128569542642953
TpsAltruisticFromLsfGain + CumulativeIndividualEstimated_INR + -12.5
None
(1, 15, 1, 4, 1, 1)
caused INR: -13.420294000756364
TpsAltruisticFromLsfGain + CumulativeIndividualEstimated_INR + -15.0
None
(1, 15, 1, 4, 1, 1)
caused INR: -13.420294000756364
TpsRandomic + IndividualEstimated_INR + -10.0
None
ls_gain_coeffs:
[-126.01585255 -104.4344466  -118.23216678 -131.45025738 -131.30829918
 -130.53874294 -115.00070104 -127.87258428 -129.66391114 -135.90267545
 -142.22763817  -86.81723236 -137.00609119 -113.26765703 -114.05488106]
inrs_hat:  [-15.02615251   6.55525344  -7.24246674 -20.46055734 -20.31859913
 -19.5490429   -4.01100099 -16.88288423 -18.6742111  -24.9129754
 -31.23793812  24.17246769 -26.01639115  -2.27795699  -3.06518102]
scheduled_ues:  [ 0  3  4  5  7  8  9 10 12]
(1, 15, 1, 4, 1, 1)
caused INR: -30.430756931501172
TpsRandomic + IndividualEstimated_INR + -12.5
None
ls_gain_coeffs:
[-126.01585255 -112.03933275 -106.42758043 -147.91096673 -139.42955551
 -140.36958526 -115.00070104 -126.52019439 -137.55305694 -135.90267545
 -142.22763817  -93.30227493 -137.00609119 -114.73402698 -112.41910278]
inrs_hat:  [-15.02615251  -1.0496327    4.56211961 -36.92126669 -28.43985546
 -29.37988522  -4.01100099 -15.53049435 -26.5633569  -24.9129754
 -31.23793812  17.68742512 -26.01639115  -3.74432693  -1.42940273]
scheduled_ues:  [ 0  3  4  5  7  8  9 10 12]
(1, 15, 1, 4, 1, 1)
caused INR: -14.138743223475409
TpsRandomic + IndividualEstimated_INR + -15.0
None
ls_gain_coeffs:
[-132.63015004 -109.27116046 -101.85570467 -147.91096673 -131.30829918
 -146.86493936 -125.52970308 -126.52019439 -146.35057634 -138.59963405
 -134.97817285  -93.30227493 -137.00609119 -113.26765703 -125.6721859 ]
inrs_hat:  [-21.64044999   1.71853959   9.13399538 -36.92126669 -20.31859913
 -35.87523931 -14.54000303 -15.53049435 -35.36087629 -27.60993401
 -23.98847281  17.68742512 -26.01639115  -2.27795699 -14.68248586]
scheduled_ues:  [ 0  3  4  5  7  8  9 10 12]
(1, 15, 1, 4, 1, 1)
caused INR: -23.313819420767608
TpsRandomic + CumulativeIndividualEstimated_INR + -10.0
None
(1, 15, 1, 4, 1, 1)
caused INR: -12.649882049142436
TpsRandomic + CumulativeIndividualEstimated_INR + -12.5
None
(1, 15, 1, 4, 1, 1)
caused INR: -11.861499751358966
TpsRandomic + CumulativeIndividualEstimated_INR + -15.0
None
(1, 15, 1, 4, 1, 1)
caused INR: -15.389071038483252
Iteration number 39
TpsAltruisticFromLsfGain + IndividualEstimated_INR + -10.0
None
ls_gain_coeffs:
[-135.30825573 -137.92594406 -145.04445098 -143.30262105 -147.87828985
 -148.2758031  -143.01013054 -148.54683643 -124.17179033 -148.03617894
 -137.13393004 -119.91661134 -144.90616415 -141.62142501 -125.3022927 ]
inrs_hat:  [-24.31855569 -26.93624401 -34.05475094 -32.312921   -36.8885898
 -37.28610306 -32.0204305  -37.55713639 -13.18209029 -37.04647889
 -26.14423     -8.9269113  -33.9164641  -30.63172497 -14.31259265]
scheduled_ues:  [ 0  1  2  3  4  5  6  7  8  9 10 12 13 14]
(1, 15, 1, 4, 1, 1)
caused INR: -17.99505990657541
TpsAltruisticFromLsfGain + IndividualEstimated_INR + -12.5
None
ls_gain_coeffs:
[-135.30825573 -137.92594406 -145.04445098 -143.30262105 -147.87828985
 -148.2758031  -143.01013054 -148.54683643 -124.17179033 -148.03617894
 -137.13393004 -119.91661134 -144.90616415 -141.62142501 -125.3022927 ]
inrs_hat:  [-24.31855569 -26.93624401 -34.05475094 -32.312921   -36.8885898
 -37.28610306 -32.0204305  -37.55713639 -13.18209029 -37.04647889
 -26.14423     -8.9269113  -33.9164641  -30.63172497 -14.31259265]
scheduled_ues:  [ 0  1  2  3  4  5  6  7  8  9 10 12 13 14]
(1, 15, 1, 4, 1, 1)
caused INR: -17.99505990657541
TpsAltruisticFromLsfGain + IndividualEstimated_INR + -15.0
None
ls_gain_coeffs:
[-135.30825573 -137.92594406 -145.04445098 -143.30262105 -147.87828985
 -148.2758031  -143.01013054 -148.54683643 -124.17179033 -148.03617894
 -137.13393004 -119.91661134 -144.90616415 -141.62142501 -125.3022927 ]
inrs_hat:  [-24.31855569 -26.93624401 -34.05475094 -32.312921   -36.8885898
 -37.28610306 -32.0204305  -37.55713639 -13.18209029 -37.04647889
 -26.14423     -8.9269113  -33.9164641  -30.63172497 -14.31259265]
scheduled_ues:  [ 0  1  2  3  4  5  6  7  9 10 12 13]
(1, 15, 1, 4, 1, 1)
caused INR: -15.914106972791902
TpsAltruisticFromLsfGain + CumulativeIndividualEstimated_INR + -10.0
None
(1, 15, 1, 4, 1, 1)
caused INR: -17.99505990657541
TpsAltruisticFromLsfGain + CumulativeIndividualEstimated_INR + -12.5
None
(1, 15, 1, 4, 1, 1)
caused INR: -11.91123599583162
TpsAltruisticFromLsfGain + CumulativeIndividualEstimated_INR + -15.0
None
(1, 15, 1, 4, 1, 1)
caused INR: -15.914106972791902
TpsRandomic + IndividualEstimated_INR + -10.0
None
ls_gain_coeffs:
[-135.30825573 -124.67690669 -131.64217637 -130.77705779 -134.46217389
 -132.1160546  -128.71254851 -143.72847157 -119.15928526 -145.79880795
 -137.13393004 -107.33073922 -141.95400887 -141.62142501 -112.84360442]
inrs_hat:  [-24.31855569 -13.68720665 -20.65247632 -19.78735774 -23.47247385
 -21.12635455 -17.72284847 -32.73877153  -8.16958521 -34.80910791
 -26.14423      3.65896083 -30.96430882 -30.63172497  -1.85390438]
scheduled_ues:  [ 0  1  2  3  4  5  6  7  9 10 12 13]
(1, 15, 1, 4, 1, 1)
caused INR: -10.579071746103741
TpsRandomic + IndividualEstimated_INR + -12.5
None
ls_gain_coeffs:
[-122.59925821 -124.67690669 -145.04445098 -130.69309453 -134.46217389
 -142.34187618 -143.01013054 -148.54683643 -108.38852028 -148.03617894
 -137.13393004 -102.4102161  -130.49646063 -127.41824115 -112.84360442]
inrs_hat:  [-11.60955817 -13.68720665 -34.05475094 -19.70339448 -23.47247385
 -31.35217613 -32.0204305  -37.55713639   2.60117976 -37.04647889
 -26.14423      8.57948394 -19.50676058 -16.4285411   -1.85390438]
scheduled_ues:  [ 1  2  3  4  5  6  7  9 10 12 13]
(1, 15, 1, 4, 1, 1)
caused INR: -10.748583302424928
TpsRandomic + IndividualEstimated_INR + -15.0
None
ls_gain_coeffs:
[-122.59925821 -123.86946933 -130.68150175 -143.30262105 -147.87828985
 -142.34187618 -143.01013054 -134.49911481 -110.05935531 -134.84878861
 -135.327907   -107.33073922 -130.49646063 -138.97904921 -112.84360442]
inrs_hat:  [-11.60955817 -12.87976928 -19.69180171 -32.312921   -36.8885898
 -31.35217613 -32.0204305  -23.50941477   0.93034474 -23.85908856
 -24.33820696   3.65896083 -19.50676058 -27.98934917  -1.85390438]
scheduled_ues:  [ 2  3  4  5  6  7  9 10 12 13]
(1, 15, 1, 4, 1, 1)
caused INR: -28.09635433352081
TpsRandomic + CumulativeIndividualEstimated_INR + -10.0
None
(1, 15, 1, 4, 1, 1)
caused INR: -12.95497992858692
TpsRandomic + CumulativeIndividualEstimated_INR + -12.5
None
(1, 15, 1, 4, 1, 1)
caused INR: -16.920718613886198
TpsRandomic + CumulativeIndividualEstimated_INR + -15.0
None
(1, 15, 1, 4, 1, 1)
caused INR: -24.612161879528692
Iteration number 40
TpsAltruisticFromLsfGain + IndividualEstimated_INR + -10.0
None
ls_gain_coeffs:
[-151.83110401 -146.81958376 -137.09027495 -140.32049644 -136.95920758
 -131.26959439 -134.55482272 -147.45881085 -146.49864129 -139.73348171
 -123.07380288 -145.11039878 -146.13397685 -138.26901311 -137.49787573]
inrs_hat:  [-40.84140397 -35.82988371 -26.10057491 -29.3307964  -25.96950753
 -20.27989435 -23.56512268 -36.46911081 -35.50894124 -28.74378167
 -12.08410284 -34.12069874 -35.14427681 -27.27931307 -26.50817568]
scheduled_ues:  [ 0  1  2  3  4  5  6  7  8  9 10 11 12 13 14]
(1, 15, 1, 4, 1, 1)
caused INR: -13.62644220148983
TpsAltruisticFromLsfGain + IndividualEstimated_INR + -12.5
None
ls_gain_coeffs:
[-151.83110401 -146.81958376 -137.09027495 -140.32049644 -136.95920758
 -131.26959439 -134.55482272 -147.45881085 -146.49864129 -139.73348171
 -123.07380288 -145.11039878 -146.13397685 -138.26901311 -137.49787573]
inrs_hat:  [-40.84140397 -35.82988371 -26.10057491 -29.3307964  -25.96950753
 -20.27989435 -23.56512268 -36.46911081 -35.50894124 -28.74378167
 -12.08410284 -34.12069874 -35.14427681 -27.27931307 -26.50817568]
scheduled_ues:  [ 0  1  2  3  4  5  6  7  8  9 11 12 13 14]
(1, 15, 1, 4, 1, 1)
caused INR: -17.976506450351266
TpsAltruisticFromLsfGain + IndividualEstimated_INR + -15.0
None
ls_gain_coeffs:
[-151.83110401 -146.81958376 -137.09027495 -140.32049644 -136.95920758
 -131.26959439 -134.55482272 -147.45881085 -146.49864129 -139.73348171
 -123.07380288 -145.11039878 -146.13397685 -138.26901311 -137.49787573]
inrs_hat:  [-40.84140397 -35.82988371 -26.10057491 -29.3307964  -25.96950753
 -20.27989435 -23.56512268 -36.46911081 -35.50894124 -28.74378167
 -12.08410284 -34.12069874 -35.14427681 -27.27931307 -26.50817568]
scheduled_ues:  [ 0  1  2  3  4  5  6  7  8  9 11 12 13 14]
(1, 15, 1, 4, 1, 1)
caused INR: -17.976506450351266
TpsAltruisticFromLsfGain + CumulativeIndividualEstimated_INR + -10.0
None
(1, 15, 1, 4, 1, 1)
caused INR: -13.62644220148983
TpsAltruisticFromLsfGain + CumulativeIndividualEstimated_INR + -12.5
None
(1, 15, 1, 4, 1, 1)
caused INR: -17.976506450351266
TpsAltruisticFromLsfGain + CumulativeIndividualEstimated_INR + -15.0
None
(1, 15, 1, 4, 1, 1)
caused INR: -17.976506450351266
TpsRandomic + IndividualEstimated_INR + -10.0
None
ls_gain_coeffs:
[-139.65232691 -132.73847109 -120.24804706 -140.32049644 -129.17454926
 -131.26959439 -126.81814551 -134.0819895  -138.53052872 -122.65138424
 -123.07380288 -145.11039878 -134.22598346 -138.26901311 -123.20541073]
inrs_hat:  [-28.66262687 -21.74877105  -9.25834701 -29.3307964  -18.18484922
 -20.27989435 -15.82844547 -23.09228946 -27.54082868 -11.6616842
 -12.08410284 -34.12069874 -23.23628342 -27.27931307 -12.21571069]
scheduled_ues:  [ 0  1  3  4  5  6  7  8  9 10 11 12 13 14]
(1, 15, 1, 4, 1, 1)
caused INR: -12.180263134559674
TpsRandomic + IndividualEstimated_INR + -12.5
None
ls_gain_coeffs:
[-135.2148391  -144.36031476 -120.24804706 -140.32049644 -123.69161198
 -128.8600412  -126.81814551 -140.32711901 -146.49864129 -128.04975519
 -106.1467112  -133.61661576 -129.39042189 -127.66324051 -123.20541073]
inrs_hat:  [-24.22513906 -33.37061471  -9.25834701 -29.3307964  -12.70191193
 -17.87034116 -15.82844547 -29.33741897 -35.50894124 -17.06005515
   4.84298884 -22.62691571 -18.40072185 -16.67354046 -12.21571069]
scheduled_ues:  [ 0  1  3  4  5  6  7  8  9 11 12 13]
(1, 15, 1, 4, 1, 1)
caused INR: -14.05352656223769
TpsRandomic + IndividualEstimated_INR + -15.0
None
ls_gain_coeffs:
[-143.21895129 -144.36031476 -129.51431901 -140.32049644 -123.69161198
 -131.26959439 -126.81814551 -140.32711901 -146.49864129 -128.04975519
 -114.93388584 -133.61661576 -129.39042189 -127.70860129 -123.20541073]
inrs_hat:  [-32.22925124 -33.37061471 -18.52461896 -29.3307964  -12.70191193
 -20.27989435 -15.82844547 -29.33741897 -35.50894124 -17.06005515
  -3.94418579 -22.62691571 -18.40072185 -16.71890125 -12.21571069]
scheduled_ues:  [ 0  1  2  3  5  6  7  8  9 11 12 13]
(1, 15, 1, 4, 1, 1)
caused INR: -10.231654512345985
TpsRandomic + CumulativeIndividualEstimated_INR + -10.0
None
(1, 15, 1, 4, 1, 1)
caused INR: -11.478139379192424
TpsRandomic + CumulativeIndividualEstimated_INR + -12.5
None
(1, 15, 1, 4, 1, 1)
caused INR: -17.828264901776947
TpsRandomic + CumulativeIndividualEstimated_INR + -15.0
None
(1, 15, 1, 4, 1, 1)
caused INR: -17.32408168343154
Iteration number 41
TpsAltruisticFromLsfGain + IndividualEstimated_INR + -10.0
None
ls_gain_coeffs:
[-121.71771002 -130.11956169 -131.80675682 -150.71210898 -135.59360741
 -138.47808695 -130.34171576 -145.54048377 -136.96124221 -125.7187683
 -130.89850706 -142.65360584 -132.68117073 -128.33962061 -143.286381  ]
inrs_hat:  [-10.72800997 -19.12986165 -20.81705678 -39.72240894 -24.60390737
 -27.48838691 -19.35201572 -34.55078372 -25.97154217 -14.72906826
 -19.90880702 -31.6639058  -21.69147068 -17.34992057 -32.29668095]
scheduled_ues:  [ 0  1  2  3  4  5  6  7  8  9 10 11 12 13 14]
(1, 15, 1, 4, 1, 1)
caused INR: -6.331206368315464
TpsAltruisticFromLsfGain + IndividualEstimated_INR + -12.5
None
ls_gain_coeffs:
[-121.71771002 -130.11956169 -131.80675682 -150.71210898 -135.59360741
 -138.47808695 -130.34171576 -145.54048377 -136.96124221 -125.7187683
 -130.89850706 -142.65360584 -132.68117073 -128.33962061 -143.286381  ]
inrs_hat:  [-10.72800997 -19.12986165 -20.81705678 -39.72240894 -24.60390737
 -27.48838691 -19.35201572 -34.55078372 -25.97154217 -14.72906826
 -19.90880702 -31.6639058  -21.69147068 -17.34992057 -32.29668095]
scheduled_ues:  [ 1  2  3  4  5  6  7  8  9 10 11 12 13 14]
(1, 15, 1, 4, 1, 1)
caused INR: -12.587871406985148
TpsAltruisticFromLsfGain + IndividualEstimated_INR + -15.0
None
ls_gain_coeffs:
[-121.71771002 -130.11956169 -131.80675682 -150.71210898 -135.59360741
 -138.47808695 -130.34171576 -145.54048377 -136.96124221 -125.7187683
 -130.89850706 -142.65360584 -132.68117073 -128.33962061 -143.286381  ]
inrs_hat:  [-10.72800997 -19.12986165 -20.81705678 -39.72240894 -24.60390737
 -27.48838691 -19.35201572 -34.55078372 -25.97154217 -14.72906826
 -19.90880702 -31.6639058  -21.69147068 -17.34992057 -32.29668095]
scheduled_ues:  [ 1  2  3  4  5  6  7  8 10 11 12 13 14]
(1, 15, 1, 4, 1, 1)
caused INR: -16.50312219138594
TpsAltruisticFromLsfGain + CumulativeIndividualEstimated_INR + -10.0
None
(1, 15, 1, 4, 1, 1)
caused INR: -16.50312219138594
TpsAltruisticFromLsfGain + CumulativeIndividualEstimated_INR + -12.5
None
(1, 15, 1, 4, 1, 1)
caused INR: -23.548014953632098
TpsAltruisticFromLsfGain + CumulativeIndividualEstimated_INR + -15.0
None
(1, 15, 1, 4, 1, 1)
caused INR: -15.106052440128456
TpsRandomic + IndividualEstimated_INR + -10.0
None
ls_gain_coeffs:
[-121.71771002 -118.29285724 -117.43585733 -137.55240288 -118.64583335
 -128.37070455 -116.13691742 -142.56988417 -124.8932499  -125.7187683
 -130.89850706 -135.31116013 -132.68117073 -112.86425168 -126.49246666]
inrs_hat:  [-10.72800997  -7.30315719  -6.44615729 -26.56270283  -7.6561333
 -17.3810045   -5.14721737 -31.58018412 -13.90354986 -14.72906826
 -19.90880702 -24.32146009 -21.69147068  -1.87455163 -15.50276662]
scheduled_ues:  [ 0  3  5  7  8  9 10 11 12 14]
(1, 15, 1, 4, 1, 1)
caused INR: -17.979490627040274
TpsRandomic + IndividualEstimated_INR + -12.5
None
ls_gain_coeffs:
[-117.92732563 -118.29285724 -131.80675682 -134.2661205  -127.81238179
 -138.47808695 -124.81313213 -142.56988417 -136.96124221 -111.57397495
 -125.16037681 -126.04208512 -132.26582116 -112.86425168 -131.51900997]
inrs_hat:  [ -6.93762559  -7.30315719 -20.81705678 -23.27642046 -16.82268174
 -27.48838691 -13.82343208 -31.58018412 -25.97154217  -0.58427491
 -14.17067677 -15.05238508 -21.27612112  -1.87455163 -20.52930993]
scheduled_ues:  [ 2  3  4  5  6  7  8 10 11 12 14]
(1, 15, 1, 4, 1, 1)
caused INR: -10.704642225359295
TpsRandomic + IndividualEstimated_INR + -15.0
None
ls_gain_coeffs:
[-106.74918709 -120.70885523 -115.06354206 -134.2661205  -121.92088491
 -138.47808695 -116.13691742 -145.54048377 -128.02660746 -111.57397495
 -130.89850706 -126.04208512 -119.96267101 -114.38113614 -126.49246666]
inrs_hat:  [  4.24051295  -9.71915519  -4.07384202 -23.27642046 -10.93118486
 -27.48838691  -5.14721737 -34.55078372 -17.03690742  -0.58427491
 -19.90880702 -15.05238508  -8.97297097  -3.3914361  -15.50276662]
scheduled_ues:  [ 3  5  7  8 10 11 14]
(1, 15, 1, 4, 1, 1)
caused INR: -9.329458371845377
TpsRandomic + CumulativeIndividualEstimated_INR + -10.0
None
(1, 15, 1, 4, 1, 1)
caused INR: -16.550546962643693
TpsRandomic + CumulativeIndividualEstimated_INR + -12.5
None
(1, 15, 1, 4, 1, 1)
caused INR: -18.55032887751641
TpsRandomic + CumulativeIndividualEstimated_INR + -15.0
None
(1, 15, 1, 4, 1, 1)
caused INR: -11.742883030709754
Iteration number 42
TpsAltruisticFromLsfGain + IndividualEstimated_INR + -10.0
None
ls_gain_coeffs:
[-133.32346253 -133.67551871 -132.10002472 -141.33697589 -129.26101307
 -132.389357   -150.43857538 -136.28489072 -142.50947755 -134.94968856
 -143.272804   -139.14442869 -142.57731603 -137.72757733 -131.5243738 ]
inrs_hat:  [-22.33376248 -22.68581867 -21.11032467 -30.34727585 -18.27131303
 -21.39965696 -39.44887534 -25.29519068 -31.5197775  -23.95998852
 -32.28310395 -28.15472865 -31.58761599 -26.73787728 -20.53467375]
scheduled_ues:  [ 0  1  2  3  4  5  6  7  8  9 10 11 12 13 14]
(1, 15, 1, 4, 1, 1)
caused INR: -9.292834398968848
TpsAltruisticFromLsfGain + IndividualEstimated_INR + -12.5
None
ls_gain_coeffs:
[-133.32346253 -133.67551871 -132.10002472 -141.33697589 -129.26101307
 -132.389357   -150.43857538 -136.28489072 -142.50947755 -134.94968856
 -143.272804   -139.14442869 -142.57731603 -137.72757733 -131.5243738 ]
inrs_hat:  [-22.33376248 -22.68581867 -21.11032467 -30.34727585 -18.27131303
 -21.39965696 -39.44887534 -25.29519068 -31.5197775  -23.95998852
 -32.28310395 -28.15472865 -31.58761599 -26.73787728 -20.53467375]
scheduled_ues:  [ 0  1  2  3  4  5  6  7  8  9 10 11 12 13 14]
(1, 15, 1, 4, 1, 1)
caused INR: -9.292834398968848
TpsAltruisticFromLsfGain + IndividualEstimated_INR + -15.0
None
ls_gain_coeffs:
[-133.32346253 -133.67551871 -132.10002472 -141.33697589 -129.26101307
 -132.389357   -150.43857538 -136.28489072 -142.50947755 -134.94968856
 -143.272804   -139.14442869 -142.57731603 -137.72757733 -131.5243738 ]
inrs_hat:  [-22.33376248 -22.68581867 -21.11032467 -30.34727585 -18.27131303
 -21.39965696 -39.44887534 -25.29519068 -31.5197775  -23.95998852
 -32.28310395 -28.15472865 -31.58761599 -26.73787728 -20.53467375]
scheduled_ues:  [ 0  1  2  3  4  5  6  7  8  9 10 11 12 13 14]
(1, 15, 1, 4, 1, 1)
caused INR: -9.292834398968848
TpsAltruisticFromLsfGain + CumulativeIndividualEstimated_INR + -10.0
None
(1, 15, 1, 4, 1, 1)
caused INR: -9.292834398968848
TpsAltruisticFromLsfGain + CumulativeIndividualEstimated_INR + -12.5
None
(1, 15, 1, 4, 1, 1)
caused INR: -7.4163579344088015
TpsAltruisticFromLsfGain + CumulativeIndividualEstimated_INR + -15.0
None
(1, 15, 1, 4, 1, 1)
caused INR: -10.353955582199077
TpsRandomic + IndividualEstimated_INR + -10.0
None
ls_gain_coeffs:
[-133.32346253 -120.11809362 -118.69530903 -130.63780818 -115.44901733
 -117.89172697 -141.85628189 -122.32867517 -126.29135751 -121.42907594
 -136.42797622 -139.14442869 -126.66663857 -121.02747965 -114.07741051]
inrs_hat:  [-22.33376248  -9.12839358  -7.70560898 -19.64810814  -4.45931728
  -6.90202693 -30.86658185 -11.33897513 -15.30165747 -10.4393759
 -25.43827618 -28.15472865 -15.67693853 -10.0377796   -3.08771047]
scheduled_ues:  [ 0  3  6  7  8  9 10 11 12 13]
(1, 15, 1, 4, 1, 1)
caused INR: -0.07202907264058014
TpsRandomic + IndividualEstimated_INR + -12.5
None
ls_gain_coeffs:
[-117.75627551 -120.11809362 -118.69530903 -124.41779802 -129.26101307
 -117.89172697 -150.43857538 -120.81405962 -126.29135751 -131.7126507
 -143.272804   -128.52651709 -128.50025261 -121.02747965 -114.07741051]
inrs_hat:  [ -6.76657547  -9.12839358  -7.70560898 -13.42809798 -18.27131303
  -6.90202693 -39.44887534  -9.82435958 -15.30165747 -20.72295065
 -32.28310395 -17.53681704 -17.51055256 -10.0377796   -3.08771047]
scheduled_ues:  [ 3  4  6  8  9 10 11 12]
(1, 15, 1, 4, 1, 1)
caused INR: -14.960942353492836
TpsRandomic + IndividualEstimated_INR + -15.0
None
ls_gain_coeffs:
[-128.635082   -119.00226853 -118.69530903 -130.63780818 -115.44901733
 -126.2212669  -138.17177893 -136.28489072 -142.50947755 -131.7126507
 -126.76060387 -128.52651709 -126.66663857 -129.90502241 -131.5243738 ]
inrs_hat:  [-17.64538196  -8.01256848  -7.70560898 -19.64810814  -4.45931728
 -15.23156686 -27.18207889 -25.29519068 -31.5197775  -20.72295065
 -15.77090383 -17.53681704 -15.67693853 -18.91532237 -20.53467375]
scheduled_ues:  [ 0  3  5  6  7  8  9 10 11 12 13 14]
(1, 15, 1, 4, 1, 1)
caused INR: -17.73391505887215
TpsRandomic + CumulativeIndividualEstimated_INR + -10.0
None
(1, 15, 1, 4, 1, 1)
caused INR: -17.393038075392624
TpsRandomic + CumulativeIndividualEstimated_INR + -12.5
None
(1, 15, 1, 4, 1, 1)
caused INR: -16.38609442183144
TpsRandomic + CumulativeIndividualEstimated_INR + -15.0
None
(1, 15, 1, 4, 1, 1)
caused INR: -20.56536085273004
Iteration number 43
TpsAltruisticFromLsfGain + IndividualEstimated_INR + -10.0
None
ls_gain_coeffs:
[-117.31341376 -152.60502135 -147.7376226  -142.63725257 -117.70002699
 -140.10969824 -146.46188215 -148.96386461 -130.17440679 -138.90892863
 -137.57395066 -126.93384773 -126.97223305 -123.04851113 -153.61559862]
inrs_hat:  [ -6.32371372 -41.6153213  -36.74792256 -31.64755252  -6.71032695
 -29.1199982  -35.4721821  -37.97416456 -19.18470675 -27.91922858
 -26.58425061 -15.94414768 -15.982533   -12.05881108 -42.62589858]
scheduled_ues:  [ 1  2  3  5  6  7  8  9 10 11 12 13 14]
(1, 15, 1, 4, 1, 1)
caused INR: -16.612428015057837
TpsAltruisticFromLsfGain + IndividualEstimated_INR + -12.5
None
ls_gain_coeffs:
[-117.31341376 -152.60502135 -147.7376226  -142.63725257 -117.70002699
 -140.10969824 -146.46188215 -148.96386461 -130.17440679 -138.90892863
 -137.57395066 -126.93384773 -126.97223305 -123.04851113 -153.61559862]
inrs_hat:  [ -6.32371372 -41.6153213  -36.74792256 -31.64755252  -6.71032695
 -29.1199982  -35.4721821  -37.97416456 -19.18470675 -27.91922858
 -26.58425061 -15.94414768 -15.982533   -12.05881108 -42.62589858]
scheduled_ues:  [ 1  2  3  5  6  7  8  9 10 11 12 14]
(1, 15, 1, 4, 1, 1)
caused INR: -13.806085488098795
TpsAltruisticFromLsfGain + IndividualEstimated_INR + -15.0
None
ls_gain_coeffs:
[-117.31341376 -152.60502135 -147.7376226  -142.63725257 -117.70002699
 -140.10969824 -146.46188215 -148.96386461 -130.17440679 -138.90892863
 -137.57395066 -126.93384773 -126.97223305 -123.04851113 -153.61559862]
inrs_hat:  [ -6.32371372 -41.6153213  -36.74792256 -31.64755252  -6.71032695
 -29.1199982  -35.4721821  -37.97416456 -19.18470675 -27.91922858
 -26.58425061 -15.94414768 -15.982533   -12.05881108 -42.62589858]
scheduled_ues:  [ 1  2  3  5  6  7  8  9 10 11 12 14]
(1, 15, 1, 4, 1, 1)
caused INR: -13.806085488098795
TpsAltruisticFromLsfGain + CumulativeIndividualEstimated_INR + -10.0
None
(1, 15, 1, 4, 1, 1)
caused INR: -13.806085488098795
TpsAltruisticFromLsfGain + CumulativeIndividualEstimated_INR + -12.5
None
(1, 15, 1, 4, 1, 1)
caused INR: -13.30681398844514
TpsAltruisticFromLsfGain + CumulativeIndividualEstimated_INR + -15.0
None
(1, 15, 1, 4, 1, 1)
caused INR: -18.15673635112258
TpsRandomic + IndividualEstimated_INR + -10.0
None
ls_gain_coeffs:
[-102.64047594 -142.41863059 -140.26772352 -142.63725257 -103.84150716
 -123.15357113 -137.78773348 -141.80871205 -130.17440679 -125.69682683
 -135.68759111 -109.8910425  -126.97223305 -104.17259401 -141.07353489]
inrs_hat:  [  8.3492241  -31.42893054 -29.27802348 -31.64755252   7.14819288
 -12.16387109 -26.79803343 -30.819012   -19.18470675 -14.70712679
 -24.69789106   1.09865754 -15.982533     6.81710603 -30.08383484]
scheduled_ues:  [ 1  2  3  5  6  7  8  9 10 12 14]
(1, 15, 1, 4, 1, 1)
caused INR: -21.035779614123264
TpsRandomic + IndividualEstimated_INR + -12.5
None
ls_gain_coeffs:
[ -96.64823192 -135.86063754 -140.26772352 -125.98435482 -117.70002699
 -140.10969824 -134.20180473 -148.96386461 -130.17440679 -131.77343351
 -137.57395066 -116.37985875 -126.97223305 -104.17259401 -141.07353489]
inrs_hat:  [ 14.34146812 -24.8709375  -29.27802348 -14.99465478  -6.71032695
 -29.1199982  -23.21210468 -37.97416456 -19.18470675 -20.78373347
 -26.58425061  -5.39015871 -15.982533     6.81710603 -30.08383484]
scheduled_ues:  [ 1  2  3  5  6  7  8  9 10 12 14]
(1, 15, 1, 4, 1, 1)
caused INR: -11.225279457675413
TpsRandomic + IndividualEstimated_INR + -15.0
None
ls_gain_coeffs:
[-102.64047594 -152.60502135 -140.26772352 -125.98435482 -103.84150716
 -123.15357113 -129.7739691  -132.61643083 -113.42601041 -125.69682683
 -137.57395066 -116.37985875 -117.72391519 -123.04851113 -141.07353489]
inrs_hat:  [  8.3492241  -41.6153213  -29.27802348 -14.99465478   7.14819288
 -12.16387109 -18.78426906 -21.62673079  -2.43631036 -14.70712679
 -26.58425061  -5.39015871  -6.73421515 -12.05881108 -30.08383484]
scheduled_ues:  [ 1  2  6  7 10 14]
(1, 15, 1, 4, 1, 1)
caused INR: -29.245140367430615
TpsRandomic + CumulativeIndividualEstimated_INR + -10.0
None
(1, 15, 1, 4, 1, 1)
caused INR: -19.67762558334104
TpsRandomic + CumulativeIndividualEstimated_INR + -12.5
None
(1, 15, 1, 4, 1, 1)
caused INR: -24.352604718373406
TpsRandomic + CumulativeIndividualEstimated_INR + -15.0
None
(1, 15, 1, 4, 1, 1)
caused INR: -15.574653193304469
Iteration number 44
TpsAltruisticFromLsfGain + IndividualEstimated_INR + -10.0
None
ls_gain_coeffs:
[-138.19702323 -135.82118668 -136.59172488 -136.8761132  -118.49899096
 -127.17322695 -128.69202132 -145.25613105 -128.81545699 -134.2043602
 -132.93627686 -152.58095579 -134.7708238  -130.48993956 -134.78222511]
inrs_hat:  [-27.20732318 -24.83148663 -25.60202484 -25.88641315  -7.50929092
 -16.18352691 -17.70232127 -34.26643101 -17.82575694 -23.21466016
 -21.94657682 -41.59125574 -23.78112375 -19.50023952 -23.79252507]
scheduled_ues:  [ 0  1  2  3  5  6  7  8  9 10 11 12 13 14]
(1, 15, 1, 4, 1, 1)
caused INR: -9.183124600643339
TpsAltruisticFromLsfGain + IndividualEstimated_INR + -12.5
None
ls_gain_coeffs:
[-138.19702323 -135.82118668 -136.59172488 -136.8761132  -118.49899096
 -127.17322695 -128.69202132 -145.25613105 -128.81545699 -134.2043602
 -132.93627686 -152.58095579 -134.7708238  -130.48993956 -134.78222511]
inrs_hat:  [-27.20732318 -24.83148663 -25.60202484 -25.88641315  -7.50929092
 -16.18352691 -17.70232127 -34.26643101 -17.82575694 -23.21466016
 -21.94657682 -41.59125574 -23.78112375 -19.50023952 -23.79252507]
scheduled_ues:  [ 0  1  2  3  5  6  7  8  9 10 11 12 13 14]
(1, 15, 1, 4, 1, 1)
caused INR: -9.183124600643339
TpsAltruisticFromLsfGain + IndividualEstimated_INR + -15.0
None
ls_gain_coeffs:
[-138.19702323 -135.82118668 -136.59172488 -136.8761132  -118.49899096
 -127.17322695 -128.69202132 -145.25613105 -128.81545699 -134.2043602
 -132.93627686 -152.58095579 -134.7708238  -130.48993956 -134.78222511]
inrs_hat:  [-27.20732318 -24.83148663 -25.60202484 -25.88641315  -7.50929092
 -16.18352691 -17.70232127 -34.26643101 -17.82575694 -23.21466016
 -21.94657682 -41.59125574 -23.78112375 -19.50023952 -23.79252507]
scheduled_ues:  [ 0  1  2  3  5  6  7  8  9 10 11 12 13 14]
(1, 15, 1, 4, 1, 1)
caused INR: -9.183124600643339
TpsAltruisticFromLsfGain + CumulativeIndividualEstimated_INR + -10.0
None
(1, 15, 1, 4, 1, 1)
caused INR: -9.183124600643339
TpsAltruisticFromLsfGain + CumulativeIndividualEstimated_INR + -12.5
None
(1, 15, 1, 4, 1, 1)
caused INR: -15.215649078238034
TpsAltruisticFromLsfGain + CumulativeIndividualEstimated_INR + -15.0
None
(1, 15, 1, 4, 1, 1)
caused INR: -17.619046167933202
TpsRandomic + IndividualEstimated_INR + -10.0
None
ls_gain_coeffs:
[-138.19702323 -135.82118668 -128.76018194 -119.55763903 -101.9679623
 -112.9441359  -117.80365224 -131.88049565 -127.66171526 -134.2043602
 -116.44498843 -142.55533274 -117.98390265 -116.75111053 -127.1564939 ]
inrs_hat:  [-27.20732318 -24.83148663 -17.7704819   -8.56793899   9.02173774
  -1.95443586  -6.8139522  -20.8907956  -16.67201521 -23.21466016
  -5.45528839 -31.5656327   -6.9942026   -5.76141049 -16.16679386]
scheduled_ues:  [ 0  1  2  7  8  9 11 14]
(1, 15, 1, 4, 1, 1)
caused INR: -19.169459518960945
TpsRandomic + IndividualEstimated_INR + -12.5
None
ls_gain_coeffs:
[-138.19702323 -135.82118668 -128.76018194 -136.8761132  -101.9679623
 -127.17322695 -117.80365224 -142.45402484 -115.60469583 -134.2043602
 -125.74549104 -135.8551893  -117.98390265 -116.75111053 -117.8726244 ]
inrs_hat:  [-27.20732318 -24.83148663 -17.7704819  -25.88641315   9.02173774
 -16.18352691  -6.8139522  -31.46432479  -4.61499579 -23.21466016
 -14.755791   -24.86548926  -6.9942026   -5.76141049  -6.88292436]
scheduled_ues:  [ 0  1  2  3  5  7  9 10 11]
(1, 15, 1, 4, 1, 1)
caused INR: -12.691513663842562
TpsRandomic + IndividualEstimated_INR + -15.0
None
ls_gain_coeffs:
[-138.19702323 -122.29064255 -128.76018194 -136.8761132  -101.9679623
 -112.9441359  -111.77196613 -131.88049565 -128.81545699 -123.89860489
 -116.44498843 -152.58095579 -134.7708238  -113.99969826 -127.1564939 ]
inrs_hat:  [-27.20732318 -11.30094251 -17.7704819  -25.88641315   9.02173774
  -1.95443586  -0.78226609 -20.8907956  -17.82575694 -12.90890485
  -5.45528839 -41.59125574 -23.78112375  -3.00999822 -16.16679386]
scheduled_ues:  [ 0  2  3  7  8 11 12 14]
(1, 15, 1, 4, 1, 1)
caused INR: -21.43632948723845
TpsRandomic + CumulativeIndividualEstimated_INR + -10.0
None
(1, 15, 1, 4, 1, 1)
caused INR: -12.622010825852435
TpsRandomic + CumulativeIndividualEstimated_INR + -12.5
None
(1, 15, 1, 4, 1, 1)
caused INR: -9.754983796844622
TpsRandomic + CumulativeIndividualEstimated_INR + -15.0
None
(1, 15, 1, 4, 1, 1)
caused INR: -28.047822373993
Iteration number 45
TpsAltruisticFromLsfGain + IndividualEstimated_INR + -10.0
None
ls_gain_coeffs:
[-144.6353974  -149.3846372  -131.65490331 -146.45196644 -134.1402674
 -148.75450465 -150.36802916 -147.85052593 -139.96956701 -133.68405111
 -133.96761981 -126.65881643 -134.7626473  -141.83713282 -124.93352787]
inrs_hat:  [-33.64569736 -38.39493716 -20.66520326 -35.4622664  -23.15056736
 -37.76480461 -39.37832912 -36.86082588 -28.97986696 -22.69435106
 -22.97791977 -15.66911639 -23.77294726 -30.84743278 -13.94382783]
scheduled_ues:  [ 0  1  2  3  4  5  6  7  8  9 10 11 12 13 14]
(1, 15, 1, 4, 1, 1)
caused INR: -11.774058971766976
TpsAltruisticFromLsfGain + IndividualEstimated_INR + -12.5
None
ls_gain_coeffs:
[-144.6353974  -149.3846372  -131.65490331 -146.45196644 -134.1402674
 -148.75450465 -150.36802916 -147.85052593 -139.96956701 -133.68405111
 -133.96761981 -126.65881643 -134.7626473  -141.83713282 -124.93352787]
inrs_hat:  [-33.64569736 -38.39493716 -20.66520326 -35.4622664  -23.15056736
 -37.76480461 -39.37832912 -36.86082588 -28.97986696 -22.69435106
 -22.97791977 -15.66911639 -23.77294726 -30.84743278 -13.94382783]
scheduled_ues:  [ 0  1  2  3  4  5  6  7  8  9 10 11 12 13 14]
(1, 15, 1, 4, 1, 1)
caused INR: -11.774058971766976
TpsAltruisticFromLsfGain + IndividualEstimated_INR + -15.0
None
ls_gain_coeffs:
[-144.6353974  -149.3846372  -131.65490331 -146.45196644 -134.1402674
 -148.75450465 -150.36802916 -147.85052593 -139.96956701 -133.68405111
 -133.96761981 -126.65881643 -134.7626473  -141.83713282 -124.93352787]
inrs_hat:  [-33.64569736 -38.39493716 -20.66520326 -35.4622664  -23.15056736
 -37.76480461 -39.37832912 -36.86082588 -28.97986696 -22.69435106
 -22.97791977 -15.66911639 -23.77294726 -30.84743278 -13.94382783]
scheduled_ues:  [ 0  1  2  3  4  5  6  7  8  9 10 11 12 13]
(1, 15, 1, 4, 1, 1)
caused INR: -12.98660507268314
TpsAltruisticFromLsfGain + CumulativeIndividualEstimated_INR + -10.0
None
(1, 15, 1, 4, 1, 1)
caused INR: -11.774058971766976
TpsAltruisticFromLsfGain + CumulativeIndividualEstimated_INR + -12.5
None
(1, 15, 1, 4, 1, 1)
caused INR: -12.257222689194391
TpsAltruisticFromLsfGain + CumulativeIndividualEstimated_INR + -15.0
None
(1, 15, 1, 4, 1, 1)
caused INR: -12.257222689194391
TpsRandomic + IndividualEstimated_INR + -10.0
None
ls_gain_coeffs:
[-144.6353974  -149.3846372  -131.65490331 -129.61435652 -121.9382725
 -143.09200874 -142.68407784 -136.50193983 -123.04154368 -121.20951612
 -119.88757737 -109.72531751 -117.90702117 -129.19570318 -112.14559553]
inrs_hat:  [-33.64569736 -38.39493716 -20.66520326 -18.62465648 -10.94857246
 -32.10230869 -31.69437779 -25.51223979 -12.05184364 -10.21981607
  -8.89787733   1.26438253  -6.91732112 -18.20600313  -1.15589549]
scheduled_ues:  [ 0  1  2  3  4  5  6  7  8  9 13]
(1, 15, 1, 4, 1, 1)
caused INR: -8.316365989780614
TpsRandomic + IndividualEstimated_INR + -12.5
None
ls_gain_coeffs:
[-128.51863716 -135.59083029 -129.01211671 -134.7437154  -121.9382725
 -143.09200874 -133.78561038 -147.85052593 -132.19399215 -121.20951612
 -119.88757737 -117.35995592 -124.76826187 -124.93672248 -124.93352787]
inrs_hat:  [-17.52893712 -24.60113025 -18.02241666 -23.75401536 -10.94857246
 -32.10230869 -22.79591034 -36.86082588 -21.2042921  -10.21981607
  -8.89787733  -6.37025588 -13.77856183 -13.94702244 -13.94382783]
scheduled_ues:  [ 0  1  2  3  5  6  7  8 12 13 14]
(1, 15, 1, 4, 1, 1)
caused INR: -10.702134667304104
TpsRandomic + IndividualEstimated_INR + -15.0
None
ls_gain_coeffs:
[-144.6353974  -143.3511864  -118.33237444 -146.45196644 -124.41842264
 -148.75450465 -133.78561038 -147.85052593 -126.33069522 -121.22598361
 -116.8324349  -117.35995592 -124.76826187 -129.19570318 -112.14559553]
inrs_hat:  [-33.64569736 -32.36148635  -7.3426744  -35.4622664  -13.4287226
 -37.76480461 -22.79591034 -36.86082588 -15.34099517 -10.23628357
  -5.84273486  -6.37025588 -13.77856183 -18.20600313  -1.15589549]
scheduled_ues:  [ 0  1  3  5  6  7  8 13]
(1, 15, 1, 4, 1, 1)
caused INR: -12.648897013741223
TpsRandomic + CumulativeIndividualEstimated_INR + -10.0
None
(1, 15, 1, 4, 1, 1)
caused INR: -7.66406853559927
TpsRandomic + CumulativeIndividualEstimated_INR + -12.5
None
(1, 15, 1, 4, 1, 1)
caused INR: -12.676941660619445
TpsRandomic + CumulativeIndividualEstimated_INR + -15.0
None
(1, 15, 1, 4, 1, 1)
caused INR: -21.3382268068029
Iteration number 46
TpsAltruisticFromLsfGain + IndividualEstimated_INR + -10.0
None
ls_gain_coeffs:
[-138.22824005 -147.26719599 -148.50895536 -147.30278384 -131.98690277
 -129.92683356 -134.42954395 -149.27070474 -141.13663783 -142.11076654
 -144.56384453 -148.35952988 -121.00647853 -145.17397614 -132.20555035]
inrs_hat:  [-27.23854    -36.27749595 -37.51925532 -36.31308379 -20.99720272
 -18.93713351 -23.43984391 -38.28100469 -30.14693779 -31.1210665
 -33.57414449 -37.36982983 -10.01677849 -34.18427609 -21.2158503 ]
scheduled_ues:  [ 0  1  2  3  4  5  6  7  8  9 10 11 12 13 14]
(1, 15, 1, 4, 1, 1)
caused INR: -14.363691009779496
TpsAltruisticFromLsfGain + IndividualEstimated_INR + -12.5
None
ls_gain_coeffs:
[-138.22824005 -147.26719599 -148.50895536 -147.30278384 -131.98690277
 -129.92683356 -134.42954395 -149.27070474 -141.13663783 -142.11076654
 -144.56384453 -148.35952988 -121.00647853 -145.17397614 -132.20555035]
inrs_hat:  [-27.23854    -36.27749595 -37.51925532 -36.31308379 -20.99720272
 -18.93713351 -23.43984391 -38.28100469 -30.14693779 -31.1210665
 -33.57414449 -37.36982983 -10.01677849 -34.18427609 -21.2158503 ]
scheduled_ues:  [ 0  1  2  3  4  5  6  7  8  9 10 11 13 14]
(1, 15, 1, 4, 1, 1)
caused INR: -14.465216710401656
TpsAltruisticFromLsfGain + IndividualEstimated_INR + -15.0
None
ls_gain_coeffs:
[-138.22824005 -147.26719599 -148.50895536 -147.30278384 -131.98690277
 -129.92683356 -134.42954395 -149.27070474 -141.13663783 -142.11076654
 -144.56384453 -148.35952988 -121.00647853 -145.17397614 -132.20555035]
inrs_hat:  [-27.23854    -36.27749595 -37.51925532 -36.31308379 -20.99720272
 -18.93713351 -23.43984391 -38.28100469 -30.14693779 -31.1210665
 -33.57414449 -37.36982983 -10.01677849 -34.18427609 -21.2158503 ]
scheduled_ues:  [ 0  1  2  3  4  5  6  7  8  9 10 11 13 14]
(1, 15, 1, 4, 1, 1)
caused INR: -14.465216710401656
TpsAltruisticFromLsfGain + CumulativeIndividualEstimated_INR + -10.0
None
(1, 15, 1, 4, 1, 1)
caused INR: -14.465216710401656
TpsAltruisticFromLsfGain + CumulativeIndividualEstimated_INR + -12.5
None
(1, 15, 1, 4, 1, 1)
caused INR: -14.465216710401656
TpsAltruisticFromLsfGain + CumulativeIndividualEstimated_INR + -15.0
None
(1, 15, 1, 4, 1, 1)
caused INR: -20.82007943330509
TpsRandomic + IndividualEstimated_INR + -10.0
None
ls_gain_coeffs:
[-121.81129742 -130.6953126  -131.78603868 -133.08812479 -123.95198239
 -129.92683356 -127.65773162 -140.59951885 -124.47584342 -142.11076654
 -131.45641545 -142.3812565  -121.00647853 -128.52380786 -121.21443987]
inrs_hat:  [-10.82159737 -19.70561256 -20.79633863 -22.09842474 -12.96228235
 -18.93713351 -16.66803158 -29.60981881 -13.48614338 -31.1210665
 -20.46671541 -31.39155645 -10.01677849 -17.53410782 -10.22473983]
scheduled_ues:  [ 0  1  2  3  4  5  6  7  8  9 10 11 12 13 14]
(1, 15, 1, 4, 1, 1)
caused INR: -1.6723975585841588
TpsRandomic + IndividualEstimated_INR + -12.5
None
ls_gain_coeffs:
[-121.81129742 -134.56998197 -137.41044203 -147.30278384 -118.17189839
 -129.92683356 -134.42954395 -140.59951885 -141.13663783 -129.58407951
 -144.56384453 -134.50450449 -112.73549945 -145.17397614 -120.04471253]
inrs_hat:  [-10.82159737 -23.58028193 -26.42074198 -36.31308379  -7.18219835
 -18.93713351 -23.43984391 -29.60981881 -30.14693779 -18.59437947
 -33.57414449 -23.51480444  -1.7457994  -34.18427609  -9.05501248]
scheduled_ues:  [ 1  2  3  5  6  7  8  9 10 11 13]
(1, 15, 1, 4, 1, 1)
caused INR: -7.581102994810507
TpsRandomic + IndividualEstimated_INR + -15.0
None
ls_gain_coeffs:
[-130.86081531 -134.56998197 -137.41044203 -144.64319526 -118.17189839
 -114.65943573 -134.42954395 -149.27070474 -133.52466555 -141.983136
 -131.45641545 -142.3812565  -112.73549945 -132.90301385 -132.20555035]
inrs_hat:  [-19.87111526 -23.58028193 -26.42074198 -33.65349522  -7.18219835
  -3.66973569 -23.43984391 -38.28100469 -22.53496551 -30.99343595
 -20.46671541 -31.39155645  -1.7457994  -21.91331381 -21.2158503 ]
scheduled_ues:  [ 0  1  2  3  6  7  8  9 10 11 13 14]
(1, 15, 1, 4, 1, 1)
caused INR: -10.567348763741869
TpsRandomic + CumulativeIndividualEstimated_INR + -10.0
None
(1, 15, 1, 4, 1, 1)
caused INR: -14.48744776141751
TpsRandomic + CumulativeIndividualEstimated_INR + -12.5
None
(1, 15, 1, 4, 1, 1)
caused INR: -14.100395275485202
TpsRandomic + CumulativeIndividualEstimated_INR + -15.0
None
(1, 15, 1, 4, 1, 1)
caused INR: -30.72666144931539
Iteration number 47
TpsAltruisticFromLsfGain + IndividualEstimated_INR + -10.0
None
ls_gain_coeffs:
[-142.03792465 -151.99761691 -148.78672008 -152.63512732 -136.91993448
 -136.10974001 -145.51398495 -146.07095076 -124.7016963  -143.42813656
 -148.99493049 -117.57016421 -129.19315    -140.47100717 -137.17894157]
inrs_hat:  [-31.04822461 -41.00791687 -37.79702003 -41.64542727 -25.93023444
 -25.12003997 -34.52428491 -35.08125072 -13.71199625 -32.43843651
 -38.00523045  -6.58046417 -18.20344996 -29.48130713 -26.18924153]
scheduled_ues:  [ 0  1  2  3  4  5  6  7  8  9 10 12 13 14]
(1, 15, 1, 4, 1, 1)
caused INR: -13.299019760614906
TpsAltruisticFromLsfGain + IndividualEstimated_INR + -12.5
None
ls_gain_coeffs:
[-142.03792465 -151.99761691 -148.78672008 -152.63512732 -136.91993448
 -136.10974001 -145.51398495 -146.07095076 -124.7016963  -143.42813656
 -148.99493049 -117.57016421 -129.19315    -140.47100717 -137.17894157]
inrs_hat:  [-31.04822461 -41.00791687 -37.79702003 -41.64542727 -25.93023444
 -25.12003997 -34.52428491 -35.08125072 -13.71199625 -32.43843651
 -38.00523045  -6.58046417 -18.20344996 -29.48130713 -26.18924153]
scheduled_ues:  [ 0  1  2  3  4  5  6  7  8  9 10 12 13 14]
(1, 15, 1, 4, 1, 1)
caused INR: -13.299019760614906
TpsAltruisticFromLsfGain + IndividualEstimated_INR + -15.0
None
ls_gain_coeffs:
[-142.03792465 -151.99761691 -148.78672008 -152.63512732 -136.91993448
 -136.10974001 -145.51398495 -146.07095076 -124.7016963  -143.42813656
 -148.99493049 -117.57016421 -129.19315    -140.47100717 -137.17894157]
inrs_hat:  [-31.04822461 -41.00791687 -37.79702003 -41.64542727 -25.93023444
 -25.12003997 -34.52428491 -35.08125072 -13.71199625 -32.43843651
 -38.00523045  -6.58046417 -18.20344996 -29.48130713 -26.18924153]
scheduled_ues:  [ 0  1  2  3  4  5  6  7  9 10 12 13 14]
(1, 15, 1, 4, 1, 1)
caused INR: -18.069882078223806
TpsAltruisticFromLsfGain + CumulativeIndividualEstimated_INR + -10.0
None
(1, 15, 1, 4, 1, 1)
caused INR: -13.299019760614906
TpsAltruisticFromLsfGain + CumulativeIndividualEstimated_INR + -12.5
None
(1, 15, 1, 4, 1, 1)
caused INR: -18.069882078223806
TpsAltruisticFromLsfGain + CumulativeIndividualEstimated_INR + -15.0
None
(1, 15, 1, 4, 1, 1)
caused INR: -18.069882078223806
TpsRandomic + IndividualEstimated_INR + -10.0
None
ls_gain_coeffs:
[-127.93761311 -135.25073915 -144.03654829 -136.06011976 -123.79677288
 -122.42098902 -132.87955841 -132.64438838 -111.26750359 -130.62771352
 -132.28791443 -103.41565514 -115.05796588 -130.18436938 -124.45438726]
inrs_hat:  [-16.94791307 -24.2610391  -33.04684824 -25.07041972 -12.80707284
 -11.43128898 -21.88985836 -21.65468833  -0.27780354 -19.63801348
 -21.29821439   7.5740449   -4.06826584 -19.19466934 -13.46468722]
scheduled_ues:  [ 0  1  2  3  4  5  6  7  9 10 13 14]
(1, 15, 1, 4, 1, 1)
caused INR: -7.519451872667364
TpsRandomic + IndividualEstimated_INR + -12.5
None
ls_gain_coeffs:
[-142.03792465 -135.25073915 -148.78672008 -144.81279623 -136.91993448
 -122.42098902 -132.68673187 -131.65942599 -121.72391817 -130.26889048
 -140.24795269 -117.57016421 -129.19315    -140.47100717 -128.51088287]
inrs_hat:  [-31.04822461 -24.2610391  -37.79702003 -33.82309619 -25.93023444
 -11.43128898 -21.69703182 -20.66972595 -10.73421812 -19.27919044
 -29.25825265  -6.58046417 -18.20344996 -29.48130713 -17.52118283]
scheduled_ues:  [ 0  1  2  3  4  6  7  9 10 12 13 14]
(1, 15, 1, 4, 1, 1)
caused INR: -12.434243006615555
TpsRandomic + IndividualEstimated_INR + -15.0
None
ls_gain_coeffs:
[-125.47471878 -135.25073915 -133.17833888 -136.06011976 -123.79677288
 -128.32665999 -144.93550532 -132.64438838 -121.72391817 -130.62771352
 -148.99493049 -103.41565514 -112.94342459 -130.18436938 -128.51088287]
inrs_hat:  [-14.48501874 -24.2610391  -22.18863884 -25.07041972 -12.80707284
 -17.33695994 -33.94580528 -21.65468833 -10.73421812 -19.63801348
 -38.00523045   7.5740449   -1.95372455 -19.19466934 -17.52118283]
scheduled_ues:  [ 1  2  3  5  6  7  9 10 13 14]
(1, 15, 1, 4, 1, 1)
caused INR: -12.665896709047189
TpsRandomic + CumulativeIndividualEstimated_INR + -10.0
None
(1, 15, 1, 4, 1, 1)
caused INR: -10.000358887475695
TpsRandomic + CumulativeIndividualEstimated_INR + -12.5
None
(1, 15, 1, 4, 1, 1)
caused INR: -16.239155016795205
TpsRandomic + CumulativeIndividualEstimated_INR + -15.0
None
(1, 15, 1, 4, 1, 1)
caused INR: -19.612849611855705
Iteration number 48
TpsAltruisticFromLsfGain + IndividualEstimated_INR + -10.0
None
ls_gain_coeffs:
[-133.62705971 -145.72705617 -145.09951346 -150.80811535 -135.48799065
 -142.29969725 -128.40570881 -120.40275926 -144.29417556 -132.40725412
 -147.16255203 -121.71342288 -124.89735083 -148.68962063 -151.01540282]
inrs_hat:  [-22.63735967 -34.73735612 -34.10981341 -39.81841531 -24.49829061
 -31.30999721 -17.41600877  -9.41305922 -33.30447551 -21.41755408
 -36.17285199 -10.72372283 -13.90765079 -37.69992059 -40.02570278]
scheduled_ues:  [ 0  1  2  3  4  5  6  8  9 10 11 12 13 14]
(1, 15, 1, 4, 1, 1)
caused INR: -4.622696682851523
TpsAltruisticFromLsfGain + IndividualEstimated_INR + -12.5
None
ls_gain_coeffs:
[-133.62705971 -145.72705617 -145.09951346 -150.80811535 -135.48799065
 -142.29969725 -128.40570881 -120.40275926 -144.29417556 -132.40725412
 -147.16255203 -121.71342288 -124.89735083 -148.68962063 -151.01540282]
inrs_hat:  [-22.63735967 -34.73735612 -34.10981341 -39.81841531 -24.49829061
 -31.30999721 -17.41600877  -9.41305922 -33.30447551 -21.41755408
 -36.17285199 -10.72372283 -13.90765079 -37.69992059 -40.02570278]
scheduled_ues:  [ 0  1  2  3  4  5  6  8  9 10 12 13 14]
(1, 15, 1, 4, 1, 1)
caused INR: -6.227171127219988
TpsAltruisticFromLsfGain + IndividualEstimated_INR + -15.0
None
ls_gain_coeffs:
[-133.62705971 -145.72705617 -145.09951346 -150.80811535 -135.48799065
 -142.29969725 -128.40570881 -120.40275926 -144.29417556 -132.40725412
 -147.16255203 -121.71342288 -124.89735083 -148.68962063 -151.01540282]
inrs_hat:  [-22.63735967 -34.73735612 -34.10981341 -39.81841531 -24.49829061
 -31.30999721 -17.41600877  -9.41305922 -33.30447551 -21.41755408
 -36.17285199 -10.72372283 -13.90765079 -37.69992059 -40.02570278]
scheduled_ues:  [ 0  1  2  3  4  5  6  8  9 10 13 14]
(1, 15, 1, 4, 1, 1)
caused INR: -13.072412808304277
TpsAltruisticFromLsfGain + CumulativeIndividualEstimated_INR + -10.0
None
(1, 15, 1, 4, 1, 1)
caused INR: -6.227171127219988
TpsAltruisticFromLsfGain + CumulativeIndividualEstimated_INR + -12.5
None
(1, 15, 1, 4, 1, 1)
caused INR: -13.072412808304277
TpsAltruisticFromLsfGain + CumulativeIndividualEstimated_INR + -15.0
None
(1, 15, 1, 4, 1, 1)
caused INR: -39.171005700187294
TpsRandomic + IndividualEstimated_INR + -10.0
None
ls_gain_coeffs:
[-117.0036568  -133.08649787 -128.31529778 -134.76873944 -135.48799065
 -136.99884826 -116.52262974 -103.1859427  -144.29417556 -119.74186114
 -135.37999555 -107.87307162 -120.04320128 -135.25656271 -151.01540282]
inrs_hat:  [ -6.01395675 -22.09679783 -17.32559774 -23.77903939 -24.49829061
 -26.00914822  -5.5329297    7.80375735 -33.30447551  -8.7521611
 -24.3902955    3.11662842  -9.05350124 -24.26686267 -40.02570278]
scheduled_ues:  [ 1  2  3  4  5  8 10 13 14]
(1, 15, 1, 4, 1, 1)
caused INR: -24.12739489045805
TpsRandomic + IndividualEstimated_INR + -12.5
None
ls_gain_coeffs:
[-127.25290747 -145.13018129 -128.31529778 -145.2005766  -121.644798
 -126.36346328 -116.52262974 -112.09875611 -127.48356686 -132.40725412
 -137.92739026 -121.71342288 -109.21965113 -135.25656271 -134.72141111]
inrs_hat:  [-16.26320743 -34.14048124 -17.32559774 -34.21087655 -10.65509796
 -15.37376324  -5.5329297   -1.10905607 -16.49386682 -21.41755408
 -26.93769022 -10.72372283   1.77004891 -24.26686267 -23.73171106]
scheduled_ues:  [ 0  1  2  3  5  8  9 10 13 14]
(1, 15, 1, 4, 1, 1)
caused INR: -9.628965163303532
TpsRandomic + IndividualEstimated_INR + -15.0
None
ls_gain_coeffs:
[-133.62705971 -133.08649787 -133.56882623 -150.80811535 -120.24320535
 -136.99884826 -118.88741589 -120.40275926 -127.48356686 -119.74186114
 -137.92739026 -119.61529599 -124.89735083 -145.71524688 -151.01540282]
inrs_hat:  [-22.63735967 -22.09679783 -22.57912619 -39.81841531  -9.25350531
 -26.00914822  -7.89771585  -9.41305922 -16.49386682  -8.7521611
 -26.93769022  -8.62559595 -13.90765079 -34.72554684 -40.02570278]
scheduled_ues:  [ 0  1  2  3  5  8 10 13 14]
(1, 15, 1, 4, 1, 1)
caused INR: -16.175536449055162
TpsRandomic + CumulativeIndividualEstimated_INR + -10.0
None
(1, 15, 1, 4, 1, 1)
caused INR: -12.589412976040151
TpsRandomic + CumulativeIndividualEstimated_INR + -12.5
None
(1, 15, 1, 4, 1, 1)
caused INR: -9.987160671500725
TpsRandomic + CumulativeIndividualEstimated_INR + -15.0
None
(1, 15, 1, 4, 1, 1)
caused INR: -12.673051093325638
Iteration number 49
TpsAltruisticFromLsfGain + IndividualEstimated_INR + -10.0
None
ls_gain_coeffs:
[-134.77897977 -151.39643618 -145.98508637 -153.9078283  -143.70706218
 -150.07527038 -130.11733779 -133.70877773 -114.86658466 -127.7322036
 -140.34100729 -146.52133501 -129.98814599 -147.59223417 -133.24180782]
inrs_hat:  [-23.78927973 -40.40673613 -34.99538633 -42.91812826 -32.71736214
 -39.08557034 -19.12763775 -22.71907769  -3.87688462 -16.74250355
 -29.35130725 -35.53163496 -18.99844595 -36.60253413 -22.25210778]
scheduled_ues:  [ 0  1  2  3  4  5  6  7  9 10 11 12 13 14]
(1, 15, 1, 4, 1, 1)
caused INR: -8.836505439476658
TpsAltruisticFromLsfGain + IndividualEstimated_INR + -12.5
None
ls_gain_coeffs:
[-134.77897977 -151.39643618 -145.98508637 -153.9078283  -143.70706218
 -150.07527038 -130.11733779 -133.70877773 -114.86658466 -127.7322036
 -140.34100729 -146.52133501 -129.98814599 -147.59223417 -133.24180782]
inrs_hat:  [-23.78927973 -40.40673613 -34.99538633 -42.91812826 -32.71736214
 -39.08557034 -19.12763775 -22.71907769  -3.87688462 -16.74250355
 -29.35130725 -35.53163496 -18.99844595 -36.60253413 -22.25210778]
scheduled_ues:  [ 0  1  2  3  4  5  6  7  9 10 11 12 13 14]
(1, 15, 1, 4, 1, 1)
caused INR: -8.836505439476658
TpsAltruisticFromLsfGain + IndividualEstimated_INR + -15.0
None
ls_gain_coeffs:
[-134.77897977 -151.39643618 -145.98508637 -153.9078283  -143.70706218
 -150.07527038 -130.11733779 -133.70877773 -114.86658466 -127.7322036
 -140.34100729 -146.52133501 -129.98814599 -147.59223417 -133.24180782]
inrs_hat:  [-23.78927973 -40.40673613 -34.99538633 -42.91812826 -32.71736214
 -39.08557034 -19.12763775 -22.71907769  -3.87688462 -16.74250355
 -29.35130725 -35.53163496 -18.99844595 -36.60253413 -22.25210778]
scheduled_ues:  [ 0  1  2  3  4  5  6  7  9 10 11 12 13 14]
(1, 15, 1, 4, 1, 1)
caused INR: -8.836505439476658
TpsAltruisticFromLsfGain + CumulativeIndividualEstimated_INR + -10.0
None
(1, 15, 1, 4, 1, 1)
caused INR: -8.836505439476658
TpsAltruisticFromLsfGain + CumulativeIndividualEstimated_INR + -12.5
None
(1, 15, 1, 4, 1, 1)
caused INR: -12.29196848900026
TpsAltruisticFromLsfGain + CumulativeIndividualEstimated_INR + -15.0
None
(1, 15, 1, 4, 1, 1)
caused INR: -12.640349564762566
TpsRandomic + IndividualEstimated_INR + -10.0
None
ls_gain_coeffs:
[-134.77897977 -134.73097643 -132.24324831 -140.90421234 -126.94892012
 -133.50745232 -112.63796757 -124.64136943 -102.25854887 -113.45796921
 -140.34100729 -146.52133501 -113.10115744 -131.09877242 -121.1809005 ]
inrs_hat:  [-23.78927973 -23.74127639 -21.25354827 -29.9145123  -15.95922008
 -22.51775227  -1.64826753 -13.65166938   8.73115118  -2.46826916
 -29.35130725 -35.53163496  -2.1114574  -20.10907238 -10.19120045]
scheduled_ues:  [ 0  1  2  3  4  5  7 10 11 13 14]
(1, 15, 1, 4, 1, 1)
caused INR: -10.235182531978555
TpsRandomic + IndividualEstimated_INR + -12.5
None
ls_gain_coeffs:
[-124.84306437 -142.30521502 -132.24324831 -140.90421234 -143.70706218
 -137.60610468 -121.81920516 -116.44913018 -114.86658466 -127.7322036
 -131.5310971  -134.58252615 -113.10115744 -147.59223417 -121.1809005 ]
inrs_hat:  [-13.85336433 -31.31551497 -21.25354827 -29.9145123  -32.71736214
 -26.61640463 -10.82950512  -5.45943014  -3.87688462 -16.74250355
 -20.54139706 -23.59282611  -2.1114574  -36.60253413 -10.19120045]
scheduled_ues:  [ 0  1  2  3  4  5  9 10 11 13]
(1, 15, 1, 4, 1, 1)
caused INR: -9.69036769969568
TpsRandomic + IndividualEstimated_INR + -15.0
None
ls_gain_coeffs:
[-122.77360697 -151.39643618 -132.24324831 -146.48853707 -130.9874539
 -150.07527038 -112.63796757 -133.70877773 -102.25854887 -111.37791813
 -123.39615861 -129.80099179 -121.05199924 -147.59223417 -124.23010208]
inrs_hat:  [-11.78390693 -40.40673613 -21.25354827 -35.49883703 -19.99775385
 -39.08557034  -1.64826753 -22.71907769   8.73115118  -0.38821809
 -12.40645856 -18.81129174 -10.06229919 -36.60253413 -13.24040204]
scheduled_ues:  [ 1  2  3  4  5  7 11 13]
(1, 15, 1, 4, 1, 1)
caused INR: -20.88860362548519
TpsRandomic + CumulativeIndividualEstimated_INR + -10.0
None
(1, 15, 1, 4, 1, 1)
caused INR: -9.367273909210779
TpsRandomic + CumulativeIndividualEstimated_INR + -12.5
None
(1, 15, 1, 4, 1, 1)
caused INR: -8.066155945158286
TpsRandomic + CumulativeIndividualEstimated_INR + -15.0
None
(1, 15, 1, 4, 1, 1)
caused INR: -27.39417674356058
Iteration number 50
TpsAltruisticFromLsfGain + IndividualEstimated_INR + -10.0
None
ls_gain_coeffs:
[-147.39834607 -138.10760602 -138.24175824 -141.48952568 -149.11168989
 -143.72894324 -128.19339142 -114.98187085 -139.89371899 -149.44128862
 -132.68581704 -145.16157822 -127.33052479 -138.52535612 -134.09107673]
inrs_hat:  [-36.40864602 -27.11790598 -27.2520582  -30.49982564 -38.12198985
 -32.73924319 -17.20369137  -3.99217081 -28.90401894 -38.45158857
 -21.69611699 -34.17187818 -16.34082475 -27.53565607 -23.10137669]
scheduled_ues:  [ 0  1  2  3  4  5  6  8  9 10 11 12 13 14]
(1, 15, 1, 4, 1, 1)
caused INR: -22.8477725951187
TpsAltruisticFromLsfGain + IndividualEstimated_INR + -12.5
None
ls_gain_coeffs:
[-147.39834607 -138.10760602 -138.24175824 -141.48952568 -149.11168989
 -143.72894324 -128.19339142 -114.98187085 -139.89371899 -149.44128862
 -132.68581704 -145.16157822 -127.33052479 -138.52535612 -134.09107673]
inrs_hat:  [-36.40864602 -27.11790598 -27.2520582  -30.49982564 -38.12198985
 -32.73924319 -17.20369137  -3.99217081 -28.90401894 -38.45158857
 -21.69611699 -34.17187818 -16.34082475 -27.53565607 -23.10137669]
scheduled_ues:  [ 0  1  2  3  4  5  6  8  9 10 11 12 13 14]
(1, 15, 1, 4, 1, 1)
caused INR: -22.8477725951187
TpsAltruisticFromLsfGain + IndividualEstimated_INR + -15.0
None
ls_gain_coeffs:
[-147.39834607 -138.10760602 -138.24175824 -141.48952568 -149.11168989
 -143.72894324 -128.19339142 -114.98187085 -139.89371899 -149.44128862
 -132.68581704 -145.16157822 -127.33052479 -138.52535612 -134.09107673]
inrs_hat:  [-36.40864602 -27.11790598 -27.2520582  -30.49982564 -38.12198985
 -32.73924319 -17.20369137  -3.99217081 -28.90401894 -38.45158857
 -21.69611699 -34.17187818 -16.34082475 -27.53565607 -23.10137669]
scheduled_ues:  [ 0  1  2  3  4  5  6  8  9 10 11 12 13 14]
(1, 15, 1, 4, 1, 1)
caused INR: -22.8477725951187
TpsAltruisticFromLsfGain + CumulativeIndividualEstimated_INR + -10.0
None
(1, 15, 1, 4, 1, 1)
caused INR: -22.8477725951187
TpsAltruisticFromLsfGain + CumulativeIndividualEstimated_INR + -12.5
None
(1, 15, 1, 4, 1, 1)
caused INR: -27.068268146596075
TpsAltruisticFromLsfGain + CumulativeIndividualEstimated_INR + -15.0
None
(1, 15, 1, 4, 1, 1)
caused INR: -28.382707672131453
TpsRandomic + IndividualEstimated_INR + -10.0
None
ls_gain_coeffs:
[-141.99779285 -125.14278379 -138.24175824 -128.94852569 -132.65558223
 -132.07362957 -128.19339142 -105.49887833 -139.89371899 -135.3677932
 -115.47786113 -128.39392404 -127.33052479 -138.52535612 -117.03356243]
inrs_hat:  [-31.00809281 -14.15308375 -27.2520582  -17.95882564 -21.66588218
 -21.08392953 -17.20369137   5.49082171 -28.90401894 -24.37809316
  -4.48816109 -17.404224   -16.34082475 -27.53565607  -6.04386239]
scheduled_ues:  [ 0  1  2  3  4  5  6  8  9 11 12 13]
(1, 15, 1, 4, 1, 1)
caused INR: -12.168906542756329
TpsRandomic + IndividualEstimated_INR + -12.5
None
ls_gain_coeffs:
[-133.27152448 -125.14278379 -125.51650918 -141.48952568 -136.66634245
 -143.72894324 -128.19339142 -100.84674755 -128.59829664 -135.3677932
 -122.68425935 -128.39392404 -112.59097547 -125.99497586 -117.03356243]
inrs_hat:  [-22.28182444 -14.15308375 -14.52680913 -30.49982564 -25.6766424
 -32.73924319 -17.20369137  10.14295249 -17.6085966  -24.37809316
 -11.69455931 -17.404224    -1.60127543 -15.00527582  -6.04386239]
scheduled_ues:  [ 0  1  2  3  4  5  6  8  9 11 13]
(1, 15, 1, 4, 1, 1)
caused INR: -7.757438852380439
TpsRandomic + IndividualEstimated_INR + -15.0
None
ls_gain_coeffs:
[-147.39834607 -136.53793932 -121.19588158 -132.77163788 -136.66634245
 -134.23013162 -125.47760067 -100.84674755 -122.79177046 -146.99344549
 -115.47786113 -145.16157822 -123.88360081 -138.52535612 -119.91965035]
inrs_hat:  [-36.40864602 -25.54823928 -10.20618154 -21.78193784 -25.6766424
 -23.24043157 -14.48790063  10.14295249 -11.80207041 -36.00374545
  -4.48816109 -34.17187818 -12.89390077 -27.53565607  -8.9299503 ]
scheduled_ues:  [ 0  1  3  4  5  9 11 13]
(1, 15, 1, 4, 1, 1)
caused INR: -18.8046206365012
TpsRandomic + CumulativeIndividualEstimated_INR + -10.0
None
(1, 15, 1, 4, 1, 1)
caused INR: -12.127126154285842
TpsRandomic + CumulativeIndividualEstimated_INR + -12.5
None
(1, 15, 1, 4, 1, 1)
caused INR: -13.549936137598841
TpsRandomic + CumulativeIndividualEstimated_INR + -15.0
None
(1, 15, 1, 4, 1, 1)
caused INR: -19.751194648497933
Iteration number 51
TpsAltruisticFromLsfGain + IndividualEstimated_INR + -10.0
None
ls_gain_coeffs:
[-148.17489608 -143.10790172 -147.82178279 -105.25409101 -149.61981799
 -127.624236   -140.40040893 -147.82721589 -134.76820734 -135.60181276
 -118.69076987 -132.80531266 -142.99716511 -123.11414393 -133.94814464]
inrs_hat:  [-37.18519604 -32.11820168 -36.83208275   5.73560904 -38.63011794
 -16.63453596 -29.41070888 -36.83751585 -23.77850729 -24.61211272
  -7.70106983 -21.81561262 -32.00746507 -12.12444388 -22.95844459]
scheduled_ues:  [ 0  1  2  4  5  6  7  8  9 11 12 13 14]
(1, 15, 1, 4, 1, 1)
caused INR: -14.20362735188327
TpsAltruisticFromLsfGain + IndividualEstimated_INR + -12.5
None
ls_gain_coeffs:
[-148.17489608 -143.10790172 -147.82178279 -105.25409101 -149.61981799
 -127.624236   -140.40040893 -147.82721589 -134.76820734 -135.60181276
 -118.69076987 -132.80531266 -142.99716511 -123.11414393 -133.94814464]
inrs_hat:  [-37.18519604 -32.11820168 -36.83208275   5.73560904 -38.63011794
 -16.63453596 -29.41070888 -36.83751585 -23.77850729 -24.61211272
  -7.70106983 -21.81561262 -32.00746507 -12.12444388 -22.95844459]
scheduled_ues:  [ 0  1  2  4  5  6  7  8  9 11 12 14]
(1, 15, 1, 4, 1, 1)
caused INR: -11.203365866627221
TpsAltruisticFromLsfGain + IndividualEstimated_INR + -15.0
None
ls_gain_coeffs:
[-148.17489608 -143.10790172 -147.82178279 -105.25409101 -149.61981799
 -127.624236   -140.40040893 -147.82721589 -134.76820734 -135.60181276
 -118.69076987 -132.80531266 -142.99716511 -123.11414393 -133.94814464]
inrs_hat:  [-37.18519604 -32.11820168 -36.83208275   5.73560904 -38.63011794
 -16.63453596 -29.41070888 -36.83751585 -23.77850729 -24.61211272
  -7.70106983 -21.81561262 -32.00746507 -12.12444388 -22.95844459]
scheduled_ues:  [ 0  1  2  4  5  6  7  8  9 11 12 14]
(1, 15, 1, 4, 1, 1)
caused INR: -11.203365866627221
TpsAltruisticFromLsfGain + CumulativeIndividualEstimated_INR + -10.0
None
(1, 15, 1, 4, 1, 1)
caused INR: -11.203365866627221
TpsAltruisticFromLsfGain + CumulativeIndividualEstimated_INR + -12.5
None
(1, 15, 1, 4, 1, 1)
caused INR: -11.203365866627221
TpsAltruisticFromLsfGain + CumulativeIndividualEstimated_INR + -15.0
None
(1, 15, 1, 4, 1, 1)
caused INR: -20.450392189378267
TpsRandomic + IndividualEstimated_INR + -10.0
None
ls_gain_coeffs:
[-148.06762448 -143.10790172 -131.71728992  -83.07712484 -149.61981799
 -110.91810332 -140.40040893 -141.24995961 -127.33437459 -118.7989907
 -118.69076987 -121.71356015 -125.99102698 -123.11414393 -133.94814464]
inrs_hat:  [-37.07792443 -32.11820168 -20.72758988  27.9125752  -38.63011794
   0.07159673 -29.41070888 -30.26025956 -16.34467455  -7.80929066
  -7.70106983 -10.7238601  -15.00132693 -12.12444388 -22.95844459]
scheduled_ues:  [ 0  1  2  4  6  7  8 11 12 13 14]
(1, 15, 1, 4, 1, 1)
caused INR: -6.629322171898603
TpsRandomic + IndividualEstimated_INR + -12.5
None
ls_gain_coeffs:
[-148.06762448 -140.72190901 -142.24822075  -88.37036101 -149.61981799
 -119.67572927 -140.40040893 -141.24995961 -117.7660181  -118.7989907
 -111.02649305 -122.73156961 -142.99716511 -109.30311572 -126.19476871]
inrs_hat:  [-3.70779244e+01 -2.97322090e+01 -3.12585207e+01  2.26193390e+01
 -3.86301179e+01 -8.68602923e+00 -2.94107089e+01 -3.02602596e+01
 -6.77631806e+00 -7.80929066e+00 -3.67930101e-02 -1.17418696e+01
 -3.20074651e+01  1.68658432e+00 -1.52050687e+01]
scheduled_ues:  [ 0  1  2  4  6  7 12 14]
(1, 15, 1, 4, 1, 1)
caused INR: -12.133688969309853
TpsRandomic + IndividualEstimated_INR + -15.0
None
ls_gain_coeffs:
[-148.17489608 -129.07563991 -147.82178279  -83.07712484 -133.23118038
 -110.91810332 -126.11710718 -147.82721589 -127.33437459 -135.60181276
 -111.02649305 -132.80531266 -142.99716511 -119.0058593  -120.69060027]
inrs_hat:  [-3.71851960e+01 -1.80859399e+01 -3.68320827e+01  2.79125752e+01
 -2.22414803e+01  7.15967262e-02 -1.51274071e+01 -3.68375159e+01
 -1.63446746e+01 -2.46121127e+01 -3.67930101e-02 -2.18156126e+01
 -3.20074651e+01 -8.01615926e+00 -9.70090023e+00]
scheduled_ues:  [ 0  1  2  4  6  7  8  9 11 12]
(1, 15, 1, 4, 1, 1)
caused INR: -15.943211099156134
TpsRandomic + CumulativeIndividualEstimated_INR + -10.0
None
(1, 15, 1, 4, 1, 1)
caused INR: -10.881069878561021
TpsRandomic + CumulativeIndividualEstimated_INR + -12.5
None
(1, 15, 1, 4, 1, 1)
caused INR: -11.776003331018696
TpsRandomic + CumulativeIndividualEstimated_INR + -15.0
None
(1, 15, 1, 4, 1, 1)
caused INR: -16.411030493263567
Iteration number 52
TpsAltruisticFromLsfGain + IndividualEstimated_INR + -10.0
None
ls_gain_coeffs:
[-138.81586438 -147.6497004  -134.75448742 -133.65661449 -137.14539581
 -148.08634536 -142.03072731 -124.81037824 -129.40604157 -142.92978357
 -133.17790351 -142.0569327  -147.19486718 -148.56254576 -135.7577469 ]
inrs_hat:  [-27.82616433 -36.66000036 -23.76478737 -22.66691445 -26.15569577
 -37.09664532 -31.04102727 -13.8206782  -18.41634153 -31.94008352
 -22.18820346 -31.06723266 -36.20516714 -37.57284571 -24.76804685]
scheduled_ues:  [ 0  1  2  3  4  5  6  7  8  9 10 11 12 13 14]
(1, 15, 1, 4, 1, 1)
caused INR: -10.152802239718145
TpsAltruisticFromLsfGain + IndividualEstimated_INR + -12.5
None
ls_gain_coeffs:
[-138.81586438 -147.6497004  -134.75448742 -133.65661449 -137.14539581
 -148.08634536 -142.03072731 -124.81037824 -129.40604157 -142.92978357
 -133.17790351 -142.0569327  -147.19486718 -148.56254576 -135.7577469 ]
inrs_hat:  [-27.82616433 -36.66000036 -23.76478737 -22.66691445 -26.15569577
 -37.09664532 -31.04102727 -13.8206782  -18.41634153 -31.94008352
 -22.18820346 -31.06723266 -36.20516714 -37.57284571 -24.76804685]
scheduled_ues:  [ 0  1  2  3  4  5  6  7  8  9 10 11 12 13 14]
(1, 15, 1, 4, 1, 1)
caused INR: -10.152802239718145
TpsAltruisticFromLsfGain + IndividualEstimated_INR + -15.0
None
ls_gain_coeffs:
[-138.81586438 -147.6497004  -134.75448742 -133.65661449 -137.14539581
 -148.08634536 -142.03072731 -124.81037824 -129.40604157 -142.92978357
 -133.17790351 -142.0569327  -147.19486718 -148.56254576 -135.7577469 ]
inrs_hat:  [-27.82616433 -36.66000036 -23.76478737 -22.66691445 -26.15569577
 -37.09664532 -31.04102727 -13.8206782  -18.41634153 -31.94008352
 -22.18820346 -31.06723266 -36.20516714 -37.57284571 -24.76804685]
scheduled_ues:  [ 0  1  2  3  4  5  6  8  9 10 11 12 13 14]
(1, 15, 1, 4, 1, 1)
caused INR: -12.280739088004275
TpsAltruisticFromLsfGain + CumulativeIndividualEstimated_INR + -10.0
None
(1, 15, 1, 4, 1, 1)
caused INR: -10.152802239718145
TpsAltruisticFromLsfGain + CumulativeIndividualEstimated_INR + -12.5
None
(1, 15, 1, 4, 1, 1)
caused INR: -12.280739088004275
TpsAltruisticFromLsfGain + CumulativeIndividualEstimated_INR + -15.0
None
(1, 15, 1, 4, 1, 1)
caused INR: -12.014699206308482
TpsRandomic + IndividualEstimated_INR + -10.0
None
ls_gain_coeffs:
[-129.48515087 -142.89718314 -117.49933425 -133.65661449 -127.23202757
 -148.08634536 -125.31575495 -107.40383442 -115.165173   -129.54354739
 -124.78377156 -128.88440922 -147.19486718 -148.56254576 -122.74597983]
inrs_hat:  [-18.49545083 -31.9074831   -6.50963421 -22.66691445 -16.24232753
 -37.09664532 -14.3260549    3.58586562  -4.17547296 -18.55384735
 -13.79407152 -17.89470918 -36.20516714 -37.57284571 -11.75627979]
scheduled_ues:  [ 0  1  3  4  5  6  9 10 11 12 13 14]
(1, 15, 1, 4, 1, 1)
caused INR: -10.936595313301696
TpsRandomic + IndividualEstimated_INR + -12.5
None
ls_gain_coeffs:
[-129.48515087 -132.03975556 -123.20602364 -121.8961559  -137.14539581
 -140.54884288 -134.01198564 -107.40383442 -129.40604157 -129.54354739
 -115.86513615 -128.88440922 -130.36559042 -134.54392417 -134.9024963 ]
inrs_hat:  [-18.49545083 -21.05005552 -12.21632359 -10.90645586 -26.15569577
 -29.55914284 -23.0222856    3.58586562 -18.41634153 -18.55384735
  -4.8754361  -17.89470918 -19.37589038 -23.55422413 -23.91279625]
scheduled_ues:  [ 0  1  4  5  6  8  9 11 12 13 14]
(1, 15, 1, 4, 1, 1)
caused INR: -24.3221611312558
TpsRandomic + IndividualEstimated_INR + -15.0
None
ls_gain_coeffs:
[-121.6761575  -133.62392798 -134.75448742 -122.03721954 -124.84534986
 -131.65651635 -125.31575495 -124.81037824 -124.00823587 -128.59891122
 -124.78377156 -139.86416227 -130.36559042 -132.51154877 -135.7577469 ]
inrs_hat:  [-10.68645745 -22.63422794 -23.76478737 -11.0475195  -13.85564981
 -20.66681631 -14.3260549  -13.8206782  -13.01853582 -17.60921118
 -13.79407152 -28.87446222 -19.37589038 -21.52184873 -24.76804685]
scheduled_ues:  [ 1  2  5  9 11 12 13 14]
(1, 15, 1, 4, 1, 1)
caused INR: -23.366767356353254
TpsRandomic + CumulativeIndividualEstimated_INR + -10.0
None
(1, 15, 1, 4, 1, 1)
caused INR: -10.542264773778411
TpsRandomic + CumulativeIndividualEstimated_INR + -12.5
None
(1, 15, 1, 4, 1, 1)
caused INR: -16.43527094692845
TpsRandomic + CumulativeIndividualEstimated_INR + -15.0
None
(1, 15, 1, 4, 1, 1)
caused INR: -24.75055982918928
Iteration number 53
TpsAltruisticFromLsfGain + IndividualEstimated_INR + -10.0
None
ls_gain_coeffs:
[-147.53834639 -133.9153575  -145.3070347  -136.77097327 -120.26289206
 -149.3470456  -148.77933449 -128.8320329  -134.26510446 -131.98128097
 -126.76208347 -144.61699656 -124.53490484 -131.56804051 -150.0275937 ]
inrs_hat:  [-36.54864634 -22.92565746 -34.31733465 -25.78127322  -9.27319202
 -38.35734555 -37.78963445 -17.84233286 -23.27540442 -20.99158092
 -15.77238342 -33.62729652 -13.5452048  -20.57834046 -39.03789366]
scheduled_ues:  [ 0  1  2  3  5  6  7  8  9 10 11 12 13 14]
(1, 15, 1, 4, 1, 1)
caused INR: -8.317231221577421
TpsAltruisticFromLsfGain + IndividualEstimated_INR + -12.5
None
ls_gain_coeffs:
[-147.53834639 -133.9153575  -145.3070347  -136.77097327 -120.26289206
 -149.3470456  -148.77933449 -128.8320329  -134.26510446 -131.98128097
 -126.76208347 -144.61699656 -124.53490484 -131.56804051 -150.0275937 ]
inrs_hat:  [-36.54864634 -22.92565746 -34.31733465 -25.78127322  -9.27319202
 -38.35734555 -37.78963445 -17.84233286 -23.27540442 -20.99158092
 -15.77238342 -33.62729652 -13.5452048  -20.57834046 -39.03789366]
scheduled_ues:  [ 0  1  2  3  5  6  7  8  9 10 11 12 13 14]
(1, 15, 1, 4, 1, 1)
caused INR: -8.317231221577421
TpsAltruisticFromLsfGain + IndividualEstimated_INR + -15.0
None
ls_gain_coeffs:
[-147.53834639 -133.9153575  -145.3070347  -136.77097327 -120.26289206
 -149.3470456  -148.77933449 -128.8320329  -134.26510446 -131.98128097
 -126.76208347 -144.61699656 -124.53490484 -131.56804051 -150.0275937 ]
inrs_hat:  [-36.54864634 -22.92565746 -34.31733465 -25.78127322  -9.27319202
 -38.35734555 -37.78963445 -17.84233286 -23.27540442 -20.99158092
 -15.77238342 -33.62729652 -13.5452048  -20.57834046 -39.03789366]
scheduled_ues:  [ 0  1  2  3  5  6  7  8  9 10 11 13 14]
(1, 15, 1, 4, 1, 1)
caused INR: -4.421095930450484
TpsAltruisticFromLsfGain + CumulativeIndividualEstimated_INR + -10.0
None
(1, 15, 1, 4, 1, 1)
caused INR: -4.421095930450484
TpsAltruisticFromLsfGain + CumulativeIndividualEstimated_INR + -12.5
None
(1, 15, 1, 4, 1, 1)
caused INR: -11.75272702792854
TpsAltruisticFromLsfGain + CumulativeIndividualEstimated_INR + -15.0
None
(1, 15, 1, 4, 1, 1)
caused INR: -13.62449632292012
TpsRandomic + IndividualEstimated_INR + -10.0
None
ls_gain_coeffs:
[-140.10871041 -118.64210849 -145.3070347  -125.65316321 -104.42095748
 -138.15362244 -138.33590446 -112.24785804 -126.60881549 -131.89965733
 -126.76208347 -142.77406315 -124.53490484 -122.63628404 -133.74415686]
inrs_hat:  [-29.11901037  -7.65240845 -34.31733465 -14.66346317   6.56874257
 -27.1639224  -27.34620442  -1.258158   -15.61911545 -20.90995729
 -15.77238342 -31.78436311 -13.5452048  -11.64658399 -22.75445681]
scheduled_ues:  [ 0  2  3  5  6  8  9 10 11 12 13 14]
(1, 15, 1, 4, 1, 1)
caused INR: -6.162996331908167
TpsRandomic + IndividualEstimated_INR + -12.5
None
ls_gain_coeffs:
[-147.53834639 -120.057933   -141.23642488 -125.65316321 -120.26289206
 -139.24647636 -132.08662485 -121.85816085 -126.60881549 -119.51247309
 -119.21931471 -142.77406315 -107.08953811 -122.63628404 -136.50899748]
inrs_hat:  [-36.54864634  -9.06823295 -30.24672484 -14.66346317  -9.27319202
 -28.25677632 -21.09692481 -10.8684608  -15.61911545  -8.52277304
  -8.22961467 -31.78436311   3.90016194 -11.64658399 -25.51929743]
scheduled_ues:  [ 0  2  3  5  6  8 11 14]
(1, 15, 1, 4, 1, 1)
caused INR: -6.251305275796994
TpsRandomic + IndividualEstimated_INR + -15.0
None
ls_gain_coeffs:
[-140.10871041 -133.9153575  -141.23642488 -125.65316321 -120.26289206
 -132.4792494  -132.08662485 -115.07915524 -120.43254613 -119.51247309
 -119.21931471 -142.77406315 -124.53490484 -119.35047451 -136.50899748]
inrs_hat:  [-29.11901037 -22.92565746 -30.24672484 -14.66346317  -9.27319202
 -21.48954936 -21.09692481  -4.0894552   -9.44284609  -8.52277304
  -8.22961467 -31.78436311 -13.5452048   -8.36077447 -25.51929743]
scheduled_ues:  [ 0  1  2  5  6 11 14]
(1, 15, 1, 4, 1, 1)
caused INR: -18.01864253207277
TpsRandomic + CumulativeIndividualEstimated_INR + -10.0
None
(1, 15, 1, 4, 1, 1)
caused INR: -15.418421797096382
TpsRandomic + CumulativeIndividualEstimated_INR + -12.5
None
(1, 15, 1, 4, 1, 1)
caused INR: -12.279542157143162
TpsRandomic + CumulativeIndividualEstimated_INR + -15.0
None
(1, 15, 1, 4, 1, 1)
caused INR: -14.705329486426297
Iteration number 54
TpsAltruisticFromLsfGain + IndividualEstimated_INR + -10.0
None
ls_gain_coeffs:
[-140.41138342 -136.03800952 -139.03165272 -146.00574341 -144.21260503
 -122.01334877 -143.56803622 -141.16974646 -155.33527823 -136.68705492
 -114.04564195 -131.41538633 -141.85399119 -141.38140513 -148.00146709]
inrs_hat:  [-29.42168338 -25.04830948 -28.04195268 -35.01604336 -33.22290499
 -11.02364872 -32.57833617 -30.18004642 -44.34557818 -25.69735487
  -3.05594191 -20.42568628 -30.86429114 -30.39170508 -37.01176705]
scheduled_ues:  [ 0  1  2  3  4  5  6  7  8  9 11 12 13 14]
(1, 15, 1, 4, 1, 1)
caused INR: -11.060830683223985
TpsAltruisticFromLsfGain + IndividualEstimated_INR + -12.5
None
ls_gain_coeffs:
[-140.41138342 -136.03800952 -139.03165272 -146.00574341 -144.21260503
 -122.01334877 -143.56803622 -141.16974646 -155.33527823 -136.68705492
 -114.04564195 -131.41538633 -141.85399119 -141.38140513 -148.00146709]
inrs_hat:  [-29.42168338 -25.04830948 -28.04195268 -35.01604336 -33.22290499
 -11.02364872 -32.57833617 -30.18004642 -44.34557818 -25.69735487
  -3.05594191 -20.42568628 -30.86429114 -30.39170508 -37.01176705]
scheduled_ues:  [ 0  1  2  3  4  6  7  8  9 11 12 13 14]
(1, 15, 1, 4, 1, 1)
caused INR: -16.198885103344608
TpsAltruisticFromLsfGain + IndividualEstimated_INR + -15.0
None
ls_gain_coeffs:
[-140.41138342 -136.03800952 -139.03165272 -146.00574341 -144.21260503
 -122.01334877 -143.56803622 -141.16974646 -155.33527823 -136.68705492
 -114.04564195 -131.41538633 -141.85399119 -141.38140513 -148.00146709]
inrs_hat:  [-29.42168338 -25.04830948 -28.04195268 -35.01604336 -33.22290499
 -11.02364872 -32.57833617 -30.18004642 -44.34557818 -25.69735487
  -3.05594191 -20.42568628 -30.86429114 -30.39170508 -37.01176705]
scheduled_ues:  [ 0  1  2  3  4  6  7  8  9 11 12 13 14]
(1, 15, 1, 4, 1, 1)
caused INR: -16.198885103344608
TpsAltruisticFromLsfGain + CumulativeIndividualEstimated_INR + -10.0
None
(1, 15, 1, 4, 1, 1)
caused INR: -16.198885103344608
TpsAltruisticFromLsfGain + CumulativeIndividualEstimated_INR + -12.5
None
(1, 15, 1, 4, 1, 1)
caused INR: -16.198885103344608
TpsAltruisticFromLsfGain + CumulativeIndividualEstimated_INR + -15.0
None
(1, 15, 1, 4, 1, 1)
caused INR: -16.198885103344608
TpsRandomic + IndividualEstimated_INR + -10.0
None
ls_gain_coeffs:
[-134.8121132  -120.88112685 -127.7841954  -146.00574341 -140.73124642
 -104.16936577 -138.03649049 -125.83122637 -142.42504262 -122.9106617
 -107.55096553 -114.7163127  -132.33177923 -141.38140513 -148.00146709]
inrs_hat:  [-23.82241316  -9.8914268  -16.79449535 -35.01604336 -29.74154638
   6.82033428 -27.04679045 -14.84152632 -31.43534258 -11.92096166
   3.43873451  -3.72661266 -21.34207918 -30.39170508 -37.01176705]
scheduled_ues:  [ 0  2  3  4  6  7  8  9 12 13 14]
(1, 15, 1, 4, 1, 1)
caused INR: -8.351008333179353
TpsRandomic + IndividualEstimated_INR + -12.5
None
ls_gain_coeffs:
[-124.23693661 -120.88112685 -139.03165272 -129.07221119 -140.73124642
 -107.61328087 -143.56803622 -136.82436632 -147.97765006 -121.57586849
 -107.55096553 -114.7163127  -130.46518219 -127.9943951  -138.54625331]
inrs_hat:  [-13.24723657  -9.8914268  -28.04195268 -18.08251115 -29.74154638
   3.37641917 -32.57833617 -25.83466628 -36.98795002 -10.58616844
   3.43873451  -3.72661266 -19.47548215 -17.00469506 -27.55655327]
scheduled_ues:  [ 0  2  3  4  6  7  8 12 13 14]
(1, 15, 1, 4, 1, 1)
caused INR: -8.737464631219774
TpsRandomic + IndividualEstimated_INR + -15.0
None
ls_gain_coeffs:
[-126.10336002 -120.88112685 -139.03165272 -129.07221119 -130.61055216
 -104.16936577 -138.03649049 -127.27968641 -155.33527823 -122.9106617
  -97.27425767 -118.61109698 -125.17768071 -128.46710011 -136.41788111]
inrs_hat:  [-15.11365997  -9.8914268  -28.04195268 -18.08251115 -19.62085212
   6.82033428 -27.04679045 -16.28998637 -44.34557818 -11.92096166
  13.71544237  -7.62139694 -14.18798066 -17.47740007 -25.42818106]
scheduled_ues:  [ 0  2  3  4  6  7  8 13 14]
(1, 15, 1, 4, 1, 1)
caused INR: -8.392353719638937
TpsRandomic + CumulativeIndividualEstimated_INR + -10.0
None
(1, 15, 1, 4, 1, 1)
caused INR: -9.567877531653846
TpsRandomic + CumulativeIndividualEstimated_INR + -12.5
None
(1, 15, 1, 4, 1, 1)
caused INR: -8.45570322201986
TpsRandomic + CumulativeIndividualEstimated_INR + -15.0
None
(1, 15, 1, 4, 1, 1)
caused INR: -15.611405697554199
Iteration number 55
TpsAltruisticFromLsfGain + IndividualEstimated_INR + -10.0
None
ls_gain_coeffs:
[-150.99663028 -141.59229752 -130.28507958 -137.95537445 -134.87371411
 -137.41925624 -135.39930599 -148.58675427 -137.60656292 -140.98006349
 -147.63577923 -138.98353115 -139.08686385 -139.71341125 -118.78530481]
inrs_hat:  [-40.00693023 -30.60259748 -19.29537954 -26.96567441 -23.88401406
 -26.4295562  -24.40960594 -37.59705422 -26.61686287 -29.99036345
 -36.64607918 -27.99383111 -28.0971638  -28.72371121  -7.79560477]
scheduled_ues:  [ 0  1  2  3  4  5  6  7  8  9 10 11 12 13]
(1, 15, 1, 4, 1, 1)
caused INR: -19.666035203857874
TpsAltruisticFromLsfGain + IndividualEstimated_INR + -12.5
None
ls_gain_coeffs:
[-150.99663028 -141.59229752 -130.28507958 -137.95537445 -134.87371411
 -137.41925624 -135.39930599 -148.58675427 -137.60656292 -140.98006349
 -147.63577923 -138.98353115 -139.08686385 -139.71341125 -118.78530481]
inrs_hat:  [-40.00693023 -30.60259748 -19.29537954 -26.96567441 -23.88401406
 -26.4295562  -24.40960594 -37.59705422 -26.61686287 -29.99036345
 -36.64607918 -27.99383111 -28.0971638  -28.72371121  -7.79560477]
scheduled_ues:  [ 0  1  2  3  4  5  6  7  8  9 10 11 12 13]
(1, 15, 1, 4, 1, 1)
caused INR: -19.666035203857874
TpsAltruisticFromLsfGain + IndividualEstimated_INR + -15.0
None
ls_gain_coeffs:
[-150.99663028 -141.59229752 -130.28507958 -137.95537445 -134.87371411
 -137.41925624 -135.39930599 -148.58675427 -137.60656292 -140.98006349
 -147.63577923 -138.98353115 -139.08686385 -139.71341125 -118.78530481]
inrs_hat:  [-40.00693023 -30.60259748 -19.29537954 -26.96567441 -23.88401406
 -26.4295562  -24.40960594 -37.59705422 -26.61686287 -29.99036345
 -36.64607918 -27.99383111 -28.0971638  -28.72371121  -7.79560477]
scheduled_ues:  [ 0  1  2  3  4  5  6  7  8  9 10 11 12 13]
(1, 15, 1, 4, 1, 1)
caused INR: -19.666035203857874
TpsAltruisticFromLsfGain + CumulativeIndividualEstimated_INR + -10.0
None
(1, 15, 1, 4, 1, 1)
caused INR: -19.666035203857874
TpsAltruisticFromLsfGain + CumulativeIndividualEstimated_INR + -12.5
None
(1, 15, 1, 4, 1, 1)
caused INR: -19.666035203857874
TpsAltruisticFromLsfGain + CumulativeIndividualEstimated_INR + -15.0
None
(1, 15, 1, 4, 1, 1)
caused INR: -29.28821725199755
TpsRandomic + IndividualEstimated_INR + -10.0
None
ls_gain_coeffs:
[-138.12050761 -136.50760325 -130.28507958 -134.22506071 -127.41948724
 -137.41925624 -131.53886777 -134.66697126 -135.05484292 -140.98006349
 -137.75536222 -122.3494886  -122.37056524 -126.26021318 -108.12306144]
inrs_hat:  [-27.13080757 -25.5179032  -19.29537954 -23.23536067 -16.4297872
 -26.4295562  -20.54916773 -23.67727122 -24.06514288 -29.99036345
 -26.76566217 -11.35978856 -11.3808652  -15.27051313   2.86663861]
scheduled_ues:  [ 0  1  2  3  4  5  6  7  8  9 10 11 12 13]
(1, 15, 1, 4, 1, 1)
caused INR: -21.830572602772826
TpsRandomic + IndividualEstimated_INR + -12.5
None
ls_gain_coeffs:
[-138.12050761 -136.50760325 -123.47227938 -134.22506071 -127.41948724
 -129.92968301 -120.38408051 -132.40530528 -123.46381625 -140.98006349
 -137.75536222 -124.90623404 -131.72599474 -139.71341125 -118.78530481]
inrs_hat:  [-27.13080757 -25.5179032  -12.48257933 -23.23536067 -16.4297872
 -18.93998297  -9.39438047 -21.41560524 -12.47411621 -29.99036345
 -26.76566217 -13.916534   -20.7362947  -28.72371121  -7.79560477]
scheduled_ues:  [ 0  1  3  4  5  7  9 10 11 12 13]
(1, 15, 1, 4, 1, 1)
caused INR: -4.9803733524763345
TpsRandomic + IndividualEstimated_INR + -15.0
None
ls_gain_coeffs:
[-134.52315316 -127.45579943 -123.47227938 -134.22506071 -118.05161866
 -120.97129251 -131.53886777 -142.5852393  -124.31438958 -135.67056486
 -130.94221754 -122.3494886  -131.72599474 -126.26021318 -100.82299676]
inrs_hat:  [-23.53345311 -16.46609939 -12.48257933 -23.23536067  -7.06191861
  -9.98159247 -20.54916773 -31.59553925 -13.32468954 -24.68086482
 -19.95251749 -11.35978856 -20.7362947  -15.27051313  10.16670328]
scheduled_ues:  [ 0  1  3  6  7  9 10 12 13]
(1, 15, 1, 4, 1, 1)
caused INR: -22.21055181383592
TpsRandomic + CumulativeIndividualEstimated_INR + -10.0
None
(1, 15, 1, 4, 1, 1)
caused INR: -12.41638659931563
TpsRandomic + CumulativeIndividualEstimated_INR + -12.5
None
(1, 15, 1, 4, 1, 1)
caused INR: -44.85410399417976
TpsRandomic + CumulativeIndividualEstimated_INR + -15.0
None
(1, 15, 1, 4, 1, 1)
caused INR: -20.221567007948206
Iteration number 56
TpsAltruisticFromLsfGain + IndividualEstimated_INR + -10.0
None
ls_gain_coeffs:
[-135.9794004  -148.25928523 -133.48220248 -137.70086581 -141.83125441
 -145.38107408 -139.54489049 -131.36583041 -119.99023225 -117.49997167
 -146.26898064 -143.27401803 -132.5299979  -145.14238999 -129.80942476]
inrs_hat:  [-24.98970035 -37.26958519 -22.49250244 -26.71116577 -30.84155437
 -34.39137403 -28.55519045 -20.37613036  -9.00053221  -6.51027162
 -35.27928059 -32.28431799 -21.54029786 -34.15268995 -18.81972471]
scheduled_ues:  [ 0  1  2  3  4  5  6  7 10 11 12 13 14]
(1, 15, 1, 4, 1, 1)
caused INR: -10.242171994806561
TpsAltruisticFromLsfGain + IndividualEstimated_INR + -12.5
None
ls_gain_coeffs:
[-135.9794004  -148.25928523 -133.48220248 -137.70086581 -141.83125441
 -145.38107408 -139.54489049 -131.36583041 -119.99023225 -117.49997167
 -146.26898064 -143.27401803 -132.5299979  -145.14238999 -129.80942476]
inrs_hat:  [-24.98970035 -37.26958519 -22.49250244 -26.71116577 -30.84155437
 -34.39137403 -28.55519045 -20.37613036  -9.00053221  -6.51027162
 -35.27928059 -32.28431799 -21.54029786 -34.15268995 -18.81972471]
scheduled_ues:  [ 0  1  2  3  4  5  6  7 10 11 12 13 14]
(1, 15, 1, 4, 1, 1)
caused INR: -10.242171994806561
TpsAltruisticFromLsfGain + IndividualEstimated_INR + -15.0
None
ls_gain_coeffs:
[-135.9794004  -148.25928523 -133.48220248 -137.70086581 -141.83125441
 -145.38107408 -139.54489049 -131.36583041 -119.99023225 -117.49997167
 -146.26898064 -143.27401803 -132.5299979  -145.14238999 -129.80942476]
inrs_hat:  [-24.98970035 -37.26958519 -22.49250244 -26.71116577 -30.84155437
 -34.39137403 -28.55519045 -20.37613036  -9.00053221  -6.51027162
 -35.27928059 -32.28431799 -21.54029786 -34.15268995 -18.81972471]
scheduled_ues:  [ 0  1  2  3  4  5  6  7 10 11 12 13 14]
(1, 15, 1, 4, 1, 1)
caused INR: -10.242171994806561
TpsAltruisticFromLsfGain + CumulativeIndividualEstimated_INR + -10.0
None
(1, 15, 1, 4, 1, 1)
caused INR: -10.242171994806561
TpsAltruisticFromLsfGain + CumulativeIndividualEstimated_INR + -12.5
None
(1, 15, 1, 4, 1, 1)
caused INR: -10.242171994806561
TpsAltruisticFromLsfGain + CumulativeIndividualEstimated_INR + -15.0
None
(1, 15, 1, 4, 1, 1)
caused INR: -10.911772946757827
TpsRandomic + IndividualEstimated_INR + -10.0
None
ls_gain_coeffs:
[-121.89996319 -136.17270226 -116.22010651 -137.70086581 -133.43371953
 -145.38107408 -126.97851584 -131.36583041 -117.32888071 -117.49997167
 -132.72504528 -127.00567919 -120.44116396 -131.16131438 -129.80942476]
inrs_hat:  [-10.91026314 -25.18300221  -5.23040647 -26.71116577 -22.44401948
 -34.39137403 -15.9888158  -20.37613036  -6.33918067  -6.51027162
 -21.73534524 -16.01597915  -9.45146392 -20.17161433 -18.81972471]
scheduled_ues:  [ 0  1  3  4  5  6  7 10 11 13 14]
(1, 15, 1, 4, 1, 1)
caused INR: -10.901665087282058
TpsRandomic + IndividualEstimated_INR + -12.5
None
ls_gain_coeffs:
[-121.89996319 -136.17270226 -120.12440494 -130.0976183  -129.04152503
 -128.56504939 -126.97851584 -131.36583041 -119.99023225 -104.36229226
 -132.72504528 -143.27401803 -122.7001867  -131.16131438 -113.38194283]
inrs_hat:  [-10.91026314 -25.18300221  -9.1347049  -19.10791826 -18.05182499
 -17.57534935 -15.9888158  -20.37613036  -9.00053221   6.62740778
 -21.73534524 -32.28431799 -11.71048665 -20.17161433  -2.39224278]
scheduled_ues:  [ 1  3  4  5  6  7 10 11 13]
(1, 15, 1, 4, 1, 1)
caused INR: -7.328969694275369
TpsRandomic + IndividualEstimated_INR + -15.0
None
ls_gain_coeffs:
[-120.26212598 -131.51115948 -124.75740808 -124.13683611 -133.43371953
 -128.56504939 -126.97851584 -121.91660576 -106.66151507  -99.38317161
 -132.72504528 -129.14475273 -122.7001867  -131.16131438 -129.80942476]
inrs_hat:  [ -9.27242594 -20.52145944 -13.76770804 -13.14713606 -22.44401948
 -17.57534935 -15.9888158  -10.92690571   4.32818497  11.60652844
 -21.73534524 -18.15505269 -11.71048665 -20.17161433 -18.81972471]
scheduled_ues:  [ 1  4  5  6 10 11 13 14]
(1, 15, 1, 4, 1, 1)
caused INR: -4.619601592634429
TpsRandomic + CumulativeIndividualEstimated_INR + -10.0
None
(1, 15, 1, 4, 1, 1)
caused INR: -30.61393245534369
TpsRandomic + CumulativeIndividualEstimated_INR + -12.5
None
(1, 15, 1, 4, 1, 1)
caused INR: -14.241455975080955
TpsRandomic + CumulativeIndividualEstimated_INR + -15.0
None
(1, 15, 1, 4, 1, 1)
caused INR: -31.38679690392476
Iteration number 57
TpsAltruisticFromLsfGain + IndividualEstimated_INR + -10.0
None
ls_gain_coeffs:
[-140.28976455 -147.0796543  -149.12351703 -131.67187436 -135.66146138
 -147.34180113 -133.0523577  -123.89148516 -146.49767801 -136.87528244
 -133.46665684 -145.84217929 -135.22876392 -145.6110855  -150.00084   ]
inrs_hat:  [-29.30006451 -36.08995425 -38.13381699 -20.68217432 -24.67176134
 -36.35210108 -22.06265766 -12.90178512 -35.50797797 -25.8855824
 -22.47695679 -34.85247925 -24.23906388 -34.62138545 -39.01113996]
scheduled_ues:  [ 0  1  2  3  4  5  6  7  8  9 10 11 12 13 14]
(1, 15, 1, 4, 1, 1)
caused INR: -18.85241768963177
TpsAltruisticFromLsfGain + IndividualEstimated_INR + -12.5
None
ls_gain_coeffs:
[-140.28976455 -147.0796543  -149.12351703 -131.67187436 -135.66146138
 -147.34180113 -133.0523577  -123.89148516 -146.49767801 -136.87528244
 -133.46665684 -145.84217929 -135.22876392 -145.6110855  -150.00084   ]
inrs_hat:  [-29.30006451 -36.08995425 -38.13381699 -20.68217432 -24.67176134
 -36.35210108 -22.06265766 -12.90178512 -35.50797797 -25.8855824
 -22.47695679 -34.85247925 -24.23906388 -34.62138545 -39.01113996]
scheduled_ues:  [ 0  1  2  3  4  5  6  7  8  9 10 11 12 13 14]
(1, 15, 1, 4, 1, 1)
caused INR: -18.85241768963177
TpsAltruisticFromLsfGain + IndividualEstimated_INR + -15.0
None
ls_gain_coeffs:
[-140.28976455 -147.0796543  -149.12351703 -131.67187436 -135.66146138
 -147.34180113 -133.0523577  -123.89148516 -146.49767801 -136.87528244
 -133.46665684 -145.84217929 -135.22876392 -145.6110855  -150.00084   ]
inrs_hat:  [-29.30006451 -36.08995425 -38.13381699 -20.68217432 -24.67176134
 -36.35210108 -22.06265766 -12.90178512 -35.50797797 -25.8855824
 -22.47695679 -34.85247925 -24.23906388 -34.62138545 -39.01113996]
scheduled_ues:  [ 0  1  2  3  4  5  6  8  9 10 11 12 13 14]
(1, 15, 1, 4, 1, 1)
caused INR: -19.037020073499026
TpsAltruisticFromLsfGain + CumulativeIndividualEstimated_INR + -10.0
None
(1, 15, 1, 4, 1, 1)
caused INR: -18.85241768963177
TpsAltruisticFromLsfGain + CumulativeIndividualEstimated_INR + -12.5
None
(1, 15, 1, 4, 1, 1)
caused INR: -19.037020073499026
TpsAltruisticFromLsfGain + CumulativeIndividualEstimated_INR + -15.0
None
(1, 15, 1, 4, 1, 1)
caused INR: -17.11976449679614
TpsRandomic + IndividualEstimated_INR + -10.0
None
ls_gain_coeffs:
[-126.14243071 -132.52906257 -136.00789261 -119.03024306 -129.72026765
 -133.58896393 -125.06565043 -111.0267778  -136.5670186  -123.60806408
 -117.66858231 -139.38036492 -118.6476356  -145.6110855  -133.30039669]
inrs_hat:  [-15.15273067 -21.53936252 -25.01819257  -8.04054302 -18.7305676
 -22.59926389 -14.07595038  -0.03707776 -25.57731856 -12.61836404
  -6.67888226 -28.39066488  -7.65793556 -34.62138545 -22.31069665]
scheduled_ues:  [ 0  1  2  4  5  6  8  9 11 13 14]
(1, 15, 1, 4, 1, 1)
caused INR: -6.415531755259925
TpsRandomic + IndividualEstimated_INR + -12.5
None
ls_gain_coeffs:
[-140.28976455 -143.9161667  -132.82445533 -119.03024306 -135.66146138
 -131.13884344 -119.38531825 -123.89148516 -146.49767801 -134.39842736
 -133.46665684 -132.17829631 -120.90728045 -136.25866459 -133.30039669]
inrs_hat:  [-29.30006451 -32.92646666 -21.83475529  -8.04054302 -24.67176134
 -20.1491434   -8.39561821 -12.90178512 -35.50797797 -23.40872732
 -22.47695679 -21.18859627  -9.91758041 -25.26896455 -22.31069665]
scheduled_ues:  [ 0  1  2  4  5  7  8  9 10 11 13 14]
(1, 15, 1, 4, 1, 1)
caused INR: -13.984615805304879
TpsRandomic + IndividualEstimated_INR + -15.0
None
ls_gain_coeffs:
[-140.28976455 -147.0796543  -149.12351703 -131.07178046 -135.66146138
 -147.34180113 -125.06565043 -110.60367044 -146.49767801 -136.87528244
 -128.43194504 -129.55853062 -118.6476356  -128.84357664 -140.13092772]
inrs_hat:  [-29.30006451 -36.08995425 -38.13381699 -20.08208041 -24.67176134
 -36.35210108 -14.07595038   0.38602961 -35.50797797 -25.8855824
 -17.442245   -18.56883057  -7.65793556 -17.85387659 -29.14122768]
scheduled_ues:  [ 0  1  2  3  4  5  8  9 10 11 13 14]
(1, 15, 1, 4, 1, 1)
caused INR: -10.4106265064479
TpsRandomic + CumulativeIndividualEstimated_INR + -10.0
None
(1, 15, 1, 4, 1, 1)
caused INR: -24.023819460229756
TpsRandomic + CumulativeIndividualEstimated_INR + -12.5
None
(1, 15, 1, 4, 1, 1)
caused INR: -17.724392554932052
TpsRandomic + CumulativeIndividualEstimated_INR + -15.0
None
(1, 15, 1, 4, 1, 1)
caused INR: -14.858319265991387
Iteration number 58
TpsAltruisticFromLsfGain + IndividualEstimated_INR + -10.0
None
ls_gain_coeffs:
[-132.15944968 -126.4456843  -142.4941907  -137.65089679 -134.29753
 -136.80309967 -145.54140113 -148.63124765 -148.43046126 -134.17232897
 -141.49169582 -124.63499952 -130.22641827 -149.94887312 -140.10097511]
inrs_hat:  [-21.16974963 -15.45598426 -31.50449066 -26.66119675 -23.30782995
 -25.81339963 -34.55170109 -37.64154761 -37.44076122 -23.18262893
 -30.50199578 -13.64529947 -19.23671822 -38.95917307 -29.11127506]
scheduled_ues:  [ 0  1  2  3  4  5  6  7  8  9 10 11 12 13 14]
(1, 15, 1, 4, 1, 1)
caused INR: -12.772160485568943
TpsAltruisticFromLsfGain + IndividualEstimated_INR + -12.5
None
ls_gain_coeffs:
[-132.15944968 -126.4456843  -142.4941907  -137.65089679 -134.29753
 -136.80309967 -145.54140113 -148.63124765 -148.43046126 -134.17232897
 -141.49169582 -124.63499952 -130.22641827 -149.94887312 -140.10097511]
inrs_hat:  [-21.16974963 -15.45598426 -31.50449066 -26.66119675 -23.30782995
 -25.81339963 -34.55170109 -37.64154761 -37.44076122 -23.18262893
 -30.50199578 -13.64529947 -19.23671822 -38.95917307 -29.11127506]
scheduled_ues:  [ 0  1  2  3  4  5  6  7  8  9 10 11 12 13 14]
(1, 15, 1, 4, 1, 1)
caused INR: -12.772160485568943
TpsAltruisticFromLsfGain + IndividualEstimated_INR + -15.0
None
ls_gain_coeffs:
[-132.15944968 -126.4456843  -142.4941907  -137.65089679 -134.29753
 -136.80309967 -145.54140113 -148.63124765 -148.43046126 -134.17232897
 -141.49169582 -124.63499952 -130.22641827 -149.94887312 -140.10097511]
inrs_hat:  [-21.16974963 -15.45598426 -31.50449066 -26.66119675 -23.30782995
 -25.81339963 -34.55170109 -37.64154761 -37.44076122 -23.18262893
 -30.50199578 -13.64529947 -19.23671822 -38.95917307 -29.11127506]
scheduled_ues:  [ 0  1  2  3  4  5  6  7  8  9 10 12 13 14]
(1, 15, 1, 4, 1, 1)
caused INR: -10.04405767720054
TpsAltruisticFromLsfGain + CumulativeIndividualEstimated_INR + -10.0
None
(1, 15, 1, 4, 1, 1)
caused INR: -10.04405767720054
TpsAltruisticFromLsfGain + CumulativeIndividualEstimated_INR + -12.5
None
(1, 15, 1, 4, 1, 1)
caused INR: -16.130442872933127
TpsAltruisticFromLsfGain + CumulativeIndividualEstimated_INR + -15.0
None
(1, 15, 1, 4, 1, 1)
caused INR: -24.396070470515568
TpsRandomic + IndividualEstimated_INR + -10.0
None
ls_gain_coeffs:
[-123.00457572 -113.02895876 -142.4941907  -137.65089679 -117.51132031
 -128.18247781 -136.79808253 -144.65522119 -140.26658672 -117.06982713
 -124.66902733 -124.63499952 -119.11710748 -137.18264353 -140.10097511]
inrs_hat:  [-12.01487568  -2.03925872 -31.50449066 -26.66119675  -6.52162027
 -17.19277777 -25.80838249 -33.66552115 -29.27688668  -6.08012709
 -13.67932729 -13.64529947  -8.12740744 -26.19294348 -29.11127506]
scheduled_ues:  [ 0  2  3  5  6  7  8 10 11 13 14]
(1, 15, 1, 4, 1, 1)
caused INR: -9.453020138337655
TpsRandomic + IndividualEstimated_INR + -12.5
None
ls_gain_coeffs:
[-114.7991986  -109.73481586 -142.4941907  -121.10584631 -134.29753
 -119.91521431 -128.77162108 -148.63124765 -135.92806445 -117.06982713
 -141.49169582 -124.58340383 -130.22641827 -149.94887312 -123.39668689]
inrs_hat:  [ -3.80949856   1.25488419 -31.50449066 -10.11614627 -23.30782995
  -8.92551427 -17.78192103 -37.64154761 -24.93836441  -6.08012709
 -30.50199578 -13.59370379 -19.23671822 -38.95917307 -12.40698685]
scheduled_ues:  [ 2  4  6  7  8 10 11 12 13]
(1, 15, 1, 4, 1, 1)
caused INR: -11.88042598807947
TpsRandomic + IndividualEstimated_INR + -15.0
None
ls_gain_coeffs:
[-119.03542148 -118.88227296 -142.4941907  -131.01159282 -117.51132031
 -124.08955081 -133.18675962 -134.8643055  -131.87652559 -134.17232897
 -128.49544338 -124.63499952 -118.17776657 -142.18373557 -129.57375741]
inrs_hat:  [ -8.04572143  -7.89257291 -31.50449066 -20.02189277  -6.52162027
 -13.09985077 -22.19705958 -23.87460545 -20.88682554 -23.18262893
 -17.50574334 -13.64529947  -7.18806653 -31.19403552 -18.58405737]
scheduled_ues:  [ 2  3  6  7  8  9 10 13 14]
(1, 15, 1, 4, 1, 1)
caused INR: -14.046394631885114
TpsRandomic + CumulativeIndividualEstimated_INR + -10.0
None
(1, 15, 1, 4, 1, 1)
caused INR: -9.161441549367712
TpsRandomic + CumulativeIndividualEstimated_INR + -12.5
None
(1, 15, 1, 4, 1, 1)
caused INR: -10.704637162290098
TpsRandomic + CumulativeIndividualEstimated_INR + -15.0
None
(1, 15, 1, 4, 1, 1)
caused INR: -11.12447613104898
Iteration number 59
TpsAltruisticFromLsfGain + IndividualEstimated_INR + -10.0
None
ls_gain_coeffs:
[-148.6652047  -140.2292304  -122.2229393  -150.90437671 -145.04628111
 -147.09977874 -152.83720009 -129.62356154 -133.40416248 -147.01484517
 -123.65580047 -137.94489303 -149.3947467  -128.46225731 -151.02065226]
inrs_hat:  [-37.67550466 -29.23953036 -11.23323926 -39.91467667 -34.05658106
 -36.11007869 -41.84750005 -18.6338615  -22.41446243 -36.02514513
 -12.66610042 -26.95519299 -38.40504666 -17.47255727 -40.03095222]
scheduled_ues:  [ 0  1  2  3  4  5  6  7  8  9 10 11 12 13 14]
(1, 15, 1, 4, 1, 1)
caused INR: -12.098378299154618
TpsAltruisticFromLsfGain + IndividualEstimated_INR + -12.5
None
ls_gain_coeffs:
[-148.6652047  -140.2292304  -122.2229393  -150.90437671 -145.04628111
 -147.09977874 -152.83720009 -129.62356154 -133.40416248 -147.01484517
 -123.65580047 -137.94489303 -149.3947467  -128.46225731 -151.02065226]
inrs_hat:  [-37.67550466 -29.23953036 -11.23323926 -39.91467667 -34.05658106
 -36.11007869 -41.84750005 -18.6338615  -22.41446243 -36.02514513
 -12.66610042 -26.95519299 -38.40504666 -17.47255727 -40.03095222]
scheduled_ues:  [ 0  1  3  4  5  6  7  8  9 10 11 12 13 14]
(1, 15, 1, 4, 1, 1)
caused INR: -11.309070721512722
TpsAltruisticFromLsfGain + IndividualEstimated_INR + -15.0
None
ls_gain_coeffs:
[-148.6652047  -140.2292304  -122.2229393  -150.90437671 -145.04628111
 -147.09977874 -152.83720009 -129.62356154 -133.40416248 -147.01484517
 -123.65580047 -137.94489303 -149.3947467  -128.46225731 -151.02065226]
inrs_hat:  [-37.67550466 -29.23953036 -11.23323926 -39.91467667 -34.05658106
 -36.11007869 -41.84750005 -18.6338615  -22.41446243 -36.02514513
 -12.66610042 -26.95519299 -38.40504666 -17.47255727 -40.03095222]
scheduled_ues:  [ 0  1  3  4  5  6  7  8  9 11 12 13 14]
(1, 15, 1, 4, 1, 1)
caused INR: -47.53981354504627
TpsAltruisticFromLsfGain + CumulativeIndividualEstimated_INR + -10.0
None
(1, 15, 1, 4, 1, 1)
caused INR: -11.309070721512722
TpsAltruisticFromLsfGain + CumulativeIndividualEstimated_INR + -12.5
None
(1, 15, 1, 4, 1, 1)
caused INR: -47.53981354504627
TpsAltruisticFromLsfGain + CumulativeIndividualEstimated_INR + -15.0
None
(1, 15, 1, 4, 1, 1)
caused INR: -20.17135773380273
TpsRandomic + IndividualEstimated_INR + -10.0
None
ls_gain_coeffs:
[-140.67804834 -127.4357815  -108.90936691 -134.42069124 -141.06494816
 -147.09977874 -136.24842283 -112.74207527 -125.85176336 -147.01484517
 -106.69072397 -129.33061843 -139.46392646 -115.23060498 -138.43026613]
inrs_hat:  [-29.68834829 -16.44608145   2.08033313 -23.4309912  -30.07524812
 -36.11007869 -25.25872279  -1.75237523 -14.86206332 -36.02514513
   4.29897608 -18.34091838 -28.47422642  -4.24090494 -27.44056609]
scheduled_ues:  [ 0  1  3  4  5  6  8  9 11 12 14]
(1, 15, 1, 4, 1, 1)
caused INR: -26.62678197642417
TpsRandomic + IndividualEstimated_INR + -12.5
None
ls_gain_coeffs:
[-135.88650641 -140.2292304  -119.60702212 -143.07894165 -145.04628111
 -130.26943181 -152.83720009 -119.14013175 -125.85176336 -138.4216363
 -123.65580047 -137.94489303 -139.46392646 -128.46225731 -151.02065226]
inrs_hat:  [-24.89680636 -29.23953036  -8.61732208 -32.08924161 -34.05658106
 -19.27973176 -41.84750005  -8.1504317  -14.86206332 -27.43193626
 -12.66610042 -26.95519299 -28.47422642 -17.47255727 -40.03095222]
scheduled_ues:  [ 0  1  3  4  5  6  8  9 10 11 12 13 14]
(1, 15, 1, 4, 1, 1)
caused INR: -9.872333446826525
TpsRandomic + IndividualEstimated_INR + -15.0
None
ls_gain_coeffs:
[-135.88650641 -140.2292304  -122.2229393  -150.90437671 -145.04628111
 -130.26943181 -140.72988385 -119.14013175 -119.06706473 -134.7997778
 -106.69072397 -121.10378979 -139.46392646 -128.46225731 -150.57429386]
inrs_hat:  [-24.89680636 -29.23953036 -11.23323926 -39.91467667 -34.05658106
 -19.27973176 -29.74018381  -8.1504317   -8.07736469 -23.81007775
   4.29897608 -10.11408975 -28.47422642 -17.47255727 -39.58459381]
scheduled_ues:  [ 0  1  3  4  5  6  9 12 13 14]
(1, 15, 1, 4, 1, 1)
caused INR: -20.372618351615635
TpsRandomic + CumulativeIndividualEstimated_INR + -10.0
None
(1, 15, 1, 4, 1, 1)
caused INR: -17.93651558609268
TpsRandomic + CumulativeIndividualEstimated_INR + -12.5
None
(1, 15, 1, 4, 1, 1)
caused INR: -24.033274540079596
TpsRandomic + CumulativeIndividualEstimated_INR + -15.0
None
(1, 15, 1, 4, 1, 1)
caused INR: -15.8218506211476
Iteration number 60
TpsAltruisticFromLsfGain + IndividualEstimated_INR + -10.0
None
ls_gain_coeffs:
[-137.67647032 -150.04896746 -133.90962651 -131.8748852  -139.20681197
 -123.50012314 -122.68363423 -137.99794828 -147.28430215 -146.78112151
 -139.61934063 -134.45105944 -133.53903312 -135.89888678 -144.40904565]
inrs_hat:  [-26.68677027 -39.05926742 -22.91992646 -20.88518515 -28.21711193
 -12.5104231  -11.69393419 -27.00824824 -36.2946021  -35.79142146
 -28.62964059 -23.46135939 -22.54933308 -24.90918674 -33.41934561]
scheduled_ues:  [ 0  1  2  3  4  5  6  7  8  9 10 11 12 13 14]
(1, 15, 1, 4, 1, 1)
caused INR: -26.198245415741425
TpsAltruisticFromLsfGain + IndividualEstimated_INR + -12.5
None
ls_gain_coeffs:
[-137.67647032 -150.04896746 -133.90962651 -131.8748852  -139.20681197
 -123.50012314 -122.68363423 -137.99794828 -147.28430215 -146.78112151
 -139.61934063 -134.45105944 -133.53903312 -135.89888678 -144.40904565]
inrs_hat:  [-26.68677027 -39.05926742 -22.91992646 -20.88518515 -28.21711193
 -12.5104231  -11.69393419 -27.00824824 -36.2946021  -35.79142146
 -28.62964059 -23.46135939 -22.54933308 -24.90918674 -33.41934561]
scheduled_ues:  [ 0  1  2  3  4  5  7  8  9 10 11 12 13 14]
(1, 15, 1, 4, 1, 1)
caused INR: -14.151288305673695
TpsAltruisticFromLsfGain + IndividualEstimated_INR + -15.0
None
ls_gain_coeffs:
[-137.67647032 -150.04896746 -133.90962651 -131.8748852  -139.20681197
 -123.50012314 -122.68363423 -137.99794828 -147.28430215 -146.78112151
 -139.61934063 -134.45105944 -133.53903312 -135.89888678 -144.40904565]
inrs_hat:  [-26.68677027 -39.05926742 -22.91992646 -20.88518515 -28.21711193
 -12.5104231  -11.69393419 -27.00824824 -36.2946021  -35.79142146
 -28.62964059 -23.46135939 -22.54933308 -24.90918674 -33.41934561]
scheduled_ues:  [ 0  1  2  3  4  7  8  9 10 11 12 13 14]
(1, 15, 1, 4, 1, 1)
caused INR: -9.499820020973061
TpsAltruisticFromLsfGain + CumulativeIndividualEstimated_INR + -10.0
None
(1, 15, 1, 4, 1, 1)
caused INR: -14.151288305673695
TpsAltruisticFromLsfGain + CumulativeIndividualEstimated_INR + -12.5
None
(1, 15, 1, 4, 1, 1)
caused INR: -9.499820020973061
TpsAltruisticFromLsfGain + CumulativeIndividualEstimated_INR + -15.0
None
(1, 15, 1, 4, 1, 1)
caused INR: -17.9132887167046
TpsRandomic + IndividualEstimated_INR + -10.0
None
ls_gain_coeffs:
[-123.70045768 -137.65609069 -128.89490441 -115.11364446 -139.20681197
 -123.50012314 -114.20085753 -137.99794828 -147.28430215 -134.47808692
 -124.46019778 -120.79481357 -133.53903312 -135.89888678 -127.5686656 ]
inrs_hat:  [-12.71075764 -26.66639064 -17.90520437  -4.12394442 -28.21711193
 -12.5104231   -3.21115748 -27.00824824 -36.2946021  -23.48838687
 -13.47049774  -9.80511352 -22.54933308 -24.90918674 -16.57896556]
scheduled_ues:  [ 0  1  2  4  5  7  8  9 10 12 13 14]
(1, 15, 1, 4, 1, 1)
caused INR: -8.859849705071705
TpsRandomic + IndividualEstimated_INR + -12.5
None
ls_gain_coeffs:
[-131.24221028 -141.74200373 -118.12487844 -119.99872305 -126.17141614
 -123.50012314 -109.28576172 -124.66840154 -130.71910889 -138.1751082
 -124.46019778 -134.45105944 -133.53903312 -124.56419981 -144.40904565]
inrs_hat:  [-20.25251023 -30.75230369  -7.1351784   -9.00902301 -15.1817161
 -12.5104231    1.70393832 -13.6787015  -19.72940885 -27.18540815
 -13.47049774 -23.46135939 -22.54933308 -13.57449977 -33.41934561]
scheduled_ues:  [ 0  1  4  5  7  8  9 10 11 12 13 14]
(1, 15, 1, 4, 1, 1)
caused INR: -7.926686252479772
TpsRandomic + IndividualEstimated_INR + -15.0
None
ls_gain_coeffs:
[-121.25053398 -150.04896746 -119.79645247 -119.99872305 -139.20681197
 -114.4712159  -105.52250963 -130.08476682 -147.28430215 -146.78112151
 -139.61934063 -120.79481357 -120.32579056 -135.89888678 -134.27212982]
inrs_hat:  [-10.26083394 -39.05926742  -8.80675243  -9.00902301 -28.21711193
  -3.48151585   5.46719042 -19.09506678 -36.2946021  -35.79142146
 -28.62964059  -9.80511352  -9.33609052 -24.90918674 -23.28242977]
scheduled_ues:  [ 1  4  7  8  9 10 13 14]
(1, 15, 1, 4, 1, 1)
caused INR: -25.276433736581204
TpsRandomic + CumulativeIndividualEstimated_INR + -10.0
None
(1, 15, 1, 4, 1, 1)
caused INR: -7.2658845991705086
TpsRandomic + CumulativeIndividualEstimated_INR + -12.5
None
(1, 15, 1, 4, 1, 1)
caused INR: -24.37292050487197
TpsRandomic + CumulativeIndividualEstimated_INR + -15.0
None
(1, 15, 1, 4, 1, 1)
caused INR: -14.047959244450524
Iteration number 61
TpsAltruisticFromLsfGain + IndividualEstimated_INR + -10.0
None
ls_gain_coeffs:
[-134.58622395 -133.77181224 -140.91259282 -150.80399879 -143.42947493
 -152.72080948 -121.61219377 -130.98714291 -141.03526109 -143.14425766
 -132.79509526 -129.20469373 -139.4833365  -148.21318913 -147.8746781 ]
inrs_hat:  [-23.5965239  -22.78211219 -29.92289278 -39.81429875 -32.43977489
 -41.73110943 -10.62249372 -19.99744287 -30.04556105 -32.15455762
 -21.80539522 -18.21499369 -28.49363645 -37.22348909 -36.88497806]
scheduled_ues:  [ 0  1  2  3  4  5  6  7  8  9 10 11 12 13 14]
(1, 15, 1, 4, 1, 1)
caused INR: -13.945895167378188
TpsAltruisticFromLsfGain + IndividualEstimated_INR + -12.5
None
ls_gain_coeffs:
[-134.58622395 -133.77181224 -140.91259282 -150.80399879 -143.42947493
 -152.72080948 -121.61219377 -130.98714291 -141.03526109 -143.14425766
 -132.79509526 -129.20469373 -139.4833365  -148.21318913 -147.8746781 ]
inrs_hat:  [-23.5965239  -22.78211219 -29.92289278 -39.81429875 -32.43977489
 -41.73110943 -10.62249372 -19.99744287 -30.04556105 -32.15455762
 -21.80539522 -18.21499369 -28.49363645 -37.22348909 -36.88497806]
scheduled_ues:  [ 0  1  2  3  4  5  7  8  9 10 11 12 13 14]
(1, 15, 1, 4, 1, 1)
caused INR: -6.9836729486942275
TpsAltruisticFromLsfGain + IndividualEstimated_INR + -15.0
None
ls_gain_coeffs:
[-134.58622395 -133.77181224 -140.91259282 -150.80399879 -143.42947493
 -152.72080948 -121.61219377 -130.98714291 -141.03526109 -143.14425766
 -132.79509526 -129.20469373 -139.4833365  -148.21318913 -147.8746781 ]
inrs_hat:  [-23.5965239  -22.78211219 -29.92289278 -39.81429875 -32.43977489
 -41.73110943 -10.62249372 -19.99744287 -30.04556105 -32.15455762
 -21.80539522 -18.21499369 -28.49363645 -37.22348909 -36.88497806]
scheduled_ues:  [ 0  1  2  3  4  5  7  8  9 10 11 12 13 14]
(1, 15, 1, 4, 1, 1)
caused INR: -6.9836729486942275
TpsAltruisticFromLsfGain + CumulativeIndividualEstimated_INR + -10.0
None
(1, 15, 1, 4, 1, 1)
caused INR: -6.9836729486942275
TpsAltruisticFromLsfGain + CumulativeIndividualEstimated_INR + -12.5
None
(1, 15, 1, 4, 1, 1)
caused INR: -6.9836729486942275
TpsAltruisticFromLsfGain + CumulativeIndividualEstimated_INR + -15.0
None
(1, 15, 1, 4, 1, 1)
caused INR: -12.172003840724264
TpsRandomic + IndividualEstimated_INR + -10.0
None
ls_gain_coeffs:
[-117.80115449 -124.97582306 -133.25330515 -150.80399879 -129.34729746
 -139.52950847 -121.61219377 -116.74446198 -128.71617553 -129.69514085
 -119.23066375 -116.53517554 -139.4833365  -138.16365844 -139.95929612]
inrs_hat:  [ -6.81145444 -13.98612301 -22.26360511 -39.81429875 -18.35759741
 -28.53980843 -10.62249372  -5.75476194 -17.72647549 -18.70544081
  -8.24096371  -5.54547549 -28.49363645 -27.1739584  -28.96959608]
scheduled_ues:  [ 1  2  3  4  5  6  8  9 12 13 14]
(1, 15, 1, 4, 1, 1)
caused INR: -5.683714649980017
TpsRandomic + IndividualEstimated_INR + -12.5
None
ls_gain_coeffs:
[-125.13278306 -120.53223467 -124.49723813 -137.30114978 -137.51640619
 -139.52950847 -121.61219377 -113.69775314 -124.01613085 -143.14425766
 -129.42660072 -116.53517554 -130.44134403 -137.18026461 -131.32618503]
inrs_hat:  [-14.14308302  -9.54253462 -13.50753808 -26.31144974 -26.52670614
 -28.53980843 -10.62249372  -2.70805309 -13.0264308  -32.15455762
 -18.43690068  -5.54547549 -19.45164398 -26.19056456 -20.33648499]
scheduled_ues:  [ 0  2  3  4  5  8  9 10 12 13 14]
(1, 15, 1, 4, 1, 1)
caused INR: -7.013598901520288
TpsRandomic + IndividualEstimated_INR + -15.0
None
ls_gain_coeffs:
[-134.58622395 -116.53322886 -124.49723813 -134.38733935 -143.42947493
 -145.6180678  -108.40105447 -113.69775314 -128.71617553 -135.75441565
 -132.79509526 -129.20469373 -130.44134403 -137.18026461 -139.95929612]
inrs_hat:  [-23.5965239   -5.54352882 -13.50753808 -23.39763931 -32.43977489
 -34.62836775   2.58864557  -2.70805309 -17.72647549 -24.76471561
 -21.80539522 -18.21499369 -19.45164398 -26.19056456 -28.96959608]
scheduled_ues:  [ 0  3  4  5  8  9 10 11 12 13 14]
(1, 15, 1, 4, 1, 1)
caused INR: -3.8297697240303705
TpsRandomic + CumulativeIndividualEstimated_INR + -10.0
None
(1, 15, 1, 4, 1, 1)
caused INR: -14.118129403472064
TpsRandomic + CumulativeIndividualEstimated_INR + -12.5
None
(1, 15, 1, 4, 1, 1)
caused INR: -18.499026629269263
TpsRandomic + CumulativeIndividualEstimated_INR + -15.0
None
(1, 15, 1, 4, 1, 1)
caused INR: -13.86704983838968
Iteration number 62
TpsAltruisticFromLsfGain + IndividualEstimated_INR + -10.0
None
ls_gain_coeffs:
[-136.16358732 -150.52315857 -147.59825951 -136.13110848 -135.9998825
 -150.77612863 -134.36703762 -122.77233933 -110.99932444 -135.1781669
 -144.65956613 -138.64448652 -127.61954363 -118.2495122  -133.5788554 ]
inrs_hat:  [-2.51738873e+01 -3.95334585e+01 -3.66085595e+01 -2.51414084e+01
 -2.50101825e+01 -3.97864286e+01 -2.33773376e+01 -1.17826393e+01
 -9.62439677e-03 -2.41884669e+01 -3.36698661e+01 -2.76547865e+01
 -1.66298436e+01 -7.25981216e+00 -2.25891554e+01]
scheduled_ues:  [ 0  1  2  3  4  5  6  7  9 10 11 12 14]
(1, 15, 1, 4, 1, 1)
caused INR: -17.64873442588087
TpsAltruisticFromLsfGain + IndividualEstimated_INR + -12.5
None
ls_gain_coeffs:
[-136.16358732 -150.52315857 -147.59825951 -136.13110848 -135.9998825
 -150.77612863 -134.36703762 -122.77233933 -110.99932444 -135.1781669
 -144.65956613 -138.64448652 -127.61954363 -118.2495122  -133.5788554 ]
inrs_hat:  [-2.51738873e+01 -3.95334585e+01 -3.66085595e+01 -2.51414084e+01
 -2.50101825e+01 -3.97864286e+01 -2.33773376e+01 -1.17826393e+01
 -9.62439677e-03 -2.41884669e+01 -3.36698661e+01 -2.76547865e+01
 -1.66298436e+01 -7.25981216e+00 -2.25891554e+01]
scheduled_ues:  [ 0  1  2  3  4  5  6  9 10 11 12 14]
(1, 15, 1, 4, 1, 1)
caused INR: -13.302749267715019
TpsAltruisticFromLsfGain + IndividualEstimated_INR + -15.0
None
ls_gain_coeffs:
[-136.16358732 -150.52315857 -147.59825951 -136.13110848 -135.9998825
 -150.77612863 -134.36703762 -122.77233933 -110.99932444 -135.1781669
 -144.65956613 -138.64448652 -127.61954363 -118.2495122  -133.5788554 ]
inrs_hat:  [-2.51738873e+01 -3.95334585e+01 -3.66085595e+01 -2.51414084e+01
 -2.50101825e+01 -3.97864286e+01 -2.33773376e+01 -1.17826393e+01
 -9.62439677e-03 -2.41884669e+01 -3.36698661e+01 -2.76547865e+01
 -1.66298436e+01 -7.25981216e+00 -2.25891554e+01]
scheduled_ues:  [ 0  1  2  3  4  5  6  9 10 11 12 14]
(1, 15, 1, 4, 1, 1)
caused INR: -13.302749267715019
TpsAltruisticFromLsfGain + CumulativeIndividualEstimated_INR + -10.0
None
(1, 15, 1, 4, 1, 1)
caused INR: -13.302749267715019
TpsAltruisticFromLsfGain + CumulativeIndividualEstimated_INR + -12.5
None
(1, 15, 1, 4, 1, 1)
caused INR: -13.302749267715019
TpsAltruisticFromLsfGain + CumulativeIndividualEstimated_INR + -15.0
None
(1, 15, 1, 4, 1, 1)
caused INR: -12.081043809759578
TpsRandomic + IndividualEstimated_INR + -10.0
None
ls_gain_coeffs:
[-119.1540796  -150.52315857 -140.83024179 -119.4630315  -122.44323975
 -150.77612863 -130.97285483 -108.93749801  -96.70779302 -125.98670768
 -137.61838113 -125.63753091 -127.61954363 -111.36617856 -119.58040467]
inrs_hat:  [ -8.16437956 -39.53345853 -29.84054175  -8.47333146 -11.45353971
 -39.78642859 -19.98315479   2.05220203  14.28190703 -14.99700764
 -26.62868109 -14.64783087 -16.62984359  -0.37647851  -8.59070463]
scheduled_ues:  [ 1  2  4  5  6  9 10 11 12]
(1, 15, 1, 4, 1, 1)
caused INR: -9.241598347983658
TpsRandomic + IndividualEstimated_INR + -12.5
None
ls_gain_coeffs:
[-136.16358732 -150.52315857 -147.59825951 -119.4630315  -121.328197
 -150.22053692 -134.36703762 -118.59261538  -96.70779302 -125.98670768
 -144.65956613 -136.94841969 -121.17369946 -101.21902311 -124.7519542 ]
inrs_hat:  [-25.17388728 -39.53345853 -36.60855946  -8.47333146 -10.33849695
 -39.23083687 -23.37733758  -7.60291533  14.28190703 -14.99700764
 -33.66986608 -25.95871965 -10.18399942   9.77067694 -13.76225416]
scheduled_ues:  [ 0  1  2  5  6  9 10 11 14]
(1, 15, 1, 4, 1, 1)
caused INR: -12.478973285180402
TpsRandomic + IndividualEstimated_INR + -15.0
None
ls_gain_coeffs:
[-136.16358732 -138.99567872 -131.23078472 -119.4630315  -122.44323975
 -138.14933139 -119.6626491  -107.54425669  -98.62172709 -117.95240689
 -128.27748881 -138.64448652 -121.17369946 -103.51346765 -119.58040467]
inrs_hat:  [-25.17388728 -28.00597868 -20.24108468  -8.47333146 -11.45353971
 -27.15963135  -8.67294905   3.44544335  12.36797296  -6.96270685
 -17.28778876 -27.65478648 -10.18399942   7.47623239  -8.59070463]
scheduled_ues:  [ 0  1  2  5 10 11]
(1, 15, 1, 4, 1, 1)
caused INR: -11.53111482281567
TpsRandomic + CumulativeIndividualEstimated_INR + -10.0
None
(1, 15, 1, 4, 1, 1)
caused INR: -17.53528194822271
TpsRandomic + CumulativeIndividualEstimated_INR + -12.5
None
(1, 15, 1, 4, 1, 1)
caused INR: -17.7153927896276
TpsRandomic + CumulativeIndividualEstimated_INR + -15.0
None
(1, 15, 1, 4, 1, 1)
caused INR: -12.301580087535067
Iteration number 63
TpsAltruisticFromLsfGain + IndividualEstimated_INR + -10.0
None
ls_gain_coeffs:
[-134.84543441 -129.13289235 -137.89945133 -145.55587437 -109.60322959
 -140.67606303 -131.52120381 -133.342358   -138.908345   -149.36226203
 -138.73440938 -152.53957561 -134.66505739 -144.26613541 -144.23844302]
inrs_hat:  [-23.85573437 -18.14319231 -26.90975129 -34.56617432   1.38647045
 -29.68636298 -20.53150376 -22.35265795 -27.91864495 -38.37256199
 -27.74470934 -41.54987556 -23.67535735 -33.27643537 -33.24874298]
scheduled_ues:  [ 0  1  2  3  5  6  7  8  9 10 11 12 13 14]
(1, 15, 1, 4, 1, 1)
caused INR: -19.476051252379417
TpsAltruisticFromLsfGain + IndividualEstimated_INR + -12.5
None
ls_gain_coeffs:
[-134.84543441 -129.13289235 -137.89945133 -145.55587437 -109.60322959
 -140.67606303 -131.52120381 -133.342358   -138.908345   -149.36226203
 -138.73440938 -152.53957561 -134.66505739 -144.26613541 -144.23844302]
inrs_hat:  [-23.85573437 -18.14319231 -26.90975129 -34.56617432   1.38647045
 -29.68636298 -20.53150376 -22.35265795 -27.91864495 -38.37256199
 -27.74470934 -41.54987556 -23.67535735 -33.27643537 -33.24874298]
scheduled_ues:  [ 0  1  2  3  5  6  7  8  9 10 11 12 13 14]
(1, 15, 1, 4, 1, 1)
caused INR: -19.476051252379417
TpsAltruisticFromLsfGain + IndividualEstimated_INR + -15.0
None
ls_gain_coeffs:
[-134.84543441 -129.13289235 -137.89945133 -145.55587437 -109.60322959
 -140.67606303 -131.52120381 -133.342358   -138.908345   -149.36226203
 -138.73440938 -152.53957561 -134.66505739 -144.26613541 -144.23844302]
inrs_hat:  [-23.85573437 -18.14319231 -26.90975129 -34.56617432   1.38647045
 -29.68636298 -20.53150376 -22.35265795 -27.91864495 -38.37256199
 -27.74470934 -41.54987556 -23.67535735 -33.27643537 -33.24874298]
scheduled_ues:  [ 0  1  2  3  5  6  7  8  9 10 11 12 13 14]
(1, 15, 1, 4, 1, 1)
caused INR: -19.476051252379417
TpsAltruisticFromLsfGain + CumulativeIndividualEstimated_INR + -10.0
None
(1, 15, 1, 4, 1, 1)
caused INR: -19.476051252379417
TpsAltruisticFromLsfGain + CumulativeIndividualEstimated_INR + -12.5
None
(1, 15, 1, 4, 1, 1)
caused INR: -19.476051252379417
TpsAltruisticFromLsfGain + CumulativeIndividualEstimated_INR + -15.0
None
(1, 15, 1, 4, 1, 1)
caused INR: -23.641162420538954
TpsRandomic + IndividualEstimated_INR + -10.0
None
ls_gain_coeffs:
[-118.89632347 -114.96538166 -121.5031709  -136.47148834 -101.94894317
 -126.32137486 -118.0963745  -124.58662899 -131.75094442 -135.97021166
 -121.90195096 -144.18317028 -117.56653153 -144.26613541 -132.20237314]
inrs_hat:  [ -7.90662343  -3.97568162 -10.51347086 -25.48178829   9.04075688
 -15.33167481  -7.10667446 -13.59692894 -20.76124438 -24.98051162
 -10.91225091 -33.19347024  -6.57683149 -33.27643537 -21.21267309]
scheduled_ues:  [ 2  3  5  7  8  9 10 11 13 14]
(1, 15, 1, 4, 1, 1)
caused INR: -20.401812778847756
TpsRandomic + IndividualEstimated_INR + -12.5
None
ls_gain_coeffs:
[-120.65007894 -114.96538166 -121.5031709  -128.75577001 -109.60322959
 -124.40828669 -121.67933321 -124.58662899 -125.46028959 -142.61980452
 -121.90195096 -135.94521056 -117.56653153 -131.97516156 -132.20237314]
inrs_hat:  [ -9.6603789   -3.97568162 -10.51347086 -17.76606997   1.38647045
 -13.41858664 -10.68963317 -13.59692894 -14.47058955 -31.63010448
 -10.91225091 -24.95551052  -6.57683149 -20.98546151 -21.21267309]
scheduled_ues:  [ 3  5  7  8  9 11 13 14]
(1, 15, 1, 4, 1, 1)
caused INR: -13.846010954560095
TpsRandomic + IndividualEstimated_INR + -15.0
None
ls_gain_coeffs:
[-120.65007894 -114.96538166 -124.44490246 -133.48165169  -92.05877198
 -124.40828669 -131.52120381 -121.19681643 -125.46028959 -142.61980452
 -121.90195096 -135.94521056 -123.65760769 -131.97516156 -127.55296683]
inrs_hat:  [ -9.6603789   -3.97568162 -13.45520242 -22.49195165  18.93092807
 -13.41858664 -20.53150376 -10.20711638 -14.47058955 -31.63010448
 -10.91225091 -24.95551052 -12.66790765 -20.98546151 -16.56326678]
scheduled_ues:  [ 3  6  9 11 13 14]
(1, 15, 1, 4, 1, 1)
caused INR: -14.6566463530656
TpsRandomic + CumulativeIndividualEstimated_INR + -10.0
None
(1, 15, 1, 4, 1, 1)
caused INR: -18.77573717634895
TpsRandomic + CumulativeIndividualEstimated_INR + -12.5
None
(1, 15, 1, 4, 1, 1)
caused INR: -12.70399808344701
TpsRandomic + CumulativeIndividualEstimated_INR + -15.0
None
(1, 15, 1, 4, 1, 1)
caused INR: -12.318653221308939
Iteration number 64
TpsAltruisticFromLsfGain + IndividualEstimated_INR + -10.0
None
ls_gain_coeffs:
[-137.05360378 -139.39131542 -142.51212363 -139.36557294 -129.42146626
 -132.08236918 -146.87471154 -125.09503488 -142.96982364 -148.37625309
 -130.98243488 -129.72400805 -135.37851821 -146.23020184 -146.00520054]
inrs_hat:  [-26.06390374 -28.40161537 -31.52242359 -28.3758729  -18.43176622
 -21.09266913 -35.88501149 -14.10533483 -31.9801236  -37.38655305
 -19.99273484 -18.73430801 -24.38881817 -35.2405018  -35.0155005 ]
scheduled_ues:  [ 0  1  2  3  4  5  6  7  8  9 10 11 12 13 14]
(1, 15, 1, 4, 1, 1)
caused INR: -14.025431904347903
TpsAltruisticFromLsfGain + IndividualEstimated_INR + -12.5
None
ls_gain_coeffs:
[-137.05360378 -139.39131542 -142.51212363 -139.36557294 -129.42146626
 -132.08236918 -146.87471154 -125.09503488 -142.96982364 -148.37625309
 -130.98243488 -129.72400805 -135.37851821 -146.23020184 -146.00520054]
inrs_hat:  [-26.06390374 -28.40161537 -31.52242359 -28.3758729  -18.43176622
 -21.09266913 -35.88501149 -14.10533483 -31.9801236  -37.38655305
 -19.99273484 -18.73430801 -24.38881817 -35.2405018  -35.0155005 ]
scheduled_ues:  [ 0  1  2  3  4  5  6  7  8  9 10 11 12 13 14]
(1, 15, 1, 4, 1, 1)
caused INR: -14.025431904347903
TpsAltruisticFromLsfGain + IndividualEstimated_INR + -15.0
None
ls_gain_coeffs:
[-137.05360378 -139.39131542 -142.51212363 -139.36557294 -129.42146626
 -132.08236918 -146.87471154 -125.09503488 -142.96982364 -148.37625309
 -130.98243488 -129.72400805 -135.37851821 -146.23020184 -146.00520054]
inrs_hat:  [-26.06390374 -28.40161537 -31.52242359 -28.3758729  -18.43176622
 -21.09266913 -35.88501149 -14.10533483 -31.9801236  -37.38655305
 -19.99273484 -18.73430801 -24.38881817 -35.2405018  -35.0155005 ]
scheduled_ues:  [ 0  1  2  3  4  5  6  8  9 10 11 12 13 14]
(1, 15, 1, 4, 1, 1)
caused INR: -23.637296774392414
TpsAltruisticFromLsfGain + CumulativeIndividualEstimated_INR + -10.0
None
(1, 15, 1, 4, 1, 1)
caused INR: -14.025431904347903
TpsAltruisticFromLsfGain + CumulativeIndividualEstimated_INR + -12.5
None
(1, 15, 1, 4, 1, 1)
caused INR: -17.315857508655185
TpsAltruisticFromLsfGain + CumulativeIndividualEstimated_INR + -15.0
None
(1, 15, 1, 4, 1, 1)
caused INR: -16.723838430163234
TpsRandomic + IndividualEstimated_INR + -10.0
None
ls_gain_coeffs:
[-137.05360378 -126.08446372 -142.51212363 -122.85470064 -129.42146626
 -132.08236918 -142.69661995 -125.09503488 -125.98695855 -138.58749747
 -118.90835227 -112.80696367 -123.41639059 -137.80677481 -131.99170675]
inrs_hat:  [-26.06390374 -15.09476368 -31.52242359 -11.8650006  -18.43176622
 -21.09266913 -31.70691991 -14.10533483 -14.9972585  -27.59779742
  -7.91865223  -1.81726363 -12.42669054 -26.81707477 -21.0020067 ]
scheduled_ues:  [ 0  1  2  3  4  5  6  7  8  9 12 13 14]
(1, 15, 1, 4, 1, 1)
caused INR: -12.321652179932167
TpsRandomic + IndividualEstimated_INR + -12.5
None
ls_gain_coeffs:
[-122.9426908  -131.53179697 -125.744321   -125.88237487 -115.33268638
 -130.17419414 -142.69661995 -125.09503488 -132.75045891 -137.2068647
 -119.54263635 -119.39059821 -118.6917333  -137.80677481 -131.99170675]
inrs_hat:  [-11.95299075 -20.54209692 -14.75462096 -14.89267483  -4.34298633
 -19.1844941  -31.70691991 -14.10533483 -21.76075887 -26.21716466
  -8.5529363   -8.40089817  -7.70203326 -26.81707477 -21.0020067 ]
scheduled_ues:  [ 1  2  3  5  6  7  8  9 13 14]
(1, 15, 1, 4, 1, 1)
caused INR: -8.935248463913696
TpsRandomic + IndividualEstimated_INR + -15.0
None
ls_gain_coeffs:
[-122.9426908  -126.08446372 -125.744321   -122.85470064 -116.15627632
 -119.00471083 -131.64771714 -111.3942917  -125.98695855 -138.58749747
 -118.90835227 -129.72400805 -126.40867601 -133.80970228 -143.64735985]
inrs_hat:  [-11.95299075 -15.09476368 -14.75462096 -11.8650006   -5.16657628
  -8.01501079 -20.6580171   -0.40459165 -14.9972585  -27.59779742
  -7.91865223 -18.73430801 -15.41897597 -22.82000224 -32.65765981]
scheduled_ues:  [ 1  6  9 11 12 13 14]
(1, 15, 1, 4, 1, 1)
caused INR: -12.06294386703912
TpsRandomic + CumulativeIndividualEstimated_INR + -10.0
None
(1, 15, 1, 4, 1, 1)
caused INR: -14.042160828459691
TpsRandomic + CumulativeIndividualEstimated_INR + -12.5
None
(1, 15, 1, 4, 1, 1)
caused INR: -32.04652507955355
TpsRandomic + CumulativeIndividualEstimated_INR + -15.0
None
(1, 15, 1, 4, 1, 1)
caused INR: -12.068935226465623
Iteration number 65
TpsAltruisticFromLsfGain + IndividualEstimated_INR + -10.0
None
ls_gain_coeffs:
[-144.96092162 -135.82997003 -134.97633827 -135.00888574 -142.31602597
 -146.43292718 -144.19175116 -143.55512388 -119.15009287 -146.11295686
 -133.03618852 -132.58108756 -145.27129998 -147.60693932 -133.01850543]
inrs_hat:  [-33.97122158 -24.84026999 -23.98663823 -24.0191857  -31.32632592
 -35.44322713 -33.20205112 -32.56542384  -8.16039283 -35.12325682
 -22.04648848 -21.59138751 -34.28159994 -36.61723928 -22.02880539]
scheduled_ues:  [ 0  1  2  3  4  5  6  7  9 10 11 12 13 14]
(1, 15, 1, 4, 1, 1)
caused INR: -14.208823164947464
TpsAltruisticFromLsfGain + IndividualEstimated_INR + -12.5
None
ls_gain_coeffs:
[-144.96092162 -135.82997003 -134.97633827 -135.00888574 -142.31602597
 -146.43292718 -144.19175116 -143.55512388 -119.15009287 -146.11295686
 -133.03618852 -132.58108756 -145.27129998 -147.60693932 -133.01850543]
inrs_hat:  [-33.97122158 -24.84026999 -23.98663823 -24.0191857  -31.32632592
 -35.44322713 -33.20205112 -32.56542384  -8.16039283 -35.12325682
 -22.04648848 -21.59138751 -34.28159994 -36.61723928 -22.02880539]
scheduled_ues:  [ 0  1  2  3  4  5  6  7  9 10 11 12 13 14]
(1, 15, 1, 4, 1, 1)
caused INR: -14.208823164947464
TpsAltruisticFromLsfGain + IndividualEstimated_INR + -15.0
None
ls_gain_coeffs:
[-144.96092162 -135.82997003 -134.97633827 -135.00888574 -142.31602597
 -146.43292718 -144.19175116 -143.55512388 -119.15009287 -146.11295686
 -133.03618852 -132.58108756 -145.27129998 -147.60693932 -133.01850543]
inrs_hat:  [-33.97122158 -24.84026999 -23.98663823 -24.0191857  -31.32632592
 -35.44322713 -33.20205112 -32.56542384  -8.16039283 -35.12325682
 -22.04648848 -21.59138751 -34.28159994 -36.61723928 -22.02880539]
scheduled_ues:  [ 0  1  2  3  4  5  6  7  9 10 11 12 13 14]
(1, 15, 1, 4, 1, 1)
caused INR: -14.208823164947464
TpsAltruisticFromLsfGain + CumulativeIndividualEstimated_INR + -10.0
None
(1, 15, 1, 4, 1, 1)
caused INR: -14.208823164947464
TpsAltruisticFromLsfGain + CumulativeIndividualEstimated_INR + -12.5
None
(1, 15, 1, 4, 1, 1)
caused INR: -14.208823164947464
TpsAltruisticFromLsfGain + CumulativeIndividualEstimated_INR + -15.0
None
(1, 15, 1, 4, 1, 1)
caused INR: -16.451819033752873
TpsRandomic + IndividualEstimated_INR + -10.0
None
ls_gain_coeffs:
[-128.18308553 -127.84330275 -134.97633827 -118.53942826 -126.75708244
 -143.74243445 -144.19175116 -143.55512388 -119.15009287 -129.25844163
 -119.77586615 -132.58108756 -132.05847452 -147.60693932 -115.91463948]
inrs_hat:  [-17.19338549 -16.85360271 -23.98663823  -7.54972821 -15.76738239
 -32.7527344  -33.20205112 -32.56542384  -8.16039283 -18.26874159
  -8.78616611 -21.59138751 -21.06877448 -36.61723928  -4.92493944]
scheduled_ues:  [ 0  1  2  4  5  6  7  9 11 12 13]
(1, 15, 1, 4, 1, 1)
caused INR: -24.866039011210596
TpsRandomic + IndividualEstimated_INR + -12.5
None
ls_gain_coeffs:
[-133.51485073 -127.84330275 -125.20371576 -127.58692887 -142.31602597
 -132.19766536 -127.78711027 -130.90401134 -104.94889779 -134.7991146
 -133.03618852 -116.70341397 -145.27129998 -147.60693932 -123.2208895 ]
inrs_hat:  [-22.52515069 -16.85360271 -14.21401571 -16.59722883 -31.32632592
 -21.20796531 -16.79741023 -19.9143113    6.04080225 -23.80941456
 -22.04648848  -5.71371393 -34.28159994 -36.61723928 -12.23118946]
scheduled_ues:  [ 0  1  2  3  4  5  6  7  9 10 12 13]
(1, 15, 1, 4, 1, 1)
caused INR: -5.928623440353995
TpsRandomic + IndividualEstimated_INR + -15.0
None
ls_gain_coeffs:
[-128.18308553 -119.0534146  -134.97633827 -121.93352764 -128.3157542
 -146.43292718 -130.39352765 -142.92658627 -119.15009287 -134.7991146
 -133.03618852 -132.58108756 -132.05847452 -139.26040426 -133.01850543]
inrs_hat:  [-17.19338549  -8.06371455 -23.98663823 -10.9438276  -17.32605416
 -35.44322713 -19.4038276  -31.93688622  -8.16039283 -23.80941456
 -22.04648848 -21.59138751 -21.06877448 -28.27070422 -22.02880539]
scheduled_ues:  [ 0  2  4  5  6  7  9 10 11 12 13 14]
(1, 15, 1, 4, 1, 1)
caused INR: -17.927417354895894
TpsRandomic + CumulativeIndividualEstimated_INR + -10.0
None
(1, 15, 1, 4, 1, 1)
caused INR: -17.958130946762353
TpsRandomic + CumulativeIndividualEstimated_INR + -12.5
None
(1, 15, 1, 4, 1, 1)
caused INR: -10.545608007339442
TpsRandomic + CumulativeIndividualEstimated_INR + -15.0
None
(1, 15, 1, 4, 1, 1)
caused INR: -17.248872462898348
Iteration number 66
TpsAltruisticFromLsfGain + IndividualEstimated_INR + -10.0
None
ls_gain_coeffs:
[-132.00152602 -126.91649549 -123.75711549 -145.9499483  -121.74856346
 -142.50834964 -142.48900871 -145.8743662  -141.39407792 -149.0273284
 -153.96495735 -139.15093738 -131.4325091  -126.77268879 -144.28578364]
inrs_hat:  [-21.01182598 -15.92679545 -12.76741545 -34.96024826 -10.75886341
 -31.5186496  -31.49930867 -34.88466616 -30.40437788 -38.03762835
 -42.97525731 -28.16123733 -20.44280906 -15.78298875 -33.29608359]
scheduled_ues:  [ 0  1  2  3  4  5  6  7  8  9 10 11 12 13 14]
(1, 15, 1, 4, 1, 1)
caused INR: -17.33779711976168
TpsAltruisticFromLsfGain + IndividualEstimated_INR + -12.5
None
ls_gain_coeffs:
[-132.00152602 -126.91649549 -123.75711549 -145.9499483  -121.74856346
 -142.50834964 -142.48900871 -145.8743662  -141.39407792 -149.0273284
 -153.96495735 -139.15093738 -131.4325091  -126.77268879 -144.28578364]
inrs_hat:  [-21.01182598 -15.92679545 -12.76741545 -34.96024826 -10.75886341
 -31.5186496  -31.49930867 -34.88466616 -30.40437788 -38.03762835
 -42.97525731 -28.16123733 -20.44280906 -15.78298875 -33.29608359]
scheduled_ues:  [ 0  1  2  3  5  6  7  8  9 10 11 12 13 14]
(1, 15, 1, 4, 1, 1)
caused INR: -16.193672735980492
TpsAltruisticFromLsfGain + IndividualEstimated_INR + -15.0
None
ls_gain_coeffs:
[-132.00152602 -126.91649549 -123.75711549 -145.9499483  -121.74856346
 -142.50834964 -142.48900871 -145.8743662  -141.39407792 -149.0273284
 -153.96495735 -139.15093738 -131.4325091  -126.77268879 -144.28578364]
inrs_hat:  [-21.01182598 -15.92679545 -12.76741545 -34.96024826 -10.75886341
 -31.5186496  -31.49930867 -34.88466616 -30.40437788 -38.03762835
 -42.97525731 -28.16123733 -20.44280906 -15.78298875 -33.29608359]
scheduled_ues:  [ 0  1  3  5  6  7  8  9 10 11 12 13 14]
(1, 15, 1, 4, 1, 1)
caused INR: -16.594785589376006
TpsAltruisticFromLsfGain + CumulativeIndividualEstimated_INR + -10.0
None
(1, 15, 1, 4, 1, 1)
caused INR: -16.594785589376006
TpsAltruisticFromLsfGain + CumulativeIndividualEstimated_INR + -12.5
None
(1, 15, 1, 4, 1, 1)
caused INR: -18.306665488468013
TpsAltruisticFromLsfGain + CumulativeIndividualEstimated_INR + -15.0
None
(1, 15, 1, 4, 1, 1)
caused INR: -14.667619798526594
TpsRandomic + IndividualEstimated_INR + -10.0
None
ls_gain_coeffs:
[-114.9570953  -113.42136101 -105.20485977 -145.9499483  -119.46856543
 -141.4798358  -142.48900871 -145.8743662  -141.39407792 -135.24551923
 -145.49650099 -124.93565126 -131.4325091  -126.77268879 -140.99154028]
inrs_hat:  [ -3.96739526  -2.43166097   5.78484028 -34.96024826  -8.47886538
 -30.49013576 -31.49930867 -34.88466616 -30.40437788 -24.25581918
 -34.50680095 -13.94595121 -20.44280906 -15.78298875 -30.00184024]
scheduled_ues:  [ 3  5  6  7  8  9 10 11 12 13 14]
(1, 15, 1, 4, 1, 1)
caused INR: -23.20712518026437
TpsRandomic + IndividualEstimated_INR + -12.5
None
ls_gain_coeffs:
[-114.9570953  -126.91649549 -105.20485977 -137.91904163 -121.74856346
 -142.50834964 -141.89312763 -134.31381796 -138.5730075  -142.84210448
 -145.49650099 -123.01054968 -131.4325091  -110.30633721 -140.99154028]
inrs_hat:  [ -3.96739526 -15.92679545   5.78484028 -26.92934159 -10.75886341
 -31.5186496  -30.90342759 -23.32411791 -27.58330746 -31.85240444
 -34.50680095 -12.02084963 -20.44280906   0.68336283 -30.00184024]
scheduled_ues:  [ 1  3  5  6  7  8  9 10 12 14]
(1, 15, 1, 4, 1, 1)
caused INR: -17.583492736452435
TpsRandomic + IndividualEstimated_INR + -15.0
None
ls_gain_coeffs:
[-124.83430554 -113.42136101 -123.75711549 -133.29715607 -107.78696477
 -142.50834964 -142.48900871 -145.8743662  -141.39407792 -149.0273284
 -137.34593067 -123.01054968 -119.86753768 -120.56721603 -140.99154028]
inrs_hat:  [-13.84460549  -2.43166097 -12.76741545 -22.30745603   3.20273527
 -31.5186496  -31.49930867 -34.88466616 -30.40437788 -38.03762835
 -26.35623063 -12.02084963  -8.87783764  -9.57751598 -30.00184024]
scheduled_ues:  [ 3  5  6  7  8  9 10 14]
(1, 15, 1, 4, 1, 1)
caused INR: -19.667243478040284
TpsRandomic + CumulativeIndividualEstimated_INR + -10.0
None
(1, 15, 1, 4, 1, 1)
caused INR: -9.631909462493146
TpsRandomic + CumulativeIndividualEstimated_INR + -12.5
None
(1, 15, 1, 4, 1, 1)
caused INR: -11.090799953363122
TpsRandomic + CumulativeIndividualEstimated_INR + -15.0
None
(1, 15, 1, 4, 1, 1)
caused INR: -33.99053509498017
Iteration number 67
TpsAltruisticFromLsfGain + IndividualEstimated_INR + -10.0
None
ls_gain_coeffs:
[-139.37201134 -141.81115655 -117.71470278 -135.0266276  -136.63137894
 -131.25064861 -137.74275721 -149.58532147 -126.34757697 -148.70896258
 -140.14627263 -146.62242584 -141.90402157 -135.38211937 -137.30070855]
inrs_hat:  [-28.3823113  -30.82145651  -6.72500273 -24.03692756 -25.64167889
 -20.26094857 -26.75305717 -38.59562143 -15.35787692 -37.71926253
 -29.15657259 -35.6327258  -30.91432152 -24.39241933 -26.31100851]
scheduled_ues:  [ 0  1  3  4  5  6  7  8  9 10 11 12 13 14]
(1, 15, 1, 4, 1, 1)
caused INR: -24.62965350552228
TpsAltruisticFromLsfGain + IndividualEstimated_INR + -12.5
None
ls_gain_coeffs:
[-139.37201134 -141.81115655 -117.71470278 -135.0266276  -136.63137894
 -131.25064861 -137.74275721 -149.58532147 -126.34757697 -148.70896258
 -140.14627263 -146.62242584 -141.90402157 -135.38211937 -137.30070855]
inrs_hat:  [-28.3823113  -30.82145651  -6.72500273 -24.03692756 -25.64167889
 -20.26094857 -26.75305717 -38.59562143 -15.35787692 -37.71926253
 -29.15657259 -35.6327258  -30.91432152 -24.39241933 -26.31100851]
scheduled_ues:  [ 0  1  3  4  5  6  7  8  9 10 11 12 13 14]
(1, 15, 1, 4, 1, 1)
caused INR: -24.62965350552228
TpsAltruisticFromLsfGain + IndividualEstimated_INR + -15.0
None
ls_gain_coeffs:
[-139.37201134 -141.81115655 -117.71470278 -135.0266276  -136.63137894
 -131.25064861 -137.74275721 -149.58532147 -126.34757697 -148.70896258
 -140.14627263 -146.62242584 -141.90402157 -135.38211937 -137.30070855]
inrs_hat:  [-28.3823113  -30.82145651  -6.72500273 -24.03692756 -25.64167889
 -20.26094857 -26.75305717 -38.59562143 -15.35787692 -37.71926253
 -29.15657259 -35.6327258  -30.91432152 -24.39241933 -26.31100851]
scheduled_ues:  [ 0  1  3  4  5  6  7  8  9 10 11 12 13 14]
(1, 15, 1, 4, 1, 1)
caused INR: -24.62965350552228
TpsAltruisticFromLsfGain + CumulativeIndividualEstimated_INR + -10.0
None
(1, 15, 1, 4, 1, 1)
caused INR: -24.62965350552228
TpsAltruisticFromLsfGain + CumulativeIndividualEstimated_INR + -12.5
None
(1, 15, 1, 4, 1, 1)
caused INR: -18.564116147640608
TpsAltruisticFromLsfGain + CumulativeIndividualEstimated_INR + -15.0
None
(1, 15, 1, 4, 1, 1)
caused INR: -18.564116147640608
TpsRandomic + IndividualEstimated_INR + -10.0
None
ls_gain_coeffs:
[-134.61133125 -141.81115655 -117.71470278 -135.0266276  -122.45007793
 -113.9459844  -123.43971612 -136.94684398 -125.60206639 -132.07731903
 -133.79462056 -136.3367835  -141.90402157 -135.38211937 -137.30070855]
inrs_hat:  [-23.62163121 -30.82145651  -6.72500273 -24.03692756 -11.46037788
  -2.95628435 -12.45001608 -25.95714393 -14.61236635 -21.08761899
 -22.80492051 -25.34708345 -30.91432152 -24.39241933 -26.31100851]
scheduled_ues:  [ 0  1  3  4  6  7  8  9 10 11 12 13 14]
(1, 15, 1, 4, 1, 1)
caused INR: -6.484272724657453
TpsRandomic + IndividualEstimated_INR + -12.5
None
ls_gain_coeffs:
[-125.34351798 -141.81115655 -108.31383151 -118.70030308 -134.02182742
 -113.9459844  -137.74275721 -148.99468899 -113.40896992 -132.07731903
 -123.76508491 -129.79256973 -125.40838846 -135.38211937 -123.14238264]
inrs_hat:  [-14.35381794 -30.82145651   2.67586853  -7.71060304 -23.03212738
  -2.95628435 -26.75305717 -38.00498894  -2.41926987 -21.08761899
 -12.77538487 -18.80286969 -14.41868841 -24.39241933 -12.1526826 ]
scheduled_ues:  [ 0  1  4  6  7  9 10 11 12 13]
(1, 15, 1, 4, 1, 1)
caused INR: -4.639129944315736
TpsRandomic + IndividualEstimated_INR + -15.0
None
ls_gain_coeffs:
[-134.61133125 -125.16266341 -103.50140374 -128.38030567 -134.02182742
 -117.17209246 -131.21938573 -149.58532147 -125.60206639 -148.70896258
 -133.79462056 -136.3367835  -128.12316024 -127.44832361 -120.56905021]
inrs_hat:  [-23.62163121 -14.17296337   7.48829631 -17.39060563 -23.03212738
  -6.18239242 -20.22968569 -38.59562143 -14.61236635 -37.71926253
 -22.80492051 -25.34708345 -17.13346019 -16.45862357  -9.57935016]
scheduled_ues:  [ 0  3  4  6  7  9 10 11 12 13]
(1, 15, 1, 4, 1, 1)
caused INR: -7.657755500158215
TpsRandomic + CumulativeIndividualEstimated_INR + -10.0
None
(1, 15, 1, 4, 1, 1)
caused INR: -19.426412767981176
TpsRandomic + CumulativeIndividualEstimated_INR + -12.5
None
(1, 15, 1, 4, 1, 1)
caused INR: -8.958569058903427
TpsRandomic + CumulativeIndividualEstimated_INR + -15.0
None
(1, 15, 1, 4, 1, 1)
caused INR: -16.053066132953177
Iteration number 68
TpsAltruisticFromLsfGain + IndividualEstimated_INR + -10.0
None
ls_gain_coeffs:
[-137.53437565 -134.63960833 -147.44798889 -148.50965061 -128.54332761
 -131.66732873 -139.76735237 -120.25179353 -132.47373375 -131.41634653
 -144.20404327 -144.77473827 -133.88980424 -124.1183359  -141.78085377]
inrs_hat:  [-26.54467561 -23.64990829 -36.45828885 -37.51995056 -17.55362757
 -20.67762868 -28.77765232  -9.26209349 -21.48403371 -20.42664649
 -33.21434323 -33.78503823 -22.9001042  -13.12863585 -30.79115372]
scheduled_ues:  [ 0  1  2  3  4  5  6  8  9 10 11 12 13 14]
(1, 15, 1, 4, 1, 1)
caused INR: -15.524320195700678
TpsAltruisticFromLsfGain + IndividualEstimated_INR + -12.5
None
ls_gain_coeffs:
[-137.53437565 -134.63960833 -147.44798889 -148.50965061 -128.54332761
 -131.66732873 -139.76735237 -120.25179353 -132.47373375 -131.41634653
 -144.20404327 -144.77473827 -133.88980424 -124.1183359  -141.78085377]
inrs_hat:  [-26.54467561 -23.64990829 -36.45828885 -37.51995056 -17.55362757
 -20.67762868 -28.77765232  -9.26209349 -21.48403371 -20.42664649
 -33.21434323 -33.78503823 -22.9001042  -13.12863585 -30.79115372]
scheduled_ues:  [ 0  1  2  3  4  5  6  8  9 10 11 12 13 14]
(1, 15, 1, 4, 1, 1)
caused INR: -15.524320195700678
TpsAltruisticFromLsfGain + IndividualEstimated_INR + -15.0
None
ls_gain_coeffs:
[-137.53437565 -134.63960833 -147.44798889 -148.50965061 -128.54332761
 -131.66732873 -139.76735237 -120.25179353 -132.47373375 -131.41634653
 -144.20404327 -144.77473827 -133.88980424 -124.1183359  -141.78085377]
inrs_hat:  [-26.54467561 -23.64990829 -36.45828885 -37.51995056 -17.55362757
 -20.67762868 -28.77765232  -9.26209349 -21.48403371 -20.42664649
 -33.21434323 -33.78503823 -22.9001042  -13.12863585 -30.79115372]
scheduled_ues:  [ 0  1  2  3  4  5  6  8  9 10 11 12 14]
(1, 15, 1, 4, 1, 1)
caused INR: -20.941000971926623
TpsAltruisticFromLsfGain + CumulativeIndividualEstimated_INR + -10.0
None
(1, 15, 1, 4, 1, 1)
caused INR: -20.941000971926623
TpsAltruisticFromLsfGain + CumulativeIndividualEstimated_INR + -12.5
None
(1, 15, 1, 4, 1, 1)
caused INR: -22.408062080366044
TpsAltruisticFromLsfGain + CumulativeIndividualEstimated_INR + -15.0
None
(1, 15, 1, 4, 1, 1)
caused INR: -18.44051918053094
TpsRandomic + IndividualEstimated_INR + -10.0
None
ls_gain_coeffs:
[-125.3687101  -121.69215443 -138.18172872 -132.3708072  -128.54332761
 -117.49969155 -139.76735237 -107.4889379  -119.08149955 -119.19895121
 -144.20404327 -130.15473758 -133.88980424 -123.34159895 -127.53936788]
inrs_hat:  [-14.37901006 -10.70245438 -27.19202867 -21.38110716 -17.55362757
  -6.5099915  -28.77765232   3.50076214  -8.09179951  -8.20925117
 -33.21434323 -19.16503754 -22.9001042  -12.35189891 -16.54966784]
scheduled_ues:  [ 0  1  2  3  4  6 10 11 12 13 14]
(1, 15, 1, 4, 1, 1)
caused INR: -4.807840945062404
TpsRandomic + IndividualEstimated_INR + -12.5
None
ls_gain_coeffs:
[-125.3687101  -133.12204662 -147.44798889 -148.50965061 -128.54332761
 -131.66732873 -139.76735237 -110.52945069 -124.26204717 -114.69333052
 -127.88700295 -131.24393793 -123.9647253  -124.1183359  -136.38119611]
inrs_hat:  [-14.37901006 -22.13234657 -36.45828885 -37.51995056 -17.55362757
 -20.67762868 -28.77765232   0.46024935 -13.27234713  -3.70363047
 -16.89730291 -20.25423789 -12.97502525 -13.12863585 -25.39149607]
scheduled_ues:  [ 0  1  2  3  4  5  6  8 10 11 12 13 14]
(1, 15, 1, 4, 1, 1)
caused INR: -7.614591530866896
TpsRandomic + IndividualEstimated_INR + -15.0
None
ls_gain_coeffs:
[-125.3687101  -133.12204662 -130.74794877 -142.5485931  -114.48918486
 -118.36271014 -132.17317364 -110.52945069 -115.45097336 -122.62930982
 -127.88700295 -130.15473758 -123.9647253  -124.1183359  -125.739482  ]
inrs_hat:  [-14.37901006 -22.13234657 -19.75824872 -31.55889306  -3.49948481
  -7.37301009 -21.1834736    0.46024935  -4.46127332 -11.63960978
 -16.89730291 -19.16503754 -12.97502525 -13.12863585 -14.74978195]
scheduled_ues:  [ 1  2  3  6 10 11]
(1, 15, 1, 4, 1, 1)
caused INR: -15.961551524452277
TpsRandomic + CumulativeIndividualEstimated_INR + -10.0
None
(1, 15, 1, 4, 1, 1)
caused INR: -25.693733750312976
TpsRandomic + CumulativeIndividualEstimated_INR + -12.5
None
(1, 15, 1, 4, 1, 1)
caused INR: -9.842256568540627
TpsRandomic + CumulativeIndividualEstimated_INR + -15.0
None
(1, 15, 1, 4, 1, 1)
caused INR: -15.486756629101873
Iteration number 69
TpsAltruisticFromLsfGain + IndividualEstimated_INR + -10.0
None
ls_gain_coeffs:
[-133.33344647 -146.28098297 -137.22018044 -141.43298956 -140.99949564
 -131.86645767 -130.01633008 -129.87279786 -133.82170546 -143.77920623
 -138.54170602 -138.86102872 -113.06865053 -103.55075044 -150.01973584]
inrs_hat:  [-22.34374643 -35.29128292 -26.2304804  -30.44328951 -30.00979559
 -20.87675763 -19.02663004 -18.88309781 -22.83200541 -32.78950619
 -27.55200598 -27.87132868  -2.07895049   7.4389496  -39.03003579]
scheduled_ues:  [ 0  1  2  3  4  5  6  7  8  9 10 11 14]
(1, 15, 1, 4, 1, 1)
caused INR: -17.0339273985711
TpsAltruisticFromLsfGain + IndividualEstimated_INR + -12.5
None
ls_gain_coeffs:
[-133.33344647 -146.28098297 -137.22018044 -141.43298956 -140.99949564
 -131.86645767 -130.01633008 -129.87279786 -133.82170546 -143.77920623
 -138.54170602 -138.86102872 -113.06865053 -103.55075044 -150.01973584]
inrs_hat:  [-22.34374643 -35.29128292 -26.2304804  -30.44328951 -30.00979559
 -20.87675763 -19.02663004 -18.88309781 -22.83200541 -32.78950619
 -27.55200598 -27.87132868  -2.07895049   7.4389496  -39.03003579]
scheduled_ues:  [ 0  1  2  3  4  5  6  7  8  9 10 11 14]
(1, 15, 1, 4, 1, 1)
caused INR: -17.0339273985711
TpsAltruisticFromLsfGain + IndividualEstimated_INR + -15.0
None
ls_gain_coeffs:
[-133.33344647 -146.28098297 -137.22018044 -141.43298956 -140.99949564
 -131.86645767 -130.01633008 -129.87279786 -133.82170546 -143.77920623
 -138.54170602 -138.86102872 -113.06865053 -103.55075044 -150.01973584]
inrs_hat:  [-22.34374643 -35.29128292 -26.2304804  -30.44328951 -30.00979559
 -20.87675763 -19.02663004 -18.88309781 -22.83200541 -32.78950619
 -27.55200598 -27.87132868  -2.07895049   7.4389496  -39.03003579]
scheduled_ues:  [ 0  1  2  3  4  5  6  7  8  9 10 11 14]
(1, 15, 1, 4, 1, 1)
caused INR: -17.0339273985711
TpsAltruisticFromLsfGain + CumulativeIndividualEstimated_INR + -10.0
None
(1, 15, 1, 4, 1, 1)
caused INR: -17.0339273985711
TpsAltruisticFromLsfGain + CumulativeIndividualEstimated_INR + -12.5
None
(1, 15, 1, 4, 1, 1)
caused INR: -17.0339273985711
TpsAltruisticFromLsfGain + CumulativeIndividualEstimated_INR + -15.0
None
(1, 15, 1, 4, 1, 1)
caused INR: -14.335218528343805
TpsRandomic + IndividualEstimated_INR + -10.0
None
ls_gain_coeffs:
[-128.84904215 -132.48097252 -137.22018044 -129.39264711 -123.96959514
 -123.3383275  -112.00396495 -117.70785474 -130.21586209 -130.0045604
 -122.62922679 -121.81926458  -98.66665072  -88.06228549 -150.01973584]
inrs_hat:  [-17.85934211 -21.49127247 -26.2304804  -18.40294707 -12.97989509
 -12.34862746  -1.01426491  -6.7181547  -19.22616205 -19.01486036
 -11.63952675 -10.82956453  12.32304933  22.92741455 -39.03003579]
scheduled_ues:  [ 0  1  2  3  4  5  8  9 10 11 14]
(1, 15, 1, 4, 1, 1)
caused INR: -7.302354196395306
TpsRandomic + IndividualEstimated_INR + -12.5
None
ls_gain_coeffs:
[-119.39704503 -133.16017774 -120.96191576 -124.32842427 -140.99949564
 -123.3383275  -130.01633008 -113.00642598 -130.21586209 -143.77920623
 -124.46359191 -121.81926458 -107.18745109  -85.01542054 -133.43507707]
inrs_hat:  [ -8.40734499 -22.1704777   -9.97221572 -13.33872423 -30.00979559
 -12.34862746 -19.02663004  -2.01672594 -19.22616205 -32.78950619
 -13.47389187 -10.82956453   3.80224896  25.9742795  -22.44537703]
scheduled_ues:  [ 1  3  4  6  8  9 10 14]
(1, 15, 1, 4, 1, 1)
caused INR: -10.648824582810876
TpsRandomic + IndividualEstimated_INR + -15.0
None
ls_gain_coeffs:
[-128.84904215 -133.16017774 -130.77737726 -131.70580144 -130.31715478
 -115.17391296 -112.00396495 -113.00642598 -133.82170546 -139.78006875
 -133.23646166 -128.03435177  -96.7062509   -88.06228549 -141.59851109]
inrs_hat:  [-17.85934211 -22.1704777  -19.78767721 -20.71610139 -19.32745473
  -4.18421292  -1.01426491  -2.01672594 -22.83200541 -28.7903687
 -22.24676162 -17.04465172  14.28344914  22.92741455 -30.60881104]
scheduled_ues:  [ 0  1  2  3  4  8  9 10 11 14]
(1, 15, 1, 4, 1, 1)
caused INR: -11.925002713686187
TpsRandomic + CumulativeIndividualEstimated_INR + -10.0
None
(1, 15, 1, 4, 1, 1)
caused INR: -8.344172634841147
TpsRandomic + CumulativeIndividualEstimated_INR + -12.5
None
(1, 15, 1, 4, 1, 1)
caused INR: -17.415359104774556
TpsRandomic + CumulativeIndividualEstimated_INR + -15.0
None
(1, 15, 1, 4, 1, 1)
caused INR: -20.83281142065153
Iteration number 70
TpsAltruisticFromLsfGain + IndividualEstimated_INR + -10.0
None
ls_gain_coeffs:
[-146.81380897 -131.15132084 -149.73408462 -132.28352607 -151.98258602
 -146.93842043 -139.17414492 -150.58122618 -129.65234941 -146.72204271
 -136.32487635 -139.96960941 -143.5566024  -145.59018188 -133.66074313]
inrs_hat:  [-35.82410892 -20.1616208  -38.74438458 -21.29382602 -40.99288598
 -35.94872039 -28.18444488 -39.59152613 -18.66264937 -35.73234267
 -25.33517631 -28.97990937 -32.56690235 -34.60048184 -22.67104308]
scheduled_ues:  [ 0  1  2  3  4  5  6  7  8  9 10 11 12 13 14]
(1, 15, 1, 4, 1, 1)
caused INR: -11.241381388569206
TpsAltruisticFromLsfGain + IndividualEstimated_INR + -12.5
None
ls_gain_coeffs:
[-146.81380897 -131.15132084 -149.73408462 -132.28352607 -151.98258602
 -146.93842043 -139.17414492 -150.58122618 -129.65234941 -146.72204271
 -136.32487635 -139.96960941 -143.5566024  -145.59018188 -133.66074313]
inrs_hat:  [-35.82410892 -20.1616208  -38.74438458 -21.29382602 -40.99288598
 -35.94872039 -28.18444488 -39.59152613 -18.66264937 -35.73234267
 -25.33517631 -28.97990937 -32.56690235 -34.60048184 -22.67104308]
scheduled_ues:  [ 0  1  2  3  4  5  6  7  8  9 10 11 12 13 14]
(1, 15, 1, 4, 1, 1)
caused INR: -11.241381388569206
TpsAltruisticFromLsfGain + IndividualEstimated_INR + -15.0
None
ls_gain_coeffs:
[-146.81380897 -131.15132084 -149.73408462 -132.28352607 -151.98258602
 -146.93842043 -139.17414492 -150.58122618 -129.65234941 -146.72204271
 -136.32487635 -139.96960941 -143.5566024  -145.59018188 -133.66074313]
inrs_hat:  [-35.82410892 -20.1616208  -38.74438458 -21.29382602 -40.99288598
 -35.94872039 -28.18444488 -39.59152613 -18.66264937 -35.73234267
 -25.33517631 -28.97990937 -32.56690235 -34.60048184 -22.67104308]
scheduled_ues:  [ 0  1  2  3  4  5  6  7  8  9 10 11 12 13 14]
(1, 15, 1, 4, 1, 1)
caused INR: -11.241381388569206
TpsAltruisticFromLsfGain + CumulativeIndividualEstimated_INR + -10.0
None
(1, 15, 1, 4, 1, 1)
caused INR: -11.241381388569206
TpsAltruisticFromLsfGain + CumulativeIndividualEstimated_INR + -12.5
None
(1, 15, 1, 4, 1, 1)
caused INR: -11.241381388569206
TpsAltruisticFromLsfGain + CumulativeIndividualEstimated_INR + -15.0
None
(1, 15, 1, 4, 1, 1)
caused INR: -20.604309323378516
TpsRandomic + IndividualEstimated_INR + -10.0
None
ls_gain_coeffs:
[-136.69985742 -114.69134775 -133.34789338 -118.55124762 -135.70915959
 -146.93842043 -126.00037362 -138.42411822 -129.65234941 -138.06645848
 -119.72251218 -123.1281426  -131.41362586 -145.59018188 -123.97042843]
inrs_hat:  [-25.71015738  -3.70164771 -22.35819334  -7.56154757 -24.71945955
 -35.94872039 -15.01067358 -27.43441818 -18.66264937 -27.07675844
  -8.73281213 -12.13844256 -20.42392582 -34.60048184 -12.98072839]
scheduled_ues:  [ 0  2  4  5  6  7  8  9 11 12 13 14]
(1, 15, 1, 4, 1, 1)
caused INR: -7.570566523193614
TpsRandomic + IndividualEstimated_INR + -12.5
None
ls_gain_coeffs:
[-129.85520377 -124.19843733 -142.32622612 -128.41149071 -135.70915959
 -130.12711567 -125.26820233 -134.01731101 -116.64419525 -138.06645848
 -136.32487635 -139.96960941 -131.41362586 -131.82995251 -133.66074313]
inrs_hat:  [-18.86550372 -13.20873728 -31.33652608 -17.42179067 -24.71945955
 -19.13741563 -14.27850229 -23.02761097  -5.65449521 -27.07675844
 -25.33517631 -28.97990937 -20.42392582 -20.84025247 -22.67104308]
scheduled_ues:  [ 0  1  2  3  4  5  6  7  9 10 11 12 13 14]
(1, 15, 1, 4, 1, 1)
caused INR: -7.297425255307228
TpsRandomic + IndividualEstimated_INR + -15.0
None
ls_gain_coeffs:
[-136.69985742 -124.19843733 -133.34789338 -117.26056917 -138.53744837
 -130.12711567 -136.97763103 -138.42411822 -129.65234941 -130.02999179
 -119.72251218 -129.16962232 -134.68617086 -145.59018188 -116.86038095]
inrs_hat:  [-25.71015738 -13.20873728 -22.35819334  -6.27086912 -27.54774833
 -19.13741563 -25.98793099 -27.43441818 -18.66264937 -19.04029175
  -8.73281213 -18.17992227 -23.69647082 -34.60048184  -5.8706809 ]
scheduled_ues:  [ 0  2  4  5  6  7  8  9 11 12 13]
(1, 15, 1, 4, 1, 1)
caused INR: -6.603123459725479
TpsRandomic + CumulativeIndividualEstimated_INR + -10.0
None
(1, 15, 1, 4, 1, 1)
caused INR: -12.060104304540651
TpsRandomic + CumulativeIndividualEstimated_INR + -12.5
None
(1, 15, 1, 4, 1, 1)
caused INR: -11.205177952303103
TpsRandomic + CumulativeIndividualEstimated_INR + -15.0
None
(1, 15, 1, 4, 1, 1)
caused INR: -21.002366955786307
Iteration number 71
TpsAltruisticFromLsfGain + IndividualEstimated_INR + -10.0
None
ls_gain_coeffs:
[-145.397681   -145.69327247 -125.00018216 -134.32824262 -146.34898456
 -123.27036043 -133.18440224 -148.15475518 -140.79727472 -145.43234383
 -141.35681061 -139.07964313 -129.90758609 -145.32045893 -135.34560563]
inrs_hat:  [-34.40798095 -34.70357243 -14.01048211 -23.33854258 -35.35928452
 -12.28066038 -22.19470219 -37.16505513 -29.80757468 -34.44264379
 -30.36711056 -28.08994309 -18.91788605 -34.33075888 -24.35590559]
scheduled_ues:  [ 0  1  2  3  4  5  6  7  8  9 10 11 12 13 14]
(1, 15, 1, 4, 1, 1)
caused INR: -2.284755435939244
TpsAltruisticFromLsfGain + IndividualEstimated_INR + -12.5
None
ls_gain_coeffs:
[-145.397681   -145.69327247 -125.00018216 -134.32824262 -146.34898456
 -123.27036043 -133.18440224 -148.15475518 -140.79727472 -145.43234383
 -141.35681061 -139.07964313 -129.90758609 -145.32045893 -135.34560563]
inrs_hat:  [-34.40798095 -34.70357243 -14.01048211 -23.33854258 -35.35928452
 -12.28066038 -22.19470219 -37.16505513 -29.80757468 -34.44264379
 -30.36711056 -28.08994309 -18.91788605 -34.33075888 -24.35590559]
scheduled_ues:  [ 0  1  2  3  4  6  7  8  9 10 11 12 13 14]
(1, 15, 1, 4, 1, 1)
caused INR: -4.902248408450633
TpsAltruisticFromLsfGain + IndividualEstimated_INR + -15.0
None
ls_gain_coeffs:
[-145.397681   -145.69327247 -125.00018216 -134.32824262 -146.34898456
 -123.27036043 -133.18440224 -148.15475518 -140.79727472 -145.43234383
 -141.35681061 -139.07964313 -129.90758609 -145.32045893 -135.34560563]
inrs_hat:  [-34.40798095 -34.70357243 -14.01048211 -23.33854258 -35.35928452
 -12.28066038 -22.19470219 -37.16505513 -29.80757468 -34.44264379
 -30.36711056 -28.08994309 -18.91788605 -34.33075888 -24.35590559]
scheduled_ues:  [ 0  1  3  4  6  7  8  9 10 11 12 13 14]
(1, 15, 1, 4, 1, 1)
caused INR: -11.21312396792064
TpsAltruisticFromLsfGain + CumulativeIndividualEstimated_INR + -10.0
None
(1, 15, 1, 4, 1, 1)
caused INR: -4.902248408450633
TpsAltruisticFromLsfGain + CumulativeIndividualEstimated_INR + -12.5
None
(1, 15, 1, 4, 1, 1)
caused INR: -11.21312396792064
TpsAltruisticFromLsfGain + CumulativeIndividualEstimated_INR + -15.0
None
(1, 15, 1, 4, 1, 1)
caused INR: -31.863773360661742
TpsRandomic + IndividualEstimated_INR + -10.0
None
ls_gain_coeffs:
[-130.08990746 -135.1675563  -116.54793579 -116.82844629 -129.64898971
 -110.49659867 -131.48890694 -148.15475518 -140.79727472 -144.07677812
 -141.35681061 -139.07964313 -115.74358701 -137.43941247 -127.35348255]
inrs_hat:  [-19.10020742 -24.17785626  -5.55823574  -5.83874625 -18.65928966
   0.49310137 -20.49920689 -37.16505513 -29.80757468 -33.08707808
 -30.36711056 -28.08994309  -4.75388697 -26.44971243 -16.36378251]
scheduled_ues:  [ 0  1  4  6  7  8  9 10 11 13 14]
(1, 15, 1, 4, 1, 1)
caused INR: -15.170377306470876
TpsRandomic + IndividualEstimated_INR + -12.5
None
ls_gain_coeffs:
[-141.09842069 -135.1675563  -108.14946407 -134.32824262 -129.64898971
 -110.49659867 -120.17763714 -143.51948188 -140.79727472 -132.08703336
 -124.44606791 -130.28322672 -120.27849433 -132.43026493 -118.79326658]
inrs_hat:  [-30.10872065 -24.17785626   2.84023597 -23.33854258 -18.65928966
   0.49310137  -9.18793709 -32.52978184 -29.80757468 -21.09733331
 -13.45636787 -19.29352668  -9.28879429 -21.44056489  -7.80356653]
scheduled_ues:  [ 0  1  3  4  7  8  9 10 11 13]
(1, 15, 1, 4, 1, 1)
caused INR: -21.50022145673642
TpsRandomic + IndividualEstimated_INR + -15.0
None
ls_gain_coeffs:
[-141.09842069 -134.74864991 -112.19259236 -116.82844629 -137.12595446
 -110.66267955 -120.17763714 -148.15475518 -140.79727472 -145.43234383
 -141.35681061 -126.33654476 -111.79024067 -137.43941247 -122.6746506 ]
inrs_hat:  [-30.10872065 -23.75894986  -1.20289231  -5.83874625 -26.13625442
   0.32702049  -9.18793709 -37.16505513 -29.80757468 -34.44264379
 -30.36711056 -15.34684471  -0.80054063 -26.44971243 -11.68495056]
scheduled_ues:  [ 0  1  4  7  8  9 10 11 13]
(1, 15, 1, 4, 1, 1)
caused INR: -33.00254601720486
TpsRandomic + CumulativeIndividualEstimated_INR + -10.0
None
(1, 15, 1, 4, 1, 1)
caused INR: -12.811523279187899
TpsRandomic + CumulativeIndividualEstimated_INR + -12.5
None
(1, 15, 1, 4, 1, 1)
caused INR: -7.13171141009575
TpsRandomic + CumulativeIndividualEstimated_INR + -15.0
None
(1, 15, 1, 4, 1, 1)
caused INR: -12.317977478776172
Iteration number 72
TpsAltruisticFromLsfGain + IndividualEstimated_INR + -10.0
None
ls_gain_coeffs:
[-126.5194364  -120.94954054 -132.66404076 -143.87334635 -135.45900737
 -135.44230337 -120.43366362 -131.13371065 -147.40263304 -125.82989149
 -129.78923381 -126.47025171 -132.69610542 -154.42951193 -148.6679849 ]
inrs_hat:  [-15.52973635  -9.95984049 -21.67434072 -32.8836463  -24.46930732
 -24.45260332  -9.44396358 -20.14401061 -36.41293299 -14.84019145
 -18.79953377 -15.48055166 -21.70640538 -43.43981188 -37.67828486]
scheduled_ues:  [ 0  2  3  4  5  7  8  9 10 11 12 13 14]
(1, 15, 1, 4, 1, 1)
caused INR: -6.169873514303182
TpsAltruisticFromLsfGain + IndividualEstimated_INR + -12.5
None
ls_gain_coeffs:
[-126.5194364  -120.94954054 -132.66404076 -143.87334635 -135.45900737
 -135.44230337 -120.43366362 -131.13371065 -147.40263304 -125.82989149
 -129.78923381 -126.47025171 -132.69610542 -154.42951193 -148.6679849 ]
inrs_hat:  [-15.52973635  -9.95984049 -21.67434072 -32.8836463  -24.46930732
 -24.45260332  -9.44396358 -20.14401061 -36.41293299 -14.84019145
 -18.79953377 -15.48055166 -21.70640538 -43.43981188 -37.67828486]
scheduled_ues:  [ 0  2  3  4  5  7  8  9 10 11 12 13 14]
(1, 15, 1, 4, 1, 1)
caused INR: -6.169873514303182
TpsAltruisticFromLsfGain + IndividualEstimated_INR + -15.0
None
ls_gain_coeffs:
[-126.5194364  -120.94954054 -132.66404076 -143.87334635 -135.45900737
 -135.44230337 -120.43366362 -131.13371065 -147.40263304 -125.82989149
 -129.78923381 -126.47025171 -132.69610542 -154.42951193 -148.6679849 ]
inrs_hat:  [-15.52973635  -9.95984049 -21.67434072 -32.8836463  -24.46930732
 -24.45260332  -9.44396358 -20.14401061 -36.41293299 -14.84019145
 -18.79953377 -15.48055166 -21.70640538 -43.43981188 -37.67828486]
scheduled_ues:  [ 0  2  3  4  5  7  8 10 11 12 13 14]
(1, 15, 1, 4, 1, 1)
caused INR: -7.857624072636713
TpsAltruisticFromLsfGain + CumulativeIndividualEstimated_INR + -10.0
None
(1, 15, 1, 4, 1, 1)
caused INR: -9.535878700612756
TpsAltruisticFromLsfGain + CumulativeIndividualEstimated_INR + -12.5
None
(1, 15, 1, 4, 1, 1)
caused INR: -18.76960964894501
TpsAltruisticFromLsfGain + CumulativeIndividualEstimated_INR + -15.0
None
(1, 15, 1, 4, 1, 1)
caused INR: -24.833750715075105
TpsRandomic + IndividualEstimated_INR + -10.0
None
ls_gain_coeffs:
[-109.91070334 -120.94954054 -115.80057731 -130.51312163 -127.57469868
 -126.74476808 -107.71365146 -124.65306705 -132.56992828 -125.82989149
 -129.78923381 -116.20432998 -120.23869478 -140.74376938 -148.6679849 ]
inrs_hat:  [  1.0789967   -9.95984049  -4.81087727 -19.52342158 -16.58499864
 -15.75506803   3.27604858 -13.663367   -21.58022824 -14.84019145
 -18.79953377  -5.21462994  -9.24899474 -29.75406934 -37.67828486]
scheduled_ues:  [ 3  4  5  7  8  9 10 13 14]
(1, 15, 1, 4, 1, 1)
caused INR: -8.90887281154081
TpsRandomic + IndividualEstimated_INR + -12.5
None
ls_gain_coeffs:
[-120.26873681 -106.4722626  -118.13072245 -136.36834034 -127.57469868
 -135.44230337 -107.71365146 -124.65306705 -133.76548066 -125.82989149
 -116.17859834 -126.47025171 -132.67238946 -154.42951193 -135.04049922]
inrs_hat:  [ -9.27903677   4.51743744  -7.1410224  -25.37864029 -16.58499864
 -24.45260332   3.27604858 -13.663367   -22.77578061 -14.84019145
  -5.18889829 -15.48055166 -21.68268942 -43.43981188 -24.05079918]
scheduled_ues:  [ 3  4  5  7  8  9 11 12 13 14]
(1, 15, 1, 4, 1, 1)
caused INR: -7.150338640589743
TpsRandomic + IndividualEstimated_INR + -15.0
None
ls_gain_coeffs:
[-126.5194364  -107.49010157 -118.13072245 -136.36834034 -117.92625478
 -126.74476808 -107.71365146 -117.39832701 -133.76548066 -108.82629821
 -112.95629952 -126.47025171 -132.67238946 -148.23033331 -135.63344206]
inrs_hat:  [-15.52973635   3.49959847  -7.1410224  -25.37864029  -6.93655474
 -15.75506803   3.27604858  -6.40862697 -22.77578061   2.16340184
  -1.96659947 -15.48055166 -21.68268942 -37.24063326 -24.64374202]
scheduled_ues:  [ 0  3  5  8 11 12 13 14]
(1, 15, 1, 4, 1, 1)
caused INR: -9.63250536206914
TpsRandomic + CumulativeIndividualEstimated_INR + -10.0
None
(1, 15, 1, 4, 1, 1)
caused INR: -13.381223332153924
TpsRandomic + CumulativeIndividualEstimated_INR + -12.5
None
(1, 15, 1, 4, 1, 1)
caused INR: -7.599818025492216
TpsRandomic + CumulativeIndividualEstimated_INR + -15.0
None
(1, 15, 1, 4, 1, 1)
caused INR: -16.05474791673155
Iteration number 73
TpsAltruisticFromLsfGain + IndividualEstimated_INR + -10.0
None
ls_gain_coeffs:
[-123.305403   -148.11655757 -139.38283289 -132.51068575 -127.87841111
 -125.18814276 -132.47894274 -137.44170312 -132.02457456 -147.29062958
 -131.2460862  -131.51213172 -143.06797808 -142.72017673 -138.80680085]
inrs_hat:  [-12.31570295 -37.12685753 -28.39313285 -21.5209857  -16.88871107
 -14.19844271 -21.48924269 -26.45200308 -21.03487451 -36.30092954
 -20.25638616 -20.52243168 -32.07827804 -31.73047669 -27.81710081]
scheduled_ues:  [ 0  1  2  3  4  5  6  7  8  9 10 11 12 13 14]
(1, 15, 1, 4, 1, 1)
caused INR: -6.603158892677752
TpsAltruisticFromLsfGain + IndividualEstimated_INR + -12.5
None
ls_gain_coeffs:
[-123.305403   -148.11655757 -139.38283289 -132.51068575 -127.87841111
 -125.18814276 -132.47894274 -137.44170312 -132.02457456 -147.29062958
 -131.2460862  -131.51213172 -143.06797808 -142.72017673 -138.80680085]
inrs_hat:  [-12.31570295 -37.12685753 -28.39313285 -21.5209857  -16.88871107
 -14.19844271 -21.48924269 -26.45200308 -21.03487451 -36.30092954
 -20.25638616 -20.52243168 -32.07827804 -31.73047669 -27.81710081]
scheduled_ues:  [ 1  2  3  4  5  6  7  8  9 10 11 12 13 14]
(1, 15, 1, 4, 1, 1)
caused INR: -6.641939586089606
TpsAltruisticFromLsfGain + IndividualEstimated_INR + -15.0
None
ls_gain_coeffs:
[-123.305403   -148.11655757 -139.38283289 -132.51068575 -127.87841111
 -125.18814276 -132.47894274 -137.44170312 -132.02457456 -147.29062958
 -131.2460862  -131.51213172 -143.06797808 -142.72017673 -138.80680085]
inrs_hat:  [-12.31570295 -37.12685753 -28.39313285 -21.5209857  -16.88871107
 -14.19844271 -21.48924269 -26.45200308 -21.03487451 -36.30092954
 -20.25638616 -20.52243168 -32.07827804 -31.73047669 -27.81710081]
scheduled_ues:  [ 1  2  3  4  6  7  8  9 10 11 12 13 14]
(1, 15, 1, 4, 1, 1)
caused INR: -11.566953519159691
TpsAltruisticFromLsfGain + CumulativeIndividualEstimated_INR + -10.0
None
(1, 15, 1, 4, 1, 1)
caused INR: -11.566953519159691
TpsAltruisticFromLsfGain + CumulativeIndividualEstimated_INR + -12.5
None
(1, 15, 1, 4, 1, 1)
caused INR: -9.954803062107056
TpsAltruisticFromLsfGain + CumulativeIndividualEstimated_INR + -15.0
None
(1, 15, 1, 4, 1, 1)
caused INR: -11.899330001625174
TpsRandomic + IndividualEstimated_INR + -10.0
None
ls_gain_coeffs:
[-106.15860182 -138.23435365 -125.13725273 -116.04718994 -114.64798855
 -111.23111868 -132.47894274 -124.72028916 -114.33389167 -130.83970488
 -131.2460862  -131.51213172 -136.63621903 -131.70688821 -127.37370915]
inrs_hat:  [  4.83109822 -27.24465361 -14.14755268  -5.0574899   -3.65828851
  -0.24141864 -21.48924269 -13.73058911  -3.34419163 -19.85000483
 -20.25638616 -20.52243168 -25.64651899 -20.71718817 -16.38400911]
scheduled_ues:  [ 1  2  6  7  9 10 11 12 13 14]
(1, 15, 1, 4, 1, 1)
caused INR: -3.859232367041501
TpsRandomic + IndividualEstimated_INR + -12.5
None
ls_gain_coeffs:
[-110.08300727 -136.98517287 -139.38283289 -126.47784204 -127.87841111
 -113.59214863 -119.00087892 -124.72028916 -120.12447071 -134.11867968
 -113.67289032 -130.87612438 -143.06797808 -142.72017673 -122.11586129]
inrs_hat:  [  0.90669278 -25.99547283 -28.39313285 -15.48814199 -16.88871107
  -2.60244859  -8.01117888 -13.73058911  -9.13477067 -23.12897964
  -2.68319028 -19.88642434 -32.07827804 -31.73047669 -11.12616124]
scheduled_ues:  [ 1  2  3  4  7  9 11 12 13]
(1, 15, 1, 4, 1, 1)
caused INR: -6.174288527469111
TpsRandomic + IndividualEstimated_INR + -15.0
None
ls_gain_coeffs:
[-110.08300727 -136.98517287 -139.38283289 -126.47784204 -127.87841111
 -106.19083366 -115.98488164 -124.86019614 -120.12447071 -147.29062958
 -118.43937839 -118.64652683 -126.79938942 -131.70688821 -129.29961342]
inrs_hat:  [  0.90669278 -25.99547283 -28.39313285 -15.48814199 -16.88871107
   4.79886639  -4.9951816  -13.8704961   -9.13477067 -36.30092954
  -7.44967835  -7.65682679 -15.80968938 -20.71718817 -18.30991338]
scheduled_ues:  [ 1  2  3  4  9 12 13 14]
(1, 15, 1, 4, 1, 1)
caused INR: -10.65613822702728
TpsRandomic + CumulativeIndividualEstimated_INR + -10.0
None
(1, 15, 1, 4, 1, 1)
caused INR: -13.375688959928105
TpsRandomic + CumulativeIndividualEstimated_INR + -12.5
None
(1, 15, 1, 4, 1, 1)
caused INR: -23.478824661112732
TpsRandomic + CumulativeIndividualEstimated_INR + -15.0
None
(1, 15, 1, 4, 1, 1)
caused INR: -17.54706254576273
Iteration number 74
TpsAltruisticFromLsfGain + IndividualEstimated_INR + -10.0
None
ls_gain_coeffs:
[-144.40815166 -143.36952899 -135.27077378 -128.79099215 -151.79530263
 -140.16149829 -149.34986646 -124.8701819  -139.71309291 -124.63836789
 -129.80231734 -122.69135367 -113.11065901 -138.50580137 -139.34158104]
inrs_hat:  [-33.41845162 -32.37982895 -24.28107373 -17.80129211 -40.80560259
 -29.17179825 -38.36016641 -13.88048186 -28.72339287 -13.64866785
 -18.8126173  -11.70165363  -2.12095896 -27.51610133 -28.35188099]
scheduled_ues:  [ 0  1  2  3  4  5  6  7  8  9 10 11 13 14]
(1, 15, 1, 4, 1, 1)
caused INR: -11.812149573660683
TpsAltruisticFromLsfGain + IndividualEstimated_INR + -12.5
None
ls_gain_coeffs:
[-144.40815166 -143.36952899 -135.27077378 -128.79099215 -151.79530263
 -140.16149829 -149.34986646 -124.8701819  -139.71309291 -124.63836789
 -129.80231734 -122.69135367 -113.11065901 -138.50580137 -139.34158104]
inrs_hat:  [-33.41845162 -32.37982895 -24.28107373 -17.80129211 -40.80560259
 -29.17179825 -38.36016641 -13.88048186 -28.72339287 -13.64866785
 -18.8126173  -11.70165363  -2.12095896 -27.51610133 -28.35188099]
scheduled_ues:  [ 0  1  2  3  4  5  6  7  8  9 10 13 14]
(1, 15, 1, 4, 1, 1)
caused INR: -18.764155218595697
TpsAltruisticFromLsfGain + IndividualEstimated_INR + -15.0
None
ls_gain_coeffs:
[-144.40815166 -143.36952899 -135.27077378 -128.79099215 -151.79530263
 -140.16149829 -149.34986646 -124.8701819  -139.71309291 -124.63836789
 -129.80231734 -122.69135367 -113.11065901 -138.50580137 -139.34158104]
inrs_hat:  [-33.41845162 -32.37982895 -24.28107373 -17.80129211 -40.80560259
 -29.17179825 -38.36016641 -13.88048186 -28.72339287 -13.64866785
 -18.8126173  -11.70165363  -2.12095896 -27.51610133 -28.35188099]
scheduled_ues:  [ 0  1  2  3  4  5  6  8 10 13 14]
(1, 15, 1, 4, 1, 1)
caused INR: -18.498187158840388
TpsAltruisticFromLsfGain + CumulativeIndividualEstimated_INR + -10.0
None
(1, 15, 1, 4, 1, 1)
caused INR: -24.58520509993608
TpsAltruisticFromLsfGain + CumulativeIndividualEstimated_INR + -12.5
None
(1, 15, 1, 4, 1, 1)
caused INR: -18.498187158840388
TpsAltruisticFromLsfGain + CumulativeIndividualEstimated_INR + -15.0
None
(1, 15, 1, 4, 1, 1)
caused INR: -23.84319121775887
TpsRandomic + IndividualEstimated_INR + -10.0
None
ls_gain_coeffs:
[-141.57174313 -130.57696088 -126.12532492 -111.81012571 -143.32357176
 -131.29908141 -135.30451231 -124.8701819  -124.28034769 -120.54281249
 -120.87581838 -108.04843447  -98.00492063 -138.47905459 -131.98398171]
inrs_hat:  [-30.58204309 -19.58726083 -15.13562488  -0.82042566 -32.33387171
 -20.30938137 -24.31481226 -13.88048186 -13.29064765  -9.55311245
  -9.88611833   2.94126558  12.98477941 -27.48935455 -20.99428167]
scheduled_ues:  [ 0  1  2  4  5  6  7  8 13 14]
(1, 15, 1, 4, 1, 1)
caused INR: -9.414801743794781
TpsRandomic + IndividualEstimated_INR + -12.5
None
ls_gain_coeffs:
[-141.57174313 -130.57696088 -135.27077378 -128.79099215 -143.32357176
 -123.17898897 -149.34986646 -111.38935727 -139.71309291 -124.63836789
 -117.61612181 -122.69135367  -98.00492063 -126.05528578 -139.34158104]
inrs_hat:  [-30.58204309 -19.58726083 -24.28107373 -17.80129211 -32.33387171
 -12.18928893 -38.36016641  -0.39965723 -28.72339287 -13.64866785
  -6.62642177 -11.70165363  12.98477941 -15.06558573 -28.35188099]
scheduled_ues:  [ 0  1  2  3  4  6  8  9 13 14]
(1, 15, 1, 4, 1, 1)
caused INR: -18.273737316570543
TpsRandomic + IndividualEstimated_INR + -15.0
None
ls_gain_coeffs:
[-141.57174313 -130.57696088 -122.10771459 -128.79099215 -143.32357176
 -127.50049653 -143.71800654 -121.75250801 -125.7759203  -120.54281249
 -113.02517009 -109.14909407 -113.11065901 -126.05528578 -139.34158104]
inrs_hat:  [-30.58204309 -19.58726083 -11.11801455 -17.80129211 -32.33387171
 -16.51079649 -32.72830649 -10.76280797 -14.78622026  -9.55311245
  -2.03547005   1.84060597  -2.12095896 -15.06558573 -28.35188099]
scheduled_ues:  [ 0  1  3  4  5  6 13 14]
(1, 15, 1, 4, 1, 1)
caused INR: -9.99541199682506
TpsRandomic + CumulativeIndividualEstimated_INR + -10.0
None
(1, 15, 1, 4, 1, 1)
caused INR: -6.3371586690554516
TpsRandomic + CumulativeIndividualEstimated_INR + -12.5
None
(1, 15, 1, 4, 1, 1)
caused INR: -13.662328468180576
TpsRandomic + CumulativeIndividualEstimated_INR + -15.0
None
(1, 15, 1, 4, 1, 1)
caused INR: -28.10986095498246
Iteration number 75
TpsAltruisticFromLsfGain + IndividualEstimated_INR + -10.0
None
ls_gain_coeffs:
[-135.20421467 -127.92992044 -145.55580873 -144.85749626 -128.60106187
 -139.61709305 -141.18525859 -121.59176645 -124.31338755 -141.86368889
 -150.02183354 -147.44279928 -142.51816131 -145.15044985 -141.25564336]
inrs_hat:  [-24.21451463 -16.9402204  -34.56610868 -33.86779622 -17.61136183
 -28.62739301 -30.19555855 -10.60206641 -13.32368751 -30.87398885
 -39.0321335  -36.45309924 -31.52846126 -34.1607498  -30.26594332]
scheduled_ues:  [ 0  1  2  3  4  5  6  7  8  9 10 11 12 13 14]
(1, 15, 1, 4, 1, 1)
caused INR: -5.144991850219272
TpsAltruisticFromLsfGain + IndividualEstimated_INR + -12.5
None
ls_gain_coeffs:
[-135.20421467 -127.92992044 -145.55580873 -144.85749626 -128.60106187
 -139.61709305 -141.18525859 -121.59176645 -124.31338755 -141.86368889
 -150.02183354 -147.44279928 -142.51816131 -145.15044985 -141.25564336]
inrs_hat:  [-24.21451463 -16.9402204  -34.56610868 -33.86779622 -17.61136183
 -28.62739301 -30.19555855 -10.60206641 -13.32368751 -30.87398885
 -39.0321335  -36.45309924 -31.52846126 -34.1607498  -30.26594332]
scheduled_ues:  [ 0  1  2  3  4  5  6  8  9 10 11 12 13 14]
(1, 15, 1, 4, 1, 1)
caused INR: -5.019011971332622
TpsAltruisticFromLsfGain + IndividualEstimated_INR + -15.0
None
ls_gain_coeffs:
[-135.20421467 -127.92992044 -145.55580873 -144.85749626 -128.60106187
 -139.61709305 -141.18525859 -121.59176645 -124.31338755 -141.86368889
 -150.02183354 -147.44279928 -142.51816131 -145.15044985 -141.25564336]
inrs_hat:  [-24.21451463 -16.9402204  -34.56610868 -33.86779622 -17.61136183
 -28.62739301 -30.19555855 -10.60206641 -13.32368751 -30.87398885
 -39.0321335  -36.45309924 -31.52846126 -34.1607498  -30.26594332]
scheduled_ues:  [ 0  1  2  3  4  5  6  9 10 11 12 13 14]
(1, 15, 1, 4, 1, 1)
caused INR: -11.640120517106649
TpsAltruisticFromLsfGain + CumulativeIndividualEstimated_INR + -10.0
None
(1, 15, 1, 4, 1, 1)
caused INR: -5.019011971332622
TpsAltruisticFromLsfGain + CumulativeIndividualEstimated_INR + -12.5
None
(1, 15, 1, 4, 1, 1)
caused INR: -11.640120517106649
TpsAltruisticFromLsfGain + CumulativeIndividualEstimated_INR + -15.0
None
(1, 15, 1, 4, 1, 1)
caused INR: -14.743104856058267
TpsRandomic + IndividualEstimated_INR + -10.0
None
ls_gain_coeffs:
[-135.20421467 -110.80799389 -144.06976703 -144.85749626 -116.66678455
 -125.60401153 -141.18525859 -121.59176645 -107.29059114 -128.85990702
 -137.76191033 -147.44279928 -142.51816131 -128.38803446 -141.25564336]
inrs_hat:  [-24.21451463   0.18170616 -33.08006699 -33.86779622  -5.6770845
 -14.61431149 -30.19555855 -10.60206641   3.6991089  -17.87020697
 -26.77221028 -36.45309924 -31.52846126 -17.39833441 -30.26594332]
scheduled_ues:  [ 0  2  3  5  6  7  9 10 11 12 13 14]
(1, 15, 1, 4, 1, 1)
caused INR: -13.268025893815523
TpsRandomic + IndividualEstimated_INR + -12.5
None
ls_gain_coeffs:
[-123.09584531 -127.92992044 -145.55580873 -141.84541401 -111.64269177
 -125.60401153 -131.75413434 -107.07313846 -107.29059114 -125.09306897
 -133.40705308 -134.82592929 -142.51816131 -128.38803446 -135.37293364]
inrs_hat:  [-12.10614526 -16.9402204  -34.56610868 -30.85571397  -0.65299172
 -14.61431149 -20.7644343    3.91656158   3.6991089  -14.10336893
 -22.41735304 -23.83622925 -31.52846126 -17.39833441 -24.3832336 ]
scheduled_ues:  [ 1  2  3  5  6  9 10 11 12 13 14]
(1, 15, 1, 4, 1, 1)
caused INR: -10.12817225802153
TpsRandomic + IndividualEstimated_INR + -15.0
None
ls_gain_coeffs:
[-135.20421467 -114.83740231 -132.61886149 -131.41186884 -128.60106187
 -126.38975229 -124.19343075 -104.52080263 -115.28180594 -125.09306897
 -141.49379584 -147.44279928 -127.95174033 -136.78392567 -135.37293364]
inrs_hat:  [-24.21451463  -3.84770227 -21.62916145 -20.4221688  -17.61136183
 -15.40005225 -13.20373071   6.46889741  -4.2921059  -14.10336893
 -30.5040958  -36.45309924 -16.96204029 -25.79422563 -24.3832336 ]
scheduled_ues:  [ 0  2  3  4  5 10 11 12 13 14]
(1, 15, 1, 4, 1, 1)
caused INR: -9.549655116062876
TpsRandomic + CumulativeIndividualEstimated_INR + -10.0
None
(1, 15, 1, 4, 1, 1)
caused INR: -18.63518966062396
TpsRandomic + CumulativeIndividualEstimated_INR + -12.5
None
(1, 15, 1, 4, 1, 1)
caused INR: -12.674634873722063
TpsRandomic + CumulativeIndividualEstimated_INR + -15.0
None
(1, 15, 1, 4, 1, 1)
caused INR: -13.846959393960992
Iteration number 76
TpsAltruisticFromLsfGain + IndividualEstimated_INR + -10.0
None
ls_gain_coeffs:
[-132.00179213 -150.92118012 -141.33506259 -143.72823467 -142.1662513
 -144.983123   -137.75457593 -134.40044356 -133.04977157 -149.86543174
 -146.43132728 -138.35103966 -138.22303561 -140.22734038 -127.3407864 ]
inrs_hat:  [-21.01209208 -39.93148007 -30.34536255 -32.73853462 -31.17655126
 -33.99342296 -26.76487589 -23.41074351 -22.06007153 -38.87573169
 -35.44162723 -27.36133962 -27.23333556 -29.23764034 -16.35108635]
scheduled_ues:  [ 0  1  2  3  4  5  6  7  8  9 10 11 12 13 14]
(1, 15, 1, 4, 1, 1)
caused INR: -12.591622336117148
TpsAltruisticFromLsfGain + IndividualEstimated_INR + -12.5
None
ls_gain_coeffs:
[-132.00179213 -150.92118012 -141.33506259 -143.72823467 -142.1662513
 -144.983123   -137.75457593 -134.40044356 -133.04977157 -149.86543174
 -146.43132728 -138.35103966 -138.22303561 -140.22734038 -127.3407864 ]
inrs_hat:  [-21.01209208 -39.93148007 -30.34536255 -32.73853462 -31.17655126
 -33.99342296 -26.76487589 -23.41074351 -22.06007153 -38.87573169
 -35.44162723 -27.36133962 -27.23333556 -29.23764034 -16.35108635]
scheduled_ues:  [ 0  1  2  3  4  5  6  7  8  9 10 11 12 13 14]
(1, 15, 1, 4, 1, 1)
caused INR: -12.591622336117148
TpsAltruisticFromLsfGain + IndividualEstimated_INR + -15.0
None
ls_gain_coeffs:
[-132.00179213 -150.92118012 -141.33506259 -143.72823467 -142.1662513
 -144.983123   -137.75457593 -134.40044356 -133.04977157 -149.86543174
 -146.43132728 -138.35103966 -138.22303561 -140.22734038 -127.3407864 ]
inrs_hat:  [-21.01209208 -39.93148007 -30.34536255 -32.73853462 -31.17655126
 -33.99342296 -26.76487589 -23.41074351 -22.06007153 -38.87573169
 -35.44162723 -27.36133962 -27.23333556 -29.23764034 -16.35108635]
scheduled_ues:  [ 0  1  2  3  4  5  6  7  8  9 10 11 12 13 14]
(1, 15, 1, 4, 1, 1)
caused INR: -12.591622336117148
TpsAltruisticFromLsfGain + CumulativeIndividualEstimated_INR + -10.0
None
(1, 15, 1, 4, 1, 1)
caused INR: -12.591622336117148
TpsAltruisticFromLsfGain + CumulativeIndividualEstimated_INR + -12.5
None
(1, 15, 1, 4, 1, 1)
caused INR: -12.591622336117148
TpsAltruisticFromLsfGain + CumulativeIndividualEstimated_INR + -15.0
None
(1, 15, 1, 4, 1, 1)
caused INR: -25.39950442880425
TpsRandomic + IndividualEstimated_INR + -10.0
None
ls_gain_coeffs:
[-132.00179213 -150.92118012 -127.25447215 -143.72823467 -142.1662513
 -141.94595347 -126.66358203 -120.21918225 -133.04977157 -149.86543174
 -140.51292208 -127.58482163 -138.22303561 -140.22734038 -109.32676709]
inrs_hat:  [-21.01209208 -39.93148007 -16.26477211 -32.73853462 -31.17655126
 -30.95625343 -15.67388198  -9.2294822  -22.06007153 -38.87573169
 -29.52322204 -16.59512159 -27.23333556 -29.23764034   1.66293295]
scheduled_ues:  [ 0  1  2  3  4  5  6  8  9 10 11 12 13]
(1, 15, 1, 4, 1, 1)
caused INR: -5.1635234275049875
TpsRandomic + IndividualEstimated_INR + -12.5
None
ls_gain_coeffs:
[-132.00179213 -143.37209144 -127.25447215 -126.88528058 -133.86122517
 -144.983123   -126.66358203 -134.40044356 -133.04977157 -142.43492477
 -146.43132728 -127.58482163 -138.22303561 -140.22734038 -114.50199342]
inrs_hat:  [-21.01209208 -32.3823914  -16.26477211 -15.89558054 -22.87152513
 -33.99342296 -15.67388198 -23.41074351 -22.06007153 -31.44522473
 -35.44162723 -16.59512159 -27.23333556 -29.23764034  -3.51229337]
scheduled_ues:  [ 0  1  2  3  4  5  6  7  8  9 10 11 12 13]
(1, 15, 1, 4, 1, 1)
caused INR: -2.557344913737486
TpsRandomic + IndividualEstimated_INR + -15.0
None
ls_gain_coeffs:
[-126.14003622 -150.92118012 -127.25447215 -126.88528058 -133.86122517
 -131.52913316 -120.97536588 -134.40044356 -121.71052401 -142.43492477
 -130.14127593 -138.35103966 -121.24428051 -140.22734038 -116.59314077]
inrs_hat:  [-15.15033618 -39.93148007 -16.26477211 -15.89558054 -22.87152513
 -20.53943311  -9.98566584 -23.41074351 -10.72082397 -31.44522473
 -19.15157588 -27.36133962 -10.25458047 -29.23764034  -5.60344073]
scheduled_ues:  [ 0  1  2  3  4  5  7  9 10 11 13]
(1, 15, 1, 4, 1, 1)
caused INR: -16.231033035401477
TpsRandomic + CumulativeIndividualEstimated_INR + -10.0
None
(1, 15, 1, 4, 1, 1)
caused INR: -12.951590335146495
TpsRandomic + CumulativeIndividualEstimated_INR + -12.5
None
(1, 15, 1, 4, 1, 1)
caused INR: -11.107872684714104
TpsRandomic + CumulativeIndividualEstimated_INR + -15.0
None
(1, 15, 1, 4, 1, 1)
caused INR: -15.876618140058067
Iteration number 77
TpsAltruisticFromLsfGain + IndividualEstimated_INR + -10.0
None
ls_gain_coeffs:
[-145.85093754 -140.52416093 -139.24560565 -142.25784005 -142.57424268
 -136.96432136 -143.21051373 -126.45229029 -124.61408099 -118.73325221
 -141.95775402 -141.17899652 -135.67407322 -144.15807284 -138.56609644]
inrs_hat:  [-34.86123749 -29.53446089 -28.25590561 -31.26814001 -31.58454264
 -25.97462132 -32.22081369 -15.46259025 -13.62438094  -7.74355217
 -30.96805398 -30.18929647 -24.68437318 -33.1683728  -27.5763964 ]
scheduled_ues:  [ 0  1  2  3  4  5  6  7  8 10 11 12 13 14]
(1, 15, 1, 4, 1, 1)
caused INR: -6.122180562234679
TpsAltruisticFromLsfGain + IndividualEstimated_INR + -12.5
None
ls_gain_coeffs:
[-145.85093754 -140.52416093 -139.24560565 -142.25784005 -142.57424268
 -136.96432136 -143.21051373 -126.45229029 -124.61408099 -118.73325221
 -141.95775402 -141.17899652 -135.67407322 -144.15807284 -138.56609644]
inrs_hat:  [-34.86123749 -29.53446089 -28.25590561 -31.26814001 -31.58454264
 -25.97462132 -32.22081369 -15.46259025 -13.62438094  -7.74355217
 -30.96805398 -30.18929647 -24.68437318 -33.1683728  -27.5763964 ]
scheduled_ues:  [ 0  1  2  3  4  5  6  7  8 10 11 12 13 14]
(1, 15, 1, 4, 1, 1)
caused INR: -6.122180562234679
TpsAltruisticFromLsfGain + IndividualEstimated_INR + -15.0
None
ls_gain_coeffs:
[-145.85093754 -140.52416093 -139.24560565 -142.25784005 -142.57424268
 -136.96432136 -143.21051373 -126.45229029 -124.61408099 -118.73325221
 -141.95775402 -141.17899652 -135.67407322 -144.15807284 -138.56609644]
inrs_hat:  [-34.86123749 -29.53446089 -28.25590561 -31.26814001 -31.58454264
 -25.97462132 -32.22081369 -15.46259025 -13.62438094  -7.74355217
 -30.96805398 -30.18929647 -24.68437318 -33.1683728  -27.5763964 ]
scheduled_ues:  [ 0  1  2  3  4  5  6  7 10 11 12 13 14]
(1, 15, 1, 4, 1, 1)
caused INR: -6.872293080054886
TpsAltruisticFromLsfGain + CumulativeIndividualEstimated_INR + -10.0
None
(1, 15, 1, 4, 1, 1)
caused INR: -6.122180562234679
TpsAltruisticFromLsfGain + CumulativeIndividualEstimated_INR + -12.5
None
(1, 15, 1, 4, 1, 1)
caused INR: -6.872293080054886
TpsAltruisticFromLsfGain + CumulativeIndividualEstimated_INR + -15.0
None
(1, 15, 1, 4, 1, 1)
caused INR: -24.269971326227648
TpsRandomic + IndividualEstimated_INR + -10.0
None
ls_gain_coeffs:
[-136.47603664 -124.92760526 -128.92371687 -129.70736676 -133.91696269
 -132.32972801 -137.49944412 -113.37074473 -107.48657875 -115.41914195
 -140.49134411 -130.17432315 -133.24395677 -144.15807284 -138.56609644]
inrs_hat:  [-25.4863366  -13.93790522 -17.93401683 -18.71766672 -22.92726265
 -21.34002797 -26.50974407  -2.38104468   3.5031213   -4.42944191
 -29.50164407 -19.18462311 -22.25425673 -33.1683728  -27.5763964 ]
scheduled_ues:  [ 0  1  2  3  4  5  6 10 11 12 13 14]
(1, 15, 1, 4, 1, 1)
caused INR: -16.033339459834465
TpsRandomic + IndividualEstimated_INR + -12.5
None
ls_gain_coeffs:
[-133.9913167  -126.5050831  -128.92371687 -142.25784005 -129.98591818
 -122.97785691 -127.01824209 -124.53245359 -114.99936908 -105.18694879
 -128.53854741 -130.62018891 -122.4224344  -144.15807284 -122.30000208]
inrs_hat:  [-23.00161666 -15.51538305 -17.93401683 -31.26814001 -18.99621813
 -11.98815687 -16.02854204 -13.54275355  -4.00966904   5.80275125
 -17.54884737 -19.63048887 -11.43273436 -33.1683728  -11.31030203]
scheduled_ues:  [ 0  1  2  3  4  6  7 10 11 13]
(1, 15, 1, 4, 1, 1)
caused INR: -23.939013902162575
TpsRandomic + IndividualEstimated_INR + -15.0
None
ls_gain_coeffs:
[-145.85093754 -135.79172743 -128.92371687 -125.63236924 -142.57424268
 -122.97785691 -137.49944412 -124.53245359 -107.48657875 -104.08224537
 -128.53854741 -141.17899652 -133.24395677 -127.21515951 -132.02211142]
inrs_hat:  [-34.86123749 -24.80202739 -17.93401683 -14.6426692  -31.58454264
 -11.98815687 -26.50974407 -13.54275355   3.5031213    6.90745467
 -17.54884737 -30.18929647 -22.25425673 -16.22545947 -21.03241137]
scheduled_ues:  [ 0  1  2  4  6 10 11 12 13 14]
(1, 15, 1, 4, 1, 1)
caused INR: -9.968018174398663
TpsRandomic + CumulativeIndividualEstimated_INR + -10.0
None
(1, 15, 1, 4, 1, 1)
caused INR: -8.343454506493341
TpsRandomic + CumulativeIndividualEstimated_INR + -12.5
None
(1, 15, 1, 4, 1, 1)
caused INR: -19.724480927115135
TpsRandomic + CumulativeIndividualEstimated_INR + -15.0
None
(1, 15, 1, 4, 1, 1)
caused INR: -13.288986804673355
Iteration number 78
TpsAltruisticFromLsfGain + IndividualEstimated_INR + -10.0
None
ls_gain_coeffs:
[-136.67276062 -137.64399825 -124.68465307 -146.92803193 -140.73093982
 -137.66572636 -137.75869935 -134.31848793 -132.68527807 -136.40390624
 -122.50351796 -130.56779011 -146.78620791 -130.30559053 -134.01946911]
inrs_hat:  [-25.68306058 -26.6542982  -13.69495303 -35.93833189 -29.74123978
 -26.67602631 -26.76899931 -23.32878789 -21.69557802 -25.4142062
 -11.51381792 -19.57809007 -35.79650787 -19.31589049 -23.02976907]
scheduled_ues:  [ 0  1  2  3  4  5  6  7  8  9 10 11 12 13 14]
(1, 15, 1, 4, 1, 1)
caused INR: -18.97236660048862
TpsAltruisticFromLsfGain + IndividualEstimated_INR + -12.5
None
ls_gain_coeffs:
[-136.67276062 -137.64399825 -124.68465307 -146.92803193 -140.73093982
 -137.66572636 -137.75869935 -134.31848793 -132.68527807 -136.40390624
 -122.50351796 -130.56779011 -146.78620791 -130.30559053 -134.01946911]
inrs_hat:  [-25.68306058 -26.6542982  -13.69495303 -35.93833189 -29.74123978
 -26.67602631 -26.76899931 -23.32878789 -21.69557802 -25.4142062
 -11.51381792 -19.57809007 -35.79650787 -19.31589049 -23.02976907]
scheduled_ues:  [ 0  1  2  3  4  5  6  7  8  9 11 12 13 14]
(1, 15, 1, 4, 1, 1)
caused INR: -19.141974275004486
TpsAltruisticFromLsfGain + IndividualEstimated_INR + -15.0
None
ls_gain_coeffs:
[-136.67276062 -137.64399825 -124.68465307 -146.92803193 -140.73093982
 -137.66572636 -137.75869935 -134.31848793 -132.68527807 -136.40390624
 -122.50351796 -130.56779011 -146.78620791 -130.30559053 -134.01946911]
inrs_hat:  [-25.68306058 -26.6542982  -13.69495303 -35.93833189 -29.74123978
 -26.67602631 -26.76899931 -23.32878789 -21.69557802 -25.4142062
 -11.51381792 -19.57809007 -35.79650787 -19.31589049 -23.02976907]
scheduled_ues:  [ 0  1  3  4  5  6  7  8  9 11 12 13 14]
(1, 15, 1, 4, 1, 1)
caused INR: -12.085814115002254
TpsAltruisticFromLsfGain + CumulativeIndividualEstimated_INR + -10.0
None
(1, 15, 1, 4, 1, 1)
caused INR: -19.141974275004486
TpsAltruisticFromLsfGain + CumulativeIndividualEstimated_INR + -12.5
None
(1, 15, 1, 4, 1, 1)
caused INR: -12.085814115002254
TpsAltruisticFromLsfGain + CumulativeIndividualEstimated_INR + -15.0
None
(1, 15, 1, 4, 1, 1)
caused INR: -13.543416060553888
TpsRandomic + IndividualEstimated_INR + -10.0
None
ls_gain_coeffs:
[-136.67276062 -137.64399825 -124.68465307 -146.92803193 -124.12770792
 -137.66572636 -121.27130557 -118.13220977 -124.03572672 -136.40390624
 -122.50351796 -129.91170933 -146.78620791 -121.54018401 -121.30034786]
inrs_hat:  [-25.68306058 -26.6542982  -13.69495303 -35.93833189 -13.13800787
 -26.67602631 -10.28160552  -7.14250973 -13.04602668 -25.4142062
 -11.51381792 -18.92200929 -35.79650787 -10.55048397 -10.31064782]
scheduled_ues:  [ 0  1  2  3  4  5  6  8  9 10 11 12 13 14]
(1, 15, 1, 4, 1, 1)
caused INR: -13.851266608099323
TpsRandomic + IndividualEstimated_INR + -12.5
None
ls_gain_coeffs:
[-136.67276062 -120.77688351 -111.03151971 -146.92803193 -140.73093982
 -124.1141742  -124.20454792 -134.31848793 -120.26251001 -136.40390624
 -109.16918169 -129.91170933 -142.31113762 -116.89213625 -121.02282661]
inrs_hat:  [-25.68306058  -9.78718347  -0.04181967 -35.93833189 -29.74123978
 -13.12447415 -13.21484787 -23.32878789  -9.27280997 -25.4142062
   1.82051835 -18.92200929 -31.32143758  -5.90243621 -10.03312657]
scheduled_ues:  [ 0  3  4  5  6  7  9 11 12]
(1, 15, 1, 4, 1, 1)
caused INR: -20.20831266333106
TpsRandomic + IndividualEstimated_INR + -15.0
None
ls_gain_coeffs:
[-136.67276062 -137.64399825 -116.25332731 -146.92803193 -124.12770792
 -134.33586988 -137.75869935 -128.42533533 -132.68527807 -119.98651354
 -108.27644542 -117.68880292 -131.36122772 -130.30559053 -121.30034786]
inrs_hat:  [-25.68306058 -26.6542982   -5.26362727 -35.93833189 -13.13800787
 -23.34616984 -26.76899931 -17.43563528 -21.69557802  -8.9968135
   2.71325462  -6.69910288 -20.37152768 -19.31589049 -10.31064782]
scheduled_ues:  [ 0  1  3  5  6  7  8 12 13]
(1, 15, 1, 4, 1, 1)
caused INR: -13.389898680560549
TpsRandomic + CumulativeIndividualEstimated_INR + -10.0
None
(1, 15, 1, 4, 1, 1)
caused INR: -27.028614165613668
TpsRandomic + CumulativeIndividualEstimated_INR + -12.5
None
(1, 15, 1, 4, 1, 1)
caused INR: -25.32345638587447
TpsRandomic + CumulativeIndividualEstimated_INR + -15.0
None
(1, 15, 1, 4, 1, 1)
caused INR: -23.847431081363077
Iteration number 79
TpsAltruisticFromLsfGain + IndividualEstimated_INR + -10.0
None
ls_gain_coeffs:
[-138.77548025 -132.81697108 -139.5326558  -148.0065377  -121.70689293
 -137.07636368 -148.69823006 -149.57713711 -137.54885777 -145.06162645
 -133.29261493 -138.55819945 -139.33644167 -148.10668017 -133.8734433 ]
inrs_hat:  [-27.78578021 -21.82727103 -28.54295576 -37.01683766 -10.71719289
 -26.08666364 -37.70853002 -38.58743707 -26.55915773 -34.0719264
 -22.30291488 -27.56849941 -28.34674163 -37.11698013 -22.88374325]
scheduled_ues:  [ 0  1  2  3  4  5  6  7  8  9 10 11 12 13 14]
(1, 15, 1, 4, 1, 1)
caused INR: -8.675233147357893
TpsAltruisticFromLsfGain + IndividualEstimated_INR + -12.5
None
ls_gain_coeffs:
[-138.77548025 -132.81697108 -139.5326558  -148.0065377  -121.70689293
 -137.07636368 -148.69823006 -149.57713711 -137.54885777 -145.06162645
 -133.29261493 -138.55819945 -139.33644167 -148.10668017 -133.8734433 ]
inrs_hat:  [-27.78578021 -21.82727103 -28.54295576 -37.01683766 -10.71719289
 -26.08666364 -37.70853002 -38.58743707 -26.55915773 -34.0719264
 -22.30291488 -27.56849941 -28.34674163 -37.11698013 -22.88374325]
scheduled_ues:  [ 0  1  2  3  5  6  7  8  9 10 11 12 13 14]
(1, 15, 1, 4, 1, 1)
caused INR: -20.203021773058076
TpsAltruisticFromLsfGain + IndividualEstimated_INR + -15.0
None
ls_gain_coeffs:
[-138.77548025 -132.81697108 -139.5326558  -148.0065377  -121.70689293
 -137.07636368 -148.69823006 -149.57713711 -137.54885777 -145.06162645
 -133.29261493 -138.55819945 -139.33644167 -148.10668017 -133.8734433 ]
inrs_hat:  [-27.78578021 -21.82727103 -28.54295576 -37.01683766 -10.71719289
 -26.08666364 -37.70853002 -38.58743707 -26.55915773 -34.0719264
 -22.30291488 -27.56849941 -28.34674163 -37.11698013 -22.88374325]
scheduled_ues:  [ 0  1  2  3  5  6  7  8  9 10 11 12 13 14]
(1, 15, 1, 4, 1, 1)
caused INR: -20.203021773058076
TpsAltruisticFromLsfGain + CumulativeIndividualEstimated_INR + -10.0
None
(1, 15, 1, 4, 1, 1)
caused INR: -20.203021773058076
TpsAltruisticFromLsfGain + CumulativeIndividualEstimated_INR + -12.5
None
(1, 15, 1, 4, 1, 1)
caused INR: -20.203021773058076
TpsAltruisticFromLsfGain + CumulativeIndividualEstimated_INR + -15.0
None
(1, 15, 1, 4, 1, 1)
caused INR: -20.203021773058076
TpsRandomic + IndividualEstimated_INR + -10.0
None
ls_gain_coeffs:
[-121.72258033 -132.81697108 -126.00269374 -138.58688638 -121.70689293
 -137.07636368 -142.77667528 -144.15448731 -123.75913551 -133.55882054
 -120.69706213 -124.73889719 -128.65972362 -135.04383818 -117.20499329]
inrs_hat:  [-10.73288028 -21.82727103 -15.0129937  -27.59718633 -10.71719289
 -26.08666364 -31.78697524 -33.16478726 -12.76943547 -22.56912049
  -9.70736208 -13.74919715 -17.67002358 -24.05413814  -6.21529324]
scheduled_ues:  [ 0  1  2  3  4  5  6  7  8  9 11 12 13]
(1, 15, 1, 4, 1, 1)
caused INR: -9.750140846627996
TpsRandomic + IndividualEstimated_INR + -12.5
None
ls_gain_coeffs:
[-138.77548025 -119.08580945 -132.21628062 -138.58688638 -108.37341203
 -124.44958632 -132.4567058  -135.40607783 -133.504491   -135.34463114
 -120.69706213 -123.36119493 -139.33644167 -146.24295421 -133.8734433 ]
inrs_hat:  [-27.78578021  -8.0961094  -21.22658058 -27.59718633   2.61628801
 -13.45988628 -21.46700576 -24.41637779 -22.51479096 -24.3549311
  -9.70736208 -12.37149489 -28.34674163 -35.25325417 -22.88374325]
scheduled_ues:  [ 0  2  3  5  6  7  8  9 12 13 14]
(1, 15, 1, 4, 1, 1)
caused INR: -13.157199021091813
TpsRandomic + IndividualEstimated_INR + -15.0
None
ls_gain_coeffs:
[-126.71436546 -132.81697108 -132.21628062 -136.42586617 -119.03125022
 -137.07636368 -132.4567058  -149.57713711 -137.54885777 -128.23092584
 -133.29261493 -124.73889719 -122.24939637 -134.4225962  -125.74016305]
inrs_hat:  [-15.72466542 -21.82727103 -21.22658058 -25.43616612  -8.04155018
 -26.08666364 -21.46700576 -38.58743707 -26.55915773 -17.2412258
 -22.30291488 -13.74919715 -11.25969633 -23.43289615 -14.750463  ]
scheduled_ues:  [ 0  1  2  3  5  6  7  8  9 10 13]
(1, 15, 1, 4, 1, 1)
caused INR: -7.757804197203686
TpsRandomic + CumulativeIndividualEstimated_INR + -10.0
None
(1, 15, 1, 4, 1, 1)
caused INR: -15.260474177248147
TpsRandomic + CumulativeIndividualEstimated_INR + -12.5
None
(1, 15, 1, 4, 1, 1)
caused INR: -15.489797719995405
TpsRandomic + CumulativeIndividualEstimated_INR + -15.0
None
(1, 15, 1, 4, 1, 1)
caused INR: -16.07309131728886
Iteration number 80
TpsAltruisticFromLsfGain + IndividualEstimated_INR + -10.0
None
ls_gain_coeffs:
[-152.31924166 -138.78417696 -137.57374867 -137.37335229 -122.24582046
 -145.47480012 -133.08951642 -131.35326749 -146.95556524 -154.0938966
 -140.37349804 -142.93175036 -144.38039745 -148.28320605 -127.45021243]
inrs_hat:  [-41.32954162 -27.79447692 -26.58404863 -26.38365225 -11.25612042
 -34.48510008 -22.09981638 -20.36356745 -35.9658652  -43.10419655
 -29.383798   -31.94205032 -33.39069741 -37.293506   -16.46051238]
scheduled_ues:  [ 0  1  2  3  4  5  6  7  8  9 10 11 12 13 14]
(1, 15, 1, 4, 1, 1)
caused INR: -19.948966945052117
TpsAltruisticFromLsfGain + IndividualEstimated_INR + -12.5
None
ls_gain_coeffs:
[-152.31924166 -138.78417696 -137.57374867 -137.37335229 -122.24582046
 -145.47480012 -133.08951642 -131.35326749 -146.95556524 -154.0938966
 -140.37349804 -142.93175036 -144.38039745 -148.28320605 -127.45021243]
inrs_hat:  [-41.32954162 -27.79447692 -26.58404863 -26.38365225 -11.25612042
 -34.48510008 -22.09981638 -20.36356745 -35.9658652  -43.10419655
 -29.383798   -31.94205032 -33.39069741 -37.293506   -16.46051238]
scheduled_ues:  [ 0  1  2  3  5  6  7  8  9 10 11 12 13 14]
(1, 15, 1, 4, 1, 1)
caused INR: -16.12079440428205
TpsAltruisticFromLsfGain + IndividualEstimated_INR + -15.0
None
ls_gain_coeffs:
[-152.31924166 -138.78417696 -137.57374867 -137.37335229 -122.24582046
 -145.47480012 -133.08951642 -131.35326749 -146.95556524 -154.0938966
 -140.37349804 -142.93175036 -144.38039745 -148.28320605 -127.45021243]
inrs_hat:  [-41.32954162 -27.79447692 -26.58404863 -26.38365225 -11.25612042
 -34.48510008 -22.09981638 -20.36356745 -35.9658652  -43.10419655
 -29.383798   -31.94205032 -33.39069741 -37.293506   -16.46051238]
scheduled_ues:  [ 0  1  2  3  5  6  7  8  9 10 11 12 13 14]
(1, 15, 1, 4, 1, 1)
caused INR: -16.12079440428205
TpsAltruisticFromLsfGain + CumulativeIndividualEstimated_INR + -10.0
None
(1, 15, 1, 4, 1, 1)
caused INR: -16.12079440428205
TpsAltruisticFromLsfGain + CumulativeIndividualEstimated_INR + -12.5
None
(1, 15, 1, 4, 1, 1)
caused INR: -16.12079440428205
TpsAltruisticFromLsfGain + CumulativeIndividualEstimated_INR + -15.0
None
(1, 15, 1, 4, 1, 1)
caused INR: -18.096403568765158
TpsRandomic + IndividualEstimated_INR + -10.0
None
ls_gain_coeffs:
[-141.93288013 -138.78417696 -124.63853374 -137.2813351  -122.24582046
 -128.98509694 -120.31986153 -124.50142107 -130.78623541 -140.29380029
 -126.89304942 -133.21411025 -132.95168113 -148.28320605 -113.26728178]
inrs_hat:  [-30.94318009 -27.79447692 -13.6488337  -26.29163506 -11.25612042
 -17.9953969   -9.33016149 -13.51172103 -19.79653537 -29.30410024
 -15.90334937 -22.22441021 -21.96198109 -37.293506    -2.27758173]
scheduled_ues:  [ 0  1  2  3  4  5  7  8  9 10 11 12 13]
(1, 15, 1, 4, 1, 1)
caused INR: -6.722369997306906
TpsRandomic + IndividualEstimated_INR + -12.5
None
ls_gain_coeffs:
[-141.59690513 -138.78417696 -124.63853374 -124.9010799  -117.31339869
 -145.47480012 -133.08951642 -117.85654908 -141.27220041 -154.0938966
 -140.37349804 -131.13709951 -132.95168113 -137.53764099 -113.26728178]
inrs_hat:  [-30.60720509 -27.79447692 -13.6488337  -13.91137985  -6.32369865
 -34.48510008 -22.09981638  -6.86684903 -30.28250036 -43.10419655
 -29.383798   -20.14739947 -21.96198109 -26.54794095  -2.27758173]
scheduled_ues:  [ 0  1  2  3  5  6  8  9 10 11 12 13]
(1, 15, 1, 4, 1, 1)
caused INR: -10.265062608332915
TpsRandomic + IndividualEstimated_INR + -15.0
None
ls_gain_coeffs:
[-152.31924166 -138.78417696 -124.63853374 -124.8704075  -117.31339869
 -128.98509694 -133.08951642 -131.35326749 -130.78623541 -154.0938966
 -126.89304942 -142.93175036 -134.68168398 -137.53764099 -127.45021243]
inrs_hat:  [-41.32954162 -27.79447692 -13.6488337  -13.88070746  -6.32369865
 -17.9953969  -22.09981638 -20.36356745 -19.79653537 -43.10419655
 -15.90334937 -31.94205032 -23.69198394 -26.54794095 -16.46051238]
scheduled_ues:  [ 0  1  5  6  7  8  9 10 11 12 13 14]
(1, 15, 1, 4, 1, 1)
caused INR: -11.042207616179564
TpsRandomic + CumulativeIndividualEstimated_INR + -10.0
None
(1, 15, 1, 4, 1, 1)
caused INR: -16.969836281609446
TpsRandomic + CumulativeIndividualEstimated_INR + -12.5
None
(1, 15, 1, 4, 1, 1)
caused INR: -14.974476997681645
TpsRandomic + CumulativeIndividualEstimated_INR + -15.0
None
(1, 15, 1, 4, 1, 1)
caused INR: -21.37077768047551
Iteration number 81
TpsAltruisticFromLsfGain + IndividualEstimated_INR + -10.0
None
ls_gain_coeffs:
[-127.80148967 -130.06844689 -123.2839451  -132.32295738 -131.63098603
 -122.04837084 -128.86130303 -133.98192634 -147.98083118 -147.76296586
 -145.84533103 -135.37275074 -125.9414059  -148.52797462 -142.03740256]
inrs_hat:  [-16.81178962 -19.07874685 -12.29424506 -21.33325734 -20.64128598
 -11.0586708  -17.87160299 -22.9922263  -36.99113113 -36.77326582
 -34.85563098 -24.38305069 -14.95170586 -37.53827458 -31.04770252]
scheduled_ues:  [ 0  1  2  3  4  5  6  7  8  9 10 11 12 13 14]
(1, 15, 1, 4, 1, 1)
caused INR: -1.5469462857155625
TpsAltruisticFromLsfGain + IndividualEstimated_INR + -12.5
None
ls_gain_coeffs:
[-127.80148967 -130.06844689 -123.2839451  -132.32295738 -131.63098603
 -122.04837084 -128.86130303 -133.98192634 -147.98083118 -147.76296586
 -145.84533103 -135.37275074 -125.9414059  -148.52797462 -142.03740256]
inrs_hat:  [-16.81178962 -19.07874685 -12.29424506 -21.33325734 -20.64128598
 -11.0586708  -17.87160299 -22.9922263  -36.99113113 -36.77326582
 -34.85563098 -24.38305069 -14.95170586 -37.53827458 -31.04770252]
scheduled_ues:  [ 0  1  3  4  6  7  8  9 10 11 12 13 14]
(1, 15, 1, 4, 1, 1)
caused INR: -6.195023229571599
TpsAltruisticFromLsfGain + IndividualEstimated_INR + -15.0
None
ls_gain_coeffs:
[-127.80148967 -130.06844689 -123.2839451  -132.32295738 -131.63098603
 -122.04837084 -128.86130303 -133.98192634 -147.98083118 -147.76296586
 -145.84533103 -135.37275074 -125.9414059  -148.52797462 -142.03740256]
inrs_hat:  [-16.81178962 -19.07874685 -12.29424506 -21.33325734 -20.64128598
 -11.0586708  -17.87160299 -22.9922263  -36.99113113 -36.77326582
 -34.85563098 -24.38305069 -14.95170586 -37.53827458 -31.04770252]
scheduled_ues:  [ 0  1  3  4  6  7  8  9 10 11 13 14]
(1, 15, 1, 4, 1, 1)
caused INR: -8.792813970333563
TpsAltruisticFromLsfGain + CumulativeIndividualEstimated_INR + -10.0
None
(1, 15, 1, 4, 1, 1)
caused INR: -8.792813970333563
TpsAltruisticFromLsfGain + CumulativeIndividualEstimated_INR + -12.5
None
(1, 15, 1, 4, 1, 1)
caused INR: -8.147716072754477
TpsAltruisticFromLsfGain + CumulativeIndividualEstimated_INR + -15.0
None
(1, 15, 1, 4, 1, 1)
caused INR: -10.106043564428806
TpsRandomic + IndividualEstimated_INR + -10.0
None
ls_gain_coeffs:
[-127.80148967 -130.06844689 -113.41191568 -124.70976388 -115.08333985
 -102.5051547  -112.21269108 -120.29835111 -147.11291459 -141.61947722
 -128.93334792 -135.37275074 -115.64513188 -139.65243429 -135.59119778]
inrs_hat:  [-16.81178962 -19.07874685  -2.42221563 -13.72006383  -4.09363981
   8.48454535  -1.22299103  -9.30865107 -36.12321455 -30.62977718
 -17.94364788 -24.38305069  -4.65543184 -28.66273425 -24.60149773]
scheduled_ues:  [ 0  1  3  8  9 10 11 13 14]
(1, 15, 1, 4, 1, 1)
caused INR: -16.991768134685074
TpsRandomic + IndividualEstimated_INR + -12.5
None
ls_gain_coeffs:
[-110.91160576 -120.53471393 -113.41191568 -117.76019197 -118.37229472
 -122.04837084 -128.86130303 -120.29835111 -135.24992565 -131.57953625
 -135.78903098 -135.37275074 -115.64513188 -136.5658927  -142.03740256]
inrs_hat:  [  0.07809428  -9.54501389  -2.42221563  -6.77049192  -7.38259468
 -11.0586708  -17.87160299  -9.30865107 -24.2602256  -20.58983621
 -24.79933093 -24.38305069  -4.65543184 -25.57619265 -31.04770252]
scheduled_ues:  [ 6  8  9 10 11 13 14]
(1, 15, 1, 4, 1, 1)
caused INR: -15.645178157864216
TpsRandomic + IndividualEstimated_INR + -15.0
None
ls_gain_coeffs:
[-127.80148967 -113.12660524 -105.00780801 -124.70976388 -131.63098603
 -122.04837084 -121.3453626  -120.29835111 -147.98083118 -133.98119529
 -134.51926486 -127.40597836 -125.9414059  -136.5658927  -125.44253712]
inrs_hat:  [-16.81178962  -2.1369052    5.98189204 -13.72006383 -20.64128598
 -11.0586708  -10.35566256  -9.30865107 -36.99113113 -22.99149524
 -23.52956482 -16.41627831 -14.95170586 -25.57619265 -14.45283707]
scheduled_ues:  [ 0  4  8  9 10 11 13]
(1, 15, 1, 4, 1, 1)
caused INR: -20.84006182161025
TpsRandomic + CumulativeIndividualEstimated_INR + -10.0
None
(1, 15, 1, 4, 1, 1)
caused INR: -11.930555326127879
TpsRandomic + CumulativeIndividualEstimated_INR + -12.5
None
(1, 15, 1, 4, 1, 1)
caused INR: -18.165674597770035
TpsRandomic + CumulativeIndividualEstimated_INR + -15.0
None
(1, 15, 1, 4, 1, 1)
caused INR: -12.677308336047485
Iteration number 82
TpsAltruisticFromLsfGain + IndividualEstimated_INR + -10.0
None
ls_gain_coeffs:
[-144.48623904 -131.02828398 -137.97451151 -141.77333746 -143.85126565
 -150.61991221 -125.26614876 -140.34774691 -145.92057882 -125.77794295
 -145.50455388 -146.03889741 -134.56498332 -132.08152012 -134.08017265]
inrs_hat:  [-33.496539   -20.03858394 -26.98481146 -30.78363741 -32.8615656
 -39.63021217 -14.27644872 -29.35804687 -34.93087877 -14.78824291
 -34.51485384 -35.04919737 -23.57528328 -21.09182008 -23.09047261]
scheduled_ues:  [ 0  1  2  3  4  5  6  7  8  9 10 11 12 13 14]
(1, 15, 1, 4, 1, 1)
caused INR: -6.236137291917236
TpsAltruisticFromLsfGain + IndividualEstimated_INR + -12.5
None
ls_gain_coeffs:
[-144.48623904 -131.02828398 -137.97451151 -141.77333746 -143.85126565
 -150.61991221 -125.26614876 -140.34774691 -145.92057882 -125.77794295
 -145.50455388 -146.03889741 -134.56498332 -132.08152012 -134.08017265]
inrs_hat:  [-33.496539   -20.03858394 -26.98481146 -30.78363741 -32.8615656
 -39.63021217 -14.27644872 -29.35804687 -34.93087877 -14.78824291
 -34.51485384 -35.04919737 -23.57528328 -21.09182008 -23.09047261]
scheduled_ues:  [ 0  1  2  3  4  5  6  7  8  9 10 11 12 13 14]
(1, 15, 1, 4, 1, 1)
caused INR: -6.236137291917236
TpsAltruisticFromLsfGain + IndividualEstimated_INR + -15.0
None
ls_gain_coeffs:
[-144.48623904 -131.02828398 -137.97451151 -141.77333746 -143.85126565
 -150.61991221 -125.26614876 -140.34774691 -145.92057882 -125.77794295
 -145.50455388 -146.03889741 -134.56498332 -132.08152012 -134.08017265]
inrs_hat:  [-33.496539   -20.03858394 -26.98481146 -30.78363741 -32.8615656
 -39.63021217 -14.27644872 -29.35804687 -34.93087877 -14.78824291
 -34.51485384 -35.04919737 -23.57528328 -21.09182008 -23.09047261]
scheduled_ues:  [ 0  1  2  3  4  5  7  8 10 11 12 13 14]
(1, 15, 1, 4, 1, 1)
caused INR: -13.550988541695993
TpsAltruisticFromLsfGain + CumulativeIndividualEstimated_INR + -10.0
None
(1, 15, 1, 4, 1, 1)
caused INR: -10.193452872269207
TpsAltruisticFromLsfGain + CumulativeIndividualEstimated_INR + -12.5
None
(1, 15, 1, 4, 1, 1)
caused INR: -13.550988541695993
TpsAltruisticFromLsfGain + CumulativeIndividualEstimated_INR + -15.0
None
(1, 15, 1, 4, 1, 1)
caused INR: -14.528094694306454
TpsRandomic + IndividualEstimated_INR + -10.0
None
ls_gain_coeffs:
[-134.211956   -114.27761203 -121.11556054 -130.28478765 -136.11134924
 -134.65613809 -125.26614876 -139.60453022 -132.27600295 -125.77794295
 -131.88231844 -146.03889741 -120.97606324 -122.67821878 -125.73665238]
inrs_hat:  [-23.22225596  -3.28791198 -10.1258605  -19.2950876  -25.12164919
 -23.66643805 -14.27644872 -28.61483018 -21.2863029  -14.78824291
 -20.8926184  -35.04919737  -9.9863632  -11.68851874 -14.74695234]
scheduled_ues:  [ 0  2  3  4  5  6  7  8  9 10 11 13 14]
(1, 15, 1, 4, 1, 1)
caused INR: -5.974335748579427
TpsRandomic + IndividualEstimated_INR + -12.5
None
ls_gain_coeffs:
[-133.34377079 -122.61623832 -121.11556054 -130.28478765 -130.81453961
 -150.61991221 -111.81499432 -139.60453022 -145.92057882 -125.77794295
 -130.701683   -135.04435647 -119.82874316 -132.08152012 -125.73665238]
inrs_hat:  [-22.35407075 -11.62653827 -10.1258605  -19.2950876  -19.82483956
 -39.63021217  -0.82529427 -28.61483018 -34.93087877 -14.78824291
 -19.71198296 -24.05465643  -8.83904312 -21.09182008 -14.74695234]
scheduled_ues:  [ 0  3  4  5  7  8  9 10 11 13 14]
(1, 15, 1, 4, 1, 1)
caused INR: -9.104945918101992
TpsRandomic + IndividualEstimated_INR + -15.0
None
ls_gain_coeffs:
[-133.34377079 -118.38058574 -130.05514447 -130.28478765 -143.85126565
 -134.65613809 -125.26614876 -139.60453022 -142.31165121 -112.65836898
 -145.50455388 -146.03889741 -134.56498332 -132.08152012 -120.41716483]
inrs_hat:  [-22.35407075  -7.3908857  -19.06544443 -19.2950876  -32.8615656
 -23.66643805 -14.27644872 -28.61483018 -31.32195117  -1.66866893
 -34.51485384 -35.04919737 -23.57528328 -21.09182008  -9.42746478]
scheduled_ues:  [ 0  2  3  4  5  7  8 10 11 12 13]
(1, 15, 1, 4, 1, 1)
caused INR: -24.2074832823425
TpsRandomic + CumulativeIndividualEstimated_INR + -10.0
None
(1, 15, 1, 4, 1, 1)
caused INR: -10.64606432707883
TpsRandomic + CumulativeIndividualEstimated_INR + -12.5
None
(1, 15, 1, 4, 1, 1)
caused INR: -27.89395889322496
TpsRandomic + CumulativeIndividualEstimated_INR + -15.0
None
(1, 15, 1, 4, 1, 1)
caused INR: -21.142452545435482
Iteration number 83
TpsAltruisticFromLsfGain + IndividualEstimated_INR + -10.0
None
ls_gain_coeffs:
[-139.34123343 -141.58080977 -146.32862418 -149.879777   -126.03186088
 -122.92061605 -147.59139342 -141.66702969 -129.52163244 -134.47859179
 -146.84658555 -132.76407983 -136.8066267  -137.0912469  -130.31354268]
inrs_hat:  [-28.35153339 -30.59110972 -35.33892414 -38.89007696 -15.04216084
 -11.930916   -36.60169337 -30.67732965 -18.5319324  -23.48889174
 -35.85688551 -21.77437979 -25.81692665 -26.10154686 -19.32384264]
scheduled_ues:  [ 0  1  2  3  4  5  6  7  8  9 10 11 12 13 14]
(1, 15, 1, 4, 1, 1)
caused INR: -11.369050806997517
TpsAltruisticFromLsfGain + IndividualEstimated_INR + -12.5
None
ls_gain_coeffs:
[-139.34123343 -141.58080977 -146.32862418 -149.879777   -126.03186088
 -122.92061605 -147.59139342 -141.66702969 -129.52163244 -134.47859179
 -146.84658555 -132.76407983 -136.8066267  -137.0912469  -130.31354268]
inrs_hat:  [-28.35153339 -30.59110972 -35.33892414 -38.89007696 -15.04216084
 -11.930916   -36.60169337 -30.67732965 -18.5319324  -23.48889174
 -35.85688551 -21.77437979 -25.81692665 -26.10154686 -19.32384264]
scheduled_ues:  [ 0  1  2  3  4  6  7  8  9 10 11 12 13 14]
(1, 15, 1, 4, 1, 1)
caused INR: -14.839513733345298
TpsAltruisticFromLsfGain + IndividualEstimated_INR + -15.0
None
ls_gain_coeffs:
[-139.34123343 -141.58080977 -146.32862418 -149.879777   -126.03186088
 -122.92061605 -147.59139342 -141.66702969 -129.52163244 -134.47859179
 -146.84658555 -132.76407983 -136.8066267  -137.0912469  -130.31354268]
inrs_hat:  [-28.35153339 -30.59110972 -35.33892414 -38.89007696 -15.04216084
 -11.930916   -36.60169337 -30.67732965 -18.5319324  -23.48889174
 -35.85688551 -21.77437979 -25.81692665 -26.10154686 -19.32384264]
scheduled_ues:  [ 0  1  2  3  4  6  7  8  9 10 11 12 13 14]
(1, 15, 1, 4, 1, 1)
caused INR: -14.839513733345298
TpsAltruisticFromLsfGain + CumulativeIndividualEstimated_INR + -10.0
None
(1, 15, 1, 4, 1, 1)
caused INR: -14.839513733345298
TpsAltruisticFromLsfGain + CumulativeIndividualEstimated_INR + -12.5
None
(1, 15, 1, 4, 1, 1)
caused INR: -9.432765741349975
TpsAltruisticFromLsfGain + CumulativeIndividualEstimated_INR + -15.0
None
(1, 15, 1, 4, 1, 1)
caused INR: -19.28320909052551
TpsRandomic + IndividualEstimated_INR + -10.0
None
ls_gain_coeffs:
[-139.34123343 -128.17330768 -131.51919558 -136.29791487 -112.12360726
 -109.90863167 -136.20522405 -141.66702969 -118.73239337 -123.43530871
 -135.74722934 -121.60788191 -126.17293004 -123.95238117 -117.12712737]
inrs_hat:  [-28.35153339 -17.18360763 -20.52949554 -25.30821483  -1.13390722
   1.08106837 -25.215524   -30.67732965  -7.74269332 -12.44560866
 -24.7575293  -10.61818186 -15.18322999 -12.96268113  -6.13742732]
scheduled_ues:  [ 0  1  2  3  6  7  9 10 11 12 13]
(1, 15, 1, 4, 1, 1)
caused INR: -12.146672695842733
TpsRandomic + IndividualEstimated_INR + -12.5
None
ls_gain_coeffs:
[-125.76370229 -141.58080977 -132.70310988 -133.6063092  -109.54633366
 -109.90863167 -137.8153119  -125.0943467  -111.65312675 -123.43530871
 -130.07108898 -122.79578694 -136.8066267  -134.99944973 -113.72362924]
inrs_hat:  [-14.77400224 -30.59110972 -21.71340984 -22.61660916   1.44336639
   1.08106837 -26.82561185 -14.10464666  -0.6634267  -12.44560866
 -19.08138893 -11.8060869  -25.81692665 -24.00974968  -2.7339292 ]
scheduled_ues:  [ 0  1  2  3  6  7 10 12 13]
(1, 15, 1, 4, 1, 1)
caused INR: -13.39212788797602
TpsRandomic + IndividualEstimated_INR + -15.0
None
ls_gain_coeffs:
[-124.62777114 -141.58080977 -142.77688128 -149.879777   -119.41066005
 -109.90863167 -147.59139342 -125.0943467  -117.01546013 -117.16590338
 -146.84658555 -122.79578694 -136.8066267  -123.25511545 -113.72362924]
inrs_hat:  [-13.6380711  -30.59110972 -31.78718124 -38.89007696  -8.42096001
   1.08106837 -36.60169337 -14.10464666  -6.02576008  -6.17620334
 -35.85688551 -11.8060869  -25.81692665 -12.26541541  -2.7339292 ]
scheduled_ues:  [ 1  2  3  6 10 12]
(1, 15, 1, 4, 1, 1)
caused INR: -35.86147317517253
TpsRandomic + CumulativeIndividualEstimated_INR + -10.0
None
(1, 15, 1, 4, 1, 1)
caused INR: -19.637487426316326
TpsRandomic + CumulativeIndividualEstimated_INR + -12.5
None
(1, 15, 1, 4, 1, 1)
caused INR: -10.53025204659572
TpsRandomic + CumulativeIndividualEstimated_INR + -15.0
None
(1, 15, 1, 4, 1, 1)
caused INR: -25.18220619810034
Iteration number 84
TpsAltruisticFromLsfGain + IndividualEstimated_INR + -10.0
None
ls_gain_coeffs:
[-128.12446106 -120.71388248 -148.34057885 -147.39980921 -147.63121002
 -135.47837906 -147.42642019 -131.58078124 -126.63009281 -146.01564821
 -137.1843094  -133.54050693 -125.10912405 -127.927189   -148.60783163]
inrs_hat:  [-17.13476102  -9.72418243 -37.35087881 -36.41010917 -36.64150997
 -24.48867902 -36.43672015 -20.5910812  -15.64039276 -35.02594817
 -26.19460936 -22.55080689 -14.119424   -16.93748896 -37.61813158]
scheduled_ues:  [ 0  2  3  4  5  6  7  8  9 10 11 12 13 14]
(1, 15, 1, 4, 1, 1)
caused INR: -13.334226172093533
TpsAltruisticFromLsfGain + IndividualEstimated_INR + -12.5
None
ls_gain_coeffs:
[-128.12446106 -120.71388248 -148.34057885 -147.39980921 -147.63121002
 -135.47837906 -147.42642019 -131.58078124 -126.63009281 -146.01564821
 -137.1843094  -133.54050693 -125.10912405 -127.927189   -148.60783163]
inrs_hat:  [-17.13476102  -9.72418243 -37.35087881 -36.41010917 -36.64150997
 -24.48867902 -36.43672015 -20.5910812  -15.64039276 -35.02594817
 -26.19460936 -22.55080689 -14.119424   -16.93748896 -37.61813158]
scheduled_ues:  [ 0  2  3  4  5  6  7  8  9 10 11 12 13 14]
(1, 15, 1, 4, 1, 1)
caused INR: -13.334226172093533
TpsAltruisticFromLsfGain + IndividualEstimated_INR + -15.0
None
ls_gain_coeffs:
[-128.12446106 -120.71388248 -148.34057885 -147.39980921 -147.63121002
 -135.47837906 -147.42642019 -131.58078124 -126.63009281 -146.01564821
 -137.1843094  -133.54050693 -125.10912405 -127.927189   -148.60783163]
inrs_hat:  [-17.13476102  -9.72418243 -37.35087881 -36.41010917 -36.64150997
 -24.48867902 -36.43672015 -20.5910812  -15.64039276 -35.02594817
 -26.19460936 -22.55080689 -14.119424   -16.93748896 -37.61813158]
scheduled_ues:  [ 0  2  3  4  5  6  7  8  9 10 11 13 14]
(1, 15, 1, 4, 1, 1)
caused INR: -16.172537357651414
TpsAltruisticFromLsfGain + CumulativeIndividualEstimated_INR + -10.0
None
(1, 15, 1, 4, 1, 1)
caused INR: -16.172537357651414
TpsAltruisticFromLsfGain + CumulativeIndividualEstimated_INR + -12.5
None
(1, 15, 1, 4, 1, 1)
caused INR: -20.119356508801744
TpsAltruisticFromLsfGain + CumulativeIndividualEstimated_INR + -15.0
None
(1, 15, 1, 4, 1, 1)
caused INR: -29.92617811961164
TpsRandomic + IndividualEstimated_INR + -10.0
None
ls_gain_coeffs:
[-111.41108782 -120.71388248 -132.1286592  -130.7838806  -135.86061519
 -122.88136136 -138.67358109 -123.06995284 -110.20358725 -131.64440373
 -135.41920836 -127.45240479 -107.03156584 -117.63181597 -148.60783163]
inrs_hat:  [ -0.42138777  -9.72418243 -21.13895915 -19.79418056 -24.87091515
 -11.89166131 -27.68388104 -12.0802528    0.7861128  -20.65470369
 -24.42950831 -16.46270475   3.9581342   -6.64211593 -37.61813158]
scheduled_ues:  [ 2  3  4  5  6  7  9 10 11 14]
(1, 15, 1, 4, 1, 1)
caused INR: -8.463696255130488
TpsRandomic + IndividualEstimated_INR + -12.5
None
ls_gain_coeffs:
[-111.41108782 -103.38377438 -132.1286592  -130.7838806  -135.86061519
 -135.47837906 -147.42642019 -131.58078124 -120.39872762 -132.60922597
 -123.56597537 -127.45240479 -125.10912405 -127.927189   -143.48014045]
inrs_hat:  [ -0.42138777   7.60592566 -21.13895915 -19.79418056 -24.87091515
 -24.48867902 -36.43672015 -20.5910812   -9.40902757 -21.61952593
 -12.57627533 -16.46270475 -14.119424   -16.93748896 -32.49044041]
scheduled_ues:  [ 2  3  4  5  6  7  9 10 11 12 13 14]
(1, 15, 1, 4, 1, 1)
caused INR: -7.967066195357992
TpsRandomic + IndividualEstimated_INR + -15.0
None
ls_gain_coeffs:
[-128.12446106 -106.59939735 -148.34057885 -130.7838806  -147.63121002
 -135.47837906 -147.42642019 -114.08667313 -110.20358725 -143.12118149
 -124.15434238 -119.70493277 -110.85975213 -115.03943537 -148.60783163]
inrs_hat:  [-17.13476102   4.3903027  -37.35087881 -19.79418056 -36.64150997
 -24.48867902 -36.43672015  -3.09697309   0.7861128  -32.13148145
 -13.16464234  -8.71523273   0.12994791  -4.04973533 -37.61813158]
scheduled_ues:  [ 0  2  3  4  5  6  9 14]
(1, 15, 1, 4, 1, 1)
caused INR: -20.034071517941108
TpsRandomic + CumulativeIndividualEstimated_INR + -10.0
None
(1, 15, 1, 4, 1, 1)
caused INR: -13.371391448336496
TpsRandomic + CumulativeIndividualEstimated_INR + -12.5
None
(1, 15, 1, 4, 1, 1)
caused INR: -30.850915614894546
TpsRandomic + CumulativeIndividualEstimated_INR + -15.0
None
(1, 15, 1, 4, 1, 1)
caused INR: -17.343974009008342
Iteration number 85
TpsAltruisticFromLsfGain + IndividualEstimated_INR + -10.0
None
ls_gain_coeffs:
[-140.70447946 -129.70645599 -148.22085844 -135.66856092 -133.29591565
 -145.96070387 -128.15412514 -140.7056352  -145.20173988 -144.65575337
 -145.30957451 -145.50609159 -128.90500156 -137.52845931 -137.17196562]
inrs_hat:  [-29.71477942 -18.71675595 -37.2311584  -24.67886088 -22.30621561
 -34.97100383 -17.1644251  -29.71593515 -34.21203983 -33.66605333
 -34.31987447 -34.51639154 -17.91530151 -26.53875926 -26.18226557]
scheduled_ues:  [ 0  1  2  3  4  5  6  7  8  9 10 11 12 13 14]
(1, 15, 1, 4, 1, 1)
caused INR: -17.530470801193776
TpsAltruisticFromLsfGain + IndividualEstimated_INR + -12.5
None
ls_gain_coeffs:
[-140.70447946 -129.70645599 -148.22085844 -135.66856092 -133.29591565
 -145.96070387 -128.15412514 -140.7056352  -145.20173988 -144.65575337
 -145.30957451 -145.50609159 -128.90500156 -137.52845931 -137.17196562]
inrs_hat:  [-29.71477942 -18.71675595 -37.2311584  -24.67886088 -22.30621561
 -34.97100383 -17.1644251  -29.71593515 -34.21203983 -33.66605333
 -34.31987447 -34.51639154 -17.91530151 -26.53875926 -26.18226557]
scheduled_ues:  [ 0  1  2  3  4  5  6  7  8  9 10 11 12 13 14]
(1, 15, 1, 4, 1, 1)
caused INR: -17.530470801193776
TpsAltruisticFromLsfGain + IndividualEstimated_INR + -15.0
None
ls_gain_coeffs:
[-140.70447946 -129.70645599 -148.22085844 -135.66856092 -133.29591565
 -145.96070387 -128.15412514 -140.7056352  -145.20173988 -144.65575337
 -145.30957451 -145.50609159 -128.90500156 -137.52845931 -137.17196562]
inrs_hat:  [-29.71477942 -18.71675595 -37.2311584  -24.67886088 -22.30621561
 -34.97100383 -17.1644251  -29.71593515 -34.21203983 -33.66605333
 -34.31987447 -34.51639154 -17.91530151 -26.53875926 -26.18226557]
scheduled_ues:  [ 0  1  2  3  4  5  6  7  8  9 10 11 12 13 14]
(1, 15, 1, 4, 1, 1)
caused INR: -17.530470801193776
TpsAltruisticFromLsfGain + CumulativeIndividualEstimated_INR + -10.0
None
(1, 15, 1, 4, 1, 1)
caused INR: -17.530470801193776
TpsAltruisticFromLsfGain + CumulativeIndividualEstimated_INR + -12.5
None
(1, 15, 1, 4, 1, 1)
caused INR: -15.378434252376943
TpsAltruisticFromLsfGain + CumulativeIndividualEstimated_INR + -15.0
None
(1, 15, 1, 4, 1, 1)
caused INR: -16.108809117803176
TpsRandomic + IndividualEstimated_INR + -10.0
None
ls_gain_coeffs:
[-123.62304724 -123.71824044 -142.34512198 -125.96120295 -124.90177745
 -144.38328141 -124.90300406 -133.49833684 -131.08116944 -131.82577722
 -131.24469616 -145.50609159 -113.60969086 -121.01934898 -124.56195956]
inrs_hat:  [-12.6333472  -12.7285404  -31.35542193 -14.97150291 -13.91207741
 -33.39358137 -13.91330402 -22.50863679 -20.0914694  -20.83607718
 -20.25499611 -34.51639154  -2.61999082 -10.02964893 -13.57225952]
scheduled_ues:  [ 0  1  2  3  4  5  6  7  8  9 10 11 13 14]
(1, 15, 1, 4, 1, 1)
caused INR: -1.0611804964520184
TpsRandomic + IndividualEstimated_INR + -12.5
None
ls_gain_coeffs:
[-123.62304724 -129.70645599 -142.34512198 -118.90720098 -124.90177745
 -132.4674889  -124.90300406 -124.10900692 -142.68328423 -144.65575337
 -129.6214178  -145.50609159 -124.62443552 -124.78572536 -137.17196562]
inrs_hat:  [-12.6333472  -18.71675595 -31.35542193  -7.91750094 -13.91207741
 -21.47778886 -13.91330402 -13.11930687 -31.69358418 -33.66605333
 -18.63171776 -34.51639154 -13.63473547 -13.79602532 -26.18226557]
scheduled_ues:  [ 0  1  2  4  5  6  7  8  9 10 11 12 13 14]
(1, 15, 1, 4, 1, 1)
caused INR: -13.698149038717615
TpsRandomic + IndividualEstimated_INR + -15.0
None
ls_gain_coeffs:
[-123.62304724 -129.70645599 -132.09531113 -135.66856092 -133.29591565
 -145.96070387 -124.90300406 -124.10900692 -131.92065466 -144.65575337
 -129.6214178  -145.50609159 -115.03654621 -129.69457259 -129.14728593]
inrs_hat:  [-12.6333472  -18.71675595 -21.10561108 -24.67886088 -22.30621561
 -34.97100383 -13.91330402 -13.11930687 -20.93095462 -33.66605333
 -18.63171776 -34.51639154  -4.04684617 -18.70487255 -18.15758588]
scheduled_ues:  [ 1  2  3  4  5  8  9 10 11 13 14]
(1, 15, 1, 4, 1, 1)
caused INR: -8.165780261132365
TpsRandomic + CumulativeIndividualEstimated_INR + -10.0
None
(1, 15, 1, 4, 1, 1)
caused INR: -13.107303727529258
TpsRandomic + CumulativeIndividualEstimated_INR + -12.5
None
(1, 15, 1, 4, 1, 1)
caused INR: -17.411295015152565
TpsRandomic + CumulativeIndividualEstimated_INR + -15.0
None
(1, 15, 1, 4, 1, 1)
caused INR: -19.136678891895155
Iteration number 86
TpsAltruisticFromLsfGain + IndividualEstimated_INR + -10.0
None
ls_gain_coeffs:
[-136.24135672 -144.01903813 -144.3070141  -132.29617063 -145.44271907
 -146.03505391 -145.39189281 -116.65396153 -133.77048551 -135.39249112
 -141.73481139 -114.78104926 -148.62774704 -145.18194525 -123.20229461]
inrs_hat:  [-25.25165667 -33.02933808 -33.31731406 -21.30647058 -34.45301903
 -35.04535387 -34.40219277  -5.66426149 -22.78078547 -24.40279108
 -30.74511135  -3.79134922 -37.63804699 -34.1922452  -12.21259457]
scheduled_ues:  [ 0  1  2  3  4  5  6  8  9 10 12 13 14]
(1, 15, 1, 4, 1, 1)
caused INR: -16.91494658256723
TpsAltruisticFromLsfGain + IndividualEstimated_INR + -12.5
None
ls_gain_coeffs:
[-136.24135672 -144.01903813 -144.3070141  -132.29617063 -145.44271907
 -146.03505391 -145.39189281 -116.65396153 -133.77048551 -135.39249112
 -141.73481139 -114.78104926 -148.62774704 -145.18194525 -123.20229461]
inrs_hat:  [-25.25165667 -33.02933808 -33.31731406 -21.30647058 -34.45301903
 -35.04535387 -34.40219277  -5.66426149 -22.78078547 -24.40279108
 -30.74511135  -3.79134922 -37.63804699 -34.1922452  -12.21259457]
scheduled_ues:  [ 0  1  2  3  4  5  6  8  9 10 12 13]
(1, 15, 1, 4, 1, 1)
caused INR: -18.944687665246025
TpsAltruisticFromLsfGain + IndividualEstimated_INR + -15.0
None
ls_gain_coeffs:
[-136.24135672 -144.01903813 -144.3070141  -132.29617063 -145.44271907
 -146.03505391 -145.39189281 -116.65396153 -133.77048551 -135.39249112
 -141.73481139 -114.78104926 -148.62774704 -145.18194525 -123.20229461]
inrs_hat:  [-25.25165667 -33.02933808 -33.31731406 -21.30647058 -34.45301903
 -35.04535387 -34.40219277  -5.66426149 -22.78078547 -24.40279108
 -30.74511135  -3.79134922 -37.63804699 -34.1922452  -12.21259457]
scheduled_ues:  [ 0  1  2  3  4  5  6  8  9 10 12 13]
(1, 15, 1, 4, 1, 1)
caused INR: -18.944687665246025
TpsAltruisticFromLsfGain + CumulativeIndividualEstimated_INR + -10.0
None
(1, 15, 1, 4, 1, 1)
caused INR: -16.91494658256723
TpsAltruisticFromLsfGain + CumulativeIndividualEstimated_INR + -12.5
None
(1, 15, 1, 4, 1, 1)
caused INR: -18.944687665246025
TpsAltruisticFromLsfGain + CumulativeIndividualEstimated_INR + -15.0
None
(1, 15, 1, 4, 1, 1)
caused INR: -18.944687665246025
TpsRandomic + IndividualEstimated_INR + -10.0
None
ls_gain_coeffs:
[-130.17741217 -127.09092838 -136.15562047 -132.29617063 -145.44271907
 -130.99700918 -145.39189281 -102.91017017 -133.77048551 -135.39249112
 -125.40563707 -101.53801558 -137.2428705  -134.25368827 -106.12260974]
inrs_hat:  [-19.18771213 -16.10122834 -25.16592043 -21.30647058 -34.45301903
 -20.00730914 -34.40219277   8.07952988 -22.78078547 -24.40279108
 -14.41593702   9.45168447 -26.25317045 -23.26398822   4.8670903 ]
scheduled_ues:  [ 0  1  2  3  4  5  6  8  9 10 12 13]
(1, 15, 1, 4, 1, 1)
caused INR: -7.445687779518392
TpsRandomic + IndividualEstimated_INR + -12.5
None
ls_gain_coeffs:
[-136.24135672 -144.01903813 -131.65375753 -132.29617063 -145.44271907
 -142.14038682 -134.55328799 -116.65396153 -116.90180209 -125.24739721
 -125.40563707 -100.73658189 -131.9850073  -128.30860756 -110.94520921]
inrs_hat:  [-25.25165667 -33.02933808 -20.66405748 -21.30647058 -34.45301903
 -31.15068678 -23.56358795  -5.66426149  -5.91210205 -14.25769717
 -14.41593702  10.25311815 -20.99530726 -17.31890752   0.04449084]
scheduled_ues:  [ 0  1  2  3  4  5  6  9 10 12 13]
(1, 15, 1, 4, 1, 1)
caused INR: -7.530779254745854
TpsRandomic + IndividualEstimated_INR + -15.0
None
ls_gain_coeffs:
[-130.17741217 -132.43064196 -144.3070141  -126.38701727 -136.23849893
 -142.14038682 -134.55328799 -116.65396153 -125.51274679 -117.97992127
 -141.73481139 -101.53801558 -139.16874411 -128.30860756 -123.20229461]
inrs_hat:  [-19.18771213 -21.44094192 -33.31731406 -15.39731723 -25.24879888
 -31.15068678 -23.56358795  -5.66426149 -14.52304674  -6.99022123
 -30.74511135   9.45168447 -28.17904406 -17.31890752 -12.21259457]
scheduled_ues:  [ 0  1  2  3  4  5  6 10 12 13]
(1, 15, 1, 4, 1, 1)
caused INR: -16.18924047994558
TpsRandomic + CumulativeIndividualEstimated_INR + -10.0
None
(1, 15, 1, 4, 1, 1)
caused INR: -9.827992235291024
TpsRandomic + CumulativeIndividualEstimated_INR + -12.5
None
(1, 15, 1, 4, 1, 1)
caused INR: -23.7726906835079
TpsRandomic + CumulativeIndividualEstimated_INR + -15.0
None
(1, 15, 1, 4, 1, 1)
caused INR: -20.698826317874204
Iteration number 87
TpsAltruisticFromLsfGain + IndividualEstimated_INR + -10.0
None
ls_gain_coeffs:
[-150.79825858 -141.27176978 -135.61367374 -126.10755116 -127.64214508
 -135.62347091 -138.79965954 -115.95321191 -140.85111215 -148.25896012
 -142.42637433 -146.20839501 -136.63304349 -144.49660119 -123.57284624]
inrs_hat:  [-39.80855854 -30.28206974 -24.6239737  -15.11785112 -16.65244504
 -24.63377087 -27.80995949  -4.96351186 -29.86141211 -37.26926008
 -31.43667428 -35.21869496 -25.64334345 -33.50690115 -12.5831462 ]
scheduled_ues:  [ 0  1  2  3  4  5  6  8  9 10 11 12 13 14]
(1, 15, 1, 4, 1, 1)
caused INR: -8.107310968602222
TpsAltruisticFromLsfGain + IndividualEstimated_INR + -12.5
None
ls_gain_coeffs:
[-150.79825858 -141.27176978 -135.61367374 -126.10755116 -127.64214508
 -135.62347091 -138.79965954 -115.95321191 -140.85111215 -148.25896012
 -142.42637433 -146.20839501 -136.63304349 -144.49660119 -123.57284624]
inrs_hat:  [-39.80855854 -30.28206974 -24.6239737  -15.11785112 -16.65244504
 -24.63377087 -27.80995949  -4.96351186 -29.86141211 -37.26926008
 -31.43667428 -35.21869496 -25.64334345 -33.50690115 -12.5831462 ]
scheduled_ues:  [ 0  1  2  3  4  5  6  8  9 10 11 12 13 14]
(1, 15, 1, 4, 1, 1)
caused INR: -8.107310968602222
TpsAltruisticFromLsfGain + IndividualEstimated_INR + -15.0
None
ls_gain_coeffs:
[-150.79825858 -141.27176978 -135.61367374 -126.10755116 -127.64214508
 -135.62347091 -138.79965954 -115.95321191 -140.85111215 -148.25896012
 -142.42637433 -146.20839501 -136.63304349 -144.49660119 -123.57284624]
inrs_hat:  [-39.80855854 -30.28206974 -24.6239737  -15.11785112 -16.65244504
 -24.63377087 -27.80995949  -4.96351186 -29.86141211 -37.26926008
 -31.43667428 -35.21869496 -25.64334345 -33.50690115 -12.5831462 ]
scheduled_ues:  [ 0  1  2  3  4  5  6  8  9 10 11 12 13]
(1, 15, 1, 4, 1, 1)
caused INR: -21.323830101074538
TpsAltruisticFromLsfGain + CumulativeIndividualEstimated_INR + -10.0
None
(1, 15, 1, 4, 1, 1)
caused INR: -21.323830101074538
TpsAltruisticFromLsfGain + CumulativeIndividualEstimated_INR + -12.5
None
(1, 15, 1, 4, 1, 1)
caused INR: -16.402067086475757
TpsAltruisticFromLsfGain + CumulativeIndividualEstimated_INR + -15.0
None
(1, 15, 1, 4, 1, 1)
caused INR: -17.39480299472517
TpsRandomic + IndividualEstimated_INR + -10.0
None
ls_gain_coeffs:
[-138.17412831 -128.5281321  -119.08932346 -112.69842253 -127.64214508
 -135.62347091 -125.03712954 -115.95321191 -126.39514069 -148.25896012
 -129.54313078 -144.47722175 -119.24103089 -130.55061022 -112.92678104]
inrs_hat:  [-27.18442827 -17.53843206  -8.09962341  -1.70872249 -16.65244504
 -24.63377087 -14.0474295   -4.96351186 -15.40544065 -37.26926008
 -18.55343073 -33.4875217   -8.25133084 -19.56091018  -1.937081  ]
scheduled_ues:  [ 0  1  4  5  6  8  9 10 11 13]
(1, 15, 1, 4, 1, 1)
caused INR: -7.366093699901461
TpsRandomic + IndividualEstimated_INR + -12.5
None
ls_gain_coeffs:
[-150.25066777 -140.36565675 -121.60259167 -112.69842253 -127.64214508
 -124.10006075 -123.71619955 -115.18048266 -137.82955496 -135.23146984
 -142.42637433 -133.18973725 -136.63304349 -139.98342828 -111.98384585]
inrs_hat:  [-39.26096772 -29.3759567  -10.61289163  -1.70872249 -16.65244504
 -13.11036071 -12.72649951  -4.19078262 -26.83985492 -24.2417698
 -31.43667428 -22.20003721 -25.64334345 -28.99372823  -0.99414581]
scheduled_ues:  [ 0  1  4  5  6  8  9 10 11 12 13]
(1, 15, 1, 4, 1, 1)
caused INR: -14.14195928469221
TpsRandomic + IndividualEstimated_INR + -15.0
None
ls_gain_coeffs:
[-138.17412831 -141.27176978 -135.61367374 -112.69842253 -110.60265566
 -126.17781774 -125.03712954 -103.25403549 -126.39514069 -134.64557956
 -125.68427498 -132.6126795  -125.87258347 -130.55061022 -106.23451345]
inrs_hat:  [-27.18442827 -30.28206974 -24.6239737   -1.70872249   0.38704439
 -15.1881177  -14.0474295    7.73566455 -15.40544065 -23.65587952
 -14.69457494 -21.62297946 -14.88288343 -19.56091018   4.7551866 ]
scheduled_ues:  [ 0  1  2  5  8  9 11 13]
(1, 15, 1, 4, 1, 1)
caused INR: -13.604198134030248
TpsRandomic + CumulativeIndividualEstimated_INR + -10.0
None
(1, 15, 1, 4, 1, 1)
caused INR: -7.575854276619971
TpsRandomic + CumulativeIndividualEstimated_INR + -12.5
None
(1, 15, 1, 4, 1, 1)
caused INR: -17.825510874503713
TpsRandomic + CumulativeIndividualEstimated_INR + -15.0
None
(1, 15, 1, 4, 1, 1)
caused INR: -16.154927313450937
Iteration number 88
TpsAltruisticFromLsfGain + IndividualEstimated_INR + -10.0
None
ls_gain_coeffs:
[-141.26393472 -146.83747538 -148.58352249 -138.20363546 -130.68839487
 -132.1676959  -141.67557202 -146.11769361 -143.94851701 -129.19814443
 -138.02842568 -131.34520024 -135.10730059 -141.68517709 -137.3729628 ]
inrs_hat:  [-30.27423468 -35.84777534 -37.59382245 -27.21393542 -19.69869483
 -21.17799585 -30.68587198 -35.12799356 -32.95881696 -18.20844438
 -27.03872563 -20.35550019 -24.11760054 -30.69547705 -26.38326275]
scheduled_ues:  [ 0  1  2  3  4  5  6  7  8  9 10 11 12 13 14]
(1, 15, 1, 4, 1, 1)
caused INR: -25.809073938801177
TpsAltruisticFromLsfGain + IndividualEstimated_INR + -12.5
None
ls_gain_coeffs:
[-141.26393472 -146.83747538 -148.58352249 -138.20363546 -130.68839487
 -132.1676959  -141.67557202 -146.11769361 -143.94851701 -129.19814443
 -138.02842568 -131.34520024 -135.10730059 -141.68517709 -137.3729628 ]
inrs_hat:  [-30.27423468 -35.84777534 -37.59382245 -27.21393542 -19.69869483
 -21.17799585 -30.68587198 -35.12799356 -32.95881696 -18.20844438
 -27.03872563 -20.35550019 -24.11760054 -30.69547705 -26.38326275]
scheduled_ues:  [ 0  1  2  3  4  5  6  7  8  9 10 11 12 13 14]
(1, 15, 1, 4, 1, 1)
caused INR: -25.809073938801177
TpsAltruisticFromLsfGain + IndividualEstimated_INR + -15.0
None
ls_gain_coeffs:
[-141.26393472 -146.83747538 -148.58352249 -138.20363546 -130.68839487
 -132.1676959  -141.67557202 -146.11769361 -143.94851701 -129.19814443
 -138.02842568 -131.34520024 -135.10730059 -141.68517709 -137.3729628 ]
inrs_hat:  [-30.27423468 -35.84777534 -37.59382245 -27.21393542 -19.69869483
 -21.17799585 -30.68587198 -35.12799356 -32.95881696 -18.20844438
 -27.03872563 -20.35550019 -24.11760054 -30.69547705 -26.38326275]
scheduled_ues:  [ 0  1  2  3  4  5  6  7  8  9 10 11 12 13 14]
(1, 15, 1, 4, 1, 1)
caused INR: -25.809073938801177
TpsAltruisticFromLsfGain + CumulativeIndividualEstimated_INR + -10.0
None
(1, 15, 1, 4, 1, 1)
caused INR: -25.809073938801177
TpsAltruisticFromLsfGain + CumulativeIndividualEstimated_INR + -12.5
None
(1, 15, 1, 4, 1, 1)
caused INR: -16.118626253903944
TpsAltruisticFromLsfGain + CumulativeIndividualEstimated_INR + -15.0
None
(1, 15, 1, 4, 1, 1)
caused INR: -15.186670155446283
TpsRandomic + IndividualEstimated_INR + -10.0
None
ls_gain_coeffs:
[-131.35975366 -133.69454114 -135.38192249 -132.42707564 -130.68839487
 -119.30287839 -141.67557202 -138.36089834 -143.94851701 -128.00433282
 -124.51664095 -131.34520024 -135.10730059 -128.13726444 -126.07005102]
inrs_hat:  [-20.37005361 -22.70484109 -24.39222245 -21.43737559 -19.69869483
  -8.31317835 -30.68587198 -27.3711983  -32.95881696 -17.01463278
 -13.52694091 -20.35550019 -24.11760054 -17.14756439 -15.08035098]
scheduled_ues:  [ 0  1  2  3  4  6  7  8  9 10 11 12 13 14]
(1, 15, 1, 4, 1, 1)
caused INR: -10.214542980942651
TpsRandomic + IndividualEstimated_INR + -12.5
None
ls_gain_coeffs:
[-131.35975366 -133.69454114 -141.25138592 -124.26018952 -130.68839487
 -115.50130886 -125.10774101 -129.56376172 -143.94851701 -116.35860723
 -123.44645623 -128.21444055 -121.22785772 -127.03095178 -127.0287085 ]
inrs_hat:  [-20.37005361 -22.70484109 -30.26168588 -13.27048947 -19.69869483
  -4.51160881 -14.11804096 -18.57406168 -32.95881696  -5.36890718
 -12.45675619 -17.22474051 -10.23815767 -16.04125174 -16.03900845]
scheduled_ues:  [ 0  1  2  3  4  6  7  8 11 13 14]
(1, 15, 1, 4, 1, 1)
caused INR: -9.90750219431938
TpsRandomic + IndividualEstimated_INR + -15.0
None
ls_gain_coeffs:
[-131.35975366 -139.62617567 -132.09585421 -138.20363546 -119.01661585
 -115.50130886 -125.10774101 -146.11769361 -128.18068314 -116.35860723
 -134.81787151 -128.21444055 -129.2342624  -127.03095178 -127.0287085 ]
inrs_hat:  [-20.37005361 -28.63647563 -21.10615416 -27.21393542  -8.02691581
  -4.51160881 -14.11804096 -35.12799356 -17.1909831   -5.36890718
 -23.82817147 -17.22474051 -18.24456236 -16.04125174 -16.03900845]
scheduled_ues:  [ 0  1  2  3  7  8 10 11 12 13 14]
(1, 15, 1, 4, 1, 1)
caused INR: -6.4007309596965385
TpsRandomic + CumulativeIndividualEstimated_INR + -10.0
None
(1, 15, 1, 4, 1, 1)
caused INR: -11.528036917341687
TpsRandomic + CumulativeIndividualEstimated_INR + -12.5
None
(1, 15, 1, 4, 1, 1)
caused INR: -23.687920344872786
TpsRandomic + CumulativeIndividualEstimated_INR + -15.0
None
(1, 15, 1, 4, 1, 1)
caused INR: -11.81794587603844
Iteration number 89
TpsAltruisticFromLsfGain + IndividualEstimated_INR + -10.0
None
ls_gain_coeffs:
[-123.86952569 -133.21442537 -151.73662373 -133.9317245  -118.83587847
 -126.77348877 -134.94929383 -131.95878512 -124.62029296 -128.06438919
 -146.79039779 -148.70344493 -139.8307511  -148.94165257 -136.2700421 ]
inrs_hat:  [-12.87982564 -22.22472533 -40.74692369 -22.94202445  -7.84617842
 -15.78378873 -23.95959379 -20.96908507 -13.63059292 -17.07468915
 -35.80069775 -37.71374489 -28.84105106 -37.95195253 -25.28034206]
scheduled_ues:  [ 0  1  2  3  5  6  7  8  9 10 11 12 13 14]
(1, 15, 1, 4, 1, 1)
caused INR: -7.783512240422523
TpsAltruisticFromLsfGain + IndividualEstimated_INR + -12.5
None
ls_gain_coeffs:
[-123.86952569 -133.21442537 -151.73662373 -133.9317245  -118.83587847
 -126.77348877 -134.94929383 -131.95878512 -124.62029296 -128.06438919
 -146.79039779 -148.70344493 -139.8307511  -148.94165257 -136.2700421 ]
inrs_hat:  [-12.87982564 -22.22472533 -40.74692369 -22.94202445  -7.84617842
 -15.78378873 -23.95959379 -20.96908507 -13.63059292 -17.07468915
 -35.80069775 -37.71374489 -28.84105106 -37.95195253 -25.28034206]
scheduled_ues:  [ 0  1  2  3  5  6  7  8  9 10 11 12 13 14]
(1, 15, 1, 4, 1, 1)
caused INR: -7.783512240422523
TpsAltruisticFromLsfGain + IndividualEstimated_INR + -15.0
None
ls_gain_coeffs:
[-123.86952569 -133.21442537 -151.73662373 -133.9317245  -118.83587847
 -126.77348877 -134.94929383 -131.95878512 -124.62029296 -128.06438919
 -146.79039779 -148.70344493 -139.8307511  -148.94165257 -136.2700421 ]
inrs_hat:  [-12.87982564 -22.22472533 -40.74692369 -22.94202445  -7.84617842
 -15.78378873 -23.95959379 -20.96908507 -13.63059292 -17.07468915
 -35.80069775 -37.71374489 -28.84105106 -37.95195253 -25.28034206]
scheduled_ues:  [ 1  2  3  5  6  7  9 10 11 12 13 14]
(1, 15, 1, 4, 1, 1)
caused INR: -14.824062744780399
TpsAltruisticFromLsfGain + CumulativeIndividualEstimated_INR + -10.0
None
(1, 15, 1, 4, 1, 1)
caused INR: -14.824062744780399
TpsAltruisticFromLsfGain + CumulativeIndividualEstimated_INR + -12.5
None
(1, 15, 1, 4, 1, 1)
caused INR: -21.42615984935705
TpsAltruisticFromLsfGain + CumulativeIndividualEstimated_INR + -15.0
None
(1, 15, 1, 4, 1, 1)
caused INR: -18.831730154093872
TpsRandomic + IndividualEstimated_INR + -10.0
None
ls_gain_coeffs:
[-106.86266144 -118.20054678 -151.73662373 -119.63894014 -106.63239568
 -122.24826903 -120.28380224 -131.95878512 -124.62029296 -110.66691149
 -139.15814046 -135.5254184  -128.0444736  -136.86688179 -130.4065247 ]
inrs_hat:  [  4.12703861  -7.21084673 -40.74692369  -8.64924009   4.35730437
 -11.25856899  -9.29410219 -20.96908507 -13.63059292   0.32278856
 -28.16844041 -24.53571835 -17.05477356 -25.87718175 -19.41682465]
scheduled_ues:  [ 2  5  7  8 10 11 12 13 14]
(1, 15, 1, 4, 1, 1)
caused INR: -19.92011168992245
TpsRandomic + IndividualEstimated_INR + -12.5
None
ls_gain_coeffs:
[-110.64423055 -129.35600748 -137.05135496 -119.63894014 -106.63239568
 -126.77348877 -127.96806371 -122.56377309 -112.07549977 -110.66691149
 -146.79039779 -134.78899186 -139.8307511  -148.94165257 -119.9194305 ]
inrs_hat:  [  0.34546949 -18.36630743 -26.06165492  -8.64924009   4.35730437
 -15.78378873 -16.97836367 -11.57407305  -1.08579973   0.32278856
 -35.80069775 -23.79929182 -28.84105106 -37.95195253  -8.92973045]
scheduled_ues:  [ 1  2  5  6 10 11 12 13]
(1, 15, 1, 4, 1, 1)
caused INR: -20.16893302500222
TpsRandomic + IndividualEstimated_INR + -15.0
None
ls_gain_coeffs:
[-123.86952569 -118.20054678 -151.73662373 -120.56453232 -101.09105069
 -122.24826903 -120.28380224 -131.95878512 -124.46550318 -128.06438919
 -146.79039779 -146.49416532 -139.8307511  -148.94165257 -119.9194305 ]
inrs_hat:  [-12.87982564  -7.21084673 -40.74692369  -9.57483227   9.89864935
 -11.25856899  -9.29410219 -20.96908507 -13.47580313 -17.07468915
 -35.80069775 -35.50446528 -28.84105106 -37.95195253  -8.92973045]
scheduled_ues:  [ 2  7  9 10 11 12 13]
(1, 15, 1, 4, 1, 1)
caused INR: -19.859797836651097
TpsRandomic + CumulativeIndividualEstimated_INR + -10.0
None
(1, 15, 1, 4, 1, 1)
caused INR: -5.441772373302514
TpsRandomic + CumulativeIndividualEstimated_INR + -12.5
None
(1, 15, 1, 4, 1, 1)
caused INR: -16.24463936872155
TpsRandomic + CumulativeIndividualEstimated_INR + -15.0
None
(1, 15, 1, 4, 1, 1)
caused INR: -13.139314691013759
Iteration number 90
TpsAltruisticFromLsfGain + IndividualEstimated_INR + -10.0
None
ls_gain_coeffs:
[-132.33537723 -145.74924245 -141.24596436 -127.63389866 -141.76718647
 -148.01645484 -139.8593487  -138.0590235  -129.27856863 -132.74573155
 -134.07425068 -136.83717341 -125.1665713  -134.76106607 -144.19609587]
inrs_hat:  [-21.34567719 -34.75954241 -30.25626432 -16.64419861 -30.77748643
 -37.0267548  -28.86964865 -27.06932346 -18.28886859 -21.7560315
 -23.08455064 -25.84747337 -14.17687126 -23.77136603 -33.20639583]
scheduled_ues:  [ 0  1  2  3  4  5  6  7  8  9 10 11 12 13 14]
(1, 15, 1, 4, 1, 1)
caused INR: -9.69392574143739
TpsAltruisticFromLsfGain + IndividualEstimated_INR + -12.5
None
ls_gain_coeffs:
[-132.33537723 -145.74924245 -141.24596436 -127.63389866 -141.76718647
 -148.01645484 -139.8593487  -138.0590235  -129.27856863 -132.74573155
 -134.07425068 -136.83717341 -125.1665713  -134.76106607 -144.19609587]
inrs_hat:  [-21.34567719 -34.75954241 -30.25626432 -16.64419861 -30.77748643
 -37.0267548  -28.86964865 -27.06932346 -18.28886859 -21.7560315
 -23.08455064 -25.84747337 -14.17687126 -23.77136603 -33.20639583]
scheduled_ues:  [ 0  1  2  3  4  5  6  7  8  9 10 11 12 13 14]
(1, 15, 1, 4, 1, 1)
caused INR: -9.69392574143739
TpsAltruisticFromLsfGain + IndividualEstimated_INR + -15.0
None
ls_gain_coeffs:
[-132.33537723 -145.74924245 -141.24596436 -127.63389866 -141.76718647
 -148.01645484 -139.8593487  -138.0590235  -129.27856863 -132.74573155
 -134.07425068 -136.83717341 -125.1665713  -134.76106607 -144.19609587]
inrs_hat:  [-21.34567719 -34.75954241 -30.25626432 -16.64419861 -30.77748643
 -37.0267548  -28.86964865 -27.06932346 -18.28886859 -21.7560315
 -23.08455064 -25.84747337 -14.17687126 -23.77136603 -33.20639583]
scheduled_ues:  [ 0  1  2  3  4  5  6  7  8  9 10 11 13 14]
(1, 15, 1, 4, 1, 1)
caused INR: -20.668796213583924
TpsAltruisticFromLsfGain + CumulativeIndividualEstimated_INR + -10.0
None
(1, 15, 1, 4, 1, 1)
caused INR: -20.668796213583924
TpsAltruisticFromLsfGain + CumulativeIndividualEstimated_INR + -12.5
None
(1, 15, 1, 4, 1, 1)
caused INR: -13.60946199323497
TpsAltruisticFromLsfGain + CumulativeIndividualEstimated_INR + -15.0
None
(1, 15, 1, 4, 1, 1)
caused INR: -19.634593549766166
TpsRandomic + IndividualEstimated_INR + -10.0
None
ls_gain_coeffs:
[-128.86911042 -145.74924245 -141.24596436 -127.63389866 -132.59177102
 -131.76955003 -125.91663232 -121.15884337 -116.44535822 -132.74573155
 -134.07425068 -125.7860795  -125.1665713  -126.03363786 -127.3038775 ]
inrs_hat:  [-17.87941038 -34.75954241 -30.25626432 -16.64419861 -21.60207098
 -20.77984998 -14.92693228 -10.16914333  -5.45565818 -21.7560315
 -23.08455064 -14.79637946 -14.17687126 -15.04393782 -16.31417746]
scheduled_ues:  [ 0  1  2  3  4  5  6  7  9 10 11 12 13 14]
(1, 15, 1, 4, 1, 1)
caused INR: -2.0191759207269895
TpsRandomic + IndividualEstimated_INR + -12.5
None
ls_gain_coeffs:
[-118.73835496 -130.88986803 -132.14591685 -124.76821384 -124.94665135
 -134.17247969 -125.91663232 -138.0590235  -116.44535822 -132.74573155
 -117.90330778 -136.83717341 -125.1665713  -122.42230232 -127.3038775 ]
inrs_hat:  [ -7.74865492 -19.90016799 -21.1562168  -13.7785138  -13.9569513
 -23.18277964 -14.92693228 -27.06932346  -5.45565818 -21.7560315
  -6.91360773 -25.84747337 -14.17687126 -11.43260228 -16.31417746]
scheduled_ues:  [ 1  2  3  4  5  6  7  9 11 12 14]
(1, 15, 1, 4, 1, 1)
caused INR: -6.415998258928228
TpsRandomic + IndividualEstimated_INR + -15.0
None
ls_gain_coeffs:
[-118.73835496 -130.88986803 -141.24596436 -114.23707038 -124.94665135
 -134.17247969 -123.40663022 -124.83839157 -129.27856863 -128.28680761
 -134.07425068 -136.83717341 -111.35601941 -134.76106607 -134.47527692]
inrs_hat:  [ -7.74865492 -19.90016799 -30.25626432  -3.24737034 -13.9569513
 -23.18277964 -12.41693018 -13.84869153 -18.28886859 -17.29710756
 -23.08455064 -25.84747337  -0.36631937 -23.77136603 -23.48557687]
scheduled_ues:  [ 1  2  5  8  9 10 11 13 14]
(1, 15, 1, 4, 1, 1)
caused INR: -12.819826842249007
TpsRandomic + CumulativeIndividualEstimated_INR + -10.0
None
(1, 15, 1, 4, 1, 1)
caused INR: -13.365109586349298
TpsRandomic + CumulativeIndividualEstimated_INR + -12.5
None
(1, 15, 1, 4, 1, 1)
caused INR: -12.610016347869173
TpsRandomic + CumulativeIndividualEstimated_INR + -15.0
None
(1, 15, 1, 4, 1, 1)
caused INR: -16.313291110321643
Iteration number 91
TpsAltruisticFromLsfGain + IndividualEstimated_INR + -10.0
None
ls_gain_coeffs:
[-148.63672085 -127.74795314 -125.37048697 -148.34166985 -140.26057336
 -143.8416232  -145.64167566 -145.30940551 -141.20785673 -142.2795515
 -124.95016145 -144.44593838 -142.26297294 -128.99211275 -145.12821943]
inrs_hat:  [-37.64702081 -16.7582531  -14.38078693 -37.35196981 -29.27087331
 -32.85192316 -34.65197561 -34.31970546 -30.21815668 -31.28985146
 -13.9604614  -33.45623834 -31.2732729  -18.00241271 -34.13851939]
scheduled_ues:  [ 0  1  2  3  4  5  6  7  8  9 10 11 12 13 14]
(1, 15, 1, 4, 1, 1)
caused INR: -8.971833369974998
TpsAltruisticFromLsfGain + IndividualEstimated_INR + -12.5
None
ls_gain_coeffs:
[-148.63672085 -127.74795314 -125.37048697 -148.34166985 -140.26057336
 -143.8416232  -145.64167566 -145.30940551 -141.20785673 -142.2795515
 -124.95016145 -144.44593838 -142.26297294 -128.99211275 -145.12821943]
inrs_hat:  [-37.64702081 -16.7582531  -14.38078693 -37.35196981 -29.27087331
 -32.85192316 -34.65197561 -34.31970546 -30.21815668 -31.28985146
 -13.9604614  -33.45623834 -31.2732729  -18.00241271 -34.13851939]
scheduled_ues:  [ 0  1  2  3  4  5  6  7  8  9 10 11 12 13 14]
(1, 15, 1, 4, 1, 1)
caused INR: -8.971833369974998
TpsAltruisticFromLsfGain + IndividualEstimated_INR + -15.0
None
ls_gain_coeffs:
[-148.63672085 -127.74795314 -125.37048697 -148.34166985 -140.26057336
 -143.8416232  -145.64167566 -145.30940551 -141.20785673 -142.2795515
 -124.95016145 -144.44593838 -142.26297294 -128.99211275 -145.12821943]
inrs_hat:  [-37.64702081 -16.7582531  -14.38078693 -37.35196981 -29.27087331
 -32.85192316 -34.65197561 -34.31970546 -30.21815668 -31.28985146
 -13.9604614  -33.45623834 -31.2732729  -18.00241271 -34.13851939]
scheduled_ues:  [ 0  1  3  4  5  6  7  8  9 11 12 13 14]
(1, 15, 1, 4, 1, 1)
caused INR: -17.91328903280345
TpsAltruisticFromLsfGain + CumulativeIndividualEstimated_INR + -10.0
None
(1, 15, 1, 4, 1, 1)
caused INR: -20.663738111296517
TpsAltruisticFromLsfGain + CumulativeIndividualEstimated_INR + -12.5
None
(1, 15, 1, 4, 1, 1)
caused INR: -17.91328903280345
TpsAltruisticFromLsfGain + CumulativeIndividualEstimated_INR + -15.0
None
(1, 15, 1, 4, 1, 1)
caused INR: -16.76036501545777
TpsRandomic + IndividualEstimated_INR + -10.0
None
ls_gain_coeffs:
[-135.12728173 -121.09564076 -111.83748427 -131.5580744  -135.19462675
 -130.02500368 -128.89358189 -145.30940551 -141.20785673 -128.9472492
 -108.96469448 -128.50668568 -142.26297294 -117.99454865 -132.10315847]
inrs_hat:  [-24.13758168 -10.10594071  -0.84778423 -20.56837435 -24.20492671
 -19.03530363 -17.90388184 -34.31970546 -30.21815668 -17.95754916
   2.02500556 -17.51698563 -31.2732729   -7.00484861 -21.11345843]
scheduled_ues:  [ 0  1  3  4  5  6  7  8  9 11 12 14]
(1, 15, 1, 4, 1, 1)
caused INR: -6.734848743930789
TpsRandomic + IndividualEstimated_INR + -12.5
None
ls_gain_coeffs:
[-145.43320347 -121.09564076 -117.11380883 -138.8194626  -126.13032449
 -130.02500368 -133.93204996 -136.4000203  -141.20785673 -128.0565469
 -119.63436099 -130.25551203 -131.69903088 -118.62252829 -132.10315847]
inrs_hat:  [-34.44350343 -10.10594071  -6.12410879 -27.82976256 -15.14062445
 -19.03530363 -22.94234992 -25.41032025 -30.21815668 -17.06684686
  -8.64466095 -19.26581198 -20.70933084  -7.63282824 -21.11345843]
scheduled_ues:  [ 0  3  4  5  6  7  8  9 11 12 14]
(1, 15, 1, 4, 1, 1)
caused INR: -18.593218653399546
TpsRandomic + IndividualEstimated_INR + -15.0
None
ls_gain_coeffs:
[-148.63672085 -121.09564076 -111.83748427 -131.5580744  -124.44167562
 -130.71251344 -145.64167566 -128.4682051  -131.27422941 -128.0565469
 -119.63436099 -130.25551203 -125.39836736 -118.62252829 -143.37783654]
inrs_hat:  [-37.64702081 -10.10594071  -0.84778423 -20.56837435 -13.45197558
 -19.7228134  -34.65197561 -17.47850505 -20.28452936 -17.06684686
  -8.64466095 -19.26581198 -14.40866731  -7.63282824 -32.3881365 ]
scheduled_ues:  [ 0  3  5  6  7  8  9 11 14]
(1, 15, 1, 4, 1, 1)
caused INR: -12.963940847301465
TpsRandomic + CumulativeIndividualEstimated_INR + -10.0
None
(1, 15, 1, 4, 1, 1)
caused INR: -20.936866298307475
TpsRandomic + CumulativeIndividualEstimated_INR + -12.5
None
(1, 15, 1, 4, 1, 1)
caused INR: -10.021045068507071
TpsRandomic + CumulativeIndividualEstimated_INR + -15.0
None
(1, 15, 1, 4, 1, 1)
caused INR: -22.827228072939114
Iteration number 92
TpsAltruisticFromLsfGain + IndividualEstimated_INR + -10.0
None
ls_gain_coeffs:
[-136.72400104 -130.12274495 -146.75874417 -128.58424733 -144.01618513
 -136.86140896 -132.98153472 -128.82352505 -133.99319202 -127.15915952
 -143.75246485 -127.19058612 -136.14629983 -147.23314044 -135.11479172]
inrs_hat:  [-25.734301   -19.13304491 -35.76904413 -17.59454728 -33.02648509
 -25.87170891 -21.99183468 -17.83382501 -23.00349197 -16.16945948
 -32.7627648  -16.20088608 -25.15659979 -36.24344039 -24.12509168]
scheduled_ues:  [ 0  1  2  3  4  5  6  7  8  9 10 11 12 13 14]
(1, 15, 1, 4, 1, 1)
caused INR: -5.328589682619685
TpsAltruisticFromLsfGain + IndividualEstimated_INR + -12.5
None
ls_gain_coeffs:
[-136.72400104 -130.12274495 -146.75874417 -128.58424733 -144.01618513
 -136.86140896 -132.98153472 -128.82352505 -133.99319202 -127.15915952
 -143.75246485 -127.19058612 -136.14629983 -147.23314044 -135.11479172]
inrs_hat:  [-25.734301   -19.13304491 -35.76904413 -17.59454728 -33.02648509
 -25.87170891 -21.99183468 -17.83382501 -23.00349197 -16.16945948
 -32.7627648  -16.20088608 -25.15659979 -36.24344039 -24.12509168]
scheduled_ues:  [ 0  1  2  3  4  5  6  7  8  9 10 11 12 13 14]
(1, 15, 1, 4, 1, 1)
caused INR: -5.328589682619685
TpsAltruisticFromLsfGain + IndividualEstimated_INR + -15.0
None
ls_gain_coeffs:
[-136.72400104 -130.12274495 -146.75874417 -128.58424733 -144.01618513
 -136.86140896 -132.98153472 -128.82352505 -133.99319202 -127.15915952
 -143.75246485 -127.19058612 -136.14629983 -147.23314044 -135.11479172]
inrs_hat:  [-25.734301   -19.13304491 -35.76904413 -17.59454728 -33.02648509
 -25.87170891 -21.99183468 -17.83382501 -23.00349197 -16.16945948
 -32.7627648  -16.20088608 -25.15659979 -36.24344039 -24.12509168]
scheduled_ues:  [ 0  1  2  3  4  5  6  7  8  9 10 11 12 13 14]
(1, 15, 1, 4, 1, 1)
caused INR: -5.328589682619685
TpsAltruisticFromLsfGain + CumulativeIndividualEstimated_INR + -10.0
None
(1, 15, 1, 4, 1, 1)
caused INR: -5.938869555822324
TpsAltruisticFromLsfGain + CumulativeIndividualEstimated_INR + -12.5
None
(1, 15, 1, 4, 1, 1)
caused INR: -7.587606167662086
TpsAltruisticFromLsfGain + CumulativeIndividualEstimated_INR + -15.0
None
(1, 15, 1, 4, 1, 1)
caused INR: -10.897206523191848
TpsRandomic + IndividualEstimated_INR + -10.0
None
ls_gain_coeffs:
[-127.78650883 -122.36189703 -146.75874417 -124.52246968 -131.26806107
 -121.77535162 -120.0206408  -110.64271074 -123.65942356 -114.14860431
 -127.53779595 -116.33668396 -136.14629983 -147.23314044 -121.17255236]
inrs_hat:  [-16.79680878 -11.37219699 -35.76904413 -13.53276964 -20.27836102
 -10.78565157  -9.03094075   0.34698931 -12.66972352  -3.15890426
 -16.54809591  -5.34698392 -25.15659979 -36.24344039 -10.18285231]
scheduled_ues:  [ 0  1  2  3  4  5  8 10 12 13 14]
(1, 15, 1, 4, 1, 1)
caused INR: -8.003784283458371
TpsRandomic + IndividualEstimated_INR + -12.5
None
ls_gain_coeffs:
[-119.44253124 -122.36189703 -146.75874417 -114.78872144 -127.21107727
 -121.77535162 -131.42365294 -116.76818686 -116.46289828 -113.57964909
 -127.53779595 -116.33668396 -132.31648783 -136.66455394 -127.37325428]
inrs_hat:  [ -8.4528312  -11.37219699 -35.76904413  -3.7990214  -16.22137723
 -10.78565157 -20.4339529   -5.77848681  -5.47319823  -2.58994904
 -16.54809591  -5.34698392 -21.32678778 -25.6748539  -16.38355424]
scheduled_ues:  [ 2  4  6 10 12 13 14]
(1, 15, 1, 4, 1, 1)
caused INR: -15.021115112786454
TpsRandomic + IndividualEstimated_INR + -15.0
None
ls_gain_coeffs:
[-136.72400104 -130.12274495 -137.94384291 -113.43479556 -135.59569348
 -123.09758029 -120.0206408  -116.95883461 -123.65942356 -113.57964909
 -127.53779595 -127.19058612 -121.15149183 -136.80704856 -118.05210332]
inrs_hat:  [-25.734301   -19.13304491 -26.95414286  -2.44509552 -24.60599344
 -12.10788024  -9.03094075  -5.96913457 -12.66972352  -2.58994904
 -16.54809591 -16.20088608 -10.16179178 -25.81734851  -7.06240328]
scheduled_ues:  [ 0  1  2  4 10 11 13]
(1, 15, 1, 4, 1, 1)
caused INR: -15.525554502416064
TpsRandomic + CumulativeIndividualEstimated_INR + -10.0
None
(1, 15, 1, 4, 1, 1)
caused INR: -12.20874079759449
TpsRandomic + CumulativeIndividualEstimated_INR + -12.5
None
(1, 15, 1, 4, 1, 1)
caused INR: -13.585389657254144
TpsRandomic + CumulativeIndividualEstimated_INR + -15.0
None
(1, 15, 1, 4, 1, 1)
caused INR: -21.26240349668713
Iteration number 93
TpsAltruisticFromLsfGain + IndividualEstimated_INR + -10.0
None
ls_gain_coeffs:
[-129.2132213  -124.267561   -137.30736383 -149.66077028 -137.93473191
 -142.93670169 -142.90179738 -129.60535664 -142.29916447 -140.64001834
 -131.42342688 -139.88125889 -155.37743813 -127.49735024 -144.84821014]
inrs_hat:  [-18.22352126 -13.27786095 -26.31766379 -38.67107023 -26.94503186
 -31.94700165 -31.91209734 -18.61565659 -31.30946442 -29.65031829
 -20.43372684 -28.89155884 -44.38773808 -16.5076502  -33.8585101 ]
scheduled_ues:  [ 0  1  2  3  4  5  6  7  8  9 10 11 12 13 14]
(1, 15, 1, 4, 1, 1)
caused INR: -7.9046314411304275
TpsAltruisticFromLsfGain + IndividualEstimated_INR + -12.5
None
ls_gain_coeffs:
[-129.2132213  -124.267561   -137.30736383 -149.66077028 -137.93473191
 -142.93670169 -142.90179738 -129.60535664 -142.29916447 -140.64001834
 -131.42342688 -139.88125889 -155.37743813 -127.49735024 -144.84821014]
inrs_hat:  [-18.22352126 -13.27786095 -26.31766379 -38.67107023 -26.94503186
 -31.94700165 -31.91209734 -18.61565659 -31.30946442 -29.65031829
 -20.43372684 -28.89155884 -44.38773808 -16.5076502  -33.8585101 ]
scheduled_ues:  [ 0  1  2  3  4  5  6  7  8  9 10 11 12 13 14]
(1, 15, 1, 4, 1, 1)
caused INR: -7.9046314411304275
TpsAltruisticFromLsfGain + IndividualEstimated_INR + -15.0
None
ls_gain_coeffs:
[-129.2132213  -124.267561   -137.30736383 -149.66077028 -137.93473191
 -142.93670169 -142.90179738 -129.60535664 -142.29916447 -140.64001834
 -131.42342688 -139.88125889 -155.37743813 -127.49735024 -144.84821014]
inrs_hat:  [-18.22352126 -13.27786095 -26.31766379 -38.67107023 -26.94503186
 -31.94700165 -31.91209734 -18.61565659 -31.30946442 -29.65031829
 -20.43372684 -28.89155884 -44.38773808 -16.5076502  -33.8585101 ]
scheduled_ues:  [ 0  2  3  4  5  6  7  8  9 10 11 12 13 14]
(1, 15, 1, 4, 1, 1)
caused INR: -6.632547844189803
TpsAltruisticFromLsfGain + CumulativeIndividualEstimated_INR + -10.0
None
(1, 15, 1, 4, 1, 1)
caused INR: -6.632547844189803
TpsAltruisticFromLsfGain + CumulativeIndividualEstimated_INR + -12.5
None
(1, 15, 1, 4, 1, 1)
caused INR: -7.546429238153847
TpsAltruisticFromLsfGain + CumulativeIndividualEstimated_INR + -15.0
None
(1, 15, 1, 4, 1, 1)
caused INR: -17.552714013920905
TpsRandomic + IndividualEstimated_INR + -10.0
None
ls_gain_coeffs:
[-117.35504122 -107.47771938 -137.30736383 -135.5270518  -137.93473191
 -138.77826306 -135.46276394 -113.31295624 -125.78476198 -140.64001834
 -131.42342688 -139.88125889 -141.7360907  -113.04310846 -127.99665955]
inrs_hat:  [ -6.36534117   3.51198067 -26.31766379 -24.53735175 -26.94503186
 -27.78856301 -24.4730639   -2.3232562  -14.79506194 -29.65031829
 -20.43372684 -28.89155884 -30.74639066  -2.05340842 -17.0069595 ]
scheduled_ues:  [ 2  3  4  5  6  8  9 10 11 12 14]
(1, 15, 1, 4, 1, 1)
caused INR: -9.064159980666757
TpsRandomic + IndividualEstimated_INR + -12.5
None
ls_gain_coeffs:
[-117.47902933 -116.609972   -121.0045596  -144.58441484 -121.55037338
 -142.93670169 -129.62693391 -113.31295624 -134.67448504 -135.8801081
 -131.42342688 -125.99420819 -141.7360907  -111.03046668 -127.99665955]
inrs_hat:  [ -6.48932929  -5.62027195 -10.01485956 -33.5947148  -10.56067334
 -31.94700165 -18.63723386  -2.3232562  -23.68478499 -24.89040806
 -20.43372684 -15.00450814 -30.74639066  -0.04076664 -17.0069595 ]
scheduled_ues:  [ 3  5  6  8  9 10 11 12 14]
(1, 15, 1, 4, 1, 1)
caused INR: -13.642935458889102
TpsRandomic + IndividualEstimated_INR + -15.0
None
ls_gain_coeffs:
[-129.2132213  -116.609972   -137.30736383 -144.58441484 -132.02059412
 -127.72280927 -129.62693391 -113.31295624 -142.29916447 -126.61178159
 -117.99012383 -125.99420819 -139.2981129  -111.03046668 -127.99665955]
inrs_hat:  [-18.22352126  -5.62027195 -26.31766379 -33.5947148  -21.03089408
 -16.73310922 -18.63723386  -2.3232562  -31.30946442 -15.62208155
  -7.00042378 -15.00450814 -28.30841286  -0.04076664 -17.0069595 ]
scheduled_ues:  [ 0  2  3  4  5  6  8  9 11 12 14]
(1, 15, 1, 4, 1, 1)
caused INR: -6.368121020482663
TpsRandomic + CumulativeIndividualEstimated_INR + -10.0
None
(1, 15, 1, 4, 1, 1)
caused INR: -11.740659230041256
TpsRandomic + CumulativeIndividualEstimated_INR + -12.5
None
(1, 15, 1, 4, 1, 1)
caused INR: -11.827065385177654
TpsRandomic + CumulativeIndividualEstimated_INR + -15.0
None
(1, 15, 1, 4, 1, 1)
caused INR: -17.373762147808765
Iteration number 94
TpsAltruisticFromLsfGain + IndividualEstimated_INR + -10.0
None
ls_gain_coeffs:
[-148.76074882 -147.86973299 -142.97743572 -144.19622849 -147.50132601
 -117.83504482 -142.75372417 -141.58558064 -137.52327866 -138.70188912
 -120.75066634 -150.47417896 -121.06336927 -129.02645648 -135.43406597]
inrs_hat:  [-37.77104878 -36.88003294 -31.98773568 -33.20652845 -36.51162596
  -6.84534478 -31.76402413 -30.59588059 -26.53357862 -27.71218908
  -9.7609663  -39.48447892 -10.07366922 -18.03675644 -24.44436593]
scheduled_ues:  [ 0  1  2  3  4  6  7  8  9 11 12 13 14]
(1, 15, 1, 4, 1, 1)
caused INR: -7.5299021260853145
TpsAltruisticFromLsfGain + IndividualEstimated_INR + -12.5
None
ls_gain_coeffs:
[-148.76074882 -147.86973299 -142.97743572 -144.19622849 -147.50132601
 -117.83504482 -142.75372417 -141.58558064 -137.52327866 -138.70188912
 -120.75066634 -150.47417896 -121.06336927 -129.02645648 -135.43406597]
inrs_hat:  [-37.77104878 -36.88003294 -31.98773568 -33.20652845 -36.51162596
  -6.84534478 -31.76402413 -30.59588059 -26.53357862 -27.71218908
  -9.7609663  -39.48447892 -10.07366922 -18.03675644 -24.44436593]
scheduled_ues:  [ 0  1  2  3  4  6  7  8  9 11 13 14]
(1, 15, 1, 4, 1, 1)
caused INR: -19.76369507064073
TpsAltruisticFromLsfGain + IndividualEstimated_INR + -15.0
None
ls_gain_coeffs:
[-148.76074882 -147.86973299 -142.97743572 -144.19622849 -147.50132601
 -117.83504482 -142.75372417 -141.58558064 -137.52327866 -138.70188912
 -120.75066634 -150.47417896 -121.06336927 -129.02645648 -135.43406597]
inrs_hat:  [-37.77104878 -36.88003294 -31.98773568 -33.20652845 -36.51162596
  -6.84534478 -31.76402413 -30.59588059 -26.53357862 -27.71218908
  -9.7609663  -39.48447892 -10.07366922 -18.03675644 -24.44436593]
scheduled_ues:  [ 0  1  2  3  4  6  7  8  9 11 13 14]
(1, 15, 1, 4, 1, 1)
caused INR: -19.76369507064073
TpsAltruisticFromLsfGain + CumulativeIndividualEstimated_INR + -10.0
None
(1, 15, 1, 4, 1, 1)
caused INR: -19.76369507064073
TpsAltruisticFromLsfGain + CumulativeIndividualEstimated_INR + -12.5
None
(1, 15, 1, 4, 1, 1)
caused INR: -19.76369507064073
TpsAltruisticFromLsfGain + CumulativeIndividualEstimated_INR + -15.0
None
(1, 15, 1, 4, 1, 1)
caused INR: -19.76369507064073
TpsRandomic + IndividualEstimated_INR + -10.0
None
ls_gain_coeffs:
[-137.58270066 -134.85058764 -139.4226405  -136.05991545 -147.50132601
 -103.33852381 -125.93120911 -127.5676657  -126.73736362 -138.70188912
 -106.53248679 -150.47417896 -110.15268736 -129.02645648 -135.43406597]
inrs_hat:  [-26.59300061 -23.86088759 -28.43294046 -25.07021541 -36.51162596
   7.65117623 -14.94150907 -16.57796566 -15.74766358 -27.71218908
   4.45721326 -39.48447892   0.83701268 -18.03675644 -24.44436593]
scheduled_ues:  [ 0  1  2  3  4  6  7  8  9 11 13 14]
(1, 15, 1, 4, 1, 1)
caused INR: -13.771782527038813
TpsRandomic + IndividualEstimated_INR + -12.5
None
ls_gain_coeffs:
[-132.02306766 -134.85058764 -129.35090398 -144.19622849 -134.96308726
 -104.36598432 -125.93120911 -127.5676657  -126.16493396 -131.1841756
 -106.53248679 -137.08388896 -121.06336927 -129.02645648 -121.65101372]
inrs_hat:  [-21.03336761 -23.86088759 -18.36120394 -33.20652845 -23.97338721
   6.62371573 -14.94150907 -16.57796566 -15.17523392 -20.19447556
   4.45721326 -26.09418892 -10.07366922 -18.03675644 -10.66131368]
scheduled_ues:  [ 0  1  2  3  4  6  7  8  9 11 13]
(1, 15, 1, 4, 1, 1)
caused INR: -7.592624739764144
TpsRandomic + IndividualEstimated_INR + -15.0
None
ls_gain_coeffs:
[-137.58270066 -135.13936031 -128.16597224 -131.33019116 -130.87186058
 -114.7526633  -131.19442987 -127.5676657  -126.16493396 -131.1841756
 -118.08579701 -136.13519897 -121.06336927 -129.02645648 -135.43406597]
inrs_hat:  [-26.59300061 -24.14966027 -17.1762722  -20.34049112 -19.88216053
  -3.76296326 -20.20472983 -16.57796566 -15.17523392 -20.19447556
  -7.09609696 -25.14549892 -10.07366922 -18.03675644 -24.44436593]
scheduled_ues:  [ 0  1  2  3  4  6  7  8  9 11 13 14]
(1, 15, 1, 4, 1, 1)
caused INR: -11.748464155235274
TpsRandomic + CumulativeIndividualEstimated_INR + -10.0
None
(1, 15, 1, 4, 1, 1)
caused INR: -16.294337425840332
TpsRandomic + CumulativeIndividualEstimated_INR + -12.5
None
(1, 15, 1, 4, 1, 1)
caused INR: -29.424632595944637
TpsRandomic + CumulativeIndividualEstimated_INR + -15.0
None
(1, 15, 1, 4, 1, 1)
caused INR: -21.570114189993408
Iteration number 95
TpsAltruisticFromLsfGain + IndividualEstimated_INR + -10.0
None
ls_gain_coeffs:
[-128.74330369 -144.66184152 -136.58277013 -125.22342378 -140.74584273
 -115.79236171 -148.34136395 -121.95968893 -138.95870479 -145.44616415
 -139.69256603 -129.89824529 -127.94289329 -147.8144778  -149.87165188]
inrs_hat:  [-17.75360364 -33.67214147 -25.59307008 -14.23372373 -29.75614268
  -4.80266166 -37.3516639  -10.96998889 -27.96900474 -34.4564641
 -28.70286598 -18.90854525 -16.95319325 -36.82477776 -38.88195184]
scheduled_ues:  [ 0  1  2  3  4  6  7  8  9 10 11 12 13 14]
(1, 15, 1, 4, 1, 1)
caused INR: -4.556108918287186
TpsAltruisticFromLsfGain + IndividualEstimated_INR + -12.5
None
ls_gain_coeffs:
[-128.74330369 -144.66184152 -136.58277013 -125.22342378 -140.74584273
 -115.79236171 -148.34136395 -121.95968893 -138.95870479 -145.44616415
 -139.69256603 -129.89824529 -127.94289329 -147.8144778  -149.87165188]
inrs_hat:  [-17.75360364 -33.67214147 -25.59307008 -14.23372373 -29.75614268
  -4.80266166 -37.3516639  -10.96998889 -27.96900474 -34.4564641
 -28.70286598 -18.90854525 -16.95319325 -36.82477776 -38.88195184]
scheduled_ues:  [ 0  1  2  3  4  6  8  9 10 11 12 13 14]
(1, 15, 1, 4, 1, 1)
caused INR: -6.863421760000672
TpsAltruisticFromLsfGain + IndividualEstimated_INR + -15.0
None
ls_gain_coeffs:
[-128.74330369 -144.66184152 -136.58277013 -125.22342378 -140.74584273
 -115.79236171 -148.34136395 -121.95968893 -138.95870479 -145.44616415
 -139.69256603 -129.89824529 -127.94289329 -147.8144778  -149.87165188]
inrs_hat:  [-17.75360364 -33.67214147 -25.59307008 -14.23372373 -29.75614268
  -4.80266166 -37.3516639  -10.96998889 -27.96900474 -34.4564641
 -28.70286598 -18.90854525 -16.95319325 -36.82477776 -38.88195184]
scheduled_ues:  [ 0  1  2  4  6  8  9 10 11 12 13 14]
(1, 15, 1, 4, 1, 1)
caused INR: -7.599376628590981
TpsAltruisticFromLsfGain + CumulativeIndividualEstimated_INR + -10.0
None
(1, 15, 1, 4, 1, 1)
caused INR: -6.863421760000672
TpsAltruisticFromLsfGain + CumulativeIndividualEstimated_INR + -12.5
None
(1, 15, 1, 4, 1, 1)
caused INR: -9.35327472418297
TpsAltruisticFromLsfGain + CumulativeIndividualEstimated_INR + -15.0
None
(1, 15, 1, 4, 1, 1)
caused INR: -14.625877707502958
TpsRandomic + IndividualEstimated_INR + -10.0
None
ls_gain_coeffs:
[-116.12823714 -132.19504224 -130.30391994 -112.33634763 -140.46492027
 -115.79236171 -148.34136395 -104.81369987 -138.95870479 -136.75528988
 -123.0697349  -122.18019369 -113.73992287 -138.85746284 -149.87165188]
inrs_hat:  [ -5.1385371  -21.20534219 -19.31421989  -1.34664759 -29.47522022
  -4.80266166 -37.3516639    6.17600017 -27.96900474 -25.76558984
 -12.08003485 -11.19049365  -2.75022283 -27.8677628  -38.88195184]
scheduled_ues:  [ 1  2  4  6  8  9 10 11 13 14]
(1, 15, 1, 4, 1, 1)
caused INR: -27.456360087491497
TpsRandomic + IndividualEstimated_INR + -12.5
None
ls_gain_coeffs:
[-128.48310387 -132.19504224 -120.3557149  -123.88699534 -140.74584273
 -100.59820767 -148.34136395 -112.92493684 -124.90670304 -136.75528988
 -139.69256603 -122.18019369 -127.94289329 -131.1445808  -149.87165188]
inrs_hat:  [-17.49340382 -21.20534219  -9.36601485 -12.8972953  -29.75614268
  10.39149237 -37.3516639   -1.9352368  -13.917003   -25.76558984
 -28.70286598 -11.19049365 -16.95319325 -20.15488076 -38.88195184]
scheduled_ues:  [ 0  1  3  4  6  8  9 10 12 13 14]
(1, 15, 1, 4, 1, 1)
caused INR: -12.271837594847758
TpsRandomic + IndividualEstimated_INR + -15.0
None
ls_gain_coeffs:
[-116.12823714 -132.19504224 -120.3557149  -112.33634763 -128.21060191
 -115.79236171 -131.63430613 -109.14406291 -122.38250137 -133.2853616
 -127.86822869 -129.89824529 -122.65878202 -131.1445808  -133.47881788]
inrs_hat:  [ -5.1385371  -21.20534219  -9.36601485  -1.34664759 -17.22090186
  -4.80266166 -20.64460609   1.84563714 -11.39280133 -22.29566155
 -16.87852865 -18.90854525 -11.66908198 -20.15488076 -22.48911784]
scheduled_ues:  [ 1  4  6  9 10 11 13 14]
(1, 15, 1, 4, 1, 1)
caused INR: -12.094213669328997
TpsRandomic + CumulativeIndividualEstimated_INR + -10.0
None
(1, 15, 1, 4, 1, 1)
caused INR: -8.902673065482723
TpsRandomic + CumulativeIndividualEstimated_INR + -12.5
None
(1, 15, 1, 4, 1, 1)
caused INR: -23.21804290258546
TpsRandomic + CumulativeIndividualEstimated_INR + -15.0
None
(1, 15, 1, 4, 1, 1)
caused INR: -17.85766019380372
Iteration number 96
TpsAltruisticFromLsfGain + IndividualEstimated_INR + -10.0
None
ls_gain_coeffs:
[-139.75935802 -134.05680509 -150.62884481 -137.05250581 -147.06140827
 -123.46842363 -140.05732643 -148.25298988 -145.30119199 -121.29330297
 -141.93105111 -147.12378558 -144.28536914 -151.27879131 -113.87482945]
inrs_hat:  [-28.76965798 -23.06710504 -39.63914476 -26.06280577 -36.07170823
 -12.47872359 -29.06762639 -37.26328983 -34.31149195 -10.30360292
 -30.94135107 -36.13408554 -33.2956691  -40.28909127  -2.88512941]
scheduled_ues:  [ 0  1  2  3  4  5  6  7  8  9 10 11 12 13]
(1, 15, 1, 4, 1, 1)
caused INR: -12.067819085187669
TpsAltruisticFromLsfGain + IndividualEstimated_INR + -12.5
None
ls_gain_coeffs:
[-139.75935802 -134.05680509 -150.62884481 -137.05250581 -147.06140827
 -123.46842363 -140.05732643 -148.25298988 -145.30119199 -121.29330297
 -141.93105111 -147.12378558 -144.28536914 -151.27879131 -113.87482945]
inrs_hat:  [-28.76965798 -23.06710504 -39.63914476 -26.06280577 -36.07170823
 -12.47872359 -29.06762639 -37.26328983 -34.31149195 -10.30360292
 -30.94135107 -36.13408554 -33.2956691  -40.28909127  -2.88512941]
scheduled_ues:  [ 0  1  2  3  4  6  7  8 10 11 12 13]
(1, 15, 1, 4, 1, 1)
caused INR: -22.00486194658215
TpsAltruisticFromLsfGain + IndividualEstimated_INR + -15.0
None
ls_gain_coeffs:
[-139.75935802 -134.05680509 -150.62884481 -137.05250581 -147.06140827
 -123.46842363 -140.05732643 -148.25298988 -145.30119199 -121.29330297
 -141.93105111 -147.12378558 -144.28536914 -151.27879131 -113.87482945]
inrs_hat:  [-28.76965798 -23.06710504 -39.63914476 -26.06280577 -36.07170823
 -12.47872359 -29.06762639 -37.26328983 -34.31149195 -10.30360292
 -30.94135107 -36.13408554 -33.2956691  -40.28909127  -2.88512941]
scheduled_ues:  [ 0  1  2  3  4  6  7  8 10 11 12 13]
(1, 15, 1, 4, 1, 1)
caused INR: -22.00486194658215
TpsAltruisticFromLsfGain + CumulativeIndividualEstimated_INR + -10.0
None
(1, 15, 1, 4, 1, 1)
caused INR: -7.594965387705804
TpsAltruisticFromLsfGain + CumulativeIndividualEstimated_INR + -12.5
None
(1, 15, 1, 4, 1, 1)
caused INR: -22.00486194658215
TpsAltruisticFromLsfGain + CumulativeIndividualEstimated_INR + -15.0
None
(1, 15, 1, 4, 1, 1)
caused INR: -22.00486194658215
TpsRandomic + IndividualEstimated_INR + -10.0
None
ls_gain_coeffs:
[-125.5808601  -126.74678023 -136.67208988 -129.48592462 -134.98419087
 -120.12416727 -140.05732643 -135.61429254 -145.30119199 -102.21466867
 -140.95759143 -130.5845736  -129.09835327 -138.91558793  -97.79096315]
inrs_hat:  [-14.59116005 -15.75708019 -25.68238983 -18.49622458 -23.99449083
  -9.13446723 -29.06762639 -24.6245925  -34.31149195   8.77503137
 -29.96789139 -19.59487355 -18.10865323 -27.92588789  13.19873689]
scheduled_ues:  [ 0  1  2  3  4  6  7  8 10 11 12 13]
(1, 15, 1, 4, 1, 1)
caused INR: -15.934452415210744
TpsRandomic + IndividualEstimated_INR + -12.5
None
ls_gain_coeffs:
[-139.75935802 -126.74678023 -148.35611241 -120.50871519 -137.76395938
 -123.46842363 -132.94144625 -131.52352622 -131.74521304 -107.09479033
 -141.93105111 -130.5845736  -129.09835327 -142.93597456 -108.41143   ]
inrs_hat:  [-28.76965798 -15.75708019 -37.36641237  -9.51901515 -26.77425934
 -12.47872359 -21.95174621 -20.53382618 -20.75551299   3.89490971
 -30.94135107 -19.59487355 -18.10865323 -31.94627451   2.57827004]
scheduled_ues:  [ 0  1  2  4  6  7  8 10 11 12 13]
(1, 15, 1, 4, 1, 1)
caused INR: -22.789618052932155
TpsRandomic + IndividualEstimated_INR + -15.0
None
ls_gain_coeffs:
[-139.75935802 -117.55378439 -137.42966734 -120.50871519 -137.76395938
 -109.91207151 -132.94144625 -131.52352622 -128.85840875 -107.09479033
 -129.16496455 -139.74609189 -140.16724534 -138.91558793 -108.41143   ]
inrs_hat:  [-28.76965798  -6.56408435 -26.4399673   -9.51901515 -26.77425934
   1.07762853 -21.95174621 -20.53382618 -17.86870871   3.89490971
 -18.17526451 -28.75639184 -29.1775453  -27.92588789   2.57827004]
scheduled_ues:  [ 0  2  4  6  7  8 10 11 12 13]
(1, 15, 1, 4, 1, 1)
caused INR: -14.274852214730277
TpsRandomic + CumulativeIndividualEstimated_INR + -10.0
None
(1, 15, 1, 4, 1, 1)
caused INR: -18.923740913310667
TpsRandomic + CumulativeIndividualEstimated_INR + -12.5
None
(1, 15, 1, 4, 1, 1)
caused INR: -14.478056853271381
TpsRandomic + CumulativeIndividualEstimated_INR + -15.0
None
(1, 15, 1, 4, 1, 1)
caused INR: -24.730129058705597
Iteration number 97
TpsAltruisticFromLsfGain + IndividualEstimated_INR + -10.0
None
ls_gain_coeffs:
[-139.23850038 -148.57129691 -133.02562911 -135.7608569  -126.87778679
 -127.49144447 -144.72741812 -148.18187587 -140.53881304 -147.35306082
 -134.48726104 -137.51765133 -149.72432892 -138.01258016 -128.60786914]
inrs_hat:  [-28.24880034 -37.58159686 -22.03592907 -24.77115686 -15.88808675
 -16.50174443 -33.73771808 -37.19217583 -29.54911299 -36.36336078
 -23.497561   -26.52795129 -38.73462888 -27.02288012 -17.6181691 ]
scheduled_ues:  [ 0  1  2  3  4  5  6  7  8  9 10 11 12 13 14]
(1, 15, 1, 4, 1, 1)
caused INR: -15.731117925597893
TpsAltruisticFromLsfGain + IndividualEstimated_INR + -12.5
None
ls_gain_coeffs:
[-139.23850038 -148.57129691 -133.02562911 -135.7608569  -126.87778679
 -127.49144447 -144.72741812 -148.18187587 -140.53881304 -147.35306082
 -134.48726104 -137.51765133 -149.72432892 -138.01258016 -128.60786914]
inrs_hat:  [-28.24880034 -37.58159686 -22.03592907 -24.77115686 -15.88808675
 -16.50174443 -33.73771808 -37.19217583 -29.54911299 -36.36336078
 -23.497561   -26.52795129 -38.73462888 -27.02288012 -17.6181691 ]
scheduled_ues:  [ 0  1  2  3  4  5  6  7  8  9 10 11 12 13 14]
(1, 15, 1, 4, 1, 1)
caused INR: -15.731117925597893
TpsAltruisticFromLsfGain + IndividualEstimated_INR + -15.0
None
ls_gain_coeffs:
[-139.23850038 -148.57129691 -133.02562911 -135.7608569  -126.87778679
 -127.49144447 -144.72741812 -148.18187587 -140.53881304 -147.35306082
 -134.48726104 -137.51765133 -149.72432892 -138.01258016 -128.60786914]
inrs_hat:  [-28.24880034 -37.58159686 -22.03592907 -24.77115686 -15.88808675
 -16.50174443 -33.73771808 -37.19217583 -29.54911299 -36.36336078
 -23.497561   -26.52795129 -38.73462888 -27.02288012 -17.6181691 ]
scheduled_ues:  [ 0  1  2  3  4  5  6  7  8  9 10 11 12 13 14]
(1, 15, 1, 4, 1, 1)
caused INR: -15.731117925597893
TpsAltruisticFromLsfGain + CumulativeIndividualEstimated_INR + -10.0
None
(1, 15, 1, 4, 1, 1)
caused INR: -15.731117925597893
TpsAltruisticFromLsfGain + CumulativeIndividualEstimated_INR + -12.5
None
(1, 15, 1, 4, 1, 1)
caused INR: -33.77821360122461
TpsAltruisticFromLsfGain + CumulativeIndividualEstimated_INR + -15.0
None
(1, 15, 1, 4, 1, 1)
caused INR: -20.48507148285371
TpsRandomic + IndividualEstimated_INR + -10.0
None
ls_gain_coeffs:
[-126.8153076  -142.14442184 -133.02562911 -118.91272486 -113.22285006
 -127.49144447 -127.93302371 -141.04450328 -124.20957218 -136.17946154
 -128.4769852  -129.6291788  -136.07280811 -124.57577341 -113.7244282 ]
inrs_hat:  [-15.82560755 -31.1547218  -22.03592907  -7.92302482  -2.23315002
 -16.50174443 -16.94332366 -30.05480324 -13.21987213 -25.1897615
 -17.48728515 -18.63947876 -25.08310806 -13.58607337  -2.73472816]
scheduled_ues:  [ 0  1  2  5  6  7  8  9 10 11 12 13]
(1, 15, 1, 4, 1, 1)
caused INR: -9.954114560446397
TpsRandomic + IndividualEstimated_INR + -12.5
None
ls_gain_coeffs:
[-126.8153076  -134.92229032 -120.38557864 -118.91272486 -112.00951333
 -110.66127243 -127.93302371 -134.7641027  -126.1775451  -136.17946154
 -120.04223576 -120.78526986 -149.72432892 -138.01258016 -124.94510773]
inrs_hat:  [-15.82560755 -23.93259028  -9.3958786   -7.92302482  -1.01981329
   0.32842762 -16.94332366 -23.77440266 -15.18784505 -25.1897615
  -9.05253572  -9.79556982 -38.73462888 -27.02288012 -13.95540768]
scheduled_ues:  [ 0  1  6  7  8  9 12 13 14]
(1, 15, 1, 4, 1, 1)
caused INR: -13.67507393997457
TpsRandomic + IndividualEstimated_INR + -15.0
None
ls_gain_coeffs:
[-139.23850038 -132.31255608 -133.02562911 -135.7608569  -126.87778679
 -112.85555845 -135.2632416  -134.7641027  -124.20957218 -147.35306082
 -134.48726104 -129.6291788  -136.07280811 -124.57577341 -114.94534867]
inrs_hat:  [-28.24880034 -21.32285604 -22.03592907 -24.77115686 -15.88808675
  -1.86585841 -24.27354155 -23.77440266 -13.21987213 -36.36336078
 -23.497561   -18.63947876 -25.08310806 -13.58607337  -3.95564863]
scheduled_ues:  [ 0  1  2  3  4  6  7  9 10 11 12]
(1, 15, 1, 4, 1, 1)
caused INR: -16.397781808503513
TpsRandomic + CumulativeIndividualEstimated_INR + -10.0
None
(1, 15, 1, 4, 1, 1)
caused INR: -14.050004833072414
TpsRandomic + CumulativeIndividualEstimated_INR + -12.5
None
(1, 15, 1, 4, 1, 1)
caused INR: -17.980288177256256
TpsRandomic + CumulativeIndividualEstimated_INR + -15.0
None
(1, 15, 1, 4, 1, 1)
caused INR: -27.68279731892109
Iteration number 98
TpsAltruisticFromLsfGain + IndividualEstimated_INR + -10.0
None
ls_gain_coeffs:
[-145.93915902 -148.24299579 -140.87094173 -138.43487176 -140.23704647
 -148.67844302 -153.37586771 -122.06291204 -140.31727765 -149.01749483
 -139.00147598 -126.49094093 -133.46521168 -133.42505974 -147.97942579]
inrs_hat:  [-34.94945898 -37.25329574 -29.88124169 -27.44517171 -29.24734643
 -37.68874298 -42.38616767 -11.073212   -29.32757761 -38.02779479
 -28.01177594 -15.50124089 -22.47551164 -22.4353597  -36.98972575]
scheduled_ues:  [ 0  1  2  3  4  5  6  7  8  9 10 11 12 13 14]
(1, 15, 1, 4, 1, 1)
caused INR: -18.53687067598644
TpsAltruisticFromLsfGain + IndividualEstimated_INR + -12.5
None
ls_gain_coeffs:
[-145.93915902 -148.24299579 -140.87094173 -138.43487176 -140.23704647
 -148.67844302 -153.37586771 -122.06291204 -140.31727765 -149.01749483
 -139.00147598 -126.49094093 -133.46521168 -133.42505974 -147.97942579]
inrs_hat:  [-34.94945898 -37.25329574 -29.88124169 -27.44517171 -29.24734643
 -37.68874298 -42.38616767 -11.073212   -29.32757761 -38.02779479
 -28.01177594 -15.50124089 -22.47551164 -22.4353597  -36.98972575]
scheduled_ues:  [ 0  1  2  3  4  5  6  8  9 10 11 12 13 14]
(1, 15, 1, 4, 1, 1)
caused INR: -13.683678154545495
TpsAltruisticFromLsfGain + IndividualEstimated_INR + -15.0
None
ls_gain_coeffs:
[-145.93915902 -148.24299579 -140.87094173 -138.43487176 -140.23704647
 -148.67844302 -153.37586771 -122.06291204 -140.31727765 -149.01749483
 -139.00147598 -126.49094093 -133.46521168 -133.42505974 -147.97942579]
inrs_hat:  [-34.94945898 -37.25329574 -29.88124169 -27.44517171 -29.24734643
 -37.68874298 -42.38616767 -11.073212   -29.32757761 -38.02779479
 -28.01177594 -15.50124089 -22.47551164 -22.4353597  -36.98972575]
scheduled_ues:  [ 0  1  2  3  4  5  6  8  9 10 11 12 13 14]
(1, 15, 1, 4, 1, 1)
caused INR: -13.683678154545495
TpsAltruisticFromLsfGain + CumulativeIndividualEstimated_INR + -10.0
None
(1, 15, 1, 4, 1, 1)
caused INR: -13.683678154545495
TpsAltruisticFromLsfGain + CumulativeIndividualEstimated_INR + -12.5
None
(1, 15, 1, 4, 1, 1)
caused INR: -13.683678154545495
TpsAltruisticFromLsfGain + CumulativeIndividualEstimated_INR + -15.0
None
(1, 15, 1, 4, 1, 1)
caused INR: -13.456177197856793
TpsRandomic + IndividualEstimated_INR + -10.0
None
ls_gain_coeffs:
[-136.67213335 -132.06528253 -124.08564118 -125.84300877 -123.39252731
 -135.15985321 -144.01584546 -122.06291204 -132.45027586 -149.01749483
 -139.00147598 -109.87044388 -115.86040902 -116.86533076 -131.86571299]
inrs_hat:  [-25.6824333  -21.07558249 -13.09594113 -14.85330873 -12.40282726
 -24.17015316 -33.02614542 -11.073212   -21.46057581 -38.02779479
 -28.01177594   1.11925616  -4.87070897  -5.87563071 -20.87601295]
scheduled_ues:  [ 0  1  2  3  4  5  6  7  8  9 10 14]
(1, 15, 1, 4, 1, 1)
caused INR: -9.007388674088308
TpsRandomic + IndividualEstimated_INR + -12.5
None
ls_gain_coeffs:
[-145.93915902 -148.24299579 -133.24175675 -125.69274579 -128.32951486
 -134.08286339 -141.77155087 -122.06291204 -140.31727765 -149.01749483
 -139.00147598 -126.49094093 -122.89483533 -120.69713547 -142.08448316]
inrs_hat:  [-34.94945898 -37.25329574 -22.2520567  -14.70304574 -17.33981481
 -23.09316334 -30.78185083 -11.073212   -29.32757761 -38.02779479
 -28.01177594 -15.50124089 -11.90513528  -9.70743543 -31.09478311]
scheduled_ues:  [ 0  1  2  3  4  5  6  8  9 10 11 14]
(1, 15, 1, 4, 1, 1)
caused INR: -20.5144846549118
TpsRandomic + IndividualEstimated_INR + -15.0
None
ls_gain_coeffs:
[-136.67213335 -132.06528253 -140.87094173 -137.9840828  -123.39252731
 -148.67844302 -144.01584546 -106.56886802 -127.31781795 -132.46587444
 -139.00147598 -112.94497188 -133.46521168 -120.69713547 -142.08448316]
inrs_hat:  [-25.6824333  -21.07558249 -29.88124169 -26.99438276 -12.40282726
 -37.68874298 -33.02614542   4.42083202 -16.32811791 -21.4761744
 -28.01177594  -1.95527184 -22.47551164  -9.70743543 -31.09478311]
scheduled_ues:  [ 0  1  2  3  5  6  8  9 10 12 14]
(1, 15, 1, 4, 1, 1)
caused INR: -14.761026770718082
TpsRandomic + CumulativeIndividualEstimated_INR + -10.0
None
(1, 15, 1, 4, 1, 1)
caused INR: -16.16017584156987
TpsRandomic + CumulativeIndividualEstimated_INR + -12.5
None
(1, 15, 1, 4, 1, 1)
caused INR: -14.80001259741229
TpsRandomic + CumulativeIndividualEstimated_INR + -15.0
None
(1, 15, 1, 4, 1, 1)
caused INR: -19.9663614226177
Iteration number 99
TpsAltruisticFromLsfGain + IndividualEstimated_INR + -10.0
None
ls_gain_coeffs:
[-145.39778767 -133.38497497 -139.52186392 -119.71380904 -143.86394314
 -127.28746573 -132.93131757 -131.65034905 -124.41307298 -147.56601657
 -148.24530436 -118.64984683 -144.57274115 -143.98425816 -137.71976105]
inrs_hat:  [-34.40808762 -22.39527492 -28.53216387  -8.72410899 -32.8742431
 -16.29776569 -21.94161753 -20.660649   -13.42337294 -36.57631653
 -37.25560432  -7.66014679 -33.5830411  -32.99455812 -26.73006101]
scheduled_ues:  [ 0  1  2  4  5  6  7  8  9 10 12 13 14]
(1, 15, 1, 4, 1, 1)
caused INR: -19.40103346570716
TpsAltruisticFromLsfGain + IndividualEstimated_INR + -12.5
None
ls_gain_coeffs:
[-145.39778767 -133.38497497 -139.52186392 -119.71380904 -143.86394314
 -127.28746573 -132.93131757 -131.65034905 -124.41307298 -147.56601657
 -148.24530436 -118.64984683 -144.57274115 -143.98425816 -137.71976105]
inrs_hat:  [-34.40808762 -22.39527492 -28.53216387  -8.72410899 -32.8742431
 -16.29776569 -21.94161753 -20.660649   -13.42337294 -36.57631653
 -37.25560432  -7.66014679 -33.5830411  -32.99455812 -26.73006101]
scheduled_ues:  [ 0  1  2  4  5  6  7  8  9 10 12 13 14]
(1, 15, 1, 4, 1, 1)
caused INR: -19.40103346570716
TpsAltruisticFromLsfGain + IndividualEstimated_INR + -15.0
None
ls_gain_coeffs:
[-145.39778767 -133.38497497 -139.52186392 -119.71380904 -143.86394314
 -127.28746573 -132.93131757 -131.65034905 -124.41307298 -147.56601657
 -148.24530436 -118.64984683 -144.57274115 -143.98425816 -137.71976105]
inrs_hat:  [-34.40808762 -22.39527492 -28.53216387  -8.72410899 -32.8742431
 -16.29776569 -21.94161753 -20.660649   -13.42337294 -36.57631653
 -37.25560432  -7.66014679 -33.5830411  -32.99455812 -26.73006101]
scheduled_ues:  [ 0  1  2  4  5  6  7  9 10 12 13 14]
(1, 15, 1, 4, 1, 1)
caused INR: -17.68458729554223
TpsAltruisticFromLsfGain + CumulativeIndividualEstimated_INR + -10.0
None
(1, 15, 1, 4, 1, 1)
caused INR: -19.40103346570716
TpsAltruisticFromLsfGain + CumulativeIndividualEstimated_INR + -12.5
None
(1, 15, 1, 4, 1, 1)
caused INR: -17.68458729554223
TpsAltruisticFromLsfGain + CumulativeIndividualEstimated_INR + -15.0
None
(1, 15, 1, 4, 1, 1)
caused INR: -22.341114649912868
TpsRandomic + IndividualEstimated_INR + -10.0
None
ls_gain_coeffs:
[-135.16583236 -119.49673576 -139.52186392 -113.98568029 -130.56014743
 -113.94146128 -122.99686852 -114.99689386 -111.46326265 -147.56601657
 -135.65028205 -118.31843059 -128.56698357 -143.98425816 -126.06805757]
inrs_hat:  [-24.17613232  -8.50703572 -28.53216387  -2.99598024 -19.57044739
  -2.95176124 -12.00716847  -4.00719381  -0.4735626  -36.57631653
 -24.660582    -7.32873055 -17.57728353 -32.99455812 -15.07835753]
scheduled_ues:  [ 0  2  4  6  9 10 12 13 14]
(1, 15, 1, 4, 1, 1)
caused INR: -13.483665031582913
TpsRandomic + IndividualEstimated_INR + -12.5
None
ls_gain_coeffs:
[-135.16583236 -119.49673576 -138.55131086 -119.71380904 -136.62879789
 -124.57425239 -115.74064463 -125.33256626 -115.73049726 -147.56601657
 -140.07300932 -105.98730267 -128.56698357 -131.86709018 -120.69101052]
inrs_hat:  [-24.17613232  -8.50703572 -27.56161081  -8.72410899 -25.63909785
 -13.58455235  -4.75094458 -14.34286622  -4.74079721 -36.57631653
 -29.08330928   5.00239737 -17.57728353 -20.87739014  -9.70131048]
scheduled_ues:  [ 0  2  4  5  7  9 10 12 13]
(1, 15, 1, 4, 1, 1)
caused INR: -10.89486425014618
TpsRandomic + IndividualEstimated_INR + -15.0
None
ls_gain_coeffs:
[-134.30969141 -119.49673576 -126.75674623 -113.98568029 -130.56014743
 -113.94146128 -132.93131757 -125.33256626 -111.46326265 -133.01728067
 -148.24530436 -118.64984683 -144.57274115 -143.98425816 -120.69101052]
inrs_hat:  [-23.31999137  -8.50703572 -15.76704619  -2.99598024 -19.57044739
  -2.95176124 -21.94161753 -14.34286622  -0.4735626  -22.02758063
 -37.25560432  -7.66014679 -33.5830411  -32.99455812  -9.70131048]
scheduled_ues:  [ 0  2  4  6  9 10 12 13]
(1, 15, 1, 4, 1, 1)
caused INR: -20.481595833755343
TpsRandomic + CumulativeIndividualEstimated_INR + -10.0
None
(1, 15, 1, 4, 1, 1)
caused INR: -9.85412538502863
TpsRandomic + CumulativeIndividualEstimated_INR + -12.5
None
(1, 15, 1, 4, 1, 1)
caused INR: -8.955376733861753
TpsRandomic + CumulativeIndividualEstimated_INR + -15.0
None
(1, 15, 1, 4, 1, 1)
caused INR: -12.993289493393066
Iteration number 100
TpsAltruisticFromLsfGain + IndividualEstimated_INR + -10.0
None
ls_gain_coeffs:
[-133.57809797 -143.71978905 -137.92538578 -131.95177981 -133.17739897
 -149.29736728 -138.20976972 -138.2096317  -147.41227244 -146.07933695
 -133.87213349 -138.74890741 -129.89693592 -127.89564624 -140.8071332 ]
inrs_hat:  [-22.58839792 -32.73008901 -26.93568574 -20.96207977 -22.18769893
 -38.30766724 -27.22006968 -27.21993166 -36.42257239 -35.08963691
 -22.88243345 -27.75920736 -18.90723588 -16.9059462  -29.81743316]
scheduled_ues:  [ 0  1  2  3  4  5  6  7  8  9 10 11 12 13 14]
(1, 15, 1, 4, 1, 1)
caused INR: -16.95647146996283
TpsAltruisticFromLsfGain + IndividualEstimated_INR + -12.5
None
ls_gain_coeffs:
[-133.57809797 -143.71978905 -137.92538578 -131.95177981 -133.17739897
 -149.29736728 -138.20976972 -138.2096317  -147.41227244 -146.07933695
 -133.87213349 -138.74890741 -129.89693592 -127.89564624 -140.8071332 ]
inrs_hat:  [-22.58839792 -32.73008901 -26.93568574 -20.96207977 -22.18769893
 -38.30766724 -27.22006968 -27.21993166 -36.42257239 -35.08963691
 -22.88243345 -27.75920736 -18.90723588 -16.9059462  -29.81743316]
scheduled_ues:  [ 0  1  2  3  4  5  6  7  8  9 10 11 12 13 14]
(1, 15, 1, 4, 1, 1)
caused INR: -16.95647146996283
TpsAltruisticFromLsfGain + IndividualEstimated_INR + -15.0
None
ls_gain_coeffs:
[-133.57809797 -143.71978905 -137.92538578 -131.95177981 -133.17739897
 -149.29736728 -138.20976972 -138.2096317  -147.41227244 -146.07933695
 -133.87213349 -138.74890741 -129.89693592 -127.89564624 -140.8071332 ]
inrs_hat:  [-22.58839792 -32.73008901 -26.93568574 -20.96207977 -22.18769893
 -38.30766724 -27.22006968 -27.21993166 -36.42257239 -35.08963691
 -22.88243345 -27.75920736 -18.90723588 -16.9059462  -29.81743316]
scheduled_ues:  [ 0  1  2  3  4  5  6  7  8  9 10 11 12 13 14]
(1, 15, 1, 4, 1, 1)
caused INR: -16.95647146996283
TpsAltruisticFromLsfGain + CumulativeIndividualEstimated_INR + -10.0
None
(1, 15, 1, 4, 1, 1)
caused INR: -16.95647146996283
TpsAltruisticFromLsfGain + CumulativeIndividualEstimated_INR + -12.5
None
(1, 15, 1, 4, 1, 1)
caused INR: -22.67778653174471
TpsAltruisticFromLsfGain + CumulativeIndividualEstimated_INR + -15.0
None
(1, 15, 1, 4, 1, 1)
caused INR: -21.803658375870093
TpsRandomic + IndividualEstimated_INR + -10.0
None
ls_gain_coeffs:
[-129.82718546 -143.71978905 -137.92538578 -128.02891895 -119.79096666
 -137.4878594  -124.16187299 -121.18327452 -139.76756746 -129.22549622
 -117.11026878 -138.74890741 -120.11458406 -116.64563208 -123.7670312 ]
inrs_hat:  [-18.83748542 -32.73008901 -26.93568574 -17.0392189   -8.80126662
 -26.49815935 -13.17217295 -10.19357448 -28.77786741 -18.23579617
  -6.12056874 -27.75920736  -9.12488402  -5.65593204 -12.77733115]
scheduled_ues:  [ 0  1  2  3  5  6  7  8  9 11 14]
(1, 15, 1, 4, 1, 1)
caused INR: -1.89134865747521
TpsRandomic + IndividualEstimated_INR + -12.5
None
ls_gain_coeffs:
[-133.57809797 -126.95244871 -126.37545014 -128.02891895 -133.17739897
 -132.59628299 -131.47031365 -125.30546661 -130.88570585 -146.07933695
 -122.13678826 -138.74890741 -116.46012153 -109.71905928 -140.8071332 ]
inrs_hat:  [-22.58839792 -15.96274867 -15.38575009 -17.0392189  -22.18769893
 -21.60658295 -20.48061361 -14.31576657 -19.8960058  -35.08963691
 -11.14708822 -27.75920736  -5.47042149   1.27064076 -29.81743316]
scheduled_ues:  [ 0  1  2  3  4  5  6  7  8  9 11 14]
(1, 15, 1, 4, 1, 1)
caused INR: -8.501295398765281
TpsRandomic + IndividualEstimated_INR + -15.0
None
ls_gain_coeffs:
[-118.63588963 -143.71978905 -127.86722989 -131.95177981 -133.17739897
 -137.4878594  -131.47031365 -121.18327452 -130.88570585 -146.07933695
 -133.87213349 -124.58659482 -112.0665528  -109.71905928 -123.7670312 ]
inrs_hat:  [ -7.64618959 -32.73008901 -16.87752984 -20.96207977 -22.18769893
 -26.49815935 -20.48061361 -10.19357448 -19.8960058  -35.08963691
 -22.88243345 -13.59689478  -1.07685276   1.27064076 -12.77733115]
scheduled_ues:  [ 1  2  3  4  5  6  8  9 10]
(1, 15, 1, 4, 1, 1)
caused INR: -15.914479684802513
TpsRandomic + CumulativeIndividualEstimated_INR + -10.0
None
(1, 15, 1, 4, 1, 1)
caused INR: -17.677511711129164
TpsRandomic + CumulativeIndividualEstimated_INR + -12.5
None
(1, 15, 1, 4, 1, 1)
caused INR: -17.436238249352552
TpsRandomic + CumulativeIndividualEstimated_INR + -15.0
None
(1, 15, 1, 4, 1, 1)
caused INR: -22.929930705830024
Job ended at Tue Sep 22 05:24:20 PM UTC 2026
