Job started at Tue Sep 22 04:30:49 PM UTC 2026
source/physical/large_scale_fading.py
source/physical/channel.py
source/physical/antenna_pattern.py
source/physical/antenna_pattern.py
source/physical/large_scale_fading.py
source/physical/channel.py
source/physical/spatial_correlation.py
source/channel_estimation.py
source/physical/antenna_pattern.py
source/physical/antenna_pattern.py
source/geometry/coordinates.py
source/geometry/coordinates.py
source/geometry/sectorization.py
source/geometry/sectorization.py
source/beamforming.py
source/beamforming.py
Iteration number 1
TpsAltruisticFromLsfGain + IndividualEstimated_INR + -10.0
None
ls_gain_coeffs:
[-127.64312029 -150.84015369 -123.67862774 -138.35614762 -140.63593273
 -129.6670117  -135.4877549  -138.02514484 -147.5039651  -133.46425199
 -136.89139175 -130.7592359  -137.85249647 -131.37189687 -148.12157588]
inrs_hat:  [-16.65342025 -39.85045365 -12.6889277  -27.36644757 -29.64623268
 -18.67731165 -24.49805486 -27.0354448  -36.51426506 -22.47455194
 -25.90169171 -19.76953585 -26.86279643 -20.38219682 -37.13187584]
scheduled_ues:  [ 0  1  2  3  4  5  6  7  8  9 10 11 12 13 14]
(1, 15, 1, 4, 1, 1)
caused INR: -10.620420976395854
TpsAltruisticFromLsfGain + IndividualEstimated_INR + -12.5
None
ls_gain_coeffs:
[-127.64312029 -150.84015369 -123.67862774 -138.35614762 -140.63593273
 -129.6670117  -135.4877549  -138.02514484 -147.5039651  -133.46425199
 -136.89139175 -130.7592359  -137.85249647 -131.37189687 -148.12157588]
inrs_hat:  [-16.65342025 -39.85045365 -12.6889277  -27.36644757 -29.64623268
 -18.67731165 -24.49805486 -27.0354448  -36.51426506 -22.47455194
 -25.90169171 -19.76953585 -26.86279643 -20.38219682 -37.13187584]
scheduled_ues:  [ 0  1  2  3  4  5  6  7  8  9 10 11 12 13 14]
(1, 15, 1, 4, 1, 1)
caused INR: -10.620420976395854
TpsAltruisticFromLsfGain + IndividualEstimated_INR + -15.0
None
ls_gain_coeffs:
[-127.64312029 -150.84015369 -123.67862774 -138.35614762 -140.63593273
 -129.6670117  -135.4877549  -138.02514484 -147.5039651  -133.46425199
 -136.89139175 -130.7592359  -137.85249647 -131.37189687 -148.12157588]
inrs_hat:  [-16.65342025 -39.85045365 -12.6889277  -27.36644757 -29.64623268
 -18.67731165 -24.49805486 -27.0354448  -36.51426506 -22.47455194
 -25.90169171 -19.76953585 -26.86279643 -20.38219682 -37.13187584]
scheduled_ues:  [ 0  1  3  4  5  6  7  8  9 10 11 12 13 14]
(1, 15, 1, 4, 1, 1)
caused INR: -12.286063397798891
TpsAltruisticFromLsfGain + CumulativeIndividualEstimated_INR + -10.0
None
(1, 15, 1, 4, 1, 1)
caused INR: -12.286063397798891
TpsAltruisticFromLsfGain + CumulativeIndividualEstimated_INR + -12.5
None
(1, 15, 1, 4, 1, 1)
caused INR: -14.890159269904046
TpsAltruisticFromLsfGain + CumulativeIndividualEstimated_INR + -15.0
None
(1, 15, 1, 4, 1, 1)
caused INR: -21.063010773086855
TpsRandomic + IndividualEstimated_INR + -10.0
None
ls_gain_coeffs:
[-113.61220095 -142.32459571 -109.61297457 -126.92314224 -130.10958259
 -116.46366217 -127.70946479 -124.51886553 -136.79297124 -126.51558785
 -121.45830483 -113.06603478 -120.93694038 -121.04018105 -134.73976336]
inrs_hat:  [ -2.62250091 -31.33489567   1.37672547 -15.9334422  -19.11988255
  -5.47396212 -16.71976474 -13.52916549 -25.80327119 -15.5258878
 -10.46860479  -2.07633473  -9.94724034 -10.05048101 -23.75006332]
scheduled_ues:  [ 1  3  4  6  7  8  9 10 13 14]
(1, 15, 1, 4, 1, 1)
caused INR: -7.952739154729144
TpsRandomic + IndividualEstimated_INR + -12.5
None
ls_gain_coeffs:
[-122.87516227 -150.84015369 -123.67862774 -127.77543456 -123.7438567
 -111.2371968  -118.98567678 -124.51886553 -147.5039651  -126.51558785
 -121.45830483 -113.06603478 -127.26248974 -113.65316973 -141.12595064]
inrs_hat:  [-11.88546222 -39.85045365 -12.6889277  -16.78573452 -12.75415666
  -0.24749676  -7.99597674 -13.52916549 -36.51426506 -15.5258878
 -10.46860479  -2.07633473 -16.2727897   -2.66346969 -30.1362506 ]
scheduled_ues:  [ 1  2  3  4  7  8  9 12 14]
(1, 15, 1, 4, 1, 1)
caused INR: -11.870707510146412
TpsRandomic + IndividualEstimated_INR + -15.0
None
ls_gain_coeffs:
[-127.64312029 -138.71985998 -107.9889214  -121.1284884  -123.7438567
 -129.6670117  -127.70946479 -124.51886553 -147.5039651  -133.46425199
 -132.40416137 -120.15865756 -137.85249647 -118.70775842 -141.12595064]
inrs_hat:  [-16.65342025 -27.73015994   3.00077865 -10.13878836 -12.75415666
 -18.67731165 -16.71976474 -13.52916549 -36.51426506 -22.47455194
 -21.41446133  -9.16895752 -26.86279643  -7.71805837 -30.1362506 ]
scheduled_ues:  [ 0  1  5  6  8  9 10 12 14]
(1, 15, 1, 4, 1, 1)
caused INR: -10.076997266803922
TpsRandomic + CumulativeIndividualEstimated_INR + -10.0
None
(1, 15, 1, 4, 1, 1)
caused INR: -13.869551503544479
TpsRandomic + CumulativeIndividualEstimated_INR + -12.5
None
(1, 15, 1, 4, 1, 1)
caused INR: -12.077609669230924
TpsRandomic + CumulativeIndividualEstimated_INR + -15.0
None
(1, 15, 1, 4, 1, 1)
caused INR: -17.964314933372368
Iteration number 2
TpsAltruisticFromLsfGain + IndividualEstimated_INR + -10.0
None
ls_gain_coeffs:
[-137.86763748 -146.27933599 -150.29355618 -149.97901843 -140.11441355
 -145.26011128 -143.65877984 -145.48108191 -143.69016823 -145.2813327
 -120.3347201  -139.35565536 -130.53399956 -144.6204207  -138.5217167 ]
inrs_hat:  [-26.87793743 -35.28963595 -39.30385614 -38.98931839 -29.12471351
 -34.27041124 -32.6690798  -34.49138187 -32.70046819 -34.29163265
  -9.34502005 -28.36595532 -19.54429951 -33.63072066 -27.53201666]
scheduled_ues:  [ 0  1  2  3  4  5  6  7  8  9 11 12 13 14]
(1, 15, 1, 4, 1, 1)
caused INR: -20.001508838192873
TpsAltruisticFromLsfGain + IndividualEstimated_INR + -12.5
None
ls_gain_coeffs:
[-137.86763748 -146.27933599 -150.29355618 -149.97901843 -140.11441355
 -145.26011128 -143.65877984 -145.48108191 -143.69016823 -145.2813327
 -120.3347201  -139.35565536 -130.53399956 -144.6204207  -138.5217167 ]
inrs_hat:  [-26.87793743 -35.28963595 -39.30385614 -38.98931839 -29.12471351
 -34.27041124 -32.6690798  -34.49138187 -32.70046819 -34.29163265
  -9.34502005 -28.36595532 -19.54429951 -33.63072066 -27.53201666]
scheduled_ues:  [ 0  1  2  3  4  5  6  7  8  9 11 12 13 14]
(1, 15, 1, 4, 1, 1)
caused INR: -20.001508838192873
TpsAltruisticFromLsfGain + IndividualEstimated_INR + -15.0
None
ls_gain_coeffs:
[-137.86763748 -146.27933599 -150.29355618 -149.97901843 -140.11441355
 -145.26011128 -143.65877984 -145.48108191 -143.69016823 -145.2813327
 -120.3347201  -139.35565536 -130.53399956 -144.6204207  -138.5217167 ]
inrs_hat:  [-26.87793743 -35.28963595 -39.30385614 -38.98931839 -29.12471351
 -34.27041124 -32.6690798  -34.49138187 -32.70046819 -34.29163265
  -9.34502005 -28.36595532 -19.54429951 -33.63072066 -27.53201666]
scheduled_ues:  [ 0  1  2  3  4  5  6  7  8  9 11 12 13 14]
(1, 15, 1, 4, 1, 1)
caused INR: -20.001508838192873
TpsAltruisticFromLsfGain + CumulativeIndividualEstimated_INR + -10.0
None
(1, 15, 1, 4, 1, 1)
caused INR: -20.001508838192873
TpsAltruisticFromLsfGain + CumulativeIndividualEstimated_INR + -12.5
None
(1, 15, 1, 4, 1, 1)
caused INR: -20.001508838192873
TpsAltruisticFromLsfGain + CumulativeIndividualEstimated_INR + -15.0
None
(1, 15, 1, 4, 1, 1)
caused INR: -20.001508838192873
TpsRandomic + IndividualEstimated_INR + -10.0
None
ls_gain_coeffs:
[-120.60427524 -129.45128743 -133.81878973 -141.95587634 -127.15435608
 -137.90072189 -143.65877984 -129.18699169 -130.70371845 -140.32617517
 -116.78502975 -139.35565536 -116.94515672 -130.77683675 -126.62643028]
inrs_hat:  [ -9.61457519 -18.46158738 -22.82908969 -30.9661763  -16.16465604
 -26.91102185 -32.6690798  -18.19729164 -19.71401841 -29.33647513
  -5.7953297  -28.36595532  -5.95545668 -19.78713671 -15.63673024]
scheduled_ues:  [ 1  2  3  4  5  6  7  8  9 11 13 14]
(1, 15, 1, 4, 1, 1)
caused INR: -23.185143247169915
TpsRandomic + IndividualEstimated_INR + -12.5
None
ls_gain_coeffs:
[-120.60427524 -136.72627625 -150.29355618 -149.97901843 -127.15435608
 -145.26011128 -138.16840275 -129.18699169 -130.70371845 -131.18801352
 -106.70988998 -125.05422933 -113.01862622 -129.3748528  -126.62643028]
inrs_hat:  [ -9.61457519 -25.7365762  -39.30385614 -38.98931839 -16.16465604
 -34.27041124 -27.17870271 -18.19729164 -19.71401841 -20.19831348
   4.27981006 -14.06452929  -2.02892618 -18.38515275 -15.63673024]
scheduled_ues:  [ 1  2  3  4  5  6  7  8  9 11 13 14]
(1, 15, 1, 4, 1, 1)
caused INR: -10.934969268707505
TpsRandomic + IndividualEstimated_INR + -15.0
None
ls_gain_coeffs:
[-128.45742443 -129.45128743 -133.81878973 -133.47939714 -140.11441355
 -132.12866516 -127.55692845 -138.96602551 -130.70371845 -129.53629435
 -120.3347201  -125.05422933 -130.53399956 -130.77683675 -138.5217167 ]
inrs_hat:  [-17.46772438 -18.46158738 -22.82908969 -22.4896971  -29.12471351
 -21.13896512 -16.5672284  -27.97632547 -19.71401841 -18.5465943
  -9.34502005 -14.06452929 -19.54429951 -19.78713671 -27.53201666]
scheduled_ues:  [ 0  1  2  3  4  5  6  7  8  9 12 13 14]
(1, 15, 1, 4, 1, 1)
caused INR: -18.45216500278834
TpsRandomic + CumulativeIndividualEstimated_INR + -10.0
None
(1, 15, 1, 4, 1, 1)
caused INR: -12.391467668283124
TpsRandomic + CumulativeIndividualEstimated_INR + -12.5
None
(1, 15, 1, 4, 1, 1)
caused INR: -15.626984123454948
TpsRandomic + CumulativeIndividualEstimated_INR + -15.0
None
(1, 15, 1, 4, 1, 1)
caused INR: -27.35200317834707
Iteration number 3
TpsAltruisticFromLsfGain + IndividualEstimated_INR + -10.0
None
ls_gain_coeffs:
[-128.10863634 -133.72972709 -128.84261604 -139.22613345 -130.88488452
 -119.09638438 -141.87953656 -145.9227509  -129.32633056 -135.31465535
 -149.13353592 -131.93301597 -130.65901302 -137.50526795 -140.4679521 ]
inrs_hat:  [-17.11893629 -22.74002704 -17.85291599 -28.2364334  -19.89518448
  -8.10668434 -30.88983652 -34.93305086 -18.33663051 -24.32495531
 -38.14383588 -20.94331592 -19.66931298 -26.5155679  -29.47825206]
scheduled_ues:  [ 0  1  2  3  4  6  7  8  9 10 11 12 13 14]
(1, 15, 1, 4, 1, 1)
caused INR: -18.350587074471182
TpsAltruisticFromLsfGain + IndividualEstimated_INR + -12.5
None
ls_gain_coeffs:
[-128.10863634 -133.72972709 -128.84261604 -139.22613345 -130.88488452
 -119.09638438 -141.87953656 -145.9227509  -129.32633056 -135.31465535
 -149.13353592 -131.93301597 -130.65901302 -137.50526795 -140.4679521 ]
inrs_hat:  [-17.11893629 -22.74002704 -17.85291599 -28.2364334  -19.89518448
  -8.10668434 -30.88983652 -34.93305086 -18.33663051 -24.32495531
 -38.14383588 -20.94331592 -19.66931298 -26.5155679  -29.47825206]
scheduled_ues:  [ 0  1  2  3  4  6  7  8  9 10 11 12 13 14]
(1, 15, 1, 4, 1, 1)
caused INR: -18.350587074471182
TpsAltruisticFromLsfGain + IndividualEstimated_INR + -15.0
None
ls_gain_coeffs:
[-128.10863634 -133.72972709 -128.84261604 -139.22613345 -130.88488452
 -119.09638438 -141.87953656 -145.9227509  -129.32633056 -135.31465535
 -149.13353592 -131.93301597 -130.65901302 -137.50526795 -140.4679521 ]
inrs_hat:  [-17.11893629 -22.74002704 -17.85291599 -28.2364334  -19.89518448
  -8.10668434 -30.88983652 -34.93305086 -18.33663051 -24.32495531
 -38.14383588 -20.94331592 -19.66931298 -26.5155679  -29.47825206]
scheduled_ues:  [ 0  1  2  3  4  6  7  8  9 10 11 12 13 14]
(1, 15, 1, 4, 1, 1)
caused INR: -18.350587074471182
TpsAltruisticFromLsfGain + CumulativeIndividualEstimated_INR + -10.0
None
(1, 15, 1, 4, 1, 1)
caused INR: -18.350587074471182
TpsAltruisticFromLsfGain + CumulativeIndividualEstimated_INR + -12.5
None
(1, 15, 1, 4, 1, 1)
caused INR: -19.484697721776204
TpsAltruisticFromLsfGain + CumulativeIndividualEstimated_INR + -15.0
None
(1, 15, 1, 4, 1, 1)
caused INR: -11.959987814309523
TpsRandomic + IndividualEstimated_INR + -10.0
None
ls_gain_coeffs:
[-128.10863634 -121.61691995 -115.99577487 -139.22613345 -130.88488452
 -119.09638438 -133.17891613 -145.9227509  -116.17306459 -124.91238877
 -132.37073282 -116.29778677 -130.65901302 -121.70282635 -128.39756582]
inrs_hat:  [-17.11893629 -10.62721991  -5.00607482 -28.2364334  -19.89518448
  -8.10668434 -22.18921609 -34.93305086  -5.18336455 -13.92268873
 -21.38103278  -5.30808673 -19.66931298 -10.7131263  -17.40786577]
scheduled_ues:  [ 0  1  3  4  6  7  9 10 12 13 14]
(1, 15, 1, 4, 1, 1)
caused INR: -7.277155410159914
TpsRandomic + IndividualEstimated_INR + -12.5
None
ls_gain_coeffs:
[-111.21356223 -121.61691995 -111.20825078 -139.22613345 -114.43063041
 -119.09638438 -133.17891613 -145.9227509  -116.52889757 -135.31465535
 -132.37073282 -116.29778677 -123.73126067 -132.46400555 -123.42447562]
inrs_hat:  [ -0.22386218 -10.62721991  -0.21855074 -28.2364334   -3.44093036
  -8.10668434 -22.18921609 -34.93305086  -5.53919753 -24.32495531
 -21.38103278  -5.30808673 -12.74156062 -21.4743055  -12.43477558]
scheduled_ues:  [ 3  6  7  9 10 12 13]
(1, 15, 1, 4, 1, 1)
caused INR: -12.575923752104636
TpsRandomic + IndividualEstimated_INR + -15.0
None
ls_gain_coeffs:
[-128.10863634 -116.68604552 -115.99577487 -134.60097932 -114.43063041
 -101.04017696 -129.31968446 -136.21900197 -128.25883161 -135.31465535
 -149.13353592 -131.93301597 -117.13558253 -121.70282635 -140.4679521 ]
inrs_hat:  [-17.11893629  -5.69634547  -5.00607482 -23.61127928  -3.44093036
   9.94952308 -18.32998441 -25.22930193 -17.26913157 -24.32495531
 -38.14383588 -20.94331592  -6.14588248 -10.7131263  -29.47825206]
scheduled_ues:  [ 0  3  6  7  8  9 10 11 14]
(1, 15, 1, 4, 1, 1)
caused INR: -13.977176272613507
TpsRandomic + CumulativeIndividualEstimated_INR + -10.0
None
(1, 15, 1, 4, 1, 1)
caused INR: -23.013669735391225
TpsRandomic + CumulativeIndividualEstimated_INR + -12.5
None
(1, 15, 1, 4, 1, 1)
caused INR: -19.094254263601364
TpsRandomic + CumulativeIndividualEstimated_INR + -15.0
None
(1, 15, 1, 4, 1, 1)
caused INR: -18.8625301413553
Iteration number 4
TpsAltruisticFromLsfGain + IndividualEstimated_INR + -10.0
None
ls_gain_coeffs:
[-127.59659472 -131.4991401  -138.72992591 -140.3573746  -142.72840072
 -136.73852935 -135.36140248 -133.65347751 -131.07595188 -153.54129568
 -136.5436125  -145.88567513 -144.90956065 -134.19307552 -147.99798755]
inrs_hat:  [-16.60689468 -20.50944006 -27.74022586 -29.36767455 -31.73870068
 -25.7488293  -24.37170243 -22.66377747 -20.08625184 -42.55159564
 -25.55391245 -34.89597508 -33.91986061 -23.20337547 -37.0082875 ]
scheduled_ues:  [ 0  1  2  3  4  5  6  7  8  9 10 11 12 13 14]
(1, 15, 1, 4, 1, 1)
caused INR: -18.084288246882718
TpsAltruisticFromLsfGain + IndividualEstimated_INR + -12.5
None
ls_gain_coeffs:
[-127.59659472 -131.4991401  -138.72992591 -140.3573746  -142.72840072
 -136.73852935 -135.36140248 -133.65347751 -131.07595188 -153.54129568
 -136.5436125  -145.88567513 -144.90956065 -134.19307552 -147.99798755]
inrs_hat:  [-16.60689468 -20.50944006 -27.74022586 -29.36767455 -31.73870068
 -25.7488293  -24.37170243 -22.66377747 -20.08625184 -42.55159564
 -25.55391245 -34.89597508 -33.91986061 -23.20337547 -37.0082875 ]
scheduled_ues:  [ 0  1  2  3  4  5  6  7  8  9 10 11 12 13 14]
(1, 15, 1, 4, 1, 1)
caused INR: -18.084288246882718
TpsAltruisticFromLsfGain + IndividualEstimated_INR + -15.0
None
ls_gain_coeffs:
[-127.59659472 -131.4991401  -138.72992591 -140.3573746  -142.72840072
 -136.73852935 -135.36140248 -133.65347751 -131.07595188 -153.54129568
 -136.5436125  -145.88567513 -144.90956065 -134.19307552 -147.99798755]
inrs_hat:  [-16.60689468 -20.50944006 -27.74022586 -29.36767455 -31.73870068
 -25.7488293  -24.37170243 -22.66377747 -20.08625184 -42.55159564
 -25.55391245 -34.89597508 -33.91986061 -23.20337547 -37.0082875 ]
scheduled_ues:  [ 0  1  2  3  4  5  6  7  8  9 10 11 12 13 14]
(1, 15, 1, 4, 1, 1)
caused INR: -18.084288246882718
TpsAltruisticFromLsfGain + CumulativeIndividualEstimated_INR + -10.0
None
(1, 15, 1, 4, 1, 1)
caused INR: -18.084288246882718
TpsAltruisticFromLsfGain + CumulativeIndividualEstimated_INR + -12.5
None
(1, 15, 1, 4, 1, 1)
caused INR: -28.490209917736372
TpsAltruisticFromLsfGain + CumulativeIndividualEstimated_INR + -15.0
None
(1, 15, 1, 4, 1, 1)
caused INR: -19.245949836269897
TpsRandomic + IndividualEstimated_INR + -10.0
None
ls_gain_coeffs:
[-109.43960871 -117.80109021 -138.72992591 -133.34312145 -142.72840072
 -131.16695403 -121.28812373 -119.4462523  -121.527882   -153.54129568
 -129.67934148 -129.06192791 -144.70686301 -126.90988021 -134.14057181]
inrs_hat:  [  1.55009133  -6.81139017 -27.74022586 -22.35342141 -31.73870068
 -20.17725398 -10.29842369  -8.45655226 -10.53818196 -42.55159564
 -18.68964144 -18.07222787 -33.71716297 -15.92018016 -23.15087177]
scheduled_ues:  [ 2  3  4  5  6  8  9 10 11 12 13 14]
(1, 15, 1, 4, 1, 1)
caused INR: -5.685756129917383
TpsRandomic + IndividualEstimated_INR + -12.5
None
ls_gain_coeffs:
[-109.43960871 -131.4991401  -124.22933563 -140.3573746  -125.9097644
 -120.5825458  -135.36140248 -128.35660188 -131.07595188 -143.32886909
 -122.46958146 -129.06192791 -144.70686301 -134.19307552 -143.75054034]
inrs_hat:  [  1.55009133 -20.50944006 -13.23963559 -29.36767455 -14.92006436
  -9.59284576 -24.37170243 -17.36690184 -20.08625184 -32.33916905
 -11.47988142 -18.07222787 -33.71716297 -23.20337547 -32.7608403 ]
scheduled_ues:  [ 1  2  3  4  6  7  8  9 11 12 13 14]
(1, 15, 1, 4, 1, 1)
caused INR: -7.847403172462708
TpsRandomic + IndividualEstimated_INR + -15.0
None
ls_gain_coeffs:
[-116.08243349 -116.54464032 -135.6414405  -126.59300533 -125.9097644
 -120.5825458  -121.28812373 -117.68062709 -131.07595188 -142.63946253
 -122.46958146 -136.34288731 -132.40039477 -134.19307552 -134.14057181]
inrs_hat:  [ -5.09273344  -5.55494028 -24.65174045 -15.60330528 -14.92006436
  -9.59284576 -10.29842369  -6.69092705 -20.08625184 -31.64976249
 -11.47988142 -25.35318726 -21.41069473 -23.20337547 -23.15087177]
scheduled_ues:  [ 2  3  8  9 11 12 13 14]
(1, 15, 1, 4, 1, 1)
caused INR: -18.389237212486684
TpsRandomic + CumulativeIndividualEstimated_INR + -10.0
None
(1, 15, 1, 4, 1, 1)
caused INR: -11.240614452252899
TpsRandomic + CumulativeIndividualEstimated_INR + -12.5
None
(1, 15, 1, 4, 1, 1)
caused INR: -16.708546385725718
TpsRandomic + CumulativeIndividualEstimated_INR + -15.0
None
(1, 15, 1, 4, 1, 1)
caused INR: -12.629010777822995
Iteration number 5
TpsAltruisticFromLsfGain + IndividualEstimated_INR + -10.0
None
ls_gain_coeffs:
[-145.23082854 -138.04562532 -132.8910607  -146.13869257 -128.19208264
 -145.78103623 -132.11203511 -139.91255811 -147.28390065 -142.13484381
 -130.20899122 -139.54141897 -144.39733034 -136.72167956 -134.74447039]
inrs_hat:  [-34.24112849 -27.05592528 -21.90136066 -35.14899253 -17.2023826
 -34.79133619 -21.12233507 -28.92285807 -36.2942006  -31.14514376
 -19.21929118 -28.55171893 -33.4076303  -25.73197952 -23.75477034]
scheduled_ues:  [ 0  1  2  3  4  5  6  7  8  9 10 11 12 13 14]
(1, 15, 1, 4, 1, 1)
caused INR: -7.657508862565842
TpsAltruisticFromLsfGain + IndividualEstimated_INR + -12.5
None
ls_gain_coeffs:
[-145.23082854 -138.04562532 -132.8910607  -146.13869257 -128.19208264
 -145.78103623 -132.11203511 -139.91255811 -147.28390065 -142.13484381
 -130.20899122 -139.54141897 -144.39733034 -136.72167956 -134.74447039]
inrs_hat:  [-34.24112849 -27.05592528 -21.90136066 -35.14899253 -17.2023826
 -34.79133619 -21.12233507 -28.92285807 -36.2942006  -31.14514376
 -19.21929118 -28.55171893 -33.4076303  -25.73197952 -23.75477034]
scheduled_ues:  [ 0  1  2  3  4  5  6  7  8  9 10 11 12 13 14]
(1, 15, 1, 4, 1, 1)
caused INR: -7.657508862565842
TpsAltruisticFromLsfGain + IndividualEstimated_INR + -15.0
None
ls_gain_coeffs:
[-145.23082854 -138.04562532 -132.8910607  -146.13869257 -128.19208264
 -145.78103623 -132.11203511 -139.91255811 -147.28390065 -142.13484381
 -130.20899122 -139.54141897 -144.39733034 -136.72167956 -134.74447039]
inrs_hat:  [-34.24112849 -27.05592528 -21.90136066 -35.14899253 -17.2023826
 -34.79133619 -21.12233507 -28.92285807 -36.2942006  -31.14514376
 -19.21929118 -28.55171893 -33.4076303  -25.73197952 -23.75477034]
scheduled_ues:  [ 0  1  2  3  4  5  6  7  8  9 10 11 12 13 14]
(1, 15, 1, 4, 1, 1)
caused INR: -7.657508862565842
TpsAltruisticFromLsfGain + CumulativeIndividualEstimated_INR + -10.0
None
(1, 15, 1, 4, 1, 1)
caused INR: -7.657508862565842
TpsAltruisticFromLsfGain + CumulativeIndividualEstimated_INR + -12.5
None
(1, 15, 1, 4, 1, 1)
caused INR: -7.245686129195601
TpsAltruisticFromLsfGain + CumulativeIndividualEstimated_INR + -15.0
None
(1, 15, 1, 4, 1, 1)
caused INR: -10.136610892243967
TpsRandomic + IndividualEstimated_INR + -10.0
None
ls_gain_coeffs:
[-131.46993689 -137.86127393 -115.70781864 -146.13869257 -112.03224749
 -145.78103623 -123.38748495 -127.17112353 -140.53443312 -132.459586
 -130.20899122 -125.64769831 -133.86032801 -129.63880802 -117.73903412]
inrs_hat:  [-20.48023684 -26.87157389  -4.7181186  -35.14899253  -1.04254744
 -34.79133619 -12.3977849  -16.18142349 -29.54473307 -21.46988595
 -19.21929118 -14.65799826 -22.87062797 -18.64910798  -6.74933407]
scheduled_ues:  [ 0  1  3  5  6  7  8  9 10 11 12 13]
(1, 15, 1, 4, 1, 1)
caused INR: -6.554459601868086
TpsRandomic + IndividualEstimated_INR + -12.5
None
ls_gain_coeffs:
[-128.81257614 -125.48112439 -124.03468523 -146.13869257 -128.19208264
 -140.26131504 -132.11203511 -139.91255811 -140.53443312 -132.459586
 -113.01148023 -133.66680749 -133.86032801 -136.72167956 -126.71117467]
inrs_hat:  [-17.8228761  -14.49142435 -13.04498519 -35.14899253 -17.2023826
 -29.27161499 -21.12233507 -28.92285807 -29.54473307 -21.46988595
  -2.02178018 -22.67710745 -22.87062797 -25.73197952 -15.72147463]
scheduled_ues:  [ 0  1  2  3  4  5  6  7  8  9 11 12 13 14]
(1, 15, 1, 4, 1, 1)
caused INR: -14.602323670160118
TpsRandomic + IndividualEstimated_INR + -15.0
None
ls_gain_coeffs:
[-128.81257614 -138.04562532 -132.8910607  -129.3782248  -122.57419962
 -129.68870953 -118.54053445 -139.91255811 -130.93368559 -142.13484381
 -113.01148023 -125.64769831 -133.86032801 -120.03185454 -126.71117467]
inrs_hat:  [-17.8228761  -27.05592528 -21.90136066 -18.38852476 -11.58449958
 -18.69900949  -7.55083441 -28.92285807 -19.94398555 -31.14514376
  -2.02178018 -14.65799826 -22.87062797  -9.04215449 -15.72147463]
scheduled_ues:  [ 0  1  2  3  5  7  8  9 12 14]
(1, 15, 1, 4, 1, 1)
caused INR: -11.324045184907625
TpsRandomic + CumulativeIndividualEstimated_INR + -10.0
None
(1, 15, 1, 4, 1, 1)
caused INR: -9.149813922125015
TpsRandomic + CumulativeIndividualEstimated_INR + -12.5
None
(1, 15, 1, 4, 1, 1)
caused INR: -12.796020744731056
TpsRandomic + CumulativeIndividualEstimated_INR + -15.0
None
(1, 15, 1, 4, 1, 1)
caused INR: -11.720753551992047
Iteration number 6
TpsAltruisticFromLsfGain + IndividualEstimated_INR + -10.0
None
ls_gain_coeffs:
[-132.55767033 -132.77573012 -147.91397807 -132.94315945 -145.78728621
 -148.6276549  -113.81722961 -146.14888147 -138.53274357 -142.17624291
 -154.9291374  -145.77110056 -127.68389972 -129.83198025 -129.81306503]
inrs_hat:  [-21.56797028 -21.78603008 -36.92427803 -21.95345941 -34.79758617
 -37.63795486  -2.82752957 -35.15918143 -27.54304353 -31.18654287
 -43.93943736 -34.78140052 -16.69419967 -18.84228021 -18.82336498]
scheduled_ues:  [ 0  1  2  3  4  5  7  8  9 10 11 12 13 14]
(1, 15, 1, 4, 1, 1)
caused INR: -6.319261128282745
TpsAltruisticFromLsfGain + IndividualEstimated_INR + -12.5
None
ls_gain_coeffs:
[-132.55767033 -132.77573012 -147.91397807 -132.94315945 -145.78728621
 -148.6276549  -113.81722961 -146.14888147 -138.53274357 -142.17624291
 -154.9291374  -145.77110056 -127.68389972 -129.83198025 -129.81306503]
inrs_hat:  [-21.56797028 -21.78603008 -36.92427803 -21.95345941 -34.79758617
 -37.63795486  -2.82752957 -35.15918143 -27.54304353 -31.18654287
 -43.93943736 -34.78140052 -16.69419967 -18.84228021 -18.82336498]
scheduled_ues:  [ 0  1  2  3  4  5  7  8  9 10 11 12 13 14]
(1, 15, 1, 4, 1, 1)
caused INR: -6.319261128282745
TpsAltruisticFromLsfGain + IndividualEstimated_INR + -15.0
None
ls_gain_coeffs:
[-132.55767033 -132.77573012 -147.91397807 -132.94315945 -145.78728621
 -148.6276549  -113.81722961 -146.14888147 -138.53274357 -142.17624291
 -154.9291374  -145.77110056 -127.68389972 -129.83198025 -129.81306503]
inrs_hat:  [-21.56797028 -21.78603008 -36.92427803 -21.95345941 -34.79758617
 -37.63795486  -2.82752957 -35.15918143 -27.54304353 -31.18654287
 -43.93943736 -34.78140052 -16.69419967 -18.84228021 -18.82336498]
scheduled_ues:  [ 0  1  2  3  4  5  7  8  9 10 11 12 13 14]
(1, 15, 1, 4, 1, 1)
caused INR: -6.319261128282745
TpsAltruisticFromLsfGain + CumulativeIndividualEstimated_INR + -10.0
None
(1, 15, 1, 4, 1, 1)
caused INR: -6.319261128282745
TpsAltruisticFromLsfGain + CumulativeIndividualEstimated_INR + -12.5
None
(1, 15, 1, 4, 1, 1)
caused INR: -7.807053833463911
TpsAltruisticFromLsfGain + CumulativeIndividualEstimated_INR + -15.0
None
(1, 15, 1, 4, 1, 1)
caused INR: -12.125204124721007
TpsRandomic + IndividualEstimated_INR + -10.0
None
ls_gain_coeffs:
[-115.16709912 -121.97963739 -142.30199797 -118.55187251 -129.0911243
 -131.90124981 -113.81722961 -132.44967813 -138.53274357 -132.36030904
 -145.50370471 -139.93786727 -127.68389972 -113.32731937 -116.01284576]
inrs_hat:  [ -4.17739907 -10.98993735 -31.31229793  -7.56217247 -18.10142426
 -20.91154977  -2.82752957 -21.45997809 -27.54304353 -21.370609
 -34.51400467 -28.94816722 -16.69419967  -2.33761933  -5.02314572]
scheduled_ues:  [ 1  2  4  5  7  8  9 10 11 12]
(1, 15, 1, 4, 1, 1)
caused INR: -17.26351127297186
TpsRandomic + IndividualEstimated_INR + -12.5
None
ls_gain_coeffs:
[-115.16709912 -121.07064219 -147.91397807 -126.22036227 -129.0911243
 -139.88467574 -113.81722961 -146.14888147 -138.53274357 -130.41416207
 -145.50370471 -139.93786727 -117.73002582 -116.34945559 -116.01284576]
inrs_hat:  [ -4.17739907 -10.08094215 -36.92427803 -15.23066223 -18.10142426
 -28.89497569  -2.82752957 -35.15918143 -27.54304353 -19.42446202
 -34.51400467 -28.94816722  -6.74032578  -5.35975554  -5.02314572]
scheduled_ues:  [ 2  3  4  5  7  8  9 10 11]
(1, 15, 1, 4, 1, 1)
caused INR: -13.1248092355588
TpsRandomic + IndividualEstimated_INR + -15.0
None
ls_gain_coeffs:
[-122.80270029 -132.77573012 -142.30199797 -132.94315945 -136.50362014
 -131.90124981  -95.29914348 -146.14888147 -121.71500528 -125.16643555
 -154.9291374  -131.77679061 -116.26525025 -113.32731937 -129.81306503]
inrs_hat:  [-11.81300025 -21.78603008 -31.31229793 -21.95345941 -25.5139201
 -20.91154977  15.69055657 -35.15918143 -10.72530523 -14.17673551
 -43.93943736 -20.78709057  -5.27555021  -2.33761933 -18.82336498]
scheduled_ues:  [ 1  2  3  4  5  7 10 11 14]
(1, 15, 1, 4, 1, 1)
caused INR: -11.251013688413261
TpsRandomic + CumulativeIndividualEstimated_INR + -10.0
None
(1, 15, 1, 4, 1, 1)
caused INR: -10.054832234901019
TpsRandomic + CumulativeIndividualEstimated_INR + -12.5
None
(1, 15, 1, 4, 1, 1)
caused INR: -26.798787269475135
TpsRandomic + CumulativeIndividualEstimated_INR + -15.0
None
(1, 15, 1, 4, 1, 1)
caused INR: -20.866826706276434
Iteration number 7
TpsAltruisticFromLsfGain + IndividualEstimated_INR + -10.0
None
ls_gain_coeffs:
[-145.09498069 -124.42490278 -146.38798166 -126.98213319 -149.26179105
 -129.02091784 -127.79241009 -133.63610196 -134.01804551 -140.10864161
 -137.91392889 -151.55064591 -132.00715819 -146.37833431 -148.973835  ]
inrs_hat:  [-34.10528065 -13.43520274 -35.39828162 -15.99243314 -38.27209101
 -18.0312178  -16.80271005 -22.64640192 -23.02834547 -29.11894156
 -26.92422884 -40.56094586 -21.01745814 -35.38863427 -37.98413496]
scheduled_ues:  [ 0  1  2  3  4  5  6  7  8  9 10 11 12 13 14]
(1, 15, 1, 4, 1, 1)
caused INR: -9.388360164870331
TpsAltruisticFromLsfGain + IndividualEstimated_INR + -12.5
None
ls_gain_coeffs:
[-145.09498069 -124.42490278 -146.38798166 -126.98213319 -149.26179105
 -129.02091784 -127.79241009 -133.63610196 -134.01804551 -140.10864161
 -137.91392889 -151.55064591 -132.00715819 -146.37833431 -148.973835  ]
inrs_hat:  [-34.10528065 -13.43520274 -35.39828162 -15.99243314 -38.27209101
 -18.0312178  -16.80271005 -22.64640192 -23.02834547 -29.11894156
 -26.92422884 -40.56094586 -21.01745814 -35.38863427 -37.98413496]
scheduled_ues:  [ 0  1  2  3  4  5  6  7  8  9 10 11 12 13 14]
(1, 15, 1, 4, 1, 1)
caused INR: -9.388360164870331
TpsAltruisticFromLsfGain + IndividualEstimated_INR + -15.0
None
ls_gain_coeffs:
[-145.09498069 -124.42490278 -146.38798166 -126.98213319 -149.26179105
 -129.02091784 -127.79241009 -133.63610196 -134.01804551 -140.10864161
 -137.91392889 -151.55064591 -132.00715819 -146.37833431 -148.973835  ]
inrs_hat:  [-34.10528065 -13.43520274 -35.39828162 -15.99243314 -38.27209101
 -18.0312178  -16.80271005 -22.64640192 -23.02834547 -29.11894156
 -26.92422884 -40.56094586 -21.01745814 -35.38863427 -37.98413496]
scheduled_ues:  [ 0  2  3  4  5  6  7  8  9 10 11 12 13 14]
(1, 15, 1, 4, 1, 1)
caused INR: -10.202528302342921
TpsAltruisticFromLsfGain + CumulativeIndividualEstimated_INR + -10.0
None
(1, 15, 1, 4, 1, 1)
caused INR: -10.202528302342921
TpsAltruisticFromLsfGain + CumulativeIndividualEstimated_INR + -12.5
None
(1, 15, 1, 4, 1, 1)
caused INR: -11.089368466426954
TpsAltruisticFromLsfGain + CumulativeIndividualEstimated_INR + -15.0
None
(1, 15, 1, 4, 1, 1)
caused INR: -16.72480724681636
TpsRandomic + IndividualEstimated_INR + -10.0
None
ls_gain_coeffs:
[-129.84963619 -110.62253454 -137.00972812 -109.83067664 -148.32808835
 -115.97364764 -125.89438733 -122.90928612 -118.33286065 -137.94161287
 -131.20746669 -138.28863925 -114.92745814 -129.73322835 -148.973835  ]
inrs_hat:  [-18.85993614   0.3671655  -26.02002808   1.15902341 -37.33838831
  -4.98394759 -14.90468728 -11.91958608  -7.34316061 -26.95191283
 -20.21776664 -27.29893921  -3.93775809 -18.74352831 -37.98413496]
scheduled_ues:  [ 0  2  4  6  7  9 10 11 13 14]
(1, 15, 1, 4, 1, 1)
caused INR: -11.110925890905579
TpsRandomic + IndividualEstimated_INR + -12.5
None
ls_gain_coeffs:
[-129.84963619 -124.42490278 -137.00972812 -116.5274428  -136.19772258
 -116.27648274 -114.71813584 -122.90928612 -119.95465308 -126.22235578
 -123.42352123 -151.55064591 -118.3966765  -129.73322835 -132.8507289 ]
inrs_hat:  [-18.85993614 -13.43520274 -26.02002808  -5.53774276 -25.20802254
  -5.2867827   -3.72843579 -11.91958608  -8.96495304 -15.23265574
 -12.43382119 -40.56094586  -7.40697645 -18.74352831 -21.86102886]
scheduled_ues:  [ 0  1  2  4  9 11 13 14]
(1, 15, 1, 4, 1, 1)
caused INR: -17.452156150662073
TpsRandomic + IndividualEstimated_INR + -15.0
None
ls_gain_coeffs:
[-131.25150844 -112.98529716 -129.64521502 -116.5274428  -148.32808835
 -116.27648274 -125.89438733 -123.14133327 -129.15266822 -126.22235578
 -131.20746669 -135.20833769 -118.3966765  -137.85223134 -132.8507289 ]
inrs_hat:  [-20.2618084   -1.99559711 -18.65551498  -5.53774276 -37.33838831
  -5.2867827  -14.90468728 -12.15163323 -18.16296818 -15.23265574
 -20.21776664 -24.21863765  -7.40697645 -26.8625313  -21.86102886]
scheduled_ues:  [ 0  2  4  8  9 10 11 13 14]
(1, 15, 1, 4, 1, 1)
caused INR: -12.866269383564347
TpsRandomic + CumulativeIndividualEstimated_INR + -10.0
None
(1, 15, 1, 4, 1, 1)
caused INR: -13.06979105947008
TpsRandomic + CumulativeIndividualEstimated_INR + -12.5
None
(1, 15, 1, 4, 1, 1)
caused INR: -15.718865063587819
TpsRandomic + CumulativeIndividualEstimated_INR + -15.0
None
(1, 15, 1, 4, 1, 1)
caused INR: -21.720380894759906
Iteration number 8
TpsAltruisticFromLsfGain + IndividualEstimated_INR + -10.0
None
ls_gain_coeffs:
[-140.5780784  -140.43523407 -135.95904543 -147.17984764 -144.4403787
 -125.23812809 -150.25115752 -140.16388662 -144.43144772 -137.33284519
 -145.70583457 -124.18844843 -128.08510043 -140.28630256 -130.2872892 ]
inrs_hat:  [-29.58837835 -29.44553403 -24.96934539 -36.1901476  -33.45067865
 -14.24842805 -39.26145747 -29.17418657 -33.44174768 -26.34314515
 -34.71613452 -13.19874838 -17.09540039 -29.29660252 -19.29758916]
scheduled_ues:  [ 0  1  2  3  4  5  6  7  8  9 10 11 12 13 14]
(1, 15, 1, 4, 1, 1)
caused INR: -35.613524246971274
TpsAltruisticFromLsfGain + IndividualEstimated_INR + -12.5
None
ls_gain_coeffs:
[-140.5780784  -140.43523407 -135.95904543 -147.17984764 -144.4403787
 -125.23812809 -150.25115752 -140.16388662 -144.43144772 -137.33284519
 -145.70583457 -124.18844843 -128.08510043 -140.28630256 -130.2872892 ]
inrs_hat:  [-29.58837835 -29.44553403 -24.96934539 -36.1901476  -33.45067865
 -14.24842805 -39.26145747 -29.17418657 -33.44174768 -26.34314515
 -34.71613452 -13.19874838 -17.09540039 -29.29660252 -19.29758916]
scheduled_ues:  [ 0  1  2  3  4  5  6  7  8  9 10 11 12 13 14]
(1, 15, 1, 4, 1, 1)
caused INR: -35.613524246971274
TpsAltruisticFromLsfGain + IndividualEstimated_INR + -15.0
None
ls_gain_coeffs:
[-140.5780784  -140.43523407 -135.95904543 -147.17984764 -144.4403787
 -125.23812809 -150.25115752 -140.16388662 -144.43144772 -137.33284519
 -145.70583457 -124.18844843 -128.08510043 -140.28630256 -130.2872892 ]
inrs_hat:  [-29.58837835 -29.44553403 -24.96934539 -36.1901476  -33.45067865
 -14.24842805 -39.26145747 -29.17418657 -33.44174768 -26.34314515
 -34.71613452 -13.19874838 -17.09540039 -29.29660252 -19.29758916]
scheduled_ues:  [ 0  1  2  3  4  6  7  8  9 10 12 13 14]
(1, 15, 1, 4, 1, 1)
caused INR: -19.324183752308596
TpsAltruisticFromLsfGain + CumulativeIndividualEstimated_INR + -10.0
None
(1, 15, 1, 4, 1, 1)
caused INR: -18.569496272815677
TpsAltruisticFromLsfGain + CumulativeIndividualEstimated_INR + -12.5
None
(1, 15, 1, 4, 1, 1)
caused INR: -19.324183752308596
TpsAltruisticFromLsfGain + CumulativeIndividualEstimated_INR + -15.0
None
(1, 15, 1, 4, 1, 1)
caused INR: -20.131680599056303
TpsRandomic + IndividualEstimated_INR + -10.0
None
ls_gain_coeffs:
[-126.96418129 -140.43523407 -126.21698157 -147.17984764 -136.72444216
 -112.75932773 -138.60697937 -123.6380907  -130.14250555 -128.11373988
 -128.82926587 -110.83221056 -115.01579554 -126.43855953 -113.04288913]
inrs_hat:  [-15.97448125 -29.44553403 -15.22728153 -36.1901476  -25.73474212
  -1.76962769 -27.61727933 -12.64839065 -19.15280551 -17.12403984
 -17.83956583   0.15748948  -4.02609549 -15.44885948  -2.05318909]
scheduled_ues:  [ 0  1  2  3  4  6  7  8  9 10 13]
(1, 15, 1, 4, 1, 1)
caused INR: -5.609293494196985
TpsRandomic + IndividualEstimated_INR + -12.5
None
ls_gain_coeffs:
[-126.96418129 -123.36243544 -118.870046   -147.17984764 -131.36847542
 -125.126527   -133.64145381 -133.34567134 -141.66043447 -128.11373988
 -134.70701238 -121.44453483 -126.20198575 -126.43855953 -113.04288913]
inrs_hat:  [-15.97448125 -12.3727354   -7.88034596 -36.1901476  -20.37877537
 -14.13682696 -22.65175377 -22.35597129 -30.67073443 -17.12403984
 -23.71731234 -10.45483479 -15.2122857  -15.44885948  -2.05318909]
scheduled_ues:  [ 0  3  4  5  6  7  8  9 10 12 13]
(1, 15, 1, 4, 1, 1)
caused INR: -8.39253954853816
TpsRandomic + IndividualEstimated_INR + -15.0
None
ls_gain_coeffs:
[-140.5780784  -128.93268954 -135.95904543 -146.52383902 -144.4403787
 -112.72212737 -150.25115752 -123.6380907  -141.66043447 -125.18204565
 -128.82926587 -110.83221056 -114.38809064 -136.06787346 -130.2872892 ]
inrs_hat:  [-29.58837835 -17.94298949 -24.96934539 -35.53413898 -33.45067865
  -1.73242732 -39.26145747 -12.64839065 -30.67073443 -14.19234561
 -17.83956583   0.15748948  -3.3983906  -25.07817341 -19.29758916]
scheduled_ues:  [ 0  1  2  3  4  6  8 10 13 14]
(1, 15, 1, 4, 1, 1)
caused INR: -15.634697660585594
TpsRandomic + CumulativeIndividualEstimated_INR + -10.0
None
(1, 15, 1, 4, 1, 1)
caused INR: -13.821093591906237
TpsRandomic + CumulativeIndividualEstimated_INR + -12.5
None
(1, 15, 1, 4, 1, 1)
caused INR: -16.29527742941995
TpsRandomic + CumulativeIndividualEstimated_INR + -15.0
None
(1, 15, 1, 4, 1, 1)
caused INR: -23.847797061258625
Iteration number 9
TpsAltruisticFromLsfGain + IndividualEstimated_INR + -10.0
None
ls_gain_coeffs:
[-136.96060733 -129.84067888 -138.03080391 -136.2707644  -138.8877655
 -152.7190921  -129.56106358 -146.07346287 -147.46347352 -133.01890738
 -128.40903042 -143.20218464 -130.10607532 -128.02938752 -133.89083941]
inrs_hat:  [-25.97090729 -18.85097883 -27.04110387 -25.28106436 -27.89806545
 -41.72939206 -18.57136354 -35.08376283 -36.47377348 -22.02920734
 -17.41933037 -32.2124846  -19.11637527 -17.03968747 -22.90113937]
scheduled_ues:  [ 0  1  2  3  4  5  6  7  8  9 10 11 12 13 14]
(1, 15, 1, 4, 1, 1)
caused INR: -11.415449794067536
TpsAltruisticFromLsfGain + IndividualEstimated_INR + -12.5
None
ls_gain_coeffs:
[-136.96060733 -129.84067888 -138.03080391 -136.2707644  -138.8877655
 -152.7190921  -129.56106358 -146.07346287 -147.46347352 -133.01890738
 -128.40903042 -143.20218464 -130.10607532 -128.02938752 -133.89083941]
inrs_hat:  [-25.97090729 -18.85097883 -27.04110387 -25.28106436 -27.89806545
 -41.72939206 -18.57136354 -35.08376283 -36.47377348 -22.02920734
 -17.41933037 -32.2124846  -19.11637527 -17.03968747 -22.90113937]
scheduled_ues:  [ 0  1  2  3  4  5  6  7  8  9 10 11 12 13 14]
(1, 15, 1, 4, 1, 1)
caused INR: -11.415449794067536
TpsAltruisticFromLsfGain + IndividualEstimated_INR + -15.0
None
ls_gain_coeffs:
[-136.96060733 -129.84067888 -138.03080391 -136.2707644  -138.8877655
 -152.7190921  -129.56106358 -146.07346287 -147.46347352 -133.01890738
 -128.40903042 -143.20218464 -130.10607532 -128.02938752 -133.89083941]
inrs_hat:  [-25.97090729 -18.85097883 -27.04110387 -25.28106436 -27.89806545
 -41.72939206 -18.57136354 -35.08376283 -36.47377348 -22.02920734
 -17.41933037 -32.2124846  -19.11637527 -17.03968747 -22.90113937]
scheduled_ues:  [ 0  1  2  3  4  5  6  7  8  9 10 11 12 13 14]
(1, 15, 1, 4, 1, 1)
caused INR: -11.415449794067536
TpsAltruisticFromLsfGain + CumulativeIndividualEstimated_INR + -10.0
None
(1, 15, 1, 4, 1, 1)
caused INR: -11.415449794067536
TpsAltruisticFromLsfGain + CumulativeIndividualEstimated_INR + -12.5
None
(1, 15, 1, 4, 1, 1)
caused INR: -13.57455913256511
TpsAltruisticFromLsfGain + CumulativeIndividualEstimated_INR + -15.0
None
(1, 15, 1, 4, 1, 1)
caused INR: -16.523775879307966
TpsRandomic + IndividualEstimated_INR + -10.0
None
ls_gain_coeffs:
[-132.48854106 -115.75646006 -123.8125112  -123.11735374 -138.8877655
 -152.7190921  -116.64627134 -144.13116725 -134.95580146 -133.01890738
 -125.35877622 -138.08566438 -116.79032394 -119.89712063 -126.35929887]
inrs_hat:  [-21.49884102  -4.76676002 -12.82281115 -12.1276537  -27.89806545
 -41.72939206  -5.65657129 -33.14146721 -23.96610141 -22.02920734
 -14.36907618 -27.09596434  -5.80062389  -8.90742059 -15.36959883]
scheduled_ues:  [ 0  2  3  4  5  7  8  9 10 11 14]
(1, 15, 1, 4, 1, 1)
caused INR: -13.695039244427411
TpsRandomic + IndividualEstimated_INR + -12.5
None
ls_gain_coeffs:
[-136.96060733 -113.38839235 -123.8125112  -123.11735374 -126.41643743
 -143.63556423 -116.64627134 -132.33699913 -130.91383159 -117.84048519
 -128.40903042 -138.08566438 -116.79032394 -115.00434912 -126.35929887]
inrs_hat:  [-25.97090729  -2.39869231 -12.82281115 -12.1276537  -15.42673739
 -32.64586419  -5.65657129 -21.34729908 -19.92413155  -6.85078515
 -17.41933037 -27.09596434  -5.80062389  -4.01464907 -15.36959883]
scheduled_ues:  [ 0  2  4  5  7  8 10 11 14]
(1, 15, 1, 4, 1, 1)
caused INR: -9.659913689065025
TpsRandomic + IndividualEstimated_INR + -15.0
None
ls_gain_coeffs:
[-136.96060733 -123.46192464 -123.8125112  -136.2707644  -138.8877655
 -152.7190921  -118.17353075 -132.33699913 -147.46347352 -133.01890738
 -114.95067902 -129.05507789 -117.22739963 -128.02938752 -133.89083941]
inrs_hat:  [-25.97090729 -12.4722246  -12.82281115 -25.28106436 -27.89806545
 -41.72939206  -7.1838307  -21.34729908 -36.47377348 -22.02920734
  -3.96097897 -18.06537784  -6.23769958 -17.03968747 -22.90113937]
scheduled_ues:  [ 0  3  4  5  7  8  9 11 13 14]
(1, 15, 1, 4, 1, 1)
caused INR: -13.531165463624868
TpsRandomic + CumulativeIndividualEstimated_INR + -10.0
None
(1, 15, 1, 4, 1, 1)
caused INR: -22.62517270661
TpsRandomic + CumulativeIndividualEstimated_INR + -12.5
None
(1, 15, 1, 4, 1, 1)
caused INR: -15.685607963435611
TpsRandomic + CumulativeIndividualEstimated_INR + -15.0
None
(1, 15, 1, 4, 1, 1)
caused INR: -20.56632620379036
Iteration number 10
TpsAltruisticFromLsfGain + IndividualEstimated_INR + -10.0
None
ls_gain_coeffs:
[-140.3377124  -146.50199153 -139.94612985 -152.06081551 -134.08671603
 -134.24147313 -144.73125989 -133.80837057 -127.5118733  -132.06998642
 -125.370922   -143.94394815 -147.88694441 -137.24255245 -128.99367025]
inrs_hat:  [-29.34801236 -35.51229149 -28.95642981 -41.07111547 -23.09701599
 -23.25177309 -33.74155985 -22.81867053 -16.52217325 -21.08028637
 -14.38122195 -32.95424811 -36.89724437 -26.25285241 -18.00397021]
scheduled_ues:  [ 0  1  2  3  4  5  6  7  8  9 10 11 12 13 14]
(1, 15, 1, 4, 1, 1)
caused INR: -5.458314696166998
TpsAltruisticFromLsfGain + IndividualEstimated_INR + -12.5
None
ls_gain_coeffs:
[-140.3377124  -146.50199153 -139.94612985 -152.06081551 -134.08671603
 -134.24147313 -144.73125989 -133.80837057 -127.5118733  -132.06998642
 -125.370922   -143.94394815 -147.88694441 -137.24255245 -128.99367025]
inrs_hat:  [-29.34801236 -35.51229149 -28.95642981 -41.07111547 -23.09701599
 -23.25177309 -33.74155985 -22.81867053 -16.52217325 -21.08028637
 -14.38122195 -32.95424811 -36.89724437 -26.25285241 -18.00397021]
scheduled_ues:  [ 0  1  2  3  4  5  6  7  8  9 10 11 12 13 14]
(1, 15, 1, 4, 1, 1)
caused INR: -5.458314696166998
TpsAltruisticFromLsfGain + IndividualEstimated_INR + -15.0
None
ls_gain_coeffs:
[-140.3377124  -146.50199153 -139.94612985 -152.06081551 -134.08671603
 -134.24147313 -144.73125989 -133.80837057 -127.5118733  -132.06998642
 -125.370922   -143.94394815 -147.88694441 -137.24255245 -128.99367025]
inrs_hat:  [-29.34801236 -35.51229149 -28.95642981 -41.07111547 -23.09701599
 -23.25177309 -33.74155985 -22.81867053 -16.52217325 -21.08028637
 -14.38122195 -32.95424811 -36.89724437 -26.25285241 -18.00397021]
scheduled_ues:  [ 0  1  2  3  4  5  6  7  8  9 11 12 13 14]
(1, 15, 1, 4, 1, 1)
caused INR: -11.58174239542484
TpsAltruisticFromLsfGain + CumulativeIndividualEstimated_INR + -10.0
None
(1, 15, 1, 4, 1, 1)
caused INR: -11.58174239542484
TpsAltruisticFromLsfGain + CumulativeIndividualEstimated_INR + -12.5
None
(1, 15, 1, 4, 1, 1)
caused INR: -13.503418424128508
TpsAltruisticFromLsfGain + CumulativeIndividualEstimated_INR + -15.0
None
(1, 15, 1, 4, 1, 1)
caused INR: -14.392536385891015
TpsRandomic + IndividualEstimated_INR + -10.0
None
ls_gain_coeffs:
[-127.68883032 -129.80240815 -126.37115496 -152.06081551 -119.67929068
 -134.24147313 -130.9797166  -125.52309846 -127.5118733  -132.06998642
 -115.1755862  -141.26147352 -131.04770668 -131.73418627 -128.99367025]
inrs_hat:  [-16.69913027 -18.8127081  -15.38145492 -41.07111547  -8.68959064
 -23.25177309 -19.99001656 -14.53339842 -16.52217325 -21.08028637
  -4.18588616 -30.27177348 -20.05800664 -20.74448622 -18.00397021]
scheduled_ues:  [ 0  1  2  3  5  6  7  8  9 11 12 13 14]
(1, 15, 1, 4, 1, 1)
caused INR: -11.844873415997704
TpsRandomic + IndividualEstimated_INR + -12.5
None
ls_gain_coeffs:
[-139.71586614 -129.80240815 -123.50749743 -152.06081551 -117.22708028
 -119.83691861 -130.9797166  -117.10742607 -108.91292705 -117.41648055
 -125.370922   -129.71403173 -147.88694441 -121.24986239 -115.25319507]
inrs_hat:  [-28.7261661  -18.8127081  -12.51779739 -41.07111547  -6.23738023
  -8.84721857 -19.99001656  -6.11772602   2.07677299  -6.42678051
 -14.38122195 -18.72433169 -36.89724437 -10.26016235  -4.26349503]
scheduled_ues:  [ 0  1  2  3  6 10 11 12]
(1, 15, 1, 4, 1, 1)
caused INR: -12.133881149809426
TpsRandomic + IndividualEstimated_INR + -15.0
None
ls_gain_coeffs:
[-127.68883032 -129.80240815 -133.0854399  -138.60737882 -119.67929068
 -126.35515398 -144.73125989 -117.10742607 -113.71257774 -117.41648055
 -125.370922   -130.60818994 -137.96869658 -137.24255245 -115.25319507]
inrs_hat:  [-16.69913027 -18.8127081  -22.09573986 -27.61767878  -8.68959064
 -15.36545394 -33.74155985  -6.11772602  -2.7228777   -6.42678051
 -14.38122195 -19.6184899  -26.97899653 -26.25285241  -4.26349503]
scheduled_ues:  [ 0  1  2  3  5  6 11 12 13]
(1, 15, 1, 4, 1, 1)
caused INR: -9.585459617456474
TpsRandomic + CumulativeIndividualEstimated_INR + -10.0
None
(1, 15, 1, 4, 1, 1)
caused INR: -9.558724753494387
TpsRandomic + CumulativeIndividualEstimated_INR + -12.5
None
(1, 15, 1, 4, 1, 1)
caused INR: -19.559761752345423
TpsRandomic + CumulativeIndividualEstimated_INR + -15.0
None
(1, 15, 1, 4, 1, 1)
caused INR: -18.458800768584315
Iteration number 11
TpsAltruisticFromLsfGain + IndividualEstimated_INR + -10.0
None
ls_gain_coeffs:
[-123.19267758 -129.56834168 -102.10917285 -103.66232004 -133.80415536
 -136.94712282 -138.62082436 -137.80049722 -140.07707372 -144.35833046
 -148.79378426 -138.08738226 -123.23981757 -132.214463   -151.63450694]
inrs_hat:  [-12.20297754 -18.57864164   8.88052719   7.32738001 -22.81445532
 -25.95742278 -27.63112432 -26.81079717 -29.08737368 -33.36863041
 -37.80408421 -27.09768222 -12.25011752 -21.22476296 -40.6448069 ]
scheduled_ues:  [ 0  1  4  5  6  7  8  9 10 11 12 13 14]
(1, 15, 1, 4, 1, 1)
caused INR: -7.231893909775803
TpsAltruisticFromLsfGain + IndividualEstimated_INR + -12.5
None
ls_gain_coeffs:
[-123.19267758 -129.56834168 -102.10917285 -103.66232004 -133.80415536
 -136.94712282 -138.62082436 -137.80049722 -140.07707372 -144.35833046
 -148.79378426 -138.08738226 -123.23981757 -132.214463   -151.63450694]
inrs_hat:  [-12.20297754 -18.57864164   8.88052719   7.32738001 -22.81445532
 -25.95742278 -27.63112432 -26.81079717 -29.08737368 -33.36863041
 -37.80408421 -27.09768222 -12.25011752 -21.22476296 -40.6448069 ]
scheduled_ues:  [ 1  4  5  6  7  8  9 10 11 13 14]
(1, 15, 1, 4, 1, 1)
caused INR: -17.135901542715132
TpsAltruisticFromLsfGain + IndividualEstimated_INR + -15.0
None
ls_gain_coeffs:
[-123.19267758 -129.56834168 -102.10917285 -103.66232004 -133.80415536
 -136.94712282 -138.62082436 -137.80049722 -140.07707372 -144.35833046
 -148.79378426 -138.08738226 -123.23981757 -132.214463   -151.63450694]
inrs_hat:  [-12.20297754 -18.57864164   8.88052719   7.32738001 -22.81445532
 -25.95742278 -27.63112432 -26.81079717 -29.08737368 -33.36863041
 -37.80408421 -27.09768222 -12.25011752 -21.22476296 -40.6448069 ]
scheduled_ues:  [ 1  4  5  6  7  8  9 10 11 13 14]
(1, 15, 1, 4, 1, 1)
caused INR: -17.135901542715132
TpsAltruisticFromLsfGain + CumulativeIndividualEstimated_INR + -10.0
None
(1, 15, 1, 4, 1, 1)
caused INR: -17.265287038119208
TpsAltruisticFromLsfGain + CumulativeIndividualEstimated_INR + -12.5
None
(1, 15, 1, 4, 1, 1)
caused INR: -17.135901542715132
TpsAltruisticFromLsfGain + CumulativeIndividualEstimated_INR + -15.0
None
(1, 15, 1, 4, 1, 1)
caused INR: -27.2030701393855
TpsRandomic + IndividualEstimated_INR + -10.0
None
ls_gain_coeffs:
[-123.19267758 -116.90195455  -88.42065737  -95.55847344 -117.32095398
 -136.94712282 -138.62082436 -137.80049722 -127.31269033 -144.35833046
 -136.03699506 -121.62304407 -114.37728278 -132.214463   -151.63450694]
inrs_hat:  [-12.20297754  -5.91225451  22.56904267  15.4312266   -6.33125394
 -25.95742278 -27.63112432 -26.81079717 -16.32299028 -33.36863041
 -25.04729502 -10.63334403  -3.38758274 -21.22476296 -40.6448069 ]
scheduled_ues:  [ 0  5  6  7  8  9 10 11 13 14]
(1, 15, 1, 4, 1, 1)
caused INR: -16.168274976289045
TpsRandomic + IndividualEstimated_INR + -12.5
None
ls_gain_coeffs:
[-123.19267758 -116.90195455  -98.36842641 -103.66232004 -120.71618507
 -124.92341648 -129.60024606 -125.67370489 -140.07707372 -131.09668525
 -135.72180587 -130.35402978 -114.37728278 -132.214463   -151.63450694]
inrs_hat:  [-12.20297754  -5.91225451  12.62127363   7.32738001  -9.72648503
 -13.93371644 -18.61054601 -14.68400485 -29.08737368 -20.10698521
 -24.73210582 -19.36432974  -3.38758274 -21.22476296 -40.6448069 ]
scheduled_ues:  [ 5  6  7  8  9 10 11 13 14]
(1, 15, 1, 4, 1, 1)
caused INR: -11.75745044374236
TpsRandomic + IndividualEstimated_INR + -15.0
None
ls_gain_coeffs:
[-122.93273327 -116.90195455  -98.36842641  -95.55847344 -133.80415536
 -128.17580204 -138.62082436 -120.42468643 -127.31269033 -127.78950681
 -148.79378426 -130.35402978 -107.8440393  -127.70860134 -144.79445852]
inrs_hat:  [-11.94303322  -5.91225451  12.62127363  15.4312266  -22.81445532
 -17.186102   -27.63112432  -9.43498638 -16.32299028 -16.79980676
 -37.80408421 -19.36432974   3.14566074 -16.7189013  -33.80475848]
scheduled_ues:  [ 4  5  6  8  9 10 11 13 14]
(1, 15, 1, 4, 1, 1)
caused INR: -6.505453343877507
TpsRandomic + CumulativeIndividualEstimated_INR + -10.0
None
(1, 15, 1, 4, 1, 1)
caused INR: -8.302772329473012
TpsRandomic + CumulativeIndividualEstimated_INR + -12.5
None
(1, 15, 1, 4, 1, 1)
caused INR: -15.002443777298087
TpsRandomic + CumulativeIndividualEstimated_INR + -15.0
None
(1, 15, 1, 4, 1, 1)
caused INR: -29.01721499217658
Iteration number 12
TpsAltruisticFromLsfGain + IndividualEstimated_INR + -10.0
None
ls_gain_coeffs:
[-141.27021512 -110.67267683 -147.9266462  -146.52313924 -148.09783776
 -123.37112885 -126.55668698 -146.23920285 -147.63786677 -145.67580133
 -135.3135177  -152.64195983 -147.80310671 -144.28075556 -126.54173982]
inrs_hat:  [-30.28051508   0.31702321 -36.93694616 -35.53343919 -37.10813771
 -12.3814288  -15.56698693 -35.2495028  -36.64816673 -34.68610129
 -24.32381766 -41.65225979 -36.81340666 -33.29105552 -15.55203977]
scheduled_ues:  [ 0  2  3  4  5  6  7  8  9 10 11 12 13 14]
(1, 15, 1, 4, 1, 1)
caused INR: -5.950196665022258
TpsAltruisticFromLsfGain + IndividualEstimated_INR + -12.5
None
ls_gain_coeffs:
[-141.27021512 -110.67267683 -147.9266462  -146.52313924 -148.09783776
 -123.37112885 -126.55668698 -146.23920285 -147.63786677 -145.67580133
 -135.3135177  -152.64195983 -147.80310671 -144.28075556 -126.54173982]
inrs_hat:  [-30.28051508   0.31702321 -36.93694616 -35.53343919 -37.10813771
 -12.3814288  -15.56698693 -35.2495028  -36.64816673 -34.68610129
 -24.32381766 -41.65225979 -36.81340666 -33.29105552 -15.55203977]
scheduled_ues:  [ 0  2  3  4  6  7  8  9 10 11 12 13 14]
(1, 15, 1, 4, 1, 1)
caused INR: -10.947671718185852
TpsAltruisticFromLsfGain + IndividualEstimated_INR + -15.0
None
ls_gain_coeffs:
[-141.27021512 -110.67267683 -147.9266462  -146.52313924 -148.09783776
 -123.37112885 -126.55668698 -146.23920285 -147.63786677 -145.67580133
 -135.3135177  -152.64195983 -147.80310671 -144.28075556 -126.54173982]
inrs_hat:  [-30.28051508   0.31702321 -36.93694616 -35.53343919 -37.10813771
 -12.3814288  -15.56698693 -35.2495028  -36.64816673 -34.68610129
 -24.32381766 -41.65225979 -36.81340666 -33.29105552 -15.55203977]
scheduled_ues:  [ 0  2  3  4  6  7  8  9 10 11 12 13 14]
(1, 15, 1, 4, 1, 1)
caused INR: -10.947671718185852
TpsAltruisticFromLsfGain + CumulativeIndividualEstimated_INR + -10.0
None
(1, 15, 1, 4, 1, 1)
caused INR: -10.947671718185852
TpsAltruisticFromLsfGain + CumulativeIndividualEstimated_INR + -12.5
None
(1, 15, 1, 4, 1, 1)
caused INR: -8.30627843850878
TpsAltruisticFromLsfGain + CumulativeIndividualEstimated_INR + -15.0
None
(1, 15, 1, 4, 1, 1)
caused INR: -19.61444810450288
TpsRandomic + IndividualEstimated_INR + -10.0
None
ls_gain_coeffs:
[-128.47994963  -96.08182459 -143.34371594 -146.52313924 -134.21716455
 -112.71284478 -126.55668698 -145.4632401  -130.81440132 -137.95512011
 -122.25505719 -140.09584323 -147.80310671 -129.93757381 -108.10214313]
inrs_hat:  [-17.49024959  14.90787545 -32.35401589 -35.53343919 -23.2274645
  -1.72314474 -15.56698693 -34.47354006 -19.82470128 -26.96542007
 -11.26535715 -29.10614319 -36.81340666 -18.94787376   2.88755691]
scheduled_ues:  [ 0  2  3  4  6  7  8  9 10 11 12 13]
(1, 15, 1, 4, 1, 1)
caused INR: -5.493053401574893
TpsRandomic + IndividualEstimated_INR + -12.5
None
ls_gain_coeffs:
[-128.13128414 -110.67267683 -143.34371594 -130.18436433 -143.78061812
 -111.94298182 -114.55908483 -145.4632401  -130.81440132 -145.67580133
 -122.25505719 -152.64195983 -134.85054494 -138.516751   -113.45230239]
inrs_hat:  [-17.1415841    0.31702321 -32.35401589 -19.19466428 -32.79091808
  -0.95328177  -3.56938479 -34.47354006 -19.82470128 -34.68610129
 -11.26535715 -41.65225979 -23.8608449  -27.52705096  -2.46260235]
scheduled_ues:  [ 0  2  3  4  7  8  9 11 12 13]
(1, 15, 1, 4, 1, 1)
caused INR: -13.098699420626652
TpsRandomic + IndividualEstimated_INR + -15.0
None
ls_gain_coeffs:
[-128.47994963  -98.23598111 -147.9266462  -140.15244526 -143.78061812
 -112.71284478 -109.43803765 -133.5389486  -137.22593693 -137.95512011
 -127.92847179 -152.64195983 -140.30502768 -138.516751   -126.54173982]
inrs_hat:  [-17.49024959  12.75371894 -36.93694616 -29.16274521 -32.79091808
  -1.72314474   1.55166239 -22.54924856 -26.23623689 -26.96542007
 -16.93877174 -41.65225979 -29.31532764 -27.52705096 -15.55203977]
scheduled_ues:  [ 0  2  3  4  7  8  9 10 11 12 13 14]
(1, 15, 1, 4, 1, 1)
caused INR: -30.070730412023032
TpsRandomic + CumulativeIndividualEstimated_INR + -10.0
None
(1, 15, 1, 4, 1, 1)
caused INR: -15.69856217335313
TpsRandomic + CumulativeIndividualEstimated_INR + -12.5
None
(1, 15, 1, 4, 1, 1)
caused INR: -16.62988228883966
TpsRandomic + CumulativeIndividualEstimated_INR + -15.0
None
(1, 15, 1, 4, 1, 1)
caused INR: -12.237711126372346
Iteration number 13
TpsAltruisticFromLsfGain + IndividualEstimated_INR + -10.0
None
ls_gain_coeffs:
[-144.59785121 -140.27444491 -138.07707341 -138.40747909 -137.20692703
 -149.42297774 -135.93930992 -131.35002828 -133.87513833 -134.4008854
 -136.82858597 -143.18523426 -143.42414515 -140.58257339 -130.84109224]
inrs_hat:  [-33.60815117 -29.28474487 -27.08737337 -27.41777904 -26.21722699
 -38.43327769 -24.94960988 -20.36032824 -22.88543829 -23.41118536
 -25.83888592 -32.19553422 -32.43444511 -29.59287335 -19.8513922 ]
scheduled_ues:  [ 0  1  2  3  4  5  6  7  8  9 10 11 12 13 14]
(1, 15, 1, 4, 1, 1)
caused INR: -37.8488248898604
TpsAltruisticFromLsfGain + IndividualEstimated_INR + -12.5
None
ls_gain_coeffs:
[-144.59785121 -140.27444491 -138.07707341 -138.40747909 -137.20692703
 -149.42297774 -135.93930992 -131.35002828 -133.87513833 -134.4008854
 -136.82858597 -143.18523426 -143.42414515 -140.58257339 -130.84109224]
inrs_hat:  [-33.60815117 -29.28474487 -27.08737337 -27.41777904 -26.21722699
 -38.43327769 -24.94960988 -20.36032824 -22.88543829 -23.41118536
 -25.83888592 -32.19553422 -32.43444511 -29.59287335 -19.8513922 ]
scheduled_ues:  [ 0  1  2  3  4  5  6  7  8  9 10 11 12 13 14]
(1, 15, 1, 4, 1, 1)
caused INR: -37.8488248898604
TpsAltruisticFromLsfGain + IndividualEstimated_INR + -15.0
None
ls_gain_coeffs:
[-144.59785121 -140.27444491 -138.07707341 -138.40747909 -137.20692703
 -149.42297774 -135.93930992 -131.35002828 -133.87513833 -134.4008854
 -136.82858597 -143.18523426 -143.42414515 -140.58257339 -130.84109224]
inrs_hat:  [-33.60815117 -29.28474487 -27.08737337 -27.41777904 -26.21722699
 -38.43327769 -24.94960988 -20.36032824 -22.88543829 -23.41118536
 -25.83888592 -32.19553422 -32.43444511 -29.59287335 -19.8513922 ]
scheduled_ues:  [ 0  1  2  3  4  5  6  7  8  9 10 11 12 13 14]
(1, 15, 1, 4, 1, 1)
caused INR: -37.8488248898604
TpsAltruisticFromLsfGain + CumulativeIndividualEstimated_INR + -10.0
None
(1, 15, 1, 4, 1, 1)
caused INR: -37.8488248898604
TpsAltruisticFromLsfGain + CumulativeIndividualEstimated_INR + -12.5
None
(1, 15, 1, 4, 1, 1)
caused INR: -37.8488248898604
TpsAltruisticFromLsfGain + CumulativeIndividualEstimated_INR + -15.0
None
(1, 15, 1, 4, 1, 1)
caused INR: -14.604874507727521
TpsRandomic + IndividualEstimated_INR + -10.0
None
ls_gain_coeffs:
[-137.50971688 -140.27444491 -138.07707341 -121.6860686  -129.5946866
 -143.26420812 -128.82768716 -117.23176086 -133.87513833 -120.76567895
 -121.10619039 -129.61029533 -126.41289119 -130.20722283 -130.84109224]
inrs_hat:  [-26.52001683 -29.28474487 -27.08737337 -10.69636856 -18.60498655
 -32.27450808 -17.83798711  -6.24206081 -22.88543829  -9.77597891
 -10.11649034 -18.62059529 -15.42319115 -19.21752278 -19.8513922 ]
scheduled_ues:  [ 0  1  2  3  4  5  6  8 10 11 12 13 14]
(1, 15, 1, 4, 1, 1)
caused INR: -5.987481644091508
TpsRandomic + IndividualEstimated_INR + -12.5
None
ls_gain_coeffs:
[-131.13372207 -140.27444491 -121.58527558 -138.40747909 -137.20692703
 -149.42297774 -122.65135718 -122.48118232 -120.99873924 -130.82006605
 -122.74658818 -139.78521747 -126.41289119 -123.83857434 -130.84109224]
inrs_hat:  [-20.14402203 -29.28474487 -10.59557554 -27.41777904 -26.21722699
 -38.43327769 -11.66165714 -11.49148228 -10.00903919 -19.830366
 -11.75688813 -28.79551743 -15.42319115 -12.8488743  -19.8513922 ]
scheduled_ues:  [ 0  1  3  4  5  9 11 12 13 14]
(1, 15, 1, 4, 1, 1)
caused INR: -12.936285702210954
TpsRandomic + IndividualEstimated_INR + -15.0
None
ls_gain_coeffs:
[-128.10091947 -131.00878984 -121.58527558 -124.50148413 -129.5946866
 -135.66985896 -122.65135718 -113.63567159 -132.57074104 -130.82006605
 -121.10619039 -129.61029533 -143.42414515 -123.83857434 -118.84517513]
inrs_hat:  [-17.11121943 -20.0190898  -10.59557554 -13.51178409 -18.60498655
 -24.68015892 -11.66165714  -2.64597155 -21.581041   -19.830366
 -10.11649034 -18.62059529 -32.43444511 -12.8488743   -7.85547509]
scheduled_ues:  [ 0  1  4  5  8  9 11 12]
(1, 15, 1, 4, 1, 1)
caused INR: -21.584768693013654
TpsRandomic + CumulativeIndividualEstimated_INR + -10.0
None
(1, 15, 1, 4, 1, 1)
caused INR: -3.0945118933654427
TpsRandomic + CumulativeIndividualEstimated_INR + -12.5
None
(1, 15, 1, 4, 1, 1)
caused INR: -21.486743728991577
TpsRandomic + CumulativeIndividualEstimated_INR + -15.0
None
(1, 15, 1, 4, 1, 1)
caused INR: -18.114978456284646
Iteration number 14
TpsAltruisticFromLsfGain + IndividualEstimated_INR + -10.0
None
ls_gain_coeffs:
[-142.620009   -135.7142231  -132.2956984  -122.64532381 -145.78479828
 -141.23760862 -126.34357015 -138.94215595 -146.00179428 -128.63304798
 -135.72462087 -136.77837132 -141.63476104 -149.39064549 -140.99427064]
inrs_hat:  [-31.63030895 -24.72452306 -21.30599836 -11.65562377 -34.79509824
 -30.24790857 -15.35387011 -27.95245591 -35.01209423 -17.64334794
 -24.73492082 -25.78867127 -30.64506099 -38.40094545 -30.0045706 ]
scheduled_ues:  [ 0  1  2  3  4  5  6  7  8  9 10 11 12 13 14]
(1, 15, 1, 4, 1, 1)
caused INR: -5.1284875814028155
TpsAltruisticFromLsfGain + IndividualEstimated_INR + -12.5
None
ls_gain_coeffs:
[-142.620009   -135.7142231  -132.2956984  -122.64532381 -145.78479828
 -141.23760862 -126.34357015 -138.94215595 -146.00179428 -128.63304798
 -135.72462087 -136.77837132 -141.63476104 -149.39064549 -140.99427064]
inrs_hat:  [-31.63030895 -24.72452306 -21.30599836 -11.65562377 -34.79509824
 -30.24790857 -15.35387011 -27.95245591 -35.01209423 -17.64334794
 -24.73492082 -25.78867127 -30.64506099 -38.40094545 -30.0045706 ]
scheduled_ues:  [ 0  1  2  4  5  6  7  8  9 10 11 12 13 14]
(1, 15, 1, 4, 1, 1)
caused INR: -13.386552196709605
TpsAltruisticFromLsfGain + IndividualEstimated_INR + -15.0
None
ls_gain_coeffs:
[-142.620009   -135.7142231  -132.2956984  -122.64532381 -145.78479828
 -141.23760862 -126.34357015 -138.94215595 -146.00179428 -128.63304798
 -135.72462087 -136.77837132 -141.63476104 -149.39064549 -140.99427064]
inrs_hat:  [-31.63030895 -24.72452306 -21.30599836 -11.65562377 -34.79509824
 -30.24790857 -15.35387011 -27.95245591 -35.01209423 -17.64334794
 -24.73492082 -25.78867127 -30.64506099 -38.40094545 -30.0045706 ]
scheduled_ues:  [ 0  1  2  4  5  6  7  8  9 10 11 12 13 14]
(1, 15, 1, 4, 1, 1)
caused INR: -13.386552196709605
TpsAltruisticFromLsfGain + CumulativeIndividualEstimated_INR + -10.0
None
(1, 15, 1, 4, 1, 1)
caused INR: -13.386552196709605
TpsAltruisticFromLsfGain + CumulativeIndividualEstimated_INR + -12.5
None
(1, 15, 1, 4, 1, 1)
caused INR: -13.738937416647756
TpsAltruisticFromLsfGain + CumulativeIndividualEstimated_INR + -15.0
None
(1, 15, 1, 4, 1, 1)
caused INR: -13.572248099142769
TpsRandomic + IndividualEstimated_INR + -10.0
None
ls_gain_coeffs:
[-142.620009   -123.79984023 -132.2956984  -120.12030813 -145.78479828
 -127.92765777 -126.34357015 -138.94215595 -129.37461718 -114.80635255
 -122.14001401 -126.33608811 -124.77603671 -136.1693335  -140.99427064]
inrs_hat:  [-31.63030895 -12.81014019 -21.30599836  -9.13060808 -34.79509824
 -16.93795773 -15.35387011 -27.95245591 -18.38491714  -3.81665251
 -11.15031397 -15.34638806 -13.78633667 -25.17963345 -30.0045706 ]
scheduled_ues:  [ 0  1  2  4  5  6  7  8 10 11 12 13 14]
(1, 15, 1, 4, 1, 1)
caused INR: -4.8803019004642305
TpsRandomic + IndividualEstimated_INR + -12.5
None
ls_gain_coeffs:
[-135.58383201 -135.7142231  -132.2956984  -120.12030813 -135.16227709
 -133.61499597 -126.34357015 -138.94215595 -146.00179428 -114.80635255
 -120.99700716 -119.75078683 -141.63476104 -142.02866665 -124.54254885]
inrs_hat:  [-24.59413197 -24.72452306 -21.30599836  -9.13060808 -24.17257705
 -22.62529592 -15.35387011 -27.95245591 -35.01209423  -3.81665251
 -10.00730712  -8.76108678 -30.64506099 -31.03896661 -13.55284881]
scheduled_ues:  [ 0  1  2  4  5  6  7  8 12 13 14]
(1, 15, 1, 4, 1, 1)
caused INR: -16.849159087113645
TpsRandomic + IndividualEstimated_INR + -15.0
None
ls_gain_coeffs:
[-128.86568666 -126.59622649 -116.75811902 -120.12030813 -135.18138428
 -127.92765777 -122.29296294 -138.94215595 -133.69662661 -114.80635255
 -120.99700716 -125.60708554 -129.94336042 -149.39064549 -140.99427064]
inrs_hat:  [-17.87598661 -15.60652645  -5.76841897  -9.13060808 -24.19168424
 -16.93795773 -11.3032629  -27.95245591 -22.70692656  -3.81665251
 -10.00730712 -14.6173855  -18.95366037 -38.40094545 -30.0045706 ]
scheduled_ues:  [ 0  1  4  5  7  8 12 13 14]
(1, 15, 1, 4, 1, 1)
caused INR: -8.983067689557236
TpsRandomic + CumulativeIndividualEstimated_INR + -10.0
None
(1, 15, 1, 4, 1, 1)
caused INR: -17.224106192837617
TpsRandomic + CumulativeIndividualEstimated_INR + -12.5
None
(1, 15, 1, 4, 1, 1)
caused INR: -16.236672750396092
TpsRandomic + CumulativeIndividualEstimated_INR + -15.0
None
(1, 15, 1, 4, 1, 1)
caused INR: -14.225606437545071
Iteration number 15
TpsAltruisticFromLsfGain + IndividualEstimated_INR + -10.0
None
ls_gain_coeffs:
[-149.99852835 -139.66105047 -150.74258409 -129.28071283 -119.29677799
 -147.16159608 -125.5653992  -133.82019966 -125.40534249 -128.03594591
 -144.06784522 -144.1767072  -133.98759612 -143.39291559 -126.52723263]
inrs_hat:  [-39.00882831 -28.67135043 -39.75288405 -18.29101278  -8.30707794
 -36.17189604 -14.57569915 -22.83049961 -14.41564245 -17.04624587
 -33.07814518 -33.18700715 -22.99789607 -32.40321554 -15.53753259]
scheduled_ues:  [ 0  1  2  3  5  6  7  8  9 10 11 12 13 14]
(1, 15, 1, 4, 1, 1)
caused INR: -4.346397307903489
TpsAltruisticFromLsfGain + IndividualEstimated_INR + -12.5
None
ls_gain_coeffs:
[-149.99852835 -139.66105047 -150.74258409 -129.28071283 -119.29677799
 -147.16159608 -125.5653992  -133.82019966 -125.40534249 -128.03594591
 -144.06784522 -144.1767072  -133.98759612 -143.39291559 -126.52723263]
inrs_hat:  [-39.00882831 -28.67135043 -39.75288405 -18.29101278  -8.30707794
 -36.17189604 -14.57569915 -22.83049961 -14.41564245 -17.04624587
 -33.07814518 -33.18700715 -22.99789607 -32.40321554 -15.53753259]
scheduled_ues:  [ 0  1  2  3  5  6  7  8  9 10 11 12 13 14]
(1, 15, 1, 4, 1, 1)
caused INR: -4.346397307903489
TpsAltruisticFromLsfGain + IndividualEstimated_INR + -15.0
None
ls_gain_coeffs:
[-149.99852835 -139.66105047 -150.74258409 -129.28071283 -119.29677799
 -147.16159608 -125.5653992  -133.82019966 -125.40534249 -128.03594591
 -144.06784522 -144.1767072  -133.98759612 -143.39291559 -126.52723263]
inrs_hat:  [-39.00882831 -28.67135043 -39.75288405 -18.29101278  -8.30707794
 -36.17189604 -14.57569915 -22.83049961 -14.41564245 -17.04624587
 -33.07814518 -33.18700715 -22.99789607 -32.40321554 -15.53753259]
scheduled_ues:  [ 0  1  2  3  5  7  9 10 11 12 13 14]
(1, 15, 1, 4, 1, 1)
caused INR: -12.78613241044713
TpsAltruisticFromLsfGain + CumulativeIndividualEstimated_INR + -10.0
None
(1, 15, 1, 4, 1, 1)
caused INR: -12.78613241044713
TpsAltruisticFromLsfGain + CumulativeIndividualEstimated_INR + -12.5
None
(1, 15, 1, 4, 1, 1)
caused INR: -16.99042417465271
TpsAltruisticFromLsfGain + CumulativeIndividualEstimated_INR + -15.0
None
(1, 15, 1, 4, 1, 1)
caused INR: -17.550885764557922
TpsRandomic + IndividualEstimated_INR + -10.0
None
ls_gain_coeffs:
[-137.45817083 -139.66105047 -139.63122183 -127.27933443 -119.29677799
 -147.16159608 -108.69011571 -133.82019966 -125.40534249 -111.06936862
 -144.06784522 -144.1767072  -133.98759612 -131.81022855 -126.52723263]
inrs_hat:  [-26.46847078 -28.67135043 -28.64152179 -16.28963439  -8.30707794
 -36.17189604   2.29958433 -22.83049961 -14.41564245  -0.07966858
 -33.07814518 -33.18700715 -22.99789607 -20.82052851 -15.53753259]
scheduled_ues:  [ 0  1  2  3  5  7  8 10 11 12 13 14]
(1, 15, 1, 4, 1, 1)
caused INR: -7.604118835163513
TpsRandomic + IndividualEstimated_INR + -12.5
None
ls_gain_coeffs:
[-137.45817083 -139.66105047 -133.92150084 -127.27933443 -119.29677799
 -135.33764979 -117.52765079 -117.64131322 -112.94820273 -128.03594591
 -144.06784522 -127.85363714 -133.98759612 -133.49982627 -110.08401503]
inrs_hat:  [-26.46847078 -28.67135043 -22.9318008  -16.28963439  -8.30707794
 -24.34794974  -6.53795075  -6.65161318  -1.95850269 -17.04624587
 -33.07814518 -16.8639371  -22.99789607 -22.51012623   0.90568502]
scheduled_ues:  [ 0  1  2  3  5  9 10 11 12 13]
(1, 15, 1, 4, 1, 1)
caused INR: -7.598884756524203
TpsRandomic + IndividualEstimated_INR + -15.0
None
ls_gain_coeffs:
[-141.93946754 -126.16799502 -150.74258409 -127.27933443 -119.29677799
 -130.41878811 -117.52765079 -127.93465166 -125.40534249 -128.03594591
 -137.84881874 -138.05182335 -119.51395835 -143.39291559 -110.08401503]
inrs_hat:  [-30.9497675  -15.17829498 -39.75288405 -16.28963439  -8.30707794
 -19.42908806  -6.53795075 -16.94495162 -14.41564245 -17.04624587
 -26.8591187  -27.06212331  -8.5242583  -32.40321554   0.90568502]
scheduled_ues:  [ 0  1  2  3  5  7  9 10 11 13]
(1, 15, 1, 4, 1, 1)
caused INR: -10.051739741295533
TpsRandomic + CumulativeIndividualEstimated_INR + -10.0
None
(1, 15, 1, 4, 1, 1)
caused INR: -11.105445847087951
TpsRandomic + CumulativeIndividualEstimated_INR + -12.5
None
(1, 15, 1, 4, 1, 1)
caused INR: -13.92057707141591
TpsRandomic + CumulativeIndividualEstimated_INR + -15.0
None
(1, 15, 1, 4, 1, 1)
caused INR: -28.05580384509347
Iteration number 16
TpsAltruisticFromLsfGain + IndividualEstimated_INR + -10.0
None
ls_gain_coeffs:
[-141.63907659 -139.0367605  -142.56638733 -142.45905045 -144.13767324
 -136.99874859 -131.48225629 -143.46035828 -137.8132043  -155.65274056
 -147.74621577 -144.45998889 -120.38315187 -131.23091814 -142.42812367]
inrs_hat:  [-30.64937654 -28.04706045 -31.57668729 -31.46935041 -33.1479732
 -26.00904854 -20.49255625 -32.47065823 -26.82350425 -44.66304052
 -36.75651573 -33.47028884  -9.39345183 -20.24121809 -31.43842363]
scheduled_ues:  [ 0  1  2  3  4  5  6  7  8  9 10 11 13 14]
(1, 15, 1, 4, 1, 1)
caused INR: -16.382399674941034
TpsAltruisticFromLsfGain + IndividualEstimated_INR + -12.5
None
ls_gain_coeffs:
[-141.63907659 -139.0367605  -142.56638733 -142.45905045 -144.13767324
 -136.99874859 -131.48225629 -143.46035828 -137.8132043  -155.65274056
 -147.74621577 -144.45998889 -120.38315187 -131.23091814 -142.42812367]
inrs_hat:  [-30.64937654 -28.04706045 -31.57668729 -31.46935041 -33.1479732
 -26.00904854 -20.49255625 -32.47065823 -26.82350425 -44.66304052
 -36.75651573 -33.47028884  -9.39345183 -20.24121809 -31.43842363]
scheduled_ues:  [ 0  1  2  3  4  5  6  7  8  9 10 11 13 14]
(1, 15, 1, 4, 1, 1)
caused INR: -16.382399674941034
TpsAltruisticFromLsfGain + IndividualEstimated_INR + -15.0
None
ls_gain_coeffs:
[-141.63907659 -139.0367605  -142.56638733 -142.45905045 -144.13767324
 -136.99874859 -131.48225629 -143.46035828 -137.8132043  -155.65274056
 -147.74621577 -144.45998889 -120.38315187 -131.23091814 -142.42812367]
inrs_hat:  [-30.64937654 -28.04706045 -31.57668729 -31.46935041 -33.1479732
 -26.00904854 -20.49255625 -32.47065823 -26.82350425 -44.66304052
 -36.75651573 -33.47028884  -9.39345183 -20.24121809 -31.43842363]
scheduled_ues:  [ 0  1  2  3  4  5  6  7  8  9 10 11 13 14]
(1, 15, 1, 4, 1, 1)
caused INR: -16.382399674941034
TpsAltruisticFromLsfGain + CumulativeIndividualEstimated_INR + -10.0
None
(1, 15, 1, 4, 1, 1)
caused INR: -16.382399674941034
TpsAltruisticFromLsfGain + CumulativeIndividualEstimated_INR + -12.5
None
(1, 15, 1, 4, 1, 1)
caused INR: -16.382399674941034
TpsAltruisticFromLsfGain + CumulativeIndividualEstimated_INR + -15.0
None
(1, 15, 1, 4, 1, 1)
caused INR: -16.382399674941034
TpsRandomic + IndividualEstimated_INR + -10.0
None
ls_gain_coeffs:
[-128.92459103 -131.80654754 -141.72240217 -128.45487524 -144.13767324
 -124.63175272 -117.56696002 -130.66609629 -121.264523   -139.11363472
 -131.3205541  -136.84224132 -120.38315187 -116.40057898 -136.34110607]
inrs_hat:  [-17.93489099 -20.81684749 -30.73270213 -17.4651752  -33.1479732
 -13.64205268  -6.57725998 -19.67639625 -10.27482296 -28.12393468
 -20.33085405 -25.85254127  -9.39345183  -5.41087894 -25.35140603]
scheduled_ues:  [ 0  1  2  3  4  5  7  8  9 10 11 14]
(1, 15, 1, 4, 1, 1)
caused INR: -2.5549715223217264
TpsRandomic + IndividualEstimated_INR + -12.5
None
ls_gain_coeffs:
[-140.82041992 -124.72933777 -129.56213056 -136.34216403 -142.01653746
 -127.88233273 -129.27171188 -135.20297001 -124.20618079 -155.65274056
 -131.3205541  -127.91856905 -118.42611322 -131.23091814 -128.79422824]
inrs_hat:  [-29.83071988 -13.73963772 -18.57243052 -25.35246399 -31.02683742
 -16.89263268 -18.28201184 -24.21326997 -13.21648075 -44.66304052
 -20.33085405 -16.928869    -7.43641317 -20.24121809 -17.80452819]
scheduled_ues:  [ 0  1  2  3  4  5  6  7  8  9 10 11 13 14]
(1, 15, 1, 4, 1, 1)
caused INR: -11.719236970963935
TpsRandomic + IndividualEstimated_INR + -15.0
None
ls_gain_coeffs:
[-140.82041992 -139.0367605  -129.56213056 -142.45905045 -144.13767324
 -136.99874859 -118.30380815 -130.66609629 -130.76446522 -139.11363472
 -131.3205541  -131.43649678 -120.38315187 -116.40057898 -136.34110607]
inrs_hat:  [-29.83071988 -28.04706045 -18.57243052 -31.46935041 -33.1479732
 -26.00904854  -7.31410811 -19.67639625 -19.77476517 -28.12393468
 -20.33085405 -20.44679673  -9.39345183  -5.41087894 -25.35140603]
scheduled_ues:  [ 0  1  2  3  4  5  7  8  9 10 11 14]
(1, 15, 1, 4, 1, 1)
caused INR: -7.136103238268418
TpsRandomic + CumulativeIndividualEstimated_INR + -10.0
None
(1, 15, 1, 4, 1, 1)
caused INR: -21.08376376158234
TpsRandomic + CumulativeIndividualEstimated_INR + -12.5
None
(1, 15, 1, 4, 1, 1)
caused INR: -13.753529639660872
TpsRandomic + CumulativeIndividualEstimated_INR + -15.0
None
(1, 15, 1, 4, 1, 1)
caused INR: -7.770980397421717
Iteration number 17
TpsAltruisticFromLsfGain + IndividualEstimated_INR + -10.0
None
ls_gain_coeffs:
[-122.09601544 -144.00920659 -152.02534573 -127.00326933 -149.10031296
 -136.80253611 -143.40338592 -145.83076855 -134.618571   -129.45934636
 -123.50000723 -121.21039427 -125.26434772 -125.86129772 -156.42338446]
inrs_hat:  [-11.10631539 -33.01950655 -41.03564569 -16.01356929 -38.11061291
 -25.81283607 -32.41368588 -34.8410685  -23.62887096 -18.46964632
 -12.51030718 -10.22069423 -14.27464768 -14.87159768 -45.43368441]
scheduled_ues:  [ 0  1  2  3  4  5  6  7  8  9 10 11 12 13 14]
(1, 15, 1, 4, 1, 1)
caused INR: -9.904601594225351
TpsAltruisticFromLsfGain + IndividualEstimated_INR + -12.5
None
ls_gain_coeffs:
[-122.09601544 -144.00920659 -152.02534573 -127.00326933 -149.10031296
 -136.80253611 -143.40338592 -145.83076855 -134.618571   -129.45934636
 -123.50000723 -121.21039427 -125.26434772 -125.86129772 -156.42338446]
inrs_hat:  [-11.10631539 -33.01950655 -41.03564569 -16.01356929 -38.11061291
 -25.81283607 -32.41368588 -34.8410685  -23.62887096 -18.46964632
 -12.51030718 -10.22069423 -14.27464768 -14.87159768 -45.43368441]
scheduled_ues:  [ 1  2  3  4  5  6  7  8  9 10 12 13 14]
(1, 15, 1, 4, 1, 1)
caused INR: -7.407315890579097
TpsAltruisticFromLsfGain + IndividualEstimated_INR + -15.0
None
ls_gain_coeffs:
[-122.09601544 -144.00920659 -152.02534573 -127.00326933 -149.10031296
 -136.80253611 -143.40338592 -145.83076855 -134.618571   -129.45934636
 -123.50000723 -121.21039427 -125.26434772 -125.86129772 -156.42338446]
inrs_hat:  [-11.10631539 -33.01950655 -41.03564569 -16.01356929 -38.11061291
 -25.81283607 -32.41368588 -34.8410685  -23.62887096 -18.46964632
 -12.51030718 -10.22069423 -14.27464768 -14.87159768 -45.43368441]
scheduled_ues:  [ 1  2  3  4  5  6  7  8  9 14]
(1, 15, 1, 4, 1, 1)
caused INR: -11.080067269851966
TpsAltruisticFromLsfGain + CumulativeIndividualEstimated_INR + -10.0
None
(1, 15, 1, 4, 1, 1)
caused INR: -12.552068380080305
TpsAltruisticFromLsfGain + CumulativeIndividualEstimated_INR + -12.5
None
(1, 15, 1, 4, 1, 1)
caused INR: -11.080067269851966
TpsAltruisticFromLsfGain + CumulativeIndividualEstimated_INR + -15.0
None
(1, 15, 1, 4, 1, 1)
caused INR: -13.979666786995391
TpsRandomic + IndividualEstimated_INR + -10.0
None
ls_gain_coeffs:
[-106.60331715 -134.98312877 -152.02534573 -113.7247741  -133.37179488
 -120.09769773 -136.63715598 -142.44802587 -118.03130985 -129.45934636
 -113.48353608 -103.9282513  -124.10399464 -114.15232029 -156.42338446]
inrs_hat:  [  4.38638289 -23.99342873 -41.03564569  -2.73507406 -22.38209484
  -9.10799769 -25.64745593 -31.45832583  -7.0416098  -18.46964632
  -2.49383604   7.06144874 -13.1142946   -3.16262024 -45.43368441]
scheduled_ues:  [ 1  2  4  6  7  9 12 14]
(1, 15, 1, 4, 1, 1)
caused INR: -11.853254298753665
TpsRandomic + IndividualEstimated_INR + -12.5
None
ls_gain_coeffs:
[-122.09601544 -131.88706841 -138.0232055  -113.7247741  -133.37179488
 -130.24222034 -129.75843453 -131.13400676 -118.03130985 -116.12371284
 -123.50000723 -103.9282513  -124.10399464 -125.86129772 -140.15988467]
inrs_hat:  [-11.10631539 -20.89736837 -27.03350546  -2.73507406 -22.38209484
 -19.25252029 -18.76873449 -20.14430672  -7.0416098   -5.13401279
 -12.51030718   7.06144874 -13.1142946  -14.87159768 -29.17018463]
scheduled_ues:  [ 1  2  4  5  6  7 10 12 13 14]
(1, 15, 1, 4, 1, 1)
caused INR: -11.306731533776366
TpsRandomic + IndividualEstimated_INR + -15.0
None
ls_gain_coeffs:
[-108.1288663  -134.98312877 -138.80347562 -119.18585377 -135.01525392
 -136.80253611 -126.97699525 -132.26158765 -134.618571   -129.45934636
 -113.48353608 -121.21039427 -112.049179   -125.86129772 -149.66217968]
inrs_hat:  [  2.86083375 -23.99342873 -27.81377558  -8.19615373 -24.02555387
 -25.81283607 -15.98729521 -21.27188761 -23.62887096 -18.46964632
  -2.49383604 -10.22069423  -1.05947896 -14.87159768 -38.67247964]
scheduled_ues:  [ 1  2  4  5  6  7  8  9 14]
(1, 15, 1, 4, 1, 1)
caused INR: -10.17309021454567
TpsRandomic + CumulativeIndividualEstimated_INR + -10.0
None
(1, 15, 1, 4, 1, 1)
caused INR: -14.156543109545805
TpsRandomic + CumulativeIndividualEstimated_INR + -12.5
None
(1, 15, 1, 4, 1, 1)
caused INR: -24.693475120824424
TpsRandomic + CumulativeIndividualEstimated_INR + -15.0
None
(1, 15, 1, 4, 1, 1)
caused INR: -14.067864673663472
Iteration number 18
TpsAltruisticFromLsfGain + IndividualEstimated_INR + -10.0
None
ls_gain_coeffs:
[-136.81785928 -128.44139221 -118.3306674  -152.77725303 -139.44090507
 -146.87440371 -133.58767256 -139.45910537 -139.59612901 -133.01472828
 -121.49460471 -135.3892364  -132.09714356 -132.05647837 -149.31574459]
inrs_hat:  [-25.82815924 -17.45169217  -7.34096736 -41.78755298 -28.45120503
 -35.88470366 -22.59797252 -28.46940532 -28.60642896 -22.02502824
 -10.50490467 -24.39953636 -21.10744352 -21.06677832 -38.32604454]
scheduled_ues:  [ 0  1  3  4  5  6  7  8  9 10 11 12 13 14]
(1, 15, 1, 4, 1, 1)
caused INR: -7.43569397225847
TpsAltruisticFromLsfGain + IndividualEstimated_INR + -12.5
None
ls_gain_coeffs:
[-136.81785928 -128.44139221 -118.3306674  -152.77725303 -139.44090507
 -146.87440371 -133.58767256 -139.45910537 -139.59612901 -133.01472828
 -121.49460471 -135.3892364  -132.09714356 -132.05647837 -149.31574459]
inrs_hat:  [-25.82815924 -17.45169217  -7.34096736 -41.78755298 -28.45120503
 -35.88470366 -22.59797252 -28.46940532 -28.60642896 -22.02502824
 -10.50490467 -24.39953636 -21.10744352 -21.06677832 -38.32604454]
scheduled_ues:  [ 0  1  3  4  5  6  7  8  9 11 12 13 14]
(1, 15, 1, 4, 1, 1)
caused INR: -14.44100497050028
TpsAltruisticFromLsfGain + IndividualEstimated_INR + -15.0
None
ls_gain_coeffs:
[-136.81785928 -128.44139221 -118.3306674  -152.77725303 -139.44090507
 -146.87440371 -133.58767256 -139.45910537 -139.59612901 -133.01472828
 -121.49460471 -135.3892364  -132.09714356 -132.05647837 -149.31574459]
inrs_hat:  [-25.82815924 -17.45169217  -7.34096736 -41.78755298 -28.45120503
 -35.88470366 -22.59797252 -28.46940532 -28.60642896 -22.02502824
 -10.50490467 -24.39953636 -21.10744352 -21.06677832 -38.32604454]
scheduled_ues:  [ 0  1  3  4  5  6  7  8  9 11 12 13 14]
(1, 15, 1, 4, 1, 1)
caused INR: -14.44100497050028
TpsAltruisticFromLsfGain + CumulativeIndividualEstimated_INR + -10.0
None
(1, 15, 1, 4, 1, 1)
caused INR: -14.44100497050028
TpsAltruisticFromLsfGain + CumulativeIndividualEstimated_INR + -12.5
None
(1, 15, 1, 4, 1, 1)
caused INR: -11.397995869633489
TpsAltruisticFromLsfGain + CumulativeIndividualEstimated_INR + -15.0
None
(1, 15, 1, 4, 1, 1)
caused INR: -12.462406174378831
TpsRandomic + IndividualEstimated_INR + -10.0
None
ls_gain_coeffs:
[-119.92393682 -128.44139221 -100.4020984  -135.98834395 -129.8213789
 -130.37328962 -116.23066875 -125.14664715 -123.11031718 -133.01472828
 -121.49460471 -131.27399862 -115.34190474 -119.18281091 -142.87889118]
inrs_hat:  [ -8.93423677 -17.45169217  10.58760164 -24.99864391 -18.83167886
 -19.38358958  -5.24096871 -14.15694711 -12.12061713 -22.02502824
 -10.50490467 -20.28429857  -4.35220469  -8.19311087 -31.88919114]
scheduled_ues:  [ 1  3  4  5  7  8  9 10 11 14]
(1, 15, 1, 4, 1, 1)
caused INR: -16.66536806732808
TpsRandomic + IndividualEstimated_INR + -12.5
None
ls_gain_coeffs:
[-128.86325382 -119.37087565 -118.3306674  -141.35349988 -129.8213789
 -133.37039779 -116.23066875 -125.14664715 -123.11031718 -122.83013248
 -110.61219892 -121.57589047 -119.12477487 -132.05647837 -142.87889118]
inrs_hat:  [-17.87355378  -8.38117561  -7.34096736 -30.36379984 -18.83167886
 -22.38069775  -5.24096871 -14.15694711 -12.12061713 -11.84043244
   0.37750113 -10.58619043  -8.13507483 -21.06677832 -31.88919114]
scheduled_ues:  [ 0  3  4  5  7 13 14]
(1, 15, 1, 4, 1, 1)
caused INR: -15.284760143153115
TpsRandomic + IndividualEstimated_INR + -15.0
None
ls_gain_coeffs:
[-119.92393682 -111.60502111 -106.92639234 -135.98834395 -122.49276024
 -133.37039779 -122.83000601 -133.27537123 -139.59612901 -120.75529159
 -110.0080315  -120.20414455 -124.0006346  -132.05647837 -135.69903934]
inrs_hat:  [ -8.93423677  -0.61532107   4.06330771 -24.99864391 -11.5030602
 -22.38069775 -11.84030596 -22.28567119 -28.60642896  -9.76559155
   0.98166855  -9.2144445  -13.01093456 -21.06677832 -24.70933929]
scheduled_ues:  [ 3  5  7  8 13 14]
(1, 15, 1, 4, 1, 1)
caused INR: -16.948880417599387
TpsRandomic + CumulativeIndividualEstimated_INR + -10.0
None
(1, 15, 1, 4, 1, 1)
caused INR: -12.417924421106754
TpsRandomic + CumulativeIndividualEstimated_INR + -12.5
None
(1, 15, 1, 4, 1, 1)
caused INR: -21.578651534234368
TpsRandomic + CumulativeIndividualEstimated_INR + -15.0
None
(1, 15, 1, 4, 1, 1)
caused INR: -14.904377693203855
Iteration number 19
TpsAltruisticFromLsfGain + IndividualEstimated_INR + -10.0
None
ls_gain_coeffs:
[-123.47402593 -131.42930204 -134.08735942 -138.74774993 -140.8523442
 -139.57476538 -119.73093084 -135.15199414 -130.70336254 -142.08004033
 -147.9503034  -134.36354074 -138.98407921 -138.17886012 -133.44895504]
inrs_hat:  [-12.48432589 -20.439602   -23.09765937 -27.75804989 -29.86264416
 -28.58506534  -8.7412308  -24.1622941  -19.7136625  -31.09034029
 -36.96060336 -23.3738407  -27.99437917 -27.18916007 -22.45925499]
scheduled_ues:  [ 0  1  2  3  4  5  7  8  9 10 11 12 13 14]
(1, 15, 1, 4, 1, 1)
caused INR: -19.15574182141416
TpsAltruisticFromLsfGain + IndividualEstimated_INR + -12.5
None
ls_gain_coeffs:
[-123.47402593 -131.42930204 -134.08735942 -138.74774993 -140.8523442
 -139.57476538 -119.73093084 -135.15199414 -130.70336254 -142.08004033
 -147.9503034  -134.36354074 -138.98407921 -138.17886012 -133.44895504]
inrs_hat:  [-12.48432589 -20.439602   -23.09765937 -27.75804989 -29.86264416
 -28.58506534  -8.7412308  -24.1622941  -19.7136625  -31.09034029
 -36.96060336 -23.3738407  -27.99437917 -27.18916007 -22.45925499]
scheduled_ues:  [ 1  2  3  4  5  7  8  9 10 11 12 13 14]
(1, 15, 1, 4, 1, 1)
caused INR: -15.323398335371847
TpsAltruisticFromLsfGain + IndividualEstimated_INR + -15.0
None
ls_gain_coeffs:
[-123.47402593 -131.42930204 -134.08735942 -138.74774993 -140.8523442
 -139.57476538 -119.73093084 -135.15199414 -130.70336254 -142.08004033
 -147.9503034  -134.36354074 -138.98407921 -138.17886012 -133.44895504]
inrs_hat:  [-12.48432589 -20.439602   -23.09765937 -27.75804989 -29.86264416
 -28.58506534  -8.7412308  -24.1622941  -19.7136625  -31.09034029
 -36.96060336 -23.3738407  -27.99437917 -27.18916007 -22.45925499]
scheduled_ues:  [ 1  2  3  4  5  7  8  9 10 11 12 13 14]
(1, 15, 1, 4, 1, 1)
caused INR: -15.323398335371847
TpsAltruisticFromLsfGain + CumulativeIndividualEstimated_INR + -10.0
None
(1, 15, 1, 4, 1, 1)
caused INR: -15.323398335371847
TpsAltruisticFromLsfGain + CumulativeIndividualEstimated_INR + -12.5
None
(1, 15, 1, 4, 1, 1)
caused INR: -15.323398335371847
TpsAltruisticFromLsfGain + CumulativeIndividualEstimated_INR + -15.0
None
(1, 15, 1, 4, 1, 1)
caused INR: -21.60509526702484
TpsRandomic + IndividualEstimated_INR + -10.0
None
ls_gain_coeffs:
[-116.87440637 -117.89545071 -117.34529291 -138.74774993 -132.61276483
 -125.63692656 -107.08707466 -135.15199414 -130.70336254 -125.24574064
 -147.9503034  -134.36354074 -138.98407921 -138.17886012 -133.44895504]
inrs_hat:  [ -5.88470633  -6.90575067  -6.35559287 -27.75804989 -21.62306478
 -14.64722652   3.90262539 -24.1622941  -19.7136625  -14.2560406
 -36.96060336 -23.3738407  -27.99437917 -27.18916007 -22.45925499]
scheduled_ues:  [ 3  4  5  7  8  9 10 11 12 13 14]
(1, 15, 1, 4, 1, 1)
caused INR: -10.065742127427814
TpsRandomic + IndividualEstimated_INR + -12.5
None
ls_gain_coeffs:
[-123.47402593 -124.52610047 -125.13838413 -138.74774993 -132.61276483
 -123.06176208 -107.18820275 -122.2984115  -117.0464854  -142.08004033
 -141.63219636 -125.21501093 -138.98407921 -135.61907816 -133.44895504]
inrs_hat:  [-12.48432589 -13.53640043 -14.14868408 -27.75804989 -21.62306478
 -12.07206204   3.8014973  -11.30871146  -6.05678536 -31.09034029
 -30.64249632 -14.22531089 -27.99437917 -24.62937812 -22.45925499]
scheduled_ues:  [ 1  2  3  4  9 10 11 12 13 14]
(1, 15, 1, 4, 1, 1)
caused INR: -11.858252980897195
TpsRandomic + IndividualEstimated_INR + -15.0
None
ls_gain_coeffs:
[-106.79829236 -114.98997559 -134.08735942 -125.11381505 -124.20375174
 -139.57476538 -119.42754656 -135.15199414 -117.0464854  -130.23495499
 -134.23072007 -125.21501093 -122.53268493 -135.61907816 -124.6278038 ]
inrs_hat:  [  4.19140769  -4.00027555 -23.09765937 -14.12411501 -13.21405169
 -28.58506534  -8.43784652 -24.1622941   -6.05678536 -19.24525495
 -23.24102003 -14.22531089 -11.54298488 -24.62937812 -13.63810376]
scheduled_ues:  [ 2  5  7  9 10 13]
(1, 15, 1, 4, 1, 1)
caused INR: -13.590195049740059
TpsRandomic + CumulativeIndividualEstimated_INR + -10.0
None
(1, 15, 1, 4, 1, 1)
caused INR: -11.562801767658584
TpsRandomic + CumulativeIndividualEstimated_INR + -12.5
None
(1, 15, 1, 4, 1, 1)
caused INR: -22.304663270183816
TpsRandomic + CumulativeIndividualEstimated_INR + -15.0
None
(1, 15, 1, 4, 1, 1)
caused INR: -15.06712344683997
Iteration number 20
TpsAltruisticFromLsfGain + IndividualEstimated_INR + -10.0
None
ls_gain_coeffs:
[-128.43776854 -132.15721372 -111.21691848 -145.74420399 -133.59673567
 -136.81061643 -140.08426496 -104.84717963 -146.98849953 -139.3195128
 -121.08665438 -130.27048926 -135.4904158  -135.67504213 -116.27650707]
inrs_hat:  [-17.44806849 -21.16751368  -0.22721843 -34.75450394 -22.60703563
 -25.82091639 -29.09456491   6.14252041 -35.99879948 -28.32981276
 -10.09695434 -19.28078922 -24.50071575 -24.68534209  -5.28680702]
scheduled_ues:  [ 0  1  3  4  5  6  8  9 10 11 12 13]
(1, 15, 1, 4, 1, 1)
caused INR: -5.727188660914883
TpsAltruisticFromLsfGain + IndividualEstimated_INR + -12.5
None
ls_gain_coeffs:
[-128.43776854 -132.15721372 -111.21691848 -145.74420399 -133.59673567
 -136.81061643 -140.08426496 -104.84717963 -146.98849953 -139.3195128
 -121.08665438 -130.27048926 -135.4904158  -135.67504213 -116.27650707]
inrs_hat:  [-17.44806849 -21.16751368  -0.22721843 -34.75450394 -22.60703563
 -25.82091639 -29.09456491   6.14252041 -35.99879948 -28.32981276
 -10.09695434 -19.28078922 -24.50071575 -24.68534209  -5.28680702]
scheduled_ues:  [ 0  1  3  4  5  6  8  9 11 12 13]
(1, 15, 1, 4, 1, 1)
caused INR: -11.2859786721228
TpsAltruisticFromLsfGain + IndividualEstimated_INR + -15.0
None
ls_gain_coeffs:
[-128.43776854 -132.15721372 -111.21691848 -145.74420399 -133.59673567
 -136.81061643 -140.08426496 -104.84717963 -146.98849953 -139.3195128
 -121.08665438 -130.27048926 -135.4904158  -135.67504213 -116.27650707]
inrs_hat:  [-17.44806849 -21.16751368  -0.22721843 -34.75450394 -22.60703563
 -25.82091639 -29.09456491   6.14252041 -35.99879948 -28.32981276
 -10.09695434 -19.28078922 -24.50071575 -24.68534209  -5.28680702]
scheduled_ues:  [ 0  1  3  4  5  6  8  9 11 12 13]
(1, 15, 1, 4, 1, 1)
caused INR: -11.2859786721228
TpsAltruisticFromLsfGain + CumulativeIndividualEstimated_INR + -10.0
None
(1, 15, 1, 4, 1, 1)
caused INR: -11.2859786721228
TpsAltruisticFromLsfGain + CumulativeIndividualEstimated_INR + -12.5
None
(1, 15, 1, 4, 1, 1)
caused INR: -11.2859786721228
TpsAltruisticFromLsfGain + CumulativeIndividualEstimated_INR + -15.0
None
(1, 15, 1, 4, 1, 1)
caused INR: -26.29089676416507
TpsRandomic + IndividualEstimated_INR + -10.0
None
ls_gain_coeffs:
[-110.49603134 -115.71956865 -111.21691848 -133.28369573 -120.60966842
 -123.55984666 -136.26466401  -92.31187586 -133.39005534 -126.25681653
 -107.46522114 -130.27048926 -125.59833992 -121.51786665  -98.30133475]
inrs_hat:  [  0.4936687   -4.7298686   -0.22721843 -22.29399569  -9.61996838
 -12.57014662 -25.27496396  18.67782418 -22.40035529 -15.26711649
   3.5244789  -19.28078922 -14.60863987 -10.52816661  12.6883653 ]
scheduled_ues:  [ 3  5  6  8  9 11 12 13]
(1, 15, 1, 4, 1, 1)
caused INR: -7.711292334700952
TpsRandomic + IndividualEstimated_INR + -12.5
None
ls_gain_coeffs:
[-128.43776854 -124.89947375 -111.21691848 -137.306229   -120.06420117
 -136.81061643 -140.08426496 -104.56606833 -146.98849953 -139.3195128
 -108.05513776 -130.27048926 -124.08632275 -133.10167891 -103.33217442]
inrs_hat:  [-17.44806849 -13.90977371  -0.22721843 -26.31652895  -9.07450113
 -25.82091639 -29.09456491   6.42363171 -35.99879948 -28.32981276
   2.93456228 -19.28078922 -13.0966227  -22.11197887   7.65752562]
scheduled_ues:  [ 0  1  3  5  6  8  9 11 12 13]
(1, 15, 1, 4, 1, 1)
caused INR: -13.157722750966471
TpsRandomic + IndividualEstimated_INR + -15.0
None
ls_gain_coeffs:
[-117.9158088  -118.98126354 -111.21691848 -145.74420399 -133.59673567
 -128.49144961 -126.36946464  -92.31187586 -146.98849953 -137.45622399
 -121.08665438 -129.96385932 -124.08632275 -133.10167891  -98.30133475]
inrs_hat:  [ -6.92610875  -7.99156349  -0.22721843 -34.75450394 -22.60703563
 -17.50174957 -15.3797646   18.67782418 -35.99879948 -26.46652395
 -10.09695434 -18.97415928 -13.0966227  -22.11197887  12.6883653 ]
scheduled_ues:  [ 3  4  5  6  8  9 11 13]
(1, 15, 1, 4, 1, 1)
caused INR: -6.1953762342893945
TpsRandomic + CumulativeIndividualEstimated_INR + -10.0
None
(1, 15, 1, 4, 1, 1)
caused INR: -5.721283674879101
TpsRandomic + CumulativeIndividualEstimated_INR + -12.5
None
(1, 15, 1, 4, 1, 1)
caused INR: -8.273786256102504
TpsRandomic + CumulativeIndividualEstimated_INR + -15.0
None
(1, 15, 1, 4, 1, 1)
caused INR: -10.347373977192003
Iteration number 21
TpsAltruisticFromLsfGain + IndividualEstimated_INR + -10.0
None
ls_gain_coeffs:
[-146.41317588 -123.67302933 -135.56099588 -144.03683208 -122.16616313
 -135.85594361 -135.92304035 -128.54405238 -119.98346014 -121.96564185
 -133.27421602 -143.23407273 -115.14034276 -148.5640535  -137.09156388]
inrs_hat:  [-35.42347584 -12.68332928 -24.57129583 -33.04713204 -11.17646309
 -24.86624356 -24.9333403  -17.55435234  -8.9937601  -10.97594181
 -22.28451598 -32.24437269  -4.15064271 -37.57435346 -26.10186383]
scheduled_ues:  [ 0  1  2  3  4  5  6  7  9 10 11 13 14]
(1, 15, 1, 4, 1, 1)
caused INR: -10.412011155657588
TpsAltruisticFromLsfGain + IndividualEstimated_INR + -12.5
None
ls_gain_coeffs:
[-146.41317588 -123.67302933 -135.56099588 -144.03683208 -122.16616313
 -135.85594361 -135.92304035 -128.54405238 -119.98346014 -121.96564185
 -133.27421602 -143.23407273 -115.14034276 -148.5640535  -137.09156388]
inrs_hat:  [-35.42347584 -12.68332928 -24.57129583 -33.04713204 -11.17646309
 -24.86624356 -24.9333403  -17.55435234  -8.9937601  -10.97594181
 -22.28451598 -32.24437269  -4.15064271 -37.57435346 -26.10186383]
scheduled_ues:  [ 0  1  2  3  5  6  7 10 11 13 14]
(1, 15, 1, 4, 1, 1)
caused INR: -6.265974973241501
TpsAltruisticFromLsfGain + IndividualEstimated_INR + -15.0
None
ls_gain_coeffs:
[-146.41317588 -123.67302933 -135.56099588 -144.03683208 -122.16616313
 -135.85594361 -135.92304035 -128.54405238 -119.98346014 -121.96564185
 -133.27421602 -143.23407273 -115.14034276 -148.5640535  -137.09156388]
inrs_hat:  [-35.42347584 -12.68332928 -24.57129583 -33.04713204 -11.17646309
 -24.86624356 -24.9333403  -17.55435234  -8.9937601  -10.97594181
 -22.28451598 -32.24437269  -4.15064271 -37.57435346 -26.10186383]
scheduled_ues:  [ 0  2  3  5  6  7 10 11 13 14]
(1, 15, 1, 4, 1, 1)
caused INR: -15.176442359776086
TpsAltruisticFromLsfGain + CumulativeIndividualEstimated_INR + -10.0
None
(1, 15, 1, 4, 1, 1)
caused INR: -6.265974973241501
TpsAltruisticFromLsfGain + CumulativeIndividualEstimated_INR + -12.5
None
(1, 15, 1, 4, 1, 1)
caused INR: -15.176442359776086
TpsAltruisticFromLsfGain + CumulativeIndividualEstimated_INR + -15.0
None
(1, 15, 1, 4, 1, 1)
caused INR: -17.509889862503833
TpsRandomic + IndividualEstimated_INR + -10.0
None
ls_gain_coeffs:
[-129.86405877 -106.66897697 -130.02875935 -144.03683208 -114.88119593
 -130.70350192 -128.2690105  -128.54405238 -119.98346014 -109.82814548
 -122.9095382  -126.35987115  -97.0376136  -148.5640535  -137.09156388]
inrs_hat:  [-18.87435872   4.32072308 -19.03905931 -33.04713204  -3.89149588
 -19.71380188 -17.27931045 -17.55435234  -8.9937601    1.16155457
 -11.91983815 -15.37017111  13.95208644 -37.57435346 -26.10186383]
scheduled_ues:  [ 0  2  3  5  6  7 10 11 13 14]
(1, 15, 1, 4, 1, 1)
caused INR: -12.379804173788283
TpsRandomic + IndividualEstimated_INR + -12.5
None
ls_gain_coeffs:
[-146.41317588 -115.09492274 -121.29207127 -128.19919251 -122.16616313
 -119.97938248 -119.2095839  -115.392982   -112.67245358 -102.4816653
 -133.27421602 -126.35987115 -115.14034276 -131.77266128 -122.77283528]
inrs_hat:  [-35.42347584  -4.1052227  -10.30237123 -17.20949247 -11.17646309
  -8.98968244  -8.21988386  -4.40328196  -1.68275354   8.50803474
 -22.28451598 -15.37017111  -4.15064271 -20.78296124 -11.78313524]
scheduled_ues:  [ 0  3 10 11 13]
(1, 15, 1, 4, 1, 1)
caused INR: -10.68282975537306
TpsRandomic + IndividualEstimated_INR + -15.0
None
ls_gain_coeffs:
[-129.86405877 -110.68463119 -119.43961531 -144.03683208 -122.16616313
 -135.85594361 -122.5917573  -126.41564124 -112.67245358 -109.82814548
 -116.29967672 -131.43276671  -99.86817818 -138.24568065 -134.27587099]
inrs_hat:  [-18.87435872   0.30506885  -8.44991527 -33.04713204 -11.17646309
 -24.86624356 -11.60205726 -15.42594119  -1.68275354   1.16155457
  -5.30997667 -20.44306667  11.12152186 -27.25598061 -23.28617094]
scheduled_ues:  [ 0  3  5  7 11 13 14]
(1, 15, 1, 4, 1, 1)
caused INR: -14.141385572004674
TpsRandomic + CumulativeIndividualEstimated_INR + -10.0
None
(1, 15, 1, 4, 1, 1)
caused INR: -15.52967498917818
TpsRandomic + CumulativeIndividualEstimated_INR + -12.5
None
(1, 15, 1, 4, 1, 1)
caused INR: -15.694620328657535
TpsRandomic + CumulativeIndividualEstimated_INR + -15.0
None
(1, 15, 1, 4, 1, 1)
caused INR: -13.480472715799447
Iteration number 22
TpsAltruisticFromLsfGain + IndividualEstimated_INR + -10.0
None
ls_gain_coeffs:
[-145.38994969 -119.5912043  -147.4822141  -149.85437546 -132.55514258
 -120.68839972 -146.66283544 -148.60898783 -133.08280007 -144.95960851
 -123.90457662 -131.92388735 -122.94964872 -133.48177644 -145.49958609]
inrs_hat:  [-34.40024965  -8.60150425 -36.49251406 -38.86467542 -21.56544254
  -9.69869967 -35.6731354  -37.61928779 -22.09310003 -33.96990846
 -12.91487658 -20.9341873  -11.95994867 -22.49207639 -34.50988605]
scheduled_ues:  [ 0  2  3  4  6  7  8  9 10 11 12 13 14]
(1, 15, 1, 4, 1, 1)
caused INR: -15.387391016202056
TpsAltruisticFromLsfGain + IndividualEstimated_INR + -12.5
None
ls_gain_coeffs:
[-145.38994969 -119.5912043  -147.4822141  -149.85437546 -132.55514258
 -120.68839972 -146.66283544 -148.60898783 -133.08280007 -144.95960851
 -123.90457662 -131.92388735 -122.94964872 -133.48177644 -145.49958609]
inrs_hat:  [-34.40024965  -8.60150425 -36.49251406 -38.86467542 -21.56544254
  -9.69869967 -35.6731354  -37.61928779 -22.09310003 -33.96990846
 -12.91487658 -20.9341873  -11.95994867 -22.49207639 -34.50988605]
scheduled_ues:  [ 0  2  3  4  6  7  8  9 10 11 13 14]
(1, 15, 1, 4, 1, 1)
caused INR: -12.98503155274899
TpsAltruisticFromLsfGain + IndividualEstimated_INR + -15.0
None
ls_gain_coeffs:
[-145.38994969 -119.5912043  -147.4822141  -149.85437546 -132.55514258
 -120.68839972 -146.66283544 -148.60898783 -133.08280007 -144.95960851
 -123.90457662 -131.92388735 -122.94964872 -133.48177644 -145.49958609]
inrs_hat:  [-34.40024965  -8.60150425 -36.49251406 -38.86467542 -21.56544254
  -9.69869967 -35.6731354  -37.61928779 -22.09310003 -33.96990846
 -12.91487658 -20.9341873  -11.95994867 -22.49207639 -34.50988605]
scheduled_ues:  [ 0  2  3  4  6  7  8  9 11 13 14]
(1, 15, 1, 4, 1, 1)
caused INR: -18.162189762600956
TpsAltruisticFromLsfGain + CumulativeIndividualEstimated_INR + -10.0
None
(1, 15, 1, 4, 1, 1)
caused INR: -12.98503155274899
TpsAltruisticFromLsfGain + CumulativeIndividualEstimated_INR + -12.5
None
(1, 15, 1, 4, 1, 1)
caused INR: -18.162189762600956
TpsAltruisticFromLsfGain + CumulativeIndividualEstimated_INR + -15.0
None
(1, 15, 1, 4, 1, 1)
caused INR: -18.162189762600956
TpsRandomic + IndividualEstimated_INR + -10.0
None
ls_gain_coeffs:
[-145.38994969 -102.33635317 -130.76999538 -142.82526289 -122.78164568
 -120.68839972 -130.00847467 -134.90345818 -118.97854851 -142.41613954
 -107.35865931 -122.73283512 -106.03836365 -120.85631569 -140.8579237 ]
inrs_hat:  [-34.40024965   8.65334687 -19.78029534 -31.83556284 -11.79194564
  -9.69869967 -19.01877463 -23.91375813  -7.98884847 -31.4264395
   3.63104073 -11.74313508   4.95133639  -9.86661565 -29.86822365]
scheduled_ues:  [ 0  2  3  4  6  7  9 11 14]
(1, 15, 1, 4, 1, 1)
caused INR: -4.320804250418982
TpsRandomic + IndividualEstimated_INR + -12.5
None
ls_gain_coeffs:
[-137.29435017 -105.30635162 -130.76999538 -136.47448566 -121.23567051
 -120.68839972 -130.00847467 -134.90345818 -117.31589695 -142.41613954
 -123.90457662 -119.87617521 -108.59439523 -116.76507166 -140.8579237 ]
inrs_hat:  [-26.30465013   5.68334842 -19.78029534 -25.48478562 -10.24597046
  -9.69869967 -19.01877463 -23.91375813  -6.3261969  -31.4264395
 -12.91487658  -8.88647517   2.39530482  -5.77537162 -29.86822365]
scheduled_ues:  [ 0  2  3  6  7  9 10 14]
(1, 15, 1, 4, 1, 1)
caused INR: -9.279836871137482
TpsRandomic + IndividualEstimated_INR + -15.0
None
ls_gain_coeffs:
[-128.78820662 -102.33635317 -130.76999538 -149.85437546 -115.78785809
 -108.04826091 -138.70569145 -148.60898783 -118.97854851 -144.95960851
 -123.90457662 -119.87617521 -115.92393208 -120.85631569 -145.49958609]
inrs_hat:  [-17.79850658   8.65334687 -19.78029534 -38.86467542  -4.79815805
   2.94143913 -27.7159914  -37.61928779  -7.98884847 -33.96990846
 -12.91487658  -8.88647517  -4.93423204  -9.86661565 -34.50988605]
scheduled_ues:  [ 0  2  3  6  7  9 14]
(1, 15, 1, 4, 1, 1)
caused INR: -17.17162843166477
TpsRandomic + CumulativeIndividualEstimated_INR + -10.0
None
(1, 15, 1, 4, 1, 1)
caused INR: -24.96567915731052
TpsRandomic + CumulativeIndividualEstimated_INR + -12.5
None
(1, 15, 1, 4, 1, 1)
caused INR: -23.629877249931376
TpsRandomic + CumulativeIndividualEstimated_INR + -15.0
None
(1, 15, 1, 4, 1, 1)
caused INR: -11.669241643828004
Iteration number 23
TpsAltruisticFromLsfGain + IndividualEstimated_INR + -10.0
None
ls_gain_coeffs:
[-122.70982361 -129.80651929 -142.04100835 -135.97825484 -134.54033828
 -146.50736147 -147.52213834 -140.28187037 -140.71678928 -130.68859755
 -142.53367482 -137.35767787 -143.43718264 -144.12056663 -132.25038267]
inrs_hat:  [-11.72012357 -18.81681924 -31.0513083  -24.9885548  -23.55063823
 -35.51766143 -36.5324383  -29.29217033 -29.72708924 -19.6988975
 -31.54397478 -26.36797783 -32.4474826  -33.13086658 -21.26068263]
scheduled_ues:  [ 0  1  2  3  4  5  6  7  8  9 10 11 12 13 14]
(1, 15, 1, 4, 1, 1)
caused INR: -9.214747711017427
TpsAltruisticFromLsfGain + IndividualEstimated_INR + -12.5
None
ls_gain_coeffs:
[-122.70982361 -129.80651929 -142.04100835 -135.97825484 -134.54033828
 -146.50736147 -147.52213834 -140.28187037 -140.71678928 -130.68859755
 -142.53367482 -137.35767787 -143.43718264 -144.12056663 -132.25038267]
inrs_hat:  [-11.72012357 -18.81681924 -31.0513083  -24.9885548  -23.55063823
 -35.51766143 -36.5324383  -29.29217033 -29.72708924 -19.6988975
 -31.54397478 -26.36797783 -32.4474826  -33.13086658 -21.26068263]
scheduled_ues:  [ 1  2  3  4  5  6  7  8  9 10 11 12 13 14]
(1, 15, 1, 4, 1, 1)
caused INR: -11.567777203651923
TpsAltruisticFromLsfGain + IndividualEstimated_INR + -15.0
None
ls_gain_coeffs:
[-122.70982361 -129.80651929 -142.04100835 -135.97825484 -134.54033828
 -146.50736147 -147.52213834 -140.28187037 -140.71678928 -130.68859755
 -142.53367482 -137.35767787 -143.43718264 -144.12056663 -132.25038267]
inrs_hat:  [-11.72012357 -18.81681924 -31.0513083  -24.9885548  -23.55063823
 -35.51766143 -36.5324383  -29.29217033 -29.72708924 -19.6988975
 -31.54397478 -26.36797783 -32.4474826  -33.13086658 -21.26068263]
scheduled_ues:  [ 1  2  3  4  5  6  7  8  9 10 11 12 13 14]
(1, 15, 1, 4, 1, 1)
caused INR: -11.567777203651923
TpsAltruisticFromLsfGain + CumulativeIndividualEstimated_INR + -10.0
None
(1, 15, 1, 4, 1, 1)
caused INR: -11.567777203651923
TpsAltruisticFromLsfGain + CumulativeIndividualEstimated_INR + -12.5
None
(1, 15, 1, 4, 1, 1)
caused INR: -11.567777203651923
TpsAltruisticFromLsfGain + CumulativeIndividualEstimated_INR + -15.0
None
(1, 15, 1, 4, 1, 1)
caused INR: -12.785569261397676
TpsRandomic + IndividualEstimated_INR + -10.0
None
ls_gain_coeffs:
[-112.8880267  -116.3169848  -142.04100835 -124.07426113 -117.96795433
 -133.09704823 -131.51484559 -131.00335629 -124.75060279 -115.45541233
 -126.20095078 -126.62879008 -129.7621348  -127.90417891 -115.48603215]
inrs_hat:  [ -1.89832666  -5.32728475 -31.0513083  -13.08456109  -6.97825429
 -22.10734819 -20.52514555 -20.01365624 -13.76090275  -4.46571228
 -15.21125073 -15.63909004 -18.77243476 -16.91447886  -4.49633211]
scheduled_ues:  [ 2  3  5  6  7  8 10 11 12 13]
(1, 15, 1, 4, 1, 1)
caused INR: -9.72491237063229
TpsRandomic + IndividualEstimated_INR + -12.5
None
ls_gain_coeffs:
[-109.6543824  -129.80651929 -131.25103246 -126.60244079 -134.54033828
 -132.12833499 -142.16471157 -131.00335629 -124.75060279 -115.45541233
 -142.53367482 -137.35767787 -136.66674661 -127.90417891 -120.18717199]
inrs_hat:  [  1.33531765 -18.81681924 -20.26133241 -15.61274075 -23.55063823
 -21.13863495 -31.17501152 -20.01365624 -13.76090275  -4.46571228
 -31.54397478 -26.36797783 -25.67704657 -16.91447886  -9.19747195]
scheduled_ues:  [ 1  2  3  4  5  6  7  8 10 11 12 13]
(1, 15, 1, 4, 1, 1)
caused INR: -9.644816840336594
TpsRandomic + IndividualEstimated_INR + -15.0
None
ls_gain_coeffs:
[-112.8880267  -116.84095204 -131.25103246 -119.11755096 -134.54033828
 -132.12833499 -133.30657962 -128.43464922 -124.75060279 -126.50121971
 -136.29501674 -127.00250684 -143.43718264 -130.17414584 -120.18717199]
inrs_hat:  [ -1.89832666  -5.851252   -20.26133241  -8.12785092 -23.55063823
 -21.13863495 -22.31687958 -17.44494918 -13.76090275 -15.51151967
 -25.30531669 -16.0128068  -32.4474826  -19.1844458   -9.19747195]
scheduled_ues:  [ 2  4  5  6  7  9 10 11 12 13]
(1, 15, 1, 4, 1, 1)
caused INR: -10.88735503838789
TpsRandomic + CumulativeIndividualEstimated_INR + -10.0
None
(1, 15, 1, 4, 1, 1)
caused INR: -13.188887857692745
TpsRandomic + CumulativeIndividualEstimated_INR + -12.5
None
(1, 15, 1, 4, 1, 1)
caused INR: -15.144137569883991
TpsRandomic + CumulativeIndividualEstimated_INR + -15.0
None
(1, 15, 1, 4, 1, 1)
caused INR: -20.377871243069855
Iteration number 24
TpsAltruisticFromLsfGain + IndividualEstimated_INR + -10.0
None
ls_gain_coeffs:
[-142.18140964 -133.14875961 -132.79378308 -125.51631123 -138.18707386
 -145.65962754 -137.53561533 -143.83243974 -149.82844656 -142.56782894
 -135.58138559 -140.00688419 -140.82703275 -144.83155296 -115.98136784]
inrs_hat:  [-31.1917096  -22.15905957 -21.80408304 -14.52661119 -27.19737382
 -34.6699275  -26.54591529 -32.84273969 -38.83874652 -31.5781289
 -24.59168555 -29.01718414 -29.83733271 -33.84185292  -4.9916678 ]
scheduled_ues:  [ 0  1  2  3  4  5  6  7  8  9 10 11 12 13]
(1, 15, 1, 4, 1, 1)
caused INR: -16.58548772527085
TpsAltruisticFromLsfGain + IndividualEstimated_INR + -12.5
None
ls_gain_coeffs:
[-142.18140964 -133.14875961 -132.79378308 -125.51631123 -138.18707386
 -145.65962754 -137.53561533 -143.83243974 -149.82844656 -142.56782894
 -135.58138559 -140.00688419 -140.82703275 -144.83155296 -115.98136784]
inrs_hat:  [-31.1917096  -22.15905957 -21.80408304 -14.52661119 -27.19737382
 -34.6699275  -26.54591529 -32.84273969 -38.83874652 -31.5781289
 -24.59168555 -29.01718414 -29.83733271 -33.84185292  -4.9916678 ]
scheduled_ues:  [ 0  1  2  3  4  5  6  7  8  9 10 11 12 13]
(1, 15, 1, 4, 1, 1)
caused INR: -16.58548772527085
TpsAltruisticFromLsfGain + IndividualEstimated_INR + -15.0
None
ls_gain_coeffs:
[-142.18140964 -133.14875961 -132.79378308 -125.51631123 -138.18707386
 -145.65962754 -137.53561533 -143.83243974 -149.82844656 -142.56782894
 -135.58138559 -140.00688419 -140.82703275 -144.83155296 -115.98136784]
inrs_hat:  [-31.1917096  -22.15905957 -21.80408304 -14.52661119 -27.19737382
 -34.6699275  -26.54591529 -32.84273969 -38.83874652 -31.5781289
 -24.59168555 -29.01718414 -29.83733271 -33.84185292  -4.9916678 ]
scheduled_ues:  [ 0  1  2  4  5  6  7  8  9 10 11 12 13]
(1, 15, 1, 4, 1, 1)
caused INR: -26.176851666806456
TpsAltruisticFromLsfGain + CumulativeIndividualEstimated_INR + -10.0
None
(1, 15, 1, 4, 1, 1)
caused INR: -16.58548772527085
TpsAltruisticFromLsfGain + CumulativeIndividualEstimated_INR + -12.5
None
(1, 15, 1, 4, 1, 1)
caused INR: -26.176851666806456
TpsAltruisticFromLsfGain + CumulativeIndividualEstimated_INR + -15.0
None
(1, 15, 1, 4, 1, 1)
caused INR: -26.176851666806456
TpsRandomic + IndividualEstimated_INR + -10.0
None
ls_gain_coeffs:
[-134.75305767 -116.18515268 -122.16327149 -124.03854496 -138.18707386
 -145.65962754 -137.53561533 -130.56865617 -149.82844656 -131.74318763
 -127.09062016 -129.21645329 -140.15677821 -130.38884868  -97.94110881]
inrs_hat:  [-23.76335762  -5.19545263 -11.17357145 -13.04884491 -27.19737382
 -34.6699275  -26.54591529 -19.57895612 -38.83874652 -20.75348759
 -16.10092011 -18.22675325 -29.16707816 -19.39914863  13.04859123]
scheduled_ues:  [ 0  2  3  4  5  6  7  8  9 10 11 12 13]
(1, 15, 1, 4, 1, 1)
caused INR: -15.790064415685194
TpsRandomic + IndividualEstimated_INR + -12.5
None
ls_gain_coeffs:
[-134.75305767 -116.18515268 -132.79378308 -112.08953371 -132.51268799
 -133.20462181 -133.78806962 -127.07830134 -137.37704466 -131.6116016
 -123.32486385 -128.92429941 -140.82703275 -144.83155296 -100.78989853]
inrs_hat:  [-23.76335762  -5.19545263 -21.80408304  -1.09983367 -21.52298794
 -22.21492177 -22.79836958 -16.0886013  -26.38734461 -20.62190156
 -12.33516381 -17.93459936 -29.83733271 -33.84185292  10.19980151]
scheduled_ues:  [ 0  2  4  5  6  7  8  9 11 12 13]
(1, 15, 1, 4, 1, 1)
caused INR: -15.556050184843581
TpsRandomic + IndividualEstimated_INR + -15.0
None
ls_gain_coeffs:
[-142.18140964 -125.86530785 -122.16327149 -124.03854496 -138.18707386
 -145.65962754 -133.78806962 -136.02954652 -137.37704466 -142.56782894
 -135.58138559 -140.00688419 -128.16201457 -130.38884868 -100.78989853]
inrs_hat:  [-31.1917096  -14.8756078  -11.17357145 -13.04884491 -27.19737382
 -34.6699275  -22.79836958 -25.03984648 -26.38734461 -31.5781289
 -24.59168555 -29.01718414 -17.17231453 -19.39914863  10.19980151]
scheduled_ues:  [ 0  4  5  6  7  8  9 10 11 12 13]
(1, 15, 1, 4, 1, 1)
caused INR: -11.97815702826944
TpsRandomic + CumulativeIndividualEstimated_INR + -10.0
None
(1, 15, 1, 4, 1, 1)
caused INR: -9.194298886823988
TpsRandomic + CumulativeIndividualEstimated_INR + -12.5
None
(1, 15, 1, 4, 1, 1)
caused INR: -10.88682709808124
TpsRandomic + CumulativeIndividualEstimated_INR + -15.0
None
(1, 15, 1, 4, 1, 1)
caused INR: -21.41961489606873
Iteration number 25
TpsAltruisticFromLsfGain + IndividualEstimated_INR + -10.0
None
ls_gain_coeffs:
[-143.98554566 -148.58999472 -145.0230799  -144.20674337 -147.3976804
 -141.31447193 -141.5762216  -118.33855652 -117.63434795 -133.84833045
 -130.42236024 -145.37904788 -139.18789083 -143.43966914 -141.4466941 ]
inrs_hat:  [-32.99584561 -37.60029467 -34.03337986 -33.21704332 -36.40798036
 -30.32477188 -30.58652156  -7.34885648  -6.6446479  -22.8586304
 -19.4326602  -34.38934784 -28.19819078 -32.4499691  -30.45699406]
scheduled_ues:  [ 0  1  2  3  4  5  6  9 10 11 12 13 14]
(1, 15, 1, 4, 1, 1)
caused INR: -12.270045679449069
TpsAltruisticFromLsfGain + IndividualEstimated_INR + -12.5
None
ls_gain_coeffs:
[-143.98554566 -148.58999472 -145.0230799  -144.20674337 -147.3976804
 -141.31447193 -141.5762216  -118.33855652 -117.63434795 -133.84833045
 -130.42236024 -145.37904788 -139.18789083 -143.43966914 -141.4466941 ]
inrs_hat:  [-32.99584561 -37.60029467 -34.03337986 -33.21704332 -36.40798036
 -30.32477188 -30.58652156  -7.34885648  -6.6446479  -22.8586304
 -19.4326602  -34.38934784 -28.19819078 -32.4499691  -30.45699406]
scheduled_ues:  [ 0  1  2  3  4  5  6  9 10 11 12 13 14]
(1, 15, 1, 4, 1, 1)
caused INR: -12.270045679449069
TpsAltruisticFromLsfGain + IndividualEstimated_INR + -15.0
None
ls_gain_coeffs:
[-143.98554566 -148.58999472 -145.0230799  -144.20674337 -147.3976804
 -141.31447193 -141.5762216  -118.33855652 -117.63434795 -133.84833045
 -130.42236024 -145.37904788 -139.18789083 -143.43966914 -141.4466941 ]
inrs_hat:  [-32.99584561 -37.60029467 -34.03337986 -33.21704332 -36.40798036
 -30.32477188 -30.58652156  -7.34885648  -6.6446479  -22.8586304
 -19.4326602  -34.38934784 -28.19819078 -32.4499691  -30.45699406]
scheduled_ues:  [ 0  1  2  3  4  5  6  9 10 11 12 13 14]
(1, 15, 1, 4, 1, 1)
caused INR: -12.270045679449069
TpsAltruisticFromLsfGain + CumulativeIndividualEstimated_INR + -10.0
None
(1, 15, 1, 4, 1, 1)
caused INR: -12.270045679449069
TpsAltruisticFromLsfGain + CumulativeIndividualEstimated_INR + -12.5
None
(1, 15, 1, 4, 1, 1)
caused INR: -12.270045679449069
TpsAltruisticFromLsfGain + CumulativeIndividualEstimated_INR + -15.0
None
(1, 15, 1, 4, 1, 1)
caused INR: -12.270045679449069
TpsRandomic + IndividualEstimated_INR + -10.0
None
ls_gain_coeffs:
[-143.98554566 -131.9858863  -142.23036554 -131.68229302 -147.3976804
 -141.31447193 -124.60260365 -118.33855652 -106.87620485 -124.03992604
 -118.01665014 -145.37904788 -122.20026144 -143.43966914 -141.4466941 ]
inrs_hat:  [-32.99584561 -20.99618626 -31.2406655  -20.69259298 -36.40798036
 -30.32477188 -13.6129036   -7.34885648   4.11349519 -13.050226
  -7.02695009 -34.38934784 -11.2105614  -32.4499691  -30.45699406]
scheduled_ues:  [ 0  1  2  3  4  5  6  9 11 12 13 14]
(1, 15, 1, 4, 1, 1)
caused INR: -15.229310657127
TpsRandomic + IndividualEstimated_INR + -12.5
None
ls_gain_coeffs:
[-143.98554566 -148.58999472 -130.71967033 -127.40469714 -144.74560524
 -125.09003378 -129.64073972 -118.33855652 -117.63434795 -116.37943401
 -113.56332055 -136.6691752  -128.63113108 -143.43966914 -125.06883564]
inrs_hat:  [-32.99584561 -37.60029467 -19.72997029 -16.4149971  -33.7559052
 -14.10033374 -18.65103967  -7.34885648  -6.6446479   -5.38973397
  -2.5736205  -25.67947516 -17.64143104 -32.4499691  -14.07913559]
scheduled_ues:  [ 0  1  2  3  4  5  6 11 12 13 14]
(1, 15, 1, 4, 1, 1)
caused INR: -17.76197989461803
TpsRandomic + IndividualEstimated_INR + -15.0
None
ls_gain_coeffs:
[-143.98554566 -148.58999472 -142.23036554 -127.40469714 -134.07205535
 -127.20551432 -124.60260365 -118.33855652  -99.88515649 -124.03992604
 -130.42236024 -136.6691752  -139.18789083 -139.49270513 -135.43708812]
inrs_hat:  [-32.99584561 -37.60029467 -31.2406655  -16.4149971  -23.08235531
 -16.21581428 -13.6129036   -7.34885648  11.10454356 -13.050226
 -19.4326602  -25.67947516 -28.19819078 -28.50300509 -24.44738807]
scheduled_ues:  [ 0  1  2  3  4  5 10 11 12 13 14]
(1, 15, 1, 4, 1, 1)
caused INR: -12.840148315739706
TpsRandomic + CumulativeIndividualEstimated_INR + -10.0
None
(1, 15, 1, 4, 1, 1)
caused INR: -21.31559419838817
TpsRandomic + CumulativeIndividualEstimated_INR + -12.5
None
(1, 15, 1, 4, 1, 1)
caused INR: -18.986675436860736
TpsRandomic + CumulativeIndividualEstimated_INR + -15.0
None
(1, 15, 1, 4, 1, 1)
caused INR: -12.620221942915432
Iteration number 26
TpsAltruisticFromLsfGain + IndividualEstimated_INR + -10.0
None
ls_gain_coeffs:
[-146.03711588 -144.72643062 -130.39949934 -142.24836692 -150.36658293
 -149.72565785 -123.60485703 -128.3562889  -146.14313775 -148.09957527
 -147.2856625  -141.99945338 -142.92360391 -142.65678292 -143.67187172]
inrs_hat:  [-35.04741584 -33.73673058 -19.4097993  -31.25866687 -39.37688289
 -38.7359578  -12.61515698 -17.36658886 -35.15343771 -37.10987522
 -36.29596245 -31.00975334 -31.93390387 -31.66708288 -32.68217168]
scheduled_ues:  [ 0  1  2  3  4  5  6  7  8  9 10 11 12 13 14]
(1, 15, 1, 4, 1, 1)
caused INR: -10.263189621725777
TpsAltruisticFromLsfGain + IndividualEstimated_INR + -12.5
None
ls_gain_coeffs:
[-146.03711588 -144.72643062 -130.39949934 -142.24836692 -150.36658293
 -149.72565785 -123.60485703 -128.3562889  -146.14313775 -148.09957527
 -147.2856625  -141.99945338 -142.92360391 -142.65678292 -143.67187172]
inrs_hat:  [-35.04741584 -33.73673058 -19.4097993  -31.25866687 -39.37688289
 -38.7359578  -12.61515698 -17.36658886 -35.15343771 -37.10987522
 -36.29596245 -31.00975334 -31.93390387 -31.66708288 -32.68217168]
scheduled_ues:  [ 0  1  2  3  4  5  6  7  8  9 10 11 12 13 14]
(1, 15, 1, 4, 1, 1)
caused INR: -10.263189621725777
TpsAltruisticFromLsfGain + IndividualEstimated_INR + -15.0
None
ls_gain_coeffs:
[-146.03711588 -144.72643062 -130.39949934 -142.24836692 -150.36658293
 -149.72565785 -123.60485703 -128.3562889  -146.14313775 -148.09957527
 -147.2856625  -141.99945338 -142.92360391 -142.65678292 -143.67187172]
inrs_hat:  [-35.04741584 -33.73673058 -19.4097993  -31.25866687 -39.37688289
 -38.7359578  -12.61515698 -17.36658886 -35.15343771 -37.10987522
 -36.29596245 -31.00975334 -31.93390387 -31.66708288 -32.68217168]
scheduled_ues:  [ 0  1  2  3  4  5  7  8  9 10 11 12 13 14]
(1, 15, 1, 4, 1, 1)
caused INR: -18.469907826564956
TpsAltruisticFromLsfGain + CumulativeIndividualEstimated_INR + -10.0
None
(1, 15, 1, 4, 1, 1)
caused INR: -10.263189621725777
TpsAltruisticFromLsfGain + CumulativeIndividualEstimated_INR + -12.5
None
(1, 15, 1, 4, 1, 1)
caused INR: -18.469907826564956
TpsAltruisticFromLsfGain + CumulativeIndividualEstimated_INR + -15.0
None
(1, 15, 1, 4, 1, 1)
caused INR: -16.86856798365135
TpsRandomic + IndividualEstimated_INR + -10.0
None
ls_gain_coeffs:
[-129.33110668 -144.72643062 -130.39949934 -134.15273365 -142.64418089
 -135.78717998 -116.18065954 -121.74350139 -132.60915279 -140.06230926
 -134.58126553 -131.69063874 -142.92360391 -142.65678292 -143.67187172]
inrs_hat:  [-18.34140664 -33.73673058 -19.4097993  -23.16303361 -31.65448085
 -24.79747994  -5.1909595  -10.75380135 -21.61945275 -29.07260922
 -23.59156548 -20.7009387  -31.93390387 -31.66708288 -32.68217168]
scheduled_ues:  [ 0  1  2  3  4  5  7  8  9 10 11 12 13 14]
(1, 15, 1, 4, 1, 1)
caused INR: -16.819554345197677
TpsRandomic + IndividualEstimated_INR + -12.5
None
ls_gain_coeffs:
[-134.21062325 -144.72643062 -130.39949934 -134.15273365 -150.36658293
 -145.23502425 -109.91968864 -111.8718224  -132.60915279 -131.57285557
 -139.15512452 -131.69063874 -142.92360391 -129.33340513 -126.81516288]
inrs_hat:  [-23.22092321 -33.73673058 -19.4097993  -23.16303361 -39.37688289
 -34.2453242    1.07001141  -0.88212236 -21.61945275 -20.58315553
 -28.16542447 -20.7009387  -31.93390387 -18.34370508 -15.82546284]
scheduled_ues:  [ 0  1  2  3  4  5  8  9 10 11 12 13 14]
(1, 15, 1, 4, 1, 1)
caused INR: -14.615240486050372
TpsRandomic + IndividualEstimated_INR + -15.0
None
ls_gain_coeffs:
[-129.33110668 -130.91631335 -122.94452357 -125.58354022 -142.64418089
 -134.29030211 -106.82937409 -111.8718224  -131.51676784 -131.57285557
 -147.2856625  -130.80454784 -142.92360391 -129.33340513 -133.24926427]
inrs_hat:  [-18.34140664 -19.92661331 -11.95482352 -14.59384018 -31.65448085
 -23.30060207   4.16032595  -0.88212236 -20.52706779 -20.58315553
 -36.29596245 -19.8148478  -31.93390387 -18.34370508 -22.25956422]
scheduled_ues:  [ 0  1  4  5  8  9 10 11 12 13 14]
(1, 15, 1, 4, 1, 1)
caused INR: -10.250525556700422
TpsRandomic + CumulativeIndividualEstimated_INR + -10.0
None
(1, 15, 1, 4, 1, 1)
caused INR: -17.342996081144342
TpsRandomic + CumulativeIndividualEstimated_INR + -12.5
None
(1, 15, 1, 4, 1, 1)
caused INR: -24.82618091870389
TpsRandomic + CumulativeIndividualEstimated_INR + -15.0
None
(1, 15, 1, 4, 1, 1)
caused INR: -17.15402668057542
Iteration number 27
TpsAltruisticFromLsfGain + IndividualEstimated_INR + -10.0
None
ls_gain_coeffs:
[-120.50876856 -148.44632392 -131.51190027 -150.91675315 -121.60390768
 -141.70298175 -144.89453084 -136.62006097 -142.85389085 -142.75195818
 -147.73150122 -128.46078946 -130.67976418 -148.2759945  -148.06931907]
inrs_hat:  [ -9.51906852 -37.45662387 -20.52220022 -39.92705311 -10.61420764
 -30.7132817  -33.90483079 -25.63036093 -31.86419081 -31.76225814
 -36.74180118 -17.47108942 -19.69006414 -37.28629446 -37.07961903]
scheduled_ues:  [ 1  2  3  4  5  6  7  8  9 10 11 12 13 14]
(1, 15, 1, 4, 1, 1)
caused INR: -13.263720210246113
TpsAltruisticFromLsfGain + IndividualEstimated_INR + -12.5
None
ls_gain_coeffs:
[-120.50876856 -148.44632392 -131.51190027 -150.91675315 -121.60390768
 -141.70298175 -144.89453084 -136.62006097 -142.85389085 -142.75195818
 -147.73150122 -128.46078946 -130.67976418 -148.2759945  -148.06931907]
inrs_hat:  [ -9.51906852 -37.45662387 -20.52220022 -39.92705311 -10.61420764
 -30.7132817  -33.90483079 -25.63036093 -31.86419081 -31.76225814
 -36.74180118 -17.47108942 -19.69006414 -37.28629446 -37.07961903]
scheduled_ues:  [ 1  2  3  5  6  7  8  9 10 11 12 13 14]
(1, 15, 1, 4, 1, 1)
caused INR: -12.914895667107995
TpsAltruisticFromLsfGain + IndividualEstimated_INR + -15.0
None
ls_gain_coeffs:
[-120.50876856 -148.44632392 -131.51190027 -150.91675315 -121.60390768
 -141.70298175 -144.89453084 -136.62006097 -142.85389085 -142.75195818
 -147.73150122 -128.46078946 -130.67976418 -148.2759945  -148.06931907]
inrs_hat:  [ -9.51906852 -37.45662387 -20.52220022 -39.92705311 -10.61420764
 -30.7132817  -33.90483079 -25.63036093 -31.86419081 -31.76225814
 -36.74180118 -17.47108942 -19.69006414 -37.28629446 -37.07961903]
scheduled_ues:  [ 1  2  3  5  6  7  8  9 10 11 12 13 14]
(1, 15, 1, 4, 1, 1)
caused INR: -12.914895667107995
TpsAltruisticFromLsfGain + CumulativeIndividualEstimated_INR + -10.0
None
(1, 15, 1, 4, 1, 1)
caused INR: -12.914895667107995
TpsAltruisticFromLsfGain + CumulativeIndividualEstimated_INR + -12.5
None
(1, 15, 1, 4, 1, 1)
caused INR: -12.914895667107995
TpsAltruisticFromLsfGain + CumulativeIndividualEstimated_INR + -15.0
None
(1, 15, 1, 4, 1, 1)
caused INR: -29.647368246020278
TpsRandomic + IndividualEstimated_INR + -10.0
None
ls_gain_coeffs:
[-109.53105564 -135.19571791 -127.1634123  -134.21552523 -112.03777674
 -132.63329855 -131.48771542 -127.71210929 -126.12771836 -128.85486026
 -140.83566875 -115.54218924 -117.45802635 -138.76746586 -133.92555391]
inrs_hat:  [  1.4586444  -24.20601786 -16.17371226 -23.22582519  -1.04807669
 -21.64359851 -20.49801538 -16.72240925 -15.13801831 -17.86516022
 -29.8459687   -4.5524892   -6.46832631 -27.77776582 -22.93585387]
scheduled_ues:  [ 1  2  3  5  6  7  8  9 10 13 14]
(1, 15, 1, 4, 1, 1)
caused INR: -11.540603337225583
TpsRandomic + IndividualEstimated_INR + -12.5
None
ls_gain_coeffs:
[-120.50876856 -148.44632392 -117.62080428 -134.21552523 -108.55997914
 -141.70298175 -131.48771542 -119.4352776  -133.99160914 -128.85486026
 -131.29999398 -115.54218924 -129.50955743 -131.54004507 -148.06931907]
inrs_hat:  [ -9.51906852 -37.45662387  -6.63110423 -23.22582519   2.4297209
 -30.7132817  -20.49801538  -8.44557756 -23.0019091  -17.86516022
 -20.31029394  -4.5524892  -18.51985739 -20.55034502 -37.07961903]
scheduled_ues:  [ 1  3  5  6  8  9 10 12 13 14]
(1, 15, 1, 4, 1, 1)
caused INR: -14.881768140294735
TpsRandomic + IndividualEstimated_INR + -15.0
None
ls_gain_coeffs:
[-120.50876856 -148.44632392 -116.17130829 -142.03837341 -121.60390768
 -141.70298175 -144.89453084 -123.60004592 -142.85389085 -142.75195818
 -147.73150122 -115.54218924 -130.67976418 -131.54004507 -148.06931907]
inrs_hat:  [ -9.51906852 -37.45662387  -5.18160825 -31.04867336 -10.61420764
 -30.7132817  -33.90483079 -12.61034587 -31.86419081 -31.76225814
 -36.74180118  -4.5524892  -19.69006414 -20.55034502 -37.07961903]
scheduled_ues:  [ 1  3  5  6  8  9 10 12 13 14]
(1, 15, 1, 4, 1, 1)
caused INR: -21.620189942881165
TpsRandomic + CumulativeIndividualEstimated_INR + -10.0
None
(1, 15, 1, 4, 1, 1)
caused INR: -4.221085046068756
TpsRandomic + CumulativeIndividualEstimated_INR + -12.5
None
(1, 15, 1, 4, 1, 1)
caused INR: -27.911520895236727
TpsRandomic + CumulativeIndividualEstimated_INR + -15.0
None
(1, 15, 1, 4, 1, 1)
caused INR: -21.129146775756542
Iteration number 28
TpsAltruisticFromLsfGain + IndividualEstimated_INR + -10.0
None
ls_gain_coeffs:
[-146.79775056 -139.33331286 -142.93943427 -142.94614996 -147.33003935
 -133.40435568 -127.61056127 -112.24795881 -136.30201848 -138.61212083
 -137.67115242 -137.56028326 -143.36784795 -137.16156953 -132.07055348]
inrs_hat:  [-35.80805052 -28.34361282 -31.94973423 -31.95644991 -36.34033931
 -22.41465563 -16.62086123  -1.25825876 -25.31231844 -27.62242078
 -26.68145238 -26.57058321 -32.3781479  -26.17186948 -21.08085344]
scheduled_ues:  [ 0  1  2  3  4  5  6  8  9 10 11 12 13 14]
(1, 15, 1, 4, 1, 1)
caused INR: -10.812722835840614
TpsAltruisticFromLsfGain + IndividualEstimated_INR + -12.5
None
ls_gain_coeffs:
[-146.79775056 -139.33331286 -142.93943427 -142.94614996 -147.33003935
 -133.40435568 -127.61056127 -112.24795881 -136.30201848 -138.61212083
 -137.67115242 -137.56028326 -143.36784795 -137.16156953 -132.07055348]
inrs_hat:  [-35.80805052 -28.34361282 -31.94973423 -31.95644991 -36.34033931
 -22.41465563 -16.62086123  -1.25825876 -25.31231844 -27.62242078
 -26.68145238 -26.57058321 -32.3781479  -26.17186948 -21.08085344]
scheduled_ues:  [ 0  1  2  3  4  5  6  8  9 10 11 12 13 14]
(1, 15, 1, 4, 1, 1)
caused INR: -10.812722835840614
TpsAltruisticFromLsfGain + IndividualEstimated_INR + -15.0
None
ls_gain_coeffs:
[-146.79775056 -139.33331286 -142.93943427 -142.94614996 -147.33003935
 -133.40435568 -127.61056127 -112.24795881 -136.30201848 -138.61212083
 -137.67115242 -137.56028326 -143.36784795 -137.16156953 -132.07055348]
inrs_hat:  [-35.80805052 -28.34361282 -31.94973423 -31.95644991 -36.34033931
 -22.41465563 -16.62086123  -1.25825876 -25.31231844 -27.62242078
 -26.68145238 -26.57058321 -32.3781479  -26.17186948 -21.08085344]
scheduled_ues:  [ 0  1  2  3  4  5  6  8  9 10 11 12 13 14]
(1, 15, 1, 4, 1, 1)
caused INR: -10.812722835840614
TpsAltruisticFromLsfGain + CumulativeIndividualEstimated_INR + -10.0
None
(1, 15, 1, 4, 1, 1)
caused INR: -10.812722835840614
TpsAltruisticFromLsfGain + CumulativeIndividualEstimated_INR + -12.5
None
(1, 15, 1, 4, 1, 1)
caused INR: -10.812722835840614
TpsAltruisticFromLsfGain + CumulativeIndividualEstimated_INR + -15.0
None
(1, 15, 1, 4, 1, 1)
caused INR: -12.538335582711216
TpsRandomic + IndividualEstimated_INR + -10.0
None
ls_gain_coeffs:
[-132.77464472 -139.33331286 -126.71284539 -128.84963083 -133.95552765
 -133.40435568 -120.65074037  -93.02085457 -125.62717763 -136.42794304
 -120.76073724 -137.56028326 -129.23251917 -124.61040156 -118.27215231]
inrs_hat:  [-21.78494468 -28.34361282 -15.72314535 -17.85993078 -22.96582761
 -22.41465563  -9.66104033  17.96884547 -14.63747759 -25.43824299
  -9.77103719 -26.57058321 -18.24281913 -13.62070151  -7.28245227]
scheduled_ues:  [ 0  1  2  3  4  5  8  9 11 12 13]
(1, 15, 1, 4, 1, 1)
caused INR: -7.777923011547543
TpsRandomic + IndividualEstimated_INR + -12.5
None
ls_gain_coeffs:
[-132.77464472 -139.33331286 -128.72937416 -128.84963083 -130.81505883
 -120.31812378 -113.8759947  -112.24795881 -119.30254949 -125.44246156
 -137.67115242 -124.93424772 -137.31582018 -124.50083359 -125.22620283]
inrs_hat:  [-21.78494468 -28.34361282 -17.73967411 -17.85993078 -19.82535879
  -9.32842374  -2.88629466  -1.25825876  -8.31284945 -14.45276152
 -26.68145238 -13.94454767 -26.32612013 -13.51113354 -14.23650278]
scheduled_ues:  [ 0  1  2  3  4  9 10 11 12 13 14]
(1, 15, 1, 4, 1, 1)
caused INR: -1.4314632611360798
TpsRandomic + IndividualEstimated_INR + -15.0
None
ls_gain_coeffs:
[-130.62730661 -131.75851575 -137.13791662 -140.46377126 -147.33003935
 -120.31812378 -111.04256754 -112.24795881 -119.30254949 -124.7144023
 -137.67115242 -137.56028326 -127.05336968 -124.50083359 -132.07055348]
inrs_hat:  [-19.63760657 -20.76881571 -26.14821658 -29.47407122 -36.34033931
  -9.32842374  -0.05286749  -1.25825876  -8.31284945 -13.72470226
 -26.68145238 -26.57058321 -16.06366963 -13.51113354 -21.08085344]
scheduled_ues:  [ 0  1  2  3  4 10 11 12 14]
(1, 15, 1, 4, 1, 1)
caused INR: -12.943829799410981
TpsRandomic + CumulativeIndividualEstimated_INR + -10.0
None
(1, 15, 1, 4, 1, 1)
caused INR: -11.035292254390505
TpsRandomic + CumulativeIndividualEstimated_INR + -12.5
None
(1, 15, 1, 4, 1, 1)
caused INR: -20.122901796224877
TpsRandomic + CumulativeIndividualEstimated_INR + -15.0
None
(1, 15, 1, 4, 1, 1)
caused INR: -14.463071648030308
Iteration number 29
TpsAltruisticFromLsfGain + IndividualEstimated_INR + -10.0
None
ls_gain_coeffs:
[-126.98741393 -148.0697488  -145.88526245 -133.68278838 -125.2175489
 -138.2228768  -126.70318915 -144.13868955 -128.33403813 -135.50047627
 -127.97212134 -144.50237186 -136.13078853 -148.39986473 -134.37159816]
inrs_hat:  [-15.99771389 -37.08004875 -34.89556241 -22.69308834 -14.22784885
 -27.23317675 -15.7134891  -33.14898951 -17.34433809 -24.51077622
 -16.9824213  -33.51267181 -25.14108848 -37.41016468 -23.38189811]
scheduled_ues:  [ 0  1  2  3  4  5  6  7  8  9 10 11 12 13 14]
(1, 15, 1, 4, 1, 1)
caused INR: -21.830519680138522
TpsAltruisticFromLsfGain + IndividualEstimated_INR + -12.5
None
ls_gain_coeffs:
[-126.98741393 -148.0697488  -145.88526245 -133.68278838 -125.2175489
 -138.2228768  -126.70318915 -144.13868955 -128.33403813 -135.50047627
 -127.97212134 -144.50237186 -136.13078853 -148.39986473 -134.37159816]
inrs_hat:  [-15.99771389 -37.08004875 -34.89556241 -22.69308834 -14.22784885
 -27.23317675 -15.7134891  -33.14898951 -17.34433809 -24.51077622
 -16.9824213  -33.51267181 -25.14108848 -37.41016468 -23.38189811]
scheduled_ues:  [ 0  1  2  3  4  5  6  7  8  9 10 11 12 13 14]
(1, 15, 1, 4, 1, 1)
caused INR: -21.830519680138522
TpsAltruisticFromLsfGain + IndividualEstimated_INR + -15.0
None
ls_gain_coeffs:
[-126.98741393 -148.0697488  -145.88526245 -133.68278838 -125.2175489
 -138.2228768  -126.70318915 -144.13868955 -128.33403813 -135.50047627
 -127.97212134 -144.50237186 -136.13078853 -148.39986473 -134.37159816]
inrs_hat:  [-15.99771389 -37.08004875 -34.89556241 -22.69308834 -14.22784885
 -27.23317675 -15.7134891  -33.14898951 -17.34433809 -24.51077622
 -16.9824213  -33.51267181 -25.14108848 -37.41016468 -23.38189811]
scheduled_ues:  [ 0  1  2  3  5  6  7  8  9 10 11 12 13 14]
(1, 15, 1, 4, 1, 1)
caused INR: -18.586077498438463
TpsAltruisticFromLsfGain + CumulativeIndividualEstimated_INR + -10.0
None
(1, 15, 1, 4, 1, 1)
caused INR: -19.751344978147753
TpsAltruisticFromLsfGain + CumulativeIndividualEstimated_INR + -12.5
None
(1, 15, 1, 4, 1, 1)
caused INR: -22.845465550435428
TpsAltruisticFromLsfGain + CumulativeIndividualEstimated_INR + -15.0
None
(1, 15, 1, 4, 1, 1)
caused INR: -27.380438289860844
TpsRandomic + IndividualEstimated_INR + -10.0
None
ls_gain_coeffs:
[-126.98741393 -138.99987135 -133.5874758  -116.09259491 -110.74249804
 -121.71306779 -109.55193605 -133.19382068 -114.24053442 -135.50047627
 -114.10321548 -132.03018348 -122.5330919  -148.39986473 -134.37159816]
inrs_hat:  [-15.99771389 -28.01017131 -22.59777575  -5.10289487   0.247202
 -10.72336774   1.437764   -22.20412063  -3.25083437 -24.51077622
  -3.11351543 -21.04048343 -11.54339186 -37.41016468 -23.38189811]
scheduled_ues:  [ 0  1  2  5  7  9 11 12 13 14]
(1, 15, 1, 4, 1, 1)
caused INR: -15.480307976866408
TpsRandomic + IndividualEstimated_INR + -12.5
None
ls_gain_coeffs:
[-126.98741393 -138.99987135 -129.10613638 -116.09259491 -111.75922347
 -130.20569354 -116.35984849 -127.40152578 -114.24053442 -121.07652345
 -114.10321548 -132.03018348 -136.13078853 -131.83761    -128.36800897]
inrs_hat:  [-15.99771389 -28.01017131 -18.11643634  -5.10289487  -0.76952342
 -19.21599349  -5.37014845 -16.41182574  -3.25083437 -10.0868234
  -3.11351543 -21.04048343 -25.14108848 -20.84790995 -17.37830892]
scheduled_ues:  [ 0  1  2  5  7 11 12 13 14]
(1, 15, 1, 4, 1, 1)
caused INR: -12.92814159211831
TpsRandomic + IndividualEstimated_INR + -15.0
None
ls_gain_coeffs:
[-113.33458989 -138.99987135 -145.88526245 -116.09259491 -110.74249804
 -121.71306779 -116.35984849 -134.05083088 -114.24053442 -135.50047627
 -123.69020374 -144.50237186 -122.5330919  -148.39986473 -128.36800897]
inrs_hat:  [ -2.34488985 -28.01017131 -34.89556241  -5.10289487   0.247202
 -10.72336774  -5.37014845 -23.06113084  -3.25083437 -24.51077622
 -12.7005037  -33.51267181 -11.54339186 -37.41016468 -17.37830892]
scheduled_ues:  [ 1  2  7  9 11 13 14]
(1, 15, 1, 4, 1, 1)
caused INR: -27.496720898548446
TpsRandomic + CumulativeIndividualEstimated_INR + -10.0
None
(1, 15, 1, 4, 1, 1)
caused INR: -11.285855103929169
TpsRandomic + CumulativeIndividualEstimated_INR + -12.5
None
(1, 15, 1, 4, 1, 1)
caused INR: -11.628312984878239
TpsRandomic + CumulativeIndividualEstimated_INR + -15.0
None
(1, 15, 1, 4, 1, 1)
caused INR: -25.302819042907107
Iteration number 30
TpsAltruisticFromLsfGain + IndividualEstimated_INR + -10.0
None
ls_gain_coeffs:
[-132.63144898 -151.70610381 -121.68334307 -118.0778154  -149.80278184
 -147.80194544 -123.01895128 -130.87962634 -138.58973833 -137.02808805
 -146.46926414 -137.67607873 -136.53405238 -149.36166246 -149.56029488]
inrs_hat:  [-21.64174893 -40.71640376 -10.69364303  -7.08811536 -38.8130818
 -36.8122454  -12.02925124 -19.8899263  -27.60003829 -26.038388
 -35.47956409 -26.68637869 -25.54435234 -38.37196242 -38.57059484]
scheduled_ues:  [ 0  1  2  4  5  6  7  8  9 10 11 12 13 14]
(1, 15, 1, 4, 1, 1)
caused INR: -6.988045404519418
TpsAltruisticFromLsfGain + IndividualEstimated_INR + -12.5
None
ls_gain_coeffs:
[-132.63144898 -151.70610381 -121.68334307 -118.0778154  -149.80278184
 -147.80194544 -123.01895128 -130.87962634 -138.58973833 -137.02808805
 -146.46926414 -137.67607873 -136.53405238 -149.36166246 -149.56029488]
inrs_hat:  [-21.64174893 -40.71640376 -10.69364303  -7.08811536 -38.8130818
 -36.8122454  -12.02925124 -19.8899263  -27.60003829 -26.038388
 -35.47956409 -26.68637869 -25.54435234 -38.37196242 -38.57059484]
scheduled_ues:  [ 0  1  4  5  7  8  9 10 11 12 13 14]
(1, 15, 1, 4, 1, 1)
caused INR: -23.222052161904102
TpsAltruisticFromLsfGain + IndividualEstimated_INR + -15.0
None
ls_gain_coeffs:
[-132.63144898 -151.70610381 -121.68334307 -118.0778154  -149.80278184
 -147.80194544 -123.01895128 -130.87962634 -138.58973833 -137.02808805
 -146.46926414 -137.67607873 -136.53405238 -149.36166246 -149.56029488]
inrs_hat:  [-21.64174893 -40.71640376 -10.69364303  -7.08811536 -38.8130818
 -36.8122454  -12.02925124 -19.8899263  -27.60003829 -26.038388
 -35.47956409 -26.68637869 -25.54435234 -38.37196242 -38.57059484]
scheduled_ues:  [ 0  1  4  5  7  8  9 10 11 12 13 14]
(1, 15, 1, 4, 1, 1)
caused INR: -23.222052161904102
TpsAltruisticFromLsfGain + CumulativeIndividualEstimated_INR + -10.0
None
(1, 15, 1, 4, 1, 1)
caused INR: -12.630339805780341
TpsAltruisticFromLsfGain + CumulativeIndividualEstimated_INR + -12.5
None
(1, 15, 1, 4, 1, 1)
caused INR: -23.222052161904102
TpsAltruisticFromLsfGain + CumulativeIndividualEstimated_INR + -15.0
None
(1, 15, 1, 4, 1, 1)
caused INR: -23.222052161904102
TpsRandomic + IndividualEstimated_INR + -10.0
None
ls_gain_coeffs:
[-122.82602888 -151.70610381 -109.64169577 -107.40552564 -143.79520821
 -133.86907888 -106.41052365 -117.55088251 -138.58973833 -126.94371547
 -132.92362291 -121.68258845 -126.68967813 -138.95810823 -142.42700842]
inrs_hat:  [-11.83632883 -40.71640376   1.34800428   3.5841744  -32.80550817
 -22.87937884   4.57917639  -6.56118246 -27.60003829 -15.95401542
 -21.93392286 -10.69288841 -15.69997808 -27.96840819 -31.43730838]
scheduled_ues:  [ 0  1  4  5  8  9 10 11 12 13 14]
(1, 15, 1, 4, 1, 1)
caused INR: -18.20464464027126
TpsRandomic + IndividualEstimated_INR + -12.5
None
ls_gain_coeffs:
[-121.36919219 -147.59968435 -111.73573941 -118.0778154  -133.68337135
 -147.80194544 -116.39912011 -117.55088251 -127.35132802 -125.16708204
 -146.46926414 -121.68258845 -125.34969636 -138.95810823 -133.20446281]
inrs_hat:  [-10.37949215 -36.60998431  -0.74603937  -7.08811536 -22.69367131
 -36.8122454   -5.40942006  -6.56118246 -16.36162798 -14.177382
 -35.47956409 -10.69288841 -14.35999631 -27.96840819 -22.21476277]
scheduled_ues:  [ 1  4  5  8  9 10 12 13 14]
(1, 15, 1, 4, 1, 1)
caused INR: -5.321567337657205
TpsRandomic + IndividualEstimated_INR + -15.0
None
ls_gain_coeffs:
[-115.87681054 -136.52689083 -111.73573941 -107.40552564 -143.79520821
 -141.96512658 -106.41052365 -130.87962634 -127.35132802 -119.83459875
 -132.92362291 -137.67607873 -119.79888724 -138.61929781 -142.42700842]
inrs_hat:  [ -4.88711049 -25.53719079  -0.74603937   3.5841744  -32.80550817
 -30.97542653   4.57917639 -19.8899263  -16.36162798  -8.84489871
 -21.93392286 -26.68637869  -8.8091872  -27.62959777 -31.43730838]
scheduled_ues:  [ 1  4  5  7  8 10 11 13 14]
(1, 15, 1, 4, 1, 1)
caused INR: -12.339620854665691
TpsRandomic + CumulativeIndividualEstimated_INR + -10.0
None
(1, 15, 1, 4, 1, 1)
caused INR: -11.934955093641207
TpsRandomic + CumulativeIndividualEstimated_INR + -12.5
None
(1, 15, 1, 4, 1, 1)
caused INR: -12.71714387709313
TpsRandomic + CumulativeIndividualEstimated_INR + -15.0
None
(1, 15, 1, 4, 1, 1)
caused INR: -18.831853015898897
Iteration number 31
TpsAltruisticFromLsfGain + IndividualEstimated_INR + -10.0
None
ls_gain_coeffs:
[-138.87771522 -144.81989124 -150.25726721 -147.45542434 -149.83308352
 -122.51881756 -129.31654809 -150.60939069 -143.49038312 -126.91073619
 -134.00235207 -139.71508749 -145.75510512 -134.19073482 -145.90187762]
inrs_hat:  [-27.88801517 -33.8301912  -39.26756717 -36.4657243  -38.84338347
 -11.52911751 -18.32684805 -39.61969065 -32.50068308 -15.92103614
 -23.01265202 -28.72538745 -34.76540508 -23.20103478 -34.91217758]
scheduled_ues:  [ 0  1  2  3  4  5  6  7  8  9 10 11 12 13 14]
(1, 15, 1, 4, 1, 1)
caused INR: -10.183143256519141
TpsAltruisticFromLsfGain + IndividualEstimated_INR + -12.5
None
ls_gain_coeffs:
[-138.87771522 -144.81989124 -150.25726721 -147.45542434 -149.83308352
 -122.51881756 -129.31654809 -150.60939069 -143.49038312 -126.91073619
 -134.00235207 -139.71508749 -145.75510512 -134.19073482 -145.90187762]
inrs_hat:  [-27.88801517 -33.8301912  -39.26756717 -36.4657243  -38.84338347
 -11.52911751 -18.32684805 -39.61969065 -32.50068308 -15.92103614
 -23.01265202 -28.72538745 -34.76540508 -23.20103478 -34.91217758]
scheduled_ues:  [ 0  1  2  3  4  6  7  8  9 10 11 12 13 14]
(1, 15, 1, 4, 1, 1)
caused INR: -25.045664701030503
TpsAltruisticFromLsfGain + IndividualEstimated_INR + -15.0
None
ls_gain_coeffs:
[-138.87771522 -144.81989124 -150.25726721 -147.45542434 -149.83308352
 -122.51881756 -129.31654809 -150.60939069 -143.49038312 -126.91073619
 -134.00235207 -139.71508749 -145.75510512 -134.19073482 -145.90187762]
inrs_hat:  [-27.88801517 -33.8301912  -39.26756717 -36.4657243  -38.84338347
 -11.52911751 -18.32684805 -39.61969065 -32.50068308 -15.92103614
 -23.01265202 -28.72538745 -34.76540508 -23.20103478 -34.91217758]
scheduled_ues:  [ 0  1  2  3  4  6  7  8  9 10 11 12 13 14]
(1, 15, 1, 4, 1, 1)
caused INR: -25.045664701030503
TpsAltruisticFromLsfGain + CumulativeIndividualEstimated_INR + -10.0
None
(1, 15, 1, 4, 1, 1)
caused INR: -25.045664701030503
TpsAltruisticFromLsfGain + CumulativeIndividualEstimated_INR + -12.5
None
(1, 15, 1, 4, 1, 1)
caused INR: -25.045664701030503
TpsAltruisticFromLsfGain + CumulativeIndividualEstimated_INR + -15.0
None
(1, 15, 1, 4, 1, 1)
caused INR: -15.331682384149687
TpsRandomic + IndividualEstimated_INR + -10.0
None
ls_gain_coeffs:
[-126.97488849 -138.96378895 -136.98564487 -133.87479312 -141.09849892
 -122.51881756 -129.31654809 -137.49684603 -132.94282426 -108.85516588
 -120.37822689 -133.81688559 -128.95290787 -127.80195971 -145.90187762]
inrs_hat:  [-15.98518844 -27.97408891 -25.99594482 -22.88509308 -30.10879887
 -11.52911751 -18.32684805 -26.50714599 -21.95312422   2.13453416
  -9.38852685 -22.82718555 -17.96320783 -16.81225966 -34.91217758]
scheduled_ues:  [ 0  1  2  3  4  5  6  7  8 11 12 13 14]
(1, 15, 1, 4, 1, 1)
caused INR: -4.7935816793583275
TpsRandomic + IndividualEstimated_INR + -12.5
None
ls_gain_coeffs:
[-129.18190616 -138.96378895 -143.42998303 -131.05669537 -137.68748909
 -116.50643375 -129.31654809 -150.60939069 -143.49038312 -117.94008552
 -120.37822689 -123.59540601 -137.03401134 -127.80195971 -133.20454342]
inrs_hat:  [-18.19220612 -27.97408891 -32.44028299 -20.06699532 -26.69778905
  -5.51673371 -18.32684805 -39.61969065 -32.50068308  -6.95038548
  -9.38852685 -12.60570596 -26.0443113  -16.81225966 -22.21484338]
scheduled_ues:  [ 0  1  2  3  4  6  7  8 11 12 13 14]
(1, 15, 1, 4, 1, 1)
caused INR: -6.964502820592823
TpsRandomic + IndividualEstimated_INR + -15.0
None
ls_gain_coeffs:
[-138.87771522 -130.71556225 -133.98701395 -131.05669537 -149.83308352
 -116.50643375 -115.21653109 -143.49853331 -132.94282426 -117.94008552
 -127.48426508 -133.81688559 -128.95290787 -117.8504241  -145.51827632]
inrs_hat:  [-27.88801517 -19.72586221 -22.99731391 -20.06699532 -38.84338347
  -5.51673371  -4.22683105 -32.50883326 -21.95312422  -6.95038548
 -16.49456504 -22.82718555 -17.96320783  -6.86072406 -34.52857627]
scheduled_ues:  [ 0  1  2  3  4  7  8 10 11 12 14]
(1, 15, 1, 4, 1, 1)
caused INR: -23.811387999185854
TpsRandomic + CumulativeIndividualEstimated_INR + -10.0
None
(1, 15, 1, 4, 1, 1)
caused INR: -9.206337089960249
TpsRandomic + CumulativeIndividualEstimated_INR + -12.5
None
(1, 15, 1, 4, 1, 1)
caused INR: -13.835806784145856
TpsRandomic + CumulativeIndividualEstimated_INR + -15.0
None
(1, 15, 1, 4, 1, 1)
caused INR: -14.069740792262886
Iteration number 32
TpsAltruisticFromLsfGain + IndividualEstimated_INR + -10.0
None
ls_gain_coeffs:
[-147.20213452 -133.12394251 -138.71357394 -146.51847984 -124.63324767
 -140.79026642 -137.64464285 -133.49461089 -141.09044316 -138.67419746
 -144.84906368 -148.74333569 -141.91202546 -148.47311746 -128.27369701]
inrs_hat:  [-36.21243448 -22.13424246 -27.7238739  -35.5287798  -13.64354762
 -29.80056637 -26.6549428  -22.50491084 -30.10074311 -27.68449742
 -33.85936363 -37.75363565 -30.92232542 -37.48341741 -17.28399697]
scheduled_ues:  [ 0  1  2  3  4  5  6  7  8  9 10 11 12 13 14]
(1, 15, 1, 4, 1, 1)
caused INR: -9.83095284391031
TpsAltruisticFromLsfGain + IndividualEstimated_INR + -12.5
None
ls_gain_coeffs:
[-147.20213452 -133.12394251 -138.71357394 -146.51847984 -124.63324767
 -140.79026642 -137.64464285 -133.49461089 -141.09044316 -138.67419746
 -144.84906368 -148.74333569 -141.91202546 -148.47311746 -128.27369701]
inrs_hat:  [-36.21243448 -22.13424246 -27.7238739  -35.5287798  -13.64354762
 -29.80056637 -26.6549428  -22.50491084 -30.10074311 -27.68449742
 -33.85936363 -37.75363565 -30.92232542 -37.48341741 -17.28399697]
scheduled_ues:  [ 0  1  2  3  4  5  6  7  8  9 10 11 12 13 14]
(1, 15, 1, 4, 1, 1)
caused INR: -9.83095284391031
TpsAltruisticFromLsfGain + IndividualEstimated_INR + -15.0
None
ls_gain_coeffs:
[-147.20213452 -133.12394251 -138.71357394 -146.51847984 -124.63324767
 -140.79026642 -137.64464285 -133.49461089 -141.09044316 -138.67419746
 -144.84906368 -148.74333569 -141.91202546 -148.47311746 -128.27369701]
inrs_hat:  [-36.21243448 -22.13424246 -27.7238739  -35.5287798  -13.64354762
 -29.80056637 -26.6549428  -22.50491084 -30.10074311 -27.68449742
 -33.85936363 -37.75363565 -30.92232542 -37.48341741 -17.28399697]
scheduled_ues:  [ 0  1  2  3  5  6  7  8  9 10 11 12 13 14]
(1, 15, 1, 4, 1, 1)
caused INR: -7.514252966600168
TpsAltruisticFromLsfGain + CumulativeIndividualEstimated_INR + -10.0
None
(1, 15, 1, 4, 1, 1)
caused INR: -9.83095284391031
TpsAltruisticFromLsfGain + CumulativeIndividualEstimated_INR + -12.5
None
(1, 15, 1, 4, 1, 1)
caused INR: -7.514252966600168
TpsAltruisticFromLsfGain + CumulativeIndividualEstimated_INR + -15.0
None
(1, 15, 1, 4, 1, 1)
caused INR: -10.098335246618557
TpsRandomic + IndividualEstimated_INR + -10.0
None
ls_gain_coeffs:
[-131.62383837 -118.96173777 -124.48399922 -142.77997789 -110.16425291
 -140.79026642 -137.64464285 -116.35448365 -127.74812553 -126.09460704
 -128.95959378 -131.94819393 -127.93678517 -131.68577902 -127.6497513 ]
inrs_hat:  [-20.63413833  -7.97203772 -13.49429918 -31.79027784   0.82544713
 -29.80056637 -26.6549428   -5.36478361 -16.75842549 -15.104907
 -17.96989373 -20.95849388 -16.94708513 -20.69607898 -16.66005126]
scheduled_ues:  [ 0  2  3  5  6  8  9 10 11 12 13 14]
(1, 15, 1, 4, 1, 1)
caused INR: -16.94951658242871
TpsRandomic + IndividualEstimated_INR + -12.5
None
ls_gain_coeffs:
[-142.49709029 -119.82204014 -132.47414882 -146.51847984 -121.59215553
 -123.87528952 -124.3746773  -133.49461089 -133.54626349 -129.92215234
 -144.84906368 -148.74333569 -141.91202546 -131.68577902 -115.62411511]
inrs_hat:  [-31.50739025  -8.83234009 -21.48444877 -35.5287798  -10.60245549
 -12.88558948 -13.38497726 -22.50491084 -22.55656344 -18.9324523
 -33.85936363 -37.75363565 -30.92232542 -20.69607898  -4.63441507]
scheduled_ues:  [ 0  2  3  5  6  7  8  9 10 11 12 13]
(1, 15, 1, 4, 1, 1)
caused INR: -10.424157262346226
TpsRandomic + IndividualEstimated_INR + -15.0
None
ls_gain_coeffs:
[-142.49709029 -133.12394251 -124.48399922 -132.83071252 -110.16425291
 -140.79026642 -124.3746773  -116.35448365 -141.09044316 -129.92215234
 -128.95959378 -148.74333569 -141.91202546 -148.47311746 -127.6497513 ]
inrs_hat:  [-31.50739025 -22.13424246 -13.49429918 -21.84101248   0.82544713
 -29.80056637 -13.38497726  -5.36478361 -30.10074311 -18.9324523
 -17.96989373 -37.75363565 -30.92232542 -37.48341741 -16.66005126]
scheduled_ues:  [ 0  1  3  5  8  9 10 11 12 13 14]
(1, 15, 1, 4, 1, 1)
caused INR: -10.24868973559822
TpsRandomic + CumulativeIndividualEstimated_INR + -10.0
None
(1, 15, 1, 4, 1, 1)
caused INR: -15.814348204108368
TpsRandomic + CumulativeIndividualEstimated_INR + -12.5
None
(1, 15, 1, 4, 1, 1)
caused INR: -23.85672883859528
TpsRandomic + CumulativeIndividualEstimated_INR + -15.0
None
(1, 15, 1, 4, 1, 1)
caused INR: -15.62752590889435
Iteration number 33
TpsAltruisticFromLsfGain + IndividualEstimated_INR + -10.0
None
ls_gain_coeffs:
[-141.10417469 -124.22948379 -128.78732802 -143.80457747 -144.65948256
 -126.71042095 -133.81320576 -134.40131491 -142.54627505 -149.51572375
 -135.78438284 -134.48789513 -121.70297532 -143.52575966 -140.10096626]
inrs_hat:  [-30.11447464 -13.23978375 -17.79762798 -32.81487742 -33.66978252
 -15.7207209  -22.82350572 -23.41161487 -31.55657501 -38.5260237
 -24.7946828  -23.49819509 -10.71327527 -32.53605962 -29.11126622]
scheduled_ues:  [ 0  1  2  3  4  5  6  7  8  9 10 11 12 13 14]
(1, 15, 1, 4, 1, 1)
caused INR: -26.190087576219092
TpsAltruisticFromLsfGain + IndividualEstimated_INR + -12.5
None
ls_gain_coeffs:
[-141.10417469 -124.22948379 -128.78732802 -143.80457747 -144.65948256
 -126.71042095 -133.81320576 -134.40131491 -142.54627505 -149.51572375
 -135.78438284 -134.48789513 -121.70297532 -143.52575966 -140.10096626]
inrs_hat:  [-30.11447464 -13.23978375 -17.79762798 -32.81487742 -33.66978252
 -15.7207209  -22.82350572 -23.41161487 -31.55657501 -38.5260237
 -24.7946828  -23.49819509 -10.71327527 -32.53605962 -29.11126622]
scheduled_ues:  [ 0  1  2  3  4  5  6  7  8  9 10 11 13 14]
(1, 15, 1, 4, 1, 1)
caused INR: -22.111953899920263
TpsAltruisticFromLsfGain + IndividualEstimated_INR + -15.0
None
ls_gain_coeffs:
[-141.10417469 -124.22948379 -128.78732802 -143.80457747 -144.65948256
 -126.71042095 -133.81320576 -134.40131491 -142.54627505 -149.51572375
 -135.78438284 -134.48789513 -121.70297532 -143.52575966 -140.10096626]
inrs_hat:  [-30.11447464 -13.23978375 -17.79762798 -32.81487742 -33.66978252
 -15.7207209  -22.82350572 -23.41161487 -31.55657501 -38.5260237
 -24.7946828  -23.49819509 -10.71327527 -32.53605962 -29.11126622]
scheduled_ues:  [ 0  2  3  4  5  6  7  8  9 10 11 13 14]
(1, 15, 1, 4, 1, 1)
caused INR: -20.987082806021572
TpsAltruisticFromLsfGain + CumulativeIndividualEstimated_INR + -10.0
None
(1, 15, 1, 4, 1, 1)
caused INR: -20.987082806021572
TpsAltruisticFromLsfGain + CumulativeIndividualEstimated_INR + -12.5
None
(1, 15, 1, 4, 1, 1)
caused INR: -34.49304282200247
TpsAltruisticFromLsfGain + CumulativeIndividualEstimated_INR + -15.0
None
(1, 15, 1, 4, 1, 1)
caused INR: -22.96787003440539
TpsRandomic + IndividualEstimated_INR + -10.0
None
ls_gain_coeffs:
[-129.48711224 -124.22948379 -128.78732802 -127.43883021 -131.61452988
 -112.90835598 -129.63705703 -121.62586596 -129.05990541 -149.51572375
 -122.51765883 -134.48789513 -106.15703567 -129.97025828 -125.80263223]
inrs_hat:  [-18.4974122  -13.23978375 -17.79762798 -16.44913017 -20.62482984
  -1.91865594 -18.64735699 -10.63616592 -18.07020537 -38.5260237
 -11.52795878 -23.49819509   4.83266437 -18.98055824 -14.81293218]
scheduled_ues:  [ 0  1  2  3  4  6  7  8  9 10 11 13 14]
(1, 15, 1, 4, 1, 1)
caused INR: -10.778975192534595
TpsRandomic + IndividualEstimated_INR + -12.5
None
ls_gain_coeffs:
[-123.85054438 -109.55167503 -115.37122154 -143.80457747 -131.91620622
 -112.90835598 -129.63705703 -121.62586596 -129.05990541 -142.01105413
 -135.78438284 -123.9711209  -106.15703567 -129.97025828 -123.94589819]
inrs_hat:  [-12.86084434   1.43802501  -4.3815215  -32.81487742 -20.92650618
  -1.91865594 -18.64735699 -10.63616592 -18.07020537 -31.02135408
 -24.7946828  -12.98142086   4.83266437 -18.98055824 -12.95619814]
scheduled_ues:  [ 0  3  4  6  8  9 10 11 13 14]
(1, 15, 1, 4, 1, 1)
caused INR: -12.165913487432384
TpsRandomic + IndividualEstimated_INR + -15.0
None
ls_gain_coeffs:
[-130.65557652 -113.14605208 -128.78732802 -137.56971108 -144.65948256
 -122.62902605 -133.81320576 -117.79960944 -135.54934562 -149.51572375
 -128.60064198 -134.48789513 -117.04646584 -141.85490759 -123.94589819]
inrs_hat:  [-19.66587648  -2.15635204 -17.79762798 -26.58001103 -33.66978252
 -11.639326   -22.82350572  -6.8099094  -24.55964558 -38.5260237
 -17.61094194 -23.49819509  -6.0567658  -30.86520755 -12.95619814]
scheduled_ues:  [ 0  2  3  4  6  8  9 10 11 13]
(1, 15, 1, 4, 1, 1)
caused INR: -13.657423792116694
TpsRandomic + CumulativeIndividualEstimated_INR + -10.0
None
(1, 15, 1, 4, 1, 1)
caused INR: -8.740984108027387
TpsRandomic + CumulativeIndividualEstimated_INR + -12.5
None
(1, 15, 1, 4, 1, 1)
caused INR: -21.243669413260307
TpsRandomic + CumulativeIndividualEstimated_INR + -15.0
None
(1, 15, 1, 4, 1, 1)
caused INR: -13.77787651611493
Iteration number 34
TpsAltruisticFromLsfGain + IndividualEstimated_INR + -10.0
None
ls_gain_coeffs:
[-150.91936382 -141.98116703 -147.87221995 -128.46735381 -143.66307305
 -142.45610036 -142.52314214 -143.08526411 -138.45076492 -151.20184108
 -147.52427495 -132.48608326 -128.03688389 -132.80163355 -144.32222635]
inrs_hat:  [-39.92966378 -30.99146698 -36.88251991 -17.47765377 -32.67337301
 -31.46640032 -31.5334421  -32.09556407 -27.46106488 -40.21214104
 -36.5345749  -21.49638322 -17.04718385 -21.8119335  -33.33252631]
scheduled_ues:  [ 0  1  2  3  4  5  6  7  8  9 10 11 12 13 14]
(1, 15, 1, 4, 1, 1)
caused INR: -13.116648989492177
TpsAltruisticFromLsfGain + IndividualEstimated_INR + -12.5
None
ls_gain_coeffs:
[-150.91936382 -141.98116703 -147.87221995 -128.46735381 -143.66307305
 -142.45610036 -142.52314214 -143.08526411 -138.45076492 -151.20184108
 -147.52427495 -132.48608326 -128.03688389 -132.80163355 -144.32222635]
inrs_hat:  [-39.92966378 -30.99146698 -36.88251991 -17.47765377 -32.67337301
 -31.46640032 -31.5334421  -32.09556407 -27.46106488 -40.21214104
 -36.5345749  -21.49638322 -17.04718385 -21.8119335  -33.33252631]
scheduled_ues:  [ 0  1  2  3  4  5  6  7  8  9 10 11 12 13 14]
(1, 15, 1, 4, 1, 1)
caused INR: -13.116648989492177
TpsAltruisticFromLsfGain + IndividualEstimated_INR + -15.0
None
ls_gain_coeffs:
[-150.91936382 -141.98116703 -147.87221995 -128.46735381 -143.66307305
 -142.45610036 -142.52314214 -143.08526411 -138.45076492 -151.20184108
 -147.52427495 -132.48608326 -128.03688389 -132.80163355 -144.32222635]
inrs_hat:  [-39.92966378 -30.99146698 -36.88251991 -17.47765377 -32.67337301
 -31.46640032 -31.5334421  -32.09556407 -27.46106488 -40.21214104
 -36.5345749  -21.49638322 -17.04718385 -21.8119335  -33.33252631]
scheduled_ues:  [ 0  1  2  3  4  5  6  7  8  9 10 11 12 13 14]
(1, 15, 1, 4, 1, 1)
caused INR: -13.116648989492177
TpsAltruisticFromLsfGain + CumulativeIndividualEstimated_INR + -10.0
None
(1, 15, 1, 4, 1, 1)
caused INR: -13.116648989492177
TpsAltruisticFromLsfGain + CumulativeIndividualEstimated_INR + -12.5
None
(1, 15, 1, 4, 1, 1)
caused INR: -17.55643174873032
TpsAltruisticFromLsfGain + CumulativeIndividualEstimated_INR + -15.0
None
(1, 15, 1, 4, 1, 1)
caused INR: -20.54393392895314
TpsRandomic + IndividualEstimated_INR + -10.0
None
ls_gain_coeffs:
[-134.66704272 -141.98116703 -132.89091933 -128.46735381 -126.92136525
 -142.45610036 -131.32342271 -135.07614434 -126.31098397 -139.94201318
 -147.52427495 -124.98943862 -127.18729554 -121.62921935 -144.32222635]
inrs_hat:  [-23.67734267 -30.99146698 -21.90121928 -17.47765377 -15.9316652
 -31.46640032 -20.33372267 -24.0864443  -15.32128393 -28.95231314
 -36.5345749  -13.99973857 -16.1975955  -10.63951931 -33.33252631]
scheduled_ues:  [ 0  1  2  3  4  5  6  7  8  9 10 11 12 13 14]
(1, 15, 1, 4, 1, 1)
caused INR: -12.414300785416465
TpsRandomic + IndividualEstimated_INR + -12.5
None
ls_gain_coeffs:
[-137.57677494 -141.98116703 -132.89091933 -128.46735381 -126.92136525
 -130.21814817 -125.70263823 -143.08526411 -138.45076492 -151.20184108
 -138.82708648 -115.11789535 -128.03688389 -121.79007722 -144.32222635]
inrs_hat:  [-26.5870749  -30.99146698 -21.90121928 -17.47765377 -15.9316652
 -19.22844813 -14.71293819 -32.09556407 -27.46106488 -40.21214104
 -27.83738644  -4.12819531 -17.04718385 -10.80037718 -33.33252631]
scheduled_ues:  [ 0  1  2  3  4  5  6  7  8  9 10 12 14]
(1, 15, 1, 4, 1, 1)
caused INR: -2.8025550583101833
TpsRandomic + IndividualEstimated_INR + -15.0
None
ls_gain_coeffs:
[-137.57677494 -130.51096689 -144.06266901 -109.87170117 -143.66307305
 -133.47528528 -132.52345375 -130.0695681  -129.35206343 -134.54623789
 -147.52427495 -117.68795209 -115.02889166 -132.80163355 -127.77203205]
inrs_hat:  [-26.5870749  -19.52126685 -33.07296897   1.11799887 -32.67337301
 -22.48558524 -21.53375371 -19.07986806 -18.36236338 -23.55653785
 -36.5345749   -6.69825205  -4.03919162 -21.8119335  -16.78233201]
scheduled_ues:  [ 0  1  2  4  5  6  7  8  9 10 13 14]
(1, 15, 1, 4, 1, 1)
caused INR: -17.30540653487512
TpsRandomic + CumulativeIndividualEstimated_INR + -10.0
None
(1, 15, 1, 4, 1, 1)
caused INR: -8.787297400844633
TpsRandomic + CumulativeIndividualEstimated_INR + -12.5
None
(1, 15, 1, 4, 1, 1)
caused INR: -8.803957636068853
TpsRandomic + CumulativeIndividualEstimated_INR + -15.0
None
(1, 15, 1, 4, 1, 1)
caused INR: -12.358847781853047
Iteration number 35
TpsAltruisticFromLsfGain + IndividualEstimated_INR + -10.0
None
ls_gain_coeffs:
[-119.64904701 -146.59165382 -135.74099891 -146.09762558 -138.7634924
 -130.31174214 -140.42748687 -120.43151989 -132.15240214 -125.01842942
 -139.34746732 -124.93378266 -138.18303397 -131.21414507 -144.34773184]
inrs_hat:  [ -8.65934697 -35.60195377 -24.75129886 -35.10792553 -27.77379236
 -19.3220421  -29.43778682  -9.44181985 -21.1627021  -14.02872937
 -28.35776727 -13.94408262 -27.19333393 -20.22444503 -33.3580318 ]
scheduled_ues:  [ 1  2  3  4  5  6  8  9 10 11 12 13 14]
(1, 15, 1, 4, 1, 1)
caused INR: -10.84838805437993
TpsAltruisticFromLsfGain + IndividualEstimated_INR + -12.5
None
ls_gain_coeffs:
[-119.64904701 -146.59165382 -135.74099891 -146.09762558 -138.7634924
 -130.31174214 -140.42748687 -120.43151989 -132.15240214 -125.01842942
 -139.34746732 -124.93378266 -138.18303397 -131.21414507 -144.34773184]
inrs_hat:  [ -8.65934697 -35.60195377 -24.75129886 -35.10792553 -27.77379236
 -19.3220421  -29.43778682  -9.44181985 -21.1627021  -14.02872937
 -28.35776727 -13.94408262 -27.19333393 -20.22444503 -33.3580318 ]
scheduled_ues:  [ 1  2  3  4  5  6  8  9 10 11 12 13 14]
(1, 15, 1, 4, 1, 1)
caused INR: -10.84838805437993
TpsAltruisticFromLsfGain + IndividualEstimated_INR + -15.0
None
ls_gain_coeffs:
[-119.64904701 -146.59165382 -135.74099891 -146.09762558 -138.7634924
 -130.31174214 -140.42748687 -120.43151989 -132.15240214 -125.01842942
 -139.34746732 -124.93378266 -138.18303397 -131.21414507 -144.34773184]
inrs_hat:  [ -8.65934697 -35.60195377 -24.75129886 -35.10792553 -27.77379236
 -19.3220421  -29.43778682  -9.44181985 -21.1627021  -14.02872937
 -28.35776727 -13.94408262 -27.19333393 -20.22444503 -33.3580318 ]
scheduled_ues:  [ 1  2  3  4  5  6  8 10 12 13 14]
(1, 15, 1, 4, 1, 1)
caused INR: -28.86093422824977
TpsAltruisticFromLsfGain + CumulativeIndividualEstimated_INR + -10.0
None
(1, 15, 1, 4, 1, 1)
caused INR: -12.197754554264758
TpsAltruisticFromLsfGain + CumulativeIndividualEstimated_INR + -12.5
None
(1, 15, 1, 4, 1, 1)
caused INR: -28.86093422824977
TpsAltruisticFromLsfGain + CumulativeIndividualEstimated_INR + -15.0
None
(1, 15, 1, 4, 1, 1)
caused INR: -48.779025522452876
TpsRandomic + IndividualEstimated_INR + -10.0
None
ls_gain_coeffs:
[-119.64904701 -146.59165382 -128.65915312 -136.12470555 -124.85835623
 -129.45329767 -127.83685567 -120.276748   -121.57801079 -111.73565244
 -122.61114243 -112.01845856 -138.18303397 -116.45170314 -128.23234156]
inrs_hat:  [ -8.65934697 -35.60195377 -17.66945307 -25.1350055  -13.86865618
 -18.46359763 -16.84715563  -9.28704796 -10.58831074  -0.74595239
 -11.62144238  -1.02875851 -27.19333393  -5.4620031  -17.24264152]
scheduled_ues:  [ 1  2  3  4  5  6  8 10 12 14]
(1, 15, 1, 4, 1, 1)
caused INR: -6.120241146743241
TpsRandomic + IndividualEstimated_INR + -12.5
None
ls_gain_coeffs:
[-119.64904701 -130.18309609 -119.03419104 -134.86086556 -132.09253145
 -117.58399398 -127.83685567 -120.276748   -115.31735521 -110.89447545
 -139.34746732 -124.93378266 -138.18303397 -116.45170314 -144.34773184]
inrs_hat:  [ -8.65934697 -19.19339604  -8.044491   -23.87116551 -21.1028314
  -6.59429394 -16.84715563  -9.28704796  -4.32765517   0.09522459
 -28.35776727 -13.94408262 -27.19333393  -5.4620031  -33.3580318 ]
scheduled_ues:  [ 1  3  4  6 10 11 12 14]
(1, 15, 1, 4, 1, 1)
caused INR: -34.71882213521407
TpsRandomic + IndividualEstimated_INR + -15.0
None
ls_gain_coeffs:
[-108.35934132 -133.35707271 -128.65915312 -134.86086556 -122.25464384
 -129.45329767 -127.68782448 -107.88673863 -121.57801079 -110.89447545
 -128.60632533 -124.93378266 -125.01749683 -131.21414507 -128.23234156]
inrs_hat:  [  2.63035873 -22.36737266 -17.66945307 -23.87116551 -11.26494379
 -18.46359763 -16.69812443   3.10296141 -10.58831074   0.09522459
 -17.61662528 -13.94408262 -14.02779679 -20.22444503 -17.24264152]
scheduled_ues:  [ 1  2  3  5  6 10 13 14]
(1, 15, 1, 4, 1, 1)
caused INR: -9.504721103508151
TpsRandomic + CumulativeIndividualEstimated_INR + -10.0
None
(1, 15, 1, 4, 1, 1)
caused INR: -13.2186843652099
TpsRandomic + CumulativeIndividualEstimated_INR + -12.5
None
(1, 15, 1, 4, 1, 1)
caused INR: -16.8761975599746
TpsRandomic + CumulativeIndividualEstimated_INR + -15.0
None
(1, 15, 1, 4, 1, 1)
caused INR: -18.63869411757779
Iteration number 36
TpsAltruisticFromLsfGain + IndividualEstimated_INR + -10.0
None
ls_gain_coeffs:
[-144.96876318 -142.08627743 -149.06147071 -131.86770573 -138.50709127
 -124.93690954 -132.40691745 -143.37697971 -124.3936304  -129.79657267
 -136.05673071 -137.86863404 -129.1730557  -141.48836076 -146.72439891]
inrs_hat:  [-33.97906314 -31.09657738 -38.07177066 -20.87800569 -27.51739122
 -13.9472095  -21.41721741 -32.38727966 -13.40393035 -18.80687263
 -25.06703067 -26.87893399 -18.18335566 -30.49866071 -35.73469887]
scheduled_ues:  [ 0  1  2  3  4  5  6  7  8  9 10 11 12 13 14]
(1, 15, 1, 4, 1, 1)
caused INR: -7.7721752838432145
TpsAltruisticFromLsfGain + IndividualEstimated_INR + -12.5
None
ls_gain_coeffs:
[-144.96876318 -142.08627743 -149.06147071 -131.86770573 -138.50709127
 -124.93690954 -132.40691745 -143.37697971 -124.3936304  -129.79657267
 -136.05673071 -137.86863404 -129.1730557  -141.48836076 -146.72439891]
inrs_hat:  [-33.97906314 -31.09657738 -38.07177066 -20.87800569 -27.51739122
 -13.9472095  -21.41721741 -32.38727966 -13.40393035 -18.80687263
 -25.06703067 -26.87893399 -18.18335566 -30.49866071 -35.73469887]
scheduled_ues:  [ 0  1  2  3  4  5  6  7  8  9 10 11 12 13 14]
(1, 15, 1, 4, 1, 1)
caused INR: -7.7721752838432145
TpsAltruisticFromLsfGain + IndividualEstimated_INR + -15.0
None
ls_gain_coeffs:
[-144.96876318 -142.08627743 -149.06147071 -131.86770573 -138.50709127
 -124.93690954 -132.40691745 -143.37697971 -124.3936304  -129.79657267
 -136.05673071 -137.86863404 -129.1730557  -141.48836076 -146.72439891]
inrs_hat:  [-33.97906314 -31.09657738 -38.07177066 -20.87800569 -27.51739122
 -13.9472095  -21.41721741 -32.38727966 -13.40393035 -18.80687263
 -25.06703067 -26.87893399 -18.18335566 -30.49866071 -35.73469887]
scheduled_ues:  [ 0  1  2  3  4  6  7  9 10 11 12 13 14]
(1, 15, 1, 4, 1, 1)
caused INR: -24.74233025750565
TpsAltruisticFromLsfGain + CumulativeIndividualEstimated_INR + -10.0
None
(1, 15, 1, 4, 1, 1)
caused INR: -19.03909381376274
TpsAltruisticFromLsfGain + CumulativeIndividualEstimated_INR + -12.5
None
(1, 15, 1, 4, 1, 1)
caused INR: -24.74233025750565
TpsAltruisticFromLsfGain + CumulativeIndividualEstimated_INR + -15.0
None
(1, 15, 1, 4, 1, 1)
caused INR: -19.475498541307868
TpsRandomic + IndividualEstimated_INR + -10.0
None
ls_gain_coeffs:
[-128.08563845 -125.5168145  -132.40926607 -131.86770573 -129.35447078
 -113.25195599 -114.99325371 -127.20039231 -107.51049412 -117.67939882
 -119.24693902 -125.12588584 -115.24925102 -128.54960373 -132.05712189]
inrs_hat:  [-17.0959384  -14.52711445 -21.41956602 -20.87800569 -18.36477074
  -2.26225594  -4.00355367 -16.21069227   3.47920593  -6.68969878
  -8.25723898 -14.1361858   -4.25955097 -17.55990369 -21.06742185]
scheduled_ues:  [ 0  1  2  3  4  7 11 13 14]
(1, 15, 1, 4, 1, 1)
caused INR: -10.362433454630441
TpsRandomic + IndividualEstimated_INR + -12.5
None
ls_gain_coeffs:
[-134.01938463 -142.08627743 -140.27328536 -123.64437132 -126.12987245
 -124.93690954 -120.17426608 -127.20039231 -107.51049412 -117.67939882
 -119.24693902 -128.57795719 -118.66701948 -133.21448256 -146.72439891]
inrs_hat:  [-23.02968459 -31.09657738 -29.28358531 -12.65467128 -15.14017241
 -13.9472095   -9.18456604 -16.21069227   3.47920593  -6.68969878
  -8.25723898 -17.58825715  -7.67731944 -22.22478251 -35.73469887]
scheduled_ues:  [ 0  1  2  3  4  5  7 11 13 14]
(1, 15, 1, 4, 1, 1)
caused INR: -8.67517944497221
TpsRandomic + IndividualEstimated_INR + -15.0
None
ls_gain_coeffs:
[-134.01938463 -142.08627743 -149.06147071 -131.86770573 -129.35447078
 -104.70534051 -114.99325371 -127.20039231 -110.14447004 -118.79325589
 -126.3153777  -128.57795719 -115.24925102 -133.21448256 -132.05712189]
inrs_hat:  [-23.02968459 -31.09657738 -38.07177066 -20.87800569 -18.36477074
   6.28435954  -4.00355367 -16.21069227   0.84523001  -7.80355585
 -15.32567766 -17.58825715  -4.25955097 -22.22478251 -21.06742185]
scheduled_ues:  [ 0  1  2  3  4  7 10 11 13 14]
(1, 15, 1, 4, 1, 1)
caused INR: -7.668392475725879
TpsRandomic + CumulativeIndividualEstimated_INR + -10.0
None
(1, 15, 1, 4, 1, 1)
caused INR: -10.441217305625791
TpsRandomic + CumulativeIndividualEstimated_INR + -12.5
None
(1, 15, 1, 4, 1, 1)
caused INR: -13.558018973204199
TpsRandomic + CumulativeIndividualEstimated_INR + -15.0
None
(1, 15, 1, 4, 1, 1)
caused INR: -14.69305405668086
Iteration number 37
TpsAltruisticFromLsfGain + IndividualEstimated_INR + -10.0
None
ls_gain_coeffs:
[-133.79232094 -142.76518046 -127.8221924  -136.16150063 -124.59148388
 -148.16826991 -138.98094989 -142.06638108 -137.56177595 -144.62779003
 -148.3483535  -134.1231118  -150.26865433 -137.94854512 -123.32378172]
inrs_hat:  [-22.8026209  -31.77548042 -16.83249235 -25.17180059 -13.60178384
 -37.17856987 -27.99124985 -31.07668104 -26.57207591 -33.63808998
 -37.35865346 -23.13341175 -39.27895428 -26.95884507 -12.33408168]
scheduled_ues:  [ 0  1  2  3  4  5  6  7  8  9 10 11 12 13 14]
(1, 15, 1, 4, 1, 1)
caused INR: -14.142961460258899
TpsAltruisticFromLsfGain + IndividualEstimated_INR + -12.5
None
ls_gain_coeffs:
[-133.79232094 -142.76518046 -127.8221924  -136.16150063 -124.59148388
 -148.16826991 -138.98094989 -142.06638108 -137.56177595 -144.62779003
 -148.3483535  -134.1231118  -150.26865433 -137.94854512 -123.32378172]
inrs_hat:  [-22.8026209  -31.77548042 -16.83249235 -25.17180059 -13.60178384
 -37.17856987 -27.99124985 -31.07668104 -26.57207591 -33.63808998
 -37.35865346 -23.13341175 -39.27895428 -26.95884507 -12.33408168]
scheduled_ues:  [ 0  1  2  3  4  5  6  7  8  9 10 11 12 13]
(1, 15, 1, 4, 1, 1)
caused INR: -18.383447969126543
TpsAltruisticFromLsfGain + IndividualEstimated_INR + -15.0
None
ls_gain_coeffs:
[-133.79232094 -142.76518046 -127.8221924  -136.16150063 -124.59148388
 -148.16826991 -138.98094989 -142.06638108 -137.56177595 -144.62779003
 -148.3483535  -134.1231118  -150.26865433 -137.94854512 -123.32378172]
inrs_hat:  [-22.8026209  -31.77548042 -16.83249235 -25.17180059 -13.60178384
 -37.17856987 -27.99124985 -31.07668104 -26.57207591 -33.63808998
 -37.35865346 -23.13341175 -39.27895428 -26.95884507 -12.33408168]
scheduled_ues:  [ 0  1  2  3  5  6  7  8  9 10 11 12 13]
(1, 15, 1, 4, 1, 1)
caused INR: -18.79423334153765
TpsAltruisticFromLsfGain + CumulativeIndividualEstimated_INR + -10.0
None
(1, 15, 1, 4, 1, 1)
caused INR: -18.383447969126543
TpsAltruisticFromLsfGain + CumulativeIndividualEstimated_INR + -12.5
None
(1, 15, 1, 4, 1, 1)
caused INR: -18.79423334153765
TpsAltruisticFromLsfGain + CumulativeIndividualEstimated_INR + -15.0
None
(1, 15, 1, 4, 1, 1)
caused INR: -22.13072353479225
TpsRandomic + IndividualEstimated_INR + -10.0
None
ls_gain_coeffs:
[-117.01813926 -128.55365694 -110.97084377 -127.74755518 -124.59148388
 -137.41192028 -128.86970404 -128.34296496 -121.23358591 -144.62779003
 -148.3483535  -119.05071316 -140.06057163 -129.91910333 -111.19794417]
inrs_hat:  [-6.02843922e+00 -1.75639569e+01  1.88562739e-02 -1.67578551e+01
 -1.36017838e+01 -2.64222202e+01 -1.78800040e+01 -1.73532649e+01
 -1.02438859e+01 -3.36380900e+01 -3.73586535e+01 -8.06101312e+00
 -2.90708716e+01 -1.89294033e+01 -2.08244125e-01]
scheduled_ues:  [ 1  3  4  5  6  7  8  9 10 12 13]
(1, 15, 1, 4, 1, 1)
caused INR: -7.016355063032464
TpsRandomic + IndividualEstimated_INR + -12.5
None
ls_gain_coeffs:
[-133.79232094 -128.55365694 -113.82174632 -118.91997306 -113.33963734
 -137.82364517 -126.99382292 -128.34296496 -137.56177595 -132.0851767
 -134.08624534 -134.1231118  -140.06057163 -124.80150867 -123.32378172]
inrs_hat:  [-22.8026209  -17.5639569   -2.83204627  -7.93027301  -2.3499373
 -26.83394513 -16.00412288 -17.35326492 -26.57207591 -21.09547666
 -23.09654529 -23.13341175 -29.07087159 -13.81180863 -12.33408168]
scheduled_ues:  [ 0  1  5  6  7  8  9 10 11 12 13]
(1, 15, 1, 4, 1, 1)
caused INR: -9.086894266874982
TpsRandomic + IndividualEstimated_INR + -15.0
None
ls_gain_coeffs:
[-133.79232094 -142.76518046 -110.97084377 -122.53399093 -113.63863993
 -137.41192028 -138.98094989 -142.06638108 -130.57007441 -132.0851767
 -134.08624534 -130.17691385 -140.06057163 -121.139506   -106.0545691 ]
inrs_hat:  [-2.28026209e+01 -3.17754804e+01  1.88562739e-02 -1.15442909e+01
 -2.64893988e+00 -2.64222202e+01 -2.79912499e+01 -3.10766810e+01
 -1.95803744e+01 -2.10954767e+01 -2.30965453e+01 -1.91872138e+01
 -2.90708716e+01 -1.01498060e+01  4.93513094e+00]
scheduled_ues:  [ 0  1  5  6  7  8  9 10 11 12]
(1, 15, 1, 4, 1, 1)
caused INR: -12.943795447426375
TpsRandomic + CumulativeIndividualEstimated_INR + -10.0
None
(1, 15, 1, 4, 1, 1)
caused INR: -14.269081119005698
TpsRandomic + CumulativeIndividualEstimated_INR + -12.5
None
(1, 15, 1, 4, 1, 1)
caused INR: -11.557939295768634
TpsRandomic + CumulativeIndividualEstimated_INR + -15.0
None
(1, 15, 1, 4, 1, 1)
caused INR: -17.43203866436095
Iteration number 38
TpsAltruisticFromLsfGain + IndividualEstimated_INR + -10.0
None
ls_gain_coeffs:
[-135.47673853 -122.35193013 -125.88638651 -129.42804333 -140.79687657
 -134.01336992 -141.53253338 -131.87453908 -146.72180981 -131.08219685
 -146.07846376 -119.56409644 -126.38917834 -141.19419352 -131.24569506]
inrs_hat:  [-24.48703849 -11.36223009 -14.89668647 -18.43834328 -29.80717652
 -23.02366987 -30.54283334 -20.88483904 -35.73210976 -20.0924968
 -35.08876371  -8.5743964  -15.39947829 -30.20449348 -20.25599501]
scheduled_ues:  [ 0  1  2  3  4  5  6  7  8  9 10 12 13 14]
(1, 15, 1, 4, 1, 1)
caused INR: -1.8959232120532148
TpsAltruisticFromLsfGain + IndividualEstimated_INR + -12.5
None
ls_gain_coeffs:
[-135.47673853 -122.35193013 -125.88638651 -129.42804333 -140.79687657
 -134.01336992 -141.53253338 -131.87453908 -146.72180981 -131.08219685
 -146.07846376 -119.56409644 -126.38917834 -141.19419352 -131.24569506]
inrs_hat:  [-24.48703849 -11.36223009 -14.89668647 -18.43834328 -29.80717652
 -23.02366987 -30.54283334 -20.88483904 -35.73210976 -20.0924968
 -35.08876371  -8.5743964  -15.39947829 -30.20449348 -20.25599501]
scheduled_ues:  [ 0  2  3  4  5  6  7  8  9 10 12 13 14]
(1, 15, 1, 4, 1, 1)
caused INR: -4.424785230398705
TpsAltruisticFromLsfGain + IndividualEstimated_INR + -15.0
None
ls_gain_coeffs:
[-135.47673853 -122.35193013 -125.88638651 -129.42804333 -140.79687657
 -134.01336992 -141.53253338 -131.87453908 -146.72180981 -131.08219685
 -146.07846376 -119.56409644 -126.38917834 -141.19419352 -131.24569506]
inrs_hat:  [-24.48703849 -11.36223009 -14.89668647 -18.43834328 -29.80717652
 -23.02366987 -30.54283334 -20.88483904 -35.73210976 -20.0924968
 -35.08876371  -8.5743964  -15.39947829 -30.20449348 -20.25599501]
scheduled_ues:  [ 0  3  4  5  6  7  8  9 10 12 13 14]
(1, 15, 1, 4, 1, 1)
caused INR: -5.058165141122415
TpsAltruisticFromLsfGain + CumulativeIndividualEstimated_INR + -10.0
None
(1, 15, 1, 4, 1, 1)
caused INR: -5.058165141122415
TpsAltruisticFromLsfGain + CumulativeIndividualEstimated_INR + -12.5
None
(1, 15, 1, 4, 1, 1)
caused INR: -5.498561051291873
TpsAltruisticFromLsfGain + CumulativeIndividualEstimated_INR + -15.0
None
(1, 15, 1, 4, 1, 1)
caused INR: -7.803784179258194
TpsRandomic + IndividualEstimated_INR + -10.0
None
ls_gain_coeffs:
[-135.47673853 -122.35193013 -125.88638651 -129.42804333 -140.79687657
 -134.01336992 -130.38480661 -118.74553866 -146.72180981 -129.08805847
 -132.72845723 -119.56409644 -113.64461026 -141.19419352 -123.0714661 ]
inrs_hat:  [-24.48703849 -11.36223009 -14.89668647 -18.43834328 -29.80717652
 -23.02366987 -19.39510656  -7.75583862 -35.73210976 -18.09835842
 -21.73875719  -8.5743964   -2.65491022 -30.20449348 -12.08176605]
scheduled_ues:  [ 0  1  2  3  4  5  6  8  9 10 13 14]
(1, 15, 1, 4, 1, 1)
caused INR: -4.632465205333601
TpsRandomic + IndividualEstimated_INR + -12.5
None
ls_gain_coeffs:
[-135.47673853 -109.08764871 -112.86095847 -111.00650245 -123.63748851
 -123.47679459 -130.38480661 -124.0604552  -145.68755894 -129.08805847
 -132.72845723 -102.09511394 -113.64461026 -124.78328045 -118.30121192]
inrs_hat:  [-2.44870385e+01  1.90205133e+00 -1.87125842e+00 -1.68024087e-02
 -1.26477885e+01 -1.24870945e+01 -1.93951066e+01 -1.30707552e+01
 -3.46978589e+01 -1.80983584e+01 -2.17387572e+01  8.89458611e+00
 -2.65491022e+00 -1.37935804e+01 -7.31151188e+00]
scheduled_ues:  [ 0  4  6  7  8  9 10 13]
(1, 15, 1, 4, 1, 1)
caused INR: -7.035807186593907
TpsRandomic + IndividualEstimated_INR + -15.0
None
ls_gain_coeffs:
[-121.85184637 -119.88388586 -114.31605943 -111.00650245 -140.79687657
 -116.71170141 -131.1080462  -124.0604552  -133.59070923 -117.97588405
 -131.8200507  -102.09511394 -113.64461026 -141.19419352 -114.46553901]
inrs_hat:  [-1.08621463e+01 -8.89418582e+00 -3.32635939e+00 -1.68024087e-02
 -2.98071765e+01 -5.72200137e+00 -2.01183462e+01 -1.30707552e+01
 -2.26010092e+01 -6.98618401e+00 -2.08303507e+01  8.89458611e+00
 -2.65491022e+00 -3.02044935e+01 -3.47583896e+00]
scheduled_ues:  [ 4  6  8 10 13]
(1, 15, 1, 4, 1, 1)
caused INR: -16.449312954099966
TpsRandomic + CumulativeIndividualEstimated_INR + -10.0
None
(1, 15, 1, 4, 1, 1)
caused INR: -12.050151209336097
TpsRandomic + CumulativeIndividualEstimated_INR + -12.5
None
(1, 15, 1, 4, 1, 1)
caused INR: -9.147607277401105
TpsRandomic + CumulativeIndividualEstimated_INR + -15.0
None
(1, 15, 1, 4, 1, 1)
caused INR: -17.201845413967867
Iteration number 39
TpsAltruisticFromLsfGain + IndividualEstimated_INR + -10.0
None
ls_gain_coeffs:
[-138.33483564 -117.38980771 -151.09593838 -142.99921396 -143.60536014
 -145.03167897 -145.5859638  -134.89217439 -149.99738398 -129.16829564
 -139.19247902 -141.10318988 -131.00029027 -137.38329859 -129.89481088]
inrs_hat:  [-27.3451356   -6.40010767 -40.10623834 -32.00951392 -32.6156601
 -34.04197893 -34.59626375 -23.90247434 -39.00768394 -18.1785956
 -28.20277898 -30.11348984 -20.01059023 -26.39359855 -18.90511084]
scheduled_ues:  [ 0  2  3  4  5  6  7  8  9 10 11 12 13 14]
(1, 15, 1, 4, 1, 1)
caused INR: -13.00439382066452
TpsAltruisticFromLsfGain + IndividualEstimated_INR + -12.5
None
ls_gain_coeffs:
[-138.33483564 -117.38980771 -151.09593838 -142.99921396 -143.60536014
 -145.03167897 -145.5859638  -134.89217439 -149.99738398 -129.16829564
 -139.19247902 -141.10318988 -131.00029027 -137.38329859 -129.89481088]
inrs_hat:  [-27.3451356   -6.40010767 -40.10623834 -32.00951392 -32.6156601
 -34.04197893 -34.59626375 -23.90247434 -39.00768394 -18.1785956
 -28.20277898 -30.11348984 -20.01059023 -26.39359855 -18.90511084]
scheduled_ues:  [ 0  2  3  4  5  6  7  8  9 10 11 12 13 14]
(1, 15, 1, 4, 1, 1)
caused INR: -13.00439382066452
TpsAltruisticFromLsfGain + IndividualEstimated_INR + -15.0
None
ls_gain_coeffs:
[-138.33483564 -117.38980771 -151.09593838 -142.99921396 -143.60536014
 -145.03167897 -145.5859638  -134.89217439 -149.99738398 -129.16829564
 -139.19247902 -141.10318988 -131.00029027 -137.38329859 -129.89481088]
inrs_hat:  [-27.3451356   -6.40010767 -40.10623834 -32.00951392 -32.6156601
 -34.04197893 -34.59626375 -23.90247434 -39.00768394 -18.1785956
 -28.20277898 -30.11348984 -20.01059023 -26.39359855 -18.90511084]
scheduled_ues:  [ 0  2  3  4  5  6  7  8  9 10 11 12 13 14]
(1, 15, 1, 4, 1, 1)
caused INR: -13.00439382066452
TpsAltruisticFromLsfGain + CumulativeIndividualEstimated_INR + -10.0
None
(1, 15, 1, 4, 1, 1)
caused INR: -13.00439382066452
TpsAltruisticFromLsfGain + CumulativeIndividualEstimated_INR + -12.5
None
(1, 15, 1, 4, 1, 1)
caused INR: -13.00439382066452
TpsAltruisticFromLsfGain + CumulativeIndividualEstimated_INR + -15.0
None
(1, 15, 1, 4, 1, 1)
caused INR: -15.717944127329424
TpsRandomic + IndividualEstimated_INR + -10.0
None
ls_gain_coeffs:
[-121.42787103 -112.28519688 -144.84438608 -142.99921396 -136.62051697
 -129.27667747 -139.60920308 -118.07378527 -133.56346746 -119.33365013
 -139.19247902 -127.42793727 -117.37364214 -129.80155814 -121.28602873]
inrs_hat:  [-10.43817099  -1.29549684 -33.85468603 -32.00951392 -25.63081692
 -18.28697742 -28.61950304  -7.08408523 -22.57376741  -8.34395008
 -28.20277898 -16.43823723  -6.3839421  -18.81185809 -10.29632869]
scheduled_ues:  [ 0  2  3  4  5  6  8 10 11 13 14]
(1, 15, 1, 4, 1, 1)
caused INR: -11.989153802316839
TpsRandomic + IndividualEstimated_INR + -12.5
None
ls_gain_coeffs:
[-130.10565581 -112.28519688 -134.86581122 -133.81481862 -136.62051697
 -130.93337822 -145.5859638  -120.57779511 -142.42283963 -129.16829564
 -139.19247902 -126.19428467 -117.96616621 -123.40201063 -121.28602873]
inrs_hat:  [-19.11595577  -1.29549684 -23.87611117 -22.82511858 -25.63081692
 -19.94367818 -34.59626375  -9.58809506 -31.43313959 -18.1785956
 -28.20277898 -15.20458462  -6.97646617 -12.41231059 -10.29632869]
scheduled_ues:  [ 0  2  3  4  5  6  8  9 10 11]
(1, 15, 1, 4, 1, 1)
caused INR: -10.706011488479863
TpsRandomic + IndividualEstimated_INR + -15.0
None
ls_gain_coeffs:
[-130.10565581 -101.54513383 -151.09593838 -131.1265416  -143.60536014
 -130.93337822 -145.5859638  -134.89217439 -149.99738398 -114.98024189
 -130.81255168 -127.42793727 -117.96616621 -137.38329859 -121.28602873]
inrs_hat:  [-19.11595577   9.44456622 -40.10623834 -20.13684156 -32.6156601
 -19.94367818 -34.59626375 -23.90247434 -39.00768394  -3.99054184
 -19.82285163 -16.43823723  -6.97646617 -26.39359855 -10.29632869]
scheduled_ues:  [ 0  2  3  4  5  6  7  8 10 11 13]
(1, 15, 1, 4, 1, 1)
caused INR: -7.4000573591844265
TpsRandomic + CumulativeIndividualEstimated_INR + -10.0
None
(1, 15, 1, 4, 1, 1)
caused INR: -9.974845357818838
TpsRandomic + CumulativeIndividualEstimated_INR + -12.5
None
(1, 15, 1, 4, 1, 1)
caused INR: -11.497452754049577
TpsRandomic + CumulativeIndividualEstimated_INR + -15.0
None
(1, 15, 1, 4, 1, 1)
caused INR: -9.643983543974755
Iteration number 40
TpsAltruisticFromLsfGain + IndividualEstimated_INR + -10.0
None
ls_gain_coeffs:
[-145.66858903 -132.99163027 -148.23264598 -115.47735801 -145.8216328
 -131.45622675 -133.48063422 -146.84619157 -144.08226766 -133.08216759
 -136.2025071  -150.11927668 -145.05217174 -134.28787819 -142.54047892]
inrs_hat:  [-34.67888899 -22.00193022 -37.24294594  -4.48765797 -34.83193275
 -20.4665267  -22.49093418 -35.85649153 -33.09256762 -22.09246755
 -25.21280706 -39.12957664 -34.0624717  -23.29817815 -31.55077888]
scheduled_ues:  [ 0  1  2  4  5  6  7  8  9 10 11 12 13 14]
(1, 15, 1, 4, 1, 1)
caused INR: -18.88471836480441
TpsAltruisticFromLsfGain + IndividualEstimated_INR + -12.5
None
ls_gain_coeffs:
[-145.66858903 -132.99163027 -148.23264598 -115.47735801 -145.8216328
 -131.45622675 -133.48063422 -146.84619157 -144.08226766 -133.08216759
 -136.2025071  -150.11927668 -145.05217174 -134.28787819 -142.54047892]
inrs_hat:  [-34.67888899 -22.00193022 -37.24294594  -4.48765797 -34.83193275
 -20.4665267  -22.49093418 -35.85649153 -33.09256762 -22.09246755
 -25.21280706 -39.12957664 -34.0624717  -23.29817815 -31.55077888]
scheduled_ues:  [ 0  1  2  4  5  6  7  8  9 10 11 12 13 14]
(1, 15, 1, 4, 1, 1)
caused INR: -18.88471836480441
TpsAltruisticFromLsfGain + IndividualEstimated_INR + -15.0
None
ls_gain_coeffs:
[-145.66858903 -132.99163027 -148.23264598 -115.47735801 -145.8216328
 -131.45622675 -133.48063422 -146.84619157 -144.08226766 -133.08216759
 -136.2025071  -150.11927668 -145.05217174 -134.28787819 -142.54047892]
inrs_hat:  [-34.67888899 -22.00193022 -37.24294594  -4.48765797 -34.83193275
 -20.4665267  -22.49093418 -35.85649153 -33.09256762 -22.09246755
 -25.21280706 -39.12957664 -34.0624717  -23.29817815 -31.55077888]
scheduled_ues:  [ 0  1  2  4  5  6  7  8  9 10 11 12 13 14]
(1, 15, 1, 4, 1, 1)
caused INR: -18.88471836480441
TpsAltruisticFromLsfGain + CumulativeIndividualEstimated_INR + -10.0
None
(1, 15, 1, 4, 1, 1)
caused INR: -18.88471836480441
TpsAltruisticFromLsfGain + CumulativeIndividualEstimated_INR + -12.5
None
(1, 15, 1, 4, 1, 1)
caused INR: -18.88471836480441
TpsAltruisticFromLsfGain + CumulativeIndividualEstimated_INR + -15.0
None
(1, 15, 1, 4, 1, 1)
caused INR: -20.34639543250965
TpsRandomic + IndividualEstimated_INR + -10.0
None
ls_gain_coeffs:
[-142.1797149  -119.37269903 -132.12534158  -94.47923037 -145.8216328
 -131.45622675 -133.48063422 -135.18459934 -127.33736962 -133.08216759
 -122.83865624 -136.26353487 -144.6069829  -134.28787819 -140.34412606]
inrs_hat:  [-31.19001486  -8.38299898 -21.13564154  16.51046967 -34.83193275
 -20.4665267  -22.49093418 -24.1948993  -16.34766957 -22.09246755
 -11.8489562  -25.27383483 -33.61728285 -23.29817815 -29.35442601]
scheduled_ues:  [ 0  2  4  5  6  7  8  9 10 11 12 13 14]
(1, 15, 1, 4, 1, 1)
caused INR: -13.273543970951177
TpsRandomic + IndividualEstimated_INR + -12.5
None
ls_gain_coeffs:
[-145.66858903 -131.22563341 -132.12534158  -94.47923037 -129.35220492
 -117.90896296 -133.48063422 -137.50891507 -130.93651842 -129.65000448
 -133.43575451 -150.11927668 -145.05217174 -124.59575767 -140.34412606]
inrs_hat:  [-34.67888899 -20.23593337 -21.13564154  16.51046967 -18.36250487
  -6.91926292 -22.49093418 -26.51921503 -19.94681837 -18.66030444
 -22.44605447 -39.12957664 -34.0624717  -13.60605763 -29.35442601]
scheduled_ues:  [ 0  1  2  4  6  7  8  9 10 11 12 13 14]
(1, 15, 1, 4, 1, 1)
caused INR: -12.381714632413736
TpsRandomic + IndividualEstimated_INR + -15.0
None
ls_gain_coeffs:
[-132.06403099 -131.22563341 -142.58243137  -94.47923037 -129.35220492
 -131.45622675 -133.48063422 -137.50891507 -130.93651842 -129.65000448
 -121.91640538 -150.11927668 -145.05217174 -121.65789959 -140.34412606]
inrs_hat:  [-21.07433094 -20.23593337 -31.59273133  16.51046967 -18.36250487
 -20.4665267  -22.49093418 -26.51921503 -19.94681837 -18.66030444
 -10.92670533 -39.12957664 -34.0624717  -10.66819954 -29.35442601]
scheduled_ues:  [ 0  1  2  4  5  6  7  8  9 11 12 14]
(1, 15, 1, 4, 1, 1)
caused INR: -8.75710470832049
TpsRandomic + CumulativeIndividualEstimated_INR + -10.0
None
(1, 15, 1, 4, 1, 1)
caused INR: -15.62495831130528
TpsRandomic + CumulativeIndividualEstimated_INR + -12.5
None
(1, 15, 1, 4, 1, 1)
caused INR: -9.892207103472073
TpsRandomic + CumulativeIndividualEstimated_INR + -15.0
None
(1, 15, 1, 4, 1, 1)
caused INR: -14.222742049681969
Iteration number 41
TpsAltruisticFromLsfGain + IndividualEstimated_INR + -10.0
None
ls_gain_coeffs:
[-138.05145869 -128.10573693 -132.13244503 -148.31775877 -138.9393182
 -132.2124695  -130.6217913  -149.85797243 -142.09552873 -148.84165863
 -130.85550836 -142.03061812 -139.69477177 -137.83497726 -126.50108859]
inrs_hat:  [-27.06175864 -17.11603689 -21.14274499 -37.32805873 -27.94961816
 -21.22276945 -19.63209126 -38.86827239 -31.10582869 -37.85195858
 -19.86580831 -31.04091808 -28.70507173 -26.84527722 -15.51138855]
scheduled_ues:  [ 0  1  2  3  4  5  6  7  8  9 10 11 12 13 14]
(1, 15, 1, 4, 1, 1)
caused INR: -5.820598653809476
TpsAltruisticFromLsfGain + IndividualEstimated_INR + -12.5
None
ls_gain_coeffs:
[-138.05145869 -128.10573693 -132.13244503 -148.31775877 -138.9393182
 -132.2124695  -130.6217913  -149.85797243 -142.09552873 -148.84165863
 -130.85550836 -142.03061812 -139.69477177 -137.83497726 -126.50108859]
inrs_hat:  [-27.06175864 -17.11603689 -21.14274499 -37.32805873 -27.94961816
 -21.22276945 -19.63209126 -38.86827239 -31.10582869 -37.85195858
 -19.86580831 -31.04091808 -28.70507173 -26.84527722 -15.51138855]
scheduled_ues:  [ 0  1  2  3  4  5  6  7  8  9 10 11 12 13 14]
(1, 15, 1, 4, 1, 1)
caused INR: -5.820598653809476
TpsAltruisticFromLsfGain + IndividualEstimated_INR + -15.0
None
ls_gain_coeffs:
[-138.05145869 -128.10573693 -132.13244503 -148.31775877 -138.9393182
 -132.2124695  -130.6217913  -149.85797243 -142.09552873 -148.84165863
 -130.85550836 -142.03061812 -139.69477177 -137.83497726 -126.50108859]
inrs_hat:  [-27.06175864 -17.11603689 -21.14274499 -37.32805873 -27.94961816
 -21.22276945 -19.63209126 -38.86827239 -31.10582869 -37.85195858
 -19.86580831 -31.04091808 -28.70507173 -26.84527722 -15.51138855]
scheduled_ues:  [ 0  1  2  3  4  5  6  7  8  9 10 11 12 13 14]
(1, 15, 1, 4, 1, 1)
caused INR: -5.820598653809476
TpsAltruisticFromLsfGain + CumulativeIndividualEstimated_INR + -10.0
None
(1, 15, 1, 4, 1, 1)
caused INR: -5.820598653809476
TpsAltruisticFromLsfGain + CumulativeIndividualEstimated_INR + -12.5
None
(1, 15, 1, 4, 1, 1)
caused INR: -14.137827051765974
TpsAltruisticFromLsfGain + CumulativeIndividualEstimated_INR + -15.0
None
(1, 15, 1, 4, 1, 1)
caused INR: -27.14914200207221
TpsRandomic + IndividualEstimated_INR + -10.0
None
ls_gain_coeffs:
[-121.46596378 -114.52491881 -132.13244503 -134.30576624 -138.9393182
 -132.2124695  -121.81283135 -149.85797243 -142.09552873 -134.12983935
 -114.11137988 -128.72288888 -129.48560643 -127.71068855 -118.72576296]
inrs_hat:  [-10.47626373  -3.53521877 -21.14274499 -23.3160662  -27.94961816
 -21.22276945 -10.82313131 -38.86827239 -31.10582869 -23.1401393
  -3.12167983 -17.73318884 -18.49590639 -16.72098851  -7.73606291]
scheduled_ues:  [ 0  2  3  4  5  6  7  8  9 11 12 13]
(1, 15, 1, 4, 1, 1)
caused INR: -3.777497927737649
TpsRandomic + IndividualEstimated_INR + -12.5
None
ls_gain_coeffs:
[-123.79550811 -114.52491881 -117.49438701 -148.31775877 -129.21107911
 -119.95593447 -118.00444647 -149.85797243 -131.1338218  -145.43632971
 -118.87397921 -142.03061812 -139.69477177 -127.71068855 -126.50108859]
inrs_hat:  [-12.80580806  -3.53521877  -6.50468696 -37.32805873 -18.22137907
  -8.96623443  -7.01474643 -38.86827239 -20.14412176 -34.44662966
  -7.88427917 -31.04091808 -28.70507173 -16.72098851 -15.51138855]
scheduled_ues:  [ 0  3  4  7  8  9 11 12 13 14]
(1, 15, 1, 4, 1, 1)
caused INR: -11.927562015624261
TpsRandomic + IndividualEstimated_INR + -15.0
None
ls_gain_coeffs:
[-138.05145869 -124.68808258 -125.54307096 -148.31775877 -127.65365616
 -119.95593447 -121.81283135 -137.08204667 -125.30131115 -145.43632971
 -114.11137988 -142.03061812 -128.54203394 -121.06653896 -118.72576296]
inrs_hat:  [-27.06175864 -13.69838253 -14.55337092 -37.32805873 -16.66395611
  -8.96623443 -10.82313131 -26.09234663 -14.3116111  -34.44662966
  -3.12167983 -31.04091808 -17.5523339  -10.07683892  -7.73606291]
scheduled_ues:  [ 0  3  4  7  9 11 12]
(1, 15, 1, 4, 1, 1)
caused INR: -10.502846728693466
TpsRandomic + CumulativeIndividualEstimated_INR + -10.0
None
(1, 15, 1, 4, 1, 1)
caused INR: -11.623351125727678
TpsRandomic + CumulativeIndividualEstimated_INR + -12.5
None
(1, 15, 1, 4, 1, 1)
caused INR: -11.97499433158708
TpsRandomic + CumulativeIndividualEstimated_INR + -15.0
None
(1, 15, 1, 4, 1, 1)
caused INR: -19.005887556740817
Iteration number 42
TpsAltruisticFromLsfGain + IndividualEstimated_INR + -10.0
None
ls_gain_coeffs:
[-146.66782498 -145.00499245 -150.06665645 -137.84850699 -139.34939733
 -141.25110425 -140.0252789  -151.90019199 -147.38111946 -135.70562112
 -142.87760229 -138.15940696 -136.92405244 -135.23077086 -147.67182212]
inrs_hat:  [-35.67812494 -34.01529241 -39.0769564  -26.85880695 -28.35969729
 -30.2614042  -29.03557885 -40.91049194 -36.39141942 -24.71592108
 -31.88790224 -27.16970691 -25.9343524  -24.24107081 -36.68212208]
scheduled_ues:  [ 0  1  2  3  4  5  6  7  8  9 10 11 12 13 14]
(1, 15, 1, 4, 1, 1)
caused INR: -15.716009504808508
TpsAltruisticFromLsfGain + IndividualEstimated_INR + -12.5
None
ls_gain_coeffs:
[-146.66782498 -145.00499245 -150.06665645 -137.84850699 -139.34939733
 -141.25110425 -140.0252789  -151.90019199 -147.38111946 -135.70562112
 -142.87760229 -138.15940696 -136.92405244 -135.23077086 -147.67182212]
inrs_hat:  [-35.67812494 -34.01529241 -39.0769564  -26.85880695 -28.35969729
 -30.2614042  -29.03557885 -40.91049194 -36.39141942 -24.71592108
 -31.88790224 -27.16970691 -25.9343524  -24.24107081 -36.68212208]
scheduled_ues:  [ 0  1  2  3  4  5  6  7  8  9 10 11 12 13 14]
(1, 15, 1, 4, 1, 1)
caused INR: -15.716009504808508
TpsAltruisticFromLsfGain + IndividualEstimated_INR + -15.0
None
ls_gain_coeffs:
[-146.66782498 -145.00499245 -150.06665645 -137.84850699 -139.34939733
 -141.25110425 -140.0252789  -151.90019199 -147.38111946 -135.70562112
 -142.87760229 -138.15940696 -136.92405244 -135.23077086 -147.67182212]
inrs_hat:  [-35.67812494 -34.01529241 -39.0769564  -26.85880695 -28.35969729
 -30.2614042  -29.03557885 -40.91049194 -36.39141942 -24.71592108
 -31.88790224 -27.16970691 -25.9343524  -24.24107081 -36.68212208]
scheduled_ues:  [ 0  1  2  3  4  5  6  7  8  9 10 11 12 13 14]
(1, 15, 1, 4, 1, 1)
caused INR: -15.716009504808508
TpsAltruisticFromLsfGain + CumulativeIndividualEstimated_INR + -10.0
None
(1, 15, 1, 4, 1, 1)
caused INR: -15.716009504808508
TpsAltruisticFromLsfGain + CumulativeIndividualEstimated_INR + -12.5
None
(1, 15, 1, 4, 1, 1)
caused INR: -15.716009504808508
TpsAltruisticFromLsfGain + CumulativeIndividualEstimated_INR + -15.0
None
(1, 15, 1, 4, 1, 1)
caused INR: -15.716009504808508
TpsRandomic + IndividualEstimated_INR + -10.0
None
ls_gain_coeffs:
[-146.66782498 -145.00499245 -150.06665645 -137.84850699 -139.34939733
 -133.2887557  -134.88802448 -146.21665147 -139.11716744 -121.86099004
 -142.87760229 -124.07636385 -136.92405244 -126.54731014 -144.37844028]
inrs_hat:  [-35.67812494 -34.01529241 -39.0769564  -26.85880695 -28.35969729
 -22.29905566 -23.89832444 -35.22695143 -28.1274674  -10.87128999
 -31.88790224 -13.08666381 -25.9343524  -15.55761009 -33.38874024]
scheduled_ues:  [ 0  1  2  3  4  5  6  7  8  9 10 11 12 13 14]
(1, 15, 1, 4, 1, 1)
caused INR: -8.049785984923965
TpsRandomic + IndividualEstimated_INR + -12.5
None
ls_gain_coeffs:
[-130.16762683 -145.00499245 -150.06665645 -124.4756532  -123.93565997
 -133.2887557  -140.0252789  -135.82005188 -139.11716744 -129.75897189
 -141.78856095 -138.15940696 -123.00821103 -126.54731014 -144.37844028]
inrs_hat:  [-19.17792678 -34.01529241 -39.0769564  -13.48595316 -12.94595992
 -22.29905566 -29.03557885 -24.83035183 -28.1274674  -18.76927184
 -30.79886091 -27.16970691 -12.01851099 -15.55761009 -33.38874024]
scheduled_ues:  [ 0  1  2  3  4  5  6  7  8  9 10 11 13 14]
(1, 15, 1, 4, 1, 1)
caused INR: -8.042605112671184
TpsRandomic + IndividualEstimated_INR + -15.0
None
ls_gain_coeffs:
[-138.89609013 -132.14687704 -150.06665645 -137.84850699 -139.34939733
 -128.44704632 -125.88267618 -151.90019199 -134.87930777 -129.75897189
 -130.07298851 -138.15940696 -136.92405244 -135.23077086 -134.13242817]
inrs_hat:  [-27.90639009 -21.15717699 -39.0769564  -26.85880695 -28.35969729
 -17.45734628 -14.89297613 -40.91049194 -23.88960773 -18.76927184
 -19.08328847 -27.16970691 -25.9343524  -24.24107081 -23.14272813]
scheduled_ues:  [ 0  1  2  3  4  5  7  8  9 10 11 12 13 14]
(1, 15, 1, 4, 1, 1)
caused INR: -18.239285865607513
TpsRandomic + CumulativeIndividualEstimated_INR + -10.0
None
(1, 15, 1, 4, 1, 1)
caused INR: -13.63878232677926
TpsRandomic + CumulativeIndividualEstimated_INR + -12.5
None
(1, 15, 1, 4, 1, 1)
caused INR: -16.501127348955954
TpsRandomic + CumulativeIndividualEstimated_INR + -15.0
None
(1, 15, 1, 4, 1, 1)
caused INR: -15.995945462541867
Iteration number 43
TpsAltruisticFromLsfGain + IndividualEstimated_INR + -10.0
None
ls_gain_coeffs:
[-136.97634557 -142.88211082 -144.53529578 -129.40591194 -146.91697617
 -135.32359001 -144.95302597 -138.16565409 -147.00540603 -132.45624075
 -136.51557471 -147.94407701 -133.45323792 -146.11608569 -149.06674958]
inrs_hat:  [-25.98664553 -31.89241078 -33.54559573 -18.41621189 -35.92727613
 -24.33388997 -33.96332593 -27.17595405 -36.01570599 -21.4665407
 -25.52587467 -36.95437697 -22.46353788 -35.12638565 -38.07704954]
scheduled_ues:  [ 0  1  2  3  4  5  6  7  8  9 10 11 12 13 14]
(1, 15, 1, 4, 1, 1)
caused INR: -11.565375715601274
TpsAltruisticFromLsfGain + IndividualEstimated_INR + -12.5
None
ls_gain_coeffs:
[-136.97634557 -142.88211082 -144.53529578 -129.40591194 -146.91697617
 -135.32359001 -144.95302597 -138.16565409 -147.00540603 -132.45624075
 -136.51557471 -147.94407701 -133.45323792 -146.11608569 -149.06674958]
inrs_hat:  [-25.98664553 -31.89241078 -33.54559573 -18.41621189 -35.92727613
 -24.33388997 -33.96332593 -27.17595405 -36.01570599 -21.4665407
 -25.52587467 -36.95437697 -22.46353788 -35.12638565 -38.07704954]
scheduled_ues:  [ 0  1  2  3  4  5  6  7  8  9 10 11 12 13 14]
(1, 15, 1, 4, 1, 1)
caused INR: -11.565375715601274
TpsAltruisticFromLsfGain + IndividualEstimated_INR + -15.0
None
ls_gain_coeffs:
[-136.97634557 -142.88211082 -144.53529578 -129.40591194 -146.91697617
 -135.32359001 -144.95302597 -138.16565409 -147.00540603 -132.45624075
 -136.51557471 -147.94407701 -133.45323792 -146.11608569 -149.06674958]
inrs_hat:  [-25.98664553 -31.89241078 -33.54559573 -18.41621189 -35.92727613
 -24.33388997 -33.96332593 -27.17595405 -36.01570599 -21.4665407
 -25.52587467 -36.95437697 -22.46353788 -35.12638565 -38.07704954]
scheduled_ues:  [ 0  1  2  3  4  5  6  7  8  9 10 11 12 13 14]
(1, 15, 1, 4, 1, 1)
caused INR: -11.565375715601274
TpsAltruisticFromLsfGain + CumulativeIndividualEstimated_INR + -10.0
None
(1, 15, 1, 4, 1, 1)
caused INR: -11.565375715601274
TpsAltruisticFromLsfGain + CumulativeIndividualEstimated_INR + -12.5
None
(1, 15, 1, 4, 1, 1)
caused INR: -11.565375715601274
TpsAltruisticFromLsfGain + CumulativeIndividualEstimated_INR + -15.0
None
(1, 15, 1, 4, 1, 1)
caused INR: -12.672804781414271
TpsRandomic + IndividualEstimated_INR + -10.0
None
ls_gain_coeffs:
[-120.46330911 -142.88211082 -133.95902239 -122.09816714 -146.91697617
 -122.39173248 -141.60032503 -138.16565409 -131.38625436 -132.45624075
 -129.74338895 -143.12084284 -119.31932622 -138.62151841 -149.06674958]
inrs_hat:  [ -9.47360907 -31.89241078 -22.96932235 -11.1084671  -35.92727613
 -11.40203243 -30.61062499 -27.17595405 -20.39655432 -21.4665407
 -18.7536889  -32.1311428   -8.32962618 -27.63181837 -38.07704954]
scheduled_ues:  [ 1  2  3  4  5  6  7  8  9 10 11 13 14]
(1, 15, 1, 4, 1, 1)
caused INR: -11.738717308224118
TpsRandomic + IndividualEstimated_INR + -12.5
None
ls_gain_coeffs:
[-124.34615129 -139.71030031 -133.95902239 -115.73014461 -131.7428767
 -127.0845871  -131.39385899 -127.10910924 -131.38625436 -115.64155582
 -136.51557471 -132.28698756 -119.31932622 -138.62151841 -149.06674958]
inrs_hat:  [-13.35645125 -28.72060027 -22.96932235  -4.74044457 -20.75317666
 -16.09488705 -20.40415895 -16.1194092  -20.39655432  -4.65185578
 -25.52587467 -21.29728752  -8.32962618 -27.63181837 -38.07704954]
scheduled_ues:  [ 0  1  2  4  5  6  7  8 10 11 13 14]
(1, 15, 1, 4, 1, 1)
caused INR: -7.491251036955774
TpsRandomic + IndividualEstimated_INR + -15.0
None
ls_gain_coeffs:
[-120.46330911 -129.38324065 -133.95902239 -115.73014461 -146.91697617
 -122.39173248 -144.95302597 -127.45063926 -147.00540603 -132.45624075
 -136.51557471 -132.28698756 -133.45323792 -133.10308201 -149.06674958]
inrs_hat:  [ -9.47360907 -18.39354061 -22.96932235  -4.74044457 -35.92727613
 -11.40203243 -33.96332593 -16.46093922 -36.01570599 -21.4665407
 -25.52587467 -21.29728752 -22.46353788 -22.11338197 -38.07704954]
scheduled_ues:  [ 1  2  4  6  7  8  9 10 11 12 13 14]
(1, 15, 1, 4, 1, 1)
caused INR: -13.081719067834662
TpsRandomic + CumulativeIndividualEstimated_INR + -10.0
None
(1, 15, 1, 4, 1, 1)
caused INR: -11.683906955417482
TpsRandomic + CumulativeIndividualEstimated_INR + -12.5
None
(1, 15, 1, 4, 1, 1)
caused INR: -14.592902208036065
TpsRandomic + CumulativeIndividualEstimated_INR + -15.0
None
(1, 15, 1, 4, 1, 1)
caused INR: -21.736702979852552
Iteration number 44
TpsAltruisticFromLsfGain + IndividualEstimated_INR + -10.0
None
ls_gain_coeffs:
[-128.3057569  -141.78873622 -147.74770429 -148.59350215 -140.68195125
 -148.29451999 -136.61294188 -141.75839466 -148.24770569 -140.58400374
 -134.57499296 -140.58906256 -146.50607782 -143.81146513 -131.3149119 ]
inrs_hat:  [-17.31605686 -30.79903617 -36.75800425 -37.6038021  -29.6922512
 -37.30481994 -25.62324184 -30.76869462 -37.25800565 -29.59430369
 -23.58529292 -29.59936252 -35.51637777 -32.82176509 -20.32521185]
scheduled_ues:  [ 0  1  2  3  4  5  6  7  8  9 10 11 12 13 14]
(1, 15, 1, 4, 1, 1)
caused INR: -15.522930010557463
TpsAltruisticFromLsfGain + IndividualEstimated_INR + -12.5
None
ls_gain_coeffs:
[-128.3057569  -141.78873622 -147.74770429 -148.59350215 -140.68195125
 -148.29451999 -136.61294188 -141.75839466 -148.24770569 -140.58400374
 -134.57499296 -140.58906256 -146.50607782 -143.81146513 -131.3149119 ]
inrs_hat:  [-17.31605686 -30.79903617 -36.75800425 -37.6038021  -29.6922512
 -37.30481994 -25.62324184 -30.76869462 -37.25800565 -29.59430369
 -23.58529292 -29.59936252 -35.51637777 -32.82176509 -20.32521185]
scheduled_ues:  [ 0  1  2  3  4  5  6  7  8  9 10 11 12 13 14]
(1, 15, 1, 4, 1, 1)
caused INR: -15.522930010557463
TpsAltruisticFromLsfGain + IndividualEstimated_INR + -15.0
None
ls_gain_coeffs:
[-128.3057569  -141.78873622 -147.74770429 -148.59350215 -140.68195125
 -148.29451999 -136.61294188 -141.75839466 -148.24770569 -140.58400374
 -134.57499296 -140.58906256 -146.50607782 -143.81146513 -131.3149119 ]
inrs_hat:  [-17.31605686 -30.79903617 -36.75800425 -37.6038021  -29.6922512
 -37.30481994 -25.62324184 -30.76869462 -37.25800565 -29.59430369
 -23.58529292 -29.59936252 -35.51637777 -32.82176509 -20.32521185]
scheduled_ues:  [ 0  1  2  3  4  5  6  7  8  9 10 11 12 13 14]
(1, 15, 1, 4, 1, 1)
caused INR: -15.522930010557463
TpsAltruisticFromLsfGain + CumulativeIndividualEstimated_INR + -10.0
None
(1, 15, 1, 4, 1, 1)
caused INR: -15.522930010557463
TpsAltruisticFromLsfGain + CumulativeIndividualEstimated_INR + -12.5
None
(1, 15, 1, 4, 1, 1)
caused INR: -15.522930010557463
TpsAltruisticFromLsfGain + CumulativeIndividualEstimated_INR + -15.0
None
(1, 15, 1, 4, 1, 1)
caused INR: -21.921933740605425
TpsRandomic + IndividualEstimated_INR + -10.0
None
ls_gain_coeffs:
[-115.60047995 -128.19296451 -130.9481484  -132.17466228 -127.56127501
 -142.50961803 -122.57421106 -135.19169064 -138.4319047  -128.01801704
 -122.57604231 -126.98242227 -136.35377279 -129.72782741 -121.49305865]
inrs_hat:  [ -4.61077991 -17.20326446 -19.95844835 -21.18496224 -16.57157497
 -31.51991799 -11.58451102 -24.2019906  -27.44220466 -17.02831699
 -11.58634227 -15.99272223 -25.36407275 -18.73812737 -10.50335861]
scheduled_ues:  [ 1  2  3  4  5  6  7  8  9 10 11 12 13 14]
(1, 15, 1, 4, 1, 1)
caused INR: 0.5159421978162296
TpsRandomic + IndividualEstimated_INR + -12.5
None
ls_gain_coeffs:
[-115.60047995 -128.19296451 -130.9481484  -148.59350215 -127.56127501
 -132.13109979 -122.57421106 -127.95497263 -148.24770569 -128.01801704
 -117.10109175 -140.58906256 -136.35377279 -129.72782741 -131.3149119 ]
inrs_hat:  [ -4.61077991 -17.20326446 -19.95844835 -37.6038021  -16.57157497
 -21.14139974 -11.58451102 -16.96527259 -37.25800565 -17.02831699
  -6.1113917  -29.59936252 -25.36407275 -18.73812737 -20.32521185]
scheduled_ues:  [ 1  2  3  4  5  7  8  9 11 12 13 14]
(1, 15, 1, 4, 1, 1)
caused INR: -5.751613493201676
TpsRandomic + IndividualEstimated_INR + -15.0
None
ls_gain_coeffs:
[-115.60047995 -141.78873622 -130.9481484  -148.59350215 -127.56127501
 -142.50961803 -123.37277647 -135.19169064 -131.49780151 -140.58400374
 -122.57604231 -124.195287   -135.6741338  -143.81146513 -121.49305865]
inrs_hat:  [ -4.61077991 -30.79903617 -19.95844835 -37.6038021  -16.57157497
 -31.51991799 -12.38307643 -24.2019906  -20.50810146 -29.59430369
 -11.58634227 -13.20558696 -24.68443376 -32.82176509 -10.50335861]
scheduled_ues:  [ 1  2  3  4  5  7  8  9 12 13]
(1, 15, 1, 4, 1, 1)
caused INR: -19.332934193030265
TpsRandomic + CumulativeIndividualEstimated_INR + -10.0
None
(1, 15, 1, 4, 1, 1)
caused INR: -12.981369672238293
TpsRandomic + CumulativeIndividualEstimated_INR + -12.5
None
(1, 15, 1, 4, 1, 1)
caused INR: -13.381208577004593
TpsRandomic + CumulativeIndividualEstimated_INR + -15.0
None
(1, 15, 1, 4, 1, 1)
caused INR: -17.49895363369134
Iteration number 45
TpsAltruisticFromLsfGain + IndividualEstimated_INR + -10.0
None
ls_gain_coeffs:
[-137.76002119 -137.89575203 -146.58087348 -145.69019475 -127.835181
 -144.85581757 -112.37342699 -124.56589657 -138.735229   -145.70224627
 -114.43137137 -150.84196686 -145.81786884 -144.70808442 -136.08454673]
inrs_hat:  [-26.77032115 -26.90605199 -35.59117344 -34.7004947  -16.84548095
 -33.86611753  -1.38372694 -13.57619653 -27.74552896 -34.71254623
  -3.44167133 -39.85226682 -34.8281688  -33.71838438 -25.09484669]
scheduled_ues:  [ 0  1  2  3  4  5  7  8  9 11 12 13 14]
(1, 15, 1, 4, 1, 1)
caused INR: -19.637990673226877
TpsAltruisticFromLsfGain + IndividualEstimated_INR + -12.5
None
ls_gain_coeffs:
[-137.76002119 -137.89575203 -146.58087348 -145.69019475 -127.835181
 -144.85581757 -112.37342699 -124.56589657 -138.735229   -145.70224627
 -114.43137137 -150.84196686 -145.81786884 -144.70808442 -136.08454673]
inrs_hat:  [-26.77032115 -26.90605199 -35.59117344 -34.7004947  -16.84548095
 -33.86611753  -1.38372694 -13.57619653 -27.74552896 -34.71254623
  -3.44167133 -39.85226682 -34.8281688  -33.71838438 -25.09484669]
scheduled_ues:  [ 0  1  2  3  4  5  7  8  9 11 12 13 14]
(1, 15, 1, 4, 1, 1)
caused INR: -19.637990673226877
TpsAltruisticFromLsfGain + IndividualEstimated_INR + -15.0
None
ls_gain_coeffs:
[-137.76002119 -137.89575203 -146.58087348 -145.69019475 -127.835181
 -144.85581757 -112.37342699 -124.56589657 -138.735229   -145.70224627
 -114.43137137 -150.84196686 -145.81786884 -144.70808442 -136.08454673]
inrs_hat:  [-26.77032115 -26.90605199 -35.59117344 -34.7004947  -16.84548095
 -33.86611753  -1.38372694 -13.57619653 -27.74552896 -34.71254623
  -3.44167133 -39.85226682 -34.8281688  -33.71838438 -25.09484669]
scheduled_ues:  [ 0  1  2  3  4  5  8  9 11 12 13 14]
(1, 15, 1, 4, 1, 1)
caused INR: -19.819311602051034
TpsAltruisticFromLsfGain + CumulativeIndividualEstimated_INR + -10.0
None
(1, 15, 1, 4, 1, 1)
caused INR: -19.637990673226877
TpsAltruisticFromLsfGain + CumulativeIndividualEstimated_INR + -12.5
None
(1, 15, 1, 4, 1, 1)
caused INR: -19.819311602051034
TpsAltruisticFromLsfGain + CumulativeIndividualEstimated_INR + -15.0
None
(1, 15, 1, 4, 1, 1)
caused INR: -25.698454745811826
TpsRandomic + IndividualEstimated_INR + -10.0
None
ls_gain_coeffs:
[-121.09227439 -137.24646047 -134.34073294 -145.69019475 -118.07653306
 -143.29625268  -93.38161097 -110.00158215 -122.08539474 -129.1128314
 -113.65827466 -145.07037822 -145.81786884 -140.02242572 -136.08454673]
inrs_hat:  [-10.10257434 -26.25676043 -23.35103289 -34.7004947   -7.08683302
 -32.30655263  17.60808908   0.98811789 -11.09569469 -18.12313136
  -2.66857462 -34.08067817 -34.8281688  -29.03272567 -25.09484669]
scheduled_ues:  [ 0  1  2  3  5  8  9 11 12 13 14]
(1, 15, 1, 4, 1, 1)
caused INR: -9.79650850802766
TpsRandomic + IndividualEstimated_INR + -12.5
None
ls_gain_coeffs:
[-137.76002119 -125.02129099 -146.58087348 -131.86609114 -118.07653306
 -143.29625268 -100.82045124 -106.53011306 -127.31106174 -129.1128314
 -113.65827466 -150.84196686 -138.23302693 -129.14271195 -119.32135836]
inrs_hat:  [-26.77032115 -14.03159095 -35.59117344 -20.8763911   -7.08683302
 -32.30655263  10.1692488    4.45958698 -16.32136169 -18.12313136
  -2.66857462 -39.85226682 -27.24332689 -18.15301191  -8.33165831]
scheduled_ues:  [ 0  1  2  3  5  8  9 11 12 13]
(1, 15, 1, 4, 1, 1)
caused INR: -3.439041595074798
TpsRandomic + IndividualEstimated_INR + -15.0
None
ls_gain_coeffs:
[-121.09227439 -137.89575203 -129.88904035 -129.46406754 -114.2866857
 -131.37450764 -100.82045124 -106.53011306 -129.30132774 -137.53426129
 -114.43137137 -150.84196686 -138.23302693 -140.02242572 -136.08454673]
inrs_hat:  [-10.10257434 -26.90605199 -18.89934031 -18.4743675   -3.29698566
 -20.3848076   10.1692488    4.45958698 -18.3116277  -26.54456125
  -3.44167133 -39.85226682 -27.24332689 -29.03272567 -25.09484669]
scheduled_ues:  [ 1  2  3  5  8  9 11 12 13 14]
(1, 15, 1, 4, 1, 1)
caused INR: -14.107007206149099
TpsRandomic + CumulativeIndividualEstimated_INR + -10.0
None
(1, 15, 1, 4, 1, 1)
caused INR: -23.991318260176296
TpsRandomic + CumulativeIndividualEstimated_INR + -12.5
None
(1, 15, 1, 4, 1, 1)
caused INR: -9.595372797219238
TpsRandomic + CumulativeIndividualEstimated_INR + -15.0
None
(1, 15, 1, 4, 1, 1)
caused INR: -11.476895356632655
Iteration number 46
TpsAltruisticFromLsfGain + IndividualEstimated_INR + -10.0
None
ls_gain_coeffs:
[-150.30217778 -102.18321215 -147.71791823 -123.36140561 -147.91699019
 -148.36452597 -150.03557366 -141.1696499  -146.86338188 -132.00912706
 -131.69873955 -124.93464352 -154.16647618 -138.61016929 -134.68555001]
inrs_hat:  [-39.31247774   8.80648789 -36.72821819 -12.37170556 -36.92729015
 -37.37482593 -39.04587362 -30.17994986 -35.87368183 -21.01942702
 -20.70903951 -13.94494348 -43.17677613 -27.62046925 -23.69584996]
scheduled_ues:  [ 0  2  3  4  5  6  7  8  9 10 11 12 13 14]
(1, 15, 1, 4, 1, 1)
caused INR: -15.790224767694452
TpsAltruisticFromLsfGain + IndividualEstimated_INR + -12.5
None
ls_gain_coeffs:
[-150.30217778 -102.18321215 -147.71791823 -123.36140561 -147.91699019
 -148.36452597 -150.03557366 -141.1696499  -146.86338188 -132.00912706
 -131.69873955 -124.93464352 -154.16647618 -138.61016929 -134.68555001]
inrs_hat:  [-39.31247774   8.80648789 -36.72821819 -12.37170556 -36.92729015
 -37.37482593 -39.04587362 -30.17994986 -35.87368183 -21.01942702
 -20.70903951 -13.94494348 -43.17677613 -27.62046925 -23.69584996]
scheduled_ues:  [ 0  2  4  5  6  7  8  9 10 11 12 13 14]
(1, 15, 1, 4, 1, 1)
caused INR: -9.617816045115964
TpsAltruisticFromLsfGain + IndividualEstimated_INR + -15.0
None
ls_gain_coeffs:
[-150.30217778 -102.18321215 -147.71791823 -123.36140561 -147.91699019
 -148.36452597 -150.03557366 -141.1696499  -146.86338188 -132.00912706
 -131.69873955 -124.93464352 -154.16647618 -138.61016929 -134.68555001]
inrs_hat:  [-39.31247774   8.80648789 -36.72821819 -12.37170556 -36.92729015
 -37.37482593 -39.04587362 -30.17994986 -35.87368183 -21.01942702
 -20.70903951 -13.94494348 -43.17677613 -27.62046925 -23.69584996]
scheduled_ues:  [ 0  2  4  5  6  7  8  9 10 12 13 14]
(1, 15, 1, 4, 1, 1)
caused INR: -11.283203392473531
TpsAltruisticFromLsfGain + CumulativeIndividualEstimated_INR + -10.0
None
(1, 15, 1, 4, 1, 1)
caused INR: -9.617816045115964
TpsAltruisticFromLsfGain + CumulativeIndividualEstimated_INR + -12.5
None
(1, 15, 1, 4, 1, 1)
caused INR: -11.283203392473531
TpsAltruisticFromLsfGain + CumulativeIndividualEstimated_INR + -15.0
None
(1, 15, 1, 4, 1, 1)
caused INR: -11.283203392473531
TpsRandomic + IndividualEstimated_INR + -10.0
None
ls_gain_coeffs:
[-137.79453971  -98.96138353 -147.71791823 -123.36140561 -134.00318347
 -140.03460618 -136.06670851 -141.1696499  -136.91944524 -123.63551692
 -128.76928817 -124.93464352 -154.16647618 -131.66267312 -118.14645019]
inrs_hat:  [-26.80483966  12.02831651 -36.72821819 -12.37170556 -23.01348343
 -29.04490614 -25.07700847 -30.17994986 -25.92974519 -12.64581687
 -17.77958813 -13.94494348 -43.17677613 -20.67297308  -7.15675015]
scheduled_ues:  [ 0  2  3  4  5  6  7  8  9 10 11 12 13]
(1, 15, 1, 4, 1, 1)
caused INR: -14.340656891007713
TpsRandomic + IndividualEstimated_INR + -12.5
None
ls_gain_coeffs:
[-137.79453971 -102.18321215 -135.98442045 -108.72357278 -141.92551628
 -140.03460618 -150.03557366 -141.1696499  -135.2236086  -117.64921949
 -131.69873955 -108.11341784 -148.00282223 -124.8797337  -134.68555001]
inrs_hat:  [-26.80483966   8.80648789 -24.99472041   2.26612726 -30.93581624
 -29.04490614 -39.04587362 -30.17994986 -24.23390856  -6.65951945
 -20.70903951   2.87628221 -37.01312218 -13.89003366 -23.69584996]
scheduled_ues:  [ 0  2  4  5  6  7  8 10 12 13 14]
(1, 15, 1, 4, 1, 1)
caused INR: -10.167119694401375
TpsRandomic + IndividualEstimated_INR + -15.0
None
ls_gain_coeffs:
[-133.84753321 -102.18321215 -135.98442045 -109.82168919 -141.92551628
 -135.89451846 -150.03557366 -129.74825641 -129.85072692 -132.00912706
 -128.76928817 -124.93464352 -148.00282223 -138.61016929 -121.75397658]
inrs_hat:  [-22.85783316   8.80648789 -24.99472041   1.16801085 -30.93581624
 -24.90481842 -39.04587362 -18.75855637 -18.86102688 -21.01942702
 -17.77958813 -13.94494348 -37.01312218 -27.62046925 -10.76427654]
scheduled_ues:  [ 0  2  4  5  6  7  8  9 10 12 13]
(1, 15, 1, 4, 1, 1)
caused INR: -12.762064878416302
TpsRandomic + CumulativeIndividualEstimated_INR + -10.0
None
(1, 15, 1, 4, 1, 1)
caused INR: -8.238877824257752
TpsRandomic + CumulativeIndividualEstimated_INR + -12.5
None
(1, 15, 1, 4, 1, 1)
caused INR: -13.56082892490419
TpsRandomic + CumulativeIndividualEstimated_INR + -15.0
None
(1, 15, 1, 4, 1, 1)
caused INR: -18.32646659371268
Iteration number 47
TpsAltruisticFromLsfGain + IndividualEstimated_INR + -10.0
None
ls_gain_coeffs:
[-141.34264815 -140.76780146 -146.64620797 -144.21953958 -123.93145081
 -137.70708909 -139.2611366  -154.28602808 -141.28760148 -143.96371296
 -148.11981292 -153.35165883 -113.24127913 -133.38665547 -132.97772452]
inrs_hat:  [-30.35294811 -29.77810142 -35.65650793 -33.22983954 -12.94175077
 -26.71738904 -28.27143656 -43.29632804 -30.29790143 -32.97401292
 -37.13011287 -42.36195879  -2.25157908 -22.39695542 -21.98802448]
scheduled_ues:  [ 0  1  2  3  4  5  6  7  8  9 10 11 13 14]
(1, 15, 1, 4, 1, 1)
caused INR: -13.64127309555238
TpsAltruisticFromLsfGain + IndividualEstimated_INR + -12.5
None
ls_gain_coeffs:
[-141.34264815 -140.76780146 -146.64620797 -144.21953958 -123.93145081
 -137.70708909 -139.2611366  -154.28602808 -141.28760148 -143.96371296
 -148.11981292 -153.35165883 -113.24127913 -133.38665547 -132.97772452]
inrs_hat:  [-30.35294811 -29.77810142 -35.65650793 -33.22983954 -12.94175077
 -26.71738904 -28.27143656 -43.29632804 -30.29790143 -32.97401292
 -37.13011287 -42.36195879  -2.25157908 -22.39695542 -21.98802448]
scheduled_ues:  [ 0  1  2  3  4  5  6  7  8  9 10 11 13 14]
(1, 15, 1, 4, 1, 1)
caused INR: -13.64127309555238
TpsAltruisticFromLsfGain + IndividualEstimated_INR + -15.0
None
ls_gain_coeffs:
[-141.34264815 -140.76780146 -146.64620797 -144.21953958 -123.93145081
 -137.70708909 -139.2611366  -154.28602808 -141.28760148 -143.96371296
 -148.11981292 -153.35165883 -113.24127913 -133.38665547 -132.97772452]
inrs_hat:  [-30.35294811 -29.77810142 -35.65650793 -33.22983954 -12.94175077
 -26.71738904 -28.27143656 -43.29632804 -30.29790143 -32.97401292
 -37.13011287 -42.36195879  -2.25157908 -22.39695542 -21.98802448]
scheduled_ues:  [ 0  1  2  3  5  6  7  8  9 10 11 13 14]
(1, 15, 1, 4, 1, 1)
caused INR: -14.3647584782234
TpsAltruisticFromLsfGain + CumulativeIndividualEstimated_INR + -10.0
None
(1, 15, 1, 4, 1, 1)
caused INR: -13.64127309555238
TpsAltruisticFromLsfGain + CumulativeIndividualEstimated_INR + -12.5
None
(1, 15, 1, 4, 1, 1)
caused INR: -14.3647584782234
TpsAltruisticFromLsfGain + CumulativeIndividualEstimated_INR + -15.0
None
(1, 15, 1, 4, 1, 1)
caused INR: -14.3647584782234
TpsRandomic + IndividualEstimated_INR + -10.0
None
ls_gain_coeffs:
[-135.39447643 -123.9324313  -135.20755227 -132.88107451 -123.93145081
 -136.90494189 -130.45702694 -140.34014476 -125.84827258 -130.8539986
 -148.11981292 -136.6189758  -106.38141103 -133.38665547 -129.84787313]
inrs_hat:  [-24.40477638 -12.94273125 -24.21785223 -21.89137447 -12.94175077
 -25.91524184 -19.4673269  -29.35044471 -14.85857254 -19.86429856
 -37.13011287 -25.62927576   4.60828901 -22.39695542 -18.85817309]
scheduled_ues:  [ 0  1  2  3  4  5  6  7  8  9 10 11 13 14]
(1, 15, 1, 4, 1, 1)
caused INR: -4.349588589438779
TpsRandomic + IndividualEstimated_INR + -12.5
None
ls_gain_coeffs:
[-125.14530698 -123.9324313  -146.64620797 -127.46561831 -109.7550105
 -136.90494189 -122.40909111 -138.83586143 -141.28760148 -142.96154142
 -136.39859167 -143.91088015  -96.22643373 -127.20556934 -119.49284073]
inrs_hat:  [-14.15560694 -12.94273125 -35.65650793 -16.47591826   1.23468954
 -25.91524184 -11.41939107 -27.84616139 -30.29790143 -31.97184138
 -25.40889163 -32.9211801   14.76326631 -16.2158693   -8.50314068]
scheduled_ues:  [ 0  1  2  3  5  7  8  9 10 11 13]
(1, 15, 1, 4, 1, 1)
caused INR: -8.776311911555286
TpsRandomic + IndividualEstimated_INR + -15.0
None
ls_gain_coeffs:
[-141.34264815 -123.9324313  -129.93374889 -132.88107451 -123.93145081
 -124.99810669 -126.80275528 -140.34014476 -141.28760148 -130.8539986
 -131.28216269 -136.6189758  -113.24127913 -133.38665547 -119.49284073]
inrs_hat:  [-30.35294811 -12.94273125 -18.94404885 -21.89137447 -12.94175077
 -14.00840664 -15.81305524 -29.35044471 -30.29790143 -19.86429856
 -20.29246265 -25.62927576  -2.25157908 -22.39695542  -8.50314068]
scheduled_ues:  [ 0  2  3  6  7  8  9 10 11 13]
(1, 15, 1, 4, 1, 1)
caused INR: -5.341859999881622
TpsRandomic + CumulativeIndividualEstimated_INR + -10.0
None
(1, 15, 1, 4, 1, 1)
caused INR: -14.207870305281137
TpsRandomic + CumulativeIndividualEstimated_INR + -12.5
None
(1, 15, 1, 4, 1, 1)
caused INR: -6.645128234566771
TpsRandomic + CumulativeIndividualEstimated_INR + -15.0
None
(1, 15, 1, 4, 1, 1)
caused INR: -18.32428910653466
Iteration number 48
TpsAltruisticFromLsfGain + IndividualEstimated_INR + -10.0
None
ls_gain_coeffs:
[-144.90831912 -145.06073091 -107.32699146 -127.65501919 -139.83708153
 -143.84192829 -130.86331065 -136.60066594 -137.75713579 -118.90556822
 -140.6966434  -146.48926135 -141.36969612 -131.5560816  -128.00430008]
inrs_hat:  [-33.91861907 -34.07103087   3.66270858 -16.66531915 -28.84738149
 -32.85222825 -19.87361061 -25.6109659  -26.76743575  -7.91586818
 -29.70694336 -35.49956131 -30.37999608 -20.56638155 -17.01460004]
scheduled_ues:  [ 0  1  3  4  5  6  7  8 10 11 12 13 14]
(1, 15, 1, 4, 1, 1)
caused INR: -9.967496458462744
TpsAltruisticFromLsfGain + IndividualEstimated_INR + -12.5
None
ls_gain_coeffs:
[-144.90831912 -145.06073091 -107.32699146 -127.65501919 -139.83708153
 -143.84192829 -130.86331065 -136.60066594 -137.75713579 -118.90556822
 -140.6966434  -146.48926135 -141.36969612 -131.5560816  -128.00430008]
inrs_hat:  [-33.91861907 -34.07103087   3.66270858 -16.66531915 -28.84738149
 -32.85222825 -19.87361061 -25.6109659  -26.76743575  -7.91586818
 -29.70694336 -35.49956131 -30.37999608 -20.56638155 -17.01460004]
scheduled_ues:  [ 0  1  3  4  5  6  7  8 10 11 12 13 14]
(1, 15, 1, 4, 1, 1)
caused INR: -9.967496458462744
TpsAltruisticFromLsfGain + IndividualEstimated_INR + -15.0
None
ls_gain_coeffs:
[-144.90831912 -145.06073091 -107.32699146 -127.65501919 -139.83708153
 -143.84192829 -130.86331065 -136.60066594 -137.75713579 -118.90556822
 -140.6966434  -146.48926135 -141.36969612 -131.5560816  -128.00430008]
inrs_hat:  [-33.91861907 -34.07103087   3.66270858 -16.66531915 -28.84738149
 -32.85222825 -19.87361061 -25.6109659  -26.76743575  -7.91586818
 -29.70694336 -35.49956131 -30.37999608 -20.56638155 -17.01460004]
scheduled_ues:  [ 0  1  3  4  5  6  7  8 10 11 12 13 14]
(1, 15, 1, 4, 1, 1)
caused INR: -9.967496458462744
TpsAltruisticFromLsfGain + CumulativeIndividualEstimated_INR + -10.0
None
(1, 15, 1, 4, 1, 1)
caused INR: -9.967496458462744
TpsAltruisticFromLsfGain + CumulativeIndividualEstimated_INR + -12.5
None
(1, 15, 1, 4, 1, 1)
caused INR: -14.403592572769144
TpsAltruisticFromLsfGain + CumulativeIndividualEstimated_INR + -15.0
None
(1, 15, 1, 4, 1, 1)
caused INR: -17.678056199080668
TpsRandomic + IndividualEstimated_INR + -10.0
None
ls_gain_coeffs:
[-144.90831912 -145.06073091  -89.4356006  -121.85545013 -128.40875629
 -130.86447664 -118.70705073 -119.41606921 -121.32046621 -104.20792593
 -132.67479741 -146.48926135 -129.3307238  -113.97354215 -118.22447411]
inrs_hat:  [-33.91861907 -34.07103087  21.55409944 -10.86575009 -17.41905625
 -19.87477659  -7.71735069  -8.42636917 -10.33076617   6.78177411
 -21.68509737 -35.49956131 -18.34102375  -2.98384211  -7.23477406]
scheduled_ues:  [ 0  1  3  4  5  8 10 11 12]
(1, 15, 1, 4, 1, 1)
caused INR: -8.907548092076906
TpsRandomic + IndividualEstimated_INR + -12.5
None
ls_gain_coeffs:
[-133.60211631 -128.1444227   -89.4356006  -127.65501919 -122.75863717
 -130.32862498 -118.70705073 -126.25497882 -137.75713579 -101.95188364
 -127.83894763 -129.75722229 -141.36969612 -113.97354215 -116.42318519]
inrs_hat:  [-22.61241627 -17.15472266  21.55409944 -16.66531915 -11.76893713
 -19.33892494  -7.71735069 -15.26527878 -26.76743575   9.0378164
 -16.84924759 -18.76752224 -30.37999608  -2.98384211  -5.43348514]
scheduled_ues:  [ 0  1  3  5  7  8 10 11 12]
(1, 15, 1, 4, 1, 1)
caused INR: -5.539804851790759
TpsRandomic + IndividualEstimated_INR + -15.0
None
ls_gain_coeffs:
[-127.96596452 -145.06073091  -99.15230518 -113.2802295  -129.55011806
 -130.86447664 -120.22243036 -136.60066594 -137.75713579 -104.20792593
 -127.83894763 -134.19107364 -124.42524767 -131.5560816  -118.22447411]
inrs_hat:  [-16.97626448 -34.07103087  11.83739487  -2.29052946 -18.56041801
 -19.87477659  -9.23273032 -25.6109659  -26.76743575   6.78177411
 -16.84924759 -23.2013736  -13.43554762 -20.56638155  -7.23477406]
scheduled_ues:  [ 0  1  4  5  7  8 10 11 13]
(1, 15, 1, 4, 1, 1)
caused INR: -12.176821312837943
TpsRandomic + CumulativeIndividualEstimated_INR + -10.0
None
(1, 15, 1, 4, 1, 1)
caused INR: -2.438400403818106
TpsRandomic + CumulativeIndividualEstimated_INR + -12.5
None
(1, 15, 1, 4, 1, 1)
caused INR: -14.065630231586375
TpsRandomic + CumulativeIndividualEstimated_INR + -15.0
None
(1, 15, 1, 4, 1, 1)
caused INR: -21.62197713717482
Iteration number 49
TpsAltruisticFromLsfGain + IndividualEstimated_INR + -10.0
None
ls_gain_coeffs:
[-146.77192807 -132.46230984 -144.06904258 -125.85333765 -132.72468015
 -135.01746805 -134.83547181 -146.08589175 -128.09623789 -132.13195101
 -144.00383582 -141.08349113 -139.44664863 -133.57884829 -139.2174549 ]
inrs_hat:  [-35.78222803 -21.4726098  -33.07934254 -14.86363761 -21.73498011
 -24.02776801 -23.84577177 -35.09619171 -17.10653785 -21.14225097
 -33.01413577 -30.09379109 -28.45694859 -22.58914825 -28.22775486]
scheduled_ues:  [ 0  1  2  3  4  5  6  7  8  9 10 11 12 13 14]
(1, 15, 1, 4, 1, 1)
caused INR: -14.725254855397374
TpsAltruisticFromLsfGain + IndividualEstimated_INR + -12.5
None
ls_gain_coeffs:
[-146.77192807 -132.46230984 -144.06904258 -125.85333765 -132.72468015
 -135.01746805 -134.83547181 -146.08589175 -128.09623789 -132.13195101
 -144.00383582 -141.08349113 -139.44664863 -133.57884829 -139.2174549 ]
inrs_hat:  [-35.78222803 -21.4726098  -33.07934254 -14.86363761 -21.73498011
 -24.02776801 -23.84577177 -35.09619171 -17.10653785 -21.14225097
 -33.01413577 -30.09379109 -28.45694859 -22.58914825 -28.22775486]
scheduled_ues:  [ 0  1  2  3  4  5  6  7  8  9 10 11 12 13 14]
(1, 15, 1, 4, 1, 1)
caused INR: -14.725254855397374
TpsAltruisticFromLsfGain + IndividualEstimated_INR + -15.0
None
ls_gain_coeffs:
[-146.77192807 -132.46230984 -144.06904258 -125.85333765 -132.72468015
 -135.01746805 -134.83547181 -146.08589175 -128.09623789 -132.13195101
 -144.00383582 -141.08349113 -139.44664863 -133.57884829 -139.2174549 ]
inrs_hat:  [-35.78222803 -21.4726098  -33.07934254 -14.86363761 -21.73498011
 -24.02776801 -23.84577177 -35.09619171 -17.10653785 -21.14225097
 -33.01413577 -30.09379109 -28.45694859 -22.58914825 -28.22775486]
scheduled_ues:  [ 0  1  2  4  5  6  7  8  9 10 11 12 13 14]
(1, 15, 1, 4, 1, 1)
caused INR: -8.809740825108921
TpsAltruisticFromLsfGain + CumulativeIndividualEstimated_INR + -10.0
None
(1, 15, 1, 4, 1, 1)
caused INR: -14.725254855397374
TpsAltruisticFromLsfGain + CumulativeIndividualEstimated_INR + -12.5
None
(1, 15, 1, 4, 1, 1)
caused INR: -10.064865153207226
TpsAltruisticFromLsfGain + CumulativeIndividualEstimated_INR + -15.0
None
(1, 15, 1, 4, 1, 1)
caused INR: -14.454660339606956
TpsRandomic + IndividualEstimated_INR + -10.0
None
ls_gain_coeffs:
[-146.77192807 -118.34771423 -144.06904258 -111.60489787 -132.72468015
 -122.42369148 -132.65804213 -132.17672092 -114.7356572  -119.30368325
 -144.00383582 -128.40170531 -127.49649292 -118.49134654 -126.74345923]
inrs_hat:  [-35.78222803  -7.35801419 -33.07934254  -0.61519783 -21.73498011
 -11.43399143 -21.66834209 -21.18702088  -3.74595716  -8.3139832
 -33.01413577 -17.41200527 -16.50679288  -7.5016465  -15.75375918]
scheduled_ues:  [ 0  2  4  5  6  7 10 11 12 14]
(1, 15, 1, 4, 1, 1)
caused INR: -3.5643522213404113
TpsRandomic + IndividualEstimated_INR + -12.5
None
ls_gain_coeffs:
[-133.04883619 -132.46230984 -144.06904258 -111.60489787 -115.35381968
 -117.48875563 -134.83547181 -146.08589175 -120.5711714  -118.91701548
 -141.98823832 -141.08349113 -127.49649292 -133.57884829 -126.74345923]
inrs_hat:  [-22.05913615 -21.4726098  -33.07934254  -0.61519783  -4.36411963
  -6.49905559 -23.84577177 -35.09619171  -9.58147136  -7.92731544
 -30.99853828 -30.09379109 -16.50679288 -22.58914825 -15.75375918]
scheduled_ues:  [ 0  1  2  6  7 10 11 12 13 14]
(1, 15, 1, 4, 1, 1)
caused INR: -10.198838891122556
TpsRandomic + IndividualEstimated_INR + -15.0
None
ls_gain_coeffs:
[-140.38393919 -125.17147936 -144.06904258 -119.71384357 -120.48396044
 -124.99541979 -132.65804213 -129.85942949 -114.7356572  -132.13195101
 -130.21850415 -132.5750089  -122.60672642 -133.57884829 -131.10278562]
inrs_hat:  [-29.39423915 -14.18177931 -33.07934254  -8.72414352  -9.49426039
 -14.00571975 -21.66834209 -18.86972945  -3.74595716 -21.14225097
 -19.22880411 -21.58530886 -11.61702637 -22.58914825 -20.11308558]
scheduled_ues:  [ 0  2  6  7  9 10 11 13 14]
(1, 15, 1, 4, 1, 1)
caused INR: -8.398434808539108
TpsRandomic + CumulativeIndividualEstimated_INR + -10.0
None
(1, 15, 1, 4, 1, 1)
caused INR: -13.094775100296843
TpsRandomic + CumulativeIndividualEstimated_INR + -12.5
None
(1, 15, 1, 4, 1, 1)
caused INR: -14.40625691612944
TpsRandomic + CumulativeIndividualEstimated_INR + -15.0
None
(1, 15, 1, 4, 1, 1)
caused INR: -16.811345295817695
Iteration number 50
TpsAltruisticFromLsfGain + IndividualEstimated_INR + -10.0
None
ls_gain_coeffs:
[-146.78130208 -149.16451974 -147.99573725 -144.73306186 -142.56555074
 -149.47185816 -144.4588723  -150.07705758 -132.95650603 -150.86415569
 -149.33120423 -150.14991948 -133.57102665 -128.85350524 -156.16162679]
inrs_hat:  [-35.79160203 -38.17481969 -37.0060372  -33.74336182 -31.5758507
 -38.48215811 -33.46917226 -39.08735754 -21.96680599 -39.87445565
 -38.34150418 -39.16021944 -22.58132661 -17.86380519 -45.17192674]
scheduled_ues:  [ 0  1  2  3  4  5  6  7  8  9 10 11 12 13 14]
(1, 15, 1, 4, 1, 1)
caused INR: -13.031392465401815
TpsAltruisticFromLsfGain + IndividualEstimated_INR + -12.5
None
ls_gain_coeffs:
[-146.78130208 -149.16451974 -147.99573725 -144.73306186 -142.56555074
 -149.47185816 -144.4588723  -150.07705758 -132.95650603 -150.86415569
 -149.33120423 -150.14991948 -133.57102665 -128.85350524 -156.16162679]
inrs_hat:  [-35.79160203 -38.17481969 -37.0060372  -33.74336182 -31.5758507
 -38.48215811 -33.46917226 -39.08735754 -21.96680599 -39.87445565
 -38.34150418 -39.16021944 -22.58132661 -17.86380519 -45.17192674]
scheduled_ues:  [ 0  1  2  3  4  5  6  7  8  9 10 11 12 13 14]
(1, 15, 1, 4, 1, 1)
caused INR: -13.031392465401815
TpsAltruisticFromLsfGain + IndividualEstimated_INR + -15.0
None
ls_gain_coeffs:
[-146.78130208 -149.16451974 -147.99573725 -144.73306186 -142.56555074
 -149.47185816 -144.4588723  -150.07705758 -132.95650603 -150.86415569
 -149.33120423 -150.14991948 -133.57102665 -128.85350524 -156.16162679]
inrs_hat:  [-35.79160203 -38.17481969 -37.0060372  -33.74336182 -31.5758507
 -38.48215811 -33.46917226 -39.08735754 -21.96680599 -39.87445565
 -38.34150418 -39.16021944 -22.58132661 -17.86380519 -45.17192674]
scheduled_ues:  [ 0  1  2  3  4  5  6  7  8  9 10 11 12 13 14]
(1, 15, 1, 4, 1, 1)
caused INR: -13.031392465401815
TpsAltruisticFromLsfGain + CumulativeIndividualEstimated_INR + -10.0
None
(1, 15, 1, 4, 1, 1)
caused INR: -13.031392465401815
TpsAltruisticFromLsfGain + CumulativeIndividualEstimated_INR + -12.5
None
(1, 15, 1, 4, 1, 1)
caused INR: -13.031392465401815
TpsAltruisticFromLsfGain + CumulativeIndividualEstimated_INR + -15.0
None
(1, 15, 1, 4, 1, 1)
caused INR: -13.031392465401815
TpsRandomic + IndividualEstimated_INR + -10.0
None
ls_gain_coeffs:
[-144.177415   -141.73003189 -133.23723377 -134.51031859 -129.51307226
 -146.68157095 -138.08267142 -150.07705758 -132.95650603 -150.86415569
 -149.33120423 -149.24960724 -120.04658318 -115.2476316  -139.46798501]
inrs_hat:  [-33.18771496 -30.74033185 -22.24753372 -23.52061855 -18.52337221
 -35.6918709  -27.09297137 -39.08735754 -21.96680599 -39.87445565
 -38.34150418 -38.25990719  -9.05688314  -4.25793156 -28.47828497]
scheduled_ues:  [ 0  1  2  3  4  5  6  7  8  9 10 11 14]
(1, 15, 1, 4, 1, 1)
caused INR: -15.5731527932105
TpsRandomic + IndividualEstimated_INR + -12.5
None
ls_gain_coeffs:
[-133.47173972 -141.73003189 -144.52038202 -127.85301617 -128.90219377
 -149.47185816 -138.08267142 -133.38123885 -119.42024705 -150.86415569
 -140.54775247 -149.24960724 -124.64341681 -128.85350524 -139.46798501]
inrs_hat:  [-22.48203967 -30.74033185 -33.53068198 -16.86331613 -17.91249373
 -38.48215811 -27.09297137 -22.39153881  -8.430547   -39.87445565
 -29.55805243 -38.25990719 -13.65371676 -17.86380519 -28.47828497]
scheduled_ues:  [ 0  1  2  3  4  5  6  7  9 10 11 12 13 14]
(1, 15, 1, 4, 1, 1)
caused INR: -3.2648091902325587
TpsRandomic + IndividualEstimated_INR + -15.0
None
ls_gain_coeffs:
[-146.78130208 -136.19885969 -147.99573725 -133.63731375 -128.90219377
 -136.10016242 -128.16285666 -133.38123885 -116.49364715 -143.3722234
 -149.33120423 -137.4082154  -116.12419999 -115.2476316  -146.68864471]
inrs_hat:  [-35.79160203 -25.20915964 -37.0060372  -22.64761371 -17.91249373
 -25.11046238 -17.17315661 -22.39153881  -5.50394711 -32.38252335
 -38.34150418 -26.41851536  -5.13449995  -4.25793156 -35.69894467]
scheduled_ues:  [ 0  1  2  3  4  5  6  7  9 10 11 14]
(1, 15, 1, 4, 1, 1)
caused INR: -14.528782000829612
TpsRandomic + CumulativeIndividualEstimated_INR + -10.0
None
(1, 15, 1, 4, 1, 1)
caused INR: -9.86161803085945
TpsRandomic + CumulativeIndividualEstimated_INR + -12.5
None
(1, 15, 1, 4, 1, 1)
caused INR: -9.726349296491806
TpsRandomic + CumulativeIndividualEstimated_INR + -15.0
None
(1, 15, 1, 4, 1, 1)
caused INR: -18.366454482988228
Iteration number 51
TpsAltruisticFromLsfGain + IndividualEstimated_INR + -10.0
None
ls_gain_coeffs:
[-150.9506794  -134.05194798 -131.7607478  -150.18821405 -146.45622373
 -142.11785466 -143.53757031 -147.67470993 -153.11102402 -122.40933854
 -147.51029204 -129.85963189 -132.56223214 -135.33835405 -128.79562276]
inrs_hat:  [-39.96097935 -23.06224794 -20.77104776 -39.19851401 -35.46652369
 -31.12815462 -32.54787027 -36.68500989 -42.12132398 -11.4196385
 -36.520592   -18.86993184 -21.5725321  -24.34865401 -17.80592271]
scheduled_ues:  [ 0  1  2  3  4  5  6  7  8  9 10 11 12 13 14]
(1, 15, 1, 4, 1, 1)
caused INR: -8.64553034848506
TpsAltruisticFromLsfGain + IndividualEstimated_INR + -12.5
None
ls_gain_coeffs:
[-150.9506794  -134.05194798 -131.7607478  -150.18821405 -146.45622373
 -142.11785466 -143.53757031 -147.67470993 -153.11102402 -122.40933854
 -147.51029204 -129.85963189 -132.56223214 -135.33835405 -128.79562276]
inrs_hat:  [-39.96097935 -23.06224794 -20.77104776 -39.19851401 -35.46652369
 -31.12815462 -32.54787027 -36.68500989 -42.12132398 -11.4196385
 -36.520592   -18.86993184 -21.5725321  -24.34865401 -17.80592271]
scheduled_ues:  [ 0  1  2  3  4  5  6  7  8 10 11 12 13 14]
(1, 15, 1, 4, 1, 1)
caused INR: -8.91714879852012
TpsAltruisticFromLsfGain + IndividualEstimated_INR + -15.0
None
ls_gain_coeffs:
[-150.9506794  -134.05194798 -131.7607478  -150.18821405 -146.45622373
 -142.11785466 -143.53757031 -147.67470993 -153.11102402 -122.40933854
 -147.51029204 -129.85963189 -132.56223214 -135.33835405 -128.79562276]
inrs_hat:  [-39.96097935 -23.06224794 -20.77104776 -39.19851401 -35.46652369
 -31.12815462 -32.54787027 -36.68500989 -42.12132398 -11.4196385
 -36.520592   -18.86993184 -21.5725321  -24.34865401 -17.80592271]
scheduled_ues:  [ 0  1  2  3  4  5  6  7  8 10 11 12 13 14]
(1, 15, 1, 4, 1, 1)
caused INR: -8.91714879852012
TpsAltruisticFromLsfGain + CumulativeIndividualEstimated_INR + -10.0
None
(1, 15, 1, 4, 1, 1)
caused INR: -8.91714879852012
TpsAltruisticFromLsfGain + CumulativeIndividualEstimated_INR + -12.5
None
(1, 15, 1, 4, 1, 1)
caused INR: -8.91714879852012
TpsAltruisticFromLsfGain + CumulativeIndividualEstimated_INR + -15.0
None
(1, 15, 1, 4, 1, 1)
caused INR: -11.446536641070564
TpsRandomic + IndividualEstimated_INR + -10.0
None
ls_gain_coeffs:
[-134.22781966 -119.85601425 -126.02523077 -134.22653364 -134.34396912
 -142.11785466 -134.2474638  -134.18227407 -141.60162995 -115.58954633
 -134.11239421 -116.41925858 -119.21142439 -122.71442849 -112.06210871]
inrs_hat:  [-23.23811962  -8.8663142  -15.03553073 -23.2368336  -23.35426908
 -31.12815462 -23.25776376 -23.19257403 -30.61192991  -4.59984628
 -23.12269417  -5.42955853  -8.22172435 -11.72472844  -1.07240867]
scheduled_ues:  [ 0  2  3  4  5  6  7  8 10 13]
(1, 15, 1, 4, 1, 1)
caused INR: -14.914928231313901
TpsRandomic + IndividualEstimated_INR + -12.5
None
ls_gain_coeffs:
[-134.22781966 -118.10168051 -115.49546978 -144.89770869 -134.34396912
 -133.91652139 -134.2474638  -134.18227407 -136.36227123 -115.58954633
 -131.25099446 -129.85963189 -125.33804992 -135.33835405 -121.14278791]
inrs_hat:  [-23.23811962  -7.11198047  -4.50576974 -33.90800864 -23.35426908
 -22.92682134 -23.25776376 -23.19257403 -25.37257118  -4.59984628
 -20.26129442 -18.86993184 -14.34834987 -24.34865401 -10.15308787]
scheduled_ues:  [ 0  3  4  5  6  7  8 10 11 12 13]
(1, 15, 1, 4, 1, 1)
caused INR: -10.240500482678742
TpsRandomic + IndividualEstimated_INR + -15.0
None
ls_gain_coeffs:
[-138.88325755 -128.78894678 -117.40730879 -134.22653364 -137.43110236
 -142.11785466 -131.48475756 -147.67470993 -141.60162995 -107.69447447
 -131.25099446 -128.36147192 -125.33804992 -122.53210292 -115.42302951]
inrs_hat:  [-27.8935575  -17.79924674  -6.41760875 -23.2368336  -26.44140232
 -31.12815462 -20.49505751 -36.68500989 -30.61192991   3.29522557
 -20.26129442 -17.37177188 -14.34834987 -11.54240288  -4.43332946]
scheduled_ues:  [ 0  1  3  4  5  6  7  8 10 11]
(1, 15, 1, 4, 1, 1)
caused INR: -15.865352079926126
TpsRandomic + CumulativeIndividualEstimated_INR + -10.0
None
(1, 15, 1, 4, 1, 1)
caused INR: -10.796591394819915
TpsRandomic + CumulativeIndividualEstimated_INR + -12.5
None
(1, 15, 1, 4, 1, 1)
caused INR: -15.517154084273264
TpsRandomic + CumulativeIndividualEstimated_INR + -15.0
None
(1, 15, 1, 4, 1, 1)
caused INR: -19.270860911442007
Iteration number 52
TpsAltruisticFromLsfGain + IndividualEstimated_INR + -10.0
None
ls_gain_coeffs:
[-133.81066656 -147.02555478 -149.33331922 -146.1028359  -149.47940867
 -149.50025114 -136.36117706 -134.40189046 -141.93095589 -142.32265131
 -131.8228946  -139.57151549 -141.8745257  -146.17748865 -139.96129349]
inrs_hat:  [-22.82096652 -36.03585474 -38.34361918 -35.11313585 -38.48970862
 -38.5105511  -25.37147701 -23.41219042 -30.94125585 -31.33295126
 -20.83319456 -28.58181545 -30.88482566 -35.18778861 -28.97159345]
scheduled_ues:  [ 0  1  2  3  4  5  6  7  8  9 10 11 12 13 14]
(1, 15, 1, 4, 1, 1)
caused INR: -11.740498588791812
TpsAltruisticFromLsfGain + IndividualEstimated_INR + -12.5
None
ls_gain_coeffs:
[-133.81066656 -147.02555478 -149.33331922 -146.1028359  -149.47940867
 -149.50025114 -136.36117706 -134.40189046 -141.93095589 -142.32265131
 -131.8228946  -139.57151549 -141.8745257  -146.17748865 -139.96129349]
inrs_hat:  [-22.82096652 -36.03585474 -38.34361918 -35.11313585 -38.48970862
 -38.5105511  -25.37147701 -23.41219042 -30.94125585 -31.33295126
 -20.83319456 -28.58181545 -30.88482566 -35.18778861 -28.97159345]
scheduled_ues:  [ 0  1  2  3  4  5  6  7  8  9 10 11 12 13 14]
(1, 15, 1, 4, 1, 1)
caused INR: -11.740498588791812
TpsAltruisticFromLsfGain + IndividualEstimated_INR + -15.0
None
ls_gain_coeffs:
[-133.81066656 -147.02555478 -149.33331922 -146.1028359  -149.47940867
 -149.50025114 -136.36117706 -134.40189046 -141.93095589 -142.32265131
 -131.8228946  -139.57151549 -141.8745257  -146.17748865 -139.96129349]
inrs_hat:  [-22.82096652 -36.03585474 -38.34361918 -35.11313585 -38.48970862
 -38.5105511  -25.37147701 -23.41219042 -30.94125585 -31.33295126
 -20.83319456 -28.58181545 -30.88482566 -35.18778861 -28.97159345]
scheduled_ues:  [ 0  1  2  3  4  5  6  7  8  9 10 11 12 13 14]
(1, 15, 1, 4, 1, 1)
caused INR: -11.740498588791812
TpsAltruisticFromLsfGain + CumulativeIndividualEstimated_INR + -10.0
None
(1, 15, 1, 4, 1, 1)
caused INR: -11.740498588791812
TpsAltruisticFromLsfGain + CumulativeIndividualEstimated_INR + -12.5
None
(1, 15, 1, 4, 1, 1)
caused INR: -11.740498588791812
TpsAltruisticFromLsfGain + CumulativeIndividualEstimated_INR + -15.0
None
(1, 15, 1, 4, 1, 1)
caused INR: -11.740498588791812
TpsRandomic + IndividualEstimated_INR + -10.0
None
ls_gain_coeffs:
[-123.73895244 -140.1612099  -149.33331922 -132.78300703 -149.47940867
 -149.50025114 -127.74678377 -123.99831803 -141.93095589 -126.7303663
 -131.8228946  -122.89314413 -141.8745257  -129.77084183 -126.68405857]
inrs_hat:  [-12.7492524  -29.17150985 -38.34361918 -21.79330699 -38.48970862
 -38.5105511  -16.75708373 -13.00861799 -30.94125585 -15.74066625
 -20.83319456 -11.90344409 -30.88482566 -18.78114178 -15.69435853]
scheduled_ues:  [ 0  1  2  3  4  5  6  7  8  9 10 11 12 13 14]
(1, 15, 1, 4, 1, 1)
caused INR: -5.294226569751384
TpsRandomic + IndividualEstimated_INR + -12.5
None
ls_gain_coeffs:
[-123.73895244 -147.02555478 -136.63019862 -144.7854926  -137.65009597
 -139.69515793 -119.65230487 -123.99831803 -141.00578798 -126.7303663
 -128.67454602 -122.89314413 -125.49674817 -132.81369148 -139.96129349]
inrs_hat:  [-12.7492524  -36.03585474 -25.64049857 -33.79579256 -26.66039592
 -28.70545789  -8.66260483 -13.00861799 -30.01608794 -15.74066625
 -17.68484598 -11.90344409 -14.50704813 -21.82399144 -28.97159345]
scheduled_ues:  [ 0  1  2  3  4  5  7  8  9 10 12 13 14]
(1, 15, 1, 4, 1, 1)
caused INR: -8.136975545113998
TpsRandomic + IndividualEstimated_INR + -15.0
None
ls_gain_coeffs:
[-133.81066656 -133.53262286 -132.83396977 -133.22212146 -132.74064113
 -132.80909381 -127.74678377 -122.38748125 -128.87257728 -128.3057088
 -131.8228946  -139.57151549 -125.49674817 -146.17748865 -137.45438874]
inrs_hat:  [-22.82096652 -22.54292281 -21.84426972 -22.23242142 -21.75094108
 -21.81939376 -16.75708373 -11.39778121 -17.88287724 -17.31600876
 -20.83319456 -28.58181545 -14.50704813 -35.18778861 -26.46468869]
scheduled_ues:  [ 0  1  2  3  4  5  6  8  9 10 11 13 14]
(1, 15, 1, 4, 1, 1)
caused INR: -7.537523775230363
TpsRandomic + CumulativeIndividualEstimated_INR + -10.0
None
(1, 15, 1, 4, 1, 1)
caused INR: -13.91205559215418
TpsRandomic + CumulativeIndividualEstimated_INR + -12.5
None
(1, 15, 1, 4, 1, 1)
caused INR: -24.27822931711061
TpsRandomic + CumulativeIndividualEstimated_INR + -15.0
None
(1, 15, 1, 4, 1, 1)
caused INR: -14.01260481129658
Iteration number 53
TpsAltruisticFromLsfGain + IndividualEstimated_INR + -10.0
None
ls_gain_coeffs:
[-133.34025008 -144.80346291 -132.43680563 -142.14348359 -148.34533027
 -140.94325088 -147.49428227 -143.22339634 -129.11965999 -144.18993013
 -137.02569497 -137.11123286 -142.58873994 -133.50583837 -146.15117791]
inrs_hat:  [-22.35055004 -33.81376287 -21.44710559 -31.15378355 -37.35563023
 -29.95355083 -36.50458222 -32.23369629 -18.12995995 -33.20023009
 -26.03599493 -26.12153282 -31.59903989 -22.51613833 -35.16147787]
scheduled_ues:  [ 0  1  2  3  4  5  6  7  8  9 10 11 12 13 14]
(1, 15, 1, 4, 1, 1)
caused INR: -13.780490232896824
TpsAltruisticFromLsfGain + IndividualEstimated_INR + -12.5
None
ls_gain_coeffs:
[-133.34025008 -144.80346291 -132.43680563 -142.14348359 -148.34533027
 -140.94325088 -147.49428227 -143.22339634 -129.11965999 -144.18993013
 -137.02569497 -137.11123286 -142.58873994 -133.50583837 -146.15117791]
inrs_hat:  [-22.35055004 -33.81376287 -21.44710559 -31.15378355 -37.35563023
 -29.95355083 -36.50458222 -32.23369629 -18.12995995 -33.20023009
 -26.03599493 -26.12153282 -31.59903989 -22.51613833 -35.16147787]
scheduled_ues:  [ 0  1  2  3  4  5  6  7  8  9 10 11 12 13 14]
(1, 15, 1, 4, 1, 1)
caused INR: -13.780490232896824
TpsAltruisticFromLsfGain + IndividualEstimated_INR + -15.0
None
ls_gain_coeffs:
[-133.34025008 -144.80346291 -132.43680563 -142.14348359 -148.34533027
 -140.94325088 -147.49428227 -143.22339634 -129.11965999 -144.18993013
 -137.02569497 -137.11123286 -142.58873994 -133.50583837 -146.15117791]
inrs_hat:  [-22.35055004 -33.81376287 -21.44710559 -31.15378355 -37.35563023
 -29.95355083 -36.50458222 -32.23369629 -18.12995995 -33.20023009
 -26.03599493 -26.12153282 -31.59903989 -22.51613833 -35.16147787]
scheduled_ues:  [ 0  1  2  3  4  5  6  7  8  9 10 11 12 13 14]
(1, 15, 1, 4, 1, 1)
caused INR: -13.780490232896824
TpsAltruisticFromLsfGain + CumulativeIndividualEstimated_INR + -10.0
None
(1, 15, 1, 4, 1, 1)
caused INR: -13.780490232896824
TpsAltruisticFromLsfGain + CumulativeIndividualEstimated_INR + -12.5
None
(1, 15, 1, 4, 1, 1)
caused INR: -13.780490232896824
TpsAltruisticFromLsfGain + CumulativeIndividualEstimated_INR + -15.0
None
(1, 15, 1, 4, 1, 1)
caused INR: -16.850579792104742
TpsRandomic + IndividualEstimated_INR + -10.0
None
ls_gain_coeffs:
[-123.94587611 -144.80346291 -121.60616999 -134.80887048 -148.34533027
 -124.15472066 -131.44988361 -129.35814496 -129.11965999 -133.02123213
 -137.02569497 -137.11123286 -142.58873994 -133.50583837 -132.37470092]
inrs_hat:  [-12.95617607 -33.81376287 -10.61646995 -23.81917043 -37.35563023
 -13.16502061 -20.46018357 -18.36844491 -18.12995995 -22.03153208
 -26.03599493 -26.12153282 -31.59903989 -22.51613833 -21.38500088]
scheduled_ues:  [ 0  1  2  3  4  5  6  7  8  9 10 11 12 13 14]
(1, 15, 1, 4, 1, 1)
caused INR: -6.973873064111143
TpsRandomic + IndividualEstimated_INR + -12.5
None
ls_gain_coeffs:
[-116.02140082 -131.17438217 -115.56729557 -134.80887048 -132.39950711
 -140.94325088 -141.9353511  -126.82147499 -129.11965999 -134.01294489
 -134.98572451 -137.11123286 -127.04646775 -133.50583837 -131.03982393]
inrs_hat:  [ -5.03170078 -20.18468213  -4.57759553 -23.81917043 -21.40980707
 -29.95355083 -30.94565105 -15.83177495 -18.12995995 -23.02324485
 -23.99602447 -26.12153282 -16.05676771 -22.51613833 -20.05012389]
scheduled_ues:  [ 1  3  4  5  6  7  8  9 10 11 12 13 14]
(1, 15, 1, 4, 1, 1)
caused INR: -16.250025687655924
TpsRandomic + IndividualEstimated_INR + -15.0
None
ls_gain_coeffs:
[-123.94587611 -129.98690143 -115.56729557 -134.80887048 -132.39950711
 -131.16374249 -141.9353511  -143.22339634 -115.74236172 -134.01294489
 -134.98572451 -137.11123286 -142.58873994 -117.12512688 -131.03982393]
inrs_hat:  [-12.95617607 -18.99720139  -4.57759553 -23.81917043 -21.40980707
 -20.17404245 -30.94565105 -32.23369629  -4.75266168 -23.02324485
 -23.99602447 -26.12153282 -31.59903989  -6.13542684 -20.05012389]
scheduled_ues:  [ 1  3  4  5  6  7  9 10 11 12 14]
(1, 15, 1, 4, 1, 1)
caused INR: -13.02830644407157
TpsRandomic + CumulativeIndividualEstimated_INR + -10.0
None
(1, 15, 1, 4, 1, 1)
caused INR: -9.464024672876578
TpsRandomic + CumulativeIndividualEstimated_INR + -12.5
None
(1, 15, 1, 4, 1, 1)
caused INR: -13.316887850142471
TpsRandomic + CumulativeIndividualEstimated_INR + -15.0
None
(1, 15, 1, 4, 1, 1)
caused INR: -26.81675225158844
Iteration number 54
TpsAltruisticFromLsfGain + IndividualEstimated_INR + -10.0
None
ls_gain_coeffs:
[-131.3732933  -146.69025167 -131.18921297 -145.25856216 -137.18682618
 -130.0284175  -147.90594022 -134.42848142 -126.18033055 -127.54971435
 -133.13286453 -140.84769976 -133.54241778 -131.39255798 -133.58328262]
inrs_hat:  [-20.38359326 -35.70055162 -20.19951293 -34.26886212 -26.19712613
 -19.03871746 -36.91624017 -23.43878137 -15.1906305  -16.5600143
 -22.14316449 -29.85799971 -22.55271774 -20.40285794 -22.59358258]
scheduled_ues:  [ 0  1  2  3  4  5  6  7  8  9 10 11 12 13 14]
(1, 15, 1, 4, 1, 1)
caused INR: -15.568499536632936
TpsAltruisticFromLsfGain + IndividualEstimated_INR + -12.5
None
ls_gain_coeffs:
[-131.3732933  -146.69025167 -131.18921297 -145.25856216 -137.18682618
 -130.0284175  -147.90594022 -134.42848142 -126.18033055 -127.54971435
 -133.13286453 -140.84769976 -133.54241778 -131.39255798 -133.58328262]
inrs_hat:  [-20.38359326 -35.70055162 -20.19951293 -34.26886212 -26.19712613
 -19.03871746 -36.91624017 -23.43878137 -15.1906305  -16.5600143
 -22.14316449 -29.85799971 -22.55271774 -20.40285794 -22.59358258]
scheduled_ues:  [ 0  1  2  3  4  5  6  7  8  9 10 11 12 13 14]
(1, 15, 1, 4, 1, 1)
caused INR: -15.568499536632936
TpsAltruisticFromLsfGain + IndividualEstimated_INR + -15.0
None
ls_gain_coeffs:
[-131.3732933  -146.69025167 -131.18921297 -145.25856216 -137.18682618
 -130.0284175  -147.90594022 -134.42848142 -126.18033055 -127.54971435
 -133.13286453 -140.84769976 -133.54241778 -131.39255798 -133.58328262]
inrs_hat:  [-20.38359326 -35.70055162 -20.19951293 -34.26886212 -26.19712613
 -19.03871746 -36.91624017 -23.43878137 -15.1906305  -16.5600143
 -22.14316449 -29.85799971 -22.55271774 -20.40285794 -22.59358258]
scheduled_ues:  [ 0  1  2  3  4  5  6  7  8  9 10 11 12 13 14]
(1, 15, 1, 4, 1, 1)
caused INR: -15.568499536632936
TpsAltruisticFromLsfGain + CumulativeIndividualEstimated_INR + -10.0
None
(1, 15, 1, 4, 1, 1)
caused INR: -11.71499705591442
TpsAltruisticFromLsfGain + CumulativeIndividualEstimated_INR + -12.5
None
(1, 15, 1, 4, 1, 1)
caused INR: -14.204673632312696
TpsAltruisticFromLsfGain + CumulativeIndividualEstimated_INR + -15.0
None
(1, 15, 1, 4, 1, 1)
caused INR: -26.77572495821329
TpsRandomic + IndividualEstimated_INR + -10.0
None
ls_gain_coeffs:
[-116.90767726 -146.69025167 -131.18921297 -145.25856216 -137.18682618
 -130.0284175  -131.18858725 -120.16182703 -126.18033055 -115.55900211
 -128.62997734 -135.29809281 -118.92695415 -119.01612239 -120.02094431]
inrs_hat:  [ -5.91797722 -35.70055162 -20.19951293 -34.26886212 -26.19712613
 -19.03871746 -20.1988872   -9.17212698 -15.1906305   -4.56930206
 -17.6402773  -24.30839277  -7.93725411  -8.02642234  -9.03124427]
scheduled_ues:  [ 1  2  3  4  5  6  8 10 11]
(1, 15, 1, 4, 1, 1)
caused INR: -11.566589081597972
TpsRandomic + IndividualEstimated_INR + -12.5
None
ls_gain_coeffs:
[-114.88366122 -146.69025167 -118.45253366 -128.87364758 -137.18682618
 -128.24151107 -135.53624598 -121.07435422 -112.56495721 -109.08927464
 -128.62997734 -135.29809281 -133.54241778 -122.82536552 -133.58328262]
inrs_hat:  [ -3.89396118 -35.70055162  -7.46283362 -17.88394754 -26.19712613
 -17.25181102 -24.54654593 -10.08465418  -1.57525716   1.90042541
 -17.6402773  -24.30839277 -22.55271774 -11.83566548 -22.59358258]
scheduled_ues:  [ 1  3  4  5  6 10 11 12 14]
(1, 15, 1, 4, 1, 1)
caused INR: -28.948012993808078
TpsRandomic + IndividualEstimated_INR + -15.0
None
ls_gain_coeffs:
[-125.30124518 -146.69025167 -118.45253366 -128.87364758 -120.6887621
 -130.0284175  -131.18858725 -131.69089983 -124.41967054 -115.55900211
 -117.68933974 -124.71020798 -120.01388597 -131.39255798 -117.24314552]
inrs_hat:  [-14.31154514 -35.70055162  -7.46283362 -17.88394754  -9.69906206
 -19.03871746 -20.1988872  -20.70119979 -13.42997049  -4.56930206
  -6.69963969 -13.72050794  -9.02418592 -20.40285794  -6.25344547]
scheduled_ues:  [ 1  3  5  6  7 13]
(1, 15, 1, 4, 1, 1)
caused INR: -18.20380178471425
TpsRandomic + CumulativeIndividualEstimated_INR + -10.0
None
(1, 15, 1, 4, 1, 1)
caused INR: -12.739171397554474
TpsRandomic + CumulativeIndividualEstimated_INR + -12.5
None
(1, 15, 1, 4, 1, 1)
caused INR: -18.34119888336874
TpsRandomic + CumulativeIndividualEstimated_INR + -15.0
None
(1, 15, 1, 4, 1, 1)
caused INR: -21.743457958207102
Iteration number 55
TpsAltruisticFromLsfGain + IndividualEstimated_INR + -10.0
None
ls_gain_coeffs:
[-143.00282301 -137.37715403 -141.67239797 -143.37932557 -142.79777499
 -141.67824202 -151.91305238 -135.69221547 -146.70063773 -144.1709564
 -137.65206688 -138.34019909 -139.65668007 -135.0150356  -148.43408777]
inrs_hat:  [-32.01312296 -26.38745399 -30.68269792 -32.38962553 -31.80807494
 -30.68854197 -40.92335233 -24.70251542 -35.71093769 -33.18125635
 -26.66236683 -27.35049905 -28.66698003 -24.02533555 -37.44438773]
scheduled_ues:  [ 0  1  2  3  4  5  6  7  8  9 10 11 12 13 14]
(1, 15, 1, 4, 1, 1)
caused INR: -15.544280875206912
TpsAltruisticFromLsfGain + IndividualEstimated_INR + -12.5
None
ls_gain_coeffs:
[-143.00282301 -137.37715403 -141.67239797 -143.37932557 -142.79777499
 -141.67824202 -151.91305238 -135.69221547 -146.70063773 -144.1709564
 -137.65206688 -138.34019909 -139.65668007 -135.0150356  -148.43408777]
inrs_hat:  [-32.01312296 -26.38745399 -30.68269792 -32.38962553 -31.80807494
 -30.68854197 -40.92335233 -24.70251542 -35.71093769 -33.18125635
 -26.66236683 -27.35049905 -28.66698003 -24.02533555 -37.44438773]
scheduled_ues:  [ 0  1  2  3  4  5  6  7  8  9 10 11 12 13 14]
(1, 15, 1, 4, 1, 1)
caused INR: -15.544280875206912
TpsAltruisticFromLsfGain + IndividualEstimated_INR + -15.0
None
ls_gain_coeffs:
[-143.00282301 -137.37715403 -141.67239797 -143.37932557 -142.79777499
 -141.67824202 -151.91305238 -135.69221547 -146.70063773 -144.1709564
 -137.65206688 -138.34019909 -139.65668007 -135.0150356  -148.43408777]
inrs_hat:  [-32.01312296 -26.38745399 -30.68269792 -32.38962553 -31.80807494
 -30.68854197 -40.92335233 -24.70251542 -35.71093769 -33.18125635
 -26.66236683 -27.35049905 -28.66698003 -24.02533555 -37.44438773]
scheduled_ues:  [ 0  1  2  3  4  5  6  7  8  9 10 11 12 13 14]
(1, 15, 1, 4, 1, 1)
caused INR: -15.544280875206912
TpsAltruisticFromLsfGain + CumulativeIndividualEstimated_INR + -10.0
None
(1, 15, 1, 4, 1, 1)
caused INR: -15.544280875206912
TpsAltruisticFromLsfGain + CumulativeIndividualEstimated_INR + -12.5
None
(1, 15, 1, 4, 1, 1)
caused INR: -15.544280875206912
TpsAltruisticFromLsfGain + CumulativeIndividualEstimated_INR + -15.0
None
(1, 15, 1, 4, 1, 1)
caused INR: -15.544280875206912
TpsRandomic + IndividualEstimated_INR + -10.0
None
ls_gain_coeffs:
[-126.01677895 -128.5225397  -134.96425611 -143.37932557 -128.78539261
 -135.43007948 -151.91305238 -124.92795284 -131.06655182 -137.2195288
 -131.56529013 -138.34019909 -139.65668007 -117.80592827 -140.57683374]
inrs_hat:  [-15.02707891 -17.53283966 -23.97455606 -32.38962553 -17.79569257
 -24.44037943 -40.92335233 -13.93825279 -20.07685177 -26.22982876
 -20.57559009 -27.35049905 -28.66698003  -6.81622823 -29.5871337 ]
scheduled_ues:  [ 0  1  2  3  4  5  6  7  8  9 10 11 12 14]
(1, 15, 1, 4, 1, 1)
caused INR: -21.698549954270057
TpsRandomic + IndividualEstimated_INR + -12.5
None
ls_gain_coeffs:
[-126.01677895 -128.5225397  -125.23350513 -143.37932557 -128.78539261
 -125.38495057 -140.87611313 -135.69221547 -132.66279477 -137.2195288
 -131.56529013 -125.45872642 -126.94822774 -121.92599687 -148.43408777]
inrs_hat:  [-15.02707891 -17.53283966 -14.24380509 -32.38962553 -17.79569257
 -14.39525053 -29.88641309 -24.70251542 -21.67309473 -26.22982876
 -20.57559009 -14.46902638 -15.9585277  -10.93629683 -37.44438773]
scheduled_ues:  [ 0  1  2  3  4  5  6  7  8  9 10 11 12 14]
(1, 15, 1, 4, 1, 1)
caused INR: -14.712756700878561
TpsRandomic + IndividualEstimated_INR + -15.0
None
ls_gain_coeffs:
[-132.18416284 -125.22966882 -125.23350513 -143.37932557 -140.44160142
 -127.78142167 -151.91305238 -125.1523799  -146.70063773 -127.73293697
 -137.65206688 -138.34019909 -126.94822774 -117.80592827 -131.84888355]
inrs_hat:  [-21.1944628  -14.23996878 -14.24380509 -32.38962553 -29.45190138
 -16.79172163 -40.92335233 -14.16267985 -35.71093769 -16.74323692
 -26.66236683 -27.35049905 -15.9585277   -6.81622823 -20.85918351]
scheduled_ues:  [ 0  3  4  5  6  8  9 10 11 12 14]
(1, 15, 1, 4, 1, 1)
caused INR: -17.657191932316355
TpsRandomic + CumulativeIndividualEstimated_INR + -10.0
None
(1, 15, 1, 4, 1, 1)
caused INR: -8.33480504242968
TpsRandomic + CumulativeIndividualEstimated_INR + -12.5
None
(1, 15, 1, 4, 1, 1)
caused INR: -18.26973497373167
TpsRandomic + CumulativeIndividualEstimated_INR + -15.0
None
(1, 15, 1, 4, 1, 1)
caused INR: -13.655852075357044
Iteration number 56
TpsAltruisticFromLsfGain + IndividualEstimated_INR + -10.0
None
ls_gain_coeffs:
[-123.61012855 -150.91802327 -138.7715704  -145.04585552 -129.74197443
 -144.371401   -146.31419759 -148.3858437  -150.15885655 -147.64047881
 -154.49510695 -144.04743575 -124.18925179 -139.05014263 -140.59158557]
inrs_hat:  [-12.6204285  -39.92832323 -27.78187036 -34.05615548 -18.75227439
 -33.38170095 -35.32449755 -37.39614366 -39.16915651 -36.65077877
 -43.50540691 -33.0577357  -13.19955175 -28.06044259 -29.60188553]
scheduled_ues:  [ 0  1  2  3  4  5  6  7  8  9 10 11 12 13 14]
(1, 15, 1, 4, 1, 1)
caused INR: -2.88533772073382
TpsAltruisticFromLsfGain + IndividualEstimated_INR + -12.5
None
ls_gain_coeffs:
[-123.61012855 -150.91802327 -138.7715704  -145.04585552 -129.74197443
 -144.371401   -146.31419759 -148.3858437  -150.15885655 -147.64047881
 -154.49510695 -144.04743575 -124.18925179 -139.05014263 -140.59158557]
inrs_hat:  [-12.6204285  -39.92832323 -27.78187036 -34.05615548 -18.75227439
 -33.38170095 -35.32449755 -37.39614366 -39.16915651 -36.65077877
 -43.50540691 -33.0577357  -13.19955175 -28.06044259 -29.60188553]
scheduled_ues:  [ 0  1  2  3  4  5  6  7  8  9 10 11 12 13 14]
(1, 15, 1, 4, 1, 1)
caused INR: -2.88533772073382
TpsAltruisticFromLsfGain + IndividualEstimated_INR + -15.0
None
ls_gain_coeffs:
[-123.61012855 -150.91802327 -138.7715704  -145.04585552 -129.74197443
 -144.371401   -146.31419759 -148.3858437  -150.15885655 -147.64047881
 -154.49510695 -144.04743575 -124.18925179 -139.05014263 -140.59158557]
inrs_hat:  [-12.6204285  -39.92832323 -27.78187036 -34.05615548 -18.75227439
 -33.38170095 -35.32449755 -37.39614366 -39.16915651 -36.65077877
 -43.50540691 -33.0577357  -13.19955175 -28.06044259 -29.60188553]
scheduled_ues:  [ 1  2  3  4  5  6  7  8  9 10 11 13 14]
(1, 15, 1, 4, 1, 1)
caused INR: -15.395987706538259
TpsAltruisticFromLsfGain + CumulativeIndividualEstimated_INR + -10.0
None
(1, 15, 1, 4, 1, 1)
caused INR: -8.275670266051836
TpsAltruisticFromLsfGain + CumulativeIndividualEstimated_INR + -12.5
None
(1, 15, 1, 4, 1, 1)
caused INR: -15.395987706538259
TpsAltruisticFromLsfGain + CumulativeIndividualEstimated_INR + -15.0
None
(1, 15, 1, 4, 1, 1)
caused INR: -15.395987706538259
TpsRandomic + IndividualEstimated_INR + -10.0
None
ls_gain_coeffs:
[-123.61012855 -134.23379521 -138.7715704  -145.04585552 -129.74197443
 -127.53263026 -138.90590515 -138.55639693 -133.49005708 -133.4906779
 -137.85920674 -141.80855225 -124.18925179 -125.57035677 -123.44281124]
inrs_hat:  [-12.6204285  -23.24409517 -27.78187036 -34.05615548 -18.75227439
 -16.54293022 -27.9162051  -27.56669688 -22.50035703 -22.50097786
 -26.8695067  -30.81885221 -13.19955175 -14.58065672 -12.4531112 ]
scheduled_ues:  [ 0  1  2  3  4  5  6  7  8  9 10 11 12 13 14]
(1, 15, 1, 4, 1, 1)
caused INR: 0.20174707050148952
TpsRandomic + IndividualEstimated_INR + -12.5
None
ls_gain_coeffs:
[-123.61012855 -134.23379521 -129.4372111  -131.64468498 -115.1230234
 -144.371401   -138.90590515 -138.55639693 -138.26626722 -147.64047881
 -137.85920674 -130.85954125 -106.40523274 -125.57035677 -140.59158557]
inrs_hat:  [-12.6204285  -23.24409517 -18.44751106 -20.65498494  -4.13332336
 -33.38170095 -27.9162051  -27.56669688 -27.27656718 -36.65077877
 -26.8695067  -19.86984121   4.5844673  -14.58065672 -29.60188553]
scheduled_ues:  [ 0  1  2  3  5  6  7  8  9 10 11 13 14]
(1, 15, 1, 4, 1, 1)
caused INR: -4.23744494855427
TpsRandomic + IndividualEstimated_INR + -15.0
None
ls_gain_coeffs:
[-114.3578108  -141.35866225 -126.59664014 -138.11843871 -129.74197443
 -144.371401   -138.90590515 -148.3858437  -150.15885655 -142.18123012
 -137.85920674 -144.04743575 -106.40523274 -125.57035677 -123.44281124]
inrs_hat:  [ -3.36811076 -30.36896221 -15.6069401  -27.12873866 -18.75227439
 -33.38170095 -27.9162051  -37.39614366 -39.16915651 -31.19153007
 -26.8695067  -33.0577357    4.5844673  -14.58065672 -12.4531112 ]
scheduled_ues:  [ 1  2  3  4  5  6  7  8  9 10 11]
(1, 15, 1, 4, 1, 1)
caused INR: -13.466783257895354
TpsRandomic + CumulativeIndividualEstimated_INR + -10.0
None
(1, 15, 1, 4, 1, 1)
caused INR: -21.810289827543137
TpsRandomic + CumulativeIndividualEstimated_INR + -12.5
None
(1, 15, 1, 4, 1, 1)
caused INR: -16.805126526506143
TpsRandomic + CumulativeIndividualEstimated_INR + -15.0
None
(1, 15, 1, 4, 1, 1)
caused INR: -15.915234398813215
Iteration number 57
TpsAltruisticFromLsfGain + IndividualEstimated_INR + -10.0
None
ls_gain_coeffs:
[-147.82967551 -123.15029577 -148.20072869 -126.26136629 -144.31754299
 -142.53190866 -135.23943165 -142.11420569 -124.26671333 -152.39549419
 -129.4733432  -137.84623417 -146.73158173 -140.96607493 -123.99991098]
inrs_hat:  [-36.83997547 -12.16059573 -37.21102864 -15.27166624 -33.32784295
 -31.54220862 -24.2497316  -31.12450565 -13.27701329 -41.40579415
 -18.48364315 -26.85653413 -35.74188169 -29.97637489 -13.01021094]
scheduled_ues:  [ 0  1  2  3  4  5  6  7  8  9 10 11 12 13 14]
(1, 15, 1, 4, 1, 1)
caused INR: -6.536986783496045
TpsAltruisticFromLsfGain + IndividualEstimated_INR + -12.5
None
ls_gain_coeffs:
[-147.82967551 -123.15029577 -148.20072869 -126.26136629 -144.31754299
 -142.53190866 -135.23943165 -142.11420569 -124.26671333 -152.39549419
 -129.4733432  -137.84623417 -146.73158173 -140.96607493 -123.99991098]
inrs_hat:  [-36.83997547 -12.16059573 -37.21102864 -15.27166624 -33.32784295
 -31.54220862 -24.2497316  -31.12450565 -13.27701329 -41.40579415
 -18.48364315 -26.85653413 -35.74188169 -29.97637489 -13.01021094]
scheduled_ues:  [ 0  2  3  4  5  6  7  8  9 10 11 12 13 14]
(1, 15, 1, 4, 1, 1)
caused INR: -13.993571927667418
TpsAltruisticFromLsfGain + IndividualEstimated_INR + -15.0
None
ls_gain_coeffs:
[-147.82967551 -123.15029577 -148.20072869 -126.26136629 -144.31754299
 -142.53190866 -135.23943165 -142.11420569 -124.26671333 -152.39549419
 -129.4733432  -137.84623417 -146.73158173 -140.96607493 -123.99991098]
inrs_hat:  [-36.83997547 -12.16059573 -37.21102864 -15.27166624 -33.32784295
 -31.54220862 -24.2497316  -31.12450565 -13.27701329 -41.40579415
 -18.48364315 -26.85653413 -35.74188169 -29.97637489 -13.01021094]
scheduled_ues:  [ 0  2  3  4  5  6  7  9 10 11 12 13]
(1, 15, 1, 4, 1, 1)
caused INR: -21.048201859061177
TpsAltruisticFromLsfGain + CumulativeIndividualEstimated_INR + -10.0
None
(1, 15, 1, 4, 1, 1)
caused INR: -21.048201859061177
TpsAltruisticFromLsfGain + CumulativeIndividualEstimated_INR + -12.5
None
(1, 15, 1, 4, 1, 1)
caused INR: -21.048201859061177
TpsAltruisticFromLsfGain + CumulativeIndividualEstimated_INR + -15.0
None
(1, 15, 1, 4, 1, 1)
caused INR: -29.305175453911293
TpsRandomic + IndividualEstimated_INR + -10.0
None
ls_gain_coeffs:
[-131.23165759 -122.03520444 -131.61958192 -126.26136629 -127.94336192
 -142.53190866 -129.18447902 -128.39968308 -124.26671333 -152.39549419
 -129.4733432  -121.13943857 -146.73158173 -140.96607493 -110.67549529]
inrs_hat:  [-20.24195755 -11.0455044  -20.62988188 -15.27166624 -16.95366188
 -31.54220862 -18.19477898 -17.40998303 -13.27701329 -41.40579415
 -18.48364315 -10.14973852 -35.74188169 -29.97637489   0.31420475]
scheduled_ues:  [ 0  1  2  3  4  5  6  7  8  9 10 11 12 13]
(1, 15, 1, 4, 1, 1)
caused INR: -10.922151294021011
TpsRandomic + IndividualEstimated_INR + -12.5
None
ls_gain_coeffs:
[-139.6715182  -109.96530155 -139.9645462  -126.26136629 -138.22212424
 -132.120742   -121.02718002 -142.11420569 -110.37935563 -135.92117768
 -112.99645914 -137.84623417 -142.47402849 -128.47534367 -110.67549529]
inrs_hat:  [-28.68181815   1.02439849 -28.97484615 -15.27166624 -27.2324242
 -21.13104196 -10.03747997 -31.12450565   0.61034442 -24.93147764
  -2.00675909 -26.85653413 -31.48432844 -17.48564362   0.31420475]
scheduled_ues:  [ 0  2  3  4  5  7  9 11 12 13]
(1, 15, 1, 4, 1, 1)
caused INR: -13.899618730935199
TpsRandomic + IndividualEstimated_INR + -15.0
None
ls_gain_coeffs:
[-139.6715182  -110.33699866 -135.71621764 -109.24793647 -138.22212424
 -131.54514846 -129.18447902 -127.12676046 -110.37935563 -139.66599415
 -115.82411079 -128.29798961 -146.73158173 -128.4262124  -111.11690314]
inrs_hat:  [-28.68181815   0.65270138 -24.7265176    1.74176357 -27.2324242
 -20.55544842 -18.19477898 -16.13706041   0.61034442 -28.67629411
  -4.83441075 -17.30828956 -35.74188169 -17.43651236  -0.12720309]
scheduled_ues:  [ 0  2  4  5  6  7  9 11 12 13]
(1, 15, 1, 4, 1, 1)
caused INR: -17.377255823988214
TpsRandomic + CumulativeIndividualEstimated_INR + -10.0
None
(1, 15, 1, 4, 1, 1)
caused INR: -6.099658792547592
TpsRandomic + CumulativeIndividualEstimated_INR + -12.5
None
(1, 15, 1, 4, 1, 1)
caused INR: -26.431744387113856
TpsRandomic + CumulativeIndividualEstimated_INR + -15.0
None
(1, 15, 1, 4, 1, 1)
caused INR: -16.87432303174831
Iteration number 58
TpsAltruisticFromLsfGain + IndividualEstimated_INR + -10.0
None
ls_gain_coeffs:
[-134.62706396 -140.57577643 -146.45050455 -144.53019125 -143.14218975
 -148.49068259 -128.97843787 -129.93970244 -141.33367083 -143.6425553
 -138.34514049 -144.99314631 -147.19199149 -128.97665555 -130.14520639]
inrs_hat:  [-23.63736392 -29.58607638 -35.46080451 -33.5404912  -32.15248971
 -37.50098255 -17.98873782 -18.9500024  -30.34397079 -32.65285526
 -27.35544044 -34.00344627 -36.20229145 -17.98695551 -19.15550634]
scheduled_ues:  [ 0  1  2  3  4  5  6  7  8  9 10 11 12 13 14]
(1, 15, 1, 4, 1, 1)
caused INR: -12.976424223690397
TpsAltruisticFromLsfGain + IndividualEstimated_INR + -12.5
None
ls_gain_coeffs:
[-134.62706396 -140.57577643 -146.45050455 -144.53019125 -143.14218975
 -148.49068259 -128.97843787 -129.93970244 -141.33367083 -143.6425553
 -138.34514049 -144.99314631 -147.19199149 -128.97665555 -130.14520639]
inrs_hat:  [-23.63736392 -29.58607638 -35.46080451 -33.5404912  -32.15248971
 -37.50098255 -17.98873782 -18.9500024  -30.34397079 -32.65285526
 -27.35544044 -34.00344627 -36.20229145 -17.98695551 -19.15550634]
scheduled_ues:  [ 0  1  2  3  4  5  6  7  8  9 10 11 12 13 14]
(1, 15, 1, 4, 1, 1)
caused INR: -12.976424223690397
TpsAltruisticFromLsfGain + IndividualEstimated_INR + -15.0
None
ls_gain_coeffs:
[-134.62706396 -140.57577643 -146.45050455 -144.53019125 -143.14218975
 -148.49068259 -128.97843787 -129.93970244 -141.33367083 -143.6425553
 -138.34514049 -144.99314631 -147.19199149 -128.97665555 -130.14520639]
inrs_hat:  [-23.63736392 -29.58607638 -35.46080451 -33.5404912  -32.15248971
 -37.50098255 -17.98873782 -18.9500024  -30.34397079 -32.65285526
 -27.35544044 -34.00344627 -36.20229145 -17.98695551 -19.15550634]
scheduled_ues:  [ 0  1  2  3  4  5  6  7  8  9 10 11 12 13 14]
(1, 15, 1, 4, 1, 1)
caused INR: -12.976424223690397
TpsAltruisticFromLsfGain + CumulativeIndividualEstimated_INR + -10.0
None
(1, 15, 1, 4, 1, 1)
caused INR: -12.976424223690397
TpsAltruisticFromLsfGain + CumulativeIndividualEstimated_INR + -12.5
None
(1, 15, 1, 4, 1, 1)
caused INR: -14.0518836984008
TpsAltruisticFromLsfGain + CumulativeIndividualEstimated_INR + -15.0
None
(1, 15, 1, 4, 1, 1)
caused INR: -12.867255698216214
TpsRandomic + IndividualEstimated_INR + -10.0
None
ls_gain_coeffs:
[-134.62706396 -140.57577643 -133.06427093 -130.30616505 -141.6524597
 -143.43448364 -121.01073145 -113.99549343 -141.33367083 -132.38401729
 -137.78655832 -132.9424891  -147.19199149 -110.9482133  -130.14520639]
inrs_hat:  [-23.63736392 -29.58607638 -22.07457089 -19.31646501 -30.66275966
 -32.44478359 -10.0210314   -3.00579339 -30.34397079 -21.39431725
 -26.79685827 -21.95278906 -36.20229145   0.04148674 -19.15550634]
scheduled_ues:  [ 0  1  2  3  4  5  6  8  9 10 11 12 14]
(1, 15, 1, 4, 1, 1)
caused INR: -7.400587642026695
TpsRandomic + IndividualEstimated_INR + -12.5
None
ls_gain_coeffs:
[-121.23350861 -127.00061789 -133.06427093 -138.63041528 -130.20401307
 -132.67828329 -128.97843787 -115.74679794 -124.66976689 -132.38401729
 -125.71734643 -128.22334165 -136.50366241 -120.08222935 -113.82324856]
inrs_hat:  [-10.24380856 -16.01091785 -22.07457089 -27.64071524 -19.21431303
 -21.68858325 -17.98873782  -4.75709789 -13.68006684 -21.39431725
 -14.72764639 -17.23364161 -25.51396236  -9.09252931  -2.83354851]
scheduled_ues:  [ 1  2  3  4  5  6  8  9 10 11 12]
(1, 15, 1, 4, 1, 1)
caused INR: -12.130319241382605
TpsRandomic + IndividualEstimated_INR + -15.0
None
ls_gain_coeffs:
[-118.10796647 -123.93992996 -133.06427093 -128.24749017 -141.6524597
 -134.36368294 -115.8773241  -129.93970244 -127.96053657 -133.72545584
 -125.53115237 -132.9424891  -130.38645338 -128.97665555 -124.32466964]
inrs_hat:  [ -7.11826643 -12.95022991 -22.07457089 -17.25779012 -30.66275966
 -23.3739829   -4.88762406 -18.9500024  -16.97083653 -22.73575579
 -14.54145233 -21.95278906 -19.39675333 -17.98695551 -13.3349696 ]
scheduled_ues:  [ 2  3  4  5  7  8  9 11 12 13]
(1, 15, 1, 4, 1, 1)
caused INR: -23.193078098465207
TpsRandomic + CumulativeIndividualEstimated_INR + -10.0
None
(1, 15, 1, 4, 1, 1)
caused INR: -10.315125287437453
TpsRandomic + CumulativeIndividualEstimated_INR + -12.5
None
(1, 15, 1, 4, 1, 1)
caused INR: -11.621386832987476
TpsRandomic + CumulativeIndividualEstimated_INR + -15.0
None
(1, 15, 1, 4, 1, 1)
caused INR: -28.135404681592604
Iteration number 59
TpsAltruisticFromLsfGain + IndividualEstimated_INR + -10.0
None
ls_gain_coeffs:
[-136.83284725 -137.58380544 -151.80673304 -133.92850345 -146.9520262
 -135.64836103 -148.93894746 -129.27434238 -141.7643831  -125.82366198
 -147.84035366 -120.13603358 -121.07663308 -114.58342023 -135.2892778 ]
inrs_hat:  [-25.84314721 -26.59410539 -40.817033   -22.93880341 -35.96232616
 -24.65866098 -37.94924742 -18.28464234 -30.77468305 -14.83396194
 -36.85065362  -9.14633354 -10.08693303  -3.59372019 -24.29957775]
scheduled_ues:  [ 0  1  2  3  4  5  6  7  8  9 10 12 14]
(1, 15, 1, 4, 1, 1)
caused INR: -3.7865735999690022
TpsAltruisticFromLsfGain + IndividualEstimated_INR + -12.5
None
ls_gain_coeffs:
[-136.83284725 -137.58380544 -151.80673304 -133.92850345 -146.9520262
 -135.64836103 -148.93894746 -129.27434238 -141.7643831  -125.82366198
 -147.84035366 -120.13603358 -121.07663308 -114.58342023 -135.2892778 ]
inrs_hat:  [-25.84314721 -26.59410539 -40.817033   -22.93880341 -35.96232616
 -24.65866098 -37.94924742 -18.28464234 -30.77468305 -14.83396194
 -36.85065362  -9.14633354 -10.08693303  -3.59372019 -24.29957775]
scheduled_ues:  [ 0  1  2  3  4  5  6  7  8  9 10 14]
(1, 15, 1, 4, 1, 1)
caused INR: -12.15777294541237
TpsAltruisticFromLsfGain + IndividualEstimated_INR + -15.0
None
ls_gain_coeffs:
[-136.83284725 -137.58380544 -151.80673304 -133.92850345 -146.9520262
 -135.64836103 -148.93894746 -129.27434238 -141.7643831  -125.82366198
 -147.84035366 -120.13603358 -121.07663308 -114.58342023 -135.2892778 ]
inrs_hat:  [-25.84314721 -26.59410539 -40.817033   -22.93880341 -35.96232616
 -24.65866098 -37.94924742 -18.28464234 -30.77468305 -14.83396194
 -36.85065362  -9.14633354 -10.08693303  -3.59372019 -24.29957775]
scheduled_ues:  [ 0  1  2  3  4  5  6  7  8 10 14]
(1, 15, 1, 4, 1, 1)
caused INR: -14.81449834957861
TpsAltruisticFromLsfGain + CumulativeIndividualEstimated_INR + -10.0
None
(1, 15, 1, 4, 1, 1)
caused INR: -12.15777294541237
TpsAltruisticFromLsfGain + CumulativeIndividualEstimated_INR + -12.5
None
(1, 15, 1, 4, 1, 1)
caused INR: -14.81449834957861
TpsAltruisticFromLsfGain + CumulativeIndividualEstimated_INR + -15.0
None
(1, 15, 1, 4, 1, 1)
caused INR: -19.756615598661284
TpsRandomic + IndividualEstimated_INR + -10.0
None
ls_gain_coeffs:
[-128.00603758 -126.80410415 -146.1079044  -120.6878492  -139.6983124
 -123.51458243 -142.56461777 -122.10693639 -139.9867836  -125.82366198
 -131.73738506 -120.13603358 -103.73232677 -103.46845675 -135.2892778 ]
inrs_hat:  [-17.01633753 -15.8144041  -35.11820436  -9.69814916 -28.70861235
 -12.52488239 -31.57491773 -11.11723634 -28.99708356 -14.83396194
 -20.74768502  -9.14633354   7.25737327   7.52124329 -24.29957775]
scheduled_ues:  [ 0  1  2  4  5  6  7  8  9 10 14]
(1, 15, 1, 4, 1, 1)
caused INR: -5.050207289881391
TpsRandomic + IndividualEstimated_INR + -12.5
None
ls_gain_coeffs:
[-124.81808897 -137.58380544 -137.84398201 -132.72992208 -146.9520262
 -126.1352051  -135.39399742 -129.27434238 -139.9867836  -111.60533162
 -147.84035366 -106.30743342 -103.73232677  -95.60807301 -130.01750716]
inrs_hat:  [-13.82838893 -26.59410539 -26.85428196 -21.74022204 -35.96232616
 -15.14550505 -24.40429737 -18.28464234 -28.99708356  -0.61563157
 -36.85065362   4.68226662   7.25737327  15.38162703 -19.02780711]
scheduled_ues:  [ 0  1  2  3  4  5  6  7  8 10 14]
(1, 15, 1, 4, 1, 1)
caused INR: -12.930530764129974
TpsRandomic + IndividualEstimated_INR + -15.0
None
ls_gain_coeffs:
[-124.81808897 -137.58380544 -151.80673304 -133.92850345 -146.9520262
 -126.1352051  -148.93894746 -129.27434238 -128.73024993 -120.49347089
 -131.73738506 -115.97503311 -103.73232677  -95.60807301 -119.33316404]
inrs_hat:  [-13.82838893 -26.59410539 -40.817033   -22.93880341 -35.96232616
 -15.14550505 -37.94924742 -18.28464234 -17.74054989  -9.50377084
 -20.74768502  -4.98533307   7.25737327  15.38162703  -8.34346399]
scheduled_ues:  [ 1  2  3  4  5  6  7  8 10]
(1, 15, 1, 4, 1, 1)
caused INR: -15.297031029811608
TpsRandomic + CumulativeIndividualEstimated_INR + -10.0
None
(1, 15, 1, 4, 1, 1)
caused INR: -6.8126542799220156
TpsRandomic + CumulativeIndividualEstimated_INR + -12.5
None
(1, 15, 1, 4, 1, 1)
caused INR: -24.103203417499493
TpsRandomic + CumulativeIndividualEstimated_INR + -15.0
None
(1, 15, 1, 4, 1, 1)
caused INR: -28.646422729630082
Iteration number 60
TpsAltruisticFromLsfGain + IndividualEstimated_INR + -10.0
None
ls_gain_coeffs:
[-131.08080272 -144.87098273 -130.02978946 -122.6986731  -138.34004604
 -142.28403792 -130.62774485 -127.87826054 -132.62228317 -134.57365953
 -143.03142984 -144.41167016 -139.27916392 -144.81329103 -148.6434417 ]
inrs_hat:  [-20.09110268 -33.88128269 -19.04008942 -11.70897305 -27.35034599
 -31.29433788 -19.63804481 -16.8885605  -21.63258313 -23.58395948
 -32.0417298  -33.42197012 -28.28946388 -33.82359099 -37.65374165]
scheduled_ues:  [ 0  1  2  3  4  5  6  7  8  9 10 11 12 13 14]
(1, 15, 1, 4, 1, 1)
caused INR: -5.823987933839926
TpsAltruisticFromLsfGain + IndividualEstimated_INR + -12.5
None
ls_gain_coeffs:
[-131.08080272 -144.87098273 -130.02978946 -122.6986731  -138.34004604
 -142.28403792 -130.62774485 -127.87826054 -132.62228317 -134.57365953
 -143.03142984 -144.41167016 -139.27916392 -144.81329103 -148.6434417 ]
inrs_hat:  [-20.09110268 -33.88128269 -19.04008942 -11.70897305 -27.35034599
 -31.29433788 -19.63804481 -16.8885605  -21.63258313 -23.58395948
 -32.0417298  -33.42197012 -28.28946388 -33.82359099 -37.65374165]
scheduled_ues:  [ 0  1  2  4  5  6  7  8  9 10 11 12 13 14]
(1, 15, 1, 4, 1, 1)
caused INR: -13.385887820544994
TpsAltruisticFromLsfGain + IndividualEstimated_INR + -15.0
None
ls_gain_coeffs:
[-131.08080272 -144.87098273 -130.02978946 -122.6986731  -138.34004604
 -142.28403792 -130.62774485 -127.87826054 -132.62228317 -134.57365953
 -143.03142984 -144.41167016 -139.27916392 -144.81329103 -148.6434417 ]
inrs_hat:  [-20.09110268 -33.88128269 -19.04008942 -11.70897305 -27.35034599
 -31.29433788 -19.63804481 -16.8885605  -21.63258313 -23.58395948
 -32.0417298  -33.42197012 -28.28946388 -33.82359099 -37.65374165]
scheduled_ues:  [ 0  1  2  4  5  6  7  8  9 10 11 12 13 14]
(1, 15, 1, 4, 1, 1)
caused INR: -13.385887820544994
TpsAltruisticFromLsfGain + CumulativeIndividualEstimated_INR + -10.0
None
(1, 15, 1, 4, 1, 1)
caused INR: -13.385887820544994
TpsAltruisticFromLsfGain + CumulativeIndividualEstimated_INR + -12.5
None
(1, 15, 1, 4, 1, 1)
caused INR: -11.408468103254865
TpsAltruisticFromLsfGain + CumulativeIndividualEstimated_INR + -15.0
None
(1, 15, 1, 4, 1, 1)
caused INR: -17.786294367464613
TpsRandomic + IndividualEstimated_INR + -10.0
None
ls_gain_coeffs:
[-131.08080272 -134.39422484 -120.09073135 -110.62286242 -122.18204296
 -133.05526946 -117.56230198 -117.28068931 -127.60131786 -134.57365953
 -143.03142984 -134.30414399 -126.06537042 -137.45703435 -132.25587946]
inrs_hat:  [-20.09110268 -23.4045248   -9.1010313    0.36683762 -11.19234292
 -22.06556941  -6.57260194  -6.29098927 -16.61161782 -23.58395948
 -32.0417298  -23.31444395 -15.07567038 -26.4673343  -21.26617941]
scheduled_ues:  [ 0  1  4  5  8  9 10 11 12 13 14]
(1, 15, 1, 4, 1, 1)
caused INR: -6.856375107223178
TpsRandomic + IndividualEstimated_INR + -12.5
None
ls_gain_coeffs:
[-113.37181644 -133.94204152 -112.15394877 -105.20821873 -132.11236001
 -133.05526946 -128.75621624 -110.85330157 -118.50702807 -117.34610097
 -143.03142984 -144.41167016 -126.06537042 -144.81329103 -148.6434417 ]
inrs_hat:  [ -2.3821164  -22.95234147  -1.16424872   5.78148131 -21.12265996
 -22.06556941 -17.7665162    0.13639847  -7.51732803  -6.35640092
 -32.0417298  -33.42197012 -15.07567038 -33.82359099 -37.65374165]
scheduled_ues:  [ 1  4  5  6 10 11 12 13 14]
(1, 15, 1, 4, 1, 1)
caused INR: -10.617505672774888
TpsRandomic + IndividualEstimated_INR + -15.0
None
ls_gain_coeffs:
[-118.91545728 -144.87098273 -116.65876619 -105.20821873 -122.18204296
 -142.28403792 -130.62774485 -127.87826054 -127.60131786 -124.63295498
 -126.23032245 -134.30414399 -122.52542717 -137.45703435 -135.05906082]
inrs_hat:  [ -7.92575723 -33.88128269  -5.66906614   5.78148131 -11.19234292
 -31.29433788 -19.63804481 -16.8885605  -16.61161782 -13.64325493
 -15.24062241 -23.31444395 -11.53572713 -26.4673343  -24.06936077]
scheduled_ues:  [ 1  5  6  7  8 10 11 13 14]
(1, 15, 1, 4, 1, 1)
caused INR: -10.79277562077465
TpsRandomic + CumulativeIndividualEstimated_INR + -10.0
None
(1, 15, 1, 4, 1, 1)
caused INR: -7.108488942350104
TpsRandomic + CumulativeIndividualEstimated_INR + -12.5
None
(1, 15, 1, 4, 1, 1)
caused INR: -17.919284698192822
TpsRandomic + CumulativeIndividualEstimated_INR + -15.0
None
(1, 15, 1, 4, 1, 1)
caused INR: -14.957386385115608
Iteration number 61
TpsAltruisticFromLsfGain + IndividualEstimated_INR + -10.0
None
ls_gain_coeffs:
[-133.15189457 -145.14093471 -133.42393233 -138.39608789 -147.07963117
 -145.74951175 -150.65982102 -132.75225894 -137.14292694 -143.65796508
 -133.29048229 -133.85181542 -145.00637347 -132.21018897 -132.56546357]
inrs_hat:  [-22.16219453 -34.15123467 -22.43423229 -27.40638785 -36.08993112
 -34.75981171 -39.67012097 -21.7625589  -26.15322689 -32.66826504
 -22.30078225 -22.86211538 -34.01667343 -21.22048893 -21.57576352]
scheduled_ues:  [ 0  1  2  3  4  5  6  7  8  9 10 11 12 13 14]
(1, 15, 1, 4, 1, 1)
caused INR: -27.3709647754613
TpsAltruisticFromLsfGain + IndividualEstimated_INR + -12.5
None
ls_gain_coeffs:
[-133.15189457 -145.14093471 -133.42393233 -138.39608789 -147.07963117
 -145.74951175 -150.65982102 -132.75225894 -137.14292694 -143.65796508
 -133.29048229 -133.85181542 -145.00637347 -132.21018897 -132.56546357]
inrs_hat:  [-22.16219453 -34.15123467 -22.43423229 -27.40638785 -36.08993112
 -34.75981171 -39.67012097 -21.7625589  -26.15322689 -32.66826504
 -22.30078225 -22.86211538 -34.01667343 -21.22048893 -21.57576352]
scheduled_ues:  [ 0  1  2  3  4  5  6  7  8  9 10 11 12 13 14]
(1, 15, 1, 4, 1, 1)
caused INR: -27.3709647754613
TpsAltruisticFromLsfGain + IndividualEstimated_INR + -15.0
None
ls_gain_coeffs:
[-133.15189457 -145.14093471 -133.42393233 -138.39608789 -147.07963117
 -145.74951175 -150.65982102 -132.75225894 -137.14292694 -143.65796508
 -133.29048229 -133.85181542 -145.00637347 -132.21018897 -132.56546357]
inrs_hat:  [-22.16219453 -34.15123467 -22.43423229 -27.40638785 -36.08993112
 -34.75981171 -39.67012097 -21.7625589  -26.15322689 -32.66826504
 -22.30078225 -22.86211538 -34.01667343 -21.22048893 -21.57576352]
scheduled_ues:  [ 0  1  2  3  4  5  6  7  8  9 10 11 12 13 14]
(1, 15, 1, 4, 1, 1)
caused INR: -27.3709647754613
TpsAltruisticFromLsfGain + CumulativeIndividualEstimated_INR + -10.0
None
(1, 15, 1, 4, 1, 1)
caused INR: -27.3709647754613
TpsAltruisticFromLsfGain + CumulativeIndividualEstimated_INR + -12.5
None
(1, 15, 1, 4, 1, 1)
caused INR: -27.3709647754613
TpsAltruisticFromLsfGain + CumulativeIndividualEstimated_INR + -15.0
None
(1, 15, 1, 4, 1, 1)
caused INR: -31.742774284521662
TpsRandomic + IndividualEstimated_INR + -10.0
None
ls_gain_coeffs:
[-116.3099948  -145.14093471 -124.66160514 -125.37822302 -140.99335849
 -136.08900402 -140.073019   -127.23980612 -120.04040616 -143.65796508
 -125.1056925  -116.85224475 -145.00637347 -118.44337817 -122.01399511]
inrs_hat:  [ -5.32029476 -34.15123467 -13.6719051  -14.38852298 -30.00365844
 -25.09930397 -29.08331896 -16.25010608  -9.05070612 -32.66826504
 -14.11599245  -5.8625447  -34.01667343  -7.45367813 -11.02429507]
scheduled_ues:  [ 1  2  3  4  5  6  7  9 10 12 14]
(1, 15, 1, 4, 1, 1)
caused INR: -16.200431811355248
TpsRandomic + IndividualEstimated_INR + -12.5
None
ls_gain_coeffs:
[-126.04799516 -128.47750225 -116.65476348 -138.39608789 -132.97502527
 -136.08900402 -140.073019   -116.6356904  -128.14480879 -131.10500773
 -119.29850321 -116.85224475 -134.53575714 -128.23455657 -115.07648943]
inrs_hat:  [-15.05829511 -17.4878022   -5.66506344 -27.40638785 -21.98532523
 -25.09930397 -29.08331896  -5.64599035 -17.15510875 -20.11530769
  -8.30880316  -5.8625447  -23.5460571  -17.24485653  -4.08678939]
scheduled_ues:  [ 0  1  3  4  5  6  8  9 12 13]
(1, 15, 1, 4, 1, 1)
caused INR: -14.165184212036673
TpsRandomic + IndividualEstimated_INR + -15.0
None
ls_gain_coeffs:
[-133.15189457 -132.09801883 -116.65476348 -130.6998628  -130.76339188
 -134.31585821 -133.98413411 -116.6356904  -120.04040616 -130.99365037
 -115.98129785 -133.85181542 -134.53575714 -128.23455657 -122.01399511]
inrs_hat:  [-22.16219453 -21.10831878  -5.66506344 -19.71016276 -19.77369184
 -23.32615816 -22.99443407  -5.64599035  -9.05070612 -20.00395033
  -4.99159781 -22.86211538 -23.5460571  -17.24485653 -11.02429507]
scheduled_ues:  [ 0  1  3  4  5  6  9 11 12 13]
(1, 15, 1, 4, 1, 1)
caused INR: -8.511913273156171
TpsRandomic + CumulativeIndividualEstimated_INR + -10.0
None
(1, 15, 1, 4, 1, 1)
caused INR: -23.485736937930433
TpsRandomic + CumulativeIndividualEstimated_INR + -12.5
None
(1, 15, 1, 4, 1, 1)
caused INR: -21.691860664214232
TpsRandomic + CumulativeIndividualEstimated_INR + -15.0
None
(1, 15, 1, 4, 1, 1)
caused INR: -16.926255491847883
Iteration number 62
TpsAltruisticFromLsfGain + IndividualEstimated_INR + -10.0
None
ls_gain_coeffs:
[-121.98754935 -153.12026281 -139.04503287 -148.48123436 -122.80415729
 -147.74333087 -142.94496994 -152.60813868 -129.68773789 -136.99274126
 -141.99621119 -145.45915956 -129.28094983 -143.81871529 -139.87882659]
inrs_hat:  [-10.99784931 -42.13056276 -28.05533283 -37.49153432 -11.81445724
 -36.75363082 -31.9552699  -41.61843863 -18.69803784 -26.00304121
 -31.00651115 -34.46945952 -18.29124978 -32.82901525 -28.88912655]
scheduled_ues:  [ 0  1  2  3  4  5  6  7  8  9 10 11 12 13 14]
(1, 15, 1, 4, 1, 1)
caused INR: -10.519380167747208
TpsAltruisticFromLsfGain + IndividualEstimated_INR + -12.5
None
ls_gain_coeffs:
[-121.98754935 -153.12026281 -139.04503287 -148.48123436 -122.80415729
 -147.74333087 -142.94496994 -152.60813868 -129.68773789 -136.99274126
 -141.99621119 -145.45915956 -129.28094983 -143.81871529 -139.87882659]
inrs_hat:  [-10.99784931 -42.13056276 -28.05533283 -37.49153432 -11.81445724
 -36.75363082 -31.9552699  -41.61843863 -18.69803784 -26.00304121
 -31.00651115 -34.46945952 -18.29124978 -32.82901525 -28.88912655]
scheduled_ues:  [ 1  2  3  5  6  7  8  9 10 11 12 13 14]
(1, 15, 1, 4, 1, 1)
caused INR: -11.764106959801639
TpsAltruisticFromLsfGain + IndividualEstimated_INR + -15.0
None
ls_gain_coeffs:
[-121.98754935 -153.12026281 -139.04503287 -148.48123436 -122.80415729
 -147.74333087 -142.94496994 -152.60813868 -129.68773789 -136.99274126
 -141.99621119 -145.45915956 -129.28094983 -143.81871529 -139.87882659]
inrs_hat:  [-10.99784931 -42.13056276 -28.05533283 -37.49153432 -11.81445724
 -36.75363082 -31.9552699  -41.61843863 -18.69803784 -26.00304121
 -31.00651115 -34.46945952 -18.29124978 -32.82901525 -28.88912655]
scheduled_ues:  [ 1  2  3  5  6  7  8  9 10 11 12 13 14]
(1, 15, 1, 4, 1, 1)
caused INR: -11.764106959801639
TpsAltruisticFromLsfGain + CumulativeIndividualEstimated_INR + -10.0
None
(1, 15, 1, 4, 1, 1)
caused INR: -11.764106959801639
TpsAltruisticFromLsfGain + CumulativeIndividualEstimated_INR + -12.5
None
(1, 15, 1, 4, 1, 1)
caused INR: -11.764106959801639
TpsAltruisticFromLsfGain + CumulativeIndividualEstimated_INR + -15.0
None
(1, 15, 1, 4, 1, 1)
caused INR: -12.884584597750383
TpsRandomic + IndividualEstimated_INR + -10.0
None
ls_gain_coeffs:
[-111.1542176  -146.50610428 -127.38278062 -132.27935086 -106.54482305
 -133.64115751 -126.0382968  -136.89731568 -129.68773789 -119.87925253
 -125.1647091  -129.29133338 -121.60131078 -143.81871529 -124.98621371]
inrs_hat:  [ -0.16451756 -35.51640424 -16.39308057 -21.28965082   4.444877
 -22.65145747 -15.04859676 -25.90761564 -18.69803784  -8.88955249
 -14.17500906 -18.30163334 -10.61161074 -32.82901525 -13.99651367]
scheduled_ues:  [ 1  2  3  5  6  7  8 10 11 12 13 14]
(1, 15, 1, 4, 1, 1)
caused INR: -2.9979363715743164
TpsRandomic + IndividualEstimated_INR + -12.5
None
ls_gain_coeffs:
[-110.72532064 -146.50610428 -121.88552021 -132.27935086 -108.45369017
 -131.76183132 -133.04010695 -152.60813868 -129.68773789 -119.87925253
 -129.58465129 -145.45915956 -112.66182464 -137.02895184 -139.87882659]
inrs_hat:  [  0.26437941 -35.51640424 -10.89582017 -21.28965082   2.53600988
 -20.77213128 -22.0504069  -41.61843863 -18.69803784  -8.88955249
 -18.59495125 -34.46945952  -1.6721246  -26.03925179 -28.88912655]
scheduled_ues:  [ 1  3  5  6  7  8 10 11 13 14]
(1, 15, 1, 4, 1, 1)
caused INR: -13.099641992166775
TpsRandomic + IndividualEstimated_INR + -15.0
None
ls_gain_coeffs:
[-110.72532064 -136.87085679 -139.04503287 -132.27935086 -106.54482305
 -147.74333087 -131.47808666 -147.70430418 -115.8023227  -124.07885517
 -133.18636691 -131.44471686 -112.66182464 -127.38576668 -124.98621371]
inrs_hat:  [  0.26437941 -25.88115675 -28.05533283 -21.28965082   4.444877
 -36.75363082 -20.48838662 -36.71460414  -4.81262265 -13.08915512
 -22.19666687 -20.45501682  -1.6721246  -16.39606664 -13.99651367]
scheduled_ues:  [ 1  2  3  5  6  7 10 11 13]
(1, 15, 1, 4, 1, 1)
caused INR: -8.890654297537594
TpsRandomic + CumulativeIndividualEstimated_INR + -10.0
None
(1, 15, 1, 4, 1, 1)
caused INR: -13.178225051860357
TpsRandomic + CumulativeIndividualEstimated_INR + -12.5
None
(1, 15, 1, 4, 1, 1)
caused INR: -9.16934933948713
TpsRandomic + CumulativeIndividualEstimated_INR + -15.0
None
(1, 15, 1, 4, 1, 1)
caused INR: -13.77500412061754
Iteration number 63
TpsAltruisticFromLsfGain + IndividualEstimated_INR + -10.0
None
ls_gain_coeffs:
[-143.26607843 -146.75337832 -141.58449863 -136.54299368 -144.29180604
 -149.41707827 -126.69977129 -138.81121145 -151.34453261 -145.08037539
 -125.14220513 -122.06799981 -121.3359968  -128.08747247 -134.12042802]
inrs_hat:  [-32.27637839 -35.76367828 -30.59479858 -25.55329364 -33.302106
 -38.42737822 -15.71007124 -27.82151141 -40.35483256 -34.09067535
 -14.15250509 -11.07829976 -10.34629676 -17.09777242 -23.13072798]
scheduled_ues:  [ 0  1  2  3  4  5  6  7  8  9 10 11 12 13 14]
(1, 15, 1, 4, 1, 1)
caused INR: -11.08382628483367
TpsAltruisticFromLsfGain + IndividualEstimated_INR + -12.5
None
ls_gain_coeffs:
[-143.26607843 -146.75337832 -141.58449863 -136.54299368 -144.29180604
 -149.41707827 -126.69977129 -138.81121145 -151.34453261 -145.08037539
 -125.14220513 -122.06799981 -121.3359968  -128.08747247 -134.12042802]
inrs_hat:  [-32.27637839 -35.76367828 -30.59479858 -25.55329364 -33.302106
 -38.42737822 -15.71007124 -27.82151141 -40.35483256 -34.09067535
 -14.15250509 -11.07829976 -10.34629676 -17.09777242 -23.13072798]
scheduled_ues:  [ 0  1  2  3  4  5  6  7  8  9 10 13 14]
(1, 15, 1, 4, 1, 1)
caused INR: -15.737431287052035
TpsAltruisticFromLsfGain + IndividualEstimated_INR + -15.0
None
ls_gain_coeffs:
[-143.26607843 -146.75337832 -141.58449863 -136.54299368 -144.29180604
 -149.41707827 -126.69977129 -138.81121145 -151.34453261 -145.08037539
 -125.14220513 -122.06799981 -121.3359968  -128.08747247 -134.12042802]
inrs_hat:  [-32.27637839 -35.76367828 -30.59479858 -25.55329364 -33.302106
 -38.42737822 -15.71007124 -27.82151141 -40.35483256 -34.09067535
 -14.15250509 -11.07829976 -10.34629676 -17.09777242 -23.13072798]
scheduled_ues:  [ 0  1  2  3  4  5  6  7  8  9 13 14]
(1, 15, 1, 4, 1, 1)
caused INR: -17.79494723490103
TpsAltruisticFromLsfGain + CumulativeIndividualEstimated_INR + -10.0
None
(1, 15, 1, 4, 1, 1)
caused INR: -15.737431287052035
TpsAltruisticFromLsfGain + CumulativeIndividualEstimated_INR + -12.5
None
(1, 15, 1, 4, 1, 1)
caused INR: -22.338867716470403
TpsAltruisticFromLsfGain + CumulativeIndividualEstimated_INR + -15.0
None
(1, 15, 1, 4, 1, 1)
caused INR: -22.834889009370034
TpsRandomic + IndividualEstimated_INR + -10.0
None
ls_gain_coeffs:
[-143.26607843 -130.35587293 -127.89281676 -136.54299368 -142.71136489
 -133.06682317 -112.03080975 -122.10056679 -137.67999693 -145.08037539
 -106.86473869 -113.27013967 -104.25468278 -114.38906698 -125.99468796]
inrs_hat:  [-32.27637839 -19.36617289 -16.90311672 -25.55329364 -31.72166485
 -22.07712312  -1.04110971 -11.11086675 -26.69029689 -34.09067535
   4.12496135  -2.28043962   6.73501726  -3.39936693 -15.00498791]
scheduled_ues:  [ 0  1  2  3  4  5  7  8  9 14]
(1, 15, 1, 4, 1, 1)
caused INR: -8.197349372008464
TpsRandomic + IndividualEstimated_INR + -12.5
None
ls_gain_coeffs:
[-130.19954099 -130.35587293 -127.89281676 -134.74335711 -130.79657861
 -135.85723894 -117.52640025 -122.10056679 -147.67572557 -128.35211555
 -106.86473869 -122.06799981 -104.25468278 -113.13226149 -125.99468796]
inrs_hat:  [-19.20984094 -19.36617289 -16.90311672 -23.75365706 -19.80687857
 -24.8675389   -6.53670021 -11.11086675 -36.68602553 -17.3624155
   4.12496135 -11.07829976   6.73501726  -2.14256144 -15.00498791]
scheduled_ues:  [ 0  1  2  3  4  5  8  9 14]
(1, 15, 1, 4, 1, 1)
caused INR: -8.227434393658205
TpsRandomic + IndividualEstimated_INR + -15.0
None
ls_gain_coeffs:
[-130.19954099 -130.35587293 -126.64273489 -122.90163597 -144.29180604
 -135.85723894 -108.557805   -138.81121145 -147.67572557 -128.35211555
 -106.86473869 -122.06799981 -113.98383916 -113.13226149 -134.12042802]
inrs_hat:  [-19.20984094 -19.36617289 -15.65303485 -11.91193592 -33.302106
 -24.8675389    2.43189504 -27.82151141 -36.68602553 -17.3624155
   4.12496135 -11.07829976  -2.99413912  -2.14256144 -23.13072798]
scheduled_ues:  [ 0  1  2  4  5  7  8  9 14]
(1, 15, 1, 4, 1, 1)
caused INR: -23.502592044931454
TpsRandomic + CumulativeIndividualEstimated_INR + -10.0
None
(1, 15, 1, 4, 1, 1)
caused INR: -22.68628073220752
TpsRandomic + CumulativeIndividualEstimated_INR + -12.5
None
(1, 15, 1, 4, 1, 1)
caused INR: -21.17699089436741
TpsRandomic + CumulativeIndividualEstimated_INR + -15.0
None
(1, 15, 1, 4, 1, 1)
caused INR: -15.866514385108443
Iteration number 64
TpsAltruisticFromLsfGain + IndividualEstimated_INR + -10.0
None
ls_gain_coeffs:
[-132.12453373 -152.05888744 -143.55107568 -142.42161995 -142.45891828
 -115.21455335 -130.61049636 -149.38551298 -138.84562612 -143.03383072
 -148.86201136 -133.21935915 -147.21092012 -138.61482907 -138.44218528]
inrs_hat:  [-21.13483369 -41.0691874  -32.56137564 -31.4319199  -31.46921824
  -4.2248533  -19.62079632 -38.39581293 -27.85592608 -32.04413068
 -37.87231131 -22.22965911 -36.22122007 -27.62512903 -27.45248523]
scheduled_ues:  [ 0  1  2  3  4  6  7  8  9 10 11 12 13 14]
(1, 15, 1, 4, 1, 1)
caused INR: -12.100570461921233
TpsAltruisticFromLsfGain + IndividualEstimated_INR + -12.5
None
ls_gain_coeffs:
[-132.12453373 -152.05888744 -143.55107568 -142.42161995 -142.45891828
 -115.21455335 -130.61049636 -149.38551298 -138.84562612 -143.03383072
 -148.86201136 -133.21935915 -147.21092012 -138.61482907 -138.44218528]
inrs_hat:  [-21.13483369 -41.0691874  -32.56137564 -31.4319199  -31.46921824
  -4.2248533  -19.62079632 -38.39581293 -27.85592608 -32.04413068
 -37.87231131 -22.22965911 -36.22122007 -27.62512903 -27.45248523]
scheduled_ues:  [ 0  1  2  3  4  6  7  8  9 10 11 12 13 14]
(1, 15, 1, 4, 1, 1)
caused INR: -12.100570461921233
TpsAltruisticFromLsfGain + IndividualEstimated_INR + -15.0
None
ls_gain_coeffs:
[-132.12453373 -152.05888744 -143.55107568 -142.42161995 -142.45891828
 -115.21455335 -130.61049636 -149.38551298 -138.84562612 -143.03383072
 -148.86201136 -133.21935915 -147.21092012 -138.61482907 -138.44218528]
inrs_hat:  [-21.13483369 -41.0691874  -32.56137564 -31.4319199  -31.46921824
  -4.2248533  -19.62079632 -38.39581293 -27.85592608 -32.04413068
 -37.87231131 -22.22965911 -36.22122007 -27.62512903 -27.45248523]
scheduled_ues:  [ 0  1  2  3  4  6  7  8  9 10 11 12 13 14]
(1, 15, 1, 4, 1, 1)
caused INR: -12.100570461921233
TpsAltruisticFromLsfGain + CumulativeIndividualEstimated_INR + -10.0
None
(1, 15, 1, 4, 1, 1)
caused INR: -12.100570461921233
TpsAltruisticFromLsfGain + CumulativeIndividualEstimated_INR + -12.5
None
(1, 15, 1, 4, 1, 1)
caused INR: -12.100570461921233
TpsAltruisticFromLsfGain + CumulativeIndividualEstimated_INR + -15.0
None
(1, 15, 1, 4, 1, 1)
caused INR: -13.405872706150998
TpsRandomic + IndividualEstimated_INR + -10.0
None
ls_gain_coeffs:
[-132.12453373 -152.05888744 -130.35964346 -128.07038534 -128.53020853
  -99.83408417 -130.61049636 -133.31573215 -124.5525329  -129.22007653
 -139.67870012 -133.21935915 -147.21092012 -131.23795086 -127.04855216]
inrs_hat:  [-21.13483369 -41.0691874  -19.36994341 -17.0806853  -17.54050849
  11.15561588 -19.62079632 -22.32603211 -13.56283286 -18.23037648
 -28.68900007 -22.22965911 -36.22122007 -20.24825082 -16.05885212]
scheduled_ues:  [ 0  1  2  3  4  6  7  8  9 10 11 12 13 14]
(1, 15, 1, 4, 1, 1)
caused INR: -6.024425718838561
TpsRandomic + IndividualEstimated_INR + -12.5
None
ls_gain_coeffs:
[-117.85659687 -135.36061738 -141.301579   -142.42161995 -137.99758902
  -96.89521499 -130.61049636 -133.31573215 -122.70103968 -138.91736813
 -136.83428474 -119.86574914 -134.25133695 -131.23795086 -127.04855216]
inrs_hat:  [ -6.86689683 -24.37091733 -30.31187896 -31.4319199  -27.00788898
  14.09448505 -19.62079632 -22.32603211 -11.71133963 -27.92766809
 -25.8445847   -8.8760491  -23.26163691 -20.24825082 -16.05885212]
scheduled_ues:  [ 1  2  3  4  6  7  9 10 12 13 14]
(1, 15, 1, 4, 1, 1)
caused INR: -7.212028459370599
TpsRandomic + IndividualEstimated_INR + -15.0
None
ls_gain_coeffs:
[-117.85659687 -152.05888744 -141.301579   -128.07038534 -127.04309878
 -115.21455335 -125.52813451 -149.38551298 -124.5525329  -129.22007653
 -139.67870012 -118.95373914 -133.73335378 -125.21425034 -138.44218528]
inrs_hat:  [ -6.86689683 -41.0691874  -30.31187896 -17.0806853  -16.05339873
  -4.2248533  -14.53843447 -38.39581293 -13.56283286 -18.23037648
 -28.68900007  -7.9640391  -22.74365374 -14.2245503  -27.45248523]
scheduled_ues:  [ 1  2  3  4  7  9 10 12 14]
(1, 15, 1, 4, 1, 1)
caused INR: -10.496856685303744
TpsRandomic + CumulativeIndividualEstimated_INR + -10.0
None
(1, 15, 1, 4, 1, 1)
caused INR: -29.24638462577425
TpsRandomic + CumulativeIndividualEstimated_INR + -12.5
None
(1, 15, 1, 4, 1, 1)
caused INR: -12.491277598031694
TpsRandomic + CumulativeIndividualEstimated_INR + -15.0
None
(1, 15, 1, 4, 1, 1)
caused INR: -21.880628740578523
Iteration number 65
TpsAltruisticFromLsfGain + IndividualEstimated_INR + -10.0
None
ls_gain_coeffs:
[-154.15586171 -139.5569335  -144.56577151 -125.45273762 -131.6767542
 -149.56445569 -137.61627187 -131.3008641  -122.21226671 -133.25672251
 -140.94910899 -146.82992932 -140.25381594 -135.90001198 -140.07182241]
inrs_hat:  [-43.16616167 -28.56723346 -33.57607146 -14.46303758 -20.68705416
 -38.57475565 -26.62657183 -20.31116405 -11.22256667 -22.26702247
 -29.95940895 -35.84022928 -29.2641159  -24.91031193 -29.08212236]
scheduled_ues:  [ 0  1  2  3  4  5  6  7  8  9 10 11 12 13 14]
(1, 15, 1, 4, 1, 1)
caused INR: -25.07589915924487
TpsAltruisticFromLsfGain + IndividualEstimated_INR + -12.5
None
ls_gain_coeffs:
[-154.15586171 -139.5569335  -144.56577151 -125.45273762 -131.6767542
 -149.56445569 -137.61627187 -131.3008641  -122.21226671 -133.25672251
 -140.94910899 -146.82992932 -140.25381594 -135.90001198 -140.07182241]
inrs_hat:  [-43.16616167 -28.56723346 -33.57607146 -14.46303758 -20.68705416
 -38.57475565 -26.62657183 -20.31116405 -11.22256667 -22.26702247
 -29.95940895 -35.84022928 -29.2641159  -24.91031193 -29.08212236]
scheduled_ues:  [ 0  1  2  3  4  5  6  7  9 10 11 12 13 14]
(1, 15, 1, 4, 1, 1)
caused INR: -14.57492385153365
TpsAltruisticFromLsfGain + IndividualEstimated_INR + -15.0
None
ls_gain_coeffs:
[-154.15586171 -139.5569335  -144.56577151 -125.45273762 -131.6767542
 -149.56445569 -137.61627187 -131.3008641  -122.21226671 -133.25672251
 -140.94910899 -146.82992932 -140.25381594 -135.90001198 -140.07182241]
inrs_hat:  [-43.16616167 -28.56723346 -33.57607146 -14.46303758 -20.68705416
 -38.57475565 -26.62657183 -20.31116405 -11.22256667 -22.26702247
 -29.95940895 -35.84022928 -29.2641159  -24.91031193 -29.08212236]
scheduled_ues:  [ 0  1  2  4  5  6  7  9 10 11 12 13 14]
(1, 15, 1, 4, 1, 1)
caused INR: -17.8081238061147
TpsAltruisticFromLsfGain + CumulativeIndividualEstimated_INR + -10.0
None
(1, 15, 1, 4, 1, 1)
caused INR: -14.57492385153365
TpsAltruisticFromLsfGain + CumulativeIndividualEstimated_INR + -12.5
None
(1, 15, 1, 4, 1, 1)
caused INR: -17.8081238061147
TpsAltruisticFromLsfGain + CumulativeIndividualEstimated_INR + -15.0
None
(1, 15, 1, 4, 1, 1)
caused INR: -13.84135967587322
TpsRandomic + IndividualEstimated_INR + -10.0
None
ls_gain_coeffs:
[-147.57814141 -125.56282996 -127.66904528 -112.13706401 -131.6767542
 -149.56445569 -120.51723957 -116.57231044 -122.21226671 -116.57442147
 -140.94910899 -136.68827316 -123.59680919 -126.78624678 -127.95799357]
inrs_hat:  [-36.58844136 -14.57312992 -16.67934524  -1.14736397 -20.68705416
 -38.57475565  -9.52753952  -5.5826104  -11.22256667  -5.58472142
 -29.95940895 -25.69857311 -12.60710914 -15.79654673 -16.96829352]
scheduled_ues:  [ 0  1  2  4  5  8 10 11 12 13 14]
(1, 15, 1, 4, 1, 1)
caused INR: -9.395357897595801
TpsRandomic + IndividualEstimated_INR + -12.5
None
ls_gain_coeffs:
[-154.15586171 -125.56282996 -133.97359882 -125.45273762 -114.10930431
 -141.01789389 -137.61627187 -131.3008641  -115.45336298 -124.96163697
 -127.9765364  -135.57383939 -140.25381594 -126.78624678 -123.11521684]
inrs_hat:  [-43.16616167 -14.57312992 -22.98389878 -14.46303758  -3.11960426
 -30.02819385 -26.62657183 -20.31116405  -4.46366294 -13.97193693
 -16.98683635 -24.58413934 -29.2641159  -15.79654673 -12.12551679]
scheduled_ues:  [ 0  1  2  3  5  6  7  9 10 11 12 13]
(1, 15, 1, 4, 1, 1)
caused INR: -16.107360441395745
TpsRandomic + IndividualEstimated_INR + -15.0
None
ls_gain_coeffs:
[-147.57814141 -139.5569335  -127.66904528 -108.68677172 -119.29008412
 -137.36332743 -127.27888342 -114.21378997 -122.21226671 -124.96163697
 -127.9765364  -136.68827316 -123.59680919 -135.90001198 -130.71404011]
inrs_hat:  [-36.58844136 -28.56723346 -16.67934524   2.30292833  -8.30038407
 -26.37362739 -16.28918338  -3.22408992 -11.22256667 -13.97193693
 -16.98683635 -25.69857311 -12.60710914 -24.91031193 -19.72434007]
scheduled_ues:  [ 0  1  2  5  6 10 11 13 14]
(1, 15, 1, 4, 1, 1)
caused INR: -7.717475941592465
TpsRandomic + CumulativeIndividualEstimated_INR + -10.0
None
(1, 15, 1, 4, 1, 1)
caused INR: -9.816249507999881
TpsRandomic + CumulativeIndividualEstimated_INR + -12.5
None
(1, 15, 1, 4, 1, 1)
caused INR: -13.56880386240654
TpsRandomic + CumulativeIndividualEstimated_INR + -15.0
None
(1, 15, 1, 4, 1, 1)
caused INR: -19.03643654556715
Iteration number 66
TpsAltruisticFromLsfGain + IndividualEstimated_INR + -10.0
None
ls_gain_coeffs:
[-144.43172475 -137.42353361 -144.13843442 -138.25449224 -111.87303063
 -125.67809081 -139.57400761 -151.74136047 -133.07616795 -152.94010385
 -143.77973522 -143.80087945 -138.71162785 -145.86543955 -128.39434672]
inrs_hat:  [-33.44202471 -26.43383357 -33.14873438 -27.26479219  -0.88333059
 -14.68839077 -28.58430756 -40.75166042 -22.08646791 -41.95040381
 -32.79003517 -32.81117941 -27.7219278  -34.8757395  -17.40464667]
scheduled_ues:  [ 0  1  2  3  5  6  7  8  9 10 11 12 13 14]
(1, 15, 1, 4, 1, 1)
caused INR: -21.381551796299707
TpsAltruisticFromLsfGain + IndividualEstimated_INR + -12.5
None
ls_gain_coeffs:
[-144.43172475 -137.42353361 -144.13843442 -138.25449224 -111.87303063
 -125.67809081 -139.57400761 -151.74136047 -133.07616795 -152.94010385
 -143.77973522 -143.80087945 -138.71162785 -145.86543955 -128.39434672]
inrs_hat:  [-33.44202471 -26.43383357 -33.14873438 -27.26479219  -0.88333059
 -14.68839077 -28.58430756 -40.75166042 -22.08646791 -41.95040381
 -32.79003517 -32.81117941 -27.7219278  -34.8757395  -17.40464667]
scheduled_ues:  [ 0  1  2  3  5  6  7  8  9 10 11 12 13 14]
(1, 15, 1, 4, 1, 1)
caused INR: -21.381551796299707
TpsAltruisticFromLsfGain + IndividualEstimated_INR + -15.0
None
ls_gain_coeffs:
[-144.43172475 -137.42353361 -144.13843442 -138.25449224 -111.87303063
 -125.67809081 -139.57400761 -151.74136047 -133.07616795 -152.94010385
 -143.77973522 -143.80087945 -138.71162785 -145.86543955 -128.39434672]
inrs_hat:  [-33.44202471 -26.43383357 -33.14873438 -27.26479219  -0.88333059
 -14.68839077 -28.58430756 -40.75166042 -22.08646791 -41.95040381
 -32.79003517 -32.81117941 -27.7219278  -34.8757395  -17.40464667]
scheduled_ues:  [ 0  1  2  3  6  7  8  9 10 11 12 13 14]
(1, 15, 1, 4, 1, 1)
caused INR: -14.157594646265226
TpsAltruisticFromLsfGain + CumulativeIndividualEstimated_INR + -10.0
None
(1, 15, 1, 4, 1, 1)
caused INR: -21.381551796299707
TpsAltruisticFromLsfGain + CumulativeIndividualEstimated_INR + -12.5
None
(1, 15, 1, 4, 1, 1)
caused INR: -14.157594646265226
TpsAltruisticFromLsfGain + CumulativeIndividualEstimated_INR + -15.0
None
(1, 15, 1, 4, 1, 1)
caused INR: -13.999499945755813
TpsRandomic + IndividualEstimated_INR + -10.0
None
ls_gain_coeffs:
[-144.43172475 -137.42353361 -130.53657396 -121.77669334 -111.87303063
 -112.02821429 -123.0348218  -151.74136047 -121.82539997 -152.94010385
 -143.77973522 -127.43100225 -138.71162785 -135.63580173 -114.86903441]
inrs_hat:  [-33.44202471 -26.43383357 -19.54687392 -10.7869933   -0.88333059
  -1.03851425 -12.04512176 -40.75166042 -10.83569993 -41.95040381
 -32.79003517 -16.44130221 -27.7219278  -24.64610169  -3.87933436]
scheduled_ues:  [ 0  1  2  3  6  7  8  9 10 11 12 13]
(1, 15, 1, 4, 1, 1)
caused INR: 0.9696663219430736
TpsRandomic + IndividualEstimated_INR + -12.5
None
ls_gain_coeffs:
[-144.43172475 -130.02986501 -130.53657396 -130.55914727 -110.21992432
 -109.0252954  -131.56385941 -146.05779723 -116.23942784 -136.75030506
 -143.77973522 -137.12008374 -138.71162785 -134.85471521 -114.86903441]
inrs_hat:  [-33.44202471 -19.04016497 -19.54687392 -19.56944723   0.76977572
   1.96440464 -20.57415937 -35.06809719  -5.24972779 -25.76060501
 -32.79003517 -26.13038369 -27.7219278  -23.86501517  -3.87933436]
scheduled_ues:  [ 0  1  2  3  6  7  9 10 11 12 13]
(1, 15, 1, 4, 1, 1)
caused INR: -8.273609399558573
TpsRandomic + IndividualEstimated_INR + -15.0
None
ls_gain_coeffs:
[-130.70034261 -137.42353361 -144.13843442 -125.43583941  -98.8803952
 -109.0252954  -123.0348218  -151.74136047 -121.82539997 -146.37984318
 -133.74770042 -137.12008374 -131.86986538 -145.86543955 -114.86903441]
inrs_hat:  [-19.71064257 -26.43383357 -33.14873438 -14.44613937  12.10930485
   1.96440464 -12.04512176 -40.75166042 -10.83569993 -35.39014314
 -22.75800037 -26.13038369 -20.88016534 -34.8757395   -3.87933436]
scheduled_ues:  [ 0  1  2  7  9 10 11 12 13]
(1, 15, 1, 4, 1, 1)
caused INR: -10.76967276463099
TpsRandomic + CumulativeIndividualEstimated_INR + -10.0
None
(1, 15, 1, 4, 1, 1)
caused INR: -8.59024091525161
TpsRandomic + CumulativeIndividualEstimated_INR + -12.5
None
(1, 15, 1, 4, 1, 1)
caused INR: -14.363951418059546
TpsRandomic + CumulativeIndividualEstimated_INR + -15.0
None
(1, 15, 1, 4, 1, 1)
caused INR: -11.919691297295547
Iteration number 67
TpsAltruisticFromLsfGain + IndividualEstimated_INR + -10.0
None
ls_gain_coeffs:
[-127.65796018 -149.67819396 -133.00786894 -127.94529109 -135.45874538
 -153.36133878 -124.88785775 -125.00217963 -147.17348855 -148.82769809
 -118.93696874 -130.84858742 -124.36143632 -135.4505222  -139.44284179]
inrs_hat:  [-16.66826013 -38.68849391 -22.0181689  -16.95559104 -24.46904534
 -42.37163873 -13.8981577  -14.01247958 -36.1837885  -37.83799805
  -7.9472687  -19.85888738 -13.37173628 -24.46082215 -28.45314175]
scheduled_ues:  [ 0  1  2  3  4  5  6  7  8  9 11 12 13 14]
(1, 15, 1, 4, 1, 1)
caused INR: -7.711775111099071
TpsAltruisticFromLsfGain + IndividualEstimated_INR + -12.5
None
ls_gain_coeffs:
[-127.65796018 -149.67819396 -133.00786894 -127.94529109 -135.45874538
 -153.36133878 -124.88785775 -125.00217963 -147.17348855 -148.82769809
 -118.93696874 -130.84858742 -124.36143632 -135.4505222  -139.44284179]
inrs_hat:  [-16.66826013 -38.68849391 -22.0181689  -16.95559104 -24.46904534
 -42.37163873 -13.8981577  -14.01247958 -36.1837885  -37.83799805
  -7.9472687  -19.85888738 -13.37173628 -24.46082215 -28.45314175]
scheduled_ues:  [ 0  1  2  3  4  5  6  7  8  9 11 12 13 14]
(1, 15, 1, 4, 1, 1)
caused INR: -7.711775111099071
TpsAltruisticFromLsfGain + IndividualEstimated_INR + -15.0
None
ls_gain_coeffs:
[-127.65796018 -149.67819396 -133.00786894 -127.94529109 -135.45874538
 -153.36133878 -124.88785775 -125.00217963 -147.17348855 -148.82769809
 -118.93696874 -130.84858742 -124.36143632 -135.4505222  -139.44284179]
inrs_hat:  [-16.66826013 -38.68849391 -22.0181689  -16.95559104 -24.46904534
 -42.37163873 -13.8981577  -14.01247958 -36.1837885  -37.83799805
  -7.9472687  -19.85888738 -13.37173628 -24.46082215 -28.45314175]
scheduled_ues:  [ 0  1  2  3  4  5  8  9 11 13 14]
(1, 15, 1, 4, 1, 1)
caused INR: -9.934689743033328
TpsAltruisticFromLsfGain + CumulativeIndividualEstimated_INR + -10.0
None
(1, 15, 1, 4, 1, 1)
caused INR: -9.934689743033328
TpsAltruisticFromLsfGain + CumulativeIndividualEstimated_INR + -12.5
None
(1, 15, 1, 4, 1, 1)
caused INR: -12.657769936176278
TpsAltruisticFromLsfGain + CumulativeIndividualEstimated_INR + -15.0
None
(1, 15, 1, 4, 1, 1)
caused INR: -12.898719478658187
TpsRandomic + IndividualEstimated_INR + -10.0
None
ls_gain_coeffs:
[-125.7173996  -138.12954409 -133.00786894 -119.59897542 -119.25433188
 -144.59497681 -111.18893422 -110.35659572 -136.99108146 -147.22155711
 -118.93696874 -116.52025463 -124.36143632 -119.64774301 -129.94929539]
inrs_hat:  [-14.72769956 -27.13984404 -22.0181689   -8.60927537  -8.26463183
 -33.60527676  -0.19923418   0.63310432 -26.00138142 -36.23185707
  -7.9472687   -5.53055458 -13.37173628  -8.65804296 -18.95959535]
scheduled_ues:  [ 0  1  2  5  8  9 12 14]
(1, 15, 1, 4, 1, 1)
caused INR: -12.651119490013947
TpsRandomic + IndividualEstimated_INR + -12.5
None
ls_gain_coeffs:
[-114.56950665 -138.12954409 -127.37557164 -114.8173386  -121.66690681
 -144.59497681 -109.9316107  -115.2881415  -130.37517767 -147.22155711
 -109.61670015 -130.84858742 -105.53127543 -119.64774301 -122.54260087]
inrs_hat:  [ -3.57980661 -27.13984404 -16.38587159  -3.82763856 -10.67720677
 -33.60527676   1.05808935  -4.29844146 -19.38547763 -36.23185707
   1.3729999  -19.85888738   5.45842461  -8.65804296 -11.55290083]
scheduled_ues:  [ 1  2  5  8  9 11]
(1, 15, 1, 4, 1, 1)
caused INR: -15.626287637042765
TpsRandomic + IndividualEstimated_INR + -15.0
None
ls_gain_coeffs:
[-125.7173996  -140.3164031  -118.68883651 -127.94529109 -121.66690681
 -136.77368062 -121.11588717 -106.60156861 -136.99108146 -135.85071776
 -118.93696874 -116.52025463 -111.75103468 -130.40875341 -127.57750636]
inrs_hat:  [-14.72769956 -29.32670306  -7.69913646 -16.95559104 -10.67720677
 -25.78398057 -10.12618713   4.38813143 -26.00138142 -24.86101772
  -7.9472687   -5.53055458  -0.76133463 -19.41905337 -16.58780632]
scheduled_ues:  [ 1  3  5  8  9 13 14]
(1, 15, 1, 4, 1, 1)
caused INR: -19.03569241918288
TpsRandomic + CumulativeIndividualEstimated_INR + -10.0
None
(1, 15, 1, 4, 1, 1)
caused INR: -6.979367336795319
TpsRandomic + CumulativeIndividualEstimated_INR + -12.5
None
(1, 15, 1, 4, 1, 1)
caused INR: -23.16190652218932
TpsRandomic + CumulativeIndividualEstimated_INR + -15.0
None
(1, 15, 1, 4, 1, 1)
caused INR: -25.51216969995628
Iteration number 68
TpsAltruisticFromLsfGain + IndividualEstimated_INR + -10.0
None
ls_gain_coeffs:
[-131.27772019 -117.74960662 -145.81623191 -142.84668281 -142.49546231
 -139.27821705 -141.05079171 -142.57133248 -147.63419883 -147.58487721
 -123.15067615 -149.34527008 -130.4332238  -133.28171922 -145.05599577]
inrs_hat:  [-20.28802015  -6.75990658 -34.82653187 -31.85698277 -31.50576227
 -28.288517   -30.06109167 -31.58163244 -36.64449879 -36.59517717
 -12.16097611 -38.35557004 -19.44352376 -22.29201918 -34.06629572]
scheduled_ues:  [ 0  2  3  4  5  6  7  8  9 10 11 12 13 14]
(1, 15, 1, 4, 1, 1)
caused INR: -13.195473213037321
TpsAltruisticFromLsfGain + IndividualEstimated_INR + -12.5
None
ls_gain_coeffs:
[-131.27772019 -117.74960662 -145.81623191 -142.84668281 -142.49546231
 -139.27821705 -141.05079171 -142.57133248 -147.63419883 -147.58487721
 -123.15067615 -149.34527008 -130.4332238  -133.28171922 -145.05599577]
inrs_hat:  [-20.28802015  -6.75990658 -34.82653187 -31.85698277 -31.50576227
 -28.288517   -30.06109167 -31.58163244 -36.64449879 -36.59517717
 -12.16097611 -38.35557004 -19.44352376 -22.29201918 -34.06629572]
scheduled_ues:  [ 0  2  3  4  5  6  7  8  9 11 12 13 14]
(1, 15, 1, 4, 1, 1)
caused INR: -15.760319211599779
TpsAltruisticFromLsfGain + IndividualEstimated_INR + -15.0
None
ls_gain_coeffs:
[-131.27772019 -117.74960662 -145.81623191 -142.84668281 -142.49546231
 -139.27821705 -141.05079171 -142.57133248 -147.63419883 -147.58487721
 -123.15067615 -149.34527008 -130.4332238  -133.28171922 -145.05599577]
inrs_hat:  [-20.28802015  -6.75990658 -34.82653187 -31.85698277 -31.50576227
 -28.288517   -30.06109167 -31.58163244 -36.64449879 -36.59517717
 -12.16097611 -38.35557004 -19.44352376 -22.29201918 -34.06629572]
scheduled_ues:  [ 0  2  3  4  5  6  7  8  9 11 12 13 14]
(1, 15, 1, 4, 1, 1)
caused INR: -15.760319211599779
TpsAltruisticFromLsfGain + CumulativeIndividualEstimated_INR + -10.0
None
(1, 15, 1, 4, 1, 1)
caused INR: -13.195473213037321
TpsAltruisticFromLsfGain + CumulativeIndividualEstimated_INR + -12.5
None
(1, 15, 1, 4, 1, 1)
caused INR: -15.760319211599779
TpsAltruisticFromLsfGain + CumulativeIndividualEstimated_INR + -15.0
None
(1, 15, 1, 4, 1, 1)
caused INR: -21.814443476049995
TpsRandomic + IndividualEstimated_INR + -10.0
None
ls_gain_coeffs:
[-127.89653896 -104.66930841 -132.08443925 -125.91302441 -125.42772701
 -122.56730208 -128.50667733 -142.57133248 -130.79995522 -141.22365878
 -110.37007521 -141.51062546 -113.56047452 -122.26057785 -145.05599577]
inrs_hat:  [-16.90683891   6.32039163 -21.09473921 -14.92332437 -14.43802696
 -11.57760204 -17.51697728 -31.58163244 -19.81025518 -30.23395874
   0.61962484 -30.52092542  -2.57077448 -11.2708778  -34.06629572]
scheduled_ues:  [ 0  2  3  4  5  6  7  8  9 11 13 14]
(1, 15, 1, 4, 1, 1)
caused INR: -6.168342241744668
TpsRandomic + IndividualEstimated_INR + -12.5
None
ls_gain_coeffs:
[-127.89653896 -115.83351199 -145.81623191 -142.84668281 -125.42772701
 -139.27821705 -128.50667733 -126.20729154 -147.63419883 -131.20171836
 -110.4785427  -132.88422117 -118.26416062 -115.90088776 -128.31373159]
inrs_hat:  [-16.90683891  -4.84381195 -34.82653187 -31.85698277 -14.43802696
 -28.288517   -17.51697728 -15.2175915  -36.64449879 -20.21201832
   0.51115734 -21.89452113  -7.27446058  -4.91118772 -17.32403154]
scheduled_ues:  [ 0  2  3  4  5  6  7  8  9 11 14]
(1, 15, 1, 4, 1, 1)
caused INR: -4.350659769709723
TpsRandomic + IndividualEstimated_INR + -15.0
None
ls_gain_coeffs:
[-127.89653896 -115.83351199 -130.7942466  -133.31609355 -132.05340269
 -128.4742653  -141.05079171 -126.20729154 -136.55119132 -133.62137794
 -110.4785427  -141.51062546 -118.26416062 -115.90088776 -136.50074311]
inrs_hat:  [-16.90683891  -4.84381195 -19.80454655 -22.3263935  -21.06370264
 -17.48456525 -30.06109167 -15.2175915  -25.56149128 -22.6316779
   0.51115734 -30.52092542  -7.27446058  -4.91118772 -25.51104307]
scheduled_ues:  [ 0  2  3  4  5  6  7  8  9 11 14]
(1, 15, 1, 4, 1, 1)
caused INR: -8.74234917799963
TpsRandomic + CumulativeIndividualEstimated_INR + -10.0
None
(1, 15, 1, 4, 1, 1)
caused INR: -12.614684829579119
TpsRandomic + CumulativeIndividualEstimated_INR + -12.5
None
(1, 15, 1, 4, 1, 1)
caused INR: -19.596796454077996
TpsRandomic + CumulativeIndividualEstimated_INR + -15.0
None
(1, 15, 1, 4, 1, 1)
caused INR: -13.834174975359684
Iteration number 69
TpsAltruisticFromLsfGain + IndividualEstimated_INR + -10.0
None
ls_gain_coeffs:
[-139.55076731 -133.10954057 -138.50117541 -139.95144336 -137.49834092
 -135.13446431 -118.72617132 -124.42767681 -142.11868371 -143.31818783
 -135.82757207 -143.69001828 -153.70339765 -129.47091053 -147.52233072]
inrs_hat:  [-28.56106727 -22.11984053 -27.51147537 -28.96174332 -26.50864088
 -24.14476427  -7.73647127 -13.43797677 -31.12898366 -32.32848779
 -24.83787202 -32.70031824 -42.7136976  -18.48121048 -36.53263068]
scheduled_ues:  [ 0  1  2  3  4  5  7  8  9 10 11 12 13 14]
(1, 15, 1, 4, 1, 1)
caused INR: -5.8288094035581235
TpsAltruisticFromLsfGain + IndividualEstimated_INR + -12.5
None
ls_gain_coeffs:
[-139.55076731 -133.10954057 -138.50117541 -139.95144336 -137.49834092
 -135.13446431 -118.72617132 -124.42767681 -142.11868371 -143.31818783
 -135.82757207 -143.69001828 -153.70339765 -129.47091053 -147.52233072]
inrs_hat:  [-28.56106727 -22.11984053 -27.51147537 -28.96174332 -26.50864088
 -24.14476427  -7.73647127 -13.43797677 -31.12898366 -32.32848779
 -24.83787202 -32.70031824 -42.7136976  -18.48121048 -36.53263068]
scheduled_ues:  [ 0  1  2  3  4  5  7  8  9 10 11 12 13 14]
(1, 15, 1, 4, 1, 1)
caused INR: -5.8288094035581235
TpsAltruisticFromLsfGain + IndividualEstimated_INR + -15.0
None
ls_gain_coeffs:
[-139.55076731 -133.10954057 -138.50117541 -139.95144336 -137.49834092
 -135.13446431 -118.72617132 -124.42767681 -142.11868371 -143.31818783
 -135.82757207 -143.69001828 -153.70339765 -129.47091053 -147.52233072]
inrs_hat:  [-28.56106727 -22.11984053 -27.51147537 -28.96174332 -26.50864088
 -24.14476427  -7.73647127 -13.43797677 -31.12898366 -32.32848779
 -24.83787202 -32.70031824 -42.7136976  -18.48121048 -36.53263068]
scheduled_ues:  [ 0  1  2  3  4  5  8  9 10 11 12 13 14]
(1, 15, 1, 4, 1, 1)
caused INR: -9.067461552999523
TpsAltruisticFromLsfGain + CumulativeIndividualEstimated_INR + -10.0
None
(1, 15, 1, 4, 1, 1)
caused INR: -5.8288094035581235
TpsAltruisticFromLsfGain + CumulativeIndividualEstimated_INR + -12.5
None
(1, 15, 1, 4, 1, 1)
caused INR: -9.067461552999523
TpsAltruisticFromLsfGain + CumulativeIndividualEstimated_INR + -15.0
None
(1, 15, 1, 4, 1, 1)
caused INR: -10.832037131580744
TpsRandomic + IndividualEstimated_INR + -10.0
None
ls_gain_coeffs:
[-130.04871131 -133.10954057 -121.78941341 -124.49028656 -130.75988808
 -130.04052621 -118.72617132 -111.3335409  -142.11868371 -142.07858137
 -119.19824275 -134.90300432 -153.70339765 -117.70124207 -136.05270144]
inrs_hat:  [-19.05901127 -22.11984053 -10.79971337 -13.50058652 -19.77018804
 -19.05082617  -7.73647127  -0.34384086 -31.12898366 -31.08888133
  -8.2085427  -23.91330428 -42.7136976   -6.71154203 -25.0630014 ]
scheduled_ues:  [ 0  1  2  3  4  5  8  9 11 12 14]
(1, 15, 1, 4, 1, 1)
caused INR: -12.021861094338329
TpsRandomic + IndividualEstimated_INR + -12.5
None
ls_gain_coeffs:
[-127.52308455 -119.76144452 -138.50117541 -135.42210816 -123.48162727
 -130.04052621  -99.97251568 -106.92976358 -142.11868371 -130.05018353
 -127.77657773 -134.90300432 -137.40970855 -129.47091053 -137.87763744]
inrs_hat:  [-16.53338451  -8.77174448 -27.51147537 -24.43240812 -12.49192723
 -19.05082617  11.01718436   4.05993646 -31.12898366 -19.06048348
 -16.78687769 -23.91330428 -26.4200085  -18.48121048 -26.8879374 ]
scheduled_ues:  [ 0  2  3  5  8  9 10 11 12 13 14]
(1, 15, 1, 4, 1, 1)
caused INR: -13.165183806801934
TpsRandomic + IndividualEstimated_INR + -15.0
None
ls_gain_coeffs:
[-130.04871131 -119.76144452 -131.54702087 -139.95144336 -137.49834092
 -119.29690558 -118.72617132 -106.92976358 -129.35820429 -130.46338568
 -123.06150776 -143.69001828 -140.13501413 -117.70124207 -147.52233072]
inrs_hat:  [-19.05901127  -8.77174448 -20.55732083 -28.96174332 -26.50864088
  -8.30720553  -7.73647127   4.05993646 -18.36850425 -19.47368564
 -12.07180772 -32.70031824 -29.14531409  -6.71154203 -36.53263068]
scheduled_ues:  [ 0  2  3  4  8  9 11 12 14]
(1, 15, 1, 4, 1, 1)
caused INR: -19.679429276244264
TpsRandomic + CumulativeIndividualEstimated_INR + -10.0
None
(1, 15, 1, 4, 1, 1)
caused INR: -10.6500758986049
TpsRandomic + CumulativeIndividualEstimated_INR + -12.5
None
(1, 15, 1, 4, 1, 1)
caused INR: -19.64454664075033
TpsRandomic + CumulativeIndividualEstimated_INR + -15.0
None
(1, 15, 1, 4, 1, 1)
caused INR: -14.948930065659368
Iteration number 70
TpsAltruisticFromLsfGain + IndividualEstimated_INR + -10.0
None
ls_gain_coeffs:
[-142.67229449 -140.50884717 -144.78919673 -131.09019094 -137.04085032
 -133.26214987 -148.85330675 -124.27562843 -142.88342203 -132.67443335
 -137.81179643 -136.93035117 -124.03070019 -140.1281251  -126.9984891 ]
inrs_hat:  [-31.68259444 -29.51914713 -33.79949669 -20.10049089 -26.05115028
 -22.27244983 -37.86360671 -13.28592839 -31.89372198 -21.68473331
 -26.82209638 -25.94065112 -13.04100015 -29.13842506 -16.00878906]
scheduled_ues:  [ 0  1  2  3  4  5  6  7  8  9 10 11 12 13 14]
(1, 15, 1, 4, 1, 1)
caused INR: -8.111458074940813
TpsAltruisticFromLsfGain + IndividualEstimated_INR + -12.5
None
ls_gain_coeffs:
[-142.67229449 -140.50884717 -144.78919673 -131.09019094 -137.04085032
 -133.26214987 -148.85330675 -124.27562843 -142.88342203 -132.67443335
 -137.81179643 -136.93035117 -124.03070019 -140.1281251  -126.9984891 ]
inrs_hat:  [-31.68259444 -29.51914713 -33.79949669 -20.10049089 -26.05115028
 -22.27244983 -37.86360671 -13.28592839 -31.89372198 -21.68473331
 -26.82209638 -25.94065112 -13.04100015 -29.13842506 -16.00878906]
scheduled_ues:  [ 0  1  2  3  4  5  6  7  8  9 10 11 12 13 14]
(1, 15, 1, 4, 1, 1)
caused INR: -8.111458074940813
TpsAltruisticFromLsfGain + IndividualEstimated_INR + -15.0
None
ls_gain_coeffs:
[-142.67229449 -140.50884717 -144.78919673 -131.09019094 -137.04085032
 -133.26214987 -148.85330675 -124.27562843 -142.88342203 -132.67443335
 -137.81179643 -136.93035117 -124.03070019 -140.1281251  -126.9984891 ]
inrs_hat:  [-31.68259444 -29.51914713 -33.79949669 -20.10049089 -26.05115028
 -22.27244983 -37.86360671 -13.28592839 -31.89372198 -21.68473331
 -26.82209638 -25.94065112 -13.04100015 -29.13842506 -16.00878906]
scheduled_ues:  [ 0  1  2  3  4  5  6  8  9 10 11 13 14]
(1, 15, 1, 4, 1, 1)
caused INR: -11.226164724447212
TpsAltruisticFromLsfGain + CumulativeIndividualEstimated_INR + -10.0
None
(1, 15, 1, 4, 1, 1)
caused INR: -11.226164724447212
TpsAltruisticFromLsfGain + CumulativeIndividualEstimated_INR + -12.5
None
(1, 15, 1, 4, 1, 1)
caused INR: -12.969650529074332
TpsAltruisticFromLsfGain + CumulativeIndividualEstimated_INR + -15.0
None
(1, 15, 1, 4, 1, 1)
caused INR: -10.207255170243684
TpsRandomic + IndividualEstimated_INR + -10.0
None
ls_gain_coeffs:
[-126.02267037 -140.50884717 -128.13962905 -118.72884269 -124.21641945
 -133.26214987 -135.92739016 -116.23570347 -126.26978861 -118.41907216
 -127.26064684 -120.20829152 -124.03070019 -140.1281251  -115.85068364]
inrs_hat:  [-15.03297033 -29.51914713 -17.14992901  -7.73914265 -13.22671941
 -22.27244983 -24.93769012  -5.24600343 -15.28008857  -7.42937211
 -16.2709468   -9.21859147 -13.04100015 -29.13842506  -4.8609836 ]
scheduled_ues:  [ 0  1  2  4  5  6  8 10 12 13]
(1, 15, 1, 4, 1, 1)
caused INR: -4.1277470339304925
TpsRandomic + IndividualEstimated_INR + -12.5
None
ls_gain_coeffs:
[-129.783075   -132.22288979 -132.79654974 -122.22850862 -124.21641945
 -116.12195372 -135.44307357 -124.27562843 -129.31186573 -118.41907216
 -126.76463384 -136.93035117 -124.03070019 -126.48585824 -108.27658967]
inrs_hat:  [-18.79337496 -21.23318974 -21.80684969 -11.23880858 -13.22671941
  -5.13225367 -24.45337353 -13.28592839 -18.32216569  -7.42937211
 -15.77493379 -25.94065112 -13.04100015 -15.4961582    2.71311037]
scheduled_ues:  [ 0  1  2  4  6  7  8 10 11 12 13]
(1, 15, 1, 4, 1, 1)
caused INR: -4.313961961952759
TpsRandomic + IndividualEstimated_INR + -15.0
None
ls_gain_coeffs:
[-126.02267037 -132.22288979 -128.13962905 -114.25787566 -124.40783489
 -116.12195372 -147.40035699 -116.23570347 -126.26978861 -119.32595275
 -127.26064684 -123.02074612 -111.35678344 -140.1281251  -126.9984891 ]
inrs_hat:  [-15.03297033 -21.23318974 -17.14992901  -3.26817561 -13.41813484
  -5.13225367 -36.41065694  -5.24600343 -15.28008857  -8.33625271
 -16.2709468  -12.03104608  -0.3670834  -29.13842506 -16.00878906]
scheduled_ues:  [ 0  1  2  6  8 10 13 14]
(1, 15, 1, 4, 1, 1)
caused INR: -15.540601164996751
TpsRandomic + CumulativeIndividualEstimated_INR + -10.0
None
(1, 15, 1, 4, 1, 1)
caused INR: -15.987633029424897
TpsRandomic + CumulativeIndividualEstimated_INR + -12.5
None
(1, 15, 1, 4, 1, 1)
caused INR: -16.36465721492798
TpsRandomic + CumulativeIndividualEstimated_INR + -15.0
None
(1, 15, 1, 4, 1, 1)
caused INR: -12.52502985327736
Iteration number 71
TpsAltruisticFromLsfGain + IndividualEstimated_INR + -10.0
None
ls_gain_coeffs:
[-138.87905955 -135.24181988 -130.51745002 -149.87375324 -130.92961402
 -137.25188151 -142.64393442 -148.05407867 -136.82093904 -143.84137777
 -138.9045812  -130.42639297 -138.04159571 -128.06378885 -124.28568079]
inrs_hat:  [-27.88935951 -24.25211983 -19.52774998 -38.88405319 -19.93991398
 -26.26218146 -31.65423438 -37.06437863 -25.831239   -32.85167773
 -27.91488116 -19.43669293 -27.05189566 -17.0740888  -13.29598075]
scheduled_ues:  [ 0  1  2  3  4  5  6  7  8  9 10 11 12 13 14]
(1, 15, 1, 4, 1, 1)
caused INR: -11.068180019675678
TpsAltruisticFromLsfGain + IndividualEstimated_INR + -12.5
None
ls_gain_coeffs:
[-138.87905955 -135.24181988 -130.51745002 -149.87375324 -130.92961402
 -137.25188151 -142.64393442 -148.05407867 -136.82093904 -143.84137777
 -138.9045812  -130.42639297 -138.04159571 -128.06378885 -124.28568079]
inrs_hat:  [-27.88935951 -24.25211983 -19.52774998 -38.88405319 -19.93991398
 -26.26218146 -31.65423438 -37.06437863 -25.831239   -32.85167773
 -27.91488116 -19.43669293 -27.05189566 -17.0740888  -13.29598075]
scheduled_ues:  [ 0  1  2  3  4  5  6  7  8  9 10 11 12 13 14]
(1, 15, 1, 4, 1, 1)
caused INR: -11.068180019675678
TpsAltruisticFromLsfGain + IndividualEstimated_INR + -15.0
None
ls_gain_coeffs:
[-138.87905955 -135.24181988 -130.51745002 -149.87375324 -130.92961402
 -137.25188151 -142.64393442 -148.05407867 -136.82093904 -143.84137777
 -138.9045812  -130.42639297 -138.04159571 -128.06378885 -124.28568079]
inrs_hat:  [-27.88935951 -24.25211983 -19.52774998 -38.88405319 -19.93991398
 -26.26218146 -31.65423438 -37.06437863 -25.831239   -32.85167773
 -27.91488116 -19.43669293 -27.05189566 -17.0740888  -13.29598075]
scheduled_ues:  [ 0  1  2  3  4  5  6  7  8  9 10 11 12 13]
(1, 15, 1, 4, 1, 1)
caused INR: -8.842224802208442
TpsAltruisticFromLsfGain + CumulativeIndividualEstimated_INR + -10.0
None
(1, 15, 1, 4, 1, 1)
caused INR: -8.842224802208442
TpsAltruisticFromLsfGain + CumulativeIndividualEstimated_INR + -12.5
None
(1, 15, 1, 4, 1, 1)
caused INR: -12.376624950733891
TpsAltruisticFromLsfGain + CumulativeIndividualEstimated_INR + -15.0
None
(1, 15, 1, 4, 1, 1)
caused INR: -17.63773034095021
TpsRandomic + IndividualEstimated_INR + -10.0
None
ls_gain_coeffs:
[-132.86224353 -135.24181988 -116.26930634 -149.87375324 -114.04696647
 -127.82588716 -126.46320531 -131.61623341 -125.68454327 -132.2416152
 -121.67166996 -121.34784041 -136.30336636 -119.64893999 -124.28568079]
inrs_hat:  [-21.87254348 -24.25211983  -5.27960629 -38.88405319  -3.05726642
 -16.83618711 -15.47350527 -20.62653337 -14.69484322 -21.25191515
 -10.68196992 -10.35814037 -25.31366631  -8.65923995 -13.29598075]
scheduled_ues:  [ 0  1  3  5  6  7  8  9 10 11 12 14]
(1, 15, 1, 4, 1, 1)
caused INR: -4.441563773122264
TpsRandomic + IndividualEstimated_INR + -12.5
None
ls_gain_coeffs:
[-122.77005863 -135.24181988 -130.51745002 -133.04132408 -114.04696647
 -127.82588716 -142.64393442 -134.57387493 -125.68454327 -127.21214258
 -138.9045812  -130.42639297 -125.02058592 -115.28323261 -112.74187168]
inrs_hat:  [-11.78035859 -24.25211983 -19.52774998 -22.05162404  -3.05726642
 -16.83618711 -31.65423438 -23.58417488 -14.69484322 -16.22244254
 -27.91488116 -19.43669293 -14.03088588  -4.29353257  -1.75217163]
scheduled_ues:  [ 1  2  3  5  6  7  8  9 10 11 12]
(1, 15, 1, 4, 1, 1)
caused INR: -12.941314268926348
TpsRandomic + IndividualEstimated_INR + -15.0
None
ls_gain_coeffs:
[-122.77005863 -118.55539105 -122.81150771 -149.87375324 -124.22238626
 -137.25188151 -142.64393442 -131.61623341 -125.68454327 -143.84137777
 -121.67166996 -112.98967682 -124.44117614 -119.64893999 -107.09607256]
inrs_hat:  [-11.78035859  -7.565691   -11.82180766 -38.88405319 -13.23268621
 -26.26218146 -31.65423438 -20.62653337 -14.69484322 -32.85167773
 -10.68196992  -1.99997678 -13.4514761   -8.65923995   3.89362748]
scheduled_ues:  [3 5 6 7 9]
(1, 15, 1, 4, 1, 1)
caused INR: -21.903432774353625
TpsRandomic + CumulativeIndividualEstimated_INR + -10.0
None
(1, 15, 1, 4, 1, 1)
caused INR: -25.853873098214997
TpsRandomic + CumulativeIndividualEstimated_INR + -12.5
None
(1, 15, 1, 4, 1, 1)
caused INR: -13.54722860783308
TpsRandomic + CumulativeIndividualEstimated_INR + -15.0
None
(1, 15, 1, 4, 1, 1)
caused INR: -15.320768941025158
Iteration number 72
TpsAltruisticFromLsfGain + IndividualEstimated_INR + -10.0
None
ls_gain_coeffs:
[-133.60023582 -132.85394311 -131.12618521 -132.48269617 -139.15537301
 -146.88983815 -150.96181782 -144.60481287 -126.30157158 -141.83768529
 -141.96516835 -141.26900231 -144.41548111 -145.11295059 -139.05700073]
inrs_hat:  [-22.61053578 -21.86424306 -20.13648517 -21.49299612 -28.16567296
 -35.90013811 -39.97211778 -33.61511282 -15.31187154 -30.84798524
 -30.9754683  -30.27930226 -33.42578106 -34.12325054 -28.06730069]
scheduled_ues:  [ 0  1  2  3  4  5  6  7  8  9 10 11 12 13 14]
(1, 15, 1, 4, 1, 1)
caused INR: -11.743951699113012
TpsAltruisticFromLsfGain + IndividualEstimated_INR + -12.5
None
ls_gain_coeffs:
[-133.60023582 -132.85394311 -131.12618521 -132.48269617 -139.15537301
 -146.88983815 -150.96181782 -144.60481287 -126.30157158 -141.83768529
 -141.96516835 -141.26900231 -144.41548111 -145.11295059 -139.05700073]
inrs_hat:  [-22.61053578 -21.86424306 -20.13648517 -21.49299612 -28.16567296
 -35.90013811 -39.97211778 -33.61511282 -15.31187154 -30.84798524
 -30.9754683  -30.27930226 -33.42578106 -34.12325054 -28.06730069]
scheduled_ues:  [ 0  1  2  3  4  5  6  7  8  9 10 11 12 13 14]
(1, 15, 1, 4, 1, 1)
caused INR: -11.743951699113012
TpsAltruisticFromLsfGain + IndividualEstimated_INR + -15.0
None
ls_gain_coeffs:
[-133.60023582 -132.85394311 -131.12618521 -132.48269617 -139.15537301
 -146.88983815 -150.96181782 -144.60481287 -126.30157158 -141.83768529
 -141.96516835 -141.26900231 -144.41548111 -145.11295059 -139.05700073]
inrs_hat:  [-22.61053578 -21.86424306 -20.13648517 -21.49299612 -28.16567296
 -35.90013811 -39.97211778 -33.61511282 -15.31187154 -30.84798524
 -30.9754683  -30.27930226 -33.42578106 -34.12325054 -28.06730069]
scheduled_ues:  [ 0  1  2  3  4  5  6  7  8  9 10 11 12 13 14]
(1, 15, 1, 4, 1, 1)
caused INR: -11.743951699113012
TpsAltruisticFromLsfGain + CumulativeIndividualEstimated_INR + -10.0
None
(1, 15, 1, 4, 1, 1)
caused INR: -11.743951699113012
TpsAltruisticFromLsfGain + CumulativeIndividualEstimated_INR + -12.5
None
(1, 15, 1, 4, 1, 1)
caused INR: -20.628674842593618
TpsAltruisticFromLsfGain + CumulativeIndividualEstimated_INR + -15.0
None
(1, 15, 1, 4, 1, 1)
caused INR: -16.229809165789636
TpsRandomic + IndividualEstimated_INR + -10.0
None
ls_gain_coeffs:
[-117.47530153 -116.45830924 -131.12618521 -118.15610839 -126.52521922
 -146.88983815 -134.84170575 -142.98852071 -109.03204135 -125.33235657
 -134.15576298 -126.3145869  -137.09947141 -132.4167621  -131.91422933]
inrs_hat:  [ -6.48560149  -5.4686092  -20.13648517  -7.16640835 -15.53551918
 -35.90013811 -23.85200571 -31.99882066   1.95765869 -14.34265653
 -23.16606293 -15.32488685 -26.10977137 -21.42706206 -20.92452928]
scheduled_ues:  [ 2  4  5  6  7  9 10 11 12 13 14]
(1, 15, 1, 4, 1, 1)
caused INR: -23.545093340962037
TpsRandomic + IndividualEstimated_INR + -12.5
None
ls_gain_coeffs:
[-119.31696868 -132.85394311 -116.40130909 -124.66319602 -126.52521922
 -137.01862224 -134.84170575 -142.98852071 -114.76690532 -125.33235657
 -141.96516835 -127.5709946  -127.88853922 -132.16217362 -125.27871537]
inrs_hat:  [ -8.32726863 -21.86424306  -5.41160904 -13.67349597 -15.53551918
 -26.0289222  -23.85200571 -31.99882066  -3.77720528 -14.34265653
 -30.9754683  -16.58129456 -16.89883917 -21.17247358 -14.28901533]
scheduled_ues:  [ 1  3  4  5  6  7  9 10 11 12 13 14]
(1, 15, 1, 4, 1, 1)
caused INR: -9.56745379756467
TpsRandomic + IndividualEstimated_INR + -15.0
None
ls_gain_coeffs:
[-133.60023582 -126.07332178 -116.40130909 -124.66319602 -138.87254233
 -146.88983815 -134.84170575 -131.62444881 -114.76690532 -141.83768529
 -128.48990707 -127.5709946  -127.88853922 -144.34918514 -122.37567235]
inrs_hat:  [-22.61053578 -15.08362174  -5.41160904 -13.67349597 -27.88284229
 -35.90013811 -23.85200571 -20.63474877  -3.77720528 -30.84798524
 -17.50020703 -16.58129456 -16.89883917 -33.35948509 -11.38597231]
scheduled_ues:  [ 0  1  4  5  6  7  9 10 11 12 13]
(1, 15, 1, 4, 1, 1)
caused INR: -10.397361334128657
TpsRandomic + CumulativeIndividualEstimated_INR + -10.0
None
(1, 15, 1, 4, 1, 1)
caused INR: -11.580773849546029
TpsRandomic + CumulativeIndividualEstimated_INR + -12.5
None
(1, 15, 1, 4, 1, 1)
caused INR: -14.98997284738204
TpsRandomic + CumulativeIndividualEstimated_INR + -15.0
None
(1, 15, 1, 4, 1, 1)
caused INR: -15.48732544318325
Iteration number 73
TpsAltruisticFromLsfGain + IndividualEstimated_INR + -10.0
None
ls_gain_coeffs:
[-149.19157659 -148.32246332 -145.1022642  -148.70601443 -140.50221031
 -135.15269425 -146.88453173 -136.0625178  -144.67587703 -127.96946397
 -127.58198172 -141.52830461 -151.10261965 -148.2180651  -135.68704941]
inrs_hat:  [-38.20187654 -37.33276327 -34.11256416 -37.71631439 -29.51251026
 -24.16299421 -35.89483169 -25.07281776 -33.68617698 -16.97976393
 -16.59228168 -30.53860457 -40.11291961 -37.22836506 -24.69734936]
scheduled_ues:  [ 0  1  2  3  4  5  6  7  8  9 10 11 12 13 14]
(1, 15, 1, 4, 1, 1)
caused INR: -22.894886822361727
TpsAltruisticFromLsfGain + IndividualEstimated_INR + -12.5
None
ls_gain_coeffs:
[-149.19157659 -148.32246332 -145.1022642  -148.70601443 -140.50221031
 -135.15269425 -146.88453173 -136.0625178  -144.67587703 -127.96946397
 -127.58198172 -141.52830461 -151.10261965 -148.2180651  -135.68704941]
inrs_hat:  [-38.20187654 -37.33276327 -34.11256416 -37.71631439 -29.51251026
 -24.16299421 -35.89483169 -25.07281776 -33.68617698 -16.97976393
 -16.59228168 -30.53860457 -40.11291961 -37.22836506 -24.69734936]
scheduled_ues:  [ 0  1  2  3  4  5  6  7  8  9 10 11 12 13 14]
(1, 15, 1, 4, 1, 1)
caused INR: -22.894886822361727
TpsAltruisticFromLsfGain + IndividualEstimated_INR + -15.0
None
ls_gain_coeffs:
[-149.19157659 -148.32246332 -145.1022642  -148.70601443 -140.50221031
 -135.15269425 -146.88453173 -136.0625178  -144.67587703 -127.96946397
 -127.58198172 -141.52830461 -151.10261965 -148.2180651  -135.68704941]
inrs_hat:  [-38.20187654 -37.33276327 -34.11256416 -37.71631439 -29.51251026
 -24.16299421 -35.89483169 -25.07281776 -33.68617698 -16.97976393
 -16.59228168 -30.53860457 -40.11291961 -37.22836506 -24.69734936]
scheduled_ues:  [ 0  1  2  3  4  5  6  7  8  9 10 11 12 13 14]
(1, 15, 1, 4, 1, 1)
caused INR: -22.894886822361727
TpsAltruisticFromLsfGain + CumulativeIndividualEstimated_INR + -10.0
None
(1, 15, 1, 4, 1, 1)
caused INR: -22.894886822361727
TpsAltruisticFromLsfGain + CumulativeIndividualEstimated_INR + -12.5
None
(1, 15, 1, 4, 1, 1)
caused INR: -22.894886822361727
TpsAltruisticFromLsfGain + CumulativeIndividualEstimated_INR + -15.0
None
(1, 15, 1, 4, 1, 1)
caused INR: -15.246182712800668
TpsRandomic + IndividualEstimated_INR + -10.0
None
ls_gain_coeffs:
[-137.77224904 -148.32246332 -131.34436813 -137.70447581 -140.50221031
 -124.38514083 -133.74926499 -124.81327641 -127.97037631 -127.96946397
 -110.97520349 -135.45919151 -143.08797498 -131.4074272  -124.24128067]
inrs_hat:  [-2.67825490e+01 -3.73327633e+01 -2.03546681e+01 -2.67147758e+01
 -2.95125103e+01 -1.33954408e+01 -2.27595649e+01 -1.38235764e+01
 -1.69806763e+01 -1.69797639e+01  1.44965485e-02 -2.44694915e+01
 -3.20982749e+01 -2.04177272e+01 -1.32515806e+01]
scheduled_ues:  [ 0  1  2  3  4  5  6  7  8  9 11 12 13 14]
(1, 15, 1, 4, 1, 1)
caused INR: -8.944517111340415
TpsRandomic + IndividualEstimated_INR + -12.5
None
ls_gain_coeffs:
[-149.19157659 -134.84569374 -145.1022642  -148.70601443 -131.40952925
 -124.82719209 -146.88453173 -124.81327641 -132.47579008 -117.64304554
 -127.58198172 -141.52830461 -151.10261965 -137.16139995 -118.24069816]
inrs_hat:  [-38.20187654 -23.8559937  -34.11256416 -37.71631439 -20.4198292
 -13.83749205 -35.89483169 -13.82357636 -21.48609003  -6.6533455
 -16.59228168 -30.53860457 -40.11291961 -26.1716999   -7.25099811]
scheduled_ues:  [ 0  1  2  3  4  5  6  7  8 10 11 12 13]
(1, 15, 1, 4, 1, 1)
caused INR: -9.498955087518503
TpsRandomic + IndividualEstimated_INR + -15.0
None
ls_gain_coeffs:
[-149.19157659 -134.84569374 -145.1022642  -148.70601443 -131.40952925
 -135.15269425 -139.63246124 -119.06852949 -132.47579008 -110.97225527
 -114.14302376 -127.84192052 -134.5789977  -131.4074272  -124.68171565]
inrs_hat:  [-3.82018765e+01 -2.38559937e+01 -3.41125642e+01 -3.77163144e+01
 -2.04198292e+01 -2.41629942e+01 -2.86427612e+01 -8.07882945e+00
 -2.14860900e+01  1.74447731e-02 -3.15332372e+00 -1.68522205e+01
 -2.35892977e+01 -2.04177272e+01 -1.36920156e+01]
scheduled_ues:  [ 0  1  2  3  4  5  6  8 11 12 13]
(1, 15, 1, 4, 1, 1)
caused INR: -19.06427599671613
TpsRandomic + CumulativeIndividualEstimated_INR + -10.0
None
(1, 15, 1, 4, 1, 1)
caused INR: -5.578909240878376
TpsRandomic + CumulativeIndividualEstimated_INR + -12.5
None
(1, 15, 1, 4, 1, 1)
caused INR: -17.20601805711505
TpsRandomic + CumulativeIndividualEstimated_INR + -15.0
None
(1, 15, 1, 4, 1, 1)
caused INR: -22.642541310107035
Iteration number 74
TpsAltruisticFromLsfGain + IndividualEstimated_INR + -10.0
None
ls_gain_coeffs:
[-140.91956151 -144.4298528  -137.77424042 -145.64749896 -138.88463296
 -143.30848012 -134.01886116 -131.08470477 -145.42883964 -147.34591549
 -148.09790652 -127.35565992 -131.43527426 -146.97441595 -116.77424079]
inrs_hat:  [-29.92986147 -33.44015275 -26.78454037 -34.65779892 -27.89493291
 -32.31878008 -23.02916111 -20.09500473 -34.43913959 -36.35621544
 -37.10820648 -16.36595987 -20.44557421 -35.9847159   -5.78454074]
scheduled_ues:  [ 0  1  2  3  4  5  6  7  8  9 10 11 12 13]
(1, 15, 1, 4, 1, 1)
caused INR: -17.235487967187808
TpsAltruisticFromLsfGain + IndividualEstimated_INR + -12.5
None
ls_gain_coeffs:
[-140.91956151 -144.4298528  -137.77424042 -145.64749896 -138.88463296
 -143.30848012 -134.01886116 -131.08470477 -145.42883964 -147.34591549
 -148.09790652 -127.35565992 -131.43527426 -146.97441595 -116.77424079]
inrs_hat:  [-29.92986147 -33.44015275 -26.78454037 -34.65779892 -27.89493291
 -32.31878008 -23.02916111 -20.09500473 -34.43913959 -36.35621544
 -37.10820648 -16.36595987 -20.44557421 -35.9847159   -5.78454074]
scheduled_ues:  [ 0  1  2  3  4  5  6  7  8  9 10 11 12 13]
(1, 15, 1, 4, 1, 1)
caused INR: -17.235487967187808
TpsAltruisticFromLsfGain + IndividualEstimated_INR + -15.0
None
ls_gain_coeffs:
[-140.91956151 -144.4298528  -137.77424042 -145.64749896 -138.88463296
 -143.30848012 -134.01886116 -131.08470477 -145.42883964 -147.34591549
 -148.09790652 -127.35565992 -131.43527426 -146.97441595 -116.77424079]
inrs_hat:  [-29.92986147 -33.44015275 -26.78454037 -34.65779892 -27.89493291
 -32.31878008 -23.02916111 -20.09500473 -34.43913959 -36.35621544
 -37.10820648 -16.36595987 -20.44557421 -35.9847159   -5.78454074]
scheduled_ues:  [ 0  1  2  3  4  5  6  7  8  9 10 11 12 13]
(1, 15, 1, 4, 1, 1)
caused INR: -17.235487967187808
TpsAltruisticFromLsfGain + CumulativeIndividualEstimated_INR + -10.0
None
(1, 15, 1, 4, 1, 1)
caused INR: -17.235487967187808
TpsAltruisticFromLsfGain + CumulativeIndividualEstimated_INR + -12.5
None
(1, 15, 1, 4, 1, 1)
caused INR: -17.235487967187808
TpsAltruisticFromLsfGain + CumulativeIndividualEstimated_INR + -15.0
None
(1, 15, 1, 4, 1, 1)
caused INR: -21.914981712908222
TpsRandomic + IndividualEstimated_INR + -10.0
None
ls_gain_coeffs:
[-128.54578724 -144.4298528  -120.95159431 -145.64749896 -121.72307272
 -130.35177908 -120.30561652 -117.67220609 -144.26452637 -137.62281549
 -148.09790652 -114.85819641 -131.43527426 -146.08918279  -98.21636053]
inrs_hat:  [-17.5560872  -33.44015275  -9.96189427 -34.65779892 -10.73337267
 -19.36207903  -9.31591647  -6.68250605 -33.27482633 -26.63311545
 -37.10820648  -3.86849636 -20.44557421 -35.09948274  12.77333952]
scheduled_ues:  [ 0  1  3  4  5  8  9 10 12 13]
(1, 15, 1, 4, 1, 1)
caused INR: -16.92951312133981
TpsRandomic + IndividualEstimated_INR + -12.5
None
ls_gain_coeffs:
[-128.54578724 -144.4298528  -125.94194461 -128.84013815 -121.72307272
 -126.62732739 -132.1113942  -131.08470477 -132.59913521 -147.34591549
 -131.46352852 -127.18806939 -131.43527426 -134.23773823 -104.79093504]
inrs_hat:  [-17.5560872  -33.44015275 -14.95224457 -17.8504381  -10.73337267
 -15.63762735 -21.12169415 -20.09500473 -21.60943517 -36.35621544
 -20.47382848 -16.19836934 -20.44557421 -23.24803818   6.198765  ]
scheduled_ues:  [ 0  1  2  3  5  6  7  8  9 10 11 12 13]
(1, 15, 1, 4, 1, 1)
caused INR: -11.586647106405524
TpsRandomic + IndividualEstimated_INR + -15.0
None
ls_gain_coeffs:
[-128.54578724 -144.4298528  -137.77424042 -128.84013815 -121.72307272
 -135.34447571 -134.01886116 -116.70130742 -132.21103079 -137.62281549
 -139.41103127 -114.8023329  -117.95818021 -134.23773823 -104.79093504]
inrs_hat:  [-17.5560872  -33.44015275 -26.78454037 -17.8504381  -10.73337267
 -24.35477566 -23.02916111  -5.71160737 -21.22133075 -26.63311545
 -28.42133122  -3.81263285  -6.96848016 -23.24803818   6.198765  ]
scheduled_ues:  [ 0  1  2  3  5  6  8  9 10 13]
(1, 15, 1, 4, 1, 1)
caused INR: -10.692163181916577
TpsRandomic + CumulativeIndividualEstimated_INR + -10.0
None
(1, 15, 1, 4, 1, 1)
caused INR: -21.67587132471546
TpsRandomic + CumulativeIndividualEstimated_INR + -12.5
None
(1, 15, 1, 4, 1, 1)
caused INR: -11.470115014108707
TpsRandomic + CumulativeIndividualEstimated_INR + -15.0
None
(1, 15, 1, 4, 1, 1)
caused INR: -24.35817442846396
Iteration number 75
TpsAltruisticFromLsfGain + IndividualEstimated_INR + -10.0
None
ls_gain_coeffs:
[-127.59605514 -149.13159202 -145.96035651 -145.7306253  -134.34522824
 -132.49646183 -121.76347866 -131.29084898 -130.67017964 -117.44027459
 -136.23633986 -137.11682717 -124.31330375 -141.83868514 -135.72296654]
inrs_hat:  [-16.6063551  -38.14189197 -34.97065646 -34.74092526 -23.35552819
 -21.50676178 -10.77377861 -20.30114893 -19.6804796   -6.45057454
 -25.24663982 -26.12712713 -13.32360371 -30.8489851  -24.7332665 ]
scheduled_ues:  [ 0  1  2  3  4  5  6  7  8 10 11 12 13 14]
(1, 15, 1, 4, 1, 1)
caused INR: -5.219065823752823
TpsAltruisticFromLsfGain + IndividualEstimated_INR + -12.5
None
ls_gain_coeffs:
[-127.59605514 -149.13159202 -145.96035651 -145.7306253  -134.34522824
 -132.49646183 -121.76347866 -131.29084898 -130.67017964 -117.44027459
 -136.23633986 -137.11682717 -124.31330375 -141.83868514 -135.72296654]
inrs_hat:  [-16.6063551  -38.14189197 -34.97065646 -34.74092526 -23.35552819
 -21.50676178 -10.77377861 -20.30114893 -19.6804796   -6.45057454
 -25.24663982 -26.12712713 -13.32360371 -30.8489851  -24.7332665 ]
scheduled_ues:  [ 0  1  2  3  4  5  7  8 10 11 12 13 14]
(1, 15, 1, 4, 1, 1)
caused INR: -9.283704025947653
TpsAltruisticFromLsfGain + IndividualEstimated_INR + -15.0
None
ls_gain_coeffs:
[-127.59605514 -149.13159202 -145.96035651 -145.7306253  -134.34522824
 -132.49646183 -121.76347866 -131.29084898 -130.67017964 -117.44027459
 -136.23633986 -137.11682717 -124.31330375 -141.83868514 -135.72296654]
inrs_hat:  [-16.6063551  -38.14189197 -34.97065646 -34.74092526 -23.35552819
 -21.50676178 -10.77377861 -20.30114893 -19.6804796   -6.45057454
 -25.24663982 -26.12712713 -13.32360371 -30.8489851  -24.7332665 ]
scheduled_ues:  [ 0  1  2  3  4  5  7  8 10 11 13 14]
(1, 15, 1, 4, 1, 1)
caused INR: -10.292277692137564
TpsAltruisticFromLsfGain + CumulativeIndividualEstimated_INR + -10.0
None
(1, 15, 1, 4, 1, 1)
caused INR: -10.292277692137564
TpsAltruisticFromLsfGain + CumulativeIndividualEstimated_INR + -12.5
None
(1, 15, 1, 4, 1, 1)
caused INR: -14.982068721511293
TpsAltruisticFromLsfGain + CumulativeIndividualEstimated_INR + -15.0
None
(1, 15, 1, 4, 1, 1)
caused INR: -14.690810534794352
TpsRandomic + IndividualEstimated_INR + -10.0
None
ls_gain_coeffs:
[-114.75157318 -140.6988168  -129.27404571 -129.56847615 -120.54635381
 -119.50553005 -121.76347866 -118.36687766 -122.68928198 -104.52471561
 -136.23633986 -120.39625134 -124.31330375 -125.42916972 -123.44990031]
inrs_hat:  [ -3.76187313 -29.70911676 -18.28434566 -18.57877611  -9.55665377
  -8.51583001 -10.77377861  -7.37717762 -11.69958193   6.46498443
 -25.24663982  -9.4065513  -13.32360371 -14.43946968 -12.46020027]
scheduled_ues:  [ 1  2  3  6  8 10 12 13 14]
(1, 15, 1, 4, 1, 1)
caused INR: -9.726462615396807
TpsRandomic + IndividualEstimated_INR + -12.5
None
ls_gain_coeffs:
[-127.59605514 -136.70973874 -137.30076513 -131.57805221 -117.71214411
 -119.50553005 -118.04282101 -117.88450635 -122.68928198 -104.7616951
 -125.26575145 -126.13916942 -124.31330375 -125.42916972 -135.72296654]
inrs_hat:  [-16.6063551  -25.7200387  -26.31106508 -20.58835217  -6.72244407
  -8.51583001  -7.05312097  -6.89480631 -11.69958193   6.22800495
 -14.27605141 -15.14946938 -13.32360371 -14.43946968 -24.7332665 ]
scheduled_ues:  [ 0  1  2  3 10 11 12 13 14]
(1, 15, 1, 4, 1, 1)
caused INR: -4.21002661864521
TpsRandomic + IndividualEstimated_INR + -15.0
None
ls_gain_coeffs:
[-114.75157318 -149.13159202 -145.96035651 -140.0005001  -134.34522824
 -114.26098726 -106.84144023 -129.84373504 -114.04766892 -104.7616951
 -118.9632072  -120.39625134 -110.93789443 -127.97032959 -135.72296654]
inrs_hat:  [ -3.76187313 -38.14189197 -34.97065646 -29.01080005 -23.35552819
  -3.27128722   4.14825982 -18.854035    -3.05796888   6.22800495
  -7.97350716  -9.4065513    0.05180562 -16.98062955 -24.7332665 ]
scheduled_ues:  [ 1  2  3  4  7 13 14]
(1, 15, 1, 4, 1, 1)
caused INR: -9.991348569736887
TpsRandomic + CumulativeIndividualEstimated_INR + -10.0
None
(1, 15, 1, 4, 1, 1)
caused INR: -15.836653609273402
TpsRandomic + CumulativeIndividualEstimated_INR + -12.5
None
(1, 15, 1, 4, 1, 1)
caused INR: -18.749521306153525
TpsRandomic + CumulativeIndividualEstimated_INR + -15.0
None
(1, 15, 1, 4, 1, 1)
caused INR: -19.766041775087366
Iteration number 76
TpsAltruisticFromLsfGain + IndividualEstimated_INR + -10.0
None
ls_gain_coeffs:
[-140.78566786 -128.31674822 -145.86502664 -140.25003931 -125.7992246
 -140.5532915  -142.30693448 -147.52974302 -142.67399879 -144.53339861
 -146.36427518 -134.49519936 -114.25913808 -123.4573476  -151.98522214]
inrs_hat:  [-29.79596782 -17.32704818 -34.8753266  -29.26033926 -14.80952455
 -29.56359146 -31.31723444 -36.54004297 -31.68429875 -33.54369856
 -35.37457514 -23.50549932  -3.26943804 -12.46764756 -40.99552209]
scheduled_ues:  [ 0  1  2  3  4  5  6  7  8  9 10 11 13 14]
(1, 15, 1, 4, 1, 1)
caused INR: -9.850746662653338
TpsAltruisticFromLsfGain + IndividualEstimated_INR + -12.5
None
ls_gain_coeffs:
[-140.78566786 -128.31674822 -145.86502664 -140.25003931 -125.7992246
 -140.5532915  -142.30693448 -147.52974302 -142.67399879 -144.53339861
 -146.36427518 -134.49519936 -114.25913808 -123.4573476  -151.98522214]
inrs_hat:  [-29.79596782 -17.32704818 -34.8753266  -29.26033926 -14.80952455
 -29.56359146 -31.31723444 -36.54004297 -31.68429875 -33.54369856
 -35.37457514 -23.50549932  -3.26943804 -12.46764756 -40.99552209]
scheduled_ues:  [ 0  1  2  3  4  5  6  7  8  9 10 11 14]
(1, 15, 1, 4, 1, 1)
caused INR: -16.8778101419175
TpsAltruisticFromLsfGain + IndividualEstimated_INR + -15.0
None
ls_gain_coeffs:
[-140.78566786 -128.31674822 -145.86502664 -140.25003931 -125.7992246
 -140.5532915  -142.30693448 -147.52974302 -142.67399879 -144.53339861
 -146.36427518 -134.49519936 -114.25913808 -123.4573476  -151.98522214]
inrs_hat:  [-29.79596782 -17.32704818 -34.8753266  -29.26033926 -14.80952455
 -29.56359146 -31.31723444 -36.54004297 -31.68429875 -33.54369856
 -35.37457514 -23.50549932  -3.26943804 -12.46764756 -40.99552209]
scheduled_ues:  [ 0  1  2  3  5  6  7  8  9 10 11 14]
(1, 15, 1, 4, 1, 1)
caused INR: -17.54881957423609
TpsAltruisticFromLsfGain + CumulativeIndividualEstimated_INR + -10.0
None
(1, 15, 1, 4, 1, 1)
caused INR: -16.8778101419175
TpsAltruisticFromLsfGain + CumulativeIndividualEstimated_INR + -12.5
None
(1, 15, 1, 4, 1, 1)
caused INR: -17.54881957423609
TpsAltruisticFromLsfGain + CumulativeIndividualEstimated_INR + -15.0
None
(1, 15, 1, 4, 1, 1)
caused INR: -17.54881957423609
TpsRandomic + IndividualEstimated_INR + -10.0
None
ls_gain_coeffs:
[-135.86827152 -128.31674822 -145.86502664 -140.25003931 -111.47991735
 -129.70612327 -125.68768853 -135.31486917 -142.67399879 -132.51227929
 -129.82992269 -118.20948927  -99.47669541 -123.4573476  -146.31167182]
inrs_hat:  [-24.87857148 -17.32704818 -34.8753266  -29.26033926  -0.49021731
 -18.71642322 -14.69798849 -24.32516912 -31.68429875 -21.52257924
 -18.84022264  -7.21978923  11.51300463 -12.46764756 -35.32197178]
scheduled_ues:  [ 0  1  2  3  5  6  7  8  9 10 13 14]
(1, 15, 1, 4, 1, 1)
caused INR: -19.985190717198673
TpsRandomic + IndividualEstimated_INR + -12.5
None
ls_gain_coeffs:
[-135.86827152 -115.10444201 -145.86502664 -123.57076586 -125.7992246
 -123.68936117 -125.68768853 -138.73830738 -142.67399879 -127.87751285
 -137.97817897 -118.20948927  -99.47669541 -123.4573476  -151.98522214]
inrs_hat:  [-24.87857148  -4.11474197 -34.8753266  -12.58106582 -14.80952455
 -12.69966112 -14.69798849 -27.74860734 -31.68429875 -16.88781281
 -26.98847893  -7.21978923  11.51300463 -12.46764756 -40.99552209]
scheduled_ues:  [ 0  2  3  4  5  6  7  8  9 10 14]
(1, 15, 1, 4, 1, 1)
caused INR: -6.840184352420655
TpsRandomic + IndividualEstimated_INR + -15.0
None
ls_gain_coeffs:
[-125.06580364 -128.31674822 -145.86502664 -123.57076586 -125.7992246
 -130.11419906 -135.12052956 -138.73830738 -130.11605636 -127.87751285
 -134.1232664  -127.87311575  -99.51521175 -123.4573476  -135.87883768]
inrs_hat:  [-14.07610359 -17.32704818 -34.8753266  -12.58106582 -14.80952455
 -19.12449902 -24.13082951 -27.74860734 -19.12635632 -16.88781281
 -23.13356636 -16.88341571  11.47448829 -12.46764756 -24.88913764]
scheduled_ues:  [ 1  2  5  6  7  8  9 10 11 14]
(1, 15, 1, 4, 1, 1)
caused INR: -5.421742636362762
TpsRandomic + CumulativeIndividualEstimated_INR + -10.0
None
(1, 15, 1, 4, 1, 1)
caused INR: -13.5784072148929
TpsRandomic + CumulativeIndividualEstimated_INR + -12.5
None
(1, 15, 1, 4, 1, 1)
caused INR: -13.300769683760675
TpsRandomic + CumulativeIndividualEstimated_INR + -15.0
None
(1, 15, 1, 4, 1, 1)
caused INR: -21.55815517886117
Iteration number 77
TpsAltruisticFromLsfGain + IndividualEstimated_INR + -10.0
None
ls_gain_coeffs:
[-124.94432387 -133.74475592 -133.71431582 -129.95635677 -136.616351
 -134.82340817 -138.89797921 -133.3251537  -127.79337799 -151.12837902
 -123.44530958 -136.49101863 -150.27789901 -143.7610274  -124.61199645]
inrs_hat:  [-13.95462383 -22.75505588 -22.72461578 -18.96665673 -25.62665096
 -23.83370813 -27.90827916 -22.33545366 -16.80367795 -40.13867898
 -12.45560954 -25.50131859 -39.28819896 -32.77132736 -13.6222964 ]
scheduled_ues:  [ 0  1  2  3  4  5  6  7  8  9 10 11 12 13 14]
(1, 15, 1, 4, 1, 1)
caused INR: -13.153504859220437
TpsAltruisticFromLsfGain + IndividualEstimated_INR + -12.5
None
ls_gain_coeffs:
[-124.94432387 -133.74475592 -133.71431582 -129.95635677 -136.616351
 -134.82340817 -138.89797921 -133.3251537  -127.79337799 -151.12837902
 -123.44530958 -136.49101863 -150.27789901 -143.7610274  -124.61199645]
inrs_hat:  [-13.95462383 -22.75505588 -22.72461578 -18.96665673 -25.62665096
 -23.83370813 -27.90827916 -22.33545366 -16.80367795 -40.13867898
 -12.45560954 -25.50131859 -39.28819896 -32.77132736 -13.6222964 ]
scheduled_ues:  [ 0  1  2  3  4  5  6  7  8  9 11 12 13 14]
(1, 15, 1, 4, 1, 1)
caused INR: -12.225244086798345
TpsAltruisticFromLsfGain + IndividualEstimated_INR + -15.0
None
ls_gain_coeffs:
[-124.94432387 -133.74475592 -133.71431582 -129.95635677 -136.616351
 -134.82340817 -138.89797921 -133.3251537  -127.79337799 -151.12837902
 -123.44530958 -136.49101863 -150.27789901 -143.7610274  -124.61199645]
inrs_hat:  [-13.95462383 -22.75505588 -22.72461578 -18.96665673 -25.62665096
 -23.83370813 -27.90827916 -22.33545366 -16.80367795 -40.13867898
 -12.45560954 -25.50131859 -39.28819896 -32.77132736 -13.6222964 ]
scheduled_ues:  [ 1  2  3  4  5  6  7  8  9 11 12 13]
(1, 15, 1, 4, 1, 1)
caused INR: -16.0249315947622
TpsAltruisticFromLsfGain + CumulativeIndividualEstimated_INR + -10.0
None
(1, 15, 1, 4, 1, 1)
caused INR: -16.0249315947622
TpsAltruisticFromLsfGain + CumulativeIndividualEstimated_INR + -12.5
None
(1, 15, 1, 4, 1, 1)
caused INR: -15.124416613289767
TpsAltruisticFromLsfGain + CumulativeIndividualEstimated_INR + -15.0
None
(1, 15, 1, 4, 1, 1)
caused INR: -23.043906936289552
TpsRandomic + IndividualEstimated_INR + -10.0
None
ls_gain_coeffs:
[-110.4964141  -133.74475592 -121.46675619 -124.98437455 -136.616351
 -119.40518144 -138.89797921 -120.61583816 -109.89643711 -139.27046221
 -113.17254153 -136.49101863 -150.27789901 -143.7610274  -107.73054008]
inrs_hat:  [  0.49328594 -22.75505588 -10.47705614 -13.99467451 -25.62665096
  -8.4154814  -27.90827916  -9.62613812   1.09326293 -28.28076217
  -2.18284149 -25.50131859 -39.28819896 -32.77132736   3.25915996]
scheduled_ues:  [ 1  2  3  4  6  9 11 12 13]
(1, 15, 1, 4, 1, 1)
caused INR: -8.19418211879865
TpsRandomic + IndividualEstimated_INR + -12.5
None
ls_gain_coeffs:
[-124.94432387 -120.82601312 -121.46675619 -129.95635677 -120.0555735
 -134.82340817 -125.52217926 -133.3251537  -115.44957292 -141.86895858
 -123.44530958 -119.92268355 -134.19638257 -143.7610274  -124.61199645]
inrs_hat:  [-13.95462383  -9.83631308 -10.47705614 -18.96665673  -9.06587345
 -23.83370813 -14.53247922 -22.33545366  -4.45987287 -30.87925854
 -12.45560954  -8.93298351 -23.20668253 -32.77132736 -13.6222964 ]
scheduled_ues:  [ 0  3  5  6  7  9 12 13 14]
(1, 15, 1, 4, 1, 1)
caused INR: -18.535996357682706
TpsRandomic + IndividualEstimated_INR + -15.0
None
ls_gain_coeffs:
[-121.93485922 -124.54699933 -121.46675619 -114.20010196 -124.32656549
 -134.82340817 -138.89797921 -133.3251537  -109.89643711 -151.12837902
 -123.44530958 -130.09964157 -150.27789901 -127.06411733 -110.24229148]
inrs_hat:  [-10.94515918 -13.55729929 -10.47705614  -3.21040192 -13.33686544
 -23.83370813 -27.90827916 -22.33545366   1.09326293 -40.13867898
 -12.45560954 -19.10994153 -39.28819896 -16.07441728   0.74740857]
scheduled_ues:  [ 5  6  7  9 11 12 13]
(1, 15, 1, 4, 1, 1)
caused INR: -17.188341605721483
TpsRandomic + CumulativeIndividualEstimated_INR + -10.0
None
(1, 15, 1, 4, 1, 1)
caused INR: -25.567747393363884
TpsRandomic + CumulativeIndividualEstimated_INR + -12.5
None
(1, 15, 1, 4, 1, 1)
caused INR: -13.78149161672744
TpsRandomic + CumulativeIndividualEstimated_INR + -15.0
None
(1, 15, 1, 4, 1, 1)
caused INR: -20.290050403838904
Iteration number 78
TpsAltruisticFromLsfGain + IndividualEstimated_INR + -10.0
None
ls_gain_coeffs:
[-143.41694035 -121.22649801 -138.6129205  -133.58855288 -133.25631002
 -150.49122489 -150.06196246 -124.82376384 -143.23535473 -148.40040095
 -147.87490377 -150.75914017 -145.59567447 -147.35182974 -149.56631307]
inrs_hat:  [-32.42724031 -10.23679796 -27.62322045 -22.59885284 -22.26660998
 -39.50152484 -39.07226242 -13.8340638  -32.24565469 -37.41070091
 -36.88520372 -39.76944012 -34.60597442 -36.3621297  -38.57661303]
scheduled_ues:  [ 0  1  2  3  4  5  6  7  8  9 10 11 12 13 14]
(1, 15, 1, 4, 1, 1)
caused INR: -14.135814575406155
TpsAltruisticFromLsfGain + IndividualEstimated_INR + -12.5
None
ls_gain_coeffs:
[-143.41694035 -121.22649801 -138.6129205  -133.58855288 -133.25631002
 -150.49122489 -150.06196246 -124.82376384 -143.23535473 -148.40040095
 -147.87490377 -150.75914017 -145.59567447 -147.35182974 -149.56631307]
inrs_hat:  [-32.42724031 -10.23679796 -27.62322045 -22.59885284 -22.26660998
 -39.50152484 -39.07226242 -13.8340638  -32.24565469 -37.41070091
 -36.88520372 -39.76944012 -34.60597442 -36.3621297  -38.57661303]
scheduled_ues:  [ 0  2  3  4  5  6  7  8  9 10 11 12 13 14]
(1, 15, 1, 4, 1, 1)
caused INR: -13.148115185165203
TpsAltruisticFromLsfGain + IndividualEstimated_INR + -15.0
None
ls_gain_coeffs:
[-143.41694035 -121.22649801 -138.6129205  -133.58855288 -133.25631002
 -150.49122489 -150.06196246 -124.82376384 -143.23535473 -148.40040095
 -147.87490377 -150.75914017 -145.59567447 -147.35182974 -149.56631307]
inrs_hat:  [-32.42724031 -10.23679796 -27.62322045 -22.59885284 -22.26660998
 -39.50152484 -39.07226242 -13.8340638  -32.24565469 -37.41070091
 -36.88520372 -39.76944012 -34.60597442 -36.3621297  -38.57661303]
scheduled_ues:  [ 0  2  3  4  5  6  8  9 10 11 12 13 14]
(1, 15, 1, 4, 1, 1)
caused INR: -23.385298379577325
TpsAltruisticFromLsfGain + CumulativeIndividualEstimated_INR + -10.0
None
(1, 15, 1, 4, 1, 1)
caused INR: -13.148115185165203
TpsAltruisticFromLsfGain + CumulativeIndividualEstimated_INR + -12.5
None
(1, 15, 1, 4, 1, 1)
caused INR: -23.385298379577325
TpsAltruisticFromLsfGain + CumulativeIndividualEstimated_INR + -15.0
None
(1, 15, 1, 4, 1, 1)
caused INR: -23.385298379577325
TpsRandomic + IndividualEstimated_INR + -10.0
None
ls_gain_coeffs:
[-131.2754476  -103.9380217  -129.39877357 -120.1346861  -116.00322961
 -144.1855437  -133.5147906  -121.74851407 -128.65174468 -148.40040095
 -134.36964031 -146.28617419 -140.66346031 -133.78846982 -149.56631307]
inrs_hat:  [-20.28574755   7.05167834 -18.40907352  -9.14498606  -5.01352956
 -33.19584366 -22.52509056 -10.75881403 -17.66204464 -37.41070091
 -23.37994027 -35.29647415 -29.67376026 -22.79876977 -38.57661303]
scheduled_ues:  [ 0  2  5  6  7  8  9 10 11 12 13 14]
(1, 15, 1, 4, 1, 1)
caused INR: -4.828048300482824
TpsRandomic + IndividualEstimated_INR + -12.5
None
ls_gain_coeffs:
[-131.2754476  -121.22649801 -121.69952307 -120.1346861  -133.25631002
 -150.49122489 -137.51540992 -111.35708058 -143.23535473 -148.40040095
 -131.60313638 -146.28617419 -129.86593169 -140.68605674 -135.44641124]
inrs_hat:  [-20.28574755 -10.23679796 -10.70982302  -9.14498606 -22.26660998
 -39.50152484 -26.52570988  -0.36738054 -32.24565469 -37.41070091
 -20.61343633 -35.29647415 -18.87623165 -29.69635669 -24.4567112 ]
scheduled_ues:  [ 0  4  5  6  8  9 10 11 12 13 14]
(1, 15, 1, 4, 1, 1)
caused INR: -23.85345029703936
TpsRandomic + IndividualEstimated_INR + -15.0
None
ls_gain_coeffs:
[-131.2754476  -103.9380217  -138.6129205  -120.1346861  -116.00322961
 -134.33272366 -150.06196246 -124.82376384 -129.72274971 -131.68655578
 -141.27823244 -135.33556285 -131.51000308 -147.35182974 -149.56631307]
inrs_hat:  [-20.28574755   7.05167834 -27.62322045  -9.14498606  -5.01352956
 -23.34302361 -39.07226242 -13.8340638  -18.73304966 -20.69685573
 -30.2885324  -24.34586281 -20.52030304 -36.3621297  -38.57661303]
scheduled_ues:  [ 0  2  5  6  8  9 10 11 12 13 14]
(1, 15, 1, 4, 1, 1)
caused INR: -14.941606757247662
TpsRandomic + CumulativeIndividualEstimated_INR + -10.0
None
(1, 15, 1, 4, 1, 1)
caused INR: -20.884466057520335
TpsRandomic + CumulativeIndividualEstimated_INR + -12.5
None
(1, 15, 1, 4, 1, 1)
caused INR: -17.037229302734374
TpsRandomic + CumulativeIndividualEstimated_INR + -15.0
None
(1, 15, 1, 4, 1, 1)
caused INR: -27.5064116465771
Iteration number 79
TpsAltruisticFromLsfGain + IndividualEstimated_INR + -10.0
None
ls_gain_coeffs:
[-144.28957303 -136.88245926 -139.49377357 -147.77833595 -136.45974812
 -131.87645393 -124.60714669 -153.65233801 -139.68213883 -135.83213511
 -140.85679887 -147.95762292 -132.27009743 -133.41052596 -144.66703464]
inrs_hat:  [-33.29987299 -25.89275921 -28.50407353 -36.78863591 -25.47004808
 -20.88675389 -13.61744665 -42.66263796 -28.69243879 -24.84243507
 -29.86709883 -36.96792287 -21.28039739 -22.42082592 -33.6773346 ]
scheduled_ues:  [ 0  1  2  3  4  5  6  7  8  9 10 11 12 13 14]
(1, 15, 1, 4, 1, 1)
caused INR: -13.143070331732751
TpsAltruisticFromLsfGain + IndividualEstimated_INR + -12.5
None
ls_gain_coeffs:
[-144.28957303 -136.88245926 -139.49377357 -147.77833595 -136.45974812
 -131.87645393 -124.60714669 -153.65233801 -139.68213883 -135.83213511
 -140.85679887 -147.95762292 -132.27009743 -133.41052596 -144.66703464]
inrs_hat:  [-33.29987299 -25.89275921 -28.50407353 -36.78863591 -25.47004808
 -20.88675389 -13.61744665 -42.66263796 -28.69243879 -24.84243507
 -29.86709883 -36.96792287 -21.28039739 -22.42082592 -33.6773346 ]
scheduled_ues:  [ 0  1  2  3  4  5  6  7  8  9 10 11 12 13 14]
(1, 15, 1, 4, 1, 1)
caused INR: -13.143070331732751
TpsAltruisticFromLsfGain + IndividualEstimated_INR + -15.0
None
ls_gain_coeffs:
[-144.28957303 -136.88245926 -139.49377357 -147.77833595 -136.45974812
 -131.87645393 -124.60714669 -153.65233801 -139.68213883 -135.83213511
 -140.85679887 -147.95762292 -132.27009743 -133.41052596 -144.66703464]
inrs_hat:  [-33.29987299 -25.89275921 -28.50407353 -36.78863591 -25.47004808
 -20.88675389 -13.61744665 -42.66263796 -28.69243879 -24.84243507
 -29.86709883 -36.96792287 -21.28039739 -22.42082592 -33.6773346 ]
scheduled_ues:  [ 0  1  2  3  4  5  7  8  9 10 11 12 13 14]
(1, 15, 1, 4, 1, 1)
caused INR: -20.281828536919306
TpsAltruisticFromLsfGain + CumulativeIndividualEstimated_INR + -10.0
None
(1, 15, 1, 4, 1, 1)
caused INR: -13.143070331732751
TpsAltruisticFromLsfGain + CumulativeIndividualEstimated_INR + -12.5
None
(1, 15, 1, 4, 1, 1)
caused INR: -20.281828536919306
TpsAltruisticFromLsfGain + CumulativeIndividualEstimated_INR + -15.0
None
(1, 15, 1, 4, 1, 1)
caused INR: -24.385964110241378
TpsRandomic + IndividualEstimated_INR + -10.0
None
ls_gain_coeffs:
[-130.78553835 -136.88245926 -123.06263539 -131.01748068 -136.45974812
 -124.63565115 -108.33595773 -153.65233801 -126.01359774 -118.60905218
 -138.03391604 -141.89103954 -127.735621   -129.62083677 -144.66703464]
inrs_hat:  [-19.79583831 -25.89275921 -12.07293535 -20.02778064 -25.47004808
 -13.64595111   2.65374231 -42.66263796 -15.0238977   -7.61935214
 -27.04421599 -30.90133949 -16.74592096 -18.63113672 -33.6773346 ]
scheduled_ues:  [ 0  1  2  3  4  5  7  8 10 11 12 13 14]
(1, 15, 1, 4, 1, 1)
caused INR: -8.766740029465513
TpsRandomic + IndividualEstimated_INR + -12.5
None
ls_gain_coeffs:
[-144.28957303 -129.71124431 -139.49377357 -131.01748068 -125.64604218
 -131.87645393 -118.86276325 -137.25861562 -136.00131556 -135.83213511
 -138.03391604 -147.95762292 -116.80551314 -119.70569623 -128.06143715]
inrs_hat:  [-33.29987299 -18.72154427 -28.50407353 -20.02778064 -14.65634213
 -20.88675389  -7.87306321 -26.26891558 -25.01161551 -24.84243507
 -27.04421599 -36.96792287  -5.8158131   -8.71599619 -17.0717371 ]
scheduled_ues:  [ 0  1  2  3  4  5  7  8  9 10 11 14]
(1, 15, 1, 4, 1, 1)
caused INR: -13.472443910865632
TpsRandomic + IndividualEstimated_INR + -15.0
None
ls_gain_coeffs:
[-142.69592102 -136.88245926 -139.49377357 -147.77833595 -126.11347461
 -124.63565115 -118.86276325 -146.22358496 -124.78665665 -125.84993378
 -140.85679887 -141.89103954 -132.27009743 -118.4424665  -136.69648106]
inrs_hat:  [-31.70622097 -25.89275921 -28.50407353 -36.78863591 -15.12377456
 -13.64595111  -7.87306321 -35.23388491 -13.79695661 -14.86023374
 -29.86709883 -30.90133949 -21.28039739  -7.45276645 -25.70678102]
scheduled_ues:  [ 0  1  2  3  4  7 10 11 12 14]
(1, 15, 1, 4, 1, 1)
caused INR: -13.441820745421007
TpsRandomic + CumulativeIndividualEstimated_INR + -10.0
None
(1, 15, 1, 4, 1, 1)
caused INR: -8.87435178367205
TpsRandomic + CumulativeIndividualEstimated_INR + -12.5
None
(1, 15, 1, 4, 1, 1)
caused INR: -21.32778729281987
TpsRandomic + CumulativeIndividualEstimated_INR + -15.0
None
(1, 15, 1, 4, 1, 1)
caused INR: -24.18828590673831
Iteration number 80
TpsAltruisticFromLsfGain + IndividualEstimated_INR + -10.0
None
ls_gain_coeffs:
[-140.85463615 -138.82054934 -132.88874021 -145.68453025 -133.23129648
 -130.0535377  -149.04881475 -111.99919072 -122.65277238 -143.15633727
 -147.40638327 -135.04781291 -141.58384349 -142.92805956 -139.19719991]
inrs_hat:  [-29.86493611 -27.83084929 -21.89904016 -34.6948302  -22.24159644
 -19.06383766 -38.05911471  -1.00949068 -11.66307234 -32.16663723
 -36.41668322 -24.05811287 -30.59414345 -31.93835952 -28.20749987]
scheduled_ues:  [ 0  1  2  3  4  5  6  8  9 10 11 12 13 14]
(1, 15, 1, 4, 1, 1)
caused INR: -5.533536966571604
TpsAltruisticFromLsfGain + IndividualEstimated_INR + -12.5
None
ls_gain_coeffs:
[-140.85463615 -138.82054934 -132.88874021 -145.68453025 -133.23129648
 -130.0535377  -149.04881475 -111.99919072 -122.65277238 -143.15633727
 -147.40638327 -135.04781291 -141.58384349 -142.92805956 -139.19719991]
inrs_hat:  [-29.86493611 -27.83084929 -21.89904016 -34.6948302  -22.24159644
 -19.06383766 -38.05911471  -1.00949068 -11.66307234 -32.16663723
 -36.41668322 -24.05811287 -30.59414345 -31.93835952 -28.20749987]
scheduled_ues:  [ 0  1  2  3  4  5  6  9 10 11 12 13 14]
(1, 15, 1, 4, 1, 1)
caused INR: -15.467194300358237
TpsAltruisticFromLsfGain + IndividualEstimated_INR + -15.0
None
ls_gain_coeffs:
[-140.85463615 -138.82054934 -132.88874021 -145.68453025 -133.23129648
 -130.0535377  -149.04881475 -111.99919072 -122.65277238 -143.15633727
 -147.40638327 -135.04781291 -141.58384349 -142.92805956 -139.19719991]
inrs_hat:  [-29.86493611 -27.83084929 -21.89904016 -34.6948302  -22.24159644
 -19.06383766 -38.05911471  -1.00949068 -11.66307234 -32.16663723
 -36.41668322 -24.05811287 -30.59414345 -31.93835952 -28.20749987]
scheduled_ues:  [ 0  1  2  3  4  5  6  9 10 11 12 13 14]
(1, 15, 1, 4, 1, 1)
caused INR: -15.467194300358237
TpsAltruisticFromLsfGain + CumulativeIndividualEstimated_INR + -10.0
None
(1, 15, 1, 4, 1, 1)
caused INR: -15.467194300358237
TpsAltruisticFromLsfGain + CumulativeIndividualEstimated_INR + -12.5
None
(1, 15, 1, 4, 1, 1)
caused INR: -15.467194300358237
TpsAltruisticFromLsfGain + CumulativeIndividualEstimated_INR + -15.0
None
(1, 15, 1, 4, 1, 1)
caused INR: -18.461022024724095
TpsRandomic + IndividualEstimated_INR + -10.0
None
ls_gain_coeffs:
[-140.85463615 -135.01459129 -132.88874021 -129.09552665 -133.23129648
 -118.92259383 -144.12470019 -110.05152147 -110.2192261  -143.15633727
 -147.40638327 -135.04781291 -124.90036809 -131.08416456 -133.41551982]
inrs_hat:  [-29.86493611 -24.02489124 -21.89904016 -18.10582661 -22.24159644
  -7.93289378 -33.13500015   0.93817858   0.77047394 -32.16663723
 -36.41668322 -24.05811287 -13.91066805 -20.09446451 -22.42581978]
scheduled_ues:  [ 0  1  2  3  4  6  9 10 11 12 13 14]
(1, 15, 1, 4, 1, 1)
caused INR: -3.700923966837824
TpsRandomic + IndividualEstimated_INR + -12.5
None
ls_gain_coeffs:
[-123.98730572 -135.01459129 -132.88874021 -145.68453025 -120.53065443
 -119.68655873 -149.04881475  -98.90836764 -122.65277238 -136.09978173
 -137.62840494 -118.22330822 -124.90036809 -125.99025252 -133.41551982]
inrs_hat:  [-12.99760568 -24.02489124 -21.89904016 -34.6948302   -9.54095439
  -8.69685869 -38.05911471  12.08133241 -11.66307234 -25.11008168
 -26.6387049   -7.23360818 -13.91066805 -15.00055248 -22.42581978]
scheduled_ues:  [ 0  1  2  3  6  9 10 12 13 14]
(1, 15, 1, 4, 1, 1)
caused INR: -4.181353323430862
TpsRandomic + IndividualEstimated_INR + -15.0
None
ls_gain_coeffs:
[-129.85552184 -135.01459129 -132.88874021 -132.94056949 -120.53065443
 -118.92259383 -149.04881475  -98.25914455 -110.2192261  -136.09978173
 -147.40638327 -124.11443613 -141.58384349 -125.99025252 -124.82837321]
inrs_hat:  [-18.86582179 -24.02489124 -21.89904016 -21.95086945  -9.54095439
  -7.93289378 -38.05911471  12.73055549   0.77047394 -25.11008168
 -36.41668322 -13.12473609 -30.59414345 -15.00055248 -13.83867317]
scheduled_ues:  [ 0  1  2  3  6  9 10 12 13]
(1, 15, 1, 4, 1, 1)
caused INR: -12.17855632229069
TpsRandomic + CumulativeIndividualEstimated_INR + -10.0
None
(1, 15, 1, 4, 1, 1)
caused INR: -15.496486197576713
TpsRandomic + CumulativeIndividualEstimated_INR + -12.5
None
(1, 15, 1, 4, 1, 1)
caused INR: -21.548803030419094
TpsRandomic + CumulativeIndividualEstimated_INR + -15.0
None
(1, 15, 1, 4, 1, 1)
caused INR: -31.23124591389373
Iteration number 81
TpsAltruisticFromLsfGain + IndividualEstimated_INR + -10.0
None
ls_gain_coeffs:
[-144.76849624 -125.45778093 -144.38425109 -144.20813383 -121.76698076
 -144.11657551 -149.74050429 -144.97511064 -138.00275512 -140.70410285
 -147.56062914 -134.3884834  -149.78807434 -126.43133727 -124.10862911]
inrs_hat:  [-33.7787962  -14.46808088 -33.39455104 -33.21843378 -10.77728072
 -33.12687547 -38.75080425 -33.9854106  -27.01305508 -29.71440281
 -36.5709291  -23.39878336 -38.79837429 -15.44163722 -13.11892907]
scheduled_ues:  [ 0  1  2  3  4  5  6  7  8  9 10 11 12 13 14]
(1, 15, 1, 4, 1, 1)
caused INR: -3.350729775093493
TpsAltruisticFromLsfGain + IndividualEstimated_INR + -12.5
None
ls_gain_coeffs:
[-144.76849624 -125.45778093 -144.38425109 -144.20813383 -121.76698076
 -144.11657551 -149.74050429 -144.97511064 -138.00275512 -140.70410285
 -147.56062914 -134.3884834  -149.78807434 -126.43133727 -124.10862911]
inrs_hat:  [-33.7787962  -14.46808088 -33.39455104 -33.21843378 -10.77728072
 -33.12687547 -38.75080425 -33.9854106  -27.01305508 -29.71440281
 -36.5709291  -23.39878336 -38.79837429 -15.44163722 -13.11892907]
scheduled_ues:  [ 0  1  2  3  5  6  7  8  9 10 11 12 13 14]
(1, 15, 1, 4, 1, 1)
caused INR: -4.436741471502367
TpsAltruisticFromLsfGain + IndividualEstimated_INR + -15.0
None
ls_gain_coeffs:
[-144.76849624 -125.45778093 -144.38425109 -144.20813383 -121.76698076
 -144.11657551 -149.74050429 -144.97511064 -138.00275512 -140.70410285
 -147.56062914 -134.3884834  -149.78807434 -126.43133727 -124.10862911]
inrs_hat:  [-33.7787962  -14.46808088 -33.39455104 -33.21843378 -10.77728072
 -33.12687547 -38.75080425 -33.9854106  -27.01305508 -29.71440281
 -36.5709291  -23.39878336 -38.79837429 -15.44163722 -13.11892907]
scheduled_ues:  [ 0  2  3  5  6  7  8  9 10 11 12 13]
(1, 15, 1, 4, 1, 1)
caused INR: -12.12306140524275
TpsAltruisticFromLsfGain + CumulativeIndividualEstimated_INR + -10.0
None
(1, 15, 1, 4, 1, 1)
caused INR: -4.948178642565107
TpsAltruisticFromLsfGain + CumulativeIndividualEstimated_INR + -12.5
None
(1, 15, 1, 4, 1, 1)
caused INR: -12.12306140524275
TpsAltruisticFromLsfGain + CumulativeIndividualEstimated_INR + -15.0
None
(1, 15, 1, 4, 1, 1)
caused INR: -32.10781823152977
TpsRandomic + IndividualEstimated_INR + -10.0
None
ls_gain_coeffs:
[-144.76849624 -111.54390482 -130.59844455 -135.12090476 -107.60851893
 -127.48784701 -147.275743   -128.30126895 -125.32630728 -127.39357516
 -135.89738277 -117.44476857 -149.78807434 -111.0878275  -113.51012976]
inrs_hat:  [-33.7787962   -0.55420478 -19.6087445  -24.13120472   3.38118112
 -16.49814697 -36.28604296 -17.3115689  -14.33660723 -16.40387511
 -24.90768273  -6.45506852 -38.79837429  -0.09812746  -2.52042972]
scheduled_ues:  [ 0  2  3  5  6  7  8  9 10 12]
(1, 15, 1, 4, 1, 1)
caused INR: -13.741989168529686
TpsRandomic + IndividualEstimated_INR + -12.5
None
ls_gain_coeffs:
[-127.99778514 -123.24936677 -130.59844455 -132.14346391 -121.76698076
 -144.11657551 -136.47731719 -128.30126895 -138.00275512 -127.82803901
 -130.78510867 -117.44476857 -149.78807434 -116.84125894 -106.94044736]
inrs_hat:  [-17.00808509 -12.25966673 -19.6087445  -21.15376386 -10.77728072
 -33.12687547 -25.48761715 -17.3115689  -27.01305508 -16.83833896
 -19.79540863  -6.45506852 -38.79837429  -5.8515589    4.04925268]
scheduled_ues:  [ 0  2  3  5  6  7  8  9 10 12]
(1, 15, 1, 4, 1, 1)
caused INR: -10.04453026054545
TpsRandomic + IndividualEstimated_INR + -15.0
None
ls_gain_coeffs:
[-144.76849624 -125.45778093 -144.38425109 -135.12090476 -116.61639525
 -144.11657551 -149.74050429 -128.30126895 -137.65048335 -140.70410285
 -147.56062914 -121.50089403 -136.13030036 -116.84125894 -124.10862911]
inrs_hat:  [-33.7787962  -14.46808088 -33.39455104 -24.13120472  -5.62669521
 -33.12687547 -38.75080425 -17.3115689  -26.66078331 -29.71440281
 -36.5709291  -10.51119399 -25.14060031  -5.8515589  -13.11892907]
scheduled_ues:  [ 0  2  3  5  6  7  8  9 10 12]
(1, 15, 1, 4, 1, 1)
caused INR: -13.981664000280784
TpsRandomic + CumulativeIndividualEstimated_INR + -10.0
None
(1, 15, 1, 4, 1, 1)
caused INR: -4.559890886943564
TpsRandomic + CumulativeIndividualEstimated_INR + -12.5
None
(1, 15, 1, 4, 1, 1)
caused INR: -14.341083190231407
TpsRandomic + CumulativeIndividualEstimated_INR + -15.0
None
(1, 15, 1, 4, 1, 1)
caused INR: -27.23102590241403
Iteration number 82
TpsAltruisticFromLsfGain + IndividualEstimated_INR + -10.0
None
ls_gain_coeffs:
[-146.43821864 -115.55493057 -131.0634105  -144.06830952 -139.38346762
 -142.52881364 -145.70019955 -127.44928477 -131.90149451 -136.43695804
 -132.88159678 -142.38352646 -150.51186208 -141.94046571 -140.44653086]
inrs_hat:  [-35.4485186   -4.56523053 -20.07371046 -33.07860948 -28.39376757
 -31.53911359 -34.7104995  -16.45958472 -20.91179447 -25.44725799
 -21.89189674 -31.39382642 -39.52216204 -30.95076567 -29.45683082]
scheduled_ues:  [ 0  2  3  4  5  6  7  8  9 10 11 12 13 14]
(1, 15, 1, 4, 1, 1)
caused INR: -20.829261652446192
TpsAltruisticFromLsfGain + IndividualEstimated_INR + -12.5
None
ls_gain_coeffs:
[-146.43821864 -115.55493057 -131.0634105  -144.06830952 -139.38346762
 -142.52881364 -145.70019955 -127.44928477 -131.90149451 -136.43695804
 -132.88159678 -142.38352646 -150.51186208 -141.94046571 -140.44653086]
inrs_hat:  [-35.4485186   -4.56523053 -20.07371046 -33.07860948 -28.39376757
 -31.53911359 -34.7104995  -16.45958472 -20.91179447 -25.44725799
 -21.89189674 -31.39382642 -39.52216204 -30.95076567 -29.45683082]
scheduled_ues:  [ 0  2  3  4  5  6  7  8  9 10 11 12 13 14]
(1, 15, 1, 4, 1, 1)
caused INR: -20.829261652446192
TpsAltruisticFromLsfGain + IndividualEstimated_INR + -15.0
None
ls_gain_coeffs:
[-146.43821864 -115.55493057 -131.0634105  -144.06830952 -139.38346762
 -142.52881364 -145.70019955 -127.44928477 -131.90149451 -136.43695804
 -132.88159678 -142.38352646 -150.51186208 -141.94046571 -140.44653086]
inrs_hat:  [-35.4485186   -4.56523053 -20.07371046 -33.07860948 -28.39376757
 -31.53911359 -34.7104995  -16.45958472 -20.91179447 -25.44725799
 -21.89189674 -31.39382642 -39.52216204 -30.95076567 -29.45683082]
scheduled_ues:  [ 0  2  3  4  5  6  7  8  9 10 11 12 13 14]
(1, 15, 1, 4, 1, 1)
caused INR: -20.829261652446192
TpsAltruisticFromLsfGain + CumulativeIndividualEstimated_INR + -10.0
None
(1, 15, 1, 4, 1, 1)
caused INR: -20.829261652446192
TpsAltruisticFromLsfGain + CumulativeIndividualEstimated_INR + -12.5
None
(1, 15, 1, 4, 1, 1)
caused INR: -20.829261652446192
TpsAltruisticFromLsfGain + CumulativeIndividualEstimated_INR + -15.0
None
(1, 15, 1, 4, 1, 1)
caused INR: -16.86717864403642
TpsRandomic + IndividualEstimated_INR + -10.0
None
ls_gain_coeffs:
[-137.7885476  -114.92101449 -120.63952459 -140.77544318 -122.43470207
 -142.52881364 -130.56942719 -114.98922514 -116.33850435 -136.43695804
 -126.94383678 -136.74881823 -142.28892335 -141.94046571 -140.44653086]
inrs_hat:  [-26.79884756  -3.93131445  -9.64982455 -29.78574313 -11.44500202
 -31.53911359 -19.57972715  -3.9995251   -5.34880431 -25.44725799
 -15.95413674 -25.75911819 -31.29922331 -30.95076567 -29.45683082]
scheduled_ues:  [ 0  3  4  5  6  9 10 11 12 13 14]
(1, 15, 1, 4, 1, 1)
caused INR: -16.406805783900456
TpsRandomic + IndividualEstimated_INR + -12.5
None
ls_gain_coeffs:
[-134.15068427 -115.55493057 -120.63952459 -140.77544318 -139.38346762
 -125.8908621  -141.66644102 -114.98922514 -127.21940927 -136.43695804
 -132.88159678 -126.18545431 -134.00231371 -135.72222427 -140.44653086]
inrs_hat:  [-23.16098423  -4.56523053  -9.64982455 -29.78574313 -28.39376757
 -14.90116206 -30.67674097  -3.9995251  -16.22970923 -25.44725799
 -21.89189674 -15.19575426 -23.01261367 -24.73252422 -29.45683082]
scheduled_ues:  [ 0  3  4  5  6  8  9 10 11 12 13 14]
(1, 15, 1, 4, 1, 1)
caused INR: -8.96877962617268
TpsRandomic + IndividualEstimated_INR + -15.0
None
ls_gain_coeffs:
[-134.15068427 -102.69071985 -131.0634105  -140.77544318 -130.76234117
 -142.52881364 -130.56942719 -114.98922514 -131.90149451 -125.6831409
 -116.64496303 -136.74881823 -150.51186208 -135.72222427 -127.09324472]
inrs_hat:  [-23.16098423   8.29898019 -20.07371046 -29.78574313 -19.77264112
 -31.53911359 -19.57972715  -3.9995251  -20.91179447 -14.69344086
  -5.65526299 -25.75911819 -39.52216204 -24.73252422 -16.10354468]
scheduled_ues:  [ 0  2  3  4  5  6  8 11 12 13 14]
(1, 15, 1, 4, 1, 1)
caused INR: -15.16033177222928
TpsRandomic + CumulativeIndividualEstimated_INR + -10.0
None
(1, 15, 1, 4, 1, 1)
caused INR: -14.494926009387994
TpsRandomic + CumulativeIndividualEstimated_INR + -12.5
None
(1, 15, 1, 4, 1, 1)
caused INR: -11.817525715532648
TpsRandomic + CumulativeIndividualEstimated_INR + -15.0
None
(1, 15, 1, 4, 1, 1)
caused INR: -16.564358045703674
Iteration number 83
TpsAltruisticFromLsfGain + IndividualEstimated_INR + -10.0
None
ls_gain_coeffs:
[-136.81434699 -142.97061091 -146.44668334 -149.18231951 -145.96755999
 -152.55178473 -118.74309534 -125.31486907 -141.47915527 -122.66563414
 -120.97950193 -151.49926604 -141.29357274 -130.10513793 -124.33654061]
inrs_hat:  [-25.82464695 -31.98091087 -35.4569833  -38.19261946 -34.97785994
 -41.56208469  -7.7533953  -14.32516902 -30.48945522 -11.6759341
  -9.98980189 -40.509566   -30.3038727  -19.11543789 -13.34684057]
scheduled_ues:  [ 0  1  2  3  4  5  7  8  9 11 12 13 14]
(1, 15, 1, 4, 1, 1)
caused INR: -4.157407737532979
TpsAltruisticFromLsfGain + IndividualEstimated_INR + -12.5
None
ls_gain_coeffs:
[-136.81434699 -142.97061091 -146.44668334 -149.18231951 -145.96755999
 -152.55178473 -118.74309534 -125.31486907 -141.47915527 -122.66563414
 -120.97950193 -151.49926604 -141.29357274 -130.10513793 -124.33654061]
inrs_hat:  [-25.82464695 -31.98091087 -35.4569833  -38.19261946 -34.97785994
 -41.56208469  -7.7533953  -14.32516902 -30.48945522 -11.6759341
  -9.98980189 -40.509566   -30.3038727  -19.11543789 -13.34684057]
scheduled_ues:  [ 0  1  2  3  4  5  7  8 11 12 13 14]
(1, 15, 1, 4, 1, 1)
caused INR: -7.607327168506015
TpsAltruisticFromLsfGain + IndividualEstimated_INR + -15.0
None
ls_gain_coeffs:
[-136.81434699 -142.97061091 -146.44668334 -149.18231951 -145.96755999
 -152.55178473 -118.74309534 -125.31486907 -141.47915527 -122.66563414
 -120.97950193 -151.49926604 -141.29357274 -130.10513793 -124.33654061]
inrs_hat:  [-25.82464695 -31.98091087 -35.4569833  -38.19261946 -34.97785994
 -41.56208469  -7.7533953  -14.32516902 -30.48945522 -11.6759341
  -9.98980189 -40.509566   -30.3038727  -19.11543789 -13.34684057]
scheduled_ues:  [ 0  1  2  3  4  5  8 11 12 13]
(1, 15, 1, 4, 1, 1)
caused INR: -14.700426015412752
TpsAltruisticFromLsfGain + CumulativeIndividualEstimated_INR + -10.0
None
(1, 15, 1, 4, 1, 1)
caused INR: -11.522094573994636
TpsAltruisticFromLsfGain + CumulativeIndividualEstimated_INR + -12.5
None
(1, 15, 1, 4, 1, 1)
caused INR: -11.522094573994636
TpsAltruisticFromLsfGain + CumulativeIndividualEstimated_INR + -15.0
None
(1, 15, 1, 4, 1, 1)
caused INR: -14.700426015412752
TpsRandomic + IndividualEstimated_INR + -10.0
None
ls_gain_coeffs:
[-136.81434699 -131.70909707 -129.70053901 -132.43685564 -145.96755999
 -144.02981202 -109.05093923 -110.86916187 -134.20702731 -109.98731882
 -106.88670491 -138.38240083 -127.69680246 -128.14248686 -124.33654061]
inrs_hat:  [-25.82464695 -20.71939702 -18.71083897 -21.4471556  -34.97785994
 -33.04011197   1.93876081   0.12053818 -23.21732727   1.00238122
   4.10299513 -27.39270079 -16.70710242 -17.15278682 -13.34684057]
scheduled_ues:  [ 0  1  2  3  4  5  8 11 12 13 14]
(1, 15, 1, 4, 1, 1)
caused INR: -15.298546340824792
TpsRandomic + IndividualEstimated_INR + -12.5
None
ls_gain_coeffs:
[-124.13247568 -126.03074958 -136.78717663 -137.34413804 -142.43028911
 -144.02981202 -105.80827407 -113.70345295 -141.47915527 -109.98731882
 -103.07380407 -144.41840241 -141.29357274 -117.00932091 -112.06126169]
inrs_hat:  [-13.14277564 -15.04104953 -25.79747659 -26.354438   -31.44058907
 -33.04011197   5.18142597  -2.71375291 -30.48945522   1.00238122
   7.91589597 -33.42870237 -30.3038727   -6.01962086  -1.07156164]
scheduled_ues:  [ 0  1  2  3  4  5  8 11 12]
(1, 15, 1, 4, 1, 1)
caused INR: -8.468169655086294
TpsRandomic + IndividualEstimated_INR + -15.0
None
ls_gain_coeffs:
[-123.89220437 -126.03074958 -135.05550139 -139.97117324 -131.16777941
 -144.02981202 -101.20880665 -113.70345295 -127.99909771 -122.31056116
 -120.97950193 -144.41840241 -141.29357274 -130.10513793 -112.06126169]
inrs_hat:  [-12.90250432 -15.04104953 -24.06580135 -28.9814732  -20.17807936
 -33.04011197   9.78089339  -2.71375291 -17.00939767 -11.32086112
  -9.98980189 -33.42870237 -30.3038727  -19.11543789  -1.07156164]
scheduled_ues:  [ 1  2  3  4  5  8 11 12 13]
(1, 15, 1, 4, 1, 1)
caused INR: -15.056210649095064
TpsRandomic + CumulativeIndividualEstimated_INR + -10.0
None
(1, 15, 1, 4, 1, 1)
caused INR: -8.697392679575621
TpsRandomic + CumulativeIndividualEstimated_INR + -12.5
None
(1, 15, 1, 4, 1, 1)
caused INR: -17.75713410469342
TpsRandomic + CumulativeIndividualEstimated_INR + -15.0
None
(1, 15, 1, 4, 1, 1)
caused INR: -21.339969998626987
Iteration number 84
TpsAltruisticFromLsfGain + IndividualEstimated_INR + -10.0
None
ls_gain_coeffs:
[-143.02416145 -132.6343565  -114.06163263 -140.10315842 -133.67932194
 -143.63101816 -133.18882368 -126.01601728 -135.57778291 -152.1517393
 -123.51221956 -150.56826904 -127.64485786 -133.67931145 -142.66112061]
inrs_hat:  [-32.03446141 -21.64465646  -3.07193258 -29.11345838 -22.68962189
 -32.64131812 -22.19912364 -15.02631723 -24.58808286 -41.16203926
 -12.52251952 -39.578569   -16.65515782 -22.68961141 -31.67142057]
scheduled_ues:  [ 0  1  3  4  5  6  7  8  9 10 11 12 13 14]
(1, 15, 1, 4, 1, 1)
caused INR: -4.403937849799891
TpsAltruisticFromLsfGain + IndividualEstimated_INR + -12.5
None
ls_gain_coeffs:
[-143.02416145 -132.6343565  -114.06163263 -140.10315842 -133.67932194
 -143.63101816 -133.18882368 -126.01601728 -135.57778291 -152.1517393
 -123.51221956 -150.56826904 -127.64485786 -133.67931145 -142.66112061]
inrs_hat:  [-32.03446141 -21.64465646  -3.07193258 -29.11345838 -22.68962189
 -32.64131812 -22.19912364 -15.02631723 -24.58808286 -41.16203926
 -12.52251952 -39.578569   -16.65515782 -22.68961141 -31.67142057]
scheduled_ues:  [ 0  1  3  4  5  6  7  8  9 10 11 12 13 14]
(1, 15, 1, 4, 1, 1)
caused INR: -4.403937849799891
TpsAltruisticFromLsfGain + IndividualEstimated_INR + -15.0
None
ls_gain_coeffs:
[-143.02416145 -132.6343565  -114.06163263 -140.10315842 -133.67932194
 -143.63101816 -133.18882368 -126.01601728 -135.57778291 -152.1517393
 -123.51221956 -150.56826904 -127.64485786 -133.67931145 -142.66112061]
inrs_hat:  [-32.03446141 -21.64465646  -3.07193258 -29.11345838 -22.68962189
 -32.64131812 -22.19912364 -15.02631723 -24.58808286 -41.16203926
 -12.52251952 -39.578569   -16.65515782 -22.68961141 -31.67142057]
scheduled_ues:  [ 0  1  3  4  5  6  7  8  9 11 12 13 14]
(1, 15, 1, 4, 1, 1)
caused INR: -10.592443333348642
TpsAltruisticFromLsfGain + CumulativeIndividualEstimated_INR + -10.0
None
(1, 15, 1, 4, 1, 1)
caused INR: -10.592443333348642
TpsAltruisticFromLsfGain + CumulativeIndividualEstimated_INR + -12.5
None
(1, 15, 1, 4, 1, 1)
caused INR: -5.8455995369563185
TpsAltruisticFromLsfGain + CumulativeIndividualEstimated_INR + -15.0
None
(1, 15, 1, 4, 1, 1)
caused INR: -9.251769550550172
TpsRandomic + IndividualEstimated_INR + -10.0
None
ls_gain_coeffs:
[-129.75182707 -132.6343565  -114.06163263 -123.31764753 -121.1433129
 -127.17981874 -133.18882368 -118.09699268 -123.0495873  -135.87798822
 -106.34892848 -150.56826904 -112.78459031 -117.38736466 -126.77165646]
inrs_hat:  [-18.76212702 -21.64465646  -3.07193258 -12.32794749 -10.15361286
 -16.1901187  -22.19912364  -7.10729264 -12.05988726 -24.88828817
   4.64077156 -39.578569    -1.79489027  -6.39766462 -15.78195642]
scheduled_ues:  [ 0  1  3  4  5  6  8  9 11 14]
(1, 15, 1, 4, 1, 1)
caused INR: -2.881335512264458
TpsRandomic + IndividualEstimated_INR + -12.5
None
ls_gain_coeffs:
[-129.75182707 -115.91524208 -114.06163263 -123.31764753 -121.1433129
 -136.6039405  -119.2667007  -109.09161763 -135.57778291 -145.58812434
 -110.27277497 -150.56826904 -120.15325952 -119.44672971 -137.48932439]
inrs_hat:  [-18.76212702  -4.92554204  -3.07193258 -12.32794749 -10.15361286
 -25.61424046  -8.27700065   1.89808241 -24.58808286 -34.5984243
   0.71692507 -39.578569    -9.16355948  -8.45702966 -26.49962435]
scheduled_ues:  [ 0  5  8  9 11 14]
(1, 15, 1, 4, 1, 1)
caused INR: -10.3816723787568
TpsRandomic + IndividualEstimated_INR + -15.0
None
ls_gain_coeffs:
[-135.73347595 -124.06423646 -100.67914384 -123.31764753 -117.09368989
 -136.6039405  -119.2667007  -126.01601728 -123.0495873  -138.60945209
 -123.51221956 -134.17958244 -127.64485786 -133.67931145 -126.77165646]
inrs_hat:  [-24.74377591 -13.07453642  10.3105562  -12.32794749  -6.10398984
 -25.61424046  -8.27700065 -15.02631723 -12.05988726 -27.61975205
 -12.52251952 -23.18988239 -16.65515782 -22.68961141 -15.78195642]
scheduled_ues:  [ 0  5  7  9 11 12 13 14]
(1, 15, 1, 4, 1, 1)
caused INR: -22.064012486150688
TpsRandomic + CumulativeIndividualEstimated_INR + -10.0
None
(1, 15, 1, 4, 1, 1)
caused INR: -12.880699878443249
TpsRandomic + CumulativeIndividualEstimated_INR + -12.5
None
(1, 15, 1, 4, 1, 1)
caused INR: -14.404528461897888
TpsRandomic + CumulativeIndividualEstimated_INR + -15.0
None
(1, 15, 1, 4, 1, 1)
caused INR: -8.576134743574727
Iteration number 85
TpsAltruisticFromLsfGain + IndividualEstimated_INR + -10.0
None
ls_gain_coeffs:
[-128.30403463 -122.61034125 -149.51028217 -147.80307585 -142.10347898
 -133.76375776 -149.41111486 -145.35798796 -140.41127071 -128.74260659
 -126.73439451 -121.50055154 -137.68401617 -139.7513908  -116.92934473]
inrs_hat:  [-17.31433459 -11.6206412  -38.52058212 -36.81337581 -31.11377894
 -22.77405772 -38.42141482 -34.36828791 -29.42157067 -17.75290655
 -15.74469446 -10.5108515  -26.69431612 -28.76169076  -5.93964469]
scheduled_ues:  [ 0  1  2  3  4  5  6  7  8  9 10 11 12 13]
(1, 15, 1, 4, 1, 1)
caused INR: -5.771018789337856
TpsAltruisticFromLsfGain + IndividualEstimated_INR + -12.5
None
ls_gain_coeffs:
[-128.30403463 -122.61034125 -149.51028217 -147.80307585 -142.10347898
 -133.76375776 -149.41111486 -145.35798796 -140.41127071 -128.74260659
 -126.73439451 -121.50055154 -137.68401617 -139.7513908  -116.92934473]
inrs_hat:  [-17.31433459 -11.6206412  -38.52058212 -36.81337581 -31.11377894
 -22.77405772 -38.42141482 -34.36828791 -29.42157067 -17.75290655
 -15.74469446 -10.5108515  -26.69431612 -28.76169076  -5.93964469]
scheduled_ues:  [ 0  2  3  4  5  6  7  8  9 10 12 13]
(1, 15, 1, 4, 1, 1)
caused INR: -14.410644438719322
TpsAltruisticFromLsfGain + IndividualEstimated_INR + -15.0
None
ls_gain_coeffs:
[-128.30403463 -122.61034125 -149.51028217 -147.80307585 -142.10347898
 -133.76375776 -149.41111486 -145.35798796 -140.41127071 -128.74260659
 -126.73439451 -121.50055154 -137.68401617 -139.7513908  -116.92934473]
inrs_hat:  [-17.31433459 -11.6206412  -38.52058212 -36.81337581 -31.11377894
 -22.77405772 -38.42141482 -34.36828791 -29.42157067 -17.75290655
 -15.74469446 -10.5108515  -26.69431612 -28.76169076  -5.93964469]
scheduled_ues:  [ 0  2  3  4  5  6  7  8  9 10 12 13]
(1, 15, 1, 4, 1, 1)
caused INR: -14.410644438719322
TpsAltruisticFromLsfGain + CumulativeIndividualEstimated_INR + -10.0
None
(1, 15, 1, 4, 1, 1)
caused INR: -14.410644438719322
TpsAltruisticFromLsfGain + CumulativeIndividualEstimated_INR + -12.5
None
(1, 15, 1, 4, 1, 1)
caused INR: -18.91504939370864
TpsAltruisticFromLsfGain + CumulativeIndividualEstimated_INR + -15.0
None
(1, 15, 1, 4, 1, 1)
caused INR: -22.32872207386801
TpsRandomic + IndividualEstimated_INR + -10.0
None
ls_gain_coeffs:
[-128.30403463 -112.68230093 -135.98570654 -132.53281622 -131.31728361
 -131.21463408 -132.74998292 -131.84981479 -140.41127071 -128.74260659
 -115.24294586 -116.24407442 -137.6332053  -139.7513908  -104.53275043]
inrs_hat:  [-17.31433459  -1.69260088 -24.9960065  -21.54311618 -20.32758356
 -20.22493403 -21.76028287 -20.86011475 -29.42157067 -17.75290655
  -4.25324582  -5.25437438 -26.64350525 -28.76169076   6.45694961]
scheduled_ues:  [ 0  2  3  4  5  6  7  8  9 12 13]
(1, 15, 1, 4, 1, 1)
caused INR: -17.39284833856371
TpsRandomic + IndividualEstimated_INR + -12.5
None
ls_gain_coeffs:
[-128.30403463 -105.13399686 -135.98570654 -143.56008641 -131.31728361
 -119.62274197 -132.74998292 -130.78324162 -135.67704372 -119.03343986
 -109.73675365 -116.24407442 -125.20854225 -125.96551778 -116.92934473]
inrs_hat:  [-17.31433459   5.85570318 -24.9960065  -32.57038636 -20.32758356
  -8.63304193 -21.76028287 -19.79354158 -24.68734368  -8.04373981
   1.25294639  -5.25437438 -14.21884221 -14.97581774  -5.93964469]
scheduled_ues:  [ 0  2  3  4  6  7  8 12 13]
(1, 15, 1, 4, 1, 1)
caused INR: -6.4135606478110665
TpsRandomic + IndividualEstimated_INR + -15.0
None
ls_gain_coeffs:
[-128.30403463 -105.13399686 -134.90273092 -133.94714604 -142.10347898
 -133.76375776 -132.74998292 -130.78324162 -126.39159505 -119.03343986
 -109.73675365 -116.24407442 -137.68401617 -132.97323409 -105.86770538]
inrs_hat:  [-17.31433459   5.85570318 -23.91303087 -22.957446   -31.11377894
 -22.77405772 -21.76028287 -19.79354158 -15.401895    -8.04373981
   1.25294639  -5.25437438 -26.69431612 -21.98353405   5.12199466]
scheduled_ues:  [ 0  2  3  4  5  6  7  8 12 13]
(1, 15, 1, 4, 1, 1)
caused INR: -16.281652461522075
TpsRandomic + CumulativeIndividualEstimated_INR + -10.0
None
(1, 15, 1, 4, 1, 1)
caused INR: -10.999166127795144
TpsRandomic + CumulativeIndividualEstimated_INR + -12.5
None
(1, 15, 1, 4, 1, 1)
caused INR: -14.81148814773723
TpsRandomic + CumulativeIndividualEstimated_INR + -15.0
None
(1, 15, 1, 4, 1, 1)
caused INR: -18.870908562754764
Iteration number 86
TpsAltruisticFromLsfGain + IndividualEstimated_INR + -10.0
None
ls_gain_coeffs:
[-129.34390268 -134.12997688 -129.28556912 -131.70563687 -140.13153635
 -149.21839996 -133.71149407 -136.34405693 -138.06417642 -148.56860943
 -142.23726013 -142.61355409 -149.55267403 -135.54603122 -149.77266069]
inrs_hat:  [-18.35420263 -23.14027684 -18.29586908 -20.71593683 -29.14183631
 -38.22869992 -22.72179403 -25.35435689 -27.07447638 -37.57890938
 -31.24756009 -31.62385405 -38.56297398 -24.55633117 -38.78296065]
scheduled_ues:  [ 0  1  2  3  4  5  6  7  8  9 10 11 12 13 14]
(1, 15, 1, 4, 1, 1)
caused INR: -18.639768749505173
TpsAltruisticFromLsfGain + IndividualEstimated_INR + -12.5
None
ls_gain_coeffs:
[-129.34390268 -134.12997688 -129.28556912 -131.70563687 -140.13153635
 -149.21839996 -133.71149407 -136.34405693 -138.06417642 -148.56860943
 -142.23726013 -142.61355409 -149.55267403 -135.54603122 -149.77266069]
inrs_hat:  [-18.35420263 -23.14027684 -18.29586908 -20.71593683 -29.14183631
 -38.22869992 -22.72179403 -25.35435689 -27.07447638 -37.57890938
 -31.24756009 -31.62385405 -38.56297398 -24.55633117 -38.78296065]
scheduled_ues:  [ 0  1  2  3  4  5  6  7  8  9 10 11 12 13 14]
(1, 15, 1, 4, 1, 1)
caused INR: -18.639768749505173
TpsAltruisticFromLsfGain + IndividualEstimated_INR + -15.0
None
ls_gain_coeffs:
[-129.34390268 -134.12997688 -129.28556912 -131.70563687 -140.13153635
 -149.21839996 -133.71149407 -136.34405693 -138.06417642 -148.56860943
 -142.23726013 -142.61355409 -149.55267403 -135.54603122 -149.77266069]
inrs_hat:  [-18.35420263 -23.14027684 -18.29586908 -20.71593683 -29.14183631
 -38.22869992 -22.72179403 -25.35435689 -27.07447638 -37.57890938
 -31.24756009 -31.62385405 -38.56297398 -24.55633117 -38.78296065]
scheduled_ues:  [ 0  1  2  3  4  5  6  7  8  9 10 11 12 13 14]
(1, 15, 1, 4, 1, 1)
caused INR: -18.639768749505173
TpsAltruisticFromLsfGain + CumulativeIndividualEstimated_INR + -10.0
None
(1, 15, 1, 4, 1, 1)
caused INR: -18.639768749505173
TpsAltruisticFromLsfGain + CumulativeIndividualEstimated_INR + -12.5
None
(1, 15, 1, 4, 1, 1)
caused INR: -16.649876381904317
TpsAltruisticFromLsfGain + CumulativeIndividualEstimated_INR + -15.0
None
(1, 15, 1, 4, 1, 1)
caused INR: -14.14247505459894
TpsRandomic + IndividualEstimated_INR + -10.0
None
ls_gain_coeffs:
[-129.34390268 -130.94834592 -129.28556912 -127.68632104 -138.952175
 -135.57511244 -133.71149407 -122.08243392 -122.95596605 -144.35038287
 -128.9936662  -126.19053111 -149.55267403 -118.25737211 -139.68139431]
inrs_hat:  [-18.35420263 -19.95864588 -18.29586908 -16.696621   -27.96247495
 -24.5854124  -22.72179403 -11.09273388 -11.96626601 -33.36068282
 -18.00396615 -15.20083106 -38.56297398  -7.26767207 -28.69169427]
scheduled_ues:  [ 0  1  2  3  4  5  6  7  8  9 10 11 12 14]
(1, 15, 1, 4, 1, 1)
caused INR: -3.386570588883442
TpsRandomic + IndividualEstimated_INR + -12.5
None
ls_gain_coeffs:
[-116.76098341 -120.62783323 -111.15029875 -127.68632104 -138.952175
 -134.37342492 -129.20463169 -136.34405693 -138.06417642 -148.56860943
 -128.9936662  -136.01158399 -136.27785711 -123.34995161 -133.09721305]
inrs_hat:  [ -5.77128336  -9.63813318  -0.16059871 -16.696621   -27.96247495
 -23.38372488 -18.21493164 -25.35435689 -27.07447638 -37.57890938
 -18.00396615 -25.02188395 -25.28815707 -12.36025157 -22.10751301]
scheduled_ues:  [ 3  4  5  6  7  8  9 10 11 12 14]
(1, 15, 1, 4, 1, 1)
caused INR: -4.731368670682587
TpsRandomic + IndividualEstimated_INR + -15.0
None
ls_gain_coeffs:
[-129.34390268 -119.56728957 -116.44082976 -131.70563687 -140.13153635
 -134.37342492 -129.20463169 -136.34405693 -134.06426087 -134.72093391
 -134.95303272 -126.19053111 -133.28171863 -123.34995161 -138.95463179]
inrs_hat:  [-18.35420263  -8.57758953  -5.45112971 -20.71593683 -29.14183631
 -23.38372488 -18.21493164 -25.35435689 -23.07456082 -23.73123386
 -23.96333268 -15.20083106 -22.29201859 -12.36025157 -27.96493175]
scheduled_ues:  [ 0  3  4  5  6  7  8  9 10 11 12 14]
(1, 15, 1, 4, 1, 1)
caused INR: -9.113394791057551
TpsRandomic + CumulativeIndividualEstimated_INR + -10.0
None
(1, 15, 1, 4, 1, 1)
caused INR: -14.600354952421345
TpsRandomic + CumulativeIndividualEstimated_INR + -12.5
None
(1, 15, 1, 4, 1, 1)
caused INR: -9.56798150901385
TpsRandomic + CumulativeIndividualEstimated_INR + -15.0
None
(1, 15, 1, 4, 1, 1)
caused INR: -30.403587843438196
Iteration number 87
TpsAltruisticFromLsfGain + IndividualEstimated_INR + -10.0
None
ls_gain_coeffs:
[-141.97562761 -138.49615409 -130.97255468 -140.88098322 -138.56571883
 -145.09888819 -144.66837882 -151.07209272 -142.60874247 -136.80813048
 -146.47481046 -143.65925252 -150.9800882  -142.84330977 -139.35806093]
inrs_hat:  [-30.98592756 -27.50645405 -19.98285464 -29.89128317 -27.57601879
 -34.10918814 -33.67867878 -40.08239267 -31.61904243 -25.81843044
 -35.48511042 -32.66955248 -39.99038816 -31.85360973 -28.36836089]
scheduled_ues:  [ 0  1  2  3  4  5  6  7  8  9 10 11 12 13 14]
(1, 15, 1, 4, 1, 1)
caused INR: -42.178237083278006
TpsAltruisticFromLsfGain + IndividualEstimated_INR + -12.5
None
ls_gain_coeffs:
[-141.97562761 -138.49615409 -130.97255468 -140.88098322 -138.56571883
 -145.09888819 -144.66837882 -151.07209272 -142.60874247 -136.80813048
 -146.47481046 -143.65925252 -150.9800882  -142.84330977 -139.35806093]
inrs_hat:  [-30.98592756 -27.50645405 -19.98285464 -29.89128317 -27.57601879
 -34.10918814 -33.67867878 -40.08239267 -31.61904243 -25.81843044
 -35.48511042 -32.66955248 -39.99038816 -31.85360973 -28.36836089]
scheduled_ues:  [ 0  1  2  3  4  5  6  7  8  9 10 11 12 13 14]
(1, 15, 1, 4, 1, 1)
caused INR: -42.178237083278006
TpsAltruisticFromLsfGain + IndividualEstimated_INR + -15.0
None
ls_gain_coeffs:
[-141.97562761 -138.49615409 -130.97255468 -140.88098322 -138.56571883
 -145.09888819 -144.66837882 -151.07209272 -142.60874247 -136.80813048
 -146.47481046 -143.65925252 -150.9800882  -142.84330977 -139.35806093]
inrs_hat:  [-30.98592756 -27.50645405 -19.98285464 -29.89128317 -27.57601879
 -34.10918814 -33.67867878 -40.08239267 -31.61904243 -25.81843044
 -35.48511042 -32.66955248 -39.99038816 -31.85360973 -28.36836089]
scheduled_ues:  [ 0  1  2  3  4  5  6  7  8  9 10 11 12 13 14]
(1, 15, 1, 4, 1, 1)
caused INR: -42.178237083278006
TpsAltruisticFromLsfGain + CumulativeIndividualEstimated_INR + -10.0
None
(1, 15, 1, 4, 1, 1)
caused INR: -42.178237083278006
TpsAltruisticFromLsfGain + CumulativeIndividualEstimated_INR + -12.5
None
(1, 15, 1, 4, 1, 1)
caused INR: -42.178237083278006
TpsAltruisticFromLsfGain + CumulativeIndividualEstimated_INR + -15.0
None
(1, 15, 1, 4, 1, 1)
caused INR: -42.178237083278006
TpsRandomic + IndividualEstimated_INR + -10.0
None
ls_gain_coeffs:
[-132.80768881 -138.49615409 -117.27855223 -124.06130954 -138.56571883
 -128.323758   -143.55077861 -137.10775465 -126.13363706 -121.24424325
 -138.4660046  -126.81767601 -141.77526177 -128.59822207 -138.92675986]
inrs_hat:  [-21.81798877 -27.50645405  -6.28885219 -13.0716095  -27.57601879
 -17.33405795 -32.56107857 -26.11805461 -15.14393701 -10.25454321
 -27.47630456 -15.82797597 -30.78556173 -17.60852203 -27.93705981]
scheduled_ues:  [ 0  1  3  4  5  6  7  8  9 10 11 12 13 14]
(1, 15, 1, 4, 1, 1)
caused INR: -15.548925780795852
TpsRandomic + IndividualEstimated_INR + -12.5
None
ls_gain_coeffs:
[-129.75491871 -124.42753074 -114.61853205 -124.06130954 -138.56571883
 -135.58784796 -131.48171202 -137.86912368 -128.83812309 -122.80538687
 -129.88455346 -143.65925252 -139.23703722 -137.43284667 -126.77269391]
inrs_hat:  [-18.76521867 -13.4378307   -3.62883201 -13.0716095  -27.57601879
 -24.59814792 -20.49201197 -26.87942364 -17.84842305 -11.81568683
 -18.89485342 -32.66955248 -28.24733717 -26.44314662 -15.78299386]
scheduled_ues:  [ 0  1  3  4  5  6  7  8 10 11 12 13 14]
(1, 15, 1, 4, 1, 1)
caused INR: -10.877395612185623
TpsRandomic + IndividualEstimated_INR + -15.0
None
ls_gain_coeffs:
[-132.80768881 -125.24104242 -124.40011187 -124.06130954 -121.93232996
 -133.50126804 -143.55077861 -148.78798562 -126.13363706 -136.80813048
 -146.47481046 -130.91331161 -150.9800882  -128.59822207 -126.62892688]
inrs_hat:  [-21.81798877 -14.25134237 -13.41041182 -13.0716095  -10.94262992
 -22.51156799 -32.56107857 -37.79828558 -15.14393701 -25.81843044
 -35.48511042 -19.92361157 -39.99038816 -17.60852203 -15.63922684]
scheduled_ues:  [ 0  5  6  7  8  9 10 11 12 13 14]
(1, 15, 1, 4, 1, 1)
caused INR: -12.588191792149779
TpsRandomic + CumulativeIndividualEstimated_INR + -10.0
None
(1, 15, 1, 4, 1, 1)
caused INR: -14.071868251247857
TpsRandomic + CumulativeIndividualEstimated_INR + -12.5
None
(1, 15, 1, 4, 1, 1)
caused INR: -13.111557354258313
TpsRandomic + CumulativeIndividualEstimated_INR + -15.0
None
(1, 15, 1, 4, 1, 1)
caused INR: -19.596921015226133
Iteration number 88
TpsAltruisticFromLsfGain + IndividualEstimated_INR + -10.0
None
ls_gain_coeffs:
[-148.85536872 -143.29731702 -143.8426984  -116.72141639 -126.57457295
 -138.68200952 -120.74416802 -127.65532807 -143.89118379 -143.91100137
 -141.78658975 -140.03652062 -142.54857907 -137.34506647 -133.19581014]
inrs_hat:  [-37.86566868 -32.30761697 -32.85299835  -5.73171635 -15.58487291
 -27.69230947  -9.75446798 -16.66562802 -32.90148375 -32.92130133
 -30.79688971 -29.04682057 -31.55887903 -26.35536643 -22.2061101 ]
scheduled_ues:  [ 0  1  2  4  5  7  8  9 10 11 12 13 14]
(1, 15, 1, 4, 1, 1)
caused INR: -14.070417623679825
TpsAltruisticFromLsfGain + IndividualEstimated_INR + -12.5
None
ls_gain_coeffs:
[-148.85536872 -143.29731702 -143.8426984  -116.72141639 -126.57457295
 -138.68200952 -120.74416802 -127.65532807 -143.89118379 -143.91100137
 -141.78658975 -140.03652062 -142.54857907 -137.34506647 -133.19581014]
inrs_hat:  [-37.86566868 -32.30761697 -32.85299835  -5.73171635 -15.58487291
 -27.69230947  -9.75446798 -16.66562802 -32.90148375 -32.92130133
 -30.79688971 -29.04682057 -31.55887903 -26.35536643 -22.2061101 ]
scheduled_ues:  [ 0  1  2  4  5  7  8  9 10 11 12 13 14]
(1, 15, 1, 4, 1, 1)
caused INR: -14.070417623679825
TpsAltruisticFromLsfGain + IndividualEstimated_INR + -15.0
None
ls_gain_coeffs:
[-148.85536872 -143.29731702 -143.8426984  -116.72141639 -126.57457295
 -138.68200952 -120.74416802 -127.65532807 -143.89118379 -143.91100137
 -141.78658975 -140.03652062 -142.54857907 -137.34506647 -133.19581014]
inrs_hat:  [-37.86566868 -32.30761697 -32.85299835  -5.73171635 -15.58487291
 -27.69230947  -9.75446798 -16.66562802 -32.90148375 -32.92130133
 -30.79688971 -29.04682057 -31.55887903 -26.35536643 -22.2061101 ]
scheduled_ues:  [ 0  1  2  4  5  7  8  9 10 11 12 13 14]
(1, 15, 1, 4, 1, 1)
caused INR: -14.070417623679825
TpsAltruisticFromLsfGain + CumulativeIndividualEstimated_INR + -10.0
None
(1, 15, 1, 4, 1, 1)
caused INR: -14.070417623679825
TpsAltruisticFromLsfGain + CumulativeIndividualEstimated_INR + -12.5
None
(1, 15, 1, 4, 1, 1)
caused INR: -14.780692926741057
TpsAltruisticFromLsfGain + CumulativeIndividualEstimated_INR + -15.0
None
(1, 15, 1, 4, 1, 1)
caused INR: -15.865280801840271
TpsRandomic + IndividualEstimated_INR + -10.0
None
ls_gain_coeffs:
[-140.38962974 -129.78093997 -143.8426984  -102.71117952 -108.84390502
 -121.55293675 -105.57002645 -117.27252537 -130.60324846 -143.91100137
 -124.80481459 -123.12682469 -129.59340117 -123.26819096 -119.36830195]
inrs_hat:  [-29.3999297  -18.79123992 -32.85299835   8.27852052   2.14579502
 -10.56323671   5.41967359  -6.28282533 -19.61354842 -32.92130133
 -13.81511455 -12.13712464 -18.60370112 -12.27849091  -8.3786019 ]
scheduled_ues:  [ 0  1  2  5  8  9 10 11 12 13]
(1, 15, 1, 4, 1, 1)
caused INR: -9.919635774032393
TpsRandomic + IndividualEstimated_INR + -12.5
None
ls_gain_coeffs:
[-140.38962974 -129.78093997 -127.27242554 -107.01735872 -108.84390502
 -126.90658555 -112.54654331 -110.70669905 -130.60324846 -127.20880389
 -131.10728421 -128.74226364 -142.54857907 -121.63291544 -125.10153684]
inrs_hat:  [-29.3999297  -18.79123992 -16.2827255    3.97234132   2.14579502
 -15.9168855   -1.55684327   0.28300099 -19.61354842 -16.21910384
 -20.11758416 -17.75256359 -31.55887903 -10.6432154  -14.11183679]
scheduled_ues:  [ 0  1  2  5  8  9 10 11 12 14]
(1, 15, 1, 4, 1, 1)
caused INR: -18.252792025542238
TpsRandomic + IndividualEstimated_INR + -15.0
None
ls_gain_coeffs:
[-140.38962974 -136.31874321 -136.57736507  -98.64346912 -111.76086511
 -126.90658555 -112.54654331 -127.65532807 -136.37966082 -127.20880389
 -141.78658975 -128.74226364 -125.70608357 -121.63291544 -125.10153684]
inrs_hat:  [-29.3999297  -25.32904316 -25.58766503  12.34623092  -0.77116506
 -15.9168855   -1.55684327 -16.66562802 -25.38996077 -16.21910384
 -30.79688971 -17.75256359 -14.71638352 -10.6432154  -14.11183679]
scheduled_ues:  [ 0  1  2  5  7  8  9 10 11]
(1, 15, 1, 4, 1, 1)
caused INR: -16.606522583443017
TpsRandomic + CumulativeIndividualEstimated_INR + -10.0
None
(1, 15, 1, 4, 1, 1)
caused INR: -26.838791037820428
TpsRandomic + CumulativeIndividualEstimated_INR + -12.5
None
(1, 15, 1, 4, 1, 1)
caused INR: -10.34842500035914
TpsRandomic + CumulativeIndividualEstimated_INR + -15.0
None
(1, 15, 1, 4, 1, 1)
caused INR: -10.668435260623472
Iteration number 89
TpsAltruisticFromLsfGain + IndividualEstimated_INR + -10.0
None
ls_gain_coeffs:
[-146.74743709 -143.77465456 -135.18113547 -135.84644126 -143.87775537
 -124.76104436 -127.48501879 -133.73632584 -136.17865472 -138.88071942
 -128.95680956 -131.89299933 -136.01738968 -132.03282404 -132.72787496]
inrs_hat:  [-35.75773704 -32.78495452 -24.19143542 -24.85674122 -32.88805533
 -13.77134431 -16.49531875 -22.7466258  -25.18895468 -27.89101938
 -17.96710952 -20.90329929 -25.02768964 -21.043124   -21.73817492]
scheduled_ues:  [ 0  1  2  3  4  5  6  7  8  9 10 11 12 13 14]
(1, 15, 1, 4, 1, 1)
caused INR: -9.065188626080975
TpsAltruisticFromLsfGain + IndividualEstimated_INR + -12.5
None
ls_gain_coeffs:
[-146.74743709 -143.77465456 -135.18113547 -135.84644126 -143.87775537
 -124.76104436 -127.48501879 -133.73632584 -136.17865472 -138.88071942
 -128.95680956 -131.89299933 -136.01738968 -132.03282404 -132.72787496]
inrs_hat:  [-35.75773704 -32.78495452 -24.19143542 -24.85674122 -32.88805533
 -13.77134431 -16.49531875 -22.7466258  -25.18895468 -27.89101938
 -17.96710952 -20.90329929 -25.02768964 -21.043124   -21.73817492]
scheduled_ues:  [ 0  1  2  3  4  5  6  7  8  9 10 11 12 13 14]
(1, 15, 1, 4, 1, 1)
caused INR: -9.065188626080975
TpsAltruisticFromLsfGain + IndividualEstimated_INR + -15.0
None
ls_gain_coeffs:
[-146.74743709 -143.77465456 -135.18113547 -135.84644126 -143.87775537
 -124.76104436 -127.48501879 -133.73632584 -136.17865472 -138.88071942
 -128.95680956 -131.89299933 -136.01738968 -132.03282404 -132.72787496]
inrs_hat:  [-35.75773704 -32.78495452 -24.19143542 -24.85674122 -32.88805533
 -13.77134431 -16.49531875 -22.7466258  -25.18895468 -27.89101938
 -17.96710952 -20.90329929 -25.02768964 -21.043124   -21.73817492]
scheduled_ues:  [ 0  1  2  3  4  6  7  8  9 10 11 12 13 14]
(1, 15, 1, 4, 1, 1)
caused INR: -18.79506347275777
TpsAltruisticFromLsfGain + CumulativeIndividualEstimated_INR + -10.0
None
(1, 15, 1, 4, 1, 1)
caused INR: -18.79506347275777
TpsAltruisticFromLsfGain + CumulativeIndividualEstimated_INR + -12.5
None
(1, 15, 1, 4, 1, 1)
caused INR: -12.599053275899095
TpsAltruisticFromLsfGain + CumulativeIndividualEstimated_INR + -15.0
None
(1, 15, 1, 4, 1, 1)
caused INR: -14.086777532632038
TpsRandomic + IndividualEstimated_INR + -10.0
None
ls_gain_coeffs:
[-133.62103731 -143.77465456 -118.24646779 -135.84644126 -143.87775537
 -110.84260632 -114.3317026  -120.74244918 -119.40306819 -138.88071942
 -116.66813448 -126.24917549 -127.01957985 -120.03474158 -121.91585655]
inrs_hat:  [-22.63133727 -32.78495452  -7.25676774 -24.85674122 -32.88805533
   0.14709372  -3.34200255  -9.75274914  -8.41336814 -27.89101938
  -5.67843443 -15.25947545 -16.02987981  -9.04504154 -10.92615651]
scheduled_ues:  [ 0  1  3  4  9 11 12 14]
(1, 15, 1, 4, 1, 1)
caused INR: -14.386037060493207
TpsRandomic + IndividualEstimated_INR + -12.5
None
ls_gain_coeffs:
[-130.20888601 -130.0899156  -135.18113547 -135.84644126 -143.87775537
 -109.36576829 -125.3498702  -133.73632584 -136.17865472 -138.88071942
 -112.0754896  -115.6888501  -119.36646158 -132.03282404 -115.89299382]
inrs_hat:  [-19.21918597 -19.10021555 -24.19143542 -24.85674122 -32.88805533
   1.62393175 -14.36017016 -22.7466258  -25.18895468 -27.89101938
  -1.08578956  -4.69915006  -8.37676154 -21.043124    -4.90329378]
scheduled_ues:  [ 0  1  2  3  4  6  7  8  9 13]
(1, 15, 1, 4, 1, 1)
caused INR: -11.847161628040581
TpsRandomic + IndividualEstimated_INR + -15.0
None
ls_gain_coeffs:
[-139.23833471 -143.77465456 -118.24646779 -124.81665354 -132.5525374
 -110.84260632 -114.3317026  -120.74244918 -122.71236902 -124.22542905
 -112.0754896  -117.57012472 -119.36646158 -132.03282404 -115.89299382]
inrs_hat:  [-28.24863467 -32.78495452  -7.25676774 -13.8269535  -21.56283736
   0.14709372  -3.34200255  -9.75274914 -11.72266898 -13.23572901
  -1.08578956  -6.58042467  -8.37676154 -21.043124    -4.90329378]
scheduled_ues:  [ 0  1  4 13]
(1, 15, 1, 4, 1, 1)
caused INR: -15.099817315242493
TpsRandomic + CumulativeIndividualEstimated_INR + -10.0
None
(1, 15, 1, 4, 1, 1)
caused INR: -14.357781694347935
TpsRandomic + CumulativeIndividualEstimated_INR + -12.5
None
(1, 15, 1, 4, 1, 1)
caused INR: -25.721859277123773
TpsRandomic + CumulativeIndividualEstimated_INR + -15.0
None
(1, 15, 1, 4, 1, 1)
caused INR: -20.51566540923691
Iteration number 90
TpsAltruisticFromLsfGain + IndividualEstimated_INR + -10.0
None
ls_gain_coeffs:
[-133.79847242 -136.85793618 -141.23227368 -134.2535166  -133.30508113
 -145.11174072 -145.32834942 -139.47092362 -137.09135835 -130.12681136
 -117.88248145 -144.53140566 -149.27374659 -145.44125734 -132.43988411]
inrs_hat:  [-22.80877238 -25.86823614 -30.24257363 -23.26381655 -22.31538108
 -34.12204068 -34.33864938 -28.48122357 -26.10165831 -19.13711131
  -6.89278141 -33.54170562 -38.28404655 -34.45155729 -21.45018407]
scheduled_ues:  [ 0  1  2  3  4  5  6  7  8  9 11 12 13 14]
(1, 15, 1, 4, 1, 1)
caused INR: -12.543198852460575
TpsAltruisticFromLsfGain + IndividualEstimated_INR + -12.5
None
ls_gain_coeffs:
[-133.79847242 -136.85793618 -141.23227368 -134.2535166  -133.30508113
 -145.11174072 -145.32834942 -139.47092362 -137.09135835 -130.12681136
 -117.88248145 -144.53140566 -149.27374659 -145.44125734 -132.43988411]
inrs_hat:  [-22.80877238 -25.86823614 -30.24257363 -23.26381655 -22.31538108
 -34.12204068 -34.33864938 -28.48122357 -26.10165831 -19.13711131
  -6.89278141 -33.54170562 -38.28404655 -34.45155729 -21.45018407]
scheduled_ues:  [ 0  1  2  3  4  5  6  7  8  9 11 12 13 14]
(1, 15, 1, 4, 1, 1)
caused INR: -12.543198852460575
TpsAltruisticFromLsfGain + IndividualEstimated_INR + -15.0
None
ls_gain_coeffs:
[-133.79847242 -136.85793618 -141.23227368 -134.2535166  -133.30508113
 -145.11174072 -145.32834942 -139.47092362 -137.09135835 -130.12681136
 -117.88248145 -144.53140566 -149.27374659 -145.44125734 -132.43988411]
inrs_hat:  [-22.80877238 -25.86823614 -30.24257363 -23.26381655 -22.31538108
 -34.12204068 -34.33864938 -28.48122357 -26.10165831 -19.13711131
  -6.89278141 -33.54170562 -38.28404655 -34.45155729 -21.45018407]
scheduled_ues:  [ 0  1  2  3  4  5  6  7  8  9 11 12 13 14]
(1, 15, 1, 4, 1, 1)
caused INR: -12.543198852460575
TpsAltruisticFromLsfGain + CumulativeIndividualEstimated_INR + -10.0
None
(1, 15, 1, 4, 1, 1)
caused INR: -12.543198852460575
TpsAltruisticFromLsfGain + CumulativeIndividualEstimated_INR + -12.5
None
(1, 15, 1, 4, 1, 1)
caused INR: -12.543198852460575
TpsAltruisticFromLsfGain + CumulativeIndividualEstimated_INR + -15.0
None
(1, 15, 1, 4, 1, 1)
caused INR: -13.421270459696832
TpsRandomic + IndividualEstimated_INR + -10.0
None
ls_gain_coeffs:
[-117.12919958 -133.20891989 -141.23227368 -134.2535166  -123.03586088
 -129.02297438 -129.91536704 -123.042774   -124.43630496 -113.49826359
 -104.54857296 -130.76063651 -133.29942819 -128.84734962 -116.11588023]
inrs_hat:  [ -6.13949953 -22.21921985 -30.24257363 -23.26381655 -12.04616084
 -18.03327434 -18.92566699 -12.05307396 -13.44660492  -2.50856355
   6.44112708 -19.77093647 -22.30972815 -17.85764958  -5.12618019]
scheduled_ues:  [ 1  2  3  4  5  6  7  8 11 12 13]
(1, 15, 1, 4, 1, 1)
caused INR: -14.062273344123835
TpsRandomic + IndividualEstimated_INR + -12.5
None
ls_gain_coeffs:
[-133.79847242 -123.19999742 -127.09336184 -121.24677027 -116.54595845
 -139.47579833 -129.91536704 -139.47092362 -124.43630496 -113.49826359
 -115.20555598 -144.53140566 -133.29942819 -145.44125734 -116.11588023]
inrs_hat:  [-22.80877238 -12.21029737 -16.1036618  -10.25707023  -5.5562584
 -28.48609828 -18.92566699 -28.48122357 -13.44660492  -2.50856355
  -4.21585593 -33.54170562 -22.30972815 -34.45155729  -5.12618019]
scheduled_ues:  [ 0  2  5  6  7  8 11 12 13]
(1, 15, 1, 4, 1, 1)
caused INR: -12.175187998234554
TpsRandomic + IndividualEstimated_INR + -15.0
None
ls_gain_coeffs:
[-133.79847242 -123.19999742 -141.23227368 -124.5903245  -116.54595845
 -139.47579833 -140.87127584 -132.10039481 -137.09135835 -117.05519953
 -104.54857296 -144.53140566 -135.10182964 -137.57657327 -126.08168832]
inrs_hat:  [-22.80877238 -12.21029737 -30.24257363 -13.60062446  -5.5562584
 -28.48609828 -29.8815758  -21.11069477 -26.10165831  -6.06549948
   6.44112708 -33.54170562 -24.1121296  -26.58687322 -15.09198828]
scheduled_ues:  [ 0  2  5  6  7  8 11 12 13 14]
(1, 15, 1, 4, 1, 1)
caused INR: -7.04980346313631
TpsRandomic + CumulativeIndividualEstimated_INR + -10.0
None
(1, 15, 1, 4, 1, 1)
caused INR: -8.271911742334213
TpsRandomic + CumulativeIndividualEstimated_INR + -12.5
None
(1, 15, 1, 4, 1, 1)
caused INR: -14.682170365053942
TpsRandomic + CumulativeIndividualEstimated_INR + -15.0
None
(1, 15, 1, 4, 1, 1)
caused INR: -19.863169656262748
Iteration number 91
TpsAltruisticFromLsfGain + IndividualEstimated_INR + -10.0
None
ls_gain_coeffs:
[-132.22343255 -133.7077402  -141.20231033 -137.50786887 -132.76884204
 -143.90253476 -134.15260478 -145.10515928 -151.39154615 -138.57094538
 -146.85689661 -139.19455873 -144.24069968 -144.70174237 -136.67677882]
inrs_hat:  [-21.2337325  -22.71804016 -30.21261029 -26.51816883 -21.779142
 -32.91283471 -23.16290473 -34.11545924 -40.40184611 -27.58124534
 -35.86719656 -28.20485869 -33.25099964 -33.71204233 -25.68707878]
scheduled_ues:  [ 0  1  2  3  4  5  6  7  8  9 10 11 12 13 14]
(1, 15, 1, 4, 1, 1)
caused INR: -21.421379494710816
TpsAltruisticFromLsfGain + IndividualEstimated_INR + -12.5
None
ls_gain_coeffs:
[-132.22343255 -133.7077402  -141.20231033 -137.50786887 -132.76884204
 -143.90253476 -134.15260478 -145.10515928 -151.39154615 -138.57094538
 -146.85689661 -139.19455873 -144.24069968 -144.70174237 -136.67677882]
inrs_hat:  [-21.2337325  -22.71804016 -30.21261029 -26.51816883 -21.779142
 -32.91283471 -23.16290473 -34.11545924 -40.40184611 -27.58124534
 -35.86719656 -28.20485869 -33.25099964 -33.71204233 -25.68707878]
scheduled_ues:  [ 0  1  2  3  4  5  6  7  8  9 10 11 12 13 14]
(1, 15, 1, 4, 1, 1)
caused INR: -21.421379494710816
TpsAltruisticFromLsfGain + IndividualEstimated_INR + -15.0
None
ls_gain_coeffs:
[-132.22343255 -133.7077402  -141.20231033 -137.50786887 -132.76884204
 -143.90253476 -134.15260478 -145.10515928 -151.39154615 -138.57094538
 -146.85689661 -139.19455873 -144.24069968 -144.70174237 -136.67677882]
inrs_hat:  [-21.2337325  -22.71804016 -30.21261029 -26.51816883 -21.779142
 -32.91283471 -23.16290473 -34.11545924 -40.40184611 -27.58124534
 -35.86719656 -28.20485869 -33.25099964 -33.71204233 -25.68707878]
scheduled_ues:  [ 0  1  2  3  4  5  6  7  8  9 10 11 12 13 14]
(1, 15, 1, 4, 1, 1)
caused INR: -21.421379494710816
TpsAltruisticFromLsfGain + CumulativeIndividualEstimated_INR + -10.0
None
(1, 15, 1, 4, 1, 1)
caused INR: -21.421379494710816
TpsAltruisticFromLsfGain + CumulativeIndividualEstimated_INR + -12.5
None
(1, 15, 1, 4, 1, 1)
caused INR: -21.421379494710816
TpsAltruisticFromLsfGain + CumulativeIndividualEstimated_INR + -15.0
None
(1, 15, 1, 4, 1, 1)
caused INR: -18.47384466396941
TpsRandomic + IndividualEstimated_INR + -10.0
None
ls_gain_coeffs:
[-115.59158544 -133.7077402  -141.20231033 -123.49615882 -132.76884204
 -140.24899689 -134.15260478 -131.9588063  -134.86270535 -122.59839497
 -138.7012779  -139.19455873 -127.405305   -144.70174237 -120.16023763]
inrs_hat:  [ -4.6018854  -22.71804016 -30.21261029 -12.50645878 -21.779142
 -29.25929685 -23.16290473 -20.96910626 -23.8730053  -11.60869493
 -27.71157786 -28.20485869 -16.41560496 -33.71204233  -9.17053759]
scheduled_ues:  [ 1  2  3  4  5  6  7  8  9 10 11 12 13]
(1, 15, 1, 4, 1, 1)
caused INR: -18.701244145876394
TpsRandomic + IndividualEstimated_INR + -12.5
None
ls_gain_coeffs:
[-132.22343255 -133.7077402  -124.10885984 -137.50786887 -115.52315554
 -140.24899689 -121.20545346 -132.31118279 -134.86270535 -124.38048756
 -130.26896527 -130.63518282 -133.78886926 -128.12545078 -120.16023763]
inrs_hat:  [-21.2337325  -22.71804016 -13.1191598  -26.51816883  -4.5334555
 -29.25929685 -10.21575341 -21.32148275 -23.8730053  -13.39078752
 -19.27926522 -19.64548278 -22.79916921 -17.13575074  -9.17053759]
scheduled_ues:  [ 0  1  2  3  5  7  8  9 10 11 12 13]
(1, 15, 1, 4, 1, 1)
caused INR: -7.394657680132569
TpsRandomic + IndividualEstimated_INR + -15.0
None
ls_gain_coeffs:
[-118.82279862 -133.7077402  -141.20231033 -123.49615882 -124.10232043
 -129.02524285 -120.69990214 -145.10515928 -139.14002211 -124.38048756
 -130.26896527 -130.63518282 -144.24069968 -128.12545078 -136.67677882]
inrs_hat:  [ -7.83309858 -22.71804016 -30.21261029 -12.50645878 -13.11262039
 -18.0355428   -9.7102021  -34.11545924 -28.15032207 -13.39078752
 -19.27926522 -19.64548278 -33.25099964 -17.13575074 -25.68707878]
scheduled_ues:  [ 1  2  5  7  8 10 11 12 13 14]
(1, 15, 1, 4, 1, 1)
caused INR: -16.054428344263222
TpsRandomic + CumulativeIndividualEstimated_INR + -10.0
None
(1, 15, 1, 4, 1, 1)
caused INR: -15.051832700040034
TpsRandomic + CumulativeIndividualEstimated_INR + -12.5
None
(1, 15, 1, 4, 1, 1)
caused INR: -37.54855084769485
TpsRandomic + CumulativeIndividualEstimated_INR + -15.0
None
(1, 15, 1, 4, 1, 1)
caused INR: -25.640114118830567
Iteration number 92
TpsAltruisticFromLsfGain + IndividualEstimated_INR + -10.0
None
ls_gain_coeffs:
[-148.23297221 -131.16054829 -132.99313535 -135.69672027 -149.1958064
 -132.32558107 -136.1074647  -142.78050042 -141.04983005 -138.62083239
 -149.80727697 -136.42145668 -136.91641523 -121.8997503  -149.39280518]
inrs_hat:  [-37.24327216 -20.17084825 -22.00343531 -24.70702023 -38.20610635
 -21.33588103 -25.11776466 -31.79080038 -30.06013    -27.63113235
 -38.81757692 -25.43175664 -25.92671519 -10.91005025 -38.40310514]
scheduled_ues:  [ 0  1  2  3  4  5  6  7  8  9 10 11 12 13 14]
(1, 15, 1, 4, 1, 1)
caused INR: -7.302391523814274
TpsAltruisticFromLsfGain + IndividualEstimated_INR + -12.5
None
ls_gain_coeffs:
[-148.23297221 -131.16054829 -132.99313535 -135.69672027 -149.1958064
 -132.32558107 -136.1074647  -142.78050042 -141.04983005 -138.62083239
 -149.80727697 -136.42145668 -136.91641523 -121.8997503  -149.39280518]
inrs_hat:  [-37.24327216 -20.17084825 -22.00343531 -24.70702023 -38.20610635
 -21.33588103 -25.11776466 -31.79080038 -30.06013    -27.63113235
 -38.81757692 -25.43175664 -25.92671519 -10.91005025 -38.40310514]
scheduled_ues:  [ 0  1  2  3  4  5  6  7  8  9 10 11 12 14]
(1, 15, 1, 4, 1, 1)
caused INR: -7.189227714614002
TpsAltruisticFromLsfGain + IndividualEstimated_INR + -15.0
None
ls_gain_coeffs:
[-148.23297221 -131.16054829 -132.99313535 -135.69672027 -149.1958064
 -132.32558107 -136.1074647  -142.78050042 -141.04983005 -138.62083239
 -149.80727697 -136.42145668 -136.91641523 -121.8997503  -149.39280518]
inrs_hat:  [-37.24327216 -20.17084825 -22.00343531 -24.70702023 -38.20610635
 -21.33588103 -25.11776466 -31.79080038 -30.06013    -27.63113235
 -38.81757692 -25.43175664 -25.92671519 -10.91005025 -38.40310514]
scheduled_ues:  [ 0  1  2  3  4  5  6  7  8  9 10 11 12 14]
(1, 15, 1, 4, 1, 1)
caused INR: -7.189227714614002
TpsAltruisticFromLsfGain + CumulativeIndividualEstimated_INR + -10.0
None
(1, 15, 1, 4, 1, 1)
caused INR: -7.189227714614002
TpsAltruisticFromLsfGain + CumulativeIndividualEstimated_INR + -12.5
None
(1, 15, 1, 4, 1, 1)
caused INR: -7.189227714614002
TpsAltruisticFromLsfGain + CumulativeIndividualEstimated_INR + -15.0
None
(1, 15, 1, 4, 1, 1)
caused INR: -10.31780130937032
TpsRandomic + IndividualEstimated_INR + -10.0
None
ls_gain_coeffs:
[-137.53684669 -131.16054829 -132.64736887 -121.75479025 -149.1958064
 -118.73545492 -124.01903391 -140.99593518 -124.22865529 -124.19779777
 -140.92047903 -122.08848271 -120.27918303 -108.0824421  -149.39280518]
inrs_hat:  [-26.54714665 -20.17084825 -21.65766883 -10.7650902  -38.20610635
  -7.74575487 -13.02933387 -30.00623514 -13.23895524 -13.20809773
 -29.93077899 -11.09878267  -9.28948299   2.90725794 -38.40310514]
scheduled_ues:  [ 0  1  2  3  4  6  7  8  9 10 11 14]
(1, 15, 1, 4, 1, 1)
caused INR: -8.748036631153974
TpsRandomic + IndividualEstimated_INR + -12.5
None
ls_gain_coeffs:
[-148.23297221 -131.16054829 -132.64736887 -129.06196074 -140.34639881
 -118.73545492 -126.84157642 -142.78050042 -129.96404759 -125.18851508
 -140.92047903 -122.08848271 -129.26359403 -106.70673391 -134.24776746]
inrs_hat:  [-37.24327216 -20.17084825 -21.65766883 -18.07226069 -29.35669877
  -7.74575487 -15.85187638 -31.79080038 -18.97434755 -14.19881504
 -29.93077899 -11.09878267 -18.27389399   4.28296613 -23.25806742]
scheduled_ues:  [ 0  1  2  3  4  6  7  8  9 10 12 14]
(1, 15, 1, 4, 1, 1)
caused INR: -14.750242130846988
TpsRandomic + IndividualEstimated_INR + -15.0
None
ls_gain_coeffs:
[-131.39582816 -118.06871602 -132.99313535 -135.69672027 -132.60637517
 -115.89168686 -124.01903391 -129.14919026 -124.22865529 -125.18851508
 -140.92047903 -136.42145668 -136.91641523 -121.8997503  -145.3376486 ]
inrs_hat:  [-20.40612812  -7.07901597 -22.00343531 -24.70702023 -21.61667513
  -4.90198682 -13.02933387 -18.15949022 -13.23895524 -14.19881504
 -29.93077899 -25.43175664 -25.92671519 -10.91005025 -34.34794856]
scheduled_ues:  [ 0  2  3  4  7 10 11 12 14]
(1, 15, 1, 4, 1, 1)
caused INR: -8.033890884518563
TpsRandomic + CumulativeIndividualEstimated_INR + -10.0
None
(1, 15, 1, 4, 1, 1)
caused INR: -13.714371833892669
TpsRandomic + CumulativeIndividualEstimated_INR + -12.5
None
(1, 15, 1, 4, 1, 1)
caused INR: -21.72776167131976
TpsRandomic + CumulativeIndividualEstimated_INR + -15.0
None
(1, 15, 1, 4, 1, 1)
caused INR: -23.781592915281205
Iteration number 93
TpsAltruisticFromLsfGain + IndividualEstimated_INR + -10.0
None
ls_gain_coeffs:
[-138.93403036 -132.12863591 -146.88834398 -144.57761363 -136.3812909
 -146.15650787 -145.99504779 -150.14432578 -146.93269162 -142.6341315
 -147.5813187  -138.73797782 -147.87160075 -148.71062537 -123.13577381]
inrs_hat:  [-27.94433032 -21.13893586 -35.89864394 -33.58791359 -25.39159086
 -35.16680782 -35.00534775 -39.15462574 -35.94299157 -31.64443146
 -36.59161865 -27.74827778 -36.88190071 -37.72092533 -12.14607377]
scheduled_ues:  [ 0  1  2  3  4  5  6  7  8  9 10 11 12 13 14]
(1, 15, 1, 4, 1, 1)
caused INR: -7.463702885848459
TpsAltruisticFromLsfGain + IndividualEstimated_INR + -12.5
None
ls_gain_coeffs:
[-138.93403036 -132.12863591 -146.88834398 -144.57761363 -136.3812909
 -146.15650787 -145.99504779 -150.14432578 -146.93269162 -142.6341315
 -147.5813187  -138.73797782 -147.87160075 -148.71062537 -123.13577381]
inrs_hat:  [-27.94433032 -21.13893586 -35.89864394 -33.58791359 -25.39159086
 -35.16680782 -35.00534775 -39.15462574 -35.94299157 -31.64443146
 -36.59161865 -27.74827778 -36.88190071 -37.72092533 -12.14607377]
scheduled_ues:  [ 0  1  2  3  4  5  6  7  8  9 10 11 12 13]
(1, 15, 1, 4, 1, 1)
caused INR: -21.85326744787284
TpsAltruisticFromLsfGain + IndividualEstimated_INR + -15.0
None
ls_gain_coeffs:
[-138.93403036 -132.12863591 -146.88834398 -144.57761363 -136.3812909
 -146.15650787 -145.99504779 -150.14432578 -146.93269162 -142.6341315
 -147.5813187  -138.73797782 -147.87160075 -148.71062537 -123.13577381]
inrs_hat:  [-27.94433032 -21.13893586 -35.89864394 -33.58791359 -25.39159086
 -35.16680782 -35.00534775 -39.15462574 -35.94299157 -31.64443146
 -36.59161865 -27.74827778 -36.88190071 -37.72092533 -12.14607377]
scheduled_ues:  [ 0  1  2  3  4  5  6  7  8  9 10 11 12 13]
(1, 15, 1, 4, 1, 1)
caused INR: -21.85326744787284
TpsAltruisticFromLsfGain + CumulativeIndividualEstimated_INR + -10.0
None
(1, 15, 1, 4, 1, 1)
caused INR: -7.463702885848459
TpsAltruisticFromLsfGain + CumulativeIndividualEstimated_INR + -12.5
None
(1, 15, 1, 4, 1, 1)
caused INR: -21.85326744787284
TpsAltruisticFromLsfGain + CumulativeIndividualEstimated_INR + -15.0
None
(1, 15, 1, 4, 1, 1)
caused INR: -21.85326744787284
TpsRandomic + IndividualEstimated_INR + -10.0
None
ls_gain_coeffs:
[-126.15179028 -121.44267497 -133.2224395  -131.34990949 -126.19136124
 -129.64242973 -132.71544907 -142.19241396 -142.24036467 -126.13717883
 -130.91360904 -136.69490219 -131.37863826 -134.75290389 -107.9463959 ]
inrs_hat:  [-15.16209023 -10.45297492 -22.23273946 -20.36020944 -15.2016612
 -18.65272969 -21.72574903 -31.20271392 -31.25066462 -15.14747879
 -19.923909   -25.70520215 -20.38893821 -23.76320385   3.04330415]
scheduled_ues:  [ 0  1  2  3  4  5  6  7  8  9 10 11 12 13]
(1, 15, 1, 4, 1, 1)
caused INR: -12.149164793997208
TpsRandomic + IndividualEstimated_INR + -12.5
None
ls_gain_coeffs:
[-137.91211011 -114.46916522 -140.38352968 -137.01442518 -124.40577986
 -132.72443654 -138.57695218 -142.19241396 -146.93269162 -129.0244991
 -130.91360904 -138.73797782 -131.37863826 -132.56570128 -107.9463959 ]
inrs_hat:  [-26.92241006  -3.47946517 -29.39382964 -26.02472514 -13.41607982
 -21.7347365  -27.58725214 -31.20271392 -35.94299157 -18.03479906
 -19.923909   -27.74827778 -20.38893821 -21.57600124   3.04330415]
scheduled_ues:  [ 0  2  3  4  5  6  7  8  9 10 11 12 13]
(1, 15, 1, 4, 1, 1)
caused INR: -8.033336563876368
TpsRandomic + IndividualEstimated_INR + -15.0
None
ls_gain_coeffs:
[-125.81115019 -114.46916522 -133.2224395  -137.01442518 -119.07777055
 -139.00202292 -138.57695218 -142.19241396 -132.92698263 -135.69145856
 -138.92110718 -138.73797782 -139.73327038 -132.56570128 -107.9463959 ]
inrs_hat:  [-14.82145015  -3.47946517 -22.23273946 -26.02472514  -8.08807051
 -28.01232288 -27.58725214 -31.20271392 -21.93728259 -24.70175851
 -27.93140713 -27.74827778 -28.74357034 -21.57600124   3.04330415]
scheduled_ues:  [ 2  3  5  6  7  8  9 10 11 12 13]
(1, 15, 1, 4, 1, 1)
caused INR: -14.435107933828203
TpsRandomic + CumulativeIndividualEstimated_INR + -10.0
None
(1, 15, 1, 4, 1, 1)
caused INR: -8.682410043650542
TpsRandomic + CumulativeIndividualEstimated_INR + -12.5
None
(1, 15, 1, 4, 1, 1)
caused INR: -7.944895826832171
TpsRandomic + CumulativeIndividualEstimated_INR + -15.0
None
(1, 15, 1, 4, 1, 1)
caused INR: -23.490635905560072
Iteration number 94
TpsAltruisticFromLsfGain + IndividualEstimated_INR + -10.0
None
ls_gain_coeffs:
[-149.57426397 -146.06097723 -138.97062509 -146.94109342 -149.62232369
 -135.49746378 -139.92564414 -147.41697162 -135.02812434 -123.8396573
 -136.85393362 -127.15908398 -128.45702092 -130.95926932 -133.03933201]
inrs_hat:  [-38.58456392 -35.07127719 -27.98092505 -35.95139337 -38.63262365
 -24.50776374 -28.93594409 -36.42727157 -24.0384243  -12.84995726
 -25.86423358 -16.16938394 -17.46732088 -19.96956928 -22.04963196]
scheduled_ues:  [ 0  1  2  3  4  5  6  7  8  9 10 11 12 13 14]
(1, 15, 1, 4, 1, 1)
caused INR: -17.205713612523493
TpsAltruisticFromLsfGain + IndividualEstimated_INR + -12.5
None
ls_gain_coeffs:
[-149.57426397 -146.06097723 -138.97062509 -146.94109342 -149.62232369
 -135.49746378 -139.92564414 -147.41697162 -135.02812434 -123.8396573
 -136.85393362 -127.15908398 -128.45702092 -130.95926932 -133.03933201]
inrs_hat:  [-38.58456392 -35.07127719 -27.98092505 -35.95139337 -38.63262365
 -24.50776374 -28.93594409 -36.42727157 -24.0384243  -12.84995726
 -25.86423358 -16.16938394 -17.46732088 -19.96956928 -22.04963196]
scheduled_ues:  [ 0  1  2  3  4  5  6  7  8  9 10 11 12 13 14]
(1, 15, 1, 4, 1, 1)
caused INR: -17.205713612523493
TpsAltruisticFromLsfGain + IndividualEstimated_INR + -15.0
None
ls_gain_coeffs:
[-149.57426397 -146.06097723 -138.97062509 -146.94109342 -149.62232369
 -135.49746378 -139.92564414 -147.41697162 -135.02812434 -123.8396573
 -136.85393362 -127.15908398 -128.45702092 -130.95926932 -133.03933201]
inrs_hat:  [-38.58456392 -35.07127719 -27.98092505 -35.95139337 -38.63262365
 -24.50776374 -28.93594409 -36.42727157 -24.0384243  -12.84995726
 -25.86423358 -16.16938394 -17.46732088 -19.96956928 -22.04963196]
scheduled_ues:  [ 0  1  2  3  4  5  6  7  8 10 11 12 13 14]
(1, 15, 1, 4, 1, 1)
caused INR: -15.73765609251045
TpsAltruisticFromLsfGain + CumulativeIndividualEstimated_INR + -10.0
None
(1, 15, 1, 4, 1, 1)
caused INR: -15.73765609251045
TpsAltruisticFromLsfGain + CumulativeIndividualEstimated_INR + -12.5
None
(1, 15, 1, 4, 1, 1)
caused INR: -14.738732251161984
TpsAltruisticFromLsfGain + CumulativeIndividualEstimated_INR + -15.0
None
(1, 15, 1, 4, 1, 1)
caused INR: -19.34384696186727
TpsRandomic + IndividualEstimated_INR + -10.0
None
ls_gain_coeffs:
[-149.57426397 -129.27929184 -133.7176899  -133.6087265  -139.60669876
 -131.02268868 -126.91145968 -147.41697162 -135.02812434 -122.94245602
 -136.85393362 -110.73741849 -128.45702092 -130.95926932 -130.39177832]
inrs_hat:  [-38.58456392 -18.2895918  -22.72798986 -22.61902645 -28.61699872
 -20.03298864 -15.92175963 -36.42727157 -24.0384243  -11.95275598
 -25.86423358   0.25228155 -17.46732088 -19.96956928 -19.40207827]
scheduled_ues:  [ 0  1  2  3  4  5  6  7  8  9 10 12 13 14]
(1, 15, 1, 4, 1, 1)
caused INR: -9.160523814476564
TpsRandomic + IndividualEstimated_INR + -12.5
None
ls_gain_coeffs:
[-148.22218146 -129.27929184 -124.78595426 -146.94109342 -132.83698847
 -135.49746378 -126.91145968 -147.41697162 -117.58006941 -110.79992311
 -136.85393362 -120.90916102 -117.30187879 -130.95926932 -119.71521411]
inrs_hat:  [-37.23248141 -18.2895918  -13.79625422 -35.95139337 -21.84728842
 -24.50776374 -15.92175963 -36.42727157  -6.59036936   0.18977693
 -25.86423358  -9.91946098  -6.31217875 -19.96956928  -8.72551407]
scheduled_ues:  [ 0  1  2  3  4  5  6  7 10 13]
(1, 15, 1, 4, 1, 1)
caused INR: -5.74096121267573
TpsRandomic + IndividualEstimated_INR + -15.0
None
ls_gain_coeffs:
[-149.57426397 -135.42394208 -123.03102208 -144.26879266 -138.50887818
 -120.07268038 -123.18151457 -147.41697162 -117.58006941 -110.79992311
 -136.59269388 -127.15908398 -117.30187879 -130.95926932 -130.39177832]
inrs_hat:  [-38.58456392 -24.43424203 -12.04132204 -33.27909262 -27.51917813
  -9.08298034 -12.19181452 -36.42727157  -6.59036936   0.18977693
 -25.60299384 -16.16938394  -6.31217875 -19.96956928 -19.40207827]
scheduled_ues:  [ 0  1  3  4  7 10 11 13 14]
(1, 15, 1, 4, 1, 1)
caused INR: -23.376961848285468
TpsRandomic + CumulativeIndividualEstimated_INR + -10.0
None
(1, 15, 1, 4, 1, 1)
caused INR: -11.172534388220933
TpsRandomic + CumulativeIndividualEstimated_INR + -12.5
None
(1, 15, 1, 4, 1, 1)
caused INR: -11.054625896944579
TpsRandomic + CumulativeIndividualEstimated_INR + -15.0
None
(1, 15, 1, 4, 1, 1)
caused INR: -15.37148578044728
Iteration number 95
TpsAltruisticFromLsfGain + IndividualEstimated_INR + -10.0
None
ls_gain_coeffs:
[-149.25339003 -141.34091912 -141.92186925 -125.7454481  -133.23762043
 -144.77867473 -127.40743643 -133.86155526 -145.46139121 -124.30618331
 -140.46011827 -147.87529322 -141.88811349 -141.91987693 -131.03544994]
inrs_hat:  [-38.26368998 -30.35121907 -30.93216921 -14.75574806 -22.24792039
 -33.78897468 -16.41773638 -22.87185522 -34.47169116 -13.31648327
 -29.47041822 -36.88559317 -30.89841345 -30.93017689 -20.0457499 ]
scheduled_ues:  [ 0  1  2  3  4  5  6  7  8  9 10 11 12 13 14]
(1, 15, 1, 4, 1, 1)
caused INR: -21.867263058357132
TpsAltruisticFromLsfGain + IndividualEstimated_INR + -12.5
None
ls_gain_coeffs:
[-149.25339003 -141.34091912 -141.92186925 -125.7454481  -133.23762043
 -144.77867473 -127.40743643 -133.86155526 -145.46139121 -124.30618331
 -140.46011827 -147.87529322 -141.88811349 -141.91987693 -131.03544994]
inrs_hat:  [-38.26368998 -30.35121907 -30.93216921 -14.75574806 -22.24792039
 -33.78897468 -16.41773638 -22.87185522 -34.47169116 -13.31648327
 -29.47041822 -36.88559317 -30.89841345 -30.93017689 -20.0457499 ]
scheduled_ues:  [ 0  1  2  3  4  5  6  7  8  9 10 11 12 13 14]
(1, 15, 1, 4, 1, 1)
caused INR: -21.867263058357132
TpsAltruisticFromLsfGain + IndividualEstimated_INR + -15.0
None
ls_gain_coeffs:
[-149.25339003 -141.34091912 -141.92186925 -125.7454481  -133.23762043
 -144.77867473 -127.40743643 -133.86155526 -145.46139121 -124.30618331
 -140.46011827 -147.87529322 -141.88811349 -141.91987693 -131.03544994]
inrs_hat:  [-38.26368998 -30.35121907 -30.93216921 -14.75574806 -22.24792039
 -33.78897468 -16.41773638 -22.87185522 -34.47169116 -13.31648327
 -29.47041822 -36.88559317 -30.89841345 -30.93017689 -20.0457499 ]
scheduled_ues:  [ 0  1  2  4  5  6  7  8 10 11 12 13 14]
(1, 15, 1, 4, 1, 1)
caused INR: -10.90934455780517
TpsAltruisticFromLsfGain + CumulativeIndividualEstimated_INR + -10.0
None
(1, 15, 1, 4, 1, 1)
caused INR: -24.665609492202634
TpsAltruisticFromLsfGain + CumulativeIndividualEstimated_INR + -12.5
None
(1, 15, 1, 4, 1, 1)
caused INR: -10.90934455780517
TpsAltruisticFromLsfGain + CumulativeIndividualEstimated_INR + -15.0
None
(1, 15, 1, 4, 1, 1)
caused INR: -12.705037052119774
TpsRandomic + IndividualEstimated_INR + -10.0
None
ls_gain_coeffs:
[-149.25339003 -124.29232806 -128.32878123 -125.32510194 -132.69818892
 -132.97682274 -118.77887889 -120.50667449 -132.26236352 -117.05111513
 -138.05259469 -134.04626948 -141.88811349 -125.03773918 -122.84138098]
inrs_hat:  [-38.26368998 -13.30262801 -17.33908119 -14.33540189 -21.70848888
 -21.9871227   -7.78917884  -9.51697445 -21.27266348  -6.06141508
 -27.06289465 -23.05656944 -30.89841345 -14.04803914 -11.85168094]
scheduled_ues:  [ 0  1  2  3  4  5  8 10 11 12 13 14]
(1, 15, 1, 4, 1, 1)
caused INR: -13.715705674639423
TpsRandomic + IndividualEstimated_INR + -12.5
None
ls_gain_coeffs:
[-143.75019133 -124.29232806 -128.90452524 -113.16373271 -133.23762043
 -127.96073877 -118.77887889 -117.48011957 -145.46139121 -117.05111513
 -127.21601041 -134.04626948 -130.40281214 -129.86170485 -122.84138098]
inrs_hat:  [-32.76049128 -13.30262801 -17.9148252   -2.17403267 -22.24792039
 -16.97103873  -7.78917884  -6.49041953 -34.47169116  -6.06141508
 -16.22631036 -23.05656944 -19.4131121  -18.8720048  -11.85168094]
scheduled_ues:  [ 0  1  2  4  5  8 10 11 12 13]
(1, 15, 1, 4, 1, 1)
caused INR: -5.309657503139943
TpsRandomic + IndividualEstimated_INR + -15.0
None
ls_gain_coeffs:
[-149.25339003 -124.29232806 -128.90452524 -125.32510194 -120.61620993
 -132.97682274 -114.54831637 -133.86155526 -143.18910816 -109.72033056
 -126.41350255 -134.73998135 -124.80338691 -129.86170485 -118.38221653]
inrs_hat:  [-38.26368998 -13.30262801 -17.9148252  -14.33540189  -9.62650988
 -21.9871227   -3.55861633 -22.87185522 -32.19940812   1.26936948
 -15.4238025  -23.75028131 -13.81368687 -18.8720048   -7.39251648]
scheduled_ues:  [ 0  2  5  7  8 10 11 13]
(1, 15, 1, 4, 1, 1)
caused INR: -10.03772662427685
TpsRandomic + CumulativeIndividualEstimated_INR + -10.0
None
(1, 15, 1, 4, 1, 1)
caused INR: -11.513546069869678
TpsRandomic + CumulativeIndividualEstimated_INR + -12.5
None
(1, 15, 1, 4, 1, 1)
caused INR: -11.109595120094465
TpsRandomic + CumulativeIndividualEstimated_INR + -15.0
None
(1, 15, 1, 4, 1, 1)
caused INR: -20.21203278576408
Iteration number 96
TpsAltruisticFromLsfGain + IndividualEstimated_INR + -10.0
None
ls_gain_coeffs:
[-148.84944718 -134.75134739 -139.81206053 -119.56450697 -144.556922
 -131.24774842 -126.86305525 -143.63852969 -133.54321682 -137.19843529
 -113.22952325 -138.12514289 -135.67607964 -125.90679678 -125.19131556]
inrs_hat:  [-37.85974714 -23.76164735 -28.82236049  -8.57480693 -33.56722196
 -20.25804838 -15.8733552  -32.64882964 -22.55351677 -26.20873525
  -2.23982321 -27.13544285 -24.6863796  -14.91709673 -14.20161552]
scheduled_ues:  [ 0  1  2  4  5  6  7  8  9 11 12 13 14]
(1, 15, 1, 4, 1, 1)
caused INR: -12.007326417705109
TpsAltruisticFromLsfGain + IndividualEstimated_INR + -12.5
None
ls_gain_coeffs:
[-148.84944718 -134.75134739 -139.81206053 -119.56450697 -144.556922
 -131.24774842 -126.86305525 -143.63852969 -133.54321682 -137.19843529
 -113.22952325 -138.12514289 -135.67607964 -125.90679678 -125.19131556]
inrs_hat:  [-37.85974714 -23.76164735 -28.82236049  -8.57480693 -33.56722196
 -20.25804838 -15.8733552  -32.64882964 -22.55351677 -26.20873525
  -2.23982321 -27.13544285 -24.6863796  -14.91709673 -14.20161552]
scheduled_ues:  [ 0  1  2  4  5  6  7  8  9 11 12 13 14]
(1, 15, 1, 4, 1, 1)
caused INR: -12.007326417705109
TpsAltruisticFromLsfGain + IndividualEstimated_INR + -15.0
None
ls_gain_coeffs:
[-148.84944718 -134.75134739 -139.81206053 -119.56450697 -144.556922
 -131.24774842 -126.86305525 -143.63852969 -133.54321682 -137.19843529
 -113.22952325 -138.12514289 -135.67607964 -125.90679678 -125.19131556]
inrs_hat:  [-37.85974714 -23.76164735 -28.82236049  -8.57480693 -33.56722196
 -20.25804838 -15.8733552  -32.64882964 -22.55351677 -26.20873525
  -2.23982321 -27.13544285 -24.6863796  -14.91709673 -14.20161552]
scheduled_ues:  [ 0  1  2  4  5  6  7  8  9 11 12]
(1, 15, 1, 4, 1, 1)
caused INR: -10.517957915188534
TpsAltruisticFromLsfGain + CumulativeIndividualEstimated_INR + -10.0
None
(1, 15, 1, 4, 1, 1)
caused INR: -11.781899433398548
TpsAltruisticFromLsfGain + CumulativeIndividualEstimated_INR + -12.5
None
(1, 15, 1, 4, 1, 1)
caused INR: -10.517957915188534
TpsAltruisticFromLsfGain + CumulativeIndividualEstimated_INR + -15.0
None
(1, 15, 1, 4, 1, 1)
caused INR: -9.324694446900017
TpsRandomic + IndividualEstimated_INR + -10.0
None
ls_gain_coeffs:
[-148.84944718 -121.43291498 -126.46626332  -98.78881352 -139.0278035
 -118.09913862 -113.55900295 -126.66436089 -116.58450445 -124.5414903
 -113.22952325 -124.6400264  -122.13295111 -124.73550502 -120.05772541]
inrs_hat:  [-37.85974714 -10.44321494 -15.47656327  12.20088652 -28.03810345
  -7.10943858  -2.56930291 -15.67466085  -5.59480441 -13.55179026
  -2.23982321 -13.65032635 -11.14325107 -13.74580498  -9.06802537]
scheduled_ues:  [ 0  1  2  4  7  9 11 12 13]
(1, 15, 1, 4, 1, 1)
caused INR: 0.637517523539421
TpsRandomic + IndividualEstimated_INR + -12.5
None
ls_gain_coeffs:
[-143.00979649 -121.43291498 -125.5620661  -102.95586025 -130.48778441
 -118.45264352 -125.56937681 -132.40351259 -125.73005672 -137.19843529
 -112.13672907 -124.6400264  -122.13295111 -113.07476619 -125.19131556]
inrs_hat:  [-32.02009645 -10.44321494 -14.57236606   8.0338398  -19.49808436
  -7.46294348 -14.57967676 -21.41381254 -14.74035667 -26.20873525
  -1.14702902 -13.65032635 -11.14325107  -2.08506615 -14.20161552]
scheduled_ues:  [ 0  2  4  6  7  8  9 11 14]
(1, 15, 1, 4, 1, 1)
caused INR: -5.939680108190864
TpsRandomic + IndividualEstimated_INR + -15.0
None
ls_gain_coeffs:
[-143.00979649 -134.75134739 -139.81206053 -102.95586025 -130.48778441
 -131.24774842 -125.56937681 -132.40351259 -133.54321682 -137.19843529
 -100.05939379 -125.16178465 -135.67607964 -124.73550502 -125.19131556]
inrs_hat:  [-32.02009645 -23.76164735 -28.82236049   8.0338398  -19.49808436
 -20.25804838 -14.57967676 -21.41381254 -22.55351677 -26.20873525
  10.93030625 -14.1720846  -24.6863796  -13.74580498 -14.20161552]
scheduled_ues:  [ 0  1  2  4  5  7  8  9 12]
(1, 15, 1, 4, 1, 1)
caused INR: -6.740295289148101
TpsRandomic + CumulativeIndividualEstimated_INR + -10.0
None
(1, 15, 1, 4, 1, 1)
caused INR: -13.980788231477362
TpsRandomic + CumulativeIndividualEstimated_INR + -12.5
None
(1, 15, 1, 4, 1, 1)
caused INR: -14.417298685228126
TpsRandomic + CumulativeIndividualEstimated_INR + -15.0
None
(1, 15, 1, 4, 1, 1)
caused INR: -19.532132226757877
Iteration number 97
TpsAltruisticFromLsfGain + IndividualEstimated_INR + -10.0
None
ls_gain_coeffs:
[-125.76202593 -140.99492249 -136.17221883 -155.00964918 -143.24117033
 -145.21276112 -132.92044001 -126.34354314 -138.11772582 -143.20834238
 -147.72493813 -131.42314913 -134.02815222 -134.13092061 -136.97929003]
inrs_hat:  [-14.77232588 -30.00522245 -25.18251879 -44.01994913 -32.25147029
 -34.22306108 -21.93073997 -15.3538431  -27.12802577 -32.21864234
 -36.73523809 -20.43344908 -23.03845218 -23.14122057 -25.98958999]
scheduled_ues:  [ 0  1  2  3  4  5  6  7  8  9 10 11 12 13 14]
(1, 15, 1, 4, 1, 1)
caused INR: -14.281696944417115
TpsAltruisticFromLsfGain + IndividualEstimated_INR + -12.5
None
ls_gain_coeffs:
[-125.76202593 -140.99492249 -136.17221883 -155.00964918 -143.24117033
 -145.21276112 -132.92044001 -126.34354314 -138.11772582 -143.20834238
 -147.72493813 -131.42314913 -134.02815222 -134.13092061 -136.97929003]
inrs_hat:  [-14.77232588 -30.00522245 -25.18251879 -44.01994913 -32.25147029
 -34.22306108 -21.93073997 -15.3538431  -27.12802577 -32.21864234
 -36.73523809 -20.43344908 -23.03845218 -23.14122057 -25.98958999]
scheduled_ues:  [ 0  1  2  3  4  5  6  7  8  9 10 11 12 13 14]
(1, 15, 1, 4, 1, 1)
caused INR: -14.281696944417115
TpsAltruisticFromLsfGain + IndividualEstimated_INR + -15.0
None
ls_gain_coeffs:
[-125.76202593 -140.99492249 -136.17221883 -155.00964918 -143.24117033
 -145.21276112 -132.92044001 -126.34354314 -138.11772582 -143.20834238
 -147.72493813 -131.42314913 -134.02815222 -134.13092061 -136.97929003]
inrs_hat:  [-14.77232588 -30.00522245 -25.18251879 -44.01994913 -32.25147029
 -34.22306108 -21.93073997 -15.3538431  -27.12802577 -32.21864234
 -36.73523809 -20.43344908 -23.03845218 -23.14122057 -25.98958999]
scheduled_ues:  [ 1  2  3  4  5  6  7  8  9 10 11 12 13 14]
(1, 15, 1, 4, 1, 1)
caused INR: -18.859803069995873
TpsAltruisticFromLsfGain + CumulativeIndividualEstimated_INR + -10.0
None
(1, 15, 1, 4, 1, 1)
caused INR: -14.281696944417115
TpsAltruisticFromLsfGain + CumulativeIndividualEstimated_INR + -12.5
None
(1, 15, 1, 4, 1, 1)
caused INR: -25.450376440431484
TpsAltruisticFromLsfGain + CumulativeIndividualEstimated_INR + -15.0
None
(1, 15, 1, 4, 1, 1)
caused INR: -19.419463489651495
TpsRandomic + IndividualEstimated_INR + -10.0
None
ls_gain_coeffs:
[-111.63371097 -126.85586982 -136.17221883 -148.47780092 -139.868431
 -134.02327228 -123.39236839 -113.88038679 -138.11772582 -137.4630774
 -140.61444328 -131.42314913 -134.02815222 -134.13092061 -129.66488796]
inrs_hat:  [ -0.64401093 -15.86616977 -25.18251879 -37.48810088 -28.87873096
 -23.03357224 -12.40266835  -2.89068674 -27.12802577 -26.47337735
 -29.62474323 -20.43344908 -23.03845218 -23.14122057 -18.67518792]
scheduled_ues:  [ 1  2  3  4  5  6  8  9 10 11 12 13 14]
(1, 15, 1, 4, 1, 1)
caused INR: -13.03417175528886
TpsRandomic + IndividualEstimated_INR + -12.5
None
ls_gain_coeffs:
[-111.63371097 -134.95965742 -125.89628245 -148.47780092 -128.55107744
 -135.170279   -123.39236839 -126.34354314 -125.40450675 -137.4630774
 -134.45110127 -124.42876424 -123.58466611 -132.80388345 -120.54214405]
inrs_hat:  [ -0.64401093 -23.96995738 -14.9065824  -37.48810088 -17.5613774
 -24.18057896 -12.40266835 -15.3538431  -14.41480671 -26.47337735
 -23.46140123 -13.4390642  -12.59496607 -21.81418341  -9.55244401]
scheduled_ues:  [ 1  2  3  4  5  7  8  9 10 11 12 13]
(1, 15, 1, 4, 1, 1)
caused INR: -1.9666507515671128
TpsRandomic + IndividualEstimated_INR + -15.0
None
ls_gain_coeffs:
[-109.94699602 -124.68696362 -136.17221883 -141.43517433 -143.24117033
 -128.37597564 -132.92044001 -126.34354314 -138.11772582 -143.20834238
 -131.31197227 -131.42314913 -134.02815222 -134.13092061 -136.97929003]
inrs_hat:  [  1.04270403 -13.69726357 -25.18251879 -30.44547428 -32.25147029
 -17.3862756  -21.93073997 -15.3538431  -27.12802577 -32.21864234
 -20.32227223 -20.43344908 -23.03845218 -23.14122057 -25.98958999]
scheduled_ues:  [ 2  3  4  5  6  7  8  9 10 11 12 13 14]
(1, 15, 1, 4, 1, 1)
caused INR: -11.693160533720066
TpsRandomic + CumulativeIndividualEstimated_INR + -10.0
None
(1, 15, 1, 4, 1, 1)
caused INR: -9.513242279431504
TpsRandomic + CumulativeIndividualEstimated_INR + -12.5
None
(1, 15, 1, 4, 1, 1)
caused INR: -15.369562646055723
TpsRandomic + CumulativeIndividualEstimated_INR + -15.0
None
(1, 15, 1, 4, 1, 1)
caused INR: -15.256556987089212
Iteration number 98
TpsAltruisticFromLsfGain + IndividualEstimated_INR + -10.0
None
ls_gain_coeffs:
[-133.62724566 -139.16218258 -144.30805737 -143.46879553 -125.45915856
 -134.48779931 -143.0415911  -146.67585557 -121.34318704 -140.88551232
 -119.98093974 -144.3347023  -131.25544546 -137.99774673 -144.35431736]
inrs_hat:  [-22.63754562 -28.17248254 -33.31835733 -32.47909549 -14.46945852
 -23.49809927 -32.05189106 -35.68615553 -10.353487   -29.89581228
  -8.99123969 -33.34500226 -20.26574542 -27.00804669 -33.36461732]
scheduled_ues:  [ 0  1  2  3  4  5  6  7  8  9 11 12 13 14]
(1, 15, 1, 4, 1, 1)
caused INR: -27.866225010483802
TpsAltruisticFromLsfGain + IndividualEstimated_INR + -12.5
None
ls_gain_coeffs:
[-133.62724566 -139.16218258 -144.30805737 -143.46879553 -125.45915856
 -134.48779931 -143.0415911  -146.67585557 -121.34318704 -140.88551232
 -119.98093974 -144.3347023  -131.25544546 -137.99774673 -144.35431736]
inrs_hat:  [-22.63754562 -28.17248254 -33.31835733 -32.47909549 -14.46945852
 -23.49809927 -32.05189106 -35.68615553 -10.353487   -29.89581228
  -8.99123969 -33.34500226 -20.26574542 -27.00804669 -33.36461732]
scheduled_ues:  [ 0  1  2  3  4  5  6  7  9 11 12 13 14]
(1, 15, 1, 4, 1, 1)
caused INR: -10.980964629961036
TpsAltruisticFromLsfGain + IndividualEstimated_INR + -15.0
None
ls_gain_coeffs:
[-133.62724566 -139.16218258 -144.30805737 -143.46879553 -125.45915856
 -134.48779931 -143.0415911  -146.67585557 -121.34318704 -140.88551232
 -119.98093974 -144.3347023  -131.25544546 -137.99774673 -144.35431736]
inrs_hat:  [-22.63754562 -28.17248254 -33.31835733 -32.47909549 -14.46945852
 -23.49809927 -32.05189106 -35.68615553 -10.353487   -29.89581228
  -8.99123969 -33.34500226 -20.26574542 -27.00804669 -33.36461732]
scheduled_ues:  [ 0  1  2  3  5  6  7  9 11 12 13 14]
(1, 15, 1, 4, 1, 1)
caused INR: -20.970385887308304
TpsAltruisticFromLsfGain + CumulativeIndividualEstimated_INR + -10.0
None
(1, 15, 1, 4, 1, 1)
caused INR: -10.980964629961036
TpsAltruisticFromLsfGain + CumulativeIndividualEstimated_INR + -12.5
None
(1, 15, 1, 4, 1, 1)
caused INR: -20.970385887308304
TpsAltruisticFromLsfGain + CumulativeIndividualEstimated_INR + -15.0
None
(1, 15, 1, 4, 1, 1)
caused INR: -20.970385887308304
TpsRandomic + IndividualEstimated_INR + -10.0
None
ls_gain_coeffs:
[-131.29317138 -139.16218258 -137.34205882 -129.63588928 -108.34177049
 -128.05912621 -143.0415911  -130.15487077 -121.34318704 -140.88551232
 -119.98093974 -136.18224205 -119.8638745  -124.36236444 -127.95174271]
inrs_hat:  [-20.30347133 -28.17248254 -26.35235877 -18.64618924   2.64792955
 -17.06942616 -32.05189106 -19.16517073 -10.353487   -29.89581228
  -8.99123969 -25.19254201  -8.87417446 -13.3726644  -16.96204267]
scheduled_ues:  [ 0  1  2  3  5  6  7  8  9 11 13 14]
(1, 15, 1, 4, 1, 1)
caused INR: -17.090823657326595
TpsRandomic + IndividualEstimated_INR + -12.5
None
ls_gain_coeffs:
[-119.62959614 -122.64019253 -144.30805737 -141.38183616 -115.7316842
 -118.05087465 -126.3666745  -130.15487077 -109.0074653  -140.88551232
 -119.98093974 -131.4542828  -114.34585489 -124.95925559 -131.16393262]
inrs_hat:  [ -8.6398961  -11.65049249 -33.31835733 -30.39213612  -4.74198416
  -7.06117461 -15.37697446 -19.16517073   1.98223474 -29.89581228
  -8.99123969 -20.46458276  -3.35615484 -13.96955554 -20.17423258]
scheduled_ues:  [ 2  3  6  7  9 11 13 14]
(1, 15, 1, 4, 1, 1)
caused INR: -19.806382592940864
TpsRandomic + IndividualEstimated_INR + -15.0
None
ls_gain_coeffs:
[-131.29317138 -139.16218258 -130.80757877 -143.46879553 -108.34177049
 -134.48779931 -143.0415911  -133.85954408 -101.62130139 -124.4021647
 -119.98093974 -144.3347023  -121.26943527 -124.95925559 -131.16393262]
inrs_hat:  [-20.30347133 -28.17248254 -19.81787873 -32.47909549   2.64792955
 -23.49809927 -32.05189106 -22.86984404   9.36839866 -13.41246466
  -8.99123969 -33.34500226 -10.27973523 -13.96955554 -20.17423258]
scheduled_ues:  [ 0  1  2  3  5  6  7 11 14]
(1, 15, 1, 4, 1, 1)
caused INR: -14.204432040734636
TpsRandomic + CumulativeIndividualEstimated_INR + -10.0
None
(1, 15, 1, 4, 1, 1)
caused INR: -14.905836254799237
TpsRandomic + CumulativeIndividualEstimated_INR + -12.5
None
(1, 15, 1, 4, 1, 1)
caused INR: -11.08988575913288
TpsRandomic + CumulativeIndividualEstimated_INR + -15.0
None
(1, 15, 1, 4, 1, 1)
caused INR: -16.908472225577555
Iteration number 99
TpsAltruisticFromLsfGain + IndividualEstimated_INR + -10.0
None
ls_gain_coeffs:
[-136.27729872 -125.21753966 -127.25557777 -147.01424278 -123.23084018
 -143.71534623 -139.60903291 -149.68821042 -153.75788767 -150.84119979
 -141.3809399  -131.55299422 -135.01168646 -141.11196239 -138.34639525]
inrs_hat:  [-25.28759868 -14.22783962 -16.26587773 -36.02454274 -12.24114014
 -32.72564619 -28.61933287 -38.69851038 -42.76818762 -39.85149975
 -30.39123985 -20.56329418 -24.02198641 -30.12226235 -27.3566952 ]
scheduled_ues:  [ 0  1  2  3  4  5  6  7  8  9 10 11 12 13 14]
(1, 15, 1, 4, 1, 1)
caused INR: -13.933512790115792
TpsAltruisticFromLsfGain + IndividualEstimated_INR + -12.5
None
ls_gain_coeffs:
[-136.27729872 -125.21753966 -127.25557777 -147.01424278 -123.23084018
 -143.71534623 -139.60903291 -149.68821042 -153.75788767 -150.84119979
 -141.3809399  -131.55299422 -135.01168646 -141.11196239 -138.34639525]
inrs_hat:  [-25.28759868 -14.22783962 -16.26587773 -36.02454274 -12.24114014
 -32.72564619 -28.61933287 -38.69851038 -42.76818762 -39.85149975
 -30.39123985 -20.56329418 -24.02198641 -30.12226235 -27.3566952 ]
scheduled_ues:  [ 0  1  2  3  5  6  7  8  9 10 11 12 13 14]
(1, 15, 1, 4, 1, 1)
caused INR: -22.360893801447347
TpsAltruisticFromLsfGain + IndividualEstimated_INR + -15.0
None
ls_gain_coeffs:
[-136.27729872 -125.21753966 -127.25557777 -147.01424278 -123.23084018
 -143.71534623 -139.60903291 -149.68821042 -153.75788767 -150.84119979
 -141.3809399  -131.55299422 -135.01168646 -141.11196239 -138.34639525]
inrs_hat:  [-25.28759868 -14.22783962 -16.26587773 -36.02454274 -12.24114014
 -32.72564619 -28.61933287 -38.69851038 -42.76818762 -39.85149975
 -30.39123985 -20.56329418 -24.02198641 -30.12226235 -27.3566952 ]
scheduled_ues:  [ 0  2  3  5  6  7  8  9 10 11 12 13 14]
(1, 15, 1, 4, 1, 1)
caused INR: -19.23775731886985
TpsAltruisticFromLsfGain + CumulativeIndividualEstimated_INR + -10.0
None
(1, 15, 1, 4, 1, 1)
caused INR: -22.360893801447347
TpsAltruisticFromLsfGain + CumulativeIndividualEstimated_INR + -12.5
None
(1, 15, 1, 4, 1, 1)
caused INR: -19.23775731886985
TpsAltruisticFromLsfGain + CumulativeIndividualEstimated_INR + -15.0
None
(1, 15, 1, 4, 1, 1)
caused INR: -17.53826726949816
TpsRandomic + IndividualEstimated_INR + -10.0
None
ls_gain_coeffs:
[-136.27729872 -112.49773756 -127.04575565 -147.01424278 -106.01968018
 -136.88067577 -139.60903291 -136.10772272 -153.75788767 -136.8785461
 -130.40621977 -119.31769842 -118.89350241 -135.3315705  -138.34639525]
inrs_hat:  [-25.28759868  -1.50803751 -16.05605561 -36.02454274   4.97001986
 -25.89097573 -28.61933287 -25.11802267 -42.76818762 -25.88884606
 -19.41651973  -8.32799838  -7.90380236 -24.34187045 -27.3566952 ]
scheduled_ues:  [ 0  2  3  5  6  7  8  9 10 13 14]
(1, 15, 1, 4, 1, 1)
caused INR: -7.601655667725091
TpsRandomic + IndividualEstimated_INR + -12.5
None
ls_gain_coeffs:
[-136.27729872 -112.49773756 -114.67409636 -134.91330387 -123.23084018
 -130.08663077 -128.51934987 -149.68821042 -137.34427121 -136.8785461
 -130.83206778 -114.78396421 -118.89350241 -124.85881925 -125.5578639 ]
inrs_hat:  [-25.28759868  -1.50803751  -3.68439632 -23.92360382 -12.24114014
 -19.09693073 -17.52964983 -38.69851038 -26.35457117 -25.88884606
 -19.84236774  -3.79426417  -7.90380236 -13.86911921 -14.56816386]
scheduled_ues:  [ 0  3  5  6  7  8  9 10 13 14]
(1, 15, 1, 4, 1, 1)
caused INR: -10.284969732341033
TpsRandomic + IndividualEstimated_INR + -15.0
None
ls_gain_coeffs:
[-119.56123029 -112.49773756 -127.25557777 -147.01424278 -106.01968018
 -136.88067577 -129.027807   -149.68821042 -153.75788767 -144.67510548
 -141.3809399  -131.55299422 -135.01168646 -135.3315705  -125.5578639 ]
inrs_hat:  [ -8.57153024  -1.50803751 -16.26587773 -36.02454274   4.97001986
 -25.89097573 -18.03810696 -38.69851038 -42.76818762 -33.68540544
 -30.39123985 -20.56329418 -24.02198641 -24.34187045 -14.56816386]
scheduled_ues:  [ 2  3  5  6  7  8  9 10 11 12 13]
(1, 15, 1, 4, 1, 1)
caused INR: -17.750727378204097
TpsRandomic + CumulativeIndividualEstimated_INR + -10.0
None
(1, 15, 1, 4, 1, 1)
caused INR: -7.335500230524455
TpsRandomic + CumulativeIndividualEstimated_INR + -12.5
None
(1, 15, 1, 4, 1, 1)
caused INR: -11.422748547876562
TpsRandomic + CumulativeIndividualEstimated_INR + -15.0
None
(1, 15, 1, 4, 1, 1)
caused INR: -27.51618994875123
Iteration number 100
TpsAltruisticFromLsfGain + IndividualEstimated_INR + -10.0
None
ls_gain_coeffs:
[-143.30742767 -131.44121776 -135.9916719  -142.3449566  -147.53888544
 -131.09828133 -135.96884505 -144.51970562 -137.78798267 -147.39415747
 -138.96346531 -131.79067087 -127.30851255 -142.39739234 -133.30759803]
inrs_hat:  [-32.31772763 -20.45151772 -25.00197186 -31.35525656 -36.5491854
 -20.10858129 -24.97914501 -33.53000557 -26.79828262 -36.40445743
 -27.97376527 -20.80097083 -16.31881251 -31.40769229 -22.31789799]
scheduled_ues:  [ 0  1  2  3  4  5  6  7  8  9 10 11 12 13 14]
(1, 15, 1, 4, 1, 1)
caused INR: -10.4907061505914
TpsAltruisticFromLsfGain + IndividualEstimated_INR + -12.5
None
ls_gain_coeffs:
[-143.30742767 -131.44121776 -135.9916719  -142.3449566  -147.53888544
 -131.09828133 -135.96884505 -144.51970562 -137.78798267 -147.39415747
 -138.96346531 -131.79067087 -127.30851255 -142.39739234 -133.30759803]
inrs_hat:  [-32.31772763 -20.45151772 -25.00197186 -31.35525656 -36.5491854
 -20.10858129 -24.97914501 -33.53000557 -26.79828262 -36.40445743
 -27.97376527 -20.80097083 -16.31881251 -31.40769229 -22.31789799]
scheduled_ues:  [ 0  1  2  3  4  5  6  7  8  9 10 11 12 13 14]
(1, 15, 1, 4, 1, 1)
caused INR: -10.4907061505914
TpsAltruisticFromLsfGain + IndividualEstimated_INR + -15.0
None
ls_gain_coeffs:
[-143.30742767 -131.44121776 -135.9916719  -142.3449566  -147.53888544
 -131.09828133 -135.96884505 -144.51970562 -137.78798267 -147.39415747
 -138.96346531 -131.79067087 -127.30851255 -142.39739234 -133.30759803]
inrs_hat:  [-32.31772763 -20.45151772 -25.00197186 -31.35525656 -36.5491854
 -20.10858129 -24.97914501 -33.53000557 -26.79828262 -36.40445743
 -27.97376527 -20.80097083 -16.31881251 -31.40769229 -22.31789799]
scheduled_ues:  [ 0  1  2  3  4  5  6  7  8  9 10 11 12 13 14]
(1, 15, 1, 4, 1, 1)
caused INR: -10.4907061505914
TpsAltruisticFromLsfGain + CumulativeIndividualEstimated_INR + -10.0
None
(1, 15, 1, 4, 1, 1)
caused INR: -10.4907061505914
TpsAltruisticFromLsfGain + CumulativeIndividualEstimated_INR + -12.5
None
(1, 15, 1, 4, 1, 1)
caused INR: -11.387364229267673
TpsAltruisticFromLsfGain + CumulativeIndividualEstimated_INR + -15.0
None
(1, 15, 1, 4, 1, 1)
caused INR: -13.286109506198734
TpsRandomic + IndividualEstimated_INR + -10.0
None
ls_gain_coeffs:
[-143.30742767 -117.36012916 -118.90376396 -125.31999292 -141.14747788
 -123.1371684  -128.74648455 -142.92506822 -137.78798267 -130.58682087
 -124.97869748 -114.70891626 -110.6888343  -129.62031366 -118.77119053]
inrs_hat:  [-32.31772763  -6.37042911  -7.91406391 -14.33029288 -30.15777784
 -12.14746835 -17.75678451 -31.93536817 -26.79828262 -19.59712083
 -13.98899744  -3.71921622   0.30086574 -18.63061362  -7.78149048]
scheduled_ues:  [ 0  3  4  5  6  7  8  9 10 13]
(1, 15, 1, 4, 1, 1)
caused INR: -8.837890982765428
TpsRandomic + IndividualEstimated_INR + -12.5
None
ls_gain_coeffs:
[-128.90095441 -125.45811555 -121.62169179 -125.31999292 -131.25094654
 -114.42619257 -122.4286205  -131.01501402 -134.83758128 -147.39415747
 -122.53422562 -114.70891626 -127.30851255 -142.39739234 -127.02317552]
inrs_hat:  [-17.91125437 -14.46841551 -10.63199175 -14.33029288 -20.2612465
  -3.43649253 -11.43892045 -20.02531397 -23.84788124 -36.40445743
 -11.54452558  -3.71921622 -16.31881251 -31.40769229 -16.03347548]
scheduled_ues:  [ 0  1  3  4  7  8  9 12 13 14]
(1, 15, 1, 4, 1, 1)
caused INR: -7.519229665129744
TpsRandomic + IndividualEstimated_INR + -15.0
None
ls_gain_coeffs:
[-137.32159849 -117.36012916 -128.62743612 -131.90298168 -131.25094654
 -123.1371684  -122.4286205  -142.92506822 -134.83758128 -147.39415747
 -132.53135376 -117.3901055  -120.1700051  -142.39739234 -118.77119053]
inrs_hat:  [-26.33189845  -6.37042911 -17.63773608 -20.91328164 -20.2612465
 -12.14746835 -11.43892045 -31.93536817 -23.84788124 -36.40445743
 -21.54165372  -6.40040546  -9.18030506 -31.40769229  -7.78149048]
scheduled_ues:  [ 0  2  3  4  7  8  9 10 13]
(1, 15, 1, 4, 1, 1)
caused INR: -13.236196886745207
TpsRandomic + CumulativeIndividualEstimated_INR + -10.0
None
(1, 15, 1, 4, 1, 1)
caused INR: -9.256038218201684
TpsRandomic + CumulativeIndividualEstimated_INR + -12.5
None
(1, 15, 1, 4, 1, 1)
caused INR: -15.864523137728243
TpsRandomic + CumulativeIndividualEstimated_INR + -15.0
None
(1, 15, 1, 4, 1, 1)
caused INR: -9.793203627013677
Job ended at Tue Sep 22 05:26:58 PM UTC 2026
