Job started at Thu Sep 24 06:40:29 PM UTC 2026
source/physical/large_scale_fading.py
source/physical/channel.py
source/physical/antenna_pattern.py
source/physical/antenna_pattern.py
source/physical/large_scale_fading.py
source/physical/channel.py
source/physical/spatial_correlation.py
source/channel_estimation.py
source/physical/antenna_pattern.py
source/physical/antenna_pattern.py
source/geometry/coordinates.py
source/geometry/coordinates.py
source/geometry/sectorization.py
source/geometry/sectorization.py
source/beamforming.py
source/beamforming.py
source/RunSnapshots.py
source/RunSnapshots.py
dh_bs:  49.0
dh_ut:  49.0
fc usando em Hz:  7750000000.0
distance break point:  248103.3333333333
fc usado em GHz:  7.75
DMimo: generating coordinates
Aps coords: 
[(np.float64(-225.0), np.float64(-225.0), 18.0)
 (np.float64(-75.0), np.float64(-225.0), 18.0)
 (np.float64(75.0), np.float64(-225.0), 18.0)
 (np.float64(225.0), np.float64(-225.0), 18.0)
 (np.float64(-225.0), np.float64(-75.0), 18.0)
 (np.float64(-75.0), np.float64(-75.0), 18.0)
 (np.float64(75.0), np.float64(-75.0), 18.0)
 (np.float64(225.0), np.float64(-75.0), 18.0)
 (np.float64(-225.0), np.float64(75.0), 18.0)
 (np.float64(-75.0), np.float64(75.0), 18.0)
 (np.float64(75.0), np.float64(75.0), 18.0)
 (np.float64(225.0), np.float64(75.0), 18.0)
 (np.float64(-225.0), np.float64(225.0), 18.0)
 (np.float64(-75.0), np.float64(225.0), 18.0)
 (np.float64(75.0), np.float64(225.0), 18.0)
 (np.float64(225.0), np.float64(225.0), 18.0)]
UEs coordinates: 
[(np.float64(-298.46494280204723), np.float64(133.87850375292658), 1.5)
 (np.float64(164.368792936126), np.float64(-158.48454208107418), 1.5)
 (np.float64(-1.2317697193555261), np.float64(-178.41229292371207), 1.5)
 (np.float64(207.26586986929615), np.float64(-109.32124688350541), 1.5)
 (np.float64(-125.63668393190403), np.float64(200.19694266693685), 1.5)
 (np.float64(234.21169956427426), np.float64(-54.01992658921919), 1.5)
 (np.float64(157.45957251457503), np.float64(247.6510794098152), 1.5)
 (np.float64(86.38915904704177), np.float64(45.80426463510807), 1.5)
 (np.float64(-119.3632679653544), np.float64(26.220620227319095), 1.5)
 (np.float64(-152.1693236326364), np.float64(-251.10400196548915), 1.5)
 (np.float64(-20.017273874014272), np.float64(-111.83032649010867), 1.5)
 (np.float64(242.6348539114838), np.float64(363.334672858844), 1.5)
 (np.float64(57.4370803997808), np.float64(-223.62632258839747), 1.5)
 (np.float64(210.1162320248356), np.float64(150.98786534590948), 1.5)
 (np.float64(164.29291791603265), np.float64(43.80041145804115), 1.5)]
UEs coordinates: 
[(np.float64(238.18474474078283), np.float64(89.69210894710727), 1.5)
 (np.float64(28.155487770420457), np.float64(137.49409771223347), 1.5)
 (np.float64(229.35009114835327), np.float64(-87.14170924747216), 1.5)
 (np.float64(-71.79674180831955), np.float64(-249.17016939701566), 1.5)
 (np.float64(144.39552004357856), np.float64(-96.01266157493076), 1.5)
 (np.float64(-138.62028393557722), np.float64(-181.8970514703275), 1.5)
 (np.float64(-105.94806216282451), np.float64(252.03648131356354), 1.5)
 (np.float64(190.10715947986694), np.float64(-73.85015080825963), 1.5)
 (np.float64(-11.945464935050794), np.float64(-216.49547124218915), 1.5)
 (np.float64(-62.607478469366306), np.float64(-213.23030393310964), 1.5)
 (np.float64(23.333557178625206), np.float64(-55.70073558339433), 1.5)
 (np.float64(100.6137581649758), np.float64(-188.27414060533192), 1.5)
 (np.float64(-32.942291071302265), np.float64(-239.79365970200965), 1.5)
 (np.float64(-183.0821069872524), np.float64(-194.46806219381793), 1.5)
 (np.float64(-265.73239946446523), np.float64(-185.32301235507896), 1.5)]
UEs coordinates: 
[(np.float64(-55.60077879796698), np.float64(225.7002250035897), 1.5)
 (np.float64(-135.25463706713896), np.float64(-162.3873852824998), 1.5)
 (np.float64(248.61307535151022), np.float64(109.49795542568094), 1.5)
 (np.float64(31.932552866758783), np.float64(-125.93470662660876), 1.5)
 (np.float64(75.50911221430556), np.float64(1.070325432620848), 1.5)
 (np.float64(213.55874844392295), np.float64(-239.49395823143306), 1.5)
 (np.float64(-208.27503708504565), np.float64(34.36554860804846), 1.5)
 (np.float64(-162.22672949609685), np.float64(129.31350236611888), 1.5)
 (np.float64(-342.2567216563186), np.float64(-114.04167439206515), 1.5)
 (np.float64(214.44874959974788), np.float64(234.7866658313161), 1.5)
 (np.float64(-48.241038967898476), np.float64(-1.4745787954089025), 1.5)
 (np.float64(246.8480473697006), np.float64(-182.1153949109746), 1.5)
 (np.float64(213.79906081831123), np.float64(-200.49344853617146), 1.5)
 (np.float64(170.14314793859674), np.float64(268.67534293536187), 1.5)
 (np.float64(62.98622495340976), np.float64(56.958637825029825), 1.5)]
UEs coordinates: 
[(np.float64(305.1812961055091), np.float64(96.36789247931006), 1.5)
 (np.float64(180.3817788821857), np.float64(-111.41890126973416), 1.5)
 (np.float64(230.024999548947), np.float64(-62.41132066432126), 1.5)
 (np.float64(-281.3204308639253), np.float64(229.76560656782283), 1.5)
 (np.float64(-220.19347020907017), np.float64(-30.55161316504001), 1.5)
 (np.float64(-76.3579105374993), np.float64(172.73526780173233), 1.5)
 (np.float64(284.22471916958375), np.float64(160.41025642377818), 1.5)
 (np.float64(-18.19604797809916), np.float64(-199.09895744672363), 1.5)
 (np.float64(-53.64709078271271), np.float64(-184.6751715262724), 1.5)
 (np.float64(234.22212908649448), np.float64(120.27025348125616), 1.5)
 (np.float64(-155.97323444000608), np.float64(199.88902114838623), 1.5)
 (np.float64(-206.0517957409418), np.float64(266.5952020475519), 1.5)
 (np.float64(256.66825054661086), np.float64(171.33858836898153), 1.5)
 (np.float64(-208.61214655331383), np.float64(77.82564119300082), 1.5)
 (np.float64(254.08479958833254), np.float64(305.1721702939865), 1.5)]
UEs coordinates: 
[(np.float64(-49.210619976014755), np.float64(-6.1393488519355515), 1.5)
 (np.float64(313.78866551384954), np.float64(24.928740708155743), 1.5)
 (np.float64(110.13425014026987), np.float64(14.288220495679461), 1.5)
 (np.float64(85.77648742638294), np.float64(-79.85412186068099), 1.5)
 (np.float64(265.2599423684069), np.float64(163.59139450872206), 1.5)
 (np.float64(29.955580908428544), np.float64(-117.82785128987072), 1.5)
 (np.float64(-160.78783505070845), np.float64(182.20108473509555), 1.5)
 (np.float64(174.46459011075126), np.float64(97.31932038231025), 1.5)
 (np.float64(-115.93241932828982), np.float64(189.43554912763176), 1.5)
 (np.float64(-90.45918534318209), np.float64(-251.1444726958013), 1.5)
 (np.float64(-132.48663222701543), np.float64(72.52765503148994), 1.5)
 (np.float64(166.3441675172629), np.float64(150.8410449861103), 1.5)
 (np.float64(-44.040954981274155), np.float64(158.38104169482406), 1.5)
 (np.float64(-341.0539935034891), np.float64(162.0777224920932), 1.5)
 (np.float64(164.68226592617725), np.float64(-255.52412474390636), 1.5)]
UEs coordinates: 
[(np.float64(-191.0496524075379), np.float64(-142.78654915941388), 1.5)
 (np.float64(31.855394862028206), np.float64(163.46822846850992), 1.5)
 (np.float64(5.216331692140173), np.float64(330.280267181251), 1.5)
 (np.float64(-228.16382812202832), np.float64(-147.38609630904088), 1.5)
 (np.float64(-217.97799989787572), np.float64(210.42582530088728), 1.5)
 (np.float64(89.86988177682369), np.float64(-4.552863465796989), 1.5)
 (np.float64(-24.715284924032368), np.float64(129.22383755732926), 1.5)
 (np.float64(-110.27918447807863), np.float64(-184.6731900838432), 1.5)
 (np.float64(-205.9963329085464), np.float64(-82.42482066208207), 1.5)
 (np.float64(-168.62329047108983), np.float64(-202.25246773807487), 1.5)
 (np.float64(-194.23821677478205), np.float64(-167.6857019324949), 1.5)
 (np.float64(-199.71958935789257), np.float64(-61.886728674191865), 1.5)
 (np.float64(111.60721723532481), np.float64(259.2120197852736), 1.5)
 (np.float64(328.6256674138182), np.float64(256.7668497555705), 1.5)
 (np.float64(253.9136121467653), np.float64(320.51974639991766), 1.5)]
UEs coordinates: 
[(np.float64(-138.1053999906459), np.float64(20.098753850449654), 1.5)
 (np.float64(52.29914198750461), np.float64(-119.51551730006855), 1.5)
 (np.float64(14.620526083890269), np.float64(-14.42857229269896), 1.5)
 (np.float64(49.38149528699037), np.float64(-244.05082704609208), 1.5)
 (np.float64(282.51424802439215), np.float64(-172.0770473023514), 1.5)
 (np.float64(-94.01763136729991), np.float64(260.3626983007873), 1.5)
 (np.float64(-98.67546964312179), np.float64(216.66185636797286), 1.5)
 (np.float64(-141.1505870696087), np.float64(33.70602924013245), 1.5)
 (np.float64(-246.6490373551), np.float64(245.95076459433693), 1.5)
 (np.float64(-240.12495211015667), np.float64(224.89540175976416), 1.5)
 (np.float64(-223.0210020263732), np.float64(95.67776531657546), 1.5)
 (np.float64(-50.7514608575217), np.float64(-325.80672584409905), 1.5)
 (np.float64(197.8374919769088), np.float64(216.36022070917417), 1.5)
 (np.float64(206.7951266209734), np.float64(-222.83445884546728), 1.5)
 (np.float64(236.44789887178), np.float64(-46.53947422895331), 1.5)]
UEs coordinates: 
[(np.float64(183.79561087478572), np.float64(137.77009721783247), 1.5)
 (np.float64(199.53926201341372), np.float64(315.2053346810354), 1.5)
 (np.float64(16.324840211644116), np.float64(-300.9056680314318), 1.5)
 (np.float64(-64.34265149047334), np.float64(-215.80968990114107), 1.5)
 (np.float64(128.84683332321976), np.float64(-22.019383172059037), 1.5)
 (np.float64(226.19842267239676), np.float64(153.54713574517262), 1.5)
 (np.float64(-9.526676903495243), np.float64(-57.536834285018976), 1.5)
 (np.float64(-96.80462104456093), np.float64(343.32209863480324), 1.5)
 (np.float64(-276.04011352753224), np.float64(43.66769817374797), 1.5)
 (np.float64(-146.73119166702458), np.float64(180.45981831674968), 1.5)
 (np.float64(177.8997861976136), np.float64(-56.13472634169301), 1.5)
 (np.float64(-81.9792914559263), np.float64(98.5845446111694), 1.5)
 (np.float64(-87.62416888322396), np.float64(-351.7922626252306), 1.5)
 (np.float64(51.80299157912862), np.float64(323.47567386372384), 1.5)
 (np.float64(114.95540008363376), np.float64(-60.62478768783668), 1.5)]
UEs coordinates: 
[(np.float64(183.42576651935914), np.float64(163.15051319363056), 1.5)
 (np.float64(112.16257046931071), np.float64(-298.0557517036914), 1.5)
 (np.float64(185.90911422147042), np.float64(-109.29525204426979), 1.5)
 (np.float64(-77.04174724339781), np.float64(164.10023454708136), 1.5)
 (np.float64(121.90708617500353), np.float64(-295.1837673917243), 1.5)
 (np.float64(-165.3585556051845), np.float64(25.10762263941711), 1.5)
 (np.float64(-105.36176996153202), np.float64(84.97568812311417), 1.5)
 (np.float64(220.58853524089878), np.float64(84.76518499583338), 1.5)
 (np.float64(-321.5117279738982), np.float64(-205.7032294111885), 1.5)
 (np.float64(343.28298804267115), np.float64(276.52753815715437), 1.5)
 (np.float64(-77.50302179868396), np.float64(174.76586787700023), 1.5)
 (np.float64(-42.123585923719865), np.float64(-37.76344933428064), 1.5)
 (np.float64(-120.80137306705322), np.float64(-122.69395309844167), 1.5)
 (np.float64(138.82095682841555), np.float64(306.5832988465668), 1.5)
 (np.float64(195.11270811397407), np.float64(-187.77057632020868), 1.5)]
UEs coordinates: 
[(np.float64(-56.071023192136934), np.float64(-78.30702727811504), 1.5)
 (np.float64(-201.66855113905126), np.float64(-264.6424007410729), 1.5)
 (np.float64(-131.10668456713756), np.float64(-174.95832947942475), 1.5)
 (np.float64(-105.57663653607133), np.float64(250.20310567794672), 1.5)
 (np.float64(-238.2005634964255), np.float64(-111.03612625939041), 1.5)
 (np.float64(71.25248420849044), np.float64(-311.62977465366055), 1.5)
 (np.float64(-327.72008062225586), np.float64(87.30653433556044), 1.5)
 (np.float64(217.26228400260322), np.float64(13.387873065611487), 1.5)
 (np.float64(254.5519864890477), np.float64(-295.7315017769731), 1.5)
 (np.float64(79.58835904608277), np.float64(-292.92875466929274), 1.5)
 (np.float64(211.20799335674872), np.float64(-58.45992065102202), 1.5)
 (np.float64(319.7093338461625), np.float64(162.14753248654492), 1.5)
 (np.float64(191.9830223064576), np.float64(-150.74220667621165), 1.5)
 (np.float64(-240.35346912943905), np.float64(204.3937148101336), 1.5)
 (np.float64(40.41809772699814), np.float64(-40.02614135250448), 1.5)]
UEs coordinates: 
[(np.float64(18.11162811523228), np.float64(214.98243018922955), 1.5)
 (np.float64(175.27018710924187), np.float64(-169.78857010147308), 1.5)
 (np.float64(206.07150491709783), np.float64(61.86561767100652), 1.5)
 (np.float64(94.56008888170533), np.float64(-107.33568315293972), 1.5)
 (np.float64(-132.50778728789805), np.float64(118.40897002962203), 1.5)
 (np.float64(65.95073276868543), np.float64(166.38317210509166), 1.5)
 (np.float64(-129.0136287247347), np.float64(-31.952790884929705), 1.5)
 (np.float64(11.010671056248427), np.float64(-97.31952385801402), 1.5)
 (np.float64(112.27367993081944), np.float64(78.9042695926445), 1.5)
 (np.float64(4.720319453189987), np.float64(-94.87217077747383), 1.5)
 (np.float64(243.2971634157333), np.float64(-268.3755541701527), 1.5)
 (np.float64(288.2515352034052), np.float64(328.05118329052004), 1.5)
 (np.float64(51.11323661121088), np.float64(-110.61347357588778), 1.5)
 (np.float64(-162.70435485374878), np.float64(196.15479557711262), 1.5)
 (np.float64(296.6181964050757), np.float64(102.23033300564512), 1.5)]
UEs coordinates: 
[(np.float64(-276.6531107240988), np.float64(80.58596247562573), 1.5)
 (np.float64(43.29484516471608), np.float64(132.02591867238306), 1.5)
 (np.float64(96.47303048255438), np.float64(-166.4623723087946), 1.5)
 (np.float64(295.52772461540127), np.float64(102.19691678109396), 1.5)
 (np.float64(183.83827568796005), np.float64(197.6747636652358), 1.5)
 (np.float64(-106.1360810209443), np.float64(-189.20219167424793), 1.5)
 (np.float64(189.46145772506594), np.float64(-110.06235309833357), 1.5)
 (np.float64(76.94345109025588), np.float64(-86.906866175223), 1.5)
 (np.float64(-92.29722576506359), np.float64(-266.834295578637), 1.5)
 (np.float64(-71.24558360200321), np.float64(254.51352168519523), 1.5)
 (np.float64(84.32376053003634), np.float64(85.01921150670381), 1.5)
 (np.float64(176.49139344690275), np.float64(32.9105934238533), 1.5)
 (np.float64(201.891007777124), np.float64(-183.1163725086566), 1.5)
 (np.float64(134.3473148457227), np.float64(-224.76707575928228), 1.5)
 (np.float64(-129.5839422558563), np.float64(145.87189277509952), 1.5)]
UEs coordinates: 
[(np.float64(42.31819745231639), np.float64(59.83724512603945), 1.5)
 (np.float64(78.13707281922392), np.float64(90.51213255388792), 1.5)
 (np.float64(8.967913695421686), np.float64(-73.98343335960514), 1.5)
 (np.float64(-224.79339173706774), np.float64(238.37948079667908), 1.5)
 (np.float64(-206.07415785567787), np.float64(-58.67686274341904), 1.5)
 (np.float64(-258.11764630448994), np.float64(14.182870758685311), 1.5)
 (np.float64(-102.47536883845734), np.float64(-220.38119426338824), 1.5)
 (np.float64(-98.74173369941613), np.float64(-70.09889712011788), 1.5)
 (np.float64(-271.92106146411396), np.float64(348.7096768301371), 1.5)
 (np.float64(108.19906583857693), np.float64(156.02426264717616), 1.5)
 (np.float64(171.04394551597494), np.float64(-189.2489940031169), 1.5)
 (np.float64(-258.58617273711377), np.float64(-42.10713072140382), 1.5)
 (np.float64(309.33394117279107), np.float64(-329.9256362033118), 1.5)
 (np.float64(-29.24512339523146), np.float64(57.721348852962876), 1.5)
 (np.float64(-117.42957947232166), np.float64(11.586592793518435), 1.5)]
UEs coordinates: 
[(np.float64(108.46602375116976), np.float64(260.7120492376173), 1.5)
 (np.float64(-232.2519046280166), np.float64(-89.58233026362011), 1.5)
 (np.float64(26.705375609709492), np.float64(274.0728155649452), 1.5)
 (np.float64(-300.5349486112799), np.float64(334.326887001752), 1.5)
 (np.float64(260.03787236498755), np.float64(-337.32571660455085), 1.5)
 (np.float64(-96.54036789251685), np.float64(219.45886970880716), 1.5)
 (np.float64(36.06454337198126), np.float64(57.814967302872475), 1.5)
 (np.float64(-321.3027986511018), np.float64(-193.59941019005544), 1.5)
 (np.float64(-38.21422097802709), np.float64(-307.43062016538386), 1.5)
 (np.float64(-79.62381561923871), np.float64(-150.6823110741915), 1.5)
 (np.float64(-303.23772644134164), np.float64(222.0032046732857), 1.5)
 (np.float64(-60.38031354972481), np.float64(-75.34494874550997), 1.5)
 (np.float64(-81.07194470688367), np.float64(-246.65983604075032), 1.5)
 (np.float64(75.76007799497847), np.float64(-258.4812646133757), 1.5)
 (np.float64(208.71654819989106), np.float64(90.0778804814595), 1.5)]
UEs coordinates: 
[(np.float64(19.505436826416215), np.float64(-298.1605966558516), 1.5)
 (np.float64(307.3449784897675), np.float64(-95.79067682812845), 1.5)
 (np.float64(-137.5655854365071), np.float64(0.06219036429641278), 1.5)
 (np.float64(-67.91026245479925), np.float64(-139.62964515680102), 1.5)
 (np.float64(127.60956158486948), np.float64(-131.8118803539044), 1.5)
 (np.float64(15.204039304197941), np.float64(146.42553514974227), 1.5)
 (np.float64(-45.31701549960883), np.float64(54.88077148765108), 1.5)
 (np.float64(-198.95214419423323), np.float64(178.00075119696868), 1.5)
 (np.float64(-202.12198151003287), np.float64(81.04807377660286), 1.5)
 (np.float64(106.95931975865385), np.float64(222.19725478882532), 1.5)
 (np.float64(230.02981169680433), np.float64(-236.35715330452283), 1.5)
 (np.float64(-38.32405514437843), np.float64(-285.9055842817558), 1.5)
 (np.float64(-137.4438163558856), np.float64(-215.54125822116484), 1.5)
 (np.float64(194.148374939707), np.float64(0.19310256754420152), 1.5)
 (np.float64(-192.8579877429186), np.float64(87.6654477089966), 1.5)]
UEs coordinates: 
[(np.float64(-282.2238572942668), np.float64(-11.636261559333406), 1.5)
 (np.float64(14.436074827975865), np.float64(-3.402110227625684), 1.5)
 (np.float64(160.41742731035686), np.float64(-27.625472212503013), 1.5)
 (np.float64(25.74169813078167), np.float64(-283.35933150138544), 1.5)
 (np.float64(-85.89749519565342), np.float64(68.89595525666404), 1.5)
 (np.float64(-181.35974606015264), np.float64(-231.08068265683315), 1.5)
 (np.float64(161.1711517104746), np.float64(-164.4274893052994), 1.5)
 (np.float64(245.38671709754945), np.float64(247.97979090013416), 1.5)
 (np.float64(170.90186782032256), np.float64(74.78888010113258), 1.5)
 (np.float64(215.85543766328874), np.float64(-7.144268139576411), 1.5)
 (np.float64(-34.45161509227283), np.float64(64.18336978673942), 1.5)
 (np.float64(-239.23591147750824), np.float64(75.97208253805312), 1.5)
 (np.float64(-52.80075988441959), np.float64(-209.96583385101917), 1.5)
 (np.float64(-185.4679761547968), np.float64(54.4337924015754), 1.5)
 (np.float64(51.768490938326295), np.float64(-328.5813265201976), 1.5)]
UEs coordinates: 
[(np.float64(-183.70809843045026), np.float64(-143.19013825819727), 1.5)
 (np.float64(250.4946067450167), np.float64(-238.69617197112524), 1.5)
 (np.float64(-317.8689016593671), np.float64(118.84589224301246), 1.5)
 (np.float64(57.327180535509385), np.float64(-5.163393081913384), 1.5)
 (np.float64(-121.85682006563403), np.float64(-128.94014695913347), 1.5)
 (np.float64(310.3245187638263), np.float64(209.4508223205086), 1.5)
 (np.float64(120.12974261340418), np.float64(352.06595146468635), 1.5)
 (np.float64(254.4659629023907), np.float64(-236.39686512432615), 1.5)
 (np.float64(-146.75580704525538), np.float64(-286.29585840209376), 1.5)
 (np.float64(-72.78024780112237), np.float64(298.69918168758625), 1.5)
 (np.float64(-45.14487008673765), np.float64(-242.00517307560295), 1.5)
 (np.float64(-186.79515638988622), np.float64(204.12340679229396), 1.5)
 (np.float64(-207.05480468021116), np.float64(-25.207323351523293), 1.5)
 (np.float64(4.072415766145895), np.float64(-11.627752643715766), 1.5)
 (np.float64(-162.65648874095194), np.float64(-20.15572364993271), 1.5)]
UEs coordinates: 
[(np.float64(184.74079727543247), np.float64(-141.57514427044163), 1.5)
 (np.float64(190.18557213375288), np.float64(141.69435084681058), 1.5)
 (np.float64(-157.64945708078469), np.float64(110.57213740005274), 1.5)
 (np.float64(-210.82661136896746), np.float64(-131.91146295005726), 1.5)
 (np.float64(-197.19643436060204), np.float64(125.80347433541911), 1.5)
 (np.float64(-130.681349910508), np.float64(-173.07236761515225), 1.5)
 (np.float64(209.32207297633187), np.float64(10.144801090494468), 1.5)
 (np.float64(128.80957496649665), np.float64(101.0505313465821), 1.5)
 (np.float64(-226.48718328464233), np.float64(-158.7541748971803), 1.5)
 (np.float64(200.5460983852915), np.float64(-214.82208910650766), 1.5)
 (np.float64(-199.29819389638064), np.float64(106.96381815824567), 1.5)
 (np.float64(-207.01451088504828), np.float64(-191.54014415148364), 1.5)
 (np.float64(177.14177992113804), np.float64(137.0725128883079), 1.5)
 (np.float64(-28.160133339887686), np.float64(-239.55990843747713), 1.5)
 (np.float64(-132.39791265370764), np.float64(6.096894514795721), 1.5)]
UEs coordinates: 
[(np.float64(-308.154982542723), np.float64(-10.762236709554386), 1.5)
 (np.float64(-32.29785985473913), np.float64(62.18441814069428), 1.5)
 (np.float64(13.084770650119111), np.float64(290.4497052964059), 1.5)
 (np.float64(280.68412316468385), np.float64(-11.909285358073888), 1.5)
 (np.float64(242.2379616905445), np.float64(24.519003395750552), 1.5)
 (np.float64(-115.77862192322321), np.float64(-317.56607016520957), 1.5)
 (np.float64(-115.03867320289481), np.float64(-281.4408902923104), 1.5)
 (np.float64(-328.4242024190673), np.float64(2.768093483124545), 1.5)
 (np.float64(72.94189188230445), np.float64(8.457151916643625), 1.5)
 (np.float64(27.076040761575683), np.float64(-159.65668899633124), 1.5)
 (np.float64(61.24190267396336), np.float64(226.30770324053995), 1.5)
 (np.float64(-60.904225501061156), np.float64(-254.966861095387), 1.5)
 (np.float64(-109.81103656086754), np.float64(-95.2239623182379), 1.5)
 (np.float64(168.1533495996776), np.float64(222.2149029302593), 1.5)
 (np.float64(7.047650044511727), np.float64(149.05548347634277), 1.5)]
UEs coordinates: 
[(np.float64(309.3445718202486), np.float64(-175.14195597917245), 1.5)
 (np.float64(-270.28154056542706), np.float64(267.269236969614), 1.5)
 (np.float64(21.71161521455293), np.float64(202.81814799080226), 1.5)
 (np.float64(251.34631048400536), np.float64(-129.60770331521584), 1.5)
 (np.float64(42.55633851636752), np.float64(-53.24738818924769), 1.5)
 (np.float64(202.64900969126506), np.float64(-173.133337345322), 1.5)
 (np.float64(-232.59580852508142), np.float64(150.4784740255711), 1.5)
 (np.float64(31.648201453735147), np.float64(86.0899730506598), 1.5)
 (np.float64(-131.7703112646371), np.float64(-286.6300138338962), 1.5)
 (np.float64(190.48905626869214), np.float64(245.7268738853037), 1.5)
 (np.float64(-103.276139212082), np.float64(354.7462743383573), 1.5)
 (np.float64(-179.06360564131023), np.float64(173.11081441500966), 1.5)
 (np.float64(163.6992452054009), np.float64(230.3067432000183), 1.5)
 (np.float64(-56.44868976810474), np.float64(222.12238447518183), 1.5)
 (np.float64(-114.17619373474642), np.float64(240.15748372181724), 1.5)]
DMimo: defining boresights
DMimo: computing relative directions of arrival
DMimo: computing antennas gains
DMimo: computing spatial correlation matrices
DMimo: computing large scale fading coefficients
dh_bs:  17.0
dh_ut:  0.5
fc usando em Hz:  7750000000.0
distance break point:  878.3333333333333
fc usado em GHz:  7.75
Coeficientes K: 
[[0.00000000e+00 0.00000000e+00 0.00000000e+00 0.00000000e+00
  2.00876168e+00 0.00000000e+00 0.00000000e+00 0.00000000e+00
  0.00000000e+00 0.00000000e+00 0.00000000e+00 0.00000000e+00
  0.00000000e+00 1.95062953e+00 0.00000000e+00 0.00000000e+00]
 [0.00000000e+00 0.00000000e+00 1.22678052e+00 6.50612726e-01
  0.00000000e+00 0.00000000e+00 0.00000000e+00 0.00000000e+00
  0.00000000e+00 0.00000000e+00 0.00000000e+00 1.24069233e+01
  0.00000000e+00 0.00000000e+00 0.00000000e+00 0.00000000e+00]
 [0.00000000e+00 0.00000000e+00 8.99780042e+00 0.00000000e+00
  0.00000000e+00 0.00000000e+00 1.66191988e+01 0.00000000e+00
  0.00000000e+00 0.00000000e+00 0.00000000e+00 0.00000000e+00
  0.00000000e+00 0.00000000e+00 0.00000000e+00 0.00000000e+00]
 [0.00000000e+00 0.00000000e+00 4.26688419e+00 0.00000000e+00
  0.00000000e+00 0.00000000e+00 0.00000000e+00 1.10263383e+01
  0.00000000e+00 0.00000000e+00 0.00000000e+00 1.40967693e+00
  0.00000000e+00 0.00000000e+00 0.00000000e+00 0.00000000e+00]
 [0.00000000e+00 0.00000000e+00 0.00000000e+00 0.00000000e+00
  0.00000000e+00 0.00000000e+00 0.00000000e+00 0.00000000e+00
  8.37736681e-02 0.00000000e+00 0.00000000e+00 0.00000000e+00
  3.86080958e+00 0.00000000e+00 0.00000000e+00 0.00000000e+00]
 [0.00000000e+00 0.00000000e+00 0.00000000e+00 0.00000000e+00
  0.00000000e+00 0.00000000e+00 0.00000000e+00 2.57429437e-01
  0.00000000e+00 0.00000000e+00 0.00000000e+00 0.00000000e+00
  0.00000000e+00 0.00000000e+00 0.00000000e+00 0.00000000e+00]
 [0.00000000e+00 0.00000000e+00 0.00000000e+00 0.00000000e+00
  0.00000000e+00 0.00000000e+00 0.00000000e+00 0.00000000e+00
  0.00000000e+00 0.00000000e+00 0.00000000e+00 0.00000000e+00
  0.00000000e+00 0.00000000e+00 1.15610003e+00 2.90519095e-02]
 [0.00000000e+00 0.00000000e+00 0.00000000e+00 0.00000000e+00
  0.00000000e+00 0.00000000e+00 6.10965968e+00 1.19115386e+00
  0.00000000e+00 0.00000000e+00 5.65492901e+00 0.00000000e+00
  0.00000000e+00 0.00000000e+00 0.00000000e+00 0.00000000e+00]
 [7.50563920e+00 0.00000000e+00 0.00000000e+00 0.00000000e+00
  0.00000000e+00 2.37852006e+00 0.00000000e+00 0.00000000e+00
  0.00000000e+00 6.79360698e+00 1.38197385e+01 0.00000000e+00
  0.00000000e+00 0.00000000e+00 1.06356497e+00 0.00000000e+00]
 [0.00000000e+00 0.00000000e+00 0.00000000e+00 0.00000000e+00
  0.00000000e+00 0.00000000e+00 0.00000000e+00 0.00000000e+00
  0.00000000e+00 0.00000000e+00 0.00000000e+00 0.00000000e+00
  0.00000000e+00 0.00000000e+00 0.00000000e+00 0.00000000e+00]
 [0.00000000e+00 0.00000000e+00 0.00000000e+00 0.00000000e+00
  7.15567672e+01 0.00000000e+00 0.00000000e+00 6.22706816e+00
  0.00000000e+00 0.00000000e+00 0.00000000e+00 0.00000000e+00
  0.00000000e+00 0.00000000e+00 0.00000000e+00 5.40501013e-02]
 [0.00000000e+00 0.00000000e+00 0.00000000e+00 0.00000000e+00
  0.00000000e+00 0.00000000e+00 0.00000000e+00 0.00000000e+00
  0.00000000e+00 0.00000000e+00 0.00000000e+00 0.00000000e+00
  0.00000000e+00 0.00000000e+00 0.00000000e+00 0.00000000e+00]
 [0.00000000e+00 0.00000000e+00 4.71044640e-01 0.00000000e+00
  0.00000000e+00 0.00000000e+00 0.00000000e+00 0.00000000e+00
  0.00000000e+00 0.00000000e+00 0.00000000e+00 0.00000000e+00
  0.00000000e+00 0.00000000e+00 0.00000000e+00 0.00000000e+00]
 [0.00000000e+00 0.00000000e+00 0.00000000e+00 0.00000000e+00
  0.00000000e+00 0.00000000e+00 0.00000000e+00 0.00000000e+00
  0.00000000e+00 0.00000000e+00 0.00000000e+00 4.09721087e+00
  0.00000000e+00 0.00000000e+00 0.00000000e+00 0.00000000e+00]
 [0.00000000e+00 0.00000000e+00 0.00000000e+00 1.39926494e+00
  0.00000000e+00 0.00000000e+00 0.00000000e+00 0.00000000e+00
  0.00000000e+00 0.00000000e+00 1.56633604e+01 0.00000000e+00
  0.00000000e+00 0.00000000e+00 0.00000000e+00 0.00000000e+00]]
ls_fading_coeffs:  [[-133.81702403 -136.21883912 -134.61237737 -141.67399187 -103.03106144
  -127.78587304 -131.78348932 -134.65443427 -114.60882004 -122.57172785
  -127.79072757 -136.32997764 -115.66047684 -100.15301278 -128.33044521
  -132.67264864]
 [-128.99623594 -124.06102089  -95.10326478  -94.93065797 -130.11168082
  -123.5693487  -115.60009528 -115.77107505 -132.07251703 -131.14697968
  -128.2777808  -104.6988471  -138.69074507 -133.90090438 -132.52476796
  -134.49751774]
 [-127.90499834 -112.86659977  -90.0303291  -122.53762355 -124.66094049
  -118.28411297  -95.4715002  -128.9562709  -129.90708513 -128.02568143
  -130.78431141 -129.74744576 -135.62702179 -136.72390381 -133.67137475
  -136.28593614]
 [-132.16223496 -127.45379195 -100.26972372 -123.01515221 -129.71089177
  -126.2980411  -118.49439971  -86.62733338 -134.43174058 -128.49395712
  -126.85570844 -101.42796725 -137.96293977 -132.85416518 -135.90284855
  -131.81973749]
 [-139.10541045 -137.36000326 -136.81049598 -137.06735411 -128.38723001
  -131.24492526 -129.88865842 -132.68590695  -98.70347895 -119.95375887
  -125.94557026 -128.96311607  -91.49249067 -107.95383981 -120.29731557
  -129.70194727]
 [-133.38022677 -130.22359917 -126.4928937  -124.22896043 -135.14489502
  -130.77944282 -120.86666995  -80.81006885 -135.54699196 -127.10158031
  -125.06229953 -124.37873742 -134.78185919 -133.55284288 -133.07252009
  -135.04526743]
 [-139.86308074 -135.83888064 -136.42223089 -136.70005244 -133.55695452
  -131.6327782  -130.26806656 -133.55693037 -134.77343045 -126.905873
  -122.8003369  -123.22209006 -127.75809817 -122.16712054  -89.61336388
   -89.86321267]
 [-132.46983082 -129.27617639 -128.16563112 -129.22150443 -128.2927737
  -129.04871895  -97.46589902  -98.55875595 -130.45242786 -119.5459588
   -82.33208955 -118.97925013 -130.80383968 -125.48258615 -124.71249001
  -127.36176673]
 [-102.79884187 -127.6014324  -131.90035829 -133.23205783 -117.87025062
   -94.0370304  -123.25862882 -127.61396052 -114.42436667  -90.54267754
   -99.97404581 -129.73148854 -126.07716112 -128.72112853 -102.5213892
  -136.85656641]
 [-111.1697594  -111.26579444 -122.57879839 -129.34700521 -127.898658
  -123.88827784 -127.3706358  -131.11394797 -131.60340729 -134.51843099
  -132.6092877  -136.28633099 -135.81242269 -137.93908305 -137.61868421
  -140.47770717]
 [-124.16313467 -118.88588387 -120.16096685 -128.84393261  -97.82345687
  -106.78227445 -113.82189658 -101.70910732 -128.43559282 -123.17322465
  -125.36397674 -128.38816816 -133.66895782 -136.06289188 -130.9755557
  -109.15717136]
 [-144.23377044 -142.98161688 -142.66367189 -140.09030113 -140.58127663
  -139.14685307 -142.64917757 -135.76442909 -135.08207413 -131.64668896
  -130.63841313 -129.64747026 -132.27995054 -130.15899884 -127.59938779
  -122.02547614]
 [-125.1767141  -117.40192906  -74.62745042 -117.27061187 -127.7135188
  -124.44115417 -122.17540702 -124.0890616  -134.7660595  -133.84832711
  -133.87780619 -130.61042349 -137.19573284 -137.85278991 -134.51319044
  -135.87276554]
 [-136.62932263 -133.82464801 -133.6181173  -133.08311477 -132.34532813
  -129.41375604 -128.34441524 -126.70925212 -130.21687876 -126.23227333
  -120.3657144   -93.47319037 -134.47732912 -126.11891196 -120.54313735
  -116.3596496 ]
 [-136.06278848 -134.86499148 -130.18709122 -104.66794732 -130.50692034
  -125.6705867  -119.38715974 -118.71930722 -131.67887917 -121.785767
   -93.16739953 -107.4491312  -135.13768307 -130.32029716 -124.05325671
  -125.92831439]]
dh_bs:  17.0
dh_ut:  0.5
fc usando em Hz:  7750000000.0
distance break point:  878.3333333333333
fc usado em GHz:  7.75
Coeficientes K: 
[[0.00000000e+00 0.00000000e+00 0.00000000e+00 0.00000000e+00
  0.00000000e+00 0.00000000e+00 0.00000000e+00 1.02979711e+01
  0.00000000e+00 0.00000000e+00 2.87900720e+01 5.64111857e+00
  0.00000000e+00 0.00000000e+00 0.00000000e+00 3.92794049e+00]
 [0.00000000e+00 0.00000000e+00 0.00000000e+00 0.00000000e+00
  0.00000000e+00 0.00000000e+00 0.00000000e+00 0.00000000e+00
  0.00000000e+00 1.45176901e-01 5.31600024e+00 0.00000000e+00
  0.00000000e+00 0.00000000e+00 0.00000000e+00 0.00000000e+00]
 [0.00000000e+00 0.00000000e+00 5.24333614e-01 0.00000000e+00
  0.00000000e+00 0.00000000e+00 0.00000000e+00 1.18810180e+01
  0.00000000e+00 0.00000000e+00 0.00000000e+00 0.00000000e+00
  0.00000000e+00 0.00000000e+00 0.00000000e+00 0.00000000e+00]
 [0.00000000e+00 1.21643539e+00 0.00000000e+00 0.00000000e+00
  0.00000000e+00 0.00000000e+00 0.00000000e+00 0.00000000e+00
  0.00000000e+00 0.00000000e+00 0.00000000e+00 0.00000000e+00
  0.00000000e+00 0.00000000e+00 0.00000000e+00 0.00000000e+00]
 [0.00000000e+00 0.00000000e+00 0.00000000e+00 0.00000000e+00
  0.00000000e+00 0.00000000e+00 7.15908986e+00 5.58254797e+00
  0.00000000e+00 0.00000000e+00 0.00000000e+00 9.27471662e+00
  0.00000000e+00 0.00000000e+00 0.00000000e+00 0.00000000e+00]
 [0.00000000e+00 0.00000000e+00 0.00000000e+00 0.00000000e+00
  0.00000000e+00 0.00000000e+00 0.00000000e+00 0.00000000e+00
  0.00000000e+00 0.00000000e+00 0.00000000e+00 0.00000000e+00
  0.00000000e+00 0.00000000e+00 0.00000000e+00 0.00000000e+00]
 [0.00000000e+00 0.00000000e+00 0.00000000e+00 0.00000000e+00
  0.00000000e+00 0.00000000e+00 0.00000000e+00 0.00000000e+00
  0.00000000e+00 0.00000000e+00 0.00000000e+00 0.00000000e+00
  0.00000000e+00 0.00000000e+00 2.84895886e+00 0.00000000e+00]
 [0.00000000e+00 0.00000000e+00 0.00000000e+00 0.00000000e+00
  0.00000000e+00 1.10212074e+00 0.00000000e+00 3.94797811e+00
  2.41841695e+00 0.00000000e+00 0.00000000e+00 0.00000000e+00
  0.00000000e+00 0.00000000e+00 0.00000000e+00 0.00000000e+00]
 [0.00000000e+00 0.00000000e+00 2.16300512e+00 1.96157554e-01
  0.00000000e+00 0.00000000e+00 0.00000000e+00 0.00000000e+00
  0.00000000e+00 0.00000000e+00 0.00000000e+00 0.00000000e+00
  0.00000000e+00 0.00000000e+00 0.00000000e+00 0.00000000e+00]
 [9.51607218e-01 1.36900804e+00 0.00000000e+00 0.00000000e+00
  1.65193424e+00 0.00000000e+00 0.00000000e+00 0.00000000e+00
  0.00000000e+00 2.26993798e-01 0.00000000e+00 0.00000000e+00
  0.00000000e+00 0.00000000e+00 0.00000000e+00 0.00000000e+00]
 [0.00000000e+00 0.00000000e+00 0.00000000e+00 0.00000000e+00
  0.00000000e+00 3.29056991e+00 6.22395790e-01 0.00000000e+00
  0.00000000e+00 0.00000000e+00 0.00000000e+00 0.00000000e+00
  1.61372147e+01 0.00000000e+00 0.00000000e+00 0.00000000e+00]
 [0.00000000e+00 0.00000000e+00 3.39385424e+00 0.00000000e+00
  0.00000000e+00 0.00000000e+00 4.83417138e+00 0.00000000e+00
  0.00000000e+00 0.00000000e+00 0.00000000e+00 0.00000000e+00
  0.00000000e+00 0.00000000e+00 0.00000000e+00 0.00000000e+00]
 [0.00000000e+00 6.59806312e+00 0.00000000e+00 0.00000000e+00
  0.00000000e+00 0.00000000e+00 0.00000000e+00 0.00000000e+00
  0.00000000e+00 0.00000000e+00 0.00000000e+00 0.00000000e+00
  1.87950548e+00 0.00000000e+00 0.00000000e+00 0.00000000e+00]
 [6.22105332e+00 0.00000000e+00 0.00000000e+00 0.00000000e+00
  0.00000000e+00 0.00000000e+00 0.00000000e+00 0.00000000e+00
  0.00000000e+00 0.00000000e+00 0.00000000e+00 0.00000000e+00
  6.63939879e+00 0.00000000e+00 0.00000000e+00 0.00000000e+00]
 [3.47214686e+02 1.48942963e-01 0.00000000e+00 0.00000000e+00
  0.00000000e+00 0.00000000e+00 9.90900469e-01 0.00000000e+00
  0.00000000e+00 0.00000000e+00 0.00000000e+00 0.00000000e+00
  0.00000000e+00 0.00000000e+00 0.00000000e+00 0.00000000e+00]]
ls_fading_coeffs:  [[-135.11815996 -135.27840759 -133.22920329 -131.69229746 -134.84946956
  -131.8317441  -123.81156981  -98.82607107 -131.54698968 -125.59257266
   -97.0513132   -76.75663076 -131.69953741 -127.63083281 -122.5045737
   -96.65910871]
 [-133.35890285 -134.54504865 -133.48271289 -138.42941788 -129.78117088
  -126.11822286 -126.24741231 -129.15132365 -123.0940729   -93.46533159
   -90.91273098 -123.22867875 -123.91606473 -116.57938436 -118.07857354
  -123.98684198]
 [-132.28844559 -129.57561525  -99.57895081 -120.55147752 -133.05584556
  -127.41168083 -117.00970608  -73.84992559 -131.45862328 -130.6895602
  -124.26473489 -122.2099042  -135.27405302 -134.55605118 -134.58703209
  -130.13304863]
 [-117.03784663  -85.45186093 -117.02803955 -126.8089644  -126.03945166
  -122.25669836 -125.3553466  -128.26771631 -132.31344348 -132.31420222
  -134.15031815 -133.93662429 -137.84930605 -135.38838338 -138.28118203
  -136.27579647]
 [-132.32709313 -124.51626111 -121.66072116 -123.04718509 -130.47428121
  -127.62192894  -87.18855639  -89.41196798 -133.83895203 -128.36273958
  -122.78016265 -100.81315112 -137.08025681 -135.31738448 -130.13541809
  -130.69375236]
 [-113.31581714 -109.07839484 -124.12555753 -127.79449042 -117.80347627
  -120.04418707 -125.07705569 -129.49065714 -127.52790873 -129.90248114
  -133.94418807 -133.24514527 -133.81688863 -133.98098945 -140.8279346
  -135.93384389]
 [-135.75155634 -137.83724436 -137.22372576 -140.96813416 -131.8781505
  -130.56796329 -133.5928913  -134.37701462 -124.85511693 -126.76654467
  -125.44804158 -129.56859436 -117.30307484 -104.68915593  -97.50392785
  -130.27533782]
 [-132.22436592 -128.52275497 -126.35305906 -122.92666515 -131.08228338
   -99.56948667 -112.83062501  -82.43152663 -105.73723449 -128.83849368
  -123.06040925 -123.04905766 -133.59646404 -132.87478578 -129.95759882
  -132.15794333]
 [-125.52735882 -106.07273102  -88.82288467  -99.67104238 -127.51219646
  -122.6645871  -121.62176861 -127.04086729 -134.63642626 -130.04632173
  -131.17200421 -134.21999125 -137.48848684 -135.13230621 -136.4415793
  -136.43794415]
 [ -94.91560538  -75.16941486 -118.19406056 -126.59548066  -99.55735654
  -122.35353114 -124.75942725 -133.79377847 -130.47123082 -104.97700027
  -130.24338959 -133.58742717 -139.80622319 -134.84423023 -136.17166287
  -138.4303481 ]
 [-129.52870436 -124.79074541 -122.13174494 -127.10867591 -125.64765564
   -90.98699228  -86.09944146 -122.82249874 -126.37071284 -121.45627175
  -119.48522289 -126.71252272 -105.43072615 -130.5207372  -130.90490944
  -131.69429183]
 [-128.53060376 -119.44356025  -85.44889301 -117.23054704 -127.00470541
  -123.78073319  -96.19790179 -119.57996721 -132.31950637 -133.35200282
  -130.39511113 -129.07477642 -136.18086435 -136.52405857 -134.05369553
  -137.55924927]
 [-118.80908576  -84.35140967 -112.18638587 -122.78962839 -125.16881371
  -124.96387262 -128.31477969 -128.09218145 -131.62443189 -130.56029846
  -131.52888128 -131.94399555 -108.28762308 -135.04096675 -136.40018342
  -137.56981635]
 [ -85.69625798 -112.19420593 -123.07069488 -133.013469   -119.38456965
  -122.98796316 -125.55970871 -133.62386842 -129.76922859 -129.10301305
  -133.07359307 -136.31201485 -110.05543459 -133.76798824 -136.46280848
  -136.19341468]
 [ -86.64213883  -97.1033597  -126.59321413 -132.34811546 -117.07111763
  -124.48450891 -103.74753835 -133.21722723 -127.73462074 -132.53359306
  -133.94531088 -134.60563488 -135.93178676 -134.81416678 -135.08549046
  -137.40185302]]
dh_bs:  17.0
dh_ut:  0.5
fc usando em Hz:  7750000000.0
distance break point:  878.3333333333333
fc usado em GHz:  7.75
Coeficientes K: 
[[0.00000000e+00 0.00000000e+00 0.00000000e+00 0.00000000e+00
  0.00000000e+00 0.00000000e+00 0.00000000e+00 0.00000000e+00
  0.00000000e+00 4.59104372e+00 0.00000000e+00 0.00000000e+00
  0.00000000e+00 6.94844399e+00 0.00000000e+00 0.00000000e+00]
 [0.00000000e+00 9.38472264e-01 0.00000000e+00 0.00000000e+00
  0.00000000e+00 0.00000000e+00 0.00000000e+00 0.00000000e+00
  0.00000000e+00 0.00000000e+00 0.00000000e+00 0.00000000e+00
  0.00000000e+00 0.00000000e+00 0.00000000e+00 0.00000000e+00]
 [0.00000000e+00 0.00000000e+00 0.00000000e+00 2.69650443e+01
  0.00000000e+00 0.00000000e+00 0.00000000e+00 0.00000000e+00
  0.00000000e+00 0.00000000e+00 0.00000000e+00 2.54999337e+00
  8.20029203e-02 0.00000000e+00 0.00000000e+00 1.45321149e+00]
 [0.00000000e+00 0.00000000e+00 1.25735779e+01 0.00000000e+00
  0.00000000e+00 1.36989769e+00 0.00000000e+00 0.00000000e+00
  0.00000000e+00 0.00000000e+00 0.00000000e+00 0.00000000e+00
  0.00000000e+00 0.00000000e+00 0.00000000e+00 0.00000000e+00]
 [0.00000000e+00 0.00000000e+00 9.48766038e+01 0.00000000e+00
  0.00000000e+00 0.00000000e+00 0.00000000e+00 0.00000000e+00
  0.00000000e+00 0.00000000e+00 0.00000000e+00 0.00000000e+00
  0.00000000e+00 0.00000000e+00 0.00000000e+00 0.00000000e+00]
 [0.00000000e+00 0.00000000e+00 0.00000000e+00 3.70015023e+01
  0.00000000e+00 0.00000000e+00 0.00000000e+00 1.13676864e+00
  0.00000000e+00 0.00000000e+00 1.86737912e+00 0.00000000e+00
  0.00000000e+00 0.00000000e+00 0.00000000e+00 0.00000000e+00]
 [0.00000000e+00 0.00000000e+00 0.00000000e+00 0.00000000e+00
  0.00000000e+00 3.70758996e+01 0.00000000e+00 1.66625458e+00
  2.87037177e+01 9.11902555e+01 0.00000000e+00 0.00000000e+00
  1.84260181e+00 0.00000000e+00 0.00000000e+00 0.00000000e+00]
 [0.00000000e+00 0.00000000e+00 0.00000000e+00 0.00000000e+00
  0.00000000e+00 0.00000000e+00 0.00000000e+00 0.00000000e+00
  8.84673904e+00 0.00000000e+00 0.00000000e+00 0.00000000e+00
  5.54663781e+00 0.00000000e+00 0.00000000e+00 0.00000000e+00]
 [2.47992446e+01 0.00000000e+00 0.00000000e+00 0.00000000e+00
  0.00000000e+00 0.00000000e+00 0.00000000e+00 0.00000000e+00
  0.00000000e+00 0.00000000e+00 0.00000000e+00 0.00000000e+00
  0.00000000e+00 0.00000000e+00 0.00000000e+00 0.00000000e+00]
 [0.00000000e+00 0.00000000e+00 0.00000000e+00 0.00000000e+00
  1.33123296e+01 0.00000000e+00 0.00000000e+00 0.00000000e+00
  0.00000000e+00 0.00000000e+00 0.00000000e+00 0.00000000e+00
  0.00000000e+00 0.00000000e+00 0.00000000e+00 1.27845598e+01]
 [0.00000000e+00 0.00000000e+00 0.00000000e+00 0.00000000e+00
  9.39797676e+00 1.47873308e-02 0.00000000e+00 0.00000000e+00
  0.00000000e+00 6.81637582e+00 0.00000000e+00 0.00000000e+00
  0.00000000e+00 2.04747876e+00 0.00000000e+00 0.00000000e+00]
 [0.00000000e+00 0.00000000e+00 2.27134503e+00 2.57160362e-01
  0.00000000e+00 3.27336659e+00 0.00000000e+00 2.04918456e-01
  0.00000000e+00 0.00000000e+00 1.99908322e+01 0.00000000e+00
  7.04196090e+00 0.00000000e+00 0.00000000e+00 0.00000000e+00]
 [0.00000000e+00 1.06062030e+00 0.00000000e+00 8.67855523e+00
  0.00000000e+00 0.00000000e+00 0.00000000e+00 0.00000000e+00
  0.00000000e+00 0.00000000e+00 0.00000000e+00 0.00000000e+00
  0.00000000e+00 0.00000000e+00 0.00000000e+00 6.00268893e+00]
 [0.00000000e+00 0.00000000e+00 0.00000000e+00 0.00000000e+00
  0.00000000e+00 0.00000000e+00 0.00000000e+00 0.00000000e+00
  0.00000000e+00 0.00000000e+00 1.67610869e+00 0.00000000e+00
  0.00000000e+00 0.00000000e+00 0.00000000e+00 9.99481218e+00]
 [0.00000000e+00 0.00000000e+00 0.00000000e+00 0.00000000e+00
  0.00000000e+00 0.00000000e+00 0.00000000e+00 0.00000000e+00
  0.00000000e+00 0.00000000e+00 1.49584849e-01 0.00000000e+00
  0.00000000e+00 0.00000000e+00 0.00000000e+00 0.00000000e+00]]
ls_fading_coeffs:  [[-138.26646422 -134.47713404 -136.55595108 -138.59184242 -132.62752434
  -131.78730584 -131.2846831  -131.43564376 -127.58536299 -102.32922531
  -123.39239537 -128.15331735 -119.59389871  -78.00712691 -115.90538514
  -123.69282524]
 [-114.5264726   -93.65178776 -121.30972729 -128.59527936 -119.75495922
  -117.2418543  -123.57018962 -131.54372234 -127.73714048 -130.84590628
  -130.50219012 -131.10604494 -133.90661116 -134.80025944 -134.63041031
  -136.10036239]
 [-137.20430658 -136.64796432 -132.78007912 -106.80476443 -132.7762271
  -130.79136089 -125.74346311 -125.25195387 -130.9457494  -128.36910773
  -121.16605048  -84.38399118 -107.98424409 -130.01544643 -125.03344032
   -94.58479988]
 [-129.24310794 -122.61916766  -95.4544458  -121.6164414  -122.97652564
   -92.345533   -108.53546287 -119.82862239 -129.20907725 -129.49663798
  -125.9927019  -126.70930171 -133.7967363  -132.11531186 -131.77801171
  -132.62055629]
 [-129.90799543 -126.98314257 -101.69293556 -127.81274723 -125.9892123
  -119.12090411 -114.36483546 -124.14299512 -129.79897456 -119.34697308
  -112.27142018 -121.61355889 -129.39660094 -130.39740943 -127.5928549
  -129.08102845]
 [-129.7494854  -129.90057496 -118.91155545  -76.68154494 -131.79397979
  -128.3904706  -126.07407572 -100.62217272 -134.08745425 -134.18799125
  -105.09536914 -130.82507405 -140.11948195 -139.72118    -139.0252637
  -137.1384989 ]
 [-130.67269562 -128.63624122 -133.47770781 -137.55790147 -116.38754505
   -97.6603744  -126.83407102 -105.60993881  -85.81920613  -94.86695261
  -127.23664556 -131.88793424 -101.83611044 -126.57194073 -128.86913535
  -135.1790487 ]
 [-132.71932994 -134.45109762 -135.68489925 -135.39707364 -130.90330685
  -125.30554278 -130.68719374 -132.62681851  -91.33246249 -114.05550411
  -123.20492655 -133.56182114  -95.67495514 -120.93538575 -123.7062429
  -132.92632137]
 [ -97.7768002  -127.68487158 -129.74632421 -136.19690759 -116.83123971
  -124.40936923 -129.29711289 -134.87635186 -124.76867002 -129.85854013
  -135.55164391 -136.55452235 -136.31023547 -132.67374877 -137.37424427
  -137.21123734]
 [-137.12691536 -140.35304399 -136.27712873 -136.2757668  -107.49553034
  -135.57935541 -135.17217098 -130.60862896 -132.41826857 -127.358674
  -123.00481217 -124.14001284 -131.83814842 -127.42646659 -116.64589049
   -76.31581772]
 [-128.19491206 -126.91740488 -126.7531189  -129.63417755  -99.35221223
   -92.97930426 -116.83769283 -124.96265601 -120.8259971   -92.46496076
  -119.83309149 -126.60437831 -131.63957665 -103.91666779 -127.6241212
  -129.13426269]
 [-136.29127995 -128.04514886  -96.91299863  -87.02186277 -136.54561391
  -103.61133188 -121.96426037  -95.6867046  -133.70221267 -134.62810419
  -103.32766394 -128.27759554 -111.57142611 -135.2450692  -141.50476738
  -136.84564318]
 [-130.96489461 -100.93991843 -118.18798542  -80.94801216 -131.40278208
  -127.52128542 -121.37672599 -119.58035181 -135.10908502 -131.11103824
  -129.8979766  -129.7451245  -136.70878184 -136.51670876 -136.52866435
  -107.58079003]
 [-140.85512831 -139.15419062 -140.16803089 -139.72935992 -136.91409367
  -132.89151679 -132.61987139 -131.27531424 -134.39032195 -128.29920793
  -101.60996511 -124.76127379 -128.64858341 -122.33432245 -116.17422368
   -88.62711551]
 [-133.83902214 -132.99681825 -130.81416111 -131.05284961 -127.86255843
  -121.79262485 -123.47415716 -124.76771303 -126.17029046 -119.6165053
   -79.88348629 -116.69653465 -130.57663327 -125.19499276 -122.59824301
  -130.0435979 ]]
dh_bs:  17.0
dh_ut:  0.5
fc usando em Hz:  7750000000.0
distance break point:  878.3333333333333
fc usado em GHz:  7.75
Coeficientes K: 
[[0.00000000e+00 0.00000000e+00 0.00000000e+00 0.00000000e+00
  0.00000000e+00 0.00000000e+00 0.00000000e+00 0.00000000e+00
  0.00000000e+00 0.00000000e+00 0.00000000e+00 9.04562906e+01
  0.00000000e+00 0.00000000e+00 1.25015207e+01 0.00000000e+00]
 [0.00000000e+00 0.00000000e+00 0.00000000e+00 0.00000000e+00
  0.00000000e+00 1.12537790e+00 0.00000000e+00 9.71143590e+01
  0.00000000e+00 0.00000000e+00 0.00000000e+00 0.00000000e+00
  0.00000000e+00 0.00000000e+00 0.00000000e+00 0.00000000e+00]
 [0.00000000e+00 0.00000000e+00 0.00000000e+00 0.00000000e+00
  0.00000000e+00 0.00000000e+00 0.00000000e+00 9.58326798e-01
  0.00000000e+00 0.00000000e+00 3.97583620e-01 0.00000000e+00
  0.00000000e+00 0.00000000e+00 0.00000000e+00 0.00000000e+00]
 [0.00000000e+00 0.00000000e+00 0.00000000e+00 0.00000000e+00
  0.00000000e+00 0.00000000e+00 0.00000000e+00 0.00000000e+00
  3.32445190e+00 0.00000000e+00 0.00000000e+00 0.00000000e+00
  0.00000000e+00 0.00000000e+00 0.00000000e+00 0.00000000e+00]
 [0.00000000e+00 0.00000000e+00 0.00000000e+00 0.00000000e+00
  5.40289494e+00 0.00000000e+00 0.00000000e+00 0.00000000e+00
  1.96216005e-01 0.00000000e+00 0.00000000e+00 0.00000000e+00
  0.00000000e+00 0.00000000e+00 3.47198216e+00 0.00000000e+00]
 [0.00000000e+00 0.00000000e+00 0.00000000e+00 0.00000000e+00
  0.00000000e+00 0.00000000e+00 0.00000000e+00 0.00000000e+00
  3.79052087e+01 0.00000000e+00 0.00000000e+00 0.00000000e+00
  0.00000000e+00 2.87418649e+00 0.00000000e+00 0.00000000e+00]
 [0.00000000e+00 0.00000000e+00 0.00000000e+00 0.00000000e+00
  0.00000000e+00 3.12827481e-01 0.00000000e+00 0.00000000e+00
  0.00000000e+00 0.00000000e+00 8.82838806e-01 0.00000000e+00
  0.00000000e+00 0.00000000e+00 0.00000000e+00 0.00000000e+00]
 [0.00000000e+00 1.20058182e+01 0.00000000e+00 0.00000000e+00
  0.00000000e+00 0.00000000e+00 0.00000000e+00 0.00000000e+00
  0.00000000e+00 0.00000000e+00 0.00000000e+00 0.00000000e+00
  0.00000000e+00 0.00000000e+00 0.00000000e+00 0.00000000e+00]
 [8.44775011e+00 2.22122443e+01 0.00000000e+00 0.00000000e+00
  0.00000000e+00 0.00000000e+00 0.00000000e+00 0.00000000e+00
  0.00000000e+00 0.00000000e+00 0.00000000e+00 0.00000000e+00
  0.00000000e+00 0.00000000e+00 0.00000000e+00 0.00000000e+00]
 [0.00000000e+00 0.00000000e+00 0.00000000e+00 0.00000000e+00
  0.00000000e+00 0.00000000e+00 0.00000000e+00 1.45771593e+03
  0.00000000e+00 0.00000000e+00 0.00000000e+00 1.22307218e+00
  0.00000000e+00 0.00000000e+00 0.00000000e+00 0.00000000e+00]
 [0.00000000e+00 0.00000000e+00 0.00000000e+00 0.00000000e+00
  0.00000000e+00 0.00000000e+00 0.00000000e+00 0.00000000e+00
  1.07810638e+00 0.00000000e+00 0.00000000e+00 0.00000000e+00
  0.00000000e+00 5.16248743e+00 0.00000000e+00 0.00000000e+00]
 [0.00000000e+00 0.00000000e+00 0.00000000e+00 0.00000000e+00
  0.00000000e+00 0.00000000e+00 0.00000000e+00 0.00000000e+00
  0.00000000e+00 0.00000000e+00 0.00000000e+00 3.91683636e+00
  1.10067337e+01 0.00000000e+00 0.00000000e+00 0.00000000e+00]
 [0.00000000e+00 0.00000000e+00 0.00000000e+00 0.00000000e+00
  0.00000000e+00 0.00000000e+00 0.00000000e+00 0.00000000e+00
  0.00000000e+00 0.00000000e+00 6.10117568e-02 0.00000000e+00
  0.00000000e+00 0.00000000e+00 0.00000000e+00 0.00000000e+00]
 [0.00000000e+00 0.00000000e+00 0.00000000e+00 0.00000000e+00
  0.00000000e+00 0.00000000e+00 0.00000000e+00 0.00000000e+00
  1.22514079e+00 9.77124027e+00 0.00000000e+00 0.00000000e+00
  0.00000000e+00 0.00000000e+00 0.00000000e+00 0.00000000e+00]
 [0.00000000e+00 0.00000000e+00 0.00000000e+00 0.00000000e+00
  0.00000000e+00 0.00000000e+00 0.00000000e+00 0.00000000e+00
  0.00000000e+00 0.00000000e+00 0.00000000e+00 0.00000000e+00
  0.00000000e+00 0.00000000e+00 0.00000000e+00 0.00000000e+00]]
ls_fading_coeffs:  [[-135.5236193  -137.98730951 -134.36454914 -131.34762129 -133.8945082
  -129.88395054 -129.84417945 -122.99513042 -134.66439598 -129.92694402
  -126.22523749  -89.06799276 -134.97429826 -133.74884342 -102.41791489
  -122.08002507]
 [-130.1227356  -127.05540698 -118.78302472 -118.48682064 -133.19604513
  -101.85548626 -113.71613826  -88.47948613 -133.85147666 -128.1866546
  -127.2139512  -126.52748836 -135.02130404 -136.44002403 -132.29524777
  -136.38139553]
 [-131.95899569 -131.70006544 -125.8512166  -121.28621492 -134.43762419
  -124.83426034 -117.80173832  -74.82425911 -133.81501033 -129.56484667
  -101.46630955 -120.4698049  -137.8673718  -133.78695653 -130.6975465
  -130.2787321 ]
 [-139.05784385 -136.27813667 -138.43254001 -137.92616036 -130.05233482
  -130.90701638 -133.54678763 -135.52150328 -102.13087262 -127.86872273
  -131.49330503 -133.35667794 -108.01604864 -121.19366454 -128.80290809
  -135.82073494]
 [-130.96007056 -126.85042211 -130.92151999 -134.38932342  -88.72329987
  -116.67770625 -126.66226358 -129.84133678  -93.91691199 -119.99177596
  -126.117282   -130.86344765 -130.63289738 -128.90313763 -107.53794855
  -133.07234073]
 [-134.28714641 -135.80560918 -135.09766904 -137.18782207 -132.03544723
  -128.75377107 -130.9460947  -131.15224421  -98.56307524 -114.45687985
  -124.44118518 -132.19026033 -119.53582097  -88.10068425 -117.33161179
  -125.59899314]
 [-141.57266926 -138.70351413 -134.69177505 -133.19445977 -134.83284323
  -106.54497405 -129.30696048 -126.32241657 -132.82546773 -129.20131062
   -99.76561595 -114.5776856  -133.88826399 -131.13446606 -121.04157757
  -113.7003798 ]
 [-120.00561798  -88.47263428 -111.14141908 -123.75035763 -128.85484221
  -119.91899599 -119.80147815 -130.53037744 -132.76471232 -131.97989475
  -129.1875868  -131.15733844 -136.69092575 -139.40889645 -136.14098968
  -135.01601156]
 [ -95.72281406  -88.61333966 -117.64119083 -127.21048521 -121.20760742
  -117.28649669 -119.93394845 -135.36670562 -129.80693725 -131.64579917
  -130.78888096 -133.45644726 -133.7639391  -138.76911876 -134.62903471
  -138.88586255]
 [-136.53036572 -133.65560452 -135.42913682 -138.28156739 -133.28025313
  -133.18531857 -127.89850441  -99.59476339 -137.52971383 -126.62805481
  -121.67424469  -85.80314171 -133.45887858 -128.16565158 -120.55119474
  -115.52134169]
 [-135.20842634 -134.58121478 -137.83810353 -140.47838158 -129.19082146
  -130.30854899 -130.26055805 -136.37245584  -96.59244834 -119.99041226
  -129.41123573 -131.06393957 -106.96646522  -89.24255685 -125.91926836
  -133.63746286]
 [-139.37154973 -136.60527299 -136.57933733 -137.93886524 -132.42574872
  -135.64765464 -133.82131472 -134.93515126 -126.39481176 -126.33056145
  -130.23858052 -106.57715182  -87.39238244 -115.11922283 -126.18684637
  -132.48443219]
 [-140.55309793 -135.59893763 -133.58356165 -135.11171203 -138.9568312
  -133.8604301  -128.09743602 -129.11630861 -132.53387575 -128.41954123
   -98.29079579 -115.45988813 -137.42137063 -127.88032977 -119.9999411
  -109.01237562]
 [-131.69430908 -130.56637921 -132.80552792 -134.99725428 -126.23465113
  -124.3949473  -128.10913739 -131.81250437  -72.93366011  -92.69972377
  -124.0082779  -130.75350088 -124.92604869 -122.45907249 -129.16916782
  -131.89615915]
 [-140.30122856 -137.75645642 -137.46676893 -139.61572708 -139.38018894
  -135.32510697 -134.13939901 -134.74370823 -139.12933162 -132.78532836
  -129.70877871 -132.07433883 -131.79004697 -128.49255013 -122.15297784
  -112.80026474]]
dh_bs:  17.0
dh_ut:  0.5
fc usando em Hz:  7750000000.0
distance break point:  878.3333333333333
fc usado em GHz:  7.75
Coeficientes K: 
[[0.00000000e+00 0.00000000e+00 0.00000000e+00 0.00000000e+00
  0.00000000e+00 0.00000000e+00 0.00000000e+00 1.11473149e+01
  0.00000000e+00 1.96638951e+01 0.00000000e+00 0.00000000e+00
  0.00000000e+00 0.00000000e+00 1.39816646e+00 0.00000000e+00]
 [0.00000000e+00 0.00000000e+00 0.00000000e+00 0.00000000e+00
  0.00000000e+00 0.00000000e+00 2.31201034e-01 0.00000000e+00
  0.00000000e+00 0.00000000e+00 0.00000000e+00 9.15083196e+02
  0.00000000e+00 0.00000000e+00 0.00000000e+00 0.00000000e+00]
 [0.00000000e+00 0.00000000e+00 0.00000000e+00 0.00000000e+00
  0.00000000e+00 0.00000000e+00 0.00000000e+00 0.00000000e+00
  0.00000000e+00 2.41075367e+01 0.00000000e+00 5.10163934e+02
  0.00000000e+00 0.00000000e+00 0.00000000e+00 0.00000000e+00]
 [0.00000000e+00 0.00000000e+00 0.00000000e+00 0.00000000e+00
  0.00000000e+00 5.37238191e-01 4.12468449e+00 0.00000000e+00
  0.00000000e+00 0.00000000e+00 0.00000000e+00 4.44241771e+00
  0.00000000e+00 0.00000000e+00 0.00000000e+00 0.00000000e+00]
 [0.00000000e+00 0.00000000e+00 0.00000000e+00 0.00000000e+00
  0.00000000e+00 0.00000000e+00 0.00000000e+00 0.00000000e+00
  0.00000000e+00 0.00000000e+00 8.18173492e+00 0.00000000e+00
  0.00000000e+00 0.00000000e+00 0.00000000e+00 1.34138059e+00]
 [0.00000000e+00 0.00000000e+00 0.00000000e+00 4.85492101e-01
  0.00000000e+00 0.00000000e+00 2.77202007e-01 0.00000000e+00
  0.00000000e+00 0.00000000e+00 0.00000000e+00 0.00000000e+00
  0.00000000e+00 0.00000000e+00 0.00000000e+00 0.00000000e+00]
 [0.00000000e+00 0.00000000e+00 0.00000000e+00 0.00000000e+00
  0.00000000e+00 0.00000000e+00 0.00000000e+00 0.00000000e+00
  0.00000000e+00 0.00000000e+00 0.00000000e+00 0.00000000e+00
  3.04306195e+00 7.96742907e+00 0.00000000e+00 8.53130320e-01]
 [0.00000000e+00 0.00000000e+00 0.00000000e+00 0.00000000e+00
  0.00000000e+00 0.00000000e+00 0.00000000e+00 0.00000000e+00
  0.00000000e+00 0.00000000e+00 0.00000000e+00 1.94878148e+02
  0.00000000e+00 0.00000000e+00 0.00000000e+00 0.00000000e+00]
 [0.00000000e+00 2.54127400e+00 0.00000000e+00 0.00000000e+00
  0.00000000e+00 0.00000000e+00 7.05716987e+00 1.35642127e-01
  0.00000000e+00 0.00000000e+00 0.00000000e+00 0.00000000e+00
  0.00000000e+00 2.75992349e+00 0.00000000e+00 0.00000000e+00]
 [0.00000000e+00 7.51684660e-01 0.00000000e+00 0.00000000e+00
  0.00000000e+00 0.00000000e+00 0.00000000e+00 0.00000000e+00
  0.00000000e+00 3.64162523e+01 0.00000000e+00 0.00000000e+00
  0.00000000e+00 0.00000000e+00 0.00000000e+00 0.00000000e+00]
 [0.00000000e+00 0.00000000e+00 0.00000000e+00 2.12126822e+02
  0.00000000e+00 0.00000000e+00 0.00000000e+00 0.00000000e+00
  0.00000000e+00 2.90377515e+00 0.00000000e+00 0.00000000e+00
  0.00000000e+00 0.00000000e+00 0.00000000e+00 0.00000000e+00]
 [0.00000000e+00 0.00000000e+00 0.00000000e+00 0.00000000e+00
  0.00000000e+00 0.00000000e+00 0.00000000e+00 0.00000000e+00
  0.00000000e+00 0.00000000e+00 1.51997518e+00 0.00000000e+00
  0.00000000e+00 0.00000000e+00 0.00000000e+00 0.00000000e+00]
 [0.00000000e+00 0.00000000e+00 0.00000000e+00 0.00000000e+00
  0.00000000e+00 0.00000000e+00 0.00000000e+00 0.00000000e+00
  0.00000000e+00 6.43087975e+01 0.00000000e+00 0.00000000e+00
  0.00000000e+00 1.46608980e-01 6.00765240e+00 0.00000000e+00]
 [0.00000000e+00 0.00000000e+00 0.00000000e+00 0.00000000e+00
  0.00000000e+00 0.00000000e+00 0.00000000e+00 0.00000000e+00
  0.00000000e+00 0.00000000e+00 0.00000000e+00 0.00000000e+00
  9.18772782e-02 0.00000000e+00 0.00000000e+00 0.00000000e+00]
 [0.00000000e+00 0.00000000e+00 0.00000000e+00 0.00000000e+00
  0.00000000e+00 0.00000000e+00 0.00000000e+00 0.00000000e+00
  0.00000000e+00 0.00000000e+00 0.00000000e+00 0.00000000e+00
  0.00000000e+00 0.00000000e+00 0.00000000e+00 0.00000000e+00]]
ls_fading_coeffs:  [[-130.75203348 -126.03475014 -129.33649842 -130.70028223 -120.56695805
  -113.54409076 -119.15447529 -100.1916282  -123.15938242  -93.23472415
  -121.91133072 -126.79182018 -133.27019396 -128.0355044  -102.21776627
  -132.25562915]
 [-134.91511501 -135.89279493 -132.29987739 -127.46827858 -135.75738957
  -131.11782393 -100.45233632 -120.52155792 -138.65024726 -130.57021813
  -124.49404995  -92.05063387 -137.4093224  -132.07652148 -130.55650826
  -124.76533275]
 [-131.1029526  -128.07457045 -128.07515221 -128.06389309 -127.75217307
  -120.84433525 -115.45939678 -122.17241654 -130.09459194  -99.04872642
  -113.38370816  -93.23987634 -130.01086803 -126.96128798 -126.95349133
  -130.28530735]
 [-127.74728509 -127.54099087 -119.96658419 -125.17836389 -128.89479183
   -94.76812907  -72.44922296 -115.81212831 -127.920249   -125.97787928
  -121.28975283 -100.04777602 -134.45026085 -131.68312889 -131.50406758
  -136.33437734]
 [-141.39474374 -137.29268919 -135.97569699 -135.2235012  -134.37154771
  -135.07319325 -129.57473519 -126.9040263  -134.71531651 -129.94763123
  -100.32023508 -116.31757577 -132.12050752 -128.60337787 -121.46633863
   -90.88651943]
 [-129.32550588 -118.17999187 -119.74418066  -99.01601422 -123.10068571
  -115.5520433   -87.70711301 -120.04791414 -128.68238581 -127.4017623
  -123.55097558 -126.59395301 -137.7326159  -133.63535594 -136.02432123
  -133.55140255]
 [-134.28628939 -133.54682244 -135.67268655 -136.91483063 -128.56384532
  -128.44796207 -131.06832119 -132.69408399 -118.15192395 -120.25757502
  -131.10626778 -132.70331993  -89.42738253  -91.38583785 -125.16708538
  -103.59718793]
 [-137.3263902  -132.5271771  -134.36629443 -130.22205928 -133.35966135
  -128.98395582 -125.88405405 -131.87308553 -129.79810972 -124.34164006
  -111.08543961  -85.25022455 -135.81725058 -126.49675428 -119.69396784
  -120.32746125]
 [-135.62188698 -108.62416064 -136.19522728 -137.67362461 -129.35556666
  -129.19073271 -105.90278692 -105.30602217 -119.10861315 -118.12899448
  -124.30583517 -129.78072429 -121.18798086  -89.41461178 -125.67276008
  -127.48082126]
 [-116.18838956  -82.55062398 -123.7121727  -126.84546612 -128.551723
  -128.03901488 -128.2399902  -128.45115386 -130.9911376  -105.34819368
  -131.49333139 -135.42741077 -137.3217097  -137.10182677 -137.94255849
  -141.21659145]
 [-129.35256794 -134.8040932  -132.46722108 -108.19617278 -121.89395729
  -120.71867186 -126.6560136  -130.12966688 -113.14339416  -84.9982398
  -123.55537094 -128.57521007 -121.80496528 -122.00794246 -125.31594424
  -131.26290381]
 [-135.73657451 -134.80307229 -137.5882265  -135.88361646 -136.26776862
  -130.75247384 -133.73602608 -126.37657874 -130.4390732  -124.52883292
   -96.74906325 -116.69974442 -128.67427545 -124.99477948 -118.54832469
  -113.79280711]
 [-136.9100953  -133.41045019 -137.46495346 -135.35213584 -128.51400773
  -127.11621825 -126.81143093 -129.11862286 -121.52611632  -91.8279229
  -118.28121832 -124.86409232 -121.55605841  -90.24297123  -97.7571821
  -124.62434867]
 [-134.12485033 -134.21953569 -135.45003308 -138.67787421 -131.0416357
  -130.88797853 -134.04479916 -137.13469369 -118.61924597 -128.41693825
  -131.93416233 -138.53381183  -94.73388811 -123.70437961 -131.56592494
  -133.13959536]
 [-130.08499257 -124.22356377 -111.97354907 -109.58097216 -130.33497489
  -127.99079647 -125.23751593 -124.28195388 -134.56795018 -135.49917251
  -131.68485973 -136.32853561 -142.0819145  -135.93286743 -137.93197925
  -136.14186611]]
dh_bs:  17.0
dh_ut:  0.5
fc usando em Hz:  7750000000.0
distance break point:  878.3333333333333
fc usado em GHz:  7.75
Coeficientes K: 
[[0.00000000e+00 0.00000000e+00 0.00000000e+00 0.00000000e+00
  0.00000000e+00 0.00000000e+00 0.00000000e+00 0.00000000e+00
  0.00000000e+00 0.00000000e+00 0.00000000e+00 0.00000000e+00
  0.00000000e+00 0.00000000e+00 0.00000000e+00 0.00000000e+00]
 [0.00000000e+00 0.00000000e+00 0.00000000e+00 8.83415700e-02
  0.00000000e+00 0.00000000e+00 0.00000000e+00 0.00000000e+00
  0.00000000e+00 0.00000000e+00 4.71661565e+01 0.00000000e+00
  0.00000000e+00 0.00000000e+00 1.28084645e+01 0.00000000e+00]
 [0.00000000e+00 0.00000000e+00 0.00000000e+00 0.00000000e+00
  0.00000000e+00 0.00000000e+00 4.81674700e+00 0.00000000e+00
  0.00000000e+00 0.00000000e+00 0.00000000e+00 0.00000000e+00
  0.00000000e+00 6.48594605e+00 0.00000000e+00 0.00000000e+00]
 [0.00000000e+00 0.00000000e+00 0.00000000e+00 0.00000000e+00
  0.00000000e+00 0.00000000e+00 0.00000000e+00 0.00000000e+00
  0.00000000e+00 0.00000000e+00 0.00000000e+00 0.00000000e+00
  0.00000000e+00 8.02373406e-01 0.00000000e+00 0.00000000e+00]
 [0.00000000e+00 0.00000000e+00 0.00000000e+00 0.00000000e+00
  0.00000000e+00 0.00000000e+00 0.00000000e+00 0.00000000e+00
  0.00000000e+00 0.00000000e+00 0.00000000e+00 0.00000000e+00
  2.85522615e-01 0.00000000e+00 0.00000000e+00 0.00000000e+00]
 [0.00000000e+00 0.00000000e+00 0.00000000e+00 0.00000000e+00
  0.00000000e+00 0.00000000e+00 1.57735684e+01 0.00000000e+00
  0.00000000e+00 0.00000000e+00 1.45566340e+01 0.00000000e+00
  0.00000000e+00 0.00000000e+00 0.00000000e+00 0.00000000e+00]
 [0.00000000e+00 0.00000000e+00 0.00000000e+00 0.00000000e+00
  0.00000000e+00 0.00000000e+00 0.00000000e+00 0.00000000e+00
  0.00000000e+00 3.44371496e+00 7.63536662e-02 5.94541442e+01
  0.00000000e+00 4.95000289e+01 0.00000000e+00 1.97680780e+00]
 [1.68516327e-01 8.28857892e+00 0.00000000e+00 0.00000000e+00
  0.00000000e+00 9.87401054e-01 0.00000000e+00 0.00000000e+00
  0.00000000e+00 0.00000000e+00 0.00000000e+00 0.00000000e+00
  0.00000000e+00 0.00000000e+00 0.00000000e+00 0.00000000e+00]
 [0.00000000e+00 8.05692311e+01 0.00000000e+00 0.00000000e+00
  1.55989709e+00 0.00000000e+00 0.00000000e+00 0.00000000e+00
  0.00000000e+00 0.00000000e+00 0.00000000e+00 0.00000000e+00
  0.00000000e+00 0.00000000e+00 0.00000000e+00 0.00000000e+00]
 [2.29194520e-01 0.00000000e+00 0.00000000e+00 0.00000000e+00
  0.00000000e+00 0.00000000e+00 0.00000000e+00 0.00000000e+00
  0.00000000e+00 0.00000000e+00 0.00000000e+00 0.00000000e+00
  0.00000000e+00 0.00000000e+00 0.00000000e+00 0.00000000e+00]
 [0.00000000e+00 0.00000000e+00 0.00000000e+00 0.00000000e+00
  0.00000000e+00 0.00000000e+00 0.00000000e+00 0.00000000e+00
  0.00000000e+00 0.00000000e+00 0.00000000e+00 0.00000000e+00
  0.00000000e+00 0.00000000e+00 0.00000000e+00 0.00000000e+00]
 [0.00000000e+00 0.00000000e+00 0.00000000e+00 0.00000000e+00
  5.11402467e+00 3.35661126e+00 0.00000000e+00 0.00000000e+00
  0.00000000e+00 0.00000000e+00 0.00000000e+00 0.00000000e+00
  5.31648629e+01 0.00000000e+00 8.19918651e+00 0.00000000e+00]
 [0.00000000e+00 0.00000000e+00 0.00000000e+00 0.00000000e+00
  0.00000000e+00 0.00000000e+00 5.34368843e+00 0.00000000e+00
  0.00000000e+00 0.00000000e+00 0.00000000e+00 0.00000000e+00
  0.00000000e+00 0.00000000e+00 1.55861065e+01 0.00000000e+00]
 [0.00000000e+00 0.00000000e+00 0.00000000e+00 0.00000000e+00
  0.00000000e+00 0.00000000e+00 0.00000000e+00 0.00000000e+00
  0.00000000e+00 0.00000000e+00 0.00000000e+00 0.00000000e+00
  0.00000000e+00 0.00000000e+00 0.00000000e+00 0.00000000e+00]
 [0.00000000e+00 0.00000000e+00 0.00000000e+00 0.00000000e+00
  0.00000000e+00 0.00000000e+00 0.00000000e+00 0.00000000e+00
  0.00000000e+00 2.66738628e+00 0.00000000e+00 0.00000000e+00
  0.00000000e+00 0.00000000e+00 0.00000000e+00 0.00000000e+00]]
ls_fading_coeffs:  [[-115.53330008 -119.28920479 -125.41743477 -130.4448854  -110.82279164
  -117.74567469 -127.85417488 -132.15266814 -125.96227071 -128.07566883
  -129.52591473 -131.77980536 -136.49232279 -134.56071944 -133.77105503
  -137.0089968 ]
 [-133.99880689 -134.58486256 -134.89433101 -110.27041769 -132.95804185
  -130.37136086 -126.46510264 -128.86759157 -126.12830029 -119.46896952
   -92.51580959 -123.29747531 -126.63076846 -115.31750432  -91.41730557
  -122.39657262]
 [-140.49878352 -138.21273316 -138.95797686 -137.54145776 -137.78664976
  -134.44991069 -110.78746596 -136.60003687 -130.12469737 -127.31743731
  -128.62450584 -129.95887865 -123.36836439  -96.2716613  -117.31717883
  -128.08089118]
 [-118.75911298 -120.21697577 -127.87361959 -130.89181078 -111.00380257
  -123.81371419 -126.53648301 -130.76817383 -125.22920972 -130.66872102
  -130.46505282 -137.73128356 -132.35086691 -106.79621263 -134.19801208
  -138.29700316]
 [-134.87635599 -137.75538203 -137.94172722 -138.00562743 -129.80516215
  -129.33621686 -133.38259073 -133.52290088 -119.68998697 -123.50560969
  -126.67218128 -130.94079533  -76.18085834 -115.22123979 -124.79966065
  -135.16343917]
 [-134.98198383 -129.80239143 -125.85345378 -129.00575945 -127.38038425
  -123.16725809  -90.2621402  -119.91201442 -126.87197758 -120.50004204
   -93.3886373  -120.31450409 -134.29897507 -130.33528224 -131.3367201
  -128.82322631]
 [-135.8312958  -133.72997831 -135.54927397 -133.42959594 -128.41779011
  -128.92346685 -128.95918196 -130.69350097 -121.77677581  -92.26406794
   -94.46360659 -101.59292162 -121.9122631   -95.75774993 -119.13642571
  -103.23280215]
 [ -93.97795311  -86.02166948 -122.3104636  -127.55900962 -120.13840557
   -97.11437256 -126.42617118 -129.36699227 -131.10942603 -128.27515115
  -131.22264867 -131.69658847 -135.61219101 -136.65334753 -140.21171363
  -135.19281083]
 [-124.96884168 -101.17181364 -128.20133021 -131.45607143  -75.68870159
  -115.37073551 -124.95833229 -130.91941405 -120.79937517 -125.54995101
  -127.67041061 -134.66140379 -130.75695282 -129.98185603 -133.21095839
  -136.07487403]
 [ -86.88775378 -111.33772342 -123.34004583 -130.73408136 -123.89757071
  -121.30390973 -126.49469517 -129.5033443  -131.31982565 -130.88912697
  -131.21435075 -135.43424985 -135.51844348 -135.74256725 -137.74100977
  -137.07191964]
 [-110.53686849 -116.5346895  -124.58078242 -130.62723356 -121.00554632
  -118.7986802  -130.36198884 -131.82381324 -129.50201284 -129.56751349
  -133.32188201 -133.92092879 -137.19811812 -135.08846205 -135.77971467
  -136.12541872]
 [-126.18690345 -130.32690636 -129.72710637 -132.45266767  -79.62248403
   -95.28778444 -125.13233543 -131.21331279 -121.80934659 -128.29770815
  -126.09604132 -131.86726459 -103.66803668 -131.51564047 -107.45956088
  -134.45956168]
 [-137.12370932 -137.18090723 -136.57719036 -138.80847296 -136.3219136
  -132.34534677 -106.59560477 -130.79454877 -130.47735871 -125.68262987
  -123.86175733 -125.36955661 -128.96611647 -118.94746613  -86.84199046
  -114.97196075]
 [-139.81229705 -139.53055366 -136.20790731 -135.57599515 -136.90903098
  -135.95943449 -133.52074543 -133.40247129 -134.3735857  -132.08877805
  -131.34717947 -125.27056236 -132.54624575 -128.46775183 -122.56248232
  -115.62262301]
 [-139.11581248 -140.30426574 -138.88146776 -138.13135741 -139.18164031
  -134.88942829 -136.49013932 -132.97685716 -137.09630178 -104.93350915
  -129.99123153 -129.15075983 -133.04752592 -129.400625   -121.67340307
  -115.61612662]]
dh_bs:  17.0
dh_ut:  0.5
fc usando em Hz:  7750000000.0
distance break point:  878.3333333333333
fc usado em GHz:  7.75
Coeficientes K: 
[[0.00000000e+00 0.00000000e+00 0.00000000e+00 0.00000000e+00
  1.80320414e+00 0.00000000e+00 0.00000000e+00 0.00000000e+00
  3.79081423e-01 0.00000000e+00 0.00000000e+00 0.00000000e+00
  0.00000000e+00 0.00000000e+00 0.00000000e+00 0.00000000e+00]
 [0.00000000e+00 0.00000000e+00 2.18871540e-01 0.00000000e+00
  0.00000000e+00 0.00000000e+00 1.89461314e-01 0.00000000e+00
  0.00000000e+00 0.00000000e+00 0.00000000e+00 0.00000000e+00
  0.00000000e+00 0.00000000e+00 0.00000000e+00 0.00000000e+00]
 [0.00000000e+00 0.00000000e+00 0.00000000e+00 0.00000000e+00
  0.00000000e+00 0.00000000e+00 6.13683890e+00 0.00000000e+00
  0.00000000e+00 5.43770449e-01 0.00000000e+00 0.00000000e+00
  0.00000000e+00 0.00000000e+00 0.00000000e+00 0.00000000e+00]
 [0.00000000e+00 0.00000000e+00 1.94973622e+01 0.00000000e+00
  0.00000000e+00 0.00000000e+00 0.00000000e+00 0.00000000e+00
  0.00000000e+00 0.00000000e+00 0.00000000e+00 0.00000000e+00
  0.00000000e+00 0.00000000e+00 0.00000000e+00 0.00000000e+00]
 [4.10578449e+01 0.00000000e+00 0.00000000e+00 0.00000000e+00
  0.00000000e+00 0.00000000e+00 0.00000000e+00 1.55762508e+00
  0.00000000e+00 0.00000000e+00 0.00000000e+00 0.00000000e+00
  0.00000000e+00 0.00000000e+00 0.00000000e+00 0.00000000e+00]
 [0.00000000e+00 0.00000000e+00 0.00000000e+00 0.00000000e+00
  0.00000000e+00 0.00000000e+00 0.00000000e+00 0.00000000e+00
  0.00000000e+00 0.00000000e+00 0.00000000e+00 0.00000000e+00
  0.00000000e+00 1.92482090e-01 2.70440966e+01 0.00000000e+00]
 [0.00000000e+00 0.00000000e+00 0.00000000e+00 0.00000000e+00
  0.00000000e+00 5.68440077e+00 0.00000000e+00 0.00000000e+00
  0.00000000e+00 0.00000000e+00 0.00000000e+00 0.00000000e+00
  0.00000000e+00 4.12430900e-02 5.64304255e+00 0.00000000e+00]
 [0.00000000e+00 0.00000000e+00 0.00000000e+00 0.00000000e+00
  0.00000000e+00 0.00000000e+00 0.00000000e+00 0.00000000e+00
  0.00000000e+00 0.00000000e+00 0.00000000e+00 0.00000000e+00
  0.00000000e+00 0.00000000e+00 0.00000000e+00 0.00000000e+00]
 [0.00000000e+00 0.00000000e+00 0.00000000e+00 0.00000000e+00
  0.00000000e+00 0.00000000e+00 0.00000000e+00 0.00000000e+00
  0.00000000e+00 0.00000000e+00 0.00000000e+00 0.00000000e+00
  2.47885303e+01 0.00000000e+00 0.00000000e+00 0.00000000e+00]
 [0.00000000e+00 0.00000000e+00 0.00000000e+00 0.00000000e+00
  0.00000000e+00 0.00000000e+00 0.00000000e+00 0.00000000e+00
  4.15185343e+00 0.00000000e+00 0.00000000e+00 0.00000000e+00
  1.07508675e+01 0.00000000e+00 0.00000000e+00 0.00000000e+00]
 [0.00000000e+00 0.00000000e+00 0.00000000e+00 0.00000000e+00
  0.00000000e+00 0.00000000e+00 0.00000000e+00 0.00000000e+00
  6.33881019e+02 0.00000000e+00 0.00000000e+00 0.00000000e+00
  0.00000000e+00 0.00000000e+00 0.00000000e+00 0.00000000e+00]
 [0.00000000e+00 0.00000000e+00 0.00000000e+00 1.48143266e-01
  0.00000000e+00 0.00000000e+00 0.00000000e+00 0.00000000e+00
  0.00000000e+00 0.00000000e+00 0.00000000e+00 0.00000000e+00
  0.00000000e+00 0.00000000e+00 0.00000000e+00 0.00000000e+00]
 [0.00000000e+00 0.00000000e+00 0.00000000e+00 0.00000000e+00
  1.73495582e+01 0.00000000e+00 0.00000000e+00 0.00000000e+00
  0.00000000e+00 0.00000000e+00 0.00000000e+00 0.00000000e+00
  0.00000000e+00 0.00000000e+00 0.00000000e+00 3.73243085e+00]
 [0.00000000e+00 0.00000000e+00 0.00000000e+00 1.94028291e+00
  0.00000000e+00 0.00000000e+00 0.00000000e+00 0.00000000e+00
  0.00000000e+00 0.00000000e+00 0.00000000e+00 0.00000000e+00
  0.00000000e+00 0.00000000e+00 0.00000000e+00 0.00000000e+00]
 [0.00000000e+00 0.00000000e+00 0.00000000e+00 0.00000000e+00
  8.86847844e-01 0.00000000e+00 0.00000000e+00 1.33171167e+00
  0.00000000e+00 0.00000000e+00 0.00000000e+00 0.00000000e+00
  0.00000000e+00 0.00000000e+00 0.00000000e+00 0.00000000e+00]]
ls_fading_coeffs:  [[-128.49120819 -127.56882608 -135.34921557 -133.06878194  -94.83314162
  -115.86326307 -124.3285528  -133.85076934  -91.84726307 -111.70509836
  -127.59046772 -129.8359964  -125.39098045 -127.6995578  -129.65524737
  -131.42764833]
 [-126.91100872 -123.56592214  -96.24929428 -121.40212228 -124.35149117
  -115.40845794  -86.91116286 -118.70981927 -128.93571747 -124.81441557
  -124.21760679 -128.01462549 -133.56462872 -132.76410907 -134.15672055
  -131.99122019]
 [-128.92533865 -127.04627583 -125.76917268 -128.59906974 -124.16642031
  -116.90720455  -92.0918486  -122.06687141 -124.1611247   -97.45124508
  -120.12684842 -124.97320142 -128.75674581 -127.72950809 -127.34624138
  -129.63187624]
 [-124.60695316 -115.54230029  -82.12852288 -118.57328135 -130.67062858
  -124.01047866 -123.18540297 -127.91785751 -133.41532176 -130.95351738
  -137.71364659 -131.93896525 -138.88075318 -138.82562334 -135.35438137
  -138.44018241]
 [-109.19833192 -127.14564016 -121.13805352 -111.34226256 -136.15833733
  -128.30741384 -126.19178996  -98.19163472 -134.20140359 -131.82017088
  -128.9303652  -127.02558483 -136.62298334 -137.58912693 -135.46885472
  -133.05867145]
 [-137.86746096 -136.45960978 -137.89425539 -137.8188633  -134.62140853
  -134.76944241 -132.65843678 -137.64992083 -125.59157519 -128.0000224
  -127.38144562 -129.44651164 -116.43286537  -85.16595551  -96.97405576
  -129.15121073]
 [-137.66951396 -136.75764438 -135.68960063 -139.67792263 -130.41208561
  -105.67110463 -137.33745289 -138.14764154 -123.49070558 -122.42208548
  -122.98875203 -127.91557722 -114.09722887  -77.59051561  -96.70763583
  -127.85360319]
 [-128.13473878 -128.34098961 -131.66222433 -133.45698802 -120.83825759
  -120.093394   -126.14353619 -134.50238439 -111.2767212  -111.29085503
  -123.83928917 -128.43370175 -124.3171269  -125.50236208 -131.02777338
  -133.89320413]
 [-135.39661346 -138.22579058 -136.80965543 -140.87828402 -131.90864338
  -131.5993597  -134.93393211 -136.96331837 -123.88651549 -127.15721003
  -133.32048009 -132.0503627   -82.55056768 -120.17008802 -127.42359096
  -131.33437037]
 [-136.4262877  -140.2764042  -138.11944014 -140.45373528 -129.98610879
  -130.52331771 -132.39581527 -137.68128323  -98.73001256 -123.50050219
  -127.64662822 -132.95839055  -74.79861448 -121.69679383 -127.34063277
  -131.91650204]
 [-132.84648535 -131.24981599 -134.12437618 -135.26919888 -123.52340907
  -123.79677022 -128.31050921 -131.67551164  -79.62241105 -117.50244218
  -125.94772038 -133.09010226 -123.37002494 -125.24115912 -126.5864804
  -134.5703506 ]
 [-122.99561022 -117.38460371 -123.70327008 -103.81744281 -132.65475821
  -127.75679759 -127.48873358 -132.71850091 -135.07446714 -137.20762875
  -133.2239809  -135.19918878 -141.98013455 -137.02421012 -138.11073644
  -139.68765962]
 [-140.36484897 -137.46358527 -136.99030327 -135.44354489 -107.68653325
  -134.3914687  -132.90496559 -129.08417511 -131.84649251 -126.18852187
  -121.50145465 -122.62298184 -129.02403383 -126.37201671 -114.81688774
   -80.41650383]
 [-135.62315879 -124.61102808 -117.98546732  -75.57128113 -130.96875812
  -130.07283888 -123.30372779 -120.17970278 -134.88435823 -132.25788683
  -129.65446059 -135.92169413 -137.78580405 -136.6558281  -137.14463547
  -136.08668487]
 [-132.5671992  -131.24135602 -125.78179778 -123.34438959 -108.05954435
  -125.30150969 -117.45563035  -83.02245395 -136.24707446 -127.30427001
  -121.54301711 -117.5532321  -134.94250227 -133.15844714 -130.02210055
  -129.83675936]]
dh_bs:  17.0
dh_ut:  0.5
fc usando em Hz:  7750000000.0
distance break point:  878.3333333333333
fc usado em GHz:  7.75
Coeficientes K: 
[[1.20588870e+00 0.00000000e+00 0.00000000e+00 0.00000000e+00
  0.00000000e+00 0.00000000e+00 0.00000000e+00 0.00000000e+00
  0.00000000e+00 0.00000000e+00 0.00000000e+00 0.00000000e+00
  0.00000000e+00 0.00000000e+00 0.00000000e+00 0.00000000e+00]
 [0.00000000e+00 2.06150340e-01 0.00000000e+00 0.00000000e+00
  0.00000000e+00 0.00000000e+00 0.00000000e+00 0.00000000e+00
  0.00000000e+00 0.00000000e+00 0.00000000e+00 0.00000000e+00
  0.00000000e+00 0.00000000e+00 0.00000000e+00 3.36252796e-01]
 [1.54465236e+00 0.00000000e+00 1.60388259e+01 0.00000000e+00
  0.00000000e+00 0.00000000e+00 0.00000000e+00 0.00000000e+00
  0.00000000e+00 0.00000000e+00 0.00000000e+00 0.00000000e+00
  0.00000000e+00 0.00000000e+00 0.00000000e+00 0.00000000e+00]
 [0.00000000e+00 4.73458468e+01 0.00000000e+00 1.20175865e+00
  0.00000000e+00 0.00000000e+00 0.00000000e+00 0.00000000e+00
  0.00000000e+00 0.00000000e+00 0.00000000e+00 0.00000000e+00
  0.00000000e+00 0.00000000e+00 0.00000000e+00 0.00000000e+00]
 [0.00000000e+00 0.00000000e+00 0.00000000e+00 8.22703872e+01
  0.00000000e+00 0.00000000e+00 0.00000000e+00 1.70348349e+01
  0.00000000e+00 0.00000000e+00 0.00000000e+00 0.00000000e+00
  0.00000000e+00 0.00000000e+00 0.00000000e+00 0.00000000e+00]
 [0.00000000e+00 0.00000000e+00 0.00000000e+00 0.00000000e+00
  0.00000000e+00 0.00000000e+00 0.00000000e+00 0.00000000e+00
  0.00000000e+00 0.00000000e+00 6.71802206e-02 1.47348196e+00
  0.00000000e+00 0.00000000e+00 0.00000000e+00 5.05079364e+00]
 [0.00000000e+00 0.00000000e+00 0.00000000e+00 0.00000000e+00
  0.00000000e+00 0.00000000e+00 0.00000000e+00 0.00000000e+00
  3.06600660e-01 0.00000000e+00 0.00000000e+00 0.00000000e+00
  0.00000000e+00 0.00000000e+00 0.00000000e+00 1.33510904e+00]
 [0.00000000e+00 0.00000000e+00 0.00000000e+00 0.00000000e+00
  0.00000000e+00 0.00000000e+00 0.00000000e+00 0.00000000e+00
  0.00000000e+00 0.00000000e+00 0.00000000e+00 0.00000000e+00
  0.00000000e+00 1.13433088e+01 0.00000000e+00 0.00000000e+00]
 [0.00000000e+00 0.00000000e+00 0.00000000e+00 0.00000000e+00
  0.00000000e+00 0.00000000e+00 0.00000000e+00 0.00000000e+00
  8.35878684e-02 0.00000000e+00 0.00000000e+00 0.00000000e+00
  0.00000000e+00 0.00000000e+00 0.00000000e+00 0.00000000e+00]
 [0.00000000e+00 0.00000000e+00 0.00000000e+00 0.00000000e+00
  0.00000000e+00 0.00000000e+00 0.00000000e+00 0.00000000e+00
  0.00000000e+00 0.00000000e+00 0.00000000e+00 0.00000000e+00
  0.00000000e+00 0.00000000e+00 0.00000000e+00 0.00000000e+00]
 [0.00000000e+00 0.00000000e+00 0.00000000e+00 0.00000000e+00
  0.00000000e+00 0.00000000e+00 0.00000000e+00 0.00000000e+00
  0.00000000e+00 1.76902025e+00 0.00000000e+00 0.00000000e+00
  0.00000000e+00 0.00000000e+00 0.00000000e+00 0.00000000e+00]
 [0.00000000e+00 0.00000000e+00 0.00000000e+00 0.00000000e+00
  0.00000000e+00 0.00000000e+00 0.00000000e+00 0.00000000e+00
  0.00000000e+00 7.02910846e-01 0.00000000e+00 0.00000000e+00
  0.00000000e+00 1.54748509e-01 4.98245818e-01 0.00000000e+00]
 [0.00000000e+00 2.02884545e+00 4.12275696e+00 0.00000000e+00
  0.00000000e+00 0.00000000e+00 0.00000000e+00 0.00000000e+00
  0.00000000e+00 0.00000000e+00 0.00000000e+00 0.00000000e+00
  0.00000000e+00 0.00000000e+00 0.00000000e+00 0.00000000e+00]
 [0.00000000e+00 0.00000000e+00 0.00000000e+00 0.00000000e+00
  0.00000000e+00 0.00000000e+00 0.00000000e+00 0.00000000e+00
  0.00000000e+00 0.00000000e+00 0.00000000e+00 0.00000000e+00
  0.00000000e+00 0.00000000e+00 9.90234308e-01 4.73157487e-01]
 [0.00000000e+00 0.00000000e+00 0.00000000e+00 0.00000000e+00
  0.00000000e+00 0.00000000e+00 1.48454643e-01 0.00000000e+00
  0.00000000e+00 0.00000000e+00 0.00000000e+00 0.00000000e+00
  0.00000000e+00 0.00000000e+00 0.00000000e+00 0.00000000e+00]]
ls_fading_coeffs:  [[-111.49577257 -133.30373591 -137.88881391 -136.10106425 -132.02215198
  -131.89993808 -127.30191302 -125.93722985 -132.72007022 -127.56369546
  -116.96846208 -112.40462086 -129.11190564 -128.90674417 -120.68792226
  -117.07568415]
 [-138.96613763 -111.63965694 -138.72570748 -136.74755799 -137.45911487
  -138.50955693 -135.01196577 -133.71320403 -134.14108203 -132.78416022
  -129.53339563 -131.9820392  -130.43163574 -126.30821365 -119.5469705
   -94.83572437]
 [-100.54891703 -119.6623006   -92.36492652 -126.91404518 -128.32920639
  -128.34556803 -128.91990371 -131.3812657  -137.21656801 -138.46123186
  -133.09184436 -137.27462889 -137.11404455 -139.2170611  -137.72785915
  -137.44900843]
 [-118.66895385  -77.9796512  -120.5151014  -101.42684675 -124.73242876
  -122.08735713 -124.8238337  -126.82995857 -133.90547931 -129.28569905
  -130.18685546 -131.90233107 -141.33142403 -137.03439459 -138.72777054
  -145.56377769]
 [-134.57695189 -128.15777925 -124.73542892 -100.83161875 -130.11078517
  -121.96209282 -110.42570407  -91.76991696 -129.63291296 -124.14991729
  -118.67355364 -117.11453122 -133.02268006 -130.72385473 -129.13946929
  -128.90489752]
 [-136.10067694 -136.37611908 -136.64219192 -135.93923434 -132.81884237
  -132.8421194  -130.59115781 -125.58413529 -131.50580205 -127.23638637
   -95.84830655  -92.2178008  -130.16017327 -126.49399826 -122.63827682
   -90.94499483]
 [-127.03790383 -122.78210729 -125.42039563 -129.25962657 -120.35862595
  -108.52700607 -112.07564804 -121.42724766 -101.12357332 -120.30907309
  -129.00831625 -125.42833851 -131.45720784 -130.6000924  -130.77083734
  -105.55263678]
 [-138.96520459 -139.96131263 -138.35984408 -139.42724584 -135.28110927
  -135.13665982 -134.56999447 -135.71397313 -128.79860006 -128.30669956
  -130.54076253 -133.68886945 -123.78012535  -95.81676131 -121.71666916
  -129.92506392]
 [-128.41265417 -130.23058586 -136.71399585 -138.31438588 -118.0268199
  -125.0034994  -130.10540422 -134.94205156  -87.49743716 -122.47277742
  -132.0282331  -132.28164742 -128.01537102 -126.47107897 -129.43576734
  -133.11039617]
 [-133.24352863 -135.19818352 -136.64790742 -137.19292651 -128.68419137
  -129.69486423 -133.86904759 -135.4200401  -122.04496617 -118.17956174
  -125.82140255 -128.80955786 -112.09999935 -110.06806588 -122.10335017
  -128.36598252]
 [-134.74021119 -129.26126606 -126.6393797  -122.46515428 -128.64142706
  -124.78744404 -114.67284826 -107.01754899 -131.6162806  -102.8164201
  -120.81438273 -119.01010502 -134.15735622 -131.3499368  -134.57788863
  -128.28771734]
 [-136.20715178 -132.78143532 -131.08047385 -135.25592419 -124.21153874
  -125.1163614  -126.54505656 -131.84469414 -120.75178339  -79.64791539
  -119.62169426 -125.38956226 -121.67646187  -96.68893386  -99.21188068
  -127.17749174]
 [-122.70492303  -95.49003656  -98.29027361 -127.43592998 -128.7457115
  -129.90069502 -133.49867446 -133.73080338 -136.02159243 -138.12214995
  -135.04468966 -137.84952651 -138.14879036 -142.86228375 -139.85572568
  -143.35784253]
 [-140.44356166 -138.56086619 -142.35933377 -142.75518175 -139.18874371
  -138.94682226 -136.46099879 -134.93349253 -130.72299311 -129.23179664
  -128.63437373 -133.42182459 -125.87177754 -122.50041386  -93.97538701
   -98.39564205]
 [-133.22047329 -125.70946468 -122.91289977 -125.17548764 -132.42113673
  -123.88695825  -83.04441107 -113.19101849 -130.14761119 -123.41375648
  -125.27511736 -122.05087203 -136.21061803 -131.16720789 -130.10971836
  -129.90955769]]
dh_bs:  17.0
dh_ut:  0.5
fc usando em Hz:  7750000000.0
distance break point:  878.3333333333333
fc usado em GHz:  7.75
Coeficientes K: 
[[0.00000000e+00 0.00000000e+00 0.00000000e+00 0.00000000e+00
  0.00000000e+00 0.00000000e+00 0.00000000e+00 0.00000000e+00
  0.00000000e+00 0.00000000e+00 0.00000000e+00 0.00000000e+00
  0.00000000e+00 0.00000000e+00 2.07456827e+00 3.70707761e-01]
 [0.00000000e+00 0.00000000e+00 3.44358469e+00 0.00000000e+00
  0.00000000e+00 0.00000000e+00 0.00000000e+00 0.00000000e+00
  0.00000000e+00 0.00000000e+00 0.00000000e+00 0.00000000e+00
  0.00000000e+00 0.00000000e+00 0.00000000e+00 0.00000000e+00]
 [0.00000000e+00 1.73396786e-01 0.00000000e+00 9.53627124e+00
  0.00000000e+00 0.00000000e+00 0.00000000e+00 2.44678097e+02
  0.00000000e+00 0.00000000e+00 0.00000000e+00 0.00000000e+00
  0.00000000e+00 0.00000000e+00 0.00000000e+00 0.00000000e+00]
 [0.00000000e+00 0.00000000e+00 0.00000000e+00 0.00000000e+00
  0.00000000e+00 0.00000000e+00 0.00000000e+00 0.00000000e+00
  0.00000000e+00 5.16095733e+00 0.00000000e+00 0.00000000e+00
  0.00000000e+00 5.30678977e-02 0.00000000e+00 0.00000000e+00]
 [0.00000000e+00 0.00000000e+00 1.81187353e+02 0.00000000e+00
  0.00000000e+00 0.00000000e+00 0.00000000e+00 0.00000000e+00
  0.00000000e+00 0.00000000e+00 0.00000000e+00 0.00000000e+00
  0.00000000e+00 0.00000000e+00 0.00000000e+00 0.00000000e+00]
 [0.00000000e+00 0.00000000e+00 0.00000000e+00 0.00000000e+00
  0.00000000e+00 0.00000000e+00 1.66803174e+00 0.00000000e+00
  1.03685262e+01 1.73270201e+01 0.00000000e+00 0.00000000e+00
  1.38809775e+00 0.00000000e+00 0.00000000e+00 0.00000000e+00]
 [0.00000000e+00 0.00000000e+00 0.00000000e+00 0.00000000e+00
  0.00000000e+00 0.00000000e+00 0.00000000e+00 0.00000000e+00
  0.00000000e+00 0.00000000e+00 0.00000000e+00 0.00000000e+00
  0.00000000e+00 0.00000000e+00 0.00000000e+00 0.00000000e+00]
 [0.00000000e+00 0.00000000e+00 0.00000000e+00 0.00000000e+00
  0.00000000e+00 0.00000000e+00 7.63156604e+00 0.00000000e+00
  0.00000000e+00 0.00000000e+00 0.00000000e+00 5.05293049e+00
  0.00000000e+00 0.00000000e+00 0.00000000e+00 6.28290431e+00]
 [0.00000000e+00 0.00000000e+00 0.00000000e+00 0.00000000e+00
  0.00000000e+00 0.00000000e+00 0.00000000e+00 0.00000000e+00
  0.00000000e+00 0.00000000e+00 0.00000000e+00 0.00000000e+00
  0.00000000e+00 0.00000000e+00 0.00000000e+00 0.00000000e+00]
 [0.00000000e+00 0.00000000e+00 0.00000000e+00 0.00000000e+00
  0.00000000e+00 0.00000000e+00 0.00000000e+00 0.00000000e+00
  0.00000000e+00 0.00000000e+00 0.00000000e+00 0.00000000e+00
  0.00000000e+00 0.00000000e+00 0.00000000e+00 0.00000000e+00]
 [0.00000000e+00 0.00000000e+00 0.00000000e+00 0.00000000e+00
  0.00000000e+00 7.00267217e-01 0.00000000e+00 0.00000000e+00
  0.00000000e+00 0.00000000e+00 0.00000000e+00 0.00000000e+00
  0.00000000e+00 9.75689377e+01 0.00000000e+00 0.00000000e+00]
 [0.00000000e+00 0.00000000e+00 0.00000000e+00 0.00000000e+00
  0.00000000e+00 4.15320846e-01 0.00000000e+00 0.00000000e+00
  0.00000000e+00 0.00000000e+00 0.00000000e+00 0.00000000e+00
  0.00000000e+00 0.00000000e+00 0.00000000e+00 0.00000000e+00]
 [1.07240014e+01 0.00000000e+00 0.00000000e+00 0.00000000e+00
  0.00000000e+00 1.66159871e+00 0.00000000e+00 0.00000000e+00
  0.00000000e+00 0.00000000e+00 0.00000000e+00 0.00000000e+00
  9.87322165e+00 4.50063506e-01 0.00000000e+00 0.00000000e+00]
 [0.00000000e+00 0.00000000e+00 0.00000000e+00 0.00000000e+00
  0.00000000e+00 0.00000000e+00 0.00000000e+00 0.00000000e+00
  0.00000000e+00 0.00000000e+00 0.00000000e+00 0.00000000e+00
  0.00000000e+00 0.00000000e+00 0.00000000e+00 0.00000000e+00]
 [0.00000000e+00 0.00000000e+00 0.00000000e+00 1.09252100e-01
  0.00000000e+00 0.00000000e+00 0.00000000e+00 0.00000000e+00
  0.00000000e+00 0.00000000e+00 0.00000000e+00 0.00000000e+00
  0.00000000e+00 0.00000000e+00 0.00000000e+00 0.00000000e+00]]
ls_fading_coeffs:  [[-136.66927861 -136.513988   -133.44121066 -133.07236352 -133.74327054
  -129.7919983  -128.21995513 -128.0685854  -131.57334815 -127.40758485
  -116.78123231 -115.73010631 -129.80789286 -123.58429962  -95.16920236
   -90.1989545 ]
 [-127.3032877  -122.57164231  -93.0898858  -124.16716759 -132.49231009
  -129.71212375 -128.00750156 -129.42320663 -137.57953657 -134.94789168
  -132.96031054 -134.82698083 -138.01835367 -140.53020118 -137.24828243
  -137.90014507]
 [-131.557945   -103.67741701 -122.25337782  -96.45703127 -130.96192934
  -123.0009897  -114.72638051  -86.40336634 -133.24250749 -130.52944935
  -128.00419284 -123.61566122 -135.817742   -133.83012953 -131.20268782
  -136.07511535]
 [-134.36843846 -135.18735966 -133.61439958 -135.5041453  -128.15244497
  -126.41998887 -128.81084102 -132.18415499 -120.10380205  -95.25399498
  -122.44962311 -128.34295225 -121.22321266  -89.88156504 -119.81047002
  -125.70029235]
 [-130.14671751 -122.26671239  -95.49424575 -115.28629184 -132.05623297
  -127.36373548 -125.59686102 -128.75546575 -137.11377396 -134.49725411
  -135.59973044 -132.49316444 -137.54798283 -136.68323707 -136.28699633
  -138.64404105]
 [-127.70810179 -129.37766682 -130.05496483 -135.44289684 -117.17843544
  -118.15609923 -100.10115421 -130.0895909   -91.52856567  -91.33300829
  -122.58403454 -131.2935779  -103.49824963 -128.47162666 -133.11866031
  -133.5692237 ]
 [-132.15760542 -130.00849336 -134.76481858 -133.39471256 -123.52607322
  -123.20994105 -124.81995101 -128.34747301 -116.55555611  -97.14161902
  -121.97260052 -127.44222316 -122.20900247 -126.08959947 -124.05752203
  -131.25599952]
 [-134.6952914  -132.59640798 -132.12303311 -132.69713536 -133.60811086
  -130.16557903 -101.40895516 -125.53941841 -131.18073362 -130.87423884
  -117.18749626  -74.00128095 -131.44796657 -128.19958508 -124.43696984
   -99.16100555]
 [-110.24444486 -122.17711674 -131.59723927 -136.29983803 -121.50867952
  -126.31124304 -132.02776632 -134.23636648 -129.91148493 -130.97681421
  -137.47115773 -135.62937485 -134.40255152 -136.54792213 -139.55207846
  -142.45659412]
 [-141.23418827 -138.19618888 -139.28002508 -136.73036858 -136.65342722
  -136.97493196 -133.59556071 -132.86782957 -135.87773044 -133.37617409
  -128.60796317 -128.21002682 -139.24314947 -132.80915169 -125.80193711
  -115.6672728 ]
 [-137.8703146  -133.68644568 -140.48327697 -135.4430214  -131.06484358
  -103.07313146 -132.03343736 -132.12052434 -121.74530789 -116.66958037
  -120.93174289 -126.18296251 -120.09401279  -87.58502313 -118.99125689
  -126.50486161]
 [-126.01720238 -123.13012153 -128.87286336 -129.08055694 -120.0622346
   -86.74820388 -116.31347401 -123.46697406 -122.8468764  -119.35860193
  -125.10758952 -126.84447614 -129.63855526 -127.75972906 -128.60977319
  -130.64911537]
 [ -95.52936565 -118.79223109 -122.72028967 -130.07932489 -116.40550969
   -90.54550075 -121.93002161 -128.66818681 -126.79734132 -126.18942203
  -130.06335845 -131.68897046 -108.59453723 -106.12522084 -133.279762
  -136.69855527]
 [-146.62166826 -139.63650992 -136.57253107 -137.48533653 -138.28712658
  -135.13810505 -134.12961035 -140.40610127 -131.11179848 -128.93202143
  -126.79200794 -127.17647655 -128.1394063  -124.52022705 -119.9319138
  -116.77356869]
 [-129.27001688 -125.50725985 -116.70319841  -85.4064081  -129.81633787
  -126.4873378  -120.76249519 -119.21830392 -134.39920146 -137.36265978
  -131.36980592 -132.53561319 -139.87999647 -136.51055563 -136.58554368
  -135.26114824]]
dh_bs:  17.0
dh_ut:  0.5
fc usando em Hz:  7750000000.0
distance break point:  878.3333333333333
fc usado em GHz:  7.75
Coeficientes K: 
[[0.00000000e+00 0.00000000e+00 0.00000000e+00 0.00000000e+00
  0.00000000e+00 7.63688524e-01 0.00000000e+00 0.00000000e+00
  0.00000000e+00 0.00000000e+00 0.00000000e+00 0.00000000e+00
  0.00000000e+00 0.00000000e+00 0.00000000e+00 0.00000000e+00]
 [6.54020829e+00 4.56002556e-01 0.00000000e+00 1.28467855e-01
  0.00000000e+00 0.00000000e+00 0.00000000e+00 0.00000000e+00
  0.00000000e+00 0.00000000e+00 0.00000000e+00 0.00000000e+00
  0.00000000e+00 0.00000000e+00 0.00000000e+00 0.00000000e+00]
 [1.77186536e+00 7.69787563e+00 0.00000000e+00 0.00000000e+00
  0.00000000e+00 9.55631046e+01 0.00000000e+00 0.00000000e+00
  0.00000000e+00 0.00000000e+00 0.00000000e+00 0.00000000e+00
  0.00000000e+00 0.00000000e+00 0.00000000e+00 0.00000000e+00]
 [0.00000000e+00 0.00000000e+00 0.00000000e+00 0.00000000e+00
  0.00000000e+00 0.00000000e+00 0.00000000e+00 0.00000000e+00
  0.00000000e+00 0.00000000e+00 0.00000000e+00 0.00000000e+00
  0.00000000e+00 0.00000000e+00 0.00000000e+00 0.00000000e+00]
 [6.81133517e+00 0.00000000e+00 0.00000000e+00 0.00000000e+00
  1.78632182e+01 0.00000000e+00 0.00000000e+00 0.00000000e+00
  0.00000000e+00 0.00000000e+00 0.00000000e+00 0.00000000e+00
  0.00000000e+00 0.00000000e+00 0.00000000e+00 0.00000000e+00]
 [0.00000000e+00 0.00000000e+00 0.00000000e+00 0.00000000e+00
  0.00000000e+00 0.00000000e+00 0.00000000e+00 0.00000000e+00
  0.00000000e+00 0.00000000e+00 0.00000000e+00 0.00000000e+00
  0.00000000e+00 0.00000000e+00 0.00000000e+00 0.00000000e+00]
 [0.00000000e+00 0.00000000e+00 0.00000000e+00 0.00000000e+00
  0.00000000e+00 0.00000000e+00 2.04200087e+00 0.00000000e+00
  0.00000000e+00 0.00000000e+00 0.00000000e+00 0.00000000e+00
  0.00000000e+00 0.00000000e+00 0.00000000e+00 0.00000000e+00]
 [0.00000000e+00 0.00000000e+00 0.00000000e+00 0.00000000e+00
  0.00000000e+00 1.16701038e+00 0.00000000e+00 1.04484362e+01
  0.00000000e+00 0.00000000e+00 0.00000000e+00 1.25642745e+00
  0.00000000e+00 0.00000000e+00 0.00000000e+00 0.00000000e+00]
 [0.00000000e+00 0.00000000e+00 0.00000000e+00 0.00000000e+00
  0.00000000e+00 0.00000000e+00 0.00000000e+00 0.00000000e+00
  0.00000000e+00 0.00000000e+00 0.00000000e+00 0.00000000e+00
  0.00000000e+00 0.00000000e+00 0.00000000e+00 0.00000000e+00]
 [0.00000000e+00 0.00000000e+00 4.33777327e+00 0.00000000e+00
  6.33285360e-01 0.00000000e+00 0.00000000e+00 0.00000000e+00
  7.35085217e+00 0.00000000e+00 0.00000000e+00 0.00000000e+00
  0.00000000e+00 0.00000000e+00 0.00000000e+00 0.00000000e+00]
 [0.00000000e+00 5.21643172e+00 0.00000000e+00 2.60124776e-01
  0.00000000e+00 0.00000000e+00 0.00000000e+00 2.14058242e+00
  0.00000000e+00 1.52067143e+01 0.00000000e+00 0.00000000e+00
  0.00000000e+00 0.00000000e+00 0.00000000e+00 0.00000000e+00]
 [0.00000000e+00 0.00000000e+00 0.00000000e+00 0.00000000e+00
  0.00000000e+00 0.00000000e+00 0.00000000e+00 0.00000000e+00
  0.00000000e+00 0.00000000e+00 0.00000000e+00 1.68303605e-01
  0.00000000e+00 0.00000000e+00 0.00000000e+00 0.00000000e+00]
 [0.00000000e+00 0.00000000e+00 0.00000000e+00 1.35533357e+02
  0.00000000e+00 0.00000000e+00 0.00000000e+00 0.00000000e+00
  0.00000000e+00 0.00000000e+00 0.00000000e+00 0.00000000e+00
  0.00000000e+00 0.00000000e+00 0.00000000e+00 0.00000000e+00]
 [0.00000000e+00 0.00000000e+00 0.00000000e+00 0.00000000e+00
  0.00000000e+00 0.00000000e+00 0.00000000e+00 0.00000000e+00
  0.00000000e+00 0.00000000e+00 0.00000000e+00 0.00000000e+00
  4.97789658e+00 6.11014039e-01 0.00000000e+00 0.00000000e+00]
 [0.00000000e+00 0.00000000e+00 0.00000000e+00 7.33188207e+00
  0.00000000e+00 0.00000000e+00 7.12458301e-02 2.72946079e+01
  0.00000000e+00 0.00000000e+00 0.00000000e+00 0.00000000e+00
  0.00000000e+00 0.00000000e+00 0.00000000e+00 0.00000000e+00]]
ls_fading_coeffs:  [[-126.28237201 -119.78243445 -124.53014411 -127.74484012 -121.43282197
   -76.20374327 -116.62210647 -124.84465618 -124.23755865 -123.49864196
  -125.34251249 -129.10462772 -133.64623423 -133.73922409 -131.27077886
  -135.58502856]
 [ -87.52673827  -95.10977463 -124.58557394 -107.61723118 -125.38610531
  -125.24231949 -130.41239413 -135.25071259 -133.47263207 -131.50834605
  -134.72835811 -134.70442974 -135.41533597 -140.68235922 -138.56000412
  -138.22989871]
 [ -92.15192931  -89.62563188 -123.35600887 -130.19072284 -121.68135517
   -94.16438056 -128.78676937 -130.00523221 -127.89847474 -131.0742944
  -129.85674046 -133.7746594  -138.14912459 -134.87721349 -138.03567102
  -136.44153149]
 [-138.66309597 -135.95499391 -137.07181817 -140.18213371 -131.37651015
  -131.70719897 -134.44772302 -133.0116002  -127.62698946 -123.63495306
  -130.09685583 -131.33428137 -114.33162934 -102.81765299 -120.89804756
  -128.22752246]
 [ -97.32434156 -122.02595564 -131.24883205 -132.24763675  -84.66935547
  -121.25627033 -129.80887933 -131.91140317 -124.72545147 -128.08448098
  -128.76986547 -132.0418118  -131.64717161 -138.05911446 -133.3538171
  -139.18919148]
 [-129.60426338 -125.02088663 -115.75055721 -120.34732042 -130.54682527
  -129.06366625 -129.20968667 -127.32862769 -138.08465396 -136.10529297
  -134.43037271 -133.16680094 -138.28891625 -141.24635499 -137.83383272
  -137.33599444]
 [-131.54897185 -133.04755543 -134.09879282 -135.90606314 -123.91071706
  -126.6565788  -104.9961375  -134.96605104 -113.41623022 -124.25170658
  -130.5872519  -134.54473525 -123.54672658 -128.56353757 -130.24994905
  -134.09617818]
 [-135.01407177 -136.63777043 -127.98356706 -126.88822879 -130.41547926
  -104.25266782 -121.93611004  -92.20905295 -130.64371912 -126.86280353
  -119.85518625  -88.97432403 -135.72698889 -131.44509968 -126.97201955
  -128.41039995]
 [-135.5893033  -128.15283771 -121.64510245 -111.27944847 -136.94175945
  -134.5452946  -127.08501498 -127.08028633 -138.36278578 -136.53202641
  -133.25557742 -132.82029402 -142.98548685 -138.7078369  -138.77896114
  -137.26250857]
 [-127.67595174 -124.54246277  -92.82915481 -117.85953227 -105.55887461
  -127.05703162 -126.59674938 -129.17314743 -109.72218753 -133.28090895
  -133.40292044 -134.02849362 -138.3181094  -137.45713232 -139.43036472
  -139.98366915]
 [-136.22788039 -104.02165299 -124.28018393  -98.7355334  -131.20984848
  -129.95417049 -115.13783259  -77.35139104 -132.00221103 -103.86633391
  -122.37304253 -122.25450503 -136.61039243 -134.35942444 -132.31502103
  -129.74077036]
 [-141.82221336 -139.01877819 -135.60883785 -134.93204069 -135.85460968
  -132.1553211  -129.23431323 -130.33101021 -132.70537023 -134.57538541
  -127.27823742  -96.9914725  -132.78804252 -130.4804736  -123.14350367
  -117.92107274]
 [-134.28882482 -124.43330613 -116.14954543  -93.48366933 -129.6038935
  -126.28724345 -117.8334965  -113.87860222 -134.20168436 -130.69033626
  -129.92134315 -129.28506289 -137.26186872 -133.69417345 -135.78912465
  -133.15294511]
 [-134.84754079 -136.55391518 -137.22095736 -138.06264254 -133.03656406
  -129.46503903 -136.40903081 -136.13436819 -121.03437942 -123.52855899
  -127.546739   -131.52057211  -80.73795388  -96.10633837 -126.08255435
  -132.25656897]
 [-128.94833308 -125.54702997 -123.59950903 -102.89544348 -127.37186879
  -116.4366336   -86.2831586   -97.39803239 -129.75010695 -123.63326132
  -118.74549264 -122.68343089 -132.33309465 -129.96213746 -132.22885623
  -132.07089626]]
dh_bs:  17.0
dh_ut:  0.5
fc usando em Hz:  7750000000.0
distance break point:  878.3333333333333
fc usado em GHz:  7.75
Coeficientes K: 
[[0.00000000e+00 0.00000000e+00 0.00000000e+00 0.00000000e+00
  0.00000000e+00 0.00000000e+00 0.00000000e+00 0.00000000e+00
  0.00000000e+00 0.00000000e+00 1.77915283e+00 0.00000000e+00
  0.00000000e+00 2.70022412e+01 2.55984427e+01 0.00000000e+00]
 [0.00000000e+00 0.00000000e+00 0.00000000e+00 6.63841952e-01
  0.00000000e+00 0.00000000e+00 0.00000000e+00 0.00000000e+00
  0.00000000e+00 0.00000000e+00 0.00000000e+00 0.00000000e+00
  0.00000000e+00 0.00000000e+00 0.00000000e+00 0.00000000e+00]
 [0.00000000e+00 0.00000000e+00 0.00000000e+00 0.00000000e+00
  0.00000000e+00 0.00000000e+00 0.00000000e+00 0.00000000e+00
  0.00000000e+00 0.00000000e+00 0.00000000e+00 0.00000000e+00
  0.00000000e+00 0.00000000e+00 0.00000000e+00 0.00000000e+00]
 [0.00000000e+00 1.15756691e+00 0.00000000e+00 0.00000000e+00
  0.00000000e+00 0.00000000e+00 3.12640586e+02 0.00000000e+00
  0.00000000e+00 0.00000000e+00 0.00000000e+00 0.00000000e+00
  0.00000000e+00 0.00000000e+00 0.00000000e+00 0.00000000e+00]
 [0.00000000e+00 0.00000000e+00 0.00000000e+00 0.00000000e+00
  0.00000000e+00 0.00000000e+00 0.00000000e+00 0.00000000e+00
  0.00000000e+00 1.86275051e+01 0.00000000e+00 0.00000000e+00
  1.49865671e+01 5.96183956e-01 0.00000000e+00 0.00000000e+00]
 [0.00000000e+00 0.00000000e+00 0.00000000e+00 0.00000000e+00
  0.00000000e+00 0.00000000e+00 0.00000000e+00 0.00000000e+00
  0.00000000e+00 0.00000000e+00 0.00000000e+00 2.42514265e+00
  0.00000000e+00 0.00000000e+00 0.00000000e+00 0.00000000e+00]
 [0.00000000e+00 0.00000000e+00 0.00000000e+00 0.00000000e+00
  0.00000000e+00 6.10752878e+01 0.00000000e+00 0.00000000e+00
  4.42479436e+00 0.00000000e+00 0.00000000e+00 0.00000000e+00
  0.00000000e+00 0.00000000e+00 0.00000000e+00 0.00000000e+00]
 [0.00000000e+00 0.00000000e+00 0.00000000e+00 0.00000000e+00
  0.00000000e+00 7.26856109e+00 4.09877689e+00 0.00000000e+00
  0.00000000e+00 0.00000000e+00 0.00000000e+00 0.00000000e+00
  0.00000000e+00 0.00000000e+00 0.00000000e+00 0.00000000e+00]
 [0.00000000e+00 0.00000000e+00 3.48902291e+00 0.00000000e+00
  0.00000000e+00 0.00000000e+00 0.00000000e+00 0.00000000e+00
  6.90568250e+00 0.00000000e+00 7.38453276e-01 0.00000000e+00
  0.00000000e+00 0.00000000e+00 0.00000000e+00 0.00000000e+00]
 [0.00000000e+00 0.00000000e+00 0.00000000e+00 0.00000000e+00
  0.00000000e+00 1.20373145e+00 1.82804347e+00 9.57099031e+00
  0.00000000e+00 0.00000000e+00 0.00000000e+00 1.17111663e+00
  0.00000000e+00 0.00000000e+00 0.00000000e+00 0.00000000e+00]
 [0.00000000e+00 9.24370966e+00 0.00000000e+00 2.75662164e+01
  0.00000000e+00 0.00000000e+00 0.00000000e+00 0.00000000e+00
  0.00000000e+00 0.00000000e+00 6.26351323e+00 0.00000000e+00
  0.00000000e+00 0.00000000e+00 0.00000000e+00 0.00000000e+00]
 [0.00000000e+00 0.00000000e+00 0.00000000e+00 2.72228192e+01
  0.00000000e+00 0.00000000e+00 0.00000000e+00 0.00000000e+00
  0.00000000e+00 0.00000000e+00 0.00000000e+00 0.00000000e+00
  0.00000000e+00 0.00000000e+00 0.00000000e+00 0.00000000e+00]
 [0.00000000e+00 0.00000000e+00 0.00000000e+00 0.00000000e+00
  0.00000000e+00 0.00000000e+00 0.00000000e+00 0.00000000e+00
  0.00000000e+00 0.00000000e+00 0.00000000e+00 0.00000000e+00
  0.00000000e+00 0.00000000e+00 0.00000000e+00 0.00000000e+00]
 [0.00000000e+00 0.00000000e+00 0.00000000e+00 0.00000000e+00
  0.00000000e+00 0.00000000e+00 0.00000000e+00 0.00000000e+00
  0.00000000e+00 3.49926090e+00 0.00000000e+00 0.00000000e+00
  0.00000000e+00 1.32163980e-01 0.00000000e+00 0.00000000e+00]
 [0.00000000e+00 0.00000000e+00 0.00000000e+00 0.00000000e+00
  0.00000000e+00 0.00000000e+00 0.00000000e+00 0.00000000e+00
  0.00000000e+00 0.00000000e+00 0.00000000e+00 0.00000000e+00
  0.00000000e+00 0.00000000e+00 0.00000000e+00 1.35281471e+01]]
ls_fading_coeffs:  [[-135.95757962 -136.52969059 -135.80789442 -137.38465348 -135.07567012
  -133.99104852 -133.49342205 -131.67168385 -125.28912626 -124.41290814
   -97.77612716 -128.5508197  -125.95911647  -93.21256725  -88.231085
  -120.94359509]
 [-128.92974865 -123.90053288 -114.96153447  -91.20285142 -130.69060239
  -125.2973019  -120.05321956 -118.62245775 -131.93729191 -129.64523182
  -126.95712707 -131.82915212 -136.66020561 -133.94693984 -133.2595564
  -137.45214518]
 [-133.64250509 -132.71457985 -130.65036402 -128.61140006 -133.00507441
  -129.29943302 -124.97161244 -119.44239316 -131.85504521 -124.23846509
  -114.60660988  -95.38833098 -135.23560713 -127.81147376 -123.1951958
  -124.23439346]
 [-128.32446473 -103.0376047  -117.67727046 -123.85803613 -131.22453726
  -119.25280618  -85.33205828 -115.14193311 -128.72469006 -124.90300319
  -124.61254398 -127.97823846 -133.8478903  -131.1769913  -132.76328433
  -131.85882214]
 [-132.66485163 -133.02026946 -132.27420956 -134.98194105 -126.34341513
  -126.06073973 -127.01075223 -130.68158417 -114.70100177  -89.47582951
  -120.58196721 -130.29861362  -96.44108599  -95.10420259 -124.15331758
  -133.98423391]
 [-134.09263549 -133.96008918 -135.74311462 -135.78601068 -132.49231791
  -129.91545356 -127.59365476 -134.2119292  -126.31992726 -119.11946233
  -114.98108638  -98.43583179 -125.36496434 -116.97727531 -110.64693936
  -121.26932789]
 [-128.84479907 -126.34934487 -131.49494049 -131.26870326 -114.5114388
   -90.11271281 -120.18609672 -131.48067352  -96.13879452 -117.54924824
  -124.92642908 -132.05883344 -136.06311236 -127.51121488 -129.97143615
  -133.02232625]
 [-125.75994397 -122.54915655 -120.44164697 -126.6310558  -126.53805157
   -89.66351237  -86.84680894 -124.04867981 -128.75671361 -126.88972313
  -124.10869261 -128.22462043 -133.88556755 -132.24066527 -131.8970038
  -132.415715  ]
 [-133.89163822 -133.83093654 -105.68363186 -129.72073647 -129.42719298
  -126.81694971 -122.99038507 -123.95871433 -102.92685042 -123.81705882
   -81.02482813 -111.81853761 -128.97472791 -124.67278367 -120.83424221
  -122.63112025]
 [-128.07715484 -122.35777175 -119.51406842 -125.86122684 -123.35853118
   -92.16462353  -90.9531462   -98.5363383  -127.112929   -124.14926887
  -125.48610983 -101.17418619 -137.15912143 -137.48140902 -131.82007998
  -135.18289898]
 [-136.18007604 -102.9429672  -117.99744217  -85.97541217 -135.06425298
  -131.17946124 -128.06610803 -123.58923458 -141.54158855 -138.93768632
  -106.86353886 -132.08939862 -138.34235735 -140.98415175 -137.47725247
  -137.72192281]
 [-144.61219066 -143.02244152 -140.2504643  -109.62933986 -136.868179
  -135.77492203 -135.40716974 -136.62560624 -134.57662939 -131.55704731
  -130.42381159 -130.32674367 -133.56074726 -132.78249602 -127.64095346
  -117.8925172 ]
 [-126.4865608  -121.49151834 -119.81460152 -122.71544127 -126.60003748
  -116.95894996 -106.08621323 -120.06997222 -128.08152099 -125.20052331
  -127.13331855 -125.39914776 -134.47262727 -131.53188865 -132.43524774
  -134.00835081]
 [-136.62116694 -134.70054455 -135.24512606 -136.29141647 -132.82569688
  -130.2742793  -133.00608302 -134.59387615 -120.45899197  -96.04331355
  -125.75323853 -130.48757212 -108.54154279  -89.79454473 -127.63640641
  -129.74216515]
 [-143.04008402 -133.73792991 -135.10306785 -133.22639089 -136.6335278
  -129.78285653 -128.08742058 -124.10385949 -132.73497475 -128.96010731
  -120.83472976 -108.24669265 -136.02722059 -132.90003437 -125.2498511
   -98.79140003]]
dh_bs:  17.0
dh_ut:  0.5
fc usando em Hz:  7750000000.0
distance break point:  878.3333333333333
fc usado em GHz:  7.75
Coeficientes K: 
[[0.00000000e+00 0.00000000e+00 0.00000000e+00 0.00000000e+00
  0.00000000e+00 0.00000000e+00 0.00000000e+00 0.00000000e+00
  0.00000000e+00 0.00000000e+00 0.00000000e+00 0.00000000e+00
  0.00000000e+00 0.00000000e+00 0.00000000e+00 0.00000000e+00]
 [0.00000000e+00 0.00000000e+00 0.00000000e+00 0.00000000e+00
  0.00000000e+00 0.00000000e+00 0.00000000e+00 0.00000000e+00
  0.00000000e+00 2.89986438e+00 0.00000000e+00 0.00000000e+00
  0.00000000e+00 0.00000000e+00 0.00000000e+00 0.00000000e+00]
 [2.62626905e+01 0.00000000e+00 4.81490613e+01 2.08098791e+01
  0.00000000e+00 0.00000000e+00 0.00000000e+00 0.00000000e+00
  0.00000000e+00 0.00000000e+00 0.00000000e+00 0.00000000e+00
  2.05424716e-01 0.00000000e+00 0.00000000e+00 0.00000000e+00]
 [0.00000000e+00 0.00000000e+00 0.00000000e+00 0.00000000e+00
  0.00000000e+00 0.00000000e+00 0.00000000e+00 0.00000000e+00
  0.00000000e+00 0.00000000e+00 0.00000000e+00 2.24208311e+00
  1.14199641e+01 0.00000000e+00 0.00000000e+00 5.85368060e-02]
 [0.00000000e+00 0.00000000e+00 0.00000000e+00 0.00000000e+00
  0.00000000e+00 0.00000000e+00 0.00000000e+00 0.00000000e+00
  0.00000000e+00 0.00000000e+00 0.00000000e+00 0.00000000e+00
  0.00000000e+00 0.00000000e+00 3.08737189e+00 0.00000000e+00]
 [0.00000000e+00 0.00000000e+00 0.00000000e+00 0.00000000e+00
  0.00000000e+00 0.00000000e+00 0.00000000e+00 0.00000000e+00
  5.08746373e+00 0.00000000e+00 0.00000000e+00 0.00000000e+00
  0.00000000e+00 0.00000000e+00 0.00000000e+00 0.00000000e+00]
 [0.00000000e+00 0.00000000e+00 0.00000000e+00 0.00000000e+00
  0.00000000e+00 0.00000000e+00 0.00000000e+00 9.47960026e+00
  0.00000000e+00 0.00000000e+00 0.00000000e+00 0.00000000e+00
  0.00000000e+00 0.00000000e+00 0.00000000e+00 0.00000000e+00]
 [0.00000000e+00 1.30296889e+01 0.00000000e+00 5.20242856e+00
  0.00000000e+00 0.00000000e+00 9.55490103e+01 0.00000000e+00
  0.00000000e+00 0.00000000e+00 0.00000000e+00 0.00000000e+00
  0.00000000e+00 0.00000000e+00 0.00000000e+00 0.00000000e+00]
 [0.00000000e+00 0.00000000e+00 0.00000000e+00 0.00000000e+00
  0.00000000e+00 0.00000000e+00 0.00000000e+00 0.00000000e+00
  0.00000000e+00 0.00000000e+00 0.00000000e+00 0.00000000e+00
  0.00000000e+00 0.00000000e+00 0.00000000e+00 0.00000000e+00]
 [0.00000000e+00 0.00000000e+00 0.00000000e+00 0.00000000e+00
  0.00000000e+00 0.00000000e+00 0.00000000e+00 0.00000000e+00
  0.00000000e+00 0.00000000e+00 1.04479934e+00 0.00000000e+00
  5.64125350e-01 1.07601458e+02 0.00000000e+00 0.00000000e+00]
 [0.00000000e+00 0.00000000e+00 0.00000000e+00 0.00000000e+00
  0.00000000e+00 0.00000000e+00 0.00000000e+00 0.00000000e+00
  1.06848793e+02 2.33686900e-02 1.18485405e-01 0.00000000e+00
  0.00000000e+00 0.00000000e+00 2.75550767e+00 0.00000000e+00]
 [0.00000000e+00 0.00000000e+00 0.00000000e+00 0.00000000e+00
  0.00000000e+00 0.00000000e+00 0.00000000e+00 0.00000000e+00
  0.00000000e+00 0.00000000e+00 0.00000000e+00 8.83346592e+00
  0.00000000e+00 0.00000000e+00 0.00000000e+00 0.00000000e+00]
 [0.00000000e+00 0.00000000e+00 0.00000000e+00 0.00000000e+00
  0.00000000e+00 0.00000000e+00 0.00000000e+00 0.00000000e+00
  0.00000000e+00 0.00000000e+00 0.00000000e+00 0.00000000e+00
  0.00000000e+00 0.00000000e+00 0.00000000e+00 0.00000000e+00]
 [0.00000000e+00 0.00000000e+00 2.16602022e+00 0.00000000e+00
  0.00000000e+00 0.00000000e+00 0.00000000e+00 0.00000000e+00
  0.00000000e+00 0.00000000e+00 0.00000000e+00 0.00000000e+00
  0.00000000e+00 0.00000000e+00 0.00000000e+00 0.00000000e+00]
 [0.00000000e+00 0.00000000e+00 0.00000000e+00 0.00000000e+00
  0.00000000e+00 0.00000000e+00 2.78290171e+00 0.00000000e+00
  0.00000000e+00 0.00000000e+00 0.00000000e+00 0.00000000e+00
  6.76689821e+01 0.00000000e+00 2.28093564e+01 0.00000000e+00]]
ls_fading_coeffs:  [[-132.10809013 -130.63080513 -134.61760959 -136.54326775 -122.8251404
  -126.17094889 -133.72999043 -137.86817933 -104.86049642 -120.25997334
  -128.42031364 -132.32531272 -126.363257   -124.89426478 -132.20672138
  -133.69112642]
 [-135.11997076 -132.17147195 -131.49870218 -133.05483178 -131.07809662
  -127.84127242 -128.64993436 -127.35495259 -125.73602441  -95.50855964
  -109.63606782 -123.43697924 -126.66911178 -117.85620424 -114.18309475
  -121.88332388]
 [-103.12059049 -121.02225214  -91.42070687  -94.65588208 -128.60437833
  -124.88190358 -114.28898328 -118.29353188 -134.71187157 -128.20186219
  -129.52227722 -129.76332209 -107.87087943 -134.15109197 -134.37465439
  -135.22934519]
 [-136.61756068 -133.96874243 -132.80487013 -133.79927341 -134.2879599
  -132.33222157 -129.81641417 -122.85804908 -131.90885797 -130.63582113
  -121.13835409  -89.48701235 -108.51679264 -129.11792572 -124.94413432
   -98.49368377]
 [-140.72139589 -136.06086178 -134.45766295 -135.91335455 -134.94768219
  -133.13222779 -130.19533227 -128.13264352 -130.69155045 -126.10091922
  -122.21743802 -118.92192469 -131.39344546 -124.26299788  -91.49471296
  -102.95971667]
 [-118.21301379 -106.38428427 -122.12023716 -129.24672966 -123.94357645
  -119.65799141 -122.93987838 -129.84940188 -103.04217887 -128.55260938
  -135.0244314  -132.09049424 -138.41619103 -134.11412049 -134.20900037
  -138.08312383]
 [-130.13410106 -127.95775736 -120.76756007 -117.50586747 -132.54164169
  -123.54956563 -117.72834934  -86.69762659 -131.33616359 -131.33537103
  -126.86536774 -124.8716903  -136.59944627 -136.13469879 -131.99240763
  -131.16477171]
 [-127.07016482  -99.44991732 -124.55641559 -100.977368   -124.83639358
  -118.56784975  -73.67475171 -118.00505026 -130.07167823 -127.77366442
  -122.42511641 -126.19320955 -132.36377421 -132.59535653 -129.75249824
  -134.12184975]
 [-115.35891728 -105.49150929 -121.04539522 -126.01914905 -126.16626309
  -125.46592042 -127.29110243 -129.75011114 -131.7224724  -131.52876087
  -134.41399771 -133.33806814 -137.65928939 -135.52834857 -137.52444617
  -137.45648547]
 [-135.86960844 -137.48434863 -138.51466484 -137.76894365 -133.68285118
  -131.24865525 -131.34398971 -136.0845739  -128.49969817 -125.2144553
  -104.56109072 -130.10210855  -95.87606675  -81.5091159  -117.97357944
  -124.74907415]
 [-135.54790379 -136.13014752 -137.02400473 -132.67311293 -131.07412433
  -126.07254457 -121.58409721 -124.48309931 -102.86356023  -95.90958583
   -75.85446418 -119.50223601 -127.1836207  -123.38877295  -97.31471479
  -127.1727696 ]
 [-135.51657631 -130.27412956 -127.74042254 -128.09532488 -133.993487
  -124.66850981 -120.70013314 -120.75809294 -129.82154217 -122.7258851
  -113.57366169  -88.03466095 -132.3279579  -128.34571171 -128.05827681
  -124.31758173]
 [-132.05538353 -127.15951278 -115.45129034 -104.38724321 -131.5740193
  -127.30502961 -121.94017417 -117.66292207 -132.68493155 -130.66848097
  -131.72478256 -128.16225573 -139.32865828 -138.02856572 -133.35406825
  -135.0532422 ]
 [-130.77117365 -121.56137275  -87.85461522 -112.82459936 -129.34652093
  -128.98279199 -124.19133787 -121.25725177 -138.55330569 -136.19640975
  -131.47845551 -133.74901197 -138.31544607 -135.98375139 -136.52328786
  -135.18637492]
 [-137.6989252  -132.83963786 -135.88234394 -135.54639483 -126.99910974
  -125.57356773 -103.28570555 -134.49294336 -115.30973239 -115.32854169
  -123.51647636 -127.61586695  -93.49146658 -113.30708    -102.4146572
  -130.72947062]]
dh_bs:  17.0
dh_ut:  0.5
fc usando em Hz:  7750000000.0
distance break point:  878.3333333333333
fc usado em GHz:  7.75
Coeficientes K: 
[[0.00000000e+00 0.00000000e+00 0.00000000e+00 0.00000000e+00
  0.00000000e+00 0.00000000e+00 8.47979407e+00 2.52827911e-01
  9.13414562e-01 1.78321170e+01 0.00000000e+00 0.00000000e+00
  0.00000000e+00 0.00000000e+00 0.00000000e+00 0.00000000e+00]
 [0.00000000e+00 0.00000000e+00 0.00000000e+00 0.00000000e+00
  0.00000000e+00 0.00000000e+00 0.00000000e+00 0.00000000e+00
  0.00000000e+00 0.00000000e+00 1.16205367e+00 0.00000000e+00
  0.00000000e+00 0.00000000e+00 0.00000000e+00 0.00000000e+00]
 [0.00000000e+00 0.00000000e+00 0.00000000e+00 0.00000000e+00
  0.00000000e+00 0.00000000e+00 0.00000000e+00 0.00000000e+00
  0.00000000e+00 0.00000000e+00 0.00000000e+00 0.00000000e+00
  0.00000000e+00 0.00000000e+00 0.00000000e+00 0.00000000e+00]
 [0.00000000e+00 0.00000000e+00 0.00000000e+00 0.00000000e+00
  0.00000000e+00 0.00000000e+00 0.00000000e+00 0.00000000e+00
  0.00000000e+00 0.00000000e+00 0.00000000e+00 0.00000000e+00
  8.32880536e+00 0.00000000e+00 0.00000000e+00 0.00000000e+00]
 [0.00000000e+00 1.39847039e+00 0.00000000e+00 0.00000000e+00
  1.84801750e+00 0.00000000e+00 0.00000000e+00 0.00000000e+00
  0.00000000e+00 0.00000000e+00 0.00000000e+00 0.00000000e+00
  0.00000000e+00 0.00000000e+00 0.00000000e+00 0.00000000e+00]
 [0.00000000e+00 0.00000000e+00 0.00000000e+00 0.00000000e+00
  0.00000000e+00 2.71389607e+01 0.00000000e+00 0.00000000e+00
  3.37473708e-01 0.00000000e+00 0.00000000e+00 0.00000000e+00
  0.00000000e+00 0.00000000e+00 0.00000000e+00 0.00000000e+00]
 [6.02456506e+00 1.91673102e+00 0.00000000e+00 0.00000000e+00
  0.00000000e+00 0.00000000e+00 0.00000000e+00 0.00000000e+00
  0.00000000e+00 0.00000000e+00 0.00000000e+00 0.00000000e+00
  0.00000000e+00 0.00000000e+00 0.00000000e+00 0.00000000e+00]
 [5.00366101e+00 0.00000000e+00 0.00000000e+00 0.00000000e+00
  0.00000000e+00 2.54805540e+01 0.00000000e+00 0.00000000e+00
  0.00000000e+00 0.00000000e+00 0.00000000e+00 0.00000000e+00
  0.00000000e+00 0.00000000e+00 0.00000000e+00 0.00000000e+00]
 [0.00000000e+00 0.00000000e+00 0.00000000e+00 0.00000000e+00
  0.00000000e+00 0.00000000e+00 0.00000000e+00 0.00000000e+00
  0.00000000e+00 0.00000000e+00 0.00000000e+00 0.00000000e+00
  5.30470382e+01 0.00000000e+00 0.00000000e+00 0.00000000e+00]
 [0.00000000e+00 0.00000000e+00 2.22744328e+00 0.00000000e+00
  0.00000000e+00 0.00000000e+00 0.00000000e+00 0.00000000e+00
  0.00000000e+00 0.00000000e+00 1.95495285e+01 0.00000000e+00
  0.00000000e+00 0.00000000e+00 0.00000000e+00 0.00000000e+00]
 [0.00000000e+00 0.00000000e+00 0.00000000e+00 9.42378708e-01
  0.00000000e+00 0.00000000e+00 0.00000000e+00 0.00000000e+00
  0.00000000e+00 0.00000000e+00 0.00000000e+00 0.00000000e+00
  0.00000000e+00 0.00000000e+00 0.00000000e+00 0.00000000e+00]
 [0.00000000e+00 0.00000000e+00 0.00000000e+00 0.00000000e+00
  2.65991312e+00 0.00000000e+00 0.00000000e+00 0.00000000e+00
  4.65952299e-02 0.00000000e+00 0.00000000e+00 0.00000000e+00
  0.00000000e+00 0.00000000e+00 0.00000000e+00 0.00000000e+00]
 [0.00000000e+00 0.00000000e+00 0.00000000e+00 0.00000000e+00
  0.00000000e+00 0.00000000e+00 0.00000000e+00 0.00000000e+00
  0.00000000e+00 0.00000000e+00 0.00000000e+00 0.00000000e+00
  0.00000000e+00 0.00000000e+00 0.00000000e+00 1.78865819e-02]
 [0.00000000e+00 0.00000000e+00 0.00000000e+00 0.00000000e+00
  0.00000000e+00 0.00000000e+00 0.00000000e+00 0.00000000e+00
  0.00000000e+00 1.10897329e+02 0.00000000e+00 0.00000000e+00
  0.00000000e+00 0.00000000e+00 4.00389598e+00 0.00000000e+00]
 [0.00000000e+00 0.00000000e+00 0.00000000e+00 0.00000000e+00
  0.00000000e+00 1.25162698e+00 0.00000000e+00 0.00000000e+00
  0.00000000e+00 0.00000000e+00 0.00000000e+00 0.00000000e+00
  0.00000000e+00 0.00000000e+00 0.00000000e+00 0.00000000e+00]]
ls_fading_coeffs:  [[-132.4593544  -131.55687047 -129.36657175 -132.51357645 -128.67387455
  -122.0668111   -99.00182797 -101.32253262 -101.29326177  -92.5495346
   -98.01795009 -120.62834881 -128.65932962 -124.60763107 -123.74894466
  -127.4211576 ]
 [-136.06633057 -131.37887564 -133.64963858 -130.90097713 -130.51972774
  -130.54158854 -122.39111828 -124.32062868 -125.85029825 -120.74717565
   -75.39171326 -117.85822737 -126.98927284 -121.8267069  -120.01074572
  -123.81852802]
 [-126.7882169  -121.77816153 -125.80608588 -129.74248413 -123.47748383
  -108.79465186 -106.51386077 -120.8636313  -131.96924384 -124.92247498
  -123.01369328 -124.77370195 -132.60050427 -131.63105055 -133.07668351
  -131.30894671]
 [-135.66020609 -135.5624712  -138.18608395 -139.33699246 -130.75091435
  -131.9874246  -136.41012691 -135.40859035 -122.05668161 -123.68276828
  -129.05785492 -134.53333739  -75.05862553 -120.04918112 -125.28201502
  -130.98884353]
 [-121.81773318  -99.7946213  -131.16294753 -137.55860166  -81.27190345
  -118.40136608 -125.8937532  -130.52403951 -119.68967344 -127.43457186
  -130.87193854 -131.13849499 -130.83096208 -129.11262991 -134.496383
  -137.79307974]
 [-129.75179731 -133.33651643 -134.19665297 -136.13648482 -114.77821844
   -98.89434421 -132.54744386 -133.17938533  -90.83749924 -124.7685557
  -128.6541334  -132.0531738  -125.31754132 -128.20628527 -132.30137249
  -132.81707323]
 [ -92.18648953  -79.43539053 -119.35747237 -130.27350607 -123.5474869
  -122.31482825 -123.3712534  -128.94124259 -130.995615   -128.90591268
  -135.16724336 -132.42551373 -134.8861907  -134.81534727 -134.70576911
  -137.80190159]
 [-100.23079436 -125.8442836  -125.85124294 -132.20910267 -114.84072994
   -77.03638205 -122.80251027 -126.17725748 -122.09611142 -119.87310817
  -124.82538084 -128.16448172 -130.4619129  -129.37986655 -133.50976893
  -142.81719723]
 [-138.61267623 -143.0136857  -140.82100022 -144.99138091 -134.5770503
  -134.96257278 -139.60569304 -139.98039447 -129.08115043 -130.56045758
  -134.27530049 -135.86668878  -98.83353085 -124.01669444 -127.93824315
  -133.52917337]
 [-134.82355692 -132.93132958 -106.88726807 -134.67035222 -134.37228566
  -130.41358912 -127.41227814 -126.50640641 -130.74043875 -120.70993885
   -93.43484793 -121.19049247 -128.28342919 -120.6164729  -112.45582816
  -117.78225396]
 [-132.62391466 -125.30697452 -114.97164838  -88.35825167 -132.28430691
  -125.44621626 -119.15393498 -120.14261268 -134.8464133  -129.72420538
  -134.94165778 -131.08993451 -137.79764338 -138.78862555 -137.71720441
  -134.03771544]
 [-124.37840547 -130.82579699 -129.03004289 -132.96224387  -84.76016149
  -119.78066933 -130.27768493 -132.99349485  -95.57347581 -124.54170252
  -127.53796801 -133.9422136  -130.97856696 -131.19381829 -137.59870919
  -135.98066902]
 [-133.49869661 -128.84631966 -124.13196292 -118.56377595 -134.71971325
  -135.61106682 -134.18085484 -127.75644864 -138.10346543 -139.79387633
  -133.93908562 -134.75462028 -140.17583234 -140.02946471 -141.66119093
  -111.4462944 ]
 [-131.15215172 -128.75939618 -133.94649552 -134.65485915 -123.32284906
  -122.78245145 -124.1050559  -128.8920617  -119.56612325  -84.15726582
  -112.10989686 -125.93632679 -124.97410672 -123.2221774  -100.21627791
  -128.08753765]
 [-128.97903873 -129.03524476 -129.3277886  -133.35384489 -120.22287206
   -92.39114726 -124.20882123 -128.96641667 -115.49127635 -112.20307694
  -122.65519564 -131.78940246 -129.34572443 -125.67105634 -129.23286138
  -130.24253631]]
dh_bs:  17.0
dh_ut:  0.5
fc usando em Hz:  7750000000.0
distance break point:  878.3333333333333
fc usado em GHz:  7.75
Coeficientes K: 
[[0.00000000e+00 0.00000000e+00 0.00000000e+00 0.00000000e+00
  0.00000000e+00 0.00000000e+00 0.00000000e+00 0.00000000e+00
  0.00000000e+00 0.00000000e+00 0.00000000e+00 0.00000000e+00
  0.00000000e+00 0.00000000e+00 2.58629847e+01 1.85251277e-02]
 [0.00000000e+00 0.00000000e+00 0.00000000e+00 0.00000000e+00
  5.85816394e-02 0.00000000e+00 0.00000000e+00 0.00000000e+00
  0.00000000e+00 0.00000000e+00 0.00000000e+00 0.00000000e+00
  0.00000000e+00 0.00000000e+00 0.00000000e+00 0.00000000e+00]
 [0.00000000e+00 0.00000000e+00 0.00000000e+00 0.00000000e+00
  0.00000000e+00 0.00000000e+00 0.00000000e+00 0.00000000e+00
  0.00000000e+00 1.86875201e-01 0.00000000e+00 0.00000000e+00
  0.00000000e+00 0.00000000e+00 0.00000000e+00 0.00000000e+00]
 [0.00000000e+00 0.00000000e+00 0.00000000e+00 0.00000000e+00
  0.00000000e+00 0.00000000e+00 0.00000000e+00 0.00000000e+00
  0.00000000e+00 0.00000000e+00 0.00000000e+00 4.34613250e+00
  6.56511882e-01 0.00000000e+00 0.00000000e+00 0.00000000e+00]
 [0.00000000e+00 0.00000000e+00 0.00000000e+00 0.00000000e+00
  0.00000000e+00 0.00000000e+00 0.00000000e+00 0.00000000e+00
  0.00000000e+00 0.00000000e+00 0.00000000e+00 0.00000000e+00
  0.00000000e+00 4.73233323e-01 0.00000000e+00 0.00000000e+00]
 [0.00000000e+00 0.00000000e+00 0.00000000e+00 0.00000000e+00
  0.00000000e+00 0.00000000e+00 0.00000000e+00 0.00000000e+00
  0.00000000e+00 0.00000000e+00 0.00000000e+00 0.00000000e+00
  0.00000000e+00 1.43619557e+01 0.00000000e+00 0.00000000e+00]
 [0.00000000e+00 0.00000000e+00 0.00000000e+00 0.00000000e+00
  0.00000000e+00 0.00000000e+00 0.00000000e+00 0.00000000e+00
  0.00000000e+00 0.00000000e+00 0.00000000e+00 0.00000000e+00
  0.00000000e+00 0.00000000e+00 1.48127013e+02 0.00000000e+00]
 [0.00000000e+00 0.00000000e+00 0.00000000e+00 3.42598812e+00
  4.37824791e+00 0.00000000e+00 0.00000000e+00 0.00000000e+00
  0.00000000e+00 2.74367473e+01 0.00000000e+00 0.00000000e+00
  0.00000000e+00 0.00000000e+00 0.00000000e+00 0.00000000e+00]
 [0.00000000e+00 0.00000000e+00 0.00000000e+00 0.00000000e+00
  0.00000000e+00 0.00000000e+00 0.00000000e+00 0.00000000e+00
  0.00000000e+00 0.00000000e+00 0.00000000e+00 0.00000000e+00
  0.00000000e+00 0.00000000e+00 0.00000000e+00 0.00000000e+00]
 [0.00000000e+00 0.00000000e+00 0.00000000e+00 0.00000000e+00
  0.00000000e+00 0.00000000e+00 0.00000000e+00 0.00000000e+00
  0.00000000e+00 0.00000000e+00 0.00000000e+00 0.00000000e+00
  0.00000000e+00 0.00000000e+00 0.00000000e+00 0.00000000e+00]
 [0.00000000e+00 0.00000000e+00 0.00000000e+00 0.00000000e+00
  0.00000000e+00 0.00000000e+00 0.00000000e+00 0.00000000e+00
  0.00000000e+00 0.00000000e+00 0.00000000e+00 0.00000000e+00
  8.86345996e-01 0.00000000e+00 0.00000000e+00 0.00000000e+00]
 [0.00000000e+00 0.00000000e+00 0.00000000e+00 0.00000000e+00
  0.00000000e+00 1.55189249e+00 1.18156566e+00 0.00000000e+00
  0.00000000e+00 0.00000000e+00 0.00000000e+00 0.00000000e+00
  0.00000000e+00 8.25209573e-01 0.00000000e+00 0.00000000e+00]
 [0.00000000e+00 0.00000000e+00 0.00000000e+00 0.00000000e+00
  0.00000000e+00 0.00000000e+00 0.00000000e+00 0.00000000e+00
  0.00000000e+00 0.00000000e+00 0.00000000e+00 0.00000000e+00
  0.00000000e+00 0.00000000e+00 0.00000000e+00 0.00000000e+00]
 [0.00000000e+00 0.00000000e+00 5.09240798e+00 0.00000000e+00
  0.00000000e+00 0.00000000e+00 0.00000000e+00 0.00000000e+00
  0.00000000e+00 0.00000000e+00 0.00000000e+00 0.00000000e+00
  0.00000000e+00 0.00000000e+00 0.00000000e+00 0.00000000e+00]
 [0.00000000e+00 0.00000000e+00 0.00000000e+00 0.00000000e+00
  0.00000000e+00 0.00000000e+00 0.00000000e+00 3.87569114e+00
  0.00000000e+00 0.00000000e+00 1.76689927e+01 2.58783967e+02
  0.00000000e+00 0.00000000e+00 0.00000000e+00 3.21972288e+00]]
ls_fading_coeffs:  [[-137.31224848 -143.1827636  -136.25710165 -141.4349116  -134.40373764
  -136.5816119  -132.06355792 -132.86798845 -130.27923548 -127.63086512
  -124.62891422 -124.073033   -127.14206112 -120.67962379  -86.33895272
   -95.81967523]
 [-126.28076913 -123.04740547 -127.25228384 -131.2638783   -76.61581664
  -118.28018014 -126.67781285 -130.56294776 -123.01842176 -129.05136205
  -127.78374696 -132.81397383 -135.98563815 -132.1391867  -134.33540673
  -136.43409993]
 [-138.48974004 -138.87762905 -139.32266056 -137.4356606  -133.04715744
  -131.56991183 -131.7482269  -134.81116031 -127.95769257 -102.34914852
  -127.16343498 -126.30799468 -124.52077792 -115.3772661  -109.60734261
  -123.10551166]
 [-139.74192004 -139.79863549 -141.04394549 -142.76986898 -134.46221821
  -137.16977859 -137.81332744 -137.66297526 -128.10980092 -132.19883294
  -133.73118632 -107.85584156  -96.01160034 -129.64888418 -128.80227633
  -132.9768139 ]
 [-131.97162278 -127.70798815 -124.72058864 -116.60134772 -134.67669983
  -135.42369241 -128.7788706  -127.48054025 -140.50966136 -136.36762594
  -135.93031171 -136.61119286 -141.92816337 -111.71431082 -140.12145565
  -137.53372313]
 [-136.17865232 -135.66289277 -137.83649671 -137.90392218 -131.79271822
  -131.32266313 -131.54752682 -132.10468652 -125.182166   -121.0672195
  -124.87930221 -129.7400819  -117.25477345  -77.47143782 -119.97888572
  -127.17723322]
 [-133.14480421 -129.14064776 -129.26227419 -132.58342896 -126.03246775
  -122.44683699 -123.42147933 -123.98761181 -124.18534455 -114.44517303
  -102.57898387 -121.04808957 -127.2686047  -123.21213772  -99.41673077
  -128.12012975]
 [-113.18793322 -124.69002229 -129.66926992 -107.66992329  -97.04533521
  -125.71466723 -129.49678617 -134.26544394 -128.15895274 -105.6221048
  -136.40067237 -137.36084475 -133.7475901  -134.4981285  -137.16115032
  -137.75310446]
 [-122.07135226 -115.80481027 -118.22839352 -124.58795882 -130.44657558
  -126.89475645 -131.43703564 -130.60397337 -135.12161811 -134.82632815
  -133.84999933 -134.4852635  -138.18352622 -137.9385902  -139.0505916
  -138.95134404]
 [-117.91846351 -111.19647179 -119.95562567 -126.60385228 -121.62681585
  -114.83407505 -120.79393333 -127.43851025 -128.17623339 -126.03081549
  -128.61004611 -132.52975173 -138.38140637 -135.00713868 -134.77835824
  -133.80325506]
 [-137.4503146  -138.51695349 -138.22671386 -142.78717373 -136.94896194
  -132.62540116 -136.36091525 -135.39549854 -123.71255238 -128.71576137
  -134.18356271 -133.22374258  -89.27166672 -122.88341892 -128.3945846
  -134.81951837]
 [-125.48956609 -122.43214714 -122.54200269 -128.80894399 -118.03681845
   -72.1296952   -96.96029894 -125.77645302 -125.92425925 -123.27326672
  -125.88743721 -128.65260206 -134.19013141 -106.84740367 -134.44989079
  -135.10990361]
 [-119.15517756  -95.27044408 -119.81543895 -124.97555109 -129.81421131
  -123.11804325 -125.20523165 -128.7694766  -132.49377727 -130.84234805
  -132.93291561 -133.91495443 -136.51125246 -140.70606119 -135.3044804
  -137.10542785]
 [-128.92464603 -117.83158014  -84.78990703 -116.44544416 -130.37934844
  -126.77775034 -123.88607051 -125.57270071 -135.91761394 -131.40252068
  -132.16198762 -131.01674869 -137.70821059 -136.72736843 -135.60897904
  -135.7544782 ]
 [-139.28810706 -133.39714526 -130.63179808 -135.702618   -135.23103427
  -128.63048755 -123.31740782 -104.34315566 -131.20347062 -124.98006843
   -95.9496242   -80.48985291 -132.72631918 -127.8831464  -123.27676345
   -96.89397136]]
dh_bs:  17.0
dh_ut:  0.5
fc usando em Hz:  7750000000.0
distance break point:  878.3333333333333
fc usado em GHz:  7.75
Coeficientes K: 
[[0.00000000e+00 0.00000000e+00 0.00000000e+00 0.00000000e+00
  0.00000000e+00 0.00000000e+00 0.00000000e+00 0.00000000e+00
  0.00000000e+00 0.00000000e+00 8.05755829e+00 0.00000000e+00
  0.00000000e+00 4.94075788e+01 0.00000000e+00 0.00000000e+00]
 [0.00000000e+00 0.00000000e+00 0.00000000e+00 0.00000000e+00
  0.00000000e+00 0.00000000e+00 0.00000000e+00 0.00000000e+00
  0.00000000e+00 0.00000000e+00 0.00000000e+00 0.00000000e+00
  0.00000000e+00 0.00000000e+00 0.00000000e+00 0.00000000e+00]
 [0.00000000e+00 0.00000000e+00 0.00000000e+00 0.00000000e+00
  0.00000000e+00 0.00000000e+00 0.00000000e+00 0.00000000e+00
  0.00000000e+00 2.10011064e+00 2.48041180e+00 0.00000000e+00
  0.00000000e+00 0.00000000e+00 0.00000000e+00 0.00000000e+00]
 [2.30742566e+00 2.67694189e-01 0.00000000e+00 0.00000000e+00
  0.00000000e+00 0.00000000e+00 0.00000000e+00 0.00000000e+00
  0.00000000e+00 0.00000000e+00 0.00000000e+00 0.00000000e+00
  0.00000000e+00 0.00000000e+00 0.00000000e+00 0.00000000e+00]
 [0.00000000e+00 0.00000000e+00 1.75093895e+02 0.00000000e+00
  0.00000000e+00 0.00000000e+00 1.79532026e+01 2.55325318e-01
  0.00000000e+00 0.00000000e+00 0.00000000e+00 0.00000000e+00
  0.00000000e+00 0.00000000e+00 0.00000000e+00 7.70584843e+00]
 [0.00000000e+00 0.00000000e+00 0.00000000e+00 0.00000000e+00
  0.00000000e+00 0.00000000e+00 0.00000000e+00 0.00000000e+00
  0.00000000e+00 6.22061330e+00 0.00000000e+00 0.00000000e+00
  0.00000000e+00 0.00000000e+00 1.95918377e-01 0.00000000e+00]
 [0.00000000e+00 0.00000000e+00 0.00000000e+00 0.00000000e+00
  0.00000000e+00 0.00000000e+00 0.00000000e+00 0.00000000e+00
  2.74299577e+01 0.00000000e+00 0.00000000e+00 0.00000000e+00
  0.00000000e+00 0.00000000e+00 0.00000000e+00 0.00000000e+00]
 [0.00000000e+00 0.00000000e+00 0.00000000e+00 0.00000000e+00
  0.00000000e+00 0.00000000e+00 0.00000000e+00 0.00000000e+00
  0.00000000e+00 0.00000000e+00 8.61540870e+00 0.00000000e+00
  0.00000000e+00 3.15583498e+00 0.00000000e+00 0.00000000e+00]
 [0.00000000e+00 0.00000000e+00 0.00000000e+00 0.00000000e+00
  0.00000000e+00 0.00000000e+00 0.00000000e+00 0.00000000e+00
  6.56239044e-01 0.00000000e+00 0.00000000e+00 0.00000000e+00
  0.00000000e+00 0.00000000e+00 0.00000000e+00 0.00000000e+00]
 [0.00000000e+00 0.00000000e+00 0.00000000e+00 0.00000000e+00
  0.00000000e+00 0.00000000e+00 1.67939585e+01 0.00000000e+00
  0.00000000e+00 0.00000000e+00 0.00000000e+00 2.47920119e+00
  0.00000000e+00 0.00000000e+00 0.00000000e+00 0.00000000e+00]
 [0.00000000e+00 0.00000000e+00 0.00000000e+00 1.95661885e+00
  0.00000000e+00 0.00000000e+00 0.00000000e+00 2.86003193e+01
  0.00000000e+00 0.00000000e+00 0.00000000e+00 0.00000000e+00
  0.00000000e+00 0.00000000e+00 0.00000000e+00 0.00000000e+00]
 [0.00000000e+00 3.67599658e+01 0.00000000e+00 0.00000000e+00
  4.14527698e+00 0.00000000e+00 0.00000000e+00 0.00000000e+00
  0.00000000e+00 0.00000000e+00 0.00000000e+00 0.00000000e+00
  0.00000000e+00 0.00000000e+00 0.00000000e+00 0.00000000e+00]
 [1.31183081e+01 0.00000000e+00 0.00000000e+00 0.00000000e+00
  0.00000000e+00 0.00000000e+00 0.00000000e+00 0.00000000e+00
  0.00000000e+00 0.00000000e+00 0.00000000e+00 0.00000000e+00
  0.00000000e+00 0.00000000e+00 0.00000000e+00 0.00000000e+00]
 [0.00000000e+00 0.00000000e+00 0.00000000e+00 0.00000000e+00
  0.00000000e+00 0.00000000e+00 0.00000000e+00 0.00000000e+00
  0.00000000e+00 0.00000000e+00 0.00000000e+00 0.00000000e+00
  0.00000000e+00 0.00000000e+00 0.00000000e+00 0.00000000e+00]
 [0.00000000e+00 0.00000000e+00 0.00000000e+00 0.00000000e+00
  0.00000000e+00 0.00000000e+00 0.00000000e+00 0.00000000e+00
  5.51263388e-02 3.72964499e+01 0.00000000e+00 0.00000000e+00
  0.00000000e+00 0.00000000e+00 0.00000000e+00 0.00000000e+00]]
ls_fading_coeffs:  [[-123.28185176 -114.97233087 -116.55382932 -123.64590716 -132.78485351
  -127.02061236 -131.40808315 -128.45399039 -134.00995956 -132.62887735
  -106.1647451  -136.40367848 -142.38292166 -109.2827954  -141.29823676
  -138.68340134]
 [-133.50488221 -130.67100569 -125.33625132 -120.29365328 -138.58456594
  -131.10882302 -121.42337849 -112.54444495 -134.82294223 -133.26432383
  -127.01882372 -124.54742145 -137.40059612 -135.01700643 -132.67249098
  -130.80084586]
 [-126.10442253 -127.96276299 -129.31811298 -130.92461879 -117.46806842
  -114.0451189  -124.20252276 -132.83311197 -114.96368318  -94.67968629
   -99.29190376 -128.97940297 -128.46717331 -125.90144907 -128.33136616
  -131.08213527]
 [ -97.9345375   -92.23851974 -120.59688093 -130.11744598 -118.99321922
  -109.1390531  -120.58691891 -127.6215941  -127.08771001 -125.71600782
  -134.13635403 -132.5411557  -136.91901361 -138.8332408  -132.61227213
  -139.18624043]
 [-127.87241285 -121.99668052  -94.27508214 -118.03289795 -131.50241579
  -121.72130024  -91.72681919  -94.6949177  -133.62642207 -129.49230828
  -125.25229536 -124.88199395 -136.34694147 -135.32352725 -135.85951734
  -107.2591884 ]
 [-133.79179341 -134.60822378 -132.58820651 -138.84471894 -131.218224
  -127.27733703 -125.56469605 -131.15587185 -123.2642111   -97.73970823
  -113.77105715 -126.18319312 -123.93598114 -116.03050709  -92.79547206
  -125.2402685 ]
 [-129.62682661 -134.01792107 -129.00998483 -132.92283771 -125.76457369
  -122.18453296 -122.56459205 -125.64556452  -96.84926076  -98.72748422
  -117.70792216 -126.30283236 -130.63381318 -127.41560628 -126.39821198
  -128.48306894]
 [-133.31777039 -135.31346117 -142.01146961 -140.03852054 -128.17837133
  -129.6400213  -133.74313437 -134.14495486 -116.30931218 -121.12945698
  -102.79644689 -132.21118161 -107.64354278  -94.90947951 -126.80727005
  -130.95137113]
 [-134.85947012 -131.24020756 -134.2315519  -139.37377892 -121.12081216
  -124.14561105 -128.66044453 -131.76389226  -76.54546134 -116.76320591
  -123.66188055 -130.99439441 -120.38390143 -121.6822767  -130.54865463
  -132.88701563]
 [-137.41681191 -142.43897584 -136.2332232  -135.520465   -132.1545407
  -134.57201047 -103.5648161  -131.11169086 -129.76576924 -123.86733153
  -122.19191256  -98.35300309 -126.6551884  -120.41629849  -95.54340364
  -114.51185621]
 [-132.19383816 -126.68098034 -116.5025669   -74.06117153 -131.69346412
  -130.87839186 -124.40771902  -99.16023432 -135.9795194  -138.5636003
  -133.00711855 -129.68944614 -138.71150646 -138.86621796 -141.88508931
  -135.31055629]
 [-122.60528551  -91.53377835 -116.21006513 -125.71918737 -103.67825975
  -124.55291606 -128.04940565 -132.12958739 -136.04257884 -133.4627917
  -133.56021002 -134.06428908 -138.19429353 -140.39728236 -139.41050001
  -137.67804361]
 [ -89.55617643 -106.04776082 -123.20742721 -128.66032218 -125.38178385
  -120.09080744 -130.38771189 -131.63351986 -128.89435755 -129.99571113
  -132.2256354  -134.8751035  -134.18760579 -137.17763975 -136.73911601
  -136.50367404]
 [-132.98194589 -131.59235933 -128.3478166  -125.6127598  -134.5358475
  -129.27379351 -117.0132417  -112.31230014 -130.13155677 -126.35522974
  -118.04003432 -111.69894254 -135.88684268 -133.48780992 -128.04317864
  -133.09934642]
 [-130.67087653 -130.40611442 -137.89304015 -134.39186421 -125.4307529
  -126.4867255  -127.35090181 -130.80281486  -82.35950366  -91.84420508
  -127.40701997 -133.1494512  -120.83653365 -124.27609711 -130.1725321
  -130.51175816]]
dh_bs:  17.0
dh_ut:  0.5
fc usando em Hz:  7750000000.0
distance break point:  878.3333333333333
fc usado em GHz:  7.75
Coeficientes K: 
[[0.00000000e+00 0.00000000e+00 0.00000000e+00 0.00000000e+00
  0.00000000e+00 1.53113565e-01 0.00000000e+00 0.00000000e+00
  8.44518692e+00 0.00000000e+00 0.00000000e+00 0.00000000e+00
  0.00000000e+00 0.00000000e+00 0.00000000e+00 0.00000000e+00]
 [0.00000000e+00 4.48231385e+01 0.00000000e+00 0.00000000e+00
  0.00000000e+00 0.00000000e+00 0.00000000e+00 0.00000000e+00
  0.00000000e+00 0.00000000e+00 5.92711235e-01 0.00000000e+00
  0.00000000e+00 0.00000000e+00 0.00000000e+00 0.00000000e+00]
 [0.00000000e+00 0.00000000e+00 0.00000000e+00 0.00000000e+00
  0.00000000e+00 0.00000000e+00 0.00000000e+00 4.13231376e-01
  0.00000000e+00 0.00000000e+00 5.21395948e-01 4.13186294e+01
  0.00000000e+00 0.00000000e+00 0.00000000e+00 4.02704880e+00]
 [0.00000000e+00 0.00000000e+00 2.61663285e+01 0.00000000e+00
  0.00000000e+00 0.00000000e+00 0.00000000e+00 0.00000000e+00
  0.00000000e+00 0.00000000e+00 0.00000000e+00 0.00000000e+00
  0.00000000e+00 0.00000000e+00 0.00000000e+00 0.00000000e+00]
 [0.00000000e+00 0.00000000e+00 0.00000000e+00 0.00000000e+00
  5.23200859e+00 0.00000000e+00 0.00000000e+00 0.00000000e+00
  0.00000000e+00 7.76465420e+00 6.80848313e-01 0.00000000e+00
  0.00000000e+00 0.00000000e+00 0.00000000e+00 0.00000000e+00]
 [0.00000000e+00 0.00000000e+00 0.00000000e+00 0.00000000e+00
  0.00000000e+00 0.00000000e+00 0.00000000e+00 0.00000000e+00
  1.66651129e+00 0.00000000e+00 0.00000000e+00 0.00000000e+00
  0.00000000e+00 0.00000000e+00 0.00000000e+00 0.00000000e+00]
 [0.00000000e+00 0.00000000e+00 0.00000000e+00 0.00000000e+00
  0.00000000e+00 0.00000000e+00 0.00000000e+00 2.13677399e-02
  0.00000000e+00 0.00000000e+00 0.00000000e+00 0.00000000e+00
  0.00000000e+00 0.00000000e+00 0.00000000e+00 0.00000000e+00]
 [0.00000000e+00 0.00000000e+00 0.00000000e+00 0.00000000e+00
  0.00000000e+00 0.00000000e+00 0.00000000e+00 0.00000000e+00
  0.00000000e+00 0.00000000e+00 6.59733750e-01 0.00000000e+00
  0.00000000e+00 0.00000000e+00 0.00000000e+00 4.65255114e+00]
 [0.00000000e+00 0.00000000e+00 0.00000000e+00 0.00000000e+00
  0.00000000e+00 0.00000000e+00 0.00000000e+00 0.00000000e+00
  0.00000000e+00 0.00000000e+00 3.34917118e+00 3.58771868e-01
  0.00000000e+00 0.00000000e+00 0.00000000e+00 0.00000000e+00]
 [0.00000000e+00 0.00000000e+00 0.00000000e+00 0.00000000e+00
  1.73122284e+00 0.00000000e+00 0.00000000e+00 0.00000000e+00
  0.00000000e+00 0.00000000e+00 0.00000000e+00 0.00000000e+00
  0.00000000e+00 0.00000000e+00 0.00000000e+00 0.00000000e+00]
 [0.00000000e+00 0.00000000e+00 0.00000000e+00 0.00000000e+00
  0.00000000e+00 0.00000000e+00 0.00000000e+00 0.00000000e+00
  0.00000000e+00 0.00000000e+00 0.00000000e+00 0.00000000e+00
  0.00000000e+00 0.00000000e+00 0.00000000e+00 0.00000000e+00]
 [0.00000000e+00 0.00000000e+00 0.00000000e+00 0.00000000e+00
  0.00000000e+00 0.00000000e+00 0.00000000e+00 0.00000000e+00
  1.03718180e+02 1.03480254e+00 0.00000000e+00 0.00000000e+00
  0.00000000e+00 0.00000000e+00 0.00000000e+00 0.00000000e+00]
 [0.00000000e+00 2.82773072e+01 0.00000000e+00 0.00000000e+00
  0.00000000e+00 0.00000000e+00 0.00000000e+00 0.00000000e+00
  0.00000000e+00 0.00000000e+00 0.00000000e+00 0.00000000e+00
  0.00000000e+00 0.00000000e+00 0.00000000e+00 0.00000000e+00]
 [0.00000000e+00 0.00000000e+00 0.00000000e+00 0.00000000e+00
  0.00000000e+00 0.00000000e+00 0.00000000e+00 4.80422097e-01
  0.00000000e+00 0.00000000e+00 0.00000000e+00 0.00000000e+00
  0.00000000e+00 0.00000000e+00 0.00000000e+00 0.00000000e+00]
 [0.00000000e+00 0.00000000e+00 0.00000000e+00 0.00000000e+00
  0.00000000e+00 0.00000000e+00 0.00000000e+00 0.00000000e+00
  0.00000000e+00 0.00000000e+00 0.00000000e+00 0.00000000e+00
  0.00000000e+00 0.00000000e+00 0.00000000e+00 0.00000000e+00]]
ls_fading_coeffs:  [[-127.96678039 -129.55070874 -131.08412352 -134.84204077 -112.63441291
  -100.20842131 -132.74203684 -133.13917834  -94.80383671 -124.88506128
  -129.8987684  -132.40115003 -128.32938809 -129.92783301 -133.5325501
  -134.34291298]
 [-131.60048624 -102.40236259 -131.34001278 -131.16866595 -127.8323618
  -118.41114134 -114.211342   -123.25164728 -124.87350702 -115.92928122
   -94.84554639 -123.30322989 -128.46957567 -126.85060754 -125.77666508
  -130.53521784]
 [-131.39538305 -131.96369679 -124.66042635 -124.04752029 -128.69600966
  -125.83103073 -118.56807951  -89.61690919 -130.51367722 -126.23404396
   -95.69559135  -94.669076   -133.61759178 -134.56865767 -131.66833982
  -102.26950344]
 [-124.53271068 -115.30196941  -90.16185815 -122.02464811 -132.0987012
  -128.50240972 -125.57904884 -128.42864192 -137.41124894 -132.84758698
  -132.21394355 -134.2865454  -138.84641275 -138.50022206 -136.57839705
  -138.82214212]
 [-133.82861509 -129.08590136 -131.94376455 -133.96357376 -100.59624627
  -121.5583188  -126.84073971 -127.62004974 -120.46746938  -73.37404174
   -97.67180455 -130.51534728 -126.77320925 -121.30408833 -124.2257988
  -131.20304296]
 [-103.30082211 -113.34528954 -124.7207251  -130.77778749 -123.36334361
  -126.56055857 -127.19999    -132.42836841 -104.37582848 -131.86035928
  -133.09913679 -137.34491502 -134.91739543 -135.45577765 -138.12675961
  -138.44214206]
 [-130.60665715 -122.83457464 -117.0370791  -113.96395331 -131.07886787
  -124.96708744 -116.96688423  -93.91100867 -138.48923503 -129.71331449
  -134.37003732 -132.52211147 -135.66254137 -134.71398365 -135.268457
  -132.85515476]
 [-138.13790144 -137.56885448 -138.63098892 -137.50242054 -134.74884489
  -135.45361253 -133.16888659 -130.98718019 -133.59857072 -129.7186041
  -100.54209758 -121.91060921 -131.92793491 -127.64779285 -118.94898477
   -83.46094453]
 [-133.90895715 -132.53786197 -131.58374756 -132.55188069 -139.12508309
  -131.8275421  -126.17779629 -121.82197751 -128.19193839 -122.96167983
   -89.78674186  -87.28558589 -133.86190347 -127.71768395 -123.12038349
  -120.47758612]
 [-133.79159376 -129.999499   -128.05105722 -131.25026528 -104.60188536
  -124.88327943 -117.54314757 -110.08292912 -132.64978096 -125.09048367
  -120.53585343 -113.18447455 -132.91930794 -130.26901073 -128.62146731
  -129.15868686]
 [-130.61205292 -128.92505204 -129.12516143 -131.16496663 -123.72130664
  -123.28249301 -125.86868361 -126.16368653 -121.48434889  -99.59684803
  -117.26040738 -124.1472897  -127.98670454 -121.25902077 -125.3551805
  -128.48600042]
 [-130.88734476 -134.6980166  -134.14925467 -134.69318065 -122.91087077
  -124.70332593 -128.29633158 -131.51624516  -73.01245809  -96.23394819
  -125.1193671  -133.39404367 -120.17031416 -125.49042321 -128.6790458
  -135.86795172]
 [-118.55153938  -79.73661386 -114.17157395 -124.22345821 -126.14235388
  -123.10066495 -121.47447555 -128.33243283 -131.77574938 -131.23544953
  -134.03289678 -131.23287057 -134.47538522 -138.81708426 -138.57340182
  -135.09167119]
 [-129.61403168 -131.224962   -130.51706502 -132.93784106 -118.79343784
  -121.31414119 -129.10075111 -106.00963206 -104.51016269 -112.77659478
  -125.80962314 -131.10513024 -125.45433305 -123.09422678 -129.88750669
  -138.98996492]
 [-127.2420125  -120.31849144 -116.07965525 -122.43197466 -132.46148637
  -134.53830767 -131.08720859 -128.68045603 -135.15088158 -137.62574342
  -133.76254791 -144.22830416 -140.80872848 -142.15352041 -139.17061968
  -139.44497482]]
dh_bs:  17.0
dh_ut:  0.5
fc usando em Hz:  7750000000.0
distance break point:  878.3333333333333
fc usado em GHz:  7.75
Coeficientes K: 
[[5.62743920e+00 0.00000000e+00 0.00000000e+00 0.00000000e+00
  6.87507483e+00 1.67380738e+00 0.00000000e+00 0.00000000e+00
  7.70260651e+01 0.00000000e+00 0.00000000e+00 0.00000000e+00
  0.00000000e+00 0.00000000e+00 0.00000000e+00 0.00000000e+00]
 [0.00000000e+00 0.00000000e+00 0.00000000e+00 3.09397869e+01
  0.00000000e+00 0.00000000e+00 0.00000000e+00 0.00000000e+00
  0.00000000e+00 0.00000000e+00 0.00000000e+00 0.00000000e+00
  0.00000000e+00 0.00000000e+00 0.00000000e+00 0.00000000e+00]
 [0.00000000e+00 0.00000000e+00 0.00000000e+00 0.00000000e+00
  0.00000000e+00 0.00000000e+00 0.00000000e+00 0.00000000e+00
  0.00000000e+00 0.00000000e+00 1.12595057e+02 0.00000000e+00
  0.00000000e+00 0.00000000e+00 0.00000000e+00 0.00000000e+00]
 [0.00000000e+00 0.00000000e+00 0.00000000e+00 0.00000000e+00
  0.00000000e+00 0.00000000e+00 0.00000000e+00 0.00000000e+00
  0.00000000e+00 0.00000000e+00 2.41968512e+00 0.00000000e+00
  0.00000000e+00 0.00000000e+00 0.00000000e+00 0.00000000e+00]
 [6.00351224e-01 0.00000000e+00 0.00000000e+00 0.00000000e+00
  0.00000000e+00 3.10864514e+01 4.42357466e+02 0.00000000e+00
  0.00000000e+00 0.00000000e+00 0.00000000e+00 1.42319370e+00
  0.00000000e+00 0.00000000e+00 0.00000000e+00 0.00000000e+00]
 [0.00000000e+00 0.00000000e+00 0.00000000e+00 0.00000000e+00
  0.00000000e+00 0.00000000e+00 0.00000000e+00 0.00000000e+00
  0.00000000e+00 0.00000000e+00 0.00000000e+00 0.00000000e+00
  2.32781594e+00 0.00000000e+00 0.00000000e+00 3.15766584e+00]
 [0.00000000e+00 0.00000000e+00 0.00000000e+00 0.00000000e+00
  0.00000000e+00 0.00000000e+00 0.00000000e+00 0.00000000e+00
  0.00000000e+00 0.00000000e+00 0.00000000e+00 0.00000000e+00
  0.00000000e+00 0.00000000e+00 0.00000000e+00 1.98289278e+00]
 [0.00000000e+00 0.00000000e+00 0.00000000e+00 4.19116562e-01
  0.00000000e+00 0.00000000e+00 0.00000000e+00 0.00000000e+00
  0.00000000e+00 0.00000000e+00 0.00000000e+00 1.49102675e+00
  0.00000000e+00 0.00000000e+00 0.00000000e+00 1.06622224e+01]
 [0.00000000e+00 0.00000000e+00 1.14040572e+00 0.00000000e+00
  4.60097923e-01 0.00000000e+00 0.00000000e+00 0.00000000e+00
  0.00000000e+00 0.00000000e+00 7.14308380e+00 0.00000000e+00
  0.00000000e+00 0.00000000e+00 0.00000000e+00 0.00000000e+00]
 [0.00000000e+00 0.00000000e+00 2.71788702e-01 0.00000000e+00
  0.00000000e+00 5.42574459e-02 0.00000000e+00 0.00000000e+00
  0.00000000e+00 0.00000000e+00 0.00000000e+00 0.00000000e+00
  0.00000000e+00 6.58107055e+00 0.00000000e+00 0.00000000e+00]
 [0.00000000e+00 9.04004342e+00 0.00000000e+00 0.00000000e+00
  0.00000000e+00 0.00000000e+00 0.00000000e+00 0.00000000e+00
  0.00000000e+00 0.00000000e+00 0.00000000e+00 0.00000000e+00
  0.00000000e+00 0.00000000e+00 0.00000000e+00 0.00000000e+00]
 [0.00000000e+00 0.00000000e+00 0.00000000e+00 0.00000000e+00
  0.00000000e+00 0.00000000e+00 0.00000000e+00 0.00000000e+00
  0.00000000e+00 0.00000000e+00 0.00000000e+00 0.00000000e+00
  3.79625647e+00 0.00000000e+00 0.00000000e+00 0.00000000e+00]
 [0.00000000e+00 0.00000000e+00 0.00000000e+00 0.00000000e+00
  1.09918990e+00 0.00000000e+00 0.00000000e+00 0.00000000e+00
  6.22273818e+00 1.08781545e+00 0.00000000e+00 0.00000000e+00
  0.00000000e+00 0.00000000e+00 0.00000000e+00 0.00000000e+00]
 [0.00000000e+00 0.00000000e+00 0.00000000e+00 0.00000000e+00
  1.34552295e+00 0.00000000e+00 8.59613525e+00 0.00000000e+00
  0.00000000e+00 0.00000000e+00 0.00000000e+00 0.00000000e+00
  0.00000000e+00 0.00000000e+00 0.00000000e+00 0.00000000e+00]
 [0.00000000e+00 0.00000000e+00 0.00000000e+00 0.00000000e+00
  5.88589913e+00 0.00000000e+00 0.00000000e+00 0.00000000e+00
  0.00000000e+00 0.00000000e+00 0.00000000e+00 0.00000000e+00
  0.00000000e+00 0.00000000e+00 0.00000000e+00 0.00000000e+00]]
ls_fading_coeffs:  [[ -93.4300687  -118.37491315 -125.26381828 -129.34299846  -91.74077285
   -93.76340194 -124.86202587 -130.82901207 -103.25009766 -130.07516813
  -130.77975567 -133.87124771 -132.42644842 -132.44721675 -135.43628493
  -134.81675133]
 [-131.65926627 -127.35000734 -118.08889739  -81.30305546 -134.7728743
  -129.43692421 -129.16884323 -125.405716   -136.14045636 -133.33831192
  -131.1475334  -129.80188953 -137.70368406 -139.78619943 -135.3822319
  -135.90130057]
 [-133.61327342 -132.6807775  -135.90806314 -138.34958531 -125.00509431
  -129.79481061 -133.08741882 -136.50059419 -114.08443856 -124.20593005
  -105.75053458 -134.77305937 -118.27354679 -125.72937189 -130.40540774
  -133.11257504]
 [-131.42418315 -128.84278149 -125.14172938 -129.93649646 -124.56017508
  -122.62994088 -113.09923576 -118.98317762 -129.01002179 -124.61066746
   -92.11804355 -121.4638232  -132.19168423 -134.04518457 -127.65361621
  -129.39600359]
 [ -97.43167996 -118.79135856 -125.2878954  -127.80087791 -114.77685197
   -89.77121989  -99.0409883  -127.85686892 -129.67316287 -127.14683374
  -129.37584451 -105.17995619 -133.45643201 -132.66303126 -134.09522041
  -135.59766596]
 [-141.53601847 -136.03122786 -138.42878567 -137.68426157 -138.64257437
  -138.28243938 -130.77438583 -129.85503032 -135.78646039 -130.41913033
  -126.53618226 -123.46888497 -107.17454994 -127.81419203 -122.45090233
   -91.92240088]
 [-140.49431958 -139.39073106 -140.18900245 -139.02389032 -136.21719714
  -134.40170164 -137.03977657 -136.20823055 -135.64629066 -132.49995349
  -132.04766135 -128.56399366 -128.13641033 -124.68627344 -121.80604124
   -99.17659523]
 [-132.78855598 -128.70902275 -120.27189701  -79.7576312  -133.89615662
  -130.04167535 -129.88590088 -121.1870958  -134.82606515 -134.02926198
  -134.26551234 -107.81101685 -137.53464343 -140.81384045 -138.05362011
  -111.85327335]
 [-115.37419853 -115.70048385  -98.88470669 -129.49589434 -102.92602781
  -129.09226069 -129.8268784  -133.52232559 -134.52019745 -133.30481345
  -108.06482871 -137.65063902 -139.16135788 -137.60984255 -140.31054787
  -138.1170597 ]
 [-138.80530768 -143.73971775 -110.90223454 -140.50029747 -132.47814711
  -107.11329235 -137.00690113 -138.01949817 -128.80187496 -127.78474419
  -129.46317494 -130.45725322 -119.60170736  -91.3036476  -122.12060767
  -128.0603061 ]
 [-118.02047694  -82.57628107 -112.98488208 -126.35814853 -126.67686431
  -123.15286807 -123.89920267 -127.9733533  -132.60271867 -131.67132611
  -131.36690972 -132.79059941 -135.74361939 -135.49171448 -138.80733966
  -139.72959552]
 [-134.06985069 -136.48824074 -135.67559944 -136.75570486 -132.83328136
  -130.29123504 -134.00773788 -133.70182613 -119.28603994 -122.96702404
  -128.18791156 -131.74185791  -84.79178244 -114.10843082 -125.67208162
  -129.00600186]
 [-124.37590304 -130.19588423 -133.12221868 -133.03877703  -88.18618761
  -122.29750085 -130.48499175 -132.55132969  -94.07581703  -99.05092859
  -132.55463634 -130.91183921 -130.81631557 -129.14502569 -129.99975595
  -134.31730048]
 [-130.27599867 -125.28446441 -125.08256735 -127.60523096  -99.02800998
  -113.92914701  -92.03546961 -122.82785671 -126.01345716 -117.89350697
  -117.50562624 -123.919436   -130.37774323 -127.88684455 -128.72903004
  -131.82612833]
 [-125.97536383 -126.13473173 -130.57055412 -132.13767612  -90.56315166
  -116.59984213 -124.05734317 -129.99636218 -115.89812538 -120.15317365
  -125.8012097  -130.40440658 -132.52201076 -128.28579546 -132.97730876
  -134.7351936 ]]
dh_bs:  17.0
dh_ut:  0.5
fc usando em Hz:  7750000000.0
distance break point:  878.3333333333333
fc usado em GHz:  7.75
Coeficientes K: 
[[0.00000000e+00 0.00000000e+00 2.98431353e+00 0.00000000e+00
  0.00000000e+00 0.00000000e+00 0.00000000e+00 0.00000000e+00
  0.00000000e+00 0.00000000e+00 0.00000000e+00 0.00000000e+00
  0.00000000e+00 0.00000000e+00 0.00000000e+00 0.00000000e+00]
 [0.00000000e+00 0.00000000e+00 0.00000000e+00 0.00000000e+00
  0.00000000e+00 0.00000000e+00 0.00000000e+00 0.00000000e+00
  0.00000000e+00 0.00000000e+00 0.00000000e+00 5.83083843e+01
  0.00000000e+00 0.00000000e+00 0.00000000e+00 0.00000000e+00]
 [0.00000000e+00 3.33857042e-01 0.00000000e+00 0.00000000e+00
  0.00000000e+00 0.00000000e+00 0.00000000e+00 4.09688079e+00
  8.09818944e-01 0.00000000e+00 0.00000000e+00 0.00000000e+00
  0.00000000e+00 0.00000000e+00 0.00000000e+00 0.00000000e+00]
 [1.32160084e+00 0.00000000e+00 0.00000000e+00 0.00000000e+00
  4.80712985e+00 0.00000000e+00 0.00000000e+00 0.00000000e+00
  0.00000000e+00 0.00000000e+00 0.00000000e+00 0.00000000e+00
  0.00000000e+00 0.00000000e+00 0.00000000e+00 0.00000000e+00]
 [0.00000000e+00 0.00000000e+00 0.00000000e+00 0.00000000e+00
  0.00000000e+00 0.00000000e+00 0.00000000e+00 3.69577316e-01
  1.72963967e+01 0.00000000e+00 0.00000000e+00 0.00000000e+00
  0.00000000e+00 0.00000000e+00 0.00000000e+00 0.00000000e+00]
 [0.00000000e+00 0.00000000e+00 0.00000000e+00 0.00000000e+00
  0.00000000e+00 0.00000000e+00 0.00000000e+00 0.00000000e+00
  0.00000000e+00 0.00000000e+00 0.00000000e+00 0.00000000e+00
  0.00000000e+00 0.00000000e+00 0.00000000e+00 0.00000000e+00]
 [0.00000000e+00 0.00000000e+00 0.00000000e+00 0.00000000e+00
  0.00000000e+00 0.00000000e+00 0.00000000e+00 0.00000000e+00
  0.00000000e+00 0.00000000e+00 0.00000000e+00 0.00000000e+00
  0.00000000e+00 0.00000000e+00 0.00000000e+00 0.00000000e+00]
 [0.00000000e+00 5.70469670e-01 0.00000000e+00 0.00000000e+00
  0.00000000e+00 0.00000000e+00 0.00000000e+00 0.00000000e+00
  0.00000000e+00 0.00000000e+00 0.00000000e+00 0.00000000e+00
  0.00000000e+00 0.00000000e+00 0.00000000e+00 2.38671410e+00]
 [5.41696572e+01 0.00000000e+00 0.00000000e+00 0.00000000e+00
  1.12577723e+00 0.00000000e+00 0.00000000e+00 0.00000000e+00
  0.00000000e+00 0.00000000e+00 0.00000000e+00 0.00000000e+00
  0.00000000e+00 0.00000000e+00 0.00000000e+00 0.00000000e+00]
 [0.00000000e+00 0.00000000e+00 8.33530131e+00 3.55231320e+01
  0.00000000e+00 0.00000000e+00 0.00000000e+00 0.00000000e+00
  0.00000000e+00 0.00000000e+00 0.00000000e+00 0.00000000e+00
  0.00000000e+00 0.00000000e+00 0.00000000e+00 0.00000000e+00]
 [0.00000000e+00 0.00000000e+00 0.00000000e+00 0.00000000e+00
  0.00000000e+00 0.00000000e+00 0.00000000e+00 0.00000000e+00
  1.03077233e-01 0.00000000e+00 0.00000000e+00 0.00000000e+00
  1.09072048e-01 0.00000000e+00 0.00000000e+00 0.00000000e+00]
 [2.90246368e+01 0.00000000e+00 0.00000000e+00 0.00000000e+00
  0.00000000e+00 0.00000000e+00 0.00000000e+00 0.00000000e+00
  0.00000000e+00 0.00000000e+00 0.00000000e+00 0.00000000e+00
  0.00000000e+00 0.00000000e+00 0.00000000e+00 0.00000000e+00]
 [0.00000000e+00 0.00000000e+00 0.00000000e+00 0.00000000e+00
  0.00000000e+00 0.00000000e+00 0.00000000e+00 0.00000000e+00
  0.00000000e+00 0.00000000e+00 0.00000000e+00 1.22688649e+00
  0.00000000e+00 0.00000000e+00 0.00000000e+00 0.00000000e+00]
 [1.64058150e+00 5.39628524e+01 0.00000000e+00 0.00000000e+00
  0.00000000e+00 0.00000000e+00 0.00000000e+00 0.00000000e+00
  0.00000000e+00 3.26849619e-01 0.00000000e+00 0.00000000e+00
  0.00000000e+00 0.00000000e+00 0.00000000e+00 0.00000000e+00]
 [0.00000000e+00 0.00000000e+00 0.00000000e+00 0.00000000e+00
  0.00000000e+00 0.00000000e+00 0.00000000e+00 0.00000000e+00
  0.00000000e+00 0.00000000e+00 0.00000000e+00 0.00000000e+00
  0.00000000e+00 2.07735744e-01 1.18730844e+02 4.85461553e+00]]
ls_fading_coeffs:  [[-131.96816209 -126.70682099  -95.39210155 -116.10172841 -131.8055494
  -124.60871322 -117.36739136 -115.39617775 -134.48171738 -131.1486351
  -125.97649742 -126.06882604 -137.01030944 -133.72013585 -139.67754382
  -133.58816071]
 [-135.0591705  -133.78634007 -133.99934699 -132.90973586 -132.72815111
  -132.26781995 -127.48092657 -126.79888191 -131.28306158 -128.40660122
  -115.51330177  -90.10831247 -130.5371452  -124.15809188 -120.3116571
  -114.59208608]
 [-132.42243516 -106.68703206 -132.11529946 -134.51986723 -125.4268646
  -127.86849107 -129.76967405 -105.31656652  -91.50933511 -109.81401785
  -125.60844701 -128.80272005 -118.71685912 -118.70318872 -123.84168426
  -129.00524789]
 [ -95.42054922 -120.03024138 -127.72352776 -130.83331637  -89.01884489
  -121.30560778 -125.91433487 -133.77373144 -127.00218341 -131.36098845
  -129.6485901  -132.15995225 -137.44252822 -134.48119917 -134.15683413
  -136.5698859 ]
 [-131.49436736 -131.64006565 -133.53344282 -136.85409255 -126.51212635
  -128.06493409 -128.62357518 -107.27494451  -87.37261306 -118.77108232
  -124.50630591 -134.63199841 -117.99115626 -119.03382784 -127.01607661
  -131.54776382]
 [-113.88278151 -110.50290314 -122.81448772 -131.11548842 -118.04752816
  -116.70027502 -124.24005388 -128.96141776 -130.97952544 -127.15273724
  -129.25434037 -134.30778313 -134.13212401 -134.60860645 -135.38127202
  -136.18629634]
 [-132.98390867 -131.7308356  -131.63985096 -125.9077965  -132.70323169
  -125.41732934 -118.36250067 -115.89638842 -132.79024671 -127.57916251
  -117.70104891 -113.17750549 -133.82373104 -129.66792605 -126.42811199
  -126.8267541 ]
 [-135.96570134 -106.55289604 -135.73177191 -130.50449426 -129.45021939
  -125.51594757 -128.64890814 -124.52633472 -127.6425351  -122.46188707
  -106.70033975 -115.56784849 -129.7446549  -125.20830954 -120.44083487
   -97.45306418]
 [ -92.32934937 -120.42233088 -126.45275707 -131.93878418  -92.19790825
  -120.32885603 -126.4163086  -131.96402475 -128.8508641  -130.8160827
  -130.46448111 -136.95272157 -132.2482952  -133.87173216 -137.69327602
  -137.37006059]
 [-130.59316015 -126.07295648  -93.21447869  -78.04822599 -130.6783418
  -126.8348152  -124.95503412 -124.19580425 -134.3677371  -132.46634988
  -135.37951554 -131.13626983 -136.9503957  -135.39428382 -135.50986094
  -136.07498978]
 [-133.94114059 -132.92629942 -133.82307095 -136.27849327 -123.12358027
  -124.16291945 -131.51412397 -133.76389743  -85.63444867 -121.14202356
  -123.67200398 -133.54889353  -98.01882783 -122.33541189 -129.63361614
  -130.04585372]
 [ -83.97605817 -115.73885253 -126.64543975 -131.35369    -119.6707778
  -121.58163437 -128.33906618 -137.2168793  -127.94383596 -130.5678203
  -134.46551398 -134.04971279 -136.34890528 -139.45241962 -136.94077034
  -136.96708471]
 [-135.67438306 -135.15798641 -135.73786651 -136.30532893 -132.42987197
  -134.18390075 -126.07997956 -126.87780893 -128.62733955 -124.31666889
  -114.21056192  -90.6718116  -129.26661768 -125.79412111 -119.52856561
  -114.18420544]
 [ -96.65762506  -87.59679038 -111.29241074 -126.12761847 -126.95108622
  -124.15541585 -124.62503202 -130.55630144 -132.41378036 -105.75165432
  -130.55865188 -134.32153188 -137.46358719 -138.14605303 -138.38156437
  -136.27735091]
 [-127.0637417  -126.48797313 -129.89394028 -132.33832129 -116.25663829
  -113.9709358  -125.17830724 -128.1989912  -116.67365724 -113.17492749
  -121.15811495 -128.85711598 -126.63252063 -101.410055   -105.40364379
  -107.69535572]]
dh_bs:  17.0
dh_ut:  0.5
fc usando em Hz:  7750000000.0
distance break point:  878.3333333333333
fc usado em GHz:  7.75
Coeficientes K: 
[[ 3.79323537  0.          0.          0.          0.          0.
   0.          0.          0.          0.          0.          0.
   0.          0.          1.70015554  0.        ]
 [ 0.          0.          0.          0.          0.          0.
   0.          0.          0.          5.75178708  0.          3.99584055
   0.          0.          0.          0.        ]
 [ 0.          0.          0.          0.          0.          0.
   0.          0.          0.          0.          0.          0.
   0.          6.07003619  0.77190578  0.        ]
 [ 0.          0.          0.          0.          0.          0.
   0.          1.40980986  0.          0.          0.          0.
   0.          0.          0.          0.        ]
 [ 0.          0.          0.          0.          0.          0.
  18.90695646  0.          0.          0.          0.          3.01838682
   0.          4.27689134  0.         84.30691781]
 [ 0.          5.30700665  0.14082483  0.          0.          0.
   0.          0.          0.          0.          0.          0.
   0.          0.          0.          0.        ]
 [ 0.          0.54515795  0.          0.          0.80236825  0.
   0.          0.          0.          0.          0.          0.
   0.          0.          0.          0.        ]
 [ 0.          0.          0.          0.          4.79702288  0.
   0.          0.          2.06351695  0.          0.          0.
   0.          0.          0.          0.        ]
 [ 0.          0.          0.          0.          0.          0.
  17.55694152 10.18088119  0.          0.          0.          0.
   0.          0.          0.          0.        ]
 [ 0.          0.          0.          0.          0.          0.
   0.          0.          0.          1.5390337   0.         20.99860928
   0.          0.          0.          0.        ]
 [ 0.          0.          0.          0.          0.          0.
   0.          0.          0.          0.          0.          0.
   0.          0.         51.06733257  0.        ]
 [ 0.          0.          0.          0.          0.          0.
   0.          0.          0.          0.46173122  0.          0.
   0.          0.          0.          0.        ]
 [ 0.          0.          0.          0.          0.32669737  1.79324149
   0.13943567  0.          0.          0.          0.          0.
   0.          0.          0.          0.        ]
 [ 0.          0.          0.          0.          0.          0.
   0.          0.          0.          0.          0.          2.06590409
   0.          0.          0.          0.        ]
 [ 0.          0.          0.          0.          0.          4.51443192
   0.          0.          0.          5.33462848  0.          0.
   0.         12.3190499   0.          0.        ]]
ls_fading_coeffs:  [[-102.15916768 -129.73530809 -131.54165306 -136.86910833 -116.56332617
  -123.27526023 -128.77665545 -137.09115707 -115.5247647  -123.89070162
  -129.47510728 -135.10193655 -128.18741378 -129.73974104 -105.7226253
  -137.92085531]
 [-131.55961329 -131.23023554 -130.56937187 -132.94480058 -124.42801213
  -119.24958999 -120.71144519 -125.50812344 -119.79803515  -82.83211115
  -115.22143461  -99.47789603 -127.41530506 -123.53864771 -126.07023503
  -130.28531975]
 [-137.0211339  -137.3965177  -137.14195343 -137.09429819 -134.82283087
  -135.4410831  -132.77368244 -136.14218021 -127.99540794 -126.34495706
  -125.43717026 -129.71612378 -124.70142605  -93.32835934  -91.46982982
  -122.38990404]
 [-133.28432003 -134.16985046 -128.91345594 -126.74414553 -133.5514056
  -131.51456699 -122.2463128   -90.92058277 -133.9287473  -129.57097469
  -123.28681951 -117.04087349 -137.45581453 -132.95312478 -130.03135413
  -127.63469945]
 [-135.49530619 -130.50903906 -128.15274045 -128.75574435 -135.81259568
  -127.09220567  -98.57909028 -118.98113509 -133.06876674 -126.13072562
  -123.42810916  -89.38238354 -133.59907424 -106.29189875 -126.70779698
   -99.90236129]
 [-117.95922955  -92.90990676  -98.92246263 -129.30242679 -128.44169993
  -128.76425422 -130.29265175 -132.15642232 -133.64140259 -135.83640818
  -135.55006186 -137.19852888 -137.12266849 -140.45945555 -139.99858962
  -141.30757573]
 [-116.99851896  -90.46785825 -121.44927982 -127.17273727 -104.50289257
  -125.11356448 -128.63413666 -129.89570962 -132.69876411 -135.37901459
  -135.79298573 -133.84070895 -136.25703442 -136.67336328 -139.00263948
  -140.41008203]
 [-128.50578012 -133.18744365 -132.95400663 -135.32645417  -94.41671308
  -124.0693988  -131.31059226 -135.04532037  -94.66163795 -125.77937466
  -130.33174657 -135.76598124 -130.67553125 -130.62472994 -132.31930175
  -135.10464667]
 [-131.34188383 -127.73659585 -131.83057187 -129.39309022 -127.22575109
  -120.46084293  -92.24829487  -98.54403422 -126.54912787 -118.40428368
  -116.18454538 -119.81313117 -131.04558442 -128.48771195 -126.17739247
  -127.14631879]
 [-126.49324528 -116.65099093 -112.67847758 -122.35844422 -126.59927892
  -119.56140883 -116.5458806  -121.35530099 -129.68285069 -102.72621133
  -128.65308069 -103.1852568  -133.81739726 -136.83928595 -134.07433186
  -135.67910908]
 [-140.31096747 -135.78036282 -139.67562635 -138.93460271 -132.10492444
  -132.93214261 -129.76125899 -131.10020207 -129.70927322 -125.18235567
  -121.69220906 -124.36779137 -124.89036029 -119.56011509  -71.39614238
  -117.66852253]
 [-117.16707136 -102.76123293 -117.27115806 -128.06143924 -127.07944278
  -128.6637724  -124.45306704 -130.39776581 -135.22837611 -104.77389729
  -133.36193695 -135.65733602 -136.76496662 -136.49962178 -139.79817153
  -139.29863427]
 [-122.62667176 -121.09433336 -124.89272547 -129.39932217  -92.47513026
   -82.43475521  -96.32822684 -127.44794941 -123.95068412 -125.06411672
  -129.56001713 -128.65160658 -132.5234342  -131.73417036 -135.85634255
  -135.6432977 ]
 [-139.5339679  -140.75174431 -135.69208531 -137.09520853 -136.26597995
  -131.97551776 -131.58378857 -129.17171991 -132.75124568 -125.50153383
  -121.45126135  -98.50025126 -132.64487165 -122.53168573 -110.25479375
  -104.77132602]
 [-139.18950696 -133.26772599 -134.92194715 -133.1114392  -129.58525666
  -104.11852403 -129.62342207 -129.8221182  -122.67688333  -92.77263809
  -113.91221359 -124.69793298 -123.16070638  -94.15061089 -115.39999888
  -125.26150129]]
dh_bs:  17.0
dh_ut:  0.5
fc usando em Hz:  7750000000.0
distance break point:  878.3333333333333
fc usado em GHz:  7.75
Coeficientes K: 
[[0.00000000e+00 0.00000000e+00 0.00000000e+00 0.00000000e+00
  0.00000000e+00 0.00000000e+00 0.00000000e+00 2.15175482e+01
  0.00000000e+00 0.00000000e+00 0.00000000e+00 0.00000000e+00
  0.00000000e+00 0.00000000e+00 0.00000000e+00 0.00000000e+00]
 [0.00000000e+00 0.00000000e+00 0.00000000e+00 0.00000000e+00
  0.00000000e+00 0.00000000e+00 0.00000000e+00 2.45000442e+01
  0.00000000e+00 0.00000000e+00 0.00000000e+00 0.00000000e+00
  0.00000000e+00 0.00000000e+00 0.00000000e+00 0.00000000e+00]
 [0.00000000e+00 0.00000000e+00 0.00000000e+00 0.00000000e+00
  0.00000000e+00 0.00000000e+00 0.00000000e+00 0.00000000e+00
  0.00000000e+00 0.00000000e+00 0.00000000e+00 0.00000000e+00
  0.00000000e+00 0.00000000e+00 0.00000000e+00 0.00000000e+00]
 [0.00000000e+00 0.00000000e+00 0.00000000e+00 1.56814525e+00
  0.00000000e+00 0.00000000e+00 0.00000000e+00 1.26343417e+00
  0.00000000e+00 0.00000000e+00 0.00000000e+00 0.00000000e+00
  0.00000000e+00 0.00000000e+00 0.00000000e+00 0.00000000e+00]
 [0.00000000e+00 0.00000000e+00 0.00000000e+00 0.00000000e+00
  0.00000000e+00 0.00000000e+00 1.06765292e+00 0.00000000e+00
  0.00000000e+00 0.00000000e+00 0.00000000e+00 0.00000000e+00
  1.76785556e+01 0.00000000e+00 0.00000000e+00 0.00000000e+00]
 [0.00000000e+00 0.00000000e+00 0.00000000e+00 0.00000000e+00
  0.00000000e+00 0.00000000e+00 0.00000000e+00 2.35301743e+01
  0.00000000e+00 0.00000000e+00 0.00000000e+00 0.00000000e+00
  0.00000000e+00 0.00000000e+00 0.00000000e+00 0.00000000e+00]
 [0.00000000e+00 0.00000000e+00 0.00000000e+00 0.00000000e+00
  0.00000000e+00 0.00000000e+00 0.00000000e+00 0.00000000e+00
  0.00000000e+00 0.00000000e+00 0.00000000e+00 0.00000000e+00
  0.00000000e+00 0.00000000e+00 0.00000000e+00 0.00000000e+00]
 [0.00000000e+00 0.00000000e+00 0.00000000e+00 0.00000000e+00
  0.00000000e+00 0.00000000e+00 0.00000000e+00 0.00000000e+00
  0.00000000e+00 0.00000000e+00 0.00000000e+00 0.00000000e+00
  0.00000000e+00 6.83657050e+00 0.00000000e+00 0.00000000e+00]
 [0.00000000e+00 1.53933450e+00 0.00000000e+00 0.00000000e+00
  0.00000000e+00 0.00000000e+00 0.00000000e+00 0.00000000e+00
  0.00000000e+00 0.00000000e+00 0.00000000e+00 0.00000000e+00
  0.00000000e+00 0.00000000e+00 0.00000000e+00 0.00000000e+00]
 [0.00000000e+00 0.00000000e+00 0.00000000e+00 0.00000000e+00
  0.00000000e+00 0.00000000e+00 0.00000000e+00 0.00000000e+00
  0.00000000e+00 0.00000000e+00 0.00000000e+00 0.00000000e+00
  0.00000000e+00 0.00000000e+00 0.00000000e+00 3.12564265e-01]
 [0.00000000e+00 0.00000000e+00 0.00000000e+00 0.00000000e+00
  0.00000000e+00 0.00000000e+00 0.00000000e+00 0.00000000e+00
  0.00000000e+00 0.00000000e+00 0.00000000e+00 0.00000000e+00
  0.00000000e+00 6.88133702e-02 2.76357945e+01 0.00000000e+00]
 [0.00000000e+00 0.00000000e+00 0.00000000e+00 0.00000000e+00
  4.82310558e+00 6.59271574e+00 0.00000000e+00 0.00000000e+00
  6.66000853e+00 0.00000000e+00 0.00000000e+00 0.00000000e+00
  8.75161901e-02 6.43733980e+00 0.00000000e+00 0.00000000e+00]
 [0.00000000e+00 0.00000000e+00 0.00000000e+00 0.00000000e+00
  0.00000000e+00 0.00000000e+00 0.00000000e+00 0.00000000e+00
  0.00000000e+00 0.00000000e+00 0.00000000e+00 0.00000000e+00
  0.00000000e+00 0.00000000e+00 4.49082919e+01 6.68789703e-01]
 [0.00000000e+00 0.00000000e+00 0.00000000e+00 0.00000000e+00
  0.00000000e+00 0.00000000e+00 0.00000000e+00 0.00000000e+00
  0.00000000e+00 0.00000000e+00 0.00000000e+00 0.00000000e+00
  2.70012799e+00 1.55049100e+02 1.51326596e-01 0.00000000e+00]
 [0.00000000e+00 0.00000000e+00 3.03895224e-01 0.00000000e+00
  4.87928790e+00 0.00000000e+00 0.00000000e+00 0.00000000e+00
  0.00000000e+00 0.00000000e+00 0.00000000e+00 0.00000000e+00
  4.11947998e+00 6.38489195e-01 0.00000000e+00 6.60320518e+00]]
ls_fading_coeffs:  [[-132.880577   -129.22719011 -122.86745032 -111.9112671  -133.10239368
  -133.11488479 -123.49331595  -96.21517054 -135.83165031 -136.31272144
  -129.0862567  -127.44553921 -139.15879748 -135.73438147 -134.13097936
  -137.66479861]
 [-142.63248983 -138.19272034 -139.13214483 -138.58677642 -132.53746878
  -132.64457763 -135.42794311 -108.48802799 -123.73553263 -126.42258455
  -129.80580719 -134.75249452 -108.98172453 -125.47204427 -128.47389361
  -131.98824291]
 [-134.87780307 -135.14529385 -134.02798418 -136.52958094 -133.62086665
  -128.88813009 -130.30707943 -129.61023565 -127.48681526 -126.43835976
  -118.84577923 -123.68886851 -122.39998763 -116.67554785 -103.96386614
  -120.17315049]
 [-131.68546631 -132.11067749 -122.05004331  -93.58040392 -131.32520035
  -126.94396354 -121.16687173  -90.34693374 -132.74737892 -131.32498151
  -133.53263046 -125.4567784  -137.51372661 -134.1512819  -135.42591635
  -132.6505156 ]
 [-130.77754377 -128.55793342 -121.87788938 -130.55532979 -123.6470384
  -113.91613599  -82.87652114 -122.4464875  -126.84885992 -121.80796952
  -122.0448303  -125.78892638 -105.80575768 -130.13064619 -129.09618625
  -130.14678788]
 [-129.85598666 -125.1967878  -119.43529567 -109.69866044 -134.69848968
  -127.59120549 -119.63348663  -95.36126073 -133.1929754  -133.67884899
  -127.92083744 -129.21238305 -141.32718578 -135.06335539 -133.21233989
  -134.40419152]
 [-133.23137294 -132.87538831 -133.97677553 -139.16477063 -125.50157441
  -127.21241157 -132.27161143 -133.05864887 -115.00496513 -119.2383767
  -126.70382223 -132.90155965 -111.2300017  -119.25956421 -133.92251903
  -134.83097541]
 [-136.34347078 -130.82145837 -131.47113441 -130.86583673 -128.14017237
  -123.34536226 -121.92344031 -125.73461989 -125.41724921 -111.90619506
  -101.56373513 -120.21206002 -126.33360697  -97.59670215 -123.59254976
  -125.04701565]
 [-116.85971309  -90.94294038 -123.11487537 -127.46185085 -126.67217901
  -130.36226142 -127.12281627 -134.3616785  -131.69948618 -134.88660844
  -132.94199258 -134.88356773 -138.82907243 -138.58538571 -140.83448097
  -139.2802561 ]
 [-138.97056491 -136.15198126 -135.54439824 -135.00517297 -136.31814315
  -140.10193184 -130.87783277 -133.28702393 -133.46408119 -127.83516991
  -124.30767503 -123.04710905 -129.55882944 -123.1647117  -116.80692307
   -83.64572328]
 [-137.76662918 -140.34067736 -139.16284934 -138.76241468 -134.90420599
  -133.9195412  -134.68721291 -139.13446859 -137.86083428 -133.50504507
  -133.76265964 -132.95533958 -122.10859508  -96.63115341  -99.47127289
  -127.64166872]
 [-133.38019074 -135.32621892 -135.40579047 -138.01384761 -102.63433942
  -103.82345515 -130.04141826 -132.82588347  -93.80396374 -117.47938002
  -124.89198149 -130.34319384  -89.03540589  -93.01970123 -123.96057952
  -129.71886767]
 [-140.57047367 -136.1552378  -142.5284419  -134.97732674 -134.89030456
  -131.47204597 -130.96318843 -132.21306385 -134.32663568 -128.05246863
  -123.06017762 -122.93745458 -128.54392194 -122.79621107  -89.4053196
   -88.89987221]
 [-134.94005861 -139.01217246 -137.70513916 -137.04223267 -134.86984549
  -130.75559082 -132.24993476 -133.65665883 -123.44404437 -119.86636428
  -122.48307003 -129.39468044  -96.98427003  -74.49661141  -93.86468703
  -124.68844678]
 [-138.15600314 -137.79957686 -108.63264841 -140.03635546 -106.66460476
  -129.91780505 -133.57944892 -133.391874   -123.543007   -126.34521604
  -128.94960794 -131.16204969  -92.22252637  -82.86613167 -119.99392413
  -102.58854952]]
DMimo: computing large scale gain coefficients
DMimo: generating channel coefficients
Inter network snapshot 0
Inter network snapshot 1
Inter network snapshot 2
Inter network snapshot 3
Inter network snapshot 4
Inter network snapshot 5
Inter network snapshot 6
Inter network snapshot 7
Inter network snapshot 8
Inter network snapshot 9
Inter network snapshot 10
Inter network snapshot 11
Inter network snapshot 12
Inter network snapshot 13
Inter network snapshot 14
Inter network snapshot 15
Inter network snapshot 16
Inter network snapshot 17
Inter network snapshot 18
Inter network snapshot 19
dh_bs:  17.0
dh_ut:  49.0
fc usando em Hz:  7750000000.0
distance break point:  86076.66666666666
fc usado em GHz:  7.75
dh_bs:  17.0
dh_ut:  49.0
fc usando em Hz:  7750000000.0
distance break point:  86076.66666666666
fc usado em GHz:  7.75
dh_bs:  0.5
dh_ut:  49.0
fc usando em Hz:  7750000000.0
distance break point:  2531.6666666666665
fc usado em GHz:  7.75
dh_bs:  0.5
dh_ut:  49.0
fc usando em Hz:  7750000000.0
distance break point:  2531.6666666666665
fc usado em GHz:  7.75
dh_bs:  0.5
dh_ut:  49.0
fc usando em Hz:  7750000000.0
distance break point:  2531.6666666666665
fc usado em GHz:  7.75
dh_bs:  0.5
dh_ut:  49.0
fc usando em Hz:  7750000000.0
distance break point:  2531.6666666666665
fc usado em GHz:  7.75
dh_bs:  0.5
dh_ut:  49.0
fc usando em Hz:  7750000000.0
distance break point:  2531.6666666666665
fc usado em GHz:  7.75
dh_bs:  0.5
dh_ut:  49.0
fc usando em Hz:  7750000000.0
distance break point:  2531.6666666666665
fc usado em GHz:  7.75
dh_bs:  0.5
dh_ut:  49.0
fc usando em Hz:  7750000000.0
distance break point:  2531.6666666666665
fc usado em GHz:  7.75
dh_bs:  0.5
dh_ut:  49.0
fc usando em Hz:  7750000000.0
distance break point:  2531.6666666666665
fc usado em GHz:  7.75
dh_bs:  0.5
dh_ut:  49.0
fc usando em Hz:  7750000000.0
distance break point:  2531.6666666666665
fc usado em GHz:  7.75
dh_bs:  0.5
dh_ut:  49.0
fc usando em Hz:  7750000000.0
distance break point:  2531.6666666666665
fc usado em GHz:  7.75
dh_bs:  0.5
dh_ut:  49.0
fc usando em Hz:  7750000000.0
distance break point:  2531.6666666666665
fc usado em GHz:  7.75
dh_bs:  0.5
dh_ut:  49.0
fc usando em Hz:  7750000000.0
distance break point:  2531.6666666666665
fc usado em GHz:  7.75
dh_bs:  0.5
dh_ut:  49.0
fc usando em Hz:  7750000000.0
distance break point:  2531.6666666666665
fc usado em GHz:  7.75
dh_bs:  0.5
dh_ut:  49.0
fc usando em Hz:  7750000000.0
distance break point:  2531.6666666666665
fc usado em GHz:  7.75
dh_bs:  0.5
dh_ut:  49.0
fc usando em Hz:  7750000000.0
distance break point:  2531.6666666666665
fc usado em GHz:  7.75
dh_bs:  0.5
dh_ut:  49.0
fc usando em Hz:  7750000000.0
distance break point:  2531.6666666666665
fc usado em GHz:  7.75
dh_bs:  0.5
dh_ut:  49.0
fc usando em Hz:  7750000000.0
distance break point:  2531.6666666666665
fc usado em GHz:  7.75
dh_bs:  0.5
dh_ut:  49.0
fc usando em Hz:  7750000000.0
distance break point:  2531.6666666666665
fc usado em GHz:  7.75
dh_bs:  0.5
dh_ut:  49.0
fc usando em Hz:  7750000000.0
distance break point:  2531.6666666666665
fc usado em GHz:  7.75
dh_bs:  0.5
dh_ut:  49.0
fc usando em Hz:  7750000000.0
distance break point:  2531.6666666666665
fc usado em GHz:  7.75
Job ended at Thu Sep 24 06:52:09 PM UTC 2026
