Job started at Thu Sep 24 06:40:29 PM UTC 2026
source/physical/large_scale_fading.py
source/physical/channel.py
source/physical/antenna_pattern.py
source/physical/antenna_pattern.py
source/physical/large_scale_fading.py
source/physical/channel.py
source/physical/spatial_correlation.py
source/channel_estimation.py
source/physical/antenna_pattern.py
source/physical/antenna_pattern.py
source/geometry/coordinates.py
source/geometry/coordinates.py
source/geometry/sectorization.py
source/geometry/sectorization.py
source/beamforming.py
source/beamforming.py
source/RunSnapshots.py
source/RunSnapshots.py
dh_bs:  49.0
dh_ut:  49.0
fc usando em Hz:  7750000000.0
distance break point:  248103.3333333333
fc usado em GHz:  7.75
DMimo: generating coordinates
Aps coords: 
[(np.float64(-225.0), np.float64(-225.0), 18.0)
 (np.float64(-75.0), np.float64(-225.0), 18.0)
 (np.float64(75.0), np.float64(-225.0), 18.0)
 (np.float64(225.0), np.float64(-225.0), 18.0)
 (np.float64(-225.0), np.float64(-75.0), 18.0)
 (np.float64(-75.0), np.float64(-75.0), 18.0)
 (np.float64(75.0), np.float64(-75.0), 18.0)
 (np.float64(225.0), np.float64(-75.0), 18.0)
 (np.float64(-225.0), np.float64(75.0), 18.0)
 (np.float64(-75.0), np.float64(75.0), 18.0)
 (np.float64(75.0), np.float64(75.0), 18.0)
 (np.float64(225.0), np.float64(75.0), 18.0)
 (np.float64(-225.0), np.float64(225.0), 18.0)
 (np.float64(-75.0), np.float64(225.0), 18.0)
 (np.float64(75.0), np.float64(225.0), 18.0)
 (np.float64(225.0), np.float64(225.0), 18.0)]
UEs coordinates: 
[(np.float64(-233.24515379136415), np.float64(123.01673280574846), 1.5)
 (np.float64(-137.88199953825463), np.float64(25.640571142828676), 1.5)
 (np.float64(25.128916771643475), np.float64(317.9160329127669), 1.5)
 (np.float64(-70.84175483256381), np.float64(-202.71205068030906), 1.5)
 (np.float64(304.3531776517559), np.float64(122.05649029959778), 1.5)
 (np.float64(-91.46585047915661), np.float64(290.3371160065984), 1.5)
 (np.float64(-52.89084017128799), np.float64(-100.05202205893322), 1.5)
 (np.float64(-167.65134882220968), np.float64(41.837381783741954), 1.5)
 (np.float64(59.74873839204129), np.float64(-75.96377740187044), 1.5)
 (np.float64(141.41627463421338), np.float64(-50.53850066101237), 1.5)
 (np.float64(207.97397856341735), np.float64(7.927636242731424), 1.5)
 (np.float64(-84.0932838044399), np.float64(143.52577567440954), 1.5)
 (np.float64(-156.2469324671713), np.float64(142.06736625471885), 1.5)
 (np.float64(-280.95993188549625), np.float64(-27.976198632124472), 1.5)
 (np.float64(-145.39238211375704), np.float64(-147.81041882909796), 1.5)]
UEs coordinates: 
[(np.float64(57.850313563839485), np.float64(-167.32186399805457), 1.5)
 (np.float64(242.6762948338005), np.float64(-109.0534180285439), 1.5)
 (np.float64(228.5292377918387), np.float64(-266.4373661479644), 1.5)
 (np.float64(-67.89188506239041), np.float64(-19.31832282465004), 1.5)
 (np.float64(245.83478314529657), np.float64(8.417993746147644), 1.5)
 (np.float64(279.12254042261475), np.float64(0.3064948964757548), 1.5)
 (np.float64(73.94858933981126), np.float64(-35.17809918249723), 1.5)
 (np.float64(149.45727719884258), np.float64(-118.87980822466076), 1.5)
 (np.float64(-11.21890636330258), np.float64(45.98358694904738), 1.5)
 (np.float64(-121.73912531096907), np.float64(100.80614113325096), 1.5)
 (np.float64(132.6256773543135), np.float64(-59.16476623568091), 1.5)
 (np.float64(103.94867989257509), np.float64(6.833819145854093), 1.5)
 (np.float64(-25.11614711451344), np.float64(-124.40451128221702), 1.5)
 (np.float64(-116.67280883628034), np.float64(251.88987262282149), 1.5)
 (np.float64(-261.71589709976047), np.float64(-206.89312948469475), 1.5)]
UEs coordinates: 
[(np.float64(-44.83244271266037), np.float64(209.62844800504993), 1.5)
 (np.float64(95.42497993716654), np.float64(251.22777672915043), 1.5)
 (np.float64(-89.52328729146761), np.float64(-254.34157318099005), 1.5)
 (np.float64(-28.576513691864022), np.float64(-257.31446902515916), 1.5)
 (np.float64(-49.642211584079206), np.float64(54.158725650726126), 1.5)
 (np.float64(-292.40842885756655), np.float64(276.2476916727004), 1.5)
 (np.float64(-272.460133187434), np.float64(127.13226475312516), 1.5)
 (np.float64(-334.69403117877005), np.float64(-122.99329753987551), 1.5)
 (np.float64(25.51479518904464), np.float64(272.46901768192754), 1.5)
 (np.float64(204.08279075490398), np.float64(338.92721383728525), 1.5)
 (np.float64(-121.35603870820705), np.float64(206.58416265559032), 1.5)
 (np.float64(206.15690669888608), np.float64(-47.30524362206011), 1.5)
 (np.float64(31.21986533001926), np.float64(-112.21623708225113), 1.5)
 (np.float64(27.008901464046154), np.float64(10.00434256133802), 1.5)
 (np.float64(-14.64137574269892), np.float64(178.96448927078384), 1.5)]
UEs coordinates: 
[(np.float64(175.70935794777745), np.float64(209.75841451052827), 1.5)
 (np.float64(-215.74188999332736), np.float64(-82.35825515282207), 1.5)
 (np.float64(-70.71227447772091), np.float64(-136.62808853535316), 1.5)
 (np.float64(-125.75525145550662), np.float64(-200.39144114304105), 1.5)
 (np.float64(19.138646042175836), np.float64(9.525751489737004), 1.5)
 (np.float64(-210.50126953198475), np.float64(-44.569731095842855), 1.5)
 (np.float64(-79.50392353890638), np.float64(234.2718131317011), 1.5)
 (np.float64(255.68715765260978), np.float64(350.88800958605634), 1.5)
 (np.float64(115.16085132084439), np.float64(-168.5624611546082), 1.5)
 (np.float64(212.3453335088041), np.float64(-60.40249395285379), 1.5)
 (np.float64(-353.0826727843979), np.float64(229.77731955653755), 1.5)
 (np.float64(82.4491691527894), np.float64(139.79937252810876), 1.5)
 (np.float64(189.73227097915014), np.float64(126.42166349191366), 1.5)
 (np.float64(-134.85431389357416), np.float64(95.62816664911264), 1.5)
 (np.float64(-255.1786524130457), np.float64(-37.979967592439884), 1.5)]
UEs coordinates: 
[(np.float64(-302.12259403899077), np.float64(268.43398381849573), 1.5)
 (np.float64(-49.47718620744399), np.float64(-210.12912840937568), 1.5)
 (np.float64(-333.1425821345699), np.float64(-36.72816079708813), 1.5)
 (np.float64(-204.3856521417356), np.float64(72.38712551766481), 1.5)
 (np.float64(327.4886403311835), np.float64(34.956892836832175), 1.5)
 (np.float64(99.02311379217502), np.float64(-42.23036971675851), 1.5)
 (np.float64(172.84955664939338), np.float64(52.584349145903644), 1.5)
 (np.float64(55.59886544267553), np.float64(-38.83592904968148), 1.5)
 (np.float64(207.65345199624673), np.float64(142.98747281416695), 1.5)
 (np.float64(-238.33760250944079), np.float64(-76.06155521234224), 1.5)
 (np.float64(-10.304533277117656), np.float64(251.62308372061017), 1.5)
 (np.float64(108.73680994944698), np.float64(102.84842941882272), 1.5)
 (np.float64(214.35459920520384), np.float64(-80.60532443122767), 1.5)
 (np.float64(-73.58072015076804), np.float64(63.066705199093306), 1.5)
 (np.float64(-110.98143031573116), np.float64(-207.16804777133), 1.5)]
UEs coordinates: 
[(np.float64(36.94817333518452), np.float64(82.47670714205728), 1.5)
 (np.float64(-47.200160705064704), np.float64(178.80401485024925), 1.5)
 (np.float64(-37.15284943367429), np.float64(54.2350919488872), 1.5)
 (np.float64(272.86246048161627), np.float64(213.09312211960264), 1.5)
 (np.float64(16.720201071717078), np.float64(-95.21208453081917), 1.5)
 (np.float64(20.927456845823144), np.float64(154.81371770267776), 1.5)
 (np.float64(202.96876194047474), np.float64(281.0755267826134), 1.5)
 (np.float64(140.29446871990234), np.float64(124.2592524582183), 1.5)
 (np.float64(239.9725436147001), np.float64(181.0948599324389), 1.5)
 (np.float64(-306.6808544261496), np.float64(-160.42651876259748), 1.5)
 (np.float64(341.4279290882504), np.float64(-28.487044339390046), 1.5)
 (np.float64(-9.983514893314606), np.float64(171.90114902486715), 1.5)
 (np.float64(185.9558561386031), np.float64(228.10664313592358), 1.5)
 (np.float64(-99.66551087619209), np.float64(33.34987487547182), 1.5)
 (np.float64(82.32227056341311), np.float64(130.07258888956045), 1.5)]
UEs coordinates: 
[(np.float64(-216.49356594456307), np.float64(-350.93513390929905), 1.5)
 (np.float64(-248.30936301258737), np.float64(180.77156888404494), 1.5)
 (np.float64(178.16236328378176), np.float64(54.02601598505511), 1.5)
 (np.float64(203.39896855183503), np.float64(-116.05403052676796), 1.5)
 (np.float64(-241.20196644220235), np.float64(-49.978544149953294), 1.5)
 (np.float64(161.287330453965), np.float64(141.4550847064084), 1.5)
 (np.float64(164.80542570635083), np.float64(114.8769122880619), 1.5)
 (np.float64(-216.07372106851278), np.float64(27.000843475986407), 1.5)
 (np.float64(-326.25493544146025), np.float64(291.91315700048574), 1.5)
 (np.float64(-240.06284563613417), np.float64(-235.1331255414019), 1.5)
 (np.float64(-162.95221145991843), np.float64(-267.797247506771), 1.5)
 (np.float64(-106.72391523572134), np.float64(10.462663480824503), 1.5)
 (np.float64(217.64254949353082), np.float64(273.21987480461127), 1.5)
 (np.float64(-90.10910167678911), np.float64(-172.5050887473318), 1.5)
 (np.float64(251.65012035628655), np.float64(51.68473202130299), 1.5)]
UEs coordinates: 
[(np.float64(-85.88437492079225), np.float64(-78.3380267382122), 1.5)
 (np.float64(206.12958997094196), np.float64(223.81573561951123), 1.5)
 (np.float64(-28.660641297492113), np.float64(137.94335305552175), 1.5)
 (np.float64(19.091465022607984), np.float64(279.90268579619624), 1.5)
 (np.float64(222.98507443455978), np.float64(-214.3332593763591), 1.5)
 (np.float64(338.16451669930814), np.float64(166.5538405988152), 1.5)
 (np.float64(-76.7638639905775), np.float64(-46.405362080193775), 1.5)
 (np.float64(-155.27085151807069), np.float64(-156.61858287574523), 1.5)
 (np.float64(-36.444478755562336), np.float64(335.41341565901934), 1.5)
 (np.float64(105.33306335104696), np.float64(230.28278283554354), 1.5)
 (np.float64(-167.72092073301854), np.float64(63.48530942769337), 1.5)
 (np.float64(83.11779135589973), np.float64(56.54447427769216), 1.5)
 (np.float64(-66.2210475300378), np.float64(-52.416177768984596), 1.5)
 (np.float64(-83.70365543501815), np.float64(0.7483474396713916), 1.5)
 (np.float64(120.47321781448872), np.float64(-199.36134089543887), 1.5)]
UEs coordinates: 
[(np.float64(226.0241802536609), np.float64(-23.093693780548023), 1.5)
 (np.float64(305.9303585595959), np.float64(-298.802896991117), 1.5)
 (np.float64(-86.13196414566049), np.float64(97.83393599870186), 1.5)
 (np.float64(53.76992308417213), np.float64(-139.196315070992), 1.5)
 (np.float64(162.95363197248724), np.float64(-18.324230490623705), 1.5)
 (np.float64(102.98660813655965), np.float64(63.526841116840465), 1.5)
 (np.float64(143.4485694698323), np.float64(266.039523261833), 1.5)
 (np.float64(-239.98109931287507), np.float64(40.4071388135469), 1.5)
 (np.float64(-234.52282627400936), np.float64(166.70023826109988), 1.5)
 (np.float64(244.99549094382579), np.float64(357.3180979501641), 1.5)
 (np.float64(-114.51395177402688), np.float64(153.19770751327206), 1.5)
 (np.float64(165.76376951692242), np.float64(-13.283926317039963), 1.5)
 (np.float64(250.05871222412088), np.float64(-223.0481376923158), 1.5)
 (np.float64(-79.7025913398868), np.float64(-15.997629954170932), 1.5)
 (np.float64(-240.62095543804094), np.float64(270.38961066592805), 1.5)]
UEs coordinates: 
[(np.float64(53.57076682071662), np.float64(-93.7512468412504), 1.5)
 (np.float64(-44.127847152148554), np.float64(-337.04493104124526), 1.5)
 (np.float64(278.7110129165698), np.float64(329.6921486391971), 1.5)
 (np.float64(-74.19200461213495), np.float64(319.7152703637936), 1.5)
 (np.float64(-169.50142771753764), np.float64(152.2759783340378), 1.5)
 (np.float64(79.40114385613333), np.float64(-278.62698236508726), 1.5)
 (np.float64(-225.1233951359002), np.float64(-161.3229369105302), 1.5)
 (np.float64(251.8037197115682), np.float64(-185.5416168578002), 1.5)
 (np.float64(15.047317940964398), np.float64(-109.55072685212504), 1.5)
 (np.float64(248.90949278387527), np.float64(-186.6841066798042), 1.5)
 (np.float64(106.29447808308628), np.float64(-26.21121993067223), 1.5)
 (np.float64(3.2730698224251853), np.float64(-117.78649006599318), 1.5)
 (np.float64(297.0267263177138), np.float64(264.8695789626772), 1.5)
 (np.float64(237.9439531495763), np.float64(-206.1697876273823), 1.5)
 (np.float64(-5.6970116322813595), np.float64(-103.86631849949895), 1.5)]
UEs coordinates: 
[(np.float64(-191.59447148193942), np.float64(69.0745475387101), 1.5)
 (np.float64(331.03877060853443), np.float64(207.8511684382688), 1.5)
 (np.float64(-221.6187382823012), np.float64(-245.87253104043376), 1.5)
 (np.float64(187.87583297538617), np.float64(-195.60661099658802), 1.5)
 (np.float64(133.38102145777682), np.float64(99.85141100838113), 1.5)
 (np.float64(125.04377484776447), np.float64(157.7315450835585), 1.5)
 (np.float64(179.77334530951327), np.float64(-269.8363115123224), 1.5)
 (np.float64(107.86788436261936), np.float64(293.1977520894824), 1.5)
 (np.float64(69.0249490429528), np.float64(182.92425965551598), 1.5)
 (np.float64(25.690207608920936), np.float64(243.58153692853205), 1.5)
 (np.float64(-243.40118658900323), np.float64(-57.0991977409208), 1.5)
 (np.float64(45.8141846259252), np.float64(55.56350180019764), 1.5)
 (np.float64(53.97726642117447), np.float64(-94.8458460978879), 1.5)
 (np.float64(-36.41779778740253), np.float64(317.1152825228152), 1.5)
 (np.float64(-297.607728504746), np.float64(197.17879195483334), 1.5)]
UEs coordinates: 
[(np.float64(93.24801896343519), np.float64(-85.06895164982788), 1.5)
 (np.float64(-141.6140107035143), np.float64(-262.75049373698084), 1.5)
 (np.float64(-8.319361003625843), np.float64(-180.53583224755366), 1.5)
 (np.float64(-78.53421091956899), np.float64(-208.69778490066176), 1.5)
 (np.float64(-167.44049655746716), np.float64(284.5975979278413), 1.5)
 (np.float64(98.46626545411179), np.float64(60.52599165376314), 1.5)
 (np.float64(-97.29237189445475), np.float64(-83.953714478396), 1.5)
 (np.float64(9.563064036918817), np.float64(105.71842318417703), 1.5)
 (np.float64(177.8970016069466), np.float64(-294.31728454870483), 1.5)
 (np.float64(316.6984480823655), np.float64(292.5261235108415), 1.5)
 (np.float64(-353.66545194058517), np.float64(-276.1200705490959), 1.5)
 (np.float64(183.0792332734992), np.float64(123.73613386991374), 1.5)
 (np.float64(-124.16178868806816), np.float64(180.19210298409217), 1.5)
 (np.float64(-45.12533266342251), np.float64(-142.85891969465996), 1.5)
 (np.float64(-162.3306407457039), np.float64(-41.91894799218517), 1.5)]
UEs coordinates: 
[(np.float64(274.27414513789887), np.float64(199.83026924983875), 1.5)
 (np.float64(154.645370117413), np.float64(115.84904445158803), 1.5)
 (np.float64(-82.68949555420024), np.float64(-182.99582112527423), 1.5)
 (np.float64(-15.304452671568171), np.float64(-204.6211888194264), 1.5)
 (np.float64(-85.37419677175811), np.float64(298.2652663162405), 1.5)
 (np.float64(-67.74229856494226), np.float64(171.58700367215752), 1.5)
 (np.float64(74.89683763408557), np.float64(-45.21722134571563), 1.5)
 (np.float64(-253.97337707193464), np.float64(220.06316197633024), 1.5)
 (np.float64(-231.79972086661454), np.float64(264.25090496370444), 1.5)
 (np.float64(-58.33091940211116), np.float64(-155.62534795094558), 1.5)
 (np.float64(-251.4557068017001), np.float64(35.79049542113342), 1.5)
 (np.float64(-132.9924951737077), np.float64(-250.9111271674891), 1.5)
 (np.float64(26.844609555922545), np.float64(-203.6862997917965), 1.5)
 (np.float64(166.31035219109467), np.float64(-69.02997141598735), 1.5)
 (np.float64(236.22000735236142), np.float64(121.60596125907124), 1.5)]
UEs coordinates: 
[(np.float64(-317.14762873419943), np.float64(-127.40647904190662), 1.5)
 (np.float64(-150.17272547891076), np.float64(123.09109244053695), 1.5)
 (np.float64(70.12468910102129), np.float64(-37.66344285782081), 1.5)
 (np.float64(190.67697806284878), np.float64(10.330272669135198), 1.5)
 (np.float64(243.18463461663487), np.float64(16.901113447915698), 1.5)
 (np.float64(23.486167137282024), np.float64(-244.2810366224918), 1.5)
 (np.float64(-185.94521371206227), np.float64(-41.985090268816876), 1.5)
 (np.float64(32.04818641438814), np.float64(-155.8709244443082), 1.5)
 (np.float64(97.7970609625899), np.float64(230.0719269995645), 1.5)
 (np.float64(34.50920334717717), np.float64(23.318271415544352), 1.5)
 (np.float64(15.012793867946002), np.float64(174.18919865687639), 1.5)
 (np.float64(-204.82194898741704), np.float64(-212.82209498263015), 1.5)
 (np.float64(-106.59261402748328), np.float64(-272.6042611241862), 1.5)
 (np.float64(-295.928055673245), np.float64(-127.32641571463324), 1.5)
 (np.float64(161.60969256148917), np.float64(61.78354543360802), 1.5)]
UEs coordinates: 
[(np.float64(117.97534010940231), np.float64(-199.73659045525125), 1.5)
 (np.float64(262.18093293614925), np.float64(-281.1991137936245), 1.5)
 (np.float64(-81.7754774413259), np.float64(-192.911210377655), 1.5)
 (np.float64(162.67033199390454), np.float64(-271.4679593789047), 1.5)
 (np.float64(-14.829739116739233), np.float64(59.14788792140592), 1.5)
 (np.float64(-63.564452939354794), np.float64(90.16874258092992), 1.5)
 (np.float64(237.3955998919239), np.float64(-221.27623090572308), 1.5)
 (np.float64(-16.72379759389011), np.float64(-344.5817041117893), 1.5)
 (np.float64(-153.005632441949), np.float64(246.53982279610437), 1.5)
 (np.float64(-8.48355286629868), np.float64(287.46715194558504), 1.5)
 (np.float64(205.33488242738443), np.float64(203.97319982219608), 1.5)
 (np.float64(-109.77126500604527), np.float64(-7.657295362437452), 1.5)
 (np.float64(89.82584687495273), np.float64(-313.6392450483809), 1.5)
 (np.float64(206.3566775797907), np.float64(-152.91396801696067), 1.5)
 (np.float64(-61.93977278324269), np.float64(-218.81719821095166), 1.5)]
UEs coordinates: 
[(np.float64(-54.022913363801976), np.float64(-193.8929875636836), 1.5)
 (np.float64(128.29585307536468), np.float64(102.01905256430533), 1.5)
 (np.float64(62.00162702864281), np.float64(-62.78221371992922), 1.5)
 (np.float64(159.06502243135446), np.float64(-64.34349666947887), 1.5)
 (np.float64(-168.6407896826109), np.float64(-325.1912528576076), 1.5)
 (np.float64(238.1637205608933), np.float64(-144.7275291724891), 1.5)
 (np.float64(-28.40809986388848), np.float64(142.82767344927748), 1.5)
 (np.float64(-276.76655514991364), np.float64(-8.036091509805331), 1.5)
 (np.float64(105.44931995666748), np.float64(-99.38489138689295), 1.5)
 (np.float64(-133.36494073560056), np.float64(93.56427489951983), 1.5)
 (np.float64(-44.44865911282423), np.float64(281.85002797753464), 1.5)
 (np.float64(-344.5420428339536), np.float64(-259.23347623112767), 1.5)
 (np.float64(-160.30488313851427), np.float64(-74.07921281081943), 1.5)
 (np.float64(-176.51993976285536), np.float64(-127.63140675957688), 1.5)
 (np.float64(-340.440847232908), np.float64(-137.2746811366662), 1.5)]
UEs coordinates: 
[(np.float64(-318.2477339102442), np.float64(-267.0857727480215), 1.5)
 (np.float64(-71.88854438404438), np.float64(-38.985153560767884), 1.5)
 (np.float64(-154.57847112059275), np.float64(96.78066307918353), 1.5)
 (np.float64(303.3251868223615), np.float64(39.244825429047985), 1.5)
 (np.float64(-115.10365199573593), np.float64(104.28344794725162), 1.5)
 (np.float64(-185.20884328176155), np.float64(20.244262805292834), 1.5)
 (np.float64(9.516383888680721), np.float64(85.66324640354063), 1.5)
 (np.float64(42.86684129422402), np.float64(262.3938986021545), 1.5)
 (np.float64(212.5974346630135), np.float64(-215.0227407778238), 1.5)
 (np.float64(274.26256301128797), np.float64(171.61483820884177), 1.5)
 (np.float64(52.91064843090761), np.float64(233.37966475838354), 1.5)
 (np.float64(-84.5156083481316), np.float64(-238.55986468339788), 1.5)
 (np.float64(37.7778227745878), np.float64(-185.3669340798247), 1.5)
 (np.float64(-170.5551593945171), np.float64(140.89434930370794), 1.5)
 (np.float64(202.6186557960673), np.float64(134.8239917735139), 1.5)]
UEs coordinates: 
[(np.float64(-201.2505261249276), np.float64(-110.21217566927078), 1.5)
 (np.float64(-208.1612147201048), np.float64(99.18921448187568), 1.5)
 (np.float64(-90.07403716417768), np.float64(-234.50620629808014), 1.5)
 (np.float64(215.68580912059116), np.float64(-23.1353064685606), 1.5)
 (np.float64(26.201069821320772), np.float64(33.11125027291643), 1.5)
 (np.float64(53.97327412698695), np.float64(-97.27921415305173), 1.5)
 (np.float64(-204.20605792247238), np.float64(218.83027156509436), 1.5)
 (np.float64(61.99170353797638), np.float64(231.27009737805113), 1.5)
 (np.float64(203.71949599582206), np.float64(-40.972863021650745), 1.5)
 (np.float64(31.699097219181795), np.float64(-192.8847327987359), 1.5)
 (np.float64(304.42133544915487), np.float64(1.7333651527118263), 1.5)
 (np.float64(114.41380253517761), np.float64(-356.67574598704664), 1.5)
 (np.float64(243.0787724400459), np.float64(-58.135959795930646), 1.5)
 (np.float64(-147.94449563664153), np.float64(-206.40378087597531), 1.5)
 (np.float64(-10.110969967110307), np.float64(45.41822937275539), 1.5)]
UEs coordinates: 
[(np.float64(-194.87676382466424), np.float64(56.46326578708941), 1.5)
 (np.float64(234.3228007752438), np.float64(-7.468126995673586), 1.5)
 (np.float64(221.47670026862838), np.float64(13.912384830800583), 1.5)
 (np.float64(39.266213703257606), np.float64(350.49174878731543), 1.5)
 (np.float64(318.44587672434125), np.float64(-12.436689087909912), 1.5)
 (np.float64(158.55535732958816), np.float64(187.6064959016059), 1.5)
 (np.float64(164.91347359266027), np.float64(4.88143558235042), 1.5)
 (np.float64(-31.42152000572368), np.float64(-312.7081474123349), 1.5)
 (np.float64(98.38230765862065), np.float64(-89.59673207459893), 1.5)
 (np.float64(206.5886037506987), np.float64(233.6751493327368), 1.5)
 (np.float64(-255.32634261741183), np.float64(158.9702947701156), 1.5)
 (np.float64(-162.05032058126142), np.float64(280.7626633857507), 1.5)
 (np.float64(148.75057658172588), np.float64(280.3349922886486), 1.5)
 (np.float64(-15.455107140495826), np.float64(-146.12581667435506), 1.5)
 (np.float64(289.8142018869272), np.float64(-103.21052856438286), 1.5)]
UEs coordinates: 
[(np.float64(163.64920516751704), np.float64(215.5873766101159), 1.5)
 (np.float64(109.19285245161394), np.float64(196.25135614409595), 1.5)
 (np.float64(-78.78966709262733), np.float64(-204.3555199322243), 1.5)
 (np.float64(251.36252972822558), np.float64(-245.4208460490885), 1.5)
 (np.float64(-7.524995859263456), np.float64(-266.19835596023813), 1.5)
 (np.float64(-41.1606526188487), np.float64(-43.915041496687444), 1.5)
 (np.float64(114.30183073061308), np.float64(286.6142448604699), 1.5)
 (np.float64(246.41349430372466), np.float64(72.4854010452826), 1.5)
 (np.float64(78.194711870953), np.float64(-335.54089368255393), 1.5)
 (np.float64(-264.92705111861096), np.float64(92.53975097863757), 1.5)
 (np.float64(-44.778348400110204), np.float64(-133.43128271401855), 1.5)
 (np.float64(282.6502687962244), np.float64(83.73710301514164), 1.5)
 (np.float64(224.27304110629507), np.float64(-94.90408791421771), 1.5)
 (np.float64(-180.87745916811156), np.float64(146.76225102598482), 1.5)
 (np.float64(263.24754270074516), np.float64(-328.39313916320884), 1.5)]
DMimo: defining boresights
DMimo: computing relative directions of arrival
DMimo: computing antennas gains
DMimo: computing spatial correlation matrices
DMimo: computing large scale fading coefficients
dh_bs:  17.0
dh_ut:  0.5
fc usando em Hz:  7750000000.0
distance break point:  878.3333333333333
fc usado em GHz:  7.75
Coeficientes K: 
[[0.00000000e+00 0.00000000e+00 0.00000000e+00 0.00000000e+00
  0.00000000e+00 0.00000000e+00 0.00000000e+00 0.00000000e+00
  3.21057751e+01 0.00000000e+00 0.00000000e+00 0.00000000e+00
  1.51686295e+02 0.00000000e+00 0.00000000e+00 0.00000000e+00]
 [0.00000000e+00 0.00000000e+00 0.00000000e+00 0.00000000e+00
  0.00000000e+00 0.00000000e+00 0.00000000e+00 0.00000000e+00
  4.30985801e+01 0.00000000e+00 0.00000000e+00 0.00000000e+00
  0.00000000e+00 0.00000000e+00 0.00000000e+00 0.00000000e+00]
 [0.00000000e+00 0.00000000e+00 0.00000000e+00 0.00000000e+00
  0.00000000e+00 0.00000000e+00 0.00000000e+00 0.00000000e+00
  0.00000000e+00 0.00000000e+00 0.00000000e+00 0.00000000e+00
  0.00000000e+00 0.00000000e+00 0.00000000e+00 0.00000000e+00]
 [0.00000000e+00 1.91153534e-01 0.00000000e+00 0.00000000e+00
  0.00000000e+00 7.43151565e-01 0.00000000e+00 0.00000000e+00
  0.00000000e+00 0.00000000e+00 0.00000000e+00 0.00000000e+00
  0.00000000e+00 0.00000000e+00 0.00000000e+00 0.00000000e+00]
 [0.00000000e+00 0.00000000e+00 0.00000000e+00 0.00000000e+00
  0.00000000e+00 0.00000000e+00 0.00000000e+00 0.00000000e+00
  0.00000000e+00 1.01776434e+00 0.00000000e+00 0.00000000e+00
  2.89433985e-01 0.00000000e+00 0.00000000e+00 0.00000000e+00]
 [0.00000000e+00 0.00000000e+00 0.00000000e+00 0.00000000e+00
  0.00000000e+00 0.00000000e+00 0.00000000e+00 0.00000000e+00
  0.00000000e+00 0.00000000e+00 0.00000000e+00 0.00000000e+00
  0.00000000e+00 0.00000000e+00 0.00000000e+00 0.00000000e+00]
 [0.00000000e+00 0.00000000e+00 0.00000000e+00 0.00000000e+00
  0.00000000e+00 6.15898838e-01 0.00000000e+00 0.00000000e+00
  0.00000000e+00 1.60429264e+00 0.00000000e+00 0.00000000e+00
  0.00000000e+00 0.00000000e+00 0.00000000e+00 0.00000000e+00]
 [0.00000000e+00 0.00000000e+00 0.00000000e+00 0.00000000e+00
  0.00000000e+00 0.00000000e+00 0.00000000e+00 0.00000000e+00
  4.49388597e+00 6.59044260e+00 0.00000000e+00 0.00000000e+00
  2.83460617e-01 0.00000000e+00 0.00000000e+00 0.00000000e+00]
 [0.00000000e+00 0.00000000e+00 4.27560341e+01 0.00000000e+00
  0.00000000e+00 0.00000000e+00 3.16939581e+00 0.00000000e+00
  0.00000000e+00 0.00000000e+00 0.00000000e+00 0.00000000e+00
  0.00000000e+00 0.00000000e+00 0.00000000e+00 0.00000000e+00]
 [0.00000000e+00 0.00000000e+00 0.00000000e+00 0.00000000e+00
  0.00000000e+00 0.00000000e+00 0.00000000e+00 1.24657124e+01
  0.00000000e+00 0.00000000e+00 0.00000000e+00 0.00000000e+00
  0.00000000e+00 0.00000000e+00 0.00000000e+00 0.00000000e+00]
 [0.00000000e+00 0.00000000e+00 0.00000000e+00 0.00000000e+00
  0.00000000e+00 0.00000000e+00 0.00000000e+00 1.18760283e+00
  0.00000000e+00 0.00000000e+00 0.00000000e+00 0.00000000e+00
  0.00000000e+00 0.00000000e+00 0.00000000e+00 0.00000000e+00]
 [0.00000000e+00 0.00000000e+00 0.00000000e+00 0.00000000e+00
  0.00000000e+00 0.00000000e+00 0.00000000e+00 0.00000000e+00
  2.91374820e-01 0.00000000e+00 0.00000000e+00 0.00000000e+00
  0.00000000e+00 0.00000000e+00 8.65752770e+00 0.00000000e+00]
 [0.00000000e+00 0.00000000e+00 0.00000000e+00 0.00000000e+00
  0.00000000e+00 0.00000000e+00 0.00000000e+00 0.00000000e+00
  1.73363523e+00 0.00000000e+00 4.55799792e+02 0.00000000e+00
  1.95744366e+01 1.50364130e+00 0.00000000e+00 0.00000000e+00]
 [0.00000000e+00 0.00000000e+00 0.00000000e+00 0.00000000e+00
  1.15387502e+01 0.00000000e+00 0.00000000e+00 0.00000000e+00
  0.00000000e+00 0.00000000e+00 0.00000000e+00 0.00000000e+00
  0.00000000e+00 0.00000000e+00 0.00000000e+00 0.00000000e+00]
 [2.37869980e+01 0.00000000e+00 0.00000000e+00 0.00000000e+00
  0.00000000e+00 2.66664460e+01 0.00000000e+00 0.00000000e+00
  0.00000000e+00 0.00000000e+00 0.00000000e+00 0.00000000e+00
  0.00000000e+00 9.30489876e+01 0.00000000e+00 0.00000000e+00]]
ls_fading_coeffs:  [[-131.02371968 -132.52509169 -139.96215735 -140.62904711 -124.46236567
  -127.56977266 -130.48929878 -135.75287185  -87.44580413 -122.53763759
  -126.493137   -131.39964402  -95.31555728 -127.06248642 -132.92357317
  -135.33734992]
 [-128.78905727 -127.16498343 -130.42697945 -135.42461411 -122.20858858
  -116.05508404 -126.94765686 -133.27993165  -91.59459447 -110.55274465
  -120.86590939 -129.77303354 -132.21111832 -128.87904671 -131.1888495
  -131.4575063 ]
 [-143.07930688 -141.13407016 -138.81148569 -138.89859104 -133.91011127
  -135.12704199 -134.95042809 -134.91028478 -130.11253492 -128.55714516
  -126.55831641 -129.26275896 -127.63478121 -122.84250681 -117.4969626
  -125.94153769]
 [-118.14125779  -80.91733175 -115.85281118 -125.05654623 -121.97306445
   -96.40640478 -124.56115144 -129.50545482 -135.04335144 -129.65528426
  -130.248135   -132.0806521  -134.57971162 -135.11642771 -134.90340008
  -137.44495218]
 [-136.42660701 -135.8210719  -135.94887153 -131.78093289 -135.40238501
  -131.65679225 -128.14838201 -124.94814511 -134.3029896  -103.12583341
  -125.53124782 -112.65057117 -107.47523657 -131.99764636 -125.53724832
  -119.23252728]
 [-136.60126828 -136.51469154 -137.5696631  -140.78688852 -134.75983604
  -131.75381386 -137.29367984 -138.84569451 -126.30795269 -125.46272192
  -132.02754425 -131.16188801 -116.6921774  -109.74281198 -125.09260835
  -126.08512837]
 [-124.60231438 -121.05877613 -122.59741995 -126.86329882 -120.37190202
   -83.44745114 -118.70021414 -123.86280641 -125.46545234  -98.67478635
  -124.98147663 -127.64900888 -133.23890165 -130.50359994 -131.36684378
  -135.75512939]
 [-131.13631218 -131.357022   -132.91029587 -136.14980113 -120.23750827
  -124.61896829 -125.03715229 -132.06399311  -89.09354312  -95.97578071
  -122.12078985 -133.3628896  -100.29731023 -125.85065951 -133.38330978
  -130.51699922]
 [-135.08803035 -122.70170425  -98.30298565 -127.51589321 -124.66847298
  -115.3753335   -72.92747672 -117.64127243 -129.17468809 -122.89777845
  -121.43432888 -127.09034728 -133.09767138 -131.02309325 -130.10744173
  -132.37416437]
 [-129.75254591 -127.28557183 -124.28838955 -123.46725296 -128.40242282
  -123.71972228 -113.00916099  -89.57634396 -129.71816198 -128.22152824
  -118.94437987 -119.39731988 -135.15419252 -129.81697893 -128.56812816
  -135.57331893]
 [-136.93049601 -133.59982826 -127.04367935 -130.7833477  -135.93270156
  -126.55644055 -121.40146061  -94.54881058 -131.0040462  -124.9983721
  -117.07157584 -110.04939424 -136.35234002 -131.63485224 -130.79992106
  -125.35826715]
 [-138.826926   -132.85182574 -133.61939617 -135.00809219 -126.82502845
  -125.04483933 -128.11227243 -131.40984186  -94.96945664 -114.4386133
  -121.80591399 -127.77142119 -121.70875334 -115.68764816  -99.2801181
  -128.84822844]
 [-136.45213241 -132.16453144 -134.44651701 -135.55397202 -125.68741313
  -127.59044638 -128.59119074 -136.72928427  -91.39741524 -115.22037428
   -99.27162831 -128.83032724  -96.60167026  -93.52897707 -124.62475951
  -131.46176772]
 [-124.38171237 -129.36082121 -134.12825118 -134.76541476  -90.78799242
  -121.5447094  -127.68742312 -134.50686373 -116.11936038 -123.35272897
  -127.93818063 -132.15703619 -129.27895058 -129.76119292 -131.9266714
  -134.75230971]
 [ -95.24651954 -116.30289732 -122.15227791 -128.23489341 -114.75030689
   -92.05649656 -123.81756707 -129.71274259 -127.67104076 -127.35047069
  -127.83978485 -131.07259066 -135.94262885 -106.01889268 -133.28130341
  -137.11384982]]
dh_bs:  17.0
dh_ut:  0.5
fc usando em Hz:  7750000000.0
distance break point:  878.3333333333333
fc usado em GHz:  7.75
Coeficientes K: 
[[0.00000000e+00 0.00000000e+00 3.29344173e-01 0.00000000e+00
  0.00000000e+00 0.00000000e+00 0.00000000e+00 0.00000000e+00
  0.00000000e+00 0.00000000e+00 2.64204860e+00 0.00000000e+00
  0.00000000e+00 0.00000000e+00 0.00000000e+00 0.00000000e+00]
 [0.00000000e+00 0.00000000e+00 0.00000000e+00 0.00000000e+00
  0.00000000e+00 0.00000000e+00 0.00000000e+00 1.30551816e-01
  0.00000000e+00 0.00000000e+00 0.00000000e+00 0.00000000e+00
  0.00000000e+00 5.17840005e+00 0.00000000e+00 0.00000000e+00]
 [0.00000000e+00 0.00000000e+00 0.00000000e+00 0.00000000e+00
  0.00000000e+00 0.00000000e+00 8.71750265e-01 0.00000000e+00
  3.35393821e-01 0.00000000e+00 0.00000000e+00 0.00000000e+00
  2.78363062e+01 0.00000000e+00 0.00000000e+00 0.00000000e+00]
 [0.00000000e+00 0.00000000e+00 0.00000000e+00 0.00000000e+00
  0.00000000e+00 0.00000000e+00 0.00000000e+00 0.00000000e+00
  0.00000000e+00 0.00000000e+00 0.00000000e+00 4.67202238e-01
  0.00000000e+00 0.00000000e+00 0.00000000e+00 0.00000000e+00]
 [0.00000000e+00 0.00000000e+00 0.00000000e+00 0.00000000e+00
  0.00000000e+00 0.00000000e+00 0.00000000e+00 0.00000000e+00
  0.00000000e+00 0.00000000e+00 0.00000000e+00 0.00000000e+00
  0.00000000e+00 0.00000000e+00 0.00000000e+00 0.00000000e+00]
 [0.00000000e+00 0.00000000e+00 0.00000000e+00 0.00000000e+00
  0.00000000e+00 0.00000000e+00 0.00000000e+00 0.00000000e+00
  0.00000000e+00 0.00000000e+00 1.22189308e+01 0.00000000e+00
  0.00000000e+00 0.00000000e+00 0.00000000e+00 0.00000000e+00]
 [1.86701762e-01 0.00000000e+00 0.00000000e+00 0.00000000e+00
  0.00000000e+00 0.00000000e+00 1.65761604e+00 0.00000000e+00
  0.00000000e+00 0.00000000e+00 0.00000000e+00 0.00000000e+00
  0.00000000e+00 0.00000000e+00 0.00000000e+00 0.00000000e+00]
 [0.00000000e+00 0.00000000e+00 0.00000000e+00 0.00000000e+00
  0.00000000e+00 0.00000000e+00 1.84261785e+02 8.18683917e+01
  0.00000000e+00 0.00000000e+00 3.30286945e+01 0.00000000e+00
  0.00000000e+00 0.00000000e+00 0.00000000e+00 0.00000000e+00]
 [0.00000000e+00 0.00000000e+00 0.00000000e+00 0.00000000e+00
  0.00000000e+00 0.00000000e+00 0.00000000e+00 0.00000000e+00
  1.31617983e+00 0.00000000e+00 0.00000000e+00 0.00000000e+00
  0.00000000e+00 0.00000000e+00 0.00000000e+00 0.00000000e+00]
 [0.00000000e+00 0.00000000e+00 0.00000000e+00 0.00000000e+00
  0.00000000e+00 0.00000000e+00 2.17104010e-02 0.00000000e+00
  0.00000000e+00 0.00000000e+00 0.00000000e+00 0.00000000e+00
  1.93766566e+00 2.30266568e-01 0.00000000e+00 0.00000000e+00]
 [0.00000000e+00 0.00000000e+00 0.00000000e+00 0.00000000e+00
  0.00000000e+00 0.00000000e+00 5.77678725e+00 5.12238786e-01
  0.00000000e+00 0.00000000e+00 0.00000000e+00 0.00000000e+00
  0.00000000e+00 0.00000000e+00 0.00000000e+00 0.00000000e+00]
 [0.00000000e+00 0.00000000e+00 0.00000000e+00 0.00000000e+00
  0.00000000e+00 0.00000000e+00 0.00000000e+00 0.00000000e+00
  0.00000000e+00 0.00000000e+00 2.14147565e-01 0.00000000e+00
  0.00000000e+00 0.00000000e+00 0.00000000e+00 0.00000000e+00]
 [0.00000000e+00 0.00000000e+00 3.28191904e+01 0.00000000e+00
  0.00000000e+00 1.71506511e-01 0.00000000e+00 0.00000000e+00
  0.00000000e+00 0.00000000e+00 0.00000000e+00 0.00000000e+00
  0.00000000e+00 0.00000000e+00 0.00000000e+00 0.00000000e+00]
 [0.00000000e+00 0.00000000e+00 0.00000000e+00 0.00000000e+00
  0.00000000e+00 0.00000000e+00 0.00000000e+00 0.00000000e+00
  0.00000000e+00 9.99614566e-01 0.00000000e+00 0.00000000e+00
  0.00000000e+00 1.73797192e+00 0.00000000e+00 2.02774774e-01]
 [1.77478766e+01 0.00000000e+00 0.00000000e+00 0.00000000e+00
  0.00000000e+00 0.00000000e+00 0.00000000e+00 0.00000000e+00
  0.00000000e+00 5.95336705e-01 0.00000000e+00 0.00000000e+00
  0.00000000e+00 0.00000000e+00 0.00000000e+00 0.00000000e+00]]
ls_fading_coeffs:  [[-124.54770832 -117.88591542  -88.08766475 -120.64452936 -126.17230509
  -120.0769971  -114.99808443 -122.73231625 -133.52361134 -131.0801016
  -102.66268051 -131.12147559 -134.01758842 -133.08571563 -135.69621647
  -134.70244056]
 [-132.81646073 -128.85121584 -121.89156265 -121.75942365 -130.81053999
  -127.32164563 -118.64546225  -84.37829457 -134.6801543  -130.8219563
  -126.80608746 -125.58029721 -136.95666899 -109.10089842 -132.89260165
  -132.85920045]
 [-130.89139621 -125.79452242 -120.09550299 -103.56382457 -133.63469305
  -131.84231027 -102.5696158  -127.46612743 -108.79340728 -132.96960347
  -137.0411864  -132.10298606 -110.05956233 -137.62793015 -139.18964763
  -139.11333094]
 [-128.23703485 -124.55953598 -129.16485946 -133.16521431 -121.64929737
  -110.95443825 -119.26681658 -124.84229114 -125.1213036  -115.82123277
  -119.33968008 -103.23959094 -132.29774145 -127.87529522 -128.48282445
  -133.44289175]
 [-135.72667452 -131.74070453 -129.75639386 -129.96293149 -133.55916709
  -127.73852895 -122.3516083  -114.17557245 -135.83606958 -129.0379035
  -122.03253964 -113.84589174 -133.72467638 -133.27524569 -127.11061527
  -126.4908631 ]
 [-135.58029141 -137.9059545  -129.07123705 -126.1510178  -133.76066077
  -128.8678813  -121.46688695 -113.64108324 -133.41549595 -128.95559203
  -100.6962418  -115.64270672 -135.82208121 -137.28483164 -129.83610796
  -125.87529154]
 [-106.04175282 -128.02684485 -126.17029563 -125.83648636 -124.85505632
  -122.08697998  -87.37905698 -118.6903077  -129.62241952 -120.49997597
  -118.76387184 -123.19540661 -132.95004099 -130.45061814 -127.65822454
  -128.72332571]
 [-130.11109318 -125.71935979 -120.04949845 -117.5902384  -129.87709967
  -121.30966052  -91.78665873  -93.46836293 -132.78006838 -127.3999986
  -100.95514695 -123.97605987 -142.14145326 -136.29694188 -131.57144321
  -131.09164665]
 [-130.78306649 -129.56154662 -134.62624251 -132.07080107 -123.40613708
  -121.44204459 -121.1667515  -126.37888957  -97.28905141 -109.7063352
  -111.58446344 -123.25283618 -127.33594795 -128.0618687  -128.64331387
  -127.12195887]
 [-131.36365954 -132.29232565 -133.32925213 -135.36632841 -123.94902818
  -128.11170932 -102.9043627  -129.77749265 -113.93437219 -104.68238634
  -120.18718679 -127.45441534  -97.89842391  -95.78716983 -123.97315434
  -132.23934106]
 [-131.30942547 -126.91052186 -123.52257013 -123.89770463 -132.03957331
  -123.14430169  -86.35973832  -89.31865141 -128.51533019 -125.63740101
  -120.84816256 -124.65413737 -132.26497535 -132.94993442 -130.49914191
  -131.51178573]
 [-130.57439445 -129.3374404  -128.02871019 -129.30370389 -127.6925126
  -120.51306916 -114.43603993 -120.76206836 -128.12271721 -120.35296876
   -90.93040487 -119.43882792 -132.67836402 -132.0822793  -125.51447507
  -127.78862406]
 [-127.78130176 -119.69229916  -95.66386798 -125.24508774 -120.1672193
   -88.64687125 -119.01038216 -125.87060329 -126.49685393 -125.54110797
  -129.09764068 -128.12383123 -134.47255198 -133.08978464 -136.6851914
  -135.35823662]
 [-136.52336642 -136.72686141 -141.23777593 -142.06516779 -131.78351888
  -131.10845698 -132.48720928 -133.31830212 -126.26210828 -101.01073717
  -127.33027038 -130.8891235  -114.51394608  -85.9343443  -120.00139719
  -102.80869972]
 [ -84.74950503 -119.99379863 -127.65406465 -131.39430962 -122.11853105
  -125.11890937 -131.52733474 -133.3875307  -128.88717262 -105.06741881
  -133.61683964 -135.3785118  -134.06967778 -136.67135992 -137.76481086
  -137.41007404]]
dh_bs:  17.0
dh_ut:  0.5
fc usando em Hz:  7750000000.0
distance break point:  878.3333333333333
fc usado em GHz:  7.75
Coeficientes K: 
[[0.00000000e+00 0.00000000e+00 0.00000000e+00 0.00000000e+00
  0.00000000e+00 0.00000000e+00 0.00000000e+00 0.00000000e+00
  0.00000000e+00 0.00000000e+00 0.00000000e+00 0.00000000e+00
  0.00000000e+00 4.42293195e+01 0.00000000e+00 0.00000000e+00]
 [0.00000000e+00 0.00000000e+00 0.00000000e+00 0.00000000e+00
  0.00000000e+00 0.00000000e+00 0.00000000e+00 0.00000000e+00
  7.62681089e+00 0.00000000e+00 0.00000000e+00 0.00000000e+00
  0.00000000e+00 0.00000000e+00 0.00000000e+00 6.20284733e-01]
 [0.00000000e+00 2.24075800e+01 0.00000000e+00 0.00000000e+00
  0.00000000e+00 1.72143463e+01 0.00000000e+00 0.00000000e+00
  0.00000000e+00 0.00000000e+00 0.00000000e+00 0.00000000e+00
  0.00000000e+00 0.00000000e+00 0.00000000e+00 0.00000000e+00]
 [0.00000000e+00 0.00000000e+00 2.12388148e+02 0.00000000e+00
  0.00000000e+00 0.00000000e+00 0.00000000e+00 0.00000000e+00
  0.00000000e+00 1.50706095e-02 0.00000000e+00 0.00000000e+00
  0.00000000e+00 0.00000000e+00 0.00000000e+00 0.00000000e+00]
 [0.00000000e+00 0.00000000e+00 0.00000000e+00 0.00000000e+00
  0.00000000e+00 0.00000000e+00 0.00000000e+00 0.00000000e+00
  3.24701384e+01 7.46221919e-01 0.00000000e+00 0.00000000e+00
  0.00000000e+00 0.00000000e+00 0.00000000e+00 0.00000000e+00]
 [0.00000000e+00 0.00000000e+00 0.00000000e+00 0.00000000e+00
  0.00000000e+00 0.00000000e+00 0.00000000e+00 0.00000000e+00
  0.00000000e+00 0.00000000e+00 0.00000000e+00 0.00000000e+00
  6.05488487e+00 0.00000000e+00 0.00000000e+00 0.00000000e+00]
 [0.00000000e+00 0.00000000e+00 0.00000000e+00 0.00000000e+00
  0.00000000e+00 0.00000000e+00 0.00000000e+00 0.00000000e+00
  4.54387773e+00 0.00000000e+00 0.00000000e+00 0.00000000e+00
  0.00000000e+00 0.00000000e+00 0.00000000e+00 0.00000000e+00]
 [0.00000000e+00 0.00000000e+00 0.00000000e+00 0.00000000e+00
  0.00000000e+00 0.00000000e+00 0.00000000e+00 0.00000000e+00
  0.00000000e+00 0.00000000e+00 6.56901404e+00 0.00000000e+00
  0.00000000e+00 0.00000000e+00 0.00000000e+00 0.00000000e+00]
 [0.00000000e+00 0.00000000e+00 0.00000000e+00 0.00000000e+00
  0.00000000e+00 0.00000000e+00 0.00000000e+00 1.41394250e+00
  0.00000000e+00 0.00000000e+00 0.00000000e+00 0.00000000e+00
  7.60380243e-01 0.00000000e+00 2.26564467e-01 0.00000000e+00]
 [0.00000000e+00 0.00000000e+00 0.00000000e+00 0.00000000e+00
  0.00000000e+00 0.00000000e+00 0.00000000e+00 0.00000000e+00
  0.00000000e+00 0.00000000e+00 0.00000000e+00 0.00000000e+00
  0.00000000e+00 0.00000000e+00 9.62742847e-01 0.00000000e+00]
 [0.00000000e+00 0.00000000e+00 0.00000000e+00 0.00000000e+00
  0.00000000e+00 0.00000000e+00 2.32445188e+01 0.00000000e+00
  3.00458635e+00 5.66982385e+00 4.33297471e+00 0.00000000e+00
  1.37804734e+00 0.00000000e+00 1.51514525e+01 0.00000000e+00]
 [0.00000000e+00 0.00000000e+00 0.00000000e+00 0.00000000e+00
  0.00000000e+00 0.00000000e+00 0.00000000e+00 4.49779267e+01
  0.00000000e+00 0.00000000e+00 0.00000000e+00 0.00000000e+00
  0.00000000e+00 0.00000000e+00 0.00000000e+00 0.00000000e+00]
 [0.00000000e+00 0.00000000e+00 0.00000000e+00 0.00000000e+00
  0.00000000e+00 0.00000000e+00 5.81231315e+00 0.00000000e+00
  0.00000000e+00 0.00000000e+00 0.00000000e+00 0.00000000e+00
  0.00000000e+00 0.00000000e+00 0.00000000e+00 0.00000000e+00]
 [0.00000000e+00 6.63407363e-01 0.00000000e+00 0.00000000e+00
  3.42032690e+00 0.00000000e+00 0.00000000e+00 0.00000000e+00
  0.00000000e+00 0.00000000e+00 0.00000000e+00 0.00000000e+00
  0.00000000e+00 0.00000000e+00 0.00000000e+00 0.00000000e+00]
 [0.00000000e+00 0.00000000e+00 0.00000000e+00 0.00000000e+00
  1.61555230e-01 0.00000000e+00 0.00000000e+00 3.84498218e-01
  0.00000000e+00 0.00000000e+00 0.00000000e+00 0.00000000e+00
  0.00000000e+00 0.00000000e+00 0.00000000e+00 0.00000000e+00]]
ls_fading_coeffs:  [[-137.11958354 -135.09224201 -134.49229323 -138.07419373 -133.55407115
  -134.58131925 -131.48287136 -131.73541952 -123.06209995 -121.7080501
  -121.64790281 -127.94694249 -119.19945105  -82.33234611 -113.46091638
  -125.30519533]
 [-141.99444807 -137.30985771 -136.6710567  -135.96946738 -134.44945906
  -133.92433744 -131.37518249 -131.14695482 -106.32139149 -125.44456795
  -123.8184449  -125.7029991  -125.75316605 -120.8283112  -102.60906313
   -96.91026606]
 [-115.08699069  -82.81589508 -117.94285498 -127.71185151 -123.96381064
   -98.87917775 -126.19782786 -130.05745528 -133.3796804  -132.2464673
  -131.18012454 -132.91642097 -136.37333435 -137.48872152 -137.90592519
  -136.88439865]
 [-122.38013498 -107.06395725  -94.58632387 -125.9302639  -127.6536026
  -125.7806469  -124.44063401 -127.86673319 -133.20048081 -105.66574733
  -130.8769584  -134.28770959 -140.04436858 -137.05631951 -137.39889698
  -137.34012227]
 [-132.33789463 -131.8675475  -130.96041373 -130.77663741 -127.25310698
  -119.90389917 -123.66587946 -127.79956801  -95.84642009  -81.10989835
  -116.34958345 -128.80553202 -125.36718627 -122.82151525 -125.01916677
  -132.12949964]
 [-137.31229326 -140.5913416  -137.64287865 -142.35751652 -131.85096552
  -133.55763751 -133.92444309 -143.52378754 -124.50890444 -126.94858065
  -130.80906851 -135.29176871  -90.38314167 -124.56710593 -129.59140403
  -134.19069605]
 [-131.72809588 -132.13187554 -135.36207988 -139.51425083 -124.8486221
  -130.68610425 -131.06811838 -134.91562771  -90.42091004 -121.70334852
  -127.62072345 -132.04539755 -117.94594852 -124.25197799 -128.80614139
  -134.34546174]
 [-119.86418093 -124.53660432 -130.0591021  -134.36067387 -119.99447805
  -125.78082869 -129.38034327 -137.63969457 -127.34704122 -128.36568518
  -105.90043308 -135.77311819 -131.62527447 -134.63291447 -134.68698502
  -136.63799135]
 [-140.68447932 -139.65702225 -139.02102885 -139.10110422 -132.96449046
  -134.42133287 -132.81491537 -110.74836647 -127.86277943 -124.45031288
  -125.78443392 -128.3908141   -99.13744444 -114.22015296  -89.6895973
  -120.73688865]
 [-141.5311796  -143.3853081  -138.19639511 -137.73258235 -136.79114299
  -137.45918728 -134.08506345 -135.61875191 -135.5680538  -131.5490817
  -128.95640717 -127.61358589 -132.26478119 -126.61266947  -98.13123937
  -119.98105244]
 [-138.69042456 -136.83896034 -136.88828175 -140.11259007 -131.24108578
  -132.99608875 -105.84689666 -132.82931872  -98.16755082  -98.38674432
  -101.79452427 -132.60211176  -91.83023585 -102.64175111  -98.763592
  -126.80113701]
 [-132.26583293 -129.68966398 -126.28995381 -123.244397   -130.1619317
  -125.54645236 -117.63731385  -82.24434265 -132.55581154 -127.90545261
  -125.51057018 -118.38753291 -133.18499202 -134.80560823 -130.21991843
  -128.44965112]
 [-128.18477896 -119.15345149 -118.39073551 -125.03110277 -126.52759548
  -115.94048039  -88.85854439 -121.4652348  -127.89772683 -124.34113484
  -128.57501848 -126.44249012 -136.44812033 -133.54482073 -131.21944156
  -134.97313368]
 [-130.07095769 -105.21583922 -128.29046357 -130.34387608  -99.87784272
  -117.29714419 -115.14276681 -121.88115291 -123.17644612 -116.44254305
  -111.4632547  -122.02390233 -130.41779129 -128.03493412 -126.93749951
  -128.44768764]
 [-135.86524456 -133.30512632 -136.33298438 -134.66557327 -103.57703408
  -129.07362833 -128.42587768 -105.87610927 -122.73147348 -119.77294221
  -118.24415397 -125.1099522  -128.88547237 -112.28847955 -114.52110884
  -125.69905339]]
dh_bs:  17.0
dh_ut:  0.5
fc usando em Hz:  7750000000.0
distance break point:  878.3333333333333
fc usado em GHz:  7.75
Coeficientes K: 
[[ 0.          0.          0.          0.          0.          0.
   0.          3.05404165  0.          0.          0.71134446  3.30098363
   0.          0.          0.          0.        ]
 [ 0.          0.          0.          0.          1.14855846  0.
   0.          0.          0.          0.          0.          0.
   4.75995507  0.          0.          0.        ]
 [ 0.          0.62446224  0.          5.69909869  0.          0.
   0.          0.          0.          0.          0.          0.
   0.          0.          0.          0.        ]
 [ 0.24853722  3.44951413  0.          0.          0.          0.
   0.          0.         29.51412817  0.          0.          0.
   0.          0.          0.          0.        ]
 [ 0.          0.          0.          0.          0.          2.54589691
   0.          0.          0.         68.58456314  6.33991961  0.
   0.          1.10037209  0.          0.        ]
 [ 0.          1.38873459  0.          0.          6.879901    0.
   0.          0.          0.          0.          0.          0.
   0.          0.          0.          0.        ]
 [ 0.          0.          0.          0.          0.          0.
   0.          0.          0.          0.          0.          0.
   0.          0.44557873  0.          0.        ]
 [ 0.          0.          0.          0.          0.          0.
   0.          0.          0.          0.          0.          0.
   0.          0.          0.          0.        ]
 [ 0.          0.          0.          0.          0.          0.
   0.          0.          0.          0.87339568  0.          0.
   0.          0.          0.          0.        ]
 [ 0.          0.          0.          2.90542765  0.          0.
   0.          0.68538973  0.          0.          0.          0.
   0.          0.          0.          0.        ]
 [ 0.          0.          0.          0.          0.          0.
   0.          0.          0.          0.          0.          0.
   0.          0.         24.71908092  0.09374532]
 [ 0.          0.          0.          0.          0.          0.
   0.          0.          0.          0.          0.          0.
   0.          0.          0.          3.76421895]
 [ 0.          0.          0.          0.          0.          0.
   0.          0.          0.          0.          0.         49.05372463
   0.          0.          0.          0.11534977]
 [ 0.          0.          0.          0.          0.          0.
   0.          0.          0.          0.          0.          0.
  34.63549357  0.          0.          0.        ]
 [ 0.          0.          0.          0.          0.          0.
   0.          0.          0.          0.          0.          0.
   0.          0.          0.          0.        ]]
ls_fading_coeffs:  [[-138.72255039 -134.86952565 -135.49794457 -134.69594326 -133.73171148
  -134.49237829 -128.79131813 -103.36569258 -131.97376354 -125.48294129
   -99.83865924  -96.60650688 -132.63814061 -122.65573588 -110.74630525
  -104.79905028]
 [-119.58825649 -122.64007632 -131.10974597 -133.618769    -71.07031834
  -116.34522529 -125.67179656 -132.7729628  -125.4578375  -126.64052629
  -128.66116389 -132.99413465 -106.49563162 -134.72000506 -133.46880407
  -136.40614133]
 [-119.64522795  -92.10200314 -119.85098622 -102.0969829  -120.46400998
  -109.13179863 -118.86953833 -126.39244765 -129.49441753 -126.35876851
  -126.15991957 -131.25615585 -134.11664487 -132.28046242 -132.08972205
  -134.56935044]
 [ -93.46391857  -86.67739935 -123.51606083 -127.58732591 -122.66680812
  -118.72270992 -126.79717117 -128.79420154 -103.22515921 -128.36803343
  -131.15087871 -134.27423907 -134.48829203 -134.7481238  -135.95343819
  -135.4769567 ]
 [-133.10801534 -129.78328337 -132.86157707 -128.76747778 -126.2367635
   -97.42236948 -115.15741056 -122.22214002 -126.79869393  -94.7477397
   -92.07209813 -129.22567825 -128.63488607 -103.24692158 -125.58307154
  -132.75215395]
 [-125.83774103 -101.51120255 -130.67618671 -136.55327715  -82.78604501
  -115.23439782 -125.30885127 -133.95346426 -120.0252787  -120.9399067
  -128.67005807 -134.67826393 -128.34205458 -129.74156003 -132.83785751
  -133.85812557]
 [-144.272261   -134.61359066 -137.30517683 -139.43228599 -131.13531895
  -131.06868308 -134.40246806 -136.48300393 -123.386295   -124.66510582
  -123.60408349 -129.44395806 -117.14570264  -71.7178675  -116.66469023
  -128.39525289]
 [-143.40189956 -142.16157654 -139.0175176  -140.34916781 -139.40136152
  -137.43703441 -134.77629351 -144.36046963 -135.94831409 -132.4670125
  -132.46015344 -129.65364556 -133.50185353 -127.5537152  -124.9879185
  -119.69908347]
 [-127.27148239 -121.99282904 -110.7816869  -117.21622269 -132.12604349
  -123.14854927 -116.32743342 -120.10215342 -131.18730007 -103.38816996
  -128.78813477 -128.30518466 -134.88756284 -136.41632842 -133.48416208
  -134.45454448]
 [-135.04572296 -127.84125208 -126.4974498   -99.59062473 -132.09034301
  -125.72974011 -116.09599108  -77.16423551 -133.09865508 -131.71304489
  -126.93764574 -121.68838256 -133.85803389 -133.45797614 -130.23540496
  -130.94671495]
 [-135.86578202 -140.26332084 -139.5644056  -138.89526125 -129.79369808
  -132.47383998 -134.1839327  -138.31697993 -124.1254889  -135.6539601
  -131.17538562 -136.17489176 -113.76902033 -125.07693204 -104.83181087
  -108.62894859]
 [-135.49822933 -136.38750544 -136.73887473 -132.95776997 -129.5726995
  -128.59396288 -125.63671676 -126.87664465 -129.94137825 -121.07450874
  -114.20504698 -121.38897053 -128.69524182 -123.62243616 -113.69902967
   -95.86596424]
 [-135.82375348 -134.68741834 -135.13766335 -135.89876992 -134.47708022
  -129.00559119 -128.81072208 -124.79488939 -129.18058843 -125.87734696
  -114.42449584  -88.90772715 -133.25659423 -126.11218803 -121.02860553
   -93.35251881]
 [-132.72934015 -132.26957394 -133.25867187 -134.09147697 -123.34981513
  -123.24265755 -132.33800068 -130.36904142 -115.76543128 -105.77171717
  -121.41360916 -129.51106694  -96.89318085 -122.80147643 -128.29163565
  -130.47420669]
 [-124.9203407  -127.73639528 -132.76775266 -134.24917804 -104.1098965
  -120.1130525  -126.12424777 -139.64459963 -118.33124079 -121.79478358
  -128.34072614 -133.26470992 -129.55561377 -134.22067456 -132.50188603
  -135.79907321]]
dh_bs:  17.0
dh_ut:  0.5
fc usando em Hz:  7750000000.0
distance break point:  878.3333333333333
fc usado em GHz:  7.75
Coeficientes K: 
[[0.00000000e+00 0.00000000e+00 0.00000000e+00 0.00000000e+00
  0.00000000e+00 0.00000000e+00 0.00000000e+00 0.00000000e+00
  0.00000000e+00 0.00000000e+00 0.00000000e+00 0.00000000e+00
  0.00000000e+00 0.00000000e+00 0.00000000e+00 0.00000000e+00]
 [9.12622642e+00 0.00000000e+00 0.00000000e+00 0.00000000e+00
  0.00000000e+00 0.00000000e+00 0.00000000e+00 0.00000000e+00
  0.00000000e+00 0.00000000e+00 0.00000000e+00 0.00000000e+00
  0.00000000e+00 0.00000000e+00 0.00000000e+00 0.00000000e+00]
 [0.00000000e+00 0.00000000e+00 0.00000000e+00 0.00000000e+00
  0.00000000e+00 0.00000000e+00 0.00000000e+00 0.00000000e+00
  0.00000000e+00 0.00000000e+00 0.00000000e+00 0.00000000e+00
  0.00000000e+00 0.00000000e+00 0.00000000e+00 3.25102608e+00]
 [0.00000000e+00 0.00000000e+00 0.00000000e+00 0.00000000e+00
  0.00000000e+00 0.00000000e+00 0.00000000e+00 0.00000000e+00
  3.95486282e+01 0.00000000e+00 0.00000000e+00 0.00000000e+00
  0.00000000e+00 0.00000000e+00 0.00000000e+00 0.00000000e+00]
 [0.00000000e+00 0.00000000e+00 0.00000000e+00 0.00000000e+00
  0.00000000e+00 0.00000000e+00 0.00000000e+00 0.00000000e+00
  0.00000000e+00 0.00000000e+00 0.00000000e+00 0.00000000e+00
  0.00000000e+00 0.00000000e+00 0.00000000e+00 0.00000000e+00]
 [0.00000000e+00 0.00000000e+00 0.00000000e+00 0.00000000e+00
  7.07367744e+01 0.00000000e+00 0.00000000e+00 0.00000000e+00
  0.00000000e+00 0.00000000e+00 0.00000000e+00 0.00000000e+00
  0.00000000e+00 0.00000000e+00 0.00000000e+00 0.00000000e+00]
 [0.00000000e+00 0.00000000e+00 0.00000000e+00 0.00000000e+00
  0.00000000e+00 1.66532525e+01 0.00000000e+00 0.00000000e+00
  0.00000000e+00 0.00000000e+00 1.59311248e+01 3.55871542e+00
  0.00000000e+00 0.00000000e+00 2.14846797e+01 0.00000000e+00]
 [0.00000000e+00 0.00000000e+00 0.00000000e+00 0.00000000e+00
  0.00000000e+00 0.00000000e+00 6.80400318e-01 4.21777767e+01
  0.00000000e+00 0.00000000e+00 0.00000000e+00 0.00000000e+00
  0.00000000e+00 0.00000000e+00 0.00000000e+00 0.00000000e+00]
 [0.00000000e+00 0.00000000e+00 0.00000000e+00 0.00000000e+00
  0.00000000e+00 0.00000000e+00 0.00000000e+00 0.00000000e+00
  0.00000000e+00 0.00000000e+00 2.64471920e+00 9.21127795e+01
  0.00000000e+00 0.00000000e+00 0.00000000e+00 0.00000000e+00]
 [0.00000000e+00 0.00000000e+00 0.00000000e+00 0.00000000e+00
  1.94987072e-01 0.00000000e+00 0.00000000e+00 0.00000000e+00
  0.00000000e+00 0.00000000e+00 0.00000000e+00 0.00000000e+00
  0.00000000e+00 0.00000000e+00 0.00000000e+00 0.00000000e+00]
 [0.00000000e+00 0.00000000e+00 0.00000000e+00 0.00000000e+00
  0.00000000e+00 0.00000000e+00 0.00000000e+00 0.00000000e+00
  0.00000000e+00 0.00000000e+00 1.35957374e+00 0.00000000e+00
  0.00000000e+00 0.00000000e+00 5.13816573e+02 0.00000000e+00]
 [0.00000000e+00 0.00000000e+00 1.58091409e-01 0.00000000e+00
  0.00000000e+00 0.00000000e+00 0.00000000e+00 0.00000000e+00
  0.00000000e+00 0.00000000e+00 1.30975465e+01 0.00000000e+00
  0.00000000e+00 0.00000000e+00 3.76408654e+00 0.00000000e+00]
 [0.00000000e+00 0.00000000e+00 0.00000000e+00 0.00000000e+00
  0.00000000e+00 0.00000000e+00 0.00000000e+00 3.60902521e+00
  0.00000000e+00 0.00000000e+00 0.00000000e+00 0.00000000e+00
  0.00000000e+00 0.00000000e+00 0.00000000e+00 0.00000000e+00]
 [0.00000000e+00 0.00000000e+00 0.00000000e+00 0.00000000e+00
  0.00000000e+00 0.00000000e+00 0.00000000e+00 0.00000000e+00
  4.08816148e+01 4.65707197e+00 0.00000000e+00 0.00000000e+00
  4.62244424e+00 0.00000000e+00 2.68331076e+01 0.00000000e+00]
 [0.00000000e+00 1.91251160e+01 0.00000000e+00 0.00000000e+00
  0.00000000e+00 8.43753908e+00 0.00000000e+00 0.00000000e+00
  0.00000000e+00 0.00000000e+00 0.00000000e+00 0.00000000e+00
  0.00000000e+00 0.00000000e+00 0.00000000e+00 0.00000000e+00]]
ls_fading_coeffs:  [[-138.2920838  -137.11303459 -138.12901934 -140.50966043 -132.64462492
  -135.14760156 -136.83060885 -140.49980081 -125.8480423  -127.08385074
  -137.30282851 -133.42912225 -114.87801913 -124.78372879 -129.4051816
  -133.099865  ]
 [ -96.52881797  -96.76901029 -114.54577785 -124.5766077  -122.90737229
  -120.66481581 -122.050778   -129.54539415 -129.48532209 -131.55925642
  -131.39777316 -133.49239841 -134.71463539 -136.0301163  -139.27587345
  -137.04523366]
 [-124.69152728 -130.07899946 -133.62013376 -137.24540686 -113.45325991
  -124.43656263 -129.47287875 -136.29252637 -119.43760421 -127.62944386
  -130.86665096 -138.62008714 -131.7501982  -132.6149084  -135.93789789
  -109.45214543]
 [-129.62705158 -130.02987481 -135.35902021 -134.90743647 -122.29421579
  -127.83138498 -127.59195162 -132.21714457  -76.12074855 -118.97633949
  -123.57593766 -129.46726665 -122.94162681 -122.6430005  -126.85220376
  -134.80173137]
 [-135.64448597 -138.16601303 -140.40274184 -132.51042142 -135.08302559
  -131.51706392 -126.62528093 -121.00542856 -134.07354504 -128.86553546
  -125.55875758 -116.71308672 -135.01479816 -130.88261884 -127.28684323
  -124.97612442]
 [-133.00258141 -125.67894021 -126.67620943 -128.76837743 -102.15004831
  -118.50490067 -104.14592946 -116.11976783 -129.12169332 -125.4097823
  -117.6595999  -121.0491512  -134.03643732 -131.73995612 -128.82749264
  -128.42071784]
 [-133.32623781 -130.82365414 -132.2166402  -133.29018401 -130.10076808
  -102.45839327 -119.77141877 -121.00635123 -129.12938859 -125.08896366
   -90.83410536  -85.83964321 -132.09654988 -127.5692137  -101.55025936
  -124.65212917]
 [-128.62240403 -129.7491267  -123.11207371 -128.51735349 -124.64161646
  -114.99108497  -86.33198948  -96.82646157 -126.31984421 -123.62351005
  -118.71284433 -123.56633022 -134.48348025 -129.65726389 -128.61216202
  -128.69609002]
 [-139.0352848  -139.74449933 -133.56374801 -132.45303243 -134.71480762
  -128.94927139 -129.62914824 -125.12120959 -134.33366405 -126.68646638
   -96.0299216   -90.82418593 -134.68873468 -124.75986    -117.83845747
  -115.80149986]
 [-121.52672706 -126.72673508 -130.01467522 -135.05906482  -71.47332652
  -117.05417333 -125.90286983 -135.16859006 -122.11305518 -123.56550067
  -131.40147195 -133.28965298 -131.70518906 -130.16761476 -134.79929182
  -138.91087512]
 [-137.49220705 -137.81261935 -137.16661778 -137.50711245 -132.64122686
  -135.10908024 -134.52118969 -134.85346061 -125.94823544 -126.51101492
   -99.83740535 -127.95755561 -120.72185136 -109.27685146  -89.13834213
  -125.43038507]
 [-137.37820323 -136.2850129  -105.66662312 -130.66159973 -129.47869534
  -130.36885616 -125.61300858 -128.82855108 -128.88468278 -118.8301523
   -86.84137607 -116.34762482 -133.17454267 -127.40449711  -95.2689648
  -123.57760063]
 [-134.64442604 -126.70593279 -123.86205714 -122.13993124 -131.10659474
  -125.96147399 -117.9731523   -70.74821479 -134.61952833 -129.72180554
  -123.31833213 -122.80052227 -133.91154372 -132.89999118 -130.59709125
  -130.22000388]
 [-131.44926399 -132.44893888 -130.38783333 -134.00591656 -125.7302423
  -123.56039504 -122.02481442 -128.25991974  -94.91967689  -75.39386995
  -117.31623664 -127.08207428 -100.78538718 -123.95711959  -99.93369562
  -130.8617277 ]
 [-112.53995553  -84.80272924 -123.60675013 -127.03677782 -121.22939964
   -98.16234068 -128.20496004 -127.94652613 -130.02540458 -130.27258359
  -135.08258304 -135.06072206 -135.09008468 -137.54756932 -135.83261143
  -135.66513702]]
dh_bs:  17.0
dh_ut:  0.5
fc usando em Hz:  7750000000.0
distance break point:  878.3333333333333
fc usado em GHz:  7.75
Coeficientes K: 
[[0.00000000e+00 0.00000000e+00 0.00000000e+00 0.00000000e+00
  0.00000000e+00 9.86916296e+00 0.00000000e+00 0.00000000e+00
  0.00000000e+00 0.00000000e+00 0.00000000e+00 0.00000000e+00
  0.00000000e+00 0.00000000e+00 2.17070284e+00 0.00000000e+00]
 [0.00000000e+00 1.57231773e+00 0.00000000e+00 0.00000000e+00
  0.00000000e+00 1.70000319e+01 0.00000000e+00 0.00000000e+00
  0.00000000e+00 0.00000000e+00 0.00000000e+00 0.00000000e+00
  0.00000000e+00 0.00000000e+00 1.13890490e+01 0.00000000e+00]
 [0.00000000e+00 0.00000000e+00 0.00000000e+00 0.00000000e+00
  0.00000000e+00 0.00000000e+00 0.00000000e+00 0.00000000e+00
  0.00000000e+00 0.00000000e+00 0.00000000e+00 0.00000000e+00
  0.00000000e+00 0.00000000e+00 4.24089264e+00 0.00000000e+00]
 [0.00000000e+00 0.00000000e+00 0.00000000e+00 0.00000000e+00
  0.00000000e+00 0.00000000e+00 0.00000000e+00 2.00859090e+00
  0.00000000e+00 0.00000000e+00 0.00000000e+00 4.60386924e+00
  0.00000000e+00 0.00000000e+00 0.00000000e+00 2.06598815e+01]
 [0.00000000e+00 0.00000000e+00 0.00000000e+00 0.00000000e+00
  6.40903413e+00 0.00000000e+00 7.05022128e-01 0.00000000e+00
  0.00000000e+00 0.00000000e+00 0.00000000e+00 0.00000000e+00
  0.00000000e+00 0.00000000e+00 0.00000000e+00 0.00000000e+00]
 [0.00000000e+00 0.00000000e+00 0.00000000e+00 0.00000000e+00
  0.00000000e+00 0.00000000e+00 0.00000000e+00 0.00000000e+00
  0.00000000e+00 0.00000000e+00 0.00000000e+00 0.00000000e+00
  0.00000000e+00 0.00000000e+00 0.00000000e+00 0.00000000e+00]
 [0.00000000e+00 0.00000000e+00 0.00000000e+00 0.00000000e+00
  0.00000000e+00 0.00000000e+00 0.00000000e+00 0.00000000e+00
  0.00000000e+00 0.00000000e+00 0.00000000e+00 0.00000000e+00
  0.00000000e+00 0.00000000e+00 0.00000000e+00 0.00000000e+00]
 [0.00000000e+00 0.00000000e+00 0.00000000e+00 0.00000000e+00
  0.00000000e+00 0.00000000e+00 0.00000000e+00 0.00000000e+00
  0.00000000e+00 0.00000000e+00 4.10153096e-01 1.45981838e+00
  0.00000000e+00 0.00000000e+00 3.57296826e+00 3.21133712e+00]
 [0.00000000e+00 0.00000000e+00 0.00000000e+00 1.01152283e+02
  0.00000000e+00 0.00000000e+00 0.00000000e+00 0.00000000e+00
  0.00000000e+00 0.00000000e+00 0.00000000e+00 2.59534140e+01
  0.00000000e+00 0.00000000e+00 0.00000000e+00 2.03132930e+02]
 [1.10372182e+01 1.42815197e+02 0.00000000e+00 0.00000000e+00
  7.02980407e-01 0.00000000e+00 0.00000000e+00 0.00000000e+00
  0.00000000e+00 0.00000000e+00 0.00000000e+00 0.00000000e+00
  0.00000000e+00 0.00000000e+00 0.00000000e+00 0.00000000e+00]
 [0.00000000e+00 0.00000000e+00 0.00000000e+00 0.00000000e+00
  0.00000000e+00 0.00000000e+00 0.00000000e+00 0.00000000e+00
  0.00000000e+00 0.00000000e+00 2.96060273e+00 0.00000000e+00
  0.00000000e+00 0.00000000e+00 0.00000000e+00 0.00000000e+00]
 [0.00000000e+00 0.00000000e+00 0.00000000e+00 0.00000000e+00
  0.00000000e+00 3.60339960e+00 0.00000000e+00 0.00000000e+00
  0.00000000e+00 0.00000000e+00 0.00000000e+00 0.00000000e+00
  7.62040085e+00 0.00000000e+00 0.00000000e+00 0.00000000e+00]
 [0.00000000e+00 0.00000000e+00 0.00000000e+00 0.00000000e+00
  0.00000000e+00 0.00000000e+00 0.00000000e+00 0.00000000e+00
  0.00000000e+00 3.97336331e-01 0.00000000e+00 8.30697613e+00
  8.88084691e+00 0.00000000e+00 0.00000000e+00 1.28292537e+00]
 [0.00000000e+00 0.00000000e+00 0.00000000e+00 0.00000000e+00
  0.00000000e+00 5.35510097e+00 0.00000000e+00 0.00000000e+00
  0.00000000e+00 0.00000000e+00 0.00000000e+00 1.10887535e-01
  0.00000000e+00 0.00000000e+00 0.00000000e+00 0.00000000e+00]
 [0.00000000e+00 0.00000000e+00 0.00000000e+00 0.00000000e+00
  0.00000000e+00 0.00000000e+00 0.00000000e+00 0.00000000e+00
  0.00000000e+00 0.00000000e+00 2.93799649e-01 0.00000000e+00
  0.00000000e+00 0.00000000e+00 0.00000000e+00 0.00000000e+00]]
ls_fading_coeffs:  [[-135.00145137 -129.89337621 -134.22279884 -133.23984748 -128.55860239
   -98.73086958 -122.42033531 -126.35312525 -126.8022525  -112.68665913
   -98.52500675 -119.16632651 -129.83430739 -122.45132067  -97.86895117
  -125.98433206]
 [-135.94797265 -108.11365023 -134.85596932 -139.79252143 -128.55264126
  -104.99098814 -130.7811618  -133.22625948 -122.22323773 -115.70150916
  -119.52024384 -125.21075058 -124.73358469 -108.17856331  -94.32082275
  -123.63363223]
 [-131.22035843 -131.39032233 -129.17546679 -135.86159561 -123.98852675
  -119.79776907 -125.20237929 -129.07156098 -120.19811754 -101.971547
  -112.69908635 -123.54523774 -126.04861463 -123.03138466 -100.11179413
  -128.64340165]
 [-137.42761377 -137.30211852 -136.09740924 -137.26177097 -135.79731
  -136.74490357 -132.38884668 -106.64010608 -138.57027822 -129.13392921
  -126.28551268  -96.60594768 -132.71348297 -126.97769312 -119.76168006
   -83.81714918]
 [-125.78698534 -120.50552112 -122.15555852 -126.49057942 -101.23062366
  -110.89483723  -86.93976208 -123.33980285 -126.88044257 -123.40826128
  -124.54044992 -130.1069242  -132.69998851 -134.39313501 -131.39946814
  -133.96551475]
 [-134.15458129 -133.46465434 -136.08615221 -133.27555135 -133.67859666
  -127.52574981 -126.97374927 -129.06148748 -123.5625609  -120.13598627
  -115.9610568  -124.26387151 -124.74799563 -117.10135485 -113.13588042
  -123.11386122]
 [-139.71970451 -137.54309382 -142.18633268 -137.1933002  -136.72381126
  -136.49380199 -137.17963946 -133.72637321 -133.20352404 -129.44815117
  -128.07136339 -126.41756982 -132.16930988 -126.82938071 -116.98651076
  -107.82222856]
 [-136.25376336 -133.70774283 -133.91427887 -134.10559256 -132.00750772
  -129.35140357 -125.47532856 -125.17883928 -132.1935978  -121.70656371
   -89.38906765  -92.065475   -132.25259424 -123.86841627  -95.31011857
   -96.16242608]
 [-136.81856131 -136.49671627 -134.62955736 -110.21532708 -138.14826795
  -130.71317592 -130.87947257 -127.20161398 -133.26310782 -127.54625735
  -123.40132602  -97.85455476 -131.30759325 -126.42990288 -122.43413627
   -89.40339472]
 [ -93.32441277  -99.15069244 -128.21301625 -132.54313885  -94.40559037
  -122.71433487 -129.79484073 -132.6452758  -126.74316032 -129.10482598
  -133.414251   -134.45546715 -132.72388732 -137.27754673 -136.59407882
  -138.46044274]
 [-136.46563453 -133.97948824 -130.22137626 -128.30263714 -135.23419432
  -130.34215798 -124.38545971 -114.89291812 -135.05824022 -131.05238916
  -101.03512617 -119.85206235 -136.81771711 -134.94890383 -131.97770279
  -128.19985132]
 [-135.16827121 -133.45292935 -136.95746561 -135.36179529 -128.8760312
  -102.51847612 -129.7103786  -135.06146178 -122.86460174 -122.59433419
  -120.20087136 -123.23903902 -101.98932105 -110.38558413 -112.90575926
  -122.53608215]
 [-139.82686223 -139.2194424  -135.03877154 -134.4665884  -137.58850127
  -134.20073366 -131.40891326 -130.91643937 -130.27467572 -103.89201605
  -122.45973337  -99.34044134 -103.53790727 -127.0379542  -116.42508922
   -81.29323812]
 [-131.32573627 -128.30893925 -133.79008816 -133.11921307 -120.44120878
   -94.03875657 -123.4291914  -127.00735384 -116.15859039 -104.92712531
  -120.10528272 -101.79335413 -130.28079478 -127.25715193 -127.41844563
  -133.76662389]
 [-134.36756174 -131.83614248 -132.34777917 -135.34676899 -130.1179664
  -128.35991428 -124.65349745 -126.62587843 -130.47600523 -122.1465038
   -88.29244504 -117.44964744 -126.26209735 -122.79669678 -118.73986113
  -124.79963259]]
dh_bs:  17.0
dh_ut:  0.5
fc usando em Hz:  7750000000.0
distance break point:  878.3333333333333
fc usado em GHz:  7.75
Coeficientes K: 
[[0.00000000e+00 0.00000000e+00 0.00000000e+00 0.00000000e+00
  0.00000000e+00 5.54837462e+00 0.00000000e+00 0.00000000e+00
  0.00000000e+00 0.00000000e+00 0.00000000e+00 0.00000000e+00
  0.00000000e+00 0.00000000e+00 0.00000000e+00 0.00000000e+00]
 [0.00000000e+00 2.29575213e+00 0.00000000e+00 0.00000000e+00
  0.00000000e+00 0.00000000e+00 0.00000000e+00 0.00000000e+00
  1.05882376e+01 0.00000000e+00 0.00000000e+00 0.00000000e+00
  0.00000000e+00 0.00000000e+00 0.00000000e+00 0.00000000e+00]
 [0.00000000e+00 0.00000000e+00 0.00000000e+00 0.00000000e+00
  0.00000000e+00 0.00000000e+00 0.00000000e+00 0.00000000e+00
  0.00000000e+00 0.00000000e+00 0.00000000e+00 0.00000000e+00
  0.00000000e+00 0.00000000e+00 0.00000000e+00 0.00000000e+00]
 [0.00000000e+00 0.00000000e+00 1.48830585e+01 4.39286255e+00
  0.00000000e+00 6.38391450e-01 0.00000000e+00 0.00000000e+00
  0.00000000e+00 0.00000000e+00 0.00000000e+00 0.00000000e+00
  0.00000000e+00 0.00000000e+00 0.00000000e+00 0.00000000e+00]
 [5.52490047e+00 0.00000000e+00 0.00000000e+00 0.00000000e+00
  4.24663934e+00 1.46843736e-01 0.00000000e+00 0.00000000e+00
  0.00000000e+00 0.00000000e+00 0.00000000e+00 0.00000000e+00
  0.00000000e+00 0.00000000e+00 0.00000000e+00 0.00000000e+00]
 [0.00000000e+00 0.00000000e+00 0.00000000e+00 0.00000000e+00
  0.00000000e+00 0.00000000e+00 0.00000000e+00 0.00000000e+00
  0.00000000e+00 0.00000000e+00 0.00000000e+00 7.41508068e+00
  0.00000000e+00 0.00000000e+00 0.00000000e+00 0.00000000e+00]
 [0.00000000e+00 0.00000000e+00 0.00000000e+00 0.00000000e+00
  0.00000000e+00 3.49519281e-01 0.00000000e+00 0.00000000e+00
  0.00000000e+00 0.00000000e+00 0.00000000e+00 0.00000000e+00
  0.00000000e+00 0.00000000e+00 0.00000000e+00 0.00000000e+00]
 [0.00000000e+00 0.00000000e+00 0.00000000e+00 0.00000000e+00
  1.43974440e+01 0.00000000e+00 0.00000000e+00 0.00000000e+00
  1.45533695e+02 0.00000000e+00 0.00000000e+00 0.00000000e+00
  0.00000000e+00 0.00000000e+00 9.57680060e+00 0.00000000e+00]
 [0.00000000e+00 0.00000000e+00 0.00000000e+00 0.00000000e+00
  0.00000000e+00 0.00000000e+00 0.00000000e+00 0.00000000e+00
  0.00000000e+00 0.00000000e+00 0.00000000e+00 0.00000000e+00
  0.00000000e+00 0.00000000e+00 0.00000000e+00 0.00000000e+00]
 [1.55388635e+02 1.08574871e+00 0.00000000e+00 0.00000000e+00
  0.00000000e+00 0.00000000e+00 0.00000000e+00 0.00000000e+00
  0.00000000e+00 0.00000000e+00 0.00000000e+00 0.00000000e+00
  0.00000000e+00 0.00000000e+00 0.00000000e+00 0.00000000e+00]
 [1.65264819e+01 0.00000000e+00 2.12567357e+01 0.00000000e+00
  0.00000000e+00 0.00000000e+00 0.00000000e+00 0.00000000e+00
  0.00000000e+00 0.00000000e+00 0.00000000e+00 0.00000000e+00
  0.00000000e+00 0.00000000e+00 0.00000000e+00 0.00000000e+00]
 [0.00000000e+00 0.00000000e+00 0.00000000e+00 0.00000000e+00
  7.59761226e-02 0.00000000e+00 0.00000000e+00 0.00000000e+00
  0.00000000e+00 2.99433741e+00 0.00000000e+00 0.00000000e+00
  0.00000000e+00 0.00000000e+00 0.00000000e+00 0.00000000e+00]
 [0.00000000e+00 0.00000000e+00 0.00000000e+00 0.00000000e+00
  0.00000000e+00 0.00000000e+00 0.00000000e+00 8.53235267e-01
  0.00000000e+00 0.00000000e+00 0.00000000e+00 0.00000000e+00
  0.00000000e+00 0.00000000e+00 0.00000000e+00 0.00000000e+00]
 [0.00000000e+00 2.74979207e+01 7.57286909e+00 0.00000000e+00
  0.00000000e+00 4.99117544e-01 0.00000000e+00 0.00000000e+00
  0.00000000e+00 0.00000000e+00 0.00000000e+00 0.00000000e+00
  0.00000000e+00 0.00000000e+00 0.00000000e+00 0.00000000e+00]
 [0.00000000e+00 0.00000000e+00 0.00000000e+00 0.00000000e+00
  0.00000000e+00 0.00000000e+00 0.00000000e+00 0.00000000e+00
  0.00000000e+00 0.00000000e+00 0.00000000e+00 7.88201802e-01
  0.00000000e+00 0.00000000e+00 0.00000000e+00 0.00000000e+00]]
ls_fading_coeffs:  [[-117.86714842 -123.69115596 -128.15840009 -133.39812917 -131.23665685
  -105.42723408 -131.88279367 -138.4973704  -136.38574706 -137.27144233
  -135.96415731 -138.00639651 -139.00733986 -140.47952858 -138.70845078
  -143.20544398]
 [-133.42116897 -107.96967222 -135.47125218 -138.14028497 -128.30947556
  -130.17538292 -131.96435536 -133.60524038  -93.77656837 -122.05218395
  -129.50051355 -131.95341042 -106.36066986 -120.94418105 -132.62622585
  -134.52962966]
 [-133.49074801 -132.42952027 -129.73081635 -128.94382729 -130.95332901
  -127.42884209 -120.64559292 -119.28630174 -129.54896927 -122.68683915
  -114.00745592 -106.2711369  -131.54435257 -128.22164183 -126.09433987
  -122.01365605]
 [-132.164879   -129.18094878  -97.22587947  -95.699943   -130.70834931
  -100.41705128 -118.11508808 -107.72086992 -131.40592359 -130.88923942
  -125.3861932  -125.26410735 -136.79860748 -136.64282405 -134.37103903
  -130.7677033 ]
 [ -99.65224727 -126.20786157 -129.36341081 -132.53437582  -81.62113496
   -96.5040142  -127.01920076 -131.21785883 -119.1895395  -124.19626338
  -129.76554986 -133.19529743 -135.09217826 -129.00942326 -133.92436651
  -133.79330288]
 [-134.75785913 -137.68281981 -133.76042532 -133.71336323 -134.01072088
  -131.04007963 -127.48849146 -125.85510638 -133.23467999 -124.58639022
  -113.75417508  -91.22724166 -132.18685951 -123.13216245 -117.88481089
  -114.72996456]
 [-138.30320836 -135.80812395 -135.95056678 -132.76156415 -132.95866591
  -104.06527678 -128.54563316 -128.85577722 -128.637269   -122.70113315
  -112.47352578 -109.03525171 -133.30876954 -127.86144977 -119.34233627
  -119.93310705]
 [-128.73411912 -128.03942702 -134.49178711 -133.45989683  -95.65812654
  -126.09848573 -127.76831418 -133.83364123  -88.12784785 -119.46896216
  -126.78773414 -129.78987936 -125.01236411 -130.11558945 -103.19964063
  -132.82440717]
 [-137.51539167 -140.73585693 -142.67622678 -147.23739823 -132.41748506
  -133.82475235 -138.73530788 -137.45438791 -128.35100779 -131.21123011
  -132.37472842 -136.54720885 -114.59268595 -123.36477947 -128.82447078
  -137.77968468]
 [ -75.15590535  -95.32226151 -125.35170967 -133.08022161 -123.44482098
  -124.74112519 -128.10840479 -133.01682971 -132.92261277 -132.6592428
  -134.7357371  -140.82579055 -134.7992052  -135.00169206 -137.85543751
  -137.31351562]
 [ -89.90471133 -112.61713213 -100.56386798 -132.00155026 -124.90582987
  -126.22533245 -127.69700888 -131.67041592 -132.30492601 -131.92108671
  -133.03089402 -139.66860185 -137.3791913  -137.8644656  -139.41103465
  -138.6608398 ]
 [-129.13854004 -128.60995028 -128.73211479 -130.81183979  -95.01334049
  -114.21986684 -122.46362856 -128.0249689  -116.73974263  -91.26800792
  -119.49842761 -130.18384155 -127.69264277 -127.62450126 -127.34945349
  -130.43512462]
 [-138.02750545 -140.64611052 -138.60565719 -135.7221298  -135.06361463
  -134.27406258 -131.97159024 -107.28152009 -132.1404997  -131.33293666
  -125.56633543 -124.69986573 -132.50694525 -124.89398356 -119.60271442
  -105.37106342]
 [-118.57111644  -89.09768551  -96.23305081 -129.17627495 -118.91157021
   -95.25986169 -124.35335644 -128.3351085  -127.52529585 -129.21611696
  -131.62038336 -132.89652404 -133.58552449 -134.48652219 -136.35778544
  -137.62017744]
 [-135.86611861 -132.31218834 -137.6931715  -132.15969101 -133.04177427
  -130.9587922  -122.82709189 -118.18180483 -132.71096471 -125.72827931
  -119.44673546  -81.73168768 -133.15463107 -132.86564831 -124.814654
  -124.37288101]]
dh_bs:  17.0
dh_ut:  0.5
fc usando em Hz:  7750000000.0
distance break point:  878.3333333333333
fc usado em GHz:  7.75
Coeficientes K: 
[[0.00000000e+00 0.00000000e+00 0.00000000e+00 0.00000000e+00
  2.38639262e+01 4.77158535e+00 0.00000000e+00 0.00000000e+00
  0.00000000e+00 0.00000000e+00 0.00000000e+00 0.00000000e+00
  0.00000000e+00 0.00000000e+00 0.00000000e+00 0.00000000e+00]
 [0.00000000e+00 0.00000000e+00 0.00000000e+00 0.00000000e+00
  0.00000000e+00 0.00000000e+00 0.00000000e+00 0.00000000e+00
  0.00000000e+00 0.00000000e+00 5.21850185e+01 0.00000000e+00
  0.00000000e+00 0.00000000e+00 4.02167226e+00 9.65807205e+00]
 [0.00000000e+00 0.00000000e+00 0.00000000e+00 0.00000000e+00
  0.00000000e+00 1.60505140e+02 0.00000000e+00 0.00000000e+00
  0.00000000e+00 0.00000000e+00 0.00000000e+00 0.00000000e+00
  0.00000000e+00 9.98044711e-01 5.34520388e+00 0.00000000e+00]
 [0.00000000e+00 0.00000000e+00 0.00000000e+00 0.00000000e+00
  0.00000000e+00 0.00000000e+00 0.00000000e+00 0.00000000e+00
  0.00000000e+00 0.00000000e+00 0.00000000e+00 0.00000000e+00
  0.00000000e+00 1.47973349e+03 8.20361629e-01 0.00000000e+00]
 [0.00000000e+00 0.00000000e+00 0.00000000e+00 5.43315932e-01
  0.00000000e+00 0.00000000e+00 5.70819814e-01 0.00000000e+00
  0.00000000e+00 0.00000000e+00 0.00000000e+00 4.82835393e+01
  0.00000000e+00 0.00000000e+00 0.00000000e+00 0.00000000e+00]
 [0.00000000e+00 0.00000000e+00 0.00000000e+00 0.00000000e+00
  0.00000000e+00 0.00000000e+00 0.00000000e+00 2.42757900e-01
  5.71162881e+01 0.00000000e+00 0.00000000e+00 0.00000000e+00
  0.00000000e+00 0.00000000e+00 0.00000000e+00 3.67647834e-01]
 [0.00000000e+00 0.00000000e+00 0.00000000e+00 0.00000000e+00
  0.00000000e+00 3.02415564e-01 1.45047824e+01 0.00000000e+00
  0.00000000e+00 0.00000000e+00 3.50964072e-01 0.00000000e+00
  0.00000000e+00 0.00000000e+00 0.00000000e+00 0.00000000e+00]
 [4.01868464e+01 5.85825778e+00 0.00000000e+00 0.00000000e+00
  0.00000000e+00 0.00000000e+00 0.00000000e+00 0.00000000e+00
  0.00000000e+00 0.00000000e+00 0.00000000e+00 0.00000000e+00
  0.00000000e+00 0.00000000e+00 0.00000000e+00 0.00000000e+00]
 [0.00000000e+00 0.00000000e+00 0.00000000e+00 0.00000000e+00
  0.00000000e+00 0.00000000e+00 0.00000000e+00 0.00000000e+00
  0.00000000e+00 0.00000000e+00 0.00000000e+00 0.00000000e+00
  0.00000000e+00 0.00000000e+00 0.00000000e+00 0.00000000e+00]
 [0.00000000e+00 0.00000000e+00 0.00000000e+00 0.00000000e+00
  0.00000000e+00 0.00000000e+00 0.00000000e+00 0.00000000e+00
  0.00000000e+00 0.00000000e+00 0.00000000e+00 0.00000000e+00
  0.00000000e+00 0.00000000e+00 2.96050355e+00 0.00000000e+00]
 [9.16974874e+01 0.00000000e+00 0.00000000e+00 0.00000000e+00
  5.05210241e+01 0.00000000e+00 0.00000000e+00 0.00000000e+00
  8.44018787e-01 0.00000000e+00 0.00000000e+00 0.00000000e+00
  0.00000000e+00 0.00000000e+00 0.00000000e+00 0.00000000e+00]
 [0.00000000e+00 0.00000000e+00 2.17708182e+00 0.00000000e+00
  0.00000000e+00 0.00000000e+00 0.00000000e+00 0.00000000e+00
  0.00000000e+00 0.00000000e+00 0.00000000e+00 0.00000000e+00
  0.00000000e+00 0.00000000e+00 0.00000000e+00 0.00000000e+00]
 [0.00000000e+00 0.00000000e+00 0.00000000e+00 0.00000000e+00
  0.00000000e+00 3.28035683e+00 0.00000000e+00 0.00000000e+00
  0.00000000e+00 3.70437060e+01 0.00000000e+00 0.00000000e+00
  0.00000000e+00 0.00000000e+00 0.00000000e+00 0.00000000e+00]
 [0.00000000e+00 2.12618476e+00 0.00000000e+00 0.00000000e+00
  0.00000000e+00 1.58131465e+01 5.40610657e+00 0.00000000e+00
  4.09951442e-01 0.00000000e+00 0.00000000e+00 0.00000000e+00
  0.00000000e+00 0.00000000e+00 0.00000000e+00 0.00000000e+00]
 [0.00000000e+00 0.00000000e+00 0.00000000e+00 0.00000000e+00
  0.00000000e+00 0.00000000e+00 9.38283245e+01 0.00000000e+00
  0.00000000e+00 0.00000000e+00 0.00000000e+00 0.00000000e+00
  0.00000000e+00 0.00000000e+00 0.00000000e+00 0.00000000e+00]]
ls_fading_coeffs:  [[-128.1736859  -121.70305607 -123.2391646  -134.26085916  -93.80101074
   -71.21764724 -117.59577823 -128.50884598 -123.9570641  -121.92206375
  -124.31864492 -128.55468534 -133.80064725 -131.34983907 -132.23579577
  -132.16719214]
 [-138.90151369 -138.08369169 -136.34559209 -136.99521703 -135.14189577
  -132.08101122 -133.45917352 -133.35440666 -131.18233901 -130.97215589
   -99.12258273 -120.03350312 -130.8656583  -124.79129393  -93.80925537
   -74.16248126]
 [-135.15187371 -134.18198042 -134.27171381 -134.5965076  -127.06614198
  -103.32898934 -128.25412716 -131.89477894 -122.42356336 -112.46573878
  -118.59750856 -128.67854449 -125.50402008  -94.51154175  -97.79403649
  -127.85670629]
 [-139.75629207 -142.60723244 -142.25993192 -140.45546203 -141.63862974
  -131.76010678 -131.82499419 -132.51864859 -128.90111048 -125.08261125
  -127.47723636 -132.65652513 -123.9925128   -95.29878415  -89.9840915
  -121.05721656]
 [-132.14843069 -124.67593848 -118.65737839  -73.18658454 -136.13512799
  -127.63909371  -98.49252089 -120.20205302 -135.04084167 -131.3388126
  -129.41175069 -104.80808322 -137.2100009  -138.53098737 -135.39986833
  -140.9639743 ]
 [-138.53101265 -136.21448452 -135.10505541 -135.06054552 -135.17214427
  -132.10073112 -129.55787287 -103.86388583 -109.27900716 -130.25199723
  -126.07821841 -121.39229881 -132.86978253 -133.50308378 -126.42422225
   -94.12903212]
 [-129.86619733 -122.26562323 -126.63313906 -128.3759404  -117.63096356
   -82.33763717  -94.89665421 -127.48021528 -122.3865161  -117.49156095
  -105.29698348 -129.40790084 -133.84999916 -128.99772141 -129.32747842
  -132.09751847]
 [ -92.06605432  -93.73883605 -122.54451804 -128.21384554 -114.49263544
  -115.83423373 -122.68127811 -131.78578572 -130.33813945 -127.93358708
  -129.50381687 -132.36336479 -132.63978895 -132.50625339 -136.5077469
  -139.80597479]
 [-141.84159698 -139.57573061 -142.46393138 -138.20099329 -135.63961448
  -133.53534098 -136.1775363  -137.55547859 -131.64479027 -131.31682273
  -130.28862287 -133.72080612 -125.78060771 -121.02048055 -120.7310331
  -126.33888114]
 [-141.51354194 -140.43058691 -135.66401813 -135.66198653 -133.88816743
  -131.59328653 -129.8262552  -135.01926954 -128.74719868 -124.30384976
  -121.60546841 -123.5103325  -126.15382407 -119.59808499  -82.1930296
  -115.07555865]
 [-106.44098458 -134.45056839 -135.30923914 -137.64765555  -97.89964151
  -120.77915259 -127.06488314 -131.55762812  -89.25120942 -116.16800258
  -126.44666688 -132.88779315 -128.66388051 -122.99918246 -126.56220776
  -129.9835288 ]
 [-133.51568258 -130.11460925 -104.55338059 -131.06139601 -126.96850335
  -125.43234398 -121.25144668 -121.63223509 -127.84964874 -118.39269437
   -96.0698213  -117.95643468 -129.37639676 -127.51320808 -123.6297437
  -126.03613686]
 [-125.48291032 -124.06731223 -126.30266257 -130.11591705 -120.32368148
   -79.57525086 -120.40978887 -126.98631985 -124.00094903  -96.96256555
  -122.90280653 -127.39579557 -129.09075804 -129.46033694 -129.62631047
  -134.70701757]
 [-130.37565864 -102.25889496 -129.88588533 -133.83694273 -118.44504198
   -93.78418755  -98.71082094 -128.13969341  -96.65704858 -115.89348354
  -122.37642484 -125.72730069 -126.5132646  -127.8397393  -131.24601192
  -130.75147749]
 [-127.12934419 -121.48290918 -109.38798025 -111.5816951  -128.0620546
  -124.85921708  -96.68190828 -121.46604978 -132.9143109  -129.69676391
  -128.56713294 -129.14251642 -137.80539388 -138.43050706 -138.23978869
  -135.29517808]]
dh_bs:  17.0
dh_ut:  0.5
fc usando em Hz:  7750000000.0
distance break point:  878.3333333333333
fc usado em GHz:  7.75
Coeficientes K: 
[[ 0.          0.          0.          0.          0.          0.17575101
   0.09690655 27.40103226  0.          0.          0.          0.
   0.          0.          0.          0.        ]
 [ 0.          0.          0.         76.23692066  0.          0.
   0.          0.          0.          0.          0.          0.
   0.          0.          0.          0.        ]
 [ 0.          0.          0.          0.          0.          0.
   0.          0.          6.07872073  2.04815771  0.4052645   0.
   0.          0.          0.          0.        ]
 [ 0.          0.          0.          0.          1.42206166  0.
   0.          0.          0.          0.          1.5735066   0.
   0.          0.          0.          0.        ]
 [ 0.          0.          0.          0.          0.          0.
   0.          1.96642362  0.          0.          0.          0.
   0.          0.          1.6257865   0.        ]
 [ 0.          0.          0.          0.          0.          0.
   0.         19.39640117  0.          0.          0.          6.79218027
   0.          0.          0.19007123  0.        ]
 [ 0.          0.          0.          0.          0.          0.
   0.          0.          0.          0.          0.          0.
   0.          0.          0.29576663  5.44134803]
 [ 0.75034322  0.          0.          0.          0.          3.95923766
   0.          0.         13.18170594  0.          0.         24.41377237
   0.          0.          0.          0.        ]
 [ 0.          0.          0.          0.          0.          0.
   0.          0.          0.          0.          0.          0.
   0.          0.          0.          0.        ]
 [ 0.          0.          0.          0.          0.          0.
   0.          0.          0.          0.          0.          0.
   0.          0.          0.          0.        ]
 [ 0.          0.          0.          0.          0.          0.
   0.          0.          0.         10.50914066  0.          0.
   0.          0.          0.          0.        ]
 [ 0.          0.          0.          0.          0.          0.36390353
   0.         13.51371719  0.          9.49898976  0.          0.
   0.          0.          0.          0.        ]
 [ 0.          0.          0.          0.85989931  0.          0.
   0.          0.          0.          0.          0.6717408   0.
   0.          0.          0.          0.        ]
 [ 0.          0.          0.          0.          0.          0.
   0.          0.          0.          1.3225906   0.          0.
   0.          0.          0.          0.        ]
 [ 0.          0.          0.          0.          0.          0.
   0.          0.          0.          0.          0.          0.
   0.         31.30704265  0.          0.        ]]
ls_fading_coeffs:  [[-133.58045191 -129.11337123 -128.3685461  -129.7721949  -133.16506824
  -101.94976798  -95.24856989  -88.76555724 -131.69143032 -128.22184867
  -124.30706341 -117.36931057 -137.77856923 -130.29230318 -128.3763259
  -127.31316683]
 [-140.25341018 -129.74435227 -123.75636419  -94.31366664 -135.45317604
  -131.79328632 -131.84825925 -128.68518174 -136.60949882 -136.48877438
  -133.90320154 -136.75591651 -142.91177451 -139.10748155 -139.98531481
  -137.99399464]
 [-132.16334311 -130.39934895 -130.98907776 -136.53164202 -126.281816
  -123.66258286 -126.70678287 -129.80442075  -93.36975295  -81.56876834
   -95.19707228 -125.37954503 -124.0798433  -121.97838897 -123.11392594
  -127.97198707]
 [-125.94004724 -119.4060443  -114.47035342 -120.35058809 -101.73824641
  -116.88502757 -110.75978371 -119.02324877 -131.21918245 -127.00562222
  -102.47868268 -128.02327757 -134.64038877 -133.96860809 -131.84534245
  -136.8222435 ]
 [-131.17347402 -130.37038695 -125.49837631 -125.20627557 -130.67754019
  -122.43980032 -118.16631006  -89.95918288 -129.13466371 -126.72005408
  -116.2410909  -118.74077165 -136.95281482 -131.468288   -103.05483174
  -130.06789281]
 [-134.1618683  -133.73322097 -129.38508471 -130.75929842 -129.9609165
  -126.65378235 -122.67072278  -99.39746307 -126.85012611 -117.89308562
   -96.25573925  -92.48591009 -128.67070911 -124.15867839  -99.16115259
  -126.12425403]
 [-138.32430224 -137.19627251 -135.59733316 -141.51636687 -134.9284693
  -132.3561475  -136.2404285  -131.66632476 -130.32506821 -129.71575635
  -125.75158111 -124.06796867 -128.25983896 -122.82758581  -89.43911177
   -91.04834291]
 [-103.36761641 -131.35020545 -131.81502506 -134.09446478 -117.04964386
   -98.59870771 -127.23884202 -132.35521855  -83.97611319 -119.58222894
  -125.73259134 -106.28204035 -125.95585291 -126.52619077 -129.10226719
  -137.93449099]
 [-138.73962144 -135.21113906 -138.7356374  -140.07555375 -129.28344234
  -127.59140201 -130.92790282 -136.80712046 -115.22023008 -121.51897164
  -128.46400954 -131.51982782 -110.16442531 -118.9842306  -125.45479205
  -132.28608152]
 [-143.56599637 -141.04273794 -138.49192983 -138.6883491  -137.66939758
  -135.77494701 -135.89931899 -137.37767658 -134.78234944 -133.51621965
  -129.51277833 -130.48225233 -132.79630915 -127.34066803 -124.61050245
  -118.9676435 ]
 [-137.39939015 -133.21020681 -134.41654544 -136.21149894 -127.26769603
  -125.71983909 -129.51122608 -134.21171444 -120.70344235  -94.06080922
  -125.12286426 -128.28298874 -119.23994028 -111.49929876 -122.70820223
  -127.77343257]
 [-130.97339883 -128.05295348 -126.26582225 -127.06234588 -131.95363341
   -98.97642358 -113.44968367  -91.44325832 -130.41236453 -103.0395897
  -118.13727905 -117.27307661 -131.7459716  -129.68534137 -126.70316354
  -126.27012113]
 [-130.5842839  -126.31020614 -119.35076803  -78.91748634 -133.69854722
  -130.33643926 -127.34985241 -123.61026314 -136.48526598 -133.87312663
  -104.30268901 -129.21008515 -139.99311038 -138.30680003 -139.68660214
  -134.89973134]
 [-132.278074   -125.02299726 -127.17130443 -129.60445556 -118.5894024
  -108.81801017 -120.69506901 -125.81336682 -122.0492946   -94.2873944
  -120.96712004 -126.88528602 -129.73290016 -128.14388051 -128.47997167
  -134.26381184]
 [-136.61637923 -140.47677272 -138.76316864 -138.01114565 -131.78393114
  -132.04464159 -134.31251089 -138.98581837 -126.21643129 -126.30987814
  -129.70313137 -133.27803934 -105.38265151  -96.12675674 -126.07253526
  -136.79785897]]
dh_bs:  17.0
dh_ut:  0.5
fc usando em Hz:  7750000000.0
distance break point:  878.3333333333333
fc usado em GHz:  7.75
Coeficientes K: 
[[ 0.          0.          0.          0.          0.          0.
   0.45415748  2.39869895  0.          0.          0.          0.
   0.          0.          0.          0.        ]
 [ 0.          0.          0.          0.          0.          0.
   0.          0.          0.          0.          0.          0.
   0.          0.          0.          0.        ]
 [ 0.          0.          0.          0.          0.          0.
   0.          0.          0.          0.          0.          0.
   0.          0.          1.02903073  0.        ]
 [ 0.          0.          0.          0.          0.          0.
   0.          0.          0.          0.          0.          0.
   0.         37.02924559  0.          7.44969529]
 [ 0.          0.          0.          0.          0.          0.
   0.          0.          0.          0.21069379  0.          0.
   0.          0.          0.          0.        ]
 [ 0.          0.          2.68599876  7.01493972  0.          0.
   0.          0.          0.          0.          0.          0.
   0.          0.          0.          0.        ]
 [ 0.          0.          0.          0.          0.          0.
   0.          0.          0.          0.          0.          0.
   0.          0.          0.          0.        ]
 [ 0.          0.          0.          2.25433202  0.          0.
   0.          0.          0.          0.          0.          0.
   0.          0.          0.          0.        ]
 [ 0.          0.          0.          0.          0.          0.
   0.          0.          0.          0.          0.          0.
   0.          0.06784253  0.          0.        ]
 [ 0.          0.          0.          1.47741454  0.          0.
   0.          0.          0.          0.          0.          0.
   0.          0.          0.          0.        ]
 [ 0.          0.          0.          0.          0.          0.27725508
   2.43481093  0.          0.          0.          0.          0.
   0.          0.          0.          0.        ]
 [ 0.          0.          0.         12.49093442  0.          1.23044201
  13.94730424  0.          0.          0.          5.57962601  0.
   0.          0.          0.          0.        ]
 [ 0.          0.          0.          0.          0.          0.
   0.          0.          0.          0.          0.          0.
   0.          0.          0.          0.        ]
 [ 0.          0.          0.          1.77784555  0.          0.
   0.          0.3254956   0.          0.          0.          0.
   0.          0.          0.          0.        ]
 [ 0.          0.         26.22471721  0.          0.          1.28044713
   0.         19.95921892  0.          0.          0.          0.
   0.          0.          0.          0.        ]]
ls_fading_coeffs:  [[-126.14894665 -122.86278078 -119.92884973 -125.40362286 -129.5875753
  -115.51906273  -80.25514562  -97.90706365 -128.60247674 -126.37164022
  -122.20451341 -125.79830141 -132.97211129 -135.39589188 -134.41476668
  -137.17443178]
 [-124.1337757  -120.26195453 -124.28192892 -126.53993172 -128.94224059
  -128.06981183 -128.42856518 -133.35070326 -135.41839937 -136.44011648
  -136.54149469 -134.73546318 -137.91881724 -139.1498675  -138.80127359
  -138.39398209]
 [-140.01808903 -139.89161794 -139.8169575  -137.81991843 -137.95905453
  -135.09927275 -133.7936372  -134.17521152 -137.46874207 -132.99634155
  -131.56201533 -129.87125026 -135.29082118 -129.95673848 -100.74766784
  -118.13781489]
 [-137.40599251 -138.52001458 -138.90079603 -139.64885645 -133.12041887
  -135.94516471 -136.28133068 -135.27256212 -129.51624677 -126.86283645
  -130.92813019 -131.46683312 -125.76055929  -94.70412716 -121.61219009
  -102.39648502]
 [-133.54134163 -136.19817097 -134.4390997  -136.81305978 -130.04951164
  -127.44147307 -131.29428188 -131.69531698 -115.51285271  -94.02037098
  -124.18704037 -129.54522853 -114.06512616 -115.68961276 -127.09911304
  -131.77955492]
 [-128.639623   -125.94653356  -90.3359058   -95.19468441 -133.31524845
  -127.54905352 -124.03885912 -125.66514584 -136.23525266 -134.08290899
  -132.80951306 -135.28895646 -137.22782675 -137.70317355 -136.22774893
  -137.25345645]
 [-110.39764614 -119.07484483 -127.41465804 -133.39037504 -115.98096853
  -119.03006006 -125.6110843  -132.70844963 -127.24782866 -131.00501278
  -130.73266882 -135.02940508 -132.33747646 -133.29171662 -140.00274063
  -135.94237337]
 [-132.02617289 -126.22107803 -119.03330857  -86.90360156 -132.76318694
  -129.28034281 -123.2120368  -117.03352222 -140.23278592 -132.99919852
  -132.08254323 -132.42764737 -137.2453719  -137.0633705  -137.56858887
  -134.45891427]
 [-126.18168194 -119.14568133 -117.40388155 -127.17192029 -123.94380577
  -113.48912675 -109.39072818 -121.63904812 -129.13983447 -124.93749465
  -123.22065917 -125.98352712 -133.98414396 -107.7426365  -130.85969661
  -131.64341939]
 [-133.02115246 -126.68313646 -119.66921508  -87.20444185 -131.92008456
  -128.18452162 -122.80096351 -116.80858377 -136.16037498 -132.93767333
  -129.66892538 -130.28039218 -142.22670044 -137.58131028 -135.17613473
  -135.14249068]
 [-133.74764012 -127.45646881 -124.12376061 -125.27881021 -130.53349745
   -96.82343938  -88.01962003 -117.73745305 -127.94800672 -122.38583075
  -115.25403837 -119.05637989 -132.31349784 -128.87126229 -129.76377681
  -127.67803713]
 [-124.91821284 -117.81927664 -119.11033933 -102.08952909 -123.17851221
   -92.00072848  -90.98278995 -121.07277741 -132.51426123 -123.9840954
  -100.42201499 -127.51548611 -136.67750637 -132.94144644 -132.49389286
  -134.31558998]
 [-138.35558826 -137.92233293 -139.40889119 -139.96041394 -135.90158369
  -134.43434222 -134.53112964 -132.67169126 -134.50079943 -132.40553428
  -129.03274547 -125.60145743 -135.21500593 -136.60976693 -125.89902764
  -113.6566269 ]
 [-130.25808841 -126.71451113 -118.09007494  -78.68504769 -135.09591921
  -127.38142386 -122.46561754  -96.32457232 -135.63660632 -136.18694378
  -131.50666575 -128.51298229 -139.15368185 -136.79851778 -139.16419705
  -136.98526596]
 [-126.94504179 -118.3218953   -98.20132235 -126.19428152 -122.152251
   -90.06051013 -110.6898841   -98.19736989 -126.2740261  -125.00048167
  -123.03784694 -126.26918043 -133.85179702 -133.59413026 -135.26479909
  -132.27926873]]
dh_bs:  17.0
dh_ut:  0.5
fc usando em Hz:  7750000000.0
distance break point:  878.3333333333333
fc usado em GHz:  7.75
Coeficientes K: 
[[0.00000000e+00 0.00000000e+00 0.00000000e+00 0.00000000e+00
  3.83866595e+01 0.00000000e+00 0.00000000e+00 0.00000000e+00
  0.00000000e+00 0.00000000e+00 0.00000000e+00 0.00000000e+00
  0.00000000e+00 0.00000000e+00 0.00000000e+00 6.84161218e+01]
 [0.00000000e+00 0.00000000e+00 0.00000000e+00 0.00000000e+00
  0.00000000e+00 0.00000000e+00 0.00000000e+00 0.00000000e+00
  0.00000000e+00 0.00000000e+00 0.00000000e+00 0.00000000e+00
  0.00000000e+00 0.00000000e+00 0.00000000e+00 0.00000000e+00]
 [1.62265332e+00 0.00000000e+00 0.00000000e+00 0.00000000e+00
  3.00070153e+00 0.00000000e+00 0.00000000e+00 0.00000000e+00
  0.00000000e+00 0.00000000e+00 0.00000000e+00 0.00000000e+00
  0.00000000e+00 0.00000000e+00 0.00000000e+00 0.00000000e+00]
 [0.00000000e+00 0.00000000e+00 0.00000000e+00 6.30760519e-01
  1.79849107e+01 0.00000000e+00 0.00000000e+00 0.00000000e+00
  0.00000000e+00 0.00000000e+00 0.00000000e+00 0.00000000e+00
  0.00000000e+00 0.00000000e+00 0.00000000e+00 0.00000000e+00]
 [0.00000000e+00 0.00000000e+00 0.00000000e+00 0.00000000e+00
  0.00000000e+00 0.00000000e+00 0.00000000e+00 0.00000000e+00
  0.00000000e+00 0.00000000e+00 1.42309705e-01 0.00000000e+00
  0.00000000e+00 0.00000000e+00 0.00000000e+00 0.00000000e+00]
 [0.00000000e+00 0.00000000e+00 0.00000000e+00 0.00000000e+00
  0.00000000e+00 0.00000000e+00 0.00000000e+00 0.00000000e+00
  0.00000000e+00 0.00000000e+00 0.00000000e+00 0.00000000e+00
  0.00000000e+00 0.00000000e+00 0.00000000e+00 2.43463887e+01]
 [0.00000000e+00 0.00000000e+00 0.00000000e+00 0.00000000e+00
  0.00000000e+00 0.00000000e+00 0.00000000e+00 0.00000000e+00
  0.00000000e+00 0.00000000e+00 0.00000000e+00 0.00000000e+00
  0.00000000e+00 0.00000000e+00 0.00000000e+00 1.93081688e+00]
 [0.00000000e+00 0.00000000e+00 0.00000000e+00 0.00000000e+00
  0.00000000e+00 0.00000000e+00 0.00000000e+00 0.00000000e+00
  0.00000000e+00 0.00000000e+00 0.00000000e+00 0.00000000e+00
  0.00000000e+00 0.00000000e+00 8.04043188e+01 0.00000000e+00]
 [0.00000000e+00 0.00000000e+00 0.00000000e+00 0.00000000e+00
  0.00000000e+00 0.00000000e+00 1.07042319e+02 0.00000000e+00
  0.00000000e+00 0.00000000e+00 0.00000000e+00 0.00000000e+00
  1.80552710e+01 6.00629047e+00 0.00000000e+00 0.00000000e+00]
 [0.00000000e+00 0.00000000e+00 0.00000000e+00 0.00000000e+00
  0.00000000e+00 0.00000000e+00 0.00000000e+00 0.00000000e+00
  2.11628569e+00 0.00000000e+00 0.00000000e+00 0.00000000e+00
  0.00000000e+00 0.00000000e+00 0.00000000e+00 1.83846874e-01]
 [0.00000000e+00 0.00000000e+00 0.00000000e+00 0.00000000e+00
  6.13650590e+00 0.00000000e+00 0.00000000e+00 0.00000000e+00
  0.00000000e+00 0.00000000e+00 0.00000000e+00 0.00000000e+00
  0.00000000e+00 0.00000000e+00 0.00000000e+00 0.00000000e+00]
 [0.00000000e+00 0.00000000e+00 0.00000000e+00 0.00000000e+00
  0.00000000e+00 0.00000000e+00 0.00000000e+00 0.00000000e+00
  0.00000000e+00 0.00000000e+00 2.66708653e+01 0.00000000e+00
  0.00000000e+00 0.00000000e+00 1.99392746e-02 0.00000000e+00]
 [0.00000000e+00 0.00000000e+00 0.00000000e+00 0.00000000e+00
  0.00000000e+00 0.00000000e+00 0.00000000e+00 0.00000000e+00
  0.00000000e+00 0.00000000e+00 9.53773679e+00 0.00000000e+00
  0.00000000e+00 0.00000000e+00 0.00000000e+00 0.00000000e+00]
 [0.00000000e+00 0.00000000e+00 0.00000000e+00 0.00000000e+00
  0.00000000e+00 0.00000000e+00 0.00000000e+00 0.00000000e+00
  0.00000000e+00 0.00000000e+00 0.00000000e+00 0.00000000e+00
  0.00000000e+00 0.00000000e+00 0.00000000e+00 0.00000000e+00]
 [0.00000000e+00 0.00000000e+00 0.00000000e+00 0.00000000e+00
  0.00000000e+00 0.00000000e+00 0.00000000e+00 0.00000000e+00
  0.00000000e+00 0.00000000e+00 0.00000000e+00 0.00000000e+00
  2.41381894e+00 0.00000000e+00 0.00000000e+00 0.00000000e+00]]
ls_fading_coeffs:  [[-129.88552639 -133.76121261 -132.59078143 -137.15567674  -97.20746626
  -121.48867045 -126.9932819  -130.46698853 -101.13298381 -114.78623284
  -126.25384843 -131.68584161 -121.12310351 -124.93965605 -126.38543999
  -104.7080607 ]
 [-141.59352339 -137.27664107 -136.47562447 -135.10511036 -135.46990761
  -138.47726179 -134.15006419 -130.41466366 -136.13026486 -129.80308013
  -125.3742218  -122.30809318 -133.6597641  -130.07286166 -126.26075396
  -111.49084311]
 [ -81.15486789 -115.95640062 -126.50551552 -136.02557902  -99.3005161
  -123.73606444 -130.11054163 -133.37681887 -130.18341541 -133.26513347
  -135.69575099 -134.99692237 -134.98638793 -135.75581929 -138.89185027
  -138.58530256]
 [-130.57851944 -123.59922942 -113.11383337  -86.29047785 -106.96152939
  -125.58541714 -122.01282034 -117.72677403 -134.19160739 -133.73780496
  -128.97334693 -131.10181739 -142.25431544 -136.76218239 -135.29967718
  -137.60830955]
 [-140.06894497 -132.58639111 -131.74120873 -130.55613078 -129.99877435
  -130.23025693 -124.15978283 -123.67981485 -127.38359232 -120.11466649
   -91.30788398 -113.07667575 -132.07115458 -123.52193221 -121.22210163
  -121.61385775]
 [-138.35163858 -133.24002845 -132.78590222 -133.00682126 -137.58682428
  -131.7620704  -126.22238098 -128.56137077 -133.0316376  -123.79300877
  -113.50269316 -117.19497338 -129.21750865 -126.83419059 -112.51157622
   -94.33580053]
 [-129.29142515 -126.05277825 -117.37138656 -111.39912634 -132.42091924
  -127.48191475 -128.09311011 -124.907714   -136.89727646 -133.93922526
  -131.28143526 -131.18016466 -141.09967508 -141.00424062 -136.36662383
  -108.92043329]
 [-141.23500638 -136.64705809 -137.35051178 -140.58293446 -139.14873212
  -133.18148397 -133.76081964 -134.24373745 -134.71788451 -131.4992175
  -126.91217602 -129.13809498 -130.11219172 -120.12567087  -94.35699684
  -117.4144442 ]
 [-134.55712045 -136.55089147 -134.25237475 -134.61502973 -135.10062927
  -132.24369757 -103.5954907  -128.20464223 -127.10093773 -123.2411161
  -115.75331719 -122.19794925 -100.42325647  -96.86933867 -105.30268956
  -125.73458102]
 [-138.03765214 -138.50434923 -140.86927729 -136.06124404 -134.68626071
  -130.17052547 -132.39523937 -131.98202051 -103.05622338 -123.626524
  -121.93860951 -128.55092879 -122.8581493  -113.82094284 -104.47908007
   -97.56050586]
 [-121.62692645 -125.52348223 -128.16433246 -135.21670727  -82.90531352
  -118.19509125 -127.34111939 -131.17188878 -118.62333236 -124.79674392
  -129.49431124 -135.94459575 -130.55835332 -131.27172539 -135.00868315
  -134.26112735]
 [-131.99467987 -129.13120452 -128.813852   -133.88396969 -127.05912556
  -121.83297678 -119.88548543 -123.13267267 -125.2982563  -118.94351265
   -83.66200355 -119.9072718  -131.03413024 -128.55488524  -99.22188499
  -124.5396733 ]
 [-129.96217418 -121.1179397  -122.2040319  -124.37627724 -125.77863224
  -115.25425186 -100.45336394 -117.59907143 -129.03836809 -125.60821907
   -98.74717519 -126.51822502 -133.33313891 -131.16426027 -133.66878785
  -133.83224533]
 [-138.69452703 -137.23127819 -138.74244426 -144.74835681 -135.09582294
  -135.11484502 -143.78920054 -135.40211257 -128.76054325 -127.21818544
  -129.0508877  -134.24684256 -121.04798575 -117.76883904 -117.92261538
  -124.86815073]
 [-137.70910952 -135.70804566 -136.03535554 -137.7968398  -130.30125754
  -130.22789408 -132.71495143 -138.24186108 -118.62963961 -127.1645719
  -129.37384918 -133.17827562  -89.74475175 -122.61561961 -130.58975958
  -132.07410018]]
dh_bs:  17.0
dh_ut:  0.5
fc usando em Hz:  7750000000.0
distance break point:  878.3333333333333
fc usado em GHz:  7.75
Coeficientes K: 
[[0.00000000e+00 0.00000000e+00 0.00000000e+00 0.00000000e+00
  0.00000000e+00 1.57674496e+00 2.71974560e+00 0.00000000e+00
  0.00000000e+00 0.00000000e+00 0.00000000e+00 0.00000000e+00
  0.00000000e+00 0.00000000e+00 0.00000000e+00 0.00000000e+00]
 [2.36924217e+00 5.60853213e+00 0.00000000e+00 0.00000000e+00
  0.00000000e+00 0.00000000e+00 3.64879498e-01 0.00000000e+00
  0.00000000e+00 0.00000000e+00 0.00000000e+00 0.00000000e+00
  0.00000000e+00 0.00000000e+00 0.00000000e+00 0.00000000e+00]
 [0.00000000e+00 7.27702551e-01 7.25503557e-01 0.00000000e+00
  0.00000000e+00 8.40283844e+01 0.00000000e+00 0.00000000e+00
  1.14992465e+00 0.00000000e+00 0.00000000e+00 1.94335808e+01
  0.00000000e+00 0.00000000e+00 0.00000000e+00 0.00000000e+00]
 [6.57220271e+02 2.72085001e+00 0.00000000e+00 0.00000000e+00
  0.00000000e+00 3.96992786e-01 1.31771436e+02 0.00000000e+00
  0.00000000e+00 0.00000000e+00 0.00000000e+00 0.00000000e+00
  0.00000000e+00 0.00000000e+00 0.00000000e+00 0.00000000e+00]
 [0.00000000e+00 0.00000000e+00 0.00000000e+00 0.00000000e+00
  0.00000000e+00 0.00000000e+00 0.00000000e+00 0.00000000e+00
  0.00000000e+00 0.00000000e+00 0.00000000e+00 0.00000000e+00
  3.56317555e+03 7.09381873e+00 0.00000000e+00 0.00000000e+00]
 [0.00000000e+00 0.00000000e+00 0.00000000e+00 0.00000000e+00
  0.00000000e+00 4.14048011e+02 0.00000000e+00 0.00000000e+00
  0.00000000e+00 0.00000000e+00 1.08893194e+01 0.00000000e+00
  0.00000000e+00 0.00000000e+00 5.17671061e-01 0.00000000e+00]
 [0.00000000e+00 0.00000000e+00 0.00000000e+00 0.00000000e+00
  7.56950849e+00 1.36436227e+01 0.00000000e+00 0.00000000e+00
  0.00000000e+00 3.81857302e-01 0.00000000e+00 0.00000000e+00
  0.00000000e+00 1.39173226e+01 0.00000000e+00 0.00000000e+00]
 [0.00000000e+00 0.00000000e+00 0.00000000e+00 0.00000000e+00
  0.00000000e+00 0.00000000e+00 0.00000000e+00 0.00000000e+00
  0.00000000e+00 0.00000000e+00 3.16585855e+00 0.00000000e+00
  0.00000000e+00 0.00000000e+00 0.00000000e+00 0.00000000e+00]
 [0.00000000e+00 0.00000000e+00 0.00000000e+00 1.20478259e-01
  0.00000000e+00 0.00000000e+00 0.00000000e+00 0.00000000e+00
  0.00000000e+00 0.00000000e+00 0.00000000e+00 0.00000000e+00
  0.00000000e+00 0.00000000e+00 0.00000000e+00 0.00000000e+00]
 [0.00000000e+00 0.00000000e+00 0.00000000e+00 0.00000000e+00
  0.00000000e+00 0.00000000e+00 0.00000000e+00 0.00000000e+00
  0.00000000e+00 0.00000000e+00 0.00000000e+00 0.00000000e+00
  0.00000000e+00 0.00000000e+00 0.00000000e+00 0.00000000e+00]
 [0.00000000e+00 0.00000000e+00 0.00000000e+00 0.00000000e+00
  0.00000000e+00 0.00000000e+00 0.00000000e+00 0.00000000e+00
  0.00000000e+00 0.00000000e+00 5.36121100e+00 0.00000000e+00
  0.00000000e+00 0.00000000e+00 0.00000000e+00 0.00000000e+00]
 [0.00000000e+00 0.00000000e+00 0.00000000e+00 0.00000000e+00
  0.00000000e+00 0.00000000e+00 0.00000000e+00 5.26250184e-02
  0.00000000e+00 0.00000000e+00 0.00000000e+00 7.50057130e-01
  0.00000000e+00 0.00000000e+00 1.10858369e+00 0.00000000e+00]
 [0.00000000e+00 0.00000000e+00 0.00000000e+00 0.00000000e+00
  0.00000000e+00 0.00000000e+00 0.00000000e+00 0.00000000e+00
  0.00000000e+00 0.00000000e+00 0.00000000e+00 0.00000000e+00
  1.21039092e+00 5.14228489e-01 0.00000000e+00 0.00000000e+00]
 [0.00000000e+00 0.00000000e+00 0.00000000e+00 0.00000000e+00
  0.00000000e+00 1.75421470e-01 0.00000000e+00 0.00000000e+00
  0.00000000e+00 0.00000000e+00 0.00000000e+00 0.00000000e+00
  0.00000000e+00 0.00000000e+00 0.00000000e+00 0.00000000e+00]
 [0.00000000e+00 0.00000000e+00 0.00000000e+00 0.00000000e+00
  4.79090525e-01 0.00000000e+00 0.00000000e+00 0.00000000e+00
  0.00000000e+00 0.00000000e+00 3.43912390e+00 0.00000000e+00
  0.00000000e+00 0.00000000e+00 0.00000000e+00 0.00000000e+00]]
ls_fading_coeffs:  [[-129.44131503 -126.80426508 -119.70689762 -123.41659771 -127.20516755
   -95.66396316  -77.76685249 -113.89846256 -129.62083652 -124.72450295
  -122.3812241  -122.7515754  -135.70902003 -134.33592873 -130.85165231
  -133.87391885]
 [ -89.77920978  -89.63759862 -121.50567859 -133.14704865 -124.71078565
  -123.36141092 -103.15834576 -131.07065724 -134.1454821  -133.15700132
  -133.93369471 -134.76443958 -136.42088    -135.68736451 -137.87318183
  -140.47686263]
 [-121.36643135  -89.37028715  -91.64903223 -127.67373802 -123.36515072
   -95.2116325  -117.76864665 -129.72177026 -105.60932803 -127.14342692
  -129.29343752 -106.49449405 -140.50634273 -134.83856307 -135.2023303
  -134.99022332]
 [ -93.62071658  -76.40970975 -121.02642307 -125.92802143 -123.53850995
   -96.06343443  -98.55558383 -126.89071962 -129.7432234  -131.48622236
  -130.290919   -133.11938264 -137.4797128  -134.18613881 -136.3657735
  -135.74465041]
 [-138.17198076 -139.16370597 -140.34618939 -137.81335577 -136.15505333
  -136.19807553 -138.8313118  -136.50758431 -128.30904211 -126.12385096
  -128.7954695  -133.40980491  -91.73561665  -93.20338651 -125.02799095
  -133.36049765]
 [-133.20647759 -131.56845192 -130.47986344 -129.07119876 -129.5506222
   -98.93142739 -119.34181656 -127.09529964 -128.4074566  -118.92189321
   -79.0224205  -115.13756003 -135.50459127 -124.98573964  -98.39118948
  -127.57918887]
 [-121.66253979 -122.46284467 -126.3153085  -132.69228693  -94.95738607
   -77.64432407 -121.18932264 -126.46942234 -127.52325895  -98.84050577
  -126.49102432 -129.64975878 -133.32031857 -105.99339576 -131.23525345
  -134.75386063]
 [-132.90114807 -133.85388139 -130.8013996  -134.05885078 -127.27426599
  -127.23203831 -124.26062647 -127.30624306 -128.05960934 -115.31349279
   -88.52678719 -121.68581845 -125.84464016 -120.1827114  -118.78821505
  -124.34046563]
 [-131.81183361 -123.25998793 -114.96085687  -91.30480012 -131.71473955
  -131.51537435 -127.74416016 -127.55064679 -135.24839537 -136.8398287
  -132.1626937  -133.56661361 -140.1682197  -139.26139046 -138.3784007
  -141.26423514]
 [-143.28126106 -138.4564604  -141.95579754 -136.59856154 -137.04600487
  -139.02680387 -138.29883797 -132.9050675  -134.43557202 -132.33216932
  -130.41104921 -129.02795073 -136.09866183 -129.23706932 -122.7402875
  -117.15975528]
 [-117.66686076 -126.69636691 -130.51135231 -136.39199709 -129.916783
  -132.76368908 -133.86051255 -137.07474922 -132.42669319 -133.18196087
  -108.77280013 -142.86075719 -136.83040396 -137.43791107 -137.88868839
  -139.51438176]
 [-136.98670979 -134.8581936  -133.80648851 -132.18525839 -131.42493094
  -128.52168071 -124.97009526 -101.27214206 -132.75438785 -127.29680468
  -114.45770283  -90.10716749 -137.5527536  -129.01217396  -96.54486078
  -119.08578098]
 [-137.28958316 -135.42817151 -134.00782466 -137.61416279 -128.93895676
  -128.01852374 -129.15996939 -132.2081746  -118.86315532 -120.43854662
  -123.00594361 -133.1060862   -92.61632771  -89.7697537  -121.69634421
  -127.4138911 ]
 [-120.75343444 -114.36051033 -118.9902545  -126.77005552 -122.9027933
   -90.45624889 -116.25241485 -125.84867788 -129.42444329 -125.56329884
  -130.1016111  -130.47685165 -133.47179125 -136.41156895 -133.80209059
  -133.87946386]
 [-125.44191401 -128.28686999 -129.01282594 -131.27831858  -90.1028706
  -110.44533849 -123.09585578 -128.26199721 -117.70449399 -122.46252259
  -100.75513971 -132.1523553  -129.1193341  -128.60985604 -131.10025412
  -132.38764202]]
dh_bs:  17.0
dh_ut:  0.5
fc usando em Hz:  7750000000.0
distance break point:  878.3333333333333
fc usado em GHz:  7.75
Coeficientes K: 
[[0.00000000e+00 0.00000000e+00 0.00000000e+00 0.00000000e+00
  0.00000000e+00 0.00000000e+00 0.00000000e+00 0.00000000e+00
  0.00000000e+00 0.00000000e+00 0.00000000e+00 0.00000000e+00
  0.00000000e+00 0.00000000e+00 0.00000000e+00 1.93820621e+00]
 [0.00000000e+00 0.00000000e+00 0.00000000e+00 4.34374144e-01
  1.35714929e-01 0.00000000e+00 0.00000000e+00 0.00000000e+00
  0.00000000e+00 0.00000000e+00 6.74643142e+01 7.26002540e-01
  0.00000000e+00 0.00000000e+00 6.13576714e-01 0.00000000e+00]
 [0.00000000e+00 3.45418021e+01 0.00000000e+00 0.00000000e+00
  0.00000000e+00 1.29659519e+01 0.00000000e+00 0.00000000e+00
  0.00000000e+00 0.00000000e+00 8.11167155e+00 0.00000000e+00
  0.00000000e+00 0.00000000e+00 0.00000000e+00 0.00000000e+00]
 [0.00000000e+00 2.28907300e-01 0.00000000e+00 0.00000000e+00
  0.00000000e+00 0.00000000e+00 0.00000000e+00 0.00000000e+00
  0.00000000e+00 2.75379476e-01 0.00000000e+00 0.00000000e+00
  0.00000000e+00 0.00000000e+00 0.00000000e+00 0.00000000e+00]
 [0.00000000e+00 0.00000000e+00 0.00000000e+00 0.00000000e+00
  0.00000000e+00 0.00000000e+00 0.00000000e+00 0.00000000e+00
  0.00000000e+00 0.00000000e+00 0.00000000e+00 0.00000000e+00
  0.00000000e+00 2.19327048e+01 0.00000000e+00 0.00000000e+00]
 [0.00000000e+00 0.00000000e+00 0.00000000e+00 0.00000000e+00
  0.00000000e+00 0.00000000e+00 0.00000000e+00 0.00000000e+00
  0.00000000e+00 0.00000000e+00 0.00000000e+00 5.01774831e-01
  0.00000000e+00 1.04351555e+01 4.33206480e-01 0.00000000e+00]
 [0.00000000e+00 0.00000000e+00 3.69698341e+00 0.00000000e+00
  0.00000000e+00 0.00000000e+00 2.77836195e+00 0.00000000e+00
  0.00000000e+00 0.00000000e+00 0.00000000e+00 0.00000000e+00
  0.00000000e+00 0.00000000e+00 0.00000000e+00 0.00000000e+00]
 [0.00000000e+00 0.00000000e+00 0.00000000e+00 0.00000000e+00
  0.00000000e+00 0.00000000e+00 0.00000000e+00 0.00000000e+00
  0.00000000e+00 0.00000000e+00 8.12476953e-01 0.00000000e+00
  0.00000000e+00 0.00000000e+00 0.00000000e+00 0.00000000e+00]
 [0.00000000e+00 0.00000000e+00 0.00000000e+00 0.00000000e+00
  0.00000000e+00 0.00000000e+00 0.00000000e+00 1.03156081e+00
  0.00000000e+00 0.00000000e+00 0.00000000e+00 0.00000000e+00
  3.46298073e+00 0.00000000e+00 0.00000000e+00 0.00000000e+00]
 [0.00000000e+00 0.00000000e+00 0.00000000e+00 0.00000000e+00
  0.00000000e+00 0.00000000e+00 0.00000000e+00 0.00000000e+00
  0.00000000e+00 0.00000000e+00 0.00000000e+00 0.00000000e+00
  0.00000000e+00 0.00000000e+00 0.00000000e+00 0.00000000e+00]
 [0.00000000e+00 0.00000000e+00 0.00000000e+00 0.00000000e+00
  1.44075245e+00 0.00000000e+00 0.00000000e+00 0.00000000e+00
  9.79080693e-01 0.00000000e+00 0.00000000e+00 0.00000000e+00
  0.00000000e+00 0.00000000e+00 0.00000000e+00 0.00000000e+00]
 [8.38731605e+00 5.90776639e+00 0.00000000e+00 0.00000000e+00
  0.00000000e+00 0.00000000e+00 0.00000000e+00 0.00000000e+00
  0.00000000e+00 0.00000000e+00 0.00000000e+00 0.00000000e+00
  0.00000000e+00 0.00000000e+00 0.00000000e+00 0.00000000e+00]
 [0.00000000e+00 0.00000000e+00 0.00000000e+00 2.18174494e+00
  0.00000000e+00 0.00000000e+00 0.00000000e+00 0.00000000e+00
  0.00000000e+00 0.00000000e+00 0.00000000e+00 0.00000000e+00
  0.00000000e+00 0.00000000e+00 0.00000000e+00 0.00000000e+00]
 [0.00000000e+00 0.00000000e+00 0.00000000e+00 0.00000000e+00
  0.00000000e+00 0.00000000e+00 0.00000000e+00 2.35663157e-01
  0.00000000e+00 0.00000000e+00 0.00000000e+00 0.00000000e+00
  0.00000000e+00 0.00000000e+00 1.89048497e+02 0.00000000e+00]
 [0.00000000e+00 0.00000000e+00 0.00000000e+00 0.00000000e+00
  0.00000000e+00 0.00000000e+00 0.00000000e+00 0.00000000e+00
  0.00000000e+00 0.00000000e+00 6.27027997e+01 0.00000000e+00
  0.00000000e+00 0.00000000e+00 0.00000000e+00 0.00000000e+00]]
ls_fading_coeffs:  [[-137.34238187 -136.47109623 -134.47365211 -134.46569516 -137.02037398
  -134.68482363 -130.07161531 -129.60874908 -140.50473416 -128.76453085
  -125.72346998 -119.48040409 -133.44164502 -127.82237094 -122.64019411
   -86.65751884]
 [-136.19311785 -133.82282561 -131.62126321 -106.51026756 -110.84722452
  -129.64533827 -125.04992486 -125.22997585 -129.20316449 -121.86437493
   -89.85335974  -89.85987985 -129.21025608 -125.51782425  -95.72357335
  -119.62679687]
 [-118.71227623  -85.07141797 -118.44878178 -125.2546302  -120.08287201
   -94.90317074 -120.6619075  -126.30468831 -132.23735744 -128.75913794
  -104.51351625 -132.7112011  -136.57863547 -135.16632471 -135.17224542
  -136.27225646]
 [-120.62571693  -86.32982974 -110.31650796 -126.20898743 -123.9994974
  -120.96168706 -122.99872206 -125.41727937 -131.53411692 -104.1110268
  -129.99398845 -133.14874296 -134.60603687 -137.55667076 -137.52399196
  -136.94461955]
 [-141.64267313 -144.44560529 -138.87895643 -139.19561315 -133.15976591
  -134.9077526  -134.42844201 -135.90301145 -129.63423502 -127.19404039
  -127.40271296 -130.56930097 -119.88102865  -91.44538294 -123.51831346
  -125.95552241]
 [-135.96303865 -133.13530976 -133.16708673 -136.35486609 -129.9837192
  -126.95590878 -130.6473972  -132.34324901 -123.01831431 -115.40882467
  -120.35546474 -101.274381   -120.2890183   -88.94076776  -95.06358382
  -124.67240535]
 [-133.74007928 -130.08596287  -99.62193842 -127.70863397 -124.73578361
  -119.8673524   -85.35382814 -116.33470124 -130.67737049 -124.75105328
  -119.51344386 -123.0075053  -133.04168474 -132.61768061 -130.18711599
  -130.1178141 ]
 [-135.13217687 -136.20702444 -140.87340437 -141.56391765 -130.00148623
  -132.2482477  -133.57693556 -138.61974214 -119.98731351 -124.96933909
  -104.11163438 -131.72115767  -98.38102183 -118.14429756 -127.30764402
  -132.86081094]
 [-139.25045242 -136.59108799 -137.2855727  -140.31961202 -133.20552747
  -133.77809539 -134.34518012 -108.55547621 -123.07774796 -128.13828955
  -129.58236558 -134.03401566  -86.48346871 -117.21899885 -127.35501035
  -130.51674411]
 [-120.43124608 -114.7152655  -119.52883779 -126.90449943 -121.8418553
  -113.659215   -120.75016375 -125.46292201 -128.40566755 -126.37316059
  -129.24716912 -130.73355018 -132.89282186 -138.73424593 -134.79332529
  -136.33596382]
 [-129.11636688 -131.75285752 -131.95889147 -136.58320462  -95.17752845
  -124.92252564 -128.47089483 -132.72658291  -88.35126712 -119.37012851
  -130.38031421 -134.86044023 -124.59416355 -127.42109592 -133.31588311
  -132.53041898]
 [ -91.15955026  -87.01577687 -122.99188288 -128.3852167  -126.27398156
  -122.71111839 -126.31082694 -132.41421751 -131.39428158 -134.37254521
  -134.87717235 -134.60096708 -135.80698136 -138.08077256 -136.96611585
  -136.8625014 ]
 [-126.94584722 -112.8632596  -104.75741387  -96.76957829 -125.58776917
  -120.7303134  -119.82090246 -123.5355478  -130.33036024 -129.74632531
  -135.19888898 -129.96227787 -136.90816001 -136.13535703 -135.58283199
  -136.94185347]
 [-134.46490846 -128.5199888  -125.05877201 -123.15250091 -129.01096495
  -122.16626588 -109.89717293  -87.97651601 -134.15137345 -126.84508679
  -121.41291705 -125.08824894 -137.74516913 -131.80246583 -106.93126342
  -131.89533156]
 [-137.60377413 -141.21075397 -135.84044726 -132.56491773 -134.0654435
  -131.57817456 -125.61079123 -123.87471026 -132.14088267 -129.3704178
   -96.99906078 -109.60064656 -136.3228335  -127.98189873 -123.45472164
  -116.00193255]]
dh_bs:  17.0
dh_ut:  0.5
fc usando em Hz:  7750000000.0
distance break point:  878.3333333333333
fc usado em GHz:  7.75
Coeficientes K: 
[[0.00000000e+00 0.00000000e+00 0.00000000e+00 0.00000000e+00
  0.00000000e+00 0.00000000e+00 0.00000000e+00 0.00000000e+00
  0.00000000e+00 0.00000000e+00 0.00000000e+00 0.00000000e+00
  0.00000000e+00 0.00000000e+00 0.00000000e+00 0.00000000e+00]
 [0.00000000e+00 0.00000000e+00 0.00000000e+00 0.00000000e+00
  0.00000000e+00 0.00000000e+00 0.00000000e+00 0.00000000e+00
  0.00000000e+00 1.27096777e+01 0.00000000e+00 0.00000000e+00
  0.00000000e+00 0.00000000e+00 0.00000000e+00 0.00000000e+00]
 [0.00000000e+00 0.00000000e+00 0.00000000e+00 0.00000000e+00
  0.00000000e+00 0.00000000e+00 3.51267777e+02 0.00000000e+00
  0.00000000e+00 6.34627957e+00 0.00000000e+00 0.00000000e+00
  0.00000000e+00 0.00000000e+00 0.00000000e+00 0.00000000e+00]
 [0.00000000e+00 0.00000000e+00 0.00000000e+00 0.00000000e+00
  0.00000000e+00 0.00000000e+00 2.10225000e+00 0.00000000e+00
  0.00000000e+00 0.00000000e+00 0.00000000e+00 1.63101773e+02
  0.00000000e+00 1.64957595e-01 3.78489895e-01 0.00000000e+00]
 [0.00000000e+00 0.00000000e+00 0.00000000e+00 2.74725720e+00
  0.00000000e+00 0.00000000e+00 0.00000000e+00 9.42371668e+00
  0.00000000e+00 0.00000000e+00 0.00000000e+00 0.00000000e+00
  0.00000000e+00 0.00000000e+00 0.00000000e+00 0.00000000e+00]
 [0.00000000e+00 0.00000000e+00 1.22995186e+00 3.34589385e+00
  0.00000000e+00 0.00000000e+00 0.00000000e+00 0.00000000e+00
  0.00000000e+00 0.00000000e+00 0.00000000e+00 0.00000000e+00
  0.00000000e+00 0.00000000e+00 0.00000000e+00 0.00000000e+00]
 [0.00000000e+00 0.00000000e+00 0.00000000e+00 0.00000000e+00
  0.00000000e+00 0.00000000e+00 0.00000000e+00 0.00000000e+00
  6.08930158e+00 0.00000000e+00 0.00000000e+00 0.00000000e+00
  0.00000000e+00 0.00000000e+00 0.00000000e+00 0.00000000e+00]
 [0.00000000e+00 0.00000000e+00 0.00000000e+00 0.00000000e+00
  0.00000000e+00 0.00000000e+00 0.00000000e+00 0.00000000e+00
  0.00000000e+00 0.00000000e+00 0.00000000e+00 0.00000000e+00
  0.00000000e+00 0.00000000e+00 0.00000000e+00 0.00000000e+00]
 [0.00000000e+00 0.00000000e+00 0.00000000e+00 0.00000000e+00
  0.00000000e+00 0.00000000e+00 0.00000000e+00 0.00000000e+00
  0.00000000e+00 0.00000000e+00 0.00000000e+00 1.06684811e+01
  0.00000000e+00 0.00000000e+00 2.50672015e+00 1.81787372e-01]
 [0.00000000e+00 0.00000000e+00 0.00000000e+00 0.00000000e+00
  0.00000000e+00 6.45681993e-01 1.30194212e+02 0.00000000e+00
  0.00000000e+00 0.00000000e+00 3.94477722e+00 0.00000000e+00
  0.00000000e+00 0.00000000e+00 0.00000000e+00 0.00000000e+00]
 [0.00000000e+00 0.00000000e+00 0.00000000e+00 0.00000000e+00
  0.00000000e+00 0.00000000e+00 5.69533390e+00 0.00000000e+00
  1.05071301e+00 0.00000000e+00 0.00000000e+00 2.23636160e+00
  0.00000000e+00 0.00000000e+00 1.77143047e+00 4.35307674e+00]
 [3.50476301e+00 6.98622156e-01 0.00000000e+00 0.00000000e+00
  0.00000000e+00 0.00000000e+00 0.00000000e+00 0.00000000e+00
  0.00000000e+00 0.00000000e+00 0.00000000e+00 0.00000000e+00
  0.00000000e+00 0.00000000e+00 0.00000000e+00 0.00000000e+00]
 [0.00000000e+00 0.00000000e+00 0.00000000e+00 0.00000000e+00
  0.00000000e+00 0.00000000e+00 0.00000000e+00 4.38730038e+00
  0.00000000e+00 0.00000000e+00 0.00000000e+00 0.00000000e+00
  0.00000000e+00 0.00000000e+00 8.05735487e-01 0.00000000e+00]
 [0.00000000e+00 0.00000000e+00 0.00000000e+00 0.00000000e+00
  0.00000000e+00 0.00000000e+00 0.00000000e+00 0.00000000e+00
  0.00000000e+00 0.00000000e+00 0.00000000e+00 0.00000000e+00
  0.00000000e+00 0.00000000e+00 0.00000000e+00 0.00000000e+00]
 [0.00000000e+00 0.00000000e+00 0.00000000e+00 0.00000000e+00
  0.00000000e+00 2.90570977e+01 0.00000000e+00 0.00000000e+00
  0.00000000e+00 0.00000000e+00 2.14855502e+01 0.00000000e+00
  0.00000000e+00 1.83859362e+00 0.00000000e+00 0.00000000e+00]]
ls_fading_coeffs:  [[-120.2685733  -123.9557478  -132.13272279 -132.68466818 -118.2343031
  -123.23405341 -130.1791477  -132.674013   -126.43920547 -129.61060082
  -132.22095363 -136.71436543 -139.26436569 -134.21891226 -137.09333789
  -136.3961777 ]
 [-137.47564769 -132.40772712 -134.18262956 -137.9294568  -127.43982225
  -130.7793407  -128.91961738 -132.53086062 -114.54689748  -93.30930996
  -123.54617362 -129.43601513 -120.64721978 -119.02729626 -127.18721304
  -129.58988468]
 [-130.6910191  -124.82690835 -123.06264814 -126.93285082 -124.66312576
  -116.53154459  -84.6644492  -118.49969646 -130.00481893  -99.24365769
  -119.23897675 -121.24682776 -131.48733498 -131.02973525 -131.24711164
  -129.33169252]
 [-133.83708967 -130.1213132  -127.67293641 -126.79154137 -129.85175874
  -126.22529147  -94.97388091 -115.32555185 -132.5120212  -125.28066487
  -116.6656373   -89.97934445 -131.83766848 -103.42560126 -101.34944464
  -126.39560643]
 [-137.41157217 -132.38017916 -127.80871371 -102.98365527 -132.88371523
  -127.21123264 -120.22198204  -92.5882568  -132.85093495 -128.83075647
  -120.79853181 -109.0594176  -136.74210725 -129.59355386 -128.71461
  -127.32132323]
 [-125.83128046 -111.46655891  -88.64222857  -99.36693967 -127.27108615
  -124.65753189 -122.1396074  -126.59968107 -133.17640413 -131.99622486
  -134.15190869 -131.98247057 -138.24774923 -135.11365905 -136.04479208
  -137.46371895]
 [-123.66924586 -125.44914566 -127.16371625 -134.05404131 -105.96578065
  -113.49377478 -123.10502017 -129.08980718  -97.03052928 -121.42811024
  -126.15590743 -137.7214279  -128.74788838 -128.88885969 -132.63157309
  -134.68134097]
 [-127.68583653 -119.90902579 -117.55499293 -121.93894072 -125.28476784
  -116.38742875 -114.69809847 -124.84467449 -130.02281071 -131.21466671
  -127.27931682 -128.55241879 -133.62291821 -134.17699533 -132.84585419
  -134.14911024]
 [-138.91836299 -135.95671687 -137.30728465 -138.23721153 -134.13023343
  -132.08071123 -129.28877227 -133.60359146 -132.0585999  -124.86597014
  -123.048687    -99.52687302 -127.97737252 -118.83646683  -76.23856102
   -92.45917466]
 [-130.41685848 -131.7310895  -128.26072453 -129.09090852 -125.84204159
   -96.17369627  -95.16021781 -122.70481263 -129.31066603 -115.59272697
   -91.41797843 -119.59089704 -131.68734105 -127.0909399  -128.89608567
  -129.11137686]
 [-134.10948751 -133.81050966 -135.20704419 -134.3602449  -131.00669122
  -127.91516152 -102.84576168 -129.33410398 -100.40233608 -119.45196775
  -118.21583845 -100.76853008 -123.84174892 -117.24764188  -90.63849755
   -97.81264565]
 [ -78.0018884   -94.27618038 -124.0924683  -130.9520672  -121.08888875
  -123.40208974 -126.93937386 -132.83175307 -129.65330355 -132.10411084
  -132.24946833 -134.35322831 -134.07459582 -136.51689258 -135.24017729
  -138.52087626]
 [-115.61454465 -108.86314196 -122.84705177 -126.5209328  -127.6811237
  -124.13071633 -126.63631187 -104.57226743 -134.82333445 -137.13695402
  -134.28068776 -134.80677609 -137.48986254 -135.95758758 -109.86104794
  -139.67142802]
 [-118.50623036 -125.30770501 -129.35012266 -133.1219161  -112.37005152
  -125.25861234 -130.41012029 -134.24026894 -126.07816014 -127.03436018
  -132.20094032 -138.09896791 -132.05420439 -134.72247689 -135.07213049
  -138.41780961]
 [-134.38660855 -133.29757593 -129.98134662 -129.44694023 -130.80289227
  -101.15610437 -121.70267037 -122.13162545 -128.26933612 -123.33214308
   -89.42146466 -105.53478035 -135.57526155 -104.61585989 -124.07893991
  -127.70213542]]
dh_bs:  17.0
dh_ut:  0.5
fc usando em Hz:  7750000000.0
distance break point:  878.3333333333333
fc usado em GHz:  7.75
Coeficientes K: 
[[0.00000000e+00 0.00000000e+00 0.00000000e+00 0.00000000e+00
  0.00000000e+00 6.58502909e+00 4.84680708e+00 0.00000000e+00
  0.00000000e+00 0.00000000e+00 0.00000000e+00 0.00000000e+00
  0.00000000e+00 0.00000000e+00 0.00000000e+00 0.00000000e+00]
 [0.00000000e+00 0.00000000e+00 0.00000000e+00 1.96216972e+01
  0.00000000e+00 0.00000000e+00 0.00000000e+00 0.00000000e+00
  0.00000000e+00 6.18349490e-01 0.00000000e+00 0.00000000e+00
  0.00000000e+00 0.00000000e+00 0.00000000e+00 0.00000000e+00]
 [0.00000000e+00 1.13266839e+00 0.00000000e+00 0.00000000e+00
  0.00000000e+00 1.24284275e+02 0.00000000e+00 0.00000000e+00
  0.00000000e+00 0.00000000e+00 2.86192482e+01 0.00000000e+00
  0.00000000e+00 0.00000000e+00 0.00000000e+00 0.00000000e+00]
 [0.00000000e+00 0.00000000e+00 0.00000000e+00 4.89620465e+01
  0.00000000e+00 0.00000000e+00 0.00000000e+00 0.00000000e+00
  0.00000000e+00 0.00000000e+00 0.00000000e+00 0.00000000e+00
  0.00000000e+00 0.00000000e+00 0.00000000e+00 0.00000000e+00]
 [0.00000000e+00 0.00000000e+00 0.00000000e+00 0.00000000e+00
  0.00000000e+00 0.00000000e+00 0.00000000e+00 0.00000000e+00
  0.00000000e+00 6.27759134e+00 0.00000000e+00 0.00000000e+00
  0.00000000e+00 7.34164234e-02 0.00000000e+00 3.31301381e+00]
 [0.00000000e+00 0.00000000e+00 0.00000000e+00 0.00000000e+00
  0.00000000e+00 1.14647494e+00 3.83351886e+00 5.51051779e+00
  0.00000000e+00 3.30158070e+01 0.00000000e+00 4.46507976e-01
  0.00000000e+00 6.12605938e+00 0.00000000e+00 0.00000000e+00]
 [0.00000000e+00 0.00000000e+00 0.00000000e+00 5.57716024e-01
  0.00000000e+00 0.00000000e+00 0.00000000e+00 0.00000000e+00
  0.00000000e+00 0.00000000e+00 0.00000000e+00 7.82134823e+01
  0.00000000e+00 0.00000000e+00 0.00000000e+00 0.00000000e+00]
 [0.00000000e+00 6.27096046e+00 0.00000000e+00 0.00000000e+00
  0.00000000e+00 7.59024677e-01 0.00000000e+00 0.00000000e+00
  0.00000000e+00 0.00000000e+00 0.00000000e+00 0.00000000e+00
  0.00000000e+00 0.00000000e+00 0.00000000e+00 0.00000000e+00]
 [0.00000000e+00 0.00000000e+00 0.00000000e+00 0.00000000e+00
  0.00000000e+00 0.00000000e+00 0.00000000e+00 0.00000000e+00
  7.15632630e-01 0.00000000e+00 0.00000000e+00 0.00000000e+00
  4.95142400e+01 1.79509225e+01 0.00000000e+00 0.00000000e+00]
 [0.00000000e+00 0.00000000e+00 0.00000000e+00 0.00000000e+00
  0.00000000e+00 0.00000000e+00 0.00000000e+00 0.00000000e+00
  0.00000000e+00 0.00000000e+00 0.00000000e+00 0.00000000e+00
  0.00000000e+00 0.00000000e+00 0.00000000e+00 0.00000000e+00]
 [0.00000000e+00 0.00000000e+00 0.00000000e+00 0.00000000e+00
  0.00000000e+00 0.00000000e+00 0.00000000e+00 0.00000000e+00
  0.00000000e+00 0.00000000e+00 0.00000000e+00 0.00000000e+00
  0.00000000e+00 0.00000000e+00 2.67528093e+01 0.00000000e+00]
 [0.00000000e+00 0.00000000e+00 0.00000000e+00 0.00000000e+00
  0.00000000e+00 6.24868068e+01 0.00000000e+00 0.00000000e+00
  0.00000000e+00 1.16334069e-02 0.00000000e+00 0.00000000e+00
  0.00000000e+00 0.00000000e+00 0.00000000e+00 1.47284966e+00]
 [0.00000000e+00 4.68458332e+00 3.26285462e+00 0.00000000e+00
  0.00000000e+00 0.00000000e+00 0.00000000e+00 0.00000000e+00
  0.00000000e+00 2.92506578e+01 0.00000000e+00 0.00000000e+00
  0.00000000e+00 0.00000000e+00 0.00000000e+00 0.00000000e+00]
 [0.00000000e+00 0.00000000e+00 0.00000000e+00 7.03755849e+00
  0.00000000e+00 1.50256484e+01 0.00000000e+00 5.62559246e-01
  0.00000000e+00 0.00000000e+00 0.00000000e+00 0.00000000e+00
  0.00000000e+00 0.00000000e+00 0.00000000e+00 0.00000000e+00]
 [0.00000000e+00 1.45257344e+00 0.00000000e+00 0.00000000e+00
  0.00000000e+00 0.00000000e+00 0.00000000e+00 0.00000000e+00
  8.89997509e+01 0.00000000e+00 0.00000000e+00 0.00000000e+00
  0.00000000e+00 0.00000000e+00 0.00000000e+00 0.00000000e+00]]
ls_fading_coeffs:  [[-130.94422346 -123.85006632 -104.11489714 -116.79278684 -129.34188736
   -99.22693618  -96.24964906 -120.03705373 -132.96664895 -131.3431086
  -129.34917667 -128.64252458 -139.60805641 -134.80732516 -136.52338785
  -137.97968397]
 [-135.60179357 -129.00955142 -121.14519546  -89.49241804 -133.36326752
  -131.56002416 -130.10894325 -125.96823068 -136.19957571 -108.1806015
  -132.13069303 -131.53449063 -142.41714027 -140.49644299 -138.35897003
  -136.90024499]
 [-115.91318688  -83.14141762 -117.85608644 -125.40888972 -120.96484301
   -97.85179985 -122.84615381 -128.12486899 -131.75044985 -129.80096266
  -107.35620645 -134.87042057 -133.73046687 -135.93872695 -134.53210026
  -135.90862848]
 [-132.28706881 -125.73239117 -112.63145145  -89.42816383 -133.44172231
  -128.57008524 -124.80542369 -126.06123181 -134.52534823 -135.04957479
  -131.86445434 -132.45013551 -139.31535342 -139.00147687 -138.40204772
  -136.96371826]
 [-132.57395185 -132.3835996  -132.00339445 -136.17708517 -129.87410035
  -121.69770373 -122.85983674 -125.09200606 -125.35575758  -86.52507239
  -109.3545069  -123.24215295 -130.17469487  -99.41591503 -126.64207471
  -102.99504855]
 [-134.04041577 -130.13079117 -131.37542772 -134.08775004 -124.48321198
  -100.99536932 -100.64676425 -103.35801453 -118.08591359  -77.41611856
  -119.91347066 -100.84012337 -123.72914851  -96.81107388 -122.58849097
  -130.57915291]
 [-130.3215556  -127.46614096 -118.21776363  -72.6710197  -134.82720357
  -132.03473324 -123.47843222 -120.55994795 -134.43521964 -133.05237417
  -131.41704594 -105.3399862  -142.26117385 -139.3019304  -135.72456743
  -137.58151623]
 [-123.33641451  -96.98955707 -120.33739822 -125.97725833 -131.79060419
  -103.35736684 -128.08646777 -130.0685848  -137.87859902 -133.8025144
  -134.40019361 -141.11919679 -140.95015848 -139.36672059 -138.07494866
  -139.36261662]
 [-137.29203674 -140.85905073 -136.96063733 -137.3172552  -131.05570578
  -132.4292992  -133.88290175 -134.54461135  -99.74653491 -122.76041622
  -126.01047996 -130.98379954  -89.04817764  -88.22327996 -121.85722378
  -132.23667033]
 [-139.32232374 -137.35071941 -137.17660992 -136.95277637 -135.2109527
  -133.58565666 -133.92288899 -133.96939333 -129.53369074 -129.10229732
  -125.25300296 -127.95747476 -124.39022698 -116.43159497 -114.60382066
  -124.6565011 ]
 [-138.96519435 -134.98442011 -134.93234324 -136.24114362 -136.02108377
  -135.55395403 -131.12310504 -129.37790966 -131.17471854 -127.21731462
  -127.16895677 -120.75706182 -130.89257361 -124.17815535  -93.12472016
   -97.17974997]
 [-126.78637762 -128.03891841 -131.33220793 -130.94204302 -119.65721971
   -92.04943312 -120.543616   -130.9484011  -119.39442557  -93.4846472
  -122.35115867 -127.98376999 -126.92501525 -127.01312535 -128.03672986
  -105.41855593]
 [-127.69984166  -96.88849117  -92.07901148 -118.69017677 -130.55392551
  -128.08012627 -126.63947199 -127.75852586 -136.06314734 -106.96176624
  -136.28303544 -135.68696062 -139.25196333 -138.91029109 -137.11826916
  -138.46945382]
 [-132.39231947 -125.79389435 -118.19863237  -91.8960435  -132.20095077
  -101.76274968 -118.11208168  -93.03351479 -139.66377114 -132.03741494
  -128.64021844 -126.31764007 -135.89489367 -134.45917928 -134.39511295
  -132.24479101]
 [-116.66307352  -73.12850635 -118.26313929 -125.38475634 -123.84581367
  -124.36376117 -122.93603107 -131.95428546 -107.70125934 -129.77836935
  -129.75312818 -132.92216926 -134.86462135 -137.32697358 -137.85966581
  -139.78040084]]
dh_bs:  17.0
dh_ut:  0.5
fc usando em Hz:  7750000000.0
distance break point:  878.3333333333333
fc usado em GHz:  7.75
Coeficientes K: 
[[0.00000000e+00 1.42511327e+01 0.00000000e+00 0.00000000e+00
  0.00000000e+00 0.00000000e+00 0.00000000e+00 0.00000000e+00
  0.00000000e+00 0.00000000e+00 0.00000000e+00 0.00000000e+00
  0.00000000e+00 0.00000000e+00 0.00000000e+00 0.00000000e+00]
 [0.00000000e+00 0.00000000e+00 0.00000000e+00 0.00000000e+00
  0.00000000e+00 0.00000000e+00 0.00000000e+00 0.00000000e+00
  0.00000000e+00 1.23087217e+00 0.00000000e+00 1.30355702e-01
  5.06953933e+01 0.00000000e+00 0.00000000e+00 0.00000000e+00]
 [0.00000000e+00 0.00000000e+00 2.69056039e+00 6.23745587e-01
  0.00000000e+00 0.00000000e+00 2.27233182e+00 2.04533713e+01
  0.00000000e+00 0.00000000e+00 0.00000000e+00 0.00000000e+00
  1.14571090e-01 0.00000000e+00 0.00000000e+00 0.00000000e+00]
 [0.00000000e+00 0.00000000e+00 0.00000000e+00 2.23982323e+00
  0.00000000e+00 0.00000000e+00 7.04318895e-01 1.17342177e+00
  0.00000000e+00 0.00000000e+00 0.00000000e+00 0.00000000e+00
  0.00000000e+00 0.00000000e+00 1.27199288e+00 0.00000000e+00]
 [0.00000000e+00 0.00000000e+00 0.00000000e+00 0.00000000e+00
  3.04549329e+00 0.00000000e+00 0.00000000e+00 0.00000000e+00
  0.00000000e+00 0.00000000e+00 0.00000000e+00 0.00000000e+00
  0.00000000e+00 0.00000000e+00 0.00000000e+00 0.00000000e+00]
 [0.00000000e+00 0.00000000e+00 7.96813383e+00 0.00000000e+00
  0.00000000e+00 0.00000000e+00 0.00000000e+00 4.75856923e+00
  0.00000000e+00 0.00000000e+00 0.00000000e+00 0.00000000e+00
  0.00000000e+00 0.00000000e+00 0.00000000e+00 0.00000000e+00]
 [0.00000000e+00 0.00000000e+00 0.00000000e+00 0.00000000e+00
  0.00000000e+00 0.00000000e+00 0.00000000e+00 0.00000000e+00
  0.00000000e+00 0.00000000e+00 0.00000000e+00 0.00000000e+00
  0.00000000e+00 1.94318693e+01 0.00000000e+00 0.00000000e+00]
 [0.00000000e+00 0.00000000e+00 0.00000000e+00 0.00000000e+00
  0.00000000e+00 7.15591784e+00 0.00000000e+00 0.00000000e+00
  0.00000000e+00 0.00000000e+00 1.27794355e+02 0.00000000e+00
  0.00000000e+00 0.00000000e+00 0.00000000e+00 0.00000000e+00]
 [0.00000000e+00 4.26703241e+00 4.59630402e+00 2.37725096e-01
  0.00000000e+00 0.00000000e+00 1.27705572e+00 0.00000000e+00
  0.00000000e+00 4.94780890e-01 0.00000000e+00 0.00000000e+00
  0.00000000e+00 0.00000000e+00 0.00000000e+00 0.00000000e+00]
 [0.00000000e+00 0.00000000e+00 0.00000000e+00 0.00000000e+00
  0.00000000e+00 0.00000000e+00 0.00000000e+00 0.00000000e+00
  0.00000000e+00 0.00000000e+00 1.38639743e+01 0.00000000e+00
  0.00000000e+00 0.00000000e+00 6.38007605e+00 0.00000000e+00]
 [0.00000000e+00 0.00000000e+00 0.00000000e+00 0.00000000e+00
  0.00000000e+00 0.00000000e+00 0.00000000e+00 0.00000000e+00
  0.00000000e+00 0.00000000e+00 0.00000000e+00 0.00000000e+00
  0.00000000e+00 0.00000000e+00 0.00000000e+00 0.00000000e+00]
 [0.00000000e+00 0.00000000e+00 0.00000000e+00 0.00000000e+00
  0.00000000e+00 0.00000000e+00 0.00000000e+00 0.00000000e+00
  0.00000000e+00 0.00000000e+00 0.00000000e+00 0.00000000e+00
  0.00000000e+00 0.00000000e+00 0.00000000e+00 0.00000000e+00]
 [0.00000000e+00 0.00000000e+00 0.00000000e+00 0.00000000e+00
  6.81894884e-01 0.00000000e+00 0.00000000e+00 0.00000000e+00
  8.98173013e-01 0.00000000e+00 0.00000000e+00 0.00000000e+00
  0.00000000e+00 6.99766295e+00 0.00000000e+00 0.00000000e+00]
 [0.00000000e+00 0.00000000e+00 0.00000000e+00 0.00000000e+00
  0.00000000e+00 0.00000000e+00 0.00000000e+00 0.00000000e+00
  0.00000000e+00 0.00000000e+00 0.00000000e+00 0.00000000e+00
  0.00000000e+00 9.58166291e+01 0.00000000e+00 0.00000000e+00]
 [0.00000000e+00 0.00000000e+00 0.00000000e+00 0.00000000e+00
  0.00000000e+00 0.00000000e+00 0.00000000e+00 0.00000000e+00
  0.00000000e+00 0.00000000e+00 0.00000000e+00 0.00000000e+00
  0.00000000e+00 0.00000000e+00 0.00000000e+00 0.00000000e+00]]
ls_fading_coeffs:  [[-121.31413468  -85.458496   -115.62525997 -125.34536559 -123.3237058
  -118.88427701 -120.69867852 -126.11018337 -131.08487005 -128.21932655
  -129.30866129 -132.46892761 -134.49841115 -138.39146958 -134.32340642
  -137.66772834]
 [-136.40453345 -131.60503537 -131.59399786 -132.7357485  -134.16872847
  -130.1037857  -127.64769348 -125.97966975 -127.69996617  -97.80363747
  -107.815486    -92.62857774 -105.15711044 -123.14581635 -120.54457979
  -119.91734512]
 [-130.2172918  -124.67190602  -99.59200902 -102.6784022  -125.65048112
  -116.61594337  -78.46186098  -98.3886771  -127.16954298 -123.85591532
  -123.09500785 -123.34834251 -105.48340947 -132.66350905 -130.7790968
  -133.67756949]
 [-131.2469405  -129.53962426 -124.4020611  -100.80634085 -127.8876379
  -123.42465435  -90.12765989  -90.99071921 -133.36205926 -127.32038957
  -122.5473393  -122.19446497 -136.83667978 -131.32381632 -104.0688197
  -129.49842131]
 [-116.09233203 -117.84603935 -129.96804596 -130.38047298 -102.51606603
  -128.77598759 -132.8365864  -135.96778151 -134.43515572 -134.73535403
  -135.13950202 -136.29672427 -138.78779993 -137.36546883 -142.66825562
  -141.10100128]
 [-132.38609569 -131.68158294  -97.56327569 -112.50263071 -134.68125638
  -126.26601361 -119.66108381  -90.77985503 -137.08970474 -129.61327831
  -127.32591728 -126.37816378 -138.32316383 -138.23098961 -132.80227344
  -132.05162121]
 [-135.41912785 -133.15938139 -133.8805627  -134.69528832 -130.34067246
  -126.37069851 -126.38758921 -130.98230606 -122.66100648 -111.53840824
  -117.83011475 -126.32501754 -126.01008517  -93.23847241 -120.36186674
  -125.51780112]
 [-126.23335503 -131.25700738 -133.49064443 -134.59134424 -112.2756464
   -98.05501981 -133.91218736 -134.44038246 -115.4384187  -122.62110312
  -103.97357677 -131.57505183 -128.86775275 -133.34726371 -133.07138226
  -140.23736958]
 [-128.96558211  -98.92200661  -99.64045999  -98.49868326 -126.5159506
  -124.96716401  -86.48456477 -113.71215016 -129.96954875 -103.0653578
  -123.11221128 -125.71474518 -134.11652822 -132.71067954 -131.60796981
  -131.44165852]
 [-130.1732702  -133.25987213 -131.33825234 -135.1567066  -127.68081243
  -122.29590136 -125.95790866 -131.62232644 -109.73123868 -105.18401844
   -98.23400305 -131.05061241 -120.34735527 -119.11598984 -100.47413767
  -132.23487482]
 [-137.63298144 -137.24816504 -140.36410798 -140.97008253 -132.85492927
  -133.40427425 -133.27885007 -134.84584051 -126.72687572 -124.28127767
  -128.29138248 -133.78616742 -120.58401034 -109.89028677 -118.65056551
  -127.37137652]
 [-115.01972271 -123.52289492 -129.74054959 -138.51334505 -127.93177061
  -129.88685366 -134.25635838 -135.25756457 -134.39050396 -135.02555006
  -135.11146664 -137.68965776 -137.0079486  -137.40668564 -141.46022324
  -140.56246871]
 [-121.89758793 -122.04467621 -126.31725292 -130.42669787  -86.91698753
  -109.39994755 -122.60463234 -129.50371312  -98.23865812 -123.03949887
  -127.26279444 -131.68292807 -129.29829596 -106.5238746  -133.28682773
  -135.35363471]
 [-116.31396887 -119.73478313 -127.13679999 -130.47879397 -113.42152689
  -115.28793227 -122.96459193 -129.82605616 -127.07858504 -125.30689941
  -129.30708897 -137.41271149 -131.96396806 -108.24514795 -132.71946848
  -137.99071557]
 [-122.06568917 -128.8523372  -132.25549465 -134.45036189 -116.37710759
  -124.88094247 -132.09644808 -134.38205096 -127.10774143 -130.29157168
  -132.29758475 -135.84927103 -138.98792889 -137.04984903 -137.03413131
  -137.97425263]]
dh_bs:  17.0
dh_ut:  0.5
fc usando em Hz:  7750000000.0
distance break point:  878.3333333333333
fc usado em GHz:  7.75
Coeficientes K: 
[[0.00000000e+00 0.00000000e+00 0.00000000e+00 0.00000000e+00
  0.00000000e+00 0.00000000e+00 0.00000000e+00 0.00000000e+00
  0.00000000e+00 0.00000000e+00 0.00000000e+00 0.00000000e+00
  0.00000000e+00 0.00000000e+00 0.00000000e+00 0.00000000e+00]
 [0.00000000e+00 0.00000000e+00 0.00000000e+00 0.00000000e+00
  1.29103655e+01 2.34003572e+01 0.00000000e+00 0.00000000e+00
  0.00000000e+00 1.34054349e+02 0.00000000e+00 0.00000000e+00
  6.03091772e+00 0.00000000e+00 0.00000000e+00 0.00000000e+00]
 [0.00000000e+00 0.00000000e+00 0.00000000e+00 0.00000000e+00
  0.00000000e+00 0.00000000e+00 0.00000000e+00 0.00000000e+00
  0.00000000e+00 0.00000000e+00 0.00000000e+00 0.00000000e+00
  0.00000000e+00 0.00000000e+00 0.00000000e+00 0.00000000e+00]
 [0.00000000e+00 0.00000000e+00 0.00000000e+00 0.00000000e+00
  0.00000000e+00 0.00000000e+00 0.00000000e+00 0.00000000e+00
  0.00000000e+00 0.00000000e+00 0.00000000e+00 1.67327356e+01
  0.00000000e+00 0.00000000e+00 0.00000000e+00 0.00000000e+00]
 [0.00000000e+00 0.00000000e+00 0.00000000e+00 0.00000000e+00
  0.00000000e+00 0.00000000e+00 0.00000000e+00 0.00000000e+00
  0.00000000e+00 0.00000000e+00 0.00000000e+00 0.00000000e+00
  0.00000000e+00 2.96453408e-01 0.00000000e+00 0.00000000e+00]
 [0.00000000e+00 0.00000000e+00 0.00000000e+00 0.00000000e+00
  0.00000000e+00 0.00000000e+00 0.00000000e+00 0.00000000e+00
  1.76907514e-01 0.00000000e+00 0.00000000e+00 0.00000000e+00
  0.00000000e+00 0.00000000e+00 0.00000000e+00 0.00000000e+00]
 [0.00000000e+00 0.00000000e+00 0.00000000e+00 0.00000000e+00
  0.00000000e+00 4.03401196e+00 0.00000000e+00 0.00000000e+00
  3.55341340e+01 0.00000000e+00 2.67953989e+01 0.00000000e+00
  0.00000000e+00 0.00000000e+00 0.00000000e+00 0.00000000e+00]
 [0.00000000e+00 0.00000000e+00 0.00000000e+00 0.00000000e+00
  0.00000000e+00 0.00000000e+00 0.00000000e+00 0.00000000e+00
  0.00000000e+00 0.00000000e+00 0.00000000e+00 0.00000000e+00
  0.00000000e+00 0.00000000e+00 1.47550303e+01 0.00000000e+00]
 [0.00000000e+00 0.00000000e+00 0.00000000e+00 3.27447874e+00
  0.00000000e+00 0.00000000e+00 0.00000000e+00 0.00000000e+00
  0.00000000e+00 0.00000000e+00 0.00000000e+00 0.00000000e+00
  0.00000000e+00 0.00000000e+00 0.00000000e+00 0.00000000e+00]
 [0.00000000e+00 0.00000000e+00 0.00000000e+00 0.00000000e+00
  0.00000000e+00 0.00000000e+00 0.00000000e+00 0.00000000e+00
  0.00000000e+00 0.00000000e+00 0.00000000e+00 4.80409408e+01
  0.00000000e+00 0.00000000e+00 0.00000000e+00 8.71760371e-02]
 [0.00000000e+00 0.00000000e+00 0.00000000e+00 0.00000000e+00
  0.00000000e+00 0.00000000e+00 0.00000000e+00 0.00000000e+00
  0.00000000e+00 0.00000000e+00 0.00000000e+00 0.00000000e+00
  0.00000000e+00 0.00000000e+00 2.17765836e+01 0.00000000e+00]
 [0.00000000e+00 1.12803519e+00 0.00000000e+00 0.00000000e+00
  0.00000000e+00 0.00000000e+00 0.00000000e+00 0.00000000e+00
  0.00000000e+00 0.00000000e+00 0.00000000e+00 0.00000000e+00
  0.00000000e+00 0.00000000e+00 0.00000000e+00 0.00000000e+00]
 [0.00000000e+00 1.60407339e+02 0.00000000e+00 0.00000000e+00
  0.00000000e+00 3.21338872e+00 0.00000000e+00 0.00000000e+00
  0.00000000e+00 2.64240831e+00 0.00000000e+00 0.00000000e+00
  0.00000000e+00 0.00000000e+00 0.00000000e+00 0.00000000e+00]
 [0.00000000e+00 0.00000000e+00 0.00000000e+00 0.00000000e+00
  0.00000000e+00 0.00000000e+00 0.00000000e+00 0.00000000e+00
  3.04806197e+00 2.23267205e-01 0.00000000e+00 0.00000000e+00
  0.00000000e+00 1.18551118e+01 9.27302722e-01 0.00000000e+00]
 [0.00000000e+00 0.00000000e+00 0.00000000e+00 0.00000000e+00
  0.00000000e+00 0.00000000e+00 0.00000000e+00 0.00000000e+00
  0.00000000e+00 0.00000000e+00 0.00000000e+00 1.35244443e+01
  0.00000000e+00 0.00000000e+00 1.22477711e-01 2.86108360e+00]]
ls_fading_coeffs:  [[-112.62735279 -125.93282014 -129.41751405 -134.74175975 -125.44887845
  -130.30430955 -132.96955084 -134.07354932 -131.72937401 -134.64446142
  -137.56022381 -136.62333173 -139.30820158 -136.48440665 -139.14647824
  -141.84329864]
 [-124.76106094 -123.70403561 -126.50739821 -129.98514435  -95.24491739
   -86.14363311 -117.75552459 -126.14772288 -121.42038088  -95.51226984
  -120.67674013 -130.93922901 -105.51693127 -129.15737454 -129.2685351
  -133.72088455]
 [-134.80132913 -132.05237389 -131.65737142 -133.50020641 -124.45648036
  -122.47249274 -126.00324002 -130.99556302 -114.41694343 -112.50357303
  -123.60893301 -128.9638516  -123.80139702 -122.92352485 -131.36004253
  -132.50867519]
 [-138.38467288 -132.67294785 -134.73933722 -128.15684868 -133.32756571
  -129.94155744 -126.23611656 -123.59573678 -136.05644183 -127.98194981
  -121.73044185  -89.39766575 -137.81696147 -130.17322375 -131.2948673
  -123.34176863]
 [-133.72909545 -130.4383055  -132.08180426 -136.31810462 -123.51733364
  -124.91913986 -126.76107701 -130.82856594 -116.23427796 -106.2829214
  -119.76093152 -126.30303574 -122.39648848  -97.47885111 -124.27896871
  -127.9688878 ]
 [-128.06952528 -128.63981617 -131.14032243 -135.09073474 -121.13677146
  -123.4404751  -124.35514173 -130.16533725  -90.41677199 -114.26220316
  -125.69395821 -129.68402904 -126.90381216 -125.7295898  -131.52109054
  -136.48129555]
 [-131.45922616 -134.24179479 -130.18626289 -133.59279882 -127.98587836
  -102.16220386 -122.71949708 -128.38428086  -99.22582561 -111.56351904
   -89.27576009 -120.76719534 -128.49552784 -124.55767311 -122.57153538
  -128.42037759]
 [-138.88725493 -136.22553958 -140.78521925 -138.15652966 -134.78839609
  -134.17724672 -135.82108371 -133.38651374 -130.07124778 -128.22449357
  -123.68017072 -126.15018832 -124.67306923 -116.16009447  -87.22388599
  -120.53423493]
 [-131.38712871 -124.36069991 -119.16058956  -74.14426548 -130.63884007
  -129.51672791 -126.2508425  -123.52799728 -135.09876476 -136.76006692
  -132.67982008 -128.8431186  -138.5890202  -135.84217012 -135.74147161
  -134.63051169]
 [-136.8065277  -136.37471502 -134.86540328 -133.44126774 -137.10193821
  -132.4965707  -131.26935601 -129.3292998  -133.60285431 -130.45703453
  -126.56277937  -93.59312433 -131.38225714 -128.00597625 -122.66469579
   -90.98532263]
 [-143.06302247 -134.9200083  -135.47464546 -137.87230397 -132.38841031
  -130.71291646 -131.10050228 -131.89320976 -129.48171642 -123.21055136
  -121.08276319 -128.3969885  -128.31480028 -116.72067909  -77.48363159
  -118.1972854 ]
 [-119.99820678  -76.38875989 -116.63456843 -126.65888426 -125.00093513
  -125.46793693 -126.37611233 -130.36220154 -130.8741299  -130.83306615
  -130.76785204 -138.44922822 -137.07812747 -135.94550692 -139.99334293
  -137.16324875]
 [-123.24951453  -93.26500867 -108.04291344 -121.15056318 -128.25860988
   -96.5261758  -117.90453807 -126.03928864 -130.82122317 -102.85050295
  -128.24419686 -130.71300691 -136.29984384 -134.5268506  -135.2796197
  -141.57855879]
 [-136.13441994 -133.10291014 -136.00839831 -138.79950003 -125.41872248
  -130.34806328 -128.59962567 -131.77536809  -94.6919101   -95.22915458
  -125.11530586 -136.38384554 -114.53335493  -94.80572779 -101.20594798
  -130.09960954]
 [-136.301939   -136.02594748 -135.49717406 -135.25576589 -131.90838379
  -131.49673318 -125.73564304 -129.84006351 -129.80529877 -125.02458429
  -116.63280726  -90.67827557 -131.18594116 -127.79998119  -97.23232381
   -93.5902618 ]]
dh_bs:  17.0
dh_ut:  0.5
fc usando em Hz:  7750000000.0
distance break point:  878.3333333333333
fc usado em GHz:  7.75
Coeficientes K: 
[[0.00000000e+00 0.00000000e+00 0.00000000e+00 0.00000000e+00
  3.07964088e+01 0.00000000e+00 0.00000000e+00 0.00000000e+00
  0.00000000e+00 0.00000000e+00 0.00000000e+00 0.00000000e+00
  0.00000000e+00 0.00000000e+00 0.00000000e+00 0.00000000e+00]
 [0.00000000e+00 7.08132234e-01 0.00000000e+00 0.00000000e+00
  0.00000000e+00 0.00000000e+00 0.00000000e+00 0.00000000e+00
  1.14393872e+00 0.00000000e+00 4.34233558e+00 0.00000000e+00
  1.57885709e+00 9.73915848e+01 0.00000000e+00 0.00000000e+00]
 [5.48417738e+00 1.28399950e+01 2.79390557e-01 0.00000000e+00
  6.14751968e+00 0.00000000e+00 0.00000000e+00 0.00000000e+00
  0.00000000e+00 0.00000000e+00 0.00000000e+00 0.00000000e+00
  0.00000000e+00 0.00000000e+00 0.00000000e+00 0.00000000e+00]
 [0.00000000e+00 0.00000000e+00 0.00000000e+00 0.00000000e+00
  0.00000000e+00 0.00000000e+00 6.13034078e-01 0.00000000e+00
  0.00000000e+00 0.00000000e+00 0.00000000e+00 0.00000000e+00
  0.00000000e+00 0.00000000e+00 0.00000000e+00 0.00000000e+00]
 [0.00000000e+00 0.00000000e+00 1.71243923e+01 0.00000000e+00
  0.00000000e+00 0.00000000e+00 0.00000000e+00 0.00000000e+00
  0.00000000e+00 1.17633152e+00 0.00000000e+00 0.00000000e+00
  0.00000000e+00 0.00000000e+00 0.00000000e+00 1.27126584e-01]
 [0.00000000e+00 0.00000000e+00 0.00000000e+00 0.00000000e+00
  0.00000000e+00 0.00000000e+00 3.59955476e+00 0.00000000e+00
  0.00000000e+00 0.00000000e+00 0.00000000e+00 0.00000000e+00
  0.00000000e+00 0.00000000e+00 0.00000000e+00 0.00000000e+00]
 [0.00000000e+00 0.00000000e+00 0.00000000e+00 0.00000000e+00
  0.00000000e+00 0.00000000e+00 0.00000000e+00 0.00000000e+00
  0.00000000e+00 0.00000000e+00 0.00000000e+00 0.00000000e+00
  7.37309271e+00 0.00000000e+00 0.00000000e+00 0.00000000e+00]
 [0.00000000e+00 0.00000000e+00 0.00000000e+00 0.00000000e+00
  0.00000000e+00 0.00000000e+00 0.00000000e+00 0.00000000e+00
  0.00000000e+00 0.00000000e+00 0.00000000e+00 0.00000000e+00
  1.57112392e+00 5.74912045e-01 1.06957144e+01 0.00000000e+00]
 [0.00000000e+00 0.00000000e+00 0.00000000e+00 0.00000000e+00
  0.00000000e+00 0.00000000e+00 0.00000000e+00 7.16467517e+00
  0.00000000e+00 0.00000000e+00 3.91642142e+00 0.00000000e+00
  0.00000000e+00 0.00000000e+00 0.00000000e+00 0.00000000e+00]
 [0.00000000e+00 0.00000000e+00 0.00000000e+00 0.00000000e+00
  0.00000000e+00 0.00000000e+00 0.00000000e+00 0.00000000e+00
  0.00000000e+00 0.00000000e+00 0.00000000e+00 0.00000000e+00
  0.00000000e+00 0.00000000e+00 0.00000000e+00 0.00000000e+00]
 [8.97095609e-01 0.00000000e+00 0.00000000e+00 0.00000000e+00
  0.00000000e+00 1.63885963e+02 0.00000000e+00 0.00000000e+00
  0.00000000e+00 0.00000000e+00 0.00000000e+00 0.00000000e+00
  0.00000000e+00 0.00000000e+00 0.00000000e+00 0.00000000e+00]
 [0.00000000e+00 0.00000000e+00 0.00000000e+00 4.11489382e+01
  0.00000000e+00 0.00000000e+00 1.83929766e+02 0.00000000e+00
  0.00000000e+00 0.00000000e+00 0.00000000e+00 0.00000000e+00
  0.00000000e+00 0.00000000e+00 0.00000000e+00 0.00000000e+00]
 [0.00000000e+00 0.00000000e+00 0.00000000e+00 0.00000000e+00
  0.00000000e+00 5.93382006e-01 0.00000000e+00 2.12368139e+00
  0.00000000e+00 0.00000000e+00 0.00000000e+00 0.00000000e+00
  1.32260377e+02 0.00000000e+00 0.00000000e+00 0.00000000e+00]
 [1.55462458e+01 1.45373217e+00 0.00000000e+00 0.00000000e+00
  0.00000000e+00 0.00000000e+00 0.00000000e+00 0.00000000e+00
  0.00000000e+00 0.00000000e+00 0.00000000e+00 0.00000000e+00
  0.00000000e+00 0.00000000e+00 0.00000000e+00 0.00000000e+00]
 [0.00000000e+00 0.00000000e+00 0.00000000e+00 0.00000000e+00
  4.23037746e+00 0.00000000e+00 2.65782343e+02 3.64208868e-02
  0.00000000e+00 0.00000000e+00 8.83429698e+00 1.01720843e-02
  0.00000000e+00 0.00000000e+00 0.00000000e+00 0.00000000e+00]]
ls_fading_coeffs:  [[-118.16217479 -121.42791542 -125.72595291 -130.10035579  -85.35386303
  -116.15057202 -124.74278433 -132.15272485 -127.34350655 -128.92250239
  -128.19521828 -132.15044541 -133.31931314 -133.79593603 -135.78621342
  -134.59338025]
 [-130.81590006 -106.03790541 -138.96751549 -135.48484478 -123.95816139
  -126.51157611 -128.78049228 -134.84059197  -81.25070443 -115.15517313
  -101.8827001  -129.88598902  -96.37627081  -98.80022687 -127.38846647
  -133.15148792]
 [ -95.36178799  -75.26107859  -98.78708725 -126.23652325 -100.22207262
  -122.06783799 -130.01854574 -128.31285144 -130.47748552 -130.04564735
  -133.49855555 -137.73679601 -137.86309215 -136.33066054 -138.36736851
  -136.58523413]
 [-132.69422845 -129.84304828 -126.72087033 -126.62912394 -133.34572781
  -125.65584818  -95.02895462 -108.95020046 -130.58611469 -125.93456908
  -119.26725497 -115.57258332 -136.7040048  -130.85002293 -127.62279279
  -127.93286493]
 [-131.86929828 -130.60611205 -105.8487996  -132.60873568 -124.38650793
  -121.80817835 -117.13311129 -122.24273541 -124.58219782  -94.06049708
  -111.8955113  -120.26537729 -128.45485054 -125.48582304 -128.00688498
  -102.86327199]
 [-126.55377332 -124.10387532 -120.04502355 -126.38961617 -125.13117489
  -115.91921114  -84.42148211 -117.85265464 -128.69319532 -124.75528336
  -122.67251507 -124.41433058 -136.06747849 -133.1012743  -134.60684366
  -131.41479446]
 [-135.58473514 -135.52842436 -138.58246883 -140.95423431 -129.93115846
  -130.82816724 -133.28279904 -134.63741355 -125.10024398 -121.90159687
  -126.72856817 -131.32674041  -76.42753422 -113.88624398 -123.75618434
  -131.41689197]
 [-135.92348244 -135.52808074 -137.87157958 -137.79805209 -136.35575009
  -133.07138219 -130.5431739  -131.9815138  -129.50630299 -124.63416411
  -122.09205632 -126.44940618 -104.5368617   -95.20627123  -74.75033892
  -119.37676086]
 [-133.19146351 -131.4436712  -126.43173757 -125.14981642 -129.45000486
  -125.92286362 -117.22957226  -84.4212384  -131.24877298 -129.3060334
   -98.48400207 -117.65796834 -134.9936386  -132.94535782 -128.46439475
  -128.66530922]
 [-128.52007502 -116.80332164 -107.31051069 -119.64054717 -128.5969672
  -121.6613504  -118.86435955 -124.11934462 -135.76489663 -129.96539115
  -128.13194983 -134.69684909 -134.91237025 -133.75416485 -133.72117175
  -135.20372152]
 [-107.95198954 -132.31864482 -128.74739806 -127.2841666  -134.80813623
  -104.75611337 -123.82343649 -116.62587479 -133.55666691 -129.32389096
  -125.60308443 -115.05300915 -134.1924033  -133.21509025 -128.22401777
  -125.68082974]
 [-128.69419366 -123.10056919 -122.26701399  -97.18534809 -135.783474
  -132.69428862 -104.04232372 -130.61039615 -139.58803387 -134.44028174
  -134.10744135 -136.512722   -141.34262798 -141.00605941 -138.06661954
  -138.61417236]
 [-137.42399757 -130.78761413 -131.53741797 -124.17980858 -135.25940824
  -101.87615991 -120.09495502  -83.25409497 -133.94519176 -128.66379108
  -122.62108709 -122.90340699 -108.05291161 -132.51560875 -129.57754229
  -128.69155465]
 [ -88.56522576  -89.33485196 -123.24366521 -132.45867473 -119.50209782
  -120.29555147 -132.85100596 -133.66586707 -131.1032823  -128.91636287
  -130.8467514  -136.64172186 -138.40387614 -139.62908737 -138.62924807
  -138.8878714 ]
 [-130.69924012 -130.91733507 -129.27559187 -135.321987    -99.68185231
  -124.55894747  -96.71560431 -101.13024404 -120.71956301 -108.12883836
   -92.44743298 -101.25274274 -126.99591758 -123.60632366 -125.10627911
  -127.58134516]]
dh_bs:  17.0
dh_ut:  0.5
fc usando em Hz:  7750000000.0
distance break point:  878.3333333333333
fc usado em GHz:  7.75
Coeficientes K: 
[[0.00000000e+00 0.00000000e+00 0.00000000e+00 0.00000000e+00
  0.00000000e+00 0.00000000e+00 0.00000000e+00 0.00000000e+00
  1.12979119e-01 0.00000000e+00 0.00000000e+00 0.00000000e+00
  2.19434425e-01 0.00000000e+00 0.00000000e+00 0.00000000e+00]
 [0.00000000e+00 0.00000000e+00 0.00000000e+00 0.00000000e+00
  1.40641212e-01 0.00000000e+00 0.00000000e+00 0.00000000e+00
  0.00000000e+00 0.00000000e+00 0.00000000e+00 3.80644339e-01
  3.50569256e-01 0.00000000e+00 0.00000000e+00 0.00000000e+00]
 [0.00000000e+00 0.00000000e+00 0.00000000e+00 0.00000000e+00
  0.00000000e+00 0.00000000e+00 0.00000000e+00 0.00000000e+00
  0.00000000e+00 0.00000000e+00 6.52600736e-01 0.00000000e+00
  1.23829315e+01 0.00000000e+00 0.00000000e+00 0.00000000e+00]
 [0.00000000e+00 0.00000000e+00 0.00000000e+00 0.00000000e+00
  0.00000000e+00 0.00000000e+00 0.00000000e+00 0.00000000e+00
  0.00000000e+00 2.73011022e+00 0.00000000e+00 1.20762053e+00
  0.00000000e+00 0.00000000e+00 1.72479866e+01 0.00000000e+00]
 [0.00000000e+00 0.00000000e+00 0.00000000e+00 0.00000000e+00
  0.00000000e+00 0.00000000e+00 0.00000000e+00 0.00000000e+00
  0.00000000e+00 0.00000000e+00 0.00000000e+00 0.00000000e+00
  0.00000000e+00 0.00000000e+00 0.00000000e+00 0.00000000e+00]
 [0.00000000e+00 0.00000000e+00 0.00000000e+00 0.00000000e+00
  0.00000000e+00 0.00000000e+00 0.00000000e+00 0.00000000e+00
  0.00000000e+00 0.00000000e+00 0.00000000e+00 0.00000000e+00
  4.26810848e-01 0.00000000e+00 0.00000000e+00 7.30744760e+00]
 [0.00000000e+00 0.00000000e+00 0.00000000e+00 0.00000000e+00
  0.00000000e+00 0.00000000e+00 0.00000000e+00 0.00000000e+00
  2.39739956e+01 0.00000000e+00 0.00000000e+00 1.93081169e+02
  0.00000000e+00 0.00000000e+00 0.00000000e+00 0.00000000e+00]
 [0.00000000e+00 0.00000000e+00 0.00000000e+00 0.00000000e+00
  0.00000000e+00 0.00000000e+00 0.00000000e+00 0.00000000e+00
  0.00000000e+00 0.00000000e+00 0.00000000e+00 0.00000000e+00
  0.00000000e+00 0.00000000e+00 0.00000000e+00 0.00000000e+00]
 [0.00000000e+00 0.00000000e+00 0.00000000e+00 0.00000000e+00
  0.00000000e+00 0.00000000e+00 7.60952572e+01 0.00000000e+00
  0.00000000e+00 0.00000000e+00 0.00000000e+00 1.97692898e+01
  0.00000000e+00 0.00000000e+00 0.00000000e+00 0.00000000e+00]
 [0.00000000e+00 0.00000000e+00 0.00000000e+00 0.00000000e+00
  0.00000000e+00 0.00000000e+00 0.00000000e+00 0.00000000e+00
  0.00000000e+00 0.00000000e+00 9.50889294e+00 0.00000000e+00
  2.49124906e+02 0.00000000e+00 0.00000000e+00 7.73269398e+00]
 [0.00000000e+00 0.00000000e+00 0.00000000e+00 0.00000000e+00
  0.00000000e+00 0.00000000e+00 9.25659808e+00 0.00000000e+00
  0.00000000e+00 0.00000000e+00 0.00000000e+00 0.00000000e+00
  2.25161646e+00 0.00000000e+00 1.17953979e+01 7.37228575e-01]
 [0.00000000e+00 0.00000000e+00 0.00000000e+00 0.00000000e+00
  0.00000000e+00 0.00000000e+00 0.00000000e+00 0.00000000e+00
  0.00000000e+00 0.00000000e+00 0.00000000e+00 0.00000000e+00
  0.00000000e+00 0.00000000e+00 0.00000000e+00 0.00000000e+00]
 [0.00000000e+00 0.00000000e+00 0.00000000e+00 0.00000000e+00
  0.00000000e+00 0.00000000e+00 0.00000000e+00 0.00000000e+00
  0.00000000e+00 0.00000000e+00 0.00000000e+00 0.00000000e+00
  0.00000000e+00 0.00000000e+00 7.37185255e-01 1.34636230e+01]
 [0.00000000e+00 0.00000000e+00 3.80503212e+00 0.00000000e+00
  0.00000000e+00 0.00000000e+00 0.00000000e+00 0.00000000e+00
  0.00000000e+00 0.00000000e+00 0.00000000e+00 0.00000000e+00
  3.78738384e-01 0.00000000e+00 0.00000000e+00 0.00000000e+00]
 [0.00000000e+00 0.00000000e+00 0.00000000e+00 1.73830743e-01
  0.00000000e+00 0.00000000e+00 0.00000000e+00 8.09665778e+00
  0.00000000e+00 0.00000000e+00 0.00000000e+00 0.00000000e+00
  0.00000000e+00 0.00000000e+00 0.00000000e+00 0.00000000e+00]]
ls_fading_coeffs:  [[-130.47951766 -133.40060573 -130.97554631 -136.87874922 -121.92118749
  -120.83378164 -129.14740734 -134.28308408  -83.79104779 -113.46541418
  -125.27928977 -129.99302093 -100.88297886 -124.01660133 -127.63799777
  -132.06303383]
 [-134.57771964 -130.60881415 -132.51448671 -125.77664165 -107.40834292
  -125.5898575  -122.21125502 -111.75505894 -134.96736672 -131.29364979
  -120.588829    -92.20415626 -107.00357638 -131.40794503 -130.35356781
  -133.31186246]
 [-132.66899977 -129.88168264 -128.65025567 -129.98523315 -133.70101427
  -126.6033132  -120.43493858 -118.05554332 -129.97133041 -124.94025019
   -96.29537692 -110.87102544 -105.87647431 -132.22097597 -127.81112053
  -124.97843414]
 [-141.82447654 -137.77941342 -138.47596032 -141.51668579 -140.27965124
  -137.18501105 -136.21944942 -135.75731419 -132.26931434 -103.2846201
  -128.47320454 -107.3827993  -127.51697144 -122.32359636  -96.47257416
  -123.70084692]
 [-134.70281548 -134.04921631 -128.64135944 -125.68297633 -132.68759739
  -129.7457641  -125.48032853 -114.10186763 -133.59247121 -131.56316785
  -124.29864445 -116.08955021 -136.64689181 -131.63126277 -136.79673289
  -128.49230588]
 [-135.63675389 -137.06218079 -138.98995984 -134.97160927 -135.83850957
  -131.08397172 -131.17775227 -130.46017003 -130.20204599 -125.66566152
  -118.96748255 -117.58433485 -103.72286133 -122.839198   -110.94499563
   -90.80066893]
 [-137.06538886 -128.90265945 -127.47861    -127.49067812 -130.18436008
  -124.53605481 -118.77371206 -116.37999369 -103.69894957 -126.74219129
  -114.37108529  -91.2867407  -133.76799544 -131.8612622  -125.9980093
  -126.20951129]
 [-122.27598387 -120.26235742 -120.25863496 -127.38300587 -129.30621878
  -127.95898313 -131.95202224 -133.68113629 -133.63860263 -136.5096869
  -133.5140812  -134.8664176  -137.84480118 -136.8107603  -140.23930861
  -138.9820624 ]
 [-131.29647078 -127.53103121 -122.16911122 -122.32770996 -127.96437154
  -118.37523995  -81.73077113 -114.21283187 -129.45074063 -125.21141123
  -123.24865161 -101.99886361 -137.45651571 -131.12656003 -135.66244411
  -135.89872893]
 [-140.15697553 -137.77954773 -135.60010116 -137.04386584 -136.55955183
  -132.82744033 -133.58893944 -131.2108154  -131.6174627  -128.57108103
  -100.2486288  -121.29218503 -109.64437568 -124.46987248 -114.52759449
   -77.1141106 ]
 [-137.1207164  -133.09142435 -137.08698456 -137.08528061 -127.9269022
  -128.34929576 -106.17153256 -135.56139182 -116.81407043 -120.36964441
  -128.25998541 -131.85530873  -90.59711345 -121.53082568 -103.28311846
  -105.6582619 ]
 [-136.05445153 -137.13018709 -136.71639534 -140.05650774 -133.92776899
  -132.25831895 -134.25520565 -138.67514068 -125.25733353 -127.65607537
  -127.51029822 -134.98141829 -112.16311189 -114.67172931 -124.45000398
  -131.96489244]
 [-142.14632531 -139.02056516 -136.3761936  -138.37250749 -139.20812087
  -136.26433271 -132.00258959 -131.4492294  -131.21717073 -130.53664243
  -127.4267084  -126.21005839 -132.16343152 -123.06371139  -92.44459426
   -91.51357293]
 [-124.43269724 -114.65685664  -93.26039729 -124.65422831 -122.58152348
  -118.46573413 -114.75957162 -124.30472247 -129.38886395 -129.41327594
  -127.69401372 -132.26129298 -107.59388231 -134.3644451  -135.58107109
  -135.6742467 ]
 [-135.49492738 -130.06205141 -126.39831717  -97.47095642 -134.12854028
  -128.27678589 -120.90683197  -90.24658951 -134.06778118 -132.25282227
  -126.03323813 -125.67145154 -136.20053582 -136.75697141 -136.83758275
  -130.75743711]]
dh_bs:  17.0
dh_ut:  0.5
fc usando em Hz:  7750000000.0
distance break point:  878.3333333333333
fc usado em GHz:  7.75
Coeficientes K: 
[[0.00000000e+00 0.00000000e+00 0.00000000e+00 0.00000000e+00
  0.00000000e+00 0.00000000e+00 0.00000000e+00 0.00000000e+00
  0.00000000e+00 0.00000000e+00 1.30000852e+01 0.00000000e+00
  0.00000000e+00 0.00000000e+00 0.00000000e+00 1.93726513e+00]
 [0.00000000e+00 0.00000000e+00 0.00000000e+00 0.00000000e+00
  0.00000000e+00 0.00000000e+00 0.00000000e+00 0.00000000e+00
  0.00000000e+00 0.00000000e+00 1.16324815e+00 0.00000000e+00
  0.00000000e+00 0.00000000e+00 8.28768069e+00 0.00000000e+00]
 [0.00000000e+00 3.76461032e-01 0.00000000e+00 0.00000000e+00
  0.00000000e+00 0.00000000e+00 0.00000000e+00 0.00000000e+00
  0.00000000e+00 0.00000000e+00 0.00000000e+00 0.00000000e+00
  0.00000000e+00 0.00000000e+00 0.00000000e+00 0.00000000e+00]
 [0.00000000e+00 0.00000000e+00 0.00000000e+00 2.19393600e+00
  0.00000000e+00 0.00000000e+00 0.00000000e+00 0.00000000e+00
  0.00000000e+00 4.19501888e+00 2.36299619e+00 0.00000000e+00
  0.00000000e+00 0.00000000e+00 0.00000000e+00 0.00000000e+00]
 [0.00000000e+00 4.47706812e+01 0.00000000e+00 0.00000000e+00
  0.00000000e+00 0.00000000e+00 0.00000000e+00 0.00000000e+00
  0.00000000e+00 0.00000000e+00 0.00000000e+00 0.00000000e+00
  0.00000000e+00 0.00000000e+00 0.00000000e+00 0.00000000e+00]
 [0.00000000e+00 0.00000000e+00 0.00000000e+00 0.00000000e+00
  0.00000000e+00 3.30589213e+00 8.55121420e-01 0.00000000e+00
  0.00000000e+00 0.00000000e+00 0.00000000e+00 0.00000000e+00
  0.00000000e+00 0.00000000e+00 0.00000000e+00 0.00000000e+00]
 [0.00000000e+00 2.84042912e-01 0.00000000e+00 0.00000000e+00
  0.00000000e+00 0.00000000e+00 0.00000000e+00 0.00000000e+00
  0.00000000e+00 0.00000000e+00 0.00000000e+00 0.00000000e+00
  0.00000000e+00 0.00000000e+00 1.45260224e+01 0.00000000e+00]
 [0.00000000e+00 0.00000000e+00 0.00000000e+00 0.00000000e+00
  0.00000000e+00 0.00000000e+00 0.00000000e+00 0.00000000e+00
  0.00000000e+00 0.00000000e+00 0.00000000e+00 6.79437255e-01
  0.00000000e+00 0.00000000e+00 0.00000000e+00 0.00000000e+00]
 [0.00000000e+00 0.00000000e+00 0.00000000e+00 0.00000000e+00
  0.00000000e+00 0.00000000e+00 0.00000000e+00 0.00000000e+00
  0.00000000e+00 7.60562181e+01 0.00000000e+00 0.00000000e+00
  0.00000000e+00 0.00000000e+00 0.00000000e+00 0.00000000e+00]
 [0.00000000e+00 0.00000000e+00 0.00000000e+00 0.00000000e+00
  0.00000000e+00 0.00000000e+00 0.00000000e+00 7.84445924e+01
  0.00000000e+00 0.00000000e+00 0.00000000e+00 0.00000000e+00
  0.00000000e+00 0.00000000e+00 0.00000000e+00 0.00000000e+00]
 [6.43079009e-02 0.00000000e+00 0.00000000e+00 0.00000000e+00
  0.00000000e+00 0.00000000e+00 0.00000000e+00 0.00000000e+00
  0.00000000e+00 0.00000000e+00 8.59627991e+00 8.19269511e-01
  0.00000000e+00 0.00000000e+00 0.00000000e+00 0.00000000e+00]
 [0.00000000e+00 0.00000000e+00 0.00000000e+00 0.00000000e+00
  2.68768757e+00 0.00000000e+00 0.00000000e+00 0.00000000e+00
  0.00000000e+00 0.00000000e+00 1.83019607e-01 2.14622645e+01
  0.00000000e+00 0.00000000e+00 0.00000000e+00 1.00371965e+00]
 [0.00000000e+00 0.00000000e+00 0.00000000e+00 4.76664206e+01
  0.00000000e+00 0.00000000e+00 0.00000000e+00 2.21470193e+01
  0.00000000e+00 0.00000000e+00 0.00000000e+00 0.00000000e+00
  0.00000000e+00 0.00000000e+00 2.06306564e-01 0.00000000e+00]
 [0.00000000e+00 0.00000000e+00 0.00000000e+00 0.00000000e+00
  0.00000000e+00 0.00000000e+00 0.00000000e+00 0.00000000e+00
  0.00000000e+00 4.29109026e-01 0.00000000e+00 1.34820233e+02
  0.00000000e+00 3.37182743e-01 0.00000000e+00 4.60460645e+00]
 [0.00000000e+00 0.00000000e+00 0.00000000e+00 0.00000000e+00
  0.00000000e+00 0.00000000e+00 0.00000000e+00 0.00000000e+00
  0.00000000e+00 0.00000000e+00 0.00000000e+00 0.00000000e+00
  0.00000000e+00 0.00000000e+00 0.00000000e+00 0.00000000e+00]]
ls_fading_coeffs:  [[-136.6206562  -136.06109858 -134.58911103 -136.88783674 -134.45611772
  -130.60822908 -129.36623083 -131.23912069 -130.13784581 -125.48863107
   -98.85743658 -120.90885434 -128.42520297 -123.18336634 -110.54230602
   -86.09268496]
 [-137.7989121  -136.14755642 -134.06848456 -135.86290318 -133.77651067
  -131.96918404 -133.41370678 -128.45747656 -130.42843952 -124.89421111
   -95.44708586 -121.73103052 -126.6660031  -119.52666046  -85.33701069
  -114.95081195]
 [-116.0700385   -81.50007445 -116.08248911 -125.60833504 -121.9058045
  -120.24277654 -124.2998885  -129.74874701 -135.32842443 -128.47477349
  -129.39098598 -132.76375836 -139.18689306 -136.06938298 -138.69755938
  -140.85400089]
 [-134.34549439 -126.32952278 -119.53131972  -83.21973502 -135.35302367
  -132.84816502 -125.8126207  -123.17002622 -135.75635239 -106.44464692
  -107.11494127 -132.39752474 -139.77340372 -138.06470917 -138.97628155
  -137.64104298]
 [-125.62204544  -89.39823122 -115.14198854 -124.74586873 -129.42972441
  -126.98074323 -128.22346852 -129.05234452 -134.81565069 -131.04169147
  -131.00365217 -132.51942011 -137.68211584 -136.86109611 -137.89840272
  -136.21044428]
 [-127.71887712 -123.07685261 -128.0424639  -128.05997946 -120.88511958
   -85.31986797  -95.15780586 -124.01217671 -123.93492193 -119.563119
  -121.08039596 -128.283539   -129.00791369 -131.56231709 -128.71085225
  -133.89705856]
 [-143.88497692 -110.32203438 -137.33048055 -136.16021081 -136.44949561
  -136.57865414 -134.76555655 -134.8491842  -133.17053915 -126.72242446
  -125.57147005 -125.33881246 -127.07278565 -124.01709728  -90.80640792
  -117.42013435]
 [-138.24444621 -131.98134545 -132.29894915 -133.72106112 -133.5575595
  -129.62330255 -125.57685437 -122.1866468  -131.806032   -131.46293212
  -118.6001713   -79.52953333 -135.67551906 -132.14104693 -124.17938352
  -124.86271527]
 [-127.1393036  -123.20126365 -118.43653263 -121.86994812 -131.64117154
  -131.69350961 -129.57975517 -128.59459062 -134.74884292 -109.30309271
  -136.51841888 -137.46488804 -142.48930386 -139.21480059 -137.42389857
  -138.07579559]
 [-131.84506379 -131.64889385 -134.15154079 -135.68591981 -125.2618197
  -124.78588524 -131.3491989  -107.1816515  -103.40164592 -118.92209647
  -126.76820926 -132.10744779 -121.58924847 -126.5581669  -128.25861605
  -132.33135772]
 [ -97.84969919 -114.71464857 -121.7235729  -127.19465325 -122.8002223
  -109.56120469 -119.27035505 -125.59879412 -127.66471602 -127.4867493
  -102.26650477 -106.32624487 -137.6952241  -136.01851813 -132.7670226
  -136.69279858]
 [-137.16942286 -132.93660838 -134.53940823 -131.96326912 -109.57932061
  -130.0989863  -129.65593185 -122.06012421 -138.15340274 -128.54845995
   -99.56658441  -86.25339195 -135.19241094 -129.17700367 -126.05170558
   -99.19808322]
 [-132.97966779 -128.90166038 -122.12188833  -96.16343164 -133.75592773
  -126.66210579 -116.91750716  -81.17388838 -132.36323575 -130.88482278
  -123.73427635 -121.81694762 -136.36811908 -134.02725759 -106.33024602
  -131.57182938]
 [-134.74020534 -133.38302137 -133.22429262 -136.58622355 -130.50306977
  -127.36888094 -130.98714978 -134.2354204  -116.05783214  -94.42280918
  -125.15432651 -105.73738454 -121.42943964  -94.78007411 -125.76238139
  -106.9299569 ]
 [-136.0035595  -127.3795717  -122.75607593 -118.6835737  -135.62600978
  -132.12472645 -131.58548194 -129.28331824 -141.89823989 -135.13947108
  -133.56200592 -136.27203747 -141.22468185 -138.90556122 -143.44702033
  -143.99233624]]
DMimo: computing large scale gain coefficients
DMimo: generating channel coefficients
Inter network snapshot 0
Inter network snapshot 1
Inter network snapshot 2
Inter network snapshot 3
Inter network snapshot 4
Inter network snapshot 5
Inter network snapshot 6
Inter network snapshot 7
Inter network snapshot 8
Inter network snapshot 9
Inter network snapshot 10
Inter network snapshot 11
Inter network snapshot 12
Inter network snapshot 13
Inter network snapshot 14
Inter network snapshot 15
Inter network snapshot 16
Inter network snapshot 17
Inter network snapshot 18
Inter network snapshot 19
dh_bs:  17.0
dh_ut:  49.0
fc usando em Hz:  7750000000.0
distance break point:  86076.66666666666
fc usado em GHz:  7.75
dh_bs:  17.0
dh_ut:  49.0
fc usando em Hz:  7750000000.0
distance break point:  86076.66666666666
fc usado em GHz:  7.75
dh_bs:  0.5
dh_ut:  49.0
fc usando em Hz:  7750000000.0
distance break point:  2531.6666666666665
fc usado em GHz:  7.75
dh_bs:  0.5
dh_ut:  49.0
fc usando em Hz:  7750000000.0
distance break point:  2531.6666666666665
fc usado em GHz:  7.75
dh_bs:  0.5
dh_ut:  49.0
fc usando em Hz:  7750000000.0
distance break point:  2531.6666666666665
fc usado em GHz:  7.75
dh_bs:  0.5
dh_ut:  49.0
fc usando em Hz:  7750000000.0
distance break point:  2531.6666666666665
fc usado em GHz:  7.75
dh_bs:  0.5
dh_ut:  49.0
fc usando em Hz:  7750000000.0
distance break point:  2531.6666666666665
fc usado em GHz:  7.75
dh_bs:  0.5
dh_ut:  49.0
fc usando em Hz:  7750000000.0
distance break point:  2531.6666666666665
fc usado em GHz:  7.75
dh_bs:  0.5
dh_ut:  49.0
fc usando em Hz:  7750000000.0
distance break point:  2531.6666666666665
fc usado em GHz:  7.75
dh_bs:  0.5
dh_ut:  49.0
fc usando em Hz:  7750000000.0
distance break point:  2531.6666666666665
fc usado em GHz:  7.75
dh_bs:  0.5
dh_ut:  49.0
fc usando em Hz:  7750000000.0
distance break point:  2531.6666666666665
fc usado em GHz:  7.75
dh_bs:  0.5
dh_ut:  49.0
fc usando em Hz:  7750000000.0
distance break point:  2531.6666666666665
fc usado em GHz:  7.75
dh_bs:  0.5
dh_ut:  49.0
fc usando em Hz:  7750000000.0
distance break point:  2531.6666666666665
fc usado em GHz:  7.75
dh_bs:  0.5
dh_ut:  49.0
fc usando em Hz:  7750000000.0
distance break point:  2531.6666666666665
fc usado em GHz:  7.75
dh_bs:  0.5
dh_ut:  49.0
fc usando em Hz:  7750000000.0
distance break point:  2531.6666666666665
fc usado em GHz:  7.75
dh_bs:  0.5
dh_ut:  49.0
fc usando em Hz:  7750000000.0
distance break point:  2531.6666666666665
fc usado em GHz:  7.75
dh_bs:  0.5
dh_ut:  49.0
fc usando em Hz:  7750000000.0
distance break point:  2531.6666666666665
fc usado em GHz:  7.75
dh_bs:  0.5
dh_ut:  49.0
fc usando em Hz:  7750000000.0
distance break point:  2531.6666666666665
fc usado em GHz:  7.75
dh_bs:  0.5
dh_ut:  49.0
fc usando em Hz:  7750000000.0
distance break point:  2531.6666666666665
fc usado em GHz:  7.75
dh_bs:  0.5
dh_ut:  49.0
fc usando em Hz:  7750000000.0
distance break point:  2531.6666666666665
fc usado em GHz:  7.75
dh_bs:  0.5
dh_ut:  49.0
fc usando em Hz:  7750000000.0
distance break point:  2531.6666666666665
fc usado em GHz:  7.75
dh_bs:  0.5
dh_ut:  49.0
fc usando em Hz:  7750000000.0
distance break point:  2531.6666666666665
fc usado em GHz:  7.75
Job ended at Thu Sep 24 06:51:53 PM UTC 2026
